country,region,continent,tau_ms,phi,reach_km,uncovered_share,uncovered_share_baseline,migrated_share
AE,Asia-Pacific,Asia,50,0.0,0,0.5016482664353474,0.5016482664353474,0.0
AE,Asia-Pacific,Asia,50,0.2,0,0.5016482664353474,0.5016482664353474,0.0
AE,Asia-Pacific,Asia,50,0.4,0,0.5016482664353474,0.5016482664353474,0.0
AE,Asia-Pacific,Asia,50,0.6,0,0.5016482664353474,0.5016482664353474,0.0
AE,Asia-Pacific,Asia,50,0.8,0,0.5016482664353474,0.5016482664353474,0.0
AE,Asia-Pacific,Asia,50,1.0,0,0.5016482664353474,0.5016482664353474,0.0
AE,Asia-Pacific,Asia,100,0.0,3143,0.5016482664353474,0.5016482664353474,0.0
AE,Asia-Pacific,Asia,100,0.2,3143,0.48156092450567445,0.5016482664353474,0.045398632071723476
AE,Asia-Pacific,Asia,100,0.4,3143,0.4681661215731178,0.5016482664353474,0.07382029882277932
AE,Asia-Pacific,Asia,100,0.6,3143,0.4595056958407514,0.5016482664353474,0.09145054075634258
AE,Asia-Pacific,Asia,100,0.8,3143,0.4538793277911165,0.5016482664353474,0.10259067112921953
AE,Asia-Pacific,Asia,100,1.0,3143,0.450331611847524,0.5016482664353474,0.10950604769875989
AE,Asia-Pacific,Asia,150,0.0,6714,0.5016482664353474,0.5016482664353474,0.0
AE,Asia-Pacific,Asia,150,0.2,6714,0.4527594841118028,0.5016482664353474,0.10478197402979095
AE,Asia-Pacific,Asia,150,0.4,6714,0.402884071028909,0.5016482664353474,0.19457181558782868
AE,Asia-Pacific,Asia,150,0.6,6714,0.3541469191674684,0.5016482664353474,0.2701358147552984
AE,Asia-Pacific,Asia,150,0.8,6714,0.3067673159670383,0.5016482664353474,0.33455829035499113
AE,Asia-Pacific,Asia,150,1.0,6714,0.2644414015329958,0.5016482664353474,0.3863659340174884
AE,Asia-Pacific,Asia,200,0.0,10286,0.5016482664353474,0.5016482664353474,0.0
AE,Asia-Pacific,Asia,200,0.2,10286,0.45256677797154415,0.5016482664353474,0.1051582970582173
AE,Asia-Pacific,Asia,200,0.4,10286,0.40217600092668865,0.5016482664353474,0.19574829547073008
AE,Asia-Pacific,Asia,200,0.6,10286,0.3523115731026637,0.5016482664353474,0.27277590911453625
AE,Asia-Pacific,Asia,200,0.8,10286,0.30326969713206126,0.5016482664353474,0.33904529457288163
AE,Asia-Pacific,Asia,200,1.0,10286,0.25911884262708174,0.5016482664353474,0.3925514767434119
AE,Asia-Pacific,Asia,300,0.0,17429,0.5016482664353474,0.5016482664353474,0.0
AE,Asia-Pacific,Asia,300,0.2,17429,0.4490250831996229,0.5016482664353474,0.11203168304895872
AE,Asia-Pacific,Asia,300,0.4,17429,0.3881967654471283,0.5016482664353474,0.2184889080395774
AE,Asia-Pacific,Asia,300,0.6,17429,0.3187531001209496,0.5016482664353474,0.3189130865365411
AE,Asia-Pacific,Asia,300,0.8,17429,0.2401825115180044,0.5016482664353474,0.41411657920492584
AE,Asia-Pacific,Asia,300,1.0,17429,0.1586963123598138,0.5016482664353474,0.500925887740858
AE,Asia-Pacific,Asia,500,0.0,31714,0.5016482664353474,0.5016482664353474,0.0
AE,Asia-Pacific,Asia,500,0.2,31714,0.4490250831996229,0.5016482664353474,0.11203168304895872
AE,Asia-Pacific,Asia,500,0.4,31714,0.3881967654471283,0.5016482664353474,0.2184889080395774
AE,Asia-Pacific,Asia,500,0.6,31714,0.3187531001209496,0.5016482664353474,0.3189130865365411
AE,Asia-Pacific,Asia,500,0.8,31714,0.2401825115180044,0.5016482664353474,0.41411657920492584
AE,Asia-Pacific,Asia,500,1.0,31714,0.1586963123598138,0.5016482664353474,0.500925887740858
AF,Asia-Pacific,Asia,50,0.0,0,0.49749529089856886,0.49749529089856886,0.0
AF,Asia-Pacific,Asia,50,0.2,0,0.49749529089856886,0.49749529089856886,0.0
AF,Asia-Pacific,Asia,50,0.4,0,0.49749529089856886,0.49749529089856886,0.0
AF,Asia-Pacific,Asia,50,0.6,0,0.49749529089856886,0.49749529089856886,0.0
AF,Asia-Pacific,Asia,50,0.8,0,0.49749529089856886,0.49749529089856886,0.0
AF,Asia-Pacific,Asia,50,1.0,0,0.49749529089856886,0.49749529089856886,0.0
AF,Asia-Pacific,Asia,100,0.0,3143,0.49749529089856886,0.49749529089856886,0.0
AF,Asia-Pacific,Asia,100,0.2,3143,0.4836435589218451,0.49749529089856886,0.03119905774479983
AF,Asia-Pacific,Asia,100,0.4,3143,0.474246406794914,0.49749529089856886,0.05140225659279021
AF,Asia-Pacific,Asia,100,0.6,3143,0.4677178027831679,0.49749529089856886,0.06502343780831271
AF,Asia-Pacific,Asia,100,0.8,3143,0.46439158782231554,0.49749529089856886,0.07184823161930233
AF,Asia-Pacific,Asia,100,1.0,3143,0.4627463188710882,0.49749529089856886,0.07519454658956534
AF,Asia-Pacific,Asia,150,0.0,6714,0.49749529089856886,0.49749529089856886,0.0
AF,Asia-Pacific,Asia,150,0.2,6714,0.44813368232088036,0.49749529089856886,0.10406664947766159
AF,Asia-Pacific,Asia,150,0.4,6714,0.3963947919298381,0.49749529089856886,0.1956962040890906
AF,Asia-Pacific,Asia,150,0.6,6714,0.34304096580137133,0.49749529089856886,0.2767561434002569
AF,Asia-Pacific,Asia,150,0.8,6714,0.2908525840583813,0.49749529089856886,0.3463798266303893
AF,Asia-Pacific,Asia,150,1.0,6714,0.2429388617074876,0.49749529089856886,0.4052466886198207
AF,Asia-Pacific,Asia,200,0.0,10286,0.49749529089856886,0.49749529089856886,0.0
AF,Asia-Pacific,Asia,200,0.2,10286,0.44800143405831416,0.49749529089856886,0.10432136301582942
AF,Asia-Pacific,Asia,200,0.4,10286,0.39595499576984866,0.49749529089856886,0.19641564290094632
AF,Asia-Pacific,Asia,200,0.6,10286,0.3420165035454881,0.49749529089856886,0.27820285194615285
AF,Asia-Pacific,Asia,200,0.8,10286,0.28884823512642116,0.49749529089856886,0.3489228898119823
AF,Asia-Pacific,Asia,200,1.0,10286,0.2395215558378932,0.49749529089856886,0.4093126835038856
AF,Asia-Pacific,Asia,300,0.0,17429,0.49749529089856886,0.49749529089856886,0.0
AF,Asia-Pacific,Asia,300,0.2,17429,0.4450539533080241,0.49749529089856886,0.10997000476669114
AF,Asia-Pacific,Asia,300,0.4,17429,0.3847456072277393,0.49749529089856886,0.2144524960294182
AF,Asia-Pacific,Asia,300,0.6,17429,0.31520990091766865,0.49749529089856886,0.31481985778902905
AF,Asia-Pacific,Asia,300,0.8,17429,0.23970667197234266,0.49749529089856886,0.40909295513198773
AF,Asia-Pacific,Asia,300,1.0,17429,0.164997809841087,0.49749529089856886,0.49711479026099
AF,Asia-Pacific,Asia,500,0.0,31714,0.49749529089856886,0.49749529089856886,0.0
AF,Asia-Pacific,Asia,500,0.2,31714,0.4450539533080241,0.49749529089856886,0.10997000476669114
AF,Asia-Pacific,Asia,500,0.4,31714,0.3847456072277393,0.49749529089856886,0.2144524960294182
AF,Asia-Pacific,Asia,500,0.6,31714,0.31520990091766865,0.49749529089856886,0.31481985778902905
AF,Asia-Pacific,Asia,500,0.8,31714,0.23970667197234266,0.49749529089856886,0.40909295513198773
AF,Asia-Pacific,Asia,500,1.0,31714,0.164997809841087,0.49749529089856886,0.49711479026099
AR,Latin America,Americas,50,0.0,0,0.26474359559921723,0.26474359559921723,0.0
AR,Latin America,Americas,50,0.2,0,0.26474359559921723,0.26474359559921723,0.0
AR,Latin America,Americas,50,0.4,0,0.26474359559921723,0.26474359559921723,0.0
AR,Latin America,Americas,50,0.6,0,0.26474359559921723,0.26474359559921723,0.0
AR,Latin America,Americas,50,0.8,0,0.26474359559921723,0.26474359559921723,0.0
AR,Latin America,Americas,50,1.0,0,0.26474359559921723,0.26474359559921723,0.0
AR,Latin America,Americas,100,0.0,3143,0.26474359559921723,0.26474359559921723,0.0
AR,Latin America,Americas,100,0.2,3143,0.25648829763684283,0.26474359559921723,0.017586200625298594
AR,Latin America,Americas,100,0.4,3143,0.25435493615124605,0.26474359559921723,0.022198968518790236
AR,Latin America,Americas,100,0.6,3143,0.2537986637486322,0.26474359559921723,0.023410844399398726
AR,Latin America,Americas,100,0.8,3143,0.25356015094286005,0.26474359559921723,0.023930951464547375
AR,Latin America,Americas,100,1.0,3143,0.25348827388452666,0.26474359559921723,0.024087487054231933
AR,Latin America,Americas,150,0.0,6714,0.26474359559921723,0.26474359559921723,0.0
AR,Latin America,Americas,150,0.2,6714,0.24995989672234672,0.26474359559921723,0.03174467727571791
AR,Latin America,Americas,150,0.4,6714,0.24442289260271852,0.26474359559921723,0.04373800378115699
AR,Latin America,Americas,150,0.6,6714,0.24258348576368943,0.26474359559921723,0.047716590630085494
AR,Latin America,Americas,150,0.8,6714,0.24185291030375167,0.26474359559921723,0.04929395150770168
AR,Latin America,Americas,150,1.0,6714,0.24165415524723655,0.26474359559921723,0.049723145803999995
AR,Latin America,Americas,200,0.0,10286,0.26474359559921723,0.26474359559921723,0.0
AR,Latin America,Americas,200,0.2,10286,0.2245462395038586,0.26474359559921723,0.08660245829122187
AR,Latin America,Americas,200,0.4,10286,0.19846126483583337,0.26474359559921723,0.14060599599747517
AR,Latin America,Americas,200,0.6,10286,0.18292003222489478,0.26474359559921723,0.1723094375886799
AR,Latin America,Americas,200,0.8,10286,0.17508829903303488,0.26474359559921723,0.1881967938596654
AR,Latin America,Americas,200,1.0,10286,0.172646187376013,0.26474359559921723,0.19310922721023555
AR,Latin America,Americas,300,0.0,17429,0.26474359559921723,0.26474359559921723,0.0
AR,Latin America,Americas,300,0.2,17429,0.22015847449633014,0.26474359559921723,0.09600937841836489
AR,Latin America,Americas,300,0.4,17429,0.18610807073524116,0.26474359559921723,0.16615535205107262
AR,Latin America,Americas,300,0.6,17429,0.16086508909527208,0.26474359559921723,0.2170448186166087
AR,Latin America,Americas,300,0.8,17429,0.14394539791770106,0.26474359559921723,0.2505665630956233
AR,Latin America,Americas,300,1.0,17429,0.13698804507228118,0.26474359559921723,0.26442154247772914
AR,Latin America,Americas,500,0.0,31714,0.26474359559921723,0.26474359559921723,0.0
AR,Latin America,Americas,500,0.2,31714,0.22015847449633014,0.26474359559921723,0.09600937841836489
AR,Latin America,Americas,500,0.4,31714,0.18610523076940994,0.26474359559921723,0.16616122858591553
AR,Latin America,Americas,500,0.6,31714,0.16084818813225787,0.26474359559921723,0.2170785621897537
AR,Latin America,Americas,500,0.8,31714,0.14388777089077903,0.26474359559921723,0.250681374500157
AR,Latin America,Americas,500,1.0,31714,0.1369109278771417,0.26474359559921723,0.26457589044360186
AT,Europe,EurAfrMENA,50,0.0,0,0.44505568214972385,0.44505568214972385,0.0
AT,Europe,EurAfrMENA,50,0.2,0,0.44505568214972385,0.44505568214972385,0.0
AT,Europe,EurAfrMENA,50,0.4,0,0.44505568214972385,0.44505568214972385,0.0
AT,Europe,EurAfrMENA,50,0.6,0,0.44505568214972385,0.44505568214972385,0.0
AT,Europe,EurAfrMENA,50,0.8,0,0.44505568214972385,0.44505568214972385,0.0
AT,Europe,EurAfrMENA,50,1.0,0,0.44505568214972385,0.44505568214972385,0.0
AT,Europe,EurAfrMENA,100,0.0,3143,0.44505568214972385,0.44505568214972385,0.0
AT,Europe,EurAfrMENA,100,0.2,3143,0.40063765981745264,0.44505568214972385,0.11763697556018066
AT,Europe,EurAfrMENA,100,0.4,3143,0.35757405934090625,0.44505568214972385,0.2158096442974014
AT,Europe,EurAfrMENA,100,0.6,3143,0.318632285383826,0.44505568214972385,0.294965661731737
AT,Europe,EurAfrMENA,100,0.8,3143,0.28615129305962006,0.44505568214972385,0.35516440273206873
AT,Europe,EurAfrMENA,100,1.0,3143,0.26723066553388686,0.44505568214972385,0.3884962511345162
AT,Europe,EurAfrMENA,150,0.0,6714,0.44505568214972385,0.44505568214972385,0.0
AT,Europe,EurAfrMENA,150,0.2,6714,0.4004310009817057,0.44505568214972385,0.1181423481653768
AT,Europe,EurAfrMENA,150,0.4,6714,0.35708293417321463,0.44505568214972385,0.21685992205086724
AT,Europe,EurAfrMENA,150,0.6,6714,0.3178762127721138,0.44505568214972385,0.2964170706733008
AT,Europe,EurAfrMENA,150,0.8,6714,0.28517693559199686,0.44505568214972385,0.35690339772225466
AT,Europe,EurAfrMENA,150,1.0,6714,0.266131632840244,0.44505568214972385,0.3903997324743314
AT,Europe,EurAfrMENA,200,0.0,10286,0.44505568214972385,0.44505568214972385,0.0
AT,Europe,EurAfrMENA,200,0.2,10286,0.39800424108144394,0.44505568214972385,0.12404939854638593
AT,Europe,EurAfrMENA,200,0.4,10286,0.34902257004699716,0.44505568214972385,0.2339188021457259
AT,Europe,EurAfrMENA,200,0.6,10286,0.3016093681123581,0.44505568214972385,0.32704377810828766
AT,Europe,EurAfrMENA,200,0.8,10286,0.26034856407472345,0.44505568214972385,0.4003515970583677
AT,Europe,EurAfrMENA,200,1.0,10286,0.23631344719409555,0.44505568214972385,0.44067797545114973
AT,Europe,EurAfrMENA,300,0.0,17429,0.44505568214972385,0.44505568214972385,0.0
AT,Europe,EurAfrMENA,300,0.2,17429,0.3979873378792491,0.44505568214972385,0.12409035247048388
AT,Europe,EurAfrMENA,300,0.4,17429,0.3488229509761888,0.44505568214972385,0.2343361358174533
AT,Europe,EurAfrMENA,300,0.6,17429,0.30091519377333303,0.44505568214972385,0.3283239988947548
AT,Europe,EurAfrMENA,300,0.8,17429,0.2587760099417072,0.44505568214972385,0.4030327013761126
AT,Europe,EurAfrMENA,300,1.0,17429,0.23401021221921434,0.44505568214972385,0.4445165168604121
AT,Europe,EurAfrMENA,500,0.0,31714,0.44505568214972385,0.44505568214972385,0.0
AT,Europe,EurAfrMENA,500,0.2,31714,0.3979873378792491,0.44505568214972385,0.12409035247048388
AT,Europe,EurAfrMENA,500,0.4,31714,0.3488197504339825,0.44505568214972385,0.23434282614152396
AT,Europe,EurAfrMENA,500,0.6,31714,0.3008820242886869,0.44505568214972385,0.3283851235634296
AT,Europe,EurAfrMENA,500,0.8,31714,0.2586674416128698,0.44505568214972385,0.4032176814878698
AT,Europe,EurAfrMENA,500,1.0,31714,0.23385593691990086,0.44505568214972385,0.44477419334451007
AU,Asia-Pacific,Oceania,50,0.0,0,0.21540460530012537,0.21540460530012537,0.0
AU,Asia-Pacific,Oceania,50,0.2,0,0.21540460530012537,0.21540460530012537,0.0
AU,Asia-Pacific,Oceania,50,0.4,0,0.21540460530012537,0.21540460530012537,0.0
AU,Asia-Pacific,Oceania,50,0.6,0,0.21540460530012537,0.21540460530012537,0.0
AU,Asia-Pacific,Oceania,50,0.8,0,0.21540460530012537,0.21540460530012537,0.0
AU,Asia-Pacific,Oceania,50,1.0,0,0.21540460530012537,0.21540460530012537,0.0
AU,Asia-Pacific,Oceania,100,0.0,3143,0.21540460530012537,0.21540460530012537,0.0
AU,Asia-Pacific,Oceania,100,0.2,3143,0.2002158118333426,0.21540460530012537,0.03522714955431657
AU,Asia-Pacific,Oceania,100,0.4,3143,0.19270794248908799,0.21540460530012537,0.05269254346581863
AU,Asia-Pacific,Oceania,100,0.6,3143,0.1895060342411362,0.21540460530012537,0.060089321704241506
AU,Asia-Pacific,Oceania,100,0.8,3143,0.18848410092162007,0.21540460530012537,0.062439338260155394
AU,Asia-Pacific,Oceania,100,1.0,3143,0.18833902460116858,0.21540460530012537,0.06276720613910065
AU,Asia-Pacific,Oceania,150,0.0,6714,0.21540460530012537,0.21540460530012537,0.0
AU,Asia-Pacific,Oceania,150,0.2,6714,0.1867948459999355,0.21540460530012537,0.06545145433628628
AU,Asia-Pacific,Oceania,150,0.4,6714,0.17106814289216143,0.21540460530012537,0.10141108204526872
AU,Asia-Pacific,Oceania,150,0.6,6714,0.1638223241700161,0.21540460530012537,0.1179941540307196
AU,Asia-Pacific,Oceania,150,0.8,6714,0.161596940460951,0.21540460530012537,0.12310254332913345
AU,Asia-Pacific,Oceania,150,1.0,6714,0.16132954494622626,0.21540460530012537,0.123706381337702
AU,Asia-Pacific,Oceania,200,0.0,10286,0.21540460530012537,0.21540460530012537,0.0
AU,Asia-Pacific,Oceania,200,0.2,10286,0.1807330479919709,0.21540460530012537,0.07939231450395352
AU,Asia-Pacific,Oceania,200,0.4,10286,0.1601837246120683,0.21540460530012537,0.12616038897748877
AU,Asia-Pacific,Oceania,200,0.6,10286,0.1495483704041831,0.21540460530012537,0.15040296621479213
AU,Asia-Pacific,Oceania,200,0.8,10286,0.14563593507926884,0.21540460530012537,0.15930498197203974
AU,Asia-Pacific,Oceania,200,1.0,10286,0.14508797552567143,0.21540460530012537,0.16053869734955448
AU,Asia-Pacific,Oceania,300,0.0,17429,0.21540460530012537,0.21540460530012537,0.0
AU,Asia-Pacific,Oceania,300,0.2,17429,0.1736550176794916,0.21540460530012537,0.09546191832145848
AU,Asia-Pacific,Oceania,300,0.4,17429,0.14547419350847032,0.21540460530012537,0.15929217634811105
AU,Asia-Pacific,Oceania,300,0.6,17429,0.1291329624360212,0.21540460530012537,0.1966065439898444
AU,Asia-Pacific,Oceania,300,0.8,17429,0.12217228474679882,0.21540460530012537,0.21268069991705874
AU,Asia-Pacific,Oceania,300,1.0,17429,0.12099313783375064,0.21540460530012537,0.21539486444685774
AU,Asia-Pacific,Oceania,500,0.0,31714,0.21540460530012537,0.21540460530012537,0.0
AU,Asia-Pacific,Oceania,500,0.2,31714,0.1736550176794916,0.21540460530012537,0.09546191832145848
AU,Asia-Pacific,Oceania,500,0.4,31714,0.14547419350847032,0.21540460530012537,0.15929217634811105
AU,Asia-Pacific,Oceania,500,0.6,31714,0.1291329624360212,0.21540460530012537,0.1966065439898444
AU,Asia-Pacific,Oceania,500,0.8,31714,0.12217228474679882,0.21540460530012537,0.21268069991705874
AU,Asia-Pacific,Oceania,500,1.0,31714,0.12099313783375064,0.21540460530012537,0.21539486444685774
BD,Asia-Pacific,Asia,50,0.0,0,0.5850918337033317,0.5850918337033317,0.0
BD,Asia-Pacific,Asia,50,0.2,0,0.5850918337033317,0.5850918337033317,0.0
BD,Asia-Pacific,Asia,50,0.4,0,0.5850918337033317,0.5850918337033317,0.0
BD,Asia-Pacific,Asia,50,0.6,0,0.5850918337033317,0.5850918337033317,0.0
BD,Asia-Pacific,Asia,50,0.8,0,0.5850918337033317,0.5850918337033317,0.0
BD,Asia-Pacific,Asia,50,1.0,0,0.5850918337033317,0.5850918337033317,0.0
BD,Asia-Pacific,Asia,100,0.0,3143,0.5850918337033317,0.5850918337033317,0.0
BD,Asia-Pacific,Asia,100,0.2,3143,0.5746859503158854,0.5850918337033317,0.028586159499887073
BD,Asia-Pacific,Asia,100,0.4,3143,0.5678032956078686,0.5850918337033317,0.04676038695197541
BD,Asia-Pacific,Asia,100,0.6,3143,0.5634338535677413,0.5850918337033317,0.058032036369167546
BD,Asia-Pacific,Asia,100,0.8,3143,0.5608814908846688,0.5850918337033317,0.06451680950197412
BD,Asia-Pacific,Asia,100,1.0,3143,0.5595857171758621,0.5850918337033317,0.06777991581651133
BD,Asia-Pacific,Asia,150,0.0,6714,0.5850918337033317,0.5850918337033317,0.0
BD,Asia-Pacific,Asia,150,0.2,6714,0.5595248458844136,0.5850918337033317,0.06793289105184384
BD,Asia-Pacific,Asia,150,0.4,6714,0.5375306897657114,0.5850918337033317,0.12068966125787109
BD,Asia-Pacific,Asia,150,0.6,6714,0.5177302796450889,0.5850918337033317,0.16413357919323934
BD,Asia-Pacific,Asia,150,0.8,6714,0.5010131049983564,0.5850918337033317,0.19823862178109275
BD,Asia-Pacific,Asia,150,1.0,6714,0.48836257784426707,0.5850918337033317,0.2226471115954637
BD,Asia-Pacific,Asia,200,0.0,10286,0.5850918337033317,0.5850918337033317,0.0
BD,Asia-Pacific,Asia,200,0.2,10286,0.5372751249235417,0.5850918337033317,0.12127391565639602
BD,Asia-Pacific,Asia,200,0.4,10286,0.484282440484028,0.5850918337033317,0.23027320895583264
BD,Asia-Pacific,Asia,200,0.6,10286,0.42592892903657337,0.5850918337033317,0.32752455756665294
BD,Asia-Pacific,Asia,200,0.8,10286,0.36310981177218177,0.5850918337033317,0.4124744754706207
BD,Asia-Pacific,Asia,200,1.0,10286,0.2978939230006997,0.5850918337033317,0.4857469036347876
BD,Asia-Pacific,Asia,300,0.0,17429,0.5850918337033317,0.5850918337033317,0.0
BD,Asia-Pacific,Asia,300,0.2,17429,0.5350025510658206,0.5850918337033317,0.12644102164581278
BD,Asia-Pacific,Asia,300,0.4,17429,0.4741307243628256,0.5850918337033317,0.24873480928435907
BD,Asia-Pacific,Asia,300,0.6,17429,0.39864828509636896,0.5850918337033317,0.3664668068468201
BD,Asia-Pacific,Asia,300,0.8,17429,0.30595575753888493,0.5850918337033317,0.47733742072940233
BD,Asia-Pacific,Asia,300,1.0,17429,0.19701203209659593,0.5850918337033317,0.5794925119095733
BD,Asia-Pacific,Asia,500,0.0,31714,0.5850918337033317,0.5850918337033317,0.0
BD,Asia-Pacific,Asia,500,0.2,31714,0.5350025510658206,0.5850918337033317,0.12644102164581278
BD,Asia-Pacific,Asia,500,0.4,31714,0.4740823110108361,0.5850918337033317,0.2488210579127891
BD,Asia-Pacific,Asia,500,0.6,31714,0.39818666905194944,0.5850918337033317,0.36709793828157794
BD,Asia-Pacific,Asia,500,0.8,31714,0.3039623929941928,0.5850918337033317,0.47943321513928944
BD,Asia-Pacific,Asia,500,1.0,31714,0.19109844484718258,0.5850918337033317,0.5844883561221895
BE,Europe,EurAfrMENA,50,0.0,0,0.23921350849321033,0.23921350849321033,0.0
BE,Europe,EurAfrMENA,50,0.2,0,0.23921350849321033,0.23921350849321033,0.0
BE,Europe,EurAfrMENA,50,0.4,0,0.23921350849321033,0.23921350849321033,0.0
BE,Europe,EurAfrMENA,50,0.6,0,0.23921350849321033,0.23921350849321033,0.0
BE,Europe,EurAfrMENA,50,0.8,0,0.23921350849321033,0.23921350849321033,0.0
BE,Europe,EurAfrMENA,50,1.0,0,0.23921350849321033,0.23921350849321033,0.0
BE,Europe,EurAfrMENA,100,0.0,3143,0.23921350849321033,0.23921350849321033,0.0
BE,Europe,EurAfrMENA,100,0.2,3143,0.20281350845425766,0.23921350849321033,0.0932889304544265
BE,Europe,EurAfrMENA,100,0.4,3143,0.1833254288058529,0.23921350849321033,0.14425522354949963
BE,Europe,EurAfrMENA,100,0.6,3143,0.17260188648902675,0.23921350849321033,0.17274411133588344
BE,Europe,EurAfrMENA,100,0.8,3143,0.1673709774832227,0.23921350849321033,0.18670245310944616
BE,Europe,EurAfrMENA,100,1.0,3143,0.1657008745720515,0.23921350849321033,0.19115975023265863
BE,Europe,EurAfrMENA,150,0.0,6714,0.23921350849321033,0.23921350849321033,0.0
BE,Europe,EurAfrMENA,150,0.2,6714,0.20176184415787055,0.23921350849321033,0.09611589013042159
BE,Europe,EurAfrMENA,150,0.4,6714,0.18092635527193082,0.23921350849321033,0.1506836371357722
BE,Europe,EurAfrMENA,150,0.6,6714,0.1690763826172365,0.23921350849321033,0.18207941646244094
BE,Europe,EurAfrMENA,150,0.8,6714,0.16313050950123445,0.23921350849321033,0.19790740463718678
BE,Europe,EurAfrMENA,150,1.0,6714,0.16120813838954332,0.23921350849321033,0.203018991194443
BE,Europe,EurAfrMENA,200,0.0,10286,0.23921350849321033,0.23921350849321033,0.0
BE,Europe,EurAfrMENA,200,0.2,10286,0.1993432214449697,0.23921350849321033,0.1026730516154848
BE,Europe,EurAfrMENA,200,0.4,10286,0.1751169408524312,0.23921350849321033,0.16622880805229828
BE,Europe,EurAfrMENA,200,0.6,10286,0.15985624352579375,0.23921350849321033,0.20633711180353156
BE,Europe,EurAfrMENA,200,0.8,10286,0.15130629939222728,0.23921350849321033,0.22908728729556715
BE,Europe,EurAfrMENA,200,1.0,10286,0.14830906312818384,0.23921350849321033,0.23715202925489826
BE,Europe,EurAfrMENA,300,0.0,17429,0.23921350849321033,0.23921350849321033,0.0
BE,Europe,EurAfrMENA,300,0.2,17429,0.1993144940856234,0.23921350849321033,0.10275170445602223
BE,Europe,EurAfrMENA,300,0.4,17429,0.1749694962480482,0.23921350849321033,0.1666239285430635
BE,Europe,EurAfrMENA,300,0.6,17429,0.15955332285791599,0.23921350849321033,0.20712710497405515
BE,Europe,EurAfrMENA,300,0.8,17429,0.15079144958947951,0.23921350849321033,0.23044346110447916
BE,Europe,EurAfrMENA,300,1.0,17429,0.147705433190274,0.23921350849321033,0.23874717092118938
BE,Europe,EurAfrMENA,500,0.0,31714,0.23921350849321033,0.23921350849321033,0.0
BE,Europe,EurAfrMENA,500,0.2,31714,0.19931373532685295,0.23921350849321033,0.10275378702866463
BE,Europe,EurAfrMENA,500,0.4,31714,0.1749557530938964,0.23921350849321033,0.1666607635179883
BE,Europe,EurAfrMENA,500,0.6,31714,0.15951358665362012,0.23921350849321033,0.20723064848608558
BE,Europe,EurAfrMENA,500,0.8,31714,0.15072869828076707,0.23921350849321033,0.23060856949651282
BE,Europe,EurAfrMENA,500,1.0,31714,0.14761913052170444,0.23921350849321033,0.23897556638706133
BF,Africa/MENA,EurAfrMENA,50,0.0,0,0.4907722148681151,0.4907722148681151,0.0
BF,Africa/MENA,EurAfrMENA,50,0.2,0,0.4907722148681151,0.4907722148681151,0.0
BF,Africa/MENA,EurAfrMENA,50,0.4,0,0.4907722148681151,0.4907722148681151,0.0
BF,Africa/MENA,EurAfrMENA,50,0.6,0,0.4907722148681151,0.4907722148681151,0.0
BF,Africa/MENA,EurAfrMENA,50,0.8,0,0.4907722148681151,0.4907722148681151,0.0
BF,Africa/MENA,EurAfrMENA,50,1.0,0,0.4907722148681151,0.4907722148681151,0.0
BF,Africa/MENA,EurAfrMENA,100,0.0,3143,0.4907722148681151,0.4907722148681151,0.0
BF,Africa/MENA,EurAfrMENA,100,0.2,3143,0.4810028256415938,0.4907722148681151,0.022570824093215352
BF,Africa/MENA,EurAfrMENA,100,0.4,3143,0.47413701386532886,0.4907722148681151,0.03797989674935507
BF,Africa/MENA,EurAfrMENA,100,0.6,3143,0.4689193442900627,0.4907722148681151,0.04942576905279624
BF,Africa/MENA,EurAfrMENA,100,0.8,3143,0.4648464312612777,0.4907722148681151,0.058212392024089905
BF,Africa/MENA,EurAfrMENA,100,1.0,3143,0.4614612657641413,0.4907722148681151,0.0654207426405451
BF,Africa/MENA,EurAfrMENA,150,0.0,6714,0.4907722148681151,0.4907722148681151,0.0
BF,Africa/MENA,EurAfrMENA,150,0.2,6714,0.44131303148365125,0.4907722148681151,0.10660688138211015
BF,Africa/MENA,EurAfrMENA,150,0.4,6714,0.38861675978185933,0.4907722148681151,0.20276199989844712
BF,Africa/MENA,EurAfrMENA,150,0.6,6714,0.3332803279067693,0.4907722148681151,0.2889223755698058
BF,Africa/MENA,EurAfrMENA,150,0.8,6714,0.2787924599152904,0.4907722148681151,0.3627719450271014
BF,Africa/MENA,EurAfrMENA,150,1.0,6714,0.22576586742342908,0.4907722148681151,0.4267736894004124
BF,Africa/MENA,EurAfrMENA,200,0.0,10286,0.4907722148681151,0.4907722148681151,0.0
BF,Africa/MENA,EurAfrMENA,200,0.2,10286,0.43890750915839427,0.4907722148681151,0.11135061426320272
BF,Africa/MENA,EurAfrMENA,200,0.4,10286,0.3806346448856001,0.4907722148681151,0.21600929379143116
BF,Africa/MENA,EurAfrMENA,200,0.6,10286,0.3152844524125411,0.4907722148681151,0.3143020515901642
BF,Africa/MENA,EurAfrMENA,200,0.8,10286,0.24568606182576716,0.4907722148681151,0.403449158394208
BF,Africa/MENA,EurAfrMENA,200,1.0,10286,0.17532096871684205,0.4907722148681151,0.483499047454427
BF,Africa/MENA,EurAfrMENA,300,0.0,17429,0.4907722148681151,0.4907722148681151,0.0
BF,Africa/MENA,EurAfrMENA,300,0.2,17429,0.43887374723029465,0.4907722148681151,0.11141700033154932
BF,Africa/MENA,EurAfrMENA,300,0.4,17429,0.38036573395073114,0.4907722148681151,0.21644957828220676
BF,Africa/MENA,EurAfrMENA,300,0.6,17429,0.3141857529943808,0.4907722148681151,0.31581879431398463
BF,Africa/MENA,EurAfrMENA,300,0.8,17429,0.2427663393167925,0.4907722148681151,0.40691475465513205
BF,Africa/MENA,EurAfrMENA,300,1.0,17429,0.16909121341447017,0.4907722148681151,0.4903899600440501
BF,Africa/MENA,EurAfrMENA,500,0.0,31714,0.4907722148681151,0.4907722148681151,0.0
BF,Africa/MENA,EurAfrMENA,500,0.2,31714,0.43887374723029465,0.4907722148681151,0.11141700033154932
BF,Africa/MENA,EurAfrMENA,500,0.4,31714,0.38036573395073114,0.4907722148681151,0.21644957828220676
BF,Africa/MENA,EurAfrMENA,500,0.6,31714,0.3141857529943808,0.4907722148681151,0.31581879431398463
BF,Africa/MENA,EurAfrMENA,500,0.8,31714,0.2427663393167925,0.4907722148681151,0.40691475465513205
BF,Africa/MENA,EurAfrMENA,500,1.0,31714,0.16909121341447017,0.4907722148681151,0.4903899600440501
BG,Europe,EurAfrMENA,50,0.0,0,0.3177164205045629,0.3177164205045629,0.0
BG,Europe,EurAfrMENA,50,0.2,0,0.3177164205045629,0.3177164205045629,0.0
BG,Europe,EurAfrMENA,50,0.4,0,0.3177164205045629,0.3177164205045629,0.0
BG,Europe,EurAfrMENA,50,0.6,0,0.3177164205045629,0.3177164205045629,0.0
BG,Europe,EurAfrMENA,50,0.8,0,0.3177164205045629,0.3177164205045629,0.0
BG,Europe,EurAfrMENA,50,1.0,0,0.3177164205045629,0.3177164205045629,0.0
BG,Europe,EurAfrMENA,100,0.0,3143,0.3177164205045629,0.3177164205045629,0.0
BG,Europe,EurAfrMENA,100,0.2,3143,0.2744510182615577,0.3177164205045629,0.09419115648045029
BG,Europe,EurAfrMENA,100,0.4,3143,0.24135518698531275,0.3177164205045629,0.16199431360188435
BG,Europe,EurAfrMENA,100,0.6,3143,0.21891976429825855,0.3177164205045629,0.20695792595683427
BG,Europe,EurAfrMENA,100,0.8,3143,0.206239058673374,0.3177164205045629,0.23229558399418324
BG,Europe,EurAfrMENA,100,1.0,3143,0.20175873892267568,0.3177164205045629,0.24123698594391985
BG,Europe,EurAfrMENA,150,0.0,6714,0.3177164205045629,0.3177164205045629,0.0
BG,Europe,EurAfrMENA,150,0.2,6714,0.27389155973959933,0.3177164205045629,0.09536947226535268
BG,Europe,EurAfrMENA,150,0.4,6714,0.24013502341687976,0.3177164205045629,0.16448211585817107
BG,Europe,EurAfrMENA,150,0.6,6714,0.2171406526974968,0.3177164205045629,0.21054926802237456
BG,Europe,EurAfrMENA,150,0.8,6714,0.2040794058006221,0.3177164205045629,0.23665307692796403
BG,Europe,EurAfrMENA,150,1.0,6714,0.19940288093812863,0.3177164205045629,0.24597556335173876
BG,Europe,EurAfrMENA,200,0.0,10286,0.3177164205045629,0.3177164205045629,0.0
BG,Europe,EurAfrMENA,200,0.2,10286,0.27075062892091933,0.3177164205045629,0.10202640890372931
BG,Europe,EurAfrMENA,200,0.4,10286,0.23059219224849076,0.3177164205045629,0.18402997805909713
BG,Europe,EurAfrMENA,200,0.6,10286,0.20038247200951587,0.3177164205045629,0.24466678894786184
BG,Europe,EurAfrMENA,200,0.8,10286,0.18146477545183504,0.3177164205045629,0.282299194334694
BG,Europe,EurAfrMENA,200,1.0,10286,0.174285299990907,0.3177164205045629,0.29663652088206127
BG,Europe,EurAfrMENA,300,0.0,17429,0.3177164205045629,0.3177164205045629,0.0
BG,Europe,EurAfrMENA,300,0.2,17429,0.2704593161093217,0.3177164205045629,0.10264834446970104
BG,Europe,EurAfrMENA,300,0.4,17429,0.22920592723341462,0.3177164205045629,0.18690492513723278
BG,Europe,EurAfrMENA,300,0.6,17429,0.19642816393673168,0.3177164205045629,0.25269266942848395
BG,Europe,EurAfrMENA,300,0.8,17429,0.17379241411028568,0.3177164205045629,0.29780720330371374
BG,Europe,EurAfrMENA,300,1.0,17429,0.16402748310495313,0.3177164205045629,0.3174243525737127
BG,Europe,EurAfrMENA,500,0.0,31714,0.3177164205045629,0.3177164205045629,0.0
BG,Europe,EurAfrMENA,500,0.2,31714,0.2704593161093217,0.3177164205045629,0.10264834446970104
BG,Europe,EurAfrMENA,500,0.4,31714,0.22920592723341462,0.3177164205045629,0.18690492513723278
BG,Europe,EurAfrMENA,500,0.6,31714,0.19642816393673168,0.3177164205045629,0.25269266942848395
BG,Europe,EurAfrMENA,500,0.8,31714,0.17379241411028568,0.3177164205045629,0.29780720330371374
BG,Europe,EurAfrMENA,500,1.0,31714,0.16402748310495313,0.3177164205045629,0.3174243525737127
BH,Asia-Pacific,Asia,50,0.0,0,0.549440410715903,0.549440410715903,0.0
BH,Asia-Pacific,Asia,50,0.2,0,0.549440410715903,0.549440410715903,0.0
BH,Asia-Pacific,Asia,50,0.4,0,0.549440410715903,0.549440410715903,0.0
BH,Asia-Pacific,Asia,50,0.6,0,0.549440410715903,0.549440410715903,0.0
BH,Asia-Pacific,Asia,50,0.8,0,0.549440410715903,0.549440410715903,0.0
BH,Asia-Pacific,Asia,50,1.0,0,0.549440410715903,0.549440410715903,0.0
BH,Asia-Pacific,Asia,100,0.0,3143,0.549440410715903,0.549440410715903,0.0
BH,Asia-Pacific,Asia,100,0.2,3143,0.5275649558272543,0.549440410715903,0.05356595113363408
BH,Asia-Pacific,Asia,100,0.4,3143,0.5105707105596243,0.549440410715903,0.09199679243060227
BH,Asia-Pacific,Asia,100,0.6,3143,0.49803057288775365,0.549440410715903,0.11881136822262076
BH,Asia-Pacific,Asia,100,0.8,3143,0.48939175439983645,0.549440410715903,0.13656512489506828
BH,Asia-Pacific,Asia,100,1.0,3143,0.4831894823483242,0.549440410715903,0.14899978163244904
BH,Asia-Pacific,Asia,150,0.0,6714,0.549440410715903,0.549440410715903,0.0
BH,Asia-Pacific,Asia,150,0.2,6714,0.5011929421047914,0.549440410715903,0.11216707536895752
BH,Asia-Pacific,Asia,150,0.4,6714,0.44939763929318416,0.549440410715903,0.21210111662119022
BH,Asia-Pacific,Asia,150,0.6,6714,0.3949916558880771,0.549440410715903,0.29898995603875167
BH,Asia-Pacific,Asia,150,0.8,6714,0.33930980330850263,0.549440410715903,0.37399665830084605
BH,Asia-Pacific,Asia,150,1.0,6714,0.28554505002986075,0.549440410715903,0.4373080425455326
BH,Asia-Pacific,Asia,200,0.0,10286,0.549440410715903,0.549440410715903,0.0
BH,Asia-Pacific,Asia,200,0.2,10286,0.5010000850122049,0.549440410715903,0.11257451910797359
BH,Asia-Pacific,Asia,200,0.4,10286,0.44881302948738433,0.549440410715903,0.2131272804577487
BH,Asia-Pacific,Asia,200,0.6,10286,0.3936374267769274,0.549440410715903,0.30096228624726884
BH,Asia-Pacific,Asia,200,0.8,10286,0.33670366706889293,0.549440410715903,0.3772335596811322
BH,Asia-Pacific,Asia,200,1.0,10286,0.2814955644781138,0.549440410715903,0.44183512844033973
BH,Asia-Pacific,Asia,300,0.0,17429,0.549440410715903,0.549440410715903,0.0
BH,Asia-Pacific,Asia,300,0.2,17429,0.49777348441974706,0.549440410715903,0.11934764687811476
BH,Asia-Pacific,Asia,300,0.4,17429,0.43613239604306275,0.549440410715903,0.2348181471441252
BH,Asia-Pacific,Asia,300,0.6,17429,0.36147755985013735,0.549440410715903,0.34555770352547643
BH,Asia-Pacific,Asia,300,0.8,17429,0.2737294605290977,0.549440410715903,0.4504427153581147
BH,Asia-Pacific,Asia,300,1.0,17429,0.17729707745314602,0.549440410715903,0.5487087788638966
BH,Asia-Pacific,Asia,500,0.0,31714,0.549440410715903,0.549440410715903,0.0
BH,Asia-Pacific,Asia,500,0.2,31714,0.49777348441974706,0.549440410715903,0.11934764687811476
BH,Asia-Pacific,Asia,500,0.4,31714,0.43613239604306275,0.549440410715903,0.2348181471441252
BH,Asia-Pacific,Asia,500,0.6,31714,0.36147755985013735,0.549440410715903,0.34555770352547643
BH,Asia-Pacific,Asia,500,0.8,31714,0.2737294605290977,0.549440410715903,0.4504427153581147
BH,Asia-Pacific,Asia,500,1.0,31714,0.17729707745314602,0.549440410715903,0.5487087788638966
BI,Africa/MENA,EurAfrMENA,50,0.0,0,0.46588417772590635,0.46588417772590635,0.0
BI,Africa/MENA,EurAfrMENA,50,0.2,0,0.46588417772590635,0.46588417772590635,0.0
BI,Africa/MENA,EurAfrMENA,50,0.4,0,0.46588417772590635,0.46588417772590635,0.0
BI,Africa/MENA,EurAfrMENA,50,0.6,0,0.46588417772590635,0.46588417772590635,0.0
BI,Africa/MENA,EurAfrMENA,50,0.8,0,0.46588417772590635,0.46588417772590635,0.0
BI,Africa/MENA,EurAfrMENA,50,1.0,0,0.46588417772590635,0.46588417772590635,0.0
BI,Africa/MENA,EurAfrMENA,100,0.0,3143,0.46588417772590635,0.46588417772590635,0.0
BI,Africa/MENA,EurAfrMENA,100,0.2,3143,0.45990752354661557,0.46588417772590635,0.01357528536802446
BI,Africa/MENA,EurAfrMENA,100,0.4,3143,0.45697279183552675,0.46588417772590635,0.020144899790986208
BI,Africa/MENA,EurAfrMENA,100,0.6,3143,0.45549799878561037,0.46588417772590635,0.02341887946740825
BI,Africa/MENA,EurAfrMENA,100,0.8,3143,0.45467650096040063,0.46588417772590635,0.025234338766148084
BI,Africa/MENA,EurAfrMENA,100,1.0,3143,0.4541584762128312,0.46588417772590635,0.02637639444820808
BI,Africa/MENA,EurAfrMENA,150,0.0,6714,0.46588417772590635,0.46588417772590635,0.0
BI,Africa/MENA,EurAfrMENA,150,0.2,6714,0.4252581605796417,0.46588417772590635,0.08703538860664871
BI,Africa/MENA,EurAfrMENA,150,0.4,6714,0.3876592704720984,0.46588417772590635,0.15778824436241523
BI,Africa/MENA,EurAfrMENA,150,0.6,6714,0.35367831393350724,0.46588417772590635,0.21548063564416
BI,Africa/MENA,EurAfrMENA,150,0.8,6714,0.3239296501060072,0.46588417772590635,0.2622740528419875
BI,Africa/MENA,EurAfrMENA,150,1.0,6714,0.2996267957201809,0.46588417772590635,0.2981536779143776
BI,Africa/MENA,EurAfrMENA,200,0.0,10286,0.46588417772590635,0.46588417772590635,0.0
BI,Africa/MENA,EurAfrMENA,200,0.2,10286,0.4150898121164362,0.46588417772590635,0.10700335380241026
BI,Africa/MENA,EurAfrMENA,200,0.4,10286,0.36106513351196945,0.46588417772590635,0.20335858365562284
BI,Africa/MENA,EurAfrMENA,200,0.6,10286,0.30630340386989496,0.46588417772590635,0.28846179334206484
BI,Africa/MENA,EurAfrMENA,200,0.8,10286,0.2542272506423841,0.46588417772590635,0.36151855305719977
BI,Africa/MENA,EurAfrMENA,200,1.0,10286,0.2087987926632237,0.46588417772590635,0.42097062222444204
BI,Africa/MENA,EurAfrMENA,300,0.0,17429,0.46588417772590635,0.46588417772590635,0.0
BI,Africa/MENA,EurAfrMENA,300,0.2,17429,0.4140082561634021,0.46588417772590635,0.1090912777699596
BI,Africa/MENA,EurAfrMENA,300,0.4,17429,0.3567338591037999,0.46588417772590635,0.21049045209143272
BI,Africa/MENA,EurAfrMENA,300,0.6,17429,0.2954272862578322,0.46588417772590635,0.30420817322565785
BI,Africa/MENA,EurAfrMENA,300,0.8,17429,0.23271817387240348,0.46588417772590635,0.3901339464562516
BI,Africa/MENA,EurAfrMENA,300,1.0,17429,0.1734774564415477,0.46588417772590635,0.4655878124355846
BI,Africa/MENA,EurAfrMENA,500,0.0,31714,0.46588417772590635,0.46588417772590635,0.0
BI,Africa/MENA,EurAfrMENA,500,0.2,31714,0.4140082561634021,0.46588417772590635,0.1090912777699596
BI,Africa/MENA,EurAfrMENA,500,0.4,31714,0.3567338591037999,0.46588417772590635,0.21049045209143272
BI,Africa/MENA,EurAfrMENA,500,0.6,31714,0.2954272862578322,0.46588417772590635,0.30420817322565785
BI,Africa/MENA,EurAfrMENA,500,0.8,31714,0.23271817387240348,0.46588417772590635,0.3901339464562516
BI,Africa/MENA,EurAfrMENA,500,1.0,31714,0.1734774564415477,0.46588417772590635,0.4655878124355846
BO,Latin America,Americas,50,0.0,0,0.4848529661547797,0.4848529661547797,0.0
BO,Latin America,Americas,50,0.2,0,0.4848529661547797,0.4848529661547797,0.0
BO,Latin America,Americas,50,0.4,0,0.4848529661547797,0.4848529661547797,0.0
BO,Latin America,Americas,50,0.6,0,0.4848529661547797,0.4848529661547797,0.0
BO,Latin America,Americas,50,0.8,0,0.4848529661547797,0.4848529661547797,0.0
BO,Latin America,Americas,50,1.0,0,0.4848529661547797,0.4848529661547797,0.0
BO,Latin America,Americas,100,0.0,3143,0.4848529661547797,0.4848529661547797,0.0
BO,Latin America,Americas,100,0.2,3143,0.4700805348084608,0.4848529661547797,0.03261584550351051
BO,Latin America,Americas,100,0.4,3143,0.46025960544882805,0.4848529661547797,0.053327666900275114
BO,Latin America,Americas,100,0.6,3143,0.45338662870130975,0.4848529661547797,0.0674027897563282
BO,Latin America,Americas,100,0.8,3143,0.4484653063159762,0.4848529661547797,0.07727801801331224
BO,Latin America,Americas,100,1.0,3143,0.444732829793259,0.4848529661547797,0.08465542019571573
BO,Latin America,Americas,150,0.0,6714,0.4848529661547797,0.4848529661547797,0.0
BO,Latin America,Americas,150,0.2,6714,0.4616486375190035,0.4848529661547797,0.05044478926183236
BO,Latin America,Americas,150,0.4,6714,0.44490536267742026,0.4848529661547797,0.08431659776252211
BO,Latin America,Americas,150,0.6,6714,0.432793226895175,0.4848529661547797,0.10764202237854763
BO,Latin America,Americas,150,0.8,6714,0.42369710831045554,0.4848529661547797,0.12460997220683896
BO,Latin America,Americas,150,1.0,6714,0.4165424322134752,0.4848529661547797,0.13760351509403695
BO,Latin America,Americas,200,0.0,10286,0.4848529661547797,0.4848529661547797,0.0
BO,Latin America,Americas,200,0.2,10286,0.434571556355989,0.4848529661547797,0.10427172314496821
BO,Latin America,Americas,200,0.4,10286,0.3841802196159907,0.4848529661547797,0.19292775759040676
BO,Latin America,Americas,200,0.6,10286,0.3366631859239343,0.4848529661547797,0.2658461937088173
BO,Latin America,Americas,200,0.8,10286,0.29417576493754133,0.4848529661547797,0.3240844629657629
BO,Latin America,Americas,200,1.0,10286,0.2579230676793124,0.4848529661547797,0.36947605221944607
BO,Latin America,Americas,300,0.0,17429,0.4848529661547797,0.4848529661547797,0.0
BO,Latin America,Americas,300,0.2,17429,0.4320228913858166,0.4848529661547797,0.10909681415203197
BO,Latin America,Americas,300,0.4,17429,0.37264078691235786,0.4848529661547797,0.21148352619449665
BO,Latin America,Americas,300,0.6,17429,0.3058340429570313,0.4848529661547797,0.3086724905593876
BO,Latin America,Americas,300,0.8,17429,0.231353183995843,0.4848529661547797,0.40082892627866307
BO,Latin America,Americas,300,1.0,17429,0.1562018921396093,0.4848529661547797,0.48468990091561653
BO,Latin America,Americas,500,0.0,31714,0.4848529661547797,0.4848529661547797,0.0
BO,Latin America,Americas,500,0.2,31714,0.4320228913858166,0.4848529661547797,0.10909681415203197
BO,Latin America,Americas,500,0.4,31714,0.3726397831317248,0.4848529661547797,0.21148511771154085
BO,Latin America,Americas,500,0.6,31714,0.3058275600693669,0.4848529661547797,0.3086811734058132
BO,Latin America,Americas,500,0.8,31714,0.23134204785491283,0.4848529661547797,0.4008417732047349
BO,Latin America,Americas,500,1.0,31714,0.15619010667636574,0.4848529661547797,0.4847027478416884
BR,Latin America,Americas,50,0.0,0,0.17179141067903705,0.17179141067903705,0.0
BR,Latin America,Americas,50,0.2,0,0.17179141067903705,0.17179141067903705,0.0
BR,Latin America,Americas,50,0.4,0,0.17179141067903705,0.17179141067903705,0.0
BR,Latin America,Americas,50,0.6,0,0.17179141067903705,0.17179141067903705,0.0
BR,Latin America,Americas,50,0.8,0,0.17179141067903705,0.17179141067903705,0.0
BR,Latin America,Americas,50,1.0,0,0.17179141067903705,0.17179141067903705,0.0
BR,Latin America,Americas,100,0.0,3143,0.17179141067903705,0.17179141067903705,0.0
BR,Latin America,Americas,100,0.2,3143,0.17179141067903705,0.17179141067903705,0.0
BR,Latin America,Americas,100,0.4,3143,0.17179141067903705,0.17179141067903705,0.0
BR,Latin America,Americas,100,0.6,3143,0.17179141067903705,0.17179141067903705,0.0
BR,Latin America,Americas,100,0.8,3143,0.17179141067903705,0.17179141067903705,0.0
BR,Latin America,Americas,100,1.0,3143,0.17179141067903705,0.17179141067903705,0.0
BR,Latin America,Americas,150,0.0,6714,0.17179141067903705,0.17179141067903705,0.0
BR,Latin America,Americas,150,0.2,6714,0.15865769805020136,0.17179141067903705,0.034835042127039674
BR,Latin America,Americas,150,0.4,6714,0.15468029740187725,0.17179141067903705,0.045816034260738145
BR,Latin America,Americas,150,0.6,6714,0.1538986398393619,0.17179141067903705,0.047891749797857125
BR,Latin America,Americas,150,0.8,6714,0.1537951073754881,0.17179141067903705,0.048160797155588325
BR,Latin America,Americas,150,1.0,6714,0.15379172031459692,0.17179141067903705,0.04816987359609044
BR,Latin America,Americas,200,0.0,10286,0.17179141067903705,0.17179141067903705,0.0
BR,Latin America,Americas,200,0.2,10286,0.1341182611553765,0.17179141067903705,0.09576197688400429
BR,Latin America,Americas,200,0.4,10286,0.11576640716887723,0.17179141067903705,0.14478838448384945
BR,Latin America,Americas,200,0.6,10286,0.10871047277729103,0.17179141067903705,0.16466159668716807
BR,Latin America,Americas,200,0.8,10286,0.10651017451236487,0.17179141067903705,0.17105058708783094
BR,Latin America,Americas,200,1.0,10286,0.10629721493230816,0.17179141067903705,0.1716719366029785
BR,Latin America,Americas,300,0.0,17429,0.17179141067903705,0.17179141067903705,0.0
BR,Latin America,Americas,300,0.2,17429,0.13411387512447442,0.17179141067903705,0.09577372907133444
BR,Latin America,Americas,300,0.4,17429,0.11573290687075305,0.17179141067903705,0.1448774490418253
BR,Latin America,Americas,300,0.6,17429,0.10866548829631868,0.17179141067903705,0.16478006103107679
BR,Latin America,Americas,300,0.8,17429,0.10646508180260154,0.17179141067903705,0.17116905143173966
BR,Latin America,Americas,300,1.0,17429,0.10625214039728621,0.17179141067903705,0.1717904009468872
BR,Latin America,Americas,500,0.0,31714,0.17179141067903705,0.17179141067903705,0.0
BR,Latin America,Americas,500,0.2,31714,0.13411387512447442,0.17179141067903705,0.09577372907133444
BR,Latin America,Americas,500,0.4,31714,0.11573290687075305,0.17179141067903705,0.1448774490418253
BR,Latin America,Americas,500,0.6,31714,0.10866548829631868,0.17179141067903705,0.16478006103107679
BR,Latin America,Americas,500,0.8,31714,0.10646508180260154,0.17179141067903705,0.17116905143173966
BR,Latin America,Americas,500,1.0,31714,0.10625214039728621,0.17179141067903705,0.1717904009468872
BY,Europe,EurAfrMENA,50,0.0,0,0.5466057041693771,0.5466057041693771,0.0
BY,Europe,EurAfrMENA,50,0.2,0,0.5466057041693771,0.5466057041693771,0.0
BY,Europe,EurAfrMENA,50,0.4,0,0.5466057041693771,0.5466057041693771,0.0
BY,Europe,EurAfrMENA,50,0.6,0,0.5466057041693771,0.5466057041693771,0.0
BY,Europe,EurAfrMENA,50,0.8,0,0.5466057041693771,0.5466057041693771,0.0
BY,Europe,EurAfrMENA,50,1.0,0,0.5466057041693771,0.5466057041693771,0.0
BY,Europe,EurAfrMENA,100,0.0,3143,0.5466057041693771,0.5466057041693771,0.0
BY,Europe,EurAfrMENA,100,0.2,3143,0.5018731984369764,0.5466057041693771,0.11758965677660517
BY,Europe,EurAfrMENA,100,0.4,3143,0.4558825660657152,0.5466057041693771,0.21863632617324413
BY,Europe,EurAfrMENA,100,0.6,3143,0.4113253492034264,0.5466057041693771,0.30169323860898223
BY,Europe,EurAfrMENA,100,0.8,3143,0.3697370293609489,0.5466057041693771,0.36926714777758196
BY,Europe,EurAfrMENA,100,1.0,3143,0.3339101233816963,0.5466057041693771,0.4211358728135159
BY,Europe,EurAfrMENA,150,0.0,6714,0.5466057041693771,0.5466057041693771,0.0
BY,Europe,EurAfrMENA,150,0.2,6714,0.501205088991803,0.5466057041693771,0.11919443081317993
BY,Europe,EurAfrMENA,150,0.4,6714,0.4541655808375845,0.5466057041693771,0.22207356095612946
BY,Europe,EurAfrMENA,150,0.6,6714,0.4081619493200471,0.5466057041693771,0.3071617972723268
BY,Europe,EurAfrMENA,150,0.8,6714,0.3650680646912686,0.5466057041693771,0.3763043929646327
BY,Europe,EurAfrMENA,150,1.0,6714,0.32785188214222105,0.5466057041693771,0.42942996434467856
BY,Europe,EurAfrMENA,200,0.0,10286,0.5466057041693771,0.5466057041693771,0.0
BY,Europe,EurAfrMENA,200,0.2,10286,0.49796109599694416,0.5466057041693771,0.12694027413508294
BY,Europe,EurAfrMENA,200,0.4,10286,0.44245665067271467,0.5466057041693771,0.24499266031786004
BY,Europe,EurAfrMENA,200,0.6,10286,0.38234248254202496,0.5466057041693771,0.34977675896385524
BY,Europe,EurAfrMENA,200,0.8,10286,0.32062049562356454,0.5466057041693771,0.4391387651472599
BY,Europe,EurAfrMENA,200,1.0,10286,0.2626108169876362,0.5466057041693771,0.5104833318733873
BY,Europe,EurAfrMENA,300,0.0,17429,0.5466057041693771,0.5466057041693771,0.0
BY,Europe,EurAfrMENA,300,0.2,17429,0.4976763103397435,0.5466057041693771,0.12761586450348797
BY,Europe,EurAfrMENA,300,0.4,17429,0.44094164680299675,0.5466057041693771,0.24789358192385538
BY,Europe,EurAfrMENA,300,0.6,17429,0.3765033980865611,0.5466057041693771,0.35891199373588456
BY,Europe,EurAfrMENA,300,0.8,17429,0.30507798159555627,0.5466057041693771,0.45935300040785304
BY,Europe,EurAfrMENA,300,1.0,17429,0.23080681447363557,0.5466057041693771,0.5459747954056738
BY,Europe,EurAfrMENA,500,0.0,31714,0.5466057041693771,0.5466057041693771,0.0
BY,Europe,EurAfrMENA,500,0.2,31714,0.4976763103397435,0.5466057041693771,0.12761586450348797
BY,Europe,EurAfrMENA,500,0.4,31714,0.44094164680299675,0.5466057041693771,0.24789358192385538
BY,Europe,EurAfrMENA,500,0.6,31714,0.3765033980865611,0.5466057041693771,0.35891199373588456
BY,Europe,EurAfrMENA,500,0.8,31714,0.30507798159555627,0.5466057041693771,0.45935300040785304
BY,Europe,EurAfrMENA,500,1.0,31714,0.23080681447363557,0.5466057041693771,0.5459747954056738
CA,North America,Americas,50,0.0,0,0.18744650530561147,0.18744650530561147,0.0
CA,North America,Americas,50,0.2,0,0.18744650530561147,0.18744650530561147,0.0
CA,North America,Americas,50,0.4,0,0.18744650530561147,0.18744650530561147,0.0
CA,North America,Americas,50,0.6,0,0.18744650530561147,0.18744650530561147,0.0
CA,North America,Americas,50,0.8,0,0.18744650530561147,0.18744650530561147,0.0
CA,North America,Americas,50,1.0,0,0.18744650530561147,0.18744650530561147,0.0
CA,North America,Americas,100,0.0,3143,0.18744650530561147,0.18744650530561147,0.0
CA,North America,Americas,100,0.2,3143,0.17811764526660762,0.18744650530561147,0.02137209799070816
CA,North America,Americas,100,0.4,3143,0.1764473184926894,0.18744650530561147,0.02523241224780672
CA,North America,Americas,100,0.6,3143,0.17627666929665214,0.18744650530561147,0.02562800539726382
CA,North America,Americas,100,0.8,3143,0.176266279240276,0.18744650530561147,0.02565241545261241
CA,North America,Americas,100,1.0,3143,0.176266279240276,0.18744650530561147,0.02565241545261241
CA,North America,Americas,150,0.0,6714,0.18744650530561147,0.18744650530561147,0.0
CA,North America,Americas,150,0.2,6714,0.1474245367858736,0.18744650530561147,0.09408571440875736
CA,North America,Americas,150,0.4,6714,0.12346222458734804,0.18744650530561147,0.15165024662078574
CA,North America,Americas,150,0.6,6714,0.11320284618244855,0.18744650530561147,0.1768628198918055
CA,North America,Americas,150,0.8,6714,0.1105084546692389,0.18744650530561147,0.18349890817689227
CA,North America,Americas,150,1.0,6714,0.11031488455376125,0.18744650530561147,0.183973053979511
CA,North America,Americas,200,0.0,10286,0.18744650530561147,0.18744650530561147,0.0
CA,North America,Americas,200,0.2,10286,0.1472166510965426,0.18744650530561147,0.09458089527777291
CA,North America,Americas,200,0.4,10286,0.12270777939013355,0.18744650530561147,0.1534821031291472
CA,North America,Americas,200,0.6,10286,0.1121389554758012,0.18744650530561147,0.179466706924089
CA,North America,Americas,200,0.8,10286,0.10933704763421691,0.18744650530561147,0.18638312931092693
CA,North America,Americas,200,1.0,10286,0.10913878743585763,0.18744650530561147,0.18686963670803775
CA,North America,Americas,300,0.0,17429,0.18744650530561147,0.18744650530561147,0.0
CA,North America,Americas,300,0.2,17429,0.1471948407519707,0.18744650530561147,0.09463198157012594
CA,North America,Americas,300,0.4,17429,0.12263485683484773,0.18744650530561147,0.1536598774159216
CA,North America,Americas,300,0.6,17429,0.11194942487729863,0.18744650530561147,0.1799313200465406
CA,North America,Americas,300,0.8,17429,0.10911938998336335,0.18744650530561147,0.18691860391948015
CA,North America,Americas,300,1.0,17429,0.10892116487793953,0.18744650530561147,0.18740511131659093
CA,North America,Americas,500,0.0,31714,0.18744650530561147,0.18744650530561147,0.0
CA,North America,Americas,500,0.2,31714,0.1471948407519707,0.18744650530561147,0.09463198157012594
CA,North America,Americas,500,0.4,31714,0.12263485683484773,0.18744650530561147,0.1536598774159216
CA,North America,Americas,500,0.6,31714,0.11194942487729863,0.18744650530561147,0.1799313200465406
CA,North America,Americas,500,0.8,31714,0.10911938998336335,0.18744650530561147,0.18691860391948015
CA,North America,Americas,500,1.0,31714,0.10892116487793953,0.18744650530561147,0.18740511131659093
CH,Europe,EurAfrMENA,50,0.0,0,0.517883765909733,0.517883765909733,0.0
CH,Europe,EurAfrMENA,50,0.2,0,0.517883765909733,0.517883765909733,0.0
CH,Europe,EurAfrMENA,50,0.4,0,0.517883765909733,0.517883765909733,0.0
CH,Europe,EurAfrMENA,50,0.6,0,0.517883765909733,0.517883765909733,0.0
CH,Europe,EurAfrMENA,50,0.8,0,0.517883765909733,0.517883765909733,0.0
CH,Europe,EurAfrMENA,50,1.0,0,0.517883765909733,0.517883765909733,0.0
CH,Europe,EurAfrMENA,100,0.0,3143,0.517883765909733,0.517883765909733,0.0
CH,Europe,EurAfrMENA,100,0.2,3143,0.47297817344437615,0.517883765909733,0.11273660845702507
CH,Europe,EurAfrMENA,100,0.4,3143,0.4290147660235018,0.517883765909733,0.20678835220021222
CH,Europe,EurAfrMENA,100,0.6,3143,0.38735518047193235,0.517883765909733,0.2842897148861137
CH,Europe,EurAfrMENA,100,0.8,3143,0.34881204294016055,0.517883765909733,0.3480032465410851
CH,Europe,EurAfrMENA,100,1.0,3143,0.31533928635519465,0.517883765909733,0.39834298382651195
CH,Europe,EurAfrMENA,150,0.0,6714,0.517883765909733,0.517883765909733,0.0
CH,Europe,EurAfrMENA,150,0.2,6714,0.4717148395999624,0.517883765909733,0.1156295847675601
CH,Europe,EurAfrMENA,150,0.4,6714,0.42482955203946077,0.517883765909733,0.21504180006418938
CH,Europe,EurAfrMENA,150,0.6,6714,0.37869713732791604,0.517883765909733,0.29924529991464704
CH,Europe,EurAfrMENA,150,0.8,6714,0.3354163004362467,0.517883765909733,0.36861849090771803
CH,Europe,EurAfrMENA,150,1.0,6714,0.29825094252980394,0.517883765909733,0.422631935603143
CH,Europe,EurAfrMENA,200,0.0,10286,0.517883765909733,0.517883765909733,0.0
CH,Europe,EurAfrMENA,200,0.2,10286,0.468390252135594,0.517883765909733,0.12318688438758141
CH,Europe,EurAfrMENA,200,0.4,10286,0.4133003220519085,0.517883765909733,0.23719434017556099
CH,Europe,EurAfrMENA,200,0.6,10286,0.35323259565187487,0.517883765909733,0.3410053910542298
CH,Europe,EurAfrMENA,200,0.8,10286,0.2918646276457608,0.517883765909733,0.43151524863298574
CH,Europe,EurAfrMENA,200,1.0,10286,0.23594301942898696,0.517883765909733,0.5043976923145469
CH,Europe,EurAfrMENA,300,0.0,17429,0.517883765909733,0.517883765909733,0.0
CH,Europe,EurAfrMENA,300,0.2,17429,0.4683505465363041,0.517883765909733,0.12327665055682681
CH,Europe,EurAfrMENA,300,0.4,17429,0.4129320680772838,0.517883765909733,0.2378882169318161
CH,Europe,EurAfrMENA,300,0.6,17429,0.35186827128723025,0.517883765909733,0.34317119382402095
CH,Europe,EurAfrMENA,300,0.8,17429,0.2881294838526865,0.517883765909733,0.4366599674247033
CH,Europe,EurAfrMENA,300,1.0,17429,0.2276572975015616,0.517883765909733,0.5144542328876509
CH,Europe,EurAfrMENA,500,0.0,31714,0.517883765909733,0.517883765909733,0.0
CH,Europe,EurAfrMENA,500,0.2,31714,0.4683489024045905,0.517883765909733,0.12328036720316991
CH,Europe,EurAfrMENA,500,0.4,31714,0.41290663762610597,0.517883765909733,0.237936087265136
CH,Europe,EurAfrMENA,500,0.6,31714,0.35172647274337443,0.517883765909733,0.34339631436070595
CH,Europe,EurAfrMENA,500,0.8,31714,0.2876036788878179,0.517883765909733,0.43738189917254855
CH,Europe,EurAfrMENA,500,1.0,31714,0.2263904213634657,0.517883765909733,0.5159765378582551
CL,Latin America,Americas,50,0.0,0,0.29787078298388703,0.29787078298388703,0.0
CL,Latin America,Americas,50,0.2,0,0.29787078298388703,0.29787078298388703,0.0
CL,Latin America,Americas,50,0.4,0,0.29787078298388703,0.29787078298388703,0.0
CL,Latin America,Americas,50,0.6,0,0.29787078298388703,0.29787078298388703,0.0
CL,Latin America,Americas,50,0.8,0,0.29787078298388703,0.29787078298388703,0.0
CL,Latin America,Americas,50,1.0,0,0.29787078298388703,0.29787078298388703,0.0
CL,Latin America,Americas,100,0.0,3143,0.29787078298388703,0.29787078298388703,0.0
CL,Latin America,Americas,100,0.2,3143,0.29787078298388703,0.29787078298388703,0.0
CL,Latin America,Americas,100,0.4,3143,0.29787078298388703,0.29787078298388703,0.0
CL,Latin America,Americas,100,0.6,3143,0.29787078298388703,0.29787078298388703,0.0
CL,Latin America,Americas,100,0.8,3143,0.29787078298388703,0.29787078298388703,0.0
CL,Latin America,Americas,100,1.0,3143,0.29787078298388703,0.29787078298388703,0.0
CL,Latin America,Americas,150,0.0,6714,0.29787078298388703,0.29787078298388703,0.0
CL,Latin America,Americas,150,0.2,6714,0.27616695350228615,0.29787078298388703,0.04574549574591752
CL,Latin America,Americas,150,0.4,6714,0.2640615713321204,0.29787078298388703,0.07139617491784708
CL,Latin America,Americas,150,0.6,6714,0.25722819745883924,0.29787078298388703,0.085734289401287
CL,Latin America,Americas,150,0.8,6714,0.2534154313847806,0.29787078298388703,0.09367043746468631
CL,Latin America,Americas,150,1.0,6714,0.2516496862562517,0.29787078298388703,0.09728535830552973
CL,Latin America,Americas,200,0.0,10286,0.29787078298388703,0.29787078298388703,0.0
CL,Latin America,Americas,200,0.2,10286,0.2572075227521637,0.29787078298388703,0.08597155381819169
CL,Latin America,Americas,200,0.4,10286,0.22820204152178,0.29787078298388703,0.14476019783301958
CL,Latin America,Americas,200,0.6,10286,0.20838921973317182,0.29787078298388703,0.18377495421628648
CL,Latin America,Americas,200,0.8,10286,0.19606029333866434,0.29787078298388703,0.2076096814117013
CL,Latin America,Americas,200,1.0,10286,0.1902596964365435,0.29787078298388703,0.2187973088537388
CL,Latin America,Americas,300,0.0,17429,0.29787078298388703,0.29787078298388703,0.0
CL,Latin America,Americas,300,0.2,17429,0.2528754975583996,0.29787078298388703,0.09514863439197555
CL,Latin America,Americas,300,0.4,17429,0.21589057467867953,0.29787078298388703,0.1694906981427185
CL,Latin America,Americas,300,0.6,17429,0.18540257023320036,0.29787078298388703,0.22842130885616466
CL,Latin America,Americas,300,0.8,17429,0.16206957138606562,0.29787078298388703,0.2727910239009836
CL,Latin America,Americas,300,1.0,17429,0.1489094441090875,0.29787078298388703,0.2977815796843026
CL,Latin America,Americas,500,0.0,31714,0.29787078298388703,0.29787078298388703,0.0
CL,Latin America,Americas,500,0.2,31714,0.2528754975583996,0.29787078298388703,0.09514863439197555
CL,Latin America,Americas,500,0.4,31714,0.21589057467867953,0.29787078298388703,0.1694906981427185
CL,Latin America,Americas,500,0.6,31714,0.18540173171271307,0.29787078298388703,0.22842253684817382
CL,Latin America,Americas,500,0.8,31714,0.16206878353826434,0.29787078298388703,0.2727922518929928
CL,Latin America,Americas,500,1.0,31714,0.1489086094715978,0.29787078298388703,0.2977829537444496
CN,Asia-Pacific,Asia,50,0.0,0,0.11943467542819217,0.11943467542819217,0.0
CN,Asia-Pacific,Asia,50,0.2,0,0.11943467542819217,0.11943467542819217,0.0
CN,Asia-Pacific,Asia,50,0.4,0,0.11943467542819217,0.11943467542819217,0.0
CN,Asia-Pacific,Asia,50,0.6,0,0.11943467542819217,0.11943467542819217,0.0
CN,Asia-Pacific,Asia,50,0.8,0,0.11943467542819217,0.11943467542819217,0.0
CN,Asia-Pacific,Asia,50,1.0,0,0.11943467542819217,0.11943467542819217,0.0
CN,Asia-Pacific,Asia,100,0.0,3143,0.11943467542819217,0.11943467542819217,0.0
CN,Asia-Pacific,Asia,100,0.2,3143,0.10652030856642163,0.11943467542819217,0.0326923163748368
CN,Asia-Pacific,Asia,100,0.4,3143,0.10346393353578157,0.11943467542819217,0.04148445887327234
CN,Asia-Pacific,Asia,100,0.6,3143,0.10309485499838489,0.11943467542819217,0.0425859383704662
CN,Asia-Pacific,Asia,100,0.8,3143,0.10309085567088194,0.11943467542819217,0.0425989443771478
CN,Asia-Pacific,Asia,100,1.0,3143,0.10309085567088194,0.11943467542819217,0.0425989443771478
CN,Asia-Pacific,Asia,150,0.0,6714,0.11943467542819217,0.11943467542819217,0.0
CN,Asia-Pacific,Asia,150,0.2,6714,0.09067400560809497,0.11943467542819217,0.06927538372001989
CN,Asia-Pacific,Asia,150,0.4,6714,0.08186963149623729,0.11943467542819217,0.09215417833116951
CN,Asia-Pacific,Asia,150,0.6,6714,0.08033411853255076,0.11943467542819217,0.09616169776489003
CN,Asia-Pacific,Asia,150,0.8,6714,0.0802677934573834,0.11943467542819217,0.09633496955991985
CN,Asia-Pacific,Asia,150,1.0,6714,0.0802677934573834,0.11943467542819217,0.09633496955991985
CN,Asia-Pacific,Asia,200,0.0,10286,0.11943467542819217,0.11943467542819217,0.0
CN,Asia-Pacific,Asia,200,0.2,10286,0.08590174321118424,0.11943467542819217,0.08126924943942931
CN,Asia-Pacific,Asia,200,0.4,10286,0.07467890824771568,0.11943467542819217,0.11092884831595644
CN,Asia-Pacific,Asia,200,0.6,10286,0.07246731872041505,0.11943467542819217,0.11688629402233836
CN,Asia-Pacific,Asia,200,0.8,10286,0.0723475773234324,0.11943467542819217,0.11721081416087596
CN,Asia-Pacific,Asia,200,1.0,10286,0.0723475773234324,0.11943467542819217,0.11721081416087596
CN,Asia-Pacific,Asia,300,0.0,17429,0.11943467542819217,0.11943467542819217,0.0
CN,Asia-Pacific,Asia,300,0.2,17429,0.085513872461163,0.11943467542819217,0.08228580176306728
CN,Asia-Pacific,Asia,300,0.4,17429,0.07400202140730565,0.11943467542819217,0.11281133650137597
CN,Asia-Pacific,Asia,300,0.6,17429,0.0716912289410308,0.11943467542819217,0.11906452484412004
CN,Asia-Pacific,Asia,300,0.8,17429,0.0715548365773522,0.11943467542819217,0.11943467542819217
CN,Asia-Pacific,Asia,300,1.0,17429,0.0715548365773522,0.11943467542819217,0.11943467542819217
CN,Asia-Pacific,Asia,500,0.0,31714,0.11943467542819217,0.11943467542819217,0.0
CN,Asia-Pacific,Asia,500,0.2,31714,0.085513872461163,0.11943467542819217,0.08228580176306728
CN,Asia-Pacific,Asia,500,0.4,31714,0.07400202140730565,0.11943467542819217,0.11281133650137597
CN,Asia-Pacific,Asia,500,0.6,31714,0.0716912289410308,0.11943467542819217,0.11906452484412004
CN,Asia-Pacific,Asia,500,0.8,31714,0.0715548365773522,0.11943467542819217,0.11943467542819217
CN,Asia-Pacific,Asia,500,1.0,31714,0.0715548365773522,0.11943467542819217,0.11943467542819217
CO,Latin America,Americas,50,0.0,0,0.46542910477483995,0.46542910477483995,0.0
CO,Latin America,Americas,50,0.2,0,0.46542910477483995,0.46542910477483995,0.0
CO,Latin America,Americas,50,0.4,0,0.46542910477483995,0.46542910477483995,0.0
CO,Latin America,Americas,50,0.6,0,0.46542910477483995,0.46542910477483995,0.0
CO,Latin America,Americas,50,0.8,0,0.46542910477483995,0.46542910477483995,0.0
CO,Latin America,Americas,50,1.0,0,0.46542910477483995,0.46542910477483995,0.0
CO,Latin America,Americas,100,0.0,3143,0.46542910477483995,0.46542910477483995,0.0
CO,Latin America,Americas,100,0.2,3143,0.46542910477483995,0.46542910477483995,0.0
CO,Latin America,Americas,100,0.4,3143,0.46542910477483995,0.46542910477483995,0.0
CO,Latin America,Americas,100,0.6,3143,0.46542910477483995,0.46542910477483995,0.0
CO,Latin America,Americas,100,0.8,3143,0.46542910477483995,0.46542910477483995,0.0
CO,Latin America,Americas,100,1.0,3143,0.46542910477483995,0.46542910477483995,0.0
CO,Latin America,Americas,150,0.0,6714,0.46542910477483995,0.46542910477483995,0.0
CO,Latin America,Americas,150,0.2,6714,0.43183492733220863,0.46542910477483995,0.07116264495903014
CO,Latin America,Americas,150,0.4,6714,0.4055756710784329,0.46542910477483995,0.12126760621430352
CO,Latin America,Americas,150,0.6,6714,0.38562321048488857,0.46542910477483995,0.15675723665412178
CO,Latin America,Americas,150,0.8,6714,0.37020185120372023,0.46542910477483995,0.18276440716990602
CO,Latin America,Americas,150,1.0,6714,0.35753434983562654,0.46542910477483995,0.2032468794962293
CO,Latin America,Americas,200,0.0,10286,0.46542910477483995,0.46542910477483995,0.0
CO,Latin America,Americas,200,0.2,10286,0.4131105588339451,0.46542910477483995,0.10731799200691469
CO,Latin America,Americas,200,0.4,10286,0.35508510205026883,0.46542910477483995,0.20712811100569783
CO,Latin America,Americas,200,0.6,10286,0.2910039028758829,0.46542910477483995,0.3001969202022653
CO,Latin America,Americas,200,0.8,10286,0.2221797704411569,0.46542910477483995,0.3862293994547744
CO,Latin America,Americas,200,1.0,10286,0.15442708476326972,0.46542910477483995,0.462145062964359
CO,Latin America,Americas,300,0.0,17429,0.46542910477483995,0.46542910477483995,0.0
CO,Latin America,Americas,300,0.2,17429,0.4130776433340624,0.46542910477483995,0.10737960501317025
CO,Latin America,Americas,300,0.4,17429,0.354921105440664,0.46542910477483995,0.20738713617445423
CO,Latin America,Americas,300,0.6,17429,0.29050636980910377,0.46542910477483995,0.30086466623665997
CO,Latin America,Americas,300,0.8,17429,0.2208223256539718,0.46542910477483995,0.38780950207958326
CO,Latin America,Americas,300,1.0,17429,0.15147036658784846,0.46542910477483995,0.46537592022626234
CO,Latin America,Americas,500,0.0,31714,0.46542910477483995,0.46542910477483995,0.0
CO,Latin America,Americas,500,0.2,31714,0.4130776433340624,0.46542910477483995,0.10737960501317025
CO,Latin America,Americas,500,0.4,31714,0.354921105440664,0.46542910477483995,0.20738713617445423
CO,Latin America,Americas,500,0.6,31714,0.29050636980910377,0.46542910477483995,0.30086466623665997
CO,Latin America,Americas,500,0.8,31714,0.2208223256539718,0.46542910477483995,0.38780950207958326
CO,Latin America,Americas,500,1.0,31714,0.15147036658784846,0.46542910477483995,0.46537592022626234
CR,North America,Americas,50,0.0,0,0.49597137817348,0.49597137817348,0.0
CR,North America,Americas,50,0.2,0,0.49597137817348,0.49597137817348,0.0
CR,North America,Americas,50,0.4,0,0.49597137817348,0.49597137817348,0.0
CR,North America,Americas,50,0.6,0,0.49597137817348,0.49597137817348,0.0
CR,North America,Americas,50,0.8,0,0.49597137817348,0.49597137817348,0.0
CR,North America,Americas,50,1.0,0,0.49597137817348,0.49597137817348,0.0
CR,North America,Americas,100,0.0,3143,0.49597137817348,0.49597137817348,0.0
CR,North America,Americas,100,0.2,3143,0.48398210312095646,0.49597137817348,0.028641802444174688
CR,North America,Americas,100,0.4,3143,0.47628780706374535,0.49597137817348,0.04636535760633298
CR,North America,Americas,100,0.6,3143,0.4709794374785943,0.49597137817348,0.058290282696003455
CR,North America,Americas,100,0.8,3143,0.4667212669454309,0.49597137817348,0.06768710648024856
CR,North America,Americas,100,1.0,3143,0.4633371785829746,0.49597137817348,0.07505943708931838
CR,North America,Americas,150,0.0,6714,0.49597137817348,0.49597137817348,0.0
CR,North America,Americas,150,0.2,6714,0.4637129167311366,0.49597137817348,0.07424545202577099
CR,North America,Americas,150,0.4,6714,0.439628337749555,0.49597137817348,0.12431677852338657
CR,North America,Americas,150,0.6,6714,0.42135167126082945,0.49597137817348,0.15964846576127895
CR,North America,Americas,150,0.8,6714,0.4064378751169238,0.49597137817348,0.186960735856105
CR,North America,Americas,150,1.0,6714,0.3937439419588559,0.49597137817348,0.2091722284858226
CR,North America,Americas,200,0.0,10286,0.49597137817348,0.49597137817348,0.0
CR,North America,Americas,200,0.2,10286,0.44433898065987254,0.49597137817348,0.11484299147082087
CR,North America,Americas,200,0.4,10286,0.3868491959003122,0.49597137817348,0.22088198434858303
CR,North America,Americas,200,0.6,10286,0.32288143810527814,0.49597137817348,0.31891892504251745
CR,North America,Americas,200,0.8,10286,0.2533020522995229,0.49597137817348,0.4098738726613549
CR,North America,Americas,200,1.0,10286,0.18277989815601794,0.49597137817348,0.49007346471880275
CR,North America,Americas,300,0.0,17429,0.49597137817348,0.49597137817348,0.0
CR,North America,Americas,300,0.2,17429,0.44431998989924737,0.49597137817348,0.11488149184196346
CR,North America,Americas,300,0.4,17429,0.38662062956871157,0.49597137817348,0.2212660056838288
CR,North America,Americas,300,0.6,17429,0.32194171718567954,0.49597137817348,0.3202405527805185
CR,North America,Americas,300,0.8,17429,0.2506171587645949,0.49597137817348,0.41310733212530854
CR,North America,Americas,300,1.0,17429,0.17728994740677462,0.49597137817348,0.49596966419063954
CR,North America,Americas,500,0.0,31714,0.49597137817348,0.49597137817348,0.0
CR,North America,Americas,500,0.2,31714,0.44431998989924737,0.49597137817348,0.11488149184196346
CR,North America,Americas,500,0.4,31714,0.38662062956871157,0.49597137817348,0.2212660056838288
CR,North America,Americas,500,0.6,31714,0.32194171718567954,0.49597137817348,0.3202405527805185
CR,North America,Americas,500,0.8,31714,0.2506171587645949,0.49597137817348,0.41310733212530854
CR,North America,Americas,500,1.0,31714,0.17728994740677462,0.49597137817348,0.49596966419063954
CU,North America,Americas,50,0.0,0,0.2848706646712883,0.2848706646712883,0.0
CU,North America,Americas,50,0.2,0,0.2848706646712883,0.2848706646712883,0.0
CU,North America,Americas,50,0.4,0,0.2848706646712883,0.2848706646712883,0.0
CU,North America,Americas,50,0.6,0,0.2848706646712883,0.2848706646712883,0.0
CU,North America,Americas,50,0.8,0,0.2848706646712883,0.2848706646712883,0.0
CU,North America,Americas,50,1.0,0,0.2848706646712883,0.2848706646712883,0.0
CU,North America,Americas,100,0.0,3143,0.2848706646712883,0.2848706646712883,0.0
CU,North America,Americas,100,0.2,3143,0.25729597937497833,0.2848706646712883,0.06087288088197616
CU,North America,Americas,100,0.4,3143,0.2411672497800448,0.2848706646712883,0.0954320474637254
CU,North America,Americas,100,0.6,3143,0.2323778494576294,0.2848706646712883,0.1138824772868557
CU,North America,Americas,100,0.8,3143,0.22791757374341146,0.2848706646712883,0.12313775007555168
CU,North America,Americas,100,1.0,3143,0.22626453799963359,0.2848706646712883,0.12654404399860095
CU,North America,Americas,150,0.0,6714,0.2848706646712883,0.2848706646712883,0.0
CU,North America,Americas,150,0.2,6714,0.2500622261091174,0.2848706646712883,0.0763736521310068
CU,North America,Americas,150,0.4,6714,0.22669279415772206,0.2848706646712883,0.12538691729352258
CU,North America,Americas,150,0.6,6714,0.21260039568495656,0.2848706646712883,0.15408013497618203
CU,North America,Americas,150,0.8,6714,0.20513845350143425,0.2848706646712883,0.16911662745225467
CU,North America,Americas,150,1.0,6714,0.20231291991569136,0.2848706646712883,0.1747606998833086
CU,North America,Americas,200,0.0,10286,0.2848706646712883,0.2848706646712883,0.0
CU,North America,Americas,200,0.2,10286,0.2388152791386111,0.2848706646712883,0.10075912931310524
CU,North America,Americas,200,0.4,10286,0.20112148329052149,0.2848706646712883,0.17793060826626317
CU,North America,Americas,200,0.6,10286,0.17313090179879076,0.2848706646712883,0.23259011773174887
CU,North America,Americas,200,0.8,10286,0.15489312790058543,0.2848706646712883,0.2676802663456794
CU,North America,Americas,200,1.0,10286,0.14641497384557983,0.2848706646712883,0.28387008248161305
CU,North America,Americas,300,0.0,17429,0.2848706646712883,0.2848706646712883,0.0
CU,North America,Americas,300,0.2,17429,0.2387950149817657,0.2848706646712883,0.10080298822656185
CU,North America,Americas,300,0.4,17429,0.20103176639222792,0.2848706646712883,0.17811277973789788
CU,North America,Americas,300,0.6,17429,0.1729243520453447,0.2848706646712883,0.23299531657996356
CU,North America,Americas,300,0.8,17429,0.15455210814951048,0.2848706646712883,0.2683410390883879
CU,North America,Americas,300,1.0,17429,0.14590684152858502,0.2848706646712883,0.2848452403174384
CU,North America,Americas,500,0.0,31714,0.2848706646712883,0.2848706646712883,0.0
CU,North America,Americas,500,0.2,31714,0.2387950149817657,0.2848706646712883,0.10080298822656185
CU,North America,Americas,500,0.4,31714,0.20103176639222792,0.2848706646712883,0.17811277973789788
CU,North America,Americas,500,0.6,31714,0.1729243520453447,0.2848706646712883,0.23299531657996356
CU,North America,Americas,500,0.8,31714,0.15455210814951048,0.2848706646712883,0.2683410390883879
CU,North America,Americas,500,1.0,31714,0.14590684152858502,0.2848706646712883,0.2848452403174384
CV,Africa/MENA,EurAfrMENA,50,0.0,0,0.44658761159373195,0.44658761159373195,0.0
CV,Africa/MENA,EurAfrMENA,50,0.2,0,0.44658761159373195,0.44658761159373195,0.0
CV,Africa/MENA,EurAfrMENA,50,0.4,0,0.44658761159373195,0.44658761159373195,0.0
CV,Africa/MENA,EurAfrMENA,50,0.6,0,0.44658761159373195,0.44658761159373195,0.0
CV,Africa/MENA,EurAfrMENA,50,0.8,0,0.44658761159373195,0.44658761159373195,0.0
CV,Africa/MENA,EurAfrMENA,50,1.0,0,0.44658761159373195,0.44658761159373195,0.0
CV,Africa/MENA,EurAfrMENA,100,0.0,3143,0.44658761159373195,0.44658761159373195,0.0
CV,Africa/MENA,EurAfrMENA,100,0.2,3143,0.44658761159373195,0.44658761159373195,0.0
CV,Africa/MENA,EurAfrMENA,100,0.4,3143,0.44658761159373195,0.44658761159373195,0.0
CV,Africa/MENA,EurAfrMENA,100,0.6,3143,0.44658761159373195,0.44658761159373195,0.0
CV,Africa/MENA,EurAfrMENA,100,0.8,3143,0.44658761159373195,0.44658761159373195,0.0
CV,Africa/MENA,EurAfrMENA,100,1.0,3143,0.44658761159373195,0.44658761159373195,0.0
CV,Africa/MENA,EurAfrMENA,150,0.0,6714,0.44658761159373195,0.44658761159373195,0.0
CV,Africa/MENA,EurAfrMENA,150,0.2,6714,0.3972674312475906,0.44658761159373195,0.10115652269861208
CV,Africa/MENA,EurAfrMENA,150,0.4,6714,0.3470502579718723,0.44658761159373195,0.19075999587281905
CV,Africa/MENA,EurAfrMENA,150,0.6,6714,0.2965651843045335,0.44658761159373195,0.2698073500190203
CV,Africa/MENA,EurAfrMENA,150,0.8,6714,0.24628021106923859,0.44658761159373195,0.3402023188464241
CV,Africa/MENA,EurAfrMENA,150,1.0,6714,0.19826044250917949,0.44658761159373195,0.40112804662349505
CV,Africa/MENA,EurAfrMENA,200,0.0,10286,0.44658761159373195,0.44658761159373195,0.0
CV,Africa/MENA,EurAfrMENA,200,0.2,10286,0.39520965695363885,0.44658761159373195,0.10507156721583029
CV,Africa/MENA,EurAfrMENA,200,0.4,10286,0.3400997146266601,0.44658761159373195,0.20224789812084254
CV,Africa/MENA,EurAfrMENA,200,0.6,10286,0.282166859923637,0.44658761159373195,0.2907507598201611
CV,Africa/MENA,EurAfrMENA,200,0.8,10286,0.22163614239735546,0.44658761159373195,0.37208227102777525
CV,Africa/MENA,EurAfrMENA,200,1.0,10286,0.16401895807271225,0.44658761159373195,0.4425765212140352
CV,Africa/MENA,EurAfrMENA,300,0.0,17429,0.44658761159373195,0.44658761159373195,0.0
CV,Africa/MENA,EurAfrMENA,300,0.2,17429,0.3951891449228836,0.44658761159373195,0.10511046351917024
CV,Africa/MENA,EurAfrMENA,300,0.4,17429,0.3399770820368283,0.44658761159373195,0.2024482027277681
CV,Africa/MENA,EurAfrMENA,300,0.6,17429,0.2817436427863025,0.44658761159373195,0.2913585068850809
CV,Africa/MENA,EurAfrMENA,300,0.8,17429,0.22036691015813595,0.44658761159373195,0.373684422187246
CV,Africa/MENA,EurAfrMENA,300,1.0,17429,0.16156332635445458,0.44658761159373195,0.4454903214021075
CV,Africa/MENA,EurAfrMENA,500,0.0,31714,0.44658761159373195,0.44658761159373195,0.0
CV,Africa/MENA,EurAfrMENA,500,0.2,31714,0.3951891449228836,0.44658761159373195,0.10511046351917024
CV,Africa/MENA,EurAfrMENA,500,0.4,31714,0.3399770820368283,0.44658761159373195,0.2024482027277681
CV,Africa/MENA,EurAfrMENA,500,0.6,31714,0.28173260412600487,0.44658761159373195,0.2913743638124741
CV,Africa/MENA,EurAfrMENA,500,0.8,31714,0.2202927684711958,0.44658761159373195,0.37377788833076864
CV,Africa/MENA,EurAfrMENA,500,1.0,31714,0.1613756803311336,0.44658761159373195,0.44571291071677155
CZ,Europe,EurAfrMENA,50,0.0,0,0.5233920215890386,0.5233920215890386,0.0
CZ,Europe,EurAfrMENA,50,0.2,0,0.5233920215890386,0.5233920215890386,0.0
CZ,Europe,EurAfrMENA,50,0.4,0,0.5233920215890386,0.5233920215890386,0.0
CZ,Europe,EurAfrMENA,50,0.6,0,0.5233920215890386,0.5233920215890386,0.0
CZ,Europe,EurAfrMENA,50,0.8,0,0.5233920215890386,0.5233920215890386,0.0
CZ,Europe,EurAfrMENA,50,1.0,0,0.5233920215890386,0.5233920215890386,0.0
CZ,Europe,EurAfrMENA,100,0.0,3143,0.5233920215890386,0.5233920215890386,0.0
CZ,Europe,EurAfrMENA,100,0.2,3143,0.4797653779764835,0.5233920215890386,0.11321133861065222
CZ,Europe,EurAfrMENA,100,0.4,3143,0.4380463770004519,0.5233920215890386,0.20575460751701968
CZ,Europe,EurAfrMENA,100,0.6,3143,0.39958048038318017,0.5233920215890386,0.2797517202019873
CZ,Europe,EurAfrMENA,100,0.8,3143,0.36514559007903846,0.5233920215890386,0.3387387200278218
CZ,Europe,EurAfrMENA,100,1.0,3143,0.33598657026494394,0.5233920215890386,0.3845850615243255
CZ,Europe,EurAfrMENA,150,0.0,6714,0.5233920215890386,0.5233920215890386,0.0
CZ,Europe,EurAfrMENA,150,0.2,6714,0.4794068912584445,0.5233920215890386,0.11406745879265508
CZ,Europe,EurAfrMENA,150,0.4,6714,0.4370312731880267,0.5233920215890386,0.20783639361365558
CZ,Europe,EurAfrMENA,150,0.6,6714,0.3977261154414517,0.5233920215890386,0.2830930599223761
CZ,Europe,EurAfrMENA,150,0.8,6714,0.36247584281381723,0.5233920215890386,0.34307075584241775
CZ,Europe,EurAfrMENA,150,1.0,6714,0.33240334173738423,0.5233920215890386,0.3899722163076893
CZ,Europe,EurAfrMENA,200,0.0,10286,0.5233920215890386,0.5233920215890386,0.0
CZ,Europe,EurAfrMENA,200,0.2,10286,0.47491287275081423,0.5233920215890386,0.12469588224361296
CZ,Europe,EurAfrMENA,200,0.4,10286,0.420783450718216,0.5233920215890386,0.24014191778464195
CZ,Europe,EurAfrMENA,200,0.6,10286,0.36182487624185844,0.5233920215890386,0.34408033288066164
CZ,Europe,EurAfrMENA,200,0.8,10286,0.3018502298469981,0.5233920215890386,0.43399033389128366
CZ,Europe,EurAfrMENA,200,1.0,10286,0.24640857874430774,0.5233920215890386,0.5067852025166538
CZ,Europe,EurAfrMENA,300,0.0,17429,0.5233920215890386,0.5233920215890386,0.0
CZ,Europe,EurAfrMENA,300,0.2,17429,0.47487604625732965,0.5233920215890386,0.12478228593232817
CZ,Europe,EurAfrMENA,300,0.4,17429,0.42040834583161624,0.5233920215890386,0.24086903706738846
CZ,Europe,EurAfrMENA,300,0.6,17429,0.3601734247466309,0.5233920215890386,0.3467486674581301
CZ,Europe,EurAfrMENA,300,0.8,17429,0.2970041210725479,0.5233920215890386,0.44069686111361966
CZ,Europe,EurAfrMENA,300,1.0,17429,0.23557124138555927,0.5233920215890386,0.5201247975079608
CZ,Europe,EurAfrMENA,500,0.0,31714,0.5233920215890386,0.5233920215890386,0.0
CZ,Europe,EurAfrMENA,500,0.2,31714,0.47487541779991005,0.5233920215890386,0.12478376029446403
CZ,Europe,EurAfrMENA,500,0.4,31714,0.42039034004080394,0.5233920215890386,0.2409039111959928
CZ,Europe,EurAfrMENA,500,0.6,31714,0.3600756447791103,0.5233920215890386,0.34690641047402215
CZ,Europe,EurAfrMENA,500,0.8,31714,0.2965304206714859,0.5233920215890386,0.4413474338025775
CZ,Europe,EurAfrMENA,500,1.0,31714,0.23436719494033534,0.5233920215890386,0.5215916744631617
DE,Europe,EurAfrMENA,50,0.0,0,0.2214098749929638,0.2214098749929638,0.0
DE,Europe,EurAfrMENA,50,0.2,0,0.2214098749929638,0.2214098749929638,0.0
DE,Europe,EurAfrMENA,50,0.4,0,0.2214098749929638,0.2214098749929638,0.0
DE,Europe,EurAfrMENA,50,0.6,0,0.2214098749929638,0.2214098749929638,0.0
DE,Europe,EurAfrMENA,50,0.8,0,0.2214098749929638,0.2214098749929638,0.0
DE,Europe,EurAfrMENA,50,1.0,0,0.2214098749929638,0.2214098749929638,0.0
DE,Europe,EurAfrMENA,100,0.0,3143,0.2214098749929638,0.2214098749929638,0.0
DE,Europe,EurAfrMENA,100,0.2,3143,0.18393841867187394,0.2214098749929638,0.09483830262314878
DE,Europe,EurAfrMENA,100,0.4,3143,0.16380486948292164,0.2214098749929638,0.1470022408592522
DE,Europe,EurAfrMENA,100,0.6,3143,0.15481669063543435,0.2214098749929638,0.17075899652882714
DE,Europe,EurAfrMENA,100,0.8,3143,0.15154804580880615,0.2214098749929638,0.17947493486490262
DE,Europe,EurAfrMENA,100,1.0,3143,0.1511147803026829,0.2214098749929638,0.18063046872153016
DE,Europe,EurAfrMENA,150,0.0,6714,0.2214098749929638,0.2214098749929638,0.0
DE,Europe,EurAfrMENA,150,0.2,6714,0.18259124944438476,0.2214098749929638,0.0981553181128343
DE,Europe,EurAfrMENA,150,0.4,6714,0.16089507484310725,0.2214098749929638,0.1542701937196619
DE,Europe,EurAfrMENA,150,0.6,6714,0.15102443871354715,0.2214098749929638,0.18038219445322795
DE,Europe,EurAfrMENA,150,0.8,6714,0.14734402690351805,0.2214098749929638,0.1902617843298768
DE,Europe,EurAfrMENA,150,1.0,6714,0.1468105638525012,0.2214098749929638,0.19169174221854857
DE,Europe,EurAfrMENA,200,0.0,10286,0.2214098749929638,0.2214098749929638,0.0
DE,Europe,EurAfrMENA,200,0.2,10286,0.1801502037490649,0.2214098749929638,0.10422812462512651
DE,Europe,EurAfrMENA,200,0.4,10286,0.1549369425673487,0.2214098749929638,0.16936602050680208
DE,Europe,EurAfrMENA,200,0.6,10286,0.14221851158741303,0.2214098749929638,0.20313872140418734
DE,Europe,EurAfrMENA,200,0.8,10286,0.13696059822450565,0.2214098749929638,0.21740744553661517
DE,Europe,EurAfrMENA,200,1.0,10286,0.13621660486169068,0.2214098749929638,0.2194476480483045
DE,Europe,EurAfrMENA,300,0.0,17429,0.2214098749929638,0.2214098749929638,0.0
DE,Europe,EurAfrMENA,300,0.2,17429,0.18012201576240575,0.2214098749929638,0.10429836104662499
DE,Europe,EurAfrMENA,300,0.4,17429,0.15478612304240297,0.2214098749929638,0.16975100474052046
DE,Europe,EurAfrMENA,300,0.6,17429,0.14183315572002433,0.2214098749929638,0.2041480932081766
DE,Europe,EurAfrMENA,300,0.8,17429,0.13636419040494496,0.2214098749929638,0.2190021884731934
DE,Europe,EurAfrMENA,300,1.0,17429,0.13552014768406231,0.2214098749929638,0.22132019503873826
DE,Europe,EurAfrMENA,500,0.0,31714,0.2214098749929638,0.2214098749929638,0.0
DE,Europe,EurAfrMENA,500,0.2,31714,0.18012201576240575,0.2214098749929638,0.10429836104662499
DE,Europe,EurAfrMENA,500,0.4,31714,0.1547754165588212,0.2214098749929638,0.16977714439809505
DE,Europe,EurAfrMENA,500,0.6,31714,0.14181293586869925,0.2214098749929638,0.2041996264930834
DE,Europe,EurAfrMENA,500,0.8,31714,0.13633212346711923,0.2214098749929638,0.21908584227876055
DE,Europe,EurAfrMENA,500,1.0,31714,0.13548806080245515,0.2214098749929638,0.22140384884430536
DK,Europe,EurAfrMENA,50,0.0,0,0.23880854805353774,0.23880854805353774,0.0
DK,Europe,EurAfrMENA,50,0.2,0,0.23880854805353774,0.23880854805353774,0.0
DK,Europe,EurAfrMENA,50,0.4,0,0.23880854805353774,0.23880854805353774,0.0
DK,Europe,EurAfrMENA,50,0.6,0,0.23880854805353774,0.23880854805353774,0.0
DK,Europe,EurAfrMENA,50,0.8,0,0.23880854805353774,0.23880854805353774,0.0
DK,Europe,EurAfrMENA,50,1.0,0,0.23880854805353774,0.23880854805353774,0.0
DK,Europe,EurAfrMENA,100,0.0,3143,0.23880854805353774,0.23880854805353774,0.0
DK,Europe,EurAfrMENA,100,0.2,3143,0.20388828373755652,0.23880854805353774,0.0973763393592375
DK,Europe,EurAfrMENA,100,0.4,3143,0.1857565476508462,0.23880854805353774,0.14751887778025466
DK,Europe,EurAfrMENA,100,0.6,3143,0.17684725930569653,0.23880854805353774,0.17296801562566266
DK,Europe,EurAfrMENA,100,0.8,3143,0.17279907158470298,0.23880854805353774,0.18472258200265673
DK,Europe,EurAfrMENA,100,1.0,3143,0.1718319784766746,0.23880854805353774,0.18753484553346875
DK,Europe,EurAfrMENA,150,0.0,6714,0.23880854805353774,0.23880854805353774,0.0
DK,Europe,EurAfrMENA,150,0.2,6714,0.2026943760945527,0.23880854805353774,0.10077120944332343
DK,Europe,EurAfrMENA,150,0.4,6714,0.1829355412157023,0.23880854805353774,0.15540767134726732
DK,Europe,EurAfrMENA,150,0.6,6714,0.17310597893311122,0.23880854805353774,0.18339572466967408
DK,Europe,EurAfrMENA,150,0.8,6714,0.16862566764169223,0.23880854805353774,0.19642323205800027
DK,Europe,EurAfrMENA,150,1.0,6714,0.16754057085504376,0.23880854805353774,0.1995819833673981
DK,Europe,EurAfrMENA,200,0.0,10286,0.23880854805353774,0.23880854805353774,0.0
DK,Europe,EurAfrMENA,200,0.2,10286,0.19991161200713214,0.23880854805353774,0.10874206534933994
DK,Europe,EurAfrMENA,200,0.4,10286,0.1761083021424182,0.23880854805353774,0.17464083227724664
DK,Europe,EurAfrMENA,200,0.6,10286,0.16306433756967006,0.23880854805353774,0.21184877669231114
DK,Europe,EurAfrMENA,200,0.8,10286,0.15663658915688877,0.23880854805353774,0.23047377285175738
DK,Europe,EurAfrMENA,200,1.0,10286,0.15499492475307672,0.23880854805353774,0.23522753828184537
DK,Europe,EurAfrMENA,300,0.0,17429,0.23880854805353774,0.23880854805353774,0.0
DK,Europe,EurAfrMENA,300,0.2,17429,0.19987542772041694,0.23880854805353774,0.10884673585814611
DK,Europe,EurAfrMENA,300,0.4,17429,0.17584277795906503,0.23880854805353774,0.17539168550881917
DK,Europe,EurAfrMENA,300,0.6,17429,0.16244809420603837,0.23880854805353774,0.21359898605021468
DK,Europe,EurAfrMENA,300,0.8,17429,0.15573164726838515,0.23880854805353774,0.23304541231946269
DK,Europe,EurAfrMENA,300,1.0,17429,0.15390826503754856,0.23880854805353774,0.23831826608387788
DK,Europe,EurAfrMENA,500,0.0,31714,0.23880854805353774,0.23880854805353774,0.0
DK,Europe,EurAfrMENA,500,0.2,31714,0.19987266000919185,0.23880854805353774,0.10885506055271245
DK,Europe,EurAfrMENA,500,0.4,31714,0.17582276858371046,0.23880854805353774,0.1754488423383728
DK,Europe,EurAfrMENA,500,0.6,31714,0.16239402045491952,0.23880854805353774,0.213751427479695
DK,Europe,EurAfrMENA,500,0.8,31714,0.15560337510626912,0.23880854805353774,0.2334027974018261
DK,Europe,EurAfrMENA,500,1.0,31714,0.15377713447509747,0.23880854805353774,0.23868301883638254
DO,North America,Americas,50,0.0,0,0.3254059022887917,0.3254059022887917,0.0
DO,North America,Americas,50,0.2,0,0.3254059022887917,0.3254059022887917,0.0
DO,North America,Americas,50,0.4,0,0.3254059022887917,0.3254059022887917,0.0
DO,North America,Americas,50,0.6,0,0.3254059022887917,0.3254059022887917,0.0
DO,North America,Americas,50,0.8,0,0.3254059022887917,0.3254059022887917,0.0
DO,North America,Americas,50,1.0,0,0.3254059022887917,0.3254059022887917,0.0
DO,North America,Americas,100,0.0,3143,0.3254059022887917,0.3254059022887917,0.0
DO,North America,Americas,100,0.2,3143,0.30853083810326926,0.3254059022887917,0.03699949440366458
DO,North America,Americas,100,0.4,3143,0.2986304898386417,0.3254059022887917,0.05857845760334065
DO,North America,Americas,100,0.6,3143,0.29366409115917147,0.3254059022887917,0.06933249183036162
DO,North America,Americas,100,0.8,3143,0.29156647229649896,0.3254059022887917,0.0738884763375866
DO,North America,Americas,100,1.0,3143,0.29073236717488554,0.3254059022887917,0.07570317820475926
DO,North America,Americas,150,0.0,6714,0.3254059022887917,0.3254059022887917,0.0
DO,North America,Americas,150,0.2,6714,0.2863267104735219,0.3254059022887917,0.08808210164755699
DO,North America,Americas,150,0.4,6714,0.25961155104578026,0.3254059022887917,0.14342374240467226
DO,North America,Americas,150,0.6,6714,0.24407381612929965,0.3254059022887917,0.17403890758652166
DO,North America,Americas,150,0.8,6714,0.23623251861140432,0.3254059022887917,0.18914342304518136
DO,North America,Americas,150,1.0,6714,0.23336875392424197,0.3254059022887917,0.19458863923639622
DO,North America,Americas,200,0.0,10286,0.3254059022887917,0.3254059022887917,0.0
DO,North America,Americas,200,0.2,10286,0.2789240230989311,0.3254059022887917,0.10496623315289472
DO,North America,Americas,200,0.4,10286,0.2362157929900285,0.3254059022887917,0.1917753769420683
DO,North America,Americas,200,0.6,10286,0.19980601035246923,0.3254059022887917,0.259331467111072
DO,North America,Americas,200,0.8,10286,0.17368951858305573,0.3254059022887917,0.30470855135198605
DO,North America,Americas,200,1.0,10286,0.16212920287093066,0.3254059022887917,0.32412773234584064
DO,North America,Americas,300,0.0,17429,0.3254059022887917,0.3254059022887917,0.0
DO,North America,Americas,300,0.2,17429,0.2789114952677094,0.3254059022887917,0.10499486475104733
DO,North America,Americas,300,0.4,17429,0.2361288267825739,0.3254059022887917,0.19195072715580763
DO,North America,Americas,300,0.6,17429,0.1994930501270478,0.3254059022887917,0.2598884838192987
DO,North America,Americas,300,0.8,17429,0.17318731636376858,0.3254059022887917,0.305569806053023
DO,North America,Americas,300,1.0,17429,0.16153406604436774,0.3254059022887917,0.325131039255219
DO,North America,Americas,500,0.0,31714,0.3254059022887917,0.3254059022887917,0.0
DO,North America,Americas,500,0.2,31714,0.2789114952677094,0.3254059022887917,0.10499486475104733
DO,North America,Americas,500,0.4,31714,0.2361288267825739,0.3254059022887917,0.19195072715580763
DO,North America,Americas,500,0.6,31714,0.1994930501270478,0.3254059022887917,0.2598884838192987
DO,North America,Americas,500,0.8,31714,0.17318731636376858,0.3254059022887917,0.305569806053023
DO,North America,Americas,500,1.0,31714,0.16153406604436774,0.3254059022887917,0.325131039255219
DZ,Africa/MENA,EurAfrMENA,50,0.0,0,0.5386810553288525,0.5386810553288525,0.0
DZ,Africa/MENA,EurAfrMENA,50,0.2,0,0.5386810553288525,0.5386810553288525,0.0
DZ,Africa/MENA,EurAfrMENA,50,0.4,0,0.5386810553288525,0.5386810553288525,0.0
DZ,Africa/MENA,EurAfrMENA,50,0.6,0,0.5386810553288525,0.5386810553288525,0.0
DZ,Africa/MENA,EurAfrMENA,50,0.8,0,0.5386810553288525,0.5386810553288525,0.0
DZ,Africa/MENA,EurAfrMENA,50,1.0,0,0.5386810553288525,0.5386810553288525,0.0
DZ,Africa/MENA,EurAfrMENA,100,0.0,3143,0.5386810553288525,0.5386810553288525,0.0
DZ,Africa/MENA,EurAfrMENA,100,0.2,3143,0.4974076438979134,0.5386810553288525,0.09600450011251473
DZ,Africa/MENA,EurAfrMENA,100,0.4,3143,0.45723902697397806,0.5386810553288525,0.17534401043368436
DZ,Africa/MENA,EurAfrMENA,100,0.6,3143,0.41816688090482773,0.5386810553288525,0.2418717034123365
DZ,Africa/MENA,EurAfrMENA,100,0.8,3143,0.3795452179398249,0.5386810553288525,0.2997359597474513
DZ,Africa/MENA,EurAfrMENA,100,1.0,3143,0.3405641000957061,0.5386810553288525,0.35205449118162446
DZ,Africa/MENA,EurAfrMENA,150,0.0,6714,0.5386810553288525,0.5386810553288525,0.0
DZ,Africa/MENA,EurAfrMENA,150,0.2,6714,0.4906576064446781,0.5386810553288525,0.11022305305131361
DZ,Africa/MENA,EurAfrMENA,150,0.4,6714,0.4384458893823761,0.5386810553288525,0.20849964024777567
DZ,Africa/MENA,EurAfrMENA,150,0.6,6714,0.3828909054408595,0.5386810553288525,0.2949784774510118
DZ,Africa/MENA,EurAfrMENA,150,0.8,6714,0.32431595696983256,0.5386810553288525,0.37234846884283235
DZ,Africa/MENA,EurAfrMENA,150,1.0,6714,0.26243647032540063,0.5386810553288525,0.44243520006208487
DZ,Africa/MENA,EurAfrMENA,200,0.0,10286,0.5386810553288525,0.5386810553288525,0.0
DZ,Africa/MENA,EurAfrMENA,200,0.2,10286,0.48653380033835975,0.5386810553288525,0.11872596118854406
DZ,Africa/MENA,EurAfrMENA,200,0.4,10286,0.4245306680996246,0.5386810553288525,0.2316509569372017
DZ,Africa/MENA,EurAfrMENA,200,0.6,10286,0.35107110027158495,0.5386810553288525,0.3384853239670972
DZ,Africa/MENA,EurAfrMENA,200,0.8,10286,0.26556439749687155,0.5386810553288525,0.43913730969316495
DZ,Africa/MENA,EurAfrMENA,200,1.0,10286,0.17083517290530356,0.5386810553288525,0.5312110033900528
DZ,Africa/MENA,EurAfrMENA,300,0.0,17429,0.5386810553288525,0.5386810553288525,0.0
DZ,Africa/MENA,EurAfrMENA,300,0.2,17429,0.4865079861216302,0.5386810553288525,0.1187787444112435
DZ,Africa/MENA,EurAfrMENA,300,0.4,17429,0.4243318582584469,0.5386810553288525,0.23197352785186304
DZ,Africa/MENA,EurAfrMENA,300,0.6,17429,0.35024546319811,0.5386810553288525,0.33956606299870384
DZ,Africa/MENA,EurAfrMENA,300,0.8,17429,0.2629748718277654,0.5386810553288525,0.44186892821258344
DZ,Africa/MENA,EurAfrMENA,300,1.0,17429,0.16490318584320648,0.5386810553288525,0.5365687574513391
DZ,Africa/MENA,EurAfrMENA,500,0.0,31714,0.5386810553288525,0.5386810553288525,0.0
DZ,Africa/MENA,EurAfrMENA,500,0.2,31714,0.4865079861216302,0.5386810553288525,0.1187787444112435
DZ,Africa/MENA,EurAfrMENA,500,0.4,31714,0.4243210052349616,0.5386810553288525,0.23199112919265566
DZ,Africa/MENA,EurAfrMENA,500,0.6,31714,0.3501929365947626,0.5386810553288525,0.33963476948812626
DZ,Africa/MENA,EurAfrMENA,500,0.8,31714,0.2626463072149552,0.5386810553288525,0.4422145464421293
DZ,Africa/MENA,EurAfrMENA,500,1.0,31714,0.16395158103352056,0.5386810553288525,0.5374279247674216
EC,Latin America,Americas,50,0.0,0,0.48862737148743557,0.48862737148743557,0.0
EC,Latin America,Americas,50,0.2,0,0.48862737148743557,0.48862737148743557,0.0
EC,Latin America,Americas,50,0.4,0,0.48862737148743557,0.48862737148743557,0.0
EC,Latin America,Americas,50,0.6,0,0.48862737148743557,0.48862737148743557,0.0
EC,Latin America,Americas,50,0.8,0,0.48862737148743557,0.48862737148743557,0.0
EC,Latin America,Americas,50,1.0,0,0.48862737148743557,0.48862737148743557,0.0
EC,Latin America,Americas,100,0.0,3143,0.48862737148743557,0.48862737148743557,0.0
EC,Latin America,Americas,100,0.2,3143,0.48185571034203356,0.48862737148743557,0.015761960070231066
EC,Latin America,Americas,100,0.4,3143,0.477795910898055,0.48862737148743557,0.025022407753792157
EC,Latin America,Americas,100,0.6,3143,0.47504600398372293,0.48862737148743557,0.03121740009050169
EC,Latin America,Americas,100,0.8,3143,0.47300349847494366,0.48862737148743557,0.0357792917624782
EC,Latin America,Americas,100,1.0,3143,0.4713995953421508,0.48862737148743557,0.03933670495216394
EC,Latin America,Americas,150,0.0,6714,0.48862737148743557,0.48862737148743557,0.0
EC,Latin America,Americas,150,0.2,6714,0.45499846133799454,0.48862737148743557,0.07461947954324166
EC,Latin America,Americas,150,0.4,6714,0.42805044912914453,0.48862737148743557,0.1285301582574848
EC,Latin America,Americas,150,0.6,6714,0.4064795779409483,0.48862737148743557,0.1683237400696329
EC,Latin America,Americas,150,0.8,6714,0.38929962721228367,0.48862737148743557,0.19820231785667594
EC,Latin America,Americas,150,1.0,6714,0.37514066057412687,0.48862737148743557,0.22172919567940624
EC,Latin America,Americas,200,0.0,10286,0.48862737148743557,0.48862737148743557,0.0
EC,Latin America,Americas,200,0.2,10286,0.4369376333349411,0.48862737148743557,0.1112838882831664
EC,Latin America,Americas,200,0.4,10286,0.3790725077719946,0.48862737148743557,0.2152819424135874
EC,Latin America,Americas,200,0.6,10286,0.3152429875963058,0.48862737148743557,0.31268860211433314
EC,Latin America,Americas,200,0.8,10286,0.24878944357674768,0.48862737148743557,0.4009169460959595
EC,Latin America,Americas,200,1.0,10286,0.18215974740485716,0.48862737148743557,0.47979208634776355
EC,Latin America,Americas,300,0.0,17429,0.48862737148743557,0.48862737148743557,0.0
EC,Latin America,Americas,300,0.2,17429,0.436755037698303,0.48862737148743557,0.11164301844260714
EC,Latin America,Americas,300,0.4,17429,0.37833413480509104,0.48862737148743557,0.2164971414736252
EC,Latin America,Americas,300,0.6,17429,0.3132283916640784,0.48862737148743557,0.31554679723988494
EC,Latin America,Americas,300,0.8,17429,0.24439810030310455,0.48862737148743557,0.4063556434509082
EC,Latin America,Americas,300,1.0,17429,0.1743539863984398,0.48862737148743557,0.48862737148743557
EC,Latin America,Americas,500,0.0,31714,0.48862737148743557,0.48862737148743557,0.0
EC,Latin America,Americas,500,0.2,31714,0.436755037698303,0.48862737148743557,0.11164301844260714
EC,Latin America,Americas,500,0.4,31714,0.37833413480509104,0.48862737148743557,0.2164971414736252
EC,Latin America,Americas,500,0.6,31714,0.3132283916640784,0.48862737148743557,0.31554679723988494
EC,Latin America,Americas,500,0.8,31714,0.24439810030310455,0.48862737148743557,0.4063556434509082
EC,Latin America,Americas,500,1.0,31714,0.1743539863984398,0.48862737148743557,0.48862737148743557
EE,Europe,EurAfrMENA,50,0.0,0,0.3795217485238226,0.3795217485238226,0.0
EE,Europe,EurAfrMENA,50,0.2,0,0.3795217485238226,0.3795217485238226,0.0
EE,Europe,EurAfrMENA,50,0.4,0,0.3795217485238226,0.3795217485238226,0.0
EE,Europe,EurAfrMENA,50,0.6,0,0.3795217485238226,0.3795217485238226,0.0
EE,Europe,EurAfrMENA,50,0.8,0,0.3795217485238226,0.3795217485238226,0.0
EE,Europe,EurAfrMENA,50,1.0,0,0.3795217485238226,0.3795217485238226,0.0
EE,Europe,EurAfrMENA,100,0.0,3143,0.3795217485238226,0.3795217485238226,0.0
EE,Europe,EurAfrMENA,100,0.2,3143,0.33458068727341705,0.3795217485238226,0.10644915437496659
EE,Europe,EurAfrMENA,100,0.4,3143,0.2937887058938714,0.3795217485238226,0.19273161644952225
EE,Europe,EurAfrMENA,100,0.6,3143,0.26003569327606285,0.3795217485238226,0.2587885665027185
EE,Europe,EurAfrMENA,100,0.8,3143,0.23632514393827034,0.3795217485238226,0.30404980937753245
EE,Europe,EurAfrMENA,100,1.0,3143,0.22520076424036736,0.3795217485238226,0.32544532141337745
EE,Europe,EurAfrMENA,150,0.0,6714,0.3795217485238226,0.3795217485238226,0.0
EE,Europe,EurAfrMENA,150,0.2,6714,0.33313922693149156,0.3795217485238226,0.10964386074955414
EE,Europe,EurAfrMENA,150,0.4,6714,0.289800170319203,0.3795217485238226,0.20075556404243042
EE,Europe,EurAfrMENA,150,0.6,6714,0.2533875432560558,0.3795217485238226,0.27146421928783415
EE,Europe,EurAfrMENA,150,0.8,6714,0.22773963573149786,0.3795217485238226,0.3205660263277715
EE,Europe,EurAfrMENA,150,1.0,6714,0.2156552806611293,0.3795217485238226,0.3440122379269095
EE,Europe,EurAfrMENA,200,0.0,10286,0.3795217485238226,0.3795217485238226,0.0
EE,Europe,EurAfrMENA,200,0.2,10286,0.33114837756594767,0.3795217485238226,0.11404085002058187
EE,Europe,EurAfrMENA,200,0.4,10286,0.2836516596363252,0.3795217485238226,0.21299723059833722
EE,Europe,EurAfrMENA,200,0.6,10286,0.24222748523221607,0.3795217485238226,0.2927823486384344
EE,Europe,EurAfrMENA,200,0.8,10286,0.21301038777872827,0.3795217485238226,0.3492441043849579
EE,Europe,EurAfrMENA,200,1.0,10286,0.19979928332159172,0.3795217485238226,0.37595937609369423
EE,Europe,EurAfrMENA,300,0.0,17429,0.3795217485238226,0.3795217485238226,0.0
EE,Europe,EurAfrMENA,300,0.2,17429,0.33112624578727845,0.3795217485238226,0.11408965556217654
EE,Europe,EurAfrMENA,300,0.4,17429,0.2834638648384535,0.3795217485238226,0.2133680226120127
EE,Europe,EurAfrMENA,300,0.6,17429,0.2415461886818606,0.3795217485238226,0.29408118000606565
EE,Europe,EurAfrMENA,300,0.8,17429,0.211805075574055,0.3795217485238226,0.35164299067090393
EE,Europe,EurAfrMENA,300,1.0,17429,0.19821926465429723,0.3795217485238226,0.379258783360235
EE,Europe,EurAfrMENA,500,0.0,31714,0.3795217485238226,0.3795217485238226,0.0
EE,Europe,EurAfrMENA,500,0.2,31714,0.33112624578727845,0.3795217485238226,0.11408965556217654
EE,Europe,EurAfrMENA,500,0.4,31714,0.2834638648384535,0.3795217485238226,0.2133680226120127
EE,Europe,EurAfrMENA,500,0.6,31714,0.2415461886818606,0.3795217485238226,0.29408118000606565
EE,Europe,EurAfrMENA,500,0.8,31714,0.211805075574055,0.3795217485238226,0.35164299067090393
EE,Europe,EurAfrMENA,500,1.0,31714,0.19821926465429723,0.3795217485238226,0.379258783360235
EG,Africa/MENA,EurAfrMENA,50,0.0,0,0.2616909103895914,0.2616909103895914,0.0
EG,Africa/MENA,EurAfrMENA,50,0.2,0,0.2616909103895914,0.2616909103895914,0.0
EG,Africa/MENA,EurAfrMENA,50,0.4,0,0.2616909103895914,0.2616909103895914,0.0
EG,Africa/MENA,EurAfrMENA,50,0.6,0,0.2616909103895914,0.2616909103895914,0.0
EG,Africa/MENA,EurAfrMENA,50,0.8,0,0.2616909103895914,0.2616909103895914,0.0
EG,Africa/MENA,EurAfrMENA,50,1.0,0,0.2616909103895914,0.2616909103895914,0.0
EG,Africa/MENA,EurAfrMENA,100,0.0,3143,0.2616909103895914,0.2616909103895914,0.0
EG,Africa/MENA,EurAfrMENA,100,0.2,3143,0.24196350699442506,0.2616909103895914,0.04656543980562658
EG,Africa/MENA,EurAfrMENA,100,0.4,3143,0.23004355467582543,0.2616909103895914,0.0749293749736914
EG,Africa/MENA,EurAfrMENA,100,0.6,3143,0.2234651570677666,0.2616909103895914,0.08987480075693449
EG,Africa/MENA,EurAfrMENA,100,0.8,3143,0.22025183415559607,0.2616909103895914,0.09670008508836972
EG,Africa/MENA,EurAfrMENA,100,1.0,3143,0.21905762749431004,0.2616909103895914,0.09916955435539065
EG,Africa/MENA,EurAfrMENA,150,0.0,6714,0.2616909103895914,0.2616909103895914,0.0
EG,Africa/MENA,EurAfrMENA,150,0.2,6714,0.22227497360776396,0.2616909103895914,0.08678865864114714
EG,Africa/MENA,EurAfrMENA,150,0.4,6714,0.1954581377336471,0.2616909103895914,0.14503089671377603
EG,Africa/MENA,EurAfrMENA,150,0.6,6714,0.17774542551911238,0.2616909103895914,0.1831299243136453
EG,Africa/MENA,EurAfrMENA,150,0.8,6714,0.16669547872726626,0.2616909103895914,0.2068894770431835
EG,Africa/MENA,EurAfrMENA,150,1.0,6714,0.1615071392448584,0.2616909103895914,0.21807360289593972
EG,Africa/MENA,EurAfrMENA,200,0.0,10286,0.2616909103895914,0.2616909103895914,0.0
EG,Africa/MENA,EurAfrMENA,200,0.2,10286,0.22041071305774546,0.2616909103895914,0.09064489161109061
EG,Africa/MENA,EurAfrMENA,200,0.4,10286,0.19116811452027868,0.2616909103895914,0.15403532395345051
EG,Africa/MENA,EurAfrMENA,200,0.6,10286,0.17126891244422687,0.2616909103895914,0.19680404317552033
EG,Africa/MENA,EurAfrMENA,200,0.8,10286,0.15861063572329048,0.2616909103895914,0.22409583903398184
EG,Africa/MENA,EurAfrMENA,200,1.0,10286,0.152366814905776,0.2616909103895914,0.2375447830856591
EG,Africa/MENA,EurAfrMENA,300,0.0,17429,0.2616909103895914,0.2616909103895914,0.0
EG,Africa/MENA,EurAfrMENA,300,0.2,17429,0.21943476250656327,0.2616909103895914,0.09267498177270038
EG,Africa/MENA,EurAfrMENA,300,0.4,17429,0.18813698087526445,0.2616909103895914,0.16045241995188403
EG,Africa/MENA,EurAfrMENA,300,0.6,17429,0.1652741257050102,0.2616909103895914,0.2095919797054186
EG,Africa/MENA,EurAfrMENA,300,0.8,17429,0.1495232767543617,0.2616909103895914,0.2435087689654674
EG,Africa/MENA,EurAfrMENA,300,1.0,17429,0.1413704450472007,0.2616909103895914,0.26127017547797565
EG,Africa/MENA,EurAfrMENA,500,0.0,31714,0.2616909103895914,0.2616909103895914,0.0
EG,Africa/MENA,EurAfrMENA,500,0.2,31714,0.21943476250656327,0.2616909103895914,0.09267498177270038
EG,Africa/MENA,EurAfrMENA,500,0.4,31714,0.18813698087526445,0.2616909103895914,0.16045241995188403
EG,Africa/MENA,EurAfrMENA,500,0.6,31714,0.1652741257050102,0.2616909103895914,0.2095919797054186
EG,Africa/MENA,EurAfrMENA,500,0.8,31714,0.1495232767543617,0.2616909103895914,0.2435087689654674
EG,Africa/MENA,EurAfrMENA,500,1.0,31714,0.1413704450472007,0.2616909103895914,0.26127017547797565
ES,Europe,EurAfrMENA,50,0.0,0,0.23081986491561615,0.23081986491561615,0.0
ES,Europe,EurAfrMENA,50,0.2,0,0.23081986491561615,0.23081986491561615,0.0
ES,Europe,EurAfrMENA,50,0.4,0,0.23081986491561615,0.23081986491561615,0.0
ES,Europe,EurAfrMENA,50,0.6,0,0.23081986491561615,0.23081986491561615,0.0
ES,Europe,EurAfrMENA,50,0.8,0,0.23081986491561615,0.23081986491561615,0.0
ES,Europe,EurAfrMENA,50,1.0,0,0.23081986491561615,0.23081986491561615,0.0
ES,Europe,EurAfrMENA,100,0.0,3143,0.23081986491561615,0.23081986491561615,0.0
ES,Europe,EurAfrMENA,100,0.2,3143,0.19510605780725465,0.23081986491561615,0.08580678060335072
ES,Europe,EurAfrMENA,100,0.4,3143,0.17390568700109446,0.23081986491561615,0.13698659390359363
ES,Europe,EurAfrMENA,100,0.6,3143,0.1627556825934622,0.23081986491561615,0.16416515754843766
ES,Europe,EurAfrMENA,100,0.8,3143,0.15849675312952327,0.23081986491561615,0.17471116814219906
ES,Europe,EurAfrMENA,100,1.0,3143,0.15791116469967853,0.23081986491561615,0.17616039438443798
ES,Europe,EurAfrMENA,150,0.0,6714,0.23081986491561615,0.23081986491561615,0.0
ES,Europe,EurAfrMENA,150,0.2,6714,0.1923573152609842,0.23081986491561615,0.09252840859178035
ES,Europe,EurAfrMENA,150,0.4,6714,0.16825063628517936,0.23081986491561615,0.15073816772419021
ES,Europe,EurAfrMENA,150,0.6,6714,0.15544658536203373,0.23081986491561615,0.1820835922439792
ES,Europe,EurAfrMENA,150,0.8,6714,0.15043201797613037,0.23081986491561615,0.19457678826282737
ES,Europe,EurAfrMENA,150,1.0,6714,0.14975113150779873,0.23081986491561615,0.1962909743015186
ES,Europe,EurAfrMENA,200,0.0,10286,0.23081986491561615,0.23081986491561615,0.0
ES,Europe,EurAfrMENA,200,0.2,10286,0.18945990922870273,0.23081986491561615,0.09967502467397667
ES,Europe,EurAfrMENA,200,0.4,10286,0.16091142049774323,0.23081986491561615,0.16889496972897383
ES,Europe,EurAfrMENA,200,0.6,10286,0.14425654876762964,0.23081986491561615,0.2103903645171152
ES,Europe,EurAfrMENA,200,0.8,10286,0.1375729093749903,0.23081986491561615,0.2274802170563342
ES,Europe,EurAfrMENA,200,1.0,10286,0.1366073762196001,0.23081986491561615,0.22998353472331767
ES,Europe,EurAfrMENA,300,0.0,17429,0.23081986491561615,0.23081986491561615,0.0
ES,Europe,EurAfrMENA,300,0.2,17429,0.18944864740969858,0.23081986491561615,0.0997034981338837
ES,Europe,EurAfrMENA,300,0.4,17429,0.16088371831571643,0.23081986491561615,0.1689652967220774
ES,Europe,EurAfrMENA,300,0.6,17429,0.1441988230906382,0.23081986491561615,0.21054419192417176
ES,Europe,EurAfrMENA,300,0.8,17429,0.13749490388243038,0.23081986491561615,0.22768973159746222
ES,Europe,EurAfrMENA,300,1.0,17429,0.1365271334822126,0.23081986491561615,0.23020112990209637
ES,Europe,EurAfrMENA,500,0.0,31714,0.23081986491561615,0.23081986491561615,0.0
ES,Europe,EurAfrMENA,500,0.2,31714,0.1894436845819547,0.23081986491561615,0.09971535098185962
ES,Europe,EurAfrMENA,500,0.4,31714,0.16086123454229054,0.23081986491561615,0.16901959896007737
ES,Europe,EurAfrMENA,500,0.6,31714,0.14413576361352065,0.23081986491561615,0.21070169825488258
ES,Europe,EurAfrMENA,500,0.8,31714,0.13738163103199968,0.23081986491561615,0.22797687735551525
ES,Europe,EurAfrMENA,500,1.0,31714,0.13641105479049137,0.23081986491561615,0.23049653481245205
ET,Africa/MENA,EurAfrMENA,50,0.0,0,0.36383016938544155,0.36383016938544155,0.0
ET,Africa/MENA,EurAfrMENA,50,0.2,0,0.36383016938544155,0.36383016938544155,0.0
ET,Africa/MENA,EurAfrMENA,50,0.4,0,0.36383016938544155,0.36383016938544155,0.0
ET,Africa/MENA,EurAfrMENA,50,0.6,0,0.36383016938544155,0.36383016938544155,0.0
ET,Africa/MENA,EurAfrMENA,50,0.8,0,0.36383016938544155,0.36383016938544155,0.0
ET,Africa/MENA,EurAfrMENA,50,1.0,0,0.36383016938544155,0.36383016938544155,0.0
ET,Africa/MENA,EurAfrMENA,100,0.0,3143,0.36383016938544155,0.36383016938544155,0.0
ET,Africa/MENA,EurAfrMENA,100,0.2,3143,0.3357353149034075,0.36383016938544155,0.06830510107899303
ET,Africa/MENA,EurAfrMENA,100,0.4,3143,0.310819750021038,0.36383016938544155,0.12524072899240524
ET,Africa/MENA,EurAfrMENA,100,0.6,3143,0.29040003445354645,0.36383016938544155,0.1698281553877535
ET,Africa/MENA,EurAfrMENA,100,0.8,3143,0.27553277580332947,0.36383016938544155,0.2011344400346602
ET,Africa/MENA,EurAfrMENA,100,1.0,3143,0.26817211127316737,0.36383016938544155,0.2163939825500368
ET,Africa/MENA,EurAfrMENA,150,0.0,6714,0.36383016938544155,0.36383016938544155,0.0
ET,Africa/MENA,EurAfrMENA,150,0.2,6714,0.31815482789777705,0.36383016938544155,0.10877281989336494
ET,Africa/MENA,EurAfrMENA,150,0.4,6714,0.2767822491818895,0.36383016938544155,0.19853745581489884
ET,Africa/MENA,EurAfrMENA,150,0.6,6714,0.242241986630325,0.36383016938544155,0.2691884002226444
ET,Africa/MENA,EurAfrMENA,150,0.8,6714,0.21728163147681956,0.36383016938544155,0.31842306291957123
ET,Africa/MENA,EurAfrMENA,150,1.0,6714,0.2050841161165974,0.36383016938544155,0.3422618800864417
ET,Africa/MENA,EurAfrMENA,200,0.0,10286,0.36383016938544155,0.36383016938544155,0.0
ET,Africa/MENA,EurAfrMENA,200,0.2,10286,0.3172049773129389,0.36383016938544155,0.11092096674614266
ET,Africa/MENA,EurAfrMENA,200,0.4,10286,0.2743940765762319,0.36383016938544155,0.20349936054623194
ET,Africa/MENA,EurAfrMENA,200,0.6,10286,0.23821571623013835,0.36383016938544155,0.27723333586086907
ET,Africa/MENA,EurAfrMENA,200,0.8,10286,0.21190437097822395,0.36383016938544155,0.32893415009868904
ET,Africa/MENA,EurAfrMENA,200,1.0,10286,0.1991377048238338,0.36383016938544155,0.3538052609222067
ET,Africa/MENA,EurAfrMENA,300,0.0,17429,0.36383016938544155,0.36383016938544155,0.0
ET,Africa/MENA,EurAfrMENA,300,0.2,17429,0.316754675583335,0.36383016938544155,0.11193722001092789
ET,Africa/MENA,EurAfrMENA,300,0.4,17429,0.2727781788973682,0.36383016938544155,0.2068534657222633
ET,Africa/MENA,EurAfrMENA,300,0.6,17429,0.2351235537886606,0.36383016938544155,0.28336080461117863
ET,Africa/MENA,EurAfrMENA,300,0.8,17429,0.20755383244537207,0.36383016938544155,0.3374489166270327
ET,Africa/MENA,EurAfrMENA,300,1.0,17429,0.19395709767964678,0.36383016938544155,0.36383016938544155
ET,Africa/MENA,EurAfrMENA,500,0.0,31714,0.36383016938544155,0.36383016938544155,0.0
ET,Africa/MENA,EurAfrMENA,500,0.2,31714,0.316754675583335,0.36383016938544155,0.11193722001092789
ET,Africa/MENA,EurAfrMENA,500,0.4,31714,0.2727781788973682,0.36383016938544155,0.2068534657222633
ET,Africa/MENA,EurAfrMENA,500,0.6,31714,0.2351235537886606,0.36383016938544155,0.28336080461117863
ET,Africa/MENA,EurAfrMENA,500,0.8,31714,0.20755383244537207,0.36383016938544155,0.3374489166270327
ET,Africa/MENA,EurAfrMENA,500,1.0,31714,0.19395709767964678,0.36383016938544155,0.36383016938544155
FI,Europe,EurAfrMENA,50,0.0,0,0.4072480778416622,0.4072480778416622,0.0
FI,Europe,EurAfrMENA,50,0.2,0,0.4072480778416622,0.4072480778416622,0.0
FI,Europe,EurAfrMENA,50,0.4,0,0.4072480778416622,0.4072480778416622,0.0
FI,Europe,EurAfrMENA,50,0.6,0,0.4072480778416622,0.4072480778416622,0.0
FI,Europe,EurAfrMENA,50,0.8,0,0.4072480778416622,0.4072480778416622,0.0
FI,Europe,EurAfrMENA,50,1.0,0,0.4072480778416622,0.4072480778416622,0.0
FI,Europe,EurAfrMENA,100,0.0,3143,0.4072480778416622,0.4072480778416622,0.0
FI,Europe,EurAfrMENA,100,0.2,3143,0.36080006161561234,0.4072480778416622,0.10292210566261582
FI,Europe,EurAfrMENA,100,0.4,3143,0.3144255843365149,0.4072480778416622,0.19142590164808929
FI,Europe,EurAfrMENA,100,0.6,3143,0.2717712187658469,0.4072480778416622,0.26416521090959577
FI,Europe,EurAfrMENA,100,0.8,3143,0.23988995116098807,0.4072480778416622,0.31832141620997384
FI,Europe,EurAfrMENA,100,1.0,3143,0.22422754681874194,0.4072480778416622,0.3470048896255829
FI,Europe,EurAfrMENA,150,0.0,6714,0.4072480778416622,0.4072480778416622,0.0
FI,Europe,EurAfrMENA,150,0.2,6714,0.3587880899254295,0.4072480778416622,0.10703455802365494
FI,Europe,EurAfrMENA,150,0.4,6714,0.3087287456282372,0.4072480778416622,0.20148227543722694
FI,Europe,EurAfrMENA,150,0.6,6714,0.2617765306119153,0.4072480778416622,0.2808060129104324
FI,Europe,EurAfrMENA,150,0.8,6714,0.2273462269096372,0.4072480778416622,0.34111550971212085
FI,Europe,EurAfrMENA,150,1.0,6714,0.2106806945575657,0.4072480778416622,0.3736702132871814
FI,Europe,EurAfrMENA,200,0.0,10286,0.4072480778416622,0.4072480778416622,0.0
FI,Europe,EurAfrMENA,200,0.2,10286,0.3566970483058837,0.4072480778416622,0.11128150696608284
FI,Europe,EurAfrMENA,200,0.4,10286,0.3024817982523076,0.4072480778416622,0.21236244348725833
FI,Europe,EurAfrMENA,200,0.6,10286,0.250499455341727,0.4072480778416622,0.29989112022197617
FI,Europe,EurAfrMENA,200,0.8,10286,0.21353080090019483,0.4072480778416622,0.36793269776384263
FI,Europe,EurAfrMENA,200,1.0,10286,0.19538649501416827,0.4072480778416622,0.40548586051054425
FI,Europe,EurAfrMENA,300,0.0,17429,0.4072480778416622,0.4072480778416622,0.0
FI,Europe,EurAfrMENA,300,0.2,17429,0.35668265826580775,0.4072480778416622,0.11131063727809011
FI,Europe,EurAfrMENA,300,0.4,17429,0.3023995541626373,0.4072480778416622,0.2125049113776057
FI,Europe,EurAfrMENA,300,0.6,17429,0.2502183230933277,0.4072480778416622,0.30037188322066044
FI,Europe,EurAfrMENA,300,0.8,17429,0.21294081042430876,0.4072480778416622,0.36911639040404665
FI,Europe,EurAfrMENA,300,1.0,17429,0.19454933245138625,0.4072480778416622,0.4072480778416622
FI,Europe,EurAfrMENA,500,0.0,31714,0.4072480778416622,0.4072480778416622,0.0
FI,Europe,EurAfrMENA,500,0.2,31714,0.35668265826580775,0.4072480778416622,0.11131063727809011
FI,Europe,EurAfrMENA,500,0.4,31714,0.3023995541626373,0.4072480778416622,0.2125049113776057
FI,Europe,EurAfrMENA,500,0.6,31714,0.2502183230933277,0.4072480778416622,0.30037188322066044
FI,Europe,EurAfrMENA,500,0.8,31714,0.21294081042430876,0.4072480778416622,0.36911639040404665
FI,Europe,EurAfrMENA,500,1.0,31714,0.19454933245138625,0.4072480778416622,0.4072480778416622
FJ,Asia-Pacific,Oceania,50,0.0,0,0.474949713986408,0.474949713986408,0.0
FJ,Asia-Pacific,Oceania,50,0.2,0,0.474949713986408,0.474949713986408,0.0
FJ,Asia-Pacific,Oceania,50,0.4,0,0.474949713986408,0.474949713986408,0.0
FJ,Asia-Pacific,Oceania,50,0.6,0,0.474949713986408,0.474949713986408,0.0
FJ,Asia-Pacific,Oceania,50,0.8,0,0.474949713986408,0.474949713986408,0.0
FJ,Asia-Pacific,Oceania,50,1.0,0,0.474949713986408,0.474949713986408,0.0
FJ,Asia-Pacific,Oceania,100,0.0,3143,0.474949713986408,0.474949713986408,0.0
FJ,Asia-Pacific,Oceania,100,0.2,3143,0.4578867728179506,0.474949713986408,0.0462990763297213
FJ,Asia-Pacific,Oceania,100,0.4,3143,0.4455817624252276,0.474949713986408,0.07801333690092083
FJ,Asia-Pacific,Oceania,100,0.6,3143,0.4374587559960564,0.474949713986408,0.09823170812218843
FJ,Asia-Pacific,Oceania,100,0.8,3143,0.43269870590553444,0.474949713986408,0.10985816799045257
FJ,Asia-Pacific,Oceania,100,1.0,3143,0.43066314645907255,0.474949713986408,0.11477796167531845
FJ,Asia-Pacific,Oceania,150,0.0,6714,0.474949713986408,0.474949713986408,0.0
FJ,Asia-Pacific,Oceania,150,0.2,6714,0.44607791696630494,0.474949713986408,0.07676064622467832
FJ,Asia-Pacific,Oceania,150,0.4,6714,0.42322537590215353,0.474949713986408,0.13247916473874954
FJ,Asia-Pacific,Oceania,150,0.6,6714,0.4067621562591999,0.474949713986408,0.17039530635168523
FJ,Asia-Pacific,Oceania,150,0.8,6714,0.3965440061479941,0.474949713986408,0.193109641631366
FJ,Asia-Pacific,Oceania,150,1.0,6714,0.3918685135086207,0.474949713986408,0.2033028955782228
FJ,Asia-Pacific,Oceania,200,0.0,10286,0.474949713986408,0.474949713986408,0.0
FJ,Asia-Pacific,Oceania,200,0.2,10286,0.4289490229762814,0.474949713986408,0.11889820395876101
FJ,Asia-Pacific,Oceania,200,0.4,10286,0.38285036358295715,0.474949713986408,0.22259222364937425
FJ,Asia-Pacific,Oceania,200,0.6,10286,0.33877086220982267,0.474949713986408,0.30951999726878215
FJ,Asia-Pacific,Oceania,200,0.8,10286,0.3006877575194709,0.474949713986408,0.3766242801973378
FJ,Asia-Pacific,Oceania,200,1.0,10286,0.2763582814171527,0.474949713986408,0.4166569757788505
FJ,Asia-Pacific,Oceania,300,0.0,17429,0.474949713986408,0.474949713986408,0.0
FJ,Asia-Pacific,Oceania,300,0.2,17429,0.4271116749041231,0.474949713986408,0.12328452142079091
FJ,Asia-Pacific,Oceania,300,0.4,17429,0.3766189536303119,0.474949713986408,0.23563719013244636
FJ,Asia-Pacific,Oceania,300,0.6,17429,0.32430105438500945,0.474949713986408,0.33570673664733736
FJ,Asia-Pacific,Oceania,300,0.8,17429,0.27460941942870704,0.474949713986408,0.41945340431769834
FJ,Asia-Pacific,Oceania,300,1.0,17429,0.23922541265075364,0.474949713986408,0.47381772735072036
FJ,Asia-Pacific,Oceania,500,0.0,31714,0.474949713986408,0.474949713986408,0.0
FJ,Asia-Pacific,Oceania,500,0.2,31714,0.4271116749041231,0.474949713986408,0.12328452142079091
FJ,Asia-Pacific,Oceania,500,0.4,31714,0.37661274512484666,0.474949713986408,0.23565007791345302
FJ,Asia-Pacific,Oceania,500,0.6,31714,0.32429381267089324,0.474949713986408,0.3357196244283441
FJ,Asia-Pacific,Oceania,500,0.8,31714,0.2745928934580977,0.474949713986408,0.41947975695789924
FJ,Asia-Pacific,Oceania,500,1.0,31714,0.23918750093486768,0.474949713986408,0.47387389558131393
FR,Europe,EurAfrMENA,50,0.0,0,0.2191470701359016,0.2191470701359016,0.0
FR,Europe,EurAfrMENA,50,0.2,0,0.2191470701359016,0.2191470701359016,0.0
FR,Europe,EurAfrMENA,50,0.4,0,0.2191470701359016,0.2191470701359016,0.0
FR,Europe,EurAfrMENA,50,0.6,0,0.2191470701359016,0.2191470701359016,0.0
FR,Europe,EurAfrMENA,50,0.8,0,0.2191470701359016,0.2191470701359016,0.0
FR,Europe,EurAfrMENA,50,1.0,0,0.2191470701359016,0.2191470701359016,0.0
FR,Europe,EurAfrMENA,100,0.0,3143,0.2191470701359016,0.2191470701359016,0.0
FR,Europe,EurAfrMENA,100,0.2,3143,0.18152675956153494,0.2191470701359016,0.08997325968176892
FR,Europe,EurAfrMENA,100,0.4,3143,0.16083507261746677,0.2191470701359016,0.1402836016750481
FR,Europe,EurAfrMENA,100,0.6,3143,0.15178150318939673,0.2191470701359016,0.16277638628575133
FR,Europe,EurAfrMENA,100,0.8,3143,0.14913464227069118,0.2191470701359016,0.16940525085002647
FR,Europe,EurAfrMENA,100,1.0,3143,0.14885060970862224,0.2191470701359016,0.17011933493413853
FR,Europe,EurAfrMENA,150,0.0,6714,0.2191470701359016,0.2191470701359016,0.0
FR,Europe,EurAfrMENA,150,0.2,6714,0.18030619845812992,0.2191470701359016,0.09289639147174766
FR,Europe,EurAfrMENA,150,0.4,6714,0.15773503124782076,0.2191470701359016,0.14779959511613217
FR,Europe,EurAfrMENA,150,0.6,6714,0.1474365964064905,0.2191470701359016,0.17338275425962782
FR,Europe,EurAfrMENA,150,0.8,6714,0.14434236880258045,0.2191470701359016,0.18114953393784167
FR,Europe,EurAfrMENA,150,1.0,6714,0.14397864344645064,0.2191470701359016,0.1820641548464823
FR,Europe,EurAfrMENA,200,0.0,10286,0.2191470701359016,0.2191470701359016,0.0
FR,Europe,EurAfrMENA,200,0.2,10286,0.17740023931721674,0.2191470701359016,0.09992115330983033
FR,Europe,EurAfrMENA,200,0.4,10286,0.15002421469142105,0.2191470701359016,0.16670775388973788
FR,Europe,EurAfrMENA,200,0.6,10286,0.13559923708551475,0.2191470701359016,0.20277076264511726
FR,Europe,EurAfrMENA,200,0.8,10286,0.1307375648504733,0.2191470701359016,0.21521901867415072
FR,Europe,EurAfrMENA,200,1.0,10286,0.13011414418361716,0.2191470701359016,0.2168244574636863
FR,Europe,EurAfrMENA,300,0.0,17429,0.2191470701359016,0.2191470701359016,0.0
FR,Europe,EurAfrMENA,300,0.2,17429,0.17736721047137677,0.2191470701359016,0.10000119170028475
FR,Europe,EurAfrMENA,300,0.4,17429,0.1498395432288766,0.2191470701359016,0.16716483516826378
FR,Europe,EurAfrMENA,300,0.6,17429,0.13513776351628462,0.2191470701359016,0.20393177502586105
FR,Europe,EurAfrMENA,300,0.8,17429,0.13007039349508542,0.2191470701359016,0.21691364114930542
FR,Europe,EurAfrMENA,300,1.0,17429,0.12938795920399818,0.2191470701359016,0.2186723853361477
FR,Europe,EurAfrMENA,500,0.0,31714,0.2191470701359016,0.2191470701359016,0.0
FR,Europe,EurAfrMENA,500,0.2,31714,0.1773666341408823,0.2191470701359016,0.10000253660425835
FR,Europe,EurAfrMENA,500,0.4,31714,0.1498258927561552,0.2191470701359016,0.16719751058611665
FR,Europe,EurAfrMENA,500,0.6,31714,0.1350943851494521,0.2191470701359016,0.2040379507879223
FR,Europe,EurAfrMENA,500,0.8,31714,0.12999937611362583,0.2191470701359016,0.21708942020567562
FR,Europe,EurAfrMENA,500,1.0,31714,0.1293172582647838,0.2191470701359016,0.21884816439251792
GB,Europe,EurAfrMENA,50,0.0,0,0.196152581014297,0.196152581014297,0.0
GB,Europe,EurAfrMENA,50,0.2,0,0.196152581014297,0.196152581014297,0.0
GB,Europe,EurAfrMENA,50,0.4,0,0.196152581014297,0.196152581014297,0.0
GB,Europe,EurAfrMENA,50,0.6,0,0.196152581014297,0.196152581014297,0.0
GB,Europe,EurAfrMENA,50,0.8,0,0.196152581014297,0.196152581014297,0.0
GB,Europe,EurAfrMENA,50,1.0,0,0.196152581014297,0.196152581014297,0.0
GB,Europe,EurAfrMENA,100,0.0,3143,0.196152581014297,0.196152581014297,0.0
GB,Europe,EurAfrMENA,100,0.2,3143,0.1627626798128814,0.196152581014297,0.09333013971611068
GB,Europe,EurAfrMENA,100,0.4,3143,0.1480225924151457,0.196152581014297,0.1362558238091061
GB,Europe,EurAfrMENA,100,0.6,3143,0.1431686657779607,0.196152581014297,0.15076995504046803
GB,Europe,EurAfrMENA,100,0.8,3143,0.14212531384359423,0.196152581014297,0.15391541050494614
GB,Europe,EurAfrMENA,100,1.0,3143,0.14202427459241498,0.196152581014297,0.1542237781785193
GB,Europe,EurAfrMENA,150,0.0,6714,0.196152581014297,0.196152581014297,0.0
GB,Europe,EurAfrMENA,150,0.2,6714,0.16152082090645922,0.196152581014297,0.09676320513465922
GB,Europe,EurAfrMENA,150,0.4,6714,0.14544134863920352,0.196152581014297,0.1437159970192967
GB,Europe,EurAfrMENA,150,0.6,6714,0.14001701332776276,0.196152581014297,0.16002599938234172
GB,Europe,EurAfrMENA,150,0.8,6714,0.13886587929058242,0.196152581014297,0.1635131726899512
GB,Europe,EurAfrMENA,150,1.0,6714,0.13876193969740916,0.196152581014297,0.16383129722491693
GB,Europe,EurAfrMENA,200,0.0,10286,0.196152581014297,0.196152581014297,0.0
GB,Europe,EurAfrMENA,200,0.2,10286,0.1585778229055184,0.196152581014297,0.10493290097494413
GB,Europe,EurAfrMENA,200,0.4,10286,0.13877678117042705,0.196152581014297,0.16307349770629087
GB,Europe,EurAfrMENA,200,0.6,10286,0.13077376461862478,0.196152581014297,0.18723707648276605
GB,Europe,EurAfrMENA,200,0.8,10286,0.12878174310130508,0.196152581014297,0.19341635307332472
GB,Europe,EurAfrMENA,200,1.0,10286,0.1285290290395264,0.196152581014297,0.19421309321148109
GB,Europe,EurAfrMENA,300,0.0,17429,0.196152581014297,0.196152581014297,0.0
GB,Europe,EurAfrMENA,300,0.2,17429,0.1585354798605292,0.196152581014297,0.10505111485421217
GB,Europe,EurAfrMENA,300,0.4,17429,0.1385545494922643,0.196152581014297,0.16372117944786782
GB,Europe,EurAfrMENA,300,0.6,17429,0.13031251117259005,0.196152581014297,0.18860706363070673
GB,Europe,EurAfrMENA,300,0.8,17429,0.12824528417492614,0.196152581014297,0.19501712270866642
GB,Europe,EurAfrMENA,300,1.0,17429,0.12799289656964774,0.196152581014297,0.19581393525648574
GB,Europe,EurAfrMENA,500,0.0,31714,0.196152581014297,0.196152581014297,0.0
GB,Europe,EurAfrMENA,500,0.2,31714,0.15853265651499404,0.196152581014297,0.10505926789909918
GB,Europe,EurAfrMENA,500,0.4,31714,0.13853536417681822,0.196152581014297,0.16377830380719924
GB,Europe,EurAfrMENA,500,0.6,31714,0.13026365410890306,0.196152581014297,0.18875268019236036
GB,Europe,EurAfrMENA,500,0.8,31714,0.12819036806836137,0.196152581014297,0.1951814860085981
GB,Europe,EurAfrMENA,500,1.0,31714,0.12793803917330523,0.196152581014297,0.1959782985564174
GF,Latin America,Americas,50,0.0,0,0.4977273490970264,0.4977273490970264,0.0
GF,Latin America,Americas,50,0.2,0,0.4977273490970264,0.4977273490970264,0.0
GF,Latin America,Americas,50,0.4,0,0.4977273490970264,0.4977273490970264,0.0
GF,Latin America,Americas,50,0.6,0,0.4977273490970264,0.4977273490970264,0.0
GF,Latin America,Americas,50,0.8,0,0.4977273490970264,0.4977273490970264,0.0
GF,Latin America,Americas,50,1.0,0,0.4977273490970264,0.4977273490970264,0.0
GF,Latin America,Americas,100,0.0,3143,0.4977273490970264,0.4977273490970264,0.0
GF,Latin America,Americas,100,0.2,3143,0.487282487646372,0.4977273490970264,0.02577720444765993
GF,Latin America,Americas,100,0.4,3143,0.4810781245674746,0.4977273490970264,0.040598468946179134
GF,Latin America,Americas,100,0.6,3143,0.4772844233413587,0.4977273490970264,0.04947943288969167
GF,Latin America,Americas,100,0.8,3143,0.4747680494374325,0.4977273490970264,0.05530667219055118
GF,Latin America,Americas,100,1.0,3143,0.47304179686053915,0.4977273490970264,0.059273786623330375
GF,Latin America,Americas,150,0.0,6714,0.4977273490970264,0.4977273490970264,0.0
GF,Latin America,Americas,150,0.2,6714,0.4515925850869368,0.4977273490970264,0.10688167650598235
GF,Latin America,Americas,150,0.4,6714,0.40722641010436184,0.4977273490970264,0.1953435647867002
GF,Latin America,Americas,150,0.6,6714,0.36792162900434494,0.4977273490970264,0.26457432537889114
GF,Latin America,Americas,150,0.8,6714,0.3354070069752748,0.4977273490970264,0.31687463129311316
GF,Latin America,Americas,150,1.0,6714,0.3103050126935363,0.4977273490970264,0.3549574049141816
GF,Latin America,Americas,200,0.0,10286,0.4977273490970264,0.4977273490970264,0.0
GF,Latin America,Americas,200,0.2,10286,0.44697590904722717,0.4977273490970264,0.11670481639326614
GF,Latin America,Americas,200,0.4,10286,0.39083186670789793,0.4977273490970264,0.2250803555887672
GF,Latin America,Americas,200,0.6,10286,0.33063557913751584,0.4977273490970264,0.32425300309415866
GF,Latin America,Americas,200,0.8,10286,0.26822568020132426,0.4977273490970264,0.41481938545529984
GF,Latin America,Americas,200,1.0,10286,0.20701361239397834,0.4977273490970264,0.49482962480303583
GF,Latin America,Americas,300,0.0,17429,0.4977273490970264,0.4977273490970264,0.0
GF,Latin America,Americas,300,0.2,17429,0.44695247597592686,0.4977273490970264,0.11675431838910977
GF,Latin America,Americas,300,0.4,17429,0.3907219644958782,0.4977273490970264,0.22527535063440443
GF,Latin America,Americas,300,0.6,17429,0.33025946888971747,0.4977273490970264,0.3248305709646
GF,Latin America,Americas,300,0.8,17429,0.26731207544895424,0.4977273490970264,0.41605653258973574
GF,Latin America,Americas,300,1.0,17429,0.2051389903467826,0.4977273490970264,0.49721586307132254
GF,Latin America,Americas,500,0.0,31714,0.4977273490970264,0.4977273490970264,0.0
GF,Latin America,Americas,500,0.2,31714,0.44695247597592686,0.4977273490970264,0.11675431838910977
GF,Latin America,Americas,500,0.4,31714,0.3907219644958782,0.4977273490970264,0.22527535063440443
GF,Latin America,Americas,500,0.6,31714,0.33025946888971747,0.4977273490970264,0.3248305709646
GF,Latin America,Americas,500,0.8,31714,0.26731207544895424,0.4977273490970264,0.41605653258973574
GF,Latin America,Americas,500,1.0,31714,0.2051389903467826,0.4977273490970264,0.49721586307132254
GH,Africa/MENA,EurAfrMENA,50,0.0,0,0.49395205691706945,0.49395205691706945,0.0
GH,Africa/MENA,EurAfrMENA,50,0.2,0,0.49395205691706945,0.49395205691706945,0.0
GH,Africa/MENA,EurAfrMENA,50,0.4,0,0.49395205691706945,0.49395205691706945,0.0
GH,Africa/MENA,EurAfrMENA,50,0.6,0,0.49395205691706945,0.49395205691706945,0.0
GH,Africa/MENA,EurAfrMENA,50,0.8,0,0.49395205691706945,0.49395205691706945,0.0
GH,Africa/MENA,EurAfrMENA,50,1.0,0,0.49395205691706945,0.49395205691706945,0.0
GH,Africa/MENA,EurAfrMENA,100,0.0,3143,0.49395205691706945,0.49395205691706945,0.0
GH,Africa/MENA,EurAfrMENA,100,0.2,3143,0.49395205691706945,0.49395205691706945,0.0
GH,Africa/MENA,EurAfrMENA,100,0.4,3143,0.49395205691706945,0.49395205691706945,0.0
GH,Africa/MENA,EurAfrMENA,100,0.6,3143,0.49395205691706945,0.49395205691706945,0.0
GH,Africa/MENA,EurAfrMENA,100,0.8,3143,0.49395205691706945,0.49395205691706945,0.0
GH,Africa/MENA,EurAfrMENA,100,1.0,3143,0.49395205691706945,0.49395205691706945,0.0
GH,Africa/MENA,EurAfrMENA,150,0.0,6714,0.49395205691706945,0.49395205691706945,0.0
GH,Africa/MENA,EurAfrMENA,150,0.2,6714,0.44595769816615916,0.49395205691706945,0.10331910187562827
GH,Africa/MENA,EurAfrMENA,150,0.4,6714,0.3960692126593007,0.49395205691706945,0.19403505148676994
GH,Africa/MENA,EurAfrMENA,150,0.6,6714,0.3450747552055199,0.49395205691706945,0.27368352034368815
GH,Africa/MENA,EurAfrMENA,150,0.8,6714,0.29500874162333224,0.49395205691706945,0.3422749660537777
GH,Africa/MENA,EurAfrMENA,150,1.0,6714,0.24665667270300098,0.49395205691706945,0.40114736717763305
GH,Africa/MENA,EurAfrMENA,200,0.0,10286,0.49395205691706945,0.49395205691706945,0.0
GH,Africa/MENA,EurAfrMENA,200,0.2,10286,0.4424650546185971,0.49395205691706945,0.11017984488346284
GH,Africa/MENA,EurAfrMENA,200,0.4,10286,0.3844145511459104,0.49395205691706945,0.21328979858400823
GH,Africa/MENA,EurAfrMENA,200,0.6,10286,0.31980495591209934,0.49395205691706945,0.30934772053115417
GH,Africa/MENA,EurAfrMENA,200,0.8,10286,0.2517813267371348,0.49395205691706945,0.39515137419935414
GH,Africa/MENA,EurAfrMENA,200,1.0,10286,0.18546584283368994,0.49395205691706945,0.4692096703125956
GH,Africa/MENA,EurAfrMENA,300,0.0,17429,0.49395205691706945,0.49395205691706945,0.0
GH,Africa/MENA,EurAfrMENA,300,0.2,17429,0.4419636535334341,0.49395205691706945,0.11115705799217886
GH,Africa/MENA,EurAfrMENA,300,0.4,17429,0.38237259470745777,0.49395205691706945,0.21659439692544388
GH,Africa/MENA,EurAfrMENA,300,0.6,17429,0.3140973061635059,0.49395205691706945,0.31709436341521896
GH,Africa/MENA,EurAfrMENA,300,0.8,17429,0.23899723974762982,0.49395205691706945,0.40999804558699127
GH,Africa/MENA,EurAfrMENA,300,1.0,17429,0.16277145595084488,0.49395205691706945,0.4931465561390203
GH,Africa/MENA,EurAfrMENA,500,0.0,31714,0.49395205691706945,0.49395205691706945,0.0
GH,Africa/MENA,EurAfrMENA,500,0.2,31714,0.4419636535334341,0.49395205691706945,0.11115705799217886
GH,Africa/MENA,EurAfrMENA,500,0.4,31714,0.38237259470745777,0.49395205691706945,0.21659439692544388
GH,Africa/MENA,EurAfrMENA,500,0.6,31714,0.3140973061635059,0.49395205691706945,0.31709436341521896
GH,Africa/MENA,EurAfrMENA,500,0.8,31714,0.23899723974762982,0.49395205691706945,0.40999804558699127
GH,Africa/MENA,EurAfrMENA,500,1.0,31714,0.16277145595084488,0.49395205691706945,0.4931465561390203
GR,Europe,EurAfrMENA,50,0.0,0,0.3919553928035242,0.3919553928035242,0.0
GR,Europe,EurAfrMENA,50,0.2,0,0.3919553928035242,0.3919553928035242,0.0
GR,Europe,EurAfrMENA,50,0.4,0,0.3919553928035242,0.3919553928035242,0.0
GR,Europe,EurAfrMENA,50,0.6,0,0.3919553928035242,0.3919553928035242,0.0
GR,Europe,EurAfrMENA,50,0.8,0,0.3919553928035242,0.3919553928035242,0.0
GR,Europe,EurAfrMENA,50,1.0,0,0.3919553928035242,0.3919553928035242,0.0
GR,Europe,EurAfrMENA,100,0.0,3143,0.3919553928035242,0.3919553928035242,0.0
GR,Europe,EurAfrMENA,100,0.2,3143,0.3482871365625192,0.3919553928035242,0.0959112237239622
GR,Europe,EurAfrMENA,100,0.4,3143,0.311284382705079,0.3919553928035242,0.16940717832353117
GR,Europe,EurAfrMENA,100,0.6,3143,0.28170327629757363,0.3919553928035242,0.22375084358590291
GR,Europe,EurAfrMENA,100,0.8,3143,0.2595906288714245,0.3919553928035242,0.2620897155348221
GR,Europe,EurAfrMENA,100,1.0,3143,0.247483667175626,0.3919553928035242,0.2824167212256511
GR,Europe,EurAfrMENA,150,0.0,6714,0.3919553928035242,0.3919553928035242,0.0
GR,Europe,EurAfrMENA,150,0.2,6714,0.3478237705040782,0.3919553928035242,0.09689281912154868
GR,Europe,EurAfrMENA,150,0.4,6714,0.31011582269165594,0.3919553928035242,0.17167174183164033
GR,Europe,EurAfrMENA,150,0.6,6714,0.27979980719528713,0.3919553928035242,0.22719063512807705
GR,Europe,EurAfrMENA,150,0.8,6714,0.2570374342273764,0.3919553928035242,0.26651142815428686
GR,Europe,EurAfrMENA,150,1.0,6714,0.24459240662927578,0.3919553928035242,0.28733997552326046
GR,Europe,EurAfrMENA,200,0.0,10286,0.3919553928035242,0.3919553928035242,0.0
GR,Europe,EurAfrMENA,200,0.2,10286,0.3439038590420704,0.3919553928035242,0.10530856232436317
GR,Europe,EurAfrMENA,200,0.4,10286,0.2975282671884847,0.3919553928035242,0.1959283913432521
GR,Europe,EurAfrMENA,200,0.6,10286,0.2558606736302372,0.3919553928035242,0.2696534241216267
GR,Europe,EurAfrMENA,200,0.8,10286,0.22264278744107355,0.3919553928035242,0.3251665818145052
GR,Europe,EurAfrMENA,200,1.0,10286,0.20453324615545737,0.3919553928035242,0.35453031546672237
GR,Europe,EurAfrMENA,300,0.0,17429,0.3919553928035242,0.3919553928035242,0.0
GR,Europe,EurAfrMENA,300,0.2,17429,0.3434639146806344,0.3919553928035242,0.10631254551129064
GR,Europe,EurAfrMENA,300,0.4,17429,0.2951605683528083,0.3919553928035242,0.20054782313236302
GR,Europe,EurAfrMENA,300,0.6,17429,0.2487476455472603,0.3919553928035242,0.2822343066703714
GR,Europe,EurAfrMENA,300,0.8,17429,0.20820639833643623,0.3919553928035242,0.3493645820205725
GR,Europe,EurAfrMENA,300,1.0,17429,0.1827954139498056,0.3919553928035242,0.38976823914168346
GR,Europe,EurAfrMENA,500,0.0,31714,0.3919553928035242,0.3919553928035242,0.0
GR,Europe,EurAfrMENA,500,0.2,31714,0.3434620663102739,0.3919553928035242,0.10631649092309609
GR,Europe,EurAfrMENA,500,0.4,31714,0.29513868560508116,0.3919553928035242,0.2005894264856253
GR,Europe,EurAfrMENA,500,0.6,31714,0.24864838495672145,0.3919553928035242,0.28240681303271487
GR,Europe,EurAfrMENA,500,0.8,31714,0.20785370533237982,0.3919553928035242,0.34994975602742195
GR,Europe,EurAfrMENA,500,1.0,31714,0.18218214915776168,0.3919553928035242,0.39075501586230843
GT,North America,Americas,50,0.0,0,0.3743799125630104,0.3743799125630104,0.0
GT,North America,Americas,50,0.2,0,0.3743799125630104,0.3743799125630104,0.0
GT,North America,Americas,50,0.4,0,0.3743799125630104,0.3743799125630104,0.0
GT,North America,Americas,50,0.6,0,0.3743799125630104,0.3743799125630104,0.0
GT,North America,Americas,50,0.8,0,0.3743799125630104,0.3743799125630104,0.0
GT,North America,Americas,50,1.0,0,0.3743799125630104,0.3743799125630104,0.0
GT,North America,Americas,100,0.0,3143,0.3743799125630104,0.3743799125630104,0.0
GT,North America,Americas,100,0.2,3143,0.35784115776218245,0.3743799125630104,0.03479293018929687
GT,North America,Americas,100,0.4,3143,0.3500765667040815,0.3743799125630104,0.050679033627136355
GT,North America,Americas,100,0.6,3143,0.34668014534235925,0.3743799125630104,0.05759103818566622
GT,North America,Americas,100,0.8,3143,0.345045541447698,0.3743799125630104,0.060892325516715015
GT,North America,Americas,100,1.0,3143,0.34446747788124676,0.3743799125630104,0.062047321439869074
GT,North America,Americas,150,0.0,6714,0.3743799125630104,0.3743799125630104,0.0
GT,North America,Americas,150,0.2,6714,0.3427695257643874,0.3743799125630104,0.06639156462448438
GT,North America,Americas,150,0.4,6714,0.3223273217829615,0.3743799125630104,0.10653147407406297
GT,North America,Americas,150,0.6,6714,0.3098849553465515,0.3743799125630104,0.12985821861839705
GT,North America,Americas,150,0.8,6714,0.3022598995501383,0.3743799125630104,0.14370844437008817
GT,North America,Americas,150,1.0,6714,0.29834375064050267,0.3743799125630104,0.15066541907957381
GT,North America,Americas,200,0.0,10286,0.3743799125630104,0.3743799125630104,0.0
GT,North America,Americas,200,0.2,10286,0.3250739426723498,0.3743799125630104,0.10173848531451186
GT,North America,Americas,200,0.4,10286,0.2756972853012577,0.3743799125630104,0.1913095192965125
GT,North America,Americas,200,0.6,10286,0.2286135804623139,0.3743799125630104,0.2677101764406084
GT,North America,Americas,200,0.8,10286,0.18675116256491425,0.3743799125630104,0.32999427144181886
GT,North America,Americas,200,1.0,10286,0.15802981876028213,0.3743799125630104,0.37036251608028303
GT,North America,Americas,300,0.0,17429,0.3743799125630104,0.3743799125630104,0.0
GT,North America,Americas,300,0.2,17429,0.3250531946276891,0.3743799125630104,0.10177843099749108
GT,North America,Americas,300,0.4,17429,0.2755050645030134,0.3743799125630104,0.19164156437075777
GT,North America,Americas,300,0.6,17429,0.22782639328894017,0.3743799125630104,0.2689546266404694
GT,North America,Americas,300,0.8,17429,0.18491907181190903,0.3743799125630104,0.33269886671679294
GT,North America,Americas,300,1.0,17429,0.15520501165656211,0.3743799125630104,0.37434170295886743
GT,North America,Americas,500,0.0,31714,0.3743799125630104,0.3743799125630104,0.0
GT,North America,Americas,500,0.2,31714,0.3250531946276891,0.3743799125630104,0.10177843099749108
GT,North America,Americas,500,0.4,31714,0.2755050645030134,0.3743799125630104,0.19164156437075777
GT,North America,Americas,500,0.6,31714,0.22782639328894017,0.3743799125630104,0.2689546266404694
GT,North America,Americas,500,0.8,31714,0.18491907181190903,0.3743799125630104,0.33269886671679294
GT,North America,Americas,500,1.0,31714,0.15520501165656211,0.3743799125630104,0.37434170295886743
HN,North America,Americas,50,0.0,0,0.3407928229263082,0.3407928229263082,0.0
HN,North America,Americas,50,0.2,0,0.3407928229263082,0.3407928229263082,0.0
HN,North America,Americas,50,0.4,0,0.3407928229263082,0.3407928229263082,0.0
HN,North America,Americas,50,0.6,0,0.3407928229263082,0.3407928229263082,0.0
HN,North America,Americas,50,0.8,0,0.3407928229263082,0.3407928229263082,0.0
HN,North America,Americas,50,1.0,0,0.3407928229263082,0.3407928229263082,0.0
HN,North America,Americas,100,0.0,3143,0.3407928229263082,0.3407928229263082,0.0
HN,North America,Americas,100,0.2,3143,0.32434510053576204,0.3407928229263082,0.03522484564782188
HN,North America,Americas,100,0.4,3143,0.3168246476672404,0.3407928229263082,0.05090651430088216
HN,North America,Americas,100,0.6,3143,0.31378321238778834,0.3407928229263082,0.057238016164056625
HN,North America,Americas,100,0.8,3143,0.31249654726111725,0.3407928229263082,0.05993132864363043
HN,North America,Americas,100,1.0,3143,0.3120261433369478,0.3407928229263082,0.06091039412088262
HN,North America,Americas,150,0.0,6714,0.3407928229263082,0.3407928229263082,0.0
HN,North America,Americas,150,0.2,6714,0.3107227665009885,0.3407928229263082,0.06508460180735469
HN,North America,Americas,150,0.4,6714,0.2918101753954604,0.3407928229263082,0.10353354023352668
HN,North America,Americas,150,0.6,6714,0.2809516339611835,0.3407928229263082,0.12483575063521647
HN,North America,Americas,150,0.8,6714,0.27491388301561004,0.3407928229263082,0.13642841006077377
HN,North America,Americas,150,1.0,6714,0.2721003945616449,0.3407928229263082,0.14174803978800093
HN,North America,Americas,200,0.0,10286,0.3407928229263082,0.3407928229263082,0.0
HN,North America,Americas,200,0.2,10286,0.2941751331551925,0.3407928229263082,0.10134752894406918
HN,North America,Americas,200,0.4,10286,0.25004066365477434,0.3407928229263082,0.18744787767882368
HN,North America,Americas,200,0.6,10286,0.21048470193886598,0.3407928229263082,0.25754621910430986
HN,North America,Americas,200,0.8,10286,0.17873859883651486,0.3407928229263082,0.3099642070233708
HN,North America,Americas,200,1.0,10286,0.16113528089053747,0.3407928229263082,0.3379081553547783
HN,North America,Americas,300,0.0,17429,0.3407928229263082,0.3407928229263082,0.0
HN,North America,Americas,300,0.2,17429,0.2941582655497514,0.3407928229263082,0.10138119580863643
HN,North America,Americas,300,0.4,17429,0.24986972270867558,0.3407928229263082,0.18778110750316226
HN,North America,Americas,300,0.6,17429,0.20989950660009926,0.3407928229263082,0.25857999289056355
HN,North America,Americas,300,0.8,17429,0.1775395390965127,0.3407928229263082,0.31194280414179765
HN,North America,Americas,300,1.0,17429,0.1593809508710036,0.3407928229263082,0.3407152967754424
HN,North America,Americas,500,0.0,31714,0.3407928229263082,0.3407928229263082,0.0
HN,North America,Americas,500,0.2,31714,0.2941582655497514,0.3407928229263082,0.10138119580863643
HN,North America,Americas,500,0.4,31714,0.24986972270867558,0.3407928229263082,0.18778110750316226
HN,North America,Americas,500,0.6,31714,0.20989950660009926,0.3407928229263082,0.25857999289056355
HN,North America,Americas,500,0.8,31714,0.1775395390965127,0.3407928229263082,0.31194280414179765
HN,North America,Americas,500,1.0,31714,0.1593809508710036,0.3407928229263082,0.3407152967754424
HU,Europe,EurAfrMENA,50,0.0,0,0.5329625090490686,0.5329625090490686,0.0
HU,Europe,EurAfrMENA,50,0.2,0,0.5329625090490686,0.5329625090490686,0.0
HU,Europe,EurAfrMENA,50,0.4,0,0.5329625090490686,0.5329625090490686,0.0
HU,Europe,EurAfrMENA,50,0.6,0,0.5329625090490686,0.5329625090490686,0.0
HU,Europe,EurAfrMENA,50,0.8,0,0.5329625090490686,0.5329625090490686,0.0
HU,Europe,EurAfrMENA,50,1.0,0,0.5329625090490686,0.5329625090490686,0.0
HU,Europe,EurAfrMENA,100,0.0,3143,0.5329625090490686,0.5329625090490686,0.0
HU,Europe,EurAfrMENA,100,0.2,3143,0.48852455710070847,0.5329625090490686,0.1136122096146956
HU,Europe,EurAfrMENA,100,0.4,3143,0.44474173939014494,0.5329625090490686,0.20770492779958505
HU,Europe,EurAfrMENA,100,0.6,3143,0.40398799406103747,0.5329625090490686,0.2835140896283189
HU,Europe,EurAfrMENA,100,0.8,3143,0.36718761275664547,0.5329625090490686,0.3434316200754994
HU,Europe,EurAfrMENA,100,1.0,3143,0.33669020056572724,0.5329625090490686,0.3885591915857341
HU,Europe,EurAfrMENA,150,0.0,6714,0.5329625090490686,0.5329625090490686,0.0
HU,Europe,EurAfrMENA,150,0.2,6714,0.4881845978697523,0.5329625090490686,0.11440416493029473
HU,Europe,EurAfrMENA,150,0.4,6714,0.44377367406676105,0.5329625090490686,0.20963550438393233
HU,Europe,EurAfrMENA,150,0.6,6714,0.40217496899286603,0.5329625090490686,0.2866234118689893
HU,Europe,EurAfrMENA,150,0.8,6714,0.3644683646925203,0.5329625090490686,0.34761453691019384
HU,Europe,EurAfrMENA,150,1.0,6714,0.33300684727558805,0.5329625090490686,0.3937658600186293
HU,Europe,EurAfrMENA,200,0.0,10286,0.5329625090490686,0.5329625090490686,0.0
HU,Europe,EurAfrMENA,200,0.2,10286,0.48410519353524817,0.5329625090490686,0.12381812967313126
HU,Europe,EurAfrMENA,200,0.4,10286,0.429797642592287,0.5329625090490686,0.23682892208235037
HU,Europe,EurAfrMENA,200,0.6,10286,0.3727620366931522,0.5329625090490686,0.33476313567895477
HU,Europe,EurAfrMENA,200,0.8,10286,0.3176007752718894,0.5329625090490686,0.41507384148817883
HU,Europe,EurAfrMENA,200,1.0,10286,0.2706349235266014,0.5329625090490686,0.4760263699296782
HU,Europe,EurAfrMENA,300,0.0,17429,0.5329625090490686,0.5329625090490686,0.0
HU,Europe,EurAfrMENA,300,0.2,17429,0.4835043809314913,0.5329625090490686,0.12519073583233783
HU,Europe,EurAfrMENA,300,0.4,17429,0.426471531548343,0.5329625090490686,0.24311068711421221
HU,Europe,EurAfrMENA,300,0.6,17429,0.3618015349188705,0.5329625090490686,0.35168878758721855
HU,Europe,EurAfrMENA,300,0.8,17429,0.29282330310104887,0.5329625090490686,0.44803754481248836
HU,Europe,EurAfrMENA,300,1.0,17429,0.2263026421820692,0.5329625090490686,0.5287880274708626
HU,Europe,EurAfrMENA,500,0.0,31714,0.5329625090490686,0.5329625090490686,0.0
HU,Europe,EurAfrMENA,500,0.2,31714,0.48350224852079937,0.5329625090490686,0.1251956030493203
HU,Europe,EurAfrMENA,500,0.4,31714,0.4264440983924362,0.5329625090490686,0.24316218146091695
HU,Europe,EurAfrMENA,500,0.6,31714,0.36165282650728403,0.5329625090490686,0.35191504888841335
HU,Europe,EurAfrMENA,500,0.8,31714,0.2921416047806103,0.5329625090490686,0.4489183125362516
HU,Europe,EurAfrMENA,500,1.0,31714,0.2247079658374478,0.5329625090490686,0.5306192389814745
ID,Asia-Pacific,Asia,50,0.0,0,0.40305491096788026,0.40305491096788026,0.0
ID,Asia-Pacific,Asia,50,0.2,0,0.40305491096788026,0.40305491096788026,0.0
ID,Asia-Pacific,Asia,50,0.4,0,0.40305491096788026,0.40305491096788026,0.0
ID,Asia-Pacific,Asia,50,0.6,0,0.40305491096788026,0.40305491096788026,0.0
ID,Asia-Pacific,Asia,50,0.8,0,0.40305491096788026,0.40305491096788026,0.0
ID,Asia-Pacific,Asia,50,1.0,0,0.40305491096788026,0.40305491096788026,0.0
ID,Asia-Pacific,Asia,100,0.0,3143,0.40305491096788026,0.40305491096788026,0.0
ID,Asia-Pacific,Asia,100,0.2,3143,0.3950231117207341,0.40305491096788026,0.017039451247334466
ID,Asia-Pacific,Asia,100,0.4,3143,0.39134195919949827,0.40305491096788026,0.02484396754490684
ID,Asia-Pacific,Asia,100,0.6,3143,0.3902540202605547,0.40305491096788026,0.027205656076961415
ID,Asia-Pacific,Asia,100,0.8,3143,0.390039887506371,0.40305491096788026,0.027675229967476372
ID,Asia-Pacific,Asia,100,1.0,3143,0.39002325516983544,0.40305491096788026,0.027712783995729882
ID,Asia-Pacific,Asia,150,0.0,6714,0.40305491096788026,0.40305491096788026,0.0
ID,Asia-Pacific,Asia,150,0.2,6714,0.38151573001269623,0.40305491096788026,0.04959097385460803
ID,Asia-Pacific,Asia,150,0.4,6714,0.36814956926293957,0.40305491096788026,0.07868220202845796
ID,Asia-Pacific,Asia,150,0.6,6714,0.36072872193950545,0.40305491096788026,0.09433402370465753
ID,Asia-Pacific,Asia,150,0.8,6714,0.35717758372919384,0.40305491096788026,0.10161722591540436
ID,Asia-Pacific,Asia,150,1.0,6714,0.3563322668507296,0.40305491096788026,0.10334622362480708
ID,Asia-Pacific,Asia,200,0.0,10286,0.40305491096788026,0.40305491096788026,0.0
ID,Asia-Pacific,Asia,200,0.2,10286,0.3618707166875687,0.40305491096788026,0.0969238160153423
ID,Asia-Pacific,Asia,200,0.4,10286,0.3234471418408791,0.40305491096788026,0.17647151613010845
ID,Asia-Pacific,Asia,200,0.6,10286,0.2893988748086548,0.40305491096788026,0.23927308223365318
ID,Asia-Pacific,Asia,200,0.8,10286,0.261939388692144,0.40305491096788026,0.28575063054382105
ID,Asia-Pacific,Asia,200,1.0,10286,0.24662885257261016,0.40305491096788026,0.31007338659959094
ID,Asia-Pacific,Asia,300,0.0,17429,0.40305491096788026,0.40305491096788026,0.0
ID,Asia-Pacific,Asia,300,0.2,17429,0.35641501746701876,0.40305491096788026,0.10921195287253631
ID,Asia-Pacific,Asia,300,0.4,17429,0.30780531745034534,0.40305491096788026,0.2069990479322975
ID,Asia-Pacific,Asia,300,0.6,17429,0.2592313172516448,0.40305491096788026,0.29234265128824627
ID,Asia-Pacific,Asia,300,0.8,17429,0.21455040682508092,0.40305491096788026,0.3622820605450855
ID,Asia-Pacific,Asia,300,1.0,17429,0.18646745287838964,0.40305491096788026,0.40302605184766915
ID,Asia-Pacific,Asia,500,0.0,31714,0.40305491096788026,0.40305491096788026,0.0
ID,Asia-Pacific,Asia,500,0.2,31714,0.35641501746701876,0.40305491096788026,0.10921195287253631
ID,Asia-Pacific,Asia,500,0.4,31714,0.30780531745034534,0.40305491096788026,0.2069990479322975
ID,Asia-Pacific,Asia,500,0.6,31714,0.2592313172516448,0.40305491096788026,0.29234265128824627
ID,Asia-Pacific,Asia,500,0.8,31714,0.21455040682508092,0.40305491096788026,0.3622820605450855
ID,Asia-Pacific,Asia,500,1.0,31714,0.18646745287838964,0.40305491096788026,0.40302605184766915
IE,Europe,EurAfrMENA,50,0.0,0,0.32615478578741225,0.32615478578741225,0.0
IE,Europe,EurAfrMENA,50,0.2,0,0.32615478578741225,0.32615478578741225,0.0
IE,Europe,EurAfrMENA,50,0.4,0,0.32615478578741225,0.32615478578741225,0.0
IE,Europe,EurAfrMENA,50,0.6,0,0.32615478578741225,0.32615478578741225,0.0
IE,Europe,EurAfrMENA,50,0.8,0,0.32615478578741225,0.32615478578741225,0.0
IE,Europe,EurAfrMENA,50,1.0,0,0.32615478578741225,0.32615478578741225,0.0
IE,Europe,EurAfrMENA,100,0.0,3143,0.32615478578741225,0.32615478578741225,0.0
IE,Europe,EurAfrMENA,100,0.2,3143,0.28673230178957687,0.32615478578741225,0.103522549668958
IE,Europe,EurAfrMENA,100,0.4,3143,0.25875166920580217,0.32615478578741225,0.18339682541096547
IE,Europe,EurAfrMENA,100,0.6,3143,0.2396398351923125,0.32615478578741225,0.24319547545519474
IE,Europe,EurAfrMENA,100,0.8,3143,0.22778614999463342,0.32615478578741225,0.28053849016633886
IE,Europe,EurAfrMENA,100,1.0,3143,0.22352753764663802,0.32615478578741225,0.2936708637750039
IE,Europe,EurAfrMENA,150,0.0,6714,0.32615478578741225,0.32615478578741225,0.0
IE,Europe,EurAfrMENA,150,0.2,6714,0.2857596580905919,0.32615478578741225,0.10619465395989452
IE,Europe,EurAfrMENA,150,0.4,6714,0.2568728175194276,0.32615478578741225,0.1891113212354629
IE,Europe,EurAfrMENA,150,0.6,6714,0.2369659372083855,0.32615478578741225,0.2516416440614356
IE,Europe,EurAfrMENA,150,0.8,6714,0.22436678707012236,0.32615478578741225,0.2910503473728369
IE,Europe,EurAfrMENA,150,1.0,6714,0.21983863020887678,0.32615478578741225,0.305012043674812
IE,Europe,EurAfrMENA,200,0.0,10286,0.32615478578741225,0.32615478578741225,0.0
IE,Europe,EurAfrMENA,200,0.2,10286,0.284176405391585,0.32615478578741225,0.11048421713809564
IE,Europe,EurAfrMENA,200,0.4,10286,0.2539308154302386,0.32615478578741225,0.1981944107622779
IE,Europe,EurAfrMENA,200,0.6,10286,0.2325476588945363,0.32615478578741225,0.26572559881757823
IE,Europe,EurAfrMENA,200,0.8,10286,0.21844458646250944,0.32615478578741225,0.3093989901321012
IE,Europe,EurAfrMENA,200,1.0,10286,0.21329384610583393,0.32615478578741225,0.32514415701150806
IE,Europe,EurAfrMENA,300,0.0,17429,0.32615478578741225,0.32615478578741225,0.0
IE,Europe,EurAfrMENA,300,0.2,17429,0.28415499286331597,0.32615478578741225,0.11054218838230392
IE,Europe,EurAfrMENA,300,0.4,17429,0.25385624161814646,0.32615478578741225,0.1984259755256805
IE,Europe,EurAfrMENA,300,0.6,17429,0.23236792058126174,0.32615478578741225,0.2662946443102763
IE,Europe,EurAfrMENA,300,0.8,17429,0.21816118524853131,0.32615478578741225,0.31026966244897314
IE,Europe,EurAfrMENA,300,1.0,17429,0.21297727896444332,0.32615478578741225,0.32610532311366786
IE,Europe,EurAfrMENA,500,0.0,31714,0.32615478578741225,0.32615478578741225,0.0
IE,Europe,EurAfrMENA,500,0.2,31714,0.28415499286331597,0.32615478578741225,0.11054218838230392
IE,Europe,EurAfrMENA,500,0.4,31714,0.25385624161814646,0.32615478578741225,0.1984259755256805
IE,Europe,EurAfrMENA,500,0.6,31714,0.23236792058126174,0.32615478578741225,0.2662946443102763
IE,Europe,EurAfrMENA,500,0.8,31714,0.21815380281569158,0.32615478578741225,0.3102921353618801
IE,Europe,EurAfrMENA,500,1.0,31714,0.21296982951297874,0.32615478578741225,0.3261277960265748
IL,Asia-Pacific,Asia,50,0.0,0,0.42940004243854957,0.42940004243854957,0.0
IL,Asia-Pacific,Asia,50,0.2,0,0.42940004243854957,0.42940004243854957,0.0
IL,Asia-Pacific,Asia,50,0.4,0,0.42940004243854957,0.42940004243854957,0.0
IL,Asia-Pacific,Asia,50,0.6,0,0.42940004243854957,0.42940004243854957,0.0
IL,Asia-Pacific,Asia,50,0.8,0,0.42940004243854957,0.42940004243854957,0.0
IL,Asia-Pacific,Asia,50,1.0,0,0.42940004243854957,0.42940004243854957,0.0
IL,Asia-Pacific,Asia,100,0.0,3143,0.42940004243854957,0.42940004243854957,0.0
IL,Asia-Pacific,Asia,100,0.2,3143,0.402267758163319,0.42940004243854957,0.062424994647670706
IL,Asia-Pacific,Asia,100,0.4,3143,0.3817735893178029,0.42940004243854957,0.10626642662380728
IL,Asia-Pacific,Asia,100,0.6,3143,0.3658388591838616,0.42940004243854957,0.13824661318392337
IL,Asia-Pacific,Asia,100,0.8,3143,0.3539466018508356,0.42940004243854957,0.16096311169848848
IL,Asia-Pacific,Asia,100,1.0,3143,0.34683908153824,0.42940004243854957,0.17411334320746003
IL,Asia-Pacific,Asia,150,0.0,6714,0.42940004243854957,0.42940004243854957,0.0
IL,Asia-Pacific,Asia,150,0.2,6714,0.3852301947361233,0.42940004243854957,0.10146388737632915
IL,Asia-Pacific,Asia,150,0.4,6714,0.3432055180987698,0.42940004243854957,0.18577270410351482
IL,Asia-Pacific,Asia,150,0.6,6714,0.30495957448008176,0.42940004243854957,0.2535475414040982
IL,Asia-Pacific,Asia,150,0.8,6714,0.2729009222272781,0.42940004243854957,0.3055991190459826
IL,Asia-Pacific,Asia,150,1.0,6714,0.2524393150877286,0.42940004243854957,0.3369981728946176
IL,Asia-Pacific,Asia,200,0.0,10286,0.42940004243854957,0.42940004243854957,0.0
IL,Asia-Pacific,Asia,200,0.2,10286,0.38299204410320953,0.42940004243854957,0.10659537315419207
IL,Asia-Pacific,Asia,200,0.4,10286,0.3359501620024377,0.42940004243854957,0.2002175363119709
IL,Asia-Pacific,Asia,200,0.6,10286,0.2898621717724993,0.42940004243854957,0.27991280771153665
IL,Asia-Pacific,Asia,200,0.8,10286,0.24989171095824234,0.42940004243854957,0.342761877361029
IL,Asia-Pacific,Asia,200,1.0,10286,0.2239240570496493,0.42940004243854957,0.3806463087565213
IL,Asia-Pacific,Asia,300,0.0,17429,0.42940004243854957,0.42940004243854957,0.0
IL,Asia-Pacific,Asia,300,0.2,17429,0.3817499405265952,0.42940004243854957,0.10930903524026434
IL,Asia-Pacific,Asia,300,0.4,17429,0.3310461087667348,0.42940004243854957,0.20949283107641745
IL,Asia-Pacific,Asia,300,0.6,17429,0.27765105486683445,0.42940004243854957,0.30028891585959816
IL,Asia-Pacific,Asia,300,0.8,17429,0.22645955753937586,0.42940004243854957,0.3783232782544721
IL,Asia-Pacific,Asia,300,1.0,17429,0.1903951552210275,0.42940004243854957,0.42891625316374166
IL,Asia-Pacific,Asia,500,0.0,31714,0.42940004243854957,0.42940004243854957,0.0
IL,Asia-Pacific,Asia,500,0.2,31714,0.3817499405265952,0.42940004243854957,0.10930903524026434
IL,Asia-Pacific,Asia,500,0.4,31714,0.3310461087667348,0.42940004243854957,0.20949283107641745
IL,Asia-Pacific,Asia,500,0.6,31714,0.27765105486683445,0.42940004243854957,0.30028891585959816
IL,Asia-Pacific,Asia,500,0.8,31714,0.22645955753937586,0.42940004243854957,0.3783232782544721
IL,Asia-Pacific,Asia,500,1.0,31714,0.1903951552210275,0.42940004243854957,0.42891625316374166
IN,Asia-Pacific,Asia,50,0.0,0,0.2247416232742609,0.2247416232742609,0.0
IN,Asia-Pacific,Asia,50,0.2,0,0.2247416232742609,0.2247416232742609,0.0
IN,Asia-Pacific,Asia,50,0.4,0,0.2247416232742609,0.2247416232742609,0.0
IN,Asia-Pacific,Asia,50,0.6,0,0.2247416232742609,0.2247416232742609,0.0
IN,Asia-Pacific,Asia,50,0.8,0,0.2247416232742609,0.2247416232742609,0.0
IN,Asia-Pacific,Asia,50,1.0,0,0.2247416232742609,0.2247416232742609,0.0
IN,Asia-Pacific,Asia,100,0.0,3143,0.2247416232742609,0.2247416232742609,0.0
IN,Asia-Pacific,Asia,100,0.2,3143,0.2071183372534479,0.2247416232742609,0.04037727969760078
IN,Asia-Pacific,Asia,100,0.4,3143,0.19933881768244588,0.2247416232742609,0.05890549369249298
IN,Asia-Pacific,Asia,100,0.6,3143,0.19674638525229335,0.2247416232742609,0.06512988959603404
IN,Asia-Pacific,Asia,100,0.8,3143,0.19641899103012161,0.2247416232742609,0.06591334610676867
IN,Asia-Pacific,Asia,100,1.0,3143,0.19641594835781137,0.2247416232742609,0.06592046279594928
IN,Asia-Pacific,Asia,150,0.0,6714,0.2247416232742609,0.2247416232742609,0.0
IN,Asia-Pacific,Asia,150,0.2,6714,0.18945831386380624,0.2247416232742609,0.08335417356944307
IN,Asia-Pacific,Asia,150,0.4,6714,0.16850287698578453,0.2247416232742609,0.132722988272005
IN,Asia-Pacific,Asia,150,0.6,6714,0.157786459953457,0.2247416232742609,0.15796841047475882
IN,Asia-Pacific,Asia,150,0.8,6714,0.15435434536982454,0.2247416232742609,0.16605233272166123
IN,Asia-Pacific,Asia,150,1.0,6714,0.15392936317950284,0.2247416232742609,0.1670579478879455
IN,Asia-Pacific,Asia,200,0.0,10286,0.2247416232742609,0.2247416232742609,0.0
IN,Asia-Pacific,Asia,200,0.2,10286,0.18480413232398835,0.2247416232742609,0.09474181963869896
IN,Asia-Pacific,Asia,200,0.4,10286,0.15824840124816666,0.2247416232742609,0.1575577240999796
IN,Asia-Pacific,Asia,200,0.6,10286,0.1434938047741994,0.2247416232742609,0.19250094845802482
IN,Asia-Pacific,Asia,200,0.8,10286,0.13817696771358584,0.2247416232742609,0.20516470850796895
IN,Asia-Pacific,Asia,200,1.0,10286,0.13734877615684044,0.2247416232742609,0.2071295059953228
IN,Asia-Pacific,Asia,300,0.0,17429,0.2247416232742609,0.2247416232742609,0.0
IN,Asia-Pacific,Asia,300,0.2,17429,0.183737017057234,0.2247416232742609,0.09731286347519476
IN,Asia-Pacific,Asia,300,0.4,17429,0.1548445354883308,0.2247416232742609,0.16574031648746065
IN,Asia-Pacific,Asia,300,0.6,17429,0.1377258123172764,0.2247416232742609,0.20647837716354667
IN,Asia-Pacific,Asia,300,0.8,17429,0.13116927211336862,0.2247416232742609,0.22216062268866907
IN,Asia-Pacific,Asia,300,1.0,17429,0.1300889770355681,0.2247416232742609,0.2247416232742609
IN,Asia-Pacific,Asia,500,0.0,31714,0.2247416232742609,0.2247416232742609,0.0
IN,Asia-Pacific,Asia,500,0.2,31714,0.183737017057234,0.2247416232742609,0.09731286347519476
IN,Asia-Pacific,Asia,500,0.4,31714,0.1548445354883308,0.2247416232742609,0.16574031648746065
IN,Asia-Pacific,Asia,500,0.6,31714,0.1377258123172764,0.2247416232742609,0.20647837716354667
IN,Asia-Pacific,Asia,500,0.8,31714,0.13116927211336862,0.2247416232742609,0.22216062268866907
IN,Asia-Pacific,Asia,500,1.0,31714,0.1300889770355681,0.2247416232742609,0.2247416232742609
IR,Asia-Pacific,Asia,50,0.0,0,0.4633732794541407,0.4633732794541407,0.0
IR,Asia-Pacific,Asia,50,0.2,0,0.4633732794541407,0.4633732794541407,0.0
IR,Asia-Pacific,Asia,50,0.4,0,0.4633732794541407,0.4633732794541407,0.0
IR,Asia-Pacific,Asia,50,0.6,0,0.4633732794541407,0.4633732794541407,0.0
IR,Asia-Pacific,Asia,50,0.8,0,0.4633732794541407,0.4633732794541407,0.0
IR,Asia-Pacific,Asia,50,1.0,0,0.4633732794541407,0.4633732794541407,0.0
IR,Asia-Pacific,Asia,100,0.0,3143,0.4633732794541407,0.4633732794541407,0.0
IR,Asia-Pacific,Asia,100,0.2,3143,0.4435283317850478,0.4633732794541407,0.08796243949603073
IR,Asia-Pacific,Asia,100,0.4,3143,0.4278666061092057,0.4633732794541407,0.15274780888299433
IR,Asia-Pacific,Asia,100,0.6,3143,0.41776506637156446,0.4633732794541407,0.18881780545839957
IR,Asia-Pacific,Asia,100,0.8,3143,0.4117355660265217,0.4633732794541407,0.2087675899754828
IR,Asia-Pacific,Asia,100,1.0,3143,0.4088304700057785,0.4633732794541407,0.21807482164532624
IR,Asia-Pacific,Asia,150,0.0,6714,0.4633732794541407,0.4633732794541407,0.0
IR,Asia-Pacific,Asia,150,0.2,6714,0.42796046712983743,0.4633732794541407,0.13889734272531312
IR,Asia-Pacific,Asia,150,0.4,6714,0.39351862069613863,0.4633732794541407,0.2544332228993929
IR,Asia-Pacific,Asia,150,0.6,6714,0.3663398102877306,0.4633732794541407,0.3351970850619366
IR,Asia-Pacific,Asia,150,0.8,6714,0.345942468052191,0.4633732794541407,0.3936590848820923
IR,Asia-Pacific,Asia,150,1.0,6714,0.3327106875524504,0.4633732794541407,0.43045331475460924
IR,Asia-Pacific,Asia,200,0.0,10286,0.4633732794541407,0.4633732794541407,0.0
IR,Asia-Pacific,Asia,200,0.2,10286,0.42757494752076264,0.4633732794541407,0.14021548784307702
IR,Asia-Pacific,Asia,200,0.4,10286,0.3925274495366153,0.4633732794541407,0.25741485684506027
IR,Asia-Pacific,Asia,200,0.6,10286,0.364649381954324,0.4633732794541407,0.3400939994058156
IR,Asia-Pacific,Asia,200,0.8,10286,0.3434069340150849,0.4633732794541407,0.40092491882724784
IR,Asia-Pacific,Asia,200,1.0,10286,0.3293165244751868,0.4633732794541407,0.4396420128458693
IR,Asia-Pacific,Asia,300,0.0,17429,0.4633732794541407,0.4633732794541407,0.0
IR,Asia-Pacific,Asia,300,0.2,17429,0.42652333377159757,0.4633732794541407,0.14358054321618702
IR,Asia-Pacific,Asia,300,0.4,17429,0.389795592983728,0.4633732794541407,0.2652906278713339
IR,Asia-Pacific,Asia,300,0.6,17429,0.36002840874377756,0.4633732794541407,0.3534582622254961
IR,Asia-Pacific,Asia,300,0.8,17429,0.33691402534953846,0.4633732794541407,0.41974333347292603
IR,Asia-Pacific,Asia,300,1.0,17429,0.3206150773794866,0.4633732794541407,0.4633732794541407
IR,Asia-Pacific,Asia,500,0.0,31714,0.4633732794541407,0.4633732794541407,0.0
IR,Asia-Pacific,Asia,500,0.2,31714,0.42652333377159757,0.4633732794541407,0.14358054321618702
IR,Asia-Pacific,Asia,500,0.4,31714,0.389795592983728,0.4633732794541407,0.2652906278713339
IR,Asia-Pacific,Asia,500,0.6,31714,0.36002840874377756,0.4633732794541407,0.3534582622254961
IR,Asia-Pacific,Asia,500,0.8,31714,0.33691402534953846,0.4633732794541407,0.41974333347292603
IR,Asia-Pacific,Asia,500,1.0,31714,0.3206150773794866,0.4633732794541407,0.4633732794541407
IT,Europe,EurAfrMENA,50,0.0,0,0.39270244465162873,0.39270244465162873,0.0
IT,Europe,EurAfrMENA,50,0.2,0,0.39270244465162873,0.39270244465162873,0.0
IT,Europe,EurAfrMENA,50,0.4,0,0.39270244465162873,0.39270244465162873,0.0
IT,Europe,EurAfrMENA,50,0.6,0,0.39270244465162873,0.39270244465162873,0.0
IT,Europe,EurAfrMENA,50,0.8,0,0.39270244465162873,0.39270244465162873,0.0
IT,Europe,EurAfrMENA,50,1.0,0,0.39270244465162873,0.39270244465162873,0.0
IT,Europe,EurAfrMENA,100,0.0,3143,0.39270244465162873,0.39270244465162873,0.0
IT,Europe,EurAfrMENA,100,0.2,3143,0.34841310494963035,0.39270244465162873,0.09517709541254658
IT,Europe,EurAfrMENA,100,0.4,3143,0.31114662481504923,0.39270244465162873,0.16747332047823268
IT,Europe,EurAfrMENA,100,0.6,3143,0.2811136742721553,0.39270244465162873,0.22186708711276557
IT,Europe,EurAfrMENA,100,0.8,3143,0.2574559547088283,0.39270244465162873,0.2626023999347006
IT,Europe,EurAfrMENA,100,1.0,3143,0.24094546401394948,0.39270244465162873,0.28980535138841507
IT,Europe,EurAfrMENA,150,0.0,6714,0.39270244465162873,0.39270244465162873,0.0
IT,Europe,EurAfrMENA,150,0.2,6714,0.3479335662982769,0.39270244465162873,0.09616603889454764
IT,Europe,EurAfrMENA,150,0.4,6714,0.30993464810240784,0.39270244465162873,0.16977968780031547
IT,Europe,EurAfrMENA,150,0.6,6714,0.27914440434998106,0.39270244465162873,0.22539323167304007
IT,Europe,EurAfrMENA,150,0.8,6714,0.25475391882582765,0.39270244465162873,0.267174266890818
IT,Europe,EurAfrMENA,150,1.0,6714,0.23761317606832116,0.39270244465162873,0.29526352473210427
IT,Europe,EurAfrMENA,200,0.0,10286,0.39270244465162873,0.39270244465162873,0.0
IT,Europe,EurAfrMENA,200,0.2,10286,0.34398120403370963,0.39270244465162873,0.10426872582348376
IT,Europe,EurAfrMENA,200,0.4,10286,0.29749470262621264,0.39270244465162873,0.19297272962703346
IT,Europe,EurAfrMENA,200,0.6,10286,0.2560426864184029,0.39270244465162873,0.2654220507992736
IT,Europe,EurAfrMENA,200,0.8,10286,0.22186638435001724,0.39270244465162873,0.320757995294392
IT,Europe,EurAfrMENA,200,1.0,10286,0.19839280793794817,0.39270244465162873,0.35719846822979434
IT,Europe,EurAfrMENA,300,0.0,17429,0.39270244465162873,0.39270244465162873,0.0
IT,Europe,EurAfrMENA,300,0.2,17429,0.34351040257734794,0.39270244465162873,0.10526751967111637
IT,Europe,EurAfrMENA,300,0.4,17429,0.29507828314677365,0.39270244465162873,0.19751135658738572
IT,Europe,EurAfrMENA,300,0.6,17429,0.2488407142846688,0.39270244465162873,0.27756819446360975
IT,Europe,EurAfrMENA,300,0.8,17429,0.20754330275651076,0.39270244465162873,0.34330986400398783
IT,Europe,EurAfrMENA,300,1.0,17429,0.1771404620372961,0.39270244465162873,0.3898114435160346
IT,Europe,EurAfrMENA,500,0.0,31714,0.39270244465162873,0.39270244465162873,0.0
IT,Europe,EurAfrMENA,500,0.2,31714,0.3435069623209337,0.39270244465162873,0.10527435028321981
IT,Europe,EurAfrMENA,500,0.4,31714,0.2950545622113724,0.39270244465162873,0.19755393116803793
IT,Europe,EurAfrMENA,500,0.6,31714,0.24870825958713558,0.39270244465162873,0.2777850694474958
IT,Europe,EurAfrMENA,500,0.8,31714,0.20714624233514392,0.39270244465162873,0.3439255340671299
IT,Europe,EurAfrMENA,500,1.0,31714,0.17636101742631,0.39270244465162873,0.3909929580864903
JM,North America,Americas,50,0.0,0,0.4315026940112215,0.4315026940112215,0.0
JM,North America,Americas,50,0.2,0,0.4315026940112215,0.4315026940112215,0.0
JM,North America,Americas,50,0.4,0,0.4315026940112215,0.4315026940112215,0.0
JM,North America,Americas,50,0.6,0,0.4315026940112215,0.4315026940112215,0.0
JM,North America,Americas,50,0.8,0,0.4315026940112215,0.4315026940112215,0.0
JM,North America,Americas,50,1.0,0,0.4315026940112215,0.4315026940112215,0.0
JM,North America,Americas,100,0.0,3143,0.4315026940112215,0.4315026940112215,0.0
JM,North America,Americas,100,0.2,3143,0.4122392460403163,0.4315026940112215,0.046601371346910204
JM,North America,Americas,100,0.4,3143,0.39980777827775804,0.4315026940112215,0.07511868032365045
JM,North America,Americas,100,0.6,3143,0.3921727733150029,0.4315026940112215,0.09221367625862677
JM,North America,Americas,100,0.8,3143,0.3879194651802101,0.4315026940112215,0.10151561104294693
JM,North America,Americas,100,1.0,3143,0.38595911877246614,0.4315026940112215,0.10564819552406446
JM,North America,Americas,150,0.0,6714,0.4315026940112215,0.4315026940112215,0.0
JM,North America,Americas,150,0.2,6714,0.40031935502094174,0.4315026940112215,0.07602219443630706
JM,North America,Americas,150,0.4,6714,0.37609193772552574,0.4315026940112215,0.12944602499934188
JM,North America,Americas,150,0.6,6714,0.35802541387446607,0.4315026940112215,0.16613061467164222
JM,North America,Americas,150,0.8,6714,0.34542177747514013,0.4315026940112215,0.1901762021045782
JM,North America,Americas,150,1.0,6714,0.33870273317102106,0.4315026940112215,0.20235136344489077
JM,North America,Americas,200,0.0,10286,0.4315026940112215,0.4315026940112215,0.0
JM,North America,Americas,200,0.2,10286,0.38570356330875655,0.4315026940112215,0.11192612423540191
JM,North America,Americas,200,0.4,10286,0.3361225297750345,0.4315026940112215,0.21435127448171157
JM,North America,Americas,200,0.6,10286,0.2832582392467764,0.4315026940112215,0.30589145304996407
JM,North America,Americas,200,0.8,10286,0.23120483581275167,0.4315026940112215,0.38226311162769444
JM,North America,Americas,200,1.0,10286,0.19457065431837686,0.4315026940112215,0.4299440348877285
JM,North America,Americas,300,0.0,17429,0.4315026940112215,0.4315026940112215,0.0
JM,North America,Americas,300,0.2,17429,0.38569740216154075,0.4315026940112215,0.11193979282947636
JM,North America,Americas,300,0.4,17429,0.3360445343905659,0.4315026940112215,0.21448782071940956
JM,North America,Americas,300,0.6,17429,0.28299461867239234,0.4315026940112215,0.30630155401644144
JM,North America,Americas,300,0.8,17429,0.23051309835113482,0.4315026940112215,0.38321452778929344
JM,North America,Americas,300,1.0,17429,0.19336508424141,0.4315026940112215,0.4315013289394606
JM,North America,Americas,500,0.0,31714,0.4315026940112215,0.4315026940112215,0.0
JM,North America,Americas,500,0.2,31714,0.38569740216154075,0.4315026940112215,0.11193979282947636
JM,North America,Americas,500,0.4,31714,0.3360445343905659,0.4315026940112215,0.21448782071940956
JM,North America,Americas,500,0.6,31714,0.28299461867239234,0.4315026940112215,0.30630155401644144
JM,North America,Americas,500,0.8,31714,0.23051309835113482,0.4315026940112215,0.38321452778929344
JM,North America,Americas,500,1.0,31714,0.19336508424141,0.4315026940112215,0.4315013289394606
JO,Asia-Pacific,Asia,50,0.0,0,0.5566713125540451,0.5566713125540451,0.0
JO,Asia-Pacific,Asia,50,0.2,0,0.5566713125540451,0.5566713125540451,0.0
JO,Asia-Pacific,Asia,50,0.4,0,0.5566713125540451,0.5566713125540451,0.0
JO,Asia-Pacific,Asia,50,0.6,0,0.5566713125540451,0.5566713125540451,0.0
JO,Asia-Pacific,Asia,50,0.8,0,0.5566713125540451,0.5566713125540451,0.0
JO,Asia-Pacific,Asia,50,1.0,0,0.5566713125540451,0.5566713125540451,0.0
JO,Asia-Pacific,Asia,100,0.0,3143,0.5566713125540451,0.5566713125540451,0.0
JO,Asia-Pacific,Asia,100,0.2,3143,0.5288603297185825,0.5566713125540451,0.0690254604976779
JO,Asia-Pacific,Asia,100,0.4,3143,0.5052139917361717,0.5566713125540451,0.1213433698520386
JO,Asia-Pacific,Asia,100,0.6,3143,0.4847773978326688,0.5566713125540451,0.16242760590361174
JO,Asia-Pacific,Asia,100,0.8,3143,0.46694081039161284,0.5566713125540451,0.19553710976313374
JO,Asia-Pacific,Asia,100,1.0,3143,0.45148869084575477,0.5566713125540451,0.2224024183357457
JO,Asia-Pacific,Asia,150,0.0,6714,0.5566713125540451,0.5566713125540451,0.0
JO,Asia-Pacific,Asia,150,0.2,6714,0.5089809782622287,0.5566713125540451,0.11336597628990139
JO,Asia-Pacific,Asia,150,0.4,6714,0.4575918501639002,0.5566713125540451,0.21197954548524264
JO,Asia-Pacific,Asia,150,0.6,6714,0.40328677146658803,0.5566713125540451,0.29750251442358466
JO,Asia-Pacific,Asia,150,0.8,6714,0.34782723671495874,0.5566713125540451,0.37201942259908966
JO,Asia-Pacific,Asia,150,1.0,6714,0.29402891621889343,0.5566713125540451,0.4357610697181246
JO,Asia-Pacific,Asia,200,0.0,10286,0.5566713125540451,0.5566713125540451,0.0
JO,Asia-Pacific,Asia,200,0.2,10286,0.5065361757862323,0.5566713125540451,0.1185581606970229
JO,Asia-Pacific,Asia,200,0.4,10286,0.44899730538441246,0.5566713125540451,0.2265874306071145
JO,Asia-Pacific,Asia,200,0.6,10286,0.38418769590804064,0.5566713125540451,0.32430870716068605
JO,Asia-Pacific,Asia,200,0.8,10286,0.3152054498524963,0.5566713125540451,0.4115861699482993
JO,Asia-Pacific,Asia,200,1.0,10286,0.24540581663524458,0.5566713125540451,0.48718250482416786
JO,Asia-Pacific,Asia,300,0.0,17429,0.5566713125540451,0.5566713125540451,0.0
JO,Asia-Pacific,Asia,300,0.2,17429,0.5050756857006861,0.5566713125540451,0.12163380021855198
JO,Asia-Pacific,Asia,300,0.4,17429,0.44248803478696,0.5566713125540451,0.23735484003073457
JO,Asia-Pacific,Asia,300,0.6,17429,0.3660228946729244,0.5566713125540451,0.3486410190703153
JO,Asia-Pacific,Asia,300,0.8,17429,0.27599821261524865,0.5566713125540451,0.4554116337425422
JO,Asia-Pacific,Asia,300,1.0,17429,0.17498421182130797,0.5566713125540451,0.5551914687245866
JO,Asia-Pacific,Asia,500,0.0,31714,0.5566713125540451,0.5566713125540451,0.0
JO,Asia-Pacific,Asia,500,0.2,31714,0.5050756857006861,0.5566713125540451,0.12163380021855198
JO,Asia-Pacific,Asia,500,0.4,31714,0.44248803478696,0.5566713125540451,0.23735484003073457
JO,Asia-Pacific,Asia,500,0.6,31714,0.3660228946729244,0.5566713125540451,0.3486410190703153
JO,Asia-Pacific,Asia,500,0.8,31714,0.27599821261524865,0.5566713125540451,0.4554116337425422
JO,Asia-Pacific,Asia,500,1.0,31714,0.17498421182130797,0.5566713125540451,0.5551914687245866
JP,Asia-Pacific,Asia,50,0.0,0,0.39213378841807395,0.39213378841807395,0.0
JP,Asia-Pacific,Asia,50,0.2,0,0.39213378841807395,0.39213378841807395,0.0
JP,Asia-Pacific,Asia,50,0.4,0,0.39213378841807395,0.39213378841807395,0.0
JP,Asia-Pacific,Asia,50,0.6,0,0.39213378841807395,0.39213378841807395,0.0
JP,Asia-Pacific,Asia,50,0.8,0,0.39213378841807395,0.39213378841807395,0.0
JP,Asia-Pacific,Asia,50,1.0,0,0.39213378841807395,0.39213378841807395,0.0
JP,Asia-Pacific,Asia,100,0.0,3143,0.39213378841807395,0.39213378841807395,0.0
JP,Asia-Pacific,Asia,100,0.2,3143,0.3808053675719672,0.39213378841807395,0.025005215158412305
JP,Asia-Pacific,Asia,100,0.4,3143,0.3752993858016493,0.39213378841807395,0.03685201782450588
JP,Asia-Pacific,Asia,100,0.6,3143,0.37302009652336426,0.39213378841807395,0.04172332550769246
JP,Asia-Pacific,Asia,100,0.8,3143,0.3724244065835037,0.39213378841807395,0.043007431321491284
JP,Asia-Pacific,Asia,100,1.0,3143,0.37235637045782966,0.39213378841807395,0.043156306384277386
JP,Asia-Pacific,Asia,150,0.0,6714,0.39213378841807395,0.39213378841807395,0.0
JP,Asia-Pacific,Asia,150,0.2,6714,0.3715738117720841,0.39213378841807395,0.04633156310198865
JP,Asia-Pacific,Asia,150,0.4,6714,0.35761593860643853,0.39213378841807395,0.07632632189727119
JP,Asia-Pacific,Asia,150,0.6,6714,0.34866671223160406,0.39213378841807395,0.09493750279523211
JP,Asia-Pacific,Asia,150,0.8,6714,0.34374642865573574,0.39213378841807395,0.10499133202149831
JP,Asia-Pacific,Asia,150,1.0,6714,0.342035085004529,0.39213378841807395,0.1084748324973074
JP,Asia-Pacific,Asia,200,0.0,10286,0.39213378841807395,0.39213378841807395,0.0
JP,Asia-Pacific,Asia,200,0.2,10286,0.34313188271022105,0.39213378841807395,0.10893537392399304
JP,Asia-Pacific,Asia,200,0.4,10286,0.2941386473844629,0.39213378841807395,0.20438208274828654
JP,Asia-Pacific,Asia,200,0.6,10286,0.2482569114576101,0.39213378841807395,0.28503258551042576
JP,Asia-Pacific,Asia,200,0.8,10286,0.208730227529757,0.39213378841807395,0.3494266431728453
JP,Asia-Pacific,Asia,200,1.0,10286,0.18344769963405144,0.39213378841807395,0.3889498408584897
JP,Asia-Pacific,Asia,300,0.0,17429,0.39213378841807395,0.39213378841807395,0.0
JP,Asia-Pacific,Asia,300,0.2,17429,0.34304202492509034,0.39213378841807395,0.10912392247085871
JP,Asia-Pacific,Asia,300,0.4,17429,0.2938207435517597,0.39213378841807395,0.20497232477842445
JP,Asia-Pacific,Asia,300,0.6,17429,0.24748336709149638,0.39213378841807395,0.286333856536788
JP,Asia-Pacific,Asia,300,0.8,17429,0.2072589509312303,0.39213378841807395,0.3517763015933936
JP,Asia-Pacific,Asia,300,1.0,17429,0.18140146288133321,0.39213378841807395,0.3921188487047951
JP,Asia-Pacific,Asia,500,0.0,31714,0.39213378841807395,0.39213378841807395,0.0
JP,Asia-Pacific,Asia,500,0.2,31714,0.34304202492509034,0.39213378841807395,0.10912392247085871
JP,Asia-Pacific,Asia,500,0.4,31714,0.2938207435517597,0.39213378841807395,0.20497232477842445
JP,Asia-Pacific,Asia,500,0.6,31714,0.24748336709149638,0.39213378841807395,0.286333856536788
JP,Asia-Pacific,Asia,500,0.8,31714,0.2072589509312303,0.39213378841807395,0.3517763015933936
JP,Asia-Pacific,Asia,500,1.0,31714,0.18140146288133321,0.39213378841807395,0.3921188487047951
KE,Africa/MENA,EurAfrMENA,50,0.0,0,0.3072065603690502,0.3072065603690502,0.0
KE,Africa/MENA,EurAfrMENA,50,0.2,0,0.3072065603690502,0.3072065603690502,0.0
KE,Africa/MENA,EurAfrMENA,50,0.4,0,0.3072065603690502,0.3072065603690502,0.0
KE,Africa/MENA,EurAfrMENA,50,0.6,0,0.3072065603690502,0.3072065603690502,0.0
KE,Africa/MENA,EurAfrMENA,50,0.8,0,0.3072065603690502,0.3072065603690502,0.0
KE,Africa/MENA,EurAfrMENA,50,1.0,0,0.3072065603690502,0.3072065603690502,0.0
KE,Africa/MENA,EurAfrMENA,100,0.0,3143,0.3072065603690502,0.3072065603690502,0.0
KE,Africa/MENA,EurAfrMENA,100,0.2,3143,0.29357000098144304,0.3072065603690502,0.03083694322600955
KE,Africa/MENA,EurAfrMENA,100,0.4,3143,0.2872020893280752,0.3072065603690502,0.045447248880309515
KE,Africa/MENA,EurAfrMENA,100,0.6,3143,0.2847049497596882,0.3072065603690502,0.05107391659124727
KE,Africa/MENA,EurAfrMENA,100,0.8,3143,0.283850255235407,0.3072065603690502,0.05296056918778715
KE,Africa/MENA,EurAfrMENA,100,1.0,3143,0.28360570469165564,0.3072065603690502,0.05349721098902836
KE,Africa/MENA,EurAfrMENA,150,0.0,6714,0.3072065603690502,0.3072065603690502,0.0
KE,Africa/MENA,EurAfrMENA,150,0.2,6714,0.2715613043363317,0.3072065603690502,0.07795197809682958
KE,Africa/MENA,EurAfrMENA,150,0.4,6714,0.2468501381849703,0.3072065603690502,0.1291552519672579
KE,Africa/MENA,EurAfrMENA,150,0.6,6714,0.23082795176365709,0.3072065603690502,0.16147070701343616
KE,Africa/MENA,EurAfrMENA,150,0.8,6714,0.2212445202326713,0.3072065603690502,0.18048119334933244
KE,Africa/MENA,EurAfrMENA,150,1.0,6714,0.21693369331619797,0.3072065603690502,0.1889785664893388
KE,Africa/MENA,EurAfrMENA,200,0.0,10286,0.3072065603690502,0.3072065603690502,0.0
KE,Africa/MENA,EurAfrMENA,200,0.2,10286,0.26096567960404654,0.3072065603690502,0.09965157895439875
KE,Africa/MENA,EurAfrMENA,200,0.4,10286,0.2226405205410663,0.3072065603690502,0.17520630388813763
KE,Africa/MENA,EurAfrMENA,200,0.6,10286,0.1958316190443253,0.3072065603690502,0.2259605055350043
KE,Africa/MENA,EurAfrMENA,200,0.8,10286,0.17868834228721192,0.3072065603690502,0.2582107759860147
KE,Africa/MENA,EurAfrMENA,200,1.0,10286,0.170031286086258,0.3072065603690502,0.27466563539422456
KE,Africa/MENA,EurAfrMENA,300,0.0,17429,0.3072065603690502,0.3072065603690502,0.0
KE,Africa/MENA,EurAfrMENA,300,0.2,17429,0.2594469619420478,0.3072065603690502,0.1027364049207684
KE,Africa/MENA,EurAfrMENA,300,0.4,17429,0.2171654267101531,0.3072065603690502,0.18549571002088489
KE,Africa/MENA,EurAfrMENA,300,0.6,17429,0.18565946825512522,0.3072065603690502,0.24451237285472976
KE,Africa/MENA,EurAfrMENA,300,0.8,17429,0.16426968450721638,0.3072065603690502,0.28457254566802453
KE,Africa/MENA,EurAfrMENA,300,1.0,17429,0.15243267000149346,0.3072065603690502,0.30711460580719036
KE,Africa/MENA,EurAfrMENA,500,0.0,31714,0.3072065603690502,0.3072065603690502,0.0
KE,Africa/MENA,EurAfrMENA,500,0.2,31714,0.2594469619420478,0.3072065603690502,0.1027364049207684
KE,Africa/MENA,EurAfrMENA,500,0.4,31714,0.2171654267101531,0.3072065603690502,0.18549571002088489
KE,Africa/MENA,EurAfrMENA,500,0.6,31714,0.18565946825512522,0.3072065603690502,0.24451237285472976
KE,Africa/MENA,EurAfrMENA,500,0.8,31714,0.16426968450721638,0.3072065603690502,0.28457254566802453
KE,Africa/MENA,EurAfrMENA,500,1.0,31714,0.15243267000149346,0.3072065603690502,0.30711460580719036
KH,Asia-Pacific,Asia,50,0.0,0,0.54629646413169,0.54629646413169,0.0
KH,Asia-Pacific,Asia,50,0.2,0,0.54629646413169,0.54629646413169,0.0
KH,Asia-Pacific,Asia,50,0.4,0,0.54629646413169,0.54629646413169,0.0
KH,Asia-Pacific,Asia,50,0.6,0,0.54629646413169,0.54629646413169,0.0
KH,Asia-Pacific,Asia,50,0.8,0,0.54629646413169,0.54629646413169,0.0
KH,Asia-Pacific,Asia,50,1.0,0,0.54629646413169,0.54629646413169,0.0
KH,Asia-Pacific,Asia,100,0.0,3143,0.54629646413169,0.54629646413169,0.0
KH,Asia-Pacific,Asia,100,0.2,3143,0.5384393555682865,0.54629646413169,0.019872186028170185
KH,Asia-Pacific,Asia,100,0.4,3143,0.5350318713782004,0.54629646413169,0.028309911301532296
KH,Asia-Pacific,Asia,100,0.6,3143,0.5338144904515164,0.54629646413169,0.03129527705915734
KH,Asia-Pacific,Asia,100,0.8,3143,0.5334753320902098,0.54629646413169,0.032124040075511166
KH,Asia-Pacific,Asia,100,1.0,3143,0.5333440770917005,0.54629646413169,0.03244452658499259
KH,Asia-Pacific,Asia,150,0.0,6714,0.54629646413169,0.54629646413169,0.0
KH,Asia-Pacific,Asia,150,0.2,6714,0.5162998900281789,0.54629646413169,0.07260913145067091
KH,Asia-Pacific,Asia,150,0.4,6714,0.49193462183624465,0.54629646413169,0.1257803118509215
KH,Asia-Pacific,Asia,150,0.6,6714,0.472730723585213,0.54629646413169,0.16444025158963047
KH,Asia-Pacific,Asia,150,0.8,6714,0.4580615530112596,0.54629646413169,0.19214864593663797
KH,Asia-Pacific,Asia,150,1.0,6714,0.44854910351648986,0.54629646413169,0.2093269326672458
KH,Asia-Pacific,Asia,200,0.0,10286,0.54629646413169,0.54629646413169,0.0
KH,Asia-Pacific,Asia,200,0.2,10286,0.4959610262327587,0.54629646413169,0.11732602814819629
KH,Asia-Pacific,Asia,200,0.4,10286,0.4382160778847526,0.54629646413169,0.22732683895230701
KH,Asia-Pacific,Asia,200,0.6,10286,0.37245710837169654,0.54629646413169,0.3286898174477561
KH,Asia-Pacific,Asia,200,0.8,10286,0.299623239195214,0.54629646413169,0.42034611453413245
KH,Asia-Pacific,Asia,200,1.0,10286,0.22523518288105218,0.54629646413169,0.49988859185222795
KH,Asia-Pacific,Asia,300,0.0,17429,0.54629646413169,0.54629646413169,0.0
KH,Asia-Pacific,Asia,300,0.2,17429,0.4948275599747954,0.54629646413169,0.11971794554916619
KH,Asia-Pacific,Asia,300,0.4,17429,0.4336355827194349,0.54629646413169,0.23511809870300526
KH,Asia-Pacific,Asia,300,0.6,17429,0.3602710542101865,0.54629646413169,0.3452731708862302
KH,Asia-Pacific,Asia,300,0.8,17429,0.27408479822524684,0.54629646413169,0.4489942629397866
KH,Asia-Pacific,Asia,300,1.0,17429,0.17965760180548568,0.54629646413169,0.5438263730820921
KH,Asia-Pacific,Asia,500,0.0,31714,0.54629646413169,0.54629646413169,0.0
KH,Asia-Pacific,Asia,500,0.2,31714,0.4948275599747954,0.54629646413169,0.11971794554916619
KH,Asia-Pacific,Asia,500,0.4,31714,0.43361969246076304,0.54629646413169,0.23514493229918373
KH,Asia-Pacific,Asia,500,0.6,31714,0.36010461613187367,0.54629646413169,0.3454955598227745
KH,Asia-Pacific,Asia,500,0.8,31714,0.2733398920873672,0.54629646413169,0.44980603451797585
KH,Asia-Pacific,Asia,500,1.0,31714,0.1773831308797785,0.54629646413169,0.545929811798813
KR,Asia-Pacific,Asia,50,0.0,0,0.4025600389248297,0.4025600389248297,0.0
KR,Asia-Pacific,Asia,50,0.2,0,0.4025600389248297,0.4025600389248297,0.0
KR,Asia-Pacific,Asia,50,0.4,0,0.4025600389248297,0.4025600389248297,0.0
KR,Asia-Pacific,Asia,50,0.6,0,0.4025600389248297,0.4025600389248297,0.0
KR,Asia-Pacific,Asia,50,0.8,0,0.4025600389248297,0.4025600389248297,0.0
KR,Asia-Pacific,Asia,50,1.0,0,0.4025600389248297,0.4025600389248297,0.0
KR,Asia-Pacific,Asia,100,0.0,3143,0.4025600389248297,0.4025600389248297,0.0
KR,Asia-Pacific,Asia,100,0.2,3143,0.3896399952092553,0.4025600389248297,0.029886809688577848
KR,Asia-Pacific,Asia,100,0.4,3143,0.383106907502151,0.4025600389248297,0.04458133876398633
KR,Asia-Pacific,Asia,100,0.6,3143,0.38069635703889004,0.4025600389248297,0.049987391970883095
KR,Asia-Pacific,Asia,100,0.8,3143,0.3801231356776518,0.4025600389248297,0.05128501759601081
KR,Asia-Pacific,Asia,100,1.0,3143,0.38005034227480283,0.4025600389248297,0.05145382627141982
KR,Asia-Pacific,Asia,150,0.0,6714,0.4025600389248297,0.4025600389248297,0.0
KR,Asia-Pacific,Asia,150,0.2,6714,0.38176494027649066,0.4025600389248297,0.049803007436134014
KR,Asia-Pacific,Asia,150,0.4,6714,0.3671870319563127,0.4025600389248297,0.08288669201760578
KR,Asia-Pacific,Asia,150,0.6,6714,0.358243794480441,0.4025600389248297,0.10254028198597853
KR,Asia-Pacific,Asia,150,0.8,6714,0.35396516904383085,0.4025600389248297,0.11183436081660972
KR,Asia-Pacific,Asia,150,1.0,6714,0.35272794811798097,0.4025600389248297,0.1145228298579942
KR,Asia-Pacific,Asia,200,0.0,10286,0.4025600389248297,0.4025600389248297,0.0
KR,Asia-Pacific,Asia,200,0.2,10286,0.35578274198707127,0.4025600389248297,0.11407173315909325
KR,Asia-Pacific,Asia,200,0.4,10286,0.3088304463705442,0.4025600389248297,0.2138275370346011
KR,Asia-Pacific,Asia,200,0.6,10286,0.26459084609749167,0.4025600389248297,0.2963742791210174
KR,Asia-Pacific,Asia,200,0.8,10286,0.22674445402457208,0.4025600389248297,0.3592243786499157
KR,Asia-Pacific,Asia,200,1.0,10286,0.2036229128994721,0.4025600389248297,0.39462068930349453
KR,Asia-Pacific,Asia,300,0.0,17429,0.4025600389248297,0.4025600389248297,0.0
KR,Asia-Pacific,Asia,300,0.2,17429,0.355468466112181,0.4025600389248297,0.11482304961520295
KR,Asia-Pacific,Asia,300,0.4,17429,0.3078502262319816,0.4025600389248297,0.21586569383156987
KR,Asia-Pacific,Asia,300,0.6,17429,0.26236924816939217,0.4025600389248297,0.3003816740346519
KR,Asia-Pacific,Asia,300,0.8,17429,0.2228789225751777,0.4025600389248297,0.3654621122685145
KR,Asia-Pacific,Asia,300,1.0,17429,0.1984834738026446,0.4025600389248297,0.4025236986021137
KR,Asia-Pacific,Asia,500,0.0,31714,0.4025600389248297,0.4025600389248297,0.0
KR,Asia-Pacific,Asia,500,0.2,31714,0.355468466112181,0.4025600389248297,0.11482304961520295
KR,Asia-Pacific,Asia,500,0.4,31714,0.3078502262319816,0.4025600389248297,0.21586569383156987
KR,Asia-Pacific,Asia,500,0.6,31714,0.26236924816939217,0.4025600389248297,0.3003816740346519
KR,Asia-Pacific,Asia,500,0.8,31714,0.2228768306299841,0.4025600389248297,0.3654654233250857
KR,Asia-Pacific,Asia,500,1.0,31714,0.19847563890962688,0.4025600389248297,0.40253540716154906
KW,Asia-Pacific,Asia,50,0.0,0,0.5754653832631594,0.5754653832631594,0.0
KW,Asia-Pacific,Asia,50,0.2,0,0.5754653832631594,0.5754653832631594,0.0
KW,Asia-Pacific,Asia,50,0.4,0,0.5754653832631594,0.5754653832631594,0.0
KW,Asia-Pacific,Asia,50,0.6,0,0.5754653832631594,0.5754653832631594,0.0
KW,Asia-Pacific,Asia,50,0.8,0,0.5754653832631594,0.5754653832631594,0.0
KW,Asia-Pacific,Asia,50,1.0,0,0.5754653832631594,0.5754653832631594,0.0
KW,Asia-Pacific,Asia,100,0.0,3143,0.5754653832631594,0.5754653832631594,0.0
KW,Asia-Pacific,Asia,100,0.2,3143,0.5549154551403317,0.5754653832631594,0.053301197901082877
KW,Asia-Pacific,Asia,100,0.4,3143,0.5402938600388869,0.5754653832631594,0.08830784126502744
KW,Asia-Pacific,Asia,100,0.6,3143,0.5307051551876395,0.5754653832631594,0.11009683574848159
KW,Asia-Pacific,Asia,100,0.8,3143,0.5241520406727488,0.5754653832631594,0.12450673711758638
KW,Asia-Pacific,Asia,100,1.0,3143,0.519461902904291,0.5754653832631594,0.1345884443849075
KW,Asia-Pacific,Asia,150,0.0,6714,0.5754653832631594,0.5754653832631594,0.0
KW,Asia-Pacific,Asia,150,0.2,6714,0.5282724516167143,0.5754653832631594,0.11548901694248416
KW,Asia-Pacific,Asia,150,0.4,6714,0.4784601392578184,0.5754653832631594,0.21538722783560915
KW,Asia-Pacific,Asia,150,0.6,6714,0.4273099183679474,0.5754653832631594,0.30053886897358234
KW,Asia-Pacific,Asia,150,0.8,6714,0.374831481741209,0.5754653832631594,0.3734409588107392
KW,Asia-Pacific,Asia,150,1.0,6714,0.3248595850553969,0.5754653832631594,0.43354491950983487
KW,Asia-Pacific,Asia,200,0.0,10286,0.5754653832631594,0.5754653832631594,0.0
KW,Asia-Pacific,Asia,200,0.2,10286,0.5270129670721434,0.5754653832631594,0.1182609967365805
KW,Asia-Pacific,Asia,200,0.4,10286,0.4738121076547133,0.5754653832631594,0.2238074674935177
KW,Asia-Pacific,Asia,200,0.6,10286,0.4166625543734637,0.5754653832631594,0.3163533679800359
KW,Asia-Pacific,Asia,200,0.8,10286,0.3565593463643713,0.5754653832631594,0.3962611545637657
KW,Asia-Pacific,Asia,200,1.0,10286,0.2990188886205089,0.5754653832631594,0.46188342078833294
KW,Asia-Pacific,Asia,300,0.0,17429,0.5754653832631594,0.5754653832631594,0.0
KW,Asia-Pacific,Asia,300,0.2,17429,0.5242561126501261,0.5754653832631594,0.12428090571492752
KW,Asia-Pacific,Asia,300,0.4,17429,0.4618733142484462,0.5754653832631594,0.2447921937211728
KW,Asia-Pacific,Asia,300,0.6,17429,0.38490612776251054,0.5754653832631594,0.3603697846100567
KW,Asia-Pacific,Asia,300,0.8,17429,0.29083252873483356,0.5754653832631594,0.4705140659618327
KW,Asia-Pacific,Asia,300,1.0,17429,0.1831858974039041,0.5754653832631594,0.5722666749888696
KW,Asia-Pacific,Asia,500,0.0,31714,0.5754653832631594,0.5754653832631594,0.0
KW,Asia-Pacific,Asia,500,0.2,31714,0.5242561126501261,0.5754653832631594,0.12428090571492752
KW,Asia-Pacific,Asia,500,0.4,31714,0.4618733142484462,0.5754653832631594,0.2447921937211728
KW,Asia-Pacific,Asia,500,0.6,31714,0.38490612776251054,0.5754653832631594,0.3603697846100567
KW,Asia-Pacific,Asia,500,0.8,31714,0.29083252873483356,0.5754653832631594,0.4705140659618327
KW,Asia-Pacific,Asia,500,1.0,31714,0.1831858974039041,0.5754653832631594,0.5722666749888696
KZ,Asia-Pacific,Asia,50,0.0,0,0.5292209121209939,0.5292209121209939,0.0
KZ,Asia-Pacific,Asia,50,0.2,0,0.5292209121209939,0.5292209121209939,0.0
KZ,Asia-Pacific,Asia,50,0.4,0,0.5292209121209939,0.5292209121209939,0.0
KZ,Asia-Pacific,Asia,50,0.6,0,0.5292209121209939,0.5292209121209939,0.0
KZ,Asia-Pacific,Asia,50,0.8,0,0.5292209121209939,0.5292209121209939,0.0
KZ,Asia-Pacific,Asia,50,1.0,0,0.5292209121209939,0.5292209121209939,0.0
KZ,Asia-Pacific,Asia,100,0.0,3143,0.5292209121209939,0.5292209121209939,0.0
KZ,Asia-Pacific,Asia,100,0.2,3143,0.5147449868578825,0.5292209121209939,0.03561755666108165
KZ,Asia-Pacific,Asia,100,0.4,3143,0.5040698205267657,0.5292209121209939,0.0606083147750147
KZ,Asia-Pacific,Asia,100,0.6,3143,0.49723055643855824,0.5292209121209939,0.07613114200087892
KZ,Asia-Pacific,Asia,100,0.8,3143,0.4938863712192363,0.5292209121209939,0.08356831759396237
KZ,Asia-Pacific,Asia,100,1.0,3143,0.49246659608127197,0.5292209121209939,0.08669687633756938
KZ,Asia-Pacific,Asia,150,0.0,6714,0.5292209121209939,0.5292209121209939,0.0
KZ,Asia-Pacific,Asia,150,0.2,6714,0.4810634227499238,0.5292209121209939,0.11129553208691423
KZ,Asia-Pacific,Asia,150,0.4,6714,0.4310936555302688,0.5292209121209939,0.20835106086285288
KZ,Asia-Pacific,Asia,150,0.6,6714,0.38027555781007005,0.5292209121209939,0.291659760895015
KZ,Asia-Pacific,Asia,150,0.8,6714,0.3314057872801931,0.5292209121209939,0.3620675674462947
KZ,Asia-Pacific,Asia,150,1.0,6714,0.28676712178523756,0.5292209121209939,0.4199892428114937
KZ,Asia-Pacific,Asia,200,0.0,10286,0.5292209121209939,0.5292209121209939,0.0
KZ,Asia-Pacific,Asia,200,0.2,10286,0.48003520494978563,0.5292209121209939,0.1134699122628734
KZ,Asia-Pacific,Asia,200,0.4,10286,0.4274327848302529,0.5292209121209939,0.21481331304321494
KZ,Asia-Pacific,Asia,200,0.6,10286,0.3724648913025105,0.5292209121209939,0.30341960703315546
KZ,Asia-Pacific,Asia,200,0.8,10286,0.31878179203869894,0.5292209121209939,0.379006788675153
KZ,Asia-Pacific,Asia,200,1.0,10286,0.26891775912843385,0.5292209121209939,0.44167006291248395
KZ,Asia-Pacific,Asia,300,0.0,17429,0.5292209121209939,0.5292209121209939,0.0
KZ,Asia-Pacific,Asia,300,0.2,17429,0.47777540476925323,0.5292209121209939,0.11821914131882093
KZ,Asia-Pacific,Asia,300,0.4,17429,0.4179709144406732,0.5292209121209939,0.23114042483900155
KZ,Asia-Pacific,Asia,300,0.6,17429,0.34893050731180125,0.5292209121209939,0.33766585024877416
KZ,Asia-Pacific,Asia,300,0.8,17429,0.27277636887762596,0.5292209121209939,0.43706800518608063
KZ,Asia-Pacific,Asia,300,1.0,17429,0.19122129228751475,0.5292209121209939,0.5285048214351572
KZ,Asia-Pacific,Asia,500,0.0,31714,0.5292209121209939,0.5292209121209939,0.0
KZ,Asia-Pacific,Asia,500,0.2,31714,0.47777540476925323,0.5292209121209939,0.11821914131882093
KZ,Asia-Pacific,Asia,500,0.4,31714,0.4179709144406732,0.5292209121209939,0.23114042483900155
KZ,Asia-Pacific,Asia,500,0.6,31714,0.34893050731180125,0.5292209121209939,0.33766585024877416
KZ,Asia-Pacific,Asia,500,0.8,31714,0.27277636887762596,0.5292209121209939,0.43706800518608063
KZ,Asia-Pacific,Asia,500,1.0,31714,0.19122129228751475,0.5292209121209939,0.5285048214351572
LC,North America,Americas,50,0.0,0,0.49362954141947557,0.49362954141947557,0.0
LC,North America,Americas,50,0.2,0,0.49362954141947557,0.49362954141947557,0.0
LC,North America,Americas,50,0.4,0,0.49362954141947557,0.49362954141947557,0.0
LC,North America,Americas,50,0.6,0,0.49362954141947557,0.49362954141947557,0.0
LC,North America,Americas,50,0.8,0,0.49362954141947557,0.49362954141947557,0.0
LC,North America,Americas,50,1.0,0,0.49362954141947557,0.49362954141947557,0.0
LC,North America,Americas,100,0.0,3143,0.49362954141947557,0.49362954141947557,0.0
LC,North America,Americas,100,0.2,3143,0.49362954141947557,0.49362954141947557,0.0
LC,North America,Americas,100,0.4,3143,0.49362954141947557,0.49362954141947557,0.0
LC,North America,Americas,100,0.6,3143,0.49362954141947557,0.49362954141947557,0.0
LC,North America,Americas,100,0.8,3143,0.49362954141947557,0.49362954141947557,0.0
LC,North America,Americas,100,1.0,3143,0.49362954141947557,0.49362954141947557,0.0
LC,North America,Americas,150,0.0,6714,0.49362954141947557,0.49362954141947557,0.0
LC,North America,Americas,150,0.2,6714,0.44733583517675013,0.49362954141947557,0.09897659611339595
LC,North America,Americas,150,0.4,6714,0.4039477453662275,0.49362954141947557,0.17889614345491586
LC,North America,Americas,150,0.6,6714,0.36634947058072964,0.49362954141947557,0.24009053035339353
LC,North America,Americas,150,0.8,6714,0.335943723432828,0.49362954141947557,0.2848050456919743
LC,North America,Americas,150,1.0,6714,0.3114916622209047,0.49362954141947557,0.3180773091329953
LC,North America,Americas,200,0.0,10286,0.49362954141947557,0.49362954141947557,0.0
LC,North America,Americas,200,0.2,10286,0.4414429292450246,0.49362954141947557,0.11049993795180973
LC,North America,Americas,200,0.4,10286,0.38183737944078305,0.49362954141947557,0.21567794395174375
LC,North America,Americas,200,0.6,10286,0.313673554333361,0.49362954141947557,0.31519648868746025
LC,North America,Americas,200,0.8,10286,0.2386732672381625,0.49362954141947557,0.40640580036105994
LC,North America,Americas,200,1.0,10286,0.15926188062091604,0.49362954141947557,0.4906601901326201
LC,North America,Americas,300,0.0,17429,0.49362954141947557,0.49362954141947557,0.0
LC,North America,Americas,300,0.2,17429,0.4414167563779006,0.49362954141947557,0.1105506480282524
LC,North America,Americas,300,0.4,17429,0.3817018893256226,0.49362954141947557,0.215895914420814
LC,North America,Americas,300,0.6,17429,0.3131792879607314,0.49362954141947557,0.3158499146054479
LC,North America,Americas,300,0.8,17429,0.23745728071745137,0.49362954141947557,0.4077736239848551
LC,North America,Americas,300,1.0,17429,0.15672511709546239,0.49362954141947557,0.49323797914348355
LC,North America,Americas,500,0.0,31714,0.49362954141947557,0.49362954141947557,0.0
LC,North America,Americas,500,0.2,31714,0.4414167563779006,0.49362954141947557,0.1105506480282524
LC,North America,Americas,500,0.4,31714,0.3817018893256226,0.49362954141947557,0.215895914420814
LC,North America,Americas,500,0.6,31714,0.3131792879607314,0.49362954141947557,0.3158499146054479
LC,North America,Americas,500,0.8,31714,0.23745728071745137,0.49362954141947557,0.4077736239848551
LC,North America,Americas,500,1.0,31714,0.15672511709546239,0.49362954141947557,0.49323797914348355
LK,Asia-Pacific,Asia,50,0.0,0,0.2813254557897936,0.2813254557897936,0.0
LK,Asia-Pacific,Asia,50,0.2,0,0.2813254557897936,0.2813254557897936,0.0
LK,Asia-Pacific,Asia,50,0.4,0,0.2813254557897936,0.2813254557897936,0.0
LK,Asia-Pacific,Asia,50,0.6,0,0.2813254557897936,0.2813254557897936,0.0
LK,Asia-Pacific,Asia,50,0.8,0,0.2813254557897936,0.2813254557897936,0.0
LK,Asia-Pacific,Asia,50,1.0,0,0.2813254557897936,0.2813254557897936,0.0
LK,Asia-Pacific,Asia,100,0.0,3143,0.2813254557897936,0.2813254557897936,0.0
LK,Asia-Pacific,Asia,100,0.2,3143,0.2694486409920534,0.2813254557897936,0.025079471654130693
LK,Asia-Pacific,Asia,100,0.4,3143,0.2640755850019869,0.2813254557897936,0.03681341140741688
LK,Asia-Pacific,Asia,100,0.6,3143,0.26201800264441927,0.2813254557897936,0.04137537594877141
LK,Asia-Pacific,Asia,100,0.8,3143,0.26151491181534575,0.2813254557897936,0.042495454275860677
LK,Asia-Pacific,Asia,100,1.0,3143,0.26147256779033795,0.2813254557897936,0.04259002806465285
LK,Asia-Pacific,Asia,150,0.0,6714,0.2813254557897936,0.2813254557897936,0.0
LK,Asia-Pacific,Asia,150,0.2,6714,0.2528936169160612,0.2813254557897936,0.06329581036036638
LK,Asia-Pacific,Asia,150,0.4,6714,0.23515719559840043,0.2813254557897936,0.10208338937674456
LK,Asia-Pacific,Asia,150,0.6,6714,0.2245902813518349,0.2813254557897936,0.124954429395666
LK,Asia-Pacific,Asia,150,0.8,6714,0.21950727424092087,0.2813254557897936,0.1358996875065544
LK,Asia-Pacific,Asia,150,1.0,6714,0.21810573466335284,0.2813254557897936,0.13890384976782252
LK,Asia-Pacific,Asia,200,0.0,10286,0.2813254557897936,0.2813254557897936,0.0
LK,Asia-Pacific,Asia,200,0.2,10286,0.23898545340535668,0.2813254557897936,0.09548861817204479
LK,Asia-Pacific,Asia,200,0.4,10286,0.20656575568586924,0.2813254557897936,0.16471776359017418
LK,Asia-Pacific,Asia,200,0.6,10286,0.18331550300522637,0.2813254557897936,0.21255725570346468
LK,Asia-Pacific,Asia,200,0.8,10286,0.1701042214750359,0.2813254557897936,0.23915574643052945
LK,Asia-Pacific,Asia,200,1.0,10286,0.1654383834373474,0.2813254557897936,0.248540767935497
LK,Asia-Pacific,Asia,300,0.0,17429,0.2813254557897936,0.2813254557897936,0.0
LK,Asia-Pacific,Asia,300,0.2,17429,0.23758190897190373,0.2813254557897936,0.09865776770066777
LK,Asia-Pacific,Asia,300,0.4,17429,0.20159993022976466,0.2813254557897936,0.17525811760654364
LK,Asia-Pacific,Asia,300,0.6,17429,0.17340361712767047,0.2813254557897936,0.23272501577695442
LK,Asia-Pacific,Asia,300,0.8,17429,0.1560208852809844,0.2813254557897936,0.26761469733831095
LK,Asia-Pacific,Asia,300,1.0,17429,0.14923009103611493,0.2813254557897936,0.2813254557897936
LK,Asia-Pacific,Asia,500,0.0,31714,0.2813254557897936,0.2813254557897936,0.0
LK,Asia-Pacific,Asia,500,0.2,31714,0.23758190897190373,0.2813254557897936,0.09865776770066777
LK,Asia-Pacific,Asia,500,0.4,31714,0.20159993022976466,0.2813254557897936,0.17525811760654364
LK,Asia-Pacific,Asia,500,0.6,31714,0.17340361712767047,0.2813254557897936,0.23272501577695442
LK,Asia-Pacific,Asia,500,0.8,31714,0.1560208852809844,0.2813254557897936,0.26761469733831095
LK,Asia-Pacific,Asia,500,1.0,31714,0.14923009103611493,0.2813254557897936,0.2813254557897936
LY,Africa/MENA,EurAfrMENA,50,0.0,0,0.24003481807560745,0.24003481807560745,0.0
LY,Africa/MENA,EurAfrMENA,50,0.2,0,0.24003481807560745,0.24003481807560745,0.0
LY,Africa/MENA,EurAfrMENA,50,0.4,0,0.24003481807560745,0.24003481807560745,0.0
LY,Africa/MENA,EurAfrMENA,50,0.6,0,0.24003481807560745,0.24003481807560745,0.0
LY,Africa/MENA,EurAfrMENA,50,0.8,0,0.24003481807560745,0.24003481807560745,0.0
LY,Africa/MENA,EurAfrMENA,50,1.0,0,0.24003481807560745,0.24003481807560745,0.0
LY,Africa/MENA,EurAfrMENA,100,0.0,3143,0.24003481807560745,0.24003481807560745,0.0
LY,Africa/MENA,EurAfrMENA,100,0.2,3143,0.20794462068060002,0.24003481807560745,0.07962223002621116
LY,Africa/MENA,EurAfrMENA,100,0.4,3143,0.18986630447360262,0.24003481807560745,0.12435525221624172
LY,Africa/MENA,EurAfrMENA,100,0.6,3143,0.18049874144881015,0.24003481807560745,0.1475012446309318
LY,Africa/MENA,EurAfrMENA,100,0.8,3143,0.176641986691589,0.24003481807560745,0.15699554470741528
LY,Africa/MENA,EurAfrMENA,100,1.0,3143,0.17565976794615154,0.24003481807560745,0.15942215951012745
LY,Africa/MENA,EurAfrMENA,150,0.0,6714,0.24003481807560745,0.24003481807560745,0.0
LY,Africa/MENA,EurAfrMENA,150,0.2,6714,0.2002220197034809,0.24003481807560745,0.09804594436876433
LY,Africa/MENA,EurAfrMENA,150,0.4,6714,0.17523968541196602,0.24003481807560745,0.15947749269790476
LY,Africa/MENA,EurAfrMENA,150,0.6,6714,0.16113692899729698,0.24003481807560745,0.19414172673834293
LY,Africa/MENA,EurAfrMENA,150,0.8,6714,0.1549517330524261,0.24003481807560745,0.2093880935582712
LY,Africa/MENA,EurAfrMENA,150,1.0,6714,0.15329382340859526,0.24003481807560745,0.21348196338526948
LY,Africa/MENA,EurAfrMENA,200,0.0,10286,0.24003481807560745,0.24003481807560745,0.0
LY,Africa/MENA,EurAfrMENA,200,0.2,10286,0.19834295105623495,0.24003481807560745,0.10259464746047744
LY,Africa/MENA,EurAfrMENA,200,0.4,10286,0.17102459583568522,0.24003481807560745,0.16973369335961333
LY,Africa/MENA,EurAfrMENA,200,0.6,10286,0.15485820940421002,0.24003481807560745,0.2094358332051258
LY,Africa/MENA,EurAfrMENA,200,0.8,10286,0.14720809586104497,0.24003481807560745,0.228245125835455
LY,Africa/MENA,EurAfrMENA,200,1.0,10286,0.1450643308257319,0.24003481807560745,0.2335338340310892
LY,Africa/MENA,EurAfrMENA,300,0.0,17429,0.24003481807560745,0.24003481807560745,0.0
LY,Africa/MENA,EurAfrMENA,300,0.2,17429,0.19816358886203764,0.24003481807560745,0.10303092598150884
LY,Africa/MENA,EurAfrMENA,300,0.4,17429,0.17032560593173846,0.24003481807560745,0.17143523964404173
LY,Africa/MENA,EurAfrMENA,300,0.6,17429,0.15338044426417327,0.24003481807560745,0.21302731538498104
LY,Africa/MENA,EurAfrMENA,300,0.8,17429,0.14500946456663819,0.24003481807560745,0.23361334210331788
LY,Africa/MENA,EurAfrMENA,300,1.0,17429,0.14245691008006472,0.24003481807560745,0.23990680919200774
LY,Africa/MENA,EurAfrMENA,500,0.0,31714,0.24003481807560745,0.24003481807560745,0.0
LY,Africa/MENA,EurAfrMENA,500,0.2,31714,0.19816358886203764,0.24003481807560745,0.10303092598150884
LY,Africa/MENA,EurAfrMENA,500,0.4,31714,0.17032560593173846,0.24003481807560745,0.17143523964404173
LY,Africa/MENA,EurAfrMENA,500,0.6,31714,0.15338005152419193,0.24003481807560745,0.21302826189627197
LY,Africa/MENA,EurAfrMENA,500,0.8,31714,0.14500907259518592,0.24003481807560745,0.2336142886146088
LY,Africa/MENA,EurAfrMENA,500,1.0,31714,0.1424565186058885,0.24003481807560745,0.23990775570329867
MA,Africa/MENA,EurAfrMENA,50,0.0,0,0.35031987228766476,0.35031987228766476,0.0
MA,Africa/MENA,EurAfrMENA,50,0.2,0,0.35031987228766476,0.35031987228766476,0.0
MA,Africa/MENA,EurAfrMENA,50,0.4,0,0.35031987228766476,0.35031987228766476,0.0
MA,Africa/MENA,EurAfrMENA,50,0.6,0,0.35031987228766476,0.35031987228766476,0.0
MA,Africa/MENA,EurAfrMENA,50,0.8,0,0.35031987228766476,0.35031987228766476,0.0
MA,Africa/MENA,EurAfrMENA,50,1.0,0,0.35031987228766476,0.35031987228766476,0.0
MA,Africa/MENA,EurAfrMENA,100,0.0,3143,0.35031987228766476,0.35031987228766476,0.0
MA,Africa/MENA,EurAfrMENA,100,0.2,3143,0.3130847679651207,0.35031987228766476,0.08058796142109384
MA,Africa/MENA,EurAfrMENA,100,0.4,3143,0.2836181094586279,0.35031987228766476,0.139493548883992
MA,Africa/MENA,EurAfrMENA,100,0.6,3143,0.2606560099025623,0.35031987228766476,0.18311488146973057
MA,Africa/MENA,EurAfrMENA,100,0.8,3143,0.2432648454336064,0.35031987228766476,0.21460265693043765
MA,Africa/MENA,EurAfrMENA,100,1.0,3143,0.23295784646055986,0.35031987228766476,0.23262236785442852
MA,Africa/MENA,EurAfrMENA,150,0.0,6714,0.35031987228766476,0.35031987228766476,0.0
MA,Africa/MENA,EurAfrMENA,150,0.2,6714,0.3048536637084931,0.35031987228766476,0.09808386018583005
MA,Africa/MENA,EurAfrMENA,150,0.4,6714,0.2637437900961325,0.35031987228766476,0.1784133094088899
MA,Africa/MENA,EurAfrMENA,150,0.6,6714,0.22809186573048018,0.35031987228766476,0.2425188224956482
MA,Africa/MENA,EurAfrMENA,150,0.8,6714,0.20029304262090805,0.35031987228766476,0.2896822210963947
MA,Africa/MENA,EurAfrMENA,150,1.0,6714,0.1842861201894752,0.35031987228766476,0.3161626965204081
MA,Africa/MENA,EurAfrMENA,200,0.0,10286,0.35031987228766476,0.35031987228766476,0.0
MA,Africa/MENA,EurAfrMENA,200,0.2,10286,0.30330987510303375,0.35031987228766476,0.10139528986297414
MA,Africa/MENA,EurAfrMENA,200,0.4,10286,0.2589314010088024,0.35031987228766476,0.18765134138468834
MA,Africa/MENA,EurAfrMENA,200,0.6,10286,0.21808222838459676,0.35031987228766476,0.2601705839310433
MA,Africa/MENA,EurAfrMENA,200,0.8,10286,0.18428241967702397,0.35031987228766476,0.3167247132981473
MA,Africa/MENA,EurAfrMENA,200,1.0,10286,0.16457443785793452,0.35031987228766476,0.3491470399819143
MA,Africa/MENA,EurAfrMENA,300,0.0,17429,0.35031987228766476,0.35031987228766476,0.0
MA,Africa/MENA,EurAfrMENA,300,0.2,17429,0.3033003575314739,0.35031987228766476,0.10141506836584853
MA,Africa/MENA,EurAfrMENA,300,0.4,17429,0.2588987869335145,0.35031987228766476,0.18771575023927248
MA,Africa/MENA,EurAfrMENA,300,0.6,17429,0.2180077039410422,0.35031987228766476,0.2603092832306528
MA,Africa/MENA,EurAfrMENA,300,0.8,17429,0.184116163084199,0.35031987228766476,0.31700834676547657
MA,Africa/MENA,EurAfrMENA,300,1.0,17429,0.16429526644052317,0.35031987228766476,0.3496127511967279
MA,Africa/MENA,EurAfrMENA,500,0.0,31714,0.35031987228766476,0.35031987228766476,0.0
MA,Africa/MENA,EurAfrMENA,500,0.2,31714,0.3033003575314739,0.35031987228766476,0.10141506836584853
MA,Africa/MENA,EurAfrMENA,500,0.4,31714,0.2588876131159345,0.35031987228766476,0.18773586034141584
MA,Africa/MENA,EurAfrMENA,500,0.6,31714,0.21795656771428035,0.35031987228766476,0.2604017500770215
MA,Africa/MENA,EurAfrMENA,500,0.8,31714,0.1839930510016915,0.35031987228766476,0.31721817982591866
MA,Africa/MENA,EurAfrMENA,500,1.0,31714,0.1641216940374568,0.35031987228766476,0.34990438098349835
MG,Africa/MENA,EurAfrMENA,50,0.0,0,0.43429897873290185,0.43429897873290185,0.0
MG,Africa/MENA,EurAfrMENA,50,0.2,0,0.43429897873290185,0.43429897873290185,0.0
MG,Africa/MENA,EurAfrMENA,50,0.4,0,0.43429897873290185,0.43429897873290185,0.0
MG,Africa/MENA,EurAfrMENA,50,0.6,0,0.43429897873290185,0.43429897873290185,0.0
MG,Africa/MENA,EurAfrMENA,50,0.8,0,0.43429897873290185,0.43429897873290185,0.0
MG,Africa/MENA,EurAfrMENA,50,1.0,0,0.43429897873290185,0.43429897873290185,0.0
MG,Africa/MENA,EurAfrMENA,100,0.0,3143,0.43429897873290185,0.43429897873290185,0.0
MG,Africa/MENA,EurAfrMENA,100,0.2,3143,0.4232589188819657,0.43429897873290185,0.024099398551371713
MG,Africa/MENA,EurAfrMENA,100,0.4,3143,0.41734156377424525,0.43429897873290185,0.03667201331988364
MG,Africa/MENA,EurAfrMENA,100,0.6,3143,0.4146959246770402,0.43429897873290185,0.04221756222685907
MG,Africa/MENA,EurAfrMENA,100,0.8,3143,0.4136029311730437,0.43429897873290185,0.04449443740885036
MG,Africa/MENA,EurAfrMENA,100,1.0,3143,0.4131078753067018,0.43429897873290185,0.045523595166584614
MG,Africa/MENA,EurAfrMENA,150,0.0,6714,0.43429897873290185,0.43429897873290185,0.0
MG,Africa/MENA,EurAfrMENA,150,0.2,6714,0.40804054653118926,0.43429897873290185,0.05595622932405357
MG,Africa/MENA,EurAfrMENA,150,0.4,6714,0.3876262175841796,0.43429897873290185,0.09635255739874496
MG,Africa/MENA,EurAfrMENA,150,0.6,6714,0.3730968209627762,0.43429897873290185,0.12374322157972789
MG,Africa/MENA,EurAfrMENA,150,0.8,6714,0.3632210535638774,0.43429897873290185,0.14176378106677587
MG,Africa/MENA,EurAfrMENA,150,1.0,6714,0.3568155585787051,0.43429897873290185,0.15319984318202787
MG,Africa/MENA,EurAfrMENA,200,0.0,10286,0.43429897873290185,0.43429897873290185,0.0
MG,Africa/MENA,EurAfrMENA,200,0.2,10286,0.3840699460361021,0.43429897873290185,0.1031422965484589
MG,Africa/MENA,EurAfrMENA,200,0.4,10286,0.3331647783697743,0.43429897873290185,0.19398355480041984
MG,Africa/MENA,EurAfrMENA,200,0.6,10286,0.2839918161323963,0.43429897873290185,0.27216872220042426
MG,Africa/MENA,EurAfrMENA,200,0.8,10286,0.23824528336530418,0.43429897873290185,0.33845603101574867
MG,Africa/MENA,EurAfrMENA,200,1.0,10286,0.19937276893050954,0.43429897873290185,0.39174277418106324
MG,Africa/MENA,EurAfrMENA,300,0.0,17429,0.43429897873290185,0.43429897873290185,0.0
MG,Africa/MENA,EurAfrMENA,300,0.2,17429,0.38313452187144054,0.43429897873290185,0.10491901186581286
MG,Africa/MENA,EurAfrMENA,300,0.4,17429,0.32934696565580573,0.43429897873290185,0.20037282166366327
MG,Africa/MENA,EurAfrMENA,300,0.6,17429,0.27415831540700486,0.43429897873290185,0.28686793562663715
MG,Africa/MENA,EurAfrMENA,300,0.8,17429,0.21864326726213482,0.43429897873290185,0.3654701493349747
MG,Africa/MENA,EurAfrMENA,300,1.0,17429,0.16769579266567491,0.43429897873290185,0.4341942874936374
MG,Africa/MENA,EurAfrMENA,500,0.0,31714,0.43429897873290185,0.43429897873290185,0.0
MG,Africa/MENA,EurAfrMENA,500,0.2,31714,0.38313452187144054,0.43429897873290185,0.10491901186581286
MG,Africa/MENA,EurAfrMENA,500,0.4,31714,0.32934696565580573,0.43429897873290185,0.20037282166366327
MG,Africa/MENA,EurAfrMENA,500,0.6,31714,0.27415831540700486,0.43429897873290185,0.28686793562663715
MG,Africa/MENA,EurAfrMENA,500,0.8,31714,0.21864326726213482,0.43429897873290185,0.3654701493349747
MG,Africa/MENA,EurAfrMENA,500,1.0,31714,0.16769579266567491,0.43429897873290185,0.4341942874936374
MM,Asia-Pacific,Asia,50,0.0,0,0.5325311739342563,0.5325311739342563,0.0
MM,Asia-Pacific,Asia,50,0.2,0,0.5325311739342563,0.5325311739342563,0.0
MM,Asia-Pacific,Asia,50,0.4,0,0.5325311739342563,0.5325311739342563,0.0
MM,Asia-Pacific,Asia,50,0.6,0,0.5325311739342563,0.5325311739342563,0.0
MM,Asia-Pacific,Asia,50,0.8,0,0.5325311739342563,0.5325311739342563,0.0
MM,Asia-Pacific,Asia,50,1.0,0,0.5325311739342563,0.5325311739342563,0.0
MM,Asia-Pacific,Asia,100,0.0,3143,0.5325311739342563,0.5325311739342563,0.0
MM,Asia-Pacific,Asia,100,0.2,3143,0.5194847458925512,0.5325311739342563,0.03188680764417471
MM,Asia-Pacific,Asia,100,0.4,3143,0.5103774729317497,0.5325311739342563,0.05318246805951494
MM,Asia-Pacific,Asia,100,0.6,3143,0.504273440918808,0.5325311739342563,0.06703536818442926
MM,Asia-Pacific,Asia,100,0.8,3143,0.5002229548383154,0.5325311739342563,0.07603592177188936
MM,Asia-Pacific,Asia,100,1.0,3143,0.49796570186193834,0.5325311739342563,0.08098826512176381
MM,Asia-Pacific,Asia,150,0.0,6714,0.5325311739342563,0.5325311739342563,0.0
MM,Asia-Pacific,Asia,150,0.2,6714,0.49932427897103915,0.5325311739342563,0.07801214249354387
MM,Asia-Pacific,Asia,150,0.4,6714,0.46829917274717736,0.5325311739342563,0.14217971190622292
MM,Asia-Pacific,Asia,150,0.6,6714,0.43902408055931147,0.5325311739342563,0.19616393246014066
MM,Asia-Pacific,Asia,150,0.8,6714,0.41197531083813316,0.5325311739342563,0.24148908001756236
MM,Asia-Pacific,Asia,150,1.0,6714,0.39044827669235294,0.5325311739342563,0.2749195043913092
MM,Asia-Pacific,Asia,200,0.0,10286,0.5325311739342563,0.5325311739342563,0.0
MM,Asia-Pacific,Asia,200,0.2,10286,0.4813631497473556,0.5325311739342563,0.11612923132309966
MM,Asia-Pacific,Asia,200,0.4,10286,0.42230199349640035,0.5325311739342563,0.22465728676455657
MM,Asia-Pacific,Asia,200,0.6,10286,0.3550391993766504,0.5325311739342563,0.32596629033274116
MM,Asia-Pacific,Asia,200,0.8,10286,0.280638353541308,0.5325311739342563,0.41990704749231317
MM,Asia-Pacific,Asia,200,1.0,10286,0.20378692232684975,0.5325311739342563,0.5025160202903384
MM,Asia-Pacific,Asia,300,0.0,17429,0.5325311739342563,0.5325311739342563,0.0
MM,Asia-Pacific,Asia,300,0.2,17429,0.4805309405116427,0.5325311739342563,0.11783049607143975
MM,Asia-Pacific,Asia,300,0.4,17429,0.4191272098389375,0.5325311739342563,0.22989056640088726
MM,Asia-Pacific,Asia,300,0.6,17429,0.3468342033198108,0.5325311739342563,0.3371389125469949
MM,Asia-Pacific,Asia,300,0.8,17429,0.2636600884276851,0.5325311739342563,0.4393444797973036
MM,Asia-Pacific,Asia,300,1.0,17429,0.17351277930583475,0.5325311739342563,0.5323474909734629
MM,Asia-Pacific,Asia,500,0.0,31714,0.5325311739342563,0.5325311739342563,0.0
MM,Asia-Pacific,Asia,500,0.2,31714,0.4805309405116427,0.5325311739342563,0.11783049607143975
MM,Asia-Pacific,Asia,500,0.4,31714,0.4191272098389375,0.5325311739342563,0.22989056640088726
MM,Asia-Pacific,Asia,500,0.6,31714,0.3468318023474577,0.5325311739342563,0.33714215139749176
MM,Asia-Pacific,Asia,500,0.8,31714,0.26361078061131615,0.5325311739342563,0.43939990740680696
MM,Asia-Pacific,Asia,500,1.0,31714,0.1733246998945174,0.5325311739342563,0.5325311739342563
MN,Asia-Pacific,Asia,50,0.0,0,0.28552643815841466,0.28552643815841466,0.0
MN,Asia-Pacific,Asia,50,0.2,0,0.28552643815841466,0.28552643815841466,0.0
MN,Asia-Pacific,Asia,50,0.4,0,0.28552643815841466,0.28552643815841466,0.0
MN,Asia-Pacific,Asia,50,0.6,0,0.28552643815841466,0.28552643815841466,0.0
MN,Asia-Pacific,Asia,50,0.8,0,0.28552643815841466,0.28552643815841466,0.0
MN,Asia-Pacific,Asia,50,1.0,0,0.28552643815841466,0.28552643815841466,0.0
MN,Asia-Pacific,Asia,100,0.0,3143,0.28552643815841466,0.28552643815841466,0.0
MN,Asia-Pacific,Asia,100,0.2,3143,0.2723563347456039,0.28552643815841466,0.02921346501116992
MN,Asia-Pacific,Asia,100,0.4,3143,0.2657982175093478,0.28552643815841466,0.044004366193904354
MN,Asia-Pacific,Asia,100,0.6,3143,0.26293225543100135,0.28552643815841466,0.05049005031375591
MN,Asia-Pacific,Asia,100,0.8,3143,0.26203280215060254,0.28552643815841466,0.05252245487409424
MN,Asia-Pacific,Asia,100,1.0,3143,0.2619080574808206,0.28552643815841466,0.05280320393983891
MN,Asia-Pacific,Asia,150,0.0,6714,0.28552643815841466,0.28552643815841466,0.0
MN,Asia-Pacific,Asia,150,0.2,6714,0.24383703912757893,0.28552643815841466,0.09384424941033524
MN,Asia-Pacific,Asia,150,0.4,6714,0.21250261143837798,0.28552643815841466,0.16219901248236918
MN,Asia-Pacific,Asia,150,0.6,6714,0.19077025293637145,0.28552643815841466,0.20904286433806715
MN,Asia-Pacific,Asia,150,0.8,6714,0.17768819837114333,0.28552643815841466,0.23704745370442723
MN,Asia-Pacific,Asia,150,1.0,6714,0.17247461124080965,0.28552643815841466,0.24817857268825416
MN,Asia-Pacific,Asia,200,0.0,10286,0.28552643815841466,0.28552643815841466,0.0
MN,Asia-Pacific,Asia,200,0.2,10286,0.2415338720425358,0.28552643815841466,0.09902595103830518
MN,Asia-Pacific,Asia,200,0.4,10286,0.2066859279779467,0.28552643815841466,0.17497555053320743
MN,Asia-Pacific,Asia,200,0.6,10286,0.18114083880760723,0.28552643815841466,0.2298699445160942
MN,Asia-Pacific,Asia,200,0.8,10286,0.16481906975147273,0.28552643815841466,0.2648383630855848
MN,Asia-Pacific,Asia,200,1.0,10286,0.15807017120109504,0.28552643815841466,0.2792511226717854
MN,Asia-Pacific,Asia,300,0.0,17429,0.28552643815841466,0.28552643815841466,0.0
MN,Asia-Pacific,Asia,300,0.2,17429,0.24137123834265073,0.28552643815841466,0.0993968015706963
MN,Asia-Pacific,Asia,300,0.4,17429,0.20607029463618073,0.28552643815841466,0.1763335167995189
MN,Asia-Pacific,Asia,300,0.6,17429,0.17979676227984506,0.28552643815841466,0.23278477609441448
MN,Asia-Pacific,Asia,300,0.8,17429,0.1625653216957293,0.28552643815841466,0.2696990091819454
MN,Asia-Pacific,Asia,300,1.0,17429,0.1551867143227814,0.28552643815841466,0.2854377646267885
MN,Asia-Pacific,Asia,500,0.0,31714,0.28552643815841466,0.28552643815841466,0.0
MN,Asia-Pacific,Asia,500,0.2,31714,0.24137123834265073,0.28552643815841466,0.0993968015706963
MN,Asia-Pacific,Asia,500,0.4,31714,0.20607029463618073,0.28552643815841466,0.1763335167995189
MN,Asia-Pacific,Asia,500,0.6,31714,0.17979676227984506,0.28552643815841466,0.23278477609441448
MN,Asia-Pacific,Asia,500,0.8,31714,0.1625503582990021,0.28552643815841466,0.26973095153852134
MN,Asia-Pacific,Asia,500,1.0,31714,0.15514527862016253,0.28552643815841466,0.28552643815841466
MR,Africa/MENA,EurAfrMENA,50,0.0,0,0.2646338587142856,0.2646338587142856,0.0
MR,Africa/MENA,EurAfrMENA,50,0.2,0,0.2646338587142856,0.2646338587142856,0.0
MR,Africa/MENA,EurAfrMENA,50,0.4,0,0.2646338587142856,0.2646338587142856,0.0
MR,Africa/MENA,EurAfrMENA,50,0.6,0,0.2646338587142856,0.2646338587142856,0.0
MR,Africa/MENA,EurAfrMENA,50,0.8,0,0.2646338587142856,0.2646338587142856,0.0
MR,Africa/MENA,EurAfrMENA,50,1.0,0,0.2646338587142856,0.2646338587142856,0.0
MR,Africa/MENA,EurAfrMENA,100,0.0,3143,0.2646338587142856,0.2646338587142856,0.0
MR,Africa/MENA,EurAfrMENA,100,0.2,3143,0.2513350161263304,0.2646338587142856,0.030562911984704285
MR,Africa/MENA,EurAfrMENA,100,0.4,3143,0.24522825832408826,0.2646338587142856,0.04469094727795491
MR,Africa/MENA,EurAfrMENA,100,0.6,3143,0.24295975311909543,0.2646338587142856,0.049925848517472185
MR,Africa/MENA,EurAfrMENA,100,0.8,3143,0.24224115070857788,0.2646338587142856,0.05158089813305388
MR,Africa/MENA,EurAfrMENA,100,1.0,3143,0.24210162681524286,0.2646338587142856,0.05190221731356694
MR,Africa/MENA,EurAfrMENA,150,0.0,6714,0.2646338587142856,0.2646338587142856,0.0
MR,Africa/MENA,EurAfrMENA,150,0.2,6714,0.22215277038977474,0.2646338587142856,0.09764159203258618
MR,Africa/MENA,EurAfrMENA,150,0.4,6714,0.19084319006122075,0.2646338587142856,0.16789011583554464
MR,Africa/MENA,EurAfrMENA,150,0.6,6714,0.16990532242920514,0.2646338587142856,0.21423960813972787
MR,Africa/MENA,EurAfrMENA,150,0.8,6714,0.15809626348771433,0.2646338587142856,0.24011325956564594
MR,Africa/MENA,EurAfrMENA,150,1.0,6714,0.15432861083654406,0.2646338587142856,0.24831044541099614
MR,Africa/MENA,EurAfrMENA,200,0.0,10286,0.2646338587142856,0.2646338587142856,0.0
MR,Africa/MENA,EurAfrMENA,200,0.2,10286,0.22076823115309596,0.2646338587142856,0.10085732988279981
MR,Africa/MENA,EurAfrMENA,200,0.4,10286,0.18767846984733358,0.2646338587142856,0.17510158984944152
MR,Africa/MENA,EurAfrMENA,200,0.6,10286,0.16481327801304232,0.2646338587142856,0.22565795315157477
MR,Africa/MENA,EurAfrMENA,200,0.8,10286,0.15145732276502066,0.2646338587142856,0.25480113555730044
MR,Africa/MENA,EurAfrMENA,200,1.0,10286,0.14718254014020657,0.2646338587142856,0.26406545126588127
MR,Africa/MENA,EurAfrMENA,300,0.0,17429,0.2646338587142856,0.2646338587142856,0.0
MR,Africa/MENA,EurAfrMENA,300,0.2,17429,0.22075697753321605,0.2646338587142856,0.10088410873993599
MR,Africa/MENA,EurAfrMENA,300,0.4,17429,0.18765166964270463,0.2646338587142856,0.17516463609429156
MR,Africa/MENA,EurAfrMENA,300,0.6,17429,0.16475488018718426,0.2646338587142856,0.22578887820703977
MR,Africa/MENA,EurAfrMENA,300,0.8,17429,0.1513321810818743,0.2646338587142856,0.2550751659306366
MR,Africa/MENA,EurAfrMENA,300,1.0,17429,0.1470009639129065,0.2646338587142856,0.2644610196065284
MR,Africa/MENA,EurAfrMENA,500,0.0,31714,0.2646338587142856,0.2646338587142856,0.0
MR,Africa/MENA,EurAfrMENA,500,0.2,31714,0.22075697753321605,0.2646338587142856,0.10088410873993599
MR,Africa/MENA,EurAfrMENA,500,0.4,31714,0.18765166964270463,0.2646338587142856,0.17516463609429156
MR,Africa/MENA,EurAfrMENA,500,0.6,31714,0.16475488018718426,0.2646338587142856,0.22578887820703977
MR,Africa/MENA,EurAfrMENA,500,0.8,31714,0.15129361947983508,0.2646338587142856,0.2551597263224807
MR,Africa/MENA,EurAfrMENA,500,1.0,31714,0.14693276677925837,0.2646338587142856,0.2646101332366606
MU,Africa/MENA,EurAfrMENA,50,0.0,0,0.48560943090431985,0.48560943090431985,0.0
MU,Africa/MENA,EurAfrMENA,50,0.2,0,0.48560943090431985,0.48560943090431985,0.0
MU,Africa/MENA,EurAfrMENA,50,0.4,0,0.48560943090431985,0.48560943090431985,0.0
MU,Africa/MENA,EurAfrMENA,50,0.6,0,0.48560943090431985,0.48560943090431985,0.0
MU,Africa/MENA,EurAfrMENA,50,0.8,0,0.48560943090431985,0.48560943090431985,0.0
MU,Africa/MENA,EurAfrMENA,50,1.0,0,0.48560943090431985,0.48560943090431985,0.0
MU,Africa/MENA,EurAfrMENA,100,0.0,3143,0.48560943090431985,0.48560943090431985,0.0
MU,Africa/MENA,EurAfrMENA,100,0.2,3143,0.48560943090431985,0.48560943090431985,0.0
MU,Africa/MENA,EurAfrMENA,100,0.4,3143,0.48560943090431985,0.48560943090431985,0.0
MU,Africa/MENA,EurAfrMENA,100,0.6,3143,0.48560943090431985,0.48560943090431985,0.0
MU,Africa/MENA,EurAfrMENA,100,0.8,3143,0.48560943090431985,0.48560943090431985,0.0
MU,Africa/MENA,EurAfrMENA,100,1.0,3143,0.48560943090431985,0.48560943090431985,0.0
MU,Africa/MENA,EurAfrMENA,150,0.0,6714,0.48560943090431985,0.48560943090431985,0.0
MU,Africa/MENA,EurAfrMENA,150,0.2,6714,0.4608596749665666,0.48560943090431985,0.05416726256408224
MU,Africa/MENA,EurAfrMENA,150,0.4,6714,0.4410642357600496,0.48560943090431985,0.0942761300167489
MU,Africa/MENA,EurAfrMENA,150,0.6,6714,0.42574819788173446,0.48560943090431985,0.12355810645121833
MU,Africa/MENA,EurAfrMENA,150,0.8,6714,0.4146805296212135,0.48560943090431985,0.14389877163773535
MU,Africa/MENA,EurAfrMENA,150,1.0,6714,0.4076269713661708,0.48560943090431985,0.15651115801245508
MU,Africa/MENA,EurAfrMENA,200,0.0,10286,0.48560943090431985,0.48560943090431985,0.0
MU,Africa/MENA,EurAfrMENA,200,0.2,10286,0.43598894179089087,0.48560943090431985,0.10413901693236947
MU,Africa/MENA,EurAfrMENA,200,0.4,10286,0.38513326114461144,0.48560943090431985,0.19486348122870614
MU,Africa/MENA,EurAfrMENA,200,0.6,10286,0.33424082063402405,0.48560943090431985,0.27279773611908653
MU,Africa/MENA,EurAfrMENA,200,0.8,10286,0.2846208525319169,0.48560943090431985,0.3394313827106865
MU,Africa/MENA,EurAfrMENA,200,1.0,10286,0.24004237936834066,0.48560943090431985,0.3940424722745967
MU,Africa/MENA,EurAfrMENA,300,0.0,17429,0.48560943090431985,0.48560943090431985,0.0
MU,Africa/MENA,EurAfrMENA,300,0.2,17429,0.43345297983383196,0.48560943090431985,0.10900677720483185
MU,Africa/MENA,EurAfrMENA,300,0.4,17429,0.3745694597024857,0.48560943090431985,0.21197448489765017
MU,Africa/MENA,EurAfrMENA,300,0.6,17429,0.30792009944583165,0.48560943090431985,0.30912412495955244
MU,Africa/MENA,EurAfrMENA,300,0.8,17429,0.23511531425501558,0.48560943090431985,0.3998707143669258
MU,Africa/MENA,EurAfrMENA,300,1.0,17429,0.1636403594132024,0.48560943090431985,0.48157321288069754
MU,Africa/MENA,EurAfrMENA,500,0.0,31714,0.48560943090431985,0.48560943090431985,0.0
MU,Africa/MENA,EurAfrMENA,500,0.2,31714,0.43345216273317977,0.48560943090431985,0.10900833834969997
MU,Africa/MENA,EurAfrMENA,500,0.4,31714,0.3745312383714667,0.48560943090431985,0.21203546742669477
MU,Africa/MENA,EurAfrMENA,500,0.6,31714,0.3075908072886366,0.48560943090431985,0.30956376465865093
MU,Africa/MENA,EurAfrMENA,500,0.8,31714,0.23384365443549562,0.48560943090431985,0.40136828126690643
MU,Africa/MENA,EurAfrMENA,500,1.0,31714,0.16043121507376024,0.48560943090431985,0.48519177405724406
MX,North America,Americas,50,0.0,0,0.23686513396758385,0.23686513396758385,0.0
MX,North America,Americas,50,0.2,0,0.23686513396758385,0.23686513396758385,0.0
MX,North America,Americas,50,0.4,0,0.23686513396758385,0.23686513396758385,0.0
MX,North America,Americas,50,0.6,0,0.23686513396758385,0.23686513396758385,0.0
MX,North America,Americas,50,0.8,0,0.23686513396758385,0.23686513396758385,0.0
MX,North America,Americas,50,1.0,0,0.23686513396758385,0.23686513396758385,0.0
MX,North America,Americas,100,0.0,3143,0.23686513396758385,0.23686513396758385,0.0
MX,North America,Americas,100,0.2,3143,0.2284316395886987,0.23686513396758385,0.01703220704728043
MX,North America,Americas,100,0.4,3143,0.22661138211444068,0.23686513396758385,0.02073942279595902
MX,North America,Americas,100,0.6,3143,0.22600211628967393,0.23686513396758385,0.021988905605804198
MX,North America,Americas,100,0.8,3143,0.2257329301776509,0.23686513396758385,0.02254119248146381
MX,North America,Americas,100,1.0,3143,0.22562516011559322,0.23686513396758385,0.02276214677043275
MX,North America,Americas,150,0.0,6714,0.23686513396758385,0.23686513396758385,0.0
MX,North America,Americas,150,0.2,6714,0.21363021027097348,0.23686513396758385,0.047490216567139434
MX,North America,Americas,150,0.4,6714,0.203354890563857,0.23686513396758385,0.06813356292805246
MX,North America,Americas,150,0.6,6714,0.19788011279220397,0.23686513396758385,0.0790641777746223
MX,North America,Americas,150,0.8,6714,0.19475767070530156,0.23686513396758385,0.0852820908017428
MX,North America,Americas,150,1.0,6714,0.19337209724427012,0.23686513396758385,0.0880367828121482
MX,North America,Americas,200,0.0,10286,0.23686513396758385,0.23686513396758385,0.0
MX,North America,Americas,200,0.2,10286,0.19294553562837458,0.23686513396758385,0.08968910411510819
MX,North America,Americas,200,0.4,10286,0.16299207180515288,0.23686513396758385,0.14849384296508833
MX,North America,Americas,200,0.6,10286,0.14178265893481964,0.23686513396758385,0.18937287795246158
MX,North America,Americas,200,0.8,10286,0.12662198632719898,0.23686513396758385,0.21882099836273122
MX,North America,Americas,200,1.0,10286,0.11858499348086232,0.23686513396758385,0.23466585067392254
MX,North America,Americas,300,0.0,17429,0.23686513396758385,0.23686513396758385,0.0
MX,North America,Americas,300,0.2,17429,0.192896447461428,0.23686513396758385,0.08978271565126972
MX,North America,Americas,300,0.4,17429,0.16281077055315799,0.23686513396758385,0.14883996698412014
MX,North America,Americas,300,0.6,17429,0.14138242073470542,0.23686513396758385,0.1901461515657025
MX,North America,Americas,300,0.8,17429,0.12583642376770074,0.23686513396758385,0.22036056317111882
MX,North America,Americas,300,1.0,17429,0.11747740284021545,0.23686513396758385,0.23686513396758385
MX,North America,Americas,500,0.0,31714,0.23686513396758385,0.23686513396758385,0.0
MX,North America,Americas,500,0.2,31714,0.192896447461428,0.23686513396758385,0.08978271565126972
MX,North America,Americas,500,0.4,31714,0.16281077055315799,0.23686513396758385,0.14883996698412014
MX,North America,Americas,500,0.6,31714,0.14138242073470542,0.23686513396758385,0.1901461515657025
MX,North America,Americas,500,0.8,31714,0.12583642376770074,0.23686513396758385,0.22036056317111882
MX,North America,Americas,500,1.0,31714,0.11747740284021545,0.23686513396758385,0.23686513396758385
MY,Asia-Pacific,Asia,50,0.0,0,0.5302750662268187,0.5302750662268187,0.0
MY,Asia-Pacific,Asia,50,0.2,0,0.5302750662268187,0.5302750662268187,0.0
MY,Asia-Pacific,Asia,50,0.4,0,0.5302750662268187,0.5302750662268187,0.0
MY,Asia-Pacific,Asia,50,0.6,0,0.5302750662268187,0.5302750662268187,0.0
MY,Asia-Pacific,Asia,50,0.8,0,0.5302750662268187,0.5302750662268187,0.0
MY,Asia-Pacific,Asia,50,1.0,0,0.5302750662268187,0.5302750662268187,0.0
MY,Asia-Pacific,Asia,100,0.0,3143,0.5302750662268187,0.5302750662268187,0.0
MY,Asia-Pacific,Asia,100,0.2,3143,0.5227703539796845,0.5302750662268187,0.019259058133093837
MY,Asia-Pacific,Asia,100,0.4,3143,0.5179896392798363,0.5302750662268187,0.03122457172192971
MY,Asia-Pacific,Asia,100,0.6,3143,0.515351648064095,0.5302750662268187,0.0377270536609708
MY,Asia-Pacific,Asia,100,0.8,3143,0.5139908292683153,0.5302750662268187,0.04105268517439631
MY,Asia-Pacific,Asia,100,1.0,3143,0.513597643601104,0.5302750662268187,0.042010385819383586
MY,Asia-Pacific,Asia,150,0.0,6714,0.5302750662268187,0.5302750662268187,0.0
MY,Asia-Pacific,Asia,150,0.2,6714,0.4971445203535385,0.5302750662268187,0.08084003499778153
MY,Asia-Pacific,Asia,150,0.4,6714,0.46750630805938925,0.5302750662268187,0.14494874453491793
MY,Asia-Pacific,Asia,150,0.6,6714,0.4414314810720001,0.5302750662268187,0.19601554284741488
MY,Asia-Pacific,Asia,150,0.8,6714,0.42047469837685625,0.5302750662268187,0.23410770914484116
MY,Asia-Pacific,Asia,150,1.0,6714,0.40614772466623705,0.5302750662268187,0.2588399964888102
MY,Asia-Pacific,Asia,200,0.0,10286,0.5302750662268187,0.5302750662268187,0.0
MY,Asia-Pacific,Asia,200,0.2,10286,0.4804523134879151,0.5302750662268187,0.11781895428441182
MY,Asia-Pacific,Asia,200,0.4,10286,0.42411593665249103,0.5302750662268187,0.2276558540735628
MY,Asia-Pacific,Asia,200,0.6,10286,0.36157915078028385,0.5302750662268187,0.3299305179092525
MY,Asia-Pacific,Asia,200,0.8,10286,0.29516482900687524,0.5302750662268187,0.4227223967953194
MY,Asia-Pacific,Asia,200,1.0,10286,0.23160648730874644,0.5302750662268187,0.503730990478789
MY,Asia-Pacific,Asia,300,0.0,17429,0.5302750662268187,0.5302750662268187,0.0
MY,Asia-Pacific,Asia,300,0.2,17429,0.47948036452464604,0.5302750662268187,0.11990004640217569
MY,Asia-Pacific,Asia,300,0.4,17429,0.42090601502519365,0.5302750662268187,0.2333464510345944
MY,Asia-Pacific,Asia,300,0.6,17429,0.3543319650458378,0.5302750662268187,0.34077596460703724
MY,Asia-Pacific,Asia,300,0.8,17429,0.2816403297346671,0.5302750662268187,0.4403938844447377
MY,Asia-Pacific,Asia,300,1.0,17429,0.2107488399595484,0.5302750662268187,0.5302719288883537
MY,Asia-Pacific,Asia,500,0.0,31714,0.5302750662268187,0.5302750662268187,0.0
MY,Asia-Pacific,Asia,500,0.2,31714,0.47948036452464604,0.5302750662268187,0.11990004640217569
MY,Asia-Pacific,Asia,500,0.4,31714,0.42090601502519365,0.5302750662268187,0.2333464510345944
MY,Asia-Pacific,Asia,500,0.6,31714,0.3543319650458378,0.5302750662268187,0.34077596460703724
MY,Asia-Pacific,Asia,500,0.8,31714,0.2816403297346671,0.5302750662268187,0.4403938844447377
MY,Asia-Pacific,Asia,500,1.0,31714,0.2107488399595484,0.5302750662268187,0.5302719288883537
NE,Africa/MENA,EurAfrMENA,50,0.0,0,0.5304463362936619,0.5304463362936619,0.0
NE,Africa/MENA,EurAfrMENA,50,0.2,0,0.5304463362936619,0.5304463362936619,0.0
NE,Africa/MENA,EurAfrMENA,50,0.4,0,0.5304463362936619,0.5304463362936619,0.0
NE,Africa/MENA,EurAfrMENA,50,0.6,0,0.5304463362936619,0.5304463362936619,0.0
NE,Africa/MENA,EurAfrMENA,50,0.8,0,0.5304463362936619,0.5304463362936619,0.0
NE,Africa/MENA,EurAfrMENA,50,1.0,0,0.5304463362936619,0.5304463362936619,0.0
NE,Africa/MENA,EurAfrMENA,100,0.0,3143,0.5304463362936619,0.5304463362936619,0.0
NE,Africa/MENA,EurAfrMENA,100,0.2,3143,0.5203223495545463,0.5304463362936619,0.025934010314709835
NE,Africa/MENA,EurAfrMENA,100,0.4,3143,0.5128422545354985,0.5304463362936619,0.044475955543975834
NE,Africa/MENA,EurAfrMENA,100,0.6,3143,0.5073431877111823,0.5304463362936619,0.05778536744796729
NE,Africa/MENA,EurAfrMENA,100,0.8,3143,0.5029362184806034,0.5304463362936619,0.06825484245011534
NE,Africa/MENA,EurAfrMENA,100,1.0,3143,0.49930225210583207,0.5304463362936619,0.07675017396896369
NE,Africa/MENA,EurAfrMENA,150,0.0,6714,0.5304463362936619,0.5304463362936619,0.0
NE,Africa/MENA,EurAfrMENA,150,0.2,6714,0.4822918289049504,0.5304463362936619,0.11500223024078993
NE,Africa/MENA,EurAfrMENA,150,0.4,6714,0.4290581352626492,0.5304463362936619,0.22059989874117922
NE,Africa/MENA,EurAfrMENA,150,0.6,6714,0.37206707806936035,0.5304463362936619,0.31626240310657405
NE,Africa/MENA,EurAfrMENA,150,0.8,6714,0.31288515737380035,0.5304463362936619,0.40274367066140315
NE,Africa/MENA,EurAfrMENA,150,1.0,6714,0.2553076351679325,0.5304463362936619,0.4791822401328483
NE,Africa/MENA,EurAfrMENA,200,0.0,10286,0.5304463362936619,0.5304463362936619,0.0
NE,Africa/MENA,EurAfrMENA,200,0.2,10286,0.48035818884036113,0.5304463362936619,0.11919728818111965
NE,Africa/MENA,EurAfrMENA,200,0.4,10286,0.4233736836789242,0.5304463362936619,0.23083347647307195
NE,Africa/MENA,EurAfrMENA,200,0.6,10286,0.3601661771285332,0.5304463362936619,0.33448661484215714
NE,Africa/MENA,EurAfrMENA,200,0.8,10286,0.2920251612580028,0.5304463362936619,0.43113812926163736
NE,Africa/MENA,EurAfrMENA,200,1.0,10286,0.22378215874115542,0.5304463362936619,0.5186714023088195
NE,Africa/MENA,EurAfrMENA,300,0.0,17429,0.5304463362936619,0.5304463362936619,0.0
NE,Africa/MENA,EurAfrMENA,300,0.2,17429,0.48009726687346244,0.5304463362936619,0.11976072116528974
NE,Africa/MENA,EurAfrMENA,300,0.4,17429,0.4222415521694964,0.5304463362936619,0.2328541822194097
NE,Africa/MENA,EurAfrMENA,300,0.6,17429,0.35737942759575525,0.5304463362936619,0.3386869988422676
NE,Africa/MENA,EurAfrMENA,300,0.8,17429,0.2865389338600372,0.5304463362936619,0.43843692561974945
NE,Africa/MENA,EurAfrMENA,300,1.0,17429,0.21415940368121714,0.5304463362936619,0.5303731146363767
NE,Africa/MENA,EurAfrMENA,500,0.0,31714,0.5304463362936619,0.5304463362936619,0.0
NE,Africa/MENA,EurAfrMENA,500,0.2,31714,0.48009726687346244,0.5304463362936619,0.11976072116528974
NE,Africa/MENA,EurAfrMENA,500,0.4,31714,0.4222415521694964,0.5304463362936619,0.2328541822194097
NE,Africa/MENA,EurAfrMENA,500,0.6,31714,0.35737942759575525,0.5304463362936619,0.3386869988422676
NE,Africa/MENA,EurAfrMENA,500,0.8,31714,0.2865389338600372,0.5304463362936619,0.43843692561974945
NE,Africa/MENA,EurAfrMENA,500,1.0,31714,0.21415940368121714,0.5304463362936619,0.5303731146363767
NG,Africa/MENA,EurAfrMENA,50,0.0,0,0.4804001783024549,0.4804001783024549,0.0
NG,Africa/MENA,EurAfrMENA,50,0.2,0,0.4804001783024549,0.4804001783024549,0.0
NG,Africa/MENA,EurAfrMENA,50,0.4,0,0.4804001783024549,0.4804001783024549,0.0
NG,Africa/MENA,EurAfrMENA,50,0.6,0,0.4804001783024549,0.4804001783024549,0.0
NG,Africa/MENA,EurAfrMENA,50,0.8,0,0.4804001783024549,0.4804001783024549,0.0
NG,Africa/MENA,EurAfrMENA,50,1.0,0,0.4804001783024549,0.4804001783024549,0.0
NG,Africa/MENA,EurAfrMENA,100,0.0,3143,0.4804001783024549,0.4804001783024549,0.0
NG,Africa/MENA,EurAfrMENA,100,0.2,3143,0.4804001783024549,0.4804001783024549,0.0
NG,Africa/MENA,EurAfrMENA,100,0.4,3143,0.4804001783024549,0.4804001783024549,0.0
NG,Africa/MENA,EurAfrMENA,100,0.6,3143,0.4804001783024549,0.4804001783024549,0.0
NG,Africa/MENA,EurAfrMENA,100,0.8,3143,0.4804001783024549,0.4804001783024549,0.0
NG,Africa/MENA,EurAfrMENA,100,1.0,3143,0.4804001783024549,0.4804001783024549,0.0
NG,Africa/MENA,EurAfrMENA,150,0.0,6714,0.4804001783024549,0.4804001783024549,0.0
NG,Africa/MENA,EurAfrMENA,150,0.2,6714,0.4315997844076678,0.4804001783024549,0.10588234865208894
NG,Africa/MENA,EurAfrMENA,150,0.4,6714,0.38202008525001213,0.4804001783024549,0.19731247860127196
NG,Africa/MENA,EurAfrMENA,150,0.6,6714,0.3343307912601278,0.4804001783024549,0.27394440349260013
NG,Africa/MENA,EurAfrMENA,150,0.8,6714,0.28919181377134495,0.4804001783024549,0.338115478841804
NG,Africa/MENA,EurAfrMENA,150,1.0,6714,0.24845543626390448,0.4804001783024549,0.39047897628087713
NG,Africa/MENA,EurAfrMENA,200,0.0,10286,0.4804001783024549,0.4804001783024549,0.0
NG,Africa/MENA,EurAfrMENA,200,0.2,10286,0.42890420567205345,0.4804001783024549,0.11123178309258713
NG,Africa/MENA,EurAfrMENA,200,0.4,10286,0.3722516495166508,0.4804001783024549,0.21380458977727143
NG,Africa/MENA,EurAfrMENA,200,0.6,10286,0.3125614890433227,0.4804001783024549,0.3057975783743765
NG,Africa/MENA,EurAfrMENA,200,0.8,10286,0.25213379063262226,0.4804001783024549,0.38590469089407575
NG,Africa/MENA,EurAfrMENA,200,1.0,10286,0.19566792494505866,0.4804001783024549,0.4524573046155285
NG,Africa/MENA,EurAfrMENA,300,0.0,17429,0.4804001783024549,0.4804001783024549,0.0
NG,Africa/MENA,EurAfrMENA,300,0.2,17429,0.4284396658540131,0.4804001783024549,0.11214844684468589
NG,Africa/MENA,EurAfrMENA,300,0.4,17429,0.37023958511143423,0.4804001783024549,0.21715125682350048
NG,Africa/MENA,EurAfrMENA,300,0.6,17429,0.3068215515719203,0.4804001783024549,0.31390739198922185
NG,Africa/MENA,EurAfrMENA,300,0.8,17429,0.23879960694553184,0.4804001783024549,0.40227775473261973
NG,Africa/MENA,EurAfrMENA,300,1.0,17429,0.17185375452559548,0.4804001783024549,0.4790975074050442
NG,Africa/MENA,EurAfrMENA,500,0.0,31714,0.4804001783024549,0.4804001783024549,0.0
NG,Africa/MENA,EurAfrMENA,500,0.2,31714,0.4284396658540131,0.4804001783024549,0.11214844684468589
NG,Africa/MENA,EurAfrMENA,500,0.4,31714,0.37023958511143423,0.4804001783024549,0.21715125682350048
NG,Africa/MENA,EurAfrMENA,500,0.6,31714,0.3068215515719203,0.4804001783024549,0.31390739198922185
NG,Africa/MENA,EurAfrMENA,500,0.8,31714,0.23879960694553184,0.4804001783024549,0.40227775473261973
NG,Africa/MENA,EurAfrMENA,500,1.0,31714,0.17185375452559548,0.4804001783024549,0.4790975074050442
NI,North America,Americas,50,0.0,0,0.4831369115293907,0.4831369115293907,0.0
NI,North America,Americas,50,0.2,0,0.4831369115293907,0.4831369115293907,0.0
NI,North America,Americas,50,0.4,0,0.4831369115293907,0.4831369115293907,0.0
NI,North America,Americas,50,0.6,0,0.4831369115293907,0.4831369115293907,0.0
NI,North America,Americas,50,0.8,0,0.4831369115293907,0.4831369115293907,0.0
NI,North America,Americas,50,1.0,0,0.4831369115293907,0.4831369115293907,0.0
NI,North America,Americas,100,0.0,3143,0.4831369115293907,0.4831369115293907,0.0
NI,North America,Americas,100,0.2,3143,0.4656533027294422,0.4831369115293907,0.03894232837656437
NI,North America,Americas,100,0.4,3143,0.4548291388169989,0.4831369115293907,0.061760508613238056
NI,North America,Americas,100,0.6,3143,0.44711386889947374,0.4831369115293907,0.07747002726277782
NI,North America,Americas,100,0.8,3143,0.44097476761838755,0.4831369115293907,0.08966665432248702
NI,North America,Americas,100,1.0,3143,0.43593527878589083,0.4831369115293907,0.09948013641923804
NI,North America,Americas,150,0.0,6714,0.4831369115293907,0.4831369115293907,0.0
NI,North America,Americas,150,0.2,6714,0.4506887415840705,0.4831369115293907,0.07024455271015703
NI,North America,Americas,150,0.4,6714,0.42525826140663103,0.4831369115293907,0.11972828826044932
NI,North America,Americas,150,0.6,6714,0.40516125242918205,0.4831369115293907,0.15597376595649734
NI,North America,Americas,150,0.8,6714,0.3883645827976494,0.4831369115293907,0.18458886273306155
NI,North America,Americas,150,1.0,6714,0.37379328417062685,0.4831369115293907,0.20829588771066793
NI,North America,Americas,200,0.0,10286,0.4831369115293907,0.4831369115293907,0.0
NI,North America,Americas,200,0.2,10286,0.43031111951538065,0.4831369115293907,0.110238182055925
NI,North America,Americas,200,0.4,10286,0.37126939679704335,0.4831369115293907,0.21230931535043224
NI,North America,Americas,200,0.6,10286,0.30614656693739545,0.4831369115293907,0.3075909260119536
NI,North America,Americas,200,0.8,10286,0.23494050425986052,0.4831369115293907,0.39717203818048424
NI,North America,Americas,200,1.0,10286,0.16484785024118043,0.4831369115293907,0.4767796878579366
NI,North America,Americas,300,0.0,17429,0.4831369115293907,0.4831369115293907,0.0
NI,North America,Americas,300,0.2,17429,0.43028750501036395,0.4831369115293907,0.11028290124552052
NI,North America,Americas,300,0.4,17429,0.3710228513985472,0.4831369115293907,0.2127000226329424
NI,North America,Americas,300,0.6,17429,0.3050545530308602,0.4831369115293907,0.30906298758222395
NI,North America,Americas,300,0.8,17429,0.2320415004400757,0.4831369115293907,0.4005731326650623
NI,North America,Americas,300,1.0,17429,0.15912401113377228,0.4831369115293907,0.4830976280249293
NI,North America,Americas,500,0.0,31714,0.4831369115293907,0.4831369115293907,0.0
NI,North America,Americas,500,0.2,31714,0.43028750501036395,0.4831369115293907,0.11028290124552052
NI,North America,Americas,500,0.4,31714,0.3710228513985472,0.4831369115293907,0.2127000226329424
NI,North America,Americas,500,0.6,31714,0.3050545530308602,0.4831369115293907,0.30906298758222395
NI,North America,Americas,500,0.8,31714,0.2320415004400757,0.4831369115293907,0.4005731326650623
NI,North America,Americas,500,1.0,31714,0.15912401113377228,0.4831369115293907,0.4830976280249293
NL,Europe,EurAfrMENA,50,0.0,0,0.21229913179879215,0.21229913179879215,0.0
NL,Europe,EurAfrMENA,50,0.2,0,0.21229913179879215,0.21229913179879215,0.0
NL,Europe,EurAfrMENA,50,0.4,0,0.21229913179879215,0.21229913179879215,0.0
NL,Europe,EurAfrMENA,50,0.6,0,0.21229913179879215,0.21229913179879215,0.0
NL,Europe,EurAfrMENA,50,0.8,0,0.21229913179879215,0.21229913179879215,0.0
NL,Europe,EurAfrMENA,50,1.0,0,0.21229913179879215,0.21229913179879215,0.0
NL,Europe,EurAfrMENA,100,0.0,3143,0.21229913179879215,0.21229913179879215,0.0
NL,Europe,EurAfrMENA,100,0.2,3143,0.1772565795887061,0.21229913179879215,0.09038458793817408
NL,Europe,EurAfrMENA,100,0.4,3143,0.15886085068398473,0.21229913179879215,0.13936653870426635
NL,Europe,EurAfrMENA,100,0.6,3143,0.14945265709301137,0.21229913179879215,0.16514764210980112
NL,Europe,EurAfrMENA,100,0.8,3143,0.14557205819883334,0.21229913179879215,0.17593108050745812
NL,Europe,EurAfrMENA,100,1.0,3143,0.14475837634285924,0.21229913179879215,0.17818969695719794
NL,Europe,EurAfrMENA,150,0.0,6714,0.21229913179879215,0.21229913179879215,0.0
NL,Europe,EurAfrMENA,150,0.2,6714,0.17627437356176096,0.21229913179879215,0.09297374741322231
NL,Europe,EurAfrMENA,150,0.4,6714,0.15702326068703754,0.21229913179879215,0.14430907848414917
NL,Europe,EurAfrMENA,150,0.6,6714,0.14691259716732047,0.21229913179879215,0.17205863611915953
NL,Europe,EurAfrMENA,150,0.8,6714,0.14256060360553138,0.21229913179879215,0.18418963701551483
NL,Europe,EurAfrMENA,150,1.0,6714,0.14159356965491118,0.21229913179879215,0.18688723982395897
NL,Europe,EurAfrMENA,200,0.0,10286,0.21229913179879215,0.21229913179879215,0.0
NL,Europe,EurAfrMENA,200,0.2,10286,0.17393801749361812,0.21229913179879215,0.09916003396181734
NL,Europe,EurAfrMENA,200,0.4,10286,0.1520591755878568,0.21229913179879215,0.15767013466166493
NL,Europe,EurAfrMENA,200,0.6,10286,0.13980046740802615,0.21229913179879215,0.19147835361975848
NL,Europe,EurAfrMENA,200,0.8,10286,0.13411023225367566,0.21229913179879215,0.20745891347456547
NL,Europe,EurAfrMENA,200,1.0,10286,0.13274400184644783,0.21229913179879215,0.2113187860551214
NL,Europe,EurAfrMENA,300,0.0,17429,0.21229913179879215,0.21229913179879215,0.0
NL,Europe,EurAfrMENA,300,0.2,17429,0.17392247962926394,0.21229913179879215,0.09920090413535243
NL,Europe,EurAfrMENA,300,0.4,17429,0.15198993833422503,0.21229913179879215,0.1578580939768438
NL,Europe,EurAfrMENA,300,0.6,17429,0.13964865401897342,0.21229913179879215,0.19189935164928237
NL,Europe,EurAfrMENA,300,0.8,17429,0.1338309367197023,0.21229913179879215,0.2082416000523615
NL,Europe,EurAfrMENA,300,1.0,17429,0.13240651852645555,0.21229913179879215,0.21226468779669952
NL,Europe,EurAfrMENA,500,0.0,31714,0.21229913179879215,0.21229913179879215,0.0
NL,Europe,EurAfrMENA,500,0.2,31714,0.17392247962926394,0.21229913179879215,0.09920090413535243
NL,Europe,EurAfrMENA,500,0.4,31714,0.15198718053639274,0.21229913179879215,0.15786557990673064
NL,Europe,EurAfrMENA,500,0.6,31714,0.1396362400440982,0.21229913179879215,0.19193379565137497
NL,Europe,EurAfrMENA,500,0.8,31714,0.13381864582558406,0.21229913179879215,0.2082760440544541
NL,Europe,EurAfrMENA,500,1.0,31714,0.13239418028543795,0.21229913179879215,0.21229913179879215
NO,Europe,EurAfrMENA,50,0.0,0,0.45915644255823174,0.45915644255823174,0.0
NO,Europe,EurAfrMENA,50,0.2,0,0.45915644255823174,0.45915644255823174,0.0
NO,Europe,EurAfrMENA,50,0.4,0,0.45915644255823174,0.45915644255823174,0.0
NO,Europe,EurAfrMENA,50,0.6,0,0.45915644255823174,0.45915644255823174,0.0
NO,Europe,EurAfrMENA,50,0.8,0,0.45915644255823174,0.45915644255823174,0.0
NO,Europe,EurAfrMENA,50,1.0,0,0.45915644255823174,0.45915644255823174,0.0
NO,Europe,EurAfrMENA,100,0.0,3143,0.45915644255823174,0.45915644255823174,0.0
NO,Europe,EurAfrMENA,100,0.2,3143,0.41525937307594823,0.45915644255823174,0.11153901274439355
NO,Europe,EurAfrMENA,100,0.4,3143,0.37378754080736565,0.45915644255823174,0.20233123963218616
NO,Europe,EurAfrMENA,100,0.6,3143,0.3360942432287971,0.45915644255823174,0.27507640356308616
NO,Europe,EurAfrMENA,100,0.8,3143,0.3043908741589061,0.45915644255823174,0.3306180600502318
NO,Europe,EurAfrMENA,100,1.0,3143,0.28502306791049564,0.45915644255823174,0.3624949715472416
NO,Europe,EurAfrMENA,150,0.0,6714,0.45915644255823174,0.45915644255823174,0.0
NO,Europe,EurAfrMENA,150,0.2,6714,0.41406471832652114,0.45915644255823174,0.1143452780600108
NO,Europe,EurAfrMENA,150,0.4,6714,0.3697933099228117,0.45915644255823174,0.21041318737007703
NO,Europe,EurAfrMENA,150,0.6,6714,0.3283159794440982,0.45915644255823174,0.2891140286258674
NO,Europe,EurAfrMENA,150,0.8,6714,0.29299294153010935,0.45915644255823174,0.34951281032492515
NO,Europe,EurAfrMENA,150,1.0,6714,0.2714189709585531,0.45915644255823174,0.38425445858331564
NO,Europe,EurAfrMENA,200,0.0,10286,0.45915644255823174,0.45915644255823174,0.0
NO,Europe,EurAfrMENA,200,0.2,10286,0.4107982901345956,0.45915644255823174,0.1219659520579475
NO,Europe,EurAfrMENA,200,0.4,10286,0.3586977038152719,0.45915644255823174,0.23238830121750995
NO,Europe,EurAfrMENA,200,0.6,10286,0.30547753381372544,0.45915644255823174,0.32878988923471203
NO,Europe,EurAfrMENA,200,0.8,10286,0.25822219753186126,0.45915644255823174,0.4050634428164699
NO,Europe,EurAfrMENA,200,1.0,10286,0.23089991702204216,0.45915644255823174,0.44804763716533974
NO,Europe,EurAfrMENA,300,0.0,17429,0.45915644255823174,0.45915644255823174,0.0
NO,Europe,EurAfrMENA,300,0.2,17429,0.41074617266119273,0.45915644255823174,0.12208675062112528
NO,Europe,EurAfrMENA,300,0.4,17429,0.35827721647054367,0.45915644255823174,0.23320846651087487
NO,Europe,EurAfrMENA,300,0.6,17429,0.304042294553832,0.45915644255823174,0.33120349760670714
NO,Europe,EurAfrMENA,300,0.8,17429,0.2545572770032072,0.45915644255823174,0.4108050183951637
NO,Europe,EurAfrMENA,300,1.0,17429,0.2251807784117828,0.45915644255823174,0.4572551091576553
NO,Europe,EurAfrMENA,500,0.0,31714,0.45915644255823174,0.45915644255823174,0.0
NO,Europe,EurAfrMENA,500,0.2,31714,0.41074617266119273,0.45915644255823174,0.12208675062112528
NO,Europe,EurAfrMENA,500,0.4,31714,0.35827721647054367,0.45915644255823174,0.23320846651087487
NO,Europe,EurAfrMENA,500,0.6,31714,0.304042294553832,0.45915644255823174,0.33120349760670714
NO,Europe,EurAfrMENA,500,0.8,31714,0.2545572770032072,0.45915644255823174,0.4108050183951637
NO,Europe,EurAfrMENA,500,1.0,31714,0.2251807784117828,0.45915644255823174,0.4572551091576553
NP,Asia-Pacific,Asia,50,0.0,0,0.4941242451635822,0.4941242451635822,0.0
NP,Asia-Pacific,Asia,50,0.2,0,0.4941242451635822,0.4941242451635822,0.0
NP,Asia-Pacific,Asia,50,0.4,0,0.4941242451635822,0.4941242451635822,0.0
NP,Asia-Pacific,Asia,50,0.6,0,0.4941242451635822,0.4941242451635822,0.0
NP,Asia-Pacific,Asia,50,0.8,0,0.4941242451635822,0.4941242451635822,0.0
NP,Asia-Pacific,Asia,50,1.0,0,0.4941242451635822,0.4941242451635822,0.0
NP,Asia-Pacific,Asia,100,0.0,3143,0.4941242451635822,0.4941242451635822,0.0
NP,Asia-Pacific,Asia,100,0.2,3143,0.4774234650012612,0.4941242451635822,0.038089796693016084
NP,Asia-Pacific,Asia,100,0.4,3143,0.46601383413824826,0.4941242451635822,0.06282051286835758
NP,Asia-Pacific,Asia,100,0.6,3143,0.458914981102744,0.4941242451635822,0.07771209213318217
NP,Asia-Pacific,Asia,100,0.8,3143,0.45559731187811064,0.4941242451635822,0.08453417889010285
NP,Asia-Pacific,Asia,100,1.0,3143,0.4539143218940891,0.4941242451635822,0.08796221678805756
NP,Asia-Pacific,Asia,150,0.0,6714,0.4941242451635822,0.4941242451635822,0.0
NP,Asia-Pacific,Asia,150,0.2,6714,0.4475161879393738,0.4941242451635822,0.10079716744267186
NP,Asia-Pacific,Asia,150,0.4,6714,0.39938856742935314,0.4941242451635822,0.1888385603076924
NP,Asia-Pacific,Asia,150,0.6,6714,0.35033530884280567,0.4941242451635822,0.2660963855494435
NP,Asia-Pacific,Asia,150,0.8,6714,0.3016983446674907,0.4941242451635822,0.33305333155288674
NP,Asia-Pacific,Asia,150,1.0,6714,0.2573910903044314,0.4941242451635822,0.3879557915338611
NP,Asia-Pacific,Asia,200,0.0,10286,0.4941242451635822,0.4941242451635822,0.0
NP,Asia-Pacific,Asia,200,0.2,10286,0.443172362867063,0.4941242451635822,0.10934116427807834
NP,Asia-Pacific,Asia,200,0.4,10286,0.3873110618144008,0.4941242451635822,0.2089050917709732
NP,Asia-Pacific,Asia,200,0.6,10286,0.32677768533814194,0.4941242451635822,0.2995904725271007
NP,Asia-Pacific,Asia,200,0.8,10286,0.26334214520704274,0.4941242451635822,0.380841638790927
NP,Asia-Pacific,Asia,200,1.0,10286,0.20313855381850468,0.4941242451635822,0.45019182017321463
NP,Asia-Pacific,Asia,300,0.0,17429,0.4941242451635822,0.4941242451635822,0.0
NP,Asia-Pacific,Asia,300,0.2,17429,0.4420482026975118,0.4941242451635822,0.11152937777027629
NP,Asia-Pacific,Asia,300,0.4,17429,0.38266630866870127,0.4941242451635822,0.21644171636144918
NP,Asia-Pacific,Asia,300,0.6,17429,0.31458631717684155,0.4941242451635822,0.3161167644304265
NP,Asia-Pacific,Asia,300,0.8,17429,0.23932522968182782,0.4941242451635822,0.40916403545797575
NP,Asia-Pacific,Asia,300,1.0,17429,0.16463217584258227,0.4941242451635822,0.4930102789634734
NP,Asia-Pacific,Asia,500,0.0,31714,0.4941242451635822,0.4941242451635822,0.0
NP,Asia-Pacific,Asia,500,0.2,31714,0.4420482026975118,0.4941242451635822,0.11152937777027629
NP,Asia-Pacific,Asia,500,0.4,31714,0.38266630866870127,0.4941242451635822,0.21644171636144918
NP,Asia-Pacific,Asia,500,0.6,31714,0.31456588766196275,0.4941242451635822,0.31614404406814345
NP,Asia-Pacific,Asia,500,0.8,31714,0.23899203458591764,0.4941242451635822,0.4095490399870546
NP,Asia-Pacific,Asia,500,1.0,31714,0.163636132541698,0.4941242451635822,0.49410225554536935
NZ,Asia-Pacific,Oceania,50,0.0,0,0.3968711365880294,0.3968711365880294,0.0
NZ,Asia-Pacific,Oceania,50,0.2,0,0.3968711365880294,0.3968711365880294,0.0
NZ,Asia-Pacific,Oceania,50,0.4,0,0.3968711365880294,0.3968711365880294,0.0
NZ,Asia-Pacific,Oceania,50,0.6,0,0.3968711365880294,0.3968711365880294,0.0
NZ,Asia-Pacific,Oceania,50,0.8,0,0.3968711365880294,0.3968711365880294,0.0
NZ,Asia-Pacific,Oceania,50,1.0,0,0.3968711365880294,0.3968711365880294,0.0
NZ,Asia-Pacific,Oceania,100,0.0,3143,0.3968711365880294,0.3968711365880294,0.0
NZ,Asia-Pacific,Oceania,100,0.2,3143,0.3755996157129428,0.3968711365880294,0.050539256426259234
NZ,Asia-Pacific,Oceania,100,0.4,3143,0.3619537977786281,0.3968711365880294,0.08132009853472953
NZ,Asia-Pacific,Oceania,100,0.6,3143,0.35465000069121155,0.3968711365880294,0.09720274058881251
NZ,Asia-Pacific,Oceania,100,0.8,3143,0.351340093107815,0.3968711365880294,0.1042862281980513
NZ,Asia-Pacific,Oceania,100,1.0,3143,0.35022312543684947,0.3968711365880294,0.10666068071994075
NZ,Asia-Pacific,Oceania,150,0.0,6714,0.3968711365880294,0.3968711365880294,0.0
NZ,Asia-Pacific,Oceania,150,0.2,6714,0.3755996157129428,0.3968711365880294,0.050539256426259234
NZ,Asia-Pacific,Oceania,150,0.4,6714,0.3619537977786281,0.3968711365880294,0.08132009853472953
NZ,Asia-Pacific,Oceania,150,0.6,6714,0.35465000069121155,0.3968711365880294,0.09720274058881251
NZ,Asia-Pacific,Oceania,150,0.8,6714,0.351340093107815,0.3968711365880294,0.1042862281980513
NZ,Asia-Pacific,Oceania,150,1.0,6714,0.35022312543684947,0.3968711365880294,0.10666068071994075
NZ,Asia-Pacific,Oceania,200,0.0,10286,0.3968711365880294,0.3968711365880294,0.0
NZ,Asia-Pacific,Oceania,200,0.2,10286,0.3533597146832722,0.3968711365880294,0.09997260650720524
NZ,Asia-Pacific,Oceania,200,0.4,10286,0.31350729226613105,0.3968711365880294,0.18075342548789544
NZ,Asia-Pacific,Oceania,200,0.6,10286,0.2794228554724305,0.3968711365880294,0.2434301607424439
NZ,Asia-Pacific,Oceania,200,0.8,10286,0.254066368819122,0.3968711365880294,0.2883953759199164
NZ,Asia-Pacific,Oceania,200,1.0,10286,0.24009963917853308,0.3968711365880294,0.31375137411748344
NZ,Asia-Pacific,Oceania,300,0.0,17429,0.3968711365880294,0.3968711365880294,0.0
NZ,Asia-Pacific,Oceania,300,0.2,17429,0.3473107430488927,0.3968711365880294,0.11281110872728788
NZ,Asia-Pacific,Oceania,300,0.4,17429,0.29706960605376165,0.3968711365880294,0.21163346197229743
NZ,Asia-Pacific,Oceania,300,0.6,17429,0.2513745323537169,0.3968711365880294,0.2932207863257493
NZ,Asia-Pacific,Oceania,300,0.8,17429,0.21856020556142658,0.3968711365880294,0.35515821290879
NZ,Asia-Pacific,Oceania,300,1.0,17429,0.20081813187910125,0.3968711365880294,0.3913175133169591
NZ,Asia-Pacific,Oceania,500,0.0,31714,0.3968711365880294,0.3968711365880294,0.0
NZ,Asia-Pacific,Oceania,500,0.2,31714,0.3472826540620764,0.3968711365880294,0.11287026961900808
NZ,Asia-Pacific,Oceania,500,0.4,31714,0.2968755756175028,0.3968711365880294,0.21198968821832764
NZ,Asia-Pacific,Oceania,500,0.6,31714,0.2506049779091335,0.3968711365880294,0.29460555257606713
NZ,Asia-Pacific,Oceania,500,0.8,31714,0.21707439637038378,0.3968711365880294,0.358137406523822
NZ,Asia-Pacific,Oceania,500,1.0,31714,0.1987101397314167,0.3968711365880294,0.3956983630957721
OM,Asia-Pacific,Asia,50,0.0,0,0.5297920869513009,0.5297920869513009,0.0
OM,Asia-Pacific,Asia,50,0.2,0,0.5297920869513009,0.5297920869513009,0.0
OM,Asia-Pacific,Asia,50,0.4,0,0.5297920869513009,0.5297920869513009,0.0
OM,Asia-Pacific,Asia,50,0.6,0,0.5297920869513009,0.5297920869513009,0.0
OM,Asia-Pacific,Asia,50,0.8,0,0.5297920869513009,0.5297920869513009,0.0
OM,Asia-Pacific,Asia,50,1.0,0,0.5297920869513009,0.5297920869513009,0.0
OM,Asia-Pacific,Asia,100,0.0,3143,0.5297920869513009,0.5297920869513009,0.0
OM,Asia-Pacific,Asia,100,0.2,3143,0.5138409892349706,0.5297920869513009,0.03715821499904274
OM,Asia-Pacific,Asia,100,0.4,3143,0.5028913181502456,0.5297920869513009,0.0612955615507154
OM,Asia-Pacific,Asia,100,0.6,3143,0.4964752135152158,0.5297920869513009,0.07494115539924745
OM,Asia-Pacific,Asia,100,0.8,3143,0.49250990740435274,0.5297920869513009,0.0832121953299508
OM,Asia-Pacific,Asia,100,1.0,3143,0.4899531141864601,0.5297920869513009,0.08847798440657097
OM,Asia-Pacific,Asia,150,0.0,6714,0.5297920869513009,0.5297920869513009,0.0
OM,Asia-Pacific,Asia,150,0.2,6714,0.4802830498770062,0.5297920869513009,0.10790907367806535
OM,Asia-Pacific,Asia,150,0.4,6714,0.42709357921574553,0.5297920869513009,0.2033876207382514
OM,Asia-Pacific,Asia,150,0.6,6714,0.37384179585917143,0.5297920869513009,0.28451788545811607
OM,Asia-Pacific,Asia,150,0.8,6714,0.3188862694622655,0.5297920869513009,0.3559002392231815
OM,Asia-Pacific,Asia,150,1.0,6714,0.26564290648931066,0.5297920869513009,0.4153684825111607
OM,Asia-Pacific,Asia,200,0.0,10286,0.5297920869513009,0.5297920869513009,0.0
OM,Asia-Pacific,Asia,200,0.2,10286,0.48019689099507973,0.5297920869513009,0.10807878712583345
OM,Asia-Pacific,Asia,200,0.4,10286,0.4269131919892935,0.5297920869513009,0.203683337843695
OM,Asia-Pacific,Asia,200,0.6,10286,0.37356738955135654,0.5297920869513009,0.2849046550756166
OM,Asia-Pacific,Asia,200,0.8,10286,0.31846689511970344,0.5297920869513009,0.35640199139320067
OM,Asia-Pacific,Asia,200,1.0,10286,0.2650045317795575,0.5297920869513009,0.4160358895755953
OM,Asia-Pacific,Asia,300,0.0,17429,0.5297920869513009,0.5297920869513009,0.0
OM,Asia-Pacific,Asia,300,0.2,17429,0.4765370888391149,0.5297920869513009,0.11523306746907062
OM,Asia-Pacific,Asia,300,0.4,17429,0.41234136031415003,0.5297920869513009,0.22708381839732722
OM,Asia-Pacific,Asia,300,0.6,17429,0.3378315585858968,0.5297920869513009,0.33259325318939603
OM,Asia-Pacific,Asia,300,0.8,17429,0.24743507468810597,0.5297920869513009,0.4341162498761243
OM,Asia-Pacific,Asia,300,1.0,17429,0.1474925156759786,0.5297920869513009,0.5290834672982463
OM,Asia-Pacific,Asia,500,0.0,31714,0.5297920869513009,0.5297920869513009,0.0
OM,Asia-Pacific,Asia,500,0.2,31714,0.4765370888391149,0.5297920869513009,0.11523306746907062
OM,Asia-Pacific,Asia,500,0.4,31714,0.41234136031415003,0.5297920869513009,0.22708381839732722
OM,Asia-Pacific,Asia,500,0.6,31714,0.3378315585858968,0.5297920869513009,0.33259325318939603
OM,Asia-Pacific,Asia,500,0.8,31714,0.24743507468810597,0.5297920869513009,0.4341162498761243
OM,Asia-Pacific,Asia,500,1.0,31714,0.1474925156759786,0.5297920869513009,0.5290834672982463
PA,North America,Americas,50,0.0,0,0.49497785166792346,0.49497785166792346,0.0
PA,North America,Americas,50,0.2,0,0.49497785166792346,0.49497785166792346,0.0
PA,North America,Americas,50,0.4,0,0.49497785166792346,0.49497785166792346,0.0
PA,North America,Americas,50,0.6,0,0.49497785166792346,0.49497785166792346,0.0
PA,North America,Americas,50,0.8,0,0.49497785166792346,0.49497785166792346,0.0
PA,North America,Americas,50,1.0,0,0.49497785166792346,0.49497785166792346,0.0
PA,North America,Americas,100,0.0,3143,0.49497785166792346,0.49497785166792346,0.0
PA,North America,Americas,100,0.2,3143,0.4807485949393611,0.49497785166792346,0.033832377520862836
PA,North America,Americas,100,0.4,3143,0.4706982480263737,0.49497785166792346,0.05662471400735665
PA,North America,Americas,100,0.6,3143,0.4637309724653548,0.49497785166792346,0.07193231297819283
PA,North America,Americas,100,0.8,3143,0.4586847535207903,0.49497785166792346,0.08276257115959548
PA,North America,Americas,100,1.0,3143,0.4546873368151679,0.49497785166792346,0.09121000695974502
PA,North America,Americas,150,0.0,6714,0.49497785166792346,0.49497785166792346,0.0
PA,North America,Americas,150,0.2,6714,0.46092152030821637,0.49497785166792346,0.07799033178828621
PA,North America,Americas,150,0.4,6714,0.43340006968946815,0.49497785166792346,0.1341764637752544
PA,North America,Americas,150,0.6,6714,0.4119156044100371,0.49497785166792346,0.1744866055761338
PA,North America,Americas,150,0.8,6714,0.3943404046655787,0.49497785166792346,0.20537914320670703
PA,North America,Americas,150,1.0,6714,0.38030792823761983,0.49497785166792346,0.22881500894991358
PA,North America,Americas,200,0.0,10286,0.49497785166792346,0.49497785166792346,0.0
PA,North America,Americas,200,0.2,10286,0.44317590214208374,0.49497785166792346,0.11486234091749582
PA,North America,Americas,200,0.4,10286,0.38446984527186534,0.49497785166792346,0.22197530585270142
PA,North America,Americas,200,0.6,10286,0.31902178308945495,0.49497785166792346,0.3204778307546145
PA,North America,Americas,200,0.8,10286,0.24742927402947446,0.49497785166792346,0.4109471763311488
PA,North America,Americas,200,1.0,10286,0.17540154079977116,0.49497785166792346,0.49030964279779743
PA,North America,Americas,300,0.0,17429,0.49497785166792346,0.49497785166792346,0.0
PA,North America,Americas,300,0.2,17429,0.4431614228782519,0.49497785166792346,0.1148914717477834
PA,North America,Americas,300,0.4,17429,0.3842635594011581,0.49497785166792346,0.22231641937091307
PA,North America,Americas,300,0.6,17429,0.3182500323774729,0.49497785166792346,0.32153711458939616
PA,North America,Americas,300,0.8,17429,0.24532919409601706,0.49497785166792346,0.4134004829579969
PA,North America,Americas,300,1.0,17429,0.1710347867372689,0.49497785166792346,0.4948383933524942
PA,North America,Americas,500,0.0,31714,0.49497785166792346,0.49497785166792346,0.0
PA,North America,Americas,500,0.2,31714,0.4431614228782519,0.49497785166792346,0.1148914717477834
PA,North America,Americas,500,0.4,31714,0.3842635594011581,0.49497785166792346,0.22231641937091307
PA,North America,Americas,500,0.6,31714,0.3182500323774729,0.49497785166792346,0.32153711458939616
PA,North America,Americas,500,0.8,31714,0.24532919409601706,0.49497785166792346,0.4134004829579969
PA,North America,Americas,500,1.0,31714,0.1710347867372689,0.49497785166792346,0.4948383933524942
PE,Latin America,Americas,50,0.0,0,0.22953328277728255,0.22953328277728255,0.0
PE,Latin America,Americas,50,0.2,0,0.22953328277728255,0.22953328277728255,0.0
PE,Latin America,Americas,50,0.4,0,0.22953328277728255,0.22953328277728255,0.0
PE,Latin America,Americas,50,0.6,0,0.22953328277728255,0.22953328277728255,0.0
PE,Latin America,Americas,50,0.8,0,0.22953328277728255,0.22953328277728255,0.0
PE,Latin America,Americas,50,1.0,0,0.22953328277728255,0.22953328277728255,0.0
PE,Latin America,Americas,100,0.0,3143,0.22953328277728255,0.22953328277728255,0.0
PE,Latin America,Americas,100,0.2,3143,0.21986478050136143,0.22953328277728255,0.022673887925560292
PE,Latin America,Americas,100,0.4,3143,0.2167219997521171,0.22953328277728255,0.03022993787466205
PE,Latin America,Americas,100,0.6,3143,0.21608065892213427,0.22953328277728255,0.03176276435651072
PE,Latin America,Americas,100,0.8,3143,0.21598769845396712,0.22953328277728255,0.03198304920716739
PE,Latin America,Americas,100,1.0,3143,0.2159786916336844,0.22953328277728255,0.03200419694018944
PE,Latin America,Americas,150,0.0,6714,0.22953328277728255,0.22953328277728255,0.0
PE,Latin America,Americas,150,0.2,6714,0.20745795000266448,0.22953328277728255,0.05181403247030558
PE,Latin America,Americas,150,0.4,6714,0.1974344591032786,0.22953328277728255,0.07585477242622103
PE,Latin America,Americas,150,0.6,6714,0.19407969888770385,0.22953328277728255,0.083867646822401
PE,Latin America,Americas,150,0.8,6714,0.19316806938383776,0.22953328277728255,0.08601830306240527
PE,Latin America,Americas,150,1.0,6714,0.19297298343543112,0.22953328277728255,0.08647386263460062
PE,Latin America,Americas,200,0.0,10286,0.22953328277728255,0.22953328277728255,0.0
PE,Latin America,Americas,200,0.2,10286,0.1878908377081142,0.22953328277728255,0.0971299710291229
PE,Latin America,Americas,200,0.4,10286,0.1607946582328242,0.22953328277728255,0.1592838338069991
PE,Latin America,Americas,200,0.6,10286,0.1464847762552565,0.22953328277728255,0.19174975809452033
PE,Latin America,Americas,200,0.8,10286,0.14096314546067434,0.22953328277728255,0.2043621893904542
PE,Latin America,Americas,200,1.0,10286,0.13972141287974663,0.22953328277728255,0.2072072101668687
PE,Latin America,Americas,300,0.0,17429,0.22953328277728255,0.22953328277728255,0.0
PE,Latin America,Americas,300,0.2,17429,0.18684021080250088,0.22953328277728255,0.09959980042950062
PE,Latin America,Americas,300,0.4,17429,0.1566670596701013,0.22953328277728255,0.16878846808178874
PE,Latin America,Americas,300,0.6,17429,0.13917668643693668,0.22953328277728255,0.20864754776500127
PE,Latin America,Americas,300,0.8,17429,0.13194494189289457,0.22953328277728255,0.22531671437300016
PE,Latin America,Americas,300,1.0,17429,0.13013635937331083,0.22953328277728255,0.22947603348058737
PE,Latin America,Americas,500,0.0,31714,0.22953328277728255,0.22953328277728255,0.0
PE,Latin America,Americas,500,0.2,31714,0.18684021080250088,0.22953328277728255,0.09959980042950062
PE,Latin America,Americas,500,0.4,31714,0.1566670596701013,0.22953328277728255,0.16878846808178874
PE,Latin America,Americas,500,0.6,31714,0.13917668643693668,0.22953328277728255,0.20864754776500127
PE,Latin America,Americas,500,0.8,31714,0.13194494189289457,0.22953328277728255,0.22531671437300016
PE,Latin America,Americas,500,1.0,31714,0.13013635937331083,0.22953328277728255,0.22947603348058737
PH,Asia-Pacific,Asia,50,0.0,0,0.27929694676830485,0.27929694676830485,0.0
PH,Asia-Pacific,Asia,50,0.2,0,0.27929694676830485,0.27929694676830485,0.0
PH,Asia-Pacific,Asia,50,0.4,0,0.27929694676830485,0.27929694676830485,0.0
PH,Asia-Pacific,Asia,50,0.6,0,0.27929694676830485,0.27929694676830485,0.0
PH,Asia-Pacific,Asia,50,0.8,0,0.27929694676830485,0.27929694676830485,0.0
PH,Asia-Pacific,Asia,50,1.0,0,0.27929694676830485,0.27929694676830485,0.0
PH,Asia-Pacific,Asia,100,0.0,3143,0.27929694676830485,0.27929694676830485,0.0
PH,Asia-Pacific,Asia,100,0.2,3143,0.2656978873860478,0.27929694676830485,0.03236805049359061
PH,Asia-Pacific,Asia,100,0.4,3143,0.25807032424114634,0.27929694676830485,0.051121131233295355
PH,Asia-Pacific,Asia,100,0.6,3143,0.25421290255556916,0.27929694676830485,0.06028445395741972
PH,Asia-Pacific,Asia,100,0.8,3143,0.2528598964275893,0.27929694676830485,0.06331914403655288
PH,Asia-Pacific,Asia,100,1.0,3143,0.2526855734979198,0.27929694676830485,0.06368710562087586
PH,Asia-Pacific,Asia,150,0.0,6714,0.27929694676830485,0.27929694676830485,0.0
PH,Asia-Pacific,Asia,150,0.2,6714,0.2573343867823027,0.27929694676830485,0.049315253960539256
PH,Asia-Pacific,Asia,150,0.4,6714,0.24391179748463768,0.27929694676830485,0.07940552801186657
PH,Asia-Pacific,Asia,150,0.6,6714,0.23603276644503962,0.27929694676830485,0.09647278483452672
PH,Asia-Pacific,Asia,150,0.8,6714,0.23218428561268992,0.27929694676830485,0.104490809869844
PH,Asia-Pacific,Asia,150,1.0,6714,0.23110858976051113,0.27929694676830485,0.10667409881964604
PH,Asia-Pacific,Asia,200,0.0,10286,0.27929694676830485,0.27929694676830485,0.0
PH,Asia-Pacific,Asia,200,0.2,10286,0.23611670298956816,0.27929694676830485,0.09066190091904494
PH,Asia-Pacific,Asia,200,0.4,10286,0.20317725483342333,0.27929694676830485,0.1558939864913431
PH,Asia-Pacific,Asia,200,0.6,10286,0.17620740111000815,0.27929694676830485,0.20654933940671702
PH,Asia-Pacific,Asia,200,0.8,10286,0.15497313136992005,0.27929694676830485,0.2449793350287623
PH,Asia-Pacific,Asia,200,1.0,10286,0.1414081890116962,0.27929694676830485,0.2688990237375159
PH,Asia-Pacific,Asia,300,0.0,17429,0.27929694676830485,0.27929694676830485,0.0
PH,Asia-Pacific,Asia,300,0.2,17429,0.23560883426447124,0.27929694676830485,0.09166911934757792
PH,Asia-Pacific,Asia,300,0.4,17429,0.20172904241860326,0.27929694676830485,0.15861252871517115
PH,Asia-Pacific,Asia,300,0.6,17429,0.17342003889711416,0.27929694676830485,0.21160150110653134
PH,Asia-Pacific,Asia,300,0.8,17429,0.1505173604605095,0.27929694676830485,0.2528329320973984
PH,Asia-Pacific,Asia,300,1.0,17429,0.1354313575043748,0.27929694676830485,0.27921270299167894
PH,Asia-Pacific,Asia,500,0.0,31714,0.27929694676830485,0.27929694676830485,0.0
PH,Asia-Pacific,Asia,500,0.2,31714,0.23560883426447124,0.27929694676830485,0.09166911934757792
PH,Asia-Pacific,Asia,500,0.4,31714,0.20172904241860326,0.27929694676830485,0.15861252871517115
PH,Asia-Pacific,Asia,500,0.6,31714,0.17341843857642447,0.27929694676830485,0.21160440838951555
PH,Asia-Pacific,Asia,500,0.8,31714,0.15050438718037007,0.27929694676830485,0.2528557612661082
PH,Asia-Pacific,Asia,500,1.0,31714,0.135400855675222,0.27929694676830485,0.2792653440178617
PK,Asia-Pacific,Asia,50,0.0,0,0.27546153400563506,0.27546153400563506,0.0
PK,Asia-Pacific,Asia,50,0.2,0,0.27546153400563506,0.27546153400563506,0.0
PK,Asia-Pacific,Asia,50,0.4,0,0.27546153400563506,0.27546153400563506,0.0
PK,Asia-Pacific,Asia,50,0.6,0,0.27546153400563506,0.27546153400563506,0.0
PK,Asia-Pacific,Asia,50,0.8,0,0.27546153400563506,0.27546153400563506,0.0
PK,Asia-Pacific,Asia,50,1.0,0,0.27546153400563506,0.27546153400563506,0.0
PK,Asia-Pacific,Asia,100,0.0,3143,0.27546153400563506,0.27546153400563506,0.0
PK,Asia-Pacific,Asia,100,0.2,3143,0.25877856961409235,0.27546153400563506,0.0414172061186118
PK,Asia-Pacific,Asia,100,0.4,3143,0.25059990214530126,0.27546153400563506,0.06263629741674369
PK,Asia-Pacific,Asia,100,0.6,3143,0.24686936731417325,0.27546153400563506,0.07235539696410413
PK,Asia-Pacific,Asia,100,0.8,3143,0.24560859099264984,0.27546153400563506,0.07560036113320738
PK,Asia-Pacific,Asia,100,1.0,3143,0.24548750820146464,0.27546153400563506,0.07590401576759295
PK,Asia-Pacific,Asia,150,0.0,6714,0.27546153400563506,0.27546153400563506,0.0
PK,Asia-Pacific,Asia,150,0.2,6714,0.2346514053236985,0.27546153400563506,0.09827902045093535
PK,Asia-Pacific,Asia,150,0.4,6714,0.20639590936645186,0.27546153400563506,0.1636845119620906
PK,Asia-Pacific,Asia,150,0.6,6714,0.1897284486493427,0.27546153400563506,0.20193522795601238
PK,Asia-Pacific,Asia,150,0.8,6714,0.18137103843744629,0.27546153400563506,0.22119108774322888
PK,Asia-Pacific,Asia,150,1.0,6714,0.17823073871578549,0.27546153400563506,0.22842518683117416
PK,Asia-Pacific,Asia,200,0.0,10286,0.27546153400563506,0.27546153400563506,0.0
PK,Asia-Pacific,Asia,200,0.2,10286,0.23292522487881698,0.27546153400563506,0.10231185619530006
PK,Asia-Pacific,Asia,200,0.4,10286,0.2026332381200506,0.27546153400563506,0.1721313908394349
PK,Asia-Pacific,Asia,200,0.6,10286,0.1842833356394615,0.27546153400563506,0.2141309666152932
PK,Asia-Pacific,Asia,200,0.8,10286,0.1749935441298952,0.27546153400563506,0.23541348044825355
PK,Asia-Pacific,Asia,200,1.0,10286,0.17152653200310894,0.27546153400563506,0.24333445892527894
PK,Asia-Pacific,Asia,300,0.0,17429,0.27546153400563506,0.27546153400563506,0.0
PK,Asia-Pacific,Asia,300,0.2,17429,0.23114965585486572,0.27546153400563506,0.10646260018965713
PK,Asia-Pacific,Asia,300,0.4,17429,0.1969132418616942,0.27546153400563506,0.1850070916175724
PK,Asia-Pacific,Asia,300,0.6,17429,0.17412909650506253,0.27546153400563506,0.23692026374439712
PK,Asia-Pacific,Asia,300,0.8,17429,0.16181083889829045,0.27546153400563506,0.26459157221624235
PK,Asia-Pacific,Asia,300,1.0,17429,0.1569910273567389,0.27546153400563506,0.2754389941783592
PK,Asia-Pacific,Asia,500,0.0,31714,0.27546153400563506,0.27546153400563506,0.0
PK,Asia-Pacific,Asia,500,0.2,31714,0.23114965585486572,0.27546153400563506,0.10646260018965713
PK,Asia-Pacific,Asia,500,0.4,31714,0.1969132418616942,0.27546153400563506,0.1850070916175724
PK,Asia-Pacific,Asia,500,0.6,31714,0.17412909650506253,0.27546153400563506,0.23692026374439712
PK,Asia-Pacific,Asia,500,0.8,31714,0.16181083889829045,0.27546153400563506,0.26459157221624235
PK,Asia-Pacific,Asia,500,1.0,31714,0.1569910273567389,0.27546153400563506,0.2754389941783592
PL,Europe,EurAfrMENA,50,0.0,0,0.2967678600059641,0.2967678600059641,0.0
PL,Europe,EurAfrMENA,50,0.2,0,0.2967678600059641,0.2967678600059641,0.0
PL,Europe,EurAfrMENA,50,0.4,0,0.2967678600059641,0.2967678600059641,0.0
PL,Europe,EurAfrMENA,50,0.6,0,0.2967678600059641,0.2967678600059641,0.0
PL,Europe,EurAfrMENA,50,0.8,0,0.2967678600059641,0.2967678600059641,0.0
PL,Europe,EurAfrMENA,50,1.0,0,0.2967678600059641,0.2967678600059641,0.0
PL,Europe,EurAfrMENA,100,0.0,3143,0.2967678600059641,0.2967678600059641,0.0
PL,Europe,EurAfrMENA,100,0.2,3143,0.2561273097613146,0.2967678600059641,0.09951343095308006
PL,Europe,EurAfrMENA,100,0.4,3143,0.22746672138266477,0.2967678600059641,0.16718603210817456
PL,Europe,EurAfrMENA,100,0.6,3143,0.21050478688876967,0.2967678600059641,0.20628637027363014
PL,Europe,EurAfrMENA,100,0.8,3143,0.20353890495257335,0.2967678600059641,0.22230486044603562
PL,Europe,EurAfrMENA,100,1.0,3143,0.20237133877995725,0.2967678600059641,0.2249955104633926
PL,Europe,EurAfrMENA,150,0.0,6714,0.2967678600059641,0.2967678600059641,0.0
PL,Europe,EurAfrMENA,150,0.2,6714,0.2545469038341527,0.2967678600059641,0.10342142925723233
PL,Europe,EurAfrMENA,150,0.4,6714,0.22308241876287582,0.2967678600059641,0.17753266056447756
PL,Europe,EurAfrMENA,150,0.6,6714,0.20372420270193226,0.2967678600059641,0.22197399277424568
PL,Europe,EurAfrMENA,150,0.8,6714,0.19548178309096212,0.2967678600059641,0.24085546200641375
PL,Europe,EurAfrMENA,150,1.0,6714,0.1941077679896522,0.2967678600059641,0.2439943074310826
PL,Europe,EurAfrMENA,200,0.0,10286,0.2967678600059641,0.2967678600059641,0.0
PL,Europe,EurAfrMENA,200,0.2,10286,0.2519875809497436,0.2967678600059641,0.10977468470629927
PL,Europe,EurAfrMENA,200,0.4,10286,0.2149906876575596,0.2967678600059641,0.19656289075398348
PL,Europe,EurAfrMENA,200,0.6,10286,0.18908639375611538,0.2967678600059641,0.25569417937250777
PL,Europe,EurAfrMENA,200,0.8,10286,0.17598630049674743,0.2967678600059641,0.2853464424524399
PL,Europe,EurAfrMENA,200,1.0,10286,0.17305480183564467,0.2967678600059641,0.29193740580044825
PL,Europe,EurAfrMENA,300,0.0,17429,0.2967678600059641,0.2967678600059641,0.0
PL,Europe,EurAfrMENA,300,0.2,17429,0.2519682290827048,0.2967678600059641,0.10982096506496111
PL,Europe,EurAfrMENA,300,0.4,17429,0.21475512921731796,0.2967678600059641,0.19711162833617502
PL,Europe,EurAfrMENA,300,0.6,17429,0.18827412014396255,0.2967678600059641,0.25755628962122085
PL,Europe,EurAfrMENA,300,0.8,17429,0.1744311182873046,0.2967678600059641,0.28885876960662676
PL,Europe,EurAfrMENA,300,1.0,17429,0.1712892722027597,0.2967678600059641,0.2959229158370686
PL,Europe,EurAfrMENA,500,0.0,31714,0.2967678600059641,0.2967678600059641,0.0
PL,Europe,EurAfrMENA,500,0.2,31714,0.2519682290827048,0.2967678600059641,0.10982096506496111
PL,Europe,EurAfrMENA,500,0.4,31714,0.21474922309840774,0.2967678600059641,0.19712537708098157
PL,Europe,EurAfrMENA,500,0.6,31714,0.18821148616264327,0.2967678600059641,0.2577003658898977
PL,Europe,EurAfrMENA,500,0.8,31714,0.17428323166758306,0.2967678600059641,0.28919348621177665
PL,Europe,EurAfrMENA,500,1.0,31714,0.17112323047295416,0.2967678600059641,0.2962994533577349
PS,Asia-Pacific,Asia,50,0.0,0,0.5554439771469654,0.5554439771469654,0.0
PS,Asia-Pacific,Asia,50,0.2,0,0.5554439771469654,0.5554439771469654,0.0
PS,Asia-Pacific,Asia,50,0.4,0,0.5554439771469654,0.5554439771469654,0.0
PS,Asia-Pacific,Asia,50,0.6,0,0.5554439771469654,0.5554439771469654,0.0
PS,Asia-Pacific,Asia,50,0.8,0,0.5554439771469654,0.5554439771469654,0.0
PS,Asia-Pacific,Asia,50,1.0,0,0.5554439771469654,0.5554439771469654,0.0
PS,Asia-Pacific,Asia,100,0.0,3143,0.5554439771469654,0.5554439771469654,0.0
PS,Asia-Pacific,Asia,100,0.2,3143,0.5283925239023356,0.5554439771469654,0.06549363996867152
PS,Asia-Pacific,Asia,100,0.4,3143,0.5061884204262419,0.5554439771469654,0.11417679802134814
PS,Asia-Pacific,Asia,100,0.6,3143,0.48798984565078257,0.5554439771469654,0.15122379900527624
PS,Asia-Pacific,Asia,100,0.8,3143,0.47239989140718736,0.5554439771469654,0.1809027937086182
PS,Asia-Pacific,Asia,100,1.0,3143,0.45926760997211125,0.5554439771469654,0.20452934930225458
PS,Asia-Pacific,Asia,150,0.0,6714,0.5554439771469654,0.5554439771469654,0.0
PS,Asia-Pacific,Asia,150,0.2,6714,0.5074684584179054,0.5554439771469654,0.11147566211662999
PS,Asia-Pacific,Asia,150,0.4,6714,0.457014065308933,0.5554439771469654,0.20846505186169523
PS,Asia-Pacific,Asia,150,0.6,6714,0.40518503245408205,0.5554439771469654,0.2907568038469251
PS,Asia-Pacific,Asia,150,0.8,6714,0.3513182025376612,0.5554439771469654,0.3628571800692881
PS,Asia-Pacific,Asia,150,1.0,6714,0.2983150937897787,0.5554439771469654,0.42428580478087097
PS,Asia-Pacific,Asia,200,0.0,10286,0.5554439771469654,0.5554439771469654,0.0
PS,Asia-Pacific,Asia,200,0.2,10286,0.5050417370356678,0.5554439771469654,0.11658797253891971
PS,Asia-Pacific,Asia,200,0.4,10286,0.44847714521571225,0.5554439771469654,0.22309994026419294
PS,Asia-Pacific,Asia,200,0.6,10286,0.385944055171744,0.5554439771469654,0.31788107414850697
PS,Asia-Pacific,Asia,200,0.8,10286,0.31733083401453904,0.5554439771469654,0.40311050081608485
PS,Asia-Pacific,Asia,200,1.0,10286,0.24811309450804858,0.5554439771469654,0.47596003314075974
PS,Asia-Pacific,Asia,300,0.0,17429,0.5554439771469654,0.5554439771469654,0.0
PS,Asia-Pacific,Asia,300,0.2,17429,0.5034009473658331,0.5554439771469654,0.12001774962280395
PS,Asia-Pacific,Asia,300,0.4,17429,0.4410308954002117,0.5554439771469654,0.23549707555295113
PS,Asia-Pacific,Asia,300,0.6,17429,0.36466836292043725,0.5554439771469654,0.34603332273712845
PS,Asia-Pacific,Asia,300,0.8,17429,0.2713312503586303,0.5554439771469654,0.4527709873390407
PS,Asia-Pacific,Asia,300,1.0,17429,0.16539004344141708,0.5554439771469654,0.5525128733572172
PS,Asia-Pacific,Asia,500,0.0,31714,0.5554439771469654,0.5554439771469654,0.0
PS,Asia-Pacific,Asia,500,0.2,31714,0.5034009473658331,0.5554439771469654,0.12001774962280395
PS,Asia-Pacific,Asia,500,0.4,31714,0.4410308954002117,0.5554439771469654,0.23549707555295113
PS,Asia-Pacific,Asia,500,0.6,31714,0.36466836292043725,0.5554439771469654,0.34603332273712845
PS,Asia-Pacific,Asia,500,0.8,31714,0.2713312503586303,0.5554439771469654,0.4527709873390407
PS,Asia-Pacific,Asia,500,1.0,31714,0.16539004344141708,0.5554439771469654,0.5525128733572172
PT,Europe,EurAfrMENA,50,0.0,0,0.3531970663886176,0.3531970663886176,0.0
PT,Europe,EurAfrMENA,50,0.2,0,0.3531970663886176,0.3531970663886176,0.0
PT,Europe,EurAfrMENA,50,0.4,0,0.3531970663886176,0.3531970663886176,0.0
PT,Europe,EurAfrMENA,50,0.6,0,0.3531970663886176,0.3531970663886176,0.0
PT,Europe,EurAfrMENA,50,0.8,0,0.3531970663886176,0.3531970663886176,0.0
PT,Europe,EurAfrMENA,50,1.0,0,0.3531970663886176,0.3531970663886176,0.0
PT,Europe,EurAfrMENA,100,0.0,3143,0.3531970663886176,0.3531970663886176,0.0
PT,Europe,EurAfrMENA,100,0.2,3143,0.3129412845766426,0.3531970663886176,0.08763468683545224
PT,Europe,EurAfrMENA,100,0.4,3143,0.28055710946747164,0.3531970663886176,0.15235387713620624
PT,Europe,EurAfrMENA,100,0.6,3143,0.25500164648640744,0.3531970663886176,0.2008642790137048
PT,Europe,EurAfrMENA,100,0.8,3143,0.23550193915181894,0.3531970663886176,0.23639020005569442
PT,Europe,EurAfrMENA,100,1.0,3143,0.22382133373828422,0.3531970663886176,0.2571930203243458
PT,Europe,EurAfrMENA,150,0.0,6714,0.3531970663886176,0.3531970663886176,0.0
PT,Europe,EurAfrMENA,150,0.2,6714,0.30832882049905025,0.3531970663886176,0.09729016120444905
PT,Europe,EurAfrMENA,150,0.4,6714,0.2693881794767114,0.3531970663886176,0.17424302285255483
PT,Europe,EurAfrMENA,150,0.6,6714,0.2381995769896494,0.3531970663886176,0.23218521498575453
PT,Europe,EurAfrMENA,150,0.8,6714,0.21460520455077575,0.3531970663886176,0.27427440111793766
PT,Europe,EurAfrMENA,150,1.0,6714,0.2009029193803246,0.3531970663886176,0.2982036113120975
PT,Europe,EurAfrMENA,200,0.0,10286,0.3531970663886176,0.3531970663886176,0.0
PT,Europe,EurAfrMENA,200,0.2,10286,0.3059101795908258,0.3531970663886176,0.1024314863159718
PT,Europe,EurAfrMENA,200,0.4,10286,0.26148530690528704,0.3531970663886176,0.18964601755094027
PT,Europe,EurAfrMENA,200,0.6,10286,0.22229647907292324,0.3531970663886176,0.26134299972707226
PT,Europe,EurAfrMENA,200,0.8,10286,0.19090063905256824,0.3531970663886176,0.3164392538559183
PT,Europe,EurAfrMENA,200,1.0,10286,0.17187907094765806,0.3531970663886176,0.3488310246490001
PT,Europe,EurAfrMENA,300,0.0,17429,0.3531970663886176,0.3531970663886176,0.0
PT,Europe,EurAfrMENA,300,0.2,17429,0.3058934043390175,0.3531970663886176,0.10246514619223968
PT,Europe,EurAfrMENA,300,0.4,17429,0.2614247410230021,0.3531970663886176,0.18976070913871776
PT,Europe,EurAfrMENA,300,0.6,17429,0.2220722609514139,0.3531970663886176,0.2617493274652882
PT,Europe,EurAfrMENA,300,0.8,17429,0.1903409311719112,0.3531970663886176,0.31741285542507114
PT,Europe,EurAfrMENA,300,1.0,17429,0.17105332567747522,0.3531970663886176,0.35024894709965976
PT,Europe,EurAfrMENA,500,0.0,31714,0.3531970663886176,0.3531970663886176,0.0
PT,Europe,EurAfrMENA,500,0.2,31714,0.30588739836197326,0.3531970663886176,0.10247728363616607
PT,Europe,EurAfrMENA,500,0.4,31714,0.26139506172764176,0.3531970663886176,0.18981612489463717
PT,Europe,EurAfrMENA,500,0.6,31714,0.2219306733383592,0.3531970663886176,0.26200376756497784
PT,Europe,EurAfrMENA,500,0.8,31714,0.1899378794449887,0.3531970663886176,0.31811685163092146
PT,Europe,EurAfrMENA,500,1.0,31714,0.17044284667306484,0.3531970663886176,0.35130039607895397
PY,Latin America,Americas,50,0.0,0,0.3052637353557841,0.3052637353557841,0.0
PY,Latin America,Americas,50,0.2,0,0.3052637353557841,0.3052637353557841,0.0
PY,Latin America,Americas,50,0.4,0,0.3052637353557841,0.3052637353557841,0.0
PY,Latin America,Americas,50,0.6,0,0.3052637353557841,0.3052637353557841,0.0
PY,Latin America,Americas,50,0.8,0,0.3052637353557841,0.3052637353557841,0.0
PY,Latin America,Americas,50,1.0,0,0.3052637353557841,0.3052637353557841,0.0
PY,Latin America,Americas,100,0.0,3143,0.3052637353557841,0.3052637353557841,0.0
PY,Latin America,Americas,100,0.2,3143,0.28709871004303494,0.3052637353557841,0.04067643202763452
PY,Latin America,Americas,100,0.4,3143,0.2778487746765393,0.3052637353557841,0.060948791528186205
PY,Latin America,Americas,100,0.6,3143,0.27425913689991754,0.3052637353557841,0.0687384061605673
PY,Latin America,Americas,100,0.8,3143,0.27329372306791844,0.3052637353557841,0.07085332078558079
PY,Latin America,Americas,100,1.0,3143,0.27308607009714386,0.3052637353557841,0.07131008327606465
PY,Latin America,Americas,150,0.0,6714,0.3052637353557841,0.3052637353557841,0.0
PY,Latin America,Americas,150,0.2,6714,0.28709871004303494,0.3052637353557841,0.04067643202763452
PY,Latin America,Americas,150,0.4,6714,0.2778487746765393,0.3052637353557841,0.060948791528186205
PY,Latin America,Americas,150,0.6,6714,0.27425913689991754,0.3052637353557841,0.0687384061605673
PY,Latin America,Americas,150,0.8,6714,0.27329372306791844,0.3052637353557841,0.07085332078558079
PY,Latin America,Americas,150,1.0,6714,0.27308607009714386,0.3052637353557841,0.07131008327606465
PY,Latin America,Americas,200,0.0,10286,0.3052637353557841,0.3052637353557841,0.0
PY,Latin America,Americas,200,0.2,10286,0.2611628196257507,0.3052637353557841,0.10319481042249333
PY,Latin America,Americas,200,0.4,10286,0.2240293291766352,0.3052637353557841,0.1832817007723648
PY,Latin America,Americas,200,0.6,10286,0.19673274656781597,0.3052637353557841,0.2388057090178365
PY,Latin America,Americas,200,0.8,10286,0.18137426375637344,0.3052637353557841,0.2688869805355534
PY,Latin America,Americas,200,1.0,10286,0.17618961606996517,0.3052637353557841,0.27873558242225943
PY,Latin America,Americas,300,0.0,17429,0.3052637353557841,0.3052637353557841,0.0
PY,Latin America,Americas,300,0.2,17429,0.2604152981628988,0.3052637353557841,0.10498006015005958
PY,Latin America,Americas,300,0.4,17429,0.22098793811329293,0.3052637353557841,0.19002881471090377
PY,Latin America,Americas,300,0.6,17429,0.18983114482702412,0.3052637353557841,0.2534521937735147
PY,Latin America,Americas,300,0.8,17429,0.17027708015070295,0.3052637353557841,0.29150756654800225
PY,Latin America,Americas,300,1.0,17429,0.16316258701154737,0.3052637353557841,0.3048938509347055
PY,Latin America,Americas,500,0.0,31714,0.3052637353557841,0.3052637353557841,0.0
PY,Latin America,Americas,500,0.2,31714,0.2604152981628988,0.3052637353557841,0.10498006015005958
PY,Latin America,Americas,500,0.4,31714,0.2209853366354892,0.3052637353557841,0.19003476153768808
PY,Latin America,Americas,500,0.6,31714,0.18982446579550277,0.3052637353557841,0.2534669896076923
PY,Latin America,Americas,500,0.8,31714,0.1702509641955949,0.3052637353557841,0.29155797379360515
PY,Latin America,Americas,500,1.0,31714,0.16311567428025162,0.3052637353557841,0.3049826237355993
RO,Europe,EurAfrMENA,50,0.0,0,0.3165185963045798,0.3165185963045798,0.0
RO,Europe,EurAfrMENA,50,0.2,0,0.3165185963045798,0.3165185963045798,0.0
RO,Europe,EurAfrMENA,50,0.4,0,0.3165185963045798,0.3165185963045798,0.0
RO,Europe,EurAfrMENA,50,0.6,0,0.3165185963045798,0.3165185963045798,0.0
RO,Europe,EurAfrMENA,50,0.8,0,0.3165185963045798,0.3165185963045798,0.0
RO,Europe,EurAfrMENA,50,1.0,0,0.3165185963045798,0.3165185963045798,0.0
RO,Europe,EurAfrMENA,100,0.0,3143,0.3165185963045798,0.3165185963045798,0.0
RO,Europe,EurAfrMENA,100,0.2,3143,0.27375630133673345,0.3165185963045798,0.09572223836503271
RO,Europe,EurAfrMENA,100,0.4,3143,0.2404248529447564,0.3165185963045798,0.1647431625797098
RO,Europe,EurAfrMENA,100,0.6,3143,0.21841339350406108,0.3165185963045798,0.2087254503048779
RO,Europe,EurAfrMENA,100,0.8,3143,0.20702262495121018,0.3165185963045798,0.2313955149834827
RO,Europe,EurAfrMENA,100,1.0,3143,0.2037886149034753,0.3165185963045798,0.23782566575376848
RO,Europe,EurAfrMENA,150,0.0,6714,0.3165185963045798,0.3165185963045798,0.0
RO,Europe,EurAfrMENA,150,0.2,6714,0.27323543277445606,0.3165185963045798,0.09686668547760609
RO,Europe,EurAfrMENA,150,0.4,6714,0.2392596331435314,0.3165185963045798,0.16714074220552458
RO,Europe,EurAfrMENA,150,0.6,6714,0.21677493492246366,0.3165185963045798,0.2120389119205811
RO,Europe,EurAfrMENA,150,0.8,6714,0.20514250823652677,0.3165185963045798,0.23521023451725187
RO,Europe,EurAfrMENA,150,1.0,6714,0.2018099663006922,0.3165185963045798,0.24182329744417658
RO,Europe,EurAfrMENA,200,0.0,10286,0.3165185963045798,0.3165185963045798,0.0
RO,Europe,EurAfrMENA,200,0.2,10286,0.2699123758089095,0.3165185963045798,0.10422890214677724
RO,Europe,EurAfrMENA,200,0.4,10286,0.2291446029789531,0.3165185963045798,0.18791313626534042
RO,Europe,EurAfrMENA,200,0.6,10286,0.19941950042880272,0.3165185963045798,0.24739205004338222
RO,Europe,EurAfrMENA,200,0.8,10286,0.1823808455286505,0.3165185963045798,0.2813769078431853
RO,Europe,EurAfrMENA,200,1.0,10286,0.17701738239784384,0.3165185963045798,0.2920900526899568
RO,Europe,EurAfrMENA,300,0.0,17429,0.3165185963045798,0.3165185963045798,0.0
RO,Europe,EurAfrMENA,300,0.2,17429,0.26947397333623685,0.3165185963045798,0.1052120306595442
RO,Europe,EurAfrMENA,300,0.4,17429,0.22714308654150167,0.3165185963045798,0.1920298701219187
RO,Europe,EurAfrMENA,300,0.6,17429,0.19423083185144505,0.3165185963045798,0.2579769005572104
RO,Europe,EurAfrMENA,300,0.8,17429,0.17296029181076095,0.3165185963045798,0.3005459151158831
RO,Europe,EurAfrMENA,300,1.0,17429,0.16525346378827774,0.3165185963045798,0.31593152280820286
RO,Europe,EurAfrMENA,500,0.0,31714,0.3165185963045798,0.3165185963045798,0.0
RO,Europe,EurAfrMENA,500,0.2,31714,0.26947397333623685,0.3165185963045798,0.1052120306595442
RO,Europe,EurAfrMENA,500,0.4,31714,0.22714308654150167,0.3165185963045798,0.1920298701219187
RO,Europe,EurAfrMENA,500,0.6,31714,0.19423083185144505,0.3165185963045798,0.2579769005572104
RO,Europe,EurAfrMENA,500,0.8,31714,0.17296029181076095,0.3165185963045798,0.3005459151158831
RO,Europe,EurAfrMENA,500,1.0,31714,0.16525346378827774,0.3165185963045798,0.31593152280820286
RU,Europe,EurAfrMENA,50,0.0,0,0.35241566500177723,0.35241566500177723,0.0
RU,Europe,EurAfrMENA,50,0.2,0,0.35241566500177723,0.35241566500177723,0.0
RU,Europe,EurAfrMENA,50,0.4,0,0.35241566500177723,0.35241566500177723,0.0
RU,Europe,EurAfrMENA,50,0.6,0,0.35241566500177723,0.35241566500177723,0.0
RU,Europe,EurAfrMENA,50,0.8,0,0.35241566500177723,0.35241566500177723,0.0
RU,Europe,EurAfrMENA,50,1.0,0,0.35241566500177723,0.35241566500177723,0.0
RU,Europe,EurAfrMENA,100,0.0,3143,0.35241566500177723,0.35241566500177723,0.0
RU,Europe,EurAfrMENA,100,0.2,3143,0.3133894263038087,0.35241566500177723,0.09633811155486938
RU,Europe,EurAfrMENA,100,0.4,3143,0.282307783106144,0.35241566500177723,0.16845203084522312
RU,Europe,EurAfrMENA,100,0.6,3143,0.2601747613852441,0.35241566500177723,0.21811597992289963
RU,Europe,EurAfrMENA,100,0.8,3143,0.24623527375948712,0.35241566500177723,0.24851222745877247
RU,Europe,EurAfrMENA,100,1.0,3143,0.24078643721458087,0.35241566500177723,0.2602227904371029
RU,Europe,EurAfrMENA,150,0.0,6714,0.35241566500177723,0.35241566500177723,0.0
RU,Europe,EurAfrMENA,150,0.2,6714,0.30900415817322285,0.35241566500177723,0.10732747107680776
RU,Europe,EurAfrMENA,150,0.4,6714,0.27290376711012027,0.35241566500177723,0.19064759144012688
RU,Europe,EurAfrMENA,150,0.6,6714,0.24605302561232925,0.35241566500177723,0.24984951259175003
RU,Europe,EurAfrMENA,150,0.8,6714,0.22850937083063966,0.35241566500177723,0.28705472740153737
RU,Europe,EurAfrMENA,150,1.0,6714,0.22132752626694296,0.35241566500177723,0.3019466986010479
RU,Europe,EurAfrMENA,200,0.0,10286,0.35241566500177723,0.35241566500177723,0.0
RU,Europe,EurAfrMENA,200,0.2,10286,0.3074520542099355,0.35241566500177723,0.11123122349875751
RU,Europe,EurAfrMENA,200,0.4,10286,0.26808601198272797,0.35241566500177723,0.20197969040907643
RU,Europe,EurAfrMENA,200,0.6,10286,0.23755209117540171,0.35241566500177723,0.26867011047061023
RU,Europe,EurAfrMENA,200,0.8,10286,0.21700916947901516,0.35241566500177723,0.311490000899035
RU,Europe,EurAfrMENA,200,1.0,10286,0.20857801456107605,0.35241566500177723,0.3287907852200138
RU,Europe,EurAfrMENA,300,0.0,17429,0.35241566500177723,0.35241566500177723,0.0
RU,Europe,EurAfrMENA,300,0.2,17429,0.30694638241738315,0.35241566500177723,0.11250950325742005
RU,Europe,EurAfrMENA,300,0.4,17429,0.2659805421432296,0.35241566500177723,0.20688548209044683
RU,Europe,EurAfrMENA,300,0.6,17429,0.2321131192652646,0.35241566500177723,0.2805034576056158
RU,Europe,EurAfrMENA,300,0.8,17429,0.20783759983406772,0.35241566500177723,0.33069121687230807
RU,Europe,EurAfrMENA,300,1.0,17429,0.19731865512013455,0.35241566500177723,0.3522215012969612
RU,Europe,EurAfrMENA,500,0.0,31714,0.35241566500177723,0.35241566500177723,0.0
RU,Europe,EurAfrMENA,500,0.2,31714,0.30694638241738315,0.35241566500177723,0.11250950325742005
RU,Europe,EurAfrMENA,500,0.4,31714,0.2659805421432296,0.35241566500177723,0.20688548209044683
RU,Europe,EurAfrMENA,500,0.6,31714,0.2321131192652646,0.35241566500177723,0.2805034576056158
RU,Europe,EurAfrMENA,500,0.8,31714,0.20783759983406772,0.35241566500177723,0.33069121687230807
RU,Europe,EurAfrMENA,500,1.0,31714,0.19731865512013455,0.35241566500177723,0.3522215012969612
RW,Africa/MENA,EurAfrMENA,50,0.0,0,0.46429810952279793,0.46429810952279793,0.0
RW,Africa/MENA,EurAfrMENA,50,0.2,0,0.46429810952279793,0.46429810952279793,0.0
RW,Africa/MENA,EurAfrMENA,50,0.4,0,0.46429810952279793,0.46429810952279793,0.0
RW,Africa/MENA,EurAfrMENA,50,0.6,0,0.46429810952279793,0.46429810952279793,0.0
RW,Africa/MENA,EurAfrMENA,50,0.8,0,0.46429810952279793,0.46429810952279793,0.0
RW,Africa/MENA,EurAfrMENA,50,1.0,0,0.46429810952279793,0.46429810952279793,0.0
RW,Africa/MENA,EurAfrMENA,100,0.0,3143,0.46429810952279793,0.46429810952279793,0.0
RW,Africa/MENA,EurAfrMENA,100,0.2,3143,0.46429810952279793,0.46429810952279793,0.0
RW,Africa/MENA,EurAfrMENA,100,0.4,3143,0.46429810952279793,0.46429810952279793,0.0
RW,Africa/MENA,EurAfrMENA,100,0.6,3143,0.46429810952279793,0.46429810952279793,0.0
RW,Africa/MENA,EurAfrMENA,100,0.8,3143,0.46429810952279793,0.46429810952279793,0.0
RW,Africa/MENA,EurAfrMENA,100,1.0,3143,0.46429810952279793,0.46429810952279793,0.0
RW,Africa/MENA,EurAfrMENA,150,0.0,6714,0.46429810952279793,0.46429810952279793,0.0
RW,Africa/MENA,EurAfrMENA,150,0.2,6714,0.42532202529983076,0.46429810952279793,0.08160136347125738
RW,Africa/MENA,EurAfrMENA,150,0.4,6714,0.3920277859960867,0.46429810952279793,0.14375045223637814
RW,Africa/MENA,EurAfrMENA,150,0.6,6714,0.3634933887804688,0.46429810952279793,0.19253302505548733
RW,Africa/MENA,EurAfrMENA,150,0.8,6714,0.3388118686093303,0.46429810952279793,0.23177398980268404
RW,Africa/MENA,EurAfrMENA,150,1.0,6714,0.3184501286056528,0.46429810952279793,0.2623718469183942
RW,Africa/MENA,EurAfrMENA,200,0.0,10286,0.46429810952279793,0.46429810952279793,0.0
RW,Africa/MENA,EurAfrMENA,200,0.2,10286,0.4140658229059388,0.46429810952279793,0.10332712455395594
RW,Africa/MENA,EurAfrMENA,200,0.4,10286,0.3630195750142738,0.46429810952279793,0.19331075557540178
RW,Africa/MENA,EurAfrMENA,200,0.6,10286,0.3125350965326009,0.46429810952279793,0.27098395382248125
RW,Africa/MENA,EurAfrMENA,200,0.8,10286,0.26501405539142314,0.46429810952279793,0.33668872406330075
RW,Africa/MENA,EurAfrMENA,200,1.0,10286,0.22369800274964194,0.46429810952279793,0.38936838679632924
RW,Africa/MENA,EurAfrMENA,300,0.0,17429,0.46429810952279793,0.46429810952279793,0.0
RW,Africa/MENA,EurAfrMENA,300,0.2,17429,0.4121489880319021,0.46429810952279793,0.10694738804623881
RW,Africa/MENA,EurAfrMENA,300,0.4,17429,0.3549340096733763,0.46429810952279793,0.20644035992404802
RW,Africa/MENA,EurAfrMENA,300,0.6,17429,0.29233686044087004,0.46429810952279793,0.29970618281498423
RW,Africa/MENA,EurAfrMENA,300,0.8,17429,0.22589732923438424,0.46429810952279793,0.3866606034120129
RW,Africa/MENA,EurAfrMENA,300,1.0,17429,0.16140724023180736,0.46429810952279793,0.4637858629607613
RW,Africa/MENA,EurAfrMENA,500,0.0,31714,0.46429810952279793,0.46429810952279793,0.0
RW,Africa/MENA,EurAfrMENA,500,0.2,31714,0.4121489880319021,0.46429810952279793,0.10694738804623881
RW,Africa/MENA,EurAfrMENA,500,0.4,31714,0.3549340096733763,0.46429810952279793,0.20644035992404802
RW,Africa/MENA,EurAfrMENA,500,0.6,31714,0.29233686044087004,0.46429810952279793,0.29970618281498423
RW,Africa/MENA,EurAfrMENA,500,0.8,31714,0.22589732923438424,0.46429810952279793,0.3866606034120129
RW,Africa/MENA,EurAfrMENA,500,1.0,31714,0.16140724023180736,0.46429810952279793,0.4637858629607613
SA,Asia-Pacific,Asia,50,0.0,0,0.5791465131461461,0.5791465131461461,0.0
SA,Asia-Pacific,Asia,50,0.2,0,0.5791465131461461,0.5791465131461461,0.0
SA,Asia-Pacific,Asia,50,0.4,0,0.5791465131461461,0.5791465131461461,0.0
SA,Asia-Pacific,Asia,50,0.6,0,0.5791465131461461,0.5791465131461461,0.0
SA,Asia-Pacific,Asia,50,0.8,0,0.5791465131461461,0.5791465131461461,0.0
SA,Asia-Pacific,Asia,50,1.0,0,0.5791465131461461,0.5791465131461461,0.0
SA,Asia-Pacific,Asia,100,0.0,3143,0.5791465131461461,0.5791465131461461,0.0
SA,Asia-Pacific,Asia,100,0.2,3143,0.5552060001767596,0.5791465131461461,0.06324526815288227
SA,Asia-Pacific,Asia,100,0.4,3143,0.5358447698170763,0.5791465131461461,0.10953925344590765
SA,Asia-Pacific,Asia,100,0.6,3143,0.5199325523244159,0.5791465131461461,0.14468964563494818
SA,Asia-Pacific,Asia,100,0.8,3143,0.5070571279831989,0.5791465131461461,0.17139806309167646
SA,Asia-Pacific,Asia,100,1.0,3143,0.4967006414309354,0.5791465131461461,0.1918517129498511
SA,Asia-Pacific,Asia,150,0.0,6714,0.5791465131461461,0.5791465131461461,0.0
SA,Asia-Pacific,Asia,150,0.2,6714,0.5326193785825619,0.5791465131461461,0.11686322830776757
SA,Asia-Pacific,Asia,150,0.4,6714,0.48244115911251567,0.5791465131461461,0.21862607965641723
SA,Asia-Pacific,Asia,150,0.6,6714,0.4293571052210342,0.5791465131461461,0.3061998676939037
SA,Asia-Pacific,Asia,150,0.8,6714,0.3747900430923003,0.5791465131461461,0.38145448962778383
SA,Asia-Pacific,Asia,150,1.0,6714,0.32164212183013985,0.5791465131461461,0.4453192040733207
SA,Asia-Pacific,Asia,200,0.0,10286,0.5791465131461461,0.5791465131461461,0.0
SA,Asia-Pacific,Asia,200,0.2,10286,0.5302975120378899,0.5791465131461461,0.12206957355842647
SA,Asia-Pacific,Asia,200,0.4,10286,0.47371178054119434,0.5791465131461461,0.2342671131214229
SA,Asia-Pacific,Asia,200,0.6,10286,0.4094039506914016,0.5791465131461461,0.3351177673567514
SA,Asia-Pacific,Asia,200,0.8,10286,0.3404587235058627,0.5791465131461461,0.42366284913905927
SA,Asia-Pacific,Asia,200,1.0,10286,0.2706019224307645,0.5791465131461461,0.4992734734545334
SA,Asia-Pacific,Asia,300,0.0,17429,0.5791465131461461,0.5791465131461461,0.0
SA,Asia-Pacific,Asia,300,0.2,17429,0.5288026130536986,0.5791465131461461,0.12539376668093885
SA,Asia-Pacific,Asia,300,0.4,17429,0.46671128701791276,0.5791465131461461,0.24643769081016365
SA,Asia-Pacific,Asia,300,0.6,17429,0.38897817119063727,0.5791465131461461,0.36295879111615303
SA,Asia-Pacific,Asia,300,0.8,17429,0.2955922839701753,0.5791465131461461,0.4735951361606358
SA,Asia-Pacific,Asia,300,1.0,17429,0.18830057561385277,0.5791465131461461,0.5766633530796882
SA,Asia-Pacific,Asia,500,0.0,31714,0.5791465131461461,0.5791465131461461,0.0
SA,Asia-Pacific,Asia,500,0.2,31714,0.5288026130536986,0.5791465131461461,0.12539376668093885
SA,Asia-Pacific,Asia,500,0.4,31714,0.46671128701791276,0.5791465131461461,0.24643769081016365
SA,Asia-Pacific,Asia,500,0.6,31714,0.38897817119063727,0.5791465131461461,0.36295879111615303
SA,Asia-Pacific,Asia,500,0.8,31714,0.2955922839701753,0.5791465131461461,0.4735951361606358
SA,Asia-Pacific,Asia,500,1.0,31714,0.18830057561385277,0.5791465131461461,0.5766633530796882
SE,Europe,EurAfrMENA,50,0.0,0,0.44761180105807047,0.44761180105807047,0.0
SE,Europe,EurAfrMENA,50,0.2,0,0.44761180105807047,0.44761180105807047,0.0
SE,Europe,EurAfrMENA,50,0.4,0,0.44761180105807047,0.44761180105807047,0.0
SE,Europe,EurAfrMENA,50,0.6,0,0.44761180105807047,0.44761180105807047,0.0
SE,Europe,EurAfrMENA,50,0.8,0,0.44761180105807047,0.44761180105807047,0.0
SE,Europe,EurAfrMENA,50,1.0,0,0.44761180105807047,0.44761180105807047,0.0
SE,Europe,EurAfrMENA,100,0.0,3143,0.44761180105807047,0.44761180105807047,0.0
SE,Europe,EurAfrMENA,100,0.2,3143,0.4039646829421905,0.44761180105807047,0.11268242194092944
SE,Europe,EurAfrMENA,100,0.4,3143,0.3632910351992068,0.44761180105807047,0.20593921363453668
SE,Europe,EurAfrMENA,100,0.6,3143,0.3269153851756474,0.44761180105807047,0.2811953582672381
SE,Europe,EurAfrMENA,100,0.8,3143,0.2970408882059277,0.44761180105807047,0.3385168151205198
SE,Europe,EurAfrMENA,100,1.0,3143,0.2799925680722914,0.44761180105807047,0.36965509550781334
SE,Europe,EurAfrMENA,150,0.0,6714,0.44761180105807047,0.44761180105807047,0.0
SE,Europe,EurAfrMENA,150,0.2,6714,0.4023397649988108,0.44761180105807047,0.11660222214469994
SE,Europe,EurAfrMENA,150,0.4,6714,0.3585471712601129,0.44761180105807047,0.21613225399186775
SE,Europe,EurAfrMENA,150,0.6,6714,0.31838977602934215,0.44761180105807047,0.2978991028127537
SE,Europe,EurAfrMENA,150,0.8,6714,0.28525538525379446,0.44761180105807047,0.3601704320451597
SE,Europe,EurAfrMENA,150,1.0,6714,0.26623919806489305,0.44761180105807047,0.3939540667146048
SE,Europe,EurAfrMENA,200,0.0,10286,0.44761180105807047,0.44761180105807047,0.0
SE,Europe,EurAfrMENA,200,0.2,10286,0.40007440773169994,0.44761180105807047,0.12204013380006203
SE,Europe,EurAfrMENA,200,0.4,10286,0.35109289643480524,0.44761180105807047,0.23193005556819443
SE,Europe,EurAfrMENA,200,0.6,10286,0.30341022103841586,0.44761180105807047,0.3265641144895986
SE,Europe,EurAfrMENA,200,0.8,10286,0.26238187130960805,0.44761180105807047,0.40065275834708897
SE,Europe,EurAfrMENA,200,1.0,10286,0.23860253703952305,0.44761180105807047,0.44135431044994583
SE,Europe,EurAfrMENA,300,0.0,17429,0.44761180105807047,0.44761180105807047,0.0
SE,Europe,EurAfrMENA,300,0.2,17429,0.40005571408655377,0.44761180105807047,0.1220848997728436
SE,Europe,EurAfrMENA,300,0.4,17429,0.3509397995154947,0.44761180105807047,0.23225185068418075
SE,Europe,EurAfrMENA,300,0.6,17429,0.302750663419758,0.44761180105807047,0.3278067251582564
SE,Europe,EurAfrMENA,300,0.8,17429,0.26050451278050596,0.44761180105807047,0.4038997438585139
SE,Europe,EurAfrMENA,300,1.0,17429,0.23547828959014822,0.44761180105807047,0.44657898671253665
SE,Europe,EurAfrMENA,500,0.0,31714,0.44761180105807047,0.44761180105807047,0.0
SE,Europe,EurAfrMENA,500,0.2,31714,0.40005571408655377,0.44761180105807047,0.1220848997728436
SE,Europe,EurAfrMENA,500,0.4,31714,0.3509397995154947,0.44761180105807047,0.23225185068418075
SE,Europe,EurAfrMENA,500,0.6,31714,0.302750663419758,0.44761180105807047,0.3278067251582564
SE,Europe,EurAfrMENA,500,0.8,31714,0.26050451278050596,0.44761180105807047,0.4038997438585139
SE,Europe,EurAfrMENA,500,1.0,31714,0.23547828959014822,0.44761180105807047,0.44657898671253665
SK,Europe,EurAfrMENA,50,0.0,0,0.5274005551528946,0.5274005551528946,0.0
SK,Europe,EurAfrMENA,50,0.2,0,0.5274005551528946,0.5274005551528946,0.0
SK,Europe,EurAfrMENA,50,0.4,0,0.5274005551528946,0.5274005551528946,0.0
SK,Europe,EurAfrMENA,50,0.6,0,0.5274005551528946,0.5274005551528946,0.0
SK,Europe,EurAfrMENA,50,0.8,0,0.5274005551528946,0.5274005551528946,0.0
SK,Europe,EurAfrMENA,50,1.0,0,0.5274005551528946,0.5274005551528946,0.0
SK,Europe,EurAfrMENA,100,0.0,3143,0.5274005551528946,0.5274005551528946,0.0
SK,Europe,EurAfrMENA,100,0.2,3143,0.48302876571737385,0.5274005551528946,0.11388459899051906
SK,Europe,EurAfrMENA,100,0.4,3143,0.4398208448602532,0.5274005551528946,0.2075514886733669
SK,Europe,EurAfrMENA,100,0.6,3143,0.3994052477581003,0.5274005551528946,0.28284016734397194
SK,Europe,EurAfrMENA,100,0.8,3143,0.36348698581532846,0.5274005551528946,0.3419631957822968
SK,Europe,EurAfrMENA,100,1.0,3143,0.33431846486450023,0.5274005551528946,0.38574795775244997
SK,Europe,EurAfrMENA,150,0.0,6714,0.5274005551528946,0.5274005551528946,0.0
SK,Europe,EurAfrMENA,150,0.2,6714,0.4826604162923174,0.5274005551528946,0.11474800678087571
SK,Europe,EurAfrMENA,150,0.4,6714,0.43874915542210124,0.5274005551528946,0.2096878965889792
SK,Europe,EurAfrMENA,150,0.6,6714,0.39749911799751614,0.5274005551528946,0.28614382312517267
SK,Europe,EurAfrMENA,150,0.8,6714,0.36072355434059716,0.5274005551528946,0.3462550192150244
SK,Europe,EurAfrMENA,150,1.0,6714,0.33066401475579515,0.5274005551528946,0.3909943495710182
SK,Europe,EurAfrMENA,200,0.0,10286,0.5274005551528946,0.5274005551528946,0.0
SK,Europe,EurAfrMENA,200,0.2,10286,0.4781720490452973,0.5274005551528946,0.12516807265418137
SK,Europe,EurAfrMENA,200,0.4,10286,0.42205329954462006,0.5274005551528946,0.24194220635492847
SK,Europe,EurAfrMENA,200,0.6,10286,0.36003340619243357,0.5274005551528946,0.3473230443927451
SK,Europe,EurAfrMENA,200,0.8,10286,0.2957108885718659,0.5274005551528946,0.43846336236626887
SK,Europe,EurAfrMENA,200,1.0,10286,0.2362931200381138,0.5274005551528946,0.5111623431588583
SK,Europe,EurAfrMENA,300,0.0,17429,0.5274005551528946,0.5274005551528946,0.0
SK,Europe,EurAfrMENA,300,0.2,17429,0.4781458692503708,0.5274005551528946,0.12522832688131236
SK,Europe,EurAfrMENA,300,0.4,17429,0.42172851228062797,0.5274005551528946,0.24255133157707415
SK,Europe,EurAfrMENA,300,0.6,17429,0.3583297308236556,0.5274005551528946,0.3499512144271515
SK,Europe,EurAfrMENA,300,0.8,17429,0.29069749939781886,0.5274005551528946,0.44495154995427405
SK,Europe,EurAfrMENA,300,1.0,17429,0.22484754040284083,0.5274005551528946,0.5244665663585392
SK,Europe,EurAfrMENA,500,0.0,31714,0.5274005551528946,0.5274005551528946,0.0
SK,Europe,EurAfrMENA,500,0.2,31714,0.4781458692503708,0.5274005551528946,0.12522832688131236
SK,Europe,EurAfrMENA,500,0.4,31714,0.4217171735116646,0.5274005551528946,0.24257257929072062
SK,Europe,EurAfrMENA,500,0.6,31714,0.3582680901079631,0.5274005551528946,0.350046175337852
SK,Europe,EurAfrMENA,500,0.8,31714,0.29032152116562093,0.5274005551528946,0.4454359460574191
SK,Europe,EurAfrMENA,500,1.0,31714,0.22381901499684181,0.5274005551528946,0.5256578972370074
SN,Africa/MENA,EurAfrMENA,50,0.0,0,0.5089763339279684,0.5089763339279684,0.0
SN,Africa/MENA,EurAfrMENA,50,0.2,0,0.5089763339279684,0.5089763339279684,0.0
SN,Africa/MENA,EurAfrMENA,50,0.4,0,0.5089763339279684,0.5089763339279684,0.0
SN,Africa/MENA,EurAfrMENA,50,0.6,0,0.5089763339279684,0.5089763339279684,0.0
SN,Africa/MENA,EurAfrMENA,50,0.8,0,0.5089763339279684,0.5089763339279684,0.0
SN,Africa/MENA,EurAfrMENA,50,1.0,0,0.5089763339279684,0.5089763339279684,0.0
SN,Africa/MENA,EurAfrMENA,100,0.0,3143,0.5089763339279684,0.5089763339279684,0.0
SN,Africa/MENA,EurAfrMENA,100,0.2,3143,0.4984285726630898,0.5089763339279684,0.024549483311995374
SN,Africa/MENA,EurAfrMENA,100,0.4,3143,0.49044358799014864,0.5089763339279684,0.04250308173557974
SN,Africa/MENA,EurAfrMENA,100,0.6,3143,0.4841918690091212,0.5089763339279684,0.05618612979459992
SN,Africa/MENA,EurAfrMENA,100,0.8,3143,0.4792390128061155,0.5089763339279684,0.06681932299169709
SN,Africa/MENA,EurAfrMENA,100,1.0,3143,0.47514977690655524,0.5089763339279684,0.07548720702616885
SN,Africa/MENA,EurAfrMENA,150,0.0,6714,0.5089763339279684,0.5089763339279684,0.0
SN,Africa/MENA,EurAfrMENA,150,0.2,6714,0.45905725047082635,0.5089763339279684,0.10848331448237412
SN,Africa/MENA,EurAfrMENA,150,0.4,6714,0.404260186245008,0.5089763339279684,0.20893017267149971
SN,Africa/MENA,EurAfrMENA,150,0.6,6714,0.3442285048180191,0.5089763339279684,0.3019200674424119
SN,Africa/MENA,EurAfrMENA,150,0.8,6714,0.2806524340619821,0.5089763339279684,0.38556996389057024
SN,Africa/MENA,EurAfrMENA,150,1.0,6714,0.21497724769307616,0.5089763339279684,0.46164878040190377
SN,Africa/MENA,EurAfrMENA,200,0.0,10286,0.5089763339279684,0.5089763339279684,0.0
SN,Africa/MENA,EurAfrMENA,200,0.2,10286,0.45677511169794344,0.5089763339279684,0.11301237725610394
SN,Africa/MENA,EurAfrMENA,200,0.4,10286,0.3971085631843092,0.5089763339279684,0.22085013994558947
SN,Africa/MENA,EurAfrMENA,200,0.6,10286,0.32800343012313876,0.5089763339279684,0.32448377650872895
SN,Africa/MENA,EurAfrMENA,200,0.8,10286,0.25149603961331235,0.5089763339279684,0.42020820635486755
SN,Africa/MENA,EurAfrMENA,200,1.0,10286,0.17261411838409146,0.5089763339279684,0.507882932386931
SN,Africa/MENA,EurAfrMENA,300,0.0,17429,0.5089763339279684,0.5089763339279684,0.0
SN,Africa/MENA,EurAfrMENA,300,0.2,17429,0.4567628913271572,0.5089763339279684,0.11303654554802056
SN,Africa/MENA,EurAfrMENA,300,0.4,17429,0.3970656241498289,0.5089763339279684,0.220920908663957
SN,Africa/MENA,EurAfrMENA,300,0.6,17429,0.32788161776065794,0.5089763339279684,0.3246495724271309
SN,Africa/MENA,EurAfrMENA,300,0.8,17429,0.25109586909931264,0.5089763339279684,0.4206719923214014
SN,Africa/MENA,EurAfrMENA,300,1.0,17429,0.17184089815068748,0.5089763339279684,0.5087125155812097
SN,Africa/MENA,EurAfrMENA,500,0.0,31714,0.5089763339279684,0.5089763339279684,0.0
SN,Africa/MENA,EurAfrMENA,500,0.2,31714,0.4567628913271572,0.5089763339279684,0.11303654554802056
SN,Africa/MENA,EurAfrMENA,500,0.4,31714,0.3970656241498289,0.5089763339279684,0.220920908663957
SN,Africa/MENA,EurAfrMENA,500,0.6,31714,0.32788161776065794,0.5089763339279684,0.3246495724271309
SN,Africa/MENA,EurAfrMENA,500,0.8,31714,0.25109586909931264,0.5089763339279684,0.4206719923214014
SN,Africa/MENA,EurAfrMENA,500,1.0,31714,0.17184089815068748,0.5089763339279684,0.5087125155812097
SR,Latin America,Americas,50,0.0,0,0.5199643130301328,0.5199643130301328,0.0
SR,Latin America,Americas,50,0.2,0,0.5199643130301328,0.5199643130301328,0.0
SR,Latin America,Americas,50,0.4,0,0.5199643130301328,0.5199643130301328,0.0
SR,Latin America,Americas,50,0.6,0,0.5199643130301328,0.5199643130301328,0.0
SR,Latin America,Americas,50,0.8,0,0.5199643130301328,0.5199643130301328,0.0
SR,Latin America,Americas,50,1.0,0,0.5199643130301328,0.5199643130301328,0.0
SR,Latin America,Americas,100,0.0,3143,0.5199643130301328,0.5199643130301328,0.0
SR,Latin America,Americas,100,0.2,3143,0.5123022804354892,0.5199643130301328,0.019019743526032067
SR,Latin America,Americas,100,0.4,3143,0.5074124895437405,0.5199643130301328,0.030860180428924598
SR,Latin America,Americas,100,0.6,3143,0.5040940509021373,0.5199643130301328,0.03876115699663821
SR,Latin America,Americas,100,0.8,3143,0.5016659073989512,0.5199643130301328,0.044479022522556234
SR,Latin America,Americas,100,1.0,3143,0.4999241112784833,0.5199643130301328,0.048550339848201535
SR,Latin America,Americas,150,0.0,6714,0.5199643130301328,0.5199643130301328,0.0
SR,Latin America,Americas,150,0.2,6714,0.47922103244307185,0.5199643130301328,0.09504691054975017
SR,Latin America,Americas,150,0.4,6714,0.4421770053544083,0.5199643130301328,0.17042602909063556
SR,Latin America,Americas,150,0.6,6714,0.4104822099335301,0.5199643130301328,0.22819660952808213
SR,Latin America,Americas,150,0.8,6714,0.38503844245549773,0.5199643130301328,0.270845462877663
SR,Latin America,Americas,150,1.0,6714,0.36563405823445244,0.5199643130301328,0.3012849629292334
SR,Latin America,Americas,200,0.0,10286,0.5199643130301328,0.5199643130301328,0.0
SR,Latin America,Americas,200,0.2,10286,0.46878165465155053,0.5199643130301328,0.11728397597194
SR,Latin America,Americas,200,0.4,10286,0.41065576652313057,0.5199643130301328,0.2278947472915915
SR,Latin America,Americas,200,0.6,10286,0.34531342687924294,0.5199643130301328,0.3313992993612304
SR,Latin America,Americas,200,0.8,10286,0.2728072326993693,0.5199643130301328,0.4283455853241355
SR,Latin America,Americas,200,1.0,10286,0.200849127270062,0.5199643130301328,0.5163002697689884
SR,Latin America,Americas,300,0.0,17429,0.5199643130301328,0.5199643130301328,0.0
SR,Latin America,Americas,300,0.2,17429,0.4687528103245918,0.5199643130301328,0.1173442781951783
SR,Latin America,Americas,300,0.4,17429,0.4104739836645291,0.5199643130301328,0.22821091349311878
SR,Latin America,Americas,300,0.6,17429,0.34472818173832676,0.5199643130301328,0.3322410156542243
SR,Latin America,Americas,300,0.8,17429,0.27132363291611006,0.5199643130301328,0.430219927646822
SR,Latin America,Americas,300,1.0,17429,0.19813880479433127,0.5199643130301328,0.519585482523895
SR,Latin America,Americas,500,0.0,31714,0.5199643130301328,0.5199643130301328,0.0
SR,Latin America,Americas,500,0.2,31714,0.4687528103245918,0.5199643130301328,0.1173442781951783
SR,Latin America,Americas,500,0.4,31714,0.4104739836645291,0.5199643130301328,0.22821091349311878
SR,Latin America,Americas,500,0.6,31714,0.34472818173832676,0.5199643130301328,0.3322410156542243
SR,Latin America,Americas,500,0.8,31714,0.27132363291611006,0.5199643130301328,0.430219927646822
SR,Latin America,Americas,500,1.0,31714,0.19813880479433127,0.5199643130301328,0.519585482523895
SV,North America,Americas,50,0.0,0,0.4687929673855721,0.4687929673855721,0.0
SV,North America,Americas,50,0.2,0,0.4687929673855721,0.4687929673855721,0.0
SV,North America,Americas,50,0.4,0,0.4687929673855721,0.4687929673855721,0.0
SV,North America,Americas,50,0.6,0,0.4687929673855721,0.4687929673855721,0.0
SV,North America,Americas,50,0.8,0,0.4687929673855721,0.4687929673855721,0.0
SV,North America,Americas,50,1.0,0,0.4687929673855721,0.4687929673855721,0.0
SV,North America,Americas,100,0.0,3143,0.4687929673855721,0.4687929673855721,0.0
SV,North America,Americas,100,0.2,3143,0.4517660271567337,0.4687929673855721,0.03669956279525593
SV,North America,Americas,100,0.4,3143,0.4413078957801347,0.4687929673855721,0.058203647256229715
SV,North America,Americas,100,0.6,3143,0.4337388146029899,0.4687929673855721,0.07330968402726888
SV,North America,Americas,100,0.8,3143,0.42750974543861076,0.4687929673855721,0.0854455978768535
SV,North America,Americas,100,1.0,3143,0.4224709949735242,0.4687929673855721,0.09507752111478218
SV,North America,Americas,150,0.0,6714,0.4687929673855721,0.4687929673855721,0.0
SV,North America,Americas,150,0.2,6714,0.4357252641892145,0.4687929673855721,0.06938348089462386
SV,North America,Americas,150,0.4,6714,0.4097873141340833,0.4687929673855721,0.11860596988842546
SV,North America,Americas,150,0.6,6714,0.3890555792003541,0.4687929673855721,0.15507375104522983
SV,North America,Americas,150,0.8,6714,0.3717949259002467,0.4687929673855721,0.18381682675419744
SV,North America,Americas,150,1.0,6714,0.35698598697717215,0.4687929673855721,0.20745318192417567
SV,North America,Americas,200,0.0,10286,0.4687929673855721,0.4687929673855721,0.0
SV,North America,Americas,200,0.2,10286,0.416716079326079,0.4687929673855721,0.10587805322391473
SV,North America,Americas,200,0.4,10286,0.3580291324448427,0.4687929673855721,0.20581887054503842
SV,North America,Americas,200,0.6,10286,0.2922383793059319,0.4687929673855721,0.3000232139721414
SV,North America,Americas,200,0.8,10286,0.2219875207004716,0.4687929673855721,0.38663495601789233
SV,North America,Americas,200,1.0,10286,0.15145271592952148,0.4687929673855721,0.4640853643494505
SV,North America,Americas,300,0.0,17429,0.4687929673855721,0.4687929673855721,0.0
SV,North America,Americas,300,0.2,17429,0.4166974317674369,0.4687929673855721,0.10591271946072413
SV,North America,Americas,300,0.4,17429,0.357822518242576,0.4687929673855721,0.20614306667682727
SV,North America,Americas,300,0.6,17429,0.29146269116288365,0.4687929673855721,0.3010474015221145
SV,North America,Americas,300,0.8,17429,0.21982324763921388,0.4687929673855721,0.38912117048742256
SV,North America,Americas,300,1.0,17429,0.1470739371309528,0.4687929673855721,0.4687495327393708
SV,North America,Americas,500,0.0,31714,0.4687929673855721,0.4687929673855721,0.0
SV,North America,Americas,500,0.2,31714,0.4166974317674369,0.4687929673855721,0.10591271946072413
SV,North America,Americas,500,0.4,31714,0.357822518242576,0.4687929673855721,0.20614306667682727
SV,North America,Americas,500,0.6,31714,0.29146269116288365,0.4687929673855721,0.3010474015221145
SV,North America,Americas,500,0.8,31714,0.21982324763921388,0.4687929673855721,0.38912117048742256
SV,North America,Americas,500,1.0,31714,0.1470739371309528,0.4687929673855721,0.4687495327393708
TH,Asia-Pacific,Asia,50,0.0,0,0.33518445233421107,0.33518445233421107,0.0
TH,Asia-Pacific,Asia,50,0.2,0,0.33518445233421107,0.33518445233421107,0.0
TH,Asia-Pacific,Asia,50,0.4,0,0.33518445233421107,0.33518445233421107,0.0
TH,Asia-Pacific,Asia,50,0.6,0,0.33518445233421107,0.33518445233421107,0.0
TH,Asia-Pacific,Asia,50,0.8,0,0.33518445233421107,0.33518445233421107,0.0
TH,Asia-Pacific,Asia,50,1.0,0,0.33518445233421107,0.33518445233421107,0.0
TH,Asia-Pacific,Asia,100,0.0,3143,0.33518445233421107,0.33518445233421107,0.0
TH,Asia-Pacific,Asia,100,0.2,3143,0.32076292951792307,0.33518445233421107,0.03017064153818918
TH,Asia-Pacific,Asia,100,0.4,3143,0.3135799074807872,0.33518445233421107,0.045039586442376774
TH,Asia-Pacific,Asia,100,0.6,3143,0.31085974005946626,0.33518445233421107,0.05071754937028888
TH,Asia-Pacific,Asia,100,0.8,3143,0.3100570606813879,0.33518445233421107,0.05241087641981897
TH,Asia-Pacific,Asia,100,1.0,3143,0.3099173177851033,0.33518445233421107,0.0527066350196986
TH,Asia-Pacific,Asia,150,0.0,6714,0.33518445233421107,0.33518445233421107,0.0
TH,Asia-Pacific,Asia,150,0.2,6714,0.30846927038693545,0.33518445233421107,0.05865272133680346
TH,Asia-Pacific,Asia,150,0.4,6714,0.28810574450750326,0.33518445233421107,0.10106467448654172
TH,Asia-Pacific,Asia,150,0.6,6714,0.274060034142914,0.33518445233421107,0.12921786554262094
TH,Asia-Pacific,Asia,150,0.8,6714,0.2658670790129452,0.33518445233421107,0.1451130662400608
TH,Asia-Pacific,Asia,150,1.0,6714,0.2628187936842003,0.33518445233421107,0.15090595225835188
TH,Asia-Pacific,Asia,200,0.0,10286,0.33518445233421107,0.33518445233421107,0.0
TH,Asia-Pacific,Asia,200,0.2,10286,0.28909464169883536,0.33518445233421107,0.10184885596189687
TH,Asia-Pacific,Asia,200,0.4,10286,0.2459946316142796,0.33518445233421107,0.18723891134932052
TH,Asia-Pacific,Asia,200,0.6,10286,0.2091256287618866,0.33518445233421107,0.25392252575919805
TH,Asia-Pacific,Asia,200,0.8,10286,0.1817373729283084,0.33518445233421107,0.30022249716662924
TH,Asia-Pacific,Asia,200,1.0,10286,0.16800596680609134,0.33518445233421107,0.32275123279629964
TH,Asia-Pacific,Asia,300,0.0,17429,0.33518445233421107,0.33518445233421107,0.0
TH,Asia-Pacific,Asia,300,0.2,17429,0.2886390504421349,0.33518445233421107,0.10280953768839847
TH,Asia-Pacific,Asia,300,0.4,17429,0.24438766032573656,0.33518445233421107,0.19027321016160967
TH,Asia-Pacific,Asia,300,0.6,17429,0.20560172985952133,0.33518445233421107,0.2600847136153137
TH,Asia-Pacific,Asia,300,0.8,17429,0.17599902041102752,0.33518445233421107,0.3098421474715029
TH,Asia-Pacific,Asia,300,1.0,17429,0.16061275645031894,0.33518445233421107,0.3349715958106162
TH,Asia-Pacific,Asia,500,0.0,31714,0.33518445233421107,0.33518445233421107,0.0
TH,Asia-Pacific,Asia,500,0.2,31714,0.2886390504421349,0.33518445233421107,0.10280953768839847
TH,Asia-Pacific,Asia,500,0.4,31714,0.24438766032573656,0.33518445233421107,0.19027321016160967
TH,Asia-Pacific,Asia,500,0.6,31714,0.20559572872541823,0.33518445233421107,0.2600951968966973
TH,Asia-Pacific,Asia,500,0.8,31714,0.17596009222790607,0.33518445233421107,0.30990611451461486
TH,Asia-Pacific,Asia,500,1.0,31714,0.16048302786089,0.33518445233421107,0.33518295214875343
TN,Africa/MENA,EurAfrMENA,50,0.0,0,0.3879238087973615,0.3879238087973615,0.0
TN,Africa/MENA,EurAfrMENA,50,0.2,0,0.3879238087973615,0.3879238087973615,0.0
TN,Africa/MENA,EurAfrMENA,50,0.4,0,0.3879238087973615,0.3879238087973615,0.0
TN,Africa/MENA,EurAfrMENA,50,0.6,0,0.3879238087973615,0.3879238087973615,0.0
TN,Africa/MENA,EurAfrMENA,50,0.8,0,0.3879238087973615,0.3879238087973615,0.0
TN,Africa/MENA,EurAfrMENA,50,1.0,0,0.3879238087973615,0.3879238087973615,0.0
TN,Africa/MENA,EurAfrMENA,100,0.0,3143,0.3879238087973615,0.3879238087973615,0.0
TN,Africa/MENA,EurAfrMENA,100,0.2,3143,0.3422825232013435,0.3879238087973615,0.10005246494751618
TN,Africa/MENA,EurAfrMENA,100,0.4,3143,0.2991771322076316,0.3879238087973615,0.18494032491054593
TN,Africa/MENA,EurAfrMENA,100,0.6,3143,0.2618902997973489,0.3879238087973615,0.25409996524544154
TN,Africa/MENA,EurAfrMENA,100,0.8,3143,0.23398601301236424,0.3879238087973615,0.30533137633423896
TN,Africa/MENA,EurAfrMENA,100,1.0,3143,0.220483215247146,0.3879238087973615,0.331064455987234
TN,Africa/MENA,EurAfrMENA,150,0.0,6714,0.3879238087973615,0.3879238087973615,0.0
TN,Africa/MENA,EurAfrMENA,150,0.2,6714,0.3405181759377197,0.3879238087973615,0.10368325322432373
TN,Africa/MENA,EurAfrMENA,150,0.4,6714,0.2952527768484611,0.3879238087973615,0.19238663765609607
TN,Africa/MENA,EurAfrMENA,150,0.6,6714,0.2561354663620917,0.3879238087973615,0.26460763603505494
TN,Africa/MENA,EurAfrMENA,150,0.8,6714,0.22725174284100488,0.3879238087973615,0.31808239246010894
TN,Africa/MENA,EurAfrMENA,150,1.0,6714,0.21329375541749623,0.3879238087973615,0.3449039479606597
TN,Africa/MENA,EurAfrMENA,200,0.0,10286,0.3879238087973615,0.3879238087973615,0.0
TN,Africa/MENA,EurAfrMENA,200,0.2,10286,0.3382447403290982,0.3879238087973615,0.10834062814542468
TN,Africa/MENA,EurAfrMENA,200,0.4,10286,0.2886449516022472,0.3879238087973615,0.20482806297402725
TN,Africa/MENA,EurAfrMENA,200,0.6,10286,0.24443224993039414,0.3879238087973615,0.28595393985935574
TN,Africa/MENA,EurAfrMENA,200,0.8,10286,0.21237225231714796,0.3879238087973615,0.34667815404747676
TN,Africa/MENA,EurAfrMENA,200,1.0,10286,0.19668079641985303,0.3879238087973615,0.3771485236867115
TN,Africa/MENA,EurAfrMENA,300,0.0,17429,0.3879238087973615,0.3879238087973615,0.0
TN,Africa/MENA,EurAfrMENA,300,0.2,17429,0.3379431794288814,0.3879238087973615,0.10895640869623799
TN,Africa/MENA,EurAfrMENA,300,0.4,17429,0.28751265217941,0.3879238087973615,0.20693910542144292
TN,Africa/MENA,EurAfrMENA,300,0.6,17429,0.2418545015488918,0.3879238087973615,0.29068397084088443
TN,Africa/MENA,EurAfrMENA,300,0.8,17429,0.20832239729272956,0.3879238087973615,0.35449271124539933
TN,Africa/MENA,EurAfrMENA,300,1.0,17429,0.1915994156019188,0.3879238087973615,0.3871540107739587
TN,Africa/MENA,EurAfrMENA,500,0.0,31714,0.3879238087973615,0.3879238087973615,0.0
TN,Africa/MENA,EurAfrMENA,500,0.2,31714,0.337942560870882,0.3879238087973615,0.10895767142186684
TN,Africa/MENA,EurAfrMENA,500,0.4,31714,0.28749331083049534,0.3879238087973615,0.20697512831523152
TN,Africa/MENA,EurAfrMENA,500,0.6,31714,0.24181166880776403,0.3879238087973615,0.290762765132459
TN,Africa/MENA,EurAfrMENA,500,0.8,31714,0.20823803356376164,0.3879238087973615,0.3546561573373518
TN,Africa/MENA,EurAfrMENA,500,1.0,31714,0.19144201442624956,0.3879238087973615,0.38746510891355224
TR,Asia-Pacific,Asia,50,0.0,0,0.36044078224393794,0.36044078224393794,0.0
TR,Asia-Pacific,Asia,50,0.2,0,0.36044078224393794,0.36044078224393794,0.0
TR,Asia-Pacific,Asia,50,0.4,0,0.36044078224393794,0.36044078224393794,0.0
TR,Asia-Pacific,Asia,50,0.6,0,0.36044078224393794,0.36044078224393794,0.0
TR,Asia-Pacific,Asia,50,0.8,0,0.36044078224393794,0.36044078224393794,0.0
TR,Asia-Pacific,Asia,50,1.0,0,0.36044078224393794,0.36044078224393794,0.0
TR,Asia-Pacific,Asia,100,0.0,3143,0.36044078224393794,0.36044078224393794,0.0
TR,Asia-Pacific,Asia,100,0.2,3143,0.3188375850826156,0.36044078224393794,0.09220399592398126
TR,Asia-Pacific,Asia,100,0.4,3143,0.2847143807025586,0.36044078224393794,0.16168776871752913
TR,Asia-Pacific,Asia,100,0.6,3143,0.2586514708915479,0.36044078224393794,0.21177602355963057
TR,Asia-Pacific,Asia,100,0.8,3143,0.2401596385420883,0.36044078224393794,0.24599153803752272
TR,Asia-Pacific,Asia,100,1.0,3143,0.23000953052315512,0.36044078224393794,0.26437460278684
TR,Asia-Pacific,Asia,150,0.0,6714,0.36044078224393794,0.36044078224393794,0.0
TR,Asia-Pacific,Asia,150,0.2,6714,0.3170494752547048,0.36044078224393794,0.09632703379515302
TR,Asia-Pacific,Asia,150,0.4,6714,0.2809194492888707,0.36044078224393794,0.1696037968604376
TR,Asia-Pacific,Asia,150,0.6,6714,0.25320779015827144,0.36044078224393794,0.22250922547964425
TR,Asia-Pacific,Asia,150,0.8,6714,0.23354630341497104,0.36044078224393794,0.25848547938031596
TR,Asia-Pacific,Asia,150,1.0,6714,0.22280561185306685,0.36044078224393794,0.27771217831533457
TR,Asia-Pacific,Asia,200,0.0,10286,0.36044078224393794,0.36044078224393794,0.0
TR,Asia-Pacific,Asia,200,0.2,10286,0.3136436916066381,0.36044078224393794,0.10406731106015298
TR,Asia-Pacific,Asia,200,0.4,10286,0.2703881277914843,0.36044078224393794,0.19135565996802573
TR,Asia-Pacific,Asia,200,0.6,10286,0.23371610923286207,0.36044078224393794,0.2597961821564753
TR,Asia-Pacific,Asia,200,0.8,10286,0.20615792667381938,0.36044078224393794,0.3083854172396288
TR,Asia-Pacific,Asia,200,1.0,10286,0.19106634051196353,0.36044078224393794,0.33436139354950856
TR,Asia-Pacific,Asia,300,0.0,17429,0.36044078224393794,0.36044078224393794,0.0
TR,Asia-Pacific,Asia,300,0.2,17429,0.31325168483054416,0.36044078224393794,0.10493767860082222
TR,Asia-Pacific,Asia,300,0.4,17429,0.2684893625608993,0.36044078224393794,0.19524584635371786
TR,Asia-Pacific,Asia,300,0.6,17429,0.22837852701520936,0.36044078224393794,0.2697854092004863
TR,Asia-Pacific,Asia,300,0.8,17429,0.19591216283833743,0.36044078224393794,0.32651128426048315
TR,Asia-Pacific,Asia,300,1.0,17429,0.17623895538750264,0.36044078224393794,0.3598616285943379
TR,Asia-Pacific,Asia,500,0.0,31714,0.36044078224393794,0.36044078224393794,0.0
TR,Asia-Pacific,Asia,500,0.2,31714,0.31325168483054416,0.36044078224393794,0.10493767860082222
TR,Asia-Pacific,Asia,500,0.4,31714,0.2684893625608993,0.36044078224393794,0.19524584635371786
TR,Asia-Pacific,Asia,500,0.6,31714,0.22837852701520936,0.36044078224393794,0.2697854092004863
TR,Asia-Pacific,Asia,500,0.8,31714,0.19591216283833743,0.36044078224393794,0.32651128426048315
TR,Asia-Pacific,Asia,500,1.0,31714,0.17623895538750264,0.36044078224393794,0.3598616285943379
TW,Asia-Pacific,Asia,50,0.0,0,0.48576127845741646,0.48576127845741646,0.0
TW,Asia-Pacific,Asia,50,0.2,0,0.48576127845741646,0.48576127845741646,0.0
TW,Asia-Pacific,Asia,50,0.4,0,0.48576127845741646,0.48576127845741646,0.0
TW,Asia-Pacific,Asia,50,0.6,0,0.48576127845741646,0.48576127845741646,0.0
TW,Asia-Pacific,Asia,50,0.8,0,0.48576127845741646,0.48576127845741646,0.0
TW,Asia-Pacific,Asia,50,1.0,0,0.48576127845741646,0.48576127845741646,0.0
TW,Asia-Pacific,Asia,100,0.0,3143,0.48576127845741646,0.48576127845741646,0.0
TW,Asia-Pacific,Asia,100,0.2,3143,0.4750139658254284,0.48576127845741646,0.027439306445285187
TW,Asia-Pacific,Asia,100,0.4,3143,0.46872313563764295,0.48576127845741646,0.04287150574912323
TW,Asia-Pacific,Asia,100,0.6,3143,0.46571653180904427,0.48576127845741646,0.0501124333808447
TW,Asia-Pacific,Asia,100,0.8,3143,0.464699504025175,0.48576127845741646,0.052536127306370826
TW,Asia-Pacific,Asia,100,1.0,3143,0.4645455261423511,0.48576127845741646,0.05290611830170733
TW,Asia-Pacific,Asia,150,0.0,6714,0.48576127845741646,0.48576127845741646,0.0
TW,Asia-Pacific,Asia,150,0.2,6714,0.4587185315502432,0.48576127845741646,0.07172497026944655
TW,Asia-Pacific,Asia,150,0.4,6714,0.43638643097149543,0.48576127845741646,0.12486708257540731
TW,Asia-Pacific,Asia,150,0.6,6714,0.41909007292542433,0.48576127845741646,0.1627225046252029
TW,Asia-Pacific,Asia,150,0.8,6714,0.40664884372768084,0.48576127845741646,0.1881913720832744
TW,Asia-Pacific,Asia,150,1.0,6714,0.4003803779380153,0.48576127845741646,0.20033620117639728
TW,Asia-Pacific,Asia,200,0.0,10286,0.48576127845741646,0.48576127845741646,0.0
TW,Asia-Pacific,Asia,200,0.2,10286,0.4409582907152017,0.48576127845741646,0.11779943454779697
TW,Asia-Pacific,Asia,200,0.4,10286,0.3902418167721268,0.48576127845741646,0.22706459139224508
TW,Asia-Pacific,Asia,200,0.6,10286,0.3339131360960172,0.48576127845741646,0.325352621476652
TW,Asia-Pacific,Asia,200,0.8,10286,0.27460028508366147,0.48576127845741646,0.4101504203883005
TW,Asia-Pacific,Asia,200,1.0,10286,0.22866230066250162,0.48576127845741646,0.4662484658926473
TW,Asia-Pacific,Asia,300,0.0,17429,0.48576127845741646,0.48576127845741646,0.0
TW,Asia-Pacific,Asia,300,0.2,17429,0.4403750818917532,0.48576127845741646,0.11917854191673087
TW,Asia-Pacific,Asia,300,0.4,17429,0.3881377909158043,0.48576127845741646,0.2311704551760901
TW,Asia-Pacific,Asia,300,0.6,17429,0.32859967938102563,0.48576127845741646,0.33381234824527417
TW,Asia-Pacific,Asia,300,0.8,17429,0.26402128021357435,0.48576127845741646,0.4240431281692494
TW,Asia-Pacific,Asia,300,1.0,17429,0.21303470914296033,0.48576127845741646,0.4847016638449328
TW,Asia-Pacific,Asia,500,0.0,31714,0.48576127845741646,0.48576127845741646,0.0
TW,Asia-Pacific,Asia,500,0.2,31714,0.4403750818917532,0.48576127845741646,0.11917854191673087
TW,Asia-Pacific,Asia,500,0.4,31714,0.38813412525822844,0.48576127845741646,0.23117707196145895
TW,Asia-Pacific,Asia,500,0.6,31714,0.3285359547044776,0.48576127845741646,0.3339088218558099
TW,Asia-Pacific,Asia,500,0.8,31714,0.2636582489577318,0.48576127845741646,0.4245039615941066
TW,Asia-Pacific,Asia,500,1.0,31714,0.21211139007043886,0.48576127845741646,0.4857520700502751
UA,Europe,EurAfrMENA,50,0.0,0,0.5062043827750482,0.5062043827750482,0.0
UA,Europe,EurAfrMENA,50,0.2,0,0.5062043827750482,0.5062043827750482,0.0
UA,Europe,EurAfrMENA,50,0.4,0,0.5062043827750482,0.5062043827750482,0.0
UA,Europe,EurAfrMENA,50,0.6,0,0.5062043827750482,0.5062043827750482,0.0
UA,Europe,EurAfrMENA,50,0.8,0,0.5062043827750482,0.5062043827750482,0.0
UA,Europe,EurAfrMENA,50,1.0,0,0.5062043827750482,0.5062043827750482,0.0
UA,Europe,EurAfrMENA,100,0.0,3143,0.5062043827750482,0.5062043827750482,0.0
UA,Europe,EurAfrMENA,100,0.2,3143,0.46093395427898115,0.5062043827750482,0.10535735470164752
UA,Europe,EurAfrMENA,100,0.4,3143,0.4171193924386227,0.5062043827750482,0.19295661421238014
UA,Europe,EurAfrMENA,100,0.6,3143,0.37591115394296337,0.5062043827750482,0.2649114440942843
UA,Europe,EurAfrMENA,100,0.8,3143,0.3396044686762343,0.5062043827750482,0.32138535856566636
UA,Europe,EurAfrMENA,100,1.0,3143,0.31012254049583243,0.5062043827750482,0.36394406295503445
UA,Europe,EurAfrMENA,150,0.0,6714,0.5062043827750482,0.5062043827750482,0.0
UA,Europe,EurAfrMENA,150,0.2,6714,0.4593655558728711,0.5062043827750482,0.10871425005310133
UA,Europe,EurAfrMENA,150,0.4,6714,0.4135951981385414,0.5062043827750482,0.19948647368569628
UA,Europe,EurAfrMENA,150,0.6,6714,0.3703225134877994,0.5062043827750482,0.2739814844602117
UA,Europe,EurAfrMENA,150,0.8,6714,0.331985250599221,0.5062043827750482,0.3326910665562455
UA,Europe,EurAfrMENA,150,1.0,6714,0.3005413269752785,0.5062043827750482,0.37714690549258534
UA,Europe,EurAfrMENA,200,0.0,10286,0.5062043827750482,0.5062043827750482,0.0
UA,Europe,EurAfrMENA,200,0.2,10286,0.455701680319895,0.5062043827750482,0.11648894968511278
UA,Europe,EurAfrMENA,200,0.4,10286,0.40053307143347855,0.5062043827750482,0.22303014277680533
UA,Europe,EurAfrMENA,200,0.6,10286,0.3424453191145175,0.5062043827750482,0.31712929824896174
UA,Europe,EurAfrMENA,200,0.8,10286,0.286850212732092,0.5062043827750482,0.3956673774744404
UA,Europe,EurAfrMENA,200,1.0,10286,0.2385710126706592,0.5062043827750482,0.45764107061219417
UA,Europe,EurAfrMENA,300,0.0,17429,0.5062043827750482,0.5062043827750482,0.0
UA,Europe,EurAfrMENA,300,0.2,17429,0.45521937904057247,0.5062043827750482,0.11750470631964084
UA,Europe,EurAfrMENA,300,0.4,17429,0.39783459396550275,0.5062043827750482,0.22778062514151845
UA,Europe,EurAfrMENA,300,0.6,17429,0.3334121294804296,0.5062043827750482,0.3305889133919606
UA,Europe,EurAfrMENA,300,0.8,17429,0.2655327426841312,0.5062043827750482,0.42358559916264776
UA,Europe,EurAfrMENA,300,1.0,17429,0.19891239843718783,0.5062043827750482,0.5050297175533619
UA,Europe,EurAfrMENA,500,0.0,31714,0.5062043827750482,0.5062043827750482,0.0
UA,Europe,EurAfrMENA,500,0.2,31714,0.45521937904057247,0.5062043827750482,0.11750470631964084
UA,Europe,EurAfrMENA,500,0.4,31714,0.39783459396550275,0.5062043827750482,0.22778062514151845
UA,Europe,EurAfrMENA,500,0.6,31714,0.3334121294804296,0.5062043827750482,0.3305889133919606
UA,Europe,EurAfrMENA,500,0.8,31714,0.2655327426841312,0.5062043827750482,0.42358559916264776
UA,Europe,EurAfrMENA,500,1.0,31714,0.19891239843718783,0.5062043827750482,0.5050297175533619
UG,Africa/MENA,EurAfrMENA,50,0.0,0,0.5032862347139121,0.5032862347139121,0.0
UG,Africa/MENA,EurAfrMENA,50,0.2,0,0.5032862347139121,0.5032862347139121,0.0
UG,Africa/MENA,EurAfrMENA,50,0.4,0,0.5032862347139121,0.5032862347139121,0.0
UG,Africa/MENA,EurAfrMENA,50,0.6,0,0.5032862347139121,0.5032862347139121,0.0
UG,Africa/MENA,EurAfrMENA,50,0.8,0,0.5032862347139121,0.5032862347139121,0.0
UG,Africa/MENA,EurAfrMENA,50,1.0,0,0.5032862347139121,0.5032862347139121,0.0
UG,Africa/MENA,EurAfrMENA,100,0.0,3143,0.5032862347139121,0.5032862347139121,0.0
UG,Africa/MENA,EurAfrMENA,100,0.2,3143,0.49386178476115544,0.5032862347139121,0.02244088589328745
UG,Africa/MENA,EurAfrMENA,100,0.4,3143,0.48718832051464145,0.5032862347139121,0.03787253013277558
UG,Africa/MENA,EurAfrMENA,100,0.6,3143,0.4821790491847568,0.5032862347139121,0.04920945665636927
UG,Africa/MENA,EurAfrMENA,100,0.8,3143,0.4787727941698662,0.5032862347139121,0.05679038175603624
UG,Africa/MENA,EurAfrMENA,100,1.0,3143,0.47645230729080457,0.5032862347139121,0.06189792758789716
UG,Africa/MENA,EurAfrMENA,150,0.0,6714,0.5032862347139121,0.5032862347139121,0.0
UG,Africa/MENA,EurAfrMENA,150,0.2,6714,0.46535273312827335,0.5032862347139121,0.08568068005134082
UG,Africa/MENA,EurAfrMENA,150,0.4,6714,0.4324366694949618,0.5032862347139121,0.1512025855161093
UG,Africa/MENA,EurAfrMENA,150,0.6,6714,0.4037502353900039,0.5032862347139121,0.20308407827963715
UG,Africa/MENA,EurAfrMENA,150,0.8,6714,0.3785109187339476,0.5032862347139121,0.24512704972723434
UG,Africa/MENA,EurAfrMENA,150,1.0,6714,0.3576188159697907,0.5032862347139121,0.2775615498548923
UG,Africa/MENA,EurAfrMENA,200,0.0,10286,0.5032862347139121,0.5032862347139121,0.0
UG,Africa/MENA,EurAfrMENA,200,0.2,10286,0.4536047902515253,0.5032862347139121,0.10986006729599306
UG,Africa/MENA,EurAfrMENA,200,0.4,10286,0.4019025380074544,0.5032862347139121,0.2062732974989674
UG,Africa/MENA,EurAfrMENA,200,0.6,10286,0.34936611376062743,0.5032862347139121,0.28982147803957176
UG,Africa/MENA,EurAfrMENA,200,0.8,10286,0.297902958654325,0.5032862347139121,0.3610065799541459
UG,Africa/MENA,EurAfrMENA,200,1.0,10286,0.2521317230626661,0.5032862347139121,0.41847301464139475
UG,Africa/MENA,EurAfrMENA,300,0.0,17429,0.5032862347139121,0.5032862347139121,0.0
UG,Africa/MENA,EurAfrMENA,300,0.2,17429,0.4515832346023898,0.5032862347139121,0.11392595027971171
UG,Africa/MENA,EurAfrMENA,300,0.4,17429,0.393255270605849,0.5032862347139121,0.22095705500386725
UG,Africa/MENA,EurAfrMENA,300,0.6,17429,0.3267555638008696,0.5032862347139121,0.32216123011218
UG,Africa/MENA,EurAfrMENA,300,0.8,17429,0.2531415438372781,0.5032862347139121,0.41725666122549043
UG,Africa/MENA,EurAfrMENA,300,1.0,17429,0.17774507606814965,0.5032862347139121,0.5024096128153347
UG,Africa/MENA,EurAfrMENA,500,0.0,31714,0.5032862347139121,0.5032862347139121,0.0
UG,Africa/MENA,EurAfrMENA,500,0.2,31714,0.4515832346023898,0.5032862347139121,0.11392595027971171
UG,Africa/MENA,EurAfrMENA,500,0.4,31714,0.393255270605849,0.5032862347139121,0.22095705500386725
UG,Africa/MENA,EurAfrMENA,500,0.6,31714,0.3267555638008696,0.5032862347139121,0.32216123011218
UG,Africa/MENA,EurAfrMENA,500,0.8,31714,0.2531415438372781,0.5032862347139121,0.41725666122549043
UG,Africa/MENA,EurAfrMENA,500,1.0,31714,0.17774507606814965,0.5032862347139121,0.5024096128153347
US,North America,Americas,50,0.0,0,0.10569565511090308,0.10569565511090308,0.0
US,North America,Americas,50,0.2,0,0.10569565511090308,0.10569565511090308,0.0
US,North America,Americas,50,0.4,0,0.10569565511090308,0.10569565511090308,0.0
US,North America,Americas,50,0.6,0,0.10569565511090308,0.10569565511090308,0.0
US,North America,Americas,50,0.8,0,0.10569565511090308,0.10569565511090308,0.0
US,North America,Americas,50,1.0,0,0.10569565511090308,0.10569565511090308,0.0
US,North America,Americas,100,0.0,3143,0.10569565511090308,0.10569565511090308,0.0
US,North America,Americas,100,0.2,3143,0.08736881528674623,0.10569565511090308,0.043787135210151165
US,North America,Americas,100,0.4,3143,0.08386130952241463,0.10569565511090308,0.05267446130335079
US,North America,Americas,100,0.6,3143,0.08355060485572036,0.10569565511090308,0.05346452419429113
US,North America,Americas,100,0.8,3143,0.08354770609126874,0.10569565511090308,0.053471250983299475
US,North America,Americas,100,1.0,3143,0.08354770609126874,0.10569565511090308,0.053471250983299475
US,North America,Americas,150,0.0,6714,0.10569565511090308,0.10569565511090308,0.0
US,North America,Americas,150,0.2,6714,0.08736881528674623,0.10569565511090308,0.043787135210151165
US,North America,Americas,150,0.4,6714,0.08386130952241463,0.10569565511090308,0.05267446130335079
US,North America,Americas,150,0.6,6714,0.08355060485572036,0.10569565511090308,0.05346452419429113
US,North America,Americas,150,0.8,6714,0.08354770609126874,0.10569565511090308,0.053471250983299475
US,North America,Americas,150,1.0,6714,0.08354770609126874,0.10569565511090308,0.053471250983299475
US,North America,Americas,200,0.0,10286,0.10569565511090308,0.10569565511090308,0.0
US,North America,Americas,200,0.2,10286,0.07361264551476648,0.10569565511090308,0.07895851858267251
US,North America,Americas,200,0.4,10286,0.06497843159774519,0.10569565511090308,0.10253153872512646
US,North America,Americas,200,0.6,10286,0.06389053057034519,0.10569565511090308,0.1055979921876045
US,North America,Americas,200,0.8,10286,0.06386929705979426,0.10569565511090308,0.10565803999510716
US,North America,Americas,200,1.0,10286,0.06386929705979426,0.10569565511090308,0.10565803999510716
US,North America,Americas,300,0.0,17429,0.10569565511090308,0.10569565511090308,0.0
US,North America,Americas,300,0.2,17429,0.07360104010613774,0.10569565511090308,0.07898620332174959
US,North America,Americas,300,0.4,17429,0.06496410162150225,0.10569565511090308,0.1025691538409224
US,North America,Americas,300,0.6,17429,0.0638762855988883,0.10569565511090308,0.10563560730340042
US,North America,Americas,300,0.8,17429,0.06385506255062119,0.10569565511090308,0.10569565511090308
US,North America,Americas,300,1.0,17429,0.06385506255062119,0.10569565511090308,0.10569565511090308
US,North America,Americas,500,0.0,31714,0.10569565511090308,0.10569565511090308,0.0
US,North America,Americas,500,0.2,31714,0.07360104010613774,0.10569565511090308,0.07898620332174959
US,North America,Americas,500,0.4,31714,0.06496410162150225,0.10569565511090308,0.1025691538409224
US,North America,Americas,500,0.6,31714,0.0638762855988883,0.10569565511090308,0.10563560730340042
US,North America,Americas,500,0.8,31714,0.06385506255062119,0.10569565511090308,0.10569565511090308
US,North America,Americas,500,1.0,31714,0.06385506255062119,0.10569565511090308,0.10569565511090308
UY,Latin America,Americas,50,0.0,0,0.25895775742382754,0.25895775742382754,0.0
UY,Latin America,Americas,50,0.2,0,0.25895775742382754,0.25895775742382754,0.0
UY,Latin America,Americas,50,0.4,0,0.25895775742382754,0.25895775742382754,0.0
UY,Latin America,Americas,50,0.6,0,0.25895775742382754,0.25895775742382754,0.0
UY,Latin America,Americas,50,0.8,0,0.25895775742382754,0.25895775742382754,0.0
UY,Latin America,Americas,50,1.0,0,0.25895775742382754,0.25895775742382754,0.0
UY,Latin America,Americas,100,0.0,3143,0.25895775742382754,0.25895775742382754,0.0
UY,Latin America,Americas,100,0.2,3143,0.24172205703644453,0.25895775742382754,0.03836144458828595
UY,Latin America,Americas,100,0.4,3143,0.2337185247149426,0.25895775742382754,0.05637409835799267
UY,Latin America,Americas,100,0.6,3143,0.23078065218703744,0.25895775742382754,0.06302147664423474
UY,Latin America,Americas,100,0.8,3143,0.22997079761373748,0.25895775742382754,0.06485819710096655
UY,Latin America,Americas,100,1.0,3143,0.22987536915056322,0.25895775742382754,0.06507443322439622
UY,Latin America,Americas,150,0.0,6714,0.25895775742382754,0.25895775742382754,0.0
UY,Latin America,Americas,150,0.2,6714,0.24172205703644453,0.25895775742382754,0.03836144458828595
UY,Latin America,Americas,150,0.4,6714,0.2337185247149426,0.25895775742382754,0.05637409835799267
UY,Latin America,Americas,150,0.6,6714,0.23078065218703744,0.25895775742382754,0.06302147664423474
UY,Latin America,Americas,150,0.8,6714,0.22997079761373748,0.25895775742382754,0.06485819710096655
UY,Latin America,Americas,150,1.0,6714,0.22987536915056322,0.25895775742382754,0.06507443322439622
UY,Latin America,Americas,200,0.0,10286,0.25895775742382754,0.25895775742382754,0.0
UY,Latin America,Americas,200,0.2,10286,0.2187211007436621,0.25895775742382754,0.09192896550042542
UY,Latin America,Americas,200,0.4,10286,0.19161346032084967,0.25895775742382754,0.15231955972199301
UY,Latin America,Americas,200,0.6,10286,0.1766029319457784,0.25895775742382754,0.18575963185044167
UY,Latin America,Americas,200,0.8,10286,0.17052905315380432,0.25895775742382754,0.19923323623533723
UY,Latin America,Americas,200,1.0,10286,0.16941105488843822,0.25895775742382754,0.20170343347474579
UY,Latin America,Americas,300,0.0,17429,0.25895775742382754,0.25895775742382754,0.0
UY,Latin America,Americas,300,0.2,17429,0.21550727839715603,0.25895775742382754,0.09951413604928387
UY,Latin America,Americas,300,0.4,17429,0.18226965340400386,0.25895775742382754,0.17400950605658966
UY,Latin America,Americas,300,0.6,17429,0.15967285720894556,0.25895775742382754,0.22441487021565074
UY,Latin America,Americas,300,0.8,17429,0.14764076514122182,0.25895775742382754,0.25131180104940676
UY,Latin America,Americas,300,1.0,17429,0.14440152661665664,0.25895775742382754,0.25852566871617033
UY,Latin America,Americas,500,0.0,31714,0.25895775742382754,0.25895775742382754,0.0
UY,Latin America,Americas,500,0.2,31714,0.21550727839715603,0.25895775742382754,0.09951413604928387
UY,Latin America,Americas,500,0.4,31714,0.18226716582954963,0.25895775742382754,0.17401510161292594
UY,Latin America,Americas,500,0.6,31714,0.15965557722910606,0.25895775742382754,0.2244536154796281
UY,Latin America,Americas,500,0.8,31714,0.1475753167331774,0.25895775742382754,0.2514595323447134
UY,Latin America,Americas,500,1.0,31714,0.14430955899897596,0.25895775742382754,0.258733719489111
UZ,Asia-Pacific,Asia,50,0.0,0,0.5125874569335954,0.5125874569335954,0.0
UZ,Asia-Pacific,Asia,50,0.2,0,0.5125874569335954,0.5125874569335954,0.0
UZ,Asia-Pacific,Asia,50,0.4,0,0.5125874569335954,0.5125874569335954,0.0
UZ,Asia-Pacific,Asia,50,0.6,0,0.5125874569335954,0.5125874569335954,0.0
UZ,Asia-Pacific,Asia,50,0.8,0,0.5125874569335954,0.5125874569335954,0.0
UZ,Asia-Pacific,Asia,50,1.0,0,0.5125874569335954,0.5125874569335954,0.0
UZ,Asia-Pacific,Asia,100,0.0,3143,0.5125874569335954,0.5125874569335954,0.0
UZ,Asia-Pacific,Asia,100,0.2,3143,0.4935770134479621,0.5125874569335954,0.044483321605676585
UZ,Asia-Pacific,Asia,100,0.4,3143,0.47889427456100886,0.5125874569335954,0.07671202752255375
UZ,Asia-Pacific,Asia,100,0.6,3143,0.46850354316438264,0.5125874569335954,0.09845609332048277
UZ,Asia-Pacific,Asia,100,0.8,3143,0.4618020513478109,0.5125874569335954,0.11205808097091295
UZ,Asia-Pacific,Asia,100,1.0,3143,0.458104721243266,0.5125874569335954,0.11941619208314212
UZ,Asia-Pacific,Asia,150,0.0,6714,0.5125874569335954,0.5125874569335954,0.0
UZ,Asia-Pacific,Asia,150,0.2,6714,0.46345549015857895,0.5125874569335954,0.10873477061018307
UZ,Asia-Pacific,Asia,150,0.4,6714,0.411530309692461,0.5125874569335954,0.20486925055172595
UZ,Asia-Pacific,Asia,150,0.6,6714,0.35869515705594696,0.5125874569335954,0.2881973828110999
UZ,Asia-Pacific,Asia,150,0.8,6714,0.30545088248560165,0.5125874569335954,0.360149745619464
UZ,Asia-Pacific,Asia,150,1.0,6714,0.25600688404826927,0.5125874569335954,0.4195722283942287
UZ,Asia-Pacific,Asia,200,0.0,10286,0.5125874569335954,0.5125874569335954,0.0
UZ,Asia-Pacific,Asia,200,0.2,10286,0.4625212308257774,0.5125874569335954,0.1106150994749254
UZ,Asia-Pacific,Asia,200,0.4,10286,0.4082320320060795,0.5125874569335954,0.21046726825505005
UZ,Asia-Pacific,Asia,200,0.6,10286,0.3515366057626719,0.5125874569335954,0.29851460460025053
UZ,Asia-Pacific,Asia,200,0.8,10286,0.2926743398509645,0.5125874569335954,0.3759315569756572
UZ,Asia-Pacific,Asia,200,1.0,10286,0.23761883460162317,0.5125874569335954,0.4406200537568281
UZ,Asia-Pacific,Asia,300,0.0,17429,0.5125874569335954,0.5125874569335954,0.0
UZ,Asia-Pacific,Asia,300,0.2,17429,0.4605086439382563,0.5125874569335954,0.1146434299260161
UZ,Asia-Pacific,Asia,300,0.4,17429,0.40010205678872257,0.5125874569335954,0.224018577162451
UZ,Asia-Pacific,Asia,300,0.6,17429,0.33111229247035195,0.5125874569335954,0.3268615007035898
UZ,Asia-Pacific,Asia,300,0.8,17429,0.2523437814494024,0.5125874569335954,0.4238121062384202
UZ,Asia-Pacific,Asia,300,1.0,17429,0.17176538473596867,0.5125874569335954,0.5122142168199454
UZ,Asia-Pacific,Asia,500,0.0,31714,0.5125874569335954,0.5125874569335954,0.0
UZ,Asia-Pacific,Asia,500,0.2,31714,0.4605086439382563,0.5125874569335954,0.1146434299260161
UZ,Asia-Pacific,Asia,500,0.4,31714,0.40010205678872257,0.5125874569335954,0.224018577162451
UZ,Asia-Pacific,Asia,500,0.6,31714,0.33111229247035195,0.5125874569335954,0.3268615007035898
UZ,Asia-Pacific,Asia,500,0.8,31714,0.2523437814494024,0.5125874569335954,0.4238121062384202
UZ,Asia-Pacific,Asia,500,1.0,31714,0.17176538473596867,0.5125874569335954,0.5122142168199454
VN,Asia-Pacific,Asia,50,0.0,0,0.3327281731972955,0.3327281731972955,0.0
VN,Asia-Pacific,Asia,50,0.2,0,0.3327281731972955,0.3327281731972955,0.0
VN,Asia-Pacific,Asia,50,0.4,0,0.3327281731972955,0.3327281731972955,0.0
VN,Asia-Pacific,Asia,50,0.6,0,0.3327281731972955,0.3327281731972955,0.0
VN,Asia-Pacific,Asia,50,0.8,0,0.3327281731972955,0.3327281731972955,0.0
VN,Asia-Pacific,Asia,50,1.0,0,0.3327281731972955,0.3327281731972955,0.0
VN,Asia-Pacific,Asia,100,0.0,3143,0.3327281731972955,0.3327281731972955,0.0
VN,Asia-Pacific,Asia,100,0.2,3143,0.3205020010697344,0.3327281731972955,0.025279208267239877
VN,Asia-Pacific,Asia,100,0.4,3143,0.3150320035177376,0.3327281731972955,0.03663008608578054
VN,Asia-Pacific,Asia,100,0.6,3143,0.31317445067524885,0.3327281731972955,0.04053602573902097
VN,Asia-Pacific,Asia,100,0.8,3143,0.3128849948125935,0.3327281731972955,0.041162592592984666
VN,Asia-Pacific,Asia,100,1.0,3143,0.3128678878282803,0.3327281731972955,0.041200951794069504
VN,Asia-Pacific,Asia,150,0.0,6714,0.3327281731972955,0.3327281731972955,0.0
VN,Asia-Pacific,Asia,150,0.2,6714,0.302233970896982,0.3327281731972955,0.06896905858417443
VN,Asia-Pacific,Asia,150,0.4,6714,0.28055347625041627,0.3327281731972955,0.11556353786820865
VN,Asia-Pacific,Asia,150,0.6,6714,0.26619245634921956,0.3327281731972955,0.14529303948398523
VN,Asia-Pacific,Asia,150,0.8,6714,0.25825052045351465,0.3327281731972955,0.1613497720831248
VN,Asia-Pacific,Asia,150,1.0,6714,0.25564883436570957,0.3327281731972955,0.16651536567975786
VN,Asia-Pacific,Asia,200,0.0,10286,0.3327281731972955,0.3327281731972955,0.0
VN,Asia-Pacific,Asia,200,0.2,10286,0.28758605561562073,0.3327281731972955,0.10323238027277026
VN,Asia-Pacific,Asia,200,0.4,10286,0.24628490382079576,0.3327281731972955,0.18989448232825237
VN,Asia-Pacific,Asia,200,0.6,10286,0.21058844417129816,0.3327281731972955,0.25908544292950536
VN,Asia-Pacific,Asia,200,0.8,10286,0.184486306965298,0.3327281731972955,0.306589275649222
VN,Asia-Pacific,Asia,200,1.0,10286,0.1731926848716294,0.3327281731972955,0.3264403780106633
VN,Asia-Pacific,Asia,300,0.0,17429,0.3327281731972955,0.3327281731972955,0.0
VN,Asia-Pacific,Asia,300,0.2,17429,0.2872800880292571,0.3327281731972955,0.10397935393546
VN,Asia-Pacific,Asia,300,0.4,17429,0.24543014949574707,0.3327281731972955,0.19174990697790634
VN,Asia-Pacific,Asia,300,0.6,17429,0.208852190493739,0.3327281731972955,0.2624746069624659
VN,Asia-Pacific,Asia,300,0.8,17429,0.18173181120653298,0.3327281731972955,0.31165925499851155
VN,Asia-Pacific,Asia,300,1.0,17429,0.16973366124237807,0.3327281731972955,0.3327281731972955
VN,Asia-Pacific,Asia,500,0.0,31714,0.3327281731972955,0.3327281731972955,0.0
VN,Asia-Pacific,Asia,500,0.2,31714,0.2872800880292571,0.3327281731972955,0.10397935393546
VN,Asia-Pacific,Asia,500,0.4,31714,0.24543014949574707,0.3327281731972955,0.19174990697790634
VN,Asia-Pacific,Asia,500,0.6,31714,0.208852190493739,0.3327281731972955,0.2624746069624659
VN,Asia-Pacific,Asia,500,0.8,31714,0.18173181120653298,0.3327281731972955,0.31165925499851155
VN,Asia-Pacific,Asia,500,1.0,31714,0.16973366124237807,0.3327281731972955,0.3327281731972955
ZA,Africa/MENA,EurAfrMENA,50,0.0,0,0.23058902481229876,0.23058902481229876,0.0
ZA,Africa/MENA,EurAfrMENA,50,0.2,0,0.23058902481229876,0.23058902481229876,0.0
ZA,Africa/MENA,EurAfrMENA,50,0.4,0,0.23058902481229876,0.23058902481229876,0.0
ZA,Africa/MENA,EurAfrMENA,50,0.6,0,0.23058902481229876,0.23058902481229876,0.0
ZA,Africa/MENA,EurAfrMENA,50,0.8,0,0.23058902481229876,0.23058902481229876,0.0
ZA,Africa/MENA,EurAfrMENA,50,1.0,0,0.23058902481229876,0.23058902481229876,0.0
ZA,Africa/MENA,EurAfrMENA,100,0.0,3143,0.23058902481229876,0.23058902481229876,0.0
ZA,Africa/MENA,EurAfrMENA,100,0.2,3143,0.23058902481229876,0.23058902481229876,0.0
ZA,Africa/MENA,EurAfrMENA,100,0.4,3143,0.23058902481229876,0.23058902481229876,0.0
ZA,Africa/MENA,EurAfrMENA,100,0.6,3143,0.23058902481229876,0.23058902481229876,0.0
ZA,Africa/MENA,EurAfrMENA,100,0.8,3143,0.23058902481229876,0.23058902481229876,0.0
ZA,Africa/MENA,EurAfrMENA,100,1.0,3143,0.23058902481229876,0.23058902481229876,0.0
ZA,Africa/MENA,EurAfrMENA,150,0.0,6714,0.23058902481229876,0.23058902481229876,0.0
ZA,Africa/MENA,EurAfrMENA,150,0.2,6714,0.219116756861238,0.23058902481229876,0.024696562378410114
ZA,Africa/MENA,EurAfrMENA,150,0.4,6714,0.21447895061571556,0.23058902481229876,0.035037330677790676
ZA,Africa/MENA,EurAfrMENA,150,0.6,6714,0.21261074261161347,0.23058902481229876,0.03926161081954151
ZA,Africa/MENA,EurAfrMENA,150,0.8,6714,0.21195307827874194,0.23058902481229876,0.04073221751801245
ZA,Africa/MENA,EurAfrMENA,150,1.0,6714,0.21180574485096362,0.23058902481229876,0.041056429359029194
ZA,Africa/MENA,EurAfrMENA,200,0.0,10286,0.23058902481229876,0.23058902481229876,0.0
ZA,Africa/MENA,EurAfrMENA,200,0.2,10286,0.18863674126973176,0.23058902481229876,0.09296664105480729
ZA,Africa/MENA,EurAfrMENA,200,0.4,10286,0.16017603691458243,0.23058902481229876,0.15530906362468386
ZA,Africa/MENA,EurAfrMENA,200,0.6,10286,0.14334696865434277,0.23058902481229876,0.1923367415216575
ZA,Africa/MENA,EurAfrMENA,200,0.8,10286,0.13505309053562295,0.23058902481229876,0.21057708691454194
ZA,Africa/MENA,EurAfrMENA,200,1.0,10286,0.13271838657521465,0.23058902481229876,0.21569709889633584
ZA,Africa/MENA,EurAfrMENA,300,0.0,17429,0.23058902481229876,0.23058902481229876,0.0
ZA,Africa/MENA,EurAfrMENA,300,0.2,17429,0.18790538671841886,0.23058902481229876,0.09465371354855845
ZA,Africa/MENA,EurAfrMENA,300,0.4,17429,0.15780143864698196,0.23058902481229876,0.16066295162888522
ZA,Africa/MENA,EurAfrMENA,300,0.6,17429,0.1387986341473681,0.23058902481229876,0.2024974389454465
ZA,Africa/MENA,EurAfrMENA,300,0.8,17429,0.12903760922972457,0.23058902481229876,0.22411485266187706
ZA,Africa/MENA,EurAfrMENA,300,1.0,17429,0.12624410093611163,0.23058902481229876,0.2302960880386269
ZA,Africa/MENA,EurAfrMENA,500,0.0,31714,0.23058902481229876,0.23058902481229876,0.0
ZA,Africa/MENA,EurAfrMENA,500,0.2,31714,0.18790538671841886,0.23058902481229876,0.09465371354855845
ZA,Africa/MENA,EurAfrMENA,500,0.4,31714,0.15780143864698196,0.23058902481229876,0.16066295162888522
ZA,Africa/MENA,EurAfrMENA,500,0.6,31714,0.1387986341473681,0.23058902481229876,0.2024974389454465
ZA,Africa/MENA,EurAfrMENA,500,0.8,31714,0.12903760922972457,0.23058902481229876,0.22411485266187706
ZA,Africa/MENA,EurAfrMENA,500,1.0,31714,0.12624410093611163,0.23058902481229876,0.2302960880386269
ZM,Africa/MENA,EurAfrMENA,50,0.0,0,0.49072185257795514,0.49072185257795514,0.0
ZM,Africa/MENA,EurAfrMENA,50,0.2,0,0.49072185257795514,0.49072185257795514,0.0
ZM,Africa/MENA,EurAfrMENA,50,0.4,0,0.49072185257795514,0.49072185257795514,0.0
ZM,Africa/MENA,EurAfrMENA,50,0.6,0,0.49072185257795514,0.49072185257795514,0.0
ZM,Africa/MENA,EurAfrMENA,50,0.8,0,0.49072185257795514,0.49072185257795514,0.0
ZM,Africa/MENA,EurAfrMENA,50,1.0,0,0.49072185257795514,0.49072185257795514,0.0
ZM,Africa/MENA,EurAfrMENA,100,0.0,3143,0.49072185257795514,0.49072185257795514,0.0
ZM,Africa/MENA,EurAfrMENA,100,0.2,3143,0.48622842172597786,0.49072185257795514,0.010375960993056337
ZM,Africa/MENA,EurAfrMENA,100,0.4,3143,0.48380889031011354,0.49072185257795514,0.01588910954879099
ZM,Africa/MENA,EurAfrMENA,100,0.6,3143,0.48260332631802694,0.49072185257795514,0.018617092922526817
ZM,Africa/MENA,EurAfrMENA,100,0.8,3143,0.4819064153153002,0.49072185257795514,0.020188184018543713
ZM,Africa/MENA,EurAfrMENA,100,1.0,3143,0.4814479995379477,0.49072185257795514,0.021219328745668172
ZM,Africa/MENA,EurAfrMENA,150,0.0,6714,0.49072185257795514,0.49072185257795514,0.0
ZM,Africa/MENA,EurAfrMENA,150,0.2,6714,0.4650527538746644,0.49072185257795514,0.05697818151630718
ZM,Africa/MENA,EurAfrMENA,150,0.4,6714,0.44367531560789025,0.49072185257795514,0.10056737803320692
ZM,Africa/MENA,EurAfrMENA,150,0.6,6714,0.426427711104349,0.49072185257795514,0.13357679000780245
ZM,Africa/MENA,EurAfrMENA,150,0.8,6714,0.4118897588239303,0.49072185257795514,0.16004549393650752
ZM,Africa/MENA,EurAfrMENA,150,1.0,6714,0.40042547969373404,0.49072185257795514,0.18015420371743246
ZM,Africa/MENA,EurAfrMENA,200,0.0,10286,0.49072185257795514,0.49072185257795514,0.0
ZM,Africa/MENA,EurAfrMENA,200,0.2,10286,0.4387882322618934,0.49072185257795514,0.11010769709316537
ZM,Africa/MENA,EurAfrMENA,200,0.4,10286,0.38101969589596174,0.49072185257795514,0.21256762651121924
ZM,Africa/MENA,EurAfrMENA,200,0.6,10286,0.3183186343095437,0.49072185257795514,0.3064563913988094
ZM,Africa/MENA,EurAfrMENA,200,0.8,10286,0.25265624881860127,0.49072185257795514,0.39151026880471507
ZM,Africa/MENA,EurAfrMENA,200,1.0,10286,0.1895387762118136,0.49072185257795514,0.4639910711803045
ZM,Africa/MENA,EurAfrMENA,300,0.0,17429,0.49072185257795514,0.49072185257795514,0.0
ZM,Africa/MENA,EurAfrMENA,300,0.2,17429,0.43844057141528336,0.49072185257795514,0.11077988547627195
ZM,Africa/MENA,EurAfrMENA,300,0.4,17429,0.3791540449390901,0.49072185257795514,0.21558607379591763
ZM,Africa/MENA,EurAfrMENA,300,0.6,17429,0.3127234228850057,0.49072185257795514,0.3141804072401897
ZM,Africa/MENA,EurAfrMENA,300,0.8,17429,0.23981236541144507,0.49072185257795514,0.40692470468686986
ZM,Africa/MENA,EurAfrMENA,300,1.0,17429,0.16516620171564886,0.49072185257795514,0.4901475366839928
ZM,Africa/MENA,EurAfrMENA,500,0.0,31714,0.49072185257795514,0.49072185257795514,0.0
ZM,Africa/MENA,EurAfrMENA,500,0.2,31714,0.43844057141528336,0.49072185257795514,0.11077988547627195
ZM,Africa/MENA,EurAfrMENA,500,0.4,31714,0.3791540449390901,0.49072185257795514,0.21558607379591763
ZM,Africa/MENA,EurAfrMENA,500,0.6,31714,0.3127234228850057,0.49072185257795514,0.3141804072401897
ZM,Africa/MENA,EurAfrMENA,500,0.8,31714,0.23981236541144507,0.49072185257795514,0.40692470468686986
ZM,Africa/MENA,EurAfrMENA,500,1.0,31714,0.16516620171564886,0.49072185257795514,0.4901475366839928
