country,power_scope,workload_scenario,scenario,uncovered_share,n_supply_basis,n_active_basis,migrated_share,top1_label,top1_weight,region,top2_label,top2_weight,top3_label,top3_weight
AE,L0,W0,L0_W0,0.5016482664353474,1,1,0.0,AE:PV,0.9999999999999999,Asia-Pacific,,,,
AE,L0,W1,L0_W1,0.4763009736481514,1,1,0.05673637628263784,AE:PV,1.0,Asia-Pacific,,,,
AE,L0,W2,L0_W2,0.41961424497510114,1,1,0.16605737368834841,AE:PV,1.0,Asia-Pacific,,,,
AE,L0,W3,L0_W3,0.3187531001209496,1,1,0.31891308653654116,AE:PV,0.9999999999999999,Asia-Pacific,,,,
AE,L1,W0,L1_W0,0.24164650533024498,9,3,0.0,PK:WIND,0.43579454773712667,Asia-Pacific,OM:PV,0.3832975066204961,IR:WIND,0.18090794564238125
AE,L1,W1,L1_W1,0.2188065574863672,9,3,0.05402474821004637,PK:WIND,0.4321741526310546,Asia-Pacific,OM:PV,0.38750233604420276,IR:WIND,0.18032351132474667
AE,L1,W2,L1_W2,0.18259105084649388,9,3,0.1382950182321539,PK:WIND,0.41579771148837336,Asia-Pacific,OM:PV,0.4039795005423939,IR:WIND,0.18022278796923658
AE,L1,W3,L1_W3,0.150270720433797,9,3,0.21249311309380758,OM:PV,0.42333949842260676,Asia-Pacific,PK:WIND,0.3918628177423105,IR:WIND,0.18479768383508666
AE,L2,W0,L2_W0,0.17093065721788497,52,11,0.0,ET:WIND,0.28792791535410583,Asia-Pacific,EG:WIND,0.12647378239458298,EG:PV,0.12180674487470221
AE,L2,W1,L2_W1,0.14992216325730665,52,11,0.05603676839653844,ET:WIND,0.2874232551170361,Asia-Pacific,EG:PV,0.12693685169040136,EG:WIND,0.12252735974819028
AE,L2,W2,L2_W2,0.12277002877957004,52,11,0.1307908402807526,ET:WIND,0.28941759872062284,Asia-Pacific,EG:PV,0.14015721313916862,EG:WIND,0.11351127949835692
AE,L2,W3,L2_W3,0.1095030403460572,52,12,0.16821892749151626,ET:WIND,0.2979008141620421,Asia-Pacific,EG:PV,0.14733515322186877,EG:WIND,0.10554043810801499
AE,L3,W0,L3_W0,0.06527464984884641,461,100,0.0,OM:PV,0.04950867953304494,Asia-Pacific,MU:PV,0.04510341148570552,CV:PV,0.043101645596411685
AE,L3,W1,L3_W1,0.051316345457819046,461,100,0.04616061875632901,CL:PV,0.0488170433569585,Asia-Pacific,MU:PV,0.04805432080947388,OM:PV,0.039238559929796434
AE,L3,W2,L3_W2,0.046245365322830724,461,90,0.06497800003216407,CL:PV,0.05779592235899334,Asia-Pacific,MU:PV,0.05266868595034089,CV:PV,0.046390046023308484
AE,L3,W3,L3_W3,0.046138222223676,461,90,0.06527464984884641,CL:PV,0.05790537358458289,Asia-Pacific,MU:PV,0.052754362482848524,CV:PV,0.046044660518093763
AF,L0,W0,L0_W0,0.49749529089856886,1,1,0.0,AF:PV,1.0000000000000002,Asia-Pacific,,,,
AF,L0,W1,L0_W1,0.4721435205244601,1,1,0.05582551720622179,AF:PV,0.9999999999999999,Asia-Pacific,,,,
AF,L0,W2,L0_W2,0.41597590994161204,1,1,0.16271891677599665,AF:PV,0.9999999999999999,Asia-Pacific,,,,
AF,L0,W3,L0_W3,0.31520990091766865,1,1,0.3148198577890291,AF:PV,1.0,Asia-Pacific,,,,
AF,L1,W0,L1_W0,0.23648265430691734,8,5,0.0,PK:WIND,0.41486841246128925,Asia-Pacific,IR:WIND,0.2360786501346685,AE:PV,0.20495902781552403
AF,L1,W1,L1_W1,0.214038696259908,8,5,0.055710247300363815,PK:WIND,0.41258274471188056,Asia-Pacific,IR:WIND,0.23347390415832908,AE:PV,0.21076746749658473
AF,L1,W2,L1_W2,0.17870697406047178,8,5,0.14221294380168722,PK:WIND,0.40154402915068677,Asia-Pacific,IR:WIND,0.2302572863200271,AE:PV,0.22525598799935057
AF,L1,W3,L1_W3,0.1501633313286298,8,5,0.21255359401072407,PK:WIND,0.3804134192752868,Asia-Pacific,IR:WIND,0.23323274492453486,AE:PV,0.23014435170083494
AF,L2,W0,L2_W0,0.1891028897243162,49,14,0.0,IN:WIND,0.18295071644776623,Asia-Pacific,IN:WIND,0.13060523503784527,PK:WIND,0.1293588527016746
AF,L2,W1,L2_W1,0.16744765095014516,49,14,0.05585120980792399,IN:WIND,0.18025046244440088,Asia-Pacific,IN:WIND,0.1335088408255891,PK:WIND,0.12788269761991392
AF,L2,W2,L2_W2,0.13723547817860315,49,15,0.1361047382432005,IN:WIND,0.1749212549587205,Asia-Pacific,IN:WIND,0.13505343636989534,PK:WIND,0.123614824898047
AF,L2,W3,L2_W3,0.12014068792253867,49,15,0.18345100827455682,IN:WIND,0.17180818963344768,Asia-Pacific,IN:WIND,0.1330741888665075,PK:WIND,0.1170006383813287
AF,L3,W0,L3_W0,0.10723982310256877,461,81,0.0,CV:PV,0.10979520775526992,Asia-Pacific,IN:PV,0.055874129287398766,JM:WIND,0.03654014889186418
AF,L3,W1,L3_W1,0.08970019668594137,461,79,0.0551181350097857,CV:PV,0.111357016455811,Asia-Pacific,IN:PV,0.059847655769267656,JM:WIND,0.0382378497674579
AF,L3,W2,L3_W2,0.07621406090674117,461,69,0.10317415834114038,CV:PV,0.1210830014247172,Asia-Pacific,IN:PV,0.0683685969065043,JM:WIND,0.04233562520454908
AF,L3,W3,L3_W3,0.0749672628560065,461,67,0.10709875927027189,CV:PV,0.1250789550504885,Asia-Pacific,IN:PV,0.06750036456086851,JM:WIND,0.04317736280166337
AR,L0,W0,L0_W0,0.26474359559921723,2,2,0.0,AR:WIND,0.584393010540109,Latin America,AR:PV,0.41560698945989,,
AR,L0,W1,L0_W1,0.24116298003698344,2,2,0.05147020079855383,AR:WIND,0.5776407704992639,Latin America,AR:PV,0.42235922950073534,,
AR,L0,W2,L0_W2,0.20193720004063867,2,2,0.13380063711597381,AR:WIND,0.5618704619637369,Latin America,AR:PV,0.43812953803626237,,
AR,L0,W3,L0_W3,0.16084818813225787,2,2,0.2170785621897537,AR:WIND,0.5449873720465499,Latin America,AR:PV,0.45501262795344966,,
AR,L1,W0,L1_W0,0.18573995637627927,17,11,0.0,PE:WIND,0.3030076307025575,Latin America,AR:WIND,0.14311045900326438,UY:WIND,0.12538810898390967
AR,L1,W1,L1_W1,0.163647642734314,17,11,0.05494456428479822,PE:WIND,0.3010073718995062,Latin America,AR:WIND,0.14237137748469986,UY:WIND,0.12396300105303974
AR,L1,W2,L1_W2,0.1327478116667834,17,11,0.1333088753721576,PE:WIND,0.293581258043068,Latin America,AR:WIND,0.1420453418845769,UY:WIND,0.11899281011881471
AR,L1,W3,L1_W3,0.11442353134642128,17,11,0.18051762038085267,PE:WIND,0.2816683050539812,Latin America,AR:WIND,0.14209440943061133,CL:WIND,0.12393067265370526
AR,L2,W0,L2_W0,0.18573995637627927,17,11,0.0,PE:WIND,0.3030076307025575,Latin America,AR:WIND,0.14311045900326438,UY:WIND,0.12538810898390967
AR,L2,W1,L2_W1,0.163647642734314,17,11,0.05494456428479822,PE:WIND,0.3010073718995062,Latin America,AR:WIND,0.14237137748469986,UY:WIND,0.12396300105303974
AR,L2,W2,L2_W2,0.1327478116667834,17,11,0.1333088753721576,PE:WIND,0.293581258043068,Latin America,AR:WIND,0.1420453418845769,UY:WIND,0.11899281011881471
AR,L2,W3,L2_W3,0.11442353134642128,17,11,0.18051762038085267,PE:WIND,0.2816683050539812,Latin America,AR:WIND,0.14209440943061133,CL:WIND,0.12393067265370526
AR,L3,W0,L3_W0,0.06945074818539923,461,72,0.0,US:PV,0.17476719524398096,Latin America,CV:PV,0.06715535819909596,SN:PV,0.058677489466673095
AR,L3,W1,L3_W1,0.05191630803583897,461,74,0.044760480248555265,US:PV,0.17872200827749737,Latin America,CV:PV,0.06682195706839486,SN:PV,0.05828155799347703
AR,L3,W2,L3_W2,0.043132291970389536,461,70,0.06859767246462066,US:PV,0.19229601820378278,Latin America,CV:PV,0.07115885319981818,SN:PV,0.05954980684668634
AR,L3,W3,L3_W3,0.042809947947286875,461,71,0.06943036154171672,US:PV,0.19378294955619274,Latin America,CV:PV,0.07070776626642594,SN:PV,0.06133672198177736
AT,L0,W0,L0_W0,0.44505568214972385,1,1,0.0,AT:WIND,1.0000000000000002,Europe,,,,
AT,L0,W1,L0_W1,0.4218890815826926,1,1,0.06360470346160277,AT:WIND,1.0,Europe,,,,
AT,L0,W2,L0_W2,0.3734758749526393,1,1,0.18106563626038644,AT:WIND,1.0000000000000002,Europe,,,,
AT,L0,W3,L0_W3,0.3008820242886868,1,1,0.3283851235634296,AT:WIND,1.0000000000000002,Europe,,,,
AT,L1,W0,L1_W0,0.17695702438934535,77,31,0.0,GB:WIND,0.11401073467508244,Europe,GB:WIND,0.08358755424961921,EE:WIND,0.06728623915089989
AT,L1,W1,L1_W1,0.1570519572630532,77,32,0.05992717852542368,GB:WIND,0.11312584466821292,Europe,GB:WIND,0.0804423589887175,EE:WIND,0.0673526369005705
AT,L1,W2,L1_W2,0.1309856692609161,77,29,0.14117524385197136,GB:WIND,0.10988340416875894,Europe,GB:WIND,0.07236898352600132,EE:WIND,0.06678274846505339
AT,L1,W3,L1_W3,0.1199979579317432,77,31,0.17580154487161223,GB:WIND,0.11223797762695502,Europe,GB:WIND,0.07055506231087191,FR:WIND,0.06760924989912034
AT,L2,W0,L2_W0,0.16409297680013266,113,36,0.0,MA:PV,0.14367465621829217,Europe,GB:WIND,0.07846382756437699,GB:WIND,0.07390542353220594
AT,L2,W1,L2_W1,0.14361902143564304,113,36,0.05819965673683542,MA:PV,0.1541664327784075,Europe,GB:WIND,0.0775137956517834,GB:WIND,0.0721557387742833
AT,L2,W2,L2_W2,0.11728528379861972,113,37,0.134036219722618,MA:PV,0.170484316329366,Europe,EG:PV,0.09209421390053504,GB:WIND,0.07392569479561574
AT,L2,W3,L2_W3,0.1067180941625074,113,37,0.16378766911030151,MA:PV,0.1783908978934899,Europe,EG:PV,0.1134657627901396,GB:WIND,0.07490344830698102
AT,L3,W0,L3_W0,0.0709757449413333,461,83,0.0,OM:PV,0.09926624720446517,Europe,EG:PV,0.08789949762860659,CL:PV,0.08387931123512446
AT,L3,W1,L3_W1,0.05649636865741211,461,77,0.04921744737090017,OM:PV,0.10912273125129807,Europe,CL:PV,0.0844325844960906,EG:PV,0.07637958797469273
AT,L3,W2,L3_W2,0.05093328608570837,461,68,0.07055304067069149,OM:PV,0.12151927909139558,Europe,CL:PV,0.08783030410236042,CL:PV,0.08185153585215726
AT,L3,W3,L3_W3,0.050796923267792386,461,68,0.0709757449413333,OM:PV,0.12337214435371158,Europe,CL:PV,0.08770226583124598,CL:PV,0.08182695099035328
AU,L0,W0,L0_W0,0.21540460530012537,12,9,0.0,AU:WIND,0.30416465422211236,Asia-Pacific,AU:WIND,0.16689151082478615,AU:WIND,0.1458660569719394
AU,L0,W1,L0_W1,0.1928486592039883,12,9,0.05180908703444161,AU:WIND,0.30220538571224015,Asia-Pacific,AU:WIND,0.16361682348874387,AU:PV,0.14886431913534795
AU,L0,W2,L0_W2,0.15791571927721174,12,9,0.1311168458288561,AU:WIND,0.29925200730281876,Asia-Pacific,AU:WIND,0.15521610571949307,AU:PV,0.1520704749717347
AU,L0,W3,L0_W3,0.1291329624360212,12,9,0.19660654398984442,AU:WIND,0.3039518744111348,Asia-Pacific,AU:PV,0.14927951971621392,AU:WIND,0.1422863509121481
AU,L1,W0,L1_W0,0.21540460530012537,12,9,0.0,AU:WIND,0.30416465422211236,Asia-Pacific,AU:WIND,0.16689151082478615,AU:WIND,0.1458660569719394
AU,L1,W1,L1_W1,0.1928486592039883,12,9,0.05180908703444161,AU:WIND,0.30220538571224015,Asia-Pacific,AU:WIND,0.16361682348874387,AU:PV,0.14886431913534795
AU,L1,W2,L1_W2,0.15791571927721174,12,9,0.1311168458288561,AU:WIND,0.29925200730281876,Asia-Pacific,AU:WIND,0.15521610571949307,AU:PV,0.1520704749717347
AU,L1,W3,L1_W3,0.1291329624360212,12,9,0.19660654398984442,AU:WIND,0.3039518744111348,Asia-Pacific,AU:PV,0.14927951971621392,AU:WIND,0.1422863509121481
AU,L2,W0,L2_W0,0.19997102059617125,13,10,0.0,AU:WIND,0.23593950731035748,Asia-Pacific,NZ:WIND,0.20479640971625884,AU:PV,0.16359320138525243
AU,L2,W1,L2_W1,0.1775372954916347,13,10,0.052141471540351696,AU:WIND,0.23354380367237357,Asia-Pacific,NZ:WIND,0.20293092428619797,AU:PV,0.1675388333105656
AU,L2,W2,L2_W2,0.14432054398299357,13,10,0.12968195954671222,AU:WIND,0.22961494082674702,Asia-Pacific,NZ:WIND,0.19844749616492627,AU:PV,0.17337736963876882
AU,L2,W3,L2_W3,0.12008808679711042,13,9,0.1872372111654839,AU:WIND,0.230449493689242,Asia-Pacific,NZ:WIND,0.1939649452548217,AU:PV,0.17078458448821934
AU,L3,W0,L3_W0,0.08057515849340274,461,67,0.0,US:PV,0.11647924895207197,Asia-Pacific,OM:PV,0.0958528365732001,AU:PV,0.09202101990464844
AU,L3,W1,L3_W1,0.0638515727971654,461,68,0.04955842106553981,US:PV,0.11454949602462736,Asia-Pacific,AU:PV,0.09367305407190785,OM:PV,0.09076226328242205
AU,L3,W2,L3_W2,0.05450974132768984,461,62,0.07928526290544738,US:PV,0.11005863314641193,Asia-Pacific,OM:PV,0.10644373627322688,AU:PV,0.10530109396902648
AU,L3,W3,L3_W3,0.054058301833187015,461,61,0.08057515849340274,US:PV,0.11073317906925263,Asia-Pacific,OM:PV,0.1086591662300729,AU:PV,0.10618027689311453
BD,L0,W0,L0_W0,0.5850918337033317,1,1,0.0,BD:PV,0.9999999999999998,Asia-Pacific,,,,
BD,L0,W1,L0_W1,0.5611942801410686,1,1,0.06372667962354372,BD:PV,1.0,Asia-Pacific,,,,
BD,L0,W2,L0_W2,0.5060944079922794,1,1,0.18810289771313216,BD:PV,0.9999999999999998,Asia-Pacific,,,,
BD,L0,W3,L0_W3,0.39818666905194944,1,1,0.367097938281578,BD:PV,1.0,Asia-Pacific,,,,
BD,L1,W0,L1_W0,0.35322510511749516,7,3,0.0,TH:WIND,0.5902554706867784,Asia-Pacific,NP:PV,0.3737724743291653,BD:PV,0.035972054984053765
BD,L1,W1,L1_W1,0.32999979928347106,7,3,0.05589376883294647,TH:WIND,0.5804142956009389,Asia-Pacific,NP:PV,0.38624230779670915,BD:PV,0.033343396602349376
BD,L1,W2,L1_W2,0.2851188221495795,7,3,0.15512637267010862,TH:WIND,0.5604688392714486,Asia-Pacific,NP:PV,0.4086595111076418,BD:PV,0.03087164962090705
BD,L1,W3,L1_W3,0.22659165235210857,7,3,0.27056552472899836,TH:WIND,0.5388190080807844,Asia-Pacific,NP:PV,0.43041719475182305,BD:PV,0.030763797167390493
BD,L2,W0,L2_W0,0.15605587840531293,122,34,0.0,IN:WIND,0.10367967468075842,Asia-Pacific,CN:WIND,0.09002467962124014,IN:WIND,0.08926860130319358
BD,L2,W1,L2_W1,0.1349831028855743,122,34,0.05512485729009482,IN:WIND,0.1024460327509265,Asia-Pacific,IN:WIND,0.09107044257092593,CN:WIND,0.08993490292812552
BD,L2,W2,L2_W2,0.10749383661036806,122,35,0.12763818465915622,IN:WIND,0.10510930026214098,Asia-Pacific,IN:WIND,0.09401847595246172,CN:WIND,0.08644122064301657
BD,L2,W3,L2_W3,0.0971433370870212,122,36,0.15569800300037845,IN:WIND,0.10870361698021624,Asia-Pacific,IN:WIND,0.09864408270812358,CN:WIND,0.0836445275880106
BD,L3,W0,L3_W0,0.07715795738226439,461,94,0.0,CV:PV,0.1113504688156238,Asia-Pacific,CL:PV,0.0378756359267958,CN:PV,0.03423630120840475
BD,L3,W1,L3_W1,0.06177008077552199,461,88,0.052580184057229855,CV:PV,0.11725831412551896,Asia-Pacific,IN:PV,0.03761040246016181,CN:PV,0.037375288862160405
BD,L3,W2,L3_W2,0.05509902254806947,461,92,0.0766168971071237,CV:PV,0.14098860019726064,Asia-Pacific,IN:PV,0.04402804436064102,CN:PV,0.04291666704201244
BD,L3,W3,L3_W3,0.054924613841240956,461,91,0.07715795738226439,CV:PV,0.14114605751323112,Asia-Pacific,IN:PV,0.04384421536830011,CN:PV,0.04346489640675825
BE,L0,W0,L0_W0,0.23921350849321033,2,2,0.0,BE:WIND,0.722176688980177,Europe,BE:PV,0.2778233110198216,,
BE,L0,W1,L0_W1,0.2171507322266616,2,2,0.056415762870502796,BE:WIND,0.7155772141972468,Europe,BE:PV,0.28442278580275165,,
BE,L0,W2,L0_W2,0.1855597187120775,2,2,0.13881978997874186,BE:WIND,0.7097278687576969,Europe,BE:PV,0.29027213124230167,,
BE,L0,W3,L0_W3,0.15951358665362012,2,2,0.2072306484860856,BE:WIND,0.7113397209451298,Europe,BE:PV,0.28866027905486863,,
BE,L1,W0,L1_W0,0.17377411468139625,82,37,0.0,GB:WIND,0.10068935614196015,Europe,GB:WIND,0.08780272301017396,IT:PV,0.06515222906106553
BE,L1,W1,L1_W1,0.15385561476309295,82,39,0.05908664357384741,GB:WIND,0.09921910672791982,Europe,GB:WIND,0.08670961404255621,IT:PV,0.06630278700859442
BE,L1,W2,L1_W2,0.12791536044007204,82,40,0.13797344563624472,GB:WIND,0.09672266079554714,Europe,GB:WIND,0.08248150004041248,ES:PV,0.0813286556592235
BE,L1,W3,L1_W3,0.11656238384786372,82,39,0.1727393062792711,GB:WIND,0.09748429084455153,Europe,IT:PV,0.08458291053919223,GB:WIND,0.08409385486835856
BE,L2,W0,L2_W0,0.16689533273093202,103,36,0.0,MA:PV,0.16127175113298342,Europe,GB:WIND,0.0802675171707811,TR:PV,0.07888847090654182
BE,L2,W1,L2_W1,0.14657957119815646,103,34,0.05831366952233228,MA:PV,0.17339785334151886,Europe,TR:PV,0.08187551196750426,GB:WIND,0.07902549657958557
BE,L2,W2,L2_W2,0.12012509495703959,103,31,0.1346945794148606,MA:PV,0.20583008813859108,Europe,TR:PV,0.08802528670565513,GB:WIND,0.07484505430885663
BE,L2,W3,L2_W3,0.10889238718422395,103,33,0.16640377635692075,MA:PV,0.22218175393989545,Europe,TR:PV,0.092578412607276,GB:WIND,0.07564014271307902
BE,L3,W0,L3_W0,0.07370804295480775,461,77,0.0,CL:PV,0.10918377991253524,Europe,EG:PV,0.10456500018972387,MX:PV,0.06231147510792812
BE,L3,W1,L3_W1,0.058589680943724284,461,72,0.04958529286198361,EG:PV,0.09937300350867251,Europe,CL:PV,0.08918882851996829,OM:PV,0.07452710179136403
BE,L3,W2,L3_W2,0.05217871652722526,461,71,0.07325486980583397,EG:PV,0.09191841754857775,Europe,CL:PV,0.08521555329159583,CL:PV,0.07922560886256597
BE,L3,W3,L3_W3,0.052021218286774216,461,69,0.07370804295480775,EG:PV,0.09217583181017036,Europe,CL:PV,0.0853128532148258,CL:PV,0.079738881350091
BF,L0,W0,L0_W0,0.4907722148681151,1,1,0.0,BF:PV,0.9999999999999999,Africa/MENA,,,,
BF,L0,W1,L0_W1,0.4656107482920486,1,1,0.05657291835993895,BF:PV,1.0,Africa/MENA,,,,
BF,L0,W2,L0_W2,0.41059940852979354,1,1,0.16452467188950237,BF:PV,0.9999999999999999,Africa/MENA,,,,
BF,L0,W3,L0_W3,0.3141857529943808,1,1,0.31581879431398463,BF:PV,1.0,Africa/MENA,,,,
BF,L1,W0,L1_W0,0.48332868686726305,4,3,0.0,GH:PV,0.48820751375620935,Africa/MENA,BF:PV,0.33619078670268454,NE:PV,0.17560169954110752
BF,L1,W1,L1_W1,0.45799312188651087,4,3,0.05528696813043733,GH:PV,0.4824228860549497,Africa/MENA,BF:PV,0.3248040299021726,NE:PV,0.19277308404287896
BF,L1,W2,L1_W2,0.4026959536186032,4,3,0.1607254232806935,GH:PV,0.4690552367347374,Africa/MENA,BF:PV,0.30323116225760616,NE:PV,0.227713601007658
BF,L1,W3,L1_W3,0.30632628817073154,4,3,0.30969487719217736,GH:PV,0.4516911327835634,Africa/MENA,BF:PV,0.2759595065477482,NE:PV,0.2723493606686902
BF,L2,W0,L2_W0,0.2279314169687643,13,5,0.0,LY:WIND,0.2862257862880292,Africa/MENA,CV:PV,0.23849224385416223,MR:WIND,0.23525884654353138
BF,L2,W1,L2_W1,0.204984273780046,13,5,0.05649852285921262,LY:WIND,0.2838728188787254,Africa/MENA,CV:PV,0.24247711141431688,MR:WIND,0.23247377053337825
BF,L2,W2,L2_W2,0.1679232162420255,13,6,0.14504909646985675,LY:WIND,0.2731804754643799,Africa/MENA,CV:PV,0.25296250538425175,MR:WIND,0.2282217710636173
BF,L2,W3,L2_W3,0.1383570163932818,13,6,0.21481957423847195,CV:PV,0.2641933784885636,Africa/MENA,LY:WIND,0.25180307370407873,MR:WIND,0.22862969302922181
BF,L3,W0,L3_W0,0.09467951843951956,461,44,0.0,MX:PV,0.1388967814259098,Africa/MENA,US:PV,0.08187411771332861,CL:PV,0.06113789354162804
BF,L3,W1,L3_W1,0.07562172798165345,461,47,0.04876773811886158,MX:PV,0.1445607493545482,Africa/MENA,US:PV,0.08361190993086662,CL:PV,0.0629175030359211
BF,L3,W2,L3_W2,0.060142416818558864,461,51,0.09088688714488405,MX:PV,0.1648729225305531,Africa/MENA,US:PV,0.08847279722546178,CL:PV,0.06528235910747773
BF,L3,W3,L3_W3,0.058811365106379104,461,47,0.09467951843951956,MX:PV,0.1675872207373062,Africa/MENA,US:PV,0.09007641992133145,CL:PV,0.06335046822272487
BG,L0,W0,L0_W0,0.3177164205045629,2,2,0.0,BG:WIND,0.530250023460352,Europe,BG:PV,0.4697499765396505,,
BG,L0,W1,L0_W1,0.2936099181504888,2,2,0.05355427236961109,BG:WIND,0.5262980161108883,Europe,BG:PV,0.47370198388911383,,
BG,L0,W2,L0_W2,0.24884735506167802,2,2,0.1470976928519729,BG:WIND,0.5177931501731576,Europe,BG:PV,0.4822068498268446,,
BG,L0,W3,L0_W3,0.19642816393673165,2,2,0.25269266942848395,BG:WIND,0.5069751001128306,Europe,BG:PV,0.4930248998871716,,
BG,L1,W0,L1_W0,0.21322886626749257,26,14,0.0,PL:WIND,0.1359927979512825,Europe,AT:WIND,0.13453138828388744,RO:WIND,0.12788840547216648
BG,L1,W1,L1_W1,0.19071491993275466,26,14,0.0543010486309258,PL:WIND,0.13443697556071396,Europe,AT:WIND,0.13354300898999802,RO:WIND,0.1266328740104121
BG,L1,W2,L1_W2,0.1567301463064288,26,14,0.1368280892228235,AT:WIND,0.13344806890267547,Europe,PL:WIND,0.13129401177178346,IL:PV,0.12601271729985858
BG,L1,W3,L1_W3,0.13103128252762253,26,13,0.2010018541609516,IL:PV,0.16597737557446304,Europe,AT:WIND,0.1355280707893453,PL:WIND,0.12950253026563888
BG,L2,W0,L2_W0,0.15319927503200786,115,39,0.0,PT:PV,0.10579010430693353,Europe,GB:WIND,0.07381945780196472,GB:WIND,0.06446860729756991
BG,L2,W1,L2_W1,0.1337142920877288,115,39,0.057559739210661584,PT:PV,0.10903837849838577,Europe,GB:WIND,0.07293920555714518,GB:WIND,0.06194565416433607
BG,L2,W2,L2_W2,0.10988408171135293,115,39,0.12840950333746606,PT:PV,0.11892797520718064,Europe,EG:PV,0.08487778506950987,GB:WIND,0.07055587536552384
BG,L2,W3,L2_W3,0.10125441732442292,115,40,0.15300184859200994,PT:PV,0.13042292017161958,Europe,EG:PV,0.09751926675943422,GB:WIND,0.07325705405018294
BG,L3,W0,L3_W0,0.06670600704093546,461,92,0.0,OM:PV,0.07855816107727641,Europe,CL:PV,0.07789601942919674,CL:PV,0.05894305081670331
BG,L3,W1,L3_W1,0.052639593494945174,461,82,0.0468489514325104,OM:PV,0.08516504416558351,Europe,CL:PV,0.07436767806707763,CL:PV,0.06168422213229918
BG,L3,W2,L3_W2,0.04758482848112491,461,79,0.06644520761697878,OM:PV,0.10687033931569845,Europe,CL:PV,0.09164394577054155,CL:PV,0.061429695843109276
BG,L3,W3,L3_W3,0.04750532021873182,461,79,0.06670600704093546,OM:PV,0.10916942605453622,Europe,CL:PV,0.09165968618934883,CL:PV,0.061993366115940494
BH,L0,W0,L0_W0,0.549440410715903,1,1,0.0,BH:PV,0.9999999999999998,Asia-Pacific,,,,
BH,L0,W1,L0_W1,0.5246804223778483,1,1,0.06027320922976697,BH:PV,0.9999999999999998,Asia-Pacific,,,,
BH,L0,W2,L0_W2,0.46841230169405595,1,1,0.17753155479918042,BH:PV,0.9999999999999999,Asia-Pacific,,,,
BH,L0,W3,L0_W3,0.36147755985013735,1,1,0.34555770352547643,BH:PV,0.9999999999999998,Asia-Pacific,,,,
BH,L1,W0,L1_W0,0.3421575298987285,7,3,0.0,IR:WIND,0.49240140068991445,Asia-Pacific,OM:PV,0.2737126638158792,SA:PV,0.23388593549420755
BH,L1,W1,L1_W1,0.31788662824306424,7,3,0.04986081808478953,IR:WIND,0.4885439164505094,Asia-Pacific,OM:PV,0.27756819212537703,SA:PV,0.23388789142411498
BH,L1,W2,L1_W2,0.27215639914388867,7,3,0.1384008690640343,IR:WIND,0.4812320016579833,Asia-Pacific,OM:PV,0.28838729981469063,SA:PV,0.23038069852732707
BH,L1,W3,L1_W3,0.21376568434493953,7,3,0.24681772085400605,IR:WIND,0.47326165685638977,Asia-Pacific,OM:PV,0.30660014511268585,SA:PV,0.22013819803092552
BH,L2,W0,L2_W0,0.1707840292590278,59,14,0.0,ET:WIND,0.21446827524115694,Asia-Pacific,EG:WIND,0.12960721261103259,EG:PV,0.11996459632371873
BH,L2,W1,L2_W1,0.14922261032051798,59,14,0.05434587464780373,ET:WIND,0.2145777641203793,Asia-Pacific,EG:WIND,0.12583708944944694,EG:PV,0.12369431189088391
BH,L2,W2,L2_W2,0.12032099463361245,59,15,0.12877268376864617,ET:WIND,0.2199697162830196,Asia-Pacific,EG:PV,0.13517190534574897,PK:WIND,0.11563961179496093
BH,L2,W3,L2_W3,0.10538678360868418,59,14,0.16834495600923083,ET:WIND,0.23001309350286975,Asia-Pacific,EG:PV,0.14902027681164207,EG:WIND,0.10965125035843715
BH,L3,W0,L3_W0,0.08485930719672756,461,91,0.0,OM:PV,0.0556525588161664,Asia-Pacific,KE:WIND,0.038579015833374336,MX:PV,0.03748919463421692
BH,L3,W1,L3_W1,0.06797151164873469,461,86,0.05062660379302041,OM:PV,0.05920860394666168,Asia-Pacific,KE:WIND,0.03882749558256493,US:PV,0.03646649394771716
BH,L3,W2,L3_W2,0.05801211076045246,461,82,0.08272456096689515,OM:PV,0.06758358097261405,Asia-Pacific,KE:WIND,0.04011111296425073,US:PV,0.037409270032749485
BH,L3,W3,L3_W3,0.05725933393121277,461,83,0.08485882123871118,OM:PV,0.07055470187283598,Asia-Pacific,KE:WIND,0.04176399983758706,US:PV,0.036072265578464734
BI,L0,W0,L0_W0,0.46588417772590635,1,1,0.0,BI:PV,1.0,Africa/MENA,,,,
BI,L0,W1,L0_W1,0.4406193063507862,1,1,0.05554025175661381,BI:PV,0.9999999999999999,Africa/MENA,,,,
BI,L0,W2,L0_W2,0.38598351084205224,1,1,0.16075598587692616,BI:PV,0.9999999999999998,Africa/MENA,,,,
BI,L0,W3,L0_W3,0.2954272862578322,1,1,0.30420817322565785,BI:PV,0.9999999999999999,Africa/MENA,,,,
BI,L1,W0,L1_W0,0.25659113773078074,6,5,0.0,KE:WIND,0.4924498415082351,Africa/MENA,ZM:PV,0.29586221976488686,UG:PV,0.08087610147035906
BI,L1,W1,L1_W1,0.23305147258406822,6,5,0.05101039111312012,KE:WIND,0.48862129043460323,Africa/MENA,ZM:PV,0.2949309980795355,UG:PV,0.08218544667680525
BI,L1,W2,L1_W2,0.1949085864206342,6,5,0.13164442789200656,KE:WIND,0.48034900004951003,Africa/MENA,ZM:PV,0.29640918171435887,RW:PV,0.08361998421666647
BI,L1,W3,L1_W3,0.15800440887738057,6,5,0.20888408134904302,KE:WIND,0.4725459824847915,Africa/MENA,ZM:PV,0.29652668903823554,RW:PV,0.09066327807180403
BI,L2,W0,L2_W0,0.22433685980593812,8,6,0.0,ET:WIND,0.3196130916747676,Africa/MENA,KE:WIND,0.26185032158008226,ZM:PV,0.1871548203143137
BI,L2,W1,L2_W1,0.20140007106622262,8,6,0.05256781910750083,ET:WIND,0.31950526716257677,Africa/MENA,KE:WIND,0.2585008647733756,ZM:PV,0.18685946218316785
BI,L2,W2,L2_W2,0.1655815957716256,8,6,0.1335305907837255,ET:WIND,0.31647304713073027,Africa/MENA,KE:WIND,0.2522402887886896,ZM:PV,0.18798829891035843
BI,L2,W3,L2_W3,0.13607362266861142,8,7,0.20066947936310173,ET:WIND,0.30860478023256976,Africa/MENA,KE:WIND,0.24525700558473182,ZM:PV,0.189715209127055
BI,L3,W0,L3_W0,0.09261496676188948,461,82,0.0,PE:PV,0.10170362373326292,Africa/MENA,BR:WIND,0.07258342972849108,BH:PV,0.0428026655062459
BI,L3,W1,L3_W1,0.07310598695444159,461,83,0.047273520121688464,PE:PV,0.10289947195726641,Africa/MENA,BR:WIND,0.07300707121504281,BH:PV,0.043840646160722696
BI,L3,W2,L3_W2,0.05724956234110322,461,85,0.08882732176514256,PE:PV,0.11296730281026979,Africa/MENA,BR:WIND,0.07697478439649193,BH:PV,0.0390298342728186
BI,L3,W3,L3_W3,0.05588686917537695,461,86,0.09260152641431636,PE:PV,0.11477931594594683,Africa/MENA,BR:WIND,0.07670552051621436,BH:PV,0.03927821306015016
BO,L0,W0,L0_W0,0.4848529661547797,1,1,0.0,BO:PV,1.0,Latin America,,,,
BO,L0,W1,L0_W1,0.45934602326642526,1,1,0.05521519223349569,BO:PV,1.0000000000000002,Latin America,,,,
BO,L0,W2,L0_W2,0.4031580359633559,1,1,0.16114962552066603,BO:PV,1.0000000000000002,Latin America,,,,
BO,L0,W3,L0_W3,0.3058275600693669,1,1,0.3086811734058132,BO:PV,1.0,Latin America,,,,
BO,L1,W0,L1_W0,0.2047670213726884,14,7,0.0,PE:WIND,0.40648963261191473,Latin America,AR:WIND,0.209642022070402,BO:PV,0.1103985751259079
BO,L1,W1,L1_W1,0.1825375703111367,14,7,0.055233613045971734,PE:WIND,0.40573915861530624,Latin America,AR:WIND,0.20891269670724927,BO:PV,0.11220223779997218
BO,L1,W2,L1_W2,0.14902648602553317,14,8,0.1386601687903829,PE:WIND,0.4042479764263143,Latin America,AR:WIND,0.2080177005159338,BO:PV,0.11186093932349532
BO,L1,W3,L1_W3,0.12641463239684358,14,8,0.19534663798536628,PE:WIND,0.40365286112295307,Latin America,AR:WIND,0.208180000195805,BO:PV,0.1085873983805254
BO,L2,W0,L2_W0,0.19231124037110078,18,11,0.0,PE:WIND,0.34263751740675974,Latin America,UY:WIND,0.15256492986585826,AR:WIND,0.14608094013151382
BO,L2,W1,L2_W1,0.17036100285962683,18,11,0.05517753444092516,PE:WIND,0.3415574785763511,Latin America,UY:WIND,0.1521869290317766,AR:WIND,0.1457265777527129
BO,L2,W2,L2_W2,0.13817519789774635,18,11,0.13649498144950525,PE:WIND,0.3392281131632224,Latin America,UY:WIND,0.15225929909162986,AR:WIND,0.14452631460316154
BO,L2,W3,L2_W3,0.11911798729777938,18,12,0.18636246562826234,PE:WIND,0.3336291466407861,Latin America,UY:WIND,0.15278136934636596,AR:WIND,0.142894622965552
BO,L3,W0,L3_W0,0.08220437129163255,461,64,0.0,US:PV,0.19785806044255996,Latin America,AU:PV,0.05929449565415733,BO:PV,0.047940812325394246
BO,L3,W1,L3_W1,0.06429540929773987,461,65,0.04915131056149563,US:PV,0.1993422448501364,Latin America,AU:PV,0.061153278235480446,ET:WIND,0.04913502929039312
BO,L3,W2,L3_W2,0.05354622971053721,461,62,0.08082055273043516,US:PV,0.21044280525036607,Latin America,AU:PV,0.06265550151072025,ET:WIND,0.05570667093359878
BO,L3,W3,L3_W3,0.053075552856830514,461,60,0.08217974479382786,US:PV,0.21223821190126918,Latin America,AU:PV,0.06262749740743101,BO:PV,0.056351335650772494
BR,L0,W0,L0_W0,0.17179141067903705,15,10,0.0,BR:WIND,0.3565010437051228,Latin America,BR:WIND,0.22406849830255615,BR:PV,0.10090859118896676
BR,L0,W1,L0_W1,0.15027784015642728,15,10,0.053938913728978535,BR:WIND,0.34771162741618195,Latin America,BR:WIND,0.22824911538639064,BR:PV,0.10013703428274073
BR,L0,W2,L0_W2,0.12294919075497641,15,10,0.12540781631627365,BR:WIND,0.3303581821444013,Latin America,BR:WIND,0.24617200790189192,BR:PV,0.10260264819032526
BR,L0,W3,L0_W3,0.10866548829631868,15,11,0.1647800610310768,BR:WIND,0.3303588171867094,Latin America,BR:WIND,0.24779519909647574,BR:PV,0.11351988255013762
BR,L1,W0,L1_W0,0.17179141067903705,15,10,0.0,BR:WIND,0.3565010437051228,Latin America,BR:WIND,0.22406849830255615,BR:PV,0.10090859118896676
BR,L1,W1,L1_W1,0.15027784015642728,15,10,0.053938913728978535,BR:WIND,0.34771162741618195,Latin America,BR:WIND,0.22824911538639064,BR:PV,0.10013703428274073
BR,L1,W2,L1_W2,0.12294919075497641,15,10,0.12540781631627365,BR:WIND,0.3303581821444013,Latin America,BR:WIND,0.24617200790189192,BR:PV,0.10260264819032526
BR,L1,W3,L1_W3,0.10866548829631868,15,11,0.1647800610310768,BR:WIND,0.3303588171867094,Latin America,BR:WIND,0.24779519909647574,BR:PV,0.11351988255013762
BR,L2,W0,L2_W0,0.16375665136563014,22,12,0.0,BR:WIND,0.2737955851341418,Latin America,BR:WIND,0.2506344827851989,PY:PV,0.14417934688107176
BR,L2,W1,L2_W1,0.1421545086683199,22,11,0.05259794481135999,BR:WIND,0.268492969189562,Latin America,BR:WIND,0.253389905567277,PY:PV,0.148062278681699
BR,L2,W2,L2_W2,0.11497391968252181,22,12,0.12084717954733429,BR:WIND,0.26888914359662325,Latin America,BR:WIND,0.25784194084884515,PY:PV,0.1586639212271364
BR,L2,W3,L2_W3,0.10048596495781685,22,11,0.1586568931815463,BR:WIND,0.2822765131968831,Latin America,BR:WIND,0.25901290188865655,PY:PV,0.16730452496096238
BR,L3,W0,L3_W0,0.06783284678991397,461,80,0.0,US:PV,0.18171233144140095,Latin America,MX:PV,0.07363759991334332,CL:PV,0.07117946693833452
BR,L3,W1,L3_W1,0.051311468648677507,461,75,0.045120700601524504,US:PV,0.1877036655737365,Latin America,MX:PV,0.0782463746861466,CL:PV,0.07628364138638462
BR,L3,W2,L3_W2,0.04375676565489255,461,74,0.06703834330925254,US:PV,0.20000607833890816,Latin America,MX:PV,0.08240988543472996,CL:PV,0.0786717324667416
BR,L3,W3,L3_W3,0.043471046852942535,461,73,0.06783284678991397,US:PV,0.2013812459227926,Latin America,MX:PV,0.08179104956838801,CL:PV,0.07883409634389311
BY,L0,W0,L0_W0,0.5466057041693771,1,1,0.0,BY:PV,0.9999999999999999,Europe,,,,
BY,L0,W1,L0_W1,0.5229979111215758,1,1,0.06464158471571682,BY:PV,1.0,Europe,,,,
BY,L0,W2,L0_W2,0.4703449314268483,1,1,0.18880637119724852,BY:PV,1.0,Europe,,,,
BY,L0,W3,L0_W3,0.3765033980865611,1,1,0.35891199373588456,BY:PV,1.0,Europe,,,,
BY,L1,W0,L1_W0,0.2306214560029205,33,17,0.0,DE:WIND,0.1596172594642483,Europe,FI:WIND,0.1176664031164968,AT:WIND,0.11535334034321827
BY,L1,W1,L1_W1,0.20857166873322347,33,17,0.05942752674205,DE:WIND,0.1597178341444905,Europe,FI:WIND,0.11788289540909591,AT:WIND,0.11392085662714412
BY,L1,W2,L1_W2,0.1733993773705618,33,16,0.1522192840010329,DE:WIND,0.14613499826897647,Europe,FI:WIND,0.1174190886591324,AT:WIND,0.11185381655418311
BY,L1,W3,L1_W3,0.14612580447364668,33,18,0.22188964692131738,FI:WIND,0.11907412041177473,Europe,AT:WIND,0.11554405633026558,DE:WIND,0.1150560741698952
BY,L2,W0,L2_W0,0.20487280260959762,97,31,0.0,GB:WIND,0.10338093598017413,Europe,EG:WIND,0.08950413509548263,GB:WIND,0.06331703287973679
BY,L2,W1,L2_W1,0.1838201873684601,97,32,0.06092439595771795,GB:WIND,0.1043179521780506,Europe,EG:WIND,0.08704524288401133,FI:WIND,0.06190004249136227
BY,L2,W2,L2_W2,0.15159733181026255,97,33,0.14931794315497293,GB:WIND,0.10501899481155505,Europe,EG:WIND,0.07844287535674165,FI:WIND,0.06272283086209891
BY,L2,W3,L2_W3,0.13042690975980267,97,36,0.20236689797855284,GB:WIND,0.10650587180168208,Europe,EG:WIND,0.06979873441337496,FI:WIND,0.06353386693069854
BY,L3,W0,L3_W0,0.1208089699605481,461,63,0.0,JO:PV,0.07096273848344689,Europe,CV:PV,0.06071915185702069,IN:PV,0.05461607780462226
BY,L3,W1,L3_W1,0.10478425488278147,461,65,0.06409951604776873,JO:PV,0.07132846944451275,Europe,IN:PV,0.060436967185310594,CV:PV,0.05976440534051183
BY,L3,W2,L3_W2,0.08953842565691766,461,60,0.11794034759453492,CV:PV,0.07596929901073204,Europe,IN:PV,0.06994642623147419,JO:PV,0.06198659404044537
BY,L3,W3,L3_W3,0.08852945590875193,461,59,0.12080398988004877,CV:PV,0.0825210482825081,Europe,IN:PV,0.07057753604278155,JO:PV,0.06166196314725021
CA,L0,W0,L0_W0,0.18744650530561147,12,11,0.0,CA:WIND,0.15396238306972412,North America,CA:WIND,0.15316381817205613,CA:PV,0.13888387494975
CA,L0,W1,L0_W1,0.16531651356405452,12,11,0.05191304285073322,CA:WIND,0.1524235968167971,North America,CA:WIND,0.15209831697170428,CA:PV,0.1422593875365234
CA,L0,W2,L0_W2,0.13303920293455299,12,11,0.12844803121732593,CA:PV,0.15195714770512714,North America,CA:WIND,0.15086137659295085,CA:WIND,0.146521793920001
CA,L0,W3,L0_W3,0.1119494248772986,12,11,0.17993132004654064,CA:PV,0.15614840292332352,North America,CA:WIND,0.15358279453372467,CA:WIND,0.1439686674256879
CA,L1,W0,L1_W0,0.18744650530561147,12,11,0.0,CA:WIND,0.15396238306972412,North America,CA:WIND,0.15316381817205613,CA:PV,0.13888387494975
CA,L1,W1,L1_W1,0.16531651356405452,12,11,0.05191304285073322,CA:WIND,0.1524235968167971,North America,CA:WIND,0.15209831697170428,CA:PV,0.1422593875365234
CA,L1,W2,L1_W2,0.13303920293455299,12,11,0.12844803121732593,CA:PV,0.15195714770512714,North America,CA:WIND,0.15086137659295085,CA:WIND,0.146521793920001
CA,L1,W3,L1_W3,0.1119494248772986,12,11,0.17993132004654064,CA:PV,0.15614840292332352,North America,CA:WIND,0.15358279453372467,CA:WIND,0.1439686674256879
CA,L2,W0,L2_W0,0.11337016289510386,104,39,0.0,US:PV,0.18502641373950185,North America,US:WIND,0.054263483956544595,US:WIND,0.04922963516205271
CA,L2,W1,L2_W1,0.09292188098605915,104,39,0.04966229886846017,US:PV,0.1878903861320355,North America,US:WIND,0.054615612143588545,US:WIND,0.048912280986622245
CA,L2,W2,L2_W2,0.07295940636048395,104,39,0.10162493066153397,US:PV,0.19544215797040623,North America,US:WIND,0.05509301796723848,US:WIND,0.04781299819628644
CA,L2,W3,L2_W3,0.06867798975186627,104,39,0.11329030678895761,US:PV,0.19930021541707257,North America,US:WIND,0.05442569356637214,US:WIND,0.04853566618877598
CA,L3,W0,L3_W0,0.06505386513325616,461,99,0.0,US:PV,0.12437160058215979,North America,CV:PV,0.04609567438393926,AU:PV,0.034527273612922536
CA,L3,W1,L3_W1,0.049145801579659615,461,90,0.04605697951455118,US:PV,0.12533252634855951,North America,CV:PV,0.04869320482805479,MX:PV,0.03721567776079374
CA,L3,W2,L3_W2,0.0431497510774332,461,87,0.06467835556484805,US:PV,0.13296136594689678,North America,CV:PV,0.056897964914040276,AU:PV,0.0404281696500121
CA,L3,W3,L3_W3,0.04302344773180876,461,87,0.06505386513325616,US:PV,0.133467172721657,North America,CV:PV,0.05719074444578171,AU:PV,0.04063723141692356
CH,L0,W0,L0_W0,0.517883765909733,1,1,0.0,CH:PV,0.9999999999999999,Europe,,,,
CH,L0,W1,L0_W1,0.4939277988909707,1,1,0.06264804959948375,CH:PV,1.0000000000000002,Europe,,,,
CH,L0,W2,L0_W2,0.4413319830754299,1,1,0.18177646876595221,CH:PV,1.0,Europe,,,,
CH,L0,W3,L0_W3,0.35172647274337443,1,1,0.34339631436070595,CH:PV,0.9999999999999999,Europe,,,,
CH,L1,W0,L1_W0,0.17134434160600806,85,35,0.0,GB:WIND,0.10270478292126958,Europe,GB:WIND,0.09268198560650814,DK:WIND,0.05995540773777408
CH,L1,W1,L1_W1,0.15139816145798154,85,34,0.05835917566126166,GB:WIND,0.10168629888183565,Europe,GB:WIND,0.09057716213485553,DK:WIND,0.05553529157275356
CH,L1,W2,L1_W2,0.12587823724063837,85,33,0.13563476814473224,GB:WIND,0.10016459566476933,Europe,GB:WIND,0.08424848654964841,DZ:PV,0.058298776788511385
CH,L1,W3,L1_W3,0.11465372982977756,85,34,0.17020748092705892,GB:WIND,0.10113590768581518,Europe,GB:WIND,0.08743213121224978,DZ:PV,0.0840102755551998
CH,L2,W0,L2_W0,0.1646872095705721,106,35,0.0,MA:PV,0.11904004282685696,Europe,PS:PV,0.10268563408822165,GB:WIND,0.08501763786092001
CH,L2,W1,L2_W1,0.14457546451437436,106,34,0.05841250215849842,MA:PV,0.12944018665376375,Europe,PS:PV,0.11248769964779909,GB:WIND,0.08320664354780642
CH,L2,W2,L2_W2,0.11869316523691774,106,33,0.13385805777063178,MA:PV,0.15860729343492236,Europe,PS:PV,0.12507012178224078,GB:WIND,0.07946711185469868
CH,L2,W3,L2_W3,0.10799171537911811,106,34,0.16417551305751416,MA:PV,0.17689282506514076,Europe,PS:PV,0.133789626182254,GB:WIND,0.08225099372724277
CH,L3,W0,L3_W0,0.08233585719080355,461,81,0.0,EG:PV,0.10179533580073774,Europe,CL:PV,0.10083442086441959,OM:PV,0.05181003178728687
CH,L3,W1,L3_W1,0.06625773918449442,461,78,0.05155383103426567,EG:PV,0.09579772130537166,Europe,CL:PV,0.0930523260124723,OM:PV,0.06710989244561762
CH,L3,W2,L3_W2,0.05797418294090118,461,71,0.08171908770944186,EG:PV,0.09425615332337473,Europe,CL:PV,0.08765850286869936,OM:PV,0.0743387620687808
CH,L3,W3,L3_W3,0.05778442649494944,461,71,0.08233585719080355,EG:PV,0.09517607475263697,Europe,CL:PV,0.08732399886720574,OM:PV,0.07515354235269868
CL,L0,W0,L0_W0,0.29787078298388703,7,3,0.0,CL:WIND,0.5155999075847351,Latin America,CL:PV,0.4338329196787236,CL:PV,0.05056717273654055
CL,L0,W1,L0_W1,0.27426435415049016,7,4,0.050478927021106935,CL:WIND,0.5091769086105035,Latin America,CL:PV,0.4292328045236236,CL:PV,0.055020695488231165
CL,L0,W2,L0_W2,0.23352934049436416,7,4,0.1345023276428664,CL:WIND,0.4982898666019289,Latin America,CL:PV,0.40272267959087776,CL:PV,0.06100039812009932
CL,L0,W3,L0_W3,0.18540173171271307,7,4,0.22842253684817385,CL:WIND,0.4869865938362911,Latin America,CL:PV,0.3944009698298755,CL:PV,0.06747637506209103
CL,L1,W0,L1_W0,0.20326092523502157,14,9,0.0,PE:WIND,0.39376893029242704,Latin America,AR:WIND,0.21021531639420196,PY:PV,0.11065503613280307
CL,L1,W1,L1_W1,0.18095939581902248,14,9,0.05448029004053379,PE:WIND,0.39139644624427694,Latin America,AR:WIND,0.20979633630318806,PY:PV,0.10764957543198556
CL,L1,W2,L1_W2,0.14759039922457284,14,9,0.1364456626192996,PE:WIND,0.38513029499615536,Latin America,AR:WIND,0.21052636971624675,PY:PV,0.10551797913672585
CL,L1,W3,L1_W3,0.12468175459738982,14,9,0.19368222902019952,PE:WIND,0.38190333655238073,Latin America,AR:WIND,0.21070740436219093,PY:PV,0.10716632723545212
CL,L2,W0,L2_W0,0.19155893050692666,17,10,0.0,PE:WIND,0.32737538904564184,Latin America,AR:WIND,0.14716081035321918,UY:WIND,0.13668471503725566
CL,L2,W1,L2_W1,0.169699032227256,17,10,0.054936216145183625,PE:WIND,0.32485869405414014,Latin America,AR:WIND,0.14601222032093863,UY:WIND,0.1353641684016964
CL,L2,W2,L2_W2,0.138187243140267,17,10,0.13509150842551412,PE:WIND,0.3163756307228048,Latin America,AR:WIND,0.1471380974172226,UY:WIND,0.13120459794056205
CL,L2,W3,L2_W3,0.11874632772209431,17,10,0.18547248778720085,PE:WIND,0.30749556172504766,Latin America,AR:WIND,0.14660017717655133,UY:WIND,0.12947266589565826
CL,L3,W0,L3_W0,0.0763715538302485,461,68,0.0,US:PV,0.2109880789690212,Latin America,AU:PV,0.0649521269972461,CL:PV,0.06348802465687084
CL,L3,W1,L3_W1,0.05784691084727965,461,66,0.04559174823562729,US:PV,0.21610648390761125,Latin America,AU:PV,0.0651107050751522,CL:PV,0.0576333607030663
CL,L3,W2,L3_W2,0.046321458284660104,461,65,0.07468939174194765,US:PV,0.23441849088123268,Latin America,AU:PV,0.06618313193905351,PY:PV,0.05288499463087902
CL,L3,W3,L3_W3,0.045647292139453545,461,63,0.07629255660445194,US:PV,0.23763308841136033,Latin America,AU:PV,0.06551522298950399,PY:PV,0.053555998702990604
CN,L0,W0,L0_W0,0.11943467542819217,75,29,0.0,CN:WIND,0.13931992442090596,Asia-Pacific,CN:WIND,0.10481347303233896,CN:WIND,0.08768574397055419
CN,L0,W1,L0_W1,0.09877659361763465,75,30,0.048749620295678135,CN:WIND,0.13787981382252357,Asia-Pacific,CN:WIND,0.10431230755263914,CN:WIND,0.08346595965304128
CN,L0,W2,L0_W2,0.0778694479526908,75,31,0.10239253808354574,CN:WIND,0.14165377683193997,Asia-Pacific,CN:WIND,0.10321414062658799,CN:WIND,0.07835474692160778
CN,L0,W3,L0_W3,0.0716912289410308,75,32,0.11906452484412004,CN:WIND,0.14963308204981268,Asia-Pacific,CN:WIND,0.1020426817761735,CN:WIND,0.0801335816738
CN,L1,W0,L1_W0,0.11916069839325769,77,30,0.0,CN:WIND,0.13648827339234273,Asia-Pacific,CN:WIND,0.10493399097248594,CN:WIND,0.08222245630553468
CN,L1,W1,L1_W1,0.09849945556127739,77,31,0.04869252454464488,CN:WIND,0.13503590140765348,Asia-Pacific,CN:WIND,0.10440368130194083,CN:WIND,0.07767785380172622
CN,L1,W2,L1_W2,0.07757790745769415,77,31,0.10233680404088728,CN:WIND,0.13914485299929238,Asia-Pacific,CN:WIND,0.10329019210697528,CN:WIND,0.07455310545827057
CN,L1,W3,L1_W3,0.07149040013449111,77,32,0.11881553407946484,CN:WIND,0.14719358413514383,Asia-Pacific,CN:WIND,0.10213730325251723,CN:WIND,0.07621727294329719
CN,L2,W0,L2_W0,0.11703437074728813,97,35,0.0,CN:WIND,0.11815186165651206,Asia-Pacific,CN:WIND,0.09989195794007855,CN:WIND,0.07659692725133778
CN,L2,W1,L2_W1,0.09654867428683832,97,35,0.048271536734456624,CN:WIND,0.11714486960940267,Asia-Pacific,CN:WIND,0.09941276367974176,CN:WIND,0.07178182542475009
CN,L2,W2,L2_W2,0.07586453736001425,97,40,0.10144489961694039,CN:WIND,0.11967009681648799,Asia-Pacific,CN:WIND,0.09925066186888915,CN:WIND,0.06844110748020017
CN,L2,W3,L2_W3,0.07021309549766733,97,38,0.1167687925724154,CN:WIND,0.12732028023011815,Asia-Pacific,CN:WIND,0.099265786273126,CN:WIND,0.06997004891900444
CN,L3,W0,L3_W0,0.06433561629594273,461,104,0.0,CV:PV,0.058612514511510984,Asia-Pacific,AU:PV,0.040404061465822746,MR:WIND,0.03444983027634209
CN,L3,W1,L3_W1,0.04918899087394554,461,95,0.04483078828424044,CV:PV,0.06285830232841973,Asia-Pacific,AU:PV,0.04157238995166031,MR:WIND,0.034737668291861555
CN,L3,W2,L3_W2,0.0435225696749313,461,92,0.06420714910757618,CV:PV,0.06764849599228866,Asia-Pacific,AU:PV,0.044222462026094964,PH:WIND,0.039781027661938306
CN,L3,W3,L3_W3,0.043487342145048916,461,92,0.06433561629594273,CV:PV,0.06857751558966356,Asia-Pacific,AU:PV,0.04430316104172388,PH:WIND,0.0398367921855244
CO,L0,W0,L0_W0,0.46542910477483995,1,1,0.0,CO:PV,1.0000000000000002,Latin America,,,,
CO,L0,W1,L0_W1,0.4400320133428582,1,1,0.05454995440285068,CO:PV,1.0000000000000004,Latin America,,,,
CO,L0,W2,L0_W2,0.3847562615423936,1,1,0.15825026322985292,CO:PV,1.0000000000000004,Latin America,,,,
CO,L0,W3,L0_W3,0.2905063698091037,1,1,0.30086466623665997,CO:PV,1.0,Latin America,,,,
CO,L1,W0,L1_W0,0.23686696917529612,12,5,0.0,CU:WIND,0.42291926431131194,Latin America,DO:WIND,0.2290523569513281,NI:PV,0.18819803892951742
CO,L1,W1,L1_W1,0.21342533829381582,12,5,0.05078724960791538,CU:WIND,0.41786853264045454,Latin America,DO:WIND,0.22653536290891862,NI:PV,0.19458240575829758
CO,L1,W2,L1_W2,0.17501364459342936,12,5,0.13178728112873034,CU:WIND,0.4075799764455295,Latin America,DO:WIND,0.2188187164336932,NI:PV,0.21176409179572794
CO,L1,W3,L1_W3,0.13941295519365499,12,7,0.20628224552482843,CU:WIND,0.402216860835343,Latin America,NI:PV,0.22727504445894084,DO:WIND,0.20535584773078996
CO,L2,W0,L2_W0,0.1766867067378589,21,8,0.0,PE:WIND,0.3944376074009167,Latin America,CU:WIND,0.1670875995883447,DO:WIND,0.11655186161215382
CO,L2,W1,L2_W1,0.1544059196953695,21,8,0.05212816240879253,PE:WIND,0.3908337300773116,Latin America,CU:WIND,0.16783284395073111,DO:WIND,0.11467597969974155
CO,L2,W2,L2_W2,0.1235129082645163,21,9,0.12622817037541026,PE:WIND,0.38202665268403724,Latin America,CU:WIND,0.17009188355779334,DO:WIND,0.11017124635299845
CO,L2,W3,L2_W3,0.10534306446750638,21,10,0.171642151287912,PE:WIND,0.3723026782170537,Latin America,CU:WIND,0.1723753441652449,DO:WIND,0.10480044220077836
CO,L3,W0,L3_W0,0.06315584928491563,461,74,0.0,US:PV,0.19388165068144936,Latin America,AU:PV,0.055618888405526506,CV:PV,0.049303849737539054
CO,L3,W1,L3_W1,0.04621027053120254,461,73,0.04289913992540962,US:PV,0.194863116327207,Latin America,AU:PV,0.05638761977366907,CV:PV,0.052683022830295884
CO,L3,W2,L3_W2,0.03867334666896384,461,76,0.06252810004549851,US:PV,0.2086213523458384,Latin America,CV:PV,0.05900629129037198,AU:PV,0.0574786514867167
CO,L3,W3,L3_W3,0.038406834069071145,461,76,0.06313440308350007,US:PV,0.21051002603861746,Latin America,AU:PV,0.05827391230024689,CV:PV,0.05791227528860108
CR,L0,W0,L0_W0,0.49597137817348,1,1,0.0,CR:PV,0.9999999999999998,North America,,,,
CR,L0,W1,L0_W1,0.4709665453033935,1,1,0.05831894911758714,CR:PV,1.0,North America,,,,
CR,L0,W2,L0_W2,0.4162583346277192,1,1,0.16913147614909266,CR:PV,1.0,North America,,,,
CR,L0,W3,L0_W3,0.32194171718567954,1,1,0.3202405527805185,CR:PV,1.0,North America,,,,
CR,L1,W0,L1_W0,0.2560090345059829,14,7,0.0,CU:WIND,0.4377085942727577,North America,HN:WIND,0.18755985112152754,SV:PV,0.15557803932219627
CR,L1,W1,L1_W1,0.2326969238520138,14,7,0.05190643083918403,CU:WIND,0.4326741478103007,North America,HN:WIND,0.1847708359167826,SV:PV,0.1649722127282751
CR,L1,W2,L1_W2,0.19279200076515685,14,6,0.1372263390009698,CU:WIND,0.4206773423028978,North America,SV:PV,0.18616028233524115,HN:WIND,0.17893614741544467
CR,L1,W3,L1_W3,0.1527769149236862,14,7,0.2190771970235808,CU:WIND,0.41188271414976596,North America,SV:PV,0.1961598154834368,HN:WIND,0.17133537827209974
CR,L2,W0,L2_W0,0.20110438037226336,22,8,0.0,MX:WIND,0.3498673196719669,North America,MX:PV,0.2696570422081958,CU:WIND,0.17563164048567498
CR,L2,W1,L2_W1,0.17830531882900807,22,8,0.05011576526708497,MX:WIND,0.34468240226455216,North America,MX:PV,0.2772488751263182,CU:WIND,0.17272189622879894
CR,L2,W2,L2_W2,0.14356812071997838,22,7,0.12582779183928441,MX:WIND,0.3359819057088002,North America,MX:PV,0.29487587184621583,CU:WIND,0.16253517192900163
CR,L2,W3,L2_W3,0.11666751756795928,22,7,0.1844379668385551,MX:WIND,0.339807379869535,North America,MX:PV,0.3113256245900286,CU:WIND,0.14684471180442432
CR,L3,W0,L3_W0,0.05922392296137048,461,95,0.0,US:PV,0.14410849536670334,North America,AU:PV,0.043881321510548715,AU:PV,0.04189985089575101
CR,L3,W1,L3_W1,0.04244724259413382,461,97,0.042464913694633254,US:PV,0.14265487781587374,North America,AU:PV,0.044776466270244765,JP:PV,0.04138156673065961
CR,L3,W2,L3_W2,0.036282094422709625,461,101,0.0589880774882494,US:PV,0.1495350494624875,North America,AU:PV,0.049609557353871424,JP:PV,0.0425024852880459
CR,L3,W3,L3_W3,0.03619548209420516,461,99,0.05921221292455157,US:PV,0.15003276458825426,North America,AU:PV,0.05031710406781244,JP:PV,0.04240462473120157
CU,L0,W0,L0_W0,0.2848706646712883,2,2,0.0,CU:WIND,0.6644899772216292,North America,CU:PV,0.33551002277837433,,
CU,L0,W1,L0_W1,0.2609678918299199,2,2,0.053210491411146345,CU:WIND,0.6622694765217543,North America,CU:PV,0.33773052347824917,,
CU,L0,W2,L0_W2,0.21874267502335004,2,2,0.14239470692699147,CU:WIND,0.6548257944723833,North America,CU:PV,0.3451742055276202,,
CU,L0,W3,L0_W3,0.17292435204534468,2,2,0.2329953165799636,CU:WIND,0.6459703235960873,North America,CU:PV,0.3540296764039162,,
CU,L1,W0,L1_W0,0.23165008850744073,12,8,0.0,CU:WIND,0.34193371613451345,North America,HN:WIND,0.2197823921431631,DO:WIND,0.21778212001118874
CU,L1,W1,L1_W1,0.2081066326391845,12,9,0.0502764251205662,CU:WIND,0.3410601260461598,North America,HN:WIND,0.22000206926469587,DO:WIND,0.21639730836622556
CU,L1,W2,L1_W2,0.16916568046092206,12,8,0.13082894778296328,CU:WIND,0.3367618756501975,North America,HN:WIND,0.22343837921359755,DO:WIND,0.21403398159589657
CU,L1,W3,L1_W3,0.13422363319289335,12,8,0.20244355065730896,CU:WIND,0.33017666051835753,North America,HN:WIND,0.2309853951290561,DO:WIND,0.2078990407129751
CU,L2,W0,L2_W0,0.10913927474388217,124,42,0.0,LC:PV,0.16059063201533028,North America,US:PV,0.10129493258440529,MX:WIND,0.0749072791465569
CU,L2,W1,L2_W1,0.0893967242678019,124,42,0.04900738009356464,LC:PV,0.1608349753390423,North America,US:PV,0.10265496205835237,MX:WIND,0.07408351148375746
CU,L2,W2,L2_W2,0.07070349673412238,124,41,0.09912278629392551,LC:PV,0.16657921832751646,North America,US:PV,0.10616431878376487,MX:WIND,0.07603174563522747
CU,L2,W3,L2_W3,0.06716965119984727,124,40,0.10909892660225094,LC:PV,0.17044224598638047,North America,US:PV,0.10871028406089718,MX:WIND,0.07694707554841211
CU,L3,W0,L3_W0,0.07352129462558754,461,116,0.0,US:PV,0.057600881650883284,North America,CV:PV,0.05710643584643155,MA:PV,0.033521841959307914
CU,L3,W1,L3_W1,0.05634248013608875,461,113,0.04744749084734583,CV:PV,0.0680828749135911,North America,US:PV,0.056028530153883344,CL:PV,0.03164432684337958
CU,L3,W2,L3_W2,0.04775955402595217,461,110,0.07306351578746825,CV:PV,0.0853356983640893,North America,US:PV,0.055442801674907886,CL:PV,0.031546550418363
CU,L3,W3,L3_W3,0.04760959252895385,461,109,0.07352129462558755,CV:PV,0.08469470435145841,North America,US:PV,0.05564051974814864,CL:PV,0.03145413494498988
CV,L0,W0,L0_W0,0.44658761159373195,1,1,0.0,CV:PV,1.0,Africa/MENA,,,,
CV,L0,W1,L0_W1,0.4214087893800352,1,1,0.053515538580333394,CV:PV,0.9999999999999999,Africa/MENA,,,,
CV,L0,W2,L0_W2,0.36809259166732916,1,1,0.15470925104486,CV:PV,1.0,Africa/MENA,,,,
CV,L0,W3,L0_W3,0.2817326041260048,1,1,0.2913743638124741,CV:PV,1.0,Africa/MENA,,,,
CV,L1,W0,L1_W0,0.23395238186983586,4,4,0.0,MR:WIND,0.5541916130948715,Africa/MENA,CV:PV,0.3401555210798564,MR:PV,0.09687581974158858
CV,L1,W1,L1_W1,0.21153336141362933,4,4,0.05243512145893873,MR:WIND,0.545565934004184,Africa/MENA,CV:PV,0.3463602476724274,MR:PV,0.09252171873732636
CV,L1,W2,L1_W2,0.17629384558029593,4,4,0.13435634194362855,MR:WIND,0.5281202558096657,Africa/MENA,CV:PV,0.362252098562222,MR:PV,0.08497559891425964
CV,L1,W3,L1_W3,0.14489905227895145,4,4,0.20668497198379648,MR:WIND,0.5102068408546722,Africa/MENA,CV:PV,0.37158598826498807,MR:PV,0.08468003171151986
CV,L2,W0,L2_W0,0.22246941099661457,8,6,0.0,MR:WIND,0.4627298506465078,Africa/MENA,CV:PV,0.3244184644689318,MA:WIND,0.13832450561794768
CV,L2,W1,L2_W1,0.20034528551281666,8,6,0.05352293060246424,MR:WIND,0.45457182057641593,Africa/MENA,CV:PV,0.33367864119553725,MA:WIND,0.13643184477670087
CV,L2,W2,L2_W2,0.16606257238677738,8,6,0.13566268851166333,MR:WIND,0.4390584782973301,Africa/MENA,CV:PV,0.3515749227037209,MA:WIND,0.13006600966492562
CV,L2,W3,L2_W3,0.1380621808759724,8,6,0.20268435825523615,MR:WIND,0.4281876233243454,Africa/MENA,CV:PV,0.3659262999489701,MA:WIND,0.11864401690120797
CV,L3,W0,L3_W0,0.0868684155074526,461,64,0.0,MX:PV,0.09711847736701297,Africa/MENA,US:PV,0.09307564770698823,GH:PV,0.0555707832441002
CV,L3,W1,L3_W1,0.06737910472220501,461,65,0.04547381461906047,MX:PV,0.09895415662951285,Africa/MENA,US:PV,0.09264520999302667,GH:PV,0.05592107262643915
CV,L3,W2,L3_W2,0.05275951904186586,461,60,0.0832116364366723,MX:PV,0.10110629696977988,Africa/MENA,US:PV,0.09621881971988505,GH:PV,0.06122188321457108
CV,L3,W3,L3_W3,0.051350897876580356,461,60,0.08686363042602548,MX:PV,0.10121091141053913,Africa/MENA,US:PV,0.0987652541004732,GH:PV,0.062160855371812124
CZ,L0,W0,L0_W0,0.5233920215890386,2,2,0.0,CZ:PV,0.6842927571181596,Europe,CZ:PV,0.31570724288183954,,
CZ,L0,W1,L0_W1,0.4998215516296874,2,2,0.06343503401572476,CZ:PV,0.6823495863076551,Europe,CZ:PV,0.31765041369234404,,
CZ,L0,W2,L0_W2,0.44844706159263353,2,2,0.18393935897308866,CZ:PV,0.677678107865145,Europe,CZ:PV,0.3223218921348541,,
CZ,L0,W3,L0_W3,0.36007564477911025,2,2,0.34690641047402215,CZ:PV,0.6674954386944945,Europe,CZ:PV,0.33250456130550454,,
CZ,L1,W0,L1_W0,0.18592277018188322,77,30,0.0,GB:WIND,0.11089260673946998,Europe,GB:WIND,0.08707717775561735,FR:WIND,0.06642480779779435
CZ,L1,W1,L1_W1,0.16567064287269623,77,31,0.05989936281598784,GB:WIND,0.10978461219981699,Europe,GB:WIND,0.08510870198944233,FR:WIND,0.06604273082877236
CZ,L1,W2,L1_W2,0.13817802436447496,77,30,0.14325713268228554,GB:WIND,0.10752452769091622,Europe,GB:WIND,0.07883225242936723,FR:WIND,0.06627306236098561
CZ,L1,W3,L1_W3,0.12454436845624518,77,30,0.1841192051456519,GB:WIND,0.10916643650219734,Europe,GB:WIND,0.0752920819700319,FR:WIND,0.06872351966181364
CZ,L2,W0,L2_W0,0.1738129427257795,113,38,0.0,MA:PV,0.15124135521552945,Europe,GB:WIND,0.07839833979049117,GB:WIND,0.06969428201779773
CZ,L2,W1,L2_W1,0.15294754831386034,113,39,0.05805961633190378,MA:PV,0.16631853926261692,Europe,GB:WIND,0.07862350655389737,GB:WIND,0.06741532390816907
CZ,L2,W2,L2_W2,0.12457853530232288,113,38,0.1368363231074071,MA:PV,0.19660945088493437,Europe,GB:WIND,0.07468879738622668,GB:WIND,0.06556609224839369
CZ,L2,W3,L2_W3,0.11097387809133469,113,37,0.17321916276008847,MA:PV,0.21114332995857552,Europe,GB:WIND,0.07229033461979481,GB:WIND,0.06901753231072082
CZ,L3,W0,L3_W0,0.06762851047549291,461,82,0.0,CL:PV,0.11975524105487077,Europe,OM:PV,0.10541939865145837,EG:PV,0.07497456354245915
CZ,L3,W1,L3_W1,0.05316245220238568,461,78,0.047096528249992956,OM:PV,0.1094662463845707,Europe,CL:PV,0.10295278973549979,EG:PV,0.06696039414652409
CZ,L3,W2,L3_W2,0.04750676347430694,461,73,0.06695824511019682,OM:PV,0.123844469786365,Europe,CL:PV,0.09392821003728391,CL:PV,0.07849772768967986
CZ,L3,W3,L3_W3,0.047266026770725104,461,73,0.06762633799171727,OM:PV,0.126552076260907,Europe,CL:PV,0.09346710936790452,CL:PV,0.07880283414859321
DE,L0,W0,L0_W0,0.2214098749929638,12,9,0.0,DE:WIND,0.2965592476337817,Europe,DE:WIND,0.15104349618193474,DE:WIND,0.14220816218694268
DE,L0,W1,L0_W1,0.1989426536461392,12,9,0.05644497136485087,DE:WIND,0.29199935034884983,Europe,DE:WIND,0.15304138112517468,DE:WIND,0.14024089633899253
DE,L0,W2,L0_W2,0.16542952576525927,12,10,0.14211668011645268,DE:WIND,0.27613996933406443,Europe,DE:WIND,0.15092288049466604,DE:WIND,0.14398200960768257
DE,L0,W3,L0_W3,0.14181293586869925,12,10,0.2041996264930834,DE:WIND,0.2603533983385182,Europe,DE:WIND,0.17445809834669332,DE:WIND,0.1314050202206929
DE,L1,W0,L1_W0,0.17482335100790558,73,30,0.0,GB:WIND,0.13879185548208234,Europe,GB:WIND,0.0926959344314729,FR:WIND,0.06796430238034676
DE,L1,W1,L1_W1,0.15437296324002517,73,32,0.05810932241748758,GB:WIND,0.13865242929930086,Europe,GB:WIND,0.09061332042606335,FR:WIND,0.06800519708606316
DE,L1,W2,L1_W2,0.1276086000671742,73,35,0.13670303684792945,GB:WIND,0.13643121742061956,Europe,GB:WIND,0.08162864159062418,FR:WIND,0.0674495725793708
DE,L1,W3,L1_W3,0.11513053240560131,73,33,0.17338339423279264,GB:WIND,0.14038859824593297,Europe,GB:WIND,0.08106379843403567,FR:WIND,0.06880256713365321
DE,L2,W0,L2_W0,0.16214401768788808,105,36,0.0,MA:PV,0.14817110540343942,Europe,GB:WIND,0.08982654279727552,GB:WIND,0.07863119754869807
DE,L2,W1,L2_W1,0.14178850488099523,105,36,0.058011078481421646,MA:PV,0.161006445640697,Europe,GB:WIND,0.08831504852779384,GB:WIND,0.07708678253358052
DE,L2,W2,L2_W2,0.11576198317297533,105,33,0.1324893792938763,MA:PV,0.19114707344581336,Europe,GB:WIND,0.0814895876042801,GB:WIND,0.07801307349121049
DE,L2,W3,L2_W3,0.10524793473646375,105,33,0.16174852635727513,MA:PV,0.20953883098290946,Europe,GB:WIND,0.0821315076316189,GB:WIND,0.07786841443494186
DE,L3,W0,L3_W0,0.0798916782685141,461,82,0.0,CL:PV,0.0730139069539168,Europe,EG:PV,0.06901472614904172,OM:PV,0.05737325721354851
DE,L3,W1,L3_W1,0.06614335002672618,461,77,0.05361749757418583,CL:PV,0.08814842231099924,Europe,OM:PV,0.06534718235970156,EG:PV,0.05785761324317523
DE,L3,W2,L3_W2,0.060276187225423404,461,71,0.07946650229209108,CL:PV,0.1101587936574633,Europe,OM:PV,0.0778532067654589,MX:PV,0.052881548495717544
DE,L3,W3,L3_W3,0.06014753943949973,461,71,0.0798916782685141,CL:PV,0.1102749954265615,Europe,OM:PV,0.07859491496440614,MX:PV,0.05294264246443753
DK,L0,W0,L0_W0,0.23880854805353774,3,3,0.0,DK:WIND,0.6172268391697122,Europe,DK:PV,0.23683967877121648,DK:WIND,0.14593348205905776
DK,L0,W1,L0_W1,0.21756606212654495,3,3,0.05965869483939588,DK:WIND,0.6079533673084362,Europe,DK:PV,0.24466022368151705,DK:WIND,0.14738640901003322
DK,L0,W2,L0_W2,0.18614672373398236,3,3,0.14668212000616235,DK:WIND,0.5883560762949925,Europe,DK:PV,0.25420270666830175,DK:WIND,0.15744121703669314
DK,L0,W3,L0_W3,0.16239402045491952,3,3,0.213751427479695,DK:WIND,0.598996065025138,Europe,DK:PV,0.2543686942652528,DK:WIND,0.14663524070959585
DK,L1,W0,L1_W0,0.18403104021677924,70,34,0.0,GB:WIND,0.12194067542171648,Europe,GB:WIND,0.0796437340381281,FR:WIND,0.07053118627850788
DK,L1,W1,L1_W1,0.16396605742598389,70,33,0.06076784962943835,GB:WIND,0.121107832108133,Europe,GB:WIND,0.0771659930725161,FR:WIND,0.07005442821478053
DK,L1,W2,L1_W2,0.1364674162613107,70,34,0.14541540903345995,GB:WIND,0.11941285715693986,Europe,GB:WIND,0.07355782264016851,FR:PV,0.07249941726017756
DK,L1,W3,L1_W3,0.12432535125387943,70,35,0.18287406113281265,GB:WIND,0.1204064858482236,Europe,FR:PV,0.08889172365854692,GB:WIND,0.07396956402004025
DK,L2,W0,L2_W0,0.16919095790316177,103,37,0.0,MA:PV,0.1442462733345761,Europe,GB:WIND,0.08220377132929443,GB:WIND,0.07244981318259006
DK,L2,W1,L2_W1,0.1490273158759767,103,35,0.05836678720387513,MA:PV,0.1553587422751819,Europe,GB:WIND,0.08183099970021036,GB:WIND,0.07227583279268518
DK,L2,W2,L2_W2,0.12256829586807298,103,33,0.13524689582595598,MA:PV,0.19249490105132447,Europe,GB:WIND,0.07989265506098156,TR:PV,0.074011655783315
DK,L2,W3,L2_W3,0.11090616114195058,103,33,0.16848801699494242,MA:PV,0.2060216453480092,Europe,TR:PV,0.08014645054274727,GB:WIND,0.07656248005749502
DK,L3,W0,L3_W0,0.0762146435496351,461,75,0.0,EG:PV,0.1313964143443476,Europe,OM:PV,0.09189661430974701,CL:PV,0.0878079575430955
DK,L3,W1,L3_W1,0.060181492735244604,461,66,0.05053211469368064,EG:PV,0.12325109716203646,Europe,OM:PV,0.09864832068973686,CL:PV,0.07368883554783728
DK,L3,W2,L3_W2,0.05290600542761867,461,63,0.07570640577969605,EG:PV,0.11259206071615926,Europe,OM:PV,0.1060035499795907,CL:PV,0.07864430219683397
DK,L3,W3,L3_W3,0.0527231552966746,461,64,0.0762146435496351,EG:PV,0.11283540064630694,Europe,OM:PV,0.10676170595912031,CL:PV,0.0782893586501768
DO,L0,W0,L0_W0,0.3254059022887917,2,2,0.0,DO:WIND,0.5935591977724761,North America,DO:PV,0.4064408022275217,,
DO,L0,W1,L0_W1,0.301780327496121,2,2,0.05472432833503109,DO:WIND,0.5840460338538097,North America,DO:PV,0.41595396614618835,,
DO,L0,W2,L0_W2,0.25691603760412346,2,2,0.15070939537632613,DO:WIND,0.5629813004184807,North America,DO:PV,0.43701869958151723,,
DO,L0,W3,L0_W3,0.1994930501270478,2,2,0.25988848381929874,DO:WIND,0.5383665725303737,North America,DO:PV,0.4616334274696245,,
DO,L1,W0,L1_W0,0.2453627177439216,8,6,0.0,CU:WIND,0.47899487253266565,North America,DO:WIND,0.22522649838231035,JM:PV,0.14836738975664998
DO,L1,W1,L1_W1,0.22185503454918817,8,6,0.05118348040700218,CU:WIND,0.4747891778844043,North America,DO:WIND,0.22388487611229665,JM:PV,0.1510206974247579
DO,L1,W2,L1_W2,0.1824421450032132,8,6,0.13354698901799908,CU:WIND,0.4677659473420145,North America,DO:WIND,0.21659403411533926,JM:PV,0.15905960927076807
DO,L1,W3,L1_W3,0.1443949263788993,8,6,0.21098842956298594,CU:WIND,0.4658496708802087,North America,DO:WIND,0.20130875511559398,JM:PV,0.1641805849419581
DO,L2,W0,L2_W0,0.22633249466852273,19,10,0.0,CU:WIND,0.34531027836704214,North America,DO:WIND,0.1958942086907354,HN:WIND,0.16317026237844026
DO,L2,W1,L2_W1,0.2029882531998667,19,10,0.050046784095373456,CU:WIND,0.3410798936665066,North America,DO:WIND,0.19465036868394558,HN:WIND,0.16166316074461368
DO,L2,W2,L2_W2,0.16482495617698997,19,10,0.12981839190718542,CU:WIND,0.3320157221062486,North America,DO:WIND,0.1893730928570807,HN:WIND,0.1572800291062654
DO,L2,W3,L2_W3,0.13041131499345035,19,10,0.20001868219131264,CU:WIND,0.329081001006758,North America,DO:WIND,0.17906039832160506,HN:WIND,0.15207393642632477
DO,L3,W0,L3_W0,0.05073751795394431,461,103,0.0,US:PV,0.15564290269328956,North America,AU:PV,0.05667380297489566,CV:PV,0.047477021957778864
DO,L3,W1,L3_W1,0.03561139208855605,461,100,0.03752081400738511,US:PV,0.15862539950324095,North America,AU:PV,0.05659196178559043,CV:PV,0.04900770350242588
DO,L3,W2,L3_W2,0.030714878267859954,461,101,0.05053232991412163,US:PV,0.16791824469934158,North America,AU:PV,0.05886705453459387,CV:PV,0.05501693926935319
DO,L3,W3,L3_W3,0.030638403025603604,461,103,0.050736491797094094,US:PV,0.16823293427149064,North America,AU:PV,0.05911232933090326,CV:PV,0.05424655561225837
DZ,L0,W0,L0_W0,0.5386810553288525,1,1,0.0,DZ:PV,1.0000000000000002,Africa/MENA,,,,
DZ,L0,W1,L0_W1,0.5137166201046274,1,1,0.06002517264608249,DZ:PV,1.0000000000000002,Africa/MENA,,,,
DZ,L0,W2,L0_W2,0.4567805051954465,1,1,0.17618126320714056,DZ:PV,0.9999999999999999,Africa/MENA,,,,
DZ,L0,W3,L0_W3,0.3501929365947626,1,1,0.3396347694881263,DZ:PV,1.0,Africa/MENA,,,,
DZ,L1,W0,L1_W0,0.18870512225749683,42,20,0.0,LY:WIND,0.2653840706968999,Africa/MENA,PT:PV,0.14126221029159156,FR:WIND,0.07881410246326924
DZ,L1,W1,L1_W1,0.1666550580291521,42,19,0.05505680929679076,LY:WIND,0.2614111389057818,Africa/MENA,PT:PV,0.148284930259271,ES:WIND,0.07938080474413542
DZ,L1,W2,L1_W2,0.13422848932927023,42,20,0.13567100529556525,LY:WIND,0.24925506204818704,Africa/MENA,PT:PV,0.1656220884214969,ES:WIND,0.07998232155017283
DZ,L1,W3,L1_W3,0.1146073440379028,42,22,0.1845716105248099,LY:WIND,0.24062832153865762,Africa/MENA,PT:PV,0.17679758519417013,ES:WIND,0.0802966850400831
DZ,L2,W0,L2_W0,0.16491910668211024,111,31,0.0,EG:WIND,0.17989371085934572,Africa/MENA,LY:WIND,0.10260412626845482,MR:PV,0.0815787892621566
DZ,L2,W1,L2_W1,0.14314998416076716,111,30,0.054756522144222705,EG:WIND,0.17962158748781104,Africa/MENA,LY:WIND,0.1016549484368609,MR:PV,0.088163359113628
DZ,L2,W2,L2_W2,0.11343049725634745,111,29,0.12962136409314665,EG:WIND,0.17706179289461912,Africa/MENA,MR:PV,0.10445113258379118,LY:WIND,0.09483980794711006
DZ,L2,W3,L2_W3,0.09957739625585502,111,29,0.16402139515046132,EG:WIND,0.18189704715511107,Africa/MENA,MR:PV,0.11805568366064692,LY:WIND,0.09163882268276924
DZ,L3,W0,L3_W0,0.07589352367272348,461,83,0.0,US:PV,0.13389720361304358,Africa/MENA,MX:PV,0.0756623464885498,US:PV,0.06143363372125548
DZ,L3,W1,L3_W1,0.05716480423267566,461,85,0.04019482744096763,US:PV,0.13038257518763494,Africa/MENA,MX:PV,0.07981840224048832,US:PV,0.06262243889269158
DZ,L3,W2,L3_W2,0.043275761875747464,461,88,0.07178243459001167,US:PV,0.12886490118406813,Africa/MENA,MX:PV,0.07671583734916704,US:PV,0.07359685366617633
DZ,L3,W3,L3_W3,0.04155467648672748,461,89,0.07585284492245441,US:PV,0.1320958973261329,Africa/MENA,MX:PV,0.07781419668880361,US:PV,0.07284696524780998
EC,L0,W0,L0_W0,0.48862737148743557,1,1,0.0,EC:PV,1.0,Latin America,,,,
EC,L0,W1,L0_W1,0.46340108641053884,1,1,0.0567906582912345,EC:PV,0.9999999999999999,Latin America,,,,
EC,L0,W2,L0_W2,0.4084506165069708,1,1,0.16479603886433003,EC:PV,1.0,Latin America,,,,
EC,L0,W3,L0_W3,0.3132283916640784,1,1,0.31554679723988494,EC:PV,1.0000000000000002,Latin America,,,,
EC,L1,W0,L1_W0,0.4788598382223543,4,4,0.0,CR:PV,0.35244920208813213,Latin America,EC:PV,0.327271066785334,PA:PV,0.19061152416448063
EC,L1,W1,L1_W1,0.45368040335541787,4,4,0.055380480420929384,CR:PV,0.3428318062959127,Latin America,EC:PV,0.3216745017934247,PA:PV,0.19124021478738049
EC,L1,W2,L1_W2,0.39892483820313906,4,4,0.16089709434276722,CR:PV,0.32396048517668613,Latin America,EC:PV,0.31233799839849613,PA:PV,0.19077199009555854
EC,L1,W3,L1_W3,0.3036399474027296,4,4,0.3085801743749047,EC:PV,0.3025109674138695,Latin America,CR:PV,0.2976393043931395,CO:PV,0.21385039861992922
EC,L2,W0,L2_W0,0.19652561396013404,22,10,0.0,PE:WIND,0.3941504304509192,Latin America,CU:WIND,0.19114452950436672,HN:WIND,0.12758405656188668
EC,L2,W1,L2_W1,0.17396322647095433,22,10,0.05399405370117128,PE:WIND,0.3904564540249317,Latin America,CU:WIND,0.19157119433497893,HN:WIND,0.12768784900642136
EC,L2,W2,L2_W2,0.1403914512629358,22,10,0.1345453953704013,PE:WIND,0.3805282586378326,Latin America,CU:WIND,0.19333427514037116,HN:WIND,0.12428362810413797
EC,L2,W3,L2_W3,0.11796594549716558,22,10,0.1893094724882854,PE:WIND,0.36760184157644643,Latin America,CU:WIND,0.19667684916977118,HN:WIND,0.12038748033396329
EC,L3,W0,L3_W0,0.08351508513561161,461,65,0.0,US:PV,0.19241747860204933,Latin America,AU:PV,0.05850993241604469,CL:PV,0.05155630088834032
EC,L3,W1,L3_W1,0.06482556657551598,461,63,0.047715538356164225,US:PV,0.19388746718635094,Latin America,AU:PV,0.058964947235155774,CL:PV,0.0531868339481682
EC,L3,W2,L3_W2,0.05218201123238584,461,57,0.08134978399101998,US:PV,0.20473056054626088,Latin America,AU:PV,0.06098191034491577,PY:PV,0.05798740808838967
EC,L3,W3,L3_W3,0.05135801962027968,461,57,0.08347431953148693,US:PV,0.20666532533194287,Latin America,AU:PV,0.060872745819176115,PY:PV,0.058779207783762374
EE,L0,W0,L0_W0,0.3795217485238226,1,1,0.0,EE:WIND,1.0,Europe,,,,
EE,L0,W1,L0_W1,0.35544618116221616,1,1,0.0587176075427675,EE:WIND,1.0,Europe,,,,
EE,L0,W2,L0_W2,0.30696108460412297,1,1,0.16579351808293336,EE:WIND,1.0,Europe,,,,
EE,L0,W3,L0_W3,0.2415461886818606,1,1,0.29408118000606565,EE:WIND,1.0,Europe,,,,
EE,L1,W0,L1_W0,0.19796402894478254,32,17,0.0,DK:WIND,0.13392183365743668,Europe,NL:WIND,0.1330107079735357,NL:PV,0.09036658316865355
EE,L1,W1,L1_W1,0.17738490772016782,32,17,0.06036265281670571,NL:WIND,0.1312853127415665,Europe,DK:WIND,0.1307987650055571,NL:WIND,0.09325090539872098
EE,L1,W2,L1_W2,0.1480294849425465,32,18,0.14838779393836987,NL:WIND,0.12897585880885917,Europe,DK:WIND,0.11904751929954725,NL:WIND,0.10749452743681734
EE,L1,W3,L1_W3,0.13260254801406524,32,17,0.19470522184223324,NL:WIND,0.14038777282156562,Europe,NL:WIND,0.13235475691065174,DK:WIND,0.10933570862382906
EE,L2,W0,L2_W0,0.1663407004083028,98,34,0.0,TR:PV,0.08734551777765642,Europe,GB:WIND,0.08353620334423194,ES:PV,0.07636239491827518
EE,L2,W1,L2_W1,0.14697687782165308,98,35,0.06083457684001627,TR:PV,0.08994416885782285,Europe,ES:PV,0.08417213258873593,GB:WIND,0.0815904624346518
EE,L2,W2,L2_W2,0.12213897086959484,98,35,0.13895522941911756,TR:PV,0.10866723694679462,Europe,ES:PV,0.10209643247220766,GB:WIND,0.07660206597623621
EE,L2,W3,L2_W3,0.11321460001256792,98,35,0.16607493027867912,TR:PV,0.1213595529823556,Europe,ES:PV,0.09860739752238876,GB:WIND,0.08120167179270658
EE,L3,W0,L3_W0,0.07773128362305301,461,80,0.0,CL:PV,0.07393232341074846,Europe,OM:PV,0.07331006973589049,EG:PV,0.0716325914840995
EE,L3,W1,L3_W1,0.06096533798498965,461,82,0.048720914779052105,CL:PV,0.07737107441133384,Europe,OM:PV,0.07651689853168879,CL:PV,0.07473952700295253
EE,L3,W2,L3_W2,0.051760200360286515,461,78,0.07685444060071456,CL:PV,0.09171749886253569,Europe,CL:PV,0.09139776202389792,OM:PV,0.08592624544292975
EE,L3,W3,L3_W3,0.05144592043847443,461,78,0.07772807105653211,CL:PV,0.09239311317923285,Europe,CL:PV,0.09135857851525918,OM:PV,0.08790166401490064
EG,L0,W0,L0_W0,0.2616909103895914,2,2,0.0,EG:WIND,0.8135190546921967,Africa/MENA,EG:PV,0.18648094530779205,,
EG,L0,W1,L0_W1,0.23868480229245803,2,2,0.05054368575559771,EG:WIND,0.8150257935977164,Africa/MENA,EG:PV,0.18497420640227263,,
EG,L0,W2,L0_W2,0.2026422375276729,2,2,0.129097786001883,EG:WIND,0.8266782755398625,Africa/MENA,EG:PV,0.17332172446012636,,
EG,L0,W3,L0_W3,0.16527412570501018,2,2,0.2095919797054186,EG:WIND,0.8340397828242362,Africa/MENA,EG:PV,0.16596021717575243,,
EG,L1,W0,L1_W0,0.23769016656312594,10,4,0.0,EG:WIND,0.6519498546751573,Africa/MENA,TR:WIND,0.18390423630389482,EG:PV,0.10839476910232904
EG,L1,W1,L1_W1,0.21453302368706934,10,4,0.052698856302742556,EG:WIND,0.6500737248430306,Africa/MENA,TR:WIND,0.18056239439648344,EG:PV,0.11151755381909527
EG,L1,W2,L1_W2,0.17844242782767514,10,4,0.13380129019491355,EG:WIND,0.6599371113721894,Africa/MENA,TR:WIND,0.17013607390386612,EG:PV,0.10930430397449829
EG,L1,W3,L1_W3,0.1466838052647079,10,4,0.20589255026381184,EG:WIND,0.6852650223818054,Africa/MENA,TR:WIND,0.1517196136459903,EG:PV,0.10259798072691885
EG,L2,W0,L2_W0,0.1530100883635881,41,13,0.0,EG:WIND,0.18723347080633113,Africa/MENA,ET:WIND,0.16858201615248872,DZ:PV,0.13189526102303098
EG,L2,W1,L2_W1,0.1312985995821762,41,13,0.05325145093334495,EG:WIND,0.18381452835288692,Africa/MENA,ET:WIND,0.1688366241337369,DZ:PV,0.13542280459561426
EG,L2,W2,L2_W2,0.10364480990076291,41,12,0.12315828056681268,EG:WIND,0.17854084965667638,Africa/MENA,ET:WIND,0.17649128177870424,DZ:PV,0.14487365276723566
EG,L2,W3,L2_W3,0.09255305440019722,41,12,0.15166711173683742,ET:WIND,0.18702006455901002,Africa/MENA,EG:WIND,0.18006852930585174,DZ:PV,0.15271258349333222
EG,L3,W0,L3_W0,0.07280917101150293,461,92,0.0,US:PV,0.07146607938196618,Africa/MENA,MX:PV,0.06492794405604263,PS:PV,0.05967420247555734
EG,L3,W1,L3_W1,0.05617041546355367,461,93,0.045357125170806166,MX:PV,0.07590207564191798,Africa/MENA,US:PV,0.06958545878288215,PS:PV,0.05658417475335177
EG,L3,W2,L3_W2,0.04737661207523433,461,93,0.07124856724176536,MX:PV,0.0818108948484657,Africa/MENA,US:PV,0.06268499779154826,CL:PV,0.06017709449389388
EG,L3,W3,L3_W3,0.04676264320456275,461,92,0.07280917101150293,MX:PV,0.08242160169485446,Africa/MENA,US:PV,0.06227063851823093,CL:PV,0.0611332947031123
ES,L0,W0,L0_W0,0.23081986491561615,12,11,0.0,ES:WIND,0.21418384960601602,Europe,ES:PV,0.15198297320111612,ES:WIND,0.15089786530637142
ES,L0,W1,L0_W1,0.20846938861292919,12,11,0.053837877194109325,ES:WIND,0.2110085619240824,Europe,ES:WIND,0.14942609485051472,ES:PV,0.14783643565740742
ES,L0,W2,L0_W2,0.1736127902415327,12,11,0.1380515527505975,ES:WIND,0.20563683973096256,Europe,ES:WIND,0.1445104693904043,ES:PV,0.14383159737413276
ES,L0,W3,L0_W3,0.14413576361352065,12,11,0.21070169825488258,ES:WIND,0.20181530543799137,Europe,ES:PV,0.1469003551731932,ES:WIND,0.13978440394534397
ES,L1,W0,L1_W0,0.19016781393577536,40,20,0.0,BE:WIND,0.17989402415061373,Europe,IE:WIND,0.09517271679592143,ES:WIND,0.08386463464846351
ES,L1,W1,L1_W1,0.16923195930599147,40,20,0.05779783270417205,BE:WIND,0.17766731554767046,Europe,IE:WIND,0.09385461359184238,MA:PV,0.09005520451833206
ES,L1,W2,L1_W2,0.14053158812831465,40,21,0.13899440239766592,BE:WIND,0.17287569612050602,Europe,MA:PV,0.11765551813300579,IE:WIND,0.08851516600990411
ES,L1,W3,L1_W3,0.12401374735412968,40,21,0.18645562758554898,BE:WIND,0.17092628311858385,Europe,MA:PV,0.13515762900289738,IE:WIND,0.08325835835602337
ES,L2,W0,L2_W0,0.17563224299061056,102,38,0.0,MR:PV,0.15196699848937104,Europe,MR:WIND,0.1062858597702575,GB:WIND,0.08014730826715347
ES,L2,W1,L2_W1,0.15523001875253056,102,37,0.05923979908354332,MR:PV,0.16182935019122363,Europe,MR:WIND,0.10450973846589298,TR:PV,0.08509319147846024
ES,L2,W2,L2_W2,0.1275833767658303,102,31,0.1389307096533526,MR:PV,0.19198953608542352,Europe,MR:WIND,0.10451492645671816,TR:PV,0.10111069323735188
ES,L2,W3,L2_W3,0.11433611429900103,102,29,0.17496569538329929,MR:PV,0.21340265166024155,Europe,TR:PV,0.11190466628877897,MR:WIND,0.10588815217635468
ES,L3,W0,L3_W0,0.09192401640025054,461,71,0.0,EG:PV,0.11048670588487797,Europe,MX:PV,0.0984787537730567,CL:PV,0.076314020351509
ES,L3,W1,L3_W1,0.07516231089313603,461,70,0.054125298822456806,EG:PV,0.10446690749706256,Europe,MX:PV,0.10317972537428514,CL:PV,0.08562476049753172
ES,L3,W2,L3_W2,0.06454975567212616,461,66,0.09063536334858088,MX:PV,0.10502644931544386,Europe,EG:PV,0.10362725853991034,CL:PV,0.10327045235038157
ES,L3,W3,L3_W3,0.06413062276895576,461,66,0.09191776379088966,EG:PV,0.10467799881266542,Europe,MX:PV,0.10425245153547619,CL:PV,0.10370929554138944
ET,L0,W0,L0_W0,0.36383016938544155,1,1,0.0,ET:WIND,0.9999999999999999,Africa/MENA,,,,
ET,L0,W1,L0_W1,0.34010065766325115,1,1,0.05802601079828046,ET:WIND,1.0,Africa/MENA,,,,
ET,L0,W2,L0_W2,0.2941997623664155,1,1,0.16164220961265632,ET:WIND,1.0,Africa/MENA,,,,
ET,L0,W3,L0_W3,0.23512355378866057,1,1,0.28336080461117863,ET:WIND,0.9999999999999999,Africa/MENA,,,,
ET,L1,W0,L1_W0,0.25911930488193186,4,3,0.0,ET:WIND,0.4650143981514233,Africa/MENA,UG:PV,0.3167973598478841,KE:WIND,0.2181882420006841
ET,L1,W1,L1_W1,0.23563140296288787,4,3,0.05390221469937449,ET:WIND,0.46189462155994554,Africa/MENA,UG:PV,0.3208250277143808,KE:WIND,0.21728035072566493
ET,L1,W2,L1_W2,0.1954083269330652,4,3,0.14311904976855302,ET:WIND,0.4571211554730255,Africa/MENA,UG:PV,0.32910458259867376,KE:WIND,0.21377426192829233
ET,L1,W3,L1_W3,0.15617737399730597,4,3,0.2280347797708111,ET:WIND,0.4596775612579078,Africa/MENA,UG:PV,0.33898660214654347,KE:WIND,0.20133583659554063
ET,L2,W0,L2_W0,0.20539099953595663,19,10,0.0,EG:WIND,0.30016845224482896,Africa/MENA,ET:WIND,0.2904591157814407,IL:WIND,0.1202609011310144
ET,L2,W1,L2_W1,0.18268798583361043,19,9,0.054458264885654195,EG:WIND,0.29841533596223807,Africa/MENA,ET:WIND,0.2878861813830997,IL:WIND,0.11918337411993396
ET,L2,W2,L2_W2,0.1476174694732416,19,9,0.13723397392543965,EG:WIND,0.29386723525464326,Africa/MENA,ET:WIND,0.2808017500358268,ZM:PV,0.12650578823952788
ET,L2,W3,L2_W3,0.12323500713038786,19,9,0.19586502649547613,EG:WIND,0.28915166091157535,Africa/MENA,ET:WIND,0.2784757573488827,ZM:PV,0.12501406825224473
ET,L3,W0,L3_W0,0.0813987125198315,461,92,0.0,PE:PV,0.08270369078078975,Africa/MENA,SR:PV,0.04566972634033165,BO:PV,0.040000199511732316
ET,L3,W1,L3_W1,0.062339335184138575,461,89,0.04446677876891482,PE:PV,0.08176961167367018,Africa/MENA,SR:PV,0.04375336604624883,BH:PV,0.03902239484731865
ET,L3,W2,L3_W2,0.048989988082034176,461,90,0.07787911286368095,PE:PV,0.09251447488821653,Africa/MENA,SR:PV,0.050293836823299555,BR:PV,0.0393211957849004
ET,L3,W3,L3_W3,0.04760862217843149,461,90,0.08138412722757052,PE:PV,0.09522838414433554,Africa/MENA,SR:PV,0.050611317063539704,BR:PV,0.04113460340199713
FI,L0,W0,L0_W0,0.4072480778416622,1,1,0.0,FI:WIND,0.9999999999999998,Europe,,,,
FI,L0,W1,L0_W1,0.38245695074038405,1,1,0.05688764607743438,FI:WIND,0.9999999999999998,Europe,,,,
FI,L0,W2,L0_W2,0.32989737335786623,1,1,0.16331222912055834,FI:WIND,0.9999999999999999,Europe,,,,
FI,L0,W3,L0_W3,0.2502183230933277,1,1,0.30037188322066044,FI:WIND,0.9999999999999997,Europe,,,,
FI,L1,W0,L1_W0,0.20231822394044033,12,9,0.0,DK:WIND,0.3754138490754413,Europe,EE:WIND,0.1091038702831435,NO:WIND,0.10088692045689107
FI,L1,W1,L1_W1,0.18044967835171635,12,9,0.0575872085252312,DK:WIND,0.37030607433235296,Europe,EE:WIND,0.1101318444557906,NO:WIND,0.09939853238434458
FI,L1,W2,L1_W2,0.1482792977198912,12,9,0.14351120361362318,DK:WIND,0.3621984528459051,Europe,EE:WIND,0.11171589534773489,DK:PV,0.10635722320501999
FI,L1,W3,L1_W3,0.1286659902830251,12,9,0.1966133528302282,DK:WIND,0.37528608312771505,Europe,DK:PV,0.10903962317327523,EE:WIND,0.10891303134374163
FI,L2,W0,L2_W0,0.1601095408252837,83,31,0.0,GB:WIND,0.10446297595261508,Europe,GB:WIND,0.06447222261180859,TR:PV,0.05668881442770971
FI,L2,W1,L2_W1,0.13993728696290983,83,31,0.057694868152610546,GB:WIND,0.10372292229209096,Europe,GB:WIND,0.06306216833326482,TR:PV,0.059908826801722055
FI,L2,W2,L2_W2,0.1150565884927894,83,32,0.13149315866077968,GB:WIND,0.10261796340479819,Europe,TR:PV,0.0724659903278414,GB:WIND,0.057333125625197004
FI,L2,W3,L2_W3,0.10560786062555173,83,33,0.15962050771287914,GB:WIND,0.10439507360539707,Europe,TR:PV,0.08075107680697319,DE:WIND,0.06949902970702417
FI,L3,W0,L3_W0,0.08065202644706947,461,84,0.0,OM:PV,0.10220243789534872,Europe,CL:PV,0.07295982814516987,AR:PV,0.046583498548883134
FI,L3,W1,L3_W1,0.06485031572788975,461,78,0.05055232764693002,OM:PV,0.10504750872700978,Europe,CL:PV,0.08158620609882433,IN:PV,0.04625759040735673
FI,L3,W2,L3_W2,0.056795717013745244,461,77,0.07881753762215234,OM:PV,0.1154708374464714,Europe,CL:PV,0.10117496076847571,IN:PV,0.04995111624623402
FI,L3,W3,L3_W3,0.05598867099123639,461,81,0.08057461417331269,OM:PV,0.11708488917174194,Europe,CL:PV,0.1006703922652784,IN:PV,0.05222622149275784
FJ,L0,W0,L0_W0,0.474949713986408,1,1,0.0,FJ:WIND,1.0,Asia-Pacific,,,,
FJ,L0,W1,L0_W1,0.4514902928232045,1,1,0.06295736304198339,FJ:WIND,1.0,Asia-Pacific,,,,
FJ,L0,W2,L0_W2,0.4020580662743227,1,1,0.18092743083212107,FJ:WIND,1.0,Asia-Pacific,,,,
FJ,L0,W3,L0_W3,0.3242938126708932,1,1,0.3357196244283441,FJ:WIND,0.9999999999999999,Asia-Pacific,,,,
FJ,L1,W0,L1_W0,0.474949713986408,1,1,0.0,FJ:WIND,1.0,Asia-Pacific,,,,
FJ,L1,W1,L1_W1,0.4514902928232045,1,1,0.06295736304198339,FJ:WIND,1.0,Asia-Pacific,,,,
FJ,L1,W2,L1_W2,0.4020580662743227,1,1,0.18092743083212107,FJ:WIND,1.0,Asia-Pacific,,,,
FJ,L1,W3,L1_W3,0.3242938126708932,1,1,0.3357196244283441,FJ:WIND,0.9999999999999999,Asia-Pacific,,,,
FJ,L2,W0,L2_W0,0.32099189093566083,2,2,0.0,NZ:WIND,0.6636180740893699,Asia-Pacific,FJ:WIND,0.3363819259106346,,
FJ,L2,W1,L2_W1,0.29771717419504784,2,2,0.05662851235030025,NZ:WIND,0.6674509291626259,Asia-Pacific,FJ:WIND,0.33254907083737845,,
FJ,L2,W2,L2_W2,0.2558386240228504,2,2,0.15427297175373492,NZ:WIND,0.6757838289307992,Asia-Pacific,FJ:WIND,0.32421617106920547,,
FJ,L2,W3,L2_W3,0.2075999765873185,2,2,0.26141682265138083,NZ:WIND,0.6825449638779982,Asia-Pacific,FJ:WIND,0.3174550361220062,,
FJ,L3,W0,L3_W0,0.08181088714678576,461,79,0.0,US:PV,0.1848622307207089,Asia-Pacific,AU:PV,0.05985036267298569,KW:PV,0.047866474459664625
FJ,L3,W1,L3_W1,0.06336837537174171,461,81,0.04682939664082732,US:PV,0.1836022559388755,Asia-Pacific,AU:PV,0.05481265192452018,KW:PV,0.048843278667238546
FJ,L3,W2,L3_W2,0.051242492832011884,461,82,0.07930427432467071,US:PV,0.18888961085262773,Asia-Pacific,KW:PV,0.05150984108963897,AU:PV,0.05131600292603297
FJ,L3,W3,L3_W3,0.05022093864619799,461,79,0.08181088714678576,US:PV,0.19301238332798928,Asia-Pacific,AU:PV,0.05198715636972543,KW:PV,0.049613085827684346
FR,L0,W0,L0_W0,0.2191470701359016,17,14,0.0,FR:WIND,0.1753890748037988,Europe,FR:WIND,0.14850283342269396,FR:PV,0.13687543177433026
FR,L0,W1,L0_W1,0.19655161454899087,17,14,0.054026662141464704,FR:WIND,0.17400629658385386,Europe,FR:WIND,0.14658072744474596,FR:PV,0.13612571610613847
FR,L0,W2,L0_W2,0.16191623805815056,17,13,0.13755330920323258,FR:WIND,0.16965189390105379,Europe,FR:WIND,0.14148419417243077,FR:PV,0.13291752780187446
FR,L0,W3,L0_W3,0.13509438514945207,17,14,0.2040379507879223,FR:WIND,0.16883394687112527,Europe,FR:WIND,0.13202612707154104,FR:PV,0.12642222129564137
FR,L1,W0,L1_W0,0.17503017807438395,85,36,0.0,GB:WIND,0.11283800249576191,Europe,GB:WIND,0.10321975945174935,PT:PV,0.07274485936501462
FR,L1,W1,L1_W1,0.15474216287601233,85,34,0.05788050648056062,GB:WIND,0.11151164171867593,Europe,GB:WIND,0.10223517546050521,PT:PV,0.07642958312246635
FR,L1,W2,L1_W2,0.12823371098078462,85,33,0.13600536522606876,GB:WIND,0.10861007552027958,Europe,GB:WIND,0.09832150623855213,PT:PV,0.08525869483278178
FR,L1,W3,L1_W3,0.11569633784828894,85,36,0.1735951987616252,GB:WIND,0.11339547449585084,Europe,GB:WIND,0.09724601058853645,PT:PV,0.08842318873743328
FR,L2,W0,L2_W0,0.16995826322139473,103,37,0.0,MA:PV,0.12551369286662042,Europe,GB:WIND,0.10134939338674802,GB:WIND,0.07773595146603442
FR,L2,W1,L2_W1,0.14971855827946903,103,35,0.058368287345934564,MA:PV,0.1420082185755582,Europe,GB:WIND,0.09985631197661182,GB:WIND,0.07667607899473189
FR,L2,W2,L2_W2,0.12293252350224983,103,35,0.13577591343649273,MA:PV,0.18421918276501226,Europe,GB:WIND,0.09910929821622129,TR:PV,0.07831677914391875
FR,L2,W3,L2_W3,0.11079175655252703,103,34,0.16927323685468282,MA:PV,0.2063062275807843,Europe,GB:WIND,0.10416826272269342,TR:PV,0.08410551354067614
FR,L3,W0,L3_W0,0.07610861050554085,461,84,0.0,CL:PV,0.13424882278310454,Europe,EG:PV,0.0941033851020506,MX:PV,0.06531255267364461
FR,L3,W1,L3_W1,0.06062283218132734,461,79,0.049864435397242585,CL:PV,0.12742793510340525,Europe,EG:PV,0.0990643232314831,MX:PV,0.07209930068537632
FR,L3,W2,L3_W2,0.053582358897180556,461,68,0.07576320574740192,CL:PV,0.14940369710849258,Europe,EG:PV,0.09453683389910612,MX:PV,0.0742044095947682
FR,L3,W3,L3_W3,0.05344279228444553,461,69,0.07610861050554087,CL:PV,0.15011597177831126,Europe,EG:PV,0.09465523201448242,MX:PV,0.07413192559458277
GB,L0,W0,L0_W0,0.196152581014297,16,10,0.0,GB:WIND,0.37125866546358843,Europe,GB:WIND,0.26445980830056154,GB:WIND,0.1291747961187477
GB,L0,W1,L0_W1,0.17503199488151985,16,11,0.05840056483804625,GB:WIND,0.36771536158547624,Europe,GB:WIND,0.26324423429797844,GB:WIND,0.1257309410008063
GB,L0,W2,L0_W2,0.1466777782958159,16,11,0.13954416615531348,GB:WIND,0.36330717597604933,Europe,GB:WIND,0.2573223016236962,GB:PV,0.14069450395676697
GB,L0,W3,L0_W3,0.13026365410890306,16,11,0.18875268019236038,GB:WIND,0.366773149824642,Europe,GB:WIND,0.252650982151968,GB:PV,0.1556768476243508
GB,L1,W0,L1_W0,0.1738864046204482,64,29,0.0,GB:WIND,0.1330683550992108,Europe,GB:WIND,0.1045220989771784,DK:WIND,0.06595274599585647
GB,L1,W1,L1_W1,0.15372149709881275,64,29,0.05867832062032882,GB:WIND,0.13350380592626798,Europe,GB:WIND,0.10256757891750296,DK:WIND,0.06099379343631222
GB,L1,W2,L1_W2,0.12772453534689615,64,29,0.1367273906602074,GB:WIND,0.1307517432103407,Europe,GB:WIND,0.09788505307182083,DE:WIND,0.06256544371964183
GB,L1,W3,L1_W3,0.11615687551320857,64,29,0.17205787721954452,GB:WIND,0.1307884627059571,Europe,GB:WIND,0.10307902963486017,DE:WIND,0.07900371667302876
GB,L2,W0,L2_W0,0.164740845293156,99,38,0.0,MA:PV,0.13365986501355742,Europe,GB:WIND,0.10488990949975673,GB:WIND,0.08776949966721334
GB,L2,W1,L2_W1,0.14464796983114964,99,38,0.05750435935019397,MA:PV,0.1535788468621075,Europe,GB:WIND,0.10397111081781937,GB:WIND,0.08687897041861518
GB,L2,W2,L2_W2,0.11869356142498211,99,36,0.13274880176673434,MA:PV,0.19388298142734137,Europe,GB:WIND,0.1034485982302316,GB:WIND,0.0847324222136945
GB,L2,W3,L2_W3,0.10787903689370197,99,35,0.16400984916944641,MA:PV,0.21613127014213823,Europe,GB:WIND,0.1085817952845096,GB:WIND,0.08833574054076021
GB,L3,W0,L3_W0,0.06806644104747162,461,83,0.0,EG:PV,0.12507878538049652,Europe,MX:PV,0.09422724034974628,CL:PV,0.06982956372378149
GB,L3,W1,L3_W1,0.054451624322991464,461,77,0.04790096937372986,EG:PV,0.12941609914095922,Europe,MX:PV,0.10680224443916486,CL:PV,0.0915219506352786
GB,L3,W2,L3_W2,0.04923091219154404,461,75,0.06766646401258435,EG:PV,0.12501543382950997,Europe,MX:PV,0.11626203235661521,CL:PV,0.10633673519441107
GB,L3,W3,L3_W3,0.04907679298622249,461,75,0.06806644104747162,EG:PV,0.12496327547476997,Europe,MX:PV,0.11666256891969354,CL:PV,0.10642272812164935
GF,L0,W0,L0_W0,0.4977273490970264,1,1,0.0,GF:PV,0.9999999999999998,Latin America,,,,
GF,L0,W1,L0_W1,0.4730328127589855,1,1,0.05929437029042045,GF:PV,0.9999999999999997,Latin America,,,,
GF,L0,W2,L0_W2,0.41944643208575677,1,1,0.17217568162271218,GF:PV,0.9999999999999999,Latin America,,,,
GF,L0,W3,L0_W3,0.3302594688897174,1,1,0.3248305709646,GF:PV,0.9999999999999998,Latin America,,,,
GF,L1,W0,L1_W0,0.47614136419253844,3,3,0.0,LC:PV,0.7313122314649442,Latin America,SR:PV,0.14734045205550653,GF:PV,0.12134731647954994
GF,L1,W1,L1_W1,0.4511093819476053,3,3,0.05586408748332951,LC:PV,0.7375805096150702,Latin America,SR:PV,0.1516681832468493,GF:PV,0.11075130713808083
GF,L1,W2,L1_W2,0.3969360117819931,3,3,0.16145711548607353,LC:PV,0.7505200700796436,Latin America,SR:PV,0.15815149713236634,GF:PV,0.09132843278799038
GF,L1,W3,L1_W3,0.30443490299951786,3,3,0.30805576387968314,LC:PV,0.7651818551795363,Latin America,SR:PV,0.16683715516653155,GF:PV,0.06798098965393269
GF,L2,W0,L2_W0,0.2031826333092861,22,12,0.0,BR:WIND,0.2823377832163266,Latin America,BR:WIND,0.2104222427310227,BR:PV,0.08480158124162568
GF,L2,W1,L2_W1,0.18228472787881778,22,12,0.059708375931935044,BR:WIND,0.2826165336700284,Latin America,BR:WIND,0.21148178446914026,BR:PV,0.08727933748410083
GF,L2,W2,L2_W2,0.15303797331652033,22,13,0.14563450683567905,BR:WIND,0.28597588693145787,Latin America,BR:WIND,0.2198600322742231,BR:PV,0.10078268168988548
GF,L2,W3,L2_W3,0.13603611904826687,22,14,0.19666467688268993,BR:WIND,0.29158476785390125,Latin America,BR:WIND,0.22424091545933503,BR:PV,0.12017309159672983
GF,L3,W0,L3_W0,0.13256866323716782,461,53,0.0,US:PV,0.19182802405213503,Latin America,CL:PV,0.07753242553311143,PH:WIND,0.058886894231183644
GF,L3,W1,L3_W1,0.11380866197804491,461,50,0.05861609234799111,US:PV,0.19248439191097436,Latin America,CL:PV,0.08356551290252005,PH:WIND,0.06322041841321273
GF,L3,W2,L3_W2,0.09444138395738577,461,44,0.12268345760030608,US:PV,0.19434523318515926,Latin America,CL:PV,0.095371998871666,GH:PV,0.07099140793225536
GF,L3,W3,L3_W3,0.09147800709008694,461,44,0.13255241696621814,US:PV,0.19602569488750554,Latin America,CL:PV,0.0967436068811698,GH:PV,0.07490474006813297
GH,L0,W0,L0_W0,0.49395205691706945,1,1,0.0,GH:PV,1.0,Africa/MENA,,,,
GH,L0,W1,L0_W1,0.46878807285255547,1,1,0.05637953391162363,GH:PV,1.0,Africa/MENA,,,,
GH,L0,W2,L0_W2,0.41318469228302834,1,1,0.16452636821282912,GH:PV,1.0,Africa/MENA,,,,
GH,L0,W3,L0_W3,0.3140973061635059,1,1,0.31709436341521896,GH:PV,1.0,Africa/MENA,,,,
GH,L1,W0,L1_W0,0.48964314619916455,4,3,0.0,GH:PV,0.4678048815919339,Africa/MENA,BF:PV,0.46441766883198693,NE:PV,0.06777744957608024
GH,L1,W1,L1_W1,0.464428600624511,4,3,0.055767413616122315,GH:PV,0.4623546068903033,Africa/MENA,BF:PV,0.4592091055719698,NE:PV,0.07843628753772806
GH,L1,W2,L1_W2,0.4086792278434887,4,3,0.1626676960150775,GH:PV,0.45339052637642885,Africa/MENA,BF:PV,0.44660906036548914,NE:PV,0.1000004132580833
GH,L1,W3,L1_W3,0.3088578942337315,4,3,0.3136887595239377,GH:PV,0.4463496214197994,Africa/MENA,BF:PV,0.43481509686003605,NE:PV,0.1188352817201657
GH,L2,W0,L2_W0,0.22023406674502788,8,4,0.0,MR:WIND,0.5702799756906343,Africa/MENA,CV:PV,0.29470064396096574,NE:PV,0.11995025363953836
GH,L2,W1,L2_W1,0.1970860187949722,8,4,0.048245305483177556,MR:WIND,0.5645147248899725,Africa/MENA,CV:PV,0.2989738117804102,NE:PV,0.12453355258766297
GH,L2,W2,L2_W2,0.16015614345827509,8,4,0.12412911061861685,MR:WIND,0.5513149821235954,Africa/MENA,CV:PV,0.30589859558226773,NE:PV,0.12893694781938375
GH,L2,W3,L2_W3,0.12614561805559157,8,4,0.19425546027831647,MR:WIND,0.5360860092814533,Africa/MENA,CV:PV,0.30947794275919394,NE:PV,0.12540374282250424
GH,L3,W0,L3_W0,0.0644001045198751,461,96,0.0,CL:PV,0.06974985656452952,Africa/MENA,MX:PV,0.05839344994753327,US:PV,0.05493939920310299
GH,L3,W1,L3_W1,0.04801894552885829,461,92,0.041077259269679235,CL:PV,0.07092099625230643,Africa/MENA,MX:PV,0.057173983011304684,US:PV,0.05471108377992918
GH,L3,W2,L3_W2,0.04002899091058084,461,95,0.06291037931942595,CL:PV,0.06389683298882587,Africa/MENA,MX:PV,0.05849796159280844,US:PV,0.05425800504653121
GH,L3,W3,L3_W3,0.039503335049413474,461,98,0.0644001045198751,CL:PV,0.0627976420253693,Africa/MENA,MX:PV,0.057376970148143254,US:PV,0.053686561053651806
GR,L0,W0,L0_W0,0.3919553928035242,2,2,0.0,GR:PV,0.6549124440691566,Europe,GR:WIND,0.34508755593084367,,
GR,L0,W1,L0_W1,0.36780498377837123,2,2,0.05467842424267408,GR:PV,0.6610173428577588,Europe,GR:WIND,0.3389826571422416,,
GR,L0,W2,L0_W2,0.3191329536515157,2,2,0.15512604996329168,GR:PV,0.6728675707902383,Europe,GR:WIND,0.3271324292097622,,
GR,L0,W3,L0_W3,0.24864838495672145,2,2,0.28240681303271487,GR:PV,0.6881587300031654,Europe,GR:WIND,0.31184126999683515,,
GR,L1,W0,L1_W0,0.20858369386279058,26,13,0.0,LY:WIND,0.22997440653582596,Europe,TN:WIND,0.17752932498093557,LY:PV,0.1492010293460695
GR,L1,W1,L1_W1,0.18672611715488102,26,12,0.0564505900752483,LY:WIND,0.22686629300228608,Europe,TN:WIND,0.17620680947881162,LY:PV,0.161407537143915
GR,L1,W2,L1_W2,0.15334048499006214,26,12,0.14152605514220226,LY:WIND,0.2165912282425277,Europe,LY:PV,0.18812301977231624,TN:WIND,0.17274458910249152
GR,L1,W3,L1_W3,0.13008473180048272,26,13,0.20060845849130143,LY:PV,0.21201935013296835,Europe,LY:WIND,0.2031684274355869,TN:WIND,0.17377298900719987
GR,L2,W0,L2_W0,0.16724097009860558,115,40,0.0,MA:PV,0.1360187173812116,Europe,GB:WIND,0.09421925540288252,GB:WIND,0.07335179692753278
GR,L2,W1,L2_W1,0.14692268389418092,115,39,0.05702996657765155,MA:PV,0.15329858567814283,Europe,GB:WIND,0.09399891953087398,EE:WIND,0.07309249405369532
GR,L2,W2,L2_W2,0.12024197677385437,115,39,0.13195764464668402,MA:PV,0.19632428552581274,Europe,GB:WIND,0.09125675578441768,EE:WIND,0.07428137170237281
GR,L2,W3,L2_W3,0.10739915043835711,115,36,0.16647783378343345,MA:PV,0.2237946917384156,Europe,GB:WIND,0.09390149745665005,EE:WIND,0.07512711008938126
GR,L3,W0,L3_W0,0.0738493500204707,461,76,0.0,CL:PV,0.11578504413440449,Europe,CL:PV,0.07913405387234577,EG:PV,0.07162604236265144
GR,L3,W1,L3_W1,0.05830598721965543,461,76,0.04749745893877785,CL:PV,0.10214541961793015,Europe,CL:PV,0.0771251792767728,EG:PV,0.06624957062684121
GR,L3,W2,L3_W2,0.05077566486872129,461,77,0.07326857570120769,CL:PV,0.1026641145769503,Europe,CL:PV,0.07217827917720199,EG:PV,0.06065471555659135
GR,L3,W3,L3_W3,0.0505960708955663,461,76,0.0738493500204707,CL:PV,0.10441433313322293,Europe,CL:PV,0.07166480200001525,EG:PV,0.06111265723363425
GT,L0,W0,L0_W0,0.3743799125630104,2,2,0.0,GT:PV,0.7435062849039852,North America,GT:WIND,0.25649371509601476,,
GT,L0,W1,L0_W1,0.34987891404197646,2,2,0.052225069842181705,GT:PV,0.748412344398212,North America,GT:WIND,0.251587655601788,,
GT,L0,W2,L0_W2,0.30016115935492493,2,2,0.14824305477502953,GT:PV,0.7580052304219783,North America,GT:WIND,0.24199476957802155,,
GT,L0,W3,L0_W3,0.2278263932889402,2,2,0.2689546266404694,GT:PV,0.7692058874662526,North America,GT:WIND,0.2307941125337473,,
GT,L1,W0,L1_W0,0.22117441891398146,15,6,0.0,MX:WIND,0.4456343611318537,North America,MX:PV,0.3129342574046726,HN:WIND,0.09793791426364117
GT,L1,W1,L1_W1,0.19812667430534678,15,6,0.048366737757141405,MX:WIND,0.4388910667825502,North America,MX:PV,0.3174831673724179,HN:WIND,0.09541356363701042
GT,L1,W2,L1_W2,0.16163922311373838,15,6,0.12383879621005152,MX:WIND,0.42628005886407583,North America,MX:PV,0.32830399732934484,HN:WIND,0.09198556387502613
GT,L1,W3,L1_W3,0.12957292282545932,15,7,0.18938174159730004,MX:WIND,0.4332965269216287,North America,MX:PV,0.33691929772279167,HN:WIND,0.07446051594786599
GT,L2,W0,L2_W0,0.11081126497325154,111,36,0.0,US:PV,0.22937303902396491,North America,DO:PV,0.13908245708835318,MX:WIND,0.0856349840140814
GT,L2,W1,L2_W1,0.09079116298750659,111,37,0.048705695278002975,US:PV,0.23648892843664046,North America,DO:PV,0.14248156834691633,MX:WIND,0.08347542950599984
GT,L2,W2,L2_W2,0.0714919825751422,111,35,0.09807082573078738,US:PV,0.2513372393623669,North America,DO:PV,0.15646627468432336,MX:WIND,0.08237038103333973
GT,L2,W3,L2_W3,0.06664130594748462,111,35,0.11063591549795983,US:PV,0.25743604312678714,North America,DO:PV,0.16687204817162618,MX:WIND,0.08365918842402525
GT,L3,W0,L3_W0,0.06009787887081583,461,86,0.0,US:PV,0.12163483201051432,North America,CL:PV,0.058408808344653944,AU:PV,0.04687895008505724
GT,L3,W1,L3_W1,0.04293061184138485,461,83,0.04165092029080095,US:PV,0.12145092928853893,North America,CL:PV,0.05970810739846135,AU:PV,0.04743986655156631
GT,L3,W2,L3_W2,0.0360663798736972,461,86,0.05989511287654146,US:PV,0.12656697424102262,North America,CL:PV,0.05556015870348203,AU:PV,0.05002249250682937
GT,L3,W3,L3_W3,0.03599846793022204,461,86,0.06006688758957,US:PV,0.12689142267481185,North America,CL:PV,0.055723840346587214,AU:PV,0.050015392095461075
HN,L0,W0,L0_W0,0.3407928229263082,2,2,0.0,HN:PV,0.5281587597425822,North America,HN:WIND,0.4718412402574244,,
HN,L0,W1,L0_W1,0.31728588326261103,2,2,0.05261325109225197,HN:PV,0.5381892206227206,North America,HN:WIND,0.4618107793772856,,
HN,L0,W2,L0_W2,0.2716640625930421,2,2,0.14635649881396845,HN:PV,0.557686130875542,North America,HN:WIND,0.44231386912446397,,
HN,L0,W3,L0_W3,0.20989950660009926,2,2,0.25857999289056355,HN:PV,0.5801196976388407,North America,HN:WIND,0.4198803023611647,,
HN,L1,W0,L1_W0,0.26384023578939286,12,6,0.0,CU:WIND,0.46997564443803574,North America,HN:WIND,0.18413161540206907,SV:PV,0.11972220349290767
HN,L1,W1,L1_W1,0.24020468474405396,12,6,0.052556792323190084,CU:WIND,0.4670387663343219,North America,HN:WIND,0.18088094568347887,SV:PV,0.12600786264505331
HN,L1,W2,L1_W2,0.1998108069588304,12,6,0.13908438541212398,CU:WIND,0.4593007118088804,North America,HN:WIND,0.17397105421270123,SV:PV,0.1419439518006157
HN,L1,W3,L1_W3,0.15843389810687913,12,7,0.22402469493106372,CU:WIND,0.4531490882895443,North America,HN:WIND,0.16559756701523476,SV:PV,0.15096243744150262
HN,L2,W0,L2_W0,0.1152614264615009,112,33,0.0,US:PV,0.241587148942901,North America,LC:PV,0.12973323922525337,MX:WIND,0.09904423370889184
HN,L2,W1,L2_W1,0.09485671435338168,112,33,0.04860513448710172,US:PV,0.24782846789622986,North America,LC:PV,0.13217370044583285,MX:WIND,0.09760903461256074
HN,L2,W2,L2_W2,0.07410382199833118,112,33,0.09991383003393017,US:PV,0.26332761496392143,North America,LC:PV,0.15131475204012368,MX:WIND,0.09584283816015812
HN,L2,W3,L2_W3,0.06787696417820765,112,32,0.11502345073569535,US:PV,0.271349973754966,North America,LC:PV,0.163328126065666,MX:WIND,0.09689679448741464
HN,L3,W0,L3_W0,0.06271014407472275,461,88,0.0,US:PV,0.12570218221059884,North America,AU:PV,0.05257860917250752,MX:PV,0.0437597493178535
HN,L3,W1,L3_W1,0.045496624100171315,461,84,0.04196094295768721,US:PV,0.12477045786121234,North America,AU:PV,0.053544411436975026,MX:PV,0.046253059266454254
HN,L3,W2,L3_W2,0.037806528840471025,461,88,0.062228499869904384,US:PV,0.1316298948953591,North America,AU:PV,0.053316304022558,MX:PV,0.050985250049339834
HN,L3,W3,L3_W3,0.037641239754717705,461,88,0.06268434267509422,US:PV,0.1321097903342604,North America,AU:PV,0.05345558846531338,MX:PV,0.050744194007880314
HU,L0,W0,L0_W0,0.5329625090490686,1,1,0.0,HU:PV,0.9999999999999997,Europe,,,,
HU,L0,W1,L0_W1,0.5091864863045686,1,1,0.06344421004132574,HU:PV,0.9999999999999998,Europe,,,,
HU,L0,W2,L0_W2,0.45585396406374656,1,1,0.18515217361034453,HU:PV,0.9999999999999997,Europe,,,,
HU,L0,W3,L0_W3,0.36165282650728403,1,1,0.35191504888841335,HU:PV,0.9999999999999998,Europe,,,,
HU,L1,W0,L1_W0,0.1863015618337952,63,26,0.0,NL:WIND,0.08342963155085381,Europe,DK:WIND,0.08260331391425844,FR:WIND,0.0758575992899158
HU,L1,W1,L1_W1,0.16599465798248855,63,27,0.05982157140532132,NL:WIND,0.08321726829581941,Europe,DK:WIND,0.07817612414428086,FR:PV,0.07792059235358048
HU,L1,W2,L1_W2,0.1382799015438409,63,26,0.1428182617691054,TR:PV,0.08794606134102512,Europe,NL:WIND,0.08503187815411227,FR:WIND,0.0762550640862436
HU,L1,W3,L1_W3,0.12437561196986807,63,27,0.1842761832897087,TR:PV,0.09523276311438697,Europe,NL:WIND,0.08288681204177209,FR:WIND,0.07828192607611582
HU,L2,W0,L2_W0,0.16816794165870252,115,38,0.0,MA:PV,0.18893747633834515,Europe,IR:PV,0.07928921155107761,GB:WIND,0.07326456575511646
HU,L2,W1,L2_W1,0.14793407577378498,115,37,0.05814108903072401,MA:PV,0.19803407211083515,Europe,IR:PV,0.08265957500614184,GB:WIND,0.07198078339468353
HU,L2,W2,L2_W2,0.12116529056909896,115,39,0.13414837837154608,MA:PV,0.22146839792871226,Europe,IR:PV,0.09410363686994364,GB:WIND,0.07228117058780685
HU,L2,W3,L2_W3,0.10866194621807003,115,36,0.16763160807400457,MA:PV,0.23850816375994813,Europe,IR:PV,0.10841877762970425,GB:WIND,0.07586196086259743
HU,L3,W0,L3_W0,0.06950828598808342,461,77,0.0,CL:PV,0.11251242952259499,Europe,OM:PV,0.08740728408256644,CL:PV,0.0849529968486229
HU,L3,W1,L3_W1,0.05543883927517458,461,78,0.047924035758622,CL:PV,0.1125171209678811,Europe,OM:PV,0.09745439292541057,CL:PV,0.074162244906802
HU,L3,W2,L3_W2,0.0497037021638181,461,72,0.06903423845754265,OM:PV,0.11869807735436616,Europe,CL:PV,0.11477887732098767,CL:PV,0.082887269642068
HU,L3,W3,L3_W3,0.049547039566721296,461,71,0.06950828598808342,OM:PV,0.12085015367058291,Europe,CL:PV,0.11392695473649188,CL:PV,0.0826021160294556
ID,L0,W0,L0_W0,0.40305491096788026,2,2,0.0,ID:PV,0.6248948319585265,Asia-Pacific,ID:WIND,0.37510516804147154,,
ID,L0,W1,L0_W1,0.380053109704373,2,2,0.055893098083105476,ID:PV,0.6344954513608639,Asia-Pacific,ID:WIND,0.3655045486391338,,
ID,L0,W2,L0_W2,0.33229238754970736,2,2,0.1596513821301236,ID:PV,0.6532098990287956,Asia-Pacific,ID:WIND,0.3467901009712025,,
ID,L0,W3,L0_W3,0.2592313172516448,2,2,0.29234265128824627,ID:PV,0.6755660793404232,Asia-Pacific,ID:WIND,0.32443392065957516,,
ID,L1,W0,L1_W0,0.40305491096788026,2,2,0.0,ID:PV,0.6248948319585265,Asia-Pacific,ID:WIND,0.37510516804147154,,
ID,L1,W1,L1_W1,0.380053109704373,2,2,0.055893098083105476,ID:PV,0.6344954513608639,Asia-Pacific,ID:WIND,0.3655045486391338,,
ID,L1,W2,L1_W2,0.33229238754970736,2,2,0.1596513821301236,ID:PV,0.6532098990287956,Asia-Pacific,ID:WIND,0.3467901009712025,,
ID,L1,W3,L1_W3,0.2592313172516448,2,2,0.29234265128824627,ID:PV,0.6755660793404232,Asia-Pacific,ID:WIND,0.32443392065957516,,
ID,L2,W0,L2_W0,0.24085633846845764,17,13,0.0,PH:WIND,0.4175553518899609,Asia-Pacific,TH:WIND,0.13180860636334354,VN:WIND,0.1291036819609363
ID,L2,W1,L2_W1,0.21739487707509064,17,13,0.051445839928462016,PH:WIND,0.4207460878176008,Asia-Pacific,TH:WIND,0.13030318976661695,VN:WIND,0.12675546478535868
ID,L2,W2,L2_W2,0.1790070068942794,17,13,0.1331976504931834,PH:WIND,0.43409397938302113,Asia-Pacific,TH:WIND,0.12303600231247597,VN:WIND,0.11960788189648168
ID,L2,W3,L2_W3,0.14373266178953284,17,12,0.2077152688023988,PH:WIND,0.46812632053543723,Asia-Pacific,TH:WIND,0.10494254891239443,VN:WIND,0.10108245899792823
ID,L3,W0,L3_W0,0.06633469829896174,461,98,0.0,CV:PV,0.05988262141199934,Asia-Pacific,AU:PV,0.046963889301932016,nan:PV,0.04450769562925745
ID,L3,W1,L3_W1,0.05019544065392495,461,96,0.04399794746713013,CV:PV,0.06420980309728892,Asia-Pacific,AU:PV,0.050181214778239495,ID:PV,0.03588800085020317
ID,L3,W2,L3_W2,0.043170919699466376,461,96,0.06557751920594164,CV:PV,0.07643404440797309,Asia-Pacific,AU:PV,0.05496419767509593,ID:PV,0.038749559410106216
ID,L3,W3,L3_W3,0.04291203540518161,461,95,0.06633469829896176,CV:PV,0.07633324112800084,Asia-Pacific,AU:PV,0.055522405594400095,ID:PV,0.03907433699432661
IE,L0,W0,L0_W0,0.32615478578741225,2,2,0.0,IE:WIND,0.5115710492103307,Europe,IE:WIND,0.48842895078965337,,
IE,L0,W1,L0_W1,0.30373060465421464,2,2,0.058261049017179635,IE:WIND,0.5037546265499806,Europe,IE:WIND,0.4962453734500036,,
IE,L0,W2,L0_W2,0.267734592446105,2,2,0.15684199453269174,IE:WIND,0.5090536920217105,Europe,IE:WIND,0.4909463079782736,,
IE,L0,W3,L0_W3,0.23236792058126174,2,2,0.2662946443102763,IE:WIND,0.5138114355581851,Europe,IE:WIND,0.4861885644417991,,
IE,L1,W0,L1_W0,0.24374107600859926,70,26,0.0,GB:WIND,0.13027280459591478,Europe,NL:WIND,0.08985493695083628,GB:WIND,0.08099570641161863
IE,L1,W1,L1_W1,0.22412236770105246,70,26,0.0677490314150655,GB:WIND,0.12863310429886562,Europe,NL:WIND,0.08572675508080264,GB:WIND,0.07949734836536744
IE,L1,W2,L1_W2,0.19093277464428418,70,28,0.17382078422114128,GB:WIND,0.12149141958942684,Europe,FR:WIND,0.08204962567746821,DE:WIND,0.0760517032707991
IE,L1,W3,L1_W3,0.16749784405433996,70,29,0.23976824622663667,GB:WIND,0.1128099740824477,Europe,FR:WIND,0.0881951200374757,NL:WIND,0.08001323991895859
IE,L2,W0,L2_W0,0.2323055627829052,98,30,0.0,MA:PV,0.11977364184639955,Europe,GB:WIND,0.0894568848709661,FI:WIND,0.07007299563656177
IE,L2,W1,L2_W1,0.21270258322020108,98,30,0.06876646370373071,MA:PV,0.11876109650922727,Europe,GB:WIND,0.08726848304237254,FI:WIND,0.06860640370226725
IE,L2,W2,L2_W2,0.1796894857486436,98,31,0.17507109934290818,MA:PV,0.12351561025623348,Europe,GB:WIND,0.08083736607589385,FI:WIND,0.06555190057921598
IE,L2,W3,L2_W3,0.1603774965253499,98,32,0.23077627406684675,MA:PV,0.13479625599301628,Europe,GB:WIND,0.06968254813099047,FI:WIND,0.0651405621913259
IE,L3,W0,L3_W0,0.14591409842638595,461,45,0.0,CL:PV,0.23896162923169473,Europe,MG:PV,0.06861755939176781,US:PV,0.06519825336699492
IE,L3,W1,L3_W1,0.12609538654585334,461,44,0.05935334719295704,CL:PV,0.24869035309768853,Europe,MG:PV,0.06605243253809613,ZA:PV,0.06530367982882627
IE,L3,W2,L3_W2,0.10086449851033827,461,39,0.13032411332402347,CL:PV,0.29983680251530576,Europe,PH:WIND,0.063114593432866,ZA:PV,0.06109982098442193
IE,L3,W3,L3_W3,0.09521216168259472,461,37,0.14577986321016334,CL:PV,0.30696917023174225,Europe,ZA:PV,0.06807134116222167,PH:WIND,0.06689776916673437
IL,L0,W0,L0_W0,0.42940004243854957,2,2,0.0,IL:PV,0.7534040620932093,Asia-Pacific,IL:WIND,0.2465959379067905,,
IL,L0,W1,L0_W1,0.4060339790269872,2,2,0.05572447608585454,IL:PV,0.7642049652945424,Asia-Pacific,IL:WIND,0.23579503470545746,,
IL,L0,W2,L0_W2,0.35673133726624523,2,2,0.16058061386813147,IL:PV,0.7873744725850638,Asia-Pacific,IL:WIND,0.2126255274149362,,
IL,L0,W3,L0_W3,0.27765105486683445,2,2,0.30028891585959816,IL:PV,0.8187011485863391,Asia-Pacific,IL:WIND,0.1812988514136611,,
IL,L1,W0,L1_W0,0.22439942906620736,15,6,0.0,EG:WIND,0.38423308412478974,Asia-Pacific,EG:PV,0.28158270095648935,BG:WIND,0.18233283960932178
IL,L1,W1,L1_W1,0.2016104927151124,15,6,0.05472804377549102,EG:WIND,0.38137707048269986,Asia-Pacific,EG:PV,0.28741631253688515,BG:WIND,0.18162159948510476
IL,L1,W2,L1_W2,0.1660379293314405,15,6,0.1395410739620436,EG:WIND,0.3758310564235086,Asia-Pacific,EG:PV,0.30503884842817935,BG:WIND,0.17938526000377178
IL,L1,W3,L1_W3,0.13881721577756953,15,6,0.2057452477416536,EG:WIND,0.3749486373141717,Asia-Pacific,EG:PV,0.3277254834714305,BG:WIND,0.17683596221489242
IL,L2,W0,L2_W0,0.16527706966012257,46,17,0.0,ET:WIND,0.20372198153362692,Asia-Pacific,DZ:PV,0.14240101556475473,OM:PV,0.10930533332009434
IL,L2,W1,L2_W1,0.14452360485695157,46,18,0.057131321170968544,ET:WIND,0.2016668696018455,Asia-Pacific,DZ:PV,0.15256536093545214,OM:PV,0.11244124758025849
IL,L2,W2,L2_W2,0.11763406842789934,46,18,0.13261801546609073,ET:WIND,0.1978445465481025,Asia-Pacific,DZ:PV,0.1733512172127088,OM:PV,0.11818476618711295
IL,L2,W3,L2_W3,0.10652399204687163,46,17,0.16406704026475527,ET:WIND,0.20176686433376964,Asia-Pacific,DZ:PV,0.17760291534631942,OM:PV,0.12570486602525327
IL,L3,W0,L3_W0,0.08228663458692498,461,82,0.0,CL:PV,0.09509663860457596,Asia-Pacific,EG:PV,0.0768849171040512,OM:PV,0.06842045855920097
IL,L3,W1,L3_W1,0.06586905726353971,461,79,0.05258836666393793,OM:PV,0.07924636496753999,Asia-Pacific,CL:PV,0.07886900340159107,CL:PV,0.06570853466835239
IL,L3,W2,L3_W2,0.05724698516988479,461,79,0.081483716942323,OM:PV,0.09600072752145755,Asia-Pacific,CL:PV,0.07358549109217344,CL:PV,0.0617360813828711
IL,L3,W3,L3_W3,0.05698422144085558,461,79,0.08228663458692498,OM:PV,0.09994267762775891,Asia-Pacific,CL:PV,0.07436843299993846,CL:PV,0.06206348989643156
IN,L0,W0,L0_W0,0.2247416232742609,28,6,0.0,IN:WIND,0.30398322984578324,Asia-Pacific,IN:PV,0.26237597868820683,IN:WIND,0.16215177434773975
IN,L0,W1,L0_W1,0.2026625144463342,28,6,0.052558147184701934,IN:WIND,0.29684660707600596,Asia-Pacific,IN:PV,0.2701891992772545,IN:WIND,0.1605601177025675
IN,L0,W2,L0_W2,0.16788584078573462,28,7,0.13481653041711777,IN:WIND,0.28452422618776024,Asia-Pacific,IN:PV,0.2783567445750151,IN:WIND,0.15808658097370934
IN,L0,W3,L0_W3,0.1377258123172764,28,8,0.20647837716354667,IN:WIND,0.28004729453545557,Asia-Pacific,IN:PV,0.27444224928097316,IN:WIND,0.15760809164689257
IN,L1,W0,L1_W0,0.2151477726010721,33,9,0.0,IN:PV,0.2013279189975164,Asia-Pacific,PK:WIND,0.18931408922230872,IN:WIND,0.16091378050423472
IN,L1,W1,L1_W1,0.1929088017509771,33,9,0.05339704761601983,IN:PV,0.2076547898538518,Asia-Pacific,PK:WIND,0.1889301254049609,IN:WIND,0.15532427740832555
IN,L1,W2,L1_W2,0.15893394009260928,33,10,0.1348413928131758,IN:PV,0.21497002719667857,Asia-Pacific,PK:WIND,0.1826457130113248,IN:WIND,0.14505811226647922
IN,L1,W3,L1_W3,0.13125268248706468,33,11,0.20114146898085958,IN:PV,0.2055543966244376,Asia-Pacific,PK:WIND,0.1769958993030269,IN:WIND,0.1396477468295272
IN,L2,W0,L2_W0,0.20402763697401108,47,11,0.0,OM:PV,0.2058492383913819,Asia-Pacific,PK:WIND,0.14568084193322225,IN:WIND,0.1425449515529678
IN,L2,W1,L2_W1,0.18147048584696335,47,11,0.052908870132460165,OM:PV,0.2113939841598084,Asia-Pacific,PK:WIND,0.14455537222880652,IN:WIND,0.13904242908554448
IN,L2,W2,L2_W2,0.14779369039827447,47,12,0.13177209665612707,OM:PV,0.2168836505098721,Asia-Pacific,PK:WIND,0.13648998245283364,IN:WIND,0.13137380312103508
IN,L2,W3,L2_W3,0.12221734676911396,47,12,0.19262280711020588,OM:PV,0.21211552992453322,Asia-Pacific,IN:WIND,0.12777312762720253,PK:WIND,0.12577625421603686
IN,L3,W0,L3_W0,0.06975266619979786,461,92,0.0,CV:PV,0.1046224705607321,Asia-Pacific,MU:PV,0.044756956428575564,AU:PV,0.0335928651870833
IN,L3,W1,L3_W1,0.05551952166365698,461,86,0.04979092669693097,CV:PV,0.10738057199133745,Asia-Pacific,MU:PV,0.04662602446792372,SN:PV,0.03717042791388145
IN,L3,W2,L3_W2,0.05056561911745029,461,81,0.06963682244162545,CV:PV,0.11780609835343199,Asia-Pacific,MU:PV,0.041742356727561214,IN:PV,0.04145627471961567
IN,L3,W3,L3_W3,0.050533346876441454,461,81,0.06975266619979786,CV:PV,0.11800488190884349,Asia-Pacific,MU:PV,0.04162834497365476,IN:PV,0.041506176316796886
IR,L0,W0,L0_W0,0.4633732794541407,2,2,0.0,IR:PV,0.5380142503546053,Asia-Pacific,IR:WIND,0.4619857496453965,,
IR,L0,W1,L0_W1,0.4450525481341768,2,2,0.07379828340905956,IR:PV,0.5344981468641493,Asia-Pacific,IR:WIND,0.46550185313585235,,
IR,L0,W2,L0_W2,0.4077798690891238,2,2,0.20852689295425894,IR:PV,0.5325617867808983,Asia-Pacific,IR:WIND,0.46743821321910356,,
IR,L0,W3,L0_W3,0.3600284087437774,2,2,0.3534582622254961,IR:PV,0.5513444303928351,Asia-Pacific,IR:WIND,0.44865556960716674,,
IR,L1,W0,L1_W0,0.45444403417222856,10,4,0.0,IR:WIND,0.42797020469871255,Asia-Pacific,BH:PV,0.270575203270965,AE:PV,0.19536264636385126
IR,L1,W1,L1_W1,0.43606345670369423,10,4,0.0736808653359852,IR:WIND,0.43223908896366603,Asia-Pacific,BH:PV,0.2916880057585761,AE:PV,0.17562839041683057
IR,L1,W2,L1_W2,0.39921667379043424,10,4,0.2072211630995675,IR:WIND,0.4349676590237044,Asia-Pacific,BH:PV,0.35812591438630215,AE:PV,0.12656571579166512
IR,L1,W3,L1_W3,0.3538146731802099,10,4,0.348101268807838,BH:PV,0.5038894374689757,Asia-Pacific,IR:WIND,0.41347363382164326,AE:PV,0.07744648292079255
IR,L2,W0,L2_W0,0.38038925313043764,60,11,0.0,EG:WIND,0.38469847577742783,Asia-Pacific,RO:WIND,0.18664328210672826,RU:WIND,0.12524295344250114
IR,L2,W1,L2_W1,0.36251783193871506,60,11,0.07538744202185482,EG:WIND,0.3819752586353322,Asia-Pacific,RO:WIND,0.1847542680646765,RU:WIND,0.12667979833143472
IR,L2,W2,L2_W2,0.32561851696475047,60,10,0.21372298217436417,EG:WIND,0.376793687469147,Asia-Pacific,RO:WIND,0.18545071241518787,RU:WIND,0.1286596574617761
IR,L2,W3,L2_W3,0.28427471878340194,60,7,0.35219297451347664,EG:WIND,0.3676642476032105,Asia-Pacific,RO:WIND,0.1870982130654112,BH:PV,0.14388803355515828
IR,L3,W0,L3_W0,0.28305330035538223,461,15,0.0,PE:PV,0.20174927349756452,Asia-Pacific,BR:WIND,0.1946974304963716,BR:WIND,0.1765100661445125
IR,L3,W1,L3_W1,0.26613163756705477,461,15,0.07484555936017498,BR:WIND,0.19252979854988708,Asia-Pacific,PE:PV,0.19092658485333203,BR:WIND,0.1861458328001017
IR,L3,W2,L3_W2,0.235488672789799,461,17,0.20473520568576473,BR:WIND,0.1990468789800876,Asia-Pacific,BR:WIND,0.18890913079771213,PE:PV,0.1721194135960761
IR,L3,W3,L3_W3,0.2165578424382728,461,16,0.28109369453905925,BR:WIND,0.2512257771498508,Asia-Pacific,BR:WIND,0.1655683202727899,BR:WIND,0.1533359175430297
IT,L0,W0,L0_W0,0.39270244465162873,4,4,0.0,IT:PV,0.32783020183768846,Europe,IT:PV,0.3164189602250863,IT:WIND,0.24528385574728637
IT,L0,W1,L0_W1,0.36814287273663543,4,4,0.05432242211820069,IT:PV,0.3303251213145612,Europe,IT:PV,0.31709769367065105,IT:WIND,0.24167693824538017
IT,L0,W2,L0_W2,0.31913313272883786,4,4,0.15287815254057263,IT:PV,0.33421021373561677,Europe,IT:PV,0.3126820945081487,IT:WIND,0.23428608336360532
IT,L0,W3,L0_W3,0.24870825958713558,4,4,0.2777850694474958,IT:PV,0.34077462403966846,Europe,IT:PV,0.3057353323647393,IT:WIND,0.2254166322442765
IT,L1,W0,L1_W0,0.1835236583675614,58,25,0.0,DE:WIND,0.09303980381073372,Europe,BE:WIND,0.08397550911740005,DZ:PV,0.07910635100165352
IT,L1,W1,L1_W1,0.16301989714753495,58,25,0.057757296148028714,DE:WIND,0.0920197895589661,Europe,DZ:PV,0.08725700765869196,BE:WIND,0.0843773369793449
IT,L1,W2,L1_W2,0.13524020275736917,58,25,0.13748508983666294,DZ:PV,0.11348762450309145,Europe,BE:WIND,0.0850501644944626,DE:WIND,0.0829153824461966
IT,L1,W3,L1_W3,0.1203069713194775,58,25,0.18064973788511737,DZ:PV,0.1385789623594638,Europe,BE:WIND,0.07895697973895344,DE:WIND,0.07168815049392328
IT,L2,W0,L2_W0,0.1679481950246696,111,34,0.0,MA:PV,0.1564651767101851,Europe,GB:WIND,0.08911190275129735,EG:WIND,0.07035526689257103
IT,L2,W1,L2_W1,0.14802678026492963,111,34,0.059251138978812116,MA:PV,0.1717882553120903,Europe,GB:WIND,0.08810057746939184,SA:PV,0.06751078434516078
IT,L2,W2,L2_W2,0.12196522990472891,111,35,0.13583892318778354,MA:PV,0.2046943515219835,Europe,GB:WIND,0.08563657914738444,SA:PV,0.0773767234364094
IT,L2,W3,L2_W3,0.11074859343519476,111,33,0.16744224696442775,MA:PV,0.22251432131118062,Europe,GB:WIND,0.08575684877870621,SA:PV,0.07726501407805
IT,L3,W0,L3_W0,0.08476420544152183,461,74,0.0,EG:PV,0.09462009204035123,Europe,MX:PV,0.07913575834733236,CL:PV,0.07256646615444474
IT,L3,W1,L3_W1,0.06765279441388103,461,71,0.052285102518401676,EG:PV,0.09125699691638936,Europe,CL:PV,0.08135980091178058,MX:PV,0.08109229127235947
IT,L3,W2,L3_W2,0.05850568915329207,461,66,0.08399592352335764,CL:PV,0.09508149578814248,Europe,EG:PV,0.08411965985930654,MX:PV,0.0801389023474385
IT,L3,W3,L3_W3,0.05826715899315468,461,66,0.08476167992015113,CL:PV,0.0955259438394032,Europe,EG:PV,0.08500757749945534,MX:PV,0.07957058261203226
JM,L0,W0,L0_W0,0.4315026940112215,2,2,0.0,JM:PV,0.7113384088619851,North America,JM:WIND,0.2886615911380147,,
JM,L0,W1,L0_W1,0.40898476045767185,2,2,0.05720934485228926,JM:PV,0.7245852776074688,North America,JM:WIND,0.275414722392531,,
JM,L0,W2,L0_W2,0.36139949264097265,2,2,0.1643631277289779,JM:PV,0.7527959920244016,North America,JM:WIND,0.247204007975598,,
JM,L0,W3,L0_W3,0.28299461867239234,2,2,0.30630155401644144,JM:PV,0.7901386120196263,North America,JM:WIND,0.2098613879803728,,
JM,L1,W0,L1_W0,0.2395370326325309,15,8,0.0,CU:WIND,0.35506516260463583,North America,DO:WIND,0.20872028064616238,HN:WIND,0.1624356261873049
JM,L1,W1,L1_W1,0.21611643082764015,15,7,0.05117097435897293,CU:WIND,0.35292468225612444,North America,DO:WIND,0.2079275418071576,HN:WIND,0.16033534067736877
JM,L1,W2,L1_W2,0.17751664904095626,15,8,0.13313104346206975,CU:WIND,0.34881667633063357,North America,DO:WIND,0.20314616836969027,HN:WIND,0.15729701738874252
JM,L1,W3,L1_W3,0.14157792974050332,15,7,0.2078455433311818,CU:WIND,0.3479950599277436,North America,DO:WIND,0.19287874860520002,NI:PV,0.1724385159960946
JM,L2,W0,L2_W0,0.1941541719002344,23,6,0.0,MX:WIND,0.36493819315065756,North America,CU:WIND,0.19932347798957542,MX:PV,0.18254833713838767
JM,L2,W1,L2_W1,0.1711622626040259,23,6,0.049205586768248995,MX:WIND,0.36327838587618305,North America,CU:WIND,0.19660562274122362,MX:PV,0.18608392167019072
JM,L2,W2,L2_W2,0.13716810370625798,23,6,0.12187372740065168,MX:WIND,0.3647617444306612,North America,MX:PV,0.19490995804133,CU:WIND,0.18692192986378392
JM,L2,W3,L2_W3,0.11139837012940462,23,6,0.17792735995668923,MX:WIND,0.37469483357418265,North America,MX:PV,0.20486389441187905,CU:WIND,0.17298420393706318
JM,L3,W0,L3_W0,0.06391175672315412,461,95,0.0,US:PV,0.1063009848635579,North America,AU:PV,0.054551960226155584,JP:PV,0.03324414636158802
JM,L3,W1,L3_W1,0.046894556287331905,461,93,0.0419140721696512,US:PV,0.10658130842749212,North America,AU:PV,0.05391530986590345,JP:PV,0.03447698794846472
JM,L3,W2,L3_W2,0.038985626289539145,461,94,0.06327180180474012,US:PV,0.11358672817612091,North America,AU:PV,0.054389524692136586,JP:PV,0.035356217203489713
JM,L3,W3,L3_W3,0.03876874227385663,461,94,0.06388794194573451,US:PV,0.11351579178830597,North America,AU:PV,0.05504998293133253,JP:PV,0.035226269788582586
JO,L0,W0,L0_W0,0.5566713125540451,2,1,0.0,JO:PV,1.0000000000000013,Asia-Pacific,JO:PV,0.0,,
JO,L0,W1,L0_W1,0.5320550638267186,2,1,0.061529998946845105,JO:PV,1.0000000000000013,Asia-Pacific,JO:PV,0.0,,
JO,L0,W2,L0_W2,0.47538236762735975,2,1,0.18015983078625297,JO:PV,1.0000000000000016,Asia-Pacific,JO:PV,0.0,,
JO,L0,W3,L0_W3,0.3660228946729244,2,1,0.3486410190703153,JO:PV,1.0000000000000013,Asia-Pacific,JO:PV,0.0,,
JO,L1,W0,L1_W0,0.23473232734874636,15,6,0.0,EG:WIND,0.4481187840024534,Asia-Pacific,EG:PV,0.14792896781558523,TR:WIND,0.1341984446397838
JO,L1,W1,L1_W1,0.2116648703607452,15,6,0.05485928877150313,EG:WIND,0.4465319259223287,Asia-Pacific,EG:PV,0.1514076867483817,TR:WIND,0.13175367444152272
JO,L1,W2,L1_W2,0.17435910436615804,15,6,0.14220964642607342,EG:WIND,0.4459279235384458,Asia-Pacific,EG:PV,0.15941745389339965,IR:WIND,0.12513978915405358
JO,L1,W3,L1_W3,0.14468917877593604,15,6,0.21268919906914383,EG:WIND,0.4581784185733039,Asia-Pacific,EG:PV,0.16686742696059986,IR:WIND,0.12225214468980578
JO,L2,W0,L2_W0,0.17098863457638575,46,18,0.0,LY:WIND,0.1470340630406551,Asia-Pacific,ET:WIND,0.14279448706495873,EG:WIND,0.13011479056922542
JO,L2,W1,L2_W1,0.1490777017944768,46,18,0.054650649914518984,LY:WIND,0.14854436216483452,Asia-Pacific,ET:WIND,0.143566247005125,EG:WIND,0.12733115491040542
JO,L2,W2,L2_W2,0.1187885136549592,46,17,0.13176209243060027,ET:WIND,0.15222108457284841,Asia-Pacific,LY:WIND,0.14814264120991577,DZ:PV,0.13849527278893126
JO,L2,W3,L2_W3,0.10444771965726106,46,16,0.16899142816470153,ET:WIND,0.16518608781893604,Asia-Pacific,DZ:PV,0.14810649061306955,LY:WIND,0.14281964870348565
JO,L3,W0,L3_W0,0.09645066145386344,461,83,0.0,MX:PV,0.07415759052154029,Asia-Pacific,KE:PV,0.04391313431626837,CV:PV,0.042001147414877316
JO,L3,W1,L3_W1,0.07751986118827922,461,81,0.04941607741785923,MX:PV,0.07806521599901675,Asia-Pacific,KE:PV,0.042714258804878974,CV:PV,0.042172481095921
JO,L3,W2,L3_W2,0.062023026235579114,461,79,0.09114917002547174,MX:PV,0.08581830678536063,Asia-Pacific,KE:PV,0.04636720148425693,SA:PV,0.04558623284224744
JO,L3,W3,L3_W3,0.05993677168919942,461,79,0.09643341535744136,MX:PV,0.08669205809323657,Asia-Pacific,KE:PV,0.04991377556503753,CV:PV,0.04642651736257013
JP,L0,W0,L0_W0,0.39213378841807395,9,8,0.0,JP:WIND,0.48927115299182194,Asia-Pacific,JP:PV,0.12882399868556935,JP:PV,0.11773616054803285
JP,L0,W1,L0_W1,0.36779609139340375,9,8,0.056124534904287544,JP:WIND,0.4835525385595,Asia-Pacific,JP:PV,0.13042282242505662,JP:PV,0.11643633050868521
JP,L0,W2,L0_W2,0.31830263430088507,9,8,0.15868925166500583,JP:WIND,0.47168197185542887,Asia-Pacific,JP:PV,0.13160578687566307,JP:PV,0.11359110504930865
JP,L0,W3,L0_W3,0.24748336709149638,9,8,0.28633385653678806,JP:WIND,0.4578802117506102,Asia-Pacific,JP:PV,0.13311365601219477,JP:PV,0.10995924085373154
JP,L1,W0,L1_W0,0.35650250850025356,11,9,0.0,JP:WIND,0.31977135401281276,Asia-Pacific,KR:WIND,0.22311622542966505,JP:PV,0.10205557849752593
JP,L1,W1,L1_W1,0.3327383603181919,11,9,0.055120859016671256,JP:WIND,0.31686127238904177,Asia-Pacific,KR:WIND,0.21871330600372105,JP:PV,0.1032322259511963
JP,L1,W2,L1_W2,0.2860261508162569,11,9,0.15443808868953618,JP:WIND,0.3125039708656057,Asia-Pacific,KR:WIND,0.20889598948118426,JP:PV,0.10536443601952146
JP,L1,W3,L1_W3,0.22258903794322143,11,9,0.2741890858484136,JP:WIND,0.30902049508131596,Asia-Pacific,KR:WIND,0.19468772487875238,JP:PV,0.1081735456881745
JP,L2,W0,L2_W0,0.14433532116910852,94,29,0.0,CN:PV,0.09751308369637955,Asia-Pacific,CN:WIND,0.09552828608982158,PH:WIND,0.08933430575088715
JP,L2,W1,L2_W1,0.12300270052317701,94,29,0.051710148040743184,CN:PV,0.10038661123971307,Asia-Pacific,CN:WIND,0.09540263807107006,PH:WIND,0.08929150539664585
JP,L2,W2,L2_W2,0.09775125861658672,94,29,0.11723395233735803,CN:PV,0.10691171438148274,Asia-Pacific,PH:WIND,0.0957805029181027,CN:WIND,0.09146229698663384
JP,L2,W3,L2_W3,0.08800121249049961,94,31,0.1438795934600776,PH:WIND,0.10455763848952539,Asia-Pacific,CN:PV,0.09522114060701933,CN:WIND,0.08669212578908295
JP,L3,W0,L3_W0,0.06507008230598094,461,100,0.0,NE:PV,0.07533765888950483,Asia-Pacific,US:PV,0.064105000406619,nan:PV,0.05853332444418824
JP,L3,W1,L3_W1,0.05053032928708631,461,95,0.04470697082777576,NE:PV,0.08411636483655717,Asia-Pacific,GH:PV,0.0615164562645323,US:PV,0.05973081902716802
JP,L3,W2,L3_W2,0.04475081484700869,461,87,0.06465593722190005,NE:PV,0.1020929744625728,Asia-Pacific,GH:PV,0.06805349492369482,US:PV,0.052379784812535406
JP,L3,W3,L3_W3,0.044622459856750826,461,86,0.06507008230598094,NE:PV,0.1025511959393832,Asia-Pacific,GH:PV,0.06818828877177524,US:PV,0.052191110482067336
KE,L0,W0,L0_W0,0.3072065603690502,2,2,0.0,KE:WIND,0.5371627592363732,Africa/MENA,KE:PV,0.4628372407636172,,
KE,L0,W1,L0_W1,0.2828627576494681,2,2,0.05370848588035101,KE:WIND,0.5310717787821069,Africa/MENA,KE:PV,0.4689282212178837,,
KE,L0,W2,L0_W2,0.23725094747240408,2,2,0.14687615771330903,KE:WIND,0.5149202058528322,Africa/MENA,KE:PV,0.4850797941471587,,
KE,L0,W3,L0_W3,0.1856594682551252,2,2,0.2445123728547298,KE:PV,0.5008898682391741,Africa/MENA,KE:WIND,0.49911013176081714,,
KE,L1,W0,L1_W0,0.23886069596522871,6,5,0.0,ET:WIND,0.41820448182958797,Africa/MENA,KE:WIND,0.22045509032070565,UG:PV,0.16444598376301664
KE,L1,W1,L1_W1,0.21580419437027837,6,5,0.05351981239338266,ET:WIND,0.41654493138147247,Africa/MENA,KE:WIND,0.21813278642038741,UG:PV,0.16622348056013758
KE,L1,W2,L1_W2,0.1789798083719845,6,6,0.13820182351933688,ET:WIND,0.4124561076997621,Africa/MENA,KE:WIND,0.21205294498952515,UG:PV,0.16402998145650238
KE,L1,W3,L1_W3,0.1465507363413838,6,6,0.2119721494789954,ET:WIND,0.40833050138110827,Africa/MENA,KE:WIND,0.2012126383921459,UG:PV,0.1575021082967692
KE,L2,W0,L2_W0,0.20275462150139276,11,4,0.0,EG:WIND,0.30753181499829546,Africa/MENA,ET:WIND,0.3066852750079194,EG:PV,0.2848174469312882
KE,L2,W1,L2_W1,0.18063960086666814,11,4,0.053769689426637915,ET:WIND,0.30411855968189905,Africa/MENA,EG:WIND,0.30390680356989175,EG:PV,0.2918828818057226
KE,L2,W2,L2_W2,0.1485334595973315,11,4,0.13244505028819784,EG:PV,0.3135570994232682,Africa/MENA,ET:WIND,0.2964804810560592,EG:WIND,0.29083479756002073
KE,L2,W3,L2_W3,0.12491792236246921,11,5,0.19073029660144417,EG:PV,0.3368241650225524,Africa/MENA,ET:WIND,0.2945869882895802,EG:WIND,0.2737381431588939
KE,L3,W0,L3_W0,0.07938019827927162,461,95,0.0,CV:PV,0.05995319963613548,Africa/MENA,OM:PV,0.05856567322320552,SA:PV,0.05058941715404628
KE,L3,W1,L3_W1,0.06287099192848582,461,91,0.048361834660550634,OM:PV,0.06837862170188785,Africa/MENA,CV:PV,0.061340282884722264,SA:PV,0.05457199509725433
KE,L3,W2,L3_W2,0.05391008065425495,461,87,0.07803966090166159,OM:PV,0.09513713416974114,Africa/MENA,CV:PV,0.0746489457663988,CL:PV,0.05949866589637526
KE,L3,W3,L3_W3,0.05350126107331042,461,87,0.07938019827927162,OM:PV,0.09758738478239534,Africa/MENA,CV:PV,0.07722017427661015,CL:PV,0.058057158386660326
KH,L0,W0,L0_W0,0.54629646413169,1,1,0.0,KH:PV,1.0,Asia-Pacific,,,,
KH,L0,W1,L0_W1,0.5215909084079234,1,1,0.06043628641939999,KH:PV,1.0,Asia-Pacific,,,,
KH,L0,W2,L0_W2,0.46564063110693515,1,1,0.17802098536319746,KH:PV,1.0000000000000002,Asia-Pacific,,,,
KH,L0,W3,L0_W3,0.3601046161318736,1,1,0.3454955598227745,KH:PV,0.9999999999999998,Asia-Pacific,,,,
KH,L1,W0,L1_W0,0.28287345707479783,9,7,0.0,TH:WIND,0.3471944577005567,Asia-Pacific,VN:WIND,0.3287560643547602,TH:PV,0.14021438611670403
KH,L1,W1,L1_W1,0.2595623477146066,9,7,0.05322644078609166,TH:WIND,0.34522212938533775,Asia-Pacific,VN:WIND,0.32396291066682004,TH:PV,0.15069806641551345
KH,L1,W2,L1_W2,0.21838145515139415,9,7,0.1438051116855586,TH:WIND,0.339450000419155,Asia-Pacific,VN:WIND,0.3120997354649118,TH:PV,0.16682437515034157
KH,L1,W3,L1_W3,0.172786566893794,9,7,0.2382637856411474,TH:WIND,0.3347191903509645,Asia-Pacific,VN:WIND,0.294879594048079,TH:PV,0.1772434680070013
KH,L2,W0,L2_W0,0.1900589877824626,22,10,0.0,PH:WIND,0.34942235140937256,Asia-Pacific,LK:WIND,0.3055668315110575,NP:PV,0.07335077617147172
KH,L2,W1,L2_W1,0.16745210372465763,22,11,0.04776558806641063,PH:WIND,0.35327404633949894,Asia-Pacific,LK:WIND,0.2998068409698627,NP:PV,0.07531115071977894
KH,L2,W2,L2_W2,0.13461128990807839,22,11,0.118100230266439,PH:WIND,0.36825560339257385,Asia-Pacific,LK:WIND,0.2917216249162864,NP:PV,0.08015610302340852
KH,L2,W3,L2_W3,0.10999580835352304,22,11,0.17253101784675534,PH:WIND,0.3931486889949851,Asia-Pacific,LK:WIND,0.2884638918691028,NP:PV,0.08937176517637423
KH,L3,W0,L3_W0,0.055572751317237545,461,109,0.0,NE:PV,0.043247688331497454,Asia-Pacific,GH:PV,0.03922960586525422,AU:PV,0.03210196973075405
KH,L3,W1,L3_W1,0.04367334350751188,461,101,0.04268304127682841,GH:PV,0.04445807422541278,Asia-Pacific,NE:PV,0.04133848739539297,AU:PV,0.03286961282346749
KH,L3,W2,L3_W2,0.040715092562732584,461,95,0.05549497475528166,GH:PV,0.0456767153043728,Asia-Pacific,NE:PV,0.04255460604508995,AU:PV,0.03587802732946289
KH,L3,W3,L3_W3,0.040695637359101824,461,95,0.055572751317237545,GH:PV,0.045680693333025484,Asia-Pacific,NE:PV,0.04267201054870167,AU:PV,0.03592890072196103
KR,L0,W0,L0_W0,0.4025600389248297,2,2,0.0,KR:PV,0.5961365584438495,Asia-Pacific,KR:WIND,0.40386344155614773,,
KR,L0,W1,L0_W1,0.37928963820849504,2,2,0.058803046631304486,KR:PV,0.6037193892474333,Asia-Pacific,KR:WIND,0.3962806107525638,,
KR,L0,W2,L0_W2,0.3315662532546493,2,2,0.16725362942395006,KR:PV,0.618914141345767,Asia-Pacific,KR:WIND,0.38108585865423,,
KR,L0,W3,L0_W3,0.2623692481693921,2,2,0.3003816740346519,KR:PV,0.636607963107321,Asia-Pacific,KR:WIND,0.3633920368926762,,
KR,L1,W0,L1_W0,0.3387758897024564,13,11,0.0,JP:WIND,0.27886522493079985,Asia-Pacific,TW:PV,0.24049968547386708,KR:WIND,0.18824357271195682
KR,L1,W1,L1_W1,0.3153697216562736,13,11,0.054381796978066624,JP:WIND,0.275865263589058,Asia-Pacific,TW:PV,0.24365159257733712,KR:WIND,0.18564137925121463
KR,L1,W2,L1_W2,0.2703960949508423,13,10,0.15102222574801363,JP:WIND,0.27088663858654727,Asia-Pacific,TW:PV,0.24921181879870852,KR:WIND,0.1787595541703663
KR,L1,W3,L1_W3,0.21182263617311528,13,12,0.2645326570944636,JP:WIND,0.2675091138449025,Asia-Pacific,TW:PV,0.251165799679876,KR:WIND,0.16831645210690835
KR,L2,W0,L2_W0,0.1398615898657277,94,31,0.0,CN:PV,0.10656090263200735,Asia-Pacific,CN:WIND,0.09323747036661448,PH:WIND,0.0852275953208007
KR,L2,W1,L2_W1,0.11882965799739525,94,30,0.051789214335844366,CN:PV,0.10828148187474416,Asia-Pacific,CN:WIND,0.09315841723689265,PH:WIND,0.08431428365875641
KR,L2,W2,L2_W2,0.09431521804577891,94,32,0.11500512897447115,CN:PV,0.10923338177325918,Asia-Pacific,PH:WIND,0.08888019290581216,CN:WIND,0.08885066697229456
KR,L2,W3,L2_W3,0.0851525858355896,94,34,0.13935812271495404,CN:PV,0.10408112448240471,Asia-Pacific,PH:WIND,0.0970278318388017,CN:WIND,0.08400106931437427
KR,L3,W0,L3_W0,0.06534389497383086,461,99,0.0,NE:PV,0.0619528352228847,Asia-Pacific,CV:PV,0.06064706827182002,GH:PV,0.046754815517596325
KR,L3,W1,L3_W1,0.051177806798239876,461,89,0.04530175743402508,NE:PV,0.06971652927673895,Asia-Pacific,GH:PV,0.05595436816572985,CV:PV,0.052755004617637685
KR,L3,W2,L3_W2,0.045917023376433545,461,90,0.06500083633744096,NE:PV,0.07718194673025798,Asia-Pacific,GH:PV,0.06084810148992557,SN:PV,0.0403772670452038
KR,L3,W3,L3_W3,0.04582310118797009,461,92,0.06534389497383086,NE:PV,0.07782891139925326,Asia-Pacific,GH:PV,0.06148783638938662,SN:PV,0.039996808104479996
KW,L0,W0,L0_W0,0.5754653832631594,1,1,0.0,KW:PV,0.9999999999999998,Asia-Pacific,,,,
KW,L0,W1,L0_W1,0.5511092369526047,1,1,0.06264135188613228,KW:PV,0.9999999999999999,Asia-Pacific,,,,
KW,L0,W2,L0_W2,0.4946203117248973,1,1,0.18499080050213043,KW:PV,0.9999999999999999,Asia-Pacific,,,,
KW,L0,W3,L0_W3,0.3849061277625105,1,1,0.3603697846100567,KW:PV,1.0000000000000002,Asia-Pacific,,,,
KW,L1,W0,L1_W0,0.3326197885251661,12,3,0.0,IR:WIND,0.4577899332135574,Asia-Pacific,OM:PV,0.37994594005199084,IL:WIND,0.16226412673445315
KW,L1,W1,L1_W1,0.30842212693197013,12,3,0.050362479690714085,IR:WIND,0.45629474111045976,Asia-Pacific,OM:PV,0.3846145497969725,IL:WIND,0.15909070909256912
KW,L1,W2,L1_W2,0.2629742338850466,12,3,0.13945562191675437,IR:WIND,0.45418499300357196,Asia-Pacific,OM:PV,0.3950432447476025,IL:WIND,0.15077176224882702
KW,L1,W3,L1_W3,0.20463772944130348,12,3,0.24751136998973472,IR:WIND,0.45366245388636467,Asia-Pacific,OM:PV,0.4080077622795047,IL:WIND,0.1383297838341322
KW,L2,W0,L2_W0,0.1575568220648141,31,11,0.0,ET:WIND,0.22927320113988145,Asia-Pacific,EG:WIND,0.1760908246910839,PK:WIND,0.15426201478421903
KW,L2,W1,L2_W1,0.1360354353355212,31,11,0.05340444241620336,ET:WIND,0.22935067908671236,Asia-Pacific,EG:WIND,0.17260103283578954,PK:WIND,0.15415770369854173
KW,L2,W2,L2_W2,0.10902506069334252,31,11,0.12325356648571122,ET:WIND,0.23426996359542637,Asia-Pacific,EG:WIND,0.16481385778357754,PK:WIND,0.15266187302189033
KW,L2,W3,L2_W3,0.09699686763268903,31,11,0.1556755774659627,ET:WIND,0.2431444141932107,Asia-Pacific,EG:WIND,0.1637674822825987,PK:WIND,0.14924714377027384
KW,L3,W0,L3_W0,0.06642833497381984,461,115,0.0,MX:PV,0.05952811958820737,Asia-Pacific,CL:PV,0.04154412852300104,US:PV,0.03538574750469132
KW,L3,W1,L3_W1,0.05116451349271671,461,104,0.044688881267932995,MX:PV,0.061446861208163034,Asia-Pacific,CL:PV,0.04981568568019758,US:PV,0.04227733537977869
KW,L3,W2,L3_W2,0.04448734409836601,461,103,0.06463555802448921,MX:PV,0.06303814292538612,Asia-Pacific,CL:PV,0.056913626060318835,US:PV,0.04866030490347165
KW,L3,W3,L3_W3,0.0436987958662417,461,99,0.06642833497381984,MX:PV,0.061976057411627865,Asia-Pacific,CL:PV,0.058221451450752554,US:PV,0.04841368477200599
KZ,L0,W0,L0_W0,0.5292209121209939,1,1,0.0,KZ:PV,0.9999999999999998,Asia-Pacific,,,,
KZ,L0,W1,L0_W1,0.5044189884411507,1,1,0.059805047666217664,KZ:PV,0.9999999999999998,Asia-Pacific,,,,
KZ,L0,W2,L0_W2,0.4491259943414895,1,1,0.17528878523406266,KZ:PV,0.9999999999999997,Asia-Pacific,,,,
KZ,L0,W3,L0_W3,0.34893050731180125,1,1,0.33766585024877416,KZ:PV,0.9999999999999999,Asia-Pacific,,,,
KZ,L1,W0,L1_W0,0.5115503476919645,3,2,0.0,AF:PV,0.9915661524396692,Asia-Pacific,UZ:PV,0.008433847560328202,KZ:PV,0.0
KZ,L1,W1,L1_W1,0.4863841226755217,3,1,0.05765093119634369,AF:PV,0.9999999999999977,Asia-Pacific,UZ:PV,0.0,KZ:PV,0.0
KZ,L1,W2,L1_W2,0.43004928390529057,3,1,0.16828499756627607,AF:PV,0.9999999999999977,Asia-Pacific,UZ:PV,0.0,KZ:PV,0.0
KZ,L1,W3,L1_W3,0.32774192940997104,3,1,0.32510780729994404,AF:PV,0.9999999999999974,Asia-Pacific,UZ:PV,0.0,KZ:PV,0.0
KZ,L2,W0,L2_W0,0.21541770608140362,44,10,0.0,MN:WIND,0.1696313920906969,Asia-Pacific,PK:WIND,0.1384161247241597,IN:PV,0.1355123906022425
KZ,L2,W1,L2_W1,0.19350469467465475,44,10,0.05812239597925802,MN:WIND,0.16662968099555472,Asia-Pacific,PK:WIND,0.1382139246035036,IN:PV,0.13583245828676693
KZ,L2,W2,L2_W2,0.15999828900731297,44,10,0.14642607197962895,MN:WIND,0.16083846795545723,Asia-Pacific,PK:WIND,0.13743702868574853,IN:PV,0.13550878511057063
KZ,L2,W3,L2_W3,0.13729242422813334,44,11,0.20620830341350097,MN:WIND,0.15807237758748185,Asia-Pacific,PK:WIND,0.13034621254026468,IN:WIND,0.12628650558179913
KZ,L3,W0,L3_W0,0.1163791062051432,461,77,0.0,CV:PV,0.10451484965595072,Asia-Pacific,IN:PV,0.07352462808035706,MA:PV,0.045428171104388876
KZ,L3,W1,L3_W1,0.09995440233870513,461,74,0.05992748615567829,CV:PV,0.10521853185248388,Asia-Pacific,IN:PV,0.08142491802248822,MA:PV,0.049961540204128005
KZ,L3,W2,L3_W2,0.0851282090326101,461,65,0.11172365138546372,CV:PV,0.11966950931534483,Asia-Pacific,IN:PV,0.0973341227145013,MA:PV,0.042705148512572566
KZ,L3,W3,L3_W3,0.08361760436866843,461,65,0.11637910620514323,CV:PV,0.12752024956870803,Asia-Pacific,IN:PV,0.09785015696550757,DO:WIND,0.041621846900693406
LC,L0,W0,L0_W0,0.49362954141947557,1,1,0.0,LC:PV,0.9999999999999999,North America,,,,
LC,L0,W1,L0_W1,0.46834442123857933,1,1,0.056001534433627466,LC:PV,0.9999999999999999,North America,,,,
LC,L0,W2,L0_W2,0.41259269749712796,1,1,0.16382304358310507,LC:PV,1.0,North America,,,,
LC,L0,W3,L0_W3,0.31317928796073136,1,1,0.3158499146054479,LC:PV,0.9999999999999999,North America,,,,
LC,L1,W0,L1_W0,0.3197149032478198,6,4,0.0,DO:WIND,0.559642432578079,North America,CO:PV,0.1971717635970463,GF:PV,0.14178629719455563
LC,L1,W1,L1_W1,0.2959510271352161,6,4,0.05422550604931817,DO:WIND,0.5501804557244984,North America,CO:PV,0.2037839484522138,GF:PV,0.1429722612690744
LC,L1,W2,L1_W2,0.2504070022213747,6,4,0.14983376930486944,DO:WIND,0.5293588474339441,North America,CO:PV,0.21703786050976698,GF:PV,0.14145570983145753
LC,L1,W3,L1_W3,0.19393056160645433,6,4,0.25704202630769313,DO:WIND,0.5039854788416481,North America,CO:PV,0.2275689644307421,GF:PV,0.13560406585399
LC,L2,W0,L2_W0,0.2376107916635178,16,8,0.0,CU:WIND,0.3468570507709001,North America,DO:WIND,0.1994492740665467,HN:WIND,0.1596816816715807
LC,L2,W1,L2_W1,0.21416035945053694,16,8,0.05168204894262634,CU:WIND,0.34448561775892184,North America,DO:WIND,0.19811450839473674,HN:WIND,0.15854762804377964
LC,L2,W2,L2_W2,0.17558376275709156,16,8,0.1342651591240756,CU:WIND,0.34064138672204863,North America,DO:WIND,0.1923938665006572,HN:WIND,0.156159333467695
LC,L2,W3,L2_W3,0.1404333349824713,16,8,0.20855093020302531,CU:WIND,0.3425033663077646,North America,DO:WIND,0.18121115782222755,HN:WIND,0.15184835688884143
LC,L3,W0,L3_W0,0.06990163096939343,461,85,0.0,US:PV,0.17010178476750382,North America,AU:PV,0.05962415028230384,CV:PV,0.03919316827412001
LC,L3,W1,L3_W1,0.0519652472508311,461,82,0.04243756137812037,US:PV,0.17364947277824236,North America,AU:PV,0.059690638833181646,CV:PV,0.043603852187384225
LC,L3,W2,L3_W2,0.04179850738787568,461,81,0.06870548628080957,US:PV,0.1865556340857772,North America,AU:PV,0.057714644383474845,CV:PV,0.050236143025240175
LC,L3,W3,L3_W3,0.04132988138408031,461,81,0.06990163096939343,US:PV,0.1882512189911914,North America,AU:PV,0.058415395310174596,CV:PV,0.049684410395649005
LK,L0,W0,L0_W0,0.2813254557897936,2,2,0.0,LK:WIND,0.5872196581122014,Asia-Pacific,LK:PV,0.4127803418878042,,
LK,L0,W1,L0_W1,0.2583553064909085,2,2,0.052526369266091756,LK:WIND,0.5780597457117858,Asia-Pacific,LK:PV,0.42194025428821996,,
LK,L0,W2,L0_W2,0.21876892262294173,2,2,0.13925920698621774,LK:WIND,0.5593126454694156,Asia-Pacific,LK:PV,0.4406873545305896,,
LK,L0,W3,L0_W3,0.17340361712767044,2,2,0.23272501577695442,LK:WIND,0.5358111440294555,Asia-Pacific,LK:PV,0.4641888559705497,,
LK,L1,W0,L1_W0,0.22362710645086503,30,7,0.0,IN:WIND,0.2583419204409469,Asia-Pacific,IN:PV,0.18388747683283427,LK:WIND,0.16899558807558282
LK,L1,W1,L1_W1,0.2013523708720074,30,8,0.05278505470643863,IN:WIND,0.25282344205044993,Asia-Pacific,IN:PV,0.1881570322612309,LK:WIND,0.16843895873608883
LK,L1,W2,L1_W2,0.16611390214063107,30,8,0.13587577974600049,IN:WIND,0.24098130465868797,Asia-Pacific,IN:PV,0.19362940472860746,LK:WIND,0.16883344092756916
LK,L1,W3,L1_W3,0.1359281499193599,30,8,0.2064515657607406,IN:WIND,0.23600059431312412,Asia-Pacific,IN:PV,0.19427517440692912,LK:WIND,0.17292596182198713
LK,L2,W0,L2_W0,0.2029453860351614,42,10,0.0,PK:WIND,0.16485779765571426,Asia-Pacific,OM:PV,0.16196216831703833,IN:WIND,0.139739982032078
LK,L2,W1,L2_W1,0.1804437055640098,42,10,0.053036395219660554,OM:PV,0.1666472200074411,Asia-Pacific,PK:WIND,0.16489423618291946,IN:WIND,0.13570059068166954
LK,L2,W2,L2_W2,0.14660410203463048,42,10,0.13227185994333715,OM:PV,0.16725285825832883,Asia-Pacific,PK:WIND,0.1603455987813164,IN:WIND,0.1284565822406816
LK,L2,W3,L2_W3,0.12150220608907841,42,11,0.19167734814526527,OM:PV,0.160715280502178,Asia-Pacific,PK:WIND,0.15266121579968067,IN:WIND,0.12765595650605052
LK,L3,W0,L3_W0,0.06495936274700118,461,99,0.0,CV:PV,0.07342790468464254,Asia-Pacific,MU:PV,0.04983662850430138,AU:PV,0.043479001650690526
LK,L3,W1,L3_W1,0.04976084551923629,461,94,0.04655618365103877,CV:PV,0.08050362703231337,Asia-Pacific,MU:PV,0.05094050353509638,AU:PV,0.04467652884837333
LK,L3,W2,L3_W2,0.04471931588482356,461,91,0.06480998014226984,CV:PV,0.08962817167528636,Asia-Pacific,MU:PV,0.051905405180416954,AU:PV,0.046002488550739816
LK,L3,W3,L3_W3,0.04467934230332183,461,90,0.06495936274700118,CV:PV,0.08936311043936095,Asia-Pacific,MU:PV,0.05189936605572195,AU:PV,0.04608321469650092
LY,L0,W0,L0_W0,0.24003481807560745,2,2,0.0,LY:WIND,0.6942832210809884,Africa/MENA,LY:PV,0.3057167789190088,,
LY,L0,W1,L0_W1,0.21746151192210228,2,2,0.055804269724898305,LY:WIND,0.6932683805797049,Africa/MENA,LY:PV,0.30673161942029253,,
LY,L0,W2,L0_W2,0.18268305309839145,2,2,0.1411413973364795,LY:WIND,0.6874210312922712,Africa/MENA,LY:PV,0.3125789687077264,,
LY,L0,W3,L0_W3,0.15338005152419193,2,2,0.21302826189627197,LY:WIND,0.6789042253367199,Africa/MENA,LY:PV,0.32109577466327727,,
LY,L1,W0,L1_W0,0.2081275508703325,6,5,0.0,LY:WIND,0.48260261621137035,Africa/MENA,DZ:PV,0.22869828888559549,TN:WIND,0.22627488865823867
LY,L1,W1,L1_W1,0.1857508576381718,6,5,0.05537917954011803,LY:WIND,0.4785313445301087,Africa/MENA,DZ:PV,0.2305189217840097,TN:WIND,0.22940517342272995
LY,L1,W2,L1_W2,0.15199916093573965,6,5,0.13898361151430935,LY:WIND,0.4678819761255794,Africa/MENA,DZ:PV,0.23755203683044712,TN:WIND,0.2362122478190675
LY,L1,W3,L1_W3,0.12896103407669307,6,5,0.19647755421351043,LY:WIND,0.46104298022460966,Africa/MENA,DZ:PV,0.2497186794066417,TN:WIND,0.23568733137252768
LY,L2,W0,L2_W0,0.1498853215914996,85,24,0.0,EG:WIND,0.2168916310702952,Africa/MENA,LY:WIND,0.1455939106868598,BE:WIND,0.10076587629401072
LY,L2,W1,L2_W1,0.12857370941235208,85,24,0.0541394063487971,EG:WIND,0.2173696344234681,Africa/MENA,LY:WIND,0.14328214286295415,BE:WIND,0.10033286699676792
LY,L2,W2,L2_W2,0.1020001701081601,85,24,0.12380237930380367,EG:WIND,0.21699421494940158,Africa/MENA,LY:WIND,0.13365053027436335,BE:WIND,0.10458255874180564
LY,L2,W3,L2_W3,0.09254760029073483,85,25,0.14932341819425698,EG:WIND,0.21873542329162485,Africa/MENA,LY:WIND,0.13028594080639577,BE:WIND,0.11382194359629105
LY,L3,W0,L3_W0,0.07405101542990396,461,91,0.0,US:PV,0.12985324159860837,Africa/MENA,MX:PV,0.0777187744094122,CV:PV,0.04395419627237011
LY,L3,W1,L3_W1,0.05642654475510977,461,93,0.043404660400149585,US:PV,0.12838941555459754,Africa/MENA,MX:PV,0.07800742500582025,CV:PV,0.0437953834299981
LY,L3,W2,L3_W2,0.0457045103103848,461,99,0.0710991777674791,US:PV,0.1266699004765434,Africa/MENA,MX:PV,0.08243837327346,CV:PV,0.0500326089209163
LY,L3,W3,L3_W3,0.04446666210098024,461,96,0.07404544337033292,US:PV,0.12753893125566124,Africa/MENA,MX:PV,0.08155372771505139,CV:PV,0.05240605468782282
MA,L0,W0,L0_W0,0.35031987228766476,2,2,0.0,MA:WIND,0.5177190927764499,Africa/MENA,MA:PV,0.48228090722355227,,
MA,L0,W1,L0_W1,0.3265529822905016,2,2,0.05276714468676373,MA:WIND,0.5092037630643558,Africa/MENA,MA:PV,0.4907962369356466,,
MA,L0,W2,L0_W2,0.28064869295051775,2,2,0.1464217464440444,MA:PV,0.5066457899137516,Africa/MENA,MA:WIND,0.49335421008625024,,
MA,L0,W3,L0_W3,0.21795656771428035,2,2,0.2604017500770215,MA:PV,0.5252383899041777,Africa/MENA,MA:WIND,0.47476161009582435,,
MA,L1,W0,L1_W0,0.24264382401587287,17,11,0.0,ES:WIND,0.2291409596419991,Africa/MENA,ES:WIND,0.164725262278347,ES:WIND,0.15190315628898518
MA,L1,W1,L1_W1,0.2196803600374114,17,11,0.054302533563446956,ES:WIND,0.22617155407504602,Africa/MENA,ES:WIND,0.16179577411612445,ES:WIND,0.14976931845832936
MA,L1,W2,L1_W2,0.18110739254223415,17,11,0.14231903242945237,ES:WIND,0.22119190089734753,Africa/MENA,ES:WIND,0.15383433601511318,ES:WIND,0.14451463070202933
MA,L1,W3,L1_W3,0.14653685887949913,17,11,0.21968654533074192,ES:WIND,0.2177404472093252,Africa/MENA,ES:WIND,0.14542155248045055,ES:WIND,0.1420872653207389
MA,L2,W0,L2_W0,0.17889868752743546,97,27,0.0,CV:PV,0.182828886384665,Africa/MENA,LY:WIND,0.1323709574591662,GB:WIND,0.08950548254589775
MA,L2,W1,L2_W1,0.15684572847135758,97,27,0.05356041178724563,CV:PV,0.19428939178821714,Africa/MENA,LY:WIND,0.13068066808833384,GB:WIND,0.08782614591970372
MA,L2,W2,L2_W2,0.12424346780569011,97,25,0.13273462213872042,CV:PV,0.22024925106628498,Africa/MENA,LY:WIND,0.12754123027716072,GB:WIND,0.08358620705357493
MA,L2,W3,L2_W3,0.10625733504765,97,25,0.17689332724053122,CV:PV,0.24050908935015122,Africa/MENA,LY:WIND,0.12347412838618892,GB:WIND,0.08346672856003474
MA,L3,W0,L3_W0,0.08627820302033447,461,62,0.0,US:PV,0.14440393312909547,Africa/MENA,MX:PV,0.09517012425055948,CL:PV,0.054852813484126774
MA,L3,W1,L3_W1,0.06687800384427262,461,60,0.03985622304071214,US:PV,0.14437961264475396,Africa/MENA,MX:PV,0.09367437320485182,CL:PV,0.0567059452305501
MA,L3,W2,L3_W2,0.048605193901287966,461,73,0.07870813100418599,US:PV,0.15264125013313307,Africa/MENA,MX:PV,0.09549143031628028,CL:PV,0.06409567337504322
MA,L3,W3,L3_W3,0.045071380693147624,461,71,0.08618088429179685,US:PV,0.15924116110504727,Africa/MENA,MX:PV,0.10054358246226235,CL:PV,0.06778899311546951
MG,L0,W0,L0_W0,0.43429897873290185,1,1,0.0,MG:PV,1.0,Africa/MENA,,,,
MG,L0,W1,L0_W1,0.4091576143713134,1,1,0.05367159369592636,MG:PV,1.0,Africa/MENA,,,,
MG,L0,W2,L0_W2,0.35651741840931206,1,1,0.1537279256776896,MG:PV,1.0,Africa/MENA,,,,
MG,L0,W3,L0_W3,0.27415831540700486,1,1,0.28686793562663715,MG:PV,1.0000000000000002,Africa/MENA,,,,
MG,L1,W0,L1_W0,0.4211412759186066,2,2,0.0,MG:PV,0.537632506103657,Africa/MENA,MU:PV,0.4623674938963419,,
MG,L1,W1,L1_W1,0.39586099641318306,2,2,0.05199234265716778,MG:PV,0.5305734850008383,Africa/MENA,MU:PV,0.4694265149991606,,
MG,L1,W2,L1_W2,0.3436674784944308,2,2,0.14824827003375196,MG:PV,0.511479654759047,Africa/MENA,MU:PV,0.48852034524095206,,
MG,L1,W3,L1_W3,0.2624954575697239,2,2,0.2766549852831315,MU:PV,0.5170628401536286,Africa/MENA,MG:PV,0.48293715984637026,,
MG,L2,W0,L2_W0,0.18794571632100096,16,11,0.0,ZA:WIND,0.19729123533628706,Africa/MENA,MU:PV,0.1737097034414,KE:WIND,0.17190434020752954
MG,L2,W1,L2_W1,0.16609654951517663,16,11,0.05378198176913493,ZA:WIND,0.19704947571255624,Africa/MENA,MU:PV,0.18078591389065968,KE:WIND,0.16796135486381508
MG,L2,W2,L2_W2,0.13626945560680662,16,11,0.12955504741842958,ZA:WIND,0.1948729349091739,Africa/MENA,MU:PV,0.182802245984689,KE:WIND,0.1623980683092487
MG,L2,W3,L2_W3,0.11806295902412195,16,11,0.17842194488400467,ZA:WIND,0.19192713573680364,Africa/MENA,MU:PV,0.17679365785225462,KE:WIND,0.15984779486201683
MG,L3,W0,L3_W0,0.0909777734694665,461,86,0.0,MU:PV,0.06794707323819085,Africa/MENA,CV:PV,0.05811349522231256,OM:PV,0.05739723894157276
MG,L3,W1,L3_W1,0.0725005686647755,461,84,0.05354678773924504,MU:PV,0.06549345313712344,Africa/MENA,CV:PV,0.056881030934788086,OM:PV,0.048075449999875605
MG,L3,W2,L3_W2,0.05992215983693109,461,77,0.09018515496958081,MU:PV,0.06516189558295175,Africa/MENA,CV:PV,0.06383259634640309,CL:PV,0.04615217472684319
MG,L3,W3,L3_W3,0.059645289458256215,461,78,0.0909777734694665,MU:PV,0.06447549355419303,Africa/MENA,CV:PV,0.06432687384083646,OM:PV,0.04843912701870959
MM,L0,W0,L0_W0,0.5325311739342563,1,1,0.0,MM:PV,1.0000000000000002,Asia-Pacific,,,,
MM,L0,W1,L0_W1,0.5075669323918336,1,1,0.05960460929793908,MM:PV,1.0000000000000002,Asia-Pacific,,,,
MM,L0,W2,L0_W2,0.45108077535055513,1,1,0.17459606430622354,MM:PV,1.0,Asia-Pacific,,,,
MM,L0,W3,L0_W3,0.3468318023474577,1,1,0.3371421513974918,MM:PV,0.9999999999999999,Asia-Pacific,,,,
MM,L1,W0,L1_W0,0.3384991848091207,7,3,0.0,TH:WIND,0.5095923054990088,Asia-Pacific,NP:PV,0.45451501059958355,TH:PV,0.03589268390140531
MM,L1,W1,L1_W1,0.31520979025463625,7,3,0.054069788162005875,TH:WIND,0.4986500717640605,Asia-Pacific,NP:PV,0.46445817975616227,TH:PV,0.036891748479775055
MM,L1,W2,L1_W2,0.2699133357700006,7,3,0.15059405240010643,NP:PV,0.48325965455709685,Asia-Pacific,TH:WIND,0.47632970523243223,TH:PV,0.04041064021046896
MM,L1,W3,L1_W3,0.21000025817639412,7,3,0.2629449761999241,NP:PV,0.5034183184976125,Asia-Pacific,TH:WIND,0.4500396273440009,TH:PV,0.046542054158384555
MM,L2,W0,L2_W0,0.14727397990145005,125,36,0.0,IN:WIND,0.1165850151813387,Asia-Pacific,IN:WIND,0.0787233649103752,CN:WIND,0.0702575962258574
MM,L2,W1,L2_W1,0.12576780710002924,125,38,0.05314538816938528,IN:WIND,0.11792768408768065,Asia-Pacific,IN:WIND,0.07969979070741212,CN:WIND,0.07009690991264524
MM,L2,W2,L2_W2,0.09870435455438016,125,38,0.12106635830824446,IN:WIND,0.11993584662736485,Asia-Pacific,IN:WIND,0.08027205122135055,CN:WIND,0.06967221591718625
MM,L2,W3,L2_W3,0.08828768965190831,125,40,0.14698323884510023,IN:WIND,0.12764295721777924,Asia-Pacific,IN:WIND,0.07838865433305314,CN:WIND,0.07010765556435683
MM,L3,W0,L3_W0,0.07190142919906944,461,91,0.0,CV:PV,0.10594966512272669,Asia-Pacific,SN:PV,0.05115443892374339,SR:PV,0.033876907366171834
MM,L3,W1,L3_W1,0.05498683780453302,461,92,0.04485753022933385,CV:PV,0.11149845947075633,Asia-Pacific,SN:PV,0.05531742529062497,SR:PV,0.031150878483101132
MM,L3,W2,L3_W2,0.04627656851025232,461,90,0.07079912914180647,CV:PV,0.11994874832256999,Asia-Pacific,SN:PV,0.056913251639284415,DO:WIND,0.034048760942154775
MM,L3,W3,L3_W3,0.04589115769873922,461,92,0.07190142919906944,CV:PV,0.12028608116145503,Asia-Pacific,SN:PV,0.057472668798078136,DO:WIND,0.03435516065724832
MN,L0,W0,L0_W0,0.28552643815841466,2,2,0.0,MN:WIND,0.59297801225098,Asia-Pacific,MN:PV,0.4070219877490211,,
MN,L0,W1,L0_W1,0.26231353521878237,2,2,0.052779868410679456,MN:WIND,0.5879577323762265,Asia-Pacific,MN:PV,0.41204226762377466,,
MN,L0,W2,L0_W2,0.22263424449122726,2,2,0.14039828555007136,MN:WIND,0.5785950280350478,Asia-Pacific,MN:PV,0.4214049719649533,,
MN,L0,W3,L0_W3,0.179796762279845,2,2,0.23278477609441448,MN:WIND,0.5667743824891834,Asia-Pacific,MN:PV,0.43322561751081745,,
MN,L1,W0,L1_W0,0.1677277233641649,77,27,0.0,CN:PV,0.11275836229732754,Asia-Pacific,CN:WIND,0.10973734054092629,CN:WIND,0.10621777627525603
MN,L1,W1,L1_W1,0.14654801347642368,77,27,0.05641998039246121,CN:PV,0.11754934153264793,Asia-Pacific,CN:WIND,0.10909774199499954,CN:WIND,0.10599988793154838
MN,L1,W2,L1_W2,0.11879469319485639,77,30,0.1320188744517322,CN:PV,0.12529877409475054,Asia-Pacific,CN:WIND,0.10777578629472105,CN:WIND,0.10762726077390375
MN,L1,W3,L1_W3,0.10623183053836906,77,32,0.16654169167735378,CN:PV,0.1255267618291678,Asia-Pacific,CN:WIND,0.11186531793414844,CN:WIND,0.10501311611343965
MN,L2,W0,L2_W0,0.16619016127047417,92,33,0.0,CN:WIND,0.09981006897430855,Asia-Pacific,CN:WIND,0.0982902304703703,KZ:PV,0.08146125575637186
MN,L2,W1,L2_W1,0.1452098910175738,92,34,0.056501318946844896,CN:WIND,0.09928455895676887,Asia-Pacific,CN:WIND,0.09809614420437451,KZ:PV,0.08518459112374803
MN,L2,W2,L2_W2,0.11778848197187662,92,35,0.13146532976844266,CN:WIND,0.09901673322633227,Asia-Pacific,CN:WIND,0.09784009609342521,KZ:PV,0.08712582895917458
MN,L2,W3,L2_W3,0.10555946190693799,92,35,0.1651285022023666,CN:WIND,0.10139805474203925,Asia-Pacific,CN:WIND,0.09539289644773427,KZ:PV,0.08479134075894025
MN,L3,W0,L3_W0,0.07447854631582206,461,92,0.0,NE:PV,0.05755591098414926,Asia-Pacific,CV:PV,0.05685615080991868,ID:PV,0.04917432831556846
MN,L3,W1,L3_W1,0.057401618955545276,461,92,0.04714733174418465,CV:PV,0.0588012514100861,Asia-Pacific,NE:PV,0.05759411256452527,ID:PV,0.050957354328002746
MN,L3,W2,L3_W2,0.04839204193767067,461,86,0.0735617554450622,CV:PV,0.06703591223625338,Asia-Pacific,NE:PV,0.06276936297615063,GH:PV,0.05880724998955109
MN,L3,W3,L3_W3,0.048068984037135214,461,87,0.07447854631582206,CV:PV,0.06714262509848948,Asia-Pacific,NE:PV,0.06257918115196193,GH:PV,0.05922063286377856
MR,L0,W0,L0_W0,0.2646338587142856,2,2,0.0,MR:WIND,0.6505802996001822,Africa/MENA,MR:PV,0.34941970039981224,,
MR,L0,W1,L0_W1,0.24145641891720682,2,2,0.05382151305697418,MR:WIND,0.6455212064535507,Africa/MENA,MR:PV,0.3544787935464437,,
MR,L0,W2,L0_W2,0.20285362587908934,2,2,0.14119301422959393,MR:WIND,0.6331527379690776,Africa/MENA,MR:PV,0.36684726203091694,,
MR,L0,W3,L0_W3,0.16475488018718426,2,2,0.22578887820703983,MR:WIND,0.6157686850803421,Africa/MENA,MR:PV,0.3842313149196525,,
MR,L1,W0,L1_W0,0.26164823220630906,4,2,0.0,MR:WIND,0.6404453426410226,Africa/MENA,CV:PV,0.35955465735897296,SN:PV,0.0
MR,L1,W1,L1_W1,0.23829216093794447,4,2,0.05327374652082318,MR:WIND,0.6351441411453778,Africa/MENA,CV:PV,0.3648558588546179,SN:PV,0.0
MR,L1,W2,L1_W2,0.19934614631594927,4,2,0.1400827749156646,MR:WIND,0.6231915735198291,Africa/MENA,CV:PV,0.37680842648016694,SN:PV,0.0
MR,L1,W3,L1_W3,0.16121992645597802,4,2,0.2236266980890224,MR:WIND,0.6065433916258398,Africa/MENA,CV:PV,0.3934566083741563,SN:PV,0.0
MR,L2,W0,L2_W0,0.2257081270470868,25,8,0.0,MR:WIND,0.36943773226728915,Africa/MENA,CV:PV,0.16016144508872554,ES:WIND,0.13759398544538678
MR,L2,W1,L2_W1,0.2031773256613537,25,7,0.055297175921000676,MR:WIND,0.36723895433646636,Africa/MENA,CV:PV,0.16572307159469896,ES:WIND,0.1359827888262917
MR,L2,W2,L2_W2,0.1681033557243715,25,7,0.1414990249528476,MR:WIND,0.3646952051611369,Africa/MENA,CV:PV,0.17799966841580725,ES:WIND,0.13113252318337243
MR,L2,W3,L2_W3,0.13967120687680684,25,8,0.2104916806638329,MR:WIND,0.3684885476562048,Africa/MENA,CV:PV,0.19220475542622537,ES:WIND,0.11893597757935553
MR,L3,W0,L3_W0,0.09877284982011983,461,74,0.0,US:PV,0.16293655058318327,Africa/MENA,EC:PV,0.05174232158119693,US:PV,0.040940571496985094
MR,L3,W1,L3_W1,0.07885180553497716,461,74,0.046566074561895425,US:PV,0.16506121970860008,Africa/MENA,EC:PV,0.050504221219259834,BR:PV,0.04043658242257772
MR,L3,W2,L3_W2,0.061643079689640806,461,75,0.08893997911822607,US:PV,0.1739477667456327,Africa/MENA,EC:PV,0.04809960774574699,BR:PV,0.045246912836962215
MR,L3,W3,L3_W3,0.05772151999521509,461,82,0.09853992546598427,US:PV,0.18194997497243695,Africa/MENA,EC:PV,0.05050092090328627,BR:PV,0.04529898160320578
MU,L0,W0,L0_W0,0.48560943090431985,1,1,0.0,MU:PV,0.9999999999999998,Africa/MENA,,,,
MU,L0,W1,L0_W1,0.4603193951466683,1,1,0.05530005140729955,MU:PV,0.9999999999999999,Africa/MENA,,,,
MU,L0,W2,L0_W2,0.4049827673934391,1,1,0.16116267366559783,MU:PV,1.0,Africa/MENA,,,,
MU,L0,W3,L0_W3,0.30759080728863664,1,1,0.30956376465865093,MU:PV,1.0,Africa/MENA,,,,
MU,L1,W0,L1_W0,0.4774331825311741,2,2,0.0,MU:PV,0.5366804415295707,Africa/MENA,MG:PV,0.4633195584704294,,
MU,L1,W1,L1_W1,0.4519403320569055,2,2,0.0552669962584287,MU:PV,0.5425171888737581,Africa/MENA,MG:PV,0.4574828111262418,,
MU,L1,W2,L1_W2,0.3959925417605647,2,2,0.16101924594840042,MU:PV,0.5543613833925679,Africa/MENA,MG:PV,0.4456386166074321,,
MU,L1,W3,L1_W3,0.30074503156395344,2,2,0.3068614392459313,MU:PV,0.5765477854736605,Africa/MENA,MG:PV,0.42345221452633935,,
MU,L2,W0,L2_W0,0.4774331825311741,2,2,0.0,MU:PV,0.5366804415295707,Africa/MENA,MG:PV,0.4633195584704294,,
MU,L2,W1,L2_W1,0.4519403320569055,2,2,0.0552669962584287,MU:PV,0.5425171888737581,Africa/MENA,MG:PV,0.4574828111262418,,
MU,L2,W2,L2_W2,0.3959925417605647,2,2,0.16101924594840042,MU:PV,0.5543613833925679,Africa/MENA,MG:PV,0.4456386166074321,,
MU,L2,W3,L2_W3,0.30074503156395344,2,2,0.3068614392459313,MU:PV,0.5765477854736605,Africa/MENA,MG:PV,0.42345221452633935,,
MU,L3,W0,L3_W0,0.07863328302135297,461,100,0.0,SN:PV,0.05318955732125336,Africa/MENA,IN:PV,0.046787155078560204,OM:PV,0.04234900654655906
MU,L3,W1,L3_W1,0.06159905517465919,461,94,0.05059879170646396,SN:PV,0.05452720418860825,Africa/MENA,IN:PV,0.049883769420362725,CL:PV,0.04656086290141908
MU,L3,W2,L3_W2,0.052911051833670605,461,93,0.07829690814096771,SN:PV,0.05970964264757312,Africa/MENA,IN:PV,0.05582728187144735,CL:PV,0.054349535234981865
MU,L3,W3,L3_W3,0.05279875063815754,461,92,0.07863328302135297,SN:PV,0.06057227885839834,Africa/MENA,IN:PV,0.056133670710542566,CL:PV,0.054637198969630534
MX,L0,W0,L0_W0,0.23686513396758385,5,2,0.0,MX:WIND,0.6373489758507106,North America,MX:PV,0.3626510241493439,MX:PV,0.0
MX,L0,W1,L0_W1,0.2134305269762022,5,2,0.048262766819313595,MX:WIND,0.6306079296512286,North America,MX:PV,0.36939207034882504,MX:PV,0.0
MX,L0,W2,L0_W2,0.17618443926756786,5,4,0.12287164382116135,MX:WIND,0.6210074690305873,North America,MX:PV,0.3761976463266217,MX:PV,0.0015448924550757186
MX,L0,W3,L0_W3,0.14138242073470542,5,2,0.1901461515657025,MX:WIND,0.62137465299859,North America,MX:PV,0.378625347001463,MX:PV,0.0
MX,L1,W0,L1_W0,0.23447355418414004,7,4,0.0,MX:WIND,0.5813059769849102,North America,MX:PV,0.35343794563783915,GT:WIND,0.047714474284815886
MX,L1,W1,L1_W1,0.21119128580711402,7,4,0.04795525856943594,MX:WIND,0.5738321012107626,North America,MX:PV,0.3568272898445385,GT:WIND,0.04714614410474399
MX,L1,W2,L1_W2,0.17373240693953626,7,4,0.12235726894071201,MX:WIND,0.5602089923538727,North America,MX:PV,0.3648894388292315,GT:WIND,0.04909164583555965
MX,L1,W3,L1_W3,0.1385406890319916,7,4,0.19006385821523972,MX:WIND,0.563284703961693,North America,MX:PV,0.36969147453018514,GT:WIND,0.045390226028337324
MX,L2,W0,L2_W0,0.11260866485195019,107,34,0.0,US:PV,0.19273936699481756,North America,MX:WIND,0.10534903813784546,JM:PV,0.10190934046689847
MX,L2,W1,L2_W1,0.0921563218283961,107,33,0.048442649293225136,US:PV,0.1993317379872299,North America,JM:PV,0.10523982770412679,MX:WIND,0.10431068416327184
MX,L2,W2,L2_W2,0.07206164298057521,107,32,0.0987812821641363,US:PV,0.2124379060225119,North America,JM:PV,0.11272362919928507,MX:WIND,0.10581761905986428
MX,L2,W3,L2_W3,0.06673302104512985,107,33,0.11238383201933919,US:PV,0.21789391452675863,North America,JM:PV,0.11613332225838148,MX:WIND,0.10808743294475298
MX,L3,W0,L3_W0,0.042681257566098633,461,129,0.0,US:PV,0.06888332150238986,North America,AU:PV,0.047943097360489184,AU:PV,0.03250389353391721
MX,L3,W1,L3_W1,0.028349164506898308,461,126,0.03509985976083687,US:PV,0.06910230401081813,North America,AU:PV,0.0504158557470953,CL:PV,0.04015152213192982
MX,L3,W2,L3_W2,0.02561439140885954,461,124,0.042627977102851,US:PV,0.06999258545954509,North America,AU:PV,0.052425406858766184,MX:PV,0.04092359201144195
MX,L3,W3,L3_W3,0.025595342601640748,461,122,0.04267450098753588,US:PV,0.07003265694574959,North America,AU:PV,0.05246438439439049,MX:PV,0.04091770740179092
MY,L0,W0,L0_W0,0.5302750662268187,1,1,0.0,MY:PV,1.0,Asia-Pacific,,,,
MY,L0,W1,L0_W1,0.5057787882422785,1,1,0.06077134053171787,MY:PV,0.9999999999999998,Asia-Pacific,,,,
MY,L0,W2,L0_W2,0.4512075385982707,1,1,0.17738675241786653,MY:PV,1.0,Asia-Pacific,,,,
MY,L0,W3,L0_W3,0.35433196504583775,1,1,0.34077596460703724,MY:PV,1.0,Asia-Pacific,,,,
MY,L1,W0,L1_W0,0.30497860694710244,9,7,0.0,VN:WIND,0.36238104201475413,Asia-Pacific,TH:WIND,0.296827937759176,VN:PV,0.1319734094747749
MY,L1,W1,L1_W1,0.2819907109778478,9,7,0.058112399132165135,VN:WIND,0.36138407642902654,Asia-Pacific,TH:WIND,0.2929746372083856,VN:PV,0.13707521969119996
MY,L1,W2,L1_W2,0.24135625483466927,9,7,0.15667949535944192,VN:WIND,0.3544075659735973,Asia-Pacific,TH:WIND,0.2830318820064433,VN:PV,0.15716957769273257
MY,L1,W3,L1_W3,0.19745179339699842,9,6,0.258023426334029,VN:WIND,0.3401412778020478,Asia-Pacific,TH:WIND,0.27017082469763537,VN:PV,0.18590016215920688
MY,L2,W0,L2_W0,0.23636256658918053,19,8,0.0,LK:WIND,0.3463303074592338,Asia-Pacific,PH:WIND,0.21251555601026448,LK:PV,0.12682536297319463
MY,L2,W1,L2_W1,0.21507141956888237,19,8,0.059549349102834145,LK:WIND,0.33921739948000695,Asia-Pacific,PH:WIND,0.21394752806879186,LK:PV,0.12702933922877552
MY,L2,W2,L2_W2,0.18254230392101306,19,8,0.15080984254932345,LK:WIND,0.3226508518111465,Asia-Pacific,PH:WIND,0.2133484203315312,LK:PV,0.13158998879737402
MY,L2,W3,L2_W3,0.1578604549186867,19,9,0.2197946412270175,LK:WIND,0.308520254724962,Asia-Pacific,PH:WIND,0.21756880775517226,LK:PV,0.1366318530481225
MY,L3,W0,L3_W0,0.11744643468791092,461,67,0.0,MR:WIND,0.065150565269157,Asia-Pacific,DO:WIND,0.05392897835587783,SN:PV,0.05349168454728709
MY,L3,W1,L3_W1,0.09888621456657397,461,72,0.059806466389381634,MR:WIND,0.06436002477191362,Asia-Pacific,SN:PV,0.05239287210664478,DO:WIND,0.05237538703425419
MY,L3,W2,L3_W2,0.08239466112114303,461,65,0.11305186249197725,SN:PV,0.06333442783739983,Asia-Pacific,MR:WIND,0.06212121393374242,DO:WIND,0.0570586897512817
MY,L3,W3,L3_W3,0.08086967390492868,461,65,0.11744643468791092,SN:PV,0.06655654039599279,Asia-Pacific,MR:WIND,0.06096574107644664,DO:WIND,0.05956324059877654
NE,L0,W0,L0_W0,0.5304463362936619,1,1,0.0,NE:PV,1.0,Africa/MENA,,,,
NE,L0,W1,L0_W1,0.5060925678051871,1,1,0.060774737966310104,NE:PV,1.0000000000000002,Africa/MENA,,,,
NE,L0,W2,L0_W2,0.4521250554452499,1,1,0.17720193782714902,NE:PV,0.9999999999999999,Africa/MENA,,,,
NE,L0,W3,L0_W3,0.35737942759575514,1,1,0.3386869988422676,NE:PV,1.0000000000000002,Africa/MENA,,,,
NE,L1,W0,L1_W0,0.5216806165492175,4,3,0.0,BF:PV,0.45026253490387597,Africa/MENA,GH:PV,0.3174355838527926,NE:PV,0.23230188124333148
NE,L1,W1,L1_W1,0.4972520645307002,4,3,0.05986120619761753,BF:PV,0.4462171527643506,Africa/MENA,GH:PV,0.31304816419057185,NE:PV,0.24073468304507778
NE,L1,W2,L1_W2,0.4435116050091733,4,3,0.1742496709370212,BF:PV,0.43642631061656195,Africa/MENA,GH:PV,0.30640332968353357,NE:PV,0.2571703596999048
NE,L1,W3,L1_W3,0.3499756461475198,4,3,0.33407514722700127,BF:PV,0.4180746061399523,Africa/MENA,GH:PV,0.3056565541962808,NE:PV,0.2762688396637671
NE,L2,W0,L2_W0,0.2432156856834601,13,5,0.0,LY:WIND,0.3244204416196226,Africa/MENA,MR:WIND,0.2504567008570655,DZ:PV,0.20603071394379988
NE,L2,W1,L2_W1,0.22130163223882568,13,6,0.06075025464883486,LY:WIND,0.3224766210533679,Africa/MENA,MR:WIND,0.24933489279638954,DZ:PV,0.2070306898950847
NE,L2,W2,L2_W2,0.18548912863274494,13,6,0.15744095261891236,LY:WIND,0.30862388243629213,Africa/MENA,MR:WIND,0.25033816251374164,DZ:PV,0.21397325109277257
NE,L2,W3,L2_W3,0.15730505903690867,13,6,0.23068633616812997,LY:WIND,0.27601678842874044,Africa/MENA,MR:WIND,0.26195203607348533,DZ:PV,0.23462835125003173
NE,L3,W0,L3_W0,0.10174955953151466,461,60,0.0,MX:PV,0.09828901044020641,Africa/MENA,LK:WIND,0.08189645504015865,US:PV,0.055737573042564076
NE,L3,W1,L3_W1,0.08163891762219526,461,62,0.0484322152747197,MX:PV,0.09342544941664188,Africa/MENA,LK:WIND,0.07832569716416633,US:PV,0.057825214045632525
NE,L3,W2,L3_W2,0.06413134603167968,461,59,0.09348437528689107,MX:PV,0.09548534165199961,Africa/MENA,LK:WIND,0.07742446104035638,US:PV,0.05475861540148069
NE,L3,W3,L3_W3,0.06107130747962309,461,56,0.10156978459192711,MX:PV,0.1000799182485299,Africa/MENA,LK:WIND,0.08067251113561982,US:PV,0.05650119513191967
NG,L0,W0,L0_W0,0.4804001783024549,1,1,0.0,NG:PV,1.0,Africa/MENA,,,,
NG,L0,W1,L0_W1,0.4552465159480891,1,1,0.056879665647493596,NG:PV,1.0,Africa/MENA,,,,
NG,L0,W2,L0_W2,0.4001194758872858,1,1,0.16556097554302493,NG:PV,1.0,Africa/MENA,,,,
NG,L0,W3,L0_W3,0.30682155157192026,1,1,0.31390739198922185,NG:PV,0.9999999999999999,Africa/MENA,,,,
NG,L1,W0,L1_W0,0.4644883492800815,4,3,0.0,GH:PV,0.4565766660004398,Africa/MENA,BF:PV,0.3513046661224339,NE:PV,0.19211866787712756
NG,L1,W1,L1_W1,0.4390885135214958,4,3,0.05483071210426646,GH:PV,0.45295126274889597,Africa/MENA,BF:PV,0.3445663242430108,NE:PV,0.20248241300809447
NG,L1,W2,L1_W2,0.3836325637311518,4,3,0.15952281273625207,GH:PV,0.44386600930557035,Africa/MENA,BF:PV,0.33713807455418004,NE:PV,0.21899591614025085
NG,L1,W3,L1_W3,0.28970195748705047,4,3,0.3027204736424534,GH:PV,0.4357920192158522,Africa/MENA,BF:PV,0.3280132028183473,NE:PV,0.23619477796580174
NG,L2,W0,L2_W0,0.20843320559492698,9,7,0.0,MR:WIND,0.34280660331299684,Africa/MENA,LY:WIND,0.247727633832852,SN:PV,0.1035573442696939
NG,L2,W1,L2_W1,0.18609242776206045,9,7,0.053884368587130464,MR:WIND,0.33829328634358313,Africa/MENA,LY:WIND,0.2448549704130575,SN:PV,0.11414516618639911
NG,L2,W2,L2_W2,0.15248514506143238,9,7,0.13484176128826955,MR:WIND,0.3314664748996323,Africa/MENA,LY:WIND,0.23236304964977836,SN:PV,0.1369632301752944
NG,L2,W3,L2_W3,0.12714028439707242,9,8,0.19694545474773556,MR:WIND,0.331567613899219,Africa/MENA,LY:WIND,0.21292742109091503,SN:PV,0.1483913781527918
NG,L3,W0,L3_W0,0.0735966288977225,461,82,0.0,CL:PV,0.09012623435552301,Africa/MENA,EG:PV,0.08744161269412254,MX:PV,0.0724060140653361
NG,L3,W1,L3_W1,0.057667802245659934,461,82,0.04456980730957524,EG:PV,0.08697426838789259,Africa/MENA,CL:PV,0.08194251963278285,CL:PV,0.07853497885264726
NG,L3,W2,L3_W2,0.04905493959830399,461,77,0.07216240616098829,CL:PV,0.10269384909522211,Africa/MENA,CL:PV,0.08000858823621876,MX:PV,0.07418591361138342
NG,L3,W3,L3_W3,0.048634921358002105,461,76,0.0735966288977225,CL:PV,0.10395834781364728,Africa/MENA,CL:PV,0.08010655144688045,MX:PV,0.07388177820414575
NI,L0,W0,L0_W0,0.4831369115293907,1,1,0.0,NI:PV,1.0,North America,,,,
NI,L0,W1,L0_W1,0.4575773596916342,1,1,0.05605828830106559,NI:PV,0.9999999999999999,North America,,,,
NI,L0,W2,L0_W2,0.4014300255761768,1,1,0.1624533331172469,NI:PV,1.0,North America,,,,
NI,L0,W3,L0_W3,0.3050545530308602,1,1,0.309062987582224,NI:PV,0.9999999999999999,North America,,,,
NI,L1,W0,L1_W0,0.2595407866115461,13,7,0.0,CU:WIND,0.4525961578418821,North America,HN:WIND,0.1996628547314688,NI:PV,0.1335639550851359
NI,L1,W1,L1_W1,0.23620431668445957,13,6,0.05306163267715619,CU:WIND,0.45094874165898896,North America,HN:WIND,0.19732686829549922,NI:PV,0.14157857878646996
NI,L1,W2,L1_W2,0.1964856754077256,13,7,0.14032169099058486,CU:WIND,0.4459618709535366,North America,HN:WIND,0.19030728702826424,NI:PV,0.150101473764274
NI,L1,W3,L1_W3,0.1582488129654317,13,7,0.2223407061937313,CU:WIND,0.4424332703729393,North America,HN:WIND,0.17899944946594562,NI:PV,0.16258629918637052
NI,L2,W0,L2_W0,0.2118501249522063,22,9,0.0,MX:WIND,0.34367551298120136,North America,MX:PV,0.2340561046806818,CU:WIND,0.2027294423279895
NI,L2,W1,L2_W1,0.1892884600373122,22,9,0.05232921885606295,MX:WIND,0.3375492833310818,North America,MX:PV,0.2385250597660008,CU:WIND,0.20290252545903026
NI,L2,W2,L2_W2,0.15536249977835004,22,8,0.1316348934164987,MX:WIND,0.3284141318241929,North America,MX:PV,0.25213189142902687,CU:WIND,0.19826347396692595
NI,L2,W3,L2_W3,0.12948855640008172,22,8,0.19337577720297217,MX:WIND,0.32888891437477946,North America,MX:PV,0.26789951650571664,CU:WIND,0.18571216446081706
NI,L3,W0,L3_W0,0.09109805064517103,461,74,0.0,US:PV,0.10415814045688866,North America,CL:PV,0.07362069452603465,AU:PV,0.0625661623557187
NI,L3,W1,L3_W1,0.07542503240595022,461,67,0.05327889277682942,US:PV,0.1007631651336554,North America,CL:PV,0.08256369337020164,AU:PV,0.06506058313938533
NI,L3,W2,L3_W2,0.06599973348915426,461,64,0.08962861901335888,CL:PV,0.09933203979761872,North America,US:PV,0.09790604263573205,AU:PV,0.07568574845476513
NI,L3,W3,L3_W3,0.06561092883927223,461,64,0.09109805064517103,CL:PV,0.10032866610784627,North America,US:PV,0.09763558864805742,AU:PV,0.0780804254938987
NL,L0,W0,L0_W0,0.21229913179879215,3,3,0.0,NL:WIND,0.459824392784205,Europe,NL:WIND,0.288520805030381,NL:PV,0.2516548021854227
NL,L0,W1,L0_W1,0.19072366866553675,3,3,0.05534843922027703,NL:WIND,0.45595284662821867,Europe,NL:WIND,0.287843665208496,NL:PV,0.25620348816329386
NL,L0,W2,L0_W2,0.1614399263157692,3,3,0.132373649675072,NL:WIND,0.4498471134686481,Europe,NL:WIND,0.2885776600335182,NL:PV,0.26157522649784193
NL,L0,W3,L0_W3,0.1396362400440982,3,3,0.19193379565137497,NL:WIND,0.4593460226047925,Europe,NL:WIND,0.2774927621893592,NL:PV,0.2631612152058571
NL,L1,W0,L1_W0,0.1682598640362735,72,29,0.0,GB:WIND,0.12136874982944489,Europe,GB:WIND,0.08869100412649332,FR:WIND,0.06462199482749684
NL,L1,W1,L1_W1,0.1476865279916088,72,29,0.056801977808549335,GB:WIND,0.12087768471516032,Europe,GB:WIND,0.0867019289158837,FR:WIND,0.06384663432521048
NL,L1,W2,L1_W2,0.12140072467666564,72,34,0.13248878157222216,GB:WIND,0.1198116192248383,Europe,GB:WIND,0.08006339482880918,FR:WIND,0.06474462911646985
NL,L1,W3,L1_W3,0.10955615525431095,72,34,0.16699218721467035,GB:WIND,0.12221433806760275,Europe,GB:WIND,0.08019746092897251,IT:PV,0.06834902819162873
NL,L2,W0,L2_W0,0.15851108540919417,101,35,0.0,MA:PV,0.1192297908730788,Europe,GB:WIND,0.09513246422702275,TR:PV,0.08558323498743098
NL,L2,W1,L2_W1,0.13821625842754684,101,34,0.05628864173365361,MA:PV,0.13218438661233364,Europe,GB:WIND,0.09441544610222385,TR:PV,0.08742263479361767
NL,L2,W2,L2_W2,0.11267586976167648,101,35,0.12789074282980406,MA:PV,0.16435399126726138,Europe,TR:PV,0.09469562465456775,GB:WIND,0.08868325373781631
NL,L2,W3,L2_W3,0.10188868728458546,101,33,0.15785393477645923,MA:PV,0.18389599821291952,Europe,TR:PV,0.10174766892309062,GB:WIND,0.0891973331381712
NL,L3,W0,L3_W0,0.07703792673462535,461,82,0.0,CL:PV,0.07840170897503973,Europe,EG:PV,0.07695842108409337,CL:PV,0.05774156774758996
NL,L3,W1,L3_W1,0.062361729162681914,461,77,0.05061410813073367,CL:PV,0.0798038784604131,Europe,EG:PV,0.07595937533952164,CL:PV,0.0679955474116614
NL,L3,W2,L3_W2,0.05584467145176975,461,74,0.0767054460885844,CL:PV,0.08438994844586288,Europe,EG:PV,0.07333295300027987,CL:PV,0.06676518997451412
NL,L3,W3,L3_W3,0.05573632840060768,461,74,0.07703792673462535,CL:PV,0.0848918301620833,Europe,EG:PV,0.0734073139115269,CL:PV,0.0656809105422292
NO,L0,W0,L0_W0,0.45915644255823174,1,1,0.0,NO:WIND,1.0,Europe,,,,
NO,L0,W1,L0_W1,0.4354777585423279,1,1,0.06234588359166936,NO:WIND,0.9999999999999999,Europe,,,,
NO,L0,W2,L0_W2,0.3849696900460799,1,1,0.17912827194873884,NO:WIND,1.0,Europe,,,,
NO,L0,W3,L0_W3,0.304042294553832,1,1,0.33120349760670714,NO:WIND,1.0,Europe,,,,
NO,L1,W0,L1_W0,0.1813961365049805,44,22,0.0,GB:WIND,0.14619495840676675,Europe,GB:WIND,0.1440044650326836,DK:WIND,0.10359007909070707
NO,L1,W1,L1_W1,0.1608838228022099,44,21,0.05885812973262369,GB:WIND,0.14422065995389907,Europe,GB:WIND,0.14386606143343392,DK:WIND,0.09848230161340644
NO,L1,W2,L1_W2,0.1332903277684185,44,22,0.14011550292974023,GB:WIND,0.14528094120720897,Europe,GB:WIND,0.14412212627295876,DK:WIND,0.08663822187670765
NO,L1,W3,L1_W3,0.12038960102049003,44,22,0.1792056388876112,GB:WIND,0.1482065275914757,Europe,GB:WIND,0.14816770559200074,DK:WIND,0.08078214606257786
NO,L2,W0,L2_W0,0.16876871437116397,96,43,0.0,GB:WIND,0.09145568872721174,Europe,GB:WIND,0.08627934453844852,PT:PV,0.07714493861250338
NO,L2,W1,L2_W1,0.1483715091808886,96,41,0.0582817344447926,GB:WIND,0.09070472405646386,Europe,GB:WIND,0.08604013365082856,PT:PV,0.0837573974457388
NO,L2,W2,L2_W2,0.12202175630197704,96,43,0.1354375395207148,PT:PV,0.09323397159299762,Europe,GB:WIND,0.09129440146975451,GB:WIND,0.0856561866460724
NO,L2,W3,L2_W3,0.11069731567433228,96,43,0.16797471289240146,PT:PV,0.09600187703952014,Europe,GB:WIND,0.09462046083739308,GB:WIND,0.08773329486742397
NO,L3,W0,L3_W0,0.08125616464201331,461,76,0.0,CL:PV,0.10384652255643678,Europe,EG:PV,0.08395513910130016,MX:PV,0.06015635014235908
NO,L3,W1,L3_W1,0.06456396842898397,461,74,0.051889344981851965,CL:PV,0.0905039232743293,Europe,EG:PV,0.08583300805360876,MX:PV,0.0660648013126698
NO,L3,W2,L3_W2,0.05615619682425484,461,74,0.08036656765196767,EG:PV,0.07988962999268903,Europe,CL:PV,0.07770812834854546,MX:PV,0.06965209820620653
NO,L3,W3,L3_W3,0.0558281652196159,461,73,0.08125616464201331,EG:PV,0.08031427520243058,Europe,CL:PV,0.07788026919146739,MX:PV,0.07055853743364553
NP,L0,W0,L0_W0,0.4941242451635822,1,1,0.0,NP:PV,0.9999999999999998,Asia-Pacific,,,,
NP,L0,W1,L0_W1,0.46887727424672904,1,1,0.056705268514281426,NP:PV,1.0,Asia-Pacific,,,,
NP,L0,W2,L0_W2,0.4133463107447417,1,1,0.1646932954491965,NP:PV,1.0,Asia-Pacific,,,,
NP,L0,W3,L0_W3,0.31456588766196275,1,1,0.31614404406814345,NP:PV,1.0,Asia-Pacific,,,,
NP,L1,W0,L1_W0,0.21976693879661047,33,7,0.0,PK:WIND,0.2305287492601303,Asia-Pacific,IN:PV,0.20214627859776105,IN:WIND,0.1567053192027821
NP,L1,W1,L1_W1,0.19715776389975426,33,8,0.05333359207830163,PK:WIND,0.2284187736797797,Asia-Pacific,IN:PV,0.20303517963413942,IN:WIND,0.15287725086700527
NP,L1,W2,L1_W2,0.16206336173812733,33,8,0.13523335118383983,PK:WIND,0.2216839965801977,Asia-Pacific,IN:PV,0.20180756097140962,IN:WIND,0.14220273054767088
NP,L1,W3,L1_W3,0.1328074317118583,33,10,0.2034682394916697,PK:WIND,0.21389821754260557,Asia-Pacific,IN:PV,0.19468905401855516,IN:WIND,0.13520048420694836
NP,L2,W0,L2_W0,0.16550918116763774,124,41,0.0,CN:WIND,0.10585367834883577,Asia-Pacific,AE:PV,0.09272809081462423,IN:WIND,0.07629799744391401
NP,L2,W1,L2_W1,0.14415950291958174,124,41,0.05601109014352325,CN:WIND,0.10523747777952804,Asia-Pacific,AE:PV,0.09931838986371054,IN:WIND,0.07917434076200673
NP,L2,W2,L2_W2,0.11579694473863225,124,42,0.1304726999666753,AE:PV,0.12089937071082353,Asia-Pacific,CN:WIND,0.10183601688554042,IN:WIND,0.08016804150690195
NP,L2,W3,L2_W3,0.10237202804448033,124,40,0.16449912401907232,AE:PV,0.1394798395440172,Asia-Pacific,CN:WIND,0.09879550148460843,IN:WIND,0.08526161969439358
NP,L3,W0,L3_W0,0.08737719226887233,461,66,0.0,CV:PV,0.09375272245285753,Asia-Pacific,BR:PV,0.06802192770936039,MY:PV,0.04350623806938408
NP,L3,W1,L3_W1,0.06816046204435623,461,68,0.04960765137983578,CV:PV,0.09358388729513621,Asia-Pacific,BR:PV,0.0654208899428173,IN:PV,0.043953423196012684
NP,L3,W2,L3_W2,0.0545932503880718,461,65,0.0857416184353987,CV:PV,0.11706397126433919,Asia-Pacific,BR:PV,0.06683461839317173,IN:PV,0.05060130695037558
NP,L3,W3,L3_W3,0.054000578657921176,461,65,0.0873723841235419,CV:PV,0.12112473490991023,Asia-Pacific,BR:PV,0.06786398741906861,IN:PV,0.04928026978447844
NZ,L0,W0,L0_W0,0.3968711365880294,1,1,0.0,NZ:WIND,1.0,Asia-Pacific,,,,
NZ,L0,W1,L0_W1,0.37237105395883485,1,1,0.057946309427540574,NZ:WIND,1.0000000000000002,Asia-Pacific,,,,
NZ,L0,W2,L0_W2,0.3219424271822854,1,1,0.16434786610905883,NZ:WIND,0.9999999999999999,Asia-Pacific,,,,
NZ,L0,W3,L0_W3,0.2506049779091335,1,1,0.2946055525760672,NZ:WIND,0.9999999999999999,Asia-Pacific,,,,
NZ,L1,W0,L1_W0,0.3968711365880294,1,1,0.0,NZ:WIND,1.0,Asia-Pacific,,,,
NZ,L1,W1,L1_W1,0.37237105395883485,1,1,0.057946309427540574,NZ:WIND,1.0000000000000002,Asia-Pacific,,,,
NZ,L1,W2,L1_W2,0.3219424271822854,1,1,0.16434786610905883,NZ:WIND,0.9999999999999999,Asia-Pacific,,,,
NZ,L1,W3,L1_W3,0.2506049779091335,1,1,0.2946055525760672,NZ:WIND,0.9999999999999999,Asia-Pacific,,,,
NZ,L2,W0,L2_W0,0.19410534333155297,14,11,0.0,AU:WIND,0.223386308222002,Asia-Pacific,NZ:WIND,0.19867791242126112,AU:WIND,0.11005776840945969
NZ,L2,W1,L2_W1,0.1716340076864605,14,11,0.0518670589579445,AU:WIND,0.2200351418264249,Asia-Pacific,NZ:WIND,0.19597933437084852,AU:WIND,0.10853593921640316
NZ,L2,W2,L2_W2,0.13867002211918028,14,11,0.12850211807684236,AU:WIND,0.21512912146877566,Asia-Pacific,NZ:WIND,0.1919111560117308,AU:WIND,0.10237759417889279
NZ,L2,W3,L2_W3,0.11548616968008497,14,11,0.1833023706886781,AU:WIND,0.21787458584172725,Asia-Pacific,NZ:WIND,0.19064918102698436,AU:WIND,0.09285339047489147
NZ,L3,W0,L3_W0,0.08251369862894721,461,72,0.0,US:PV,0.17091290332772002,Asia-Pacific,AU:PV,0.07408727458887004,IN:PV,0.0567115453790177
NZ,L3,W1,L3_W1,0.06369448917309446,461,74,0.04667288395045002,US:PV,0.17125026400088333,Asia-Pacific,AU:PV,0.07325464156511943,IN:PV,0.05680760104456046
NZ,L3,W2,L3_W2,0.05055793454811066,461,72,0.08019593375108547,US:PV,0.1817000596983503,Asia-Pacific,AU:PV,0.07128113046777929,IN:PV,0.0660986488039165
NZ,L3,W3,L3_W3,0.04956075512058143,461,72,0.08249638124137906,US:PV,0.18471387637688974,Asia-Pacific,AU:PV,0.07069019425552626,IN:PV,0.06649462126045194
OM,L0,W0,L0_W0,0.5297920869513009,1,1,0.0,OM:PV,1.0,Asia-Pacific,,,,
OM,L0,W1,L0_W1,0.5044001412598147,1,1,0.05803354983295446,OM:PV,1.0,Asia-Pacific,,,,
OM,L0,W2,L0_W2,0.44583450081489306,1,1,0.17168672191793657,OM:PV,0.9999999999999998,Asia-Pacific,,,,
OM,L0,W3,L0_W3,0.33783155858589675,1,1,0.33259325318939603,OM:PV,1.0,Asia-Pacific,,,,
OM,L1,W0,L1_W0,0.5231194057335937,4,3,0.0,OM:PV,0.4867289791725624,Asia-Pacific,KW:PV,0.40998258902264745,BH:PV,0.1032884318047889
OM,L1,W1,L1_W1,0.4978510884494609,4,3,0.05783947961176973,OM:PV,0.5033193371237278,Asia-Pacific,KW:PV,0.38134112854737495,BH:PV,0.11533953432889618
OM,L1,W2,L1_W2,0.4404731894424193,4,3,0.16995249543533175,OM:PV,0.52797219086453,Asia-Pacific,KW:PV,0.32883849629618356,BH:PV,0.14318931283928552
OM,L1,W3,L1_W3,0.332836732129426,4,3,0.3303191642571627,OM:PV,0.5620638433210137,Asia-Pacific,KW:PV,0.2591765438271807,BH:PV,0.17875961285180494
OM,L2,W0,L2_W0,0.17978746273204763,51,12,0.0,ET:WIND,0.25525260375630865,Asia-Pacific,KE:PV,0.14631305125963798,EG:WIND,0.10720591199207566
OM,L2,W1,L2_W1,0.15766290076546352,51,12,0.05454809016582602,ET:WIND,0.2514817200433201,Asia-Pacific,KE:PV,0.15022220769552405,EG:WIND,0.10396371168212604
OM,L2,W2,L2_W2,0.12650041684062582,51,12,0.13253729520362276,ET:WIND,0.2434511103495128,Asia-Pacific,KE:PV,0.16162241221526777,EG:WIND,0.09822177922445496
OM,L2,W3,L2_W3,0.10934567682704313,51,13,0.1760095699090219,ET:WIND,0.24413071208575965,Asia-Pacific,KE:PV,0.1662858736964143,EG:WIND,0.09219743630026046
OM,L3,W0,L3_W0,0.07299405815253593,461,110,0.0,CL:PV,0.053890271892146985,Asia-Pacific,NI:PV,0.0497612570509553,NE:PV,0.036660500933707076
OM,L3,W1,L3_W1,0.055349494302215474,461,109,0.0469350565202474,CL:PV,0.05488253099733188,Asia-Pacific,NI:PV,0.043159305147253434,NE:PV,0.038932126018420006
OM,L3,W2,L3_W2,0.046489514660109976,461,106,0.07166675052432199,CL:PV,0.0595384500405052,Asia-Pacific,NI:PV,0.043073268375171836,NE:PV,0.03989180544836116
OM,L3,W3,L3_W3,0.045985235254445776,461,104,0.07299405815253593,CL:PV,0.05992946785764199,Asia-Pacific,NI:PV,0.04403880671156113,NE:PV,0.040112245160899604
PA,L0,W0,L0_W0,0.49497785166792346,1,1,0.0,PA:PV,1.0,North America,,,,
PA,L0,W1,L0_W1,0.469930898047387,1,1,0.05832988663287104,PA:PV,1.0,North America,,,,
PA,L0,W2,L0_W2,0.41455375217729795,1,1,0.169689191741415,PA:PV,1.0,North America,,,,
PA,L0,W3,L0_W3,0.31825003237747285,1,1,0.32153711458939616,PA:PV,1.0,North America,,,,
PA,L1,W0,L1_W0,0.29135271731782447,12,6,0.0,HN:WIND,0.3929879803065527,North America,SV:PV,0.193655848323327,JM:WIND,0.16144379774462908
PA,L1,W1,L1_W1,0.2677506064433221,12,6,0.05004573909998096,HN:WIND,0.3866921817558126,North America,SV:PV,0.19525281457668978,JM:WIND,0.1579877560076019
PA,L1,W2,L1_W2,0.22446271633832338,12,6,0.13634920001214387,HN:WIND,0.37472227124456553,North America,SV:PV,0.1941519484749392,JM:WIND,0.14978397431604443
PA,L1,W3,L1_W3,0.17190303486680353,12,6,0.23323386638414367,HN:WIND,0.36141983992449,North America,SV:PV,0.18853158766692357,NI:PV,0.16110284260540575
PA,L2,W0,L2_W0,0.15449705198428187,25,8,0.0,PE:WIND,0.31373704161696525,North America,MX:WIND,0.2110193299874243,MX:PV,0.17106291261098192
PA,L2,W1,L2_W1,0.13272161154199782,25,8,0.04909404507506109,PE:WIND,0.3109231074452403,North America,MX:WIND,0.20708608413147453,MX:PV,0.17811398706487525
PA,L2,W2,L2_W2,0.10434922540412216,25,8,0.11495578838497557,PE:WIND,0.3000257246173049,North America,MX:WIND,0.2024128371842266,MX:PV,0.19492731768727026
PA,L2,W3,L2_W3,0.08952882224656511,25,8,0.1507928749453981,PE:WIND,0.2864402751917212,North America,MX:PV,0.20834927031843528,MX:WIND,0.20738270267972111
PA,L3,W0,L3_W0,0.05348193506270128,461,101,0.0,US:PV,0.1437461664364701,North America,AU:PV,0.047754753232323414,AU:PV,0.03530404570967408
PA,L3,W1,L3_W1,0.03750766726554671,461,102,0.03823224345426252,US:PV,0.14334364071130898,North America,AU:PV,0.047869274430698314,CL:PV,0.03571782394546848
PA,L3,W2,L3_W2,0.03163526157707873,461,106,0.05317081834632847,US:PV,0.14976065257873544,North America,AU:PV,0.046848097668099456,AU:PV,0.037126467295058134
PA,L3,W3,L3_W3,0.031519469466675464,461,104,0.053451790948993244,US:PV,0.1500118859225489,North America,AU:PV,0.04694805916722855,AU:PV,0.03711422266467818
PE,L0,W0,L0_W0,0.22953328277728255,2,2,0.0,PE:WIND,0.7390808428325076,Latin America,PE:PV,0.2609191571674971,,
PE,L0,W1,L0_W1,0.206713066924777,2,2,0.0536831252548654,PE:WIND,0.7331395164763868,Latin America,PE:PV,0.26686048352361774,,
PE,L0,W2,L0_W2,0.17015490176265824,2,2,0.13795152999375343,PE:WIND,0.7201711379941904,Latin America,PE:PV,0.279828862005814,,
PE,L0,W3,L0_W3,0.13917668643693668,2,2,0.20864754776500127,PE:WIND,0.7041051476929238,Latin America,PE:PV,0.29589485230708074,,
PE,L1,W0,L1_W0,0.20127383312549904,12,7,0.0,PE:WIND,0.4329136454191481,Latin America,AR:WIND,0.2181303524350565,CL:WIND,0.13114242855828145
PE,L1,W1,L1_W1,0.17894256832240105,12,7,0.05432183815250347,PE:WIND,0.42957334018453613,Latin America,AR:WIND,0.21596407073445548,CL:PV,0.13529713349244102
PE,L1,W2,L1_W2,0.1459737038043078,12,7,0.13498435540045112,PE:WIND,0.4218462690720138,Latin America,AR:WIND,0.21011475000975072,CL:PV,0.15261211692766738
PE,L1,W3,L1_W3,0.1232717644149849,12,8,0.19101728061206386,PE:WIND,0.40672376747348765,Latin America,AR:WIND,0.20473913199867874,CL:PV,0.1498451759747408
PE,L2,W0,L2_W0,0.18720783664545215,20,11,0.0,PE:WIND,0.32351984439411613,Latin America,AR:WIND,0.1450621928913238,UY:WIND,0.13220385298571358
PE,L2,W1,L2_W1,0.16514972971399652,20,11,0.05522661009022778,PE:WIND,0.32171744632292165,Latin America,AR:WIND,0.14390902153962976,UY:WIND,0.13101951052595465
PE,L2,W2,L2_W2,0.13378291053937966,20,11,0.13498261120831123,PE:WIND,0.31274733305754326,Latin America,AR:WIND,0.14321355916942538,UY:WIND,0.12701182320476434
PE,L2,W3,L2_W3,0.11544071034468327,20,11,0.18210351008689016,PE:WIND,0.30382105993211517,Latin America,AR:WIND,0.14208112850578836,UY:WIND,0.12373939898453983
PE,L3,W0,L3_W0,0.05433230491802876,461,76,0.0,US:PV,0.17146422552169904,Latin America,AU:PV,0.06246850470840404,SN:PV,0.045876683916817776
PE,L3,W1,L3_W1,0.038038352493401366,461,74,0.03846511736820335,US:PV,0.17259020935768446,Latin America,AU:PV,0.0624496137252916,SN:PV,0.04533044756656996
PE,L3,W2,L3_W2,0.031813122388549914,461,74,0.053994514409792624,US:PV,0.18300255837822685,Latin America,AU:PV,0.06467246241791552,SN:PV,0.048745215075655324
PE,L3,W3,L3_W3,0.031677318688983186,461,74,0.05431559115337327,US:PV,0.18389946365665827,Latin America,AU:PV,0.06476586804806049,SN:PV,0.05026358963434486
PH,L0,W0,L0_W0,0.27929694676830485,4,4,0.0,PH:WIND,0.6899509975404031,Asia-Pacific,PH:PV,0.15134619404970037,PH:PV,0.09460934870270597
PH,L0,W1,L0_W1,0.25576805151428395,4,4,0.049925925652919506,PH:WIND,0.6889413135506143,Asia-Pacific,PH:PV,0.14839812510518063,PH:PV,0.09610919882257206
PH,L0,W2,L0_W2,0.21798941789603526,4,4,0.1270645241289094,PH:WIND,0.6927645956969302,Asia-Pacific,PH:PV,0.13678778320119922,PH:PV,0.09862979296702684
PH,L0,W3,L0_W3,0.1734184385764245,4,4,0.21160440838951555,PH:WIND,0.6947039510780612,Asia-Pacific,PH:PV,0.12936979411582172,PH:PV,0.1016079545883141
PH,L1,W0,L1_W0,0.2738836597594108,6,6,0.0,PH:WIND,0.6644533514391289,Asia-Pacific,TW:PV,0.1465690660286901,PH:PV,0.06550301526906933
PH,L1,W1,L1_W1,0.25042551674770896,6,6,0.05041029058698913,PH:WIND,0.6642610334754611,Asia-Pacific,TW:PV,0.1475634063724707,PH:PV,0.06767186928278186
PH,L1,W2,L1_W2,0.21279716652925962,6,6,0.1278471098903352,PH:WIND,0.6701710046180874,Asia-Pacific,TW:PV,0.1479415095193571,PH:PV,0.06914302050230879
PH,L1,W3,L1_W3,0.16982629064558205,6,6,0.21050250335085638,PH:WIND,0.6760200404078931,Asia-Pacific,TW:PV,0.14518071551661865,PH:PV,0.06936662547233292
PH,L2,W0,L2_W0,0.22375145654416068,29,10,0.0,PH:WIND,0.3467395769795006,Asia-Pacific,MM:PV,0.15844929169907637,JP:WIND,0.1027709549459562
PH,L2,W1,L2_W1,0.20031734763617212,29,10,0.05091835972108494,PH:WIND,0.34984259354158925,Asia-Pacific,MM:PV,0.16225755862209845,JP:WIND,0.10193816021918878
PH,L2,W2,L2_W2,0.16237092787551588,29,10,0.13130563158428743,PH:WIND,0.35811253417672584,Asia-Pacific,MM:PV,0.17261163925555773,JP:WIND,0.10069564493751508
PH,L2,W3,L2_W3,0.12950490140859752,29,10,0.2010268732036208,PH:WIND,0.3844206409003002,Asia-Pacific,MM:PV,0.1823914498843537,JP:PV,0.10625945162713661
PH,L3,W0,L3_W0,0.05869600421580823,461,100,0.0,NE:PV,0.05319921360208035,Asia-Pacific,GH:PV,0.048772526913786515,SN:PV,0.04666402953590533
PH,L3,W1,L3_W1,0.04493408988325476,461,100,0.04312677809181345,NE:PV,0.055951803274444656,Asia-Pacific,GH:PV,0.054505928290716814,SN:PV,0.048152986881096316
PH,L3,W2,L3_W2,0.04075366455111861,461,90,0.05838658004886874,GH:PV,0.058246989374266554,Asia-Pacific,NE:PV,0.05824352073067483,SN:PV,0.046924192572149324
PH,L3,W3,L3_W3,0.04066856778941211,461,91,0.05869600421580823,NE:PV,0.058718488091966954,Asia-Pacific,GH:PV,0.058217481468266434,SN:PV,0.046796155673490436
PK,L0,W0,L0_W0,0.27546153400563506,2,2,0.0,PK:WIND,0.6427714189129526,Asia-Pacific,PK:PV,0.3572285810870483,,
PK,L0,W1,L0_W1,0.2522642419547413,2,2,0.05650191415138311,PK:WIND,0.6375598131479256,Asia-Pacific,PK:PV,0.36244018685207513,,
PK,L0,W2,L0_W2,0.2127000128347499,2,2,0.14910823545620672,PK:WIND,0.6220813952207913,Asia-Pacific,PK:PV,0.37791860477920947,,
PK,L0,W3,L0_W3,0.17412909650506253,2,2,0.23692026374439712,PK:WIND,0.6043606857399612,Asia-Pacific,PK:PV,0.39563931426003957,,
PK,L1,W0,L1_W0,0.22646592528054982,34,7,0.0,PK:WIND,0.2696113128795792,Asia-Pacific,IN:WIND,0.2139531005527929,IN:PV,0.1947941281964601
PK,L1,W1,L1_W1,0.2039471666938133,34,7,0.05552185687643059,PK:WIND,0.26985432888546423,Asia-Pacific,IN:WIND,0.21236718097146493,IN:PV,0.19798891918208625
PK,L1,W2,L1_W2,0.16813766027323673,34,7,0.14228800475072523,PK:WIND,0.26610552375405583,Asia-Pacific,IN:WIND,0.21079554814005644,IN:PV,0.21061502811590627
PK,L1,W3,L1_W3,0.13939011921393893,34,7,0.2115643723044068,PK:WIND,0.26154105684912465,Asia-Pacific,IN:PV,0.22280237499525943,IN:WIND,0.22128287061832963
PK,L2,W0,L2_W0,0.22029612919989772,44,9,0.0,PK:WIND,0.24071670462017566,Asia-Pacific,OM:PV,0.197883669728098,IN:WIND,0.16047996950222082
PK,L2,W1,L2_W1,0.19782869673876233,44,9,0.05504362811420693,PK:WIND,0.24096217637238615,Asia-Pacific,OM:PV,0.20272280999935496,IN:WIND,0.16091636807946308
PK,L2,W2,L2_W2,0.1627852991251707,44,9,0.13992625443853335,PK:WIND,0.23819639958611696,Asia-Pacific,OM:PV,0.21257671181337331,IN:WIND,0.15697324475181781
PK,L2,W3,L2_W3,0.1352800943806244,44,9,0.20614103701505831,PK:WIND,0.23523300149072213,Asia-Pacific,OM:PV,0.21772175093262064,IN:WIND,0.147464020665881
PK,L3,W0,L3_W0,0.08111292476495066,461,96,0.0,CV:PV,0.06603019057164491,Asia-Pacific,OM:PV,0.0628461575642145,CL:PV,0.04230945962009757
PK,L3,W1,L3_W1,0.0659113476104343,461,91,0.05249460598160927,CV:PV,0.0646253874224328,Asia-Pacific,OM:PV,0.05487962059761168,CL:PV,0.04769579154257308
PK,L3,W2,L3_W2,0.05859322418029913,461,80,0.07976237484882782,CV:PV,0.07945443396459227,Asia-Pacific,CL:PV,0.05624761781448088,OM:PV,0.05075646102381973
PK,L3,W3,L3_W3,0.05805090632418132,461,79,0.08107432102082844,CV:PV,0.07956899842711293,Asia-Pacific,CL:PV,0.05705024194075705,OM:PV,0.05084110896444321
PL,L0,W0,L0_W0,0.2967678600059641,4,4,0.0,PL:PV,0.33080035353149695,Europe,PL:WIND,0.2785430981049738,PL:WIND,0.239008864995076
PL,L0,W1,L0_W1,0.27357473521975545,4,4,0.05752767280757206,PL:PV,0.336939787960405,Europe,PL:WIND,0.27553105157466573,PL:WIND,0.23611462682074322
PL,L0,W2,L0_W2,0.23226183313194104,4,4,0.15657353768094778,PL:PV,0.3493959950095232,Europe,PL:WIND,0.27079030640027374,PL:WIND,0.22651245296757086
PL,L0,W3,L0_W3,0.18821148616264327,4,4,0.2577003658898977,PL:PV,0.3632971676664767,Europe,PL:WIND,0.26923932731151096,PL:WIND,0.21203228444064945
PL,L1,W0,L1_W0,0.18610698875931048,76,29,0.0,GB:WIND,0.12010925969330298,Europe,GB:WIND,0.09655797764842883,NL:WIND,0.05733404323357084
PL,L1,W1,L1_W1,0.1660650443628796,76,28,0.06088927062479431,GB:WIND,0.11930276986741427,Europe,GB:WIND,0.09491352658902201,FR:WIND,0.05629913605191554
PL,L1,W2,L1_W2,0.13884874027978417,76,28,0.14481675143202216,GB:WIND,0.11638289081044592,Europe,GB:WIND,0.08981679744316479,IT:PV,0.064227551890174
PL,L1,W3,L1_W3,0.12565549799687667,76,27,0.18475047751377302,GB:WIND,0.11777524490670575,Europe,GB:WIND,0.08560306945357317,IT:PV,0.08005101490310289
PL,L2,W0,L2_W0,0.17408520637769054,111,39,0.0,MA:PV,0.1596957497636866,Europe,GB:WIND,0.09705416987149129,GB:WIND,0.07701724318000021
PL,L2,W1,L2_W1,0.15363689840298744,111,39,0.058492480185246054,MA:PV,0.1763500928420256,Europe,GB:WIND,0.09561790184425602,GB:WIND,0.07480815163411615
PL,L2,W2,L2_W2,0.12573301434167294,111,33,0.13723411919563652,MA:PV,0.2163099933730979,Europe,GB:WIND,0.09344983510946696,SA:PV,0.08827363071587123
PL,L2,W3,L2_W3,0.11243133620662844,111,33,0.17340097603486754,MA:PV,0.2327778966944942,Europe,SA:PV,0.09851890763977562,GB:WIND,0.0951727493826218
PL,L3,W0,L3_W0,0.07012619078078054,461,79,0.0,CL:PV,0.11567868091403721,Europe,EG:PV,0.10153766368437293,CL:PV,0.0789438220015312
PL,L3,W1,L3_W1,0.05637125970815721,461,76,0.04805212006823704,CL:PV,0.11599746104646219,Europe,EG:PV,0.09441008706041074,OM:PV,0.08331307175335499
PL,L3,W2,L3_W2,0.050499748261328775,461,66,0.06939811396934231,CL:PV,0.1164300361539459,Europe,EG:PV,0.09861862379872965,OM:PV,0.09492186817258695
PL,L3,W3,L3_W3,0.05024268435441268,461,66,0.07012574863702144,CL:PV,0.1158416405375394,Europe,EG:PV,0.09932247683995032,OM:PV,0.09604906398659183
PS,L0,W0,L0_W0,0.5554439771469654,1,1,0.0,PS:PV,0.9999999999999999,Asia-Pacific,,,,
PS,L0,W1,L0_W1,0.5305660873784455,1,1,0.060510127130049454,PS:PV,1.0000000000000002,Asia-Pacific,,,,
PS,L0,W2,L0_W2,0.47377579525511654,1,1,0.17835445962009452,PS:PV,1.0,Asia-Pacific,,,,
PS,L0,W3,L0_W3,0.36466836292043725,1,1,0.34603332273712845,PS:PV,1.0000000000000002,Asia-Pacific,,,,
PS,L1,W0,L1_W0,0.23260780969757652,16,7,0.0,EG:WIND,0.5070689036573979,Asia-Pacific,BG:WIND,0.14120381928589743,TR:WIND,0.08919749532739797
PS,L1,W1,L1_W1,0.20956981182960144,16,7,0.055541784269441695,EG:WIND,0.5039328783920733,Asia-Pacific,BG:WIND,0.13873329036913357,TR:WIND,0.08630592456155366
PS,L1,W2,L1_W2,0.17221717728264585,16,7,0.14403016149211326,EG:WIND,0.4980210476285716,Asia-Pacific,BG:WIND,0.13245909706394376,GR:PV,0.09317679568223995
PS,L1,W3,L1_W3,0.14413882056529817,16,7,0.21213567553004561,EG:WIND,0.5114291915684327,Asia-Pacific,BG:WIND,0.12189933481234878,GR:PV,0.09647237871584763
PS,L2,W0,L2_W0,0.17262111239109712,47,19,0.0,ET:WIND,0.16730570048520554,Asia-Pacific,EG:WIND,0.1395011809417269,LY:WIND,0.13597027809596338
PS,L2,W1,L2_W1,0.15109090531479993,47,19,0.056404941607787425,ET:WIND,0.16786336935471713,Asia-Pacific,LY:WIND,0.13504035617786103,EG:WIND,0.13494128983823397
PS,L2,W2,L2_W2,0.12133573022627005,47,18,0.13396958173751253,ET:WIND,0.17463203129633562,Asia-Pacific,LY:WIND,0.12688753217216503,EG:WIND,0.12345807897284285
PS,L2,W3,L2_W3,0.10728489829489522,47,18,0.1702470512324786,ET:WIND,0.18873957879015127,Asia-Pacific,LY:WIND,0.11747434502229709,EG:WIND,0.11612553984741278
PS,L3,W0,L3_W0,0.08670914899176799,461,82,0.0,MX:PV,0.08067734503969139,Asia-Pacific,MX:PV,0.052850894579309894,US:PV,0.04474274123335022
PS,L3,W1,L3_W1,0.06918071703898182,461,79,0.05009256665232428,MX:PV,0.09084975294541306,Asia-Pacific,MX:PV,0.05030145480160565,US:PV,0.04414983626181257
PS,L3,W2,L3_W2,0.05810866186211572,461,80,0.08345467475055178,MX:PV,0.09878378353218582,Asia-Pacific,US:PV,0.05622347104099836,MX:PV,0.045329566711225885
PS,L3,W3,L3_W3,0.056831148658518835,461,83,0.0866791224039072,MX:PV,0.10007793630579177,Asia-Pacific,US:PV,0.06202693784623837,MX:PV,0.04413840124479812
PT,L0,W0,L0_W0,0.3531970663886176,2,2,0.0,PT:PV,0.6161667869120643,Europe,PT:WIND,0.38383321308793555,,
PT,L0,W1,L0_W1,0.32936741300146444,2,2,0.053105475601149636,PT:PV,0.6227931852833594,Europe,PT:WIND,0.3772068147166406,,
PT,L0,W2,L0_W2,0.2831140311219049,2,2,0.14801740817902023,PT:PV,0.6355342494150489,Europe,PT:WIND,0.36446575058495095,,
PT,L0,W3,L0_W3,0.2219306733383592,2,2,0.2620037675649779,PT:PV,0.6494841285000472,Europe,PT:WIND,0.3505158714999529,,
PT,L1,W0,L1_W0,0.19691415512143487,37,21,0.0,MA:PV,0.12854866079737912,Europe,IE:WIND,0.11394757158442677,ES:WIND,0.108346153573149
PT,L1,W1,L1_W1,0.1753235927521129,37,21,0.056251359410708024,MA:PV,0.14380237805385696,Europe,IE:WIND,0.11275329865440556,ES:WIND,0.10782696319463489
PT,L1,W2,L1_W2,0.1442685823620104,37,20,0.13777968059960793,MA:PV,0.17593197213665282,Europe,IE:WIND,0.10760247436007847,ES:WIND,0.10494640662981466
PT,L1,W3,L1_W3,0.12402650954915109,37,21,0.19138668708556553,MA:PV,0.20328565235468557,Europe,ES:WIND,0.10249615813863787,IE:WIND,0.100084040506721
PT,L2,W0,L2_W0,0.1743191055407998,99,38,0.0,SN:PV,0.10368954028481286,Europe,MR:WIND,0.0946597230380517,GB:WIND,0.08850676540796146
PT,L2,W1,L2_W1,0.15366999811059093,99,37,0.05842608286141609,SN:PV,0.11951869847537695,Europe,MR:WIND,0.09238801321000337,GB:WIND,0.08836161417416538
PT,L2,W2,L2_W2,0.12563057505375222,99,37,0.13742577023162345,SN:PV,0.15486780155064028,Europe,MR:WIND,0.0911068022645072,GB:WIND,0.0875414787517111
PT,L2,W3,L2_W3,0.11239567549635454,99,36,0.17364584481619044,SN:PV,0.17423540118445682,Europe,GB:WIND,0.0909539396531065,MR:WIND,0.08871487737820694
PT,L3,W0,L3_W0,0.0785083612321339,461,70,0.0,MX:PV,0.12804123825709068,Europe,CL:PV,0.10173101590376998,EG:PV,0.09636120008511856
PT,L3,W1,L3_W1,0.061860947412867934,461,65,0.04954317909971868,MX:PV,0.1406826666885366,Europe,CL:PV,0.11208040959012082,EG:PV,0.09890488024772442
PT,L3,W2,L3_W2,0.05271726110141676,461,64,0.07747434619605731,MX:PV,0.15788698193407513,Europe,CL:PV,0.11675630949593586,EG:PV,0.09980686266145966
PT,L3,W3,L3_W3,0.05230247300193933,461,65,0.0785083612321339,MX:PV,0.1585605058574195,Europe,CL:PV,0.1169125383911605,EG:PV,0.1001975413772949
PY,L0,W0,L0_W0,0.3052637353557841,2,2,0.0,PY:PV,0.5894086814481607,Latin America,PY:WIND,0.41059131855184017,,
PY,L0,W1,L0_W1,0.282332060126257,2,2,0.05480025079549279,PY:PV,0.5979001332450531,Latin America,PY:WIND,0.4020998667549475,,
PY,L0,W2,L0_W2,0.23983320608024214,2,2,0.15016776079797145,PY:PV,0.6155605563812193,Latin America,PY:WIND,0.38443944361878146,,
PY,L0,W3,L0_W3,0.18982446579550272,2,2,0.2534669896076923,PY:PV,0.6368266956723467,Latin America,PY:WIND,0.36317330432765377,,
PY,L1,W0,L1_W0,0.2048493074381498,15,12,0.0,AR:WIND,0.21432933732940573,Latin America,CL:WIND,0.15549039249381438,UY:WIND,0.13637917670920707
PY,L1,W1,L1_W1,0.1826453869596934,15,12,0.054404446729067565,AR:WIND,0.2133572466962353,Latin America,CL:WIND,0.15459686121455243,UY:WIND,0.13416337630073757
PY,L1,W2,L1_W2,0.1498425579188353,15,13,0.1350015496493268,AR:WIND,0.21220259180042655,Latin America,CL:WIND,0.15071012593511496,CL:PV,0.13088940114037698
PY,L1,W3,L1_W3,0.1262599787735236,15,12,0.1937049249049025,AR:WIND,0.21456040060279424,Latin America,CL:WIND,0.14607337779494575,CL:PV,0.14111272022257862
PY,L2,W0,L2_W0,0.1606962529484049,32,16,0.0,BR:WIND,0.24203920611737195,Latin America,BR:WIND,0.1255593293176774,PE:WIND,0.10959970619156927
PY,L2,W1,L2_W1,0.13945953715216464,32,15,0.054691361635254745,BR:WIND,0.24379200999271805,Latin America,BR:WIND,0.12212449635646057,PE:WIND,0.10907209367674453
PY,L2,W2,L2_W2,0.11266676515564586,32,15,0.12583782674245303,BR:WIND,0.2580415284071216,Latin America,BR:WIND,0.10519019899470047,PE:WIND,0.10254672046496588
PY,L2,W3,L2_W3,0.10048869439763175,32,14,0.15879508503032477,BR:WIND,0.2754060854450157,Latin America,PY:PV,0.10805563510497751,PE:WIND,0.09756695914464464
PY,L3,W0,L3_W0,0.08864280362709522,461,64,0.0,US:PV,0.1764899639682803,Latin America,MX:PV,0.08401344639019244,CV:PV,0.06924654177584647
PY,L3,W1,L3_W1,0.07043185701856504,461,64,0.051218754933071785,US:PV,0.17785257791564943,Latin America,MX:PV,0.08897783155241772,CL:PV,0.07333923712081263
PY,L3,W2,L3_W2,0.058424069626430396,461,62,0.08639250917553312,US:PV,0.1902940335537082,Latin America,MX:PV,0.09131805696210589,CV:PV,0.0820172614420113
PY,L3,W3,L3_W3,0.05762169712284169,461,62,0.08864280362709522,US:PV,0.19376441568317915,Latin America,MX:PV,0.09084888974611346,CV:PV,0.08175421299379836
RO,L0,W0,L0_W0,0.3165185963045798,2,2,0.0,RO:WIND,0.5742811527658367,Europe,RO:PV,0.42571884723416237,,
RO,L0,W1,L0_W1,0.2926153593101006,2,2,0.054801392679366366,RO:WIND,0.5692802117176444,Europe,RO:PV,0.43071978828235463,,
RO,L0,W2,L0_W2,0.24751937280539552,2,2,0.15099221802156781,RO:WIND,0.5594280770922141,Europe,RO:PV,0.44057192290778496,,
RO,L0,W3,L0_W3,0.19423083185144502,2,2,0.2579769005572104,RO:WIND,0.5472919506638838,Europe,RO:PV,0.45270804933611525,,
RO,L1,W0,L1_W0,0.2211608769898873,23,13,0.0,IT:PV,0.1423151873700856,Europe,PL:WIND,0.13966257917278913,AT:WIND,0.13775058297375337
RO,L1,W1,L1_W1,0.19881508778682952,23,13,0.05539985143765681,IT:PV,0.14449411697738487,Europe,PL:WIND,0.1378775216010329,AT:WIND,0.13697935864838476
RO,L1,W2,L1_W2,0.16444224463389281,23,12,0.1407155550977187,IT:PV,0.15219560835787924,Europe,AT:WIND,0.13756608294823278,PL:WIND,0.13358121204679926
RO,L1,W3,L1_W3,0.13782126699028457,23,11,0.20790036570048498,IT:PV,0.16550279741905005,Europe,AT:WIND,0.14004495706416473,PL:WIND,0.13074223304602248
RO,L2,W0,L2_W0,0.15778866124583174,115,39,0.0,PT:PV,0.11656142045205643,Europe,GB:WIND,0.07492127745983969,GB:WIND,0.07363633356914555
RO,L2,W1,L2_W1,0.13784832289838073,115,39,0.05771300766884774,PT:PV,0.12247604172805839,Europe,GB:WIND,0.0732730909396845,GB:WIND,0.07261597811542175
RO,L2,W2,L2_W2,0.11280881834222302,115,37,0.13033239328384574,PT:PV,0.13154803490266956,Europe,GB:WIND,0.07075184675876998,GB:WIND,0.07061847285007344
RO,L2,W3,L2_W3,0.10312299872771721,115,36,0.15750358364694328,PT:PV,0.14312357079818755,Europe,EG:PV,0.07733455181651076,GB:WIND,0.07259153504911912
RO,L3,W0,L3_W0,0.06672046472779819,461,89,0.0,CL:PV,0.08988393726094977,Europe,EG:PV,0.08619599353411371,OM:PV,0.08005317315248937
RO,L3,W1,L3_W1,0.05295944471584349,461,82,0.04720838784410184,CL:PV,0.08789616836505391,Europe,OM:PV,0.08642309769486971,CL:PV,0.07370170138524275
RO,L3,W2,L3_W2,0.04792428378510063,461,78,0.06640685830947135,OM:PV,0.10778803416474388,Europe,CL:PV,0.08956547224011221,CL:PV,0.08619885593269144
RO,L3,W3,L3_W3,0.047827653511475846,461,78,0.0667204647277982,OM:PV,0.10997042313855222,Europe,CL:PV,0.08928483940804992,CL:PV,0.08585014918253857
RU,L0,W0,L0_W0,0.35241566500177723,2,2,0.0,RU:WIND,0.6096194954713519,Europe,RU:PV,0.3903805045286441,,
RU,L0,W1,L0_W1,0.32919145585858467,2,2,0.05842798403523706,RU:WIND,0.6030913342481679,Europe,RU:PV,0.3969086657518282,,
RU,L0,W2,L0_W2,0.28568711942914854,2,2,0.1622065287126888,RU:WIND,0.589166298340142,Europe,RU:PV,0.41083370165985417,,
RU,L0,W3,L0_W3,0.2321131192652646,2,2,0.2805034576056158,RU:WIND,0.5726670860140614,Europe,RU:PV,0.42733291398593487,,
RU,L1,W0,L1_W0,0.35241566500177723,2,2,0.0,RU:WIND,0.6096194954713519,Europe,RU:PV,0.3903805045286441,,
RU,L1,W1,L1_W1,0.32919145585858467,2,2,0.05842798403523706,RU:WIND,0.6030913342481679,Europe,RU:PV,0.3969086657518282,,
RU,L1,W2,L1_W2,0.28568711942914854,2,2,0.1622065287126888,RU:WIND,0.589166298340142,Europe,RU:PV,0.41083370165985417,,
RU,L1,W3,L1_W3,0.2321131192652646,2,2,0.2805034576056158,RU:WIND,0.5726670860140614,Europe,RU:PV,0.42733291398593487,,
RU,L2,W0,L2_W0,0.2080870709445147,53,20,0.0,FI:WIND,0.12401428068747247,Europe,AT:WIND,0.10317231996244244,DE:WIND,0.10041447670289107
RU,L2,W1,L2_W1,0.18686548454172222,53,20,0.05998515504663525,FI:WIND,0.124605955447391,Europe,AT:WIND,0.10425055061497117,DE:WIND,0.10201033710521594
RU,L2,W2,L2_W2,0.15443420491072893,53,24,0.14990903756798377,FI:WIND,0.12856574150396036,Europe,AT:WIND,0.10782339021383605,DE:WIND,0.09798415223009005
RU,L2,W3,L2_W3,0.13451612952702624,53,24,0.2044631157988157,FI:WIND,0.13515257889310686,Europe,AT:WIND,0.11492806515070762,DE:WIND,0.10871897513461597
RU,L3,W0,L3_W0,0.1336887478787587,461,72,0.0,IN:PV,0.05874767559795112,Europe,MG:PV,0.05377199015907374,MX:PV,0.051799486068172765
RU,L3,W1,L3_W1,0.1161709033655421,461,77,0.06484117341166833,IN:PV,0.05925708658798591,Europe,MX:PV,0.048518074347036956,MG:PV,0.046344779803206414
RU,L3,W2,L3_W2,0.09730209016081641,461,66,0.12943085239195867,IN:PV,0.06745001769822544,Europe,MX:PV,0.046110789166678545,SR:PV,0.04050408231597501
RU,L3,W3,L3_W3,0.09593176905053884,461,61,0.1336887478787587,IN:PV,0.06982685775098108,Europe,MX:PV,0.044757626062157566,CV:PV,0.04114626696040676
RW,L0,W0,L0_W0,0.46429810952279793,1,1,0.0,RW:PV,1.0,Africa/MENA,,,,
RW,L0,W1,L0_W1,0.4388700084704784,1,1,0.05440113818190389,RW:PV,0.9999999999999999,Africa/MENA,,,,
RW,L0,W2,L0_W2,0.38414360834214817,1,1,0.15761063865386862,RW:PV,1.0,Africa/MENA,,,,
RW,L0,W3,L0_W3,0.2923368604408701,1,1,0.29970618281498423,RW:PV,1.0,Africa/MENA,,,,
RW,L1,W0,L1_W0,0.276261771715933,5,4,0.0,KE:WIND,0.49489857785065905,Africa/MENA,UG:PV,0.20385737630773576,RW:PV,0.1799518535321934
RW,L1,W1,L1_W1,0.2520821591667813,5,5,0.05106085796802927,KE:WIND,0.4876453321852739,Africa/MENA,UG:PV,0.2082383834834278,RW:PV,0.1769367178139001
RW,L1,W2,L1_W2,0.207579616654258,5,5,0.1380823943805087,KE:WIND,0.46942189037762766,Africa/MENA,UG:PV,0.21342565587455561,RW:PV,0.17480587444245843
RW,L1,W3,L1_W3,0.16009475506627316,5,5,0.2244108084778667,KE:WIND,0.45210530605285043,Africa/MENA,UG:PV,0.20931859272984443,RW:PV,0.17572239910181478
RW,L2,W0,L2_W0,0.20927998015423524,8,7,0.0,ET:WIND,0.41979749001321287,Africa/MENA,ZM:PV,0.19573674352516363,KE:WIND,0.1875525974203299
RW,L2,W1,L2_W1,0.18648471380327597,8,7,0.05146100920444944,ET:WIND,0.41444698276623204,Africa/MENA,ZM:PV,0.19528085717828275,KE:WIND,0.1866600648582294
RW,L2,W2,L2_W2,0.15234495368963472,8,7,0.12848558371797095,ET:WIND,0.40287702705381906,Africa/MENA,ZM:PV,0.1934710440657561,KE:WIND,0.183461450858942
RW,L2,W3,L2_W3,0.12579378187131893,8,7,0.1892174109134109,ET:WIND,0.39596950052903673,Africa/MENA,ZM:PV,0.18805609915432137,KE:WIND,0.17412944662828997
RW,L3,W0,L3_W0,0.06611557135324748,461,103,0.0,EG:PV,0.08178005120000824,Africa/MENA,BO:PV,0.07200931394166922,MU:PV,0.0521324904128206
RW,L3,W1,L3_W1,0.04910855158247944,461,101,0.04217540490468085,EG:PV,0.07720170551675355,Africa/MENA,BO:PV,0.07014564114592153,CL:PV,0.05591546274326733
RW,L3,W2,L3_W2,0.040830103258409564,461,104,0.06421973040840934,EG:PV,0.06880501344780039,Africa/MENA,BO:PV,0.06129663669656271,CL:PV,0.05702341372954754
RW,L3,W3,L3_W3,0.0400999261323287,461,104,0.0661155713532475,EG:PV,0.06678434380515409,Africa/MENA,BO:PV,0.05972495545444296,CL:PV,0.05638146026428931
SA,L0,W0,L0_W0,0.5791465131461461,1,1,0.0,SA:PV,1.0,Asia-Pacific,,,,
SA,L0,W1,L0_W1,0.5551874530691238,1,1,0.06329168575693558,SA:PV,1.0000000000000002,Asia-Pacific,,,,
SA,L0,W2,L0_W2,0.4994612361790576,1,1,0.18648598886238207,SA:PV,1.0000000000000002,Asia-Pacific,,,,
SA,L0,W3,L0_W3,0.3889781711906373,1,1,0.36295879111615303,SA:PV,1.0,Asia-Pacific,,,,
SA,L1,W0,L1_W0,0.24072262953893941,14,5,0.0,EG:WIND,0.5401223941920944,Asia-Pacific,TR:WIND,0.1766641010187587,EG:PV,0.13472147916694036
SA,L1,W1,L1_W1,0.21740149115861468,14,5,0.05213471242297389,EG:WIND,0.5416766729311159,Asia-Pacific,TR:WIND,0.17274472353683684,EG:PV,0.13446448357513915
SA,L1,W2,L1_W2,0.17916606316548114,14,5,0.1358583305906916,EG:WIND,0.5529333731566809,Asia-Pacific,TR:WIND,0.16205985113374852,EG:PV,0.13134049064674347
SA,L1,W3,L1_W3,0.14472602185591404,14,5,0.21089022210998554,EG:WIND,0.5758824415388927,Asia-Pacific,TR:WIND,0.14794011002031085,EG:PV,0.12685114110665788
SA,L2,W0,L2_W0,0.13895298982345072,45,18,0.0,ET:WIND,0.20940630790311468,Asia-Pacific,LY:WIND,0.1278246333189248,EG:WIND,0.12678022572835806
SA,L2,W1,L2_W1,0.11766101727467043,45,18,0.05197377142600463,ET:WIND,0.20878129630491504,Asia-Pacific,LY:WIND,0.1275733046899682,EG:WIND,0.12249458992672294
SA,L2,W2,L2_W2,0.0932486355773743,45,18,0.11518233131440196,ET:WIND,0.2105950014240838,Asia-Pacific,LY:WIND,0.12398857631814438,EG:WIND,0.11407845830629312
SA,L2,W3,L2_W3,0.0847173660036388,45,18,0.1382358934050113,ET:WIND,0.21561880947441825,Asia-Pacific,LY:WIND,0.12112054108091588,EG:WIND,0.11040200601304773
SA,L3,W0,L3_W0,0.06482747063324223,461,122,0.0,MX:PV,0.06045831966394871,Asia-Pacific,CL:PV,0.056605037563383365,MX:PV,0.03763194999660937
SA,L3,W1,L3_W1,0.049182007510225625,461,113,0.04292956869707025,MX:PV,0.06397390808583153,Asia-Pacific,CL:PV,0.06101941681151028,MX:PV,0.03338033743872603
SA,L3,W2,L3_W2,0.04183821632470088,461,110,0.06280196772374966,MX:PV,0.06544741364686131,Asia-Pacific,CL:PV,0.06334587634887787,PE:WIND,0.03529876044226789
SA,L3,W3,L3_W3,0.04090921893877669,461,109,0.06482747063324223,MX:PV,0.06476399649706034,Asia-Pacific,CL:PV,0.06402490778929606,PE:WIND,0.03508539337333891
SE,L0,W0,L0_W0,0.44761180105807047,1,1,0.0,SE:WIND,1.0,Europe,,,,
SE,L0,W1,L0_W1,0.4241675018746063,1,1,0.062455384267898865,SE:WIND,1.0,Europe,,,,
SE,L0,W2,L0_W2,0.3756449668809287,1,1,0.17871465724775826,SE:WIND,1.0,Europe,,,,
SE,L0,W3,L0_W3,0.3027506634197579,1,1,0.3278067251582564,SE:WIND,1.0,Europe,,,,
SE,L1,W0,L1_W0,0.1931539712275591,27,18,0.0,NL:WIND,0.1869988522387534,Europe,NL:PV,0.12598011433744127,DE:WIND,0.09634405252164306
SE,L1,W1,L1_W1,0.17175487986508484,27,18,0.0571468037183513,NL:WIND,0.18414360974460559,Europe,NL:PV,0.12920244949018672,DE:WIND,0.09501728215930338
SE,L1,W2,L1_W2,0.14190590184223056,27,18,0.13930619452940085,NL:WIND,0.18098458750241717,Europe,NL:PV,0.13195186372531184,EE:WIND,0.09211330571658502
SE,L1,W3,L1_W3,0.12459717497000453,27,19,0.18845964137320723,NL:WIND,0.1860064321178811,Europe,NL:PV,0.13460500993682706,NL:WIND,0.10520302706278273
SE,L2,W0,L2_W0,0.173012527972757,98,39,0.0,GB:WIND,0.09397139929091464,Europe,EE:WIND,0.07612073254498967,GB:WIND,0.07349516110848835
SE,L2,W1,L2_W1,0.15220275871364503,98,38,0.05772208266898602,GB:WIND,0.09375068000105387,Europe,EE:WIND,0.07658855347517503,GB:WIND,0.07237418560813721
SE,L2,W2,L2_W2,0.12411010577234503,98,38,0.13645047999755658,GB:WIND,0.09275070689092865,Europe,ES:PV,0.09080626029851883,EE:WIND,0.07652527469959322
SE,L2,W3,L2_W3,0.11122069715874765,98,39,0.1720670517982639,ES:PV,0.10565347189233947,Europe,GB:WIND,0.09042849542361353,EE:WIND,0.07689196379733246
SE,L3,W0,L3_W0,0.0876859948784116,461,70,0.0,PE:PV,0.11319064678438398,Europe,EG:PV,0.0782812152964883,MX:PV,0.07235885801771544
SE,L3,W1,L3_W1,0.07146913936576184,461,66,0.053998792118406455,PE:PV,0.11749442234070424,Europe,OM:PV,0.07259899043451924,MX:PV,0.06964006440831132
SE,L3,W2,L3_W2,0.06234626614896374,461,59,0.08657427460019408,PE:PV,0.11760041031258889,Europe,OM:PV,0.0883172945005231,MX:PV,0.06080069134616392
SE,L3,W3,L3_W3,0.061950095579039445,461,61,0.08767508471535662,PE:PV,0.11844459616200706,Europe,OM:PV,0.0895930003763353,MX:PV,0.06260056376709579
SK,L0,W0,L0_W0,0.5274005551528946,1,1,0.0,SK:PV,1.0000000000000002,Europe,,,,
SK,L0,W1,L0_W1,0.5037046910398487,1,1,0.06348739919627146,SK:PV,1.0000000000000002,Europe,,,,
SK,L0,W2,L0_W2,0.4508652310746308,1,1,0.18503942202338952,SK:PV,1.0000000000000004,Europe,,,,
SK,L0,W3,L0_W3,0.3582680901079631,1,1,0.350046175337852,SK:PV,1.0,Europe,,,,
SK,L1,W0,L1_W0,0.1947220358300374,63,28,0.0,EE:WIND,0.08575649867929262,Europe,NL:WIND,0.08045924432386603,FR:PV,0.08031601868800539
SK,L1,W1,L1_W1,0.17440263679683493,63,26,0.060046197384572404,EE:WIND,0.08538122843969141,Europe,NL:WIND,0.08311873273316382,FR:PV,0.08081644281983123
SK,L1,W2,L1_W2,0.1460500978640929,63,26,0.14505231183910766,TR:PV,0.08755583864918759,Europe,NL:WIND,0.08177896827181476,EE:WIND,0.08107020855206169
SK,L1,W3,L1_W3,0.1302261838662842,63,25,0.19183418923481163,TR:PV,0.09192951005829417,Europe,FR:WIND,0.07606417484405083,EE:WIND,0.07344873602862996
SK,L2,W0,L2_W0,0.1791695640960981,113,36,0.0,MA:PV,0.15065879699456192,Europe,GB:WIND,0.07821375531345612,GB:WIND,0.06894584906993044
SK,L2,W1,L2_W1,0.1588695669126329,113,34,0.058676331082358126,MA:PV,0.16670915335031486,Europe,GB:WIND,0.07747669477075435,SA:PV,0.07184854819467619
SK,L2,W2,L2_W2,0.13105905158624653,113,34,0.139035646944921,MA:PV,0.20416182091874946,Europe,GB:WIND,0.07346251113878341,SA:PV,0.06809349688560513
SK,L2,W3,L2_W3,0.11658091686612974,113,37,0.17829452446770008,MA:PV,0.22074246643479328,Europe,GB:WIND,0.06875954539519531,GB:WIND,0.06763280498472753
SK,L3,W0,L3_W0,0.07985075480451204,461,74,0.0,CL:PV,0.13975578308032496,Europe,OM:PV,0.11826227177620544,EG:PV,0.0794167805467406
SK,L3,W1,L3_W1,0.06440895705725894,461,69,0.051254752659626625,CL:PV,0.14545819169210975,Europe,OM:PV,0.12360928920743035,EG:PV,0.07060972989520971
SK,L3,W2,L3_W2,0.056694096735109015,461,63,0.07868238405254574,CL:PV,0.15341933061968369,Europe,OM:PV,0.13843811620153537,CL:PV,0.08243406834357574
SK,L3,W3,L3_W3,0.05629853366510342,461,62,0.07984966249515617,CL:PV,0.1535562009915814,Europe,OM:PV,0.14189430321293497,CL:PV,0.08319597044999025
SN,L0,W0,L0_W0,0.5089763339279684,1,1,0.0,SN:PV,1.0,Africa/MENA,,,,
SN,L0,W1,L0_W1,0.4837358191485471,1,1,0.05717200828452902,SN:PV,1.0000000000000002,Africa/MENA,,,,
SN,L0,W2,L0_W2,0.42799037904390963,1,1,0.16746332970076247,SN:PV,1.0,Africa/MENA,,,,
SN,L0,W3,L0_W3,0.32788161776065794,1,1,0.32464957242713094,SN:PV,0.9999999999999999,Africa/MENA,,,,
SN,L1,W0,L1_W0,0.24880910140070392,4,3,0.0,MR:WIND,0.6169797245959058,Africa/MENA,CV:PV,0.28974201964176893,MR:PV,0.09327825576232934
SN,L1,W1,L1_W1,0.22614528368213924,4,3,0.052912949010173564,MR:WIND,0.6109698237291337,Africa/MENA,CV:PV,0.3014785591458338,MR:PV,0.08755161712503651
SN,L1,W2,L1_W2,0.18932270216840585,4,3,0.13685156314674704,MR:WIND,0.5971449028766943,Africa/MENA,CV:PV,0.31892308542541864,MR:PV,0.08393201169789097
SN,L1,W3,L1_W3,0.15462314768689525,4,3,0.21449443979628943,MR:WIND,0.5788860008203991,Africa/MENA,CV:PV,0.3263637208402252,MR:PV,0.09475027833937967
SN,L2,W0,L2_W0,0.23278035226768135,13,5,0.0,MR:WIND,0.5254421839357633,Africa/MENA,PT:PV,0.20154245726991096,CV:PV,0.1527518974530991
SN,L2,W1,L2_W1,0.21008646318003804,13,5,0.05180138049762252,MR:WIND,0.5176526812290808,Africa/MENA,PT:PV,0.2053521989235973,CV:PV,0.1580490584249201
SN,L2,W2,L2_W2,0.1742031201852505,13,5,0.13287291543942994,MR:WIND,0.5026042863095105,Africa/MENA,PT:PV,0.2183443178855211,CV:PV,0.16607885619567778
SN,L2,W3,L2_W3,0.14185198576225388,13,5,0.20544363111121697,MR:WIND,0.49288266281402165,Africa/MENA,PT:PV,0.23699183876731436,CV:PV,0.17312801684736068
SN,L3,W0,L3_W0,0.08313534806443146,461,84,0.0,US:PV,0.13191380085507246,Africa/MENA,MA:PV,0.06713028283352457,US:PV,0.04936775214880665
SN,L3,W1,L3_W1,0.06395110926014662,461,83,0.041955087424311394,US:PV,0.13335474470077172,Africa/MENA,MA:PV,0.067702046412638,US:PV,0.05097029040078813
SN,L3,W2,L3_W2,0.049048965043418755,461,85,0.07625662528708749,US:PV,0.1408132973564553,Africa/MENA,MA:PV,0.0654164436806403,US:PV,0.05128742149936696
SN,L3,W3,L3_W3,0.04622798462490411,461,92,0.08300641602387065,US:PV,0.14311686221071124,Africa/MENA,MA:PV,0.06181941570951821,US:PV,0.04989466822548412
SR,L0,W0,L0_W0,0.5199643130301328,1,1,0.0,SR:PV,1.0000000000000002,Latin America,,,,
SR,L0,W1,L0_W1,0.49518271884384835,1,1,0.059504356031976104,SR:PV,0.9999999999999999,Latin America,,,,
SR,L0,W2,L0_W2,0.4404801589786077,1,1,0.17366381740954742,SR:PV,0.9999999999999999,Latin America,,,,
SR,L0,W3,L0_W3,0.34472818173832676,1,1,0.3322410156542243,SR:PV,1.0000000000000002,Latin America,,,,
SR,L1,W0,L1_W0,0.5020887458993799,3,2,0.0,LC:PV,0.9928638758707024,Latin America,GF:PV,0.007136124129298291,SR:PV,0.0
SR,L1,W1,L1_W1,0.4769261871467582,3,2,0.05686775894023933,LC:PV,0.9996073720388043,Latin America,GF:PV,0.00039262796119621273,SR:PV,0.0
SR,L1,W2,L1_W2,0.42091709446514664,3,1,0.16600088159764576,LC:PV,1.0000000000000004,Latin America,SR:PV,0.0,GF:PV,0.0
SR,L1,W3,L1_W3,0.3208943669110391,3,1,0.31971321480202086,LC:PV,1.0000000000000007,Latin America,SR:PV,0.0,GF:PV,0.0
SR,L2,W0,L2_W0,0.21619217842505842,25,10,0.0,BR:WIND,0.2445308578232656,Latin America,DO:WIND,0.1773698497591653,PA:PV,0.16721014337958937
SR,L2,W1,L2_W1,0.19376439469344994,25,10,0.057467290804968374,BR:WIND,0.24103181498949772,Latin America,DO:WIND,0.18071162182853778,PA:PV,0.16598792977396148
SR,L2,W2,L2_W2,0.15910936962940087,25,10,0.14575607037202468,BR:WIND,0.23312714707801072,Latin America,DO:WIND,0.19184172359456142,PA:PV,0.1673871098045146
SR,L2,W3,L2_W3,0.13511404803570612,25,11,0.20636730841150616,BR:WIND,0.22888741144862593,Latin America,DO:WIND,0.204444603832403,PA:PV,0.17883785445931133
SR,L3,W0,L3_W0,0.11981671088922162,461,49,0.0,US:PV,0.16876712961327245,Latin America,CV:PV,0.11839436659029193,AU:PV,0.06721420336609993
SR,L3,W1,L3_W1,0.10054476982324632,461,47,0.05673800205486367,US:PV,0.1691963524642356,Latin America,CV:PV,0.11709097768422824,AU:PV,0.06412321743569509
SR,L3,W2,L3_W2,0.08157410136725549,461,45,0.11255278405684432,US:PV,0.18182611874882662,Latin America,CV:PV,0.12286526527443759,ET:WIND,0.05665646581136484
SR,L3,W3,L3_W3,0.07880195966098935,461,45,0.11980740035265948,US:PV,0.18944728834829735,Latin America,CV:PV,0.1262632341867761,ET:WIND,0.058613207784482126
SV,L0,W0,L0_W0,0.4687929673855721,1,1,0.0,SV:PV,0.9999999999999998,North America,,,,
SV,L0,W1,L0_W1,0.4434232641164864,1,1,0.053912540476552986,SV:PV,0.9999999999999999,North America,,,,
SV,L0,W2,L0_W2,0.38818109623139496,1,1,0.1565632533859794,SV:PV,0.9999999999999999,North America,,,,
SV,L0,W3,L0_W3,0.29146269116288365,1,1,0.3010474015221145,SV:PV,0.9999999999999999,North America,,,,
SV,L1,W0,L1_W0,0.253523191780532,12,7,0.0,CU:WIND,0.42082716994368546,North America,HN:WIND,0.19339073143438704,NI:PV,0.1260868904381881
SV,L1,W1,L1_W1,0.2299144047116785,12,7,0.051469809882498434,CU:WIND,0.41708334310600387,North America,HN:WIND,0.19088760253603673,NI:PV,0.12420266376687555
SV,L1,W2,L1_W2,0.18962001584679983,12,7,0.13626369758539864,CU:WIND,0.40670066606291533,North America,HN:WIND,0.1857961116274065,NI:PV,0.12268097097535836
SV,L1,W3,L1_W3,0.15013851434366218,12,7,0.2171191363313119,CU:WIND,0.39646242125804476,North America,HN:WIND,0.18064602583604053,NI:PV,0.1335440284025728
SV,L2,W0,L2_W0,0.10987739643501418,111,35,0.0,US:PV,0.22466679005097656,North America,DO:PV,0.1324235694456864,MX:WIND,0.08889337519786226
SV,L2,W1,L2_W1,0.089838575693697,111,34,0.0483820549628741,US:PV,0.23168527035024514,North America,DO:PV,0.135951783641569,MX:WIND,0.08729265703927097
SV,L2,W2,L2_W2,0.07032209894945929,111,33,0.09756503964362688,US:PV,0.244163784233777,North America,DO:PV,0.1457748220990558,MX:WIND,0.08629516327970312
SV,L2,W3,L2_W3,0.06558995809312035,111,32,0.10976698753683421,US:PV,0.24912742574920496,North America,DO:PV,0.1524481563425933,MX:WIND,0.08768265442977179
SV,L3,W0,L3_W0,0.05978715553209491,461,97,0.0,US:PV,0.13415553986950873,North America,AU:PV,0.05385423297908645,AU:PV,0.04572797979137743
SV,L3,W1,L3_W1,0.042612031789614015,461,101,0.040322707749083087,US:PV,0.13521994092237835,North America,AU:PV,0.05419722222393347,AU:PV,0.04562042864791568
SV,L3,W2,L3_W2,0.03504272596942846,461,103,0.05940968993233713,US:PV,0.14305599845068104,North America,AU:PV,0.05675910022680269,AU:PV,0.04870812929699025
SV,L3,W3,L3_W3,0.034887130625242256,461,104,0.05978524465766171,US:PV,0.14372779661678764,North America,AU:PV,0.056875100446806395,BO:PV,0.04897465190643808
TH,L0,W0,L0_W0,0.33518445233421107,4,4,0.0,TH:WIND,0.523707554239228,Asia-Pacific,TH:PV,0.2276380326537854,TH:PV,0.1435265913273798
TH,L0,W1,L0_W1,0.3117468707069641,4,4,0.05331632763790103,TH:WIND,0.5138284908163562,Asia-Pacific,TH:PV,0.23457224451572406,TH:PV,0.1461572185156208
TH,L0,W2,L0_W2,0.26611260713313056,4,4,0.14846933918171348,TH:WIND,0.4930734993338771,Asia-Pacific,TH:PV,0.24481584814343088,TH:PV,0.14909327488713947
TH,L0,W3,L0_W3,0.20559572872541823,4,4,0.2600951968966973,TH:WIND,0.4686104821862074,Asia-Pacific,TH:PV,0.25004446560071025,TH:PV,0.1543847215244337
TH,L1,W0,L1_W0,0.28853192483160445,11,8,0.0,VN:WIND,0.33176369605882305,Asia-Pacific,TH:WIND,0.31489929920333326,MM:PV,0.1160378764889935
TH,L1,W1,L1_W1,0.2653179551583878,11,8,0.05317020007282869,VN:WIND,0.326042101092926,Asia-Pacific,TH:WIND,0.3104919544353471,MM:PV,0.11819260311822687
TH,L1,W2,L1_W2,0.22390581979868027,11,8,0.14404770155038726,VN:WIND,0.31191891164571167,Asia-Pacific,TH:WIND,0.30064047946696626,MM:PV,0.1278320864542223
TH,L1,W3,L1_W3,0.1761091574359718,11,9,0.24110096559556105,VN:WIND,0.2943103366634029,Asia-Pacific,TH:WIND,0.28952858390923897,MM:PV,0.13608355251389773
TH,L2,W0,L2_W0,0.12258252534021621,125,41,0.0,IN:WIND,0.10275859904835094,Asia-Pacific,CN:WIND,0.07535184630030249,CN:WIND,0.0676334536462677
TH,L2,W1,L2_W1,0.10207567768956333,125,40,0.050732159964381456,IN:WIND,0.10252609727055653,Asia-Pacific,CN:WIND,0.07459259784716821,CN:WIND,0.06795714780268244
TH,L2,W2,L2_W2,0.07980199368628578,125,39,0.10790896640789142,IN:WIND,0.10335387555669048,Asia-Pacific,CN:WIND,0.07302069125976046,CN:WIND,0.06763672890399437
TH,L2,W3,L2_W3,0.07429159991918419,125,39,0.12249315991363362,IN:WIND,0.10802377650772865,Asia-Pacific,CN:WIND,0.07277424821647305,PH:WIND,0.06997364955508163
TH,L3,W0,L3_W0,0.055568090525464284,461,109,0.0,CV:PV,0.0747050002507358,Asia-Pacific,GH:PV,0.042290252472948923,NE:PV,0.039029523612129934
TH,L3,W1,L3_W1,0.042112666675919064,461,99,0.04218294472400047,CV:PV,0.07958721955129008,Asia-Pacific,GH:PV,0.04877880625310354,NE:PV,0.04310121554605063
TH,L3,W2,L3_W2,0.03849458916675568,461,92,0.05536839104796426,CV:PV,0.08619774887590913,Asia-Pacific,GH:PV,0.04976453389362313,NE:PV,0.04456414210339967
TH,L3,W3,L3_W3,0.03842760460407398,461,92,0.055568090525464284,CV:PV,0.08639787394916075,Asia-Pacific,GH:PV,0.04983581405851214,NE:PV,0.044558465528882006
TN,L0,W0,L0_W0,0.3879238087973615,1,1,0.0,TN:WIND,1.0,Africa/MENA,,,,
TN,L0,W1,L0_W1,0.3631898661415173,1,1,0.05573972734055883,TN:WIND,1.0,Africa/MENA,,,,
TN,L0,W2,L0_W2,0.31248259899405617,1,1,0.15946748531933533,TN:WIND,1.0000000000000002,Africa/MENA,,,,
TN,L0,W3,L0_W3,0.24181166880776403,1,1,0.2907627651324591,TN:WIND,1.0,Africa/MENA,,,,
TN,L1,W0,L1_W0,0.1878580764618443,45,21,0.0,LY:WIND,0.17755389856846482,Africa/MENA,AT:WIND,0.09201289419517979,ES:WIND,0.08789592614063396
TN,L1,W1,L1_W1,0.16595434455567798,45,21,0.05571615928544795,LY:WIND,0.17710867401121494,Africa/MENA,AT:WIND,0.09056844434935124,ES:WIND,0.0862094699044163
TN,L1,W2,L1_W2,0.13430331328476716,45,20,0.13660301772461927,LY:WIND,0.17232425823971534,Africa/MENA,ES:PV,0.09118733030066657,AT:WIND,0.08749455671476349
TN,L1,W3,L1_W3,0.11569019955367617,45,21,0.18452855507129978,LY:WIND,0.16300195294373268,Africa/MENA,ES:PV,0.09561622273608328,AT:WIND,0.08775960939901799
TN,L2,W0,L2_W0,0.16862473530354893,111,31,0.0,EG:WIND,0.13359876691018546,Africa/MENA,MA:PV,0.13239078406872273,GB:WIND,0.07015244091859515
TN,L2,W1,L2_W1,0.147236348784907,111,32,0.05619189978945903,MA:PV,0.1432963120409345,Africa/MENA,EG:WIND,0.1320612278999372,GB:WIND,0.06940383173425343
TN,L2,W2,L2_W2,0.11844459354649113,111,33,0.13278664499996554,MA:PV,0.16500337421170772,Africa/MENA,EG:WIND,0.12790173158734644,GB:WIND,0.06835990215998036
TN,L2,W3,L2_W3,0.10509042518595531,111,33,0.1678589154749811,MA:PV,0.16906506197883558,Africa/MENA,EG:WIND,0.1294466852209823,GB:WIND,0.07082865689260594
TN,L3,W0,L3_W0,0.08359290873980915,461,65,0.0,US:PV,0.10129675504466949,Africa/MENA,MX:PV,0.08027635253975145,CL:PV,0.08019892504220853
TN,L3,W1,L3_W1,0.0649604030796342,461,66,0.04633655126654802,US:PV,0.09899857266759492,Africa/MENA,MX:PV,0.07492163292000967,CL:PV,0.07381486736584515
TN,L3,W2,L3_W2,0.052521565011863995,461,67,0.0795178107821034,US:PV,0.09529128488742535,Africa/MENA,CL:PV,0.08285391111301982,MX:PV,0.07904263718975972
TN,L3,W3,L3_W3,0.05087066682543961,461,70,0.08356989679564736,US:PV,0.0972882037036955,Africa/MENA,MX:PV,0.08516456861075127,CL:PV,0.08307041742788578
TR,L0,W0,L0_W0,0.36044078224393794,2,2,0.0,TR:WIND,0.5039203965020769,Asia-Pacific,TR:PV,0.4960796034979277,,
TR,L0,W1,L0_W1,0.336711571063969,2,2,0.0542600575144907,TR:PV,0.5067213456292164,Asia-Pacific,TR:WIND,0.4932786543707878,,
TR,L0,W2,L0_W2,0.2904701968055914,2,2,0.1518865934454951,TR:PV,0.5289129846131423,Asia-Pacific,TR:WIND,0.4710870153868616,,
TR,L0,W3,L0_W3,0.2283785270152094,2,2,0.2697854092004863,TR:PV,0.5543832863209498,Asia-Pacific,TR:WIND,0.4456167136790539,,
TR,L1,W0,L1_W0,0.22880269143272436,23,10,0.0,EG:WIND,0.3952918156726107,Asia-Pacific,RO:WIND,0.12988102608226101,IT:PV,0.1192341735908805
TR,L1,W1,L1_W1,0.20612726702805587,23,10,0.05542122790020935,EG:WIND,0.39195640921533004,Asia-Pacific,RO:WIND,0.12917476079137338,IT:PV,0.12451205759462962
TR,L1,W2,L1_W2,0.16934669670431488,23,10,0.1433078591687087,EG:WIND,0.3811438179396132,Asia-Pacific,IT:PV,0.13712096065473403,RO:WIND,0.1260055409046397
TR,L1,W3,L1_W3,0.14015443813435755,23,11,0.2132038156602165,EG:WIND,0.3763865054349208,Asia-Pacific,IT:PV,0.14425373782656536,EG:PV,0.13692671009051813
TR,L2,W0,L2_W0,0.1751795658542777,95,33,0.0,EG:WIND,0.08071901738503241,Asia-Pacific,IR:WIND,0.07587488793209607,ES:PV,0.06603886044005489
TR,L2,W1,L2_W1,0.15414109709454193,95,33,0.056934689095306454,EG:WIND,0.07723155331924045,Asia-Pacific,IR:WIND,0.07565484822656433,ES:PV,0.0704903955633207
TR,L2,W2,L2_W2,0.12515850826274683,95,36,0.13598633033888635,IR:WIND,0.07677259733767637,Asia-Pacific,EG:WIND,0.0741036674794073,ES:PV,0.07311749832140879
TR,L2,W3,L2_W3,0.11059128974309562,95,37,0.17431152240591924,IR:WIND,0.07937705630123952,Asia-Pacific,EG:WIND,0.07149034823809174,ES:PV,0.0691015622992238
TR,L3,W0,L3_W0,0.07683065401348046,461,83,0.0,CL:PV,0.1279247147069625,Asia-Pacific,EG:PV,0.06058661113031147,MX:PV,0.053425418473889784
TR,L3,W1,L3_W1,0.05982555855811844,461,83,0.047621946456107914,CL:PV,0.12436933835302312,Asia-Pacific,EG:PV,0.06682647511020488,MX:PV,0.05422126281638956
TR,L3,W2,L3_W2,0.05045253680699598,461,76,0.07589804278397563,CL:PV,0.13110828395661173,Asia-Pacific,EG:PV,0.06984293960901321,MX:PV,0.05212044294298773
TR,L3,W3,L3_W3,0.0501234617931774,461,76,0.07682847112129901,CL:PV,0.13211560567253836,Asia-Pacific,EG:PV,0.0707550570024258,MX:PV,0.053198930015645476
TW,L0,W0,L0_W0,0.48576127845741646,2,2,0.0,TW:PV,0.8235946545574523,Asia-Pacific,TW:WIND,0.17640534544254918,,
TW,L0,W1,L0_W1,0.46384574503344106,2,2,0.06044376696248267,TW:PV,0.8329685901356811,Asia-Pacific,TW:WIND,0.16703140986432047,,
TW,L0,W2,L0_W2,0.41512224087638433,2,2,0.17622372417208584,TW:PV,0.8515308844562062,Asia-Pacific,TW:WIND,0.14846911554379544,,
TW,L0,W3,L0_W3,0.3285359547044776,2,2,0.3339088218558099,TW:PV,0.8761671604466742,Asia-Pacific,TW:WIND,0.12383283955332733,,
TW,L1,W0,L1_W0,0.28021996817075817,8,8,0.0,PH:WIND,0.5595294995540401,Asia-Pacific,TW:PV,0.16963030827665912,KR:WIND,0.10807652687988485
TW,L1,W1,L1_W1,0.25680360109871975,8,8,0.05251159651979169,PH:WIND,0.5592028103776427,Asia-Pacific,TW:PV,0.170126577915177,KR:WIND,0.10615146426454579
TW,L1,W2,L1_W2,0.2179704554106152,8,8,0.13632350328939302,PH:WIND,0.5657006777760901,Asia-Pacific,TW:PV,0.17337301681325304,KR:WIND,0.09679337144008572
TW,L1,W3,L1_W3,0.17586182542492776,8,8,0.22312849782554037,PH:WIND,0.5833823983488505,Asia-Pacific,TW:PV,0.17266033546576368,KR:WIND,0.07694121266920734
TW,L2,W0,L2_W0,0.13947028099925415,106,31,0.0,CN:WIND,0.10941950360594437,Asia-Pacific,CN:PV,0.08760019503568191,CN:WIND,0.06605275776188259
TW,L2,W1,L2_W1,0.11847691753294116,106,31,0.05108415290338181,CN:WIND,0.10894307526857323,Asia-Pacific,CN:PV,0.09089738481397994,CN:WIND,0.06495594762124757
TW,L2,W2,L2_W2,0.09355872209366815,106,32,0.11445370092757785,CN:WIND,0.10717534053098485,Asia-Pacific,CN:PV,0.09648992942778785,PH:WIND,0.06641132833676884
TW,L2,W3,L2_W3,0.08421359674122185,106,33,0.13889352361489707,CN:WIND,0.10378937884865164,Asia-Pacific,CN:PV,0.09602152534116162,PH:WIND,0.07511546815707866
TW,L3,W0,L3_W0,0.05910176075586208,461,107,0.0,CV:PV,0.08303961627270144,Asia-Pacific,GH:PV,0.04754392267846423,NE:PV,0.04579219870451964
TW,L3,W1,L3_W1,0.044755916243376395,461,106,0.043813465783712716,CV:PV,0.08337167781057943,Asia-Pacific,GH:PV,0.0542431049713854,NE:PV,0.052414903766132566
TW,L3,W2,L3_W2,0.04045258836110106,461,99,0.05902503305256864,CV:PV,0.08964376642346668,Asia-Pacific,GH:PV,0.05805667329219646,NE:PV,0.058037415933938644
TW,L3,W3,L3_W3,0.04043246102742197,461,99,0.05910176075586208,CV:PV,0.08998890590923544,Asia-Pacific,NE:PV,0.05821295792258373,GH:PV,0.058032448105605504
UA,L0,W0,L0_W0,0.5062043827750482,1,1,0.0,UA:PV,0.9999999999999999,Europe,,,,
UA,L0,W1,L0_W1,0.481482927452828,1,1,0.05956965644477373,UA:PV,1.0,Europe,,,,
UA,L0,W2,L0_W2,0.42739510344143156,1,1,0.17347573538615957,UA:PV,1.0,Europe,,,,
UA,L0,W3,L0_W3,0.3334121294804296,1,1,0.3305889133919606,UA:PV,0.9999999999999999,Europe,,,,
UA,L1,W0,L1_W0,0.24417748656800564,16,10,0.0,AT:WIND,0.25350187919911366,Europe,RO:WIND,0.19240873838982342,PS:PV,0.12656778421393503
UA,L1,W1,L1_W1,0.22144789725378258,16,10,0.055143164243374565,AT:WIND,0.25049631908121844,Europe,RO:WIND,0.19302914831464157,PS:PV,0.13359012144442015
UA,L1,W2,L1_W2,0.18432459076132868,16,10,0.1433073534575558,AT:WIND,0.2452082729225329,Europe,RO:WIND,0.19164789403056842,PS:PV,0.15614624815797667
UA,L1,W3,L1_W3,0.15177652141322132,16,11,0.22107196616879468,AT:WIND,0.24276381192247945,Europe,PS:PV,0.19237011532121762,RO:WIND,0.18884883048690132
UA,L2,W0,L2_W0,0.17942040856143188,102,46,0.0,GB:WIND,0.09046516014577256,Europe,LY:WIND,0.07202125588189738,DE:WIND,0.04999497356085488
UA,L2,W1,L2_W1,0.1587909079887117,102,45,0.05981724682803236,GB:WIND,0.09183578255806901,Europe,LY:WIND,0.07176433168910998,DE:WIND,0.047587622036236996
UA,L2,W2,L2_W2,0.13008883435073584,102,43,0.14040860090849944,GB:WIND,0.09354239489452326,Europe,LY:WIND,0.07035696561450154,AE:PV,0.04870935643150365
UA,L2,W3,L2_W3,0.11575910135041304,102,41,0.17830253102500898,GB:WIND,0.09854234758518306,Europe,LY:WIND,0.06981914097249274,AE:PV,0.06336094588449492
UA,L3,W0,L3_W0,0.10039124362320774,461,67,0.0,KE:PV,0.06193552732840634,Europe,SN:PV,0.059684803069750034,CL:PV,0.04880991687170599
UA,L3,W1,L3_W1,0.08414198811227652,461,68,0.0583477875161456,SN:PV,0.0657666796052748,Europe,KE:PV,0.0619199083961461,CL:PV,0.05472901909155775
UA,L3,W2,L3_W2,0.0732263716447846,461,64,0.09918548566293169,SN:PV,0.08162206981509924,Europe,RU:PV,0.06356553020428281,KE:PV,0.05969710477232071
UA,L3,W3,L3_W3,0.07284193159837436,461,63,0.10039124362320774,SN:PV,0.08351434916447838,Europe,RU:PV,0.06466409704747052,KE:PV,0.059850387386514214
UG,L0,W0,L0_W0,0.5032862347139121,1,1,0.0,UG:PV,1.0,Africa/MENA,,,,
UG,L0,W1,L0_W1,0.4782291437196911,1,1,0.057991168499071294,UG:PV,1.0,Africa/MENA,,,,
UG,L0,W2,L0_W2,0.4233153670020752,1,1,0.16821479689970253,UG:PV,1.0,Africa/MENA,,,,
UG,L0,W3,L0_W3,0.3267555638008696,1,1,0.32216123011218006,UG:PV,0.9999999999999999,Africa/MENA,,,,
UG,L1,W0,L1_W0,0.24319408976489898,6,5,0.0,ET:WIND,0.4505050787256178,Africa/MENA,KE:WIND,0.21195915080362143,UG:PV,0.1292618091557985
UG,L1,W1,L1_W1,0.22038551431974013,6,5,0.05449566887533413,ET:WIND,0.44543774784227486,Africa/MENA,KE:WIND,0.2105767455200323,UG:PV,0.1284205830943345
UG,L1,W2,L1_W2,0.18381349450636097,6,6,0.14087220834147213,ET:WIND,0.4364300608238134,Africa/MENA,KE:WIND,0.20533982693101901,UG:PV,0.12243822250614256
UG,L1,W3,L1_W3,0.15169599445073112,6,6,0.2158579070940894,ET:WIND,0.43234678820653977,Africa/MENA,KE:WIND,0.1924071460901128,RW:PV,0.12031325865953146
UG,L2,W0,L2_W0,0.21480336927959615,10,5,0.0,ET:WIND,0.34061908270268076,Africa/MENA,EG:WIND,0.29327993683305215,EG:PV,0.2244939568893014
UG,L2,W1,L2_W1,0.1926706409851382,10,5,0.05544695522070658,ET:WIND,0.3353857148187705,Africa/MENA,EG:WIND,0.29056203776956757,EG:PV,0.23305106198512449
UG,L2,W2,L2_W2,0.15875069997985375,10,5,0.13947350172813738,ET:WIND,0.3227864623631794,Africa/MENA,EG:WIND,0.2797886564337683,EG:PV,0.26095923205183114
UG,L2,W3,L2_W3,0.13355835716788725,10,6,0.20171171249380854,ET:WIND,0.32051403592053945,Africa/MENA,EG:PV,0.29482176012906663,EG:WIND,0.2607637711017907
UG,L3,W0,L3_W0,0.08269914416295782,461,85,0.0,BO:PV,0.12832707457313544,Africa/MENA,CL:PV,0.05153806086960482,US:PV,0.05087344475269424
UG,L3,W1,L3_W1,0.064839665567753,461,79,0.04518501832441926,BO:PV,0.13596817845271694,Africa/MENA,JO:PV,0.054332118023208864,US:PV,0.04747123320355027
UG,L3,W2,L3_W2,0.05273358836071276,461,81,0.07920557592459504,BO:PV,0.14339725427719396,Africa/MENA,JO:PV,0.06066741530846757,OM:PV,0.05309584803990458
UG,L3,W3,L3_W3,0.05154314377057607,461,82,0.08269841178909787,BO:PV,0.1443472121251872,Africa/MENA,OM:PV,0.06041199295296181,JO:PV,0.05905588697385531
US,L0,W0,L0_W0,0.10569565511090308,90,37,0.0,US:PV,0.16418535583873295,North America,US:PV,0.0767598355188477,US:WIND,0.06545921795160596
US,L0,W1,L0_W1,0.08572822716391269,90,37,0.04787814961249297,US:PV,0.16603387763723645,North America,US:PV,0.07894604014307953,US:WIND,0.06372105232001142
US,L0,W2,L0_W2,0.06748081696718601,90,35,0.09557521158985978,US:PV,0.171552794976632,North America,US:PV,0.07687521984152788,US:PV,0.0649192929629972
US,L0,W3,L0_W3,0.0638762855988883,90,36,0.10563560730340042,US:PV,0.17407715654706865,North America,US:PV,0.07942565832148378,US:PV,0.0662630913879798
US,L1,W0,L1_W0,0.10569565511090308,90,37,0.0,US:PV,0.16418535583873295,North America,US:PV,0.0767598355188477,US:WIND,0.06545921795160596
US,L1,W1,L1_W1,0.08572822716391269,90,37,0.04787814961249297,US:PV,0.16603387763723645,North America,US:PV,0.07894604014307953,US:WIND,0.06372105232001142
US,L1,W2,L1_W2,0.06748081696718601,90,35,0.09557521158985978,US:PV,0.171552794976632,North America,US:PV,0.07687521984152788,US:PV,0.0649192929629972
US,L1,W3,L1_W3,0.0638762855988883,90,36,0.10563560730340042,US:PV,0.17407715654706865,North America,US:PV,0.07942565832148378,US:PV,0.0662630913879798
US,L2,W0,L2_W0,0.09636107542373426,114,42,0.0,US:PV,0.16132783183271515,North America,MX:WIND,0.10518040077961431,CU:PV,0.1051178356233734
US,L2,W1,L2_W1,0.0771442208997971,114,44,0.047416769156358944,US:PV,0.1639550749991302,North America,CU:PV,0.10891076304526603,MX:WIND,0.10457185384329677
US,L2,W2,L2_W2,0.06151898508231897,114,43,0.08982633088851394,US:PV,0.1683841200228012,North America,CU:PV,0.10966694271309803,MX:WIND,0.10681092948186244
US,L2,W3,L2_W3,0.059267191965099705,114,44,0.09633850446482353,US:PV,0.1695597501554671,North America,CU:PV,0.10818142306274943,MX:WIND,0.10743533821089316
US,L3,W0,L3_W0,0.05277004989727725,461,109,0.0,US:PV,0.11771198335522322,North America,CL:PV,0.05794252619876522,AU:PV,0.054927071753004805
US,L3,W1,L3_W1,0.03821888746776296,461,98,0.04086354318793307,US:PV,0.12013079098336837,North America,AU:PV,0.05749139291874811,CL:PV,0.05663118202434994
US,L3,W2,L3_W2,0.03441279635110649,461,94,0.05269316149410929,US:PV,0.12509640645301248,North America,AU:PV,0.061023410565563804,CL:PV,0.05687659746120214
US,L3,W3,L3_W3,0.034387381921572285,461,94,0.05277004989727725,US:PV,0.1251448127481165,North America,AU:PV,0.061127273381426,CL:PV,0.056908724800871884
UY,L0,W0,L0_W0,0.25895775742382754,3,3,0.0,UY:PV,0.41650871923941085,Latin America,UY:WIND,0.3358606058286363,UY:WIND,0.2476306749319544
UY,L0,W1,L0_W1,0.23603003093254302,3,3,0.05292550197294678,UY:PV,0.42347760949398155,Latin America,UY:WIND,0.33192296568853746,UY:WIND,0.24459942481748265
UY,L0,W2,L0_W2,0.19757229340774882,3,3,0.13974275036356051,UY:PV,0.43815741649836826,Latin America,UY:WIND,0.32423991147569525,UY:WIND,0.237602672025938
UY,L0,W3,L0_W3,0.15965557722910603,3,3,0.2244536154796281,UY:PV,0.4538403102314953,Latin America,UY:WIND,0.3175235868681796,UY:WIND,0.22863610290032657
UY,L1,W0,L1_W0,0.2126584345092342,7,7,0.0,AR:PV,0.32073373562951407,Latin America,AR:WIND,0.27253206603503594,UY:WIND,0.17713515677785274
UY,L1,W1,L1_W1,0.1899479226150406,7,7,0.05325756519325335,AR:PV,0.33210919282004076,Latin America,AR:WIND,0.27118715976601315,UY:WIND,0.17445957828434994
UY,L1,W2,L1_W2,0.15524319595105168,7,7,0.13378905374100522,AR:PV,0.35717906173248853,Latin America,AR:WIND,0.266615356360637,UY:WIND,0.16909190128115717
UY,L1,W3,L1_W3,0.127928751105603,7,6,0.19750460983661997,AR:PV,0.37748791766629536,Latin America,AR:WIND,0.26618015005164836,UY:WIND,0.16653399769451402
UY,L2,W0,L2_W0,0.1533332372434361,32,17,0.0,BR:WIND,0.20630593964445024,Latin America,BR:WIND,0.17489161870820888,PY:PV,0.1216242985835678
UY,L2,W1,L2_W1,0.13196110604799002,32,17,0.05372675740003186,BR:WIND,0.21301911418522493,Latin America,BR:WIND,0.16675383096254132,PY:PV,0.12147089975789582
UY,L2,W2,L2_W2,0.10542036409805615,32,16,0.12255014589530282,BR:WIND,0.23038885639457451,Latin America,BR:WIND,0.14865391715373721,PY:PV,0.1250157353316176
UY,L2,W3,L2_W3,0.09439868960004284,32,15,0.15208530642924692,BR:WIND,0.24157759238373608,Latin America,BR:WIND,0.145799248555817,PY:PV,0.12785780930481316
UY,L3,W0,L3_W0,0.06880302419833574,461,70,0.0,US:PV,0.18785713178886074,Latin America,CV:PV,0.06550225309055584,AU:PV,0.05842211643389764
UY,L3,W1,L3_W1,0.050908699768982026,461,71,0.04360767044678587,US:PV,0.19184751443316028,Latin America,CV:PV,0.0629437210037504,AU:PV,0.056493786110817956
UY,L3,W2,L3_W2,0.04162998679169737,461,67,0.06778529034103789,US:PV,0.20538456680001183,Latin America,CV:PV,0.06556379083331233,BR:PV,0.05576236438518696
UY,L3,W3,L3_W3,0.04123148977018621,461,69,0.06878594412655212,US:PV,0.20698589978299592,Latin America,CV:PV,0.06440692013760926,BR:PV,0.05593335430198011
UZ,L0,W0,L0_W0,0.5125874569335954,1,1,0.0,UZ:PV,1.0,Asia-Pacific,,,,
UZ,L0,W1,L0_W1,0.48750682185604205,1,1,0.05801675501878855,UZ:PV,1.0,Asia-Pacific,,,,
UZ,L0,W2,L0_W2,0.4313151582811482,1,1,0.17007243975472275,UZ:PV,0.9999999999999999,Asia-Pacific,,,,
UZ,L0,W3,L0_W3,0.3311122924703519,1,1,0.3268615007035898,UZ:PV,1.0000000000000002,Asia-Pacific,,,,
UZ,L1,W0,L1_W0,0.2453575108632428,7,5,0.0,PK:WIND,0.43246645535164774,Asia-Pacific,IR:WIND,0.21585054083224123,IR:PV,0.18617505376216062
UZ,L1,W1,L1_W1,0.2220790533313673,7,5,0.05440068982054617,PK:WIND,0.42932438824455693,Asia-Pacific,IR:WIND,0.2142344045017574,IR:PV,0.194232699428033
UZ,L1,W2,L1_W2,0.18383706573555034,7,5,0.14159644431008558,PK:WIND,0.4175170871395172,Asia-Pacific,IR:PV,0.21492082506747523,IR:WIND,0.2131602914626101
UZ,L1,W3,L1_W3,0.15043461157671323,7,5,0.21677723927732612,PK:WIND,0.39343081539375374,Asia-Pacific,IR:PV,0.22217900771104945,IR:WIND,0.21896412579535793
UZ,L2,W0,L2_W0,0.20702668264594862,47,10,0.0,PK:WIND,0.16883995405701463,Asia-Pacific,IN:WIND,0.14494064202804563,JO:PV,0.14012086837304877
UZ,L2,W1,L2_W1,0.18465772392465385,47,10,0.05475237770291709,PK:WIND,0.16723240317220392,Asia-Pacific,IN:WIND,0.14821644976000645,JO:PV,0.14756942889096417
UZ,L2,W2,L2_W2,0.1506261956122214,47,13,0.13774662943112817,PK:WIND,0.16487758599522473,Asia-Pacific,JO:PV,0.16310153937712363,IN:WIND,0.1500506154520343
UZ,L2,W3,L2_W3,0.12708423486686074,47,13,0.1962917272242167,PK:WIND,0.1571430163819128,Asia-Pacific,JO:PV,0.15574354754014028,IN:WIND,0.14716025654601186
UZ,L3,W0,L3_W0,0.11005939574826033,461,70,0.0,IN:PV,0.095314319020248,Asia-Pacific,PE:PV,0.06710397321462186,CV:PV,0.06698288668076986
UZ,L3,W1,L3_W1,0.09271858995440112,461,65,0.05747672123098975,IN:PV,0.10246297766345688,Asia-Pacific,CV:PV,0.06733080469633985,PE:PV,0.058190360041090884
UZ,L3,W2,L3_W2,0.07803006329713294,461,64,0.10613207997984067,IN:PV,0.11127587451375943,Asia-Pacific,CV:PV,0.07395435531554136,CN:PV,0.05908218751198791
UZ,L3,W3,L3_W3,0.07673199132558135,461,62,0.11005846523909704,IN:PV,0.11020209156963509,Asia-Pacific,CV:PV,0.07954052570535815,CN:PV,0.05990772189300589
VN,L0,W0,L0_W0,0.3327281731972955,3,3,0.0,VN:WIND,0.5556033578875123,Asia-Pacific,VN:PV,0.23701880218163873,VN:PV,0.20737783993085016
VN,L0,W1,L0_W1,0.30967293246197963,3,3,0.05409534311326083,VN:WIND,0.5442030262754208,Asia-Pacific,VN:PV,0.24567219606221713,VN:PV,0.21012477766236343
VN,L0,W2,L0_W2,0.2658186819538773,3,3,0.14988858764961943,VN:WIND,0.5190711010868122,Asia-Pacific,VN:PV,0.265677730313937,VN:PV,0.21525116859925217
VN,L0,W3,L0_W3,0.2088521904937389,3,3,0.2624746069624659,VN:WIND,0.486818018898922,Asia-Pacific,VN:PV,0.2908089602793743,VN:PV,0.22237302082170515
VN,L1,W0,L1_W0,0.28783035613040037,9,6,0.0,TH:WIND,0.33264374459295626,Asia-Pacific,VN:WIND,0.2938101792221112,TH:PV,0.14571456703325425
VN,L1,W1,L1_W1,0.26462748956570187,9,6,0.05283344418893505,TH:WIND,0.3287833391217444,Asia-Pacific,VN:WIND,0.2870547581552272,TH:PV,0.1542078360203751
VN,L1,W2,L1_W2,0.22268995917908485,9,6,0.1432630376366957,TH:WIND,0.3200690670563066,Asia-Pacific,VN:WIND,0.270982578373424,TH:PV,0.16747688141625797
VN,L1,W3,L1_W3,0.17466622964808196,9,7,0.2404014635512378,TH:WIND,0.30958826948874696,Asia-Pacific,VN:WIND,0.24981256231127924,TH:PV,0.17389136513465223
VN,L2,W0,L2_W0,0.24247354694035508,20,10,0.0,PH:WIND,0.34850122667536515,Asia-Pacific,NP:PV,0.2497622531010574,TH:WIND,0.1528564765690488
VN,L2,W1,L2_W1,0.2192449162086181,20,10,0.05092124135949457,PH:WIND,0.3474750276346545,Asia-Pacific,NP:PV,0.2567102684060877,TH:WIND,0.1515487302326209
VN,L2,W2,L2_W2,0.1802675915358912,20,9,0.133764392582927,PH:WIND,0.3481431465382055,Asia-Pacific,NP:PV,0.2735967820293907,TH:WIND,0.1459528611200262
VN,L2,W3,L2_W3,0.14308448614443395,20,9,0.21084587580857939,PH:WIND,0.3650583652757629,Asia-Pacific,NP:PV,0.2919000973865914,TH:WIND,0.13431228733549536
VN,L3,W0,L3_W0,0.07643643797253176,461,85,0.0,GH:PV,0.06786089715132787,Asia-Pacific,nan:PV,0.05302807130823694,ID:PV,0.04270908312219112
VN,L3,W1,L3_W1,0.0590035860602616,461,82,0.04808261349777514,GH:PV,0.07406348460087545,Asia-Pacific,CV:PV,0.046046323175577934,nan:PV,0.044013375350603894
VN,L3,W2,L3_W2,0.049671743767751395,461,83,0.0756595343169624,GH:PV,0.07846059030345645,Asia-Pacific,CV:PV,0.05312207810312985,PH:PV,0.044677840651927904
VN,L3,W3,L3_W3,0.04939605136312882,461,82,0.07643643797253176,GH:PV,0.07922175318485279,Asia-Pacific,CV:PV,0.05273649690409952,PH:PV,0.04512778333866566
ZA,L0,W0,L0_W0,0.23058902481229876,8,6,0.0,ZA:WIND,0.3678934943659605,Africa/MENA,ZA:PV,0.20307968785718106,ZA:WIND,0.1747459849176182
ZA,L0,W1,L0_W1,0.20765996348657334,8,6,0.05095883231155134,ZA:WIND,0.3630809440642131,Africa/MENA,ZA:PV,0.1948335804840503,ZA:WIND,0.17454194292782318
ZA,L0,W2,L0_W2,0.17135964650779767,8,6,0.13103035735265867,ZA:WIND,0.35516743002188456,Africa/MENA,ZA:PV,0.18783092499241077,ZA:WIND,0.17376940079051223
ZA,L0,W3,L0_W3,0.1387986341473681,8,6,0.2024974389454465,ZA:WIND,0.3546580016611564,Africa/MENA,ZA:PV,0.17980438437507854,ZA:WIND,0.1698815038258065
ZA,L1,W0,L1_W0,0.23058902481229876,8,6,0.0,ZA:WIND,0.3678934943659605,Africa/MENA,ZA:PV,0.20307968785718106,ZA:WIND,0.1747459849176182
ZA,L1,W1,L1_W1,0.20765996348657334,8,6,0.05095883231155134,ZA:WIND,0.3630809440642131,Africa/MENA,ZA:PV,0.1948335804840503,ZA:WIND,0.17454194292782318
ZA,L1,W2,L1_W2,0.17135964650779767,8,6,0.13103035735265867,ZA:WIND,0.35516743002188456,Africa/MENA,ZA:PV,0.18783092499241077,ZA:WIND,0.17376940079051223
ZA,L1,W3,L1_W3,0.1387986341473681,8,6,0.2024974389454465,ZA:WIND,0.3546580016611564,Africa/MENA,ZA:PV,0.17980438437507854,ZA:WIND,0.1698815038258065
ZA,L2,W0,L2_W0,0.2217382908389873,10,6,0.0,ZA:WIND,0.35037327137176183,Africa/MENA,MG:PV,0.18387339219790647,ZA:WIND,0.18120070279742262
ZA,L2,W1,L2_W1,0.1989588382129563,10,6,0.050525186789972275,ZA:WIND,0.3454354792365659,Africa/MENA,MG:PV,0.18265797215834206,ZA:WIND,0.18126179168652834
ZA,L2,W2,L2_W2,0.1632492835252333,10,6,0.12900876092287208,ZA:WIND,0.33631381976876534,Africa/MENA,MG:PV,0.1817992176148636,ZA:WIND,0.17976139456840579
ZA,L2,W3,L2_W3,0.13258207152923354,10,6,0.1969469367009385,ZA:WIND,0.33414487760236633,Africa/MENA,MG:PV,0.1802690913398528,ZA:WIND,0.1759244737798562
ZA,L3,W0,L3_W0,0.06573411979188085,461,93,0.0,OM:PV,0.09137267086843393,Africa/MENA,EG:PV,0.048415686872792484,CV:PV,0.04792676734854138
ZA,L3,W1,L3_W1,0.051885428403083834,461,88,0.04687833136738061,OM:PV,0.09244118475027599,Africa/MENA,CL:PV,0.05246573662426239,CL:PV,0.049455292414193525
ZA,L3,W2,L3_W2,0.047271018854061986,461,80,0.06552198056181771,OM:PV,0.10674473205576834,Africa/MENA,CL:PV,0.06336731854049418,CL:PV,0.06109712042184027
ZA,L3,W3,L3_W3,0.04722406346463801,461,79,0.06573411979188085,OM:PV,0.10940470335852864,Africa/MENA,CL:PV,0.06418990313293332,CL:PV,0.060963243906093735
ZM,L0,W0,L0_W0,0.49072185257795514,1,1,0.0,ZM:PV,0.9999999999999998,Africa/MENA,,,,
ZM,L0,W1,L0_W1,0.46539103822438505,1,1,0.05626286314262753,ZM:PV,0.9999999999999997,Africa/MENA,,,,
ZM,L0,W2,L0_W2,0.40963664070874684,1,1,0.1640427292058993,ZM:PV,0.9999999999999998,Africa/MENA,,,,
ZM,L0,W3,L0_W3,0.3127234228850057,1,1,0.31418040724018975,ZM:PV,0.9999999999999998,Africa/MENA,,,,
ZM,L1,W0,L1_W0,0.48835605213023425,2,2,0.0,ZM:PV,0.6215718030771851,Africa/MENA,BI:PV,0.3784281969228135,,
ZM,L1,W1,L1_W1,0.46305618107137214,2,2,0.05576642502404738,ZM:PV,0.6167738420801967,Africa/MENA,BI:PV,0.3832261579198017,,
ZM,L1,W2,L1_W2,0.4072514325843725,2,2,0.16243154059716872,ZM:PV,0.6077738628630969,Africa/MENA,BI:PV,0.39222613713690135,,
ZM,L1,W3,L1_W3,0.30836972470295293,2,2,0.31225912483533824,ZM:PV,0.5957079636092703,Africa/MENA,BI:PV,0.40429203639072814,,
ZM,L2,W0,L2_W0,0.18274479042313477,16,13,0.0,ET:WIND,0.2581312968271118,Africa/MENA,ZA:WIND,0.19884894415564644,KE:WIND,0.1381205851141277
ZM,L2,W1,L2_W1,0.16041386215529693,16,13,0.050894677968395134,ET:WIND,0.2571764987254514,Africa/MENA,ZA:WIND,0.19856732573344502,KE:WIND,0.13438056356410225
ZM,L2,W2,L2_W2,0.12868926487267784,16,12,0.12434027739197695,ET:WIND,0.25290495900634996,Africa/MENA,ZA:WIND,0.19498851309964524,KE:WIND,0.1280010518926066
ZM,L2,W3,L2_W3,0.10820553113271801,16,12,0.1740589859855701,ET:WIND,0.25375523060410626,Africa/MENA,ZA:WIND,0.18989233305040665,KE:WIND,0.12084346836541267
ZM,L3,W0,L3_W0,0.06692615456804976,461,127,0.0,BO:PV,0.07956060650573693,Africa/MENA,CL:PV,0.07538434307639784,MU:PV,0.05207205393506697
ZM,L3,W1,L3_W1,0.04976649298468138,461,122,0.04031451995401294,CL:PV,0.07749197223056445,Africa/MENA,BO:PV,0.07692434258213844,MU:PV,0.054160399662726254
ZM,L3,W2,L3_W2,0.040219144923989404,461,116,0.06496937434710574,CL:PV,0.0885618450374244,Africa/MENA,BO:PV,0.06809379731718801,MU:PV,0.05796785993025905
ZM,L3,W3,L3_W3,0.03941888243024613,461,117,0.06692615456804976,CL:PV,0.0949464633171112,Africa/MENA,BO:PV,0.06734656781679625,MU:PV,0.05733312387643865
