sender_country,receiver_country,weight,recv_lon,recv_lat,send_lon,send_lat
AE,AT,0.005547035045321957,16.843,48.085,55.368,24.754
AE,AU,0.008648088799253464,144.154,-31.773,55.368,24.754
AE,BE,0.004212155769063511,3.208,51.542,55.368,24.754
AE,BR,0.019186915501692523,-41.076,-10.964,55.368,24.754
AE,CA,0.012190078133473184,-82.375,46.296,55.368,24.754
AE,CH,0.010108845158033938,7.299,47.384,55.368,24.754
AE,CL,0.04343938095592908,-70.155,-26.329,55.368,24.754
AE,CN,0.0016143613992335964,108.792,38.61,55.368,24.754
AE,DE,0.0033978946388652084,10.674,52.577,55.368,24.754
AE,DK,0.007332160393962422,10.241,55.6,55.368,24.754
AE,EG,0.002441344046092947,32.667,26.551,55.368,24.754
AE,ES,0.008638382147252462,-3.72,40.031,55.368,24.754
AE,FI,0.010281872949617108,24.52,65.563,55.368,24.754
AE,FR,0.005098472306704242,2.152,46.853,55.368,24.754
AE,GB,0.006893879457906794,-2.227,53.821,55.368,24.754
AE,GR,0.004962240617481865,22.79,37.756,55.368,24.754
AE,ID,0.003930825493679607,118.0,-2.0,55.368,24.754
AE,IE,0.004242727932101919,-8.248,52.679,55.368,24.754
AE,IN,0.002883880262898646,76.129,19.557,55.368,24.754
AE,IT,0.004743689202121021,14.277,41.189,55.368,24.754
AE,JP,0.00734438862305196,136.251,35.764,55.368,24.754
AE,KR,0.0058905243948161505,127.036,34.738,55.368,24.754
AE,MX,0.034205393388614364,-100.773,21.559,55.368,24.754
AE,MY,0.00223647952740768,101.67,2.751,55.368,24.754
AE,NL,0.005264731110333989,4.945,52.875,55.368,24.754
AE,NO,0.017716721381228807,8.132,63.44,55.368,24.754
AE,NZ,0.024152456286624633,175.062,-40.949,55.368,24.754
AE,PL,0.003463843827924904,17.38,53.213,55.368,24.754
AE,SE,0.013369711791343905,16.282,63.654,55.368,24.754
AE,TH,0.003254779280041054,101.055,15.311,55.368,24.754
AE,TR,0.002979709241543309,31.238,39.049,55.368,24.754
AE,TW,0.004583643113076201,120.945,23.682,55.368,24.754
AE,US,0.01471877563205593,-99.818,37.615,55.368,24.754
AE,ZA,0.006905223173121743,23.274,-30.622,55.368,24.754
AF,AT,0.0061898602321803775,16.843,48.085,65.794,31.647
AF,AU,0.008396278526319363,144.154,-31.773,65.794,31.647
AF,BE,0.004315021847193518,3.208,51.542,65.794,31.647
AF,BR,0.020618109259062826,-41.076,-10.964,65.794,31.647
AF,CA,0.0105424395791665,-82.375,46.296,65.794,31.647
AF,CH,0.013022520641247173,7.299,47.384,65.794,31.647
AF,CL,0.042174758306384334,-70.155,-26.329,65.794,31.647
AF,DE,0.0032129632406939935,10.674,52.577,65.794,31.647
AF,DK,0.006744595234296278,10.241,55.6,65.794,31.647
AF,EG,0.0025916813393787154,32.667,26.551,65.794,31.647
AF,ES,0.009287574347875095,-3.72,40.031,65.794,31.647
AF,FI,0.009191717744080063,24.52,65.563,65.794,31.647
AF,FR,0.005071911963261928,2.152,46.853,65.794,31.647
AF,GB,0.006336312968386109,-2.227,53.821,65.794,31.647
AF,GR,0.005813871370509292,22.79,37.756,65.794,31.647
AF,ID,0.002981113416011652,118.0,-2.0,65.794,31.647
AF,IE,0.005025748949792489,-8.248,52.679,65.794,31.647
AF,IL,0.0021510591538890095,34.764,31.223,65.794,31.647
AF,IN,0.002701504440007521,76.129,19.557,65.794,31.647
AF,IT,0.0060937563907056775,14.277,41.189,65.794,31.647
AF,JP,0.006605519608174966,136.251,35.764,65.794,31.647
AF,KR,0.005062626747406895,127.036,34.738,65.794,31.647
AF,MX,0.03261278560646759,-100.773,21.559,65.794,31.647
AF,NL,0.004448036803732419,4.945,52.875,65.794,31.647
AF,NO,0.015863699875202326,8.132,63.44,65.794,31.647
AF,NZ,0.023863308218300978,175.062,-40.949,65.794,31.647
AF,PL,0.004059732569056544,17.38,53.213,65.794,31.647
AF,SA,0.002128268877458536,38.795,31.62,65.794,31.647
AF,SE,0.012324393821054895,16.282,63.654,65.794,31.647
AF,TH,0.002186182794424218,101.055,15.311,65.794,31.647
AF,TR,0.0031315237543573407,31.238,39.049,65.794,31.647
AF,TW,0.003772532326320317,120.945,23.682,65.794,31.647
AF,US,0.015041844086486707,-99.818,37.615,65.794,31.647
AF,ZA,0.007081607660579592,23.274,-30.622,65.794,31.647
AR,AE,0.0029371466237170193,55.368,24.754,-66.322,-29.598
AR,AT,0.005734336489823179,16.843,48.085,-66.322,-29.598
AR,AU,0.007894397690043107,144.154,-31.773,-66.322,-29.598
AR,BE,0.005228716789172539,3.208,51.542,-66.322,-29.598
AR,BH,0.0025077387844207517,50.58,26.1,-66.322,-29.598
AR,CA,0.002797050668255017,-82.375,46.296,-66.322,-29.598
AR,CH,0.003791057227461105,7.299,47.384,-66.322,-29.598
AR,CL,0.0034461873581429618,-70.155,-26.329,-66.322,-29.598
AR,CN,0.002917023734763791,108.792,38.61,-66.322,-29.598
AR,DE,0.003979235654014026,10.674,52.577,-66.322,-29.598
AR,DK,0.008940922587384003,10.241,55.6,-66.322,-29.598
AR,EG,0.0027939367019143564,32.667,26.551,-66.322,-29.598
AR,ES,0.004063559962016301,-3.72,40.031,-66.322,-29.598
AR,FI,0.0075998742226526285,24.52,65.563,-66.322,-29.598
AR,FR,0.0048542714475624995,2.152,46.853,-66.322,-29.598
AR,GB,0.006094846481526716,-2.227,53.821,-66.322,-29.598
AR,GR,0.004948772048285097,22.79,37.756,-66.322,-29.598
AR,ID,0.00770640600540347,118.0,-2.0,-66.322,-29.598
AR,IE,0.0031614935531471744,-8.248,52.679,-66.322,-29.598
AR,IL,0.0026516939526842137,34.764,31.223,-66.322,-29.598
AR,IN,0.004322846107455603,76.129,19.557,-66.322,-29.598
AR,IT,0.0038672709937906976,14.277,41.189,-66.322,-29.598
AR,JP,0.015827308761059904,136.251,35.764,-66.322,-29.598
AR,KR,0.012444482334680526,127.036,34.738,-66.322,-29.598
AR,KW,0.002697707566357722,47.71,28.89,-66.322,-29.598
AR,MX,0.009842674412570999,-100.773,21.559,-66.322,-29.598
AR,MY,0.004259824856435919,101.67,2.751,-66.322,-29.598
AR,NL,0.005108907136395007,4.945,52.875,-66.322,-29.598
AR,NO,0.011315776169787458,8.132,63.44,-66.322,-29.598
AR,NZ,0.00808347300847871,175.062,-40.949,-66.322,-29.598
AR,PL,0.004433605509325298,17.38,53.213,-66.322,-29.598
AR,SA,0.0036665129790910776,38.795,31.62,-66.322,-29.598
AR,SE,0.009452971724294127,16.282,63.654,-66.322,-29.598
AR,TH,0.005170222676619774,101.055,15.311,-66.322,-29.598
AR,TR,0.0036288764758505457,31.238,39.049,-66.322,-29.598
AR,TW,0.008743909006932523,120.945,23.682,-66.322,-29.598
AR,US,0.0057822553589455365,-99.818,37.615,-66.322,-29.598
AR,ZA,0.0029980841303759776,23.274,-30.622,-66.322,-29.598
AT,AE,0.011437157072433783,55.368,24.754,16.843,48.085
AT,AU,0.004454292594158353,144.154,-31.773,16.843,48.085
AT,BE,0.003395211813485257,3.208,51.542,16.843,48.085
AT,BH,0.009789086848410431,50.58,26.1,16.843,48.085
AT,BR,0.01472677840663601,-41.076,-10.964,16.843,48.085
AT,CA,0.011521014786464159,-82.375,46.296,16.843,48.085
AT,CH,0.014762672981949594,7.299,47.384,16.843,48.085
AT,CL,0.02866299338357716,-70.155,-26.329,16.843,48.085
AT,CN,0.0029769824777288677,108.792,38.61,16.843,48.085
AT,DE,0.0026633368640924865,10.674,52.577,16.843,48.085
AT,DK,0.004066912733580621,10.241,55.6,16.843,48.085
AT,EG,0.005434131854653467,32.667,26.551,16.843,48.085
AT,ES,0.00782058876982166,-3.72,40.031,16.843,48.085
AT,FI,0.007334170317812505,24.52,65.563,16.843,48.085
AT,FR,0.004419235233947217,2.152,46.853,16.843,48.085
AT,GB,0.005019846694084546,-2.227,53.821,16.843,48.085
AT,GR,0.0087239787182362,22.79,37.756,16.843,48.085
AT,ID,0.004976436395760006,118.0,-2.0,16.843,48.085
AT,IE,0.0031171603151898273,-8.248,52.679,16.843,48.085
AT,IL,0.009774204778630785,34.764,31.223,16.843,48.085
AT,IN,0.006140262042844501,76.129,19.557,16.843,48.085
AT,IT,0.009605229210014119,14.277,41.189,16.843,48.085
AT,JP,0.0038150303624249235,136.251,35.764,16.843,48.085
AT,KR,0.004022859050150387,127.036,34.738,16.843,48.085
AT,KW,0.009852643636141774,47.71,28.89,16.843,48.085
AT,MX,0.02521549174834326,-100.773,21.559,16.843,48.085
AT,MY,0.005130640945815135,101.67,2.751,16.843,48.085
AT,NL,0.003292149577937816,4.945,52.875,16.843,48.085
AT,NO,0.012101957157592807,8.132,63.44,16.843,48.085
AT,NZ,0.016117849509646114,175.062,-40.949,16.843,48.085
AT,PL,0.005540692594123742,17.38,53.213,16.843,48.085
AT,SA,0.013749391063471894,38.795,31.62,16.843,48.085
AT,SE,0.01016650067759364,16.282,63.654,16.843,48.085
AT,TH,0.005769012525232542,101.055,15.311,16.843,48.085
AT,TR,0.006438492401954718,31.238,39.049,16.843,48.085
AT,TW,0.004415826970361831,120.945,23.682,16.843,48.085
AT,US,0.010304553062242941,-99.818,37.615,16.843,48.085
AT,ZA,0.011630347986884473,23.274,-30.622,16.843,48.085
AU,AE,0.010569105893819517,55.368,24.754,144.154,-31.773
AU,AT,0.0052131153617040946,16.843,48.085,144.154,-31.773
AU,BE,0.0022904787351565154,3.208,51.542,144.154,-31.773
AU,BH,0.008779705669229075,50.58,26.1,144.154,-31.773
AU,BR,0.0026484147472291024,-41.076,-10.964,144.154,-31.773
AU,CA,0.005501077573497249,-82.375,46.296,144.154,-31.773
AU,CH,0.00826834868210549,7.299,47.384,144.154,-31.773
AU,CL,0.006107152679578623,-70.155,-26.329,144.154,-31.773
AU,CN,0.0023025329475208326,108.792,38.61,144.154,-31.773
AU,DE,0.0018648783331754464,10.674,52.577,144.154,-31.773
AU,DK,0.0034234775149940603,10.241,55.6,144.154,-31.773
AU,EG,0.003831856351695071,32.667,26.551,144.154,-31.773
AU,ES,0.0035816371016568586,-3.72,40.031,144.154,-31.773
AU,FI,0.0039964085066371,24.52,65.563,144.154,-31.773
AU,FR,0.0029525140582109563,2.152,46.853,144.154,-31.773
AU,GB,0.0026672482471480816,-2.227,53.821,144.154,-31.773
AU,GR,0.007049901249737081,22.79,37.756,144.154,-31.773
AU,ID,0.0033467393979126877,118.0,-2.0,144.154,-31.773
AU,IL,0.008495273270649407,34.764,31.223,144.154,-31.773
AU,IN,0.004899945592920463,76.129,19.557,144.154,-31.773
AU,IT,0.00676858514254604,14.277,41.189,144.154,-31.773
AU,JP,0.00425219273187534,136.251,35.764,144.154,-31.773
AU,KR,0.0037640577168472035,127.036,34.738,144.154,-31.773
AU,KW,0.008726668855334992,47.71,28.89,144.154,-31.773
AU,MX,0.010394373974181057,-100.773,21.559,144.154,-31.773
AU,MY,0.0033810535072449468,101.67,2.751,144.154,-31.773
AU,NL,0.002104823811392325,4.945,52.875,144.154,-31.773
AU,NO,0.006632794521753674,8.132,63.44,144.154,-31.773
AU,NZ,0.005280118363344306,175.062,-40.949,144.154,-31.773
AU,PL,0.004712558533356361,17.38,53.213,144.154,-31.773
AU,SA,0.012164352947780474,38.795,31.62,144.154,-31.773
AU,SE,0.005614040597349106,16.282,63.654,144.154,-31.773
AU,TH,0.004010626765141157,101.055,15.311,144.154,-31.773
AU,TR,0.005225367018219423,31.238,39.049,144.154,-31.773
AU,TW,0.003138313461586891,120.945,23.682,144.154,-31.773
AU,US,0.003814762968701078,-99.818,37.615,144.154,-31.773
AU,ZA,0.007497499360272831,23.274,-30.622,144.154,-31.773
BD,AE,0.002931613607369077,55.368,24.754,92.256,20.982
BD,AT,0.008449073908354744,16.843,48.085,92.256,20.982
BD,AU,0.007576844369829453,144.154,-31.773,92.256,20.982
BD,BE,0.004693447363539124,3.208,51.542,92.256,20.982
BD,BH,0.0031363918585153357,50.58,26.1,92.256,20.982
BD,BR,0.023323103472175817,-41.076,-10.964,92.256,20.982
BD,CA,0.011909341910437462,-82.375,46.296,92.256,20.982
BD,CH,0.01851276202873943,7.299,47.384,92.256,20.982
BD,CL,0.04616301217329257,-70.155,-26.329,92.256,20.982
BD,DE,0.0033745662024489724,10.674,52.577,92.256,20.982
BD,DK,0.006966585436652713,10.241,55.6,92.256,20.982
BD,EG,0.003963955582725,32.667,26.551,92.256,20.982
BD,ES,0.011700859436133212,-3.72,40.031,92.256,20.982
BD,FI,0.009984166127656565,24.52,65.563,92.256,20.982
BD,FR,0.006212216127903444,2.152,46.853,92.256,20.982
BD,GB,0.00676327153978844,-2.227,53.821,92.256,20.982
BD,GR,0.009134265871928348,22.79,37.756,92.256,20.982
BD,IE,0.004563360891220534,-8.248,52.679,92.256,20.982
BD,IL,0.006080923665574044,34.764,31.223,92.256,20.982
BD,IN,0.0029644359774406354,76.129,19.557,92.256,20.982
BD,IT,0.010078589699896471,14.277,41.189,92.256,20.982
BD,JP,0.004205450342458165,136.251,35.764,92.256,20.982
BD,KR,0.0027117198660454814,127.036,34.738,92.256,20.982
BD,KW,0.0034737851126943027,47.71,28.89,92.256,20.982
BD,MX,0.03582181007817584,-100.773,21.559,92.256,20.982
BD,NL,0.004229206171765688,4.945,52.875,92.256,20.982
BD,NO,0.017786700505527463,8.132,63.44,92.256,20.982
BD,NZ,0.026694975258842166,175.062,-40.949,92.256,20.982
BD,PL,0.005833765872187995,17.38,53.213,92.256,20.982
BD,SA,0.007097804513611696,38.795,31.62,92.256,20.982
BD,SE,0.013401044607244759,16.282,63.654,92.256,20.982
BD,TR,0.0053132423278712685,31.238,39.049,92.256,20.982
BD,TW,0.0017236744698405104,120.945,23.682,92.256,20.982
BD,US,0.015198103505968686,-99.818,37.615,92.256,20.982
BD,ZA,0.011335908281153795,23.274,-30.622,92.256,20.982
BE,AE,0.004980706600292115,55.368,24.754,3.208,51.542
BE,AT,0.00277232376967512,16.843,48.085,3.208,51.542
BE,AU,0.003736957736144708,144.154,-31.773,3.208,51.542
BE,BH,0.004352404308082683,50.58,26.1,3.208,51.542
BE,BR,0.010307136792448305,-41.076,-10.964,3.208,51.542
BE,CA,0.00834594886772091,-82.375,46.296,3.208,51.542
BE,CH,0.00427506308107724,7.299,47.384,3.208,51.542
BE,CL,0.026816844330484993,-70.155,-26.329,3.208,51.542
BE,CN,0.0017773157642648617,108.792,38.61,3.208,51.542
BE,DK,0.0023729307544519684,10.241,55.6,3.208,51.542
BE,EG,0.002312875210228785,32.667,26.551,3.208,51.542
BE,ES,0.00397665507495493,-3.72,40.031,3.208,51.542
BE,FI,0.005854221323187752,24.52,65.563,3.208,51.542
BE,GB,0.0016649622130236518,-2.227,53.821,3.208,51.542
BE,GR,0.0036319068355417767,22.79,37.756,3.208,51.542
BE,ID,0.0031104374392371356,118.0,-2.0,3.208,51.542
BE,IE,0.001928426053905897,-8.248,52.679,3.208,51.542
BE,IL,0.0033595738229051865,34.764,31.223,3.208,51.542
BE,IN,0.004387353112192123,76.129,19.557,3.208,51.542
BE,IT,0.0027308262984056387,14.277,41.189,3.208,51.542
BE,JP,0.002774699582903725,136.251,35.764,3.208,51.542
BE,KR,0.0025165392383293176,127.036,34.738,3.208,51.542
BE,KW,0.004063271131199084,47.71,28.89,3.208,51.542
BE,MX,0.02465384548819512,-100.773,21.559,3.208,51.542
BE,MY,0.0030025104061997044,101.67,2.751,3.208,51.542
BE,NO,0.010465509735301685,8.132,63.44,3.208,51.542
BE,NZ,0.013826621149298942,175.062,-40.949,3.208,51.542
BE,PL,0.0018473396847614556,17.38,53.213,3.208,51.542
BE,SA,0.005168140833986772,38.795,31.62,3.208,51.542
BE,SE,0.007265900286685549,16.282,63.654,3.208,51.542
BE,TH,0.0036967278334721133,101.055,15.311,3.208,51.542
BE,TR,0.002595133064483546,31.238,39.049,3.208,51.542
BE,TW,0.0028597780516536474,120.945,23.682,3.208,51.542
BE,US,0.010745638359828322,-99.818,37.615,3.208,51.542
BE,ZA,0.005988651148924681,23.274,-30.622,3.208,51.542
BF,AE,0.0032521822618345186,55.368,24.754,-1.637,12.307
BF,AT,0.004726391116945303,16.843,48.085,-1.637,12.307
BF,AU,0.010006609644493895,144.154,-31.773,-1.637,12.307
BF,BE,0.0044077565586221135,3.208,51.542,-1.637,12.307
BF,BH,0.002507205274860362,50.58,26.1,-1.637,12.307
BF,BR,0.008050928821799908,-41.076,-10.964,-1.637,12.307
BF,CA,0.01001695027723144,-82.375,46.296,-1.637,12.307
BF,CL,0.03318514466585979,-70.155,-26.329,-1.637,12.307
BF,CN,0.0033531842537019075,108.792,38.61,-1.637,12.307
BF,DE,0.003924096514105825,10.674,52.577,-1.637,12.307
BF,DK,0.009504686986524229,10.241,55.6,-1.637,12.307
BF,EG,0.002239050913359297,32.667,26.551,-1.637,12.307
BF,ES,0.00303496747396495,-3.72,40.031,-1.637,12.307
BF,FI,0.01338457891830747,24.52,65.563,-1.637,12.307
BF,FR,0.004070308386516528,2.152,46.853,-1.637,12.307
BF,GB,0.006543030732853214,-2.227,53.821,-1.637,12.307
BF,GR,0.0038801690855931647,22.79,37.756,-1.637,12.307
BF,ID,0.006422990155878402,118.0,-2.0,-1.637,12.307
BF,IE,0.004045278107966767,-8.248,52.679,-1.637,12.307
BF,IN,0.007336835230331186,76.129,19.557,-1.637,12.307
BF,IT,0.0017864223322383369,14.277,41.189,-1.637,12.307
BF,JP,0.010736722448739053,136.251,35.764,-1.637,12.307
BF,KR,0.008323651892742721,127.036,34.738,-1.637,12.307
BF,KW,0.0024918054009188343,47.71,28.89,-1.637,12.307
BF,MX,0.03838788093530381,-100.773,21.559,-1.637,12.307
BF,MY,0.004596505892349122,101.67,2.751,-1.637,12.307
BF,NL,0.0069707582293171725,4.945,52.875,-1.637,12.307
BF,NO,0.019709925844667298,8.132,63.44,-1.637,12.307
BF,NZ,0.019053000836967933,175.062,-40.949,-1.637,12.307
BF,PL,0.0031349950538039303,17.38,53.213,-1.637,12.307
BF,SA,0.0023455883735688573,38.795,31.62,-1.637,12.307
BF,SE,0.015526553856664026,16.282,63.654,-1.637,12.307
BF,TH,0.00634219044654505,101.055,15.311,-1.637,12.307
BF,TR,0.0033080437851884838,31.238,39.049,-1.637,12.307
BF,TW,0.006937391789707226,120.945,23.682,-1.637,12.307
BF,US,0.01850817120259173,-99.818,37.615,-1.637,12.307
BG,AE,0.0032941738311408225,55.368,24.754,26.619,43.005
BG,AT,0.0026784967978818355,16.843,48.085,26.619,43.005
BG,AU,0.005822236954958543,144.154,-31.773,26.619,43.005
BG,BE,0.002161060432320677,3.208,51.542,26.619,43.005
BG,BH,0.002904095977827769,50.58,26.1,26.619,43.005
BG,BR,0.013187201538393157,-41.076,-10.964,26.619,43.005
BG,CA,0.011280237483725558,-82.375,46.296,26.619,43.005
BG,CH,0.004949109218532226,7.299,47.384,26.619,43.005
BG,CL,0.03499674939410534,-70.155,-26.329,26.619,43.005
BG,CN,0.0020347821298574375,108.792,38.61,26.619,43.005
BG,DE,0.0017709274733678346,10.674,52.577,26.619,43.005
BG,DK,0.004349455798329436,10.241,55.6,26.619,43.005
BG,EG,0.0022043450694278423,32.667,26.551,26.619,43.005
BG,ES,0.004804813208669536,-3.72,40.031,26.619,43.005
BG,FI,0.007684560311311591,24.52,65.563,26.619,43.005
BG,FR,0.0030306306405142127,2.152,46.853,26.619,43.005
BG,GB,0.004772673302105518,-2.227,53.821,26.619,43.005
BG,GR,0.0028550044191053454,22.79,37.756,26.619,43.005
BG,ID,0.003949346683869718,118.0,-2.0,26.619,43.005
BG,IE,0.003353436540575097,-8.248,52.679,26.619,43.005
BG,IL,0.001880174550729176,34.764,31.223,26.619,43.005
BG,IN,0.0040660908309827,76.129,19.557,26.619,43.005
BG,IT,0.0023389477742942846,14.277,41.189,26.619,43.005
BG,JP,0.004236283982804677,136.251,35.764,26.619,43.005
BG,KR,0.00379844032322704,127.036,34.738,26.619,43.005
BG,KW,0.002520631345281864,47.71,28.89,26.619,43.005
BG,MX,0.030238048527461106,-100.773,21.559,26.619,43.005
BG,MY,0.003385207618767759,101.67,2.751,26.619,43.005
BG,NL,0.0033970439012015533,4.945,52.875,26.619,43.005
BG,NO,0.0130164543834749,8.132,63.44,26.619,43.005
BG,NZ,0.017701535672863918,175.062,-40.949,26.619,43.005
BG,PL,0.001580682399967012,17.38,53.213,26.619,43.005
BG,SA,0.003019169831529825,38.795,31.62,26.619,43.005
BG,SE,0.009560293277979068,16.282,63.654,26.619,43.005
BG,TH,0.004268532240317409,101.055,15.311,26.619,43.005
BG,TR,0.0019089307036979995,31.238,39.049,26.619,43.005
BG,TW,0.0037702035265568634,120.945,23.682,26.619,43.005
BG,US,0.013815078064180565,-99.818,37.615,26.619,43.005
BG,ZA,0.006107583267146719,23.274,-30.622,26.619,43.005
BH,AT,0.006066346168501283,16.843,48.085,50.58,26.1
BH,AU,0.01007751739375559,144.154,-31.773,50.58,26.1
BH,BE,0.004979059808417405,3.208,51.542,50.58,26.1
BH,BR,0.017931889587297613,-41.076,-10.964,50.58,26.1
BH,CA,0.01109732175197202,-82.375,46.296,50.58,26.1
BH,CH,0.009386427166923677,7.299,47.384,50.58,26.1
BH,CL,0.04538823449186983,-70.155,-26.329,50.58,26.1
BH,CN,0.0020058435189859924,108.792,38.61,50.58,26.1
BH,DE,0.003592341262768888,10.674,52.577,50.58,26.1
BH,DK,0.009004735550890802,10.241,55.6,50.58,26.1
BH,EG,0.002120833535260361,32.667,26.551,50.58,26.1
BH,ES,0.007816372395775643,-3.72,40.031,50.58,26.1
BH,FI,0.01262062460785205,24.52,65.563,50.58,26.1
BH,FR,0.005330552169230087,2.152,46.853,50.58,26.1
BH,GB,0.007269851996257159,-2.227,53.821,50.58,26.1
BH,GR,0.005030670298992652,22.79,37.756,50.58,26.1
BH,ID,0.003985739696810971,118.0,-2.0,50.58,26.1
BH,IE,0.004971397396353618,-8.248,52.679,50.58,26.1
BH,IN,0.00431722618394475,76.129,19.557,50.58,26.1
BH,IT,0.00419801634420135,14.277,41.189,50.58,26.1
BH,JP,0.009179033021564934,136.251,35.764,50.58,26.1
BH,KR,0.006937081130697363,127.036,34.738,50.58,26.1
BH,MX,0.040438166039780704,-100.773,21.559,50.58,26.1
BH,MY,0.001971983968935435,101.67,2.751,50.58,26.1
BH,NL,0.005959121119503959,4.945,52.875,50.58,26.1
BH,NO,0.020888480143859117,8.132,63.44,50.58,26.1
BH,NZ,0.025148727026087874,175.062,-40.949,50.58,26.1
BH,PL,0.003760419349766658,17.38,53.213,50.58,26.1
BH,SE,0.016460130204327815,16.282,63.654,50.58,26.1
BH,TH,0.003327204071396038,101.055,15.311,50.58,26.1
BH,TR,0.003012326389449244,31.238,39.049,50.58,26.1
BH,TW,0.004890161727119955,120.945,23.682,50.58,26.1
BH,US,0.019861096674155417,-99.818,37.615,50.58,26.1
BH,ZA,0.004776257608531603,23.274,-30.622,50.58,26.1
BI,AE,0.001919967011311749,55.368,24.754,30.03,-3.42
BI,AT,0.004684626105909263,16.843,48.085,30.03,-3.42
BI,AU,0.009475642874605957,144.154,-31.773,30.03,-3.42
BI,BE,0.004297419209080088,3.208,51.542,30.03,-3.42
BI,BR,0.014021157488441575,-41.076,-10.964,30.03,-3.42
BI,CA,0.009070022836001489,-82.375,46.296,30.03,-3.42
BI,CH,0.006424394674774693,7.299,47.384,30.03,-3.42
BI,CL,0.03599919062305972,-70.155,-26.329,30.03,-3.42
BI,CN,0.0035790921966789564,108.792,38.61,30.03,-3.42
BI,DE,0.0033622324208440273,10.674,52.577,30.03,-3.42
BI,DK,0.007475320508531172,10.241,55.6,30.03,-3.42
BI,EG,0.0022026367139031965,32.667,26.551,30.03,-3.42
BI,ES,0.0046575857859446155,-3.72,40.031,30.03,-3.42
BI,FI,0.010346527513058132,24.52,65.563,30.03,-3.42
BI,FR,0.0036755203275867193,2.152,46.853,30.03,-3.42
BI,GB,0.006003781869827029,-2.227,53.821,30.03,-3.42
BI,GR,0.00351277392282112,22.79,37.756,30.03,-3.42
BI,ID,0.007322479325152,118.0,-2.0,30.03,-3.42
BI,IE,0.004695690886836617,-8.248,52.679,30.03,-3.42
BI,IN,0.0055633835235350685,76.129,19.557,30.03,-3.42
BI,IT,0.002796687186390636,14.277,41.189,30.03,-3.42
BI,JP,0.0106693799464839,136.251,35.764,30.03,-3.42
BI,KR,0.008992032375872459,127.036,34.738,30.03,-3.42
BI,KW,0.0015821237224768264,47.71,28.89,30.03,-3.42
BI,MX,0.03125510335689029,-100.773,21.559,30.03,-3.42
BI,MY,0.005225307596052811,101.67,2.751,30.03,-3.42
BI,NL,0.00518770831980258,4.945,52.875,30.03,-3.42
BI,NO,0.01667027422722369,8.132,63.44,30.03,-3.42
BI,NZ,0.019563252830300578,175.062,-40.949,30.03,-3.42
BI,PL,0.003296243804349409,17.38,53.213,30.03,-3.42
BI,SE,0.012742661271095992,16.282,63.654,30.03,-3.42
BI,TH,0.006562750966324345,101.055,15.311,30.03,-3.42
BI,TR,0.002614837273292986,31.238,39.049,30.03,-3.42
BI,TW,0.008090782755438633,120.945,23.682,30.03,-3.42
BI,US,0.01587859807169511,-99.818,37.615,30.03,-3.42
BO,AE,0.006682263305720459,55.368,24.754,-67.65,-20.75
BO,AT,0.007393566665477663,16.843,48.085,-67.65,-20.75
BO,AU,0.011881524005742978,144.154,-31.773,-67.65,-20.75
BO,BE,0.007300870248308343,3.208,51.542,-67.65,-20.75
BO,BH,0.005417437568846576,50.58,26.1,-67.65,-20.75
BO,CA,0.004472136808439966,-82.375,46.296,-67.65,-20.75
BO,CH,0.003494045415118633,7.299,47.384,-67.65,-20.75
BO,CN,0.005298980365383809,108.792,38.61,-67.65,-20.75
BO,DE,0.005886762703627043,10.674,52.577,-67.65,-20.75
BO,DK,0.012205511104972182,10.241,55.6,-67.65,-20.75
BO,EG,0.00438539187839492,32.667,26.551,-67.65,-20.75
BO,ES,0.005011181467709988,-3.72,40.031,-67.65,-20.75
BO,FI,0.009084340788508295,24.52,65.563,-67.65,-20.75
BO,FR,0.006455791521273091,2.152,46.853,-67.65,-20.75
BO,GB,0.00828502150870879,-2.227,53.821,-67.65,-20.75
BO,GR,0.006464195940109704,22.79,37.756,-67.65,-20.75
BO,ID,0.014140810663206252,118.0,-2.0,-67.65,-20.75
BO,IE,0.003919201251754888,-8.248,52.679,-67.65,-20.75
BO,IL,0.00422395093902644,34.764,31.223,-67.65,-20.75
BO,IN,0.00714097273333525,76.129,19.557,-67.65,-20.75
BO,IT,0.004690477325501123,14.277,41.189,-67.65,-20.75
BO,JP,0.024471923840135162,136.251,35.764,-67.65,-20.75
BO,KR,0.019996414369192132,127.036,34.738,-67.65,-20.75
BO,KW,0.005671975489998637,47.71,28.89,-67.65,-20.75
BO,MX,0.006877653682337773,-100.773,21.559,-67.65,-20.75
BO,MY,0.009085555759556345,101.67,2.751,-67.65,-20.75
BO,NL,0.007323023411507869,4.945,52.875,-67.65,-20.75
BO,NO,0.014738528975012433,8.132,63.44,-67.65,-20.75
BO,NZ,0.009015298745817144,175.062,-40.949,-67.65,-20.75
BO,PL,0.0066917701874872094,17.38,53.213,-67.65,-20.75
BO,SA,0.0061471767970681405,38.795,31.62,-67.65,-20.75
BO,SE,0.012457534001897854,16.282,63.654,-67.65,-20.75
BO,TH,0.01039486275298494,101.055,15.311,-67.65,-20.75
BO,TR,0.005354008079878866,31.238,39.049,-67.65,-20.75
BO,TW,0.01569147105282899,120.945,23.682,-67.65,-20.75
BO,US,0.00439806149835449,-99.818,37.615,-67.65,-20.75
BO,ZA,0.004008040269795342,23.274,-30.622,-67.65,-20.75
BR,AE,0.0018738986255319367,55.368,24.754,-41.076,-10.964
BR,AT,0.003997961859089139,16.843,48.085,-41.076,-10.964
BR,AU,0.004073013594929321,144.154,-31.773,-41.076,-10.964
BR,BE,0.0031172432253291056,3.208,51.542,-41.076,-10.964
BR,BH,0.0016244093794192276,50.58,26.1,-41.076,-10.964
BR,CA,0.005055119188818619,-82.375,46.296,-41.076,-10.964
BR,CH,0.0033651462800558677,7.299,47.384,-41.076,-10.964
BR,CL,0.010856985945944543,-70.155,-26.329,-41.076,-10.964
BR,CN,0.0015309641748958418,108.792,38.61,-41.076,-10.964
BR,DE,0.0023924863942320763,10.674,52.577,-41.076,-10.964
BR,DK,0.005632157738583595,10.241,55.6,-41.076,-10.964
BR,EG,0.0016450183249415414,32.667,26.551,-41.076,-10.964
BR,ES,0.003544443032213284,-3.72,40.031,-41.076,-10.964
BR,FI,0.005865846101184335,24.52,65.563,-41.076,-10.964
BR,FR,0.003291940639276499,2.152,46.853,-41.076,-10.964
BR,GB,0.0038403887949932255,-2.227,53.821,-41.076,-10.964
BR,GR,0.0038193627670771164,22.79,37.756,-41.076,-10.964
BR,ID,0.003231263905303196,118.0,-2.0,-41.076,-10.964
BR,IE,0.002431550411577949,-8.248,52.679,-41.076,-10.964
BR,IL,0.0018424408700332534,34.764,31.223,-41.076,-10.964
BR,IN,0.0027623943717447843,76.129,19.557,-41.076,-10.964
BR,IT,0.0026939287312650025,14.277,41.189,-41.076,-10.964
BR,JP,0.008579712113433764,136.251,35.764,-41.076,-10.964
BR,KR,0.0063592827728097875,127.036,34.738,-41.076,-10.964
BR,KW,0.001783328913419301,47.71,28.89,-41.076,-10.964
BR,MX,0.0148549056509624,-100.773,21.559,-41.076,-10.964
BR,NL,0.0036543061806461555,4.945,52.875,-41.076,-10.964
BR,NO,0.009353214532146032,8.132,63.44,-41.076,-10.964
BR,NZ,0.007522376313427809,175.062,-40.949,-41.076,-10.964
BR,PL,0.002971468225977803,17.38,53.213,-41.076,-10.964
BR,SA,0.002713640877804038,38.795,31.62,-41.076,-10.964
BR,SE,0.00804331743955744,16.282,63.654,-41.076,-10.964
BR,TH,0.00212037927102514,101.055,15.311,-41.076,-10.964
BR,TR,0.002205658174927626,31.238,39.049,-41.076,-10.964
BR,TW,0.003910909549662264,120.945,23.682,-41.076,-10.964
BR,US,0.007916622868932674,-99.818,37.615,-41.076,-10.964
BR,ZA,0.0028812413023732797,23.274,-30.622,-41.076,-10.964
BY,AE,0.003904525341382651,55.368,24.754,31.385,53.38
BY,AT,0.0041051331178398225,16.843,48.085,31.385,53.38
BY,AU,0.00913721452245234,144.154,-31.773,31.385,53.38
BY,BE,0.0035040169682347584,3.208,51.542,31.385,53.38
BY,BH,0.0031222244084243645,50.58,26.1,31.385,53.38
BY,BR,0.018388920974372613,-41.076,-10.964,31.385,53.38
BY,CA,0.012275028886306792,-82.375,46.296,31.385,53.38
BY,CH,0.005866719163977709,7.299,47.384,31.385,53.38
BY,CL,0.050794065384091806,-70.155,-26.329,31.385,53.38
BY,CN,0.0028504458978241562,108.792,38.61,31.385,53.38
BY,DE,0.0024579661046251716,10.674,52.577,31.385,53.38
BY,DK,0.0069907356641791246,10.241,55.6,31.385,53.38
BY,EG,0.0028005705324345553,32.667,26.551,31.385,53.38
BY,ES,0.006957307014257521,-3.72,40.031,31.385,53.38
BY,FI,0.011761306133712214,24.52,65.563,31.385,53.38
BY,FR,0.004594668154948406,2.152,46.853,31.385,53.38
BY,GB,0.006660127145197231,-2.227,53.821,31.385,53.38
BY,GR,0.004544151479203729,22.79,37.756,31.385,53.38
BY,ID,0.00562736811747694,118.0,-2.0,31.385,53.38
BY,IE,0.004575024961563566,-8.248,52.679,31.385,53.38
BY,IL,0.00229842807954551,34.764,31.223,31.385,53.38
BY,IN,0.005532289442971624,76.129,19.557,31.385,53.38
BY,IT,0.0031066530931116464,14.277,41.189,31.385,53.38
BY,JP,0.00694644542824991,136.251,35.764,31.385,53.38
BY,KR,0.006147228531551392,127.036,34.738,31.385,53.38
BY,KW,0.0027769964440611124,47.71,28.89,31.385,53.38
BY,MX,0.042809923075288435,-100.773,21.559,31.385,53.38
BY,MY,0.004699055217370423,101.67,2.751,31.385,53.38
BY,NL,0.0048216878865770885,4.945,52.875,31.385,53.38
BY,NO,0.02055841670270489,8.132,63.44,31.385,53.38
BY,NZ,0.025593486331960798,175.062,-40.949,31.385,53.38
BY,PL,0.0023294220284390274,17.38,53.213,31.385,53.38
BY,SA,0.0035066499180643677,38.795,31.62,31.385,53.38
BY,SE,0.014139638587146203,16.282,63.654,31.385,53.38
BY,TH,0.0059196403982107,101.055,15.311,31.385,53.38
BY,TR,0.0032811009934273325,31.238,39.049,31.385,53.38
BY,TW,0.005825307771000037,120.945,23.682,31.385,53.38
BY,US,0.020183832580908563,-99.818,37.615,31.385,53.38
BY,ZA,0.007518271252790038,23.274,-30.622,31.385,53.38
CA,AE,0.0015897418341459003,55.368,24.754,-82.375,46.296
CA,AT,0.004381117310651857,16.843,48.085,-82.375,46.296
CA,AU,0.007175696385126898,144.154,-31.773,-82.375,46.296
CA,BE,0.004206652774808489,3.208,51.542,-82.375,46.296
CA,BR,0.0028895236702358084,-41.076,-10.964,-82.375,46.296
CA,CH,0.003068527193375278,7.299,47.384,-82.375,46.296
CA,CL,0.006381681637010059,-70.155,-26.329,-82.375,46.296
CA,CN,0.002630773433932071,108.792,38.61,-82.375,46.296
CA,DE,0.0031369121781043086,10.674,52.577,-82.375,46.296
CA,DK,0.007172522850239618,10.241,55.6,-82.375,46.296
CA,EG,0.0023134466333888147,32.667,26.551,-82.375,46.296
CA,ES,0.003440444392100351,-3.72,40.031,-82.375,46.296
CA,FI,0.0062781763700762655,24.52,65.563,-82.375,46.296
CA,FR,0.0038364156613107125,2.152,46.853,-82.375,46.296
CA,GB,0.004932540617362448,-2.227,53.821,-82.375,46.296
CA,GR,0.0037718665332425734,22.79,37.756,-82.375,46.296
CA,ID,0.007000535776528288,118.0,-2.0,-82.375,46.296
CA,IE,0.002188725128078994,-8.248,52.679,-82.375,46.296
CA,IL,0.001755910289769706,34.764,31.223,-82.375,46.296
CA,IN,0.0026812871948374995,76.129,19.557,-82.375,46.296
CA,IT,0.0031397200479345707,14.277,41.189,-82.375,46.296
CA,JP,0.014027397924796355,136.251,35.764,-82.375,46.296
CA,KR,0.010814852542932858,127.036,34.738,-82.375,46.296
CA,KW,0.0017404222229954617,47.71,28.89,-82.375,46.296
CA,MX,0.007434360931093283,-100.773,21.559,-82.375,46.296
CA,MY,0.0036332789953365,101.67,2.751,-82.375,46.296
CA,NL,0.003992187741577871,4.945,52.875,-82.375,46.296
CA,NO,0.009647867074580992,8.132,63.44,-82.375,46.296
CA,NZ,0.008085558839258978,175.062,-40.949,-82.375,46.296
CA,PL,0.003845101094186504,17.38,53.213,-82.375,46.296
CA,SA,0.002247294922566352,38.795,31.62,-82.375,46.296
CA,SE,0.007745311189977755,16.282,63.654,-82.375,46.296
CA,TH,0.004667597775008936,101.055,15.311,-82.375,46.296
CA,TR,0.0028665531531010765,31.238,39.049,-82.375,46.296
CA,TW,0.0083896099999305,120.945,23.682,-82.375,46.296
CA,US,0.0029087320081174184,-99.818,37.615,-82.375,46.296
CA,ZA,0.002564209484811501,23.274,-30.622,-82.375,46.296
CH,AE,0.006951631332335683,55.368,24.754,7.299,47.384
CH,AT,0.0034771023032985583,16.843,48.085,7.299,47.384
CH,AU,0.008451707382613369,144.154,-31.773,7.299,47.384
CH,BE,0.003088924401328638,3.208,51.542,7.299,47.384
CH,BH,0.005776301057239771,50.58,26.1,7.299,47.384
CH,BR,0.011974016819314062,-41.076,-10.964,7.299,47.384
CH,CA,0.013445256156188043,-82.375,46.296,7.299,47.384
CH,CL,0.039444509214445,-70.155,-26.329,7.299,47.384
CH,CN,0.004061597527607447,108.792,38.61,7.299,47.384
CH,DE,0.0029909911655470194,10.674,52.577,7.299,47.384
CH,DK,0.007311466307228985,10.241,55.6,7.299,47.384
CH,EG,0.0030532755745896526,32.667,26.551,7.299,47.384
CH,ES,0.005243963315872846,-3.72,40.031,7.299,47.384
CH,FI,0.011135673829166977,24.52,65.563,7.299,47.384
CH,FR,0.00425162571833612,2.152,46.853,7.299,47.384
CH,GB,0.006554456431373221,-2.227,53.821,7.299,47.384
CH,GR,0.004358254344942795,22.79,37.756,7.299,47.384
CH,ID,0.008579250382689285,118.0,-2.0,7.299,47.384
CH,IE,0.003583624256452816,-8.248,52.679,7.299,47.384
CH,IL,0.002896001722547464,34.764,31.223,7.299,47.384
CH,IN,0.0075133306621049814,76.129,19.557,7.299,47.384
CH,IT,0.0024835594130610626,14.277,41.189,7.299,47.384
CH,JP,0.008994983903767436,136.251,35.764,7.299,47.384
CH,KR,0.008186637878879488,127.036,34.738,7.299,47.384
CH,KW,0.005157170565861312,47.71,28.89,7.299,47.384
CH,MX,0.03740736650683906,-100.773,21.559,7.299,47.384
CH,MY,0.007446762013591992,101.67,2.751,7.299,47.384
CH,NL,0.005940261401153775,4.945,52.875,7.299,47.384
CH,NO,0.0177995850333606,8.132,63.44,7.299,47.384
CH,NZ,0.020416487586584302,175.062,-40.949,7.299,47.384
CH,PL,0.00277220404486908,17.38,53.213,7.299,47.384
CH,SA,0.005360301746850428,38.795,31.62,7.299,47.384
CH,SE,0.013439380060730944,16.282,63.654,7.299,47.384
CH,TH,0.00907765722765344,101.055,15.311,7.299,47.384
CH,TR,0.0038302429645125464,31.238,39.049,7.299,47.384
CH,TW,0.008174069278266133,120.945,23.682,7.299,47.384
CH,US,0.016408803125358345,-99.818,37.615,7.299,47.384
CH,ZA,0.0063578817041432725,23.274,-30.622,7.299,47.384
CL,AE,0.004508475026631179,55.368,24.754,-70.155,-26.329
CL,AT,0.005811027290232198,16.843,48.085,-70.155,-26.329
CL,AU,0.008089217160087708,144.154,-31.773,-70.155,-26.329
CL,BE,0.005125002448633708,3.208,51.542,-70.155,-26.329
CL,BH,0.004049167938746774,50.58,26.1,-70.155,-26.329
CL,BR,0.0016872422842027217,-41.076,-10.964,-70.155,-26.329
CL,CA,0.004421057470377508,-82.375,46.296,-70.155,-26.329
CL,CH,0.004458877720345839,7.299,47.384,-70.155,-26.329
CL,CN,0.0034996198894619774,108.792,38.61,-70.155,-26.329
CL,DE,0.004184128358512028,10.674,52.577,-70.155,-26.329
CL,DK,0.008360169763736639,10.241,55.6,-70.155,-26.329
CL,EG,0.003442111173365285,32.667,26.551,-70.155,-26.329
CL,ES,0.004275319271687358,-3.72,40.031,-70.155,-26.329
CL,FI,0.0064338139067774145,24.52,65.563,-70.155,-26.329
CL,FR,0.004225842095805777,2.152,46.853,-70.155,-26.329
CL,GB,0.006227162219869301,-2.227,53.821,-70.155,-26.329
CL,GR,0.0057497931944332946,22.79,37.756,-70.155,-26.329
CL,ID,0.008920434251655668,118.0,-2.0,-70.155,-26.329
CL,IE,0.003202897652817561,-8.248,52.679,-70.155,-26.329
CL,IL,0.0038372884537402055,34.764,31.223,-70.155,-26.329
CL,IN,0.004819394765909631,76.129,19.557,-70.155,-26.329
CL,IT,0.004502078310225219,14.277,41.189,-70.155,-26.329
CL,JP,0.017049752742491993,136.251,35.764,-70.155,-26.329
CL,KR,0.01381347229436304,127.036,34.738,-70.155,-26.329
CL,KW,0.004241862147397558,47.71,28.89,-70.155,-26.329
CL,MX,0.007320999854117326,-100.773,21.559,-70.155,-26.329
CL,MY,0.0052658337504142855,101.67,2.751,-70.155,-26.329
CL,NL,0.005106736701738684,4.945,52.875,-70.155,-26.329
CL,NO,0.009858379982922029,8.132,63.44,-70.155,-26.329
CL,NZ,0.007329571875191743,175.062,-40.949,-70.155,-26.329
CL,PL,0.004950346383854325,17.38,53.213,-70.155,-26.329
CL,SA,0.0053657768876916555,38.795,31.62,-70.155,-26.329
CL,SE,0.008252703253192531,16.282,63.654,-70.155,-26.329
CL,TH,0.006686252343842076,101.055,15.311,-70.155,-26.329
CL,TR,0.00438829662614959,31.238,39.049,-70.155,-26.329
CL,TW,0.009953612884713104,120.945,23.682,-70.155,-26.329
CL,US,0.0044558417995221224,-99.818,37.615,-70.155,-26.329
CL,ZA,0.0045529766733167585,23.274,-30.622,-70.155,-26.329
CN,AE,0.0025458643340266892,55.368,24.754,108.792,38.61
CN,AT,0.0029927245147750975,16.843,48.085,108.792,38.61
CN,AU,0.002591782289821196,144.154,-31.773,108.792,38.61
CN,BE,0.0017835657459725678,3.208,51.542,108.792,38.61
CN,BH,0.002384576184057125,50.58,26.1,108.792,38.61
CN,BR,0.006216981248866509,-41.076,-10.964,108.792,38.61
CN,CA,0.0029224227664809196,-82.375,46.296,108.792,38.61
CN,CH,0.006161039750973533,7.299,47.384,108.792,38.61
CN,CL,0.008784359287127045,-70.155,-26.329,108.792,38.61
CN,DK,0.0028348692514598085,10.241,55.6,108.792,38.61
CN,EG,0.0015753766027830631,32.667,26.551,108.792,38.61
CN,ES,0.003616381960652033,-3.72,40.031,108.792,38.61
CN,FI,0.002403481526599259,24.52,65.563,108.792,38.61
CN,FR,0.0019998510257445545,2.152,46.853,108.792,38.61
CN,GB,0.0024067733782808477,-2.227,53.821,108.792,38.61
CN,GR,0.003200043287073698,22.79,37.756,108.792,38.61
CN,ID,0.002764081402530777,118.0,-2.0,108.792,38.61
CN,IE,0.0015448037332836339,-8.248,52.679,108.792,38.61
CN,IL,0.0026157320800464356,34.764,31.223,108.792,38.61
CN,IN,0.001604471364041343,76.129,19.557,108.792,38.61
CN,IT,0.003626520996069353,14.277,41.189,108.792,38.61
CN,JP,0.0035805075751750444,136.251,35.764,108.792,38.61
CN,KR,0.0029547175301368068,127.036,34.738,108.792,38.61
CN,KW,0.0024398176961195244,47.71,28.89,108.792,38.61
CN,MX,0.005620148563679597,-100.773,21.559,108.792,38.61
CN,MY,0.0019324424004819925,101.67,2.751,108.792,38.61
CN,NO,0.00475925074459856,8.132,63.44,108.792,38.61
CN,NZ,0.006258309869883461,175.062,-40.949,108.792,38.61
CN,PL,0.002475732848089813,17.38,53.213,108.792,38.61
CN,SA,0.0034116063761960697,38.795,31.62,108.792,38.61
CN,SE,0.003788259596088588,16.282,63.654,108.792,38.61
CN,TH,0.0021303084049080646,101.055,15.311,108.792,38.61
CN,TR,0.002048341118876097,31.238,39.049,108.792,38.61
CN,TW,0.0026846149516455186,120.945,23.682,108.792,38.61
CN,US,0.0019443010723165068,-99.818,37.615,108.792,38.61
CN,ZA,0.003555034530149477,23.274,-30.622,108.792,38.61
CO,AE,0.006136887092088711,55.368,24.754,-73.765,9.69
CO,AT,0.007230938414845042,16.843,48.085,-73.765,9.69
CO,AU,0.01140160081598337,144.154,-31.773,-73.765,9.69
CO,BE,0.006983438331535075,3.208,51.542,-73.765,9.69
CO,BH,0.005197638449193659,50.58,26.1,-73.765,9.69
CO,CA,0.004951174945323903,-82.375,46.296,-73.765,9.69
CO,CH,0.0040688413207445335,7.299,47.384,-73.765,9.69
CO,CL,0.001965471617017166,-70.155,-26.329,-73.765,9.69
CO,CN,0.004931464505785116,108.792,38.61,-73.765,9.69
CO,DE,0.005829263998371024,10.674,52.577,-73.765,9.69
CO,DK,0.012152735271657982,10.241,55.6,-73.765,9.69
CO,EG,0.004323600679619022,32.667,26.551,-73.765,9.69
CO,ES,0.0053870933878283934,-3.72,40.031,-73.765,9.69
CO,FI,0.009229583974617681,24.52,65.563,-73.765,9.69
CO,FR,0.006562080646617291,2.152,46.853,-73.765,9.69
CO,GB,0.008256283641463224,-2.227,53.821,-73.765,9.69
CO,GR,0.006311064254713545,22.79,37.756,-73.765,9.69
CO,ID,0.013446671945615954,118.0,-2.0,-73.765,9.69
CO,IE,0.003531688961153872,-8.248,52.679,-73.765,9.69
CO,IL,0.004339729940594333,34.764,31.223,-73.765,9.69
CO,IN,0.00571118475145095,76.129,19.557,-73.765,9.69
CO,IT,0.004988976784104502,14.277,41.189,-73.765,9.69
CO,JP,0.023169989010033254,136.251,35.764,-73.765,9.69
CO,KR,0.01885509938383878,127.036,34.738,-73.765,9.69
CO,KW,0.005340547004531357,47.71,28.89,-73.765,9.69
CO,MX,0.006282827532305756,-100.773,21.559,-73.765,9.69
CO,MY,0.008432902593863067,101.67,2.751,-73.765,9.69
CO,NL,0.007138434617089482,4.945,52.875,-73.765,9.69
CO,NO,0.014541737092662464,8.132,63.44,-73.765,9.69
CO,NZ,0.009139568414983652,175.062,-40.949,-73.765,9.69
CO,PL,0.006613087158873008,17.38,53.213,-73.765,9.69
CO,SA,0.006314081128190232,38.795,31.62,-73.765,9.69
CO,SE,0.012260033743952506,16.282,63.654,-73.765,9.69
CO,TH,0.009686630179263045,101.055,15.311,-73.765,9.69
CO,TR,0.005465195133004908,31.238,39.049,-73.765,9.69
CO,TW,0.015001483326937484,120.945,23.682,-73.765,9.69
CO,US,0.0032442343535284083,-99.818,37.615,-73.765,9.69
CO,ZA,0.004952165250510907,23.274,-30.622,-73.765,9.69
CR,AE,0.006741846985814877,55.368,24.754,-84.505,10.58
CR,AT,0.0072394034015162865,16.843,48.085,-84.505,10.58
CR,AU,0.011914122617912713,144.154,-31.773,-84.505,10.58
CR,BE,0.006963753627975591,3.208,51.542,-84.505,10.58
CR,BH,0.005517378038910005,50.58,26.1,-84.505,10.58
CR,BR,0.0026001738452633783,-41.076,-10.964,-84.505,10.58
CR,CA,0.004289896547474888,-82.375,46.296,-84.505,10.58
CR,CH,0.004669985349900013,7.299,47.384,-84.505,10.58
CR,CL,0.0029607100101662243,-70.155,-26.329,-84.505,10.58
CR,CN,0.0061985997263197855,108.792,38.61,-84.505,10.58
CR,DE,0.005631211596792357,10.674,52.577,-84.505,10.58
CR,DK,0.011602127262708739,10.241,55.6,-84.505,10.58
CR,EG,0.00481351976232043,32.667,26.551,-84.505,10.58
CR,ES,0.006203367116404683,-3.72,40.031,-84.505,10.58
CR,FI,0.008398201893453845,24.52,65.563,-84.505,10.58
CR,FR,0.006671656607321773,2.152,46.853,-84.505,10.58
CR,GB,0.008631658386640557,-2.227,53.821,-84.505,10.58
CR,GR,0.006468573480947948,22.79,37.756,-84.505,10.58
CR,ID,0.01658764942639038,118.0,-2.0,-84.505,10.58
CR,IE,0.003741603436119244,-8.248,52.679,-84.505,10.58
CR,IL,0.004433837439869119,34.764,31.223,-84.505,10.58
CR,IN,0.006342450602268447,76.129,19.557,-84.505,10.58
CR,IT,0.005151788178919538,14.277,41.189,-84.505,10.58
CR,JP,0.025925537254801595,136.251,35.764,-84.505,10.58
CR,KR,0.021931485344204048,127.036,34.738,-84.505,10.58
CR,KW,0.005853132591754394,47.71,28.89,-84.505,10.58
CR,MX,0.00469778771028561,-100.773,21.559,-84.505,10.58
CR,MY,0.010934970515261046,101.67,2.751,-84.505,10.58
CR,NL,0.006576763692337393,4.945,52.875,-84.505,10.58
CR,NO,0.013764587211481735,8.132,63.44,-84.505,10.58
CR,NZ,0.00892380407984913,175.062,-40.949,-84.505,10.58
CR,PL,0.006826633010181717,17.38,53.213,-84.505,10.58
CR,SA,0.006614331382306357,38.795,31.62,-84.505,10.58
CR,SE,0.011096261898823992,16.282,63.654,-84.505,10.58
CR,TH,0.012159288766905236,101.055,15.311,-84.505,10.58
CR,TR,0.005426237936853148,31.238,39.049,-84.505,10.58
CR,TW,0.018058299117740588,120.945,23.682,-84.505,10.58
CR,US,0.002189307096961941,-99.818,37.615,-84.505,10.58
CR,ZA,0.005488609829359696,23.274,-30.622,-84.505,10.58
CU,AE,0.007014320078010412,55.368,24.754,-77.643,21.493
CU,AT,0.005409795421889957,16.843,48.085,-77.643,21.493
CU,AU,0.006245020693307687,144.154,-31.773,-77.643,21.493
CU,BE,0.0037721235648078707,3.208,51.542,-77.643,21.493
CU,BH,0.005844853325446822,50.58,26.1,-77.643,21.493
CU,BR,0.004731343832215174,-41.076,-10.964,-77.643,21.493
CU,CA,0.003907764832604529,-82.375,46.296,-77.643,21.493
CU,CH,0.0067889952515726715,7.299,47.384,-77.643,21.493
CU,CL,0.006159430264431044,-70.155,-26.329,-77.643,21.493
CU,CN,0.003965325074805901,108.792,38.61,-77.643,21.493
CU,DE,0.0031774107798734344,10.674,52.577,-77.643,21.493
CU,DK,0.005997019621746916,10.241,55.6,-77.643,21.493
CU,EG,0.004066365095086799,32.667,26.551,-77.643,21.493
CU,ES,0.0043624766148931396,-3.72,40.031,-77.643,21.493
CU,FI,0.0052474046863224405,24.52,65.563,-77.643,21.493
CU,FR,0.0040504333753493375,2.152,46.853,-77.643,21.493
CU,GB,0.00478046217615937,-2.227,53.821,-77.643,21.493
CU,GR,0.005927992869105409,22.79,37.756,-77.643,21.493
CU,ID,0.009691565715693526,118.0,-2.0,-77.643,21.493
CU,IE,0.002148819236637403,-8.248,52.679,-77.643,21.493
CU,IL,0.005677763992525264,34.764,31.223,-77.643,21.493
CU,IN,0.004399629195782195,76.129,19.557,-77.643,21.493
CU,IT,0.005942080960701005,14.277,41.189,-77.643,21.493
CU,JP,0.012587645349925071,136.251,35.764,-77.643,21.493
CU,KR,0.010888918963798922,127.036,34.738,-77.643,21.493
CU,KW,0.005956667157918472,47.71,28.89,-77.643,21.493
CU,MX,0.005174616151002102,-100.773,21.559,-77.643,21.493
CU,MY,0.007212421645552554,101.67,2.751,-77.643,21.493
CU,NL,0.0032560502533103153,4.945,52.875,-77.643,21.493
CU,NO,0.00943276470451649,8.132,63.44,-77.643,21.493
CU,NZ,0.0077740147761640324,175.062,-40.949,-77.643,21.493
CU,PL,0.005078998960801197,17.38,53.213,-77.643,21.493
CU,SA,0.007984286082556132,38.795,31.62,-77.643,21.493
CU,SE,0.0073824249965877935,16.282,63.654,-77.643,21.493
CU,TH,0.007515027440103941,101.055,15.311,-77.643,21.493
CU,TR,0.0047506099587912385,31.238,39.049,-77.643,21.493
CU,TW,0.010317552996300827,120.945,23.682,-77.643,21.493
CU,US,0.001820949067261053,-99.818,37.615,-77.643,21.493
CU,ZA,0.0065539714164051495,23.274,-30.622,-77.643,21.493
CV,AE,0.005549454272932531,55.368,24.754,-23.544,14.91
CV,AT,0.005189157549318136,16.843,48.085,-23.544,14.91
CV,AU,0.008620226012793154,144.154,-31.773,-23.544,14.91
CV,BE,0.004603808747163047,3.208,51.542,-23.544,14.91
CV,BH,0.004399537025851914,50.58,26.1,-23.544,14.91
CV,BR,0.002598915706222273,-41.076,-10.964,-23.544,14.91
CV,CA,0.00843350976969895,-82.375,46.296,-23.544,14.91
CV,CL,0.019567636167401783,-70.155,-26.329,-23.544,14.91
CV,CN,0.003493028986286508,108.792,38.61,-23.544,14.91
CV,DE,0.004027800923270965,10.674,52.577,-23.544,14.91
CV,DK,0.009848158046881932,10.241,55.6,-23.544,14.91
CV,EG,0.0027524980751760745,32.667,26.551,-23.544,14.91
CV,ES,0.0028725016576975917,-3.72,40.031,-23.544,14.91
CV,FI,0.01189754000064571,24.52,65.563,-23.544,14.91
CV,FR,0.0043861220113387105,2.152,46.853,-23.544,14.91
CV,GB,0.00622777092571436,-2.227,53.821,-23.544,14.91
CV,GR,0.0049107026383069935,22.79,37.756,-23.544,14.91
CV,ID,0.0065521863526486574,118.0,-2.0,-23.544,14.91
CV,IE,0.0036015775754131727,-8.248,52.679,-23.544,14.91
CV,IL,0.0029449000895636268,34.764,31.223,-23.544,14.91
CV,IN,0.008177020855647341,76.129,19.557,-23.544,14.91
CV,IT,0.0024271091107252486,14.277,41.189,-23.544,14.91
CV,JP,0.012731298507054673,136.251,35.764,-23.544,14.91
CV,KR,0.009667378332144736,127.036,34.738,-23.544,14.91
CV,KW,0.0043505847424311515,47.71,28.89,-23.544,14.91
CV,MX,0.029854311568427157,-100.773,21.559,-23.544,14.91
CV,MY,0.004661476875139267,101.67,2.751,-23.544,14.91
CV,NL,0.006775647731678713,4.945,52.875,-23.544,14.91
CV,NO,0.016994678365822923,8.132,63.44,-23.544,14.91
CV,NZ,0.013599063522579238,175.062,-40.949,-23.544,14.91
CV,PL,0.003993383056446526,17.38,53.213,-23.544,14.91
CV,SA,0.0047527453751331035,38.795,31.62,-23.544,14.91
CV,SE,0.013916582068496051,16.282,63.654,-23.544,14.91
CV,TH,0.006380232950967004,101.055,15.311,-23.544,14.91
CV,TR,0.003940857383000476,31.238,39.049,-23.544,14.91
CV,TW,0.007117743457929025,120.945,23.682,-23.544,14.91
CV,US,0.015477612831497723,-99.818,37.615,-23.544,14.91
CV,ZA,0.002669521349381353,23.274,-30.622,-23.544,14.91
CZ,AE,0.005236108717817858,55.368,24.754,15.394,49.636
CZ,AT,0.002910400960256033,16.843,48.085,15.394,49.636
CZ,AU,0.008635554989576313,144.154,-31.773,15.394,49.636
CZ,BE,0.0028432436402226267,3.208,51.542,15.394,49.636
CZ,BH,0.004403895531763212,50.58,26.1,15.394,49.636
CZ,BR,0.015207718078087948,-41.076,-10.964,15.394,49.636
CZ,CA,0.014600613870027392,-82.375,46.296,15.394,49.636
CZ,CL,0.046454368726410414,-70.155,-26.329,15.394,49.636
CZ,CN,0.0033432927449027292,108.792,38.61,15.394,49.636
CZ,DE,0.002787136280398165,10.674,52.577,15.394,49.636
CZ,DK,0.006844780524995978,10.241,55.6,15.394,49.636
CZ,EG,0.002863701020845827,32.667,26.551,15.394,49.636
CZ,ES,0.00600275633272943,-3.72,40.031,15.394,49.636
CZ,FI,0.0113065615386559,24.52,65.563,15.394,49.636
CZ,FR,0.004151257600567516,2.152,46.853,15.394,49.636
CZ,GB,0.00663377684528896,-2.227,53.821,15.394,49.636
CZ,GR,0.003948017626022354,22.79,37.756,15.394,49.636
CZ,ID,0.007146189397844842,118.0,-2.0,15.394,49.636
CZ,IE,0.0035730053800033658,-8.248,52.679,15.394,49.636
CZ,IL,0.0020923940929757916,34.764,31.223,15.394,49.636
CZ,IN,0.006097714160590188,76.129,19.557,15.394,49.636
CZ,IT,0.00203153737852922,14.277,41.189,15.394,49.636
CZ,JP,0.0074616570138580016,136.251,35.764,15.394,49.636
CZ,KR,0.006808869855841599,127.036,34.738,15.394,49.636
CZ,KW,0.0037557658260448466,47.71,28.89,15.394,49.636
CZ,MX,0.041582461744778754,-100.773,21.559,15.394,49.636
CZ,MY,0.006177859761527596,101.67,2.751,15.394,49.636
CZ,NL,0.005783255710828958,4.945,52.875,15.394,49.636
CZ,NO,0.01901098668164351,8.132,63.44,15.394,49.636
CZ,NZ,0.022873335985006713,175.062,-40.949,15.394,49.636
CZ,PL,0.0021807643589487166,17.38,53.213,15.394,49.636
CZ,SA,0.0038869374621019635,38.795,31.62,15.394,49.636
CZ,SE,0.013685080187374242,16.282,63.654,15.394,49.636
CZ,TH,0.007701725781953267,101.055,15.311,15.394,49.636
CZ,TR,0.0033808111878266263,31.238,39.049,15.394,49.636
CZ,TW,0.006905837002047503,120.945,23.682,15.394,49.636
CZ,US,0.01755642970555773,-99.818,37.615,15.394,49.636
CZ,ZA,0.007605688394677146,23.274,-30.622,15.394,49.636
DE,AE,0.004396173125684778,55.368,24.754,10.674,52.577
DE,AT,0.0022940309838423963,16.843,48.085,10.674,52.577
DE,AU,0.004131649132916236,144.154,-31.773,10.674,52.577
DE,BH,0.0036401881594847634,50.58,26.1,10.674,52.577
DE,BR,0.009935166696323017,-41.076,-10.964,10.674,52.577
DE,CA,0.007114340864583226,-82.375,46.296,10.674,52.577
DE,CH,0.004261696067054153,7.299,47.384,10.674,52.577
DE,CL,0.028532421043403016,-70.155,-26.329,10.674,52.577
DE,CN,0.0019011899388538627,108.792,38.61,10.674,52.577
DE,EG,0.0019615824143241886,32.667,26.551,10.674,52.577
DE,ES,0.004091801332252676,-3.72,40.031,10.674,52.577
DE,FI,0.00571177954246318,24.52,65.563,10.674,52.577
DE,FR,0.0018117384126667357,2.152,46.853,10.674,52.577
DE,GB,0.002050583489313744,-2.227,53.821,10.674,52.577
DE,GR,0.0036441017826337845,22.79,37.756,10.674,52.577
DE,ID,0.002853931473084885,118.0,-2.0,10.674,52.577
DE,IE,0.0023687492900736264,-8.248,52.679,10.674,52.577
DE,IL,0.0029030067243715593,34.764,31.223,10.674,52.577
DE,IN,0.003935745754336752,76.129,19.557,10.674,52.577
DE,IT,0.00261803491707402,14.277,41.189,10.674,52.577
DE,JP,0.002700812772524931,136.251,35.764,10.674,52.577
DE,KR,0.0024471702251741626,127.036,34.738,10.674,52.577
DE,KW,0.0034875331798063214,47.71,28.89,10.674,52.577
DE,MX,0.02570607064935872,-100.773,21.559,10.674,52.577
DE,MY,0.002534937882029361,101.67,2.751,10.674,52.577
DE,NO,0.010640090175154437,8.132,63.44,10.674,52.577
DE,NZ,0.013565489760987617,175.062,-40.949,10.674,52.577
DE,SA,0.004461193002208725,38.795,31.62,10.674,52.577
DE,SE,0.007594186029775139,16.282,63.654,10.674,52.577
DE,TH,0.0035805179094675257,101.055,15.311,10.674,52.577
DE,TR,0.002669820872982615,31.238,39.049,10.674,52.577
DE,TW,0.002714844981234417,120.945,23.682,10.674,52.577
DE,US,0.012169685364294682,-99.818,37.615,10.674,52.577
DE,ZA,0.005390674885150463,23.274,-30.622,10.674,52.577
DK,AE,0.005564811579238071,55.368,24.754,10.241,55.6
DK,AT,0.002537287761528902,16.843,48.085,10.241,55.6
DK,AU,0.003648582401703715,144.154,-31.773,10.241,55.6
DK,BH,0.004656222400179212,50.58,26.1,10.241,55.6
DK,BR,0.009573540473265026,-41.076,-10.964,10.241,55.6
DK,CA,0.009420465871650342,-82.375,46.296,10.241,55.6
DK,CH,0.004867221266365392,7.299,47.384,10.241,55.6
DK,CL,0.02745616011032545,-70.155,-26.329,10.241,55.6
DK,CN,0.0020860143730449692,108.792,38.61,10.241,55.6
DK,EG,0.00254344455460558,32.667,26.551,10.241,55.6
DK,ES,0.004001866634591178,-3.72,40.031,10.241,55.6
DK,FI,0.005240700543392098,24.52,65.563,10.241,55.6
DK,FR,0.0019891067319004695,2.152,46.853,10.241,55.6
DK,GB,0.0026647649488017633,-2.227,53.821,10.241,55.6
DK,GR,0.0039300498507272436,22.79,37.756,10.241,55.6
DK,ID,0.003163764980842959,118.0,-2.0,10.241,55.6
DK,IE,0.0022133170902219495,-8.248,52.679,10.241,55.6
DK,IL,0.0036596243430853216,34.764,31.223,10.241,55.6
DK,IN,0.004159466355540417,76.129,19.557,10.241,55.6
DK,IT,0.0029578908153975337,14.277,41.189,10.241,55.6
DK,JP,0.002551332404925522,136.251,35.764,10.241,55.6
DK,KR,0.002533151001219646,127.036,34.738,10.241,55.6
DK,KW,0.004494418839540716,47.71,28.89,10.241,55.6
DK,MX,0.025722871543020935,-100.773,21.559,10.241,55.6
DK,MY,0.0031303160672807046,101.67,2.751,10.241,55.6
DK,NL,0.001749528333297084,4.945,52.875,10.241,55.6
DK,NO,0.010160447941926174,8.132,63.44,10.241,55.6
DK,NZ,0.01317988780555535,175.062,-40.949,10.241,55.6
DK,PL,0.0015795046117112398,17.38,53.213,10.241,55.6
DK,SA,0.0058499450744163356,38.795,31.62,10.241,55.6
DK,SE,0.006563915463743751,16.282,63.654,10.241,55.6
DK,TH,0.00408230392148382,101.055,15.311,10.241,55.6
DK,TR,0.0031958301910803752,31.238,39.049,10.241,55.6
DK,TW,0.002907770582697578,120.945,23.682,10.241,55.6
DK,US,0.011301538493831663,-99.818,37.615,10.241,55.6
DK,ZA,0.006665507594712455,23.274,-30.622,10.241,55.6
DO,AE,0.0040131825867808476,55.368,24.754,-71.027,18.764
DO,AT,0.005574979193386197,16.843,48.085,-71.027,18.764
DO,AU,0.009571619938310284,144.154,-31.773,-71.027,18.764
DO,BE,0.0057097238712537,3.208,51.542,-71.027,18.764
DO,BH,0.0034534676029005706,50.58,26.1,-71.027,18.764
DO,BR,0.002474075976395814,-41.076,-10.964,-71.027,18.764
DO,CA,0.004891969726957534,-82.375,46.296,-71.027,18.764
DO,CH,0.0030019653908915284,7.299,47.384,-71.027,18.764
DO,CL,0.006869423184833409,-70.155,-26.329,-71.027,18.764
DO,CN,0.003555615325373465,108.792,38.61,-71.027,18.764
DO,DE,0.004802695596201097,10.674,52.577,-71.027,18.764
DO,DK,0.010446298109891628,10.241,55.6,-71.027,18.764
DO,EG,0.0034897281042929906,32.667,26.551,-71.027,18.764
DO,ES,0.005026453735139385,-3.72,40.031,-71.027,18.764
DO,FI,0.008781537150551862,24.52,65.563,-71.027,18.764
DO,FR,0.005598747396682268,2.152,46.853,-71.027,18.764
DO,GB,0.007035958091682815,-2.227,53.821,-71.027,18.764
DO,GR,0.0053350148239501675,22.79,37.756,-71.027,18.764
DO,ID,0.00996210868381124,118.0,-2.0,-71.027,18.764
DO,IE,0.002606543147494392,-8.248,52.679,-71.027,18.764
DO,IL,0.0030293690753368913,34.764,31.223,-71.027,18.764
DO,IN,0.0038372461923421456,76.129,19.557,-71.027,18.764
DO,IT,0.004063290705346809,14.277,41.189,-71.027,18.764
DO,JP,0.01717590275363187,136.251,35.764,-71.027,18.764
DO,KR,0.013859108030041076,127.036,34.738,-71.027,18.764
DO,KW,0.0034307759207873453,47.71,28.89,-71.027,18.764
DO,MX,0.010902582390363616,-100.773,21.559,-71.027,18.764
DO,MY,0.006351254829384211,101.67,2.751,-71.027,18.764
DO,NL,0.006415839516973515,4.945,52.875,-71.027,18.764
DO,NO,0.014420858722294188,8.132,63.44,-71.027,18.764
DO,NZ,0.010752530615050621,175.062,-40.949,-71.027,18.764
DO,PL,0.005082923424288779,17.38,53.213,-71.027,18.764
DO,SA,0.00443601316706822,38.795,31.62,-71.027,18.764
DO,SE,0.011618911812475489,16.282,63.654,-71.027,18.764
DO,TH,0.007039273668420565,101.055,15.311,-71.027,18.764
DO,TR,0.004718984258443542,31.238,39.049,-71.027,18.764
DO,TW,0.01126254201655207,120.945,23.682,-71.027,18.764
DO,US,0.004237282325823167,-99.818,37.615,-71.027,18.764
DO,ZA,0.005052686757893446,23.274,-30.622,-71.027,18.764
DZ,AE,0.0019372912446453134,55.368,24.754,4.173,34.769
DZ,AT,0.0050099559356349506,16.843,48.085,4.173,34.769
DZ,AU,0.011440898707778742,144.154,-31.773,4.173,34.769
DZ,BE,0.005341319386127918,3.208,51.542,4.173,34.769
DZ,BR,0.008172056285283408,-41.076,-10.964,4.173,34.769
DZ,CA,0.010338897425679765,-82.375,46.296,4.173,34.769
DZ,CL,0.03502368060984918,-70.155,-26.329,4.173,34.769
DZ,CN,0.0035757375246502476,108.792,38.61,4.173,34.769
DZ,DE,0.0045651839106838395,10.674,52.577,4.173,34.769
DZ,DK,0.011360749971365889,10.241,55.6,4.173,34.769
DZ,EG,0.002319531678918809,32.667,26.551,4.173,34.769
DZ,ES,0.00393004375811031,-3.72,40.031,4.173,34.769
DZ,FI,0.01468609330073335,24.52,65.563,4.173,34.769
DZ,FR,0.0048309412992423115,2.152,46.853,4.173,34.769
DZ,GB,0.007589058302608487,-2.227,53.821,4.173,34.769
DZ,GR,0.0036669540796539345,22.79,37.756,4.173,34.769
DZ,ID,0.007194495270893434,118.0,-2.0,4.173,34.769
DZ,IE,0.004772276112179472,-8.248,52.679,4.173,34.769
DZ,IN,0.007571567346141607,76.129,19.557,4.173,34.769
DZ,JP,0.014655184913232536,136.251,35.764,4.173,34.769
DZ,KR,0.011022722771695357,127.036,34.738,4.173,34.769
DZ,KW,0.001555701628309582,47.71,28.89,4.173,34.769
DZ,MX,0.0390300440009884,-100.773,21.559,4.173,34.769
DZ,MY,0.004334653803595538,101.67,2.751,4.173,34.769
DZ,NL,0.008035374159295072,4.945,52.875,4.173,34.769
DZ,NO,0.02131766537991814,8.132,63.44,4.173,34.769
DZ,NZ,0.02011705776882227,175.062,-40.949,4.173,34.769
DZ,PL,0.0034279490715394927,17.38,53.213,4.173,34.769
DZ,SE,0.017832865165280702,16.282,63.654,4.173,34.769
DZ,TH,0.0061086393375722045,101.055,15.311,4.173,34.769
DZ,TR,0.0032358318176380217,31.238,39.049,4.173,34.769
DZ,TW,0.008295260244741049,120.945,23.682,4.173,34.769
DZ,US,0.020583335816011655,-99.818,37.615,4.173,34.769
DZ,ZA,0.001532561621960318,23.274,-30.622,4.173,34.769
EC,AE,0.006635152384610087,55.368,24.754,-78.236,0.025
EC,AT,0.007430708768807536,16.843,48.085,-78.236,0.025
EC,AU,0.01171740341003819,144.154,-31.773,-78.236,0.025
EC,BE,0.007218642074977324,3.208,51.542,-78.236,0.025
EC,BH,0.005611476905954927,50.58,26.1,-78.236,0.025
EC,BR,0.0016286706443330743,-41.076,-10.964,-78.236,0.025
EC,CA,0.005262588017146553,-82.375,46.296,-78.236,0.025
EC,CH,0.004368849172102378,7.299,47.384,-78.236,0.025
EC,CL,0.0018706384993659475,-70.155,-26.329,-78.236,0.025
EC,CN,0.0055551544861451784,108.792,38.61,-78.236,0.025
EC,DE,0.005954520443517012,10.674,52.577,-78.236,0.025
EC,DK,0.012053319987745672,10.241,55.6,-78.236,0.025
EC,EG,0.004571446945561213,32.667,26.551,-78.236,0.025
EC,ES,0.005915352373945546,-3.72,40.031,-78.236,0.025
EC,FI,0.008659322965538667,24.52,65.563,-78.236,0.025
EC,FR,0.006880552545615553,2.152,46.853,-78.236,0.025
EC,GB,0.00869596218043707,-2.227,53.821,-78.236,0.025
EC,GR,0.006874745541485186,22.79,37.756,-78.236,0.025
EC,ID,0.01512174012250585,118.0,-2.0,-78.236,0.025
EC,IE,0.0036999841019889437,-8.248,52.679,-78.236,0.025
EC,IL,0.004523809517065101,34.764,31.223,-78.236,0.025
EC,IN,0.005832071598898141,76.129,19.557,-78.236,0.025
EC,IT,0.00525670515686858,14.277,41.189,-78.236,0.025
EC,JP,0.025284835884189005,136.251,35.764,-78.236,0.025
EC,KR,0.021124601616638948,127.036,34.738,-78.236,0.025
EC,KW,0.005814864269416822,47.71,28.89,-78.236,0.025
EC,MX,0.0058644978286566535,-100.773,21.559,-78.236,0.025
EC,MY,0.009664949186086659,101.67,2.751,-78.236,0.025
EC,NL,0.007225051160568752,4.945,52.875,-78.236,0.025
EC,NO,0.013882785856976347,8.132,63.44,-78.236,0.025
EC,NZ,0.009013883334883097,175.062,-40.949,-78.236,0.025
EC,PL,0.006765574197419229,17.38,53.213,-78.236,0.025
EC,SA,0.006644019385102216,38.795,31.62,-78.236,0.025
EC,SE,0.011764509758568322,16.282,63.654,-78.236,0.025
EC,TH,0.010993293723868437,101.055,15.311,-78.236,0.025
EC,TR,0.005702134657012949,31.238,39.049,-78.236,0.025
EC,TW,0.016495531717525616,120.945,23.682,-78.236,0.025
EC,US,0.0030478140879961597,-99.818,37.615,-78.236,0.025
EC,ZA,0.004919632730321942,23.274,-30.622,-78.236,0.025
EE,AE,0.010911801383086634,55.368,24.754,23.591,58.806
EE,AT,0.006149861134156801,16.843,48.085,23.591,58.806
EE,AU,0.003992285034652452,144.154,-31.773,23.591,58.806
EE,BE,0.002778568108572607,3.208,51.542,23.591,58.806
EE,BH,0.009380075028372617,50.58,26.1,23.591,58.806
EE,BR,0.013704350041496957,-41.076,-10.964,23.591,58.806
EE,CA,0.009465927597061516,-82.375,46.296,23.591,58.806
EE,CH,0.012473098696123957,7.299,47.384,23.591,58.806
EE,CL,0.025630607308479696,-70.155,-26.329,23.591,58.806
EE,CN,0.003051197628651787,108.792,38.61,23.591,58.806
EE,DE,0.0019348183883326538,10.674,52.577,23.591,58.806
EE,DK,0.0027094301396709997,10.241,55.6,23.591,58.806
EE,EG,0.0044255663042977724,32.667,26.551,23.591,58.806
EE,ES,0.007849157417056246,-3.72,40.031,23.591,58.806
EE,FI,0.00441285229189172,24.52,65.563,23.591,58.806
EE,FR,0.003726469244893515,2.152,46.853,23.591,58.806
EE,GB,0.004255150570289926,-2.227,53.821,23.591,58.806
EE,GR,0.008398945041908757,22.79,37.756,23.591,58.806
EE,ID,0.005145545396543064,118.0,-2.0,23.591,58.806
EE,IE,0.0027619395968615547,-8.248,52.679,23.591,58.806
EE,IL,0.009152338153644097,34.764,31.223,23.591,58.806
EE,IN,0.006248528754833375,76.129,19.557,23.591,58.806
EE,IT,0.008604611962049351,14.277,41.189,23.591,58.806
EE,JP,0.003580947060644008,136.251,35.764,23.591,58.806
EE,KR,0.004051414117704531,127.036,34.738,23.591,58.806
EE,KW,0.009390208599413722,47.71,28.89,23.591,58.806
EE,MX,0.021863791384048866,-100.773,21.559,23.591,58.806
EE,MY,0.005057196160839309,101.67,2.751,23.591,58.806
EE,NL,0.002267947136481555,4.945,52.875,23.591,58.806
EE,NO,0.008545215740969185,8.132,63.44,23.591,58.806
EE,NZ,0.014802811011339073,175.062,-40.949,23.591,58.806
EE,PL,0.004593928386026088,17.38,53.213,23.591,58.806
EE,SA,0.013010819131930858,38.795,31.62,23.591,58.806
EE,SE,0.004440594378477265,16.282,63.654,23.591,58.806
EE,TH,0.005960686485849011,101.055,15.311,23.591,58.806
EE,TR,0.006460411106966311,31.238,39.049,23.591,58.806
EE,TW,0.0045038261628045405,120.945,23.682,23.591,58.806
EE,US,0.008058976189998979,-99.818,37.615,23.591,58.806
EE,ZA,0.010329281729644283,23.274,-30.622,23.591,58.806
EG,AE,0.0024553325688642,55.368,24.754,32.667,26.551
EG,AT,0.0036949235724680596,16.843,48.085,32.667,26.551
EG,AU,0.00513722524914109,144.154,-31.773,32.667,26.551
EG,BE,0.002421067548728965,3.208,51.542,32.667,26.551
EG,BH,0.002064650096177242,50.58,26.1,32.667,26.551
EG,BR,0.009447450551651033,-41.076,-10.964,32.667,26.551
EG,CA,0.007795879047890001,-82.375,46.296,32.667,26.551
EG,CH,0.005158075451747364,7.299,47.384,32.667,26.551
EG,CL,0.025107076463720762,-70.155,-26.329,32.667,26.551
EG,DE,0.0019851428792447517,10.674,52.577,32.667,26.551
EG,DK,0.005086935357532054,10.241,55.6,32.667,26.551
EG,ES,0.005629213273317795,-3.72,40.031,32.667,26.551
EG,FI,0.006705966255834986,24.52,65.563,32.667,26.551
EG,FR,0.003354334352470209,2.152,46.853,32.667,26.551
EG,GB,0.004198057093519719,-2.227,53.821,32.667,26.551
EG,GR,0.0035285194421034566,22.79,37.756,32.667,26.551
EG,ID,0.0029550747651802766,118.0,-2.0,32.667,26.551
EG,IE,0.002242677739061819,-8.248,52.679,32.667,26.551
EG,IL,0.0020104115848179446,34.764,31.223,32.667,26.551
EG,IN,0.002562274178195447,76.129,19.557,32.667,26.551
EG,IT,0.0031793323785000147,14.277,41.189,32.667,26.551
EG,JP,0.0041762549710426524,136.251,35.764,32.667,26.551
EG,KR,0.003376704699800838,127.036,34.738,32.667,26.551
EG,KW,0.0019684266595075967,47.71,28.89,32.667,26.551
EG,MX,0.025271537587455272,-100.773,21.559,32.667,26.551
EG,MY,0.002082470929958647,101.67,2.751,32.667,26.551
EG,NL,0.0036029833429269582,4.945,52.875,32.667,26.551
EG,NO,0.011731380330369003,8.132,63.44,32.667,26.551
EG,NZ,0.013445859638208232,175.062,-40.949,32.667,26.551
EG,PL,0.0023211598659284597,17.38,53.213,32.667,26.551
EG,SA,0.002741838907856076,38.795,31.62,32.667,26.551
EG,SE,0.00866659441219589,16.282,63.654,32.667,26.551
EG,TH,0.0030520130506198474,101.055,15.311,32.667,26.551
EG,TR,0.00242485388665233,31.238,39.049,32.667,26.551
EG,TW,0.003054793766576731,120.945,23.682,32.667,26.551
EG,US,0.009786410791183529,-99.818,37.615,32.667,26.551
EG,ZA,0.003732068351630916,23.274,-30.622,32.667,26.551
ES,AE,0.00587017422897358,55.368,24.754,-3.72,40.031
ES,AT,0.002504109120478337,16.843,48.085,-3.72,40.031
ES,AU,0.004162391886047635,144.154,-31.773,-3.72,40.031
ES,BH,0.004615844072318121,50.58,26.1,-3.72,40.031
ES,BR,0.007005610211045638,-41.076,-10.964,-3.72,40.031
ES,CA,0.007463735470422539,-82.375,46.296,-3.72,40.031
ES,CH,0.002692445249845123,7.299,47.384,-3.72,40.031
ES,CL,0.02457790744478811,-70.155,-26.329,-3.72,40.031
ES,CN,0.002521222453688184,108.792,38.61,-3.72,40.031
ES,DK,0.003903255721464878,10.241,55.6,-3.72,40.031
ES,EG,0.0020627526656596972,32.667,26.551,-3.72,40.031
ES,FI,0.007457907654806908,24.52,65.563,-3.72,40.031
ES,GB,0.0028327226516956616,-2.227,53.821,-3.72,40.031
ES,GR,0.0029628233602227052,22.79,37.756,-3.72,40.031
ES,ID,0.0037462920067524554,118.0,-2.0,-3.72,40.031
ES,IE,0.002272451394829254,-8.248,52.679,-3.72,40.031
ES,IL,0.0032140989942069293,34.764,31.223,-3.72,40.031
ES,IN,0.005537254356483294,76.129,19.557,-3.72,40.031
ES,IT,0.0018529963404516365,14.277,41.189,-3.72,40.031
ES,JP,0.003422473354853296,136.251,35.764,-3.72,40.031
ES,KR,0.0031836017245851335,127.036,34.738,-3.72,40.031
ES,KW,0.004608133384962714,47.71,28.89,-3.72,40.031
ES,MX,0.024455189055074995,-100.773,21.559,-3.72,40.031
ES,MY,0.0036796322451703423,101.67,2.751,-3.72,40.031
ES,NL,0.002791756578151613,4.945,52.875,-3.72,40.031
ES,NO,0.011816920734586591,8.132,63.44,-3.72,40.031
ES,NZ,0.012810403074428609,175.062,-40.949,-3.72,40.031
ES,PL,0.002125749733250204,17.38,53.213,-3.72,40.031
ES,SA,0.005298213717322655,38.795,31.62,-3.72,40.031
ES,SE,0.008889033050101665,16.282,63.654,-3.72,40.031
ES,TH,0.004646467983590742,101.055,15.311,-3.72,40.031
ES,TR,0.0027169572201685365,31.238,39.049,-3.72,40.031
ES,TW,0.0033329157981258294,120.945,23.682,-3.72,40.031
ES,US,0.01236662230788443,-99.818,37.615,-3.72,40.031
ES,ZA,0.003138497862125533,23.274,-30.622,-3.72,40.031
ET,AE,0.008314659877958604,55.368,24.754,39.249,8.591
ET,AT,0.007614554200490086,16.843,48.085,39.249,8.591
ET,AU,0.0050071960408324566,144.154,-31.773,39.249,8.591
ET,BE,0.0037239375556875707,3.208,51.542,39.249,8.591
ET,BH,0.007371209658398807,50.58,26.1,39.249,8.591
ET,BR,0.013942246837744483,-41.076,-10.964,39.249,8.591
ET,CA,0.0055589942804114625,-82.375,46.296,39.249,8.591
ET,CH,0.016022428439652608,7.299,47.384,39.249,8.591
ET,CL,0.020766397010957404,-70.155,-26.329,39.249,8.591
ET,CN,0.002375157794015411,108.792,38.61,39.249,8.591
ET,DE,0.002743279300977269,10.674,52.577,39.249,8.591
ET,DK,0.004410860787890999,10.241,55.6,39.249,8.591
ET,EG,0.004355973031916115,32.667,26.551,39.249,8.591
ET,ES,0.0068004071029808145,-3.72,40.031,39.249,8.591
ET,FI,0.006381662815052734,24.52,65.563,39.249,8.591
ET,FR,0.00418871509816463,2.152,46.853,39.249,8.591
ET,GB,0.004365196891361033,-2.227,53.821,39.249,8.591
ET,GR,0.008274398836287965,22.79,37.756,39.249,8.591
ET,ID,0.004037790902905854,118.0,-2.0,39.249,8.591
ET,IE,0.0036032362593530595,-8.248,52.679,39.249,8.591
ET,IL,0.008791349145590975,34.764,31.223,39.249,8.591
ET,IN,0.004702635332465696,76.129,19.557,39.249,8.591
ET,IT,0.010280048581002918,14.277,41.189,39.249,8.591
ET,JP,0.0030939721823771593,136.251,35.764,39.249,8.591
ET,KR,0.0032569188559509244,127.036,34.738,39.249,8.591
ET,KW,0.007577269727297926,47.71,28.89,39.249,8.591
ET,MX,0.01819428447016251,-100.773,21.559,39.249,8.591
ET,MY,0.004040923828273839,101.67,2.751,39.249,8.591
ET,NL,0.0020241645509025833,4.945,52.875,39.249,8.591
ET,NO,0.010902654580235593,8.132,63.44,39.249,8.591
ET,NZ,0.01420978326089996,175.062,-40.949,39.249,8.591
ET,PL,0.00601770678778576,17.38,53.213,39.249,8.591
ET,SA,0.010958419637053239,38.795,31.62,39.249,8.591
ET,SE,0.008231512336729974,16.282,63.654,39.249,8.591
ET,TH,0.004241336300474281,101.055,15.311,39.249,8.591
ET,TR,0.005711223355848947,31.238,39.049,39.249,8.591
ET,TW,0.0038284702110204408,120.945,23.682,39.249,8.591
ET,US,0.009388717879568551,-99.818,37.615,39.249,8.591
ET,ZA,0.008051110864497963,23.274,-30.622,39.249,8.591
FI,AE,0.009958303392221623,55.368,24.754,24.52,65.563
FI,AT,0.006860628800198584,16.843,48.085,24.52,65.563
FI,AU,0.004394930507600061,144.154,-31.773,24.52,65.563
FI,BE,0.0030838447592861596,3.208,51.542,24.52,65.563
FI,BH,0.008485156267106164,50.58,26.1,24.52,65.563
FI,BR,0.012167288717219251,-41.076,-10.964,24.52,65.563
FI,CA,0.010472365026756318,-82.375,46.296,24.52,65.563
FI,CH,0.013260062943446529,7.299,47.384,24.52,65.563
FI,CL,0.027079790298002972,-70.155,-26.329,24.52,65.563
FI,CN,0.0029991997894591783,108.792,38.61,24.52,65.563
FI,DE,0.0023780145713291293,10.674,52.577,24.52,65.563
FI,DK,0.003985441986432811,10.241,55.6,24.52,65.563
FI,EG,0.004375240205371547,32.667,26.551,24.52,65.563
FI,ES,0.007748956489760749,-3.72,40.031,24.52,65.563
FI,FR,0.004287011340730854,2.152,46.853,24.52,65.563
FI,GB,0.005068713351253298,-2.227,53.821,24.52,65.563
FI,GR,0.008548765888874352,22.79,37.756,24.52,65.563
FI,ID,0.005077538239925027,118.0,-2.0,24.52,65.563
FI,IE,0.003412026924749599,-8.248,52.679,24.52,65.563
FI,IL,0.008454873015491667,34.764,31.223,24.52,65.563
FI,IN,0.00592473652553857,76.129,19.557,24.52,65.563
FI,IT,0.008752993892002918,14.277,41.189,24.52,65.563
FI,JP,0.004581912113181229,136.251,35.764,24.52,65.563
FI,KR,0.004704614444736318,127.036,34.738,24.52,65.563
FI,KW,0.008583534123152766,47.71,28.89,24.52,65.563
FI,MX,0.024415933993895033,-100.773,21.559,24.52,65.563
FI,MY,0.00476058164965417,101.67,2.751,24.52,65.563
FI,NL,0.003126331023867715,4.945,52.875,24.52,65.563
FI,NO,0.009575433815056475,8.132,63.44,24.52,65.563
FI,NZ,0.015910256201647932,175.062,-40.949,24.52,65.563
FI,PL,0.005240167059744404,17.38,53.213,24.52,65.563
FI,SA,0.011671170788654322,38.795,31.62,24.52,65.563
FI,SE,0.004952282952840802,16.282,63.654,24.52,65.563
FI,TH,0.0059526211025615955,101.055,15.311,24.52,65.563
FI,TR,0.00617308972190024,31.238,39.049,24.52,65.563
FI,TW,0.004543285069801798,120.945,23.682,24.52,65.563
FI,US,0.009203693661806634,-99.818,37.615,24.52,65.563
FI,ZA,0.010201092565401639,23.274,-30.622,24.52,65.563
FJ,AE,0.009334251045476161,55.368,24.754,177.506,-18.113
FJ,AT,0.006948759594439243,16.843,48.085,177.506,-18.113
FJ,AU,0.008646572450207649,144.154,-31.773,177.506,-18.113
FJ,BE,0.005555052022832849,3.208,51.542,177.506,-18.113
FJ,BH,0.007612471297300732,50.58,26.1,177.506,-18.113
FJ,BR,0.004039871587297757,-41.076,-10.964,177.506,-18.113
FJ,CA,0.009177036683011546,-82.375,46.296,177.506,-18.113
FJ,CH,0.005113142960482942,7.299,47.384,177.506,-18.113
FJ,CL,0.015866335952727153,-70.155,-26.329,177.506,-18.113
FJ,CN,0.004779847964713512,108.792,38.61,177.506,-18.113
FJ,DE,0.004296085888982193,10.674,52.577,177.506,-18.113
FJ,DK,0.009616264043663812,10.241,55.6,177.506,-18.113
FJ,EG,0.004475804704018959,32.667,26.551,177.506,-18.113
FJ,ES,0.006017362789105839,-3.72,40.031,177.506,-18.113
FJ,FI,0.010355421902549945,24.52,65.563,177.506,-18.113
FJ,FR,0.006543335080817014,2.152,46.853,177.506,-18.113
FJ,GB,0.00844270782592421,-2.227,53.821,177.506,-18.113
FJ,GR,0.00735526696809293,22.79,37.756,177.506,-18.113
FJ,ID,0.010476967504961281,118.0,-2.0,177.506,-18.113
FJ,IE,0.0035311846994662693,-8.248,52.679,177.506,-18.113
FJ,IL,0.005812949965969062,34.764,31.223,177.506,-18.113
FJ,IN,0.006959902852469558,76.129,19.557,177.506,-18.113
FJ,IT,0.005070682664146059,14.277,41.189,177.506,-18.113
FJ,JP,0.013716635047203711,136.251,35.764,177.506,-18.113
FJ,KR,0.012832698870288817,127.036,34.738,177.506,-18.113
FJ,KW,0.007426664773680411,47.71,28.89,177.506,-18.113
FJ,MX,0.021225453948813984,-100.773,21.559,177.506,-18.113
FJ,MY,0.008335567971983393,101.67,2.751,177.506,-18.113
FJ,NL,0.006409404124151407,4.945,52.875,177.506,-18.113
FJ,NO,0.01613068713119308,8.132,63.44,177.506,-18.113
FJ,NZ,0.011754691639780832,175.062,-40.949,177.506,-18.113
FJ,PL,0.005664112981786629,17.38,53.213,177.506,-18.113
FJ,SA,0.009070246928509768,38.795,31.62,177.506,-18.113
FJ,SE,0.012829340249804203,16.282,63.654,177.506,-18.113
FJ,TH,0.0103368620778989,101.055,15.311,177.506,-18.113
FJ,TR,0.006376832595848452,31.238,39.049,177.506,-18.113
FJ,TW,0.010799298217439565,120.945,23.682,177.506,-18.113
FJ,US,0.009843281557543852,-99.818,37.615,177.506,-18.113
FJ,ZA,0.006940567863760341,23.274,-30.622,177.506,-18.113
FR,AE,0.004624231308982521,55.368,24.754,2.152,46.853
FR,AT,0.0020669061968208234,16.843,48.085,2.152,46.853
FR,AU,0.004267565836177179,144.154,-31.773,2.152,46.853
FR,BH,0.003942074745582464,50.58,26.1,2.152,46.853
FR,BR,0.009029717931544223,-41.076,-10.964,2.152,46.853
FR,CA,0.008657369024800222,-82.375,46.296,2.152,46.853
FR,CH,0.002513124284329432,7.299,47.384,2.152,46.853
FR,CL,0.02683335979672878,-70.155,-26.329,2.152,46.853
FR,CN,0.0020463119036904474,108.792,38.61,2.152,46.853
FR,DK,0.0030462019590788477,10.241,55.6,2.152,46.853
FR,EG,0.0017162908222656034,32.667,26.551,2.152,46.853
FR,ES,0.0017244814280652232,-3.72,40.031,2.152,46.853
FR,FI,0.0064750347760645114,24.52,65.563,2.152,46.853
FR,GB,0.00230266789696224,-2.227,53.821,2.152,46.853
FR,GR,0.0026005389387248803,22.79,37.756,2.152,46.853
FR,ID,0.003201357170406483,118.0,-2.0,2.152,46.853
FR,IE,0.0024362786523120174,-8.248,52.679,2.152,46.853
FR,IL,0.002526163297887394,34.764,31.223,2.152,46.853
FR,IN,0.0052886799556062895,76.129,19.557,2.152,46.853
FR,IT,0.001806924707277078,14.277,41.189,2.152,46.853
FR,JP,0.00297915435301619,136.251,35.764,2.152,46.853
FR,KR,0.002613912885963205,127.036,34.738,2.152,46.853
FR,KW,0.003708009460168541,47.71,28.89,2.152,46.853
FR,MX,0.02662468574670703,-100.773,21.559,2.152,46.853
FR,MY,0.0031904337001494192,101.67,2.751,2.152,46.853
FR,NL,0.002484272105839616,4.945,52.875,2.152,46.853
FR,NO,0.009657989799834503,8.132,63.44,2.152,46.853
FR,NZ,0.013707187753097167,175.062,-40.949,2.152,46.853
FR,PL,0.0016993213067027918,17.38,53.213,2.152,46.853
FR,SA,0.004169856365607608,38.795,31.62,2.152,46.853
FR,SE,0.007665226865031903,16.282,63.654,2.152,46.853
FR,TH,0.0039083312329122434,101.055,15.311,2.152,46.853
FR,TR,0.002231114713543397,31.238,39.049,2.152,46.853
FR,TW,0.0031550034167402994,120.945,23.682,2.152,46.853
FR,US,0.012977641373162879,-99.818,37.615,2.152,46.853
FR,ZA,0.003856793887627369,23.274,-30.622,2.152,46.853
GB,AE,0.00367676606536974,55.368,24.754,-2.227,53.821
GB,AT,0.0025395002732090423,16.843,48.085,-2.227,53.821
GB,AU,0.0035547127524649677,144.154,-31.773,-2.227,53.821
GB,BH,0.0032164297217829574,50.58,26.1,-2.227,53.821
GB,BR,0.008172868607769994,-41.076,-10.964,-2.227,53.821
GB,CA,0.007517336009894485,-82.375,46.296,-2.227,53.821
GB,CH,0.003685963014460956,7.299,47.384,-2.227,53.821
GB,CL,0.025833220349372674,-70.155,-26.329,-2.227,53.821
GB,DK,0.0030061625393152046,10.241,55.6,-2.227,53.821
GB,EG,0.0017548595760600281,32.667,26.551,-2.227,53.821
GB,ES,0.0028125802316496884,-3.72,40.031,-2.227,53.821
GB,FI,0.006789273157316441,24.52,65.563,-2.227,53.821
GB,GR,0.003564662918935148,22.79,37.756,-2.227,53.821
GB,ID,0.0015060416074146085,118.0,-2.0,-2.227,53.821
GB,IL,0.00270368434650533,34.764,31.223,-2.227,53.821
GB,IN,0.003958103257889665,76.129,19.557,-2.227,53.821
GB,IT,0.0022928787903298093,14.277,41.189,-2.227,53.821
GB,JP,0.0019675275910752007,136.251,35.764,-2.227,53.821
GB,KR,0.0015576804886234946,127.036,34.738,-2.227,53.821
GB,KW,0.0030720963762337922,47.71,28.89,-2.227,53.821
GB,MX,0.025658092048190924,-100.773,21.559,-2.227,53.821
GB,MY,0.0015646367652657645,101.67,2.751,-2.227,53.821
GB,NL,0.0021323957313213386,4.945,52.875,-2.227,53.821
GB,NO,0.010909731648922722,8.132,63.44,-2.227,53.821
GB,NZ,0.013579229025629604,175.062,-40.949,-2.227,53.821
GB,PL,0.0015749989511029767,17.38,53.213,-2.227,53.821
GB,SA,0.004032178851732342,38.795,31.62,-2.227,53.821
GB,SE,0.0078045058643613305,16.282,63.654,-2.227,53.821
GB,TH,0.0024668973699763083,101.055,15.311,-2.227,53.821
GB,TR,0.0022434204103444497,31.238,39.049,-2.227,53.821
GB,TW,0.0015669585489282052,120.945,23.682,-2.227,53.821
GB,US,0.0115681324150386,-99.818,37.615,-2.227,53.821
GB,ZA,0.004369094297695176,23.274,-30.622,-2.227,53.821
GF,AE,0.007910950637546542,55.368,24.754,-52.501,4.894
GF,AT,0.007977731733721998,16.843,48.085,-52.501,4.894
GF,AU,0.01016875537057775,144.154,-31.773,-52.501,4.894
GF,BE,0.006450203454264143,3.208,51.542,-52.501,4.894
GF,BH,0.006513663514833606,50.58,26.1,-52.501,4.894
GF,BR,0.0017810708674428448,-41.076,-10.964,-52.501,4.894
GF,CA,0.007243069693903951,-82.375,46.296,-52.501,4.894
GF,CH,0.0051678039188732365,7.299,47.384,-52.501,4.894
GF,CL,0.007068668895164922,-70.155,-26.329,-52.501,4.894
GF,CN,0.004404625727153238,108.792,38.61,-52.501,4.894
GF,DE,0.00549964536664668,10.674,52.577,-52.501,4.894
GF,DK,0.01192989015920659,10.241,55.6,-52.501,4.894
GF,EG,0.004327911700599294,32.667,26.551,-52.501,4.894
GF,ES,0.005210501317820506,-3.72,40.031,-52.501,4.894
GF,FI,0.01135539339427899,24.52,65.563,-52.501,4.894
GF,FR,0.006429873451516689,2.152,46.853,-52.501,4.894
GF,GB,0.008158807085814566,-2.227,53.821,-52.501,4.894
GF,GR,0.007223659613448687,22.79,37.756,-52.501,4.894
GF,ID,0.010836251100105592,118.0,-2.0,-52.501,4.894
GF,IE,0.0036803835775589765,-8.248,52.679,-52.501,4.894
GF,IL,0.005411131949144305,34.764,31.223,-52.501,4.894
GF,IN,0.006667460648991296,76.129,19.557,-52.501,4.894
GF,IT,0.005631016352092813,14.277,41.189,-52.501,4.894
GF,JP,0.01928575853547796,136.251,35.764,-52.501,4.894
GF,KR,0.015258621868197453,127.036,34.738,-52.501,4.894
GF,KW,0.006440977842426375,47.71,28.89,-52.501,4.894
GF,MX,0.01505461377996993,-100.773,21.559,-52.501,4.894
GF,MY,0.007149013587655782,101.67,2.751,-52.501,4.894
GF,NL,0.007435853505289561,4.945,52.875,-52.501,4.894
GF,NO,0.017397963026514283,8.132,63.44,-52.501,4.894
GF,NZ,0.011217024235913647,175.062,-40.949,-52.501,4.894
GF,PL,0.00665671135617327,17.38,53.213,-52.501,4.894
GF,SA,0.008026292434872797,38.795,31.62,-52.501,4.894
GF,SE,0.014516340316391627,16.282,63.654,-52.501,4.894
GF,TH,0.008563828075765728,101.055,15.311,-52.501,4.894
GF,TR,0.0060112332222308894,31.238,39.049,-52.501,4.894
GF,TW,0.011662010000793564,120.945,23.682,-52.501,4.894
GF,US,0.007550848604453593,-99.818,37.615,-52.501,4.894
GF,ZA,0.005555011041766319,23.274,-30.622,-52.501,4.894
GH,AE,0.003762694516535308,55.368,24.754,-0.95,5.29
GH,AT,0.004457803464861139,16.843,48.085,-0.95,5.29
GH,AU,0.010263385846499528,144.154,-31.773,-0.95,5.29
GH,BE,0.004347359459484352,3.208,51.542,-0.95,5.29
GH,BH,0.0028158929645787224,50.58,26.1,-0.95,5.29
GH,BR,0.006835097514547723,-41.076,-10.964,-0.95,5.29
GH,CA,0.01041937326305466,-82.375,46.296,-0.95,5.29
GH,CL,0.03117500292871712,-70.155,-26.329,-0.95,5.29
GH,CN,0.0040488734492327766,108.792,38.61,-0.95,5.29
GH,DE,0.003854236864606058,10.674,52.577,-0.95,5.29
GH,DK,0.008996101041122999,10.241,55.6,-0.95,5.29
GH,EG,0.0023215119548263105,32.667,26.551,-0.95,5.29
GH,ES,0.0032368470619044713,-3.72,40.031,-0.95,5.29
GH,FI,0.012120221651383729,24.52,65.563,-0.95,5.29
GH,FR,0.003964963877979046,2.152,46.853,-0.95,5.29
GH,GB,0.006652941414422409,-2.227,53.821,-0.95,5.29
GH,GR,0.0035430952936798153,22.79,37.756,-0.95,5.29
GH,ID,0.008422644300750824,118.0,-2.0,-0.95,5.29
GH,IE,0.004176313111244554,-8.248,52.679,-0.95,5.29
GH,IN,0.007432211794621111,76.129,19.557,-0.95,5.29
GH,IT,0.0016142410180895067,14.277,41.189,-0.95,5.29
GH,JP,0.012494554986207227,136.251,35.764,-0.95,5.29
GH,KR,0.010455325694690936,127.036,34.738,-0.95,5.29
GH,KW,0.00286868239981444,47.71,28.89,-0.95,5.29
GH,MX,0.0361759217001948,-100.773,21.559,-0.95,5.29
GH,MY,0.006009724460920361,101.67,2.751,-0.95,5.29
GH,NL,0.0066940955037197445,4.945,52.875,-0.95,5.29
GH,NO,0.018761609217269482,8.132,63.44,-0.95,5.29
GH,NZ,0.017081070784954775,175.062,-40.949,-0.95,5.29
GH,PL,0.0032712558076180343,17.38,53.213,-0.95,5.29
GH,SA,0.0024686870418500185,38.795,31.62,-0.95,5.29
GH,SE,0.014428893075430627,16.282,63.654,-0.95,5.29
GH,TH,0.007846389405276741,101.055,15.311,-0.95,5.29
GH,TR,0.003096703468296445,31.238,39.049,-0.95,5.29
GH,TW,0.00891402084972246,120.945,23.682,-0.95,5.29
GH,US,0.018540187334983697,-99.818,37.615,-0.95,5.29
GR,AE,0.0023789774124815077,55.368,24.754,22.79,37.756
GR,AT,0.002755031496072243,16.843,48.085,22.79,37.756
GR,AU,0.007597238257366213,144.154,-31.773,22.79,37.756
GR,BE,0.002581248133037781,3.208,51.542,22.79,37.756
GR,BH,0.0019396245793336356,50.58,26.1,22.79,37.756
GR,BR,0.013542846946431488,-41.076,-10.964,22.79,37.756
GR,CA,0.012546755050411404,-82.375,46.296,22.79,37.756
GR,CH,0.003345388727040771,7.299,47.384,22.79,37.756
GR,CL,0.04168859423618158,-70.155,-26.329,22.79,37.756
GR,CN,0.002418405466466333,108.792,38.61,22.79,37.756
GR,DE,0.002317566292291239,10.674,52.577,22.79,37.756
GR,DK,0.005770029313208601,10.241,55.6,22.79,37.756
GR,EG,0.0017176296216349996,32.667,26.551,22.79,37.756
GR,ES,0.00456258734127085,-3.72,40.031,22.79,37.756
GR,FI,0.010428503419131081,24.52,65.563,22.79,37.756
GR,FR,0.0032591058938748843,2.152,46.853,22.79,37.756
GR,GB,0.005453794090563839,-2.227,53.821,22.79,37.756
GR,ID,0.004711363269754007,118.0,-2.0,22.79,37.756
GR,IE,0.0037181546190360156,-8.248,52.679,22.79,37.756
GR,IN,0.004836725486417986,76.129,19.557,22.79,37.756
GR,IT,0.0016684982086530636,14.277,41.189,22.79,37.756
GR,JP,0.00533614875124321,136.251,35.764,22.79,37.756
GR,KR,0.004529024236414413,127.036,34.738,22.79,37.756
GR,KW,0.0016648196544507717,47.71,28.89,22.79,37.756
GR,MX,0.036301706339558405,-100.773,21.559,22.79,37.756
GR,MY,0.003867909894714389,101.67,2.751,22.79,37.756
GR,NL,0.004840751581233603,4.945,52.875,22.79,37.756
GR,NO,0.016661461054547015,8.132,63.44,22.79,37.756
GR,NZ,0.020348385029628845,175.062,-40.949,22.79,37.756
GR,PL,0.0016867777971194405,17.38,53.213,22.79,37.756
GR,SA,0.0016417663752235376,38.795,31.62,22.79,37.756
GR,SE,0.012447216593712231,16.282,63.654,22.79,37.756
GR,TH,0.005007459197895589,101.055,15.311,22.79,37.756
GR,TR,0.0018999346817697932,31.238,39.049,22.79,37.756
GR,TW,0.004665871138103488,120.945,23.682,22.79,37.756
GR,US,0.01709802059433962,-99.818,37.615,22.79,37.756
GR,ZA,0.004230468105621741,23.274,-30.622,22.79,37.756
GT,AE,0.004888869363118194,55.368,24.754,-90.438,14.165
GT,AT,0.006085034795224374,16.843,48.085,-90.438,14.165
GT,AU,0.010076526904364475,144.154,-31.773,-90.438,14.165
GT,BE,0.00596244520812805,3.208,51.542,-90.438,14.165
GT,BH,0.003901653396312381,50.58,26.1,-90.438,14.165
GT,BR,0.0023402101831488382,-41.076,-10.964,-90.438,14.165
GT,CA,0.003321469696886365,-82.375,46.296,-90.438,14.165
GT,CH,0.004420371861989285,7.299,47.384,-90.438,14.165
GT,CL,0.0019082807009492464,-70.155,-26.329,-90.438,14.165
GT,CN,0.005503896085578134,108.792,38.61,-90.438,14.165
GT,DE,0.004935190209457719,10.674,52.577,-90.438,14.165
GT,DK,0.009711335348894947,10.241,55.6,-90.438,14.165
GT,EG,0.004185670650066945,32.667,26.551,-90.438,14.165
GT,ES,0.0046539817195362316,-3.72,40.031,-90.438,14.165
GT,FI,0.0074711787210849775,24.52,65.563,-90.438,14.165
GT,FR,0.005455383596679604,2.152,46.853,-90.438,14.165
GT,GB,0.006979797722880129,-2.227,53.821,-90.438,14.165
GT,GR,0.005192175301848291,22.79,37.756,-90.438,14.165
GT,ID,0.014048536147939827,118.0,-2.0,-90.438,14.165
GT,IE,0.0031957261395210673,-8.248,52.679,-90.438,14.165
GT,IL,0.003575714657711441,34.764,31.223,-90.438,14.165
GT,IN,0.005486548000786442,76.129,19.557,-90.438,14.165
GT,IT,0.0046197322034479404,14.277,41.189,-90.438,14.165
GT,JP,0.02309833356175323,136.251,35.764,-90.438,14.165
GT,KR,0.019191292800433322,127.036,34.738,-90.438,14.165
GT,KW,0.0043299669610455385,47.71,28.89,-90.438,14.165
GT,MX,0.002949941598880978,-100.773,21.559,-90.438,14.165
GT,MY,0.00894686032071534,101.67,2.751,-90.438,14.165
GT,NL,0.005471870654827846,4.945,52.875,-90.438,14.165
GT,NO,0.012190804227880221,8.132,63.44,-90.438,14.165
GT,NZ,0.007432088245213468,175.062,-40.949,-90.438,14.165
GT,PL,0.0059058973880414525,17.38,53.213,-90.438,14.165
GT,SA,0.005025217969072793,38.795,31.62,-90.438,14.165
GT,SE,0.010226444371235238,16.282,63.654,-90.438,14.165
GT,TH,0.009865693066193226,101.055,15.311,-90.438,14.165
GT,TR,0.00453535296505993,31.238,39.049,-90.438,14.165
GT,TW,0.015722137528614285,120.945,23.682,-90.438,14.165
GT,US,0.0022699622596923223,-99.818,37.615,-90.438,14.165
GT,ZA,0.003873034106255282,23.274,-30.622,-90.438,14.165
HN,AE,0.004573808276459077,55.368,24.754,-87.361,13.474
HN,AT,0.0057082647302285905,16.843,48.085,-87.361,13.474
HN,AU,0.009764156362644485,144.154,-31.773,-87.361,13.474
HN,BE,0.005631806263513704,3.208,51.542,-87.361,13.474
HN,BH,0.00345103127090684,50.58,26.1,-87.361,13.474
HN,BR,0.00211088462370394,-41.076,-10.964,-87.361,13.474
HN,CA,0.002391297525270468,-82.375,46.296,-87.361,13.474
HN,CH,0.003316873245607266,7.299,47.384,-87.361,13.474
HN,CL,0.0025772230794330058,-70.155,-26.329,-87.361,13.474
HN,CN,0.0055947701020895475,108.792,38.61,-87.361,13.474
HN,DE,0.004530809687824891,10.674,52.577,-87.361,13.474
HN,DK,0.009483282797432123,10.241,55.6,-87.361,13.474
HN,EG,0.0038947849339778283,32.667,26.551,-87.361,13.474
HN,ES,0.003996921981576435,-3.72,40.031,-87.361,13.474
HN,FI,0.008024646499686929,24.52,65.563,-87.361,13.474
HN,FR,0.005158281544701485,2.152,46.853,-87.361,13.474
HN,GB,0.006527748655356367,-2.227,53.821,-87.361,13.474
HN,GR,0.004516069607540989,22.79,37.756,-87.361,13.474
HN,ID,0.01390306908951993,118.0,-2.0,-87.361,13.474
HN,IE,0.0029990464549959307,-8.248,52.679,-87.361,13.474
HN,IL,0.0029065414471731847,34.764,31.223,-87.361,13.474
HN,IN,0.005365465820454254,76.129,19.557,-87.361,13.474
HN,IT,0.0038498851063471324,14.277,41.189,-87.361,13.474
HN,JP,0.022579173288141057,136.251,35.764,-87.361,13.474
HN,KR,0.018663889310663404,127.036,34.738,-87.361,13.474
HN,KW,0.003817711766719975,47.71,28.89,-87.361,13.474
HN,MX,0.0036396046851483754,-100.773,21.559,-87.361,13.474
HN,MY,0.009035536667457602,101.67,2.751,-87.361,13.474
HN,NL,0.0052418921790417985,4.945,52.875,-87.361,13.474
HN,NO,0.012285823850255376,8.132,63.44,-87.361,13.474
HN,NZ,0.007837866697249354,175.062,-40.949,-87.361,13.474
HN,PL,0.0053195008597667955,17.38,53.213,-87.361,13.474
HN,SA,0.004214557133017745,38.795,31.62,-87.361,13.474
HN,SE,0.010560746602195765,16.282,63.654,-87.361,13.474
HN,TH,0.009776201846650118,101.055,15.311,-87.361,13.474
HN,TR,0.0040755283813419555,31.238,39.049,-87.361,13.474
HN,TW,0.015495638130518194,120.945,23.682,-87.361,13.474
HN,US,0.0027777260873625403,-99.818,37.615,-87.361,13.474
HN,ZA,0.002981926298589033,23.274,-30.622,-87.361,13.474
HU,AE,0.004940998070248111,55.368,24.754,19.482,47.268
HU,AT,0.003183700447253568,16.843,48.085,19.482,47.268
HU,AU,0.008666792195841886,144.154,-31.773,19.482,47.268
HU,BE,0.0029079664604148435,3.208,51.542,19.482,47.268
HU,BH,0.004310829428065292,50.58,26.1,19.482,47.268
HU,BR,0.01607792800751563,-41.076,-10.964,19.482,47.268
HU,CA,0.015122017320588023,-82.375,46.296,19.482,47.268
HU,CH,0.0024278832614670932,7.299,47.384,19.482,47.268
HU,CL,0.04753040978180782,-70.155,-26.329,19.482,47.268
HU,CN,0.003312840702030777,108.792,38.61,19.482,47.268
HU,DE,0.0029103463248728806,10.674,52.577,19.482,47.268
HU,DK,0.006925681015239587,10.241,55.6,19.482,47.268
HU,EG,0.002925658931176725,32.667,26.551,19.482,47.268
HU,ES,0.006765639003673657,-3.72,40.031,19.482,47.268
HU,FI,0.011170531624240936,24.52,65.563,19.482,47.268
HU,FR,0.004324684603776063,2.152,46.853,19.482,47.268
HU,GB,0.006883346209669949,-2.227,53.821,19.482,47.268
HU,GR,0.004126947975816467,22.79,37.756,19.482,47.268
HU,ID,0.007300852560636582,118.0,-2.0,19.482,47.268
HU,IE,0.003625586103946264,-8.248,52.679,19.482,47.268
HU,IL,0.0018660355275135715,34.764,31.223,19.482,47.268
HU,IN,0.005701176405588509,76.129,19.557,19.482,47.268
HU,IT,0.002350806859927159,14.277,41.189,19.482,47.268
HU,JP,0.007363118608692666,136.251,35.764,19.482,47.268
HU,KR,0.006838256690921783,127.036,34.738,19.482,47.268
HU,KW,0.0036310600755554453,47.71,28.89,19.482,47.268
HU,MX,0.040783646296932784,-100.773,21.559,19.482,47.268
HU,MY,0.006274119057536916,101.67,2.751,19.482,47.268
HU,NL,0.005796609256497836,4.945,52.875,19.482,47.268
HU,NO,0.01909618322212972,8.132,63.44,19.482,47.268
HU,NZ,0.023570997585040953,175.062,-40.949,19.482,47.268
HU,PL,0.002246745998704664,17.38,53.213,19.482,47.268
HU,SA,0.0037037707919132163,38.795,31.62,19.482,47.268
HU,SE,0.013477934612323224,16.282,63.654,19.482,47.268
HU,TH,0.007818461110927703,101.055,15.311,19.482,47.268
HU,TR,0.0035120863961321373,31.238,39.049,19.482,47.268
HU,TW,0.007070790429346594,120.945,23.682,19.482,47.268
HU,US,0.01688203288141411,-99.818,37.615,19.482,47.268
HU,ZA,0.008490577053032227,23.274,-30.622,19.482,47.268
ID,AE,0.006057972775779691,55.368,24.754,118.0,-2.0
ID,AT,0.007403225398786445,16.843,48.085,118.0,-2.0
ID,AU,0.004239405507094245,144.154,-31.773,118.0,-2.0
ID,BE,0.0037775840933135492,3.208,51.542,118.0,-2.0
ID,BH,0.005748797894501129,50.58,26.1,118.0,-2.0
ID,BR,0.016571884117012853,-41.076,-10.964,118.0,-2.0
ID,CA,0.011005271393866247,-82.375,46.296,118.0,-2.0
ID,CH,0.01651793498391604,7.299,47.384,118.0,-2.0
ID,CL,0.027949436471605655,-70.155,-26.329,118.0,-2.0
ID,DE,0.002947736379209979,10.674,52.577,118.0,-2.0
ID,DK,0.005088334954785285,10.241,55.6,118.0,-2.0
ID,EG,0.004364938734983716,32.667,26.551,118.0,-2.0
ID,ES,0.009882983949576596,-3.72,40.031,118.0,-2.0
ID,FI,0.006638015242324439,24.52,65.563,118.0,-2.0
ID,FR,0.005450284204854451,2.152,46.853,118.0,-2.0
ID,GB,0.005169703086662844,-2.227,53.821,118.0,-2.0
ID,GR,0.00890114576469228,22.79,37.756,118.0,-2.0
ID,IE,0.0028452530850815345,-8.248,52.679,118.0,-2.0
ID,IL,0.007905124936062415,34.764,31.223,118.0,-2.0
ID,IN,0.0025298886018910428,76.129,19.557,118.0,-2.0
ID,IT,0.01020647484745774,14.277,41.189,118.0,-2.0
ID,JP,0.0020470164669772863,136.251,35.764,118.0,-2.0
ID,KW,0.005697339237909849,47.71,28.89,118.0,-2.0
ID,MX,0.021474787986798652,-100.773,21.559,118.0,-2.0
ID,NL,0.003192660698213009,4.945,52.875,118.0,-2.0
ID,NO,0.012373506874610115,8.132,63.44,118.0,-2.0
ID,NZ,0.019169217623416685,175.062,-40.949,118.0,-2.0
ID,PL,0.005522459324147353,17.38,53.213,118.0,-2.0
ID,SA,0.009947029638099496,38.795,31.62,118.0,-2.0
ID,SE,0.009778683316359296,16.282,63.654,118.0,-2.0
ID,TR,0.005670179786922725,31.238,39.049,118.0,-2.0
ID,US,0.008257787487068343,-99.818,37.615,118.0,-2.0
ID,ZA,0.01346163365604881,23.274,-30.622,118.0,-2.0
IE,AE,0.006759277713186725,55.368,24.754,-8.248,52.679
IE,AT,0.004684043849588405,16.843,48.085,-8.248,52.679
IE,AU,0.004230584406027264,144.154,-31.773,-8.248,52.679
IE,BE,0.002273401624052932,3.208,51.542,-8.248,52.679
IE,BH,0.005793368794220237,50.58,26.1,-8.248,52.679
IE,BR,0.012459340905237025,-41.076,-10.964,-8.248,52.679
IE,CA,0.010986209605192192,-82.375,46.296,-8.248,52.679
IE,CH,0.008117585855074723,7.299,47.384,-8.248,52.679
IE,CL,0.03160956031672231,-70.155,-26.329,-8.248,52.679
IE,DE,0.002551737735137819,10.674,52.577,-8.248,52.679
IE,DK,0.004491097364277787,10.241,55.6,-8.248,52.679
IE,EG,0.003375900010696104,32.667,26.551,-8.248,52.679
IE,ES,0.006046190227078025,-3.72,40.031,-8.248,52.679
IE,FI,0.008754454323730829,24.52,65.563,-8.248,52.679
IE,FR,0.0032627271839407728,2.152,46.853,-8.248,52.679
IE,GB,0.0023540072406235146,-2.227,53.821,-8.248,52.679
IE,GR,0.00573163714534971,22.79,37.756,-8.248,52.679
IE,ID,0.0026571660475443125,118.0,-2.0,-8.248,52.679
IE,IL,0.005522344877943863,34.764,31.223,-8.248,52.679
IE,IN,0.003118875213445798,76.129,19.557,-8.248,52.679
IE,IT,0.005726565611596578,14.277,41.189,-8.248,52.679
IE,JP,0.0021424607644698183,136.251,35.764,-8.248,52.679
IE,KR,0.0019457492136032179,127.036,34.738,-8.248,52.679
IE,KW,0.005477689736182521,47.71,28.89,-8.248,52.679
IE,MX,0.025180122117431245,-100.773,21.559,-8.248,52.679
IE,MY,0.0028654136082693345,101.67,2.751,-8.248,52.679
IE,NL,0.0037628032207147324,4.945,52.875,-8.248,52.679
IE,NO,0.014798909315948471,8.132,63.44,-8.248,52.679
IE,NZ,0.017305403568792163,175.062,-40.949,-8.248,52.679
IE,PL,0.0032085999965425077,17.38,53.213,-8.248,52.679
IE,SA,0.007998226057526613,38.795,31.62,-8.248,52.679
IE,SE,0.010625308097418554,16.282,63.654,-8.248,52.679
IE,TH,0.0031689938648623334,101.055,15.311,-8.248,52.679
IE,TR,0.004715017069117515,31.238,39.049,-8.248,52.679
IE,TW,0.0024110595728116203,120.945,23.682,-8.248,52.679
IE,US,0.0080023628657581,-99.818,37.615,-8.248,52.679
IE,ZA,0.010745163529924906,23.274,-30.622,-8.248,52.679
IL,AT,0.003255072333840791,16.843,48.085,34.764,31.223
IL,AU,0.008605116215076801,144.154,-31.773,34.764,31.223
IL,BE,0.0033208201026361924,3.208,51.542,34.764,31.223
IL,BR,0.013717891334610733,-41.076,-10.964,34.764,31.223
IL,CA,0.011983005411236255,-82.375,46.296,34.764,31.223
IL,CH,0.002821389996276719,7.299,47.384,34.764,31.223
IL,CL,0.04172038135845492,-70.155,-26.329,34.764,31.223
IL,CN,0.002714230249364499,108.792,38.61,34.764,31.223
IL,DE,0.0028975266089934534,10.674,52.577,34.764,31.223
IL,DK,0.007111441339231413,10.241,55.6,34.764,31.223
IL,EG,0.0018825887993191228,32.667,26.551,34.764,31.223
IL,ES,0.0056679136524453114,-3.72,40.031,34.764,31.223
IL,FI,0.010576635853956034,24.52,65.563,34.764,31.223
IL,FR,0.003942863845966361,2.152,46.853,34.764,31.223
IL,GB,0.006216839953537904,-2.227,53.821,34.764,31.223
IL,GR,0.0031380124152740837,22.79,37.756,34.764,31.223
IL,ID,0.005877995574206033,118.0,-2.0,34.764,31.223
IL,IE,0.003733206867177349,-8.248,52.679,34.764,31.223
IL,IN,0.004279614960648232,76.129,19.557,34.764,31.223
IL,IT,0.0015045242944630647,14.277,41.189,34.764,31.223
IL,JP,0.008371238211465824,136.251,35.764,34.764,31.223
IL,KR,0.007226095846510797,127.036,34.738,34.764,31.223
IL,MX,0.036527312132986066,-100.773,21.559,34.764,31.223
IL,MY,0.00414218851909612,101.67,2.751,34.764,31.223
IL,NL,0.005515009683849734,4.945,52.875,34.764,31.223
IL,NO,0.017732281438732636,8.132,63.44,34.764,31.223
IL,NZ,0.021444621878049103,175.062,-40.949,34.764,31.223
IL,PL,0.002160271629157295,17.38,53.213,34.764,31.223
IL,SE,0.013240637862277667,16.282,63.654,34.764,31.223
IL,TH,0.0055679368664812,101.055,15.311,34.764,31.223
IL,TR,0.0021965723584960704,31.238,39.049,34.764,31.223
IL,TW,0.00625439388853855,120.945,23.682,34.764,31.223
IL,US,0.01610933286053446,-99.818,37.615,34.764,31.223
IL,ZA,0.0050923627370363985,23.274,-30.622,34.764,31.223
IN,AE,0.001997878111200356,55.368,24.754,76.129,19.557
IN,AT,0.004076805478604984,16.843,48.085,76.129,19.557
IN,AU,0.0042188824215629315,144.154,-31.773,76.129,19.557
IN,BE,0.0026230290819463696,3.208,51.542,76.129,19.557
IN,BH,0.002255814143733606,50.58,26.1,76.129,19.557
IN,BR,0.01419373478281184,-41.076,-10.964,76.129,19.557
IN,CA,0.008115808623715895,-82.375,46.296,76.129,19.557
IN,CH,0.009315073346673116,7.299,47.384,76.129,19.557
IN,CL,0.023830282090176447,-70.155,-26.329,76.129,19.557
IN,DE,0.0020644658230314686,10.674,52.577,76.129,19.557
IN,DK,0.003673647636294458,10.241,55.6,76.129,19.557
IN,EG,0.0028199227138489013,32.667,26.551,76.129,19.557
IN,ES,0.007210629969969154,-3.72,40.031,76.129,19.557
IN,FI,0.004586735513204111,24.52,65.563,76.129,19.557
IN,FR,0.003814758324606745,2.152,46.853,76.129,19.557
IN,GB,0.004077177185792709,-2.227,53.821,76.129,19.557
IN,GR,0.0046099970423630916,22.79,37.756,76.129,19.557
IN,ID,0.00309329247374691,118.0,-2.0,76.129,19.557
IN,IE,0.0015677999409615126,-8.248,52.679,76.129,19.557
IN,IL,0.0032484314832524294,34.764,31.223,76.129,19.557
IN,IT,0.005162372801677229,14.277,41.189,76.129,19.557
IN,JP,0.00429584750382744,136.251,35.764,76.129,19.557
IN,KR,0.003674233749101362,127.036,34.738,76.129,19.557
IN,KW,0.002078781102539156,47.71,28.89,76.129,19.557
IN,MX,0.013851795299290906,-100.773,21.559,76.129,19.557
IN,MY,0.0019898319993666264,101.67,2.751,76.129,19.557
IN,NL,0.0023697654757891297,4.945,52.875,76.129,19.557
IN,NO,0.009609148599011958,8.132,63.44,76.129,19.557
IN,NZ,0.015105409814621235,175.062,-40.949,76.129,19.557
IN,PL,0.002813930026214098,17.38,53.213,76.129,19.557
IN,SA,0.0042038230453616725,38.795,31.62,76.129,19.557
IN,SE,0.006990742250186282,16.282,63.654,76.129,19.557
IN,TH,0.001988648101154175,101.055,15.311,76.129,19.557
IN,TR,0.002994495943297652,31.238,39.049,76.129,19.557
IN,TW,0.0033251609073058313,120.945,23.682,76.129,19.557
IN,US,0.003919042694842077,-99.818,37.615,76.129,19.557
IN,ZA,0.00984903930345429,23.274,-30.622,76.129,19.557
IR,AE,0.006362926964251048,55.368,24.754,51.597,34.942
IR,AT,0.004992958201311915,16.843,48.085,51.597,34.942
IR,AU,0.0071260635655231485,144.154,-31.773,51.597,34.942
IR,BE,0.0034166439243441486,3.208,51.542,51.597,34.942
IR,BH,0.005518086631733768,50.58,26.1,51.597,34.942
IR,BR,0.022010286997976185,-41.076,-10.964,51.597,34.942
IR,CA,0.013076616697878385,-82.375,46.296,51.597,34.942
IR,CH,0.008664141892216192,7.299,47.384,51.597,34.942
IR,CL,0.04710707507476231,-70.155,-26.329,51.597,34.942
IR,CN,0.0020319341402823526,108.792,38.61,51.597,34.942
IR,DE,0.003398520628507525,10.674,52.577,51.597,34.942
IR,DK,0.006780713153840539,10.241,55.6,51.597,34.942
IR,EG,0.0039956223203538085,32.667,26.551,51.597,34.942
IR,ES,0.006808059125334168,-3.72,40.031,51.597,34.942
IR,FI,0.011615340560285436,24.52,65.563,51.597,34.942
IR,FR,0.004292054230998759,2.152,46.853,51.597,34.942
IR,GB,0.006003035167353173,-2.227,53.821,51.597,34.942
IR,GR,0.005697906710145966,22.79,37.756,51.597,34.942
IR,ID,0.004720937794279409,118.0,-2.0,51.597,34.942
IR,IE,0.0027144544201487494,-8.248,52.679,51.597,34.942
IR,IL,0.005508448462548677,34.764,31.223,51.597,34.942
IR,IN,0.0033953727644385496,76.129,19.557,51.597,34.942
IR,IT,0.006414035883279792,14.277,41.189,51.597,34.942
IR,JP,0.004220076102858172,136.251,35.764,51.597,34.942
IR,KR,0.003732838409493331,127.036,34.738,51.597,34.942
IR,KW,0.004590339058225638,47.71,28.89,51.597,34.942
IR,MX,0.031058280568149445,-100.773,21.559,51.597,34.942
IR,MY,0.004982284655645459,101.67,2.751,51.597,34.942
IR,NL,0.004776767196028357,4.945,52.875,51.597,34.942
IR,NO,0.019808857877340415,8.132,63.44,51.597,34.942
IR,NZ,0.027762500401832136,175.062,-40.949,51.597,34.942
IR,PL,0.0036426311341764,17.38,53.213,51.597,34.942
IR,SA,0.007220642729420059,38.795,31.62,51.597,34.942
IR,SE,0.012612898365369095,16.282,63.654,51.597,34.942
IR,TH,0.005258672299544355,101.055,15.311,51.597,34.942
IR,TR,0.004582554751774323,31.238,39.049,51.597,34.942
IR,TW,0.004945753705636715,120.945,23.682,51.597,34.942
IR,US,0.00967496205719663,-99.818,37.615,51.597,34.942
IR,ZA,0.012936967601011566,23.274,-30.622,51.597,34.942
IT,AE,0.0034810151868501127,55.368,24.754,14.277,41.189
IT,AT,0.00252203725248881,16.843,48.085,14.277,41.189
IT,AU,0.0070086442465176636,144.154,-31.773,14.277,41.189
IT,BE,0.002405404588221402,3.208,51.542,14.277,41.189
IT,BH,0.002736052026521041,50.58,26.1,14.277,41.189
IT,BR,0.01141228598480178,-41.076,-10.964,14.277,41.189
IT,CA,0.011379877840881037,-82.375,46.296,14.277,41.189
IT,CL,0.038431085276679815,-70.155,-26.329,14.277,41.189
IT,CN,0.00277832657221646,108.792,38.61,14.277,41.189
IT,DE,0.002076951733394115,10.674,52.577,14.277,41.189
IT,DK,0.006001176164499315,10.241,55.6,14.277,41.189
IT,EG,0.001964865041339584,32.667,26.551,14.277,41.189
IT,ES,0.003844095282536697,-3.72,40.031,14.277,41.189
IT,FI,0.009879562462245813,24.52,65.563,14.277,41.189
IT,FR,0.0028581505621497515,2.152,46.853,14.277,41.189
IT,GB,0.005243255595598269,-2.227,53.821,14.277,41.189
IT,GR,0.002724060654468476,22.79,37.756,14.277,41.189
IT,ID,0.005389678128107674,118.0,-2.0,14.277,41.189
IT,IE,0.003333939624977377,-8.248,52.679,14.277,41.189
IT,IN,0.005608896455926696,76.129,19.557,14.277,41.189
IT,JP,0.0061443476383877885,136.251,35.764,14.277,41.189
IT,KR,0.005310701652546569,127.036,34.738,14.277,41.189
IT,KW,0.002542720388675784,47.71,28.89,14.277,41.189
IT,MX,0.03520054509323515,-100.773,21.559,14.277,41.189
IT,MY,0.004482058476568196,101.67,2.751,14.277,41.189
IT,NL,0.0047414906729938994,4.945,52.875,14.277,41.189
IT,NO,0.015738684366152174,8.132,63.44,14.277,41.189
IT,NZ,0.019077145655575684,175.062,-40.949,14.277,41.189
IT,PL,0.0017785950745573757,17.38,53.213,14.277,41.189
IT,SA,0.0022475898731392596,38.795,31.62,14.277,41.189
IT,SE,0.01216135104452676,16.282,63.654,14.277,41.189
IT,TH,0.005923230446262985,101.055,15.311,14.277,41.189
IT,TR,0.0024608846716799937,31.238,39.049,14.277,41.189
IT,TW,0.005302833314020675,120.945,23.682,14.277,41.189
IT,US,0.016610587618548212,-99.818,37.615,14.277,41.189
IT,ZA,0.004457136503748106,23.274,-30.622,14.277,41.189
JM,AE,0.007510965103511871,55.368,24.754,-77.458,17.928
JM,AT,0.006967119671034872,16.843,48.085,-77.458,17.928
JM,AU,0.010796983592344772,144.154,-31.773,-77.458,17.928
JM,BE,0.006240776766109807,3.208,51.542,-77.458,17.928
JM,BH,0.006197613938779928,50.58,26.1,-77.458,17.928
JM,BR,0.002143530262822084,-41.076,-10.964,-77.458,17.928
JM,CA,0.004897788004340438,-82.375,46.296,-77.458,17.928
JM,CH,0.004324436358518543,7.299,47.384,-77.458,17.928
JM,CL,0.002840290968653126,-70.155,-26.329,-77.458,17.928
JM,CN,0.005692059356033225,108.792,38.61,-77.458,17.928
JM,DE,0.005277161199666368,10.674,52.577,-77.458,17.928
JM,DK,0.010904216525807779,10.241,55.6,-77.458,17.928
JM,EG,0.004539048657594534,32.667,26.551,-77.458,17.928
JM,ES,0.005851320718770337,-3.72,40.031,-77.458,17.928
JM,FI,0.008176928767938045,24.52,65.563,-77.458,17.928
JM,FR,0.006396622878609982,2.152,46.853,-77.458,17.928
JM,GB,0.008201209212850334,-2.227,53.821,-77.458,17.928
JM,GR,0.0064465928399228805,22.79,37.756,-77.458,17.928
JM,ID,0.015249747486132142,118.0,-2.0,-77.458,17.928
JM,IE,0.003111788852833969,-8.248,52.679,-77.458,17.928
JM,IL,0.004905134965966423,34.764,31.223,-77.458,17.928
JM,IN,0.005620701442475163,76.129,19.557,-77.458,17.928
JM,IT,0.005274544986609197,14.277,41.189,-77.458,17.928
JM,JP,0.022113646274126875,136.251,35.764,-77.458,17.928
JM,KR,0.01899638582535811,127.036,34.738,-77.458,17.928
JM,KW,0.006226747735837391,47.71,28.89,-77.458,17.928
JM,MX,0.005580262192383491,-100.773,21.559,-77.458,17.928
JM,MY,0.010330124177341365,101.67,2.751,-77.458,17.928
JM,NL,0.0063609008005750456,4.945,52.875,-77.458,17.928
JM,NO,0.013481274488102197,8.132,63.44,-77.458,17.928
JM,NZ,0.00907065787060834,175.062,-40.949,-77.458,17.928
JM,PL,0.006355178024816319,17.38,53.213,-77.458,17.928
JM,SA,0.007402438487093753,38.795,31.62,-77.458,17.928
JM,SE,0.011105384877478804,16.282,63.654,-77.458,17.928
JM,TH,0.011483212054546839,101.055,15.311,-77.458,17.928
JM,TR,0.005969879625157173,31.238,39.049,-77.458,17.928
JM,TW,0.016254699866750287,120.945,23.682,-77.458,17.928
JM,US,0.0023199876581175157,-99.818,37.615,-77.458,17.928
JM,ZA,0.005684191500822114,23.274,-30.622,-77.458,17.928
JO,AT,0.005166330743119634,16.843,48.085,36.182,31.45
JO,AU,0.010899275231381773,144.154,-31.773,36.182,31.45
JO,BE,0.0050711302983023,3.208,51.542,36.182,31.45
JO,BR,0.015762284555108627,-41.076,-10.964,36.182,31.45
JO,CA,0.011139819121023036,-82.375,46.296,36.182,31.45
JO,CH,0.004645037674794803,7.299,47.384,36.182,31.45
JO,CL,0.045227001026870724,-70.155,-26.329,36.182,31.45
JO,CN,0.0025482280805043615,108.792,38.61,36.182,31.45
JO,DE,0.0038518581795386835,10.674,52.577,36.182,31.45
JO,DK,0.010161119518074989,10.241,55.6,36.182,31.45
JO,EG,0.0017691401664444233,32.667,26.551,36.182,31.45
JO,ES,0.006646786642417368,-3.72,40.031,36.182,31.45
JO,FI,0.013808606487809905,24.52,65.563,36.182,31.45
JO,FR,0.005282653757638763,2.152,46.853,36.182,31.45
JO,GB,0.007677076044339748,-2.227,53.821,36.182,31.45
JO,GR,0.004229055589806861,22.79,37.756,36.182,31.45
JO,ID,0.005358195706863136,118.0,-2.0,36.182,31.45
JO,IE,0.004895418346400151,-8.248,52.679,36.182,31.45
JO,IN,0.0053657144752020415,76.129,19.557,36.182,31.45
JO,IT,0.0024710811271059442,14.277,41.189,36.182,31.45
JO,JP,0.011253527083558198,136.251,35.764,36.182,31.45
JO,KR,0.008529998609198685,127.036,34.738,36.182,31.45
JO,MX,0.04254115712583939,-100.773,21.559,36.182,31.45
JO,MY,0.002901698566406752,101.67,2.751,36.182,31.45
JO,NL,0.006968761933444853,4.945,52.875,36.182,31.45
JO,NO,0.020852530174989874,8.132,63.44,36.182,31.45
JO,NZ,0.024711880018643717,175.062,-40.949,36.182,31.45
JO,PL,0.003174030043653483,17.38,53.213,36.182,31.45
JO,SE,0.017401701591904968,16.282,63.654,36.182,31.45
JO,TH,0.0044084938885825785,101.055,15.311,36.182,31.45
JO,TR,0.002747768299374721,31.238,39.049,36.182,31.45
JO,TW,0.006182166943219901,120.945,23.682,36.182,31.45
JO,US,0.0206294909743992,-99.818,37.615,36.182,31.45
JO,ZA,0.0031945220485956327,23.274,-30.622,36.182,31.45
JP,AE,0.01026192735590474,55.368,24.754,136.251,35.764
JP,AT,0.008452032489873208,16.843,48.085,136.251,35.764
JP,AU,0.0032376718013957416,144.154,-31.773,136.251,35.764
JP,BE,0.0035398269958048685,3.208,51.542,136.251,35.764
JP,BH,0.009334106939764048,50.58,26.1,136.251,35.764
JP,BR,0.012069927873601704,-41.076,-10.964,136.251,35.764
JP,CA,0.008641099698163674,-82.375,46.296,136.251,35.764
JP,CH,0.017278835637415654,7.299,47.384,136.251,35.764
JP,CL,0.01691811539551002,-70.155,-26.329,136.251,35.764
JP,DE,0.0030600467598406703,10.674,52.577,136.251,35.764
JP,DK,0.004903980488365899,10.241,55.6,136.251,35.764
JP,EG,0.005370800637376386,32.667,26.551,136.251,35.764
JP,ES,0.009262828993715055,-3.72,40.031,136.251,35.764
JP,FI,0.005804630564464635,24.52,65.563,136.251,35.764
JP,FR,0.005307437805250473,2.152,46.853,136.251,35.764
JP,GB,0.00443031958077248,-2.227,53.821,136.251,35.764
JP,GR,0.010233586073268146,22.79,37.756,136.251,35.764
JP,ID,0.0016626648240744832,118.0,-2.0,136.251,35.764
JP,IE,0.0024156397056063787,-8.248,52.679,136.251,35.764
JP,IL,0.010950082806480934,34.764,31.223,136.251,35.764
JP,IN,0.004643511875165678,76.129,19.557,136.251,35.764
JP,IT,0.012103931332852674,14.277,41.189,136.251,35.764
JP,KW,0.009302724609416075,47.71,28.89,136.251,35.764
JP,MX,0.01550122763442419,-100.773,21.559,136.251,35.764
JP,MY,0.0023807215930409516,101.67,2.751,136.251,35.764
JP,NL,0.0027252714480158397,4.945,52.875,136.251,35.764
JP,NO,0.010602482891158988,8.132,63.44,136.251,35.764
JP,NZ,0.014242348829184607,175.062,-40.949,136.251,35.764
JP,PL,0.006676264855229401,17.38,53.213,136.251,35.764
JP,SA,0.01450396731241557,38.795,31.62,136.251,35.764
JP,SE,0.007719933045002658,16.282,63.654,136.251,35.764
JP,TH,0.002797384922984335,101.055,15.311,136.251,35.764
JP,TR,0.006923142116276089,31.238,39.049,136.251,35.764
JP,US,0.006363349384553176,-99.818,37.615,136.251,35.764
JP,ZA,0.013596861433436667,23.274,-30.622,136.251,35.764
KE,AT,0.0051132301613639655,16.843,48.085,37.175,2.189
KE,AU,0.005412584720569955,144.154,-31.773,37.175,2.189
KE,BE,0.0027798150208297816,3.208,51.542,37.175,2.189
KE,BR,0.016933005629062463,-41.076,-10.964,37.175,2.189
KE,CA,0.008280851015173108,-82.375,46.296,37.175,2.189
KE,CH,0.012532035932017379,7.299,47.384,37.175,2.189
KE,CL,0.036910409643927174,-70.155,-26.329,37.175,2.189
KE,DE,0.0018088218194560511,10.674,52.577,37.175,2.189
KE,DK,0.003615785351004504,10.241,55.6,37.175,2.189
KE,EG,0.0018893294896757049,32.667,26.551,37.175,2.189
KE,ES,0.00631694697315199,-3.72,40.031,37.175,2.189
KE,FI,0.006838611231725823,24.52,65.563,37.175,2.189
KE,FR,0.0033166613169183603,2.152,46.853,37.175,2.189
KE,GB,0.003985365345808831,-2.227,53.821,37.175,2.189
KE,GR,0.004706449066427826,22.79,37.756,37.175,2.189
KE,ID,0.0015137230211042035,118.0,-2.0,37.175,2.189
KE,IE,0.0034364489707523135,-8.248,52.679,37.175,2.189
KE,IL,0.0029010797988313184,34.764,31.223,37.175,2.189
KE,IN,0.001564821822775419,76.129,19.557,37.175,2.189
KE,IT,0.005819680817879849,14.277,41.189,37.175,2.189
KE,JP,0.001974274141886135,136.251,35.764,37.175,2.189
KE,KR,0.001760701469639506,127.036,34.738,37.175,2.189
KE,KW,0.0017651341154778847,47.71,28.89,37.175,2.189
KE,MX,0.027557526657967273,-100.773,21.559,37.175,2.189
KE,NL,0.0022691370867519356,4.945,52.875,37.175,2.189
KE,NO,0.012480687654096212,8.132,63.44,37.175,2.189
KE,NZ,0.018129790061172015,175.062,-40.949,37.175,2.189
KE,PL,0.003555333382156641,17.38,53.213,37.175,2.189
KE,SA,0.0031078684725476774,38.795,31.62,37.175,2.189
KE,SE,0.00901899882697632,16.282,63.654,37.175,2.189
KE,TH,0.0015826739556206483,101.055,15.311,37.175,2.189
KE,TR,0.0025534312792595028,31.238,39.049,37.175,2.189
KE,TW,0.0016751866965675362,120.945,23.682,37.175,2.189
KE,US,0.013071799039249151,-99.818,37.615,37.175,2.189
KE,ZA,0.003383153648812829,23.274,-30.622,37.175,2.189
KH,AE,0.005404478052653478,55.368,24.754,106.073,11.074
KH,AT,0.008980038934029542,16.843,48.085,106.073,11.074
KH,AU,0.006323485484966674,144.154,-31.773,106.073,11.074
KH,BE,0.004733145994900344,3.208,51.542,106.073,11.074
KH,BH,0.005367428314142859,50.58,26.1,106.073,11.074
KH,BR,0.018116579481411703,-41.076,-10.964,106.073,11.074
KH,CA,0.012168744768813206,-82.375,46.296,106.073,11.074
KH,CH,0.01771116532598672,7.299,47.384,106.073,11.074
KH,CL,0.03413868488588046,-70.155,-26.329,106.073,11.074
KH,DE,0.0038576115228371975,10.674,52.577,106.073,11.074
KH,DK,0.007322970600332848,10.241,55.6,106.073,11.074
KH,EG,0.004448713562696027,32.667,26.551,106.073,11.074
KH,ES,0.010769182992027304,-3.72,40.031,106.073,11.074
KH,FI,0.009533905422851116,24.52,65.563,106.073,11.074
KH,FR,0.006317354563421734,2.152,46.853,106.073,11.074
KH,GB,0.006391821717496303,-2.227,53.821,106.073,11.074
KH,GR,0.009885013643056289,22.79,37.756,106.073,11.074
KH,IE,0.0038120406849901515,-8.248,52.679,106.073,11.074
KH,IL,0.007942743829685435,34.764,31.223,106.073,11.074
KH,IN,0.0035573313619537126,76.129,19.557,106.073,11.074
KH,IT,0.01100786806561289,14.277,41.189,106.073,11.074
KH,JP,0.0033743098262971486,136.251,35.764,106.073,11.074
KH,KR,0.001876082641733475,127.036,34.738,106.073,11.074
KH,KW,0.005380321262369366,47.71,28.89,106.073,11.074
KH,MX,0.028987039644226133,-100.773,21.559,106.073,11.074
KH,NL,0.004702050461346393,4.945,52.875,106.073,11.074
KH,NO,0.016654714244778643,8.132,63.44,106.073,11.074
KH,NZ,0.02284967958166174,175.062,-40.949,106.073,11.074
KH,PL,0.006353592906772587,17.38,53.213,106.073,11.074
KH,SA,0.009785702994781716,38.795,31.62,106.073,11.074
KH,SE,0.012715920663653223,16.282,63.654,106.073,11.074
KH,TR,0.006285617884923461,31.238,39.049,106.073,11.074
KH,US,0.011921308378200358,-99.818,37.615,106.073,11.074
KH,ZA,0.013211075372059141,23.274,-30.622,106.073,11.074
KR,AE,0.009839206685109885,55.368,24.754,127.036,34.738
KR,AT,0.008856928588340965,16.843,48.085,127.036,34.738
KR,AU,0.004090328029052296,144.154,-31.773,127.036,34.738
KR,BE,0.003867532118939848,3.208,51.542,127.036,34.738
KR,BH,0.00889433073988941,50.58,26.1,127.036,34.738
KR,BR,0.014204869130689505,-41.076,-10.964,127.036,34.738
KR,CA,0.00847270818816171,-82.375,46.296,127.036,34.738
KR,CH,0.01841324912952936,7.299,47.384,127.036,34.738
KR,CL,0.01906028469140138,-70.155,-26.329,127.036,34.738
KR,DE,0.00336966776037399,10.674,52.577,127.036,34.738
KR,DK,0.005454725722167989,10.241,55.6,127.036,34.738
KR,EG,0.005275000029278659,32.667,26.551,127.036,34.738
KR,ES,0.009764743960721425,-3.72,40.031,127.036,34.738
KR,FI,0.0063061231461886535,24.52,65.563,127.036,34.738
KR,FR,0.005296622801121821,2.152,46.853,127.036,34.738
KR,GB,0.004705523076358953,-2.227,53.821,127.036,34.738
KR,GR,0.010404330390617243,22.79,37.756,127.036,34.738
KR,ID,0.002306927622946059,118.0,-2.0,127.036,34.738
KR,IE,0.002951787924041271,-8.248,52.679,127.036,34.738
KR,IL,0.010681609340976256,34.764,31.223,127.036,34.738
KR,IN,0.004421758955827004,76.129,19.557,127.036,34.738
KR,IT,0.012041569210667435,14.277,41.189,127.036,34.738
KR,JP,0.002414838557383122,136.251,35.764,127.036,34.738
KR,KW,0.008842861731364575,47.71,28.89,127.036,34.738
KR,MX,0.01565899680949848,-100.773,21.559,127.036,34.738
KR,MY,0.0026302703341898855,101.67,2.751,127.036,34.738
KR,NL,0.002807492540403742,4.945,52.875,127.036,34.738
KR,NO,0.011347026737538176,8.132,63.44,127.036,34.738
KR,NZ,0.015586761280919627,175.062,-40.949,127.036,34.738
KR,PL,0.007166134781049417,17.38,53.213,127.036,34.738
KR,SA,0.013914874113570362,38.795,31.62,127.036,34.738
KR,SE,0.00892525454214611,16.282,63.654,127.036,34.738
KR,TH,0.002653119618632399,101.055,15.311,127.036,34.738
KR,TR,0.006750950075813749,31.238,39.049,127.036,34.738
KR,TW,0.0020229744860212054,120.945,23.682,127.036,34.738
KR,US,0.006280820025587451,-99.818,37.615,127.036,34.738
KR,ZA,0.013440820424831149,23.274,-30.622,127.036,34.738
KW,AT,0.005928616905431475,16.843,48.085,47.71,28.89
KW,AU,0.01101948270580141,144.154,-31.773,47.71,28.89
KW,BE,0.005287573868689345,3.208,51.542,47.71,28.89
KW,BR,0.01782363331618591,-41.076,-10.964,47.71,28.89
KW,CA,0.012149398385660837,-82.375,46.296,47.71,28.89
KW,CH,0.007800231467925765,7.299,47.384,47.71,28.89
KW,CL,0.04608007268976964,-70.155,-26.329,47.71,28.89
KW,CN,0.0022910506002548803,108.792,38.61,47.71,28.89
KW,DE,0.004120105977334387,10.674,52.577,47.71,28.89
KW,DK,0.010088611138883638,10.241,55.6,47.71,28.89
KW,EG,0.002265964423167006,32.667,26.551,47.71,28.89
KW,ES,0.0076234433258614035,-3.72,40.031,47.71,28.89
KW,FI,0.013600018287329022,24.52,65.563,47.71,28.89
KW,FR,0.005529934892118203,2.152,46.853,47.71,28.89
KW,GB,0.007928330061943855,-2.227,53.821,47.71,28.89
KW,GR,0.004765612155935211,22.79,37.756,47.71,28.89
KW,ID,0.004903049211410477,118.0,-2.0,47.71,28.89
KW,IE,0.005113961158475772,-8.248,52.679,47.71,28.89
KW,IN,0.00480032086306302,76.129,19.557,47.71,28.89
KW,IT,0.003632075275371889,14.277,41.189,47.71,28.89
KW,JP,0.010918338221600737,136.251,35.764,47.71,28.89
KW,KR,0.008215173507698324,127.036,34.738,47.71,28.89
KW,MX,0.041071417440956055,-100.773,21.559,47.71,28.89
KW,MY,0.0024972508322210056,101.67,2.751,47.71,28.89
KW,NL,0.006879894251295844,4.945,52.875,47.71,28.89
KW,NO,0.02184825213359642,8.132,63.44,47.71,28.89
KW,NZ,0.026349993268719698,175.062,-40.949,47.71,28.89
KW,PL,0.0037735878519266804,17.38,53.213,47.71,28.89
KW,SE,0.017363659924293187,16.282,63.654,47.71,28.89
KW,TH,0.003991395187256711,101.055,15.311,47.71,28.89
KW,TR,0.00303371706875366,31.238,39.049,47.71,28.89
KW,TW,0.005978645110893683,120.945,23.682,47.71,28.89
KW,US,0.01971114627254064,-99.818,37.615,47.71,28.89
KW,ZA,0.005019496346519373,23.274,-30.622,47.71,28.89
KZ,AT,0.006935534958361971,16.843,48.085,70.822,42.713
KZ,AU,0.008058835992000295,144.154,-31.773,70.822,42.713
KZ,BE,0.004415599691646161,3.208,51.542,70.822,42.713
KZ,BH,0.0016029061407644395,50.58,26.1,70.822,42.713
KZ,BR,0.02125886796692103,-41.076,-10.964,70.822,42.713
KZ,CA,0.01055178484624195,-82.375,46.296,70.822,42.713
KZ,CH,0.01526378005531107,7.299,47.384,70.822,42.713
KZ,CL,0.044456425575237206,-70.155,-26.329,70.822,42.713
KZ,DE,0.002835451174562955,10.674,52.577,70.822,42.713
KZ,DK,0.006453714851005993,10.241,55.6,70.822,42.713
KZ,EG,0.0032465265982718865,32.667,26.551,70.822,42.713
KZ,ES,0.01020899516749952,-3.72,40.031,70.822,42.713
KZ,FI,0.009748665766148959,24.52,65.563,70.822,42.713
KZ,FR,0.00573041811267788,2.152,46.853,70.822,42.713
KZ,GB,0.0064732146053877735,-2.227,53.821,70.822,42.713
KZ,GR,0.006888523854418407,22.79,37.756,70.822,42.713
KZ,ID,0.0025519216001437125,118.0,-2.0,70.822,42.713
KZ,IE,0.0048073388315273925,-8.248,52.679,70.822,42.713
KZ,IL,0.0036388483224305793,34.764,31.223,70.822,42.713
KZ,IN,0.0030537890290925555,76.129,19.557,70.822,42.713
KZ,IT,0.00736633556598621,14.277,41.189,70.822,42.713
KZ,JP,0.005008227067714186,136.251,35.764,70.822,42.713
KZ,KR,0.003972917935550432,127.036,34.738,70.822,42.713
KZ,KW,0.0017213562852566957,47.71,28.89,70.822,42.713
KZ,MX,0.035227122822194146,-100.773,21.559,70.822,42.713
KZ,MY,0.0015331311227927942,101.67,2.751,70.822,42.713
KZ,NL,0.0038733722002608963,4.945,52.875,70.822,42.713
KZ,NO,0.017700865678942995,8.132,63.44,70.822,42.713
KZ,NZ,0.02514117899162407,175.062,-40.949,70.822,42.713
KZ,PL,0.004284303612845035,17.38,53.213,70.822,42.713
KZ,SA,0.004238594851843334,38.795,31.62,70.822,42.713
KZ,SE,0.012519221443499262,16.282,63.654,70.822,42.713
KZ,TH,0.0023041673362626802,101.055,15.311,70.822,42.713
KZ,TR,0.003954672056896624,31.238,39.049,70.822,42.713
KZ,TW,0.0030001148904209244,120.945,23.682,70.822,42.713
KZ,US,0.016275098568053946,-99.818,37.615,70.822,42.713
KZ,ZA,0.008735127229767967,23.274,-30.622,70.822,42.713
LC,AE,0.007810835398142337,55.368,24.754,-60.961,13.738
LC,AT,0.007586422303944955,16.843,48.085,-60.961,13.738
LC,AU,0.011256081075447913,144.154,-31.773,-60.961,13.738
LC,BE,0.006916300796496988,3.208,51.542,-60.961,13.738
LC,BH,0.006449110994556236,50.58,26.1,-60.961,13.738
LC,CA,0.006020469507824526,-82.375,46.296,-60.961,13.738
LC,CH,0.003901348525459316,7.299,47.384,-60.961,13.738
LC,CL,0.0031507374482062137,-70.155,-26.329,-60.961,13.738
LC,CN,0.0049092574764552,108.792,38.61,-60.961,13.738
LC,DE,0.005928091635390552,10.674,52.577,-60.961,13.738
LC,DK,0.012414594800704896,10.241,55.6,-60.961,13.738
LC,EG,0.004511922727101693,32.667,26.551,-60.961,13.738
LC,ES,0.004798307154534293,-3.72,40.031,-60.961,13.738
LC,FI,0.010080307517619133,24.52,65.563,-60.961,13.738
LC,FR,0.006413607893601699,2.152,46.853,-60.961,13.738
LC,GB,0.008365979727889284,-2.227,53.821,-60.961,13.738
LC,GR,0.006586932089642825,22.79,37.756,-60.961,13.738
LC,ID,0.012828174094891556,118.0,-2.0,-60.961,13.738
LC,IE,0.0035732450284693454,-8.248,52.679,-60.961,13.738
LC,IL,0.005149465832528828,34.764,31.223,-60.961,13.738
LC,IN,0.006837559809399907,76.129,19.557,-60.961,13.738
LC,IT,0.005213924946067585,14.277,41.189,-60.961,13.738
LC,JP,0.022415129024653906,136.251,35.764,-60.961,13.738
LC,KR,0.01796780950509403,127.036,34.738,-60.961,13.738
LC,KW,0.006486480028017427,47.71,28.89,-60.961,13.738
LC,MX,0.008854005929746635,-100.773,21.559,-60.961,13.738
LC,MY,0.00832614910871865,101.67,2.751,-60.961,13.738
LC,NL,0.0075133983617611325,4.945,52.875,-60.961,13.738
LC,NO,0.01589048438182763,8.132,63.44,-60.961,13.738
LC,NZ,0.009989472829195628,175.062,-40.949,-60.961,13.738
LC,PL,0.00671592814506168,17.38,53.213,-60.961,13.738
LC,SA,0.007486500223425835,38.795,31.62,-60.961,13.738
LC,SE,0.013045289943798789,16.282,63.654,-60.961,13.738
LC,TH,0.009517138954814118,101.055,15.311,-60.961,13.738
LC,TR,0.005795144081624185,31.238,39.049,-60.961,13.738
LC,TW,0.014244458220835617,120.945,23.682,-60.961,13.738
LC,US,0.0045690698432499345,-99.818,37.615,-60.961,13.738
LC,ZA,0.005181963450420928,23.274,-30.622,-60.961,13.738
LK,AE,0.002518801337808457,55.368,24.754,80.175,7.45
LK,AT,0.004667741145860602,16.843,48.085,80.175,7.45
LK,AU,0.004394240249918885,144.154,-31.773,80.175,7.45
LK,BE,0.0027950960631280995,3.208,51.542,80.175,7.45
LK,BH,0.0025092311974322097,50.58,26.1,80.175,7.45
LK,BR,0.014464113768851853,-41.076,-10.964,80.175,7.45
LK,CA,0.009666997064937946,-82.375,46.296,80.175,7.45
LK,CH,0.009983149507197713,7.299,47.384,80.175,7.45
LK,CL,0.027733065443254917,-70.155,-26.329,80.175,7.45
LK,DE,0.0022611484435657485,10.674,52.577,80.175,7.45
LK,DK,0.004021352348472273,10.241,55.6,80.175,7.45
LK,EG,0.003182898545588614,32.667,26.551,80.175,7.45
LK,ES,0.00827379852593482,-3.72,40.031,80.175,7.45
LK,FI,0.0052599572581489215,24.52,65.563,80.175,7.45
LK,FR,0.004413366557977915,2.152,46.853,80.175,7.45
LK,GB,0.004888187514458518,-2.227,53.821,80.175,7.45
LK,GR,0.005206308436818597,22.79,37.756,80.175,7.45
LK,ID,0.003025896455958335,118.0,-2.0,80.175,7.45
LK,IE,0.0015606118839826273,-8.248,52.679,80.175,7.45
LK,IL,0.0035810437676439657,34.764,31.223,80.175,7.45
LK,IT,0.005684733353599074,14.277,41.189,80.175,7.45
LK,JP,0.00439532186354303,136.251,35.764,80.175,7.45
LK,KR,0.003913424304949621,127.036,34.738,80.175,7.45
LK,KW,0.0023524178667521547,47.71,28.89,80.175,7.45
LK,MX,0.01792947785680918,-100.773,21.559,80.175,7.45
LK,MY,0.001999964053072759,101.67,2.751,80.175,7.45
LK,NL,0.002923362441039065,4.945,52.875,80.175,7.45
LK,NO,0.01165948844235117,8.132,63.44,80.175,7.45
LK,NZ,0.015948367246468607,175.062,-40.949,80.175,7.45
LK,PL,0.0032886861093618797,17.38,53.213,80.175,7.45
LK,SA,0.004782436306885901,38.795,31.62,80.175,7.45
LK,SE,0.007881676205606489,16.282,63.654,80.175,7.45
LK,TH,0.0021570823072223377,101.055,15.311,80.175,7.45
LK,TR,0.0033197432435765084,31.238,39.049,80.175,7.45
LK,TW,0.0030962192486339957,120.945,23.682,80.175,7.45
LK,US,0.0054233722940235105,-99.818,37.615,80.175,7.45
LK,ZA,0.009981874056879567,23.274,-30.622,80.175,7.45
LY,AT,0.004290093229500612,16.843,48.085,17.0,27.0
LY,AU,0.006461633505338157,144.154,-31.773,17.0,27.0
LY,BE,0.0035557627661772203,3.208,51.542,17.0,27.0
LY,BR,0.009012669976132546,-41.076,-10.964,17.0,27.0
LY,CA,0.00585845334770575,-82.375,46.296,17.0,27.0
LY,CH,0.005535622889664653,7.299,47.384,17.0,27.0
LY,CL,0.02275192295042057,-70.155,-26.329,17.0,27.0
LY,DE,0.0027742270227491764,10.674,52.577,17.0,27.0
LY,DK,0.0063970954234536465,10.241,55.6,17.0,27.0
LY,ES,0.003911525487211796,-3.72,40.031,17.0,27.0
LY,FI,0.008152035369992126,24.52,65.563,17.0,27.0
LY,FR,0.003453911598923262,2.152,46.853,17.0,27.0
LY,GB,0.004533881746957912,-2.227,53.821,17.0,27.0
LY,GR,0.003711529885347612,22.79,37.756,17.0,27.0
LY,ID,0.0030766926447076703,118.0,-2.0,17.0,27.0
LY,IE,0.0030406151271600425,-8.248,52.679,17.0,27.0
LY,IL,0.0015799560888491394,34.764,31.223,17.0,27.0
LY,IN,0.0036416386589183973,76.129,19.557,17.0,27.0
LY,IT,0.003399896071327381,14.277,41.189,17.0,27.0
LY,JP,0.007204664111037725,136.251,35.764,17.0,27.0
LY,KR,0.005237436661673534,127.036,34.738,17.0,27.0
LY,MX,0.021830990934148257,-100.773,21.559,17.0,27.0
LY,MY,0.0017290855968508292,101.67,2.751,17.0,27.0
LY,NL,0.004248808642451384,4.945,52.875,17.0,27.0
LY,NO,0.01198712936177707,8.132,63.44,17.0,27.0
LY,NZ,0.013892732037667242,175.062,-40.949,17.0,27.0
LY,PL,0.0031278754146876384,17.38,53.213,17.0,27.0
LY,SA,0.0018236686939209705,38.795,31.62,17.0,27.0
LY,SE,0.010196259162514565,16.282,63.654,17.0,27.0
LY,TH,0.0025073675371248506,101.055,15.311,17.0,27.0
LY,TR,0.002293205679921495,31.238,39.049,17.0,27.0
LY,TW,0.0035521084066649686,120.945,23.682,17.0,27.0
LY,US,0.009564967942859534,-99.818,37.615,17.0,27.0
LY,ZA,0.002342457729987317,23.274,-30.622,17.0,27.0
MA,AE,0.0018349096216870597,55.368,24.754,-6.047,33.791
MA,AT,0.0042760598938725155,16.843,48.085,-6.047,33.791
MA,AU,0.008605440479500147,144.154,-31.773,-6.047,33.791
MA,BE,0.00417448341661896,3.208,51.542,-6.047,33.791
MA,BR,0.007013915356162,-41.076,-10.964,-6.047,33.791
MA,CA,0.008267417010639782,-82.375,46.296,-6.047,33.791
MA,CL,0.026723717015192983,-70.155,-26.329,-6.047,33.791
MA,CN,0.0024546362406364544,108.792,38.61,-6.047,33.791
MA,DE,0.0035158058587297873,10.674,52.577,-6.047,33.791
MA,DK,0.008482752781682545,10.241,55.6,-6.047,33.791
MA,EG,0.001880231131217623,32.667,26.551,-6.047,33.791
MA,ES,0.002064205025063439,-3.72,40.031,-6.047,33.791
MA,FI,0.012239961847730671,24.52,65.563,-6.047,33.791
MA,FR,0.0036381234708754455,2.152,46.853,-6.047,33.791
MA,GB,0.005553731808692919,-2.227,53.821,-6.047,33.791
MA,GR,0.0033190840972460033,22.79,37.756,-6.047,33.791
MA,ID,0.004194907590745268,118.0,-2.0,-6.047,33.791
MA,IE,0.003558151637997196,-8.248,52.679,-6.047,33.791
MA,IN,0.005755003119809995,76.129,19.557,-6.047,33.791
MA,JP,0.00979709716790532,136.251,35.764,-6.047,33.791
MA,KR,0.006986428064565924,127.036,34.738,-6.047,33.791
MA,MX,0.029022538087993804,-100.773,21.559,-6.047,33.791
MA,MY,0.0025888319368953723,101.67,2.751,-6.047,33.791
MA,NL,0.006206733227231795,4.945,52.875,-6.047,33.791
MA,NO,0.01730820777300338,8.132,63.44,-6.047,33.791
MA,NZ,0.015544711185894547,175.062,-40.949,-6.047,33.791
MA,PL,0.0028880649792538252,17.38,53.213,-6.047,33.791
MA,SE,0.014850752702517114,16.282,63.654,-6.047,33.791
MA,TH,0.003733433838091871,101.055,15.311,-6.047,33.791
MA,TR,0.0027479435432544923,31.238,39.049,-6.047,33.791
MA,TW,0.005214617612496067,120.945,23.682,-6.047,33.791
MA,US,0.016737796593913626,-99.818,37.615,-6.047,33.791
MG,AT,0.005101966131806387,16.843,48.085,47.445,-19.489
MG,AU,0.00740469530587588,144.154,-31.773,47.445,-19.489
MG,BE,0.0036515885389255976,3.208,51.542,47.445,-19.489
MG,BR,0.01712150388242595,-41.076,-10.964,47.445,-19.489
MG,CA,0.009540562966645887,-82.375,46.296,47.445,-19.489
MG,CH,0.010355124651855405,7.299,47.384,47.445,-19.489
MG,CL,0.037670736934871225,-70.155,-26.329,47.445,-19.489
MG,CN,0.002429495976485637,108.792,38.61,47.445,-19.489
MG,DE,0.0027652463602273122,10.674,52.577,47.445,-19.489
MG,DK,0.005708618361840206,10.241,55.6,47.445,-19.489
MG,EG,0.002539460306492857,32.667,26.551,47.445,-19.489
MG,ES,0.007350479934114499,-3.72,40.031,47.445,-19.489
MG,FI,0.008011957114048007,24.52,65.563,47.445,-19.489
MG,FR,0.004254442922080076,2.152,46.853,47.445,-19.489
MG,GB,0.005565723979768667,-2.227,53.821,47.445,-19.489
MG,GR,0.004800390116674851,22.79,37.756,47.445,-19.489
MG,ID,0.005136442839901054,118.0,-2.0,47.445,-19.489
MG,IE,0.0037178164528263486,-8.248,52.679,47.445,-19.489
MG,IL,0.001950475182328528,34.764,31.223,47.445,-19.489
MG,IN,0.0028519296895370447,76.129,19.557,47.445,-19.489
MG,IT,0.004836160685169222,14.277,41.189,47.445,-19.489
MG,JP,0.007425386974217125,136.251,35.764,47.445,-19.489
MG,KR,0.006528748058758678,127.036,34.738,47.445,-19.489
MG,KW,0.0016351850159966133,47.71,28.89,47.445,-19.489
MG,MX,0.028287460849576954,-100.773,21.559,47.445,-19.489
MG,MY,0.0033593479356958376,101.67,2.751,47.445,-19.489
MG,NL,0.003866430861707101,4.945,52.875,47.445,-19.489
MG,NO,0.01416775407473577,8.132,63.44,47.445,-19.489
MG,NZ,0.02009446441234677,175.062,-40.949,47.445,-19.489
MG,PL,0.0035273217719258287,17.38,53.213,47.445,-19.489
MG,SA,0.0021679966472793596,38.795,31.62,47.445,-19.489
MG,SE,0.010618132047907496,16.282,63.654,47.445,-19.489
MG,TH,0.004358788770686599,101.055,15.311,47.445,-19.489
MG,TR,0.002781509035001533,31.238,39.049,47.445,-19.489
MG,TW,0.005565840260230918,120.945,23.682,47.445,-19.489
MG,US,0.012091386747977278,-99.818,37.615,47.445,-19.489
MG,ZA,0.00493834319772071,23.274,-30.622,47.445,-19.489
MM,AE,0.003694593395636097,55.368,24.754,94.8,20.2
MM,AT,0.009994341717076246,16.843,48.085,94.8,20.2
MM,AU,0.0063105123426457615,144.154,-31.773,94.8,20.2
MM,BE,0.005199172410530372,3.208,51.542,94.8,20.2
MM,BH,0.003977335619694369,50.58,26.1,94.8,20.2
MM,BR,0.020338099258967506,-41.076,-10.964,94.8,20.2
MM,CA,0.010231394727032064,-82.375,46.296,94.8,20.2
MM,CH,0.02171979849138019,7.299,47.384,94.8,20.2
MM,CL,0.031798495471329354,-70.155,-26.329,94.8,20.2
MM,DE,0.0039053656837439955,10.674,52.577,94.8,20.2
MM,DK,0.006860820962916438,10.241,55.6,94.8,20.2
MM,EG,0.004435576564367667,32.667,26.551,94.8,20.2
MM,ES,0.012140700843129822,-3.72,40.031,94.8,20.2
MM,FI,0.00819985976167578,24.52,65.563,94.8,20.2
MM,FR,0.006509826055246777,2.152,46.853,94.8,20.2
MM,GB,0.006376536772693821,-2.227,53.821,94.8,20.2
MM,GR,0.010369116920271648,22.79,37.756,94.8,20.2
MM,IE,0.0044237680034196775,-8.248,52.679,94.8,20.2
MM,IL,0.007728469662810366,34.764,31.223,94.8,20.2
MM,IN,0.002786326489877924,76.129,19.557,94.8,20.2
MM,IT,0.012352248137773669,14.277,41.189,94.8,20.2
MM,JP,0.0045406048787623695,136.251,35.764,94.8,20.2
MM,KR,0.0029469024605102275,127.036,34.738,94.8,20.2
MM,KW,0.004457927309825272,47.71,28.89,94.8,20.2
MM,MX,0.024297600755740167,-100.773,21.559,94.8,20.2
MM,NL,0.003924957619405055,4.945,52.875,94.8,20.2
MM,NO,0.014851188462641421,8.132,63.44,94.8,20.2
MM,NZ,0.022154804116019354,175.062,-40.949,94.8,20.2
MM,PL,0.007180385051123486,17.38,53.213,94.8,20.2
MM,SA,0.008919733401788768,38.795,31.62,94.8,20.2
MM,SE,0.01158143593365562,16.282,63.654,94.8,20.2
MM,TR,0.005947543148949988,31.238,39.049,94.8,20.2
MM,TW,0.0016267198583052394,120.945,23.682,94.8,20.2
MM,US,0.010354291018560011,-99.818,37.615,94.8,20.2
MM,ZA,0.012228603206534055,23.274,-30.622,94.8,20.2
MN,AE,0.006129083574134643,55.368,24.754,107.746,47.28
MN,AT,0.006690880474633329,16.843,48.085,107.746,47.28
MN,AU,0.003642396233227451,144.154,-31.773,107.746,47.28
MN,BE,0.003301514853990136,3.208,51.542,107.746,47.28
MN,BH,0.005921696165546146,50.58,26.1,107.746,47.28
MN,BR,0.012339982556890625,-41.076,-10.964,107.746,47.28
MN,CA,0.007002997479107232,-82.375,46.296,107.746,47.28
MN,CH,0.014325116750486326,7.299,47.384,107.746,47.28
MN,CL,0.015680206729483316,-70.155,-26.329,107.746,47.28
MN,DE,0.0026970462505078855,10.674,52.577,107.746,47.28
MN,DK,0.0041229605136460295,10.241,55.6,107.746,47.28
MN,EG,0.003989546501646188,32.667,26.551,107.746,47.28
MN,ES,0.007839619455393165,-3.72,40.031,107.746,47.28
MN,FI,0.004253193298178343,24.52,65.563,107.746,47.28
MN,FR,0.0043831930495998195,2.152,46.853,107.746,47.28
MN,GB,0.004219891921514492,-2.227,53.821,107.746,47.28
MN,GR,0.007576805219875846,22.79,37.756,107.746,47.28
MN,ID,0.002943008667342774,118.0,-2.0,107.746,47.28
MN,IE,0.0022480922868766554,-8.248,52.679,107.746,47.28
MN,IL,0.00688839062268828,34.764,31.223,107.746,47.28
MN,IN,0.002568874604207002,76.129,19.557,107.746,47.28
MN,IT,0.008937583412705685,14.277,41.189,107.746,47.28
MN,JP,0.003663540803917025,136.251,35.764,107.746,47.28
MN,KR,0.0029713784724357296,127.036,34.738,107.746,47.28
MN,KW,0.005894918079957367,47.71,28.89,107.746,47.28
MN,MX,0.01162117433443971,-100.773,21.559,107.746,47.28
MN,MY,0.002592402265727556,101.67,2.751,107.746,47.28
MN,NL,0.0023230034170013455,4.945,52.875,107.746,47.28
MN,NO,0.007774286435914494,8.132,63.44,107.746,47.28
MN,NZ,0.012009620462528953,175.062,-40.949,107.746,47.28
MN,PL,0.005105219120053556,17.38,53.213,107.746,47.28
MN,SA,0.009125059474933844,38.795,31.62,107.746,47.28
MN,SE,0.006438684305425532,16.282,63.654,107.746,47.28
MN,TH,0.0026471386480713976,101.055,15.311,107.746,47.28
MN,TR,0.004795465468448628,31.238,39.049,107.746,47.28
MN,TW,0.002604621806833956,120.945,23.682,107.746,47.28
MN,US,0.003728675253391326,-99.818,37.615,107.746,47.28
MN,ZA,0.01094012402748333,23.274,-30.622,107.746,47.28
MR,AE,0.0019148639996509817,55.368,24.754,-15.984,18.059
MR,AT,0.004291397098442048,16.843,48.085,-15.984,18.059
MR,AU,0.008115716333481364,144.154,-31.773,-15.984,18.059
MR,BE,0.0036583264929653646,3.208,51.542,-15.984,18.059
MR,BH,0.0015850483334486475,50.58,26.1,-15.984,18.059
MR,BR,0.006571803861003776,-41.076,-10.964,-15.984,18.059
MR,CA,0.00648922512417116,-82.375,46.296,-15.984,18.059
MR,CH,0.0027010874997846607,7.299,47.384,-15.984,18.059
MR,CL,0.02025865830444892,-70.155,-26.329,-15.984,18.059
MR,CN,0.0019853179608877868,108.792,38.61,-15.984,18.059
MR,DE,0.0036098472985258683,10.674,52.577,-15.984,18.059
MR,DK,0.007149943760725401,10.241,55.6,-15.984,18.059
MR,EG,0.002225395614593852,32.667,26.551,-15.984,18.059
MR,ES,0.002714707363547198,-3.72,40.031,-15.984,18.059
MR,FI,0.009774441791729276,24.52,65.563,-15.984,18.059
MR,FR,0.003105529449051899,2.152,46.853,-15.984,18.059
MR,GB,0.004994978987110228,-2.227,53.821,-15.984,18.059
MR,GR,0.003045194738578676,22.79,37.756,-15.984,18.059
MR,ID,0.0034494184356374494,118.0,-2.0,-15.984,18.059
MR,IE,0.003136172079094707,-8.248,52.679,-15.984,18.059
MR,IL,0.0016718507447896344,34.764,31.223,-15.984,18.059
MR,IN,0.005565115735908598,76.129,19.557,-15.984,18.059
MR,IT,0.0025470065683442116,14.277,41.189,-15.984,18.059
MR,JP,0.008967172772943087,136.251,35.764,-15.984,18.059
MR,KR,0.005701060668374004,127.036,34.738,-15.984,18.059
MR,KW,0.0017856746980588378,47.71,28.89,-15.984,18.059
MR,MX,0.022635951624426363,-100.773,21.559,-15.984,18.059
MR,MY,0.0019273901465161225,101.67,2.751,-15.984,18.059
MR,NL,0.0052410592591278105,4.945,52.875,-15.984,18.059
MR,NO,0.01415178681421172,8.132,63.44,-15.984,18.059
MR,NZ,0.012826559775232813,175.062,-40.949,-15.984,18.059
MR,PL,0.0028476330942380237,17.38,53.213,-15.984,18.059
MR,SA,0.0021023426114005522,38.795,31.62,-15.984,18.059
MR,SE,0.011363436835775004,16.282,63.654,-15.984,18.059
MR,TH,0.002804141142627873,101.055,15.311,-15.984,18.059
MR,TR,0.0030584696925119222,31.238,39.049,-15.984,18.059
MR,TW,0.004586963396466103,120.945,23.682,-15.984,18.059
MR,US,0.01333268836787361,-99.818,37.615,-15.984,18.059
MR,ZA,0.0018954997313342264,23.274,-30.622,-15.984,18.059
MU,AT,0.005871890635070158,16.843,48.085,57.579,-20.212
MU,AU,0.008438573609068821,144.154,-31.773,57.579,-20.212
MU,BE,0.004118466352427735,3.208,51.542,57.579,-20.212
MU,BR,0.019262020455440048,-41.076,-10.964,57.579,-20.212
MU,CA,0.010876148503456062,-82.375,46.296,57.579,-20.212
MU,CH,0.011597020163127518,7.299,47.384,57.579,-20.212
MU,CL,0.04302407527857558,-70.155,-26.329,57.579,-20.212
MU,CN,0.0017990679733841674,108.792,38.61,57.579,-20.212
MU,DE,0.003108884826699398,10.674,52.577,57.579,-20.212
MU,DK,0.006438013101244998,10.241,55.6,57.579,-20.212
MU,EG,0.0024749103237560422,32.667,26.551,57.579,-20.212
MU,ES,0.008080391871191007,-3.72,40.031,57.579,-20.212
MU,FI,0.009158605680267043,24.52,65.563,57.579,-20.212
MU,FR,0.0047481661565063425,2.152,46.853,57.579,-20.212
MU,GB,0.006226959048386207,-2.227,53.821,57.579,-20.212
MU,GR,0.005190954538484244,22.79,37.756,57.579,-20.212
MU,ID,0.003939628918693125,118.0,-2.0,57.579,-20.212
MU,IE,0.004078468385456468,-8.248,52.679,57.579,-20.212
MU,IL,0.0020264751390597214,34.764,31.223,57.579,-20.212
MU,IN,0.002558352429300256,76.129,19.557,57.579,-20.212
MU,IT,0.005468406250155455,14.277,41.189,57.579,-20.212
MU,JP,0.007291142905761772,136.251,35.764,57.579,-20.212
MU,KR,0.005864368536816953,127.036,34.738,57.579,-20.212
MU,MX,0.03299304167317658,-100.773,21.559,57.579,-20.212
MU,MY,0.0020493482321305694,101.67,2.751,57.579,-20.212
MU,NL,0.004548851700342993,4.945,52.875,57.579,-20.212
MU,NO,0.016285313815470378,8.132,63.44,57.579,-20.212
MU,NZ,0.022484391351743037,175.062,-40.949,57.579,-20.212
MU,PL,0.003880298330875207,17.38,53.213,57.579,-20.212
MU,SA,0.0019361430872012924,38.795,31.62,57.579,-20.212
MU,SE,0.011909930458819684,16.282,63.654,57.579,-20.212
MU,TH,0.003025619388502707,101.055,15.311,57.579,-20.212
MU,TR,0.003095323620848591,31.238,39.049,57.579,-20.212
MU,TW,0.004593349934891532,120.945,23.682,57.579,-20.212
MU,US,0.013927893191504184,-99.818,37.615,57.579,-20.212
MU,ZA,0.005059756687375856,23.274,-30.622,57.579,-20.212
MX,AE,0.003607837683788067,55.368,24.754,-100.773,21.559
MX,AT,0.0038835454796944265,16.843,48.085,-100.773,21.559
MX,AU,0.0065599711028847445,144.154,-31.773,-100.773,21.559
MX,BE,0.003676503760620667,3.208,51.542,-100.773,21.559
MX,BH,0.002721802142553546,50.58,26.1,-100.773,21.559
MX,BR,0.0040394457070664835,-41.076,-10.964,-100.773,21.559
MX,CA,0.0036019113150402198,-82.375,46.296,-100.773,21.559
MX,CH,0.004151740885829786,7.299,47.384,-100.773,21.559
MX,CL,0.005242987748848452,-70.155,-26.329,-100.773,21.559
MX,CN,0.004323264518178509,108.792,38.61,-100.773,21.559
MX,DE,0.003015683439923718,10.674,52.577,-100.773,21.559
MX,DK,0.005393165667456307,10.241,55.6,-100.773,21.559
MX,EG,0.0030392429227510654,32.667,26.551,-100.773,21.559
MX,ES,0.0037625007136826904,-3.72,40.031,-100.773,21.559
MX,FI,0.004097115176219701,24.52,65.563,-100.773,21.559
MX,FR,0.003428849007710323,2.152,46.853,-100.773,21.559
MX,GB,0.004787506598208563,-2.227,53.821,-100.773,21.559
MX,GR,0.00335480965710263,22.79,37.756,-100.773,21.559
MX,ID,0.010616703086563,118.0,-2.0,-100.773,21.559
MX,IE,0.0023050741279810965,-8.248,52.679,-100.773,21.559
MX,IL,0.0022679667866684536,34.764,31.223,-100.773,21.559
MX,IN,0.003632889676381763,76.129,19.557,-100.773,21.559
MX,IT,0.0033662298411157392,14.277,41.189,-100.773,21.559
MX,JP,0.014495784356289851,136.251,35.764,-100.773,21.559
MX,KR,0.012950920748594679,127.036,34.738,-100.773,21.559
MX,KW,0.003055157967471679,47.71,28.89,-100.773,21.559
MX,MY,0.00728420484397093,101.67,2.751,-100.773,21.559
MX,NL,0.0033035641116935977,4.945,52.875,-100.773,21.559
MX,NO,0.007958101694066355,8.132,63.44,-100.773,21.559
MX,NZ,0.006534101305560787,175.062,-40.949,-100.773,21.559
MX,PL,0.003919887674397991,17.38,53.213,-100.773,21.559
MX,SA,0.0032353602472405046,38.795,31.62,-100.773,21.559
MX,SE,0.005773128744883144,16.282,63.654,-100.773,21.559
MX,TH,0.007986335706427912,101.055,15.311,-100.773,21.559
MX,TR,0.0032641393334647342,31.238,39.049,-100.773,21.559
MX,TW,0.01184582686174234,120.945,23.682,-100.773,21.559
MX,ZA,0.002349291739432905,23.274,-30.622,-100.773,21.559
MY,AE,0.00545648629877966,55.368,24.754,101.67,2.751
MY,AT,0.010122862918221539,16.843,48.085,101.67,2.751
MY,AU,0.005994985420655683,144.154,-31.773,101.67,2.751
MY,BE,0.005385700571216572,3.208,51.542,101.67,2.751
MY,BH,0.005530461582632282,50.58,26.1,101.67,2.751
MY,BR,0.01630851461850624,-41.076,-10.964,101.67,2.751
MY,CA,0.010558511944370009,-82.375,46.296,101.67,2.751
MY,CH,0.020906347334263962,7.299,47.384,101.67,2.751
MY,CL,0.026624331234801114,-70.155,-26.329,101.67,2.751
MY,DE,0.003909066083481337,10.674,52.577,101.67,2.751
MY,DK,0.00729789042278964,10.241,55.6,101.67,2.751
MY,EG,0.004844683352697655,32.667,26.551,101.67,2.751
MY,ES,0.012365376755545198,-3.72,40.031,101.67,2.751
MY,FI,0.008000115164397317,24.52,65.563,101.67,2.751
MY,FR,0.007023172883794939,2.152,46.853,101.67,2.751
MY,GB,0.0064683648320093415,-2.227,53.821,101.67,2.751
MY,GR,0.011470137446205888,22.79,37.756,101.67,2.751
MY,IE,0.004521985254405584,-8.248,52.679,101.67,2.751
MY,IL,0.00866415426842473,34.764,31.223,101.67,2.751
MY,IN,0.003434934017010919,76.129,19.557,101.67,2.751
MY,IT,0.012530566955226167,14.277,41.189,101.67,2.751
MY,JP,0.006210754829555043,136.251,35.764,101.67,2.751
MY,KR,0.004059021221432215,127.036,34.738,101.67,2.751
MY,KW,0.005829688191369623,47.71,28.89,101.67,2.751
MY,MX,0.02380067494622753,-100.773,21.559,101.67,2.751
MY,NL,0.004223208176828018,4.945,52.875,101.67,2.751
MY,NO,0.014173871843959223,8.132,63.44,101.67,2.751
MY,NZ,0.019946455413486917,175.062,-40.949,101.67,2.751
MY,PL,0.007505804081620299,17.38,53.213,101.67,2.751
MY,SA,0.010673994531546228,38.795,31.62,101.67,2.751
MY,SE,0.01148372844075496,16.282,63.654,101.67,2.751
MY,TR,0.006589815839839437,31.238,39.049,101.67,2.751
MY,TW,0.0020423916017086596,120.945,23.682,101.67,2.751
MY,US,0.01024561279618023,-99.818,37.615,101.67,2.751
MY,ZA,0.013365850624200298,23.274,-30.622,101.67,2.751
NE,AE,0.003032723184067207,55.368,24.754,5.525,13.97
NE,AT,0.005446308826209665,16.843,48.085,5.525,13.97
NE,AU,0.011175452869321761,144.154,-31.773,5.525,13.97
NE,BE,0.005375944554636279,3.208,51.542,5.525,13.97
NE,BH,0.0023221059506467103,50.58,26.1,5.525,13.97
NE,BR,0.007954210443403496,-41.076,-10.964,5.525,13.97
NE,CA,0.009434911827118279,-82.375,46.296,5.525,13.97
NE,CH,0.003425113519386988,7.299,47.384,5.525,13.97
NE,CL,0.03148006716849682,-70.155,-26.329,5.525,13.97
NE,CN,0.0038716034455028134,108.792,38.61,5.525,13.97
NE,DE,0.004342260890247745,10.674,52.577,5.525,13.97
NE,DK,0.01037867147973794,10.241,55.6,5.525,13.97
NE,EG,0.002511407822477496,32.667,26.551,5.525,13.97
NE,ES,0.0031491233176267792,-3.72,40.031,5.525,13.97
NE,FI,0.013719101969349104,24.52,65.563,5.525,13.97
NE,FR,0.004008258467501617,2.152,46.853,5.525,13.97
NE,GB,0.006641311601871014,-2.227,53.821,5.525,13.97
NE,GR,0.004416971425142379,22.79,37.756,5.525,13.97
NE,ID,0.006564943479242622,118.0,-2.0,5.525,13.97
NE,IE,0.005976514705741459,-8.248,52.679,5.525,13.97
NE,IN,0.009546532795766085,76.129,19.557,5.525,13.97
NE,IT,0.0021622993866954815,14.277,41.189,5.525,13.97
NE,JP,0.013644619622280429,136.251,35.764,5.525,13.97
NE,KR,0.010272494845080473,127.036,34.738,5.525,13.97
NE,KW,0.002487687551445048,47.71,28.89,5.525,13.97
NE,MX,0.03877646920598374,-100.773,21.559,5.525,13.97
NE,MY,0.004085096485206895,101.67,2.751,5.525,13.97
NE,NL,0.007271439278395043,4.945,52.875,5.525,13.97
NE,NO,0.02018241698588293,8.132,63.44,5.525,13.97
NE,NZ,0.019282789864895712,175.062,-40.949,5.525,13.97
NE,PL,0.0037958131818165686,17.38,53.213,5.525,13.97
NE,SA,0.002134760303769372,38.795,31.62,5.525,13.97
NE,SE,0.017116487776600867,16.282,63.654,5.525,13.97
NE,TH,0.006138822802942456,101.055,15.311,5.525,13.97
NE,TR,0.0033002377421499185,31.238,39.049,5.525,13.97
NE,TW,0.007760985772392067,120.945,23.682,5.525,13.97
NE,US,0.023244995179687308,-99.818,37.615,5.525,13.97
NG,AE,0.004611990666866238,55.368,24.754,3.885,7.455
NG,AT,0.003703143983207364,16.843,48.085,3.885,7.455
NG,AU,0.008788523959990826,144.154,-31.773,3.885,7.455
NG,BE,0.0033908604858746503,3.208,51.542,3.885,7.455
NG,BH,0.0035416386358262234,50.58,26.1,3.885,7.455
NG,BR,0.008918554185006035,-41.076,-10.964,3.885,7.455
NG,CA,0.011866038806223425,-82.375,46.296,3.885,7.455
NG,CH,0.0018083616699036559,7.299,47.384,3.885,7.455
NG,CL,0.03703807461092479,-70.155,-26.329,3.885,7.455
NG,CN,0.003830188659148801,108.792,38.61,3.885,7.455
NG,DE,0.0031134292844856855,10.674,52.577,3.885,7.455
NG,DK,0.007580947933367369,10.241,55.6,3.885,7.455
NG,EG,0.0019433415128024488,32.667,26.551,3.885,7.455
NG,ES,0.0034561546612821683,-3.72,40.031,3.885,7.455
NG,FI,0.011049849393557078,24.52,65.563,3.885,7.455
NG,FR,0.0035263124196635784,2.152,46.853,3.885,7.455
NG,GB,0.006254152527311128,-2.227,53.821,3.885,7.455
NG,GR,0.003260712045690245,22.79,37.756,3.885,7.455
NG,ID,0.008010190136964409,118.0,-2.0,3.885,7.455
NG,IE,0.0038775310425399044,-8.248,52.679,3.885,7.455
NG,IL,0.0015383292324219963,34.764,31.223,3.885,7.455
NG,IN,0.006770727766802253,76.129,19.557,3.885,7.455
NG,IT,0.0015399391748285942,14.277,41.189,3.885,7.455
NG,JP,0.00885630202705232,136.251,35.764,3.885,7.455
NG,KR,0.008114613964633153,127.036,34.738,3.885,7.455
NG,KW,0.0034245116818401233,47.71,28.89,3.885,7.455
NG,MX,0.03811444961425733,-100.773,21.559,3.885,7.455
NG,MY,0.0065140901770249305,101.67,2.751,3.885,7.455
NG,NL,0.005963291871888762,4.945,52.875,3.885,7.455
NG,NO,0.018225171784736278,8.132,63.44,3.885,7.455
NG,NZ,0.017865413103864605,175.062,-40.949,3.885,7.455
NG,PL,0.0027401065153609505,17.38,53.213,3.885,7.455
NG,SA,0.0029932075154576842,38.795,31.62,3.885,7.455
NG,SE,0.013716447201270868,16.282,63.654,3.885,7.455
NG,TH,0.008242260075682363,101.055,15.311,3.885,7.455
NG,TR,0.002793316045562004,31.238,39.049,3.885,7.455
NG,TW,0.007857202720287958,120.945,23.682,3.885,7.455
NG,US,0.01789009334651591,-99.818,37.615,3.885,7.455
NI,AE,0.007024174851469772,55.368,24.754,-86.735,12.2
NI,AT,0.006914521083170799,16.843,48.085,-86.735,12.2
NI,AU,0.010964198163719694,144.154,-31.773,-86.735,12.2
NI,BE,0.006497713901293673,3.208,51.542,-86.735,12.2
NI,BH,0.005788562878013807,50.58,26.1,-86.735,12.2
NI,BR,0.002353639173481197,-41.076,-10.964,-86.735,12.2
NI,CA,0.004431136426444169,-82.375,46.296,-86.735,12.2
NI,CH,0.004883316071369821,7.299,47.384,-86.735,12.2
NI,CL,0.0018870718230706133,-70.155,-26.329,-86.735,12.2
NI,CN,0.006274640839068188,108.792,38.61,-86.735,12.2
NI,DE,0.005240573448152004,10.674,52.577,-86.735,12.2
NI,DK,0.010439866464294813,10.241,55.6,-86.735,12.2
NI,EG,0.004598997203946792,32.667,26.551,-86.735,12.2
NI,ES,0.005986232046672046,-3.72,40.031,-86.735,12.2
NI,FI,0.007656610347484866,24.52,65.563,-86.735,12.2
NI,FR,0.006328124595719903,2.152,46.853,-86.735,12.2
NI,GB,0.008232337292399089,-2.227,53.821,-86.735,12.2
NI,GR,0.006065462016872448,22.79,37.756,-86.735,12.2
NI,ID,0.017155541515475582,118.0,-2.0,-86.735,12.2
NI,IE,0.0035041390993584376,-8.248,52.679,-86.735,12.2
NI,IL,0.004721214904639285,34.764,31.223,-86.735,12.2
NI,IN,0.005689263262468856,76.129,19.557,-86.735,12.2
NI,IT,0.005223721780682692,14.277,41.189,-86.735,12.2
NI,JP,0.024699695988144723,136.251,35.764,-86.735,12.2
NI,KR,0.021532356976589583,127.036,34.738,-86.735,12.2
NI,KW,0.005977305422682149,47.71,28.89,-86.735,12.2
NI,MX,0.0033456167119102643,-100.773,21.559,-86.735,12.2
NI,MY,0.011590475256099526,101.67,2.751,-86.735,12.2
NI,NL,0.006066249119445902,4.945,52.875,-86.735,12.2
NI,NO,0.012994791470748902,8.132,63.44,-86.735,12.2
NI,NZ,0.00788612646492749,175.062,-40.949,-86.735,12.2
NI,PL,0.00659693584292984,17.38,53.213,-86.735,12.2
NI,SA,0.007116353955412581,38.795,31.62,-86.735,12.2
NI,SE,0.010209907862048144,16.282,63.654,-86.735,12.2
NI,TH,0.012632753343407325,101.055,15.311,-86.735,12.2
NI,TR,0.0052043934377180275,31.238,39.049,-86.735,12.2
NI,TW,0.018098376500966674,120.945,23.682,-86.735,12.2
NI,US,0.0016998167397122912,-99.818,37.615,-86.735,12.2
NI,ZA,0.005550773300211993,23.274,-30.622,-86.735,12.2
NL,AE,0.004877985799264735,55.368,24.754,4.945,52.875
NL,AT,0.0026047504740538767,16.843,48.085,4.945,52.875
NL,AU,0.003837076937344591,144.154,-31.773,4.945,52.875
NL,BH,0.004113681811110436,50.58,26.1,4.945,52.875
NL,BR,0.0089248761545126,-41.076,-10.964,4.945,52.875
NL,CA,0.0061748223159866925,-82.375,46.296,4.945,52.875
NL,CH,0.003810714197676655,7.299,47.384,4.945,52.875
NL,CL,0.024336327158860433,-70.155,-26.329,4.945,52.875
NL,CN,0.0019465808499164138,108.792,38.61,4.945,52.875
NL,DK,0.0018612000533740473,10.241,55.6,4.945,52.875
NL,EG,0.002113315788598273,32.667,26.551,4.945,52.875
NL,ES,0.0030331797991872142,-3.72,40.031,4.945,52.875
NL,FI,0.0055056242050553605,24.52,65.563,4.945,52.875
NL,GB,0.0015171448309713718,-2.227,53.821,4.945,52.875
NL,GR,0.0033495482820312516,22.79,37.756,4.945,52.875
NL,ID,0.003062250569843496,118.0,-2.0,4.945,52.875
NL,IE,0.0020659109186384156,-8.248,52.679,4.945,52.875
NL,IL,0.0032967586535445916,34.764,31.223,4.945,52.875
NL,IN,0.004323850146619013,76.129,19.557,4.945,52.875
NL,IT,0.0026423891699903926,14.277,41.189,4.945,52.875
NL,JP,0.0028858095074095957,136.251,35.764,4.945,52.875
NL,KR,0.0026640352408829116,127.036,34.738,4.945,52.875
NL,KW,0.003968505242402859,47.71,28.89,4.945,52.875
NL,MX,0.02278687826622198,-100.773,21.559,4.945,52.875
NL,MY,0.002807783519156012,101.67,2.751,4.945,52.875
NL,NO,0.009664021365631293,8.132,63.44,4.945,52.875
NL,NZ,0.012543947290827081,175.062,-40.949,4.945,52.875
NL,PL,0.0017589679758941424,17.38,53.213,4.945,52.875
NL,SA,0.00495329628060426,38.795,31.62,4.945,52.875
NL,SE,0.0071200822228816955,16.282,63.654,4.945,52.875
NL,TH,0.0036263859800624194,101.055,15.311,4.945,52.875
NL,TR,0.002613652638808647,31.238,39.049,4.945,52.875
NL,TW,0.002925986468967227,120.945,23.682,4.945,52.875
NL,US,0.010951438571897476,-99.818,37.615,4.945,52.875
NL,ZA,0.005142794127696798,23.274,-30.622,4.945,52.875
NO,AE,0.010503415338919731,55.368,24.754,8.132,63.44
NO,AT,0.007343018963549915,16.843,48.085,8.132,63.44
NO,AU,0.005655254971813626,144.154,-31.773,8.132,63.44
NO,BE,0.0035887591643753883,3.208,51.542,8.132,63.44
NO,BH,0.00907214919888712,50.58,26.1,8.132,63.44
NO,BR,0.0142176029462675,-41.076,-10.964,8.132,63.44
NO,CA,0.011282917725391969,-82.375,46.296,8.132,63.44
NO,CH,0.013448537792408823,7.299,47.384,8.132,63.44
NO,CL,0.030940144089208473,-70.155,-26.329,8.132,63.44
NO,CN,0.003044777545444143,108.792,38.61,8.132,63.44
NO,DE,0.00299907853821604,10.674,52.577,8.132,63.44
NO,DK,0.005550200341824576,10.241,55.6,8.132,63.44
NO,EG,0.004764121354364128,32.667,26.551,8.132,63.44
NO,ES,0.008496302872691944,-3.72,40.031,8.132,63.44
NO,FI,0.007043333303041185,24.52,65.563,8.132,63.44
NO,FR,0.004527602167632291,2.152,46.853,8.132,63.44
NO,GB,0.00572075379489548,-2.227,53.821,8.132,63.44
NO,GR,0.0094138579845001,22.79,37.756,8.132,63.44
NO,ID,0.0048236113514294136,118.0,-2.0,8.132,63.44
NO,IE,0.003720679508994581,-8.248,52.679,8.132,63.44
NO,IL,0.008884286097682298,34.764,31.223,8.132,63.44
NO,IN,0.007022256583201706,76.129,19.557,8.132,63.44
NO,IT,0.008814952094063818,14.277,41.189,8.132,63.44
NO,JP,0.0046300493730344104,136.251,35.764,8.132,63.44
NO,KR,0.004439267045117826,127.036,34.738,8.132,63.44
NO,KW,0.00903675900099557,47.71,28.89,8.132,63.44
NO,MX,0.030361994327550417,-100.773,21.559,8.132,63.44
NO,MY,0.004638537351206338,101.67,2.751,8.132,63.44
NO,NL,0.0038309272424200814,4.945,52.875,8.132,63.44
NO,NZ,0.01934500437317501,175.062,-40.949,8.132,63.44
NO,PL,0.0059216733950554325,17.38,53.213,8.132,63.44
NO,SA,0.01243816376740673,38.795,31.62,8.132,63.44
NO,SE,0.006032982528019915,16.282,63.654,8.132,63.44
NO,TH,0.005787201228101048,101.055,15.311,8.132,63.44
NO,TR,0.006270153061554087,31.238,39.049,8.132,63.44
NO,TW,0.0043832993042274455,120.945,23.682,8.132,63.44
NO,US,0.012398921505692996,-99.818,37.615,8.132,63.44
NO,ZA,0.010810950374345596,23.274,-30.622,8.132,63.44
NP,AE,0.0022362685087590458,55.368,24.754,85.185,27.811
NP,AT,0.008103548880998618,16.843,48.085,85.185,27.811
NP,AU,0.007192289424712688,144.154,-31.773,85.185,27.811
NP,BE,0.004843114227089395,3.208,51.542,85.185,27.811
NP,BH,0.0026222788904237512,50.58,26.1,85.185,27.811
NP,BR,0.020918815213269718,-41.076,-10.964,85.185,27.811
NP,CA,0.009893138667765691,-82.375,46.296,85.185,27.811
NP,CH,0.01766065906356118,7.299,47.384,85.185,27.811
NP,CL,0.03293633829355508,-70.155,-26.329,85.185,27.811
NP,DE,0.0035463772258976984,10.674,52.577,85.185,27.811
NP,DK,0.0067223738364697895,10.241,55.6,85.185,27.811
NP,EG,0.0040526025765885015,32.667,26.551,85.185,27.811
NP,ES,0.011818069671170332,-3.72,40.031,85.185,27.811
NP,FI,0.007710569641352517,24.52,65.563,85.185,27.811
NP,FR,0.006349755748444858,2.152,46.853,85.185,27.811
NP,GB,0.006716966855275626,-2.227,53.821,85.185,27.811
NP,GR,0.008649922048758255,22.79,37.756,85.185,27.811
NP,ID,0.002482114932954749,118.0,-2.0,85.185,27.811
NP,IE,0.0037830292096493047,-8.248,52.679,85.185,27.811
NP,IL,0.005297257009419226,34.764,31.223,85.185,27.811
NP,IN,0.001659421462906521,76.129,19.557,85.185,27.811
NP,IT,0.009484423183234525,14.277,41.189,85.185,27.811
NP,JP,0.006285493650985832,136.251,35.764,85.185,27.811
NP,KR,0.00443808569636428,127.036,34.738,85.185,27.811
NP,KW,0.0028158393676153406,47.71,28.89,85.185,27.811
NP,MX,0.022342769452631216,-100.773,21.559,85.185,27.811
NP,NL,0.003871666365164577,4.945,52.875,85.185,27.811
NP,NO,0.014531577717610912,8.132,63.44,85.185,27.811
NP,NZ,0.022088474120893688,175.062,-40.949,85.185,27.811
NP,PL,0.005638357888837041,17.38,53.213,85.185,27.811
NP,SA,0.006244267710949814,38.795,31.62,85.185,27.811
NP,SE,0.010895386439280475,16.282,63.654,85.185,27.811
NP,TR,0.00514681844169371,31.238,39.049,85.185,27.811
NP,TW,0.0030798438280533608,120.945,23.682,85.185,27.811
NP,US,0.008568033503387074,-99.818,37.615,85.185,27.811
NP,ZA,0.012386433553416003,23.274,-30.622,85.185,27.811
NZ,AE,0.008970491204491114,55.368,24.754,175.062,-40.949
NZ,AT,0.005713808958117138,16.843,48.085,175.062,-40.949
NZ,AU,0.007851984178010628,144.154,-31.773,175.062,-40.949
NZ,BE,0.004818679066451918,3.208,51.542,175.062,-40.949
NZ,BH,0.0071704975487373495,50.58,26.1,175.062,-40.949
NZ,BR,0.0030787450551313413,-41.076,-10.964,175.062,-40.949
NZ,CA,0.007681401566394708,-82.375,46.296,175.062,-40.949
NZ,CH,0.004093217211659308,7.299,47.384,175.062,-40.949
NZ,CL,0.012271882679063041,-70.155,-26.329,175.062,-40.949
NZ,CN,0.005285842850769336,108.792,38.61,175.062,-40.949
NZ,DE,0.004094897873481396,10.674,52.577,175.062,-40.949
NZ,DK,0.008250679838950926,10.241,55.6,175.062,-40.949
NZ,EG,0.0037154670249439927,32.667,26.551,175.062,-40.949
NZ,ES,0.004355358895021789,-3.72,40.031,175.062,-40.949
NZ,FI,0.008710715865440243,24.52,65.563,175.062,-40.949
NZ,FR,0.005130806574198993,2.152,46.853,175.062,-40.949
NZ,GB,0.007246262364187919,-2.227,53.821,175.062,-40.949
NZ,GR,0.006180869969486746,22.79,37.756,175.062,-40.949
NZ,ID,0.012219608728956754,118.0,-2.0,175.062,-40.949
NZ,IE,0.003322089359827401,-8.248,52.679,175.062,-40.949
NZ,IL,0.005012430504810878,34.764,31.223,175.062,-40.949
NZ,IN,0.007665591182833659,76.129,19.557,175.062,-40.949
NZ,IT,0.004553124939093248,14.277,41.189,175.062,-40.949
NZ,JP,0.015900510493590595,136.251,35.764,175.062,-40.949
NZ,KR,0.014210267359611768,127.036,34.738,175.062,-40.949
NZ,KW,0.007088850004866084,47.71,28.89,175.062,-40.949
NZ,MX,0.017289336280266993,-100.773,21.559,175.062,-40.949
NZ,MY,0.009456084739632028,101.67,2.751,175.062,-40.949
NZ,NL,0.005813064609165769,4.945,52.875,175.062,-40.949
NZ,NO,0.013874037733833033,8.132,63.44,175.062,-40.949
NZ,PL,0.00497063838240396,17.38,53.213,175.062,-40.949
NZ,SA,0.007822190770436782,38.795,31.62,175.062,-40.949
NZ,SE,0.010881513333004144,16.282,63.654,175.062,-40.949
NZ,TH,0.010715507867866396,101.055,15.311,175.062,-40.949
NZ,TR,0.0051488482553220805,31.238,39.049,175.062,-40.949
NZ,TW,0.012097550177694174,120.945,23.682,175.062,-40.949
NZ,US,0.007778702120265076,-99.818,37.615,175.062,-40.949
NZ,ZA,0.004163997008048438,23.274,-30.622,175.062,-40.949
OM,AT,0.005801521942575616,16.843,48.085,55.71,18.35
OM,AU,0.009156507333410325,144.154,-31.773,55.71,18.35
OM,BE,0.004427839734568163,3.208,51.542,55.71,18.35
OM,BR,0.019913958498832107,-41.076,-10.964,55.71,18.35
OM,CA,0.012856534403284044,-82.375,46.296,55.71,18.35
OM,CH,0.010637961488428393,7.299,47.384,55.71,18.35
OM,CL,0.046694600368260224,-70.155,-26.329,55.71,18.35
OM,CN,0.001600517910077377,108.792,38.61,55.71,18.35
OM,DE,0.003545440293749209,10.674,52.577,55.71,18.35
OM,DK,0.0075888014144671915,10.241,55.6,55.71,18.35
OM,EG,0.002304147470895637,32.667,26.551,55.71,18.35
OM,ES,0.008691607257113735,-3.72,40.031,55.71,18.35
OM,FI,0.011053718764356318,24.52,65.563,55.71,18.35
OM,FR,0.005120997192607868,2.152,46.853,55.71,18.35
OM,GB,0.006978717010680512,-2.227,53.821,55.71,18.35
OM,GR,0.00498635813607545,22.79,37.756,55.71,18.35
OM,ID,0.003457741900850556,118.0,-2.0,55.71,18.35
OM,IE,0.004572317877592379,-8.248,52.679,55.71,18.35
OM,IN,0.0032207781045003113,76.129,19.557,55.71,18.35
OM,IT,0.004847599001192911,14.277,41.189,55.71,18.35
OM,JP,0.007135731767323415,136.251,35.764,55.71,18.35
OM,KR,0.00554985406982779,127.036,34.738,55.71,18.35
OM,MX,0.03742723852928961,-100.773,21.559,55.71,18.35
OM,MY,0.00176723095536838,101.67,2.751,55.71,18.35
OM,NL,0.005608413020801855,4.945,52.875,55.71,18.35
OM,NO,0.0191267331861873,8.132,63.44,55.71,18.35
OM,NZ,0.024694107117355025,175.062,-40.949,55.71,18.35
OM,PL,0.0036305664727547776,17.38,53.213,55.71,18.35
OM,SE,0.014499963141146266,16.282,63.654,55.71,18.35
OM,TH,0.002842702566222585,101.055,15.311,55.71,18.35
OM,TR,0.0030390829464650242,31.238,39.049,55.71,18.35
OM,TW,0.0042478802423254365,120.945,23.682,55.71,18.35
OM,US,0.017209190654215473,-99.818,37.615,55.71,18.35
OM,ZA,0.005908637563595518,23.274,-30.622,55.71,18.35
PA,AE,0.007108781600536614,55.368,24.754,-80.704,8.185
PA,AT,0.007393041359909042,16.843,48.085,-80.704,8.185
PA,AU,0.01178782359558168,144.154,-31.773,-80.704,8.185
PA,BE,0.006847930119601806,3.208,51.542,-80.704,8.185
PA,BH,0.005900201877165788,50.58,26.1,-80.704,8.185
PA,BR,0.0020700635496594903,-41.076,-10.964,-80.704,8.185
PA,CA,0.004793054038314912,-82.375,46.296,-80.704,8.185
PA,CH,0.004795820719081633,7.299,47.384,-80.704,8.185
PA,CL,0.003667047606368311,-70.155,-26.329,-80.704,8.185
PA,CN,0.005721046210185879,108.792,38.61,-80.704,8.185
PA,DE,0.005659627126386286,10.674,52.577,-80.704,8.185
PA,DK,0.011625728546631377,10.241,55.6,-80.704,8.185
PA,EG,0.0046987132056897085,32.667,26.551,-80.704,8.185
PA,ES,0.0053783280422890585,-3.72,40.031,-80.704,8.185
PA,FI,0.009031238238345006,24.52,65.563,-80.704,8.185
PA,FR,0.006329620437823797,2.152,46.853,-80.704,8.185
PA,GB,0.008310418340329027,-2.227,53.821,-80.704,8.185
PA,GR,0.006404344322364589,22.79,37.756,-80.704,8.185
PA,ID,0.015124832075374855,118.0,-2.0,-80.704,8.185
PA,IE,0.0039734934000222565,-8.248,52.679,-80.704,8.185
PA,IL,0.004869212901046584,34.764,31.223,-80.704,8.185
PA,IN,0.007051547135724344,76.129,19.557,-80.704,8.185
PA,IT,0.005396549752066885,14.277,41.189,-80.704,8.185
PA,JP,0.024318753000359197,136.251,35.764,-80.704,8.185
PA,KR,0.020282206605383123,127.036,34.738,-80.704,8.185
PA,KW,0.006120379019437334,47.71,28.89,-80.704,8.185
PA,MX,0.007344840759059449,-100.773,21.559,-80.704,8.185
PA,MY,0.00998075335998853,101.67,2.751,-80.704,8.185
PA,NL,0.00674838408633238,4.945,52.875,-80.704,8.185
PA,NO,0.014469234887555912,8.132,63.44,-80.704,8.185
PA,NZ,0.00950948281117188,175.062,-40.949,-80.704,8.185
PA,PL,0.006865986918628266,17.38,53.213,-80.704,8.185
PA,SA,0.0071292386321821655,38.795,31.62,-80.704,8.185
PA,SE,0.011911632291057798,16.282,63.654,-80.704,8.185
PA,TH,0.011235461381001524,101.055,15.311,-80.704,8.185
PA,TR,0.00550182129389665,31.238,39.049,-80.704,8.185
PA,TW,0.0165702427635919,120.945,23.682,-80.704,8.185
PA,US,0.004290279086600879,-99.818,37.615,-80.704,8.185
PA,ZA,0.005319953492650215,23.274,-30.622,-80.704,8.185
PE,AE,0.0022714665964286072,55.368,24.754,-71.539,-17.03
PE,AT,0.004727553741807885,16.843,48.085,-71.539,-17.03
PE,AU,0.007224998228623859,144.154,-31.773,-71.539,-17.03
PE,BE,0.004384580126456005,3.208,51.542,-71.539,-17.03
PE,BH,0.0019818821060143942,50.58,26.1,-71.539,-17.03
PE,BR,0.00211549595479632,-41.076,-10.964,-71.539,-17.03
PE,CA,0.004505614094606902,-82.375,46.296,-71.539,-17.03
PE,CH,0.0035007463836758575,7.299,47.384,-71.539,-17.03
PE,CL,0.0053108840137547405,-70.155,-26.329,-71.539,-17.03
PE,CN,0.0033431272638425715,108.792,38.61,-71.539,-17.03
PE,DE,0.003706344709754073,10.674,52.577,-71.539,-17.03
PE,DK,0.008030672498696503,10.241,55.6,-71.539,-17.03
PE,EG,0.0027393936324611283,32.667,26.551,-71.539,-17.03
PE,ES,0.004867064233095465,-3.72,40.031,-71.539,-17.03
PE,FI,0.006451391646422312,24.52,65.563,-71.539,-17.03
PE,FR,0.004819560303372153,2.152,46.853,-71.539,-17.03
PE,GB,0.006121216798542098,-2.227,53.821,-71.539,-17.03
PE,GR,0.004268555776076897,22.79,37.756,-71.539,-17.03
PE,ID,0.008785362810886993,118.0,-2.0,-71.539,-17.03
PE,IE,0.002788059164088861,-8.248,52.679,-71.539,-17.03
PE,IL,0.0017854054411034653,34.764,31.223,-71.539,-17.03
PE,IN,0.0035901083419730842,76.129,19.557,-71.539,-17.03
PE,IT,0.0030497313795482045,14.277,41.189,-71.539,-17.03
PE,JP,0.014569260452500905,136.251,35.764,-71.539,-17.03
PE,KR,0.012259402951452033,127.036,34.738,-71.539,-17.03
PE,KW,0.0022488185772047177,47.71,28.89,-71.539,-17.03
PE,MX,0.00943982464625826,-100.773,21.559,-71.539,-17.03
PE,MY,0.00543803322391571,101.67,2.751,-71.539,-17.03
PE,NL,0.004942215413587977,4.945,52.875,-71.539,-17.03
PE,NO,0.009460888680277554,8.132,63.44,-71.539,-17.03
PE,NZ,0.00784393006997508,175.062,-40.949,-71.539,-17.03
PE,PL,0.004110015536505836,17.38,53.213,-71.539,-17.03
PE,SA,0.0026635137871392385,38.795,31.62,-71.539,-17.03
PE,SE,0.007872762261454494,16.282,63.654,-71.539,-17.03
PE,TH,0.006749153875107123,101.055,15.311,-71.539,-17.03
PE,TR,0.003236462999539235,31.238,39.049,-71.539,-17.03
PE,TW,0.009856241117423387,120.945,23.682,-71.539,-17.03
PE,US,0.00443383666877096,-99.818,37.615,-71.539,-17.03
PE,ZA,0.0031539722578604015,23.274,-30.622,-71.539,-17.03
PH,AE,0.006106546712460489,55.368,24.754,121.681,13.861
PH,AT,0.007090429305555954,16.843,48.085,121.681,13.861
PH,AU,0.002764310632659146,144.154,-31.773,121.681,13.861
PH,BE,0.0035917891961466347,3.208,51.542,121.681,13.861
PH,BH,0.005196841232414423,50.58,26.1,121.681,13.861
PH,BR,0.008558690730572542,-41.076,-10.964,121.681,13.861
PH,CA,0.0035083719630373653,-82.375,46.296,121.681,13.861
PH,CH,0.014789642204477012,7.299,47.384,121.681,13.861
PH,CL,0.011251592990683054,-70.155,-26.329,121.681,13.861
PH,DE,0.0024523604777500034,10.674,52.577,121.681,13.861
PH,DK,0.004367240380212866,10.241,55.6,121.681,13.861
PH,EG,0.003464673870884692,32.667,26.551,121.681,13.861
PH,ES,0.006392447007710834,-3.72,40.031,121.681,13.861
PH,FI,0.004263066666909903,24.52,65.563,121.681,13.861
PH,FR,0.004150035361188495,2.152,46.853,121.681,13.861
PH,GB,0.003377767536216902,-2.227,53.821,121.681,13.861
PH,GR,0.007613192617045816,22.79,37.756,121.681,13.861
PH,ID,0.0018663946350893352,118.0,-2.0,121.681,13.861
PH,IE,0.0021911192400900434,-8.248,52.679,121.681,13.861
PH,IL,0.007322120598674823,34.764,31.223,121.681,13.861
PH,IN,0.0030313754372058173,76.129,19.557,121.681,13.861
PH,IT,0.00917192227885706,14.277,41.189,121.681,13.861
PH,JP,0.0035993038578406374,136.251,35.764,121.681,13.861
PH,KR,0.0026132102847890876,127.036,34.738,121.681,13.861
PH,KW,0.005648818366619947,47.71,28.89,121.681,13.861
PH,MX,0.010900168700260593,-100.773,21.559,121.681,13.861
PH,MY,0.0015672227390863252,101.67,2.751,121.681,13.861
PH,NL,0.0019062486114237625,4.945,52.875,121.681,13.861
PH,NO,0.007535209193271166,8.132,63.44,121.681,13.861
PH,NZ,0.010863142655898996,175.062,-40.949,121.681,13.861
PH,PL,0.005792761593911773,17.38,53.213,121.681,13.861
PH,SA,0.009296489887268715,38.795,31.62,121.681,13.861
PH,SE,0.006903872948753349,16.282,63.654,121.681,13.861
PH,TH,0.0016548626484406397,101.055,15.311,121.681,13.861
PH,TR,0.004553049394713606,31.238,39.049,121.681,13.861
PH,TW,0.002268230531945705,120.945,23.682,121.681,13.861
PH,US,0.005916464581518499,-99.818,37.615,121.681,13.861
PH,ZA,0.0066322334758543424,23.274,-30.622,121.681,13.861
PK,AE,0.0033727906671830316,55.368,24.754,69.992,27.319
PK,AT,0.004245121072348363,16.843,48.085,69.992,27.319
PK,AU,0.004769401074325216,144.154,-31.773,69.992,27.319
PK,BE,0.0023907777840668836,3.208,51.542,69.992,27.319
PK,BH,0.0033574617956540972,50.58,26.1,69.992,27.319
PK,BR,0.015418488376460624,-41.076,-10.964,69.992,27.319
PK,CA,0.009297811817554732,-82.375,46.296,69.992,27.319
PK,CH,0.00964250936072774,7.299,47.384,69.992,27.319
PK,CL,0.029577307226877268,-70.155,-26.329,69.992,27.319
PK,DE,0.0018306530380566126,10.674,52.577,69.992,27.319
PK,DK,0.0037901203346906906,10.241,55.6,69.992,27.319
PK,EG,0.002858639475383019,32.667,26.551,69.992,27.319
PK,ES,0.006888724978430177,-3.72,40.031,69.992,27.319
PK,FI,0.005597256126197084,24.52,65.563,69.992,27.319
PK,FR,0.003700733820592781,2.152,46.853,69.992,27.319
PK,GB,0.003979569225895334,-2.227,53.821,69.992,27.319
PK,GR,0.005394159512245005,22.79,37.756,69.992,27.319
PK,ID,0.0022070245270451247,118.0,-2.0,69.992,27.319
PK,IE,0.00221280811230538,-8.248,52.679,69.992,27.319
PK,IL,0.004115146260299,34.764,31.223,69.992,27.319
PK,IT,0.005823568265415732,14.277,41.189,69.992,27.319
PK,JP,0.0028380361589876225,136.251,35.764,69.992,27.319
PK,KR,0.002591473245809394,127.036,34.738,69.992,27.319
PK,KW,0.0030181191436930745,47.71,28.89,69.992,27.319
PK,MX,0.02149907056677738,-100.773,21.559,69.992,27.319
PK,MY,0.0017132731024142697,101.67,2.751,69.992,27.319
PK,NL,0.0024447804298436643,4.945,52.875,69.992,27.319
PK,NO,0.011044301340143042,8.132,63.44,69.992,27.319
PK,NZ,0.01693372998477982,175.062,-40.949,69.992,27.319
PK,PL,0.002806384037450929,17.38,53.213,69.992,27.319
PK,SA,0.005308029500295076,38.795,31.62,69.992,27.319
PK,SE,0.008169387690485459,16.282,63.654,69.992,27.319
PK,TH,0.0019414919384440864,101.055,15.311,69.992,27.319
PK,TR,0.0036967709907968615,31.238,39.049,69.992,27.319
PK,TW,0.002355540489326523,120.945,23.682,69.992,27.319
PK,US,0.007315402444108823,-99.818,37.615,69.992,27.319
PK,ZA,0.010448663325135691,23.274,-30.622,69.992,27.319
PL,AE,0.004554500469282745,55.368,24.754,17.38,53.213
PL,AT,0.0023595430083698313,16.843,48.085,17.38,53.213
PL,AU,0.005087266274780523,144.154,-31.773,17.38,53.213
PL,BE,0.0018683050402937193,3.208,51.542,17.38,53.213
PL,BH,0.004111083907486272,50.58,26.1,17.38,53.213
PL,BR,0.014203173152379164,-41.076,-10.964,17.38,53.213
PL,CA,0.011975329938447339,-82.375,46.296,17.38,53.213
PL,CH,0.006065771566336092,7.299,47.384,17.38,53.213
PL,CL,0.03641682127661757,-70.155,-26.329,17.38,53.213
PL,CN,0.0015842612609875515,108.792,38.61,17.38,53.213
PL,DK,0.0022953440803913385,10.241,55.6,17.38,53.213
PL,EG,0.002611335059867235,32.667,26.551,17.38,53.213
PL,ES,0.006600971312244147,-3.72,40.031,17.38,53.213
PL,FI,0.007401067993106755,24.52,65.563,17.38,53.213
PL,FR,0.0031287454123160594,2.152,46.853,17.38,53.213
PL,GB,0.004163075318123778,-2.227,53.821,17.38,53.213
PL,GR,0.004504693278870467,22.79,37.756,17.38,53.213
PL,ID,0.0024412171111497564,118.0,-2.0,17.38,53.213
PL,IE,0.0029194055943051536,-8.248,52.679,17.38,53.213
PL,IL,0.0033812368573577596,34.764,31.223,17.38,53.213
PL,IN,0.003954923465178322,76.129,19.557,17.38,53.213
PL,IT,0.003636553173442183,14.277,41.189,17.38,53.213
PL,JP,0.001938842567866904,136.251,35.764,17.38,53.213
PL,KR,0.0019620238416512043,127.036,34.738,17.38,53.213
PL,KW,0.0036588451395704745,47.71,28.89,17.38,53.213
PL,MX,0.03248136981805798,-100.773,21.559,17.38,53.213
PL,MY,0.0025172558751229914,101.67,2.751,17.38,53.213
PL,NL,0.003103075037443833,4.945,52.875,17.38,53.213
PL,NO,0.013254476774077067,8.132,63.44,17.38,53.213
PL,NZ,0.01747532641655679,175.062,-40.949,17.38,53.213
PL,SA,0.00503379748056672,38.795,31.62,17.38,53.213
PL,SE,0.00877746596499729,16.282,63.654,17.38,53.213
PL,TH,0.003403522674716512,101.055,15.311,17.38,53.213
PL,TR,0.0027462751418984837,31.238,39.049,17.38,53.213
PL,TW,0.002234933526673179,120.945,23.682,17.38,53.213
PL,US,0.013834101485478489,-99.818,37.615,17.38,53.213
PL,ZA,0.008774611825555853,23.274,-30.622,17.38,53.213
PS,AT,0.005256186255578876,16.843,48.085,35.46,31.93
PS,AU,0.010911942984535029,144.154,-31.773,35.46,31.93
PS,BE,0.0050701100202762694,3.208,51.542,35.46,31.93
PS,BR,0.015041869507446766,-41.076,-10.964,35.46,31.93
PS,CA,0.011224565566315917,-82.375,46.296,35.46,31.93
PS,CH,0.004568667872979787,7.299,47.384,35.46,31.93
PS,CL,0.044910248309791574,-70.155,-26.329,35.46,31.93
PS,CN,0.0023184255442509558,108.792,38.61,35.46,31.93
PS,DE,0.003887561749674767,10.674,52.577,35.46,31.93
PS,DK,0.010429863901617915,10.241,55.6,35.46,31.93
PS,EG,0.0016619761181093588,32.667,26.551,35.46,31.93
PS,ES,0.006176072338688831,-3.72,40.031,35.46,31.93
PS,FI,0.014129605374760192,24.52,65.563,35.46,31.93
PS,FR,0.005059751226748379,2.152,46.853,35.46,31.93
PS,GB,0.007531978820387753,-2.227,53.821,35.46,31.93
PS,GR,0.00403678845525138,22.79,37.756,35.46,31.93
PS,ID,0.004417984795320044,118.0,-2.0,35.46,31.93
PS,IE,0.005177261132072892,-8.248,52.679,35.46,31.93
PS,IN,0.005824863656823575,76.129,19.557,35.46,31.93
PS,IT,0.0023061511246529032,14.277,41.189,35.46,31.93
PS,JP,0.010583083947455421,136.251,35.764,35.46,31.93
PS,KR,0.007717799109275969,127.036,34.738,35.46,31.93
PS,MX,0.0437340180582102,-100.773,21.559,35.46,31.93
PS,MY,0.002263074349819,101.67,2.751,35.46,31.93
PS,NL,0.007122555555940247,4.945,52.875,35.46,31.93
PS,NO,0.021361356884565818,8.132,63.44,35.46,31.93
PS,NZ,0.024946535175527865,175.062,-40.949,35.46,31.93
PS,PL,0.0032402227341310616,17.38,53.213,35.46,31.93
PS,SE,0.01768774332038443,16.282,63.654,35.46,31.93
PS,TH,0.0037920471677193586,101.055,15.311,35.46,31.93
PS,TR,0.002653874666314661,31.238,39.049,35.46,31.93
PS,TW,0.005369144131823996,120.945,23.682,35.46,31.93
PS,US,0.021834930486763677,-99.818,37.615,35.46,31.93
PS,ZA,0.0030990920564935246,23.274,-30.622,35.46,31.93
PT,AE,0.003633180191841418,55.368,24.754,-7.884,40.347
PT,AT,0.0035645114760590423,16.843,48.085,-7.884,40.347
PT,AU,0.007348076784828044,144.154,-31.773,-7.884,40.347
PT,BE,0.003132198231020909,3.208,51.542,-7.884,40.347
PT,BH,0.0030027584598173278,50.58,26.1,-7.884,40.347
PT,BR,0.006564184326207787,-41.076,-10.964,-7.884,40.347
PT,CA,0.010202147754646642,-82.375,46.296,-7.884,40.347
PT,CL,0.029099750609835714,-70.155,-26.329,-7.884,40.347
PT,CN,0.002490044483385523,108.792,38.61,-7.884,40.347
PT,DE,0.0028165865504631207,10.674,52.577,-7.884,40.347
PT,DK,0.007270404914767813,10.241,55.6,-7.884,40.347
PT,EG,0.0019327879829691087,32.667,26.551,-7.884,40.347
PT,ES,0.0020622824202492333,-3.72,40.031,-7.884,40.347
PT,FI,0.0109968418837516,24.52,65.563,-7.884,40.347
PT,FR,0.0028998716613099877,2.152,46.853,-7.884,40.347
PT,GB,0.004914213857365958,-2.227,53.821,-7.884,40.347
PT,GR,0.003303089601850142,22.79,37.756,-7.884,40.347
PT,ID,0.0040902534704293355,118.0,-2.0,-7.884,40.347
PT,IE,0.0031658823249038474,-8.248,52.679,-7.884,40.347
PT,IL,0.001760472681213823,34.764,31.223,-7.884,40.347
PT,IN,0.006318203899185337,76.129,19.557,-7.884,40.347
PT,JP,0.007523413878117461,136.251,35.764,-7.884,40.347
PT,KR,0.005640876204932561,127.036,34.738,-7.884,40.347
PT,KW,0.002794104653934575,47.71,28.89,-7.884,40.347
PT,MX,0.032559234105693335,-100.773,21.559,-7.884,40.347
PT,MY,0.0030068493659620344,101.67,2.751,-7.884,40.347
PT,NL,0.005471684199016084,4.945,52.875,-7.884,40.347
PT,NO,0.017083410862802437,8.132,63.44,-7.884,40.347
PT,NZ,0.015835506693330302,175.062,-40.949,-7.884,40.347
PT,PL,0.0024310829664917137,17.38,53.213,-7.884,40.347
PT,SA,0.0030710134885246782,38.795,31.62,-7.884,40.347
PT,SE,0.012805002807031196,16.282,63.654,-7.884,40.347
PT,TH,0.004541820705484539,101.055,15.311,-7.884,40.347
PT,TR,0.002806749289866081,31.238,39.049,-7.884,40.347
PT,TW,0.004431787884732983,120.945,23.682,-7.884,40.347
PT,US,0.01608229072180349,-99.818,37.615,-7.884,40.347
PT,ZA,0.0027851814566628038,23.274,-30.622,-7.884,40.347
PY,AE,0.0048176602980119524,55.368,24.754,-58.0,-23.0
PY,AT,0.006501417695761698,16.843,48.085,-58.0,-23.0
PY,AU,0.008196899906492,144.154,-31.773,-58.0,-23.0
PY,BE,0.005209890963887892,3.208,51.542,-58.0,-23.0
PY,BH,0.004073430160223032,50.58,26.1,-58.0,-23.0
PY,BR,0.0024866493708153616,-41.076,-10.964,-58.0,-23.0
PY,CA,0.00485662237760596,-82.375,46.296,-58.0,-23.0
PY,CH,0.004984655499607347,7.299,47.384,-58.0,-23.0
PY,CL,0.008510653057964336,-70.155,-26.329,-58.0,-23.0
PY,CN,0.002370115962939801,108.792,38.61,-58.0,-23.0
PY,DE,0.004071604222516969,10.674,52.577,-58.0,-23.0
PY,DK,0.00978771462619543,10.241,55.6,-58.0,-23.0
PY,EG,0.0029357229026642524,32.667,26.551,-58.0,-23.0
PY,ES,0.0041908555711871,-3.72,40.031,-58.0,-23.0
PY,FI,0.009365009819040683,24.52,65.563,-58.0,-23.0
PY,FR,0.005205838558799644,2.152,46.853,-58.0,-23.0
PY,GB,0.006132566624954723,-2.227,53.821,-58.0,-23.0
PY,GR,0.006375146492844067,22.79,37.756,-58.0,-23.0
PY,ID,0.005632175484668369,118.0,-2.0,-58.0,-23.0
PY,IE,0.0035216953956318377,-8.248,52.679,-58.0,-23.0
PY,IL,0.004311443692856673,34.764,31.223,-58.0,-23.0
PY,IN,0.0055947733999187526,76.129,19.557,-58.0,-23.0
PY,IT,0.004969770218560969,14.277,41.189,-58.0,-23.0
PY,JP,0.012921146879894336,136.251,35.764,-58.0,-23.0
PY,KR,0.009808825326379236,127.036,34.738,-58.0,-23.0
PY,KW,0.004335858092523489,47.71,28.89,-58.0,-23.0
PY,MX,0.016583068873927423,-100.773,21.559,-58.0,-23.0
PY,MY,0.0030593713946623084,101.67,2.751,-58.0,-23.0
PY,NL,0.005737142509908542,4.945,52.875,-58.0,-23.0
PY,NO,0.013860954289204006,8.132,63.44,-58.0,-23.0
PY,NZ,0.011679842106432534,175.062,-40.949,-58.0,-23.0
PY,PL,0.0053593380774742475,17.38,53.213,-58.0,-23.0
PY,SA,0.0058669445268590475,38.795,31.62,-58.0,-23.0
PY,SE,0.01182252176967661,16.282,63.654,-58.0,-23.0
PY,TH,0.004082366891646422,101.055,15.311,-58.0,-23.0
PY,TR,0.004218373541570231,31.238,39.049,-58.0,-23.0
PY,TW,0.006476121045566967,120.945,23.682,-58.0,-23.0
PY,US,0.009442358362292529,-99.818,37.615,-58.0,-23.0
PY,ZA,0.004110443616525506,23.274,-30.622,-58.0,-23.0
RO,AE,0.0041552663953042844,55.368,24.754,27.34,44.529
RO,AT,0.0027585719524762307,16.843,48.085,27.34,44.529
RO,AU,0.005602819463985277,144.154,-31.773,27.34,44.529
RO,BE,0.002000499328459582,3.208,51.542,27.34,44.529
RO,BH,0.003621332519803655,50.58,26.1,27.34,44.529
RO,BR,0.014045313573905358,-41.076,-10.964,27.34,44.529
RO,CA,0.011551836071910626,-82.375,46.296,27.34,44.529
RO,CH,0.005422869917810662,7.299,47.384,27.34,44.529
RO,CL,0.03593555711570624,-70.155,-26.329,27.34,44.529
RO,CN,0.0018884549230339237,108.792,38.61,27.34,44.529
RO,DE,0.001655289169174251,10.674,52.577,27.34,44.529
RO,DK,0.003962396421308333,10.241,55.6,27.34,44.529
RO,EG,0.0024364530488202776,32.667,26.551,27.34,44.529
RO,ES,0.005475425169605148,-3.72,40.031,27.34,44.529
RO,FI,0.007267241105240904,24.52,65.563,27.34,44.529
RO,FR,0.002936788829677068,2.152,46.853,27.34,44.529
RO,GB,0.004719734271117447,-2.227,53.821,27.34,44.529
RO,GR,0.0031933759397443583,22.79,37.756,27.34,44.529
RO,ID,0.0038285297075150004,118.0,-2.0,27.34,44.529
RO,IE,0.00309260791894478,-8.248,52.679,27.34,44.529
RO,IL,0.0024565291854945605,34.764,31.223,27.34,44.529
RO,IN,0.0038485817827886523,76.129,19.557,27.34,44.529
RO,IT,0.002547179968168125,14.277,41.189,27.34,44.529
RO,JP,0.00343253463568826,136.251,35.764,27.34,44.529
RO,KR,0.003348647474091745,127.036,34.738,27.34,44.529
RO,KW,0.0031659884392842494,47.71,28.89,27.34,44.529
RO,MX,0.0312389214784373,-100.773,21.559,27.34,44.529
RO,MY,0.0034775384202067193,101.67,2.751,27.34,44.529
RO,NL,0.0032496074631997375,4.945,52.875,27.34,44.529
RO,NO,0.012361459609959656,8.132,63.44,27.34,44.529
RO,NZ,0.017675469522681567,175.062,-40.949,27.34,44.529
RO,PL,0.001563068850396215,17.38,53.213,27.34,44.529
RO,SA,0.0038073108399923755,38.795,31.62,27.34,44.529
RO,SE,0.008952556399206031,16.282,63.654,27.34,44.529
RO,TH,0.004399967989954107,101.055,15.311,27.34,44.529
RO,TR,0.0024326705117776685,31.238,39.049,27.34,44.529
RO,TW,0.0034770892912232053,120.945,23.682,27.34,44.529
RO,US,0.01341576818367079,-99.818,37.615,27.34,44.529
RO,ZA,0.007575647667446053,23.274,-30.622,27.34,44.529
RU,AE,0.0031356319387361225,55.368,24.754,54.32,51.827
RU,AT,0.0051966665140037805,16.843,48.085,54.32,51.827
RU,AU,0.006351005429399365,144.154,-31.773,54.32,51.827
RU,BE,0.0033651704276166676,3.208,51.542,54.32,51.827
RU,BH,0.002720094768626126,50.58,26.1,54.32,51.827
RU,BR,0.01630662587485644,-41.076,-10.964,54.32,51.827
RU,CA,0.008248141423773631,-82.375,46.296,54.32,51.827
RU,CH,0.010918654102416636,7.299,47.384,54.32,51.827
RU,CL,0.03618184559387283,-70.155,-26.329,54.32,51.827
RU,DE,0.0020786028433604966,10.674,52.577,54.32,51.827
RU,DK,0.005159127855197029,10.241,55.6,54.32,51.827
RU,EG,0.002829532532577592,32.667,26.551,54.32,51.827
RU,ES,0.0070409363685965815,-3.72,40.031,54.32,51.827
RU,FI,0.008559478844037538,24.52,65.563,54.32,51.827
RU,FR,0.004208169000879103,2.152,46.853,54.32,51.827
RU,GB,0.005414586493091432,-2.227,53.821,54.32,51.827
RU,GR,0.005401124542215537,22.79,37.756,54.32,51.827
RU,ID,0.002939615087280874,118.0,-2.0,54.32,51.827
RU,IE,0.0037373965154470484,-8.248,52.679,54.32,51.827
RU,IL,0.003721975932190445,34.764,31.223,54.32,51.827
RU,IN,0.00317336889862525,76.129,19.557,54.32,51.827
RU,IT,0.0056882824435128074,14.277,41.189,54.32,51.827
RU,JP,0.004061382565320356,136.251,35.764,54.32,51.827
RU,KR,0.0033866962440411044,127.036,34.738,54.32,51.827
RU,KW,0.0026055896006609677,47.71,28.89,54.32,51.827
RU,MX,0.029642868158673206,-100.773,21.559,54.32,51.827
RU,MY,0.002563286043381994,101.67,2.751,54.32,51.827
RU,NL,0.0030453352995203162,4.945,52.875,54.32,51.827
RU,NO,0.015343373211828425,8.132,63.44,54.32,51.827
RU,NZ,0.019675888158167995,175.062,-40.949,54.32,51.827
RU,PL,0.0029162495162257137,17.38,53.213,54.32,51.827
RU,SA,0.00476336119199454,38.795,31.62,54.32,51.827
RU,SE,0.009011189026622802,16.282,63.654,54.32,51.827
RU,TH,0.003024834189551856,101.055,15.311,54.32,51.827
RU,TR,0.003297514109505077,31.238,39.049,54.32,51.827
RU,TW,0.003084161212285743,120.945,23.682,54.32,51.827
RU,US,0.013001392604203734,-99.818,37.615,54.32,51.827
RU,ZA,0.007249639624353188,23.274,-30.622,54.32,51.827
RW,AT,0.0038366905014467325,16.843,48.085,30.377,-2.026
RW,AU,0.00876604060746349,144.154,-31.773,30.377,-2.026
RW,BE,0.0035235011581900874,3.208,51.542,30.377,-2.026
RW,BR,0.014457792955504962,-41.076,-10.964,30.377,-2.026
RW,CA,0.011452311932782342,-82.375,46.296,30.377,-2.026
RW,CH,0.00531319705957371,7.299,47.384,30.377,-2.026
RW,CL,0.04267798471114786,-70.155,-26.329,30.377,-2.026
RW,CN,0.0028397343029047143,108.792,38.61,30.377,-2.026
RW,DE,0.0028688497726252786,10.674,52.577,30.377,-2.026
RW,DK,0.006664746393750608,10.241,55.6,30.377,-2.026
RW,EG,0.0017734389173601171,32.667,26.551,30.377,-2.026
RW,ES,0.005135439777010369,-3.72,40.031,30.377,-2.026
RW,FI,0.010082895305027186,24.52,65.563,30.377,-2.026
RW,FR,0.003693872778790982,2.152,46.853,30.377,-2.026
RW,GB,0.005947497353283625,-2.227,53.821,30.377,-2.026
RW,GR,0.003122410077887875,22.79,37.756,30.377,-2.026
RW,ID,0.005594831931915153,118.0,-2.0,30.377,-2.026
RW,IE,0.003957444127275312,-8.248,52.679,30.377,-2.026
RW,IN,0.004320026813136309,76.129,19.557,30.377,-2.026
RW,IT,0.0021918731895367548,14.277,41.189,30.377,-2.026
RW,JP,0.008085178302575385,136.251,35.764,30.377,-2.026
RW,KR,0.006999814110110097,127.036,34.738,30.377,-2.026
RW,MX,0.03736477542662022,-100.773,21.559,30.377,-2.026
RW,MY,0.003983767662408614,101.67,2.751,30.377,-2.026
RW,NL,0.005237861784647298,4.945,52.875,30.377,-2.026
RW,NO,0.017230067155250512,8.132,63.44,30.377,-2.026
RW,NZ,0.020740257340559724,175.062,-40.949,30.377,-2.026
RW,PL,0.0024472670301738417,17.38,53.213,30.377,-2.026
RW,SE,0.012837206506985601,16.282,63.654,30.377,-2.026
RW,TH,0.005360598612260856,101.055,15.311,30.377,-2.026
RW,TR,0.002298683606090973,31.238,39.049,30.377,-2.026
RW,TW,0.006113094526705572,120.945,23.682,30.377,-2.026
RW,US,0.016844069742882682,-99.818,37.615,30.377,-2.026
RW,ZA,0.0017606465673869977,23.274,-30.622,30.377,-2.026
SA,AT,0.00537758913249777,16.843,48.085,38.795,31.62
SA,AU,0.011667448562818008,144.154,-31.773,38.795,31.62
SA,BE,0.005384098553077698,3.208,51.542,38.795,31.62
SA,BR,0.015988412903342124,-41.076,-10.964,38.795,31.62
SA,CA,0.012805473989684108,-82.375,46.296,38.795,31.62
SA,CH,0.0051719442994305875,7.299,47.384,38.795,31.62
SA,CL,0.04515815982377479,-70.155,-26.329,38.795,31.62
SA,CN,0.002890643680069331,108.792,38.61,38.795,31.62
SA,DE,0.004321073689351085,10.674,52.577,38.795,31.62
SA,DK,0.010458401208747612,10.241,55.6,38.795,31.62
SA,EG,0.00223215754498278,32.667,26.551,38.795,31.62
SA,ES,0.0071028027995655415,-3.72,40.031,38.795,31.62
SA,FI,0.013296310326667568,24.52,65.563,38.795,31.62
SA,FR,0.005487969477976311,2.152,46.853,38.795,31.62
SA,GB,0.008275057524483603,-2.227,53.821,38.795,31.62
SA,GR,0.004145078907725249,22.79,37.756,38.795,31.62
SA,ID,0.006776062393045247,118.0,-2.0,38.795,31.62
SA,IE,0.005229394311501913,-8.248,52.679,38.795,31.62
SA,IN,0.005275295346672834,76.129,19.557,38.795,31.62
SA,IT,0.0024979883058830602,14.277,41.189,38.795,31.62
SA,JP,0.013304113905414297,136.251,35.764,38.795,31.62
SA,KR,0.010543105473744744,127.036,34.738,38.795,31.62
SA,MX,0.04041341753250189,-100.773,21.559,38.795,31.62
SA,MY,0.0037466888104065945,101.67,2.751,38.795,31.62
SA,NL,0.0074235727114263855,4.945,52.875,38.795,31.62
SA,NO,0.02199459129265669,8.132,63.44,38.795,31.62
SA,NZ,0.024883163203847383,175.062,-40.949,38.795,31.62
SA,PL,0.0034929625888995876,17.38,53.213,38.795,31.62
SA,SE,0.017013868028741688,16.282,63.654,38.795,31.62
SA,TH,0.00547284640955692,101.055,15.311,38.795,31.62
SA,TR,0.002883403158606782,31.238,39.049,38.795,31.62
SA,TW,0.007818096863610919,120.945,23.682,38.795,31.62
SA,US,0.019087412911182936,-99.818,37.615,38.795,31.62
SA,ZA,0.004429045711545159,23.274,-30.622,38.795,31.62
SE,AE,0.010913794154166401,55.368,24.754,16.282,63.654
SE,AT,0.007831865186104375,16.843,48.085,16.282,63.654
SE,AU,0.005038930791605257,144.154,-31.773,16.282,63.654
SE,BE,0.0034321839246577498,3.208,51.542,16.282,63.654
SE,BH,0.009407235497268903,50.58,26.1,16.282,63.654
SE,BR,0.013725767806758708,-41.076,-10.964,16.282,63.654
SE,CA,0.011772273991058506,-82.375,46.296,16.282,63.654
SE,CH,0.01455684318323892,7.299,47.384,16.282,63.654
SE,CL,0.030855342392071283,-70.155,-26.329,16.282,63.654
SE,CN,0.0030388452035663223,108.792,38.61,16.282,63.654
SE,DE,0.0027578009970896655,10.674,52.577,16.282,63.654
SE,DK,0.0043971759490142375,10.241,55.6,16.282,63.654
SE,EG,0.0048582427521612894,32.667,26.551,16.282,63.654
SE,ES,0.008279717115719391,-3.72,40.031,16.282,63.654
SE,FI,0.005022136903545927,24.52,65.563,16.282,63.654
SE,FR,0.004466182877916439,2.152,46.853,16.282,63.654
SE,GB,0.00529082452480046,-2.227,53.821,16.282,63.654
SE,GR,0.009410905750127417,22.79,37.756,16.282,63.654
SE,ID,0.004846181838423503,118.0,-2.0,16.282,63.654
SE,IE,0.0036852083262768317,-8.248,52.679,16.282,63.654
SE,IL,0.009497967262276006,34.764,31.223,16.282,63.654
SE,IN,0.006873914576688342,76.129,19.557,16.282,63.654
SE,IT,0.009648425284822756,14.277,41.189,16.282,63.654
SE,JP,0.004514438349848412,136.251,35.764,16.282,63.654
SE,KR,0.0044061429677488915,127.036,34.738,16.282,63.654
SE,KW,0.009513522574505141,47.71,28.89,16.282,63.654
SE,MX,0.027828969730338073,-100.773,21.559,16.282,63.654
SE,MY,0.004799701305473375,101.67,2.751,16.282,63.654
SE,NL,0.0034933025807201384,4.945,52.875,16.282,63.654
SE,NO,0.009565841797137391,8.132,63.44,16.282,63.654
SE,NZ,0.016932144256334773,175.062,-40.949,16.282,63.654
SE,PL,0.005663998482737123,17.38,53.213,16.282,63.654
SE,SA,0.012952701944836852,38.795,31.62,16.282,63.654
SE,TH,0.005924043929281172,101.055,15.311,16.282,63.654
SE,TR,0.007065294413648147,31.238,39.049,16.282,63.654
SE,TW,0.004487586013007657,120.945,23.682,16.282,63.654
SE,US,0.010391505129494945,-99.818,37.615,16.282,63.654
SE,ZA,0.010659765393785565,23.274,-30.622,16.282,63.654
SK,AE,0.005343038734040684,55.368,24.754,19.479,48.327
SK,AT,0.0030884918609422394,16.843,48.085,19.479,48.327
SK,AU,0.0084900559574067,144.154,-31.773,19.479,48.327
SK,BE,0.002809624934011839,3.208,51.542,19.479,48.327
SK,BH,0.0046073071918206485,50.58,26.1,19.479,48.327
SK,BR,0.01581444334497708,-41.076,-10.964,19.479,48.327
SK,CA,0.015055307530444173,-82.375,46.296,19.479,48.327
SK,CH,0.002400206816113162,7.299,47.384,19.479,48.327
SK,CL,0.04724676729814809,-70.155,-26.329,19.479,48.327
SK,CN,0.0032176508821792904,108.792,38.61,19.479,48.327
SK,DE,0.002787079631687735,10.674,52.577,19.479,48.327
SK,DK,0.006493727200209461,10.241,55.6,19.479,48.327
SK,EG,0.0028505961556489663,32.667,26.551,19.479,48.327
SK,ES,0.006622682500863074,-3.72,40.031,19.479,48.327
SK,FI,0.011128181846423937,24.52,65.563,19.479,48.327
SK,FR,0.004129223187221009,2.152,46.853,19.479,48.327
SK,GB,0.00655913323846004,-2.227,53.821,19.479,48.327
SK,GR,0.004235776469252759,22.79,37.756,19.479,48.327
SK,ID,0.006818080590039551,118.0,-2.0,19.479,48.327
SK,IE,0.0036140637110962342,-8.248,52.679,19.479,48.327
SK,IL,0.0024309573365276704,34.764,31.223,19.479,48.327
SK,IN,0.005824152221181746,76.129,19.557,19.479,48.327
SK,IT,0.0026133867928862437,14.277,41.189,19.479,48.327
SK,JP,0.006816554564408715,136.251,35.764,19.479,48.327
SK,KR,0.006297842247656305,127.036,34.738,19.479,48.327
SK,KW,0.003893730695324692,47.71,28.89,19.479,48.327
SK,MX,0.04150735464282402,-100.773,21.559,19.479,48.327
SK,MY,0.006011799409062311,101.67,2.751,19.479,48.327
SK,NL,0.005595905005218243,4.945,52.875,19.479,48.327
SK,NO,0.01929705260431039,8.132,63.44,19.479,48.327
SK,NZ,0.02300453846445571,175.062,-40.949,19.479,48.327
SK,PL,0.0021697604430032276,17.38,53.213,19.479,48.327
SK,SA,0.004356252565468269,38.795,31.62,19.479,48.327
SK,SE,0.013408818538511473,16.282,63.654,19.479,48.327
SK,TH,0.007404938026214869,101.055,15.311,19.479,48.327
SK,TR,0.0036322784934167845,31.238,39.049,19.479,48.327
SK,TW,0.0065372275483539105,120.945,23.682,19.479,48.327
SK,US,0.017596595205631303,-99.818,37.615,19.479,48.327
SK,ZA,0.008335591452409386,23.274,-30.622,19.479,48.327
SN,AE,0.004133792561272862,55.368,24.754,-16.417,15.398
SN,AT,0.005571960422873364,16.843,48.085,-16.417,15.398
SN,AU,0.011352528588156342,144.154,-31.773,-16.417,15.398
SN,BE,0.005599588200838903,3.208,51.542,-16.417,15.398
SN,BH,0.003143391242580034,50.58,26.1,-16.417,15.398
SN,BR,0.003973714252822402,-41.076,-10.964,-16.417,15.398
SN,CA,0.0072622619717099875,-82.375,46.296,-16.417,15.398
SN,CL,0.021988049383588712,-70.155,-26.329,-16.417,15.398
SN,CN,0.00449295992431367,108.792,38.61,-16.417,15.398
SN,DE,0.00457127711652442,10.674,52.577,-16.417,15.398
SN,DK,0.011233343397752171,10.241,55.6,-16.417,15.398
SN,EG,0.003040940525764078,32.667,26.551,-16.417,15.398
SN,ES,0.002941782217682442,-3.72,40.031,-16.417,15.398
SN,FI,0.013271942980706945,24.52,65.563,-16.417,15.398
SN,FR,0.004671090399904602,2.152,46.853,-16.417,15.398
SN,GB,0.007157591098172759,-2.227,53.821,-16.417,15.398
SN,GR,0.004469416933703707,22.79,37.756,-16.417,15.398
SN,ID,0.008847699585413605,118.0,-2.0,-16.417,15.398
SN,IE,0.004832002255974148,-8.248,52.679,-16.417,15.398
SN,IL,0.0018709646243845,34.764,31.223,-16.417,15.398
SN,IN,0.009149118660459398,76.129,19.557,-16.417,15.398
SN,IT,0.0021016579798585717,14.277,41.189,-16.417,15.398
SN,JP,0.017534564626205625,136.251,35.764,-16.417,15.398
SN,KR,0.013492221181381936,127.036,34.738,-16.417,15.398
SN,KW,0.003319843300849772,47.71,28.89,-16.417,15.398
SN,MX,0.030883494878039618,-100.773,21.559,-16.417,15.398
SN,MY,0.005331541820610904,101.67,2.751,-16.417,15.398
SN,NL,0.007238866752041371,4.945,52.875,-16.417,15.398
SN,NO,0.019282160593880243,8.132,63.44,-16.417,15.398
SN,NZ,0.01535078321963768,175.062,-40.949,-16.417,15.398
SN,PL,0.0043787042201897525,17.38,53.213,-16.417,15.398
SN,SA,0.003125884704165252,38.795,31.62,-16.417,15.398
SN,SE,0.016237485792408694,16.282,63.654,-16.417,15.398
SN,TH,0.007318278368146465,101.055,15.311,-16.417,15.398
SN,TR,0.0037432618692778865,31.238,39.049,-16.417,15.398
SN,TW,0.01025513639778085,120.945,23.682,-16.417,15.398
SN,US,0.018832184113468597,-99.818,37.615,-16.417,15.398
SN,ZA,0.0016520505434930149,23.274,-30.622,-16.417,15.398
SR,AE,0.0070176897975905185,55.368,24.754,-55.255,5.089
SR,AT,0.007860069492515154,16.843,48.085,-55.255,5.089
SR,AU,0.011701063283262623,144.154,-31.773,-55.255,5.089
SR,BE,0.007112412305001139,3.208,51.542,-55.255,5.089
SR,BH,0.005560227331399612,50.58,26.1,-55.255,5.089
SR,CA,0.0059763545747939005,-82.375,46.296,-55.255,5.089
SR,CH,0.003228516169740065,7.299,47.384,-55.255,5.089
SR,CL,0.006131954843422344,-70.155,-26.329,-55.255,5.089
SR,CN,0.005080215477996562,108.792,38.61,-55.255,5.089
SR,DE,0.005665486557251593,10.674,52.577,-55.255,5.089
SR,DK,0.013262734100125347,10.241,55.6,-55.255,5.089
SR,EG,0.003952612048274267,32.667,26.551,-55.255,5.089
SR,ES,0.005228768319315527,-3.72,40.031,-55.255,5.089
SR,FI,0.011056778857857906,24.52,65.563,-55.255,5.089
SR,FR,0.007046419647754657,2.152,46.853,-55.255,5.089
SR,GB,0.008942610413487045,-2.227,53.821,-55.255,5.089
SR,GR,0.0066278558438274985,22.79,37.756,-55.255,5.089
SR,ID,0.01296884163634139,118.0,-2.0,-55.255,5.089
SR,IE,0.0042218801678670015,-8.248,52.679,-55.255,5.089
SR,IL,0.004227542680194574,34.764,31.223,-55.255,5.089
SR,IN,0.007384813332225385,76.129,19.557,-55.255,5.089
SR,IT,0.004381316634741778,14.277,41.189,-55.255,5.089
SR,JP,0.023382267890155527,136.251,35.764,-55.255,5.089
SR,KR,0.019032136881906622,127.036,34.738,-55.255,5.089
SR,KW,0.005727392433984136,47.71,28.89,-55.255,5.089
SR,MX,0.01404149224559801,-100.773,21.559,-55.255,5.089
SR,MY,0.00795340358209447,101.67,2.751,-55.255,5.089
SR,NL,0.007925255545593785,4.945,52.875,-55.255,5.089
SR,NO,0.017947408343942303,8.132,63.44,-55.255,5.089
SR,NZ,0.011022828636690272,175.062,-40.949,-55.255,5.089
SR,PL,0.006760271145271241,17.38,53.213,-55.255,5.089
SR,SA,0.006411488473545975,38.795,31.62,-55.255,5.089
SR,SE,0.014509204175647456,16.282,63.654,-55.255,5.089
SR,TH,0.009690459237346532,101.055,15.311,-55.255,5.089
SR,TR,0.005644445586311532,31.238,39.049,-55.255,5.089
SR,TW,0.014210307448954743,120.945,23.682,-55.255,5.089
SR,US,0.00837290978666277,-99.818,37.615,-55.255,5.089
SR,ZA,0.003986124747333864,23.274,-30.622,-55.255,5.089
SV,AE,0.006881446737092648,55.368,24.754,-88.987,13.448
SV,AT,0.006843537262650082,16.843,48.085,-88.987,13.448
SV,AU,0.010772462561306819,144.154,-31.773,-88.987,13.448
SV,BE,0.006269126391008955,3.208,51.542,-88.987,13.448
SV,BH,0.005737377373772509,50.58,26.1,-88.987,13.448
SV,BR,0.002615228507440712,-41.076,-10.964,-88.987,13.448
SV,CA,0.0045769954326120126,-82.375,46.296,-88.987,13.448
SV,CH,0.005554618798875879,7.299,47.384,-88.987,13.448
SV,CL,0.0015537095218099396,-70.155,-26.329,-88.987,13.448
SV,CN,0.006074387708601093,108.792,38.61,-88.987,13.448
SV,DE,0.005202860965526134,10.674,52.577,-88.987,13.448
SV,DK,0.00966928852672158,10.241,55.6,-88.987,13.448
SV,EG,0.0048914877886544385,32.667,26.551,-88.987,13.448
SV,ES,0.005960625831296567,-3.72,40.031,-88.987,13.448
SV,FI,0.006887764279625329,24.52,65.563,-88.987,13.448
SV,FR,0.006067750584867384,2.152,46.853,-88.987,13.448
SV,GB,0.00793992463135204,-2.227,53.821,-88.987,13.448
SV,GR,0.006111834509758971,22.79,37.756,-88.987,13.448
SV,ID,0.016338880770608112,118.0,-2.0,-88.987,13.448
SV,IE,0.0032994546769019666,-8.248,52.679,-88.987,13.448
SV,IL,0.004944764049025028,34.764,31.223,-88.987,13.448
SV,IN,0.0055007602350985495,76.129,19.557,-88.987,13.448
SV,IT,0.005624123807256889,14.277,41.189,-88.987,13.448
SV,JP,0.0238815126420298,136.251,35.764,-88.987,13.448
SV,KR,0.020706897047456412,127.036,34.738,-88.987,13.448
SV,KW,0.006027004456267542,47.71,28.89,-88.987,13.448
SV,MX,0.0026068656378943605,-100.773,21.559,-88.987,13.448
SV,MY,0.011036275853090895,101.67,2.751,-88.987,13.448
SV,NL,0.005620661566975838,4.945,52.875,-88.987,13.448
SV,NO,0.012491312352562995,8.132,63.44,-88.987,13.448
SV,NZ,0.007583106833450907,175.062,-40.949,-88.987,13.448
SV,PL,0.0064919057578444106,17.38,53.213,-88.987,13.448
SV,SA,0.0072006178629239435,38.795,31.62,-88.987,13.448
SV,SE,0.009816798676677039,16.282,63.654,-88.987,13.448
SV,TH,0.01199064844928581,101.055,15.311,-88.987,13.448
SV,TR,0.005329726967775506,31.238,39.049,-88.987,13.448
SV,TW,0.017709029575149547,120.945,23.682,-88.987,13.448
SV,ZA,0.005954306838573203,23.274,-30.622,-88.987,13.448
TH,AE,0.004778091359707975,55.368,24.754,101.055,15.311
TH,AT,0.007282083155313074,16.843,48.085,101.055,15.311
TH,AU,0.003951338704789552,144.154,-31.773,101.055,15.311
TH,BE,0.0037183497648864295,3.208,51.542,101.055,15.311
TH,BH,0.0047502408425803815,50.58,26.1,101.055,15.311
TH,BR,0.014954808912134914,-41.076,-10.964,101.055,15.311
TH,CA,0.008753233432164366,-82.375,46.296,101.055,15.311
TH,CH,0.01633984591881826,7.299,47.384,101.055,15.311
TH,CL,0.023430966552111934,-70.155,-26.329,101.055,15.311
TH,DE,0.0028718850697331028,10.674,52.577,101.055,15.311
TH,DK,0.00469128814897773,10.241,55.6,101.055,15.311
TH,EG,0.004116770930914419,32.667,26.551,101.055,15.311
TH,ES,0.009490422221414371,-3.72,40.031,101.055,15.311
TH,FI,0.0061156025651687975,24.52,65.563,101.055,15.311
TH,FR,0.005277132112218432,2.152,46.853,101.055,15.311
TH,GB,0.004524876274105754,-2.227,53.821,101.055,15.311
TH,GR,0.00827909143742433,22.79,37.756,101.055,15.311
TH,IE,0.002434883617984207,-8.248,52.679,101.055,15.311
TH,IL,0.007108573521325502,34.764,31.223,101.055,15.311
TH,IN,0.0015469403423534023,76.129,19.557,101.055,15.311
TH,IT,0.00971191934141941,14.277,41.189,101.055,15.311
TH,JP,0.003158163497183164,136.251,35.764,101.055,15.311
TH,KR,0.002012128932164339,127.036,34.738,101.055,15.311
TH,KW,0.004779244013452239,47.71,28.89,101.055,15.311
TH,MX,0.01617932900707111,-100.773,21.559,101.055,15.311
TH,NL,0.002764114385518439,4.945,52.875,101.055,15.311
TH,NO,0.011171387299565566,8.132,63.44,101.055,15.311
TH,NZ,0.01632930296692912,175.062,-40.949,101.055,15.311
TH,PL,0.005494972302995441,17.38,53.213,101.055,15.311
TH,SA,0.00889764915578548,38.795,31.62,101.055,15.311
TH,SE,0.009049392509758027,16.282,63.654,101.055,15.311
TH,TR,0.00503136825030086,31.238,39.049,101.055,15.311
TH,TW,0.001523437110241801,120.945,23.682,101.055,15.311
TH,US,0.005715957155115988,-99.818,37.615,101.055,15.311
TH,ZA,0.011674892680944219,23.274,-30.622,101.055,15.311
TN,AE,0.00654762591884513,55.368,24.754,10.492,37.119
TN,AT,0.00651012407282423,16.843,48.085,10.492,37.119
TN,AU,0.005727177679218886,144.154,-31.773,10.492,37.119
TN,BE,0.003960707709915643,3.208,51.542,10.492,37.119
TN,BH,0.005734479715963992,50.58,26.1,10.492,37.119
TN,BR,0.012006526908057077,-41.076,-10.964,10.492,37.119
TN,CA,0.008850707199466464,-82.375,46.296,10.492,37.119
TN,CH,0.01159556015657471,7.299,47.384,10.492,37.119
TN,CL,0.026354975889088125,-70.155,-26.329,10.492,37.119
TN,CN,0.0020256598168821335,108.792,38.61,10.492,37.119
TN,DE,0.002978440379269743,10.674,52.577,10.492,37.119
TN,DK,0.00620925136001426,10.241,55.6,10.492,37.119
TN,EG,0.0038818876567330647,32.667,26.551,10.492,37.119
TN,ES,0.005523503949310703,-3.72,40.031,10.492,37.119
TN,FI,0.009042074187518042,24.52,65.563,10.492,37.119
TN,FR,0.003879643327814452,2.152,46.853,10.492,37.119
TN,GB,0.004533867782900392,-2.227,53.821,10.492,37.119
TN,GR,0.007354082958682186,22.79,37.756,10.492,37.119
TN,ID,0.003036185694352974,118.0,-2.0,10.492,37.119
TN,IE,0.002792146979675185,-8.248,52.679,10.492,37.119
TN,IL,0.006708446698344631,34.764,31.223,10.492,37.119
TN,IN,0.0051657638454717615,76.129,19.557,10.492,37.119
TN,IT,0.007936481254472877,14.277,41.189,10.492,37.119
TN,JP,0.00549357714256552,136.251,35.764,10.492,37.119
TN,KR,0.004074889853836314,127.036,34.738,10.492,37.119
TN,KW,0.00580387154835716,47.71,28.89,10.492,37.119
TN,MX,0.023722601400331413,-100.773,21.559,10.492,37.119
TN,MY,0.0026354272688663524,101.67,2.751,10.492,37.119
TN,NL,0.0037201972951590363,4.945,52.875,10.492,37.119
TN,NO,0.014314463088899576,8.132,63.44,10.492,37.119
TN,NZ,0.016600329628286347,175.062,-40.949,10.492,37.119
TN,PL,0.005269276424295542,17.38,53.213,10.492,37.119
TN,SA,0.008966836203832413,38.795,31.62,10.492,37.119
TN,SE,0.011362033305269284,16.282,63.654,10.492,37.119
TN,TH,0.0029744149570276653,101.055,15.311,10.492,37.119
TN,TR,0.005096491346196244,31.238,39.049,10.492,37.119
TN,TW,0.0033146641796101993,120.945,23.682,10.492,37.119
TN,US,0.010996041278461835,-99.818,37.615,10.492,37.119
TN,ZA,0.008062329070067485,23.274,-30.622,10.492,37.119
TR,AT,0.0033046573456231346,16.843,48.085,31.238,39.049
TR,AU,0.007281046506647341,144.154,-31.773,31.238,39.049
TR,BE,0.0026152607073383666,3.208,51.542,31.238,39.049
TR,BR,0.013619508600903935,-41.076,-10.964,31.238,39.049
TR,CA,0.011134905019761129,-82.375,46.296,31.238,39.049
TR,CH,0.004833904810613071,7.299,47.384,31.238,39.049
TR,CL,0.039564539786509756,-70.155,-26.329,31.238,39.049
TR,CN,0.0017108557867107045,108.792,38.61,31.238,39.049
TR,DE,0.002245890889332067,10.674,52.577,31.238,39.049
TR,DK,0.005745567036785747,10.241,55.6,31.238,39.049
TR,EG,0.0015715907577805058,32.667,26.551,31.238,39.049
TR,ES,0.0051502980100845246,-3.72,40.031,31.238,39.049
TR,FI,0.009624800963504763,24.52,65.563,31.238,39.049
TR,FR,0.0030894312757936714,2.152,46.853,31.238,39.049
TR,GB,0.005326147933330872,-2.227,53.821,31.238,39.049
TR,GR,0.0034818398372771092,22.79,37.756,31.238,39.049
TR,ID,0.002961591618919009,118.0,-2.0,31.238,39.049
TR,IE,0.0040965451965186556,-8.248,52.679,31.238,39.049
TR,IN,0.004708642839788366,76.129,19.557,31.238,39.049
TR,IT,0.002282401723485097,14.277,41.189,31.238,39.049
TR,JP,0.004630188474026494,136.251,35.764,31.238,39.049
TR,KR,0.0035884908193598622,127.036,34.738,31.238,39.049
TR,MX,0.03661067200004949,-100.773,21.559,31.238,39.049
TR,MY,0.0022252403714434917,101.67,2.751,31.238,39.049
TR,NL,0.004397414164067259,4.945,52.875,31.238,39.049
TR,NO,0.015147956305745235,8.132,63.44,31.238,39.049
TR,NZ,0.020254108890244538,175.062,-40.949,31.238,39.049
TR,PL,0.0018722510059597116,17.38,53.213,31.238,39.049
TR,SE,0.012579672739486052,16.282,63.654,31.238,39.049
TR,TH,0.003110490545631714,101.055,15.311,31.238,39.049
TR,TW,0.0031462478590110403,120.945,23.682,31.238,39.049
TR,US,0.018146948413209022,-99.818,37.615,31.238,39.049
TR,ZA,0.0045653975030537095,23.274,-30.622,31.238,39.049
TW,AE,0.00815978106049211,55.368,24.754,120.945,23.682
TW,AT,0.00958138016557355,16.843,48.085,120.945,23.682
TW,AU,0.004448728743158875,144.154,-31.773,120.945,23.682
TW,BE,0.004471851915126902,3.208,51.542,120.945,23.682
TW,BH,0.007703429783522372,50.58,26.1,120.945,23.682
TW,BR,0.017773385824167275,-41.076,-10.964,120.945,23.682
TW,CA,0.011138475271512424,-82.375,46.296,120.945,23.682
TW,CH,0.020971647944314786,7.299,47.384,120.945,23.682
TW,CL,0.027597404317968473,-70.155,-26.329,120.945,23.682
TW,DE,0.003460519555462038,10.674,52.577,120.945,23.682
TW,DK,0.005658670800530957,10.241,55.6,120.945,23.682
TW,EG,0.005374595202264181,32.667,26.551,120.945,23.682
TW,ES,0.011360560419559759,-3.72,40.031,120.945,23.682
TW,FI,0.007154151596095782,24.52,65.563,120.945,23.682
TW,FR,0.006238229194069836,2.152,46.853,120.945,23.682
TW,GB,0.005677817490000962,-2.227,53.821,120.945,23.682
TW,GR,0.011299069923354698,22.79,37.756,120.945,23.682
TW,IE,0.003500986664609249,-8.248,52.679,120.945,23.682
TW,IL,0.010244862489651979,34.764,31.223,120.945,23.682
TW,IN,0.0036558334673509087,76.129,19.557,120.945,23.682
TW,IT,0.013011707506181153,14.277,41.189,120.945,23.682
TW,JP,0.0019581203887783696,136.251,35.764,120.945,23.682
TW,KR,0.001576125993554452,127.036,34.738,120.945,23.682
TW,KW,0.007821134703718858,47.71,28.89,120.945,23.682
TW,MX,0.022480287234743355,-100.773,21.559,120.945,23.682
TW,NL,0.0033699716015449252,4.945,52.875,120.945,23.682
TW,NO,0.013290588223059343,8.132,63.44,120.945,23.682
TW,NZ,0.01949910493912023,175.062,-40.949,120.945,23.682
TW,PL,0.007149264624277444,17.38,53.213,120.945,23.682
TW,SA,0.013046782619164506,38.795,31.62,120.945,23.682
TW,SE,0.010198615592327374,16.282,63.654,120.945,23.682
TW,TR,0.006899949631280788,31.238,39.049,120.945,23.682
TW,US,0.008885700233369619,-99.818,37.615,120.945,23.682
TW,ZA,0.014804826081960706,23.274,-30.622,120.945,23.682
UA,AE,0.0024691440682131326,55.368,24.754,33.877,44.96
UA,AT,0.00382010429933531,16.843,48.085,33.877,44.96
UA,AU,0.008676947483986083,144.154,-31.773,33.877,44.96
UA,BE,0.0034122145923458583,3.208,51.542,33.877,44.96
UA,BH,0.0022073970510255556,50.58,26.1,33.877,44.96
UA,BR,0.017226393831209625,-41.076,-10.964,33.877,44.96
UA,CA,0.012257591666391891,-82.375,46.296,33.877,44.96
UA,CH,0.005633844083764384,7.299,47.384,33.877,44.96
UA,CL,0.045768293973850974,-70.155,-26.329,33.877,44.96
UA,CN,0.002581198283951258,108.792,38.61,33.877,44.96
UA,DE,0.002659794323111527,10.674,52.577,33.877,44.96
UA,DK,0.00697366891427771,10.241,55.6,33.877,44.96
UA,EG,0.0022838841867177944,32.667,26.551,33.877,44.96
UA,ES,0.0071429939884812416,-3.72,40.031,33.877,44.96
UA,FI,0.010858058200929648,24.52,65.563,33.877,44.96
UA,FR,0.004565687799695294,2.152,46.853,33.877,44.96
UA,GB,0.006525199083086508,-2.227,53.821,33.877,44.96
UA,GR,0.004361373381236525,22.79,37.756,33.877,44.96
UA,ID,0.005429110027943468,118.0,-2.0,33.877,44.96
UA,IE,0.004143426248032369,-8.248,52.679,33.877,44.96
UA,IN,0.004723943901608123,76.129,19.557,33.877,44.96
UA,IT,0.0026572812638787787,14.277,41.189,33.877,44.96
UA,JP,0.007054512114973215,136.251,35.764,33.877,44.96
UA,KR,0.006203020467400626,127.036,34.738,33.877,44.96
UA,KW,0.0020515124866856606,47.71,28.89,33.877,44.96
UA,MX,0.03983402926776571,-100.773,21.559,33.877,44.96
UA,MY,0.004100987159035779,101.67,2.751,33.877,44.96
UA,NL,0.005167089150065898,4.945,52.875,33.877,44.96
UA,NO,0.01746325611874064,8.132,63.44,33.877,44.96
UA,NZ,0.024079949542068633,175.062,-40.949,33.877,44.96
UA,PL,0.0023771276061966633,17.38,53.213,33.877,44.96
UA,SA,0.00223513243204434,38.795,31.62,33.877,44.96
UA,SE,0.013657071657948206,16.282,63.654,33.877,44.96
UA,TH,0.005424385578545707,101.055,15.311,33.877,44.96
UA,TR,0.002926842935665438,31.238,39.049,33.877,44.96
UA,TW,0.005583905829502277,120.945,23.682,33.877,44.96
UA,US,0.018224104946422674,-99.818,37.615,33.877,44.96
UA,ZA,0.006496281956433937,23.274,-30.622,33.877,44.96
UG,AT,0.004111974874193585,16.843,48.085,31.795,0.15
UG,AU,0.00960207254562325,144.154,-31.773,31.795,0.15
UG,BE,0.003760862042510045,3.208,51.542,31.795,0.15
UG,BR,0.015489853967626595,-41.076,-10.964,31.795,0.15
UG,CA,0.01199267929785494,-82.375,46.296,31.795,0.15
UG,CH,0.006037311838722021,7.299,47.384,31.795,0.15
UG,CL,0.04592992623934771,-70.155,-26.329,31.795,0.15
UG,CN,0.0030923891639513547,108.792,38.61,31.795,0.15
UG,DE,0.00299546595990023,10.674,52.577,31.795,0.15
UG,DK,0.007039784014612229,10.241,55.6,31.795,0.15
UG,EG,0.0017780538297356764,32.667,26.551,31.795,0.15
UG,ES,0.005266299709270153,-3.72,40.031,31.795,0.15
UG,FI,0.010791924186534343,24.52,65.563,31.795,0.15
UG,FR,0.003670513519593237,2.152,46.853,31.795,0.15
UG,GB,0.00623398344855791,-2.227,53.821,31.795,0.15
UG,GR,0.0032108392566905686,22.79,37.756,31.795,0.15
UG,ID,0.005851330325169896,118.0,-2.0,31.795,0.15
UG,IE,0.004637858274038004,-8.248,52.679,31.795,0.15
UG,IN,0.004756973873887272,76.129,19.557,31.795,0.15
UG,IT,0.0024495287210073223,14.277,41.189,31.795,0.15
UG,JP,0.008476159790227495,136.251,35.764,31.795,0.15
UG,KR,0.007429759900683992,127.036,34.738,31.795,0.15
UG,MX,0.04080547875225227,-100.773,21.559,31.795,0.15
UG,MY,0.004099035992618687,101.67,2.751,31.795,0.15
UG,NL,0.0054179503997642455,4.945,52.875,31.795,0.15
UG,NO,0.01859479225541768,8.132,63.44,31.795,0.15
UG,NZ,0.022374261590742323,175.062,-40.949,31.795,0.15
UG,PL,0.00272993983964077,17.38,53.213,31.795,0.15
UG,SE,0.013740497231904307,16.282,63.654,31.795,0.15
UG,TH,0.00564337718530907,101.055,15.311,31.795,0.15
UG,TR,0.0023178217316268445,31.238,39.049,31.795,0.15
UG,TW,0.006440483086192324,120.945,23.682,31.795,0.15
UG,US,0.019607465960804333,-99.818,37.615,31.795,0.15
US,AT,0.0026968669448232405,16.843,48.085,-99.818,37.615
US,AU,0.0031471665535747774,144.154,-31.773,-99.818,37.615
US,BE,0.001990346266223265,3.208,51.542,-99.818,37.615
US,BR,0.004621696362988857,-41.076,-10.964,-99.818,37.615
US,CA,0.0016368732061843548,-82.375,46.296,-99.818,37.615
US,CH,0.004254263331653541,7.299,47.384,-99.818,37.615
US,CL,0.007344102807090878,-70.155,-26.329,-99.818,37.615
US,DE,0.0016419942796015942,10.674,52.577,-99.818,37.615
US,DK,0.002979992850968005,10.241,55.6,-99.818,37.615
US,ES,0.003197855831633936,-3.72,40.031,-99.818,37.615
US,FI,0.0025450154284145363,24.52,65.563,-99.818,37.615
US,FR,0.002236069493392238,2.152,46.853,-99.818,37.615
US,GB,0.002781570580584906,-2.227,53.821,-99.818,37.615
US,GR,0.002638680678114493,22.79,37.756,-99.818,37.615
US,ID,0.003124404677424589,118.0,-2.0,-99.818,37.615
US,IL,0.001910535542942967,34.764,31.223,-99.818,37.615
US,IT,0.0029820501253805796,14.277,41.189,-99.818,37.615
US,JP,0.00450797046612433,136.251,35.764,-99.818,37.615
US,KR,0.0037095136592058837,127.036,34.738,-99.818,37.615
US,MX,0.004946833894234616,-100.773,21.559,-99.818,37.615
US,MY,0.00215420295416492,101.67,2.751,-99.818,37.615
US,NL,0.0019295330170374762,4.945,52.875,-99.818,37.615
US,NO,0.00408519093616874,8.132,63.44,-99.818,37.615
US,NZ,0.006119896128975291,175.062,-40.949,-99.818,37.615
US,PL,0.0022338506770245028,17.38,53.213,-99.818,37.615
US,SA,0.002276588477114104,38.795,31.62,-99.818,37.615
US,SE,0.0030497118877552193,16.282,63.654,-99.818,37.615
US,TH,0.0023606104819526587,101.055,15.311,-99.818,37.615
US,TR,0.002021892889656469,31.238,39.049,-99.818,37.615
US,TW,0.0033620083259155186,120.945,23.682,-99.818,37.615
US,ZA,0.0030148642980867713,23.274,-30.622,-99.818,37.615
UY,AE,0.0023660634235544787,55.368,24.754,-56.217,-33.179
UY,AT,0.005535659356005435,16.843,48.085,-56.217,-33.179
UY,AU,0.008530728239790295,144.154,-31.773,-56.217,-33.179
UY,BE,0.005044475478173837,3.208,51.542,-56.217,-33.179
UY,BH,0.0019948159068260366,50.58,26.1,-56.217,-33.179
UY,BR,0.0021179464849263177,-41.076,-10.964,-56.217,-33.179
UY,CA,0.0034161543801034255,-82.375,46.296,-56.217,-33.179
UY,CH,0.003766588592879105,7.299,47.384,-56.217,-33.179
UY,CL,0.008300303093987616,-70.155,-26.329,-56.217,-33.179
UY,CN,0.0025572300027224197,108.792,38.61,-56.217,-33.179
UY,DE,0.00391502469420876,10.674,52.577,-56.217,-33.179
UY,DK,0.009373812081277574,10.241,55.6,-56.217,-33.179
UY,EG,0.0026699690472876997,32.667,26.551,-56.217,-33.179
UY,ES,0.003848061938215082,-3.72,40.031,-56.217,-33.179
UY,FI,0.008702678444110047,24.52,65.563,-56.217,-33.179
UY,FR,0.004919864386211421,2.152,46.853,-56.217,-33.179
UY,GB,0.005713571208290225,-2.227,53.821,-56.217,-33.179
UY,GR,0.004760103213766734,22.79,37.756,-56.217,-33.179
UY,ID,0.006045363460379166,118.0,-2.0,-56.217,-33.179
UY,IE,0.003514987835496444,-8.248,52.679,-56.217,-33.179
UY,IL,0.002315373068784337,34.764,31.223,-56.217,-33.179
UY,IN,0.004573189588555433,76.129,19.557,-56.217,-33.179
UY,IT,0.003593505242791035,14.277,41.189,-56.217,-33.179
UY,JP,0.013341234792722336,136.251,35.764,-56.217,-33.179
UY,KR,0.010252828920450378,127.036,34.738,-56.217,-33.179
UY,KW,0.002279954027302034,47.71,28.89,-56.217,-33.179
UY,MX,0.01445645463307147,-100.773,21.559,-56.217,-33.179
UY,MY,0.003156520373065216,101.67,2.751,-56.217,-33.179
UY,NL,0.0053157361588883805,4.945,52.875,-56.217,-33.179
UY,NO,0.013788853632225368,8.132,63.44,-56.217,-33.179
UY,NZ,0.0094860791182077,175.062,-40.949,-56.217,-33.179
UY,PL,0.004382625349104626,17.38,53.213,-56.217,-33.179
UY,SA,0.0030745961579258115,38.795,31.62,-56.217,-33.179
UY,SE,0.011484861322453497,16.282,63.654,-56.217,-33.179
UY,TH,0.004043229887844467,101.055,15.311,-56.217,-33.179
UY,TR,0.0033193096057984924,31.238,39.049,-56.217,-33.179
UY,TW,0.007201253877372773,120.945,23.682,-56.217,-33.179
UY,US,0.009071389113453034,-99.818,37.615,-56.217,-33.179
UY,ZA,0.002223219341399616,23.274,-30.622,-56.217,-33.179
UZ,AT,0.006513657839326711,16.843,48.085,66.72,39.583
UZ,AU,0.008357842300805123,144.154,-31.773,66.72,39.583
UZ,BE,0.004488187296258787,3.208,51.542,66.72,39.583
UZ,BR,0.020952300267235213,-41.076,-10.964,66.72,39.583
UZ,CA,0.01067377475492569,-82.375,46.296,66.72,39.583
UZ,CH,0.014002560425300549,7.299,47.384,66.72,39.583
UZ,CL,0.04296344952778272,-70.155,-26.329,66.72,39.583
UZ,DE,0.0030572389214998633,10.674,52.577,66.72,39.583
UZ,DK,0.006483622489684015,10.241,55.6,66.72,39.583
UZ,EG,0.003094913643974378,32.667,26.551,66.72,39.583
UZ,ES,0.009310270611163862,-3.72,40.031,66.72,39.583
UZ,FI,0.009660462909423566,24.52,65.563,66.72,39.583
UZ,FR,0.005301709620125799,2.152,46.853,66.72,39.583
UZ,GB,0.006488435968757158,-2.227,53.821,66.72,39.583
UZ,GR,0.005895224068095966,22.79,37.756,66.72,39.583
UZ,ID,0.0031682251099814087,118.0,-2.0,66.72,39.583
UZ,IE,0.00468325663392704,-8.248,52.679,66.72,39.583
UZ,IL,0.0028212940409122547,34.764,31.223,66.72,39.583
UZ,IN,0.002946704668335801,76.129,19.557,66.72,39.583
UZ,IT,0.00649467186072352,14.277,41.189,66.72,39.583
UZ,JP,0.006156561096145409,136.251,35.764,66.72,39.583
UZ,KR,0.004903172963403635,127.036,34.738,66.72,39.583
UZ,MX,0.03256773560632147,-100.773,21.559,66.72,39.583
UZ,MY,0.0019578572293414563,101.67,2.751,66.72,39.583
UZ,NL,0.004103371085073619,4.945,52.875,66.72,39.583
UZ,NO,0.017549471982087228,8.132,63.44,66.72,39.583
UZ,NZ,0.0242449500215995,175.062,-40.949,66.72,39.583
UZ,PL,0.0041160599694081024,17.38,53.213,66.72,39.583
UZ,SA,0.0031806045954212185,38.795,31.62,66.72,39.583
UZ,SE,0.012634761996859652,16.282,63.654,66.72,39.583
UZ,TH,0.002603776842461679,101.055,15.311,66.72,39.583
UZ,TR,0.003501586217944089,31.238,39.049,66.72,39.583
UZ,TW,0.003783987049673377,120.945,23.682,66.72,39.583
UZ,US,0.015332116861229116,-99.818,37.615,66.72,39.583
UZ,ZA,0.007877664175758997,23.274,-30.622,66.72,39.583
VN,AE,0.005549206656026121,55.368,24.754,107.849,11.326
VN,AT,0.00790779282126274,16.843,48.085,107.849,11.326
VN,AU,0.004058103738150387,144.154,-31.773,107.849,11.326
VN,BE,0.003870690421008727,3.208,51.542,107.849,11.326
VN,BH,0.005089480565902215,50.58,26.1,107.849,11.326
VN,BR,0.01541652152628219,-41.076,-10.964,107.849,11.326
VN,CA,0.007494667111886219,-82.375,46.296,107.849,11.326
VN,CH,0.01805255003089151,7.299,47.384,107.849,11.326
VN,CL,0.021295680710740627,-70.155,-26.329,107.849,11.326
VN,DE,0.003016346114021142,10.674,52.577,107.849,11.326
VN,DK,0.0046218483878586345,10.241,55.6,107.849,11.326
VN,EG,0.004029685593888831,32.667,26.551,107.849,11.326
VN,ES,0.008662655880078727,-3.72,40.031,107.849,11.326
VN,FI,0.0057338810510475175,24.52,65.563,107.849,11.326
VN,FR,0.004876205288606735,2.152,46.853,107.849,11.326
VN,GB,0.004453672429669863,-2.227,53.821,107.849,11.326
VN,GR,0.0084959123486357,22.79,37.756,107.849,11.326
VN,IE,0.002696496405319097,-8.248,52.679,107.849,11.326
VN,IL,0.007824624227950702,34.764,31.223,107.849,11.326
VN,IN,0.0019744563871796623,76.129,19.557,107.849,11.326
VN,IT,0.010586179740144565,14.277,41.189,107.849,11.326
VN,JP,0.002312695409102424,136.251,35.764,107.849,11.326
VN,KR,0.0016197956592054635,127.036,34.738,107.849,11.326
VN,KW,0.005265625431395388,47.71,28.89,107.849,11.326
VN,MX,0.015523444245248201,-100.773,21.559,107.849,11.326
VN,NL,0.0026684564118724533,4.945,52.875,107.849,11.326
VN,NO,0.011528926002772817,8.132,63.44,107.849,11.326
VN,NZ,0.017288018309644392,175.062,-40.949,107.849,11.326
VN,PL,0.005803806624873329,17.38,53.213,107.849,11.326
VN,SA,0.009463413897590821,38.795,31.62,107.849,11.326
VN,SE,0.008729722333328045,16.282,63.654,107.849,11.326
VN,TR,0.004938421317959949,31.238,39.049,107.849,11.326
VN,US,0.005872724203134939,-99.818,37.615,107.849,11.326
VN,ZA,0.010952198860517556,23.274,-30.622,107.849,11.326
ZA,AE,0.0031007828116158816,55.368,24.754,23.274,-30.622
ZA,AT,0.003139957968062444,16.843,48.085,23.274,-30.622
ZA,AU,0.0051713528747125825,144.154,-31.773,23.274,-30.622
ZA,BE,0.0023859522612926874,3.208,51.542,23.274,-30.622
ZA,BH,0.002474623921717372,50.58,26.1,23.274,-30.622
ZA,BR,0.007687602544134369,-41.076,-10.964,23.274,-30.622
ZA,CA,0.006392052639366299,-82.375,46.296,23.274,-30.622
ZA,CH,0.0055749904177137995,7.299,47.384,23.274,-30.622
ZA,CL,0.023232126829416052,-70.155,-26.329,23.274,-30.622
ZA,CN,0.002464627928671989,108.792,38.61,23.274,-30.622
ZA,DE,0.0017434504867326667,10.674,52.577,23.274,-30.622
ZA,DK,0.003941536059203032,10.241,55.6,23.274,-30.622
ZA,ES,0.003596330624646356,-3.72,40.031,23.274,-30.622
ZA,FI,0.005750872764709327,24.52,65.563,23.274,-30.622
ZA,FR,0.00239987475758606,2.152,46.853,23.274,-30.622
ZA,GB,0.003963036675104411,-2.227,53.821,23.274,-30.622
ZA,GR,0.002702645550456594,22.79,37.756,23.274,-30.622
ZA,ID,0.005298286384270842,118.0,-2.0,23.274,-30.622
ZA,IE,0.0030368716729787925,-8.248,52.679,23.274,-30.622
ZA,IL,0.0018217646619667824,34.764,31.223,23.274,-30.622
ZA,IN,0.0034571041502585395,76.129,19.557,23.274,-30.622
ZA,IT,0.0026227675177954977,14.277,41.189,23.274,-30.622
ZA,JP,0.004744858294653118,136.251,35.764,23.274,-30.622
ZA,KR,0.004966178641467455,127.036,34.738,23.274,-30.622
ZA,KW,0.0025742385424664103,47.71,28.89,23.274,-30.622
ZA,MX,0.021869929678351614,-100.773,21.559,23.274,-30.622
ZA,MY,0.004553455927090326,101.67,2.751,23.274,-30.622
ZA,NL,0.00263423538937628,4.945,52.875,23.274,-30.622
ZA,NO,0.009952567669234968,8.132,63.44,23.274,-30.622
ZA,NZ,0.012551906559676886,175.062,-40.949,23.274,-30.622
ZA,PL,0.0023427760178285485,17.38,53.213,23.274,-30.622
ZA,SA,0.002815945725279191,38.795,31.62,23.274,-30.622
ZA,SE,0.006930848398014432,16.282,63.654,23.274,-30.622
ZA,TH,0.005356763294077265,101.055,15.311,23.274,-30.622
ZA,TR,0.002024211484276381,31.238,39.049,23.274,-30.622
ZA,TW,0.005210664065736369,120.945,23.682,23.274,-30.622
ZA,US,0.010610959192513416,-99.818,37.615,23.274,-30.622
ZM,AT,0.004051079269894019,16.843,48.085,28.35,-15.55
ZM,AU,0.009603404688265137,144.154,-31.773,28.35,-15.55
ZM,BE,0.003907951140546828,3.208,51.542,28.35,-15.55
ZM,BR,0.01355740829197379,-41.076,-10.964,28.35,-15.55
ZM,CA,0.011435078868825343,-82.375,46.296,28.35,-15.55
ZM,CH,0.004983534277457785,7.299,47.384,28.35,-15.55
ZM,CL,0.041686878825222665,-70.155,-26.329,28.35,-15.55
ZM,CN,0.0032235997877055086,108.792,38.61,28.35,-15.55
ZM,DE,0.003230221848814727,10.674,52.577,28.35,-15.55
ZM,DK,0.007445233664886079,10.241,55.6,28.35,-15.55
ZM,EG,0.0018874662823536617,32.667,26.551,28.35,-15.55
ZM,ES,0.005074714522381106,-3.72,40.031,28.35,-15.55
ZM,FI,0.011108581129523601,24.52,65.563,28.35,-15.55
ZM,FR,0.0038914835511804093,2.152,46.853,28.35,-15.55
ZM,GB,0.006386695769768005,-2.227,53.821,28.35,-15.55
ZM,GR,0.003115066980028922,22.79,37.756,28.35,-15.55
ZM,ID,0.006517980699309198,118.0,-2.0,28.35,-15.55
ZM,IE,0.004408056929731687,-8.248,52.679,28.35,-15.55
ZM,IN,0.004778155868880634,76.129,19.557,28.35,-15.55
ZM,IT,0.002154817253608033,14.277,41.189,28.35,-15.55
ZM,JP,0.009059336893962228,136.251,35.764,28.35,-15.55
ZM,KR,0.007929510675848987,127.036,34.738,28.35,-15.55
ZM,MX,0.038786717578303265,-100.773,21.559,28.35,-15.55
ZM,MY,0.004708956583516606,101.67,2.751,28.35,-15.55
ZM,NL,0.005708921913122417,4.945,52.875,28.35,-15.55
ZM,NO,0.018191575537443026,8.132,63.44,28.35,-15.55
ZM,NZ,0.02102610420779355,175.062,-40.949,28.35,-15.55
ZM,PL,0.0027151289568094804,17.38,53.213,28.35,-15.55
ZM,SE,0.013919598140406745,16.282,63.654,28.35,-15.55
ZM,TH,0.006182838132427224,101.055,15.311,28.35,-15.55
ZM,TR,0.002349075551217086,31.238,39.049,28.35,-15.55
ZM,TW,0.007038595639006348,120.945,23.682,28.35,-15.55
ZM,US,0.01829017140174431,-99.818,37.615,28.35,-15.55
