sender_country,receiver_country,weight,recv_lon,recv_lat,send_lon,send_lat
AE,AT,0.008266039529656852,16.843,48.085,55.368,24.754
AE,BE,0.006185925515585463,3.208,51.542,55.368,24.754
AE,CH,0.016609151279725263,7.299,47.384,55.368,24.754
AE,CN,0.0026659082382525195,108.792,38.61,55.368,24.754
AE,DE,0.005221072360449274,10.674,52.577,55.368,24.754
AE,DK,0.012211458389399276,10.241,55.6,55.368,24.754
AE,EG,0.003686459287232798,32.667,26.551,55.368,24.754
AE,ES,0.016336181717754698,-3.72,40.031,55.368,24.754
AE,FI,0.02334932150723609,24.52,65.563,55.368,24.754
AE,FR,0.008477609229860667,2.152,46.853,55.368,24.754
AE,GB,0.013146189378520983,-2.227,53.821,55.368,24.754
AE,GR,0.007759085861866262,22.79,37.756,55.368,24.754
AE,ID,0.004331295542220488,118.0,-2.0,55.368,24.754
AE,IE,0.008501039617275446,-8.248,52.679,55.368,24.754
AE,IL,0.0015583655818151754,34.764,31.223,55.368,24.754
AE,IN,0.0055741363538370815,76.129,19.557,55.368,24.754
AE,IT,0.006821974389458811,14.277,41.189,55.368,24.754
AE,JP,0.008254918473928766,136.251,35.764,55.368,24.754
AE,KR,0.0065076136577127,127.036,34.738,55.368,24.754
AE,MY,0.002438537416246922,101.67,2.751,55.368,24.754
AE,NL,0.010260892252528681,4.945,52.875,55.368,24.754
AE,NO,0.03485021683906908,8.132,63.44,55.368,24.754
AE,PL,0.004587751916505675,17.38,53.213,55.368,24.754
AE,SE,0.025734333192099394,16.282,63.654,55.368,24.754
AE,TH,0.004536542786660167,101.055,15.311,55.368,24.754
AE,TR,0.004669645511955589,31.238,39.049,55.368,24.754
AE,TW,0.005395073864040991,120.945,23.682,55.368,24.754
AE,ZA,0.012681170570097884,23.274,-30.622,55.368,24.754
AF,AT,0.009119267479454424,16.843,48.085,65.794,31.647
AF,BE,0.006571752071881535,3.208,51.542,65.794,31.647
AF,CH,0.020985474168626804,7.299,47.384,65.794,31.647
AF,CN,0.002419724563713474,108.792,38.61,65.794,31.647
AF,DE,0.005033724388049083,10.674,52.577,65.794,31.647
AF,DK,0.011728499227428671,10.241,55.6,65.794,31.647
AF,EG,0.0038675724965112884,32.667,26.551,65.794,31.647
AF,ES,0.01798496446116824,-3.72,40.031,65.794,31.647
AF,FI,0.022585099612152333,24.52,65.563,65.794,31.647
AF,FR,0.008632009416286926,2.152,46.853,65.794,31.647
AF,GB,0.013160315537719063,-2.227,53.821,65.794,31.647
AF,GR,0.00899688695701662,22.79,37.756,65.794,31.647
AF,ID,0.0032862650235635535,118.0,-2.0,65.794,31.647
AF,IE,0.010558071756518241,-8.248,52.679,65.794,31.647
AF,IL,0.0026323818746539812,34.764,31.223,65.794,31.647
AF,IN,0.005663681039564695,76.129,19.557,65.794,31.647
AF,IT,0.008539901636757373,14.277,41.189,65.794,31.647
AF,JP,0.0073913035882686535,136.251,35.764,65.794,31.647
AF,KR,0.005596506572967835,127.036,34.738,65.794,31.647
AF,MY,0.001567575288483999,101.67,2.751,65.794,31.647
AF,NL,0.009796054797337634,4.945,52.875,65.794,31.647
AF,NO,0.032228056772109215,8.132,63.44,65.794,31.647
AF,PL,0.00528785388534952,17.38,53.213,65.794,31.647
AF,SA,0.002580739627328806,38.795,31.62,65.794,31.647
AF,SE,0.024677049028275406,16.282,63.654,65.794,31.647
AF,TH,0.0034617216000578975,101.055,15.311,65.794,31.647
AF,TR,0.004914411108777919,31.238,39.049,65.794,31.647
AF,TW,0.00454388445977886,120.945,23.682,65.794,31.647
AF,ZA,0.012636568433998635,23.274,-30.622,65.794,31.647
AR,BR,0.009067316013148393,-41.076,-10.964,-66.322,-29.598
AR,CA,0.017752233541191802,-82.375,46.296,-66.322,-29.598
AR,CL,0.007752886132189548,-70.155,-26.329,-66.322,-29.598
AR,ES,0.03288705157578397,-3.72,40.031,-66.322,-29.598
AR,MX,0.02549541136174034,-100.773,21.559,-66.322,-29.598
AR,NZ,0.04168966293871844,175.062,-40.949,-66.322,-29.598
AR,US,0.018679729962279876,-99.818,37.615,-66.322,-29.598
AR,ZA,0.01898514606362754,23.274,-30.622,-66.322,-29.598
AT,AE,0.011998696623574228,55.368,24.754,16.843,48.085
AT,BE,0.003919948081674212,3.208,51.542,16.843,48.085
AT,BH,0.010250593300276082,50.58,26.1,16.843,48.085
AT,BR,0.02166479580383875,-41.076,-10.964,16.843,48.085
AT,CA,0.014882213274449264,-82.375,46.296,16.843,48.085
AT,CH,0.016483300408215315,7.299,47.384,16.843,48.085
AT,CN,0.003336653489276114,108.792,38.61,16.843,48.085
AT,DE,0.003075641621040716,10.674,52.577,16.843,48.085
AT,DK,0.005064433871504165,10.241,55.6,16.843,48.085
AT,EG,0.005975546064671268,32.667,26.551,16.843,48.085
AT,ES,0.009590520043099893,-3.72,40.031,16.843,48.085
AT,FI,0.009779187600614567,24.52,65.563,16.843,48.085
AT,FR,0.005211557562709383,2.152,46.853,16.843,48.085
AT,GB,0.006303007180904882,-2.227,53.821,16.843,48.085
AT,GR,0.00940777775932704,22.79,37.756,16.843,48.085
AT,IE,0.003922746993003596,-8.248,52.679,16.843,48.085
AT,IL,0.01018014428998479,34.764,31.223,16.843,48.085
AT,IN,0.006785629095118949,76.129,19.557,16.843,48.085
AT,IT,0.010251733807557811,14.277,41.189,16.843,48.085
AT,JP,0.004339742040394823,136.251,35.764,16.843,48.085
AT,KR,0.0045423414220818045,127.036,34.738,16.843,48.085
AT,KW,0.010305340133211147,47.71,28.89,16.843,48.085
AT,MX,0.03541614016271942,-100.773,21.559,16.843,48.085
AT,MY,0.0056830527885915645,101.67,2.751,16.843,48.085
AT,NL,0.00426855194925814,4.945,52.875,16.843,48.085
AT,NO,0.015753974366973438,8.132,63.44,16.843,48.085
AT,PL,0.0059087051058646515,17.38,53.213,16.843,48.085
AT,SA,0.014350398819314492,38.795,31.62,16.843,48.085
AT,SE,0.012495120386906278,16.282,63.654,16.843,48.085
AT,TH,0.00650560914573714,101.055,15.311,16.843,48.085
AT,TR,0.006999732567427968,31.238,39.049,16.843,48.085
AT,TW,0.005084662938178081,120.945,23.682,16.843,48.085
AT,US,0.014083731534176443,-99.818,37.615,16.843,48.085
AT,ZA,0.013222547876611243,23.274,-30.622,16.843,48.085
AU,CN,0.010163655322064312,108.792,38.61,144.154,-31.773
AU,ID,0.008500532255206729,118.0,-2.0,144.154,-31.773
AU,IN,0.03666721660209141,76.129,19.557,144.154,-31.773
AU,JP,0.00999133492190055,136.251,35.764,144.154,-31.773
AU,KR,0.008189990762492019,127.036,34.738,144.154,-31.773
AU,MY,0.013054634815574222,101.67,2.751,144.154,-31.773
AU,NZ,0.041581273484881213,175.062,-40.949,144.154,-31.773
AU,TH,0.015022401956442152,101.055,15.311,144.154,-31.773
AU,TW,0.007231926094139524,120.945,23.682,144.154,-31.773
BD,AE,0.00322638281573199,55.368,24.754,92.256,20.982
BD,AT,0.011325340282245,16.843,48.085,92.256,20.982
BD,AU,0.017298543817705576,144.154,-31.773,92.256,20.982
BD,BE,0.006631476677348605,3.208,51.542,92.256,20.982
BD,BH,0.003516974386818765,50.58,26.1,92.256,20.982
BD,CH,0.02623913215676022,7.299,47.384,92.256,20.982
BD,CN,0.0018835766222284462,108.792,38.61,92.256,20.982
BD,DE,0.004851191288613472,10.674,52.577,92.256,20.982
BD,DK,0.011385430582293382,10.241,55.6,92.256,20.982
BD,EG,0.005384782573345407,32.667,26.551,92.256,20.982
BD,ES,0.020000616318355702,-3.72,40.031,92.256,20.982
BD,FI,0.02214298969551213,24.52,65.563,92.256,20.982
BD,FR,0.009609178446680708,2.152,46.853,92.256,20.982
BD,GB,0.012842212645156748,-2.227,53.821,92.256,20.982
BD,GR,0.012490203501614772,22.79,37.756,92.256,20.982
BD,IE,0.008636686631830131,-8.248,52.679,92.256,20.982
BD,IL,0.006972806107218273,34.764,31.223,92.256,20.982
BD,IN,0.005211088384487643,76.129,19.557,92.256,20.982
BD,IT,0.012699937391082395,14.277,41.189,92.256,20.982
BD,JP,0.004558850588658426,136.251,35.764,92.256,20.982
BD,KR,0.0029074255365684615,127.036,34.738,92.256,20.982
BD,KW,0.003828659689726277,47.71,28.89,92.256,20.982
BD,NL,0.00867450556564189,4.945,52.875,92.256,20.982
BD,NO,0.033849912180751264,8.132,63.44,92.256,20.982
BD,PL,0.007097611727333047,17.38,53.213,92.256,20.982
BD,SA,0.00810040962783939,38.795,31.62,92.256,20.982
BD,SE,0.025037271098425982,16.282,63.654,92.256,20.982
BD,TH,0.002296814133908468,101.055,15.311,92.256,20.982
BD,TR,0.007238403988668284,31.238,39.049,92.256,20.982
BD,TW,0.002161959857936358,120.945,23.682,92.256,20.982
BD,ZA,0.017733366490852175,23.274,-30.622,92.256,20.982
BE,AE,0.00560760517414788,55.368,24.754,3.208,51.542
BE,AT,0.0032485083314237806,16.843,48.085,3.208,51.542
BE,BH,0.004858271258954647,50.58,26.1,3.208,51.542
BE,BR,0.0169987292012242,-41.076,-10.964,3.208,51.542
BE,CA,0.011397921160064379,-82.375,46.296,3.208,51.542
BE,CH,0.005095092779950188,7.299,47.384,3.208,51.542
BE,CN,0.0022380331561476846,108.792,38.61,3.208,51.542
BE,DK,0.0031691999696915156,10.241,55.6,3.208,51.542
BE,EG,0.002715925932438176,32.667,26.551,3.208,51.542
BE,ES,0.005381582832104319,-3.72,40.031,3.208,51.542
BE,FI,0.00844560634354638,24.52,65.563,3.208,51.542
BE,GB,0.002307878462968539,-2.227,53.821,3.208,51.542
BE,GR,0.004121112294876326,22.79,37.756,3.208,51.542
BE,IE,0.002540606528639369,-8.248,52.679,3.208,51.542
BE,IL,0.0036641836413649604,34.764,31.223,3.208,51.542
BE,IN,0.005282475190493442,76.129,19.557,3.208,51.542
BE,IT,0.0030419895913725544,14.277,41.189,3.208,51.542
BE,JP,0.003368343630736441,136.251,35.764,3.208,51.542
BE,KR,0.003063642428379179,127.036,34.738,3.208,51.542
BE,KW,0.0045342135027775865,47.71,28.89,3.208,51.542
BE,MX,0.0360757877754878,-100.773,21.559,3.208,51.542
BE,NL,0.0015315811090222324,4.945,52.875,3.208,51.542
BE,NO,0.01416480761060391,8.132,63.44,3.208,51.542
BE,PL,0.00212827478700175,17.38,53.213,3.208,51.542
BE,SA,0.005692345715338527,38.795,31.62,3.208,51.542
BE,SE,0.009324854584083121,16.282,63.654,3.208,51.542
BE,TH,0.004619971075142611,101.055,15.311,3.208,51.542
BE,TR,0.0030676999355079724,31.238,39.049,3.208,51.542
BE,TW,0.0036183839790395293,120.945,23.682,3.208,51.542
BE,US,0.015257796282699168,-99.818,37.615,3.208,51.542
BE,ZA,0.007236397644349948,23.274,-30.622,3.208,51.542
BF,AE,0.005936393995894838,55.368,24.754,-1.637,12.307
BF,AT,0.007540025138504563,16.843,48.085,-1.637,12.307
BF,BE,0.007234314818935417,3.208,51.542,-1.637,12.307
BF,BH,0.004490011529836126,50.58,26.1,-1.637,12.307
BF,BR,0.01206125064400565,-41.076,-10.964,-1.637,12.307
BF,CA,0.014429873895322277,-82.375,46.296,-1.637,12.307
BF,CH,0.001726535356366316,7.299,47.384,-1.637,12.307
BF,CL,0.05057224079358411,-70.155,-26.329,-1.637,12.307
BF,DE,0.006207356331835995,10.674,52.577,-1.637,12.307
BF,DK,0.01479534186548632,10.241,55.6,-1.637,12.307
BF,EG,0.004135970358846084,32.667,26.551,-1.637,12.307
BF,ES,0.0049107652720635974,-3.72,40.031,-1.637,12.307
BF,FI,0.020206704643749455,24.52,65.563,-1.637,12.307
BF,FR,0.0063052539997950135,2.152,46.853,-1.637,12.307
BF,GB,0.01064372932455982,-2.227,53.821,-1.637,12.307
BF,GR,0.006152892569005524,22.79,37.756,-1.637,12.307
BF,IE,0.006616516194234236,-8.248,52.679,-1.637,12.307
BF,IL,0.0020037164236386133,34.764,31.223,-1.637,12.307
BF,IN,0.012696562968706221,76.129,19.557,-1.637,12.307
BF,IT,0.0026570686329031364,14.277,41.189,-1.637,12.307
BF,KW,0.004540798635549042,47.71,28.89,-1.637,12.307
BF,NL,0.010896580220407386,4.945,52.875,-1.637,12.307
BF,NO,0.02842269672151463,8.132,63.44,-1.637,12.307
BF,PL,0.005297404737486201,17.38,53.213,-1.637,12.307
BF,SA,0.003867508887997037,38.795,31.62,-1.637,12.307
BF,SE,0.022746045700797732,16.282,63.654,-1.637,12.307
BF,TR,0.005473701631744228,31.238,39.049,-1.637,12.307
BF,US,0.029886968057028306,-99.818,37.615,-1.637,12.307
BF,ZA,0.0018478222403663102,23.274,-30.622,-1.637,12.307
BG,AE,0.0034703004398896754,55.368,24.754,26.619,43.005
BG,AT,0.0035696087888932326,16.843,48.085,26.619,43.005
BG,BE,0.0028638744355990544,3.208,51.542,26.619,43.005
BG,BH,0.003069661654855893,50.58,26.1,26.619,43.005
BG,BR,0.026925266460588224,-41.076,-10.964,26.619,43.005
BG,CA,0.019280429431799032,-82.375,46.296,26.619,43.005
BG,CH,0.006724982129005743,7.299,47.384,26.619,43.005
BG,CN,0.0025833167016409316,108.792,38.61,26.619,43.005
BG,DE,0.002427147730889887,10.674,52.577,26.619,43.005
BG,DK,0.00656825560928474,10.241,55.6,26.619,43.005
BG,EG,0.0026671259110173044,32.667,26.551,26.619,43.005
BG,ES,0.0074080078744003545,-3.72,40.031,26.619,43.005
BG,FI,0.013550513778648972,24.52,65.563,26.619,43.005
BG,FR,0.004421616772199955,2.152,46.853,26.619,43.005
BG,GB,0.007382969549651757,-2.227,53.821,26.619,43.005
BG,GR,0.0037464492918587154,22.79,37.756,26.619,43.005
BG,ID,0.004155689386566539,118.0,-2.0,26.619,43.005
BG,IE,0.005233962038201662,-8.248,52.679,26.619,43.005
BG,IL,0.0020249979096764827,34.764,31.223,26.619,43.005
BG,IN,0.0054781982172602845,76.129,19.557,26.619,43.005
BG,IT,0.002808316508201585,14.277,41.189,26.619,43.005
BG,JP,0.004562412088092206,136.251,35.764,26.619,43.005
BG,KR,0.004039812517442031,127.036,34.738,26.619,43.005
BG,KW,0.002653905559822894,47.71,28.89,26.619,43.005
BG,MY,0.003550252631330594,101.67,2.751,26.619,43.005
BG,NL,0.005479942160149115,4.945,52.875,26.619,43.005
BG,NO,0.02069783744114251,8.132,63.44,26.619,43.005
BG,PL,0.0018878973737210467,17.38,53.213,26.619,43.005
BG,SA,0.0032213502494942113,38.795,31.62,26.619,43.005
BG,SE,0.015069577521860085,16.282,63.654,26.619,43.005
BG,TH,0.005001161949671887,101.055,15.311,26.619,43.005
BG,TR,0.002360945884645617,31.238,39.049,26.619,43.005
BG,TW,0.004255991500797328,120.945,23.682,26.619,43.005
BG,US,0.027722424931380232,-99.818,37.615,26.619,43.005
BG,ZA,0.007802586518182108,23.274,-30.622,26.619,43.005
BH,AT,0.009211622761989065,16.843,48.085,50.58,26.1
BH,BE,0.007349840954736126,3.208,51.542,50.58,26.1
BH,CH,0.0159820268129978,7.299,47.384,50.58,26.1
BH,CN,0.003421215537327683,108.792,38.61,50.58,26.1
BH,DE,0.005463284850294354,10.674,52.577,50.58,26.1
BH,DK,0.015004107359146672,10.241,55.6,50.58,26.1
BH,EG,0.0032383641238624677,32.667,26.551,50.58,26.1
BH,ES,0.015799345575371358,-3.72,40.031,50.58,26.1
BH,FI,0.02869186924480343,24.52,65.563,50.58,26.1
BH,FR,0.008946757092775294,2.152,46.853,50.58,26.1
BH,GB,0.01453476625876781,-2.227,53.821,50.58,26.1
BH,GR,0.008164891150892169,22.79,37.756,50.58,26.1
BH,ID,0.00439423655130311,118.0,-2.0,50.58,26.1
BH,IE,0.01029992993377069,-8.248,52.679,50.58,26.1
BH,IN,0.008134533919203641,76.129,19.557,50.58,26.1
BH,IT,0.0061163883946483465,14.277,41.189,50.58,26.1
BH,JP,0.010429211587786688,136.251,35.764,50.58,26.1
BH,KR,0.007722500696236225,127.036,34.738,50.58,26.1
BH,MY,0.0021417257321713103,101.67,2.751,50.58,26.1
BH,NL,0.011916340263946909,4.945,52.875,50.58,26.1
BH,NO,0.04060274768049577,8.132,63.44,50.58,26.1
BH,PL,0.005047800332258149,17.38,53.213,50.58,26.1
BH,SE,0.031162647574211208,16.282,63.654,50.58,26.1
BH,TH,0.004940881097407747,101.055,15.311,50.58,26.1
BH,TR,0.004899126387094653,31.238,39.049,50.58,26.1
BH,TW,0.005822472902027422,120.945,23.682,50.58,26.1
BH,ZA,0.009400288754032142,23.274,-30.622,50.58,26.1
BI,AE,0.0024318798239435645,55.368,24.754,30.03,-3.42
BI,AT,0.007302537347662444,16.843,48.085,30.03,-3.42
BI,BE,0.0066006945150936976,3.208,51.542,30.03,-3.42
BI,BH,0.0017698377789894316,50.58,26.1,30.03,-3.42
BI,BR,0.03587877980061585,-41.076,-10.964,30.03,-3.42
BI,CH,0.009658343291599402,7.299,47.384,30.03,-3.42
BI,CN,0.006048153624680838,108.792,38.61,30.03,-3.42
BI,DE,0.005374147520973651,10.674,52.577,30.03,-3.42
BI,DK,0.012612619480038468,10.241,55.6,30.03,-3.42
BI,EG,0.0032424673404313356,32.667,26.551,30.03,-3.42
BI,ES,0.008642811535537785,-3.72,40.031,30.03,-3.42
BI,FI,0.022511977952467774,24.52,65.563,30.03,-3.42
BI,FR,0.006123787880476103,2.152,46.853,30.03,-3.42
BI,GB,0.0114200792416895,-2.227,53.821,30.03,-3.42
BI,GR,0.005708735210245944,22.79,37.756,30.03,-3.42
BI,ID,0.010202339229533529,118.0,-2.0,30.03,-3.42
BI,IE,0.009795179677177772,-8.248,52.679,30.03,-3.42
BI,IN,0.010139015440137822,76.129,19.557,30.03,-3.42
BI,IT,0.0038004364009675967,14.277,41.189,30.03,-3.42
BI,KW,0.0020136207646493857,47.71,28.89,30.03,-3.42
BI,MY,0.006993128431765939,101.67,2.751,30.03,-3.42
BI,NL,0.010512999855168919,4.945,52.875,30.03,-3.42
BI,NO,0.030797974462915653,8.132,63.44,30.03,-3.42
BI,PL,0.0046041170834706865,17.38,53.213,30.03,-3.42
BI,SE,0.023659672435117796,16.282,63.654,30.03,-3.42
BI,TH,0.009896549903458056,101.055,15.311,30.03,-3.42
BI,TR,0.004114216548590919,31.238,39.049,30.03,-3.42
BI,TW,0.011649252579005743,120.945,23.682,30.03,-3.42
BI,ZA,0.002677987831113433,23.274,-30.622,30.03,-3.42
BO,BR,0.015046351559651967,-41.076,-10.964,-67.65,-20.75
BO,CA,0.031652118196647566,-82.375,46.296,-67.65,-20.75
BO,CL,0.008452707876918694,-70.155,-26.329,-67.65,-20.75
BO,ES,0.03936265116220056,-3.72,40.031,-67.65,-20.75
BO,FR,0.05618524926155856,2.152,46.853,-67.65,-20.75
BO,IE,0.03992104222065909,-8.248,52.679,-67.65,-20.75
BO,MX,0.0254091961482761,-100.773,21.559,-67.65,-20.75
BO,US,0.020970797334735405,-99.818,37.615,-67.65,-20.75
BO,ZA,0.02884607994816935,23.274,-30.622,-67.65,-20.75
BR,AT,0.00618577918804145,16.843,48.085,-41.076,-10.964
BR,BE,0.005288791006226743,3.208,51.542,-41.076,-10.964
BR,CA,0.006600938646959387,-82.375,46.296,-41.076,-10.964
BR,CH,0.004038105197614994,7.299,47.384,-41.076,-10.964
BR,CL,0.012495248120612496,-70.155,-26.329,-41.076,-10.964
BR,DE,0.00398791474742068,10.674,52.577,-41.076,-10.964
BR,DK,0.009022410879115894,10.241,55.6,-41.076,-10.964
BR,EG,0.0028913890983000125,32.667,26.551,-41.076,-10.964
BR,ES,0.0050843534293767015,-3.72,40.031,-41.076,-10.964
BR,FI,0.008476997167286802,24.52,65.563,-41.076,-10.964
BR,FR,0.0050200627319175895,2.152,46.853,-41.076,-10.964
BR,GB,0.006282928887265959,-2.227,53.821,-41.076,-10.964
BR,GR,0.005573543036154222,22.79,37.756,-41.076,-10.964
BR,IE,0.003981609018579442,-8.248,52.679,-41.076,-10.964
BR,IL,0.0025684321896574736,34.764,31.223,-41.076,-10.964
BR,IT,0.003732705132726375,14.277,41.189,-41.076,-10.964
BR,MX,0.01741972199745839,-100.773,21.559,-41.076,-10.964
BR,NL,0.00573168554312232,4.945,52.875,-41.076,-10.964
BR,NO,0.012979002914160247,8.132,63.44,-41.076,-10.964
BR,PL,0.0048383099682028,17.38,53.213,-41.076,-10.964
BR,SA,0.003904294959976805,38.795,31.62,-41.076,-10.964
BR,SE,0.011424579472212513,16.282,63.654,-41.076,-10.964
BR,TR,0.0033833389327162086,31.238,39.049,-41.076,-10.964
BR,US,0.009729823917358165,-99.818,37.615,-41.076,-10.964
BR,ZA,0.004019630504704422,23.274,-30.622,-41.076,-10.964
BY,AE,0.004114961549288099,55.368,24.754,31.385,53.38
BY,AT,0.005443340877349775,16.843,48.085,31.385,53.38
BY,BE,0.00448537976317623,3.208,51.542,31.385,53.38
BY,BH,0.0032971655722658162,50.58,26.1,31.385,53.38
BY,BR,0.03906235492120998,-41.076,-10.964,31.385,53.38
BY,CA,0.02167707111208847,-82.375,46.296,31.385,53.38
BY,CH,0.00823389787167008,7.299,47.384,31.385,53.38
BY,CN,0.003751249559085761,108.792,38.61,31.385,53.38
BY,DE,0.003101203241071748,10.674,52.577,31.385,53.38
BY,DK,0.010315464136145445,10.241,55.6,31.385,53.38
BY,EG,0.003440366529576183,32.667,26.551,31.385,53.38
BY,ES,0.011031877217649259,-3.72,40.031,31.385,53.38
BY,FI,0.020599961038949188,24.52,65.563,31.385,53.38
BY,FR,0.006628914517203182,2.152,46.853,31.385,53.38
BY,GB,0.010411706740541449,-2.227,53.821,31.385,53.38
BY,GR,0.00614991028374762,22.79,37.756,31.385,53.38
BY,ID,0.005991261088408268,118.0,-2.0,31.385,53.38
BY,IE,0.00726914253626301,-8.248,52.679,31.385,53.38
BY,IL,0.0024941906219945963,34.764,31.223,31.385,53.38
BY,IN,0.007619526396949228,76.129,19.557,31.385,53.38
BY,IT,0.003749352504607871,14.277,41.189,31.385,53.38
BY,JP,0.007579667917158465,136.251,35.764,31.385,53.38
BY,KR,0.006602917069156906,127.036,34.738,31.385,53.38
BY,KW,0.002925000126108428,47.71,28.89,31.385,53.38
BY,MY,0.004956627369997298,101.67,2.751,31.385,53.38
BY,NL,0.00759918111431002,4.945,52.875,31.385,53.38
BY,NO,0.03270837552559648,8.132,63.44,31.385,53.38
BY,PL,0.0028174029687761948,17.38,53.213,31.385,53.38
BY,SA,0.0037646199345096644,38.795,31.62,31.385,53.38
BY,SE,0.02206888018259843,16.282,63.654,31.385,53.38
BY,TH,0.007227461529030181,101.055,15.311,31.385,53.38
BY,TR,0.004350627138170412,31.238,39.049,31.385,53.38
BY,TW,0.006632526913678555,120.945,23.682,31.385,53.38
BY,US,0.041815660923957006,-99.818,37.615,31.385,53.38
BY,ZA,0.009859512171565965,23.274,-30.622,31.385,53.38
CA,AT,0.006344342510544707,16.843,48.085,-82.375,46.296
CA,BE,0.006450680493644836,3.208,51.542,-82.375,46.296
CA,BR,0.003973821935985169,-41.076,-10.964,-82.375,46.296
CA,CH,0.0036480944828869047,7.299,47.384,-82.375,46.296
CA,CL,0.008007671083909927,-70.155,-26.329,-82.375,46.296
CA,DE,0.0048881157397825835,10.674,52.577,-82.375,46.296
CA,DK,0.01085580717445587,10.241,55.6,-82.375,46.296
CA,EG,0.004146207979164814,32.667,26.551,-82.375,46.296
CA,ES,0.004987098503113427,-3.72,40.031,-82.375,46.296
CA,FI,0.009184307873372731,24.52,65.563,-82.375,46.296
CA,FR,0.005593449331039244,2.152,46.853,-82.375,46.296
CA,GB,0.007804049575808834,-2.227,53.821,-82.375,46.296
CA,GR,0.005266316006853068,22.79,37.756,-82.375,46.296
CA,IE,0.003597341022708465,-8.248,52.679,-82.375,46.296
CA,IL,0.0023685542128104834,34.764,31.223,-82.375,46.296
CA,IT,0.004193697729121411,14.277,41.189,-82.375,46.296
CA,JP,0.027566613143887225,136.251,35.764,-82.375,46.296
CA,KW,0.0031864784408001134,47.71,28.89,-82.375,46.296
CA,MX,0.008889391653724503,-100.773,21.559,-82.375,46.296
CA,NL,0.006096820403094986,4.945,52.875,-82.375,46.296
CA,NO,0.013859987099667535,8.132,63.44,-82.375,46.296
CA,PL,0.005852565561438448,17.38,53.213,-82.375,46.296
CA,SA,0.0033005482406278743,38.795,31.62,-82.375,46.296
CA,SE,0.011289280978034683,16.282,63.654,-82.375,46.296
CA,TR,0.004450825670565226,31.238,39.049,-82.375,46.296
CA,US,0.0036646400770459094,-99.818,37.615,-82.375,46.296
CH,AE,0.0075426432174685145,55.368,24.754,7.299,47.384
CH,AT,0.00416008948178657,16.843,48.085,7.299,47.384
CH,BE,0.0036549818157104287,3.208,51.542,7.299,47.384
CH,BH,0.006241781063475152,50.58,26.1,7.299,47.384
CH,BR,0.020205335401370293,-41.076,-10.964,7.299,47.384
CH,CA,0.018226921301077927,-82.375,46.296,7.299,47.384
CH,CN,0.00478300137092942,108.792,38.61,7.299,47.384
CH,DE,0.003630641253981551,10.674,52.577,7.299,47.384
CH,DK,0.009190652279245993,10.241,55.6,7.299,47.384
CH,EG,0.0035068977415274533,32.667,26.551,7.299,47.384
CH,ES,0.0071037889164389766,-3.72,40.031,7.299,47.384
CH,FI,0.015078059578668241,24.52,65.563,7.299,47.384
CH,FR,0.00533666467210445,2.152,46.853,7.299,47.384
CH,GB,0.00845768920794372,-2.227,53.821,7.299,47.384
CH,GR,0.0049640685872856085,22.79,37.756,7.299,47.384
CH,IE,0.004482839802497757,-8.248,52.679,7.299,47.384
CH,IL,0.0030770750034831407,34.764,31.223,7.299,47.384
CH,IN,0.008680569241297665,76.129,19.557,7.299,47.384
CH,IT,0.002816726062564357,14.277,41.189,7.299,47.384
CH,JP,0.01039509474879973,136.251,35.764,7.299,47.384
CH,KR,0.009430089383318989,127.036,34.738,7.299,47.384
CH,KW,0.005592036052877896,47.71,28.89,7.299,47.384
CH,MX,0.05430367060679271,-100.773,21.559,7.299,47.384
CH,MY,0.008492983462084635,101.67,2.751,7.299,47.384
CH,NL,0.007617171380291955,4.945,52.875,7.299,47.384
CH,NO,0.023176339453541285,8.132,63.44,7.299,47.384
CH,PL,0.003227317169640354,17.38,53.213,7.299,47.384
CH,SA,0.005739328941912981,38.795,31.62,7.299,47.384
CH,SE,0.016838809913597402,16.282,63.654,7.299,47.384
CH,TH,0.010528290903945907,101.055,15.311,7.299,47.384
CH,TR,0.00460152639410532,31.238,39.049,7.299,47.384
CH,TW,0.009593683983183996,120.945,23.682,7.299,47.384
CH,US,0.022648676288596514,-99.818,37.615,7.299,47.384
CH,ZA,0.007679946372682876,23.274,-30.622,7.299,47.384
CL,BR,0.014481093580278681,-41.076,-10.964,-70.155,-26.329
CL,CA,0.026134028813192243,-82.375,46.296,-70.155,-26.329
CL,ES,0.034805736006612964,-3.72,40.031,-70.155,-26.329
CL,MX,0.02202299296783513,-100.773,21.559,-70.155,-26.329
CL,NZ,0.04371404761173418,175.062,-40.949,-70.155,-26.329
CL,US,0.016101080346000288,-99.818,37.615,-70.155,-26.329
CL,ZA,0.026515974890632975,23.274,-30.622,-70.155,-26.329
CN,AE,0.0029169449273827833,55.368,24.754,108.792,38.61
CN,AT,0.00393299316543675,16.843,48.085,108.792,38.61
CN,AU,0.004955591332681129,144.154,-31.773,108.792,38.61
CN,BE,0.0023717056129919155,3.208,51.542,108.792,38.61
CN,BH,0.0027917145468439267,50.58,26.1,108.792,38.61
CN,CH,0.009069243021158573,7.299,47.384,108.792,38.61
CN,DE,0.0019596852675834164,10.674,52.577,108.792,38.61
CN,DK,0.00421218817720725,10.241,55.6,108.792,38.61
CN,EG,0.0023705750989696443,32.667,26.551,108.792,38.61
CN,ES,0.006862807770010773,-3.72,40.031,108.792,38.61
CN,FI,0.005008021237242425,24.52,65.563,108.792,38.61
CN,FR,0.0030392250197707614,2.152,46.853,108.792,38.61
CN,GB,0.004016346537891269,-2.227,53.821,108.792,38.61
CN,GR,0.004204778798625689,22.79,37.756,108.792,38.61
CN,ID,0.002921925689494531,118.0,-2.0,108.792,38.61
CN,IE,0.002717478466198602,-8.248,52.679,108.792,38.61
CN,IL,0.0031158060380205043,34.764,31.223,108.792,38.61
CN,IN,0.001997112931097839,76.129,19.557,108.792,38.61
CN,IT,0.004713537894503055,14.277,41.189,108.792,38.61
CN,JP,0.0037670722674847876,136.251,35.764,108.792,38.61
CN,KR,0.0030884281335320455,127.036,34.738,108.792,38.61
CN,KW,0.0027954535464209027,47.71,28.89,108.792,38.61
CN,MY,0.002068731587630588,101.67,2.751,108.792,38.61
CN,NL,0.002750213685191454,4.945,52.875,108.792,38.61
CN,NO,0.008137970159085682,8.132,63.44,108.792,38.61
CN,PL,0.002946728664489922,17.38,53.213,108.792,38.61
CN,SA,0.0040525414330699885,38.795,31.62,108.792,38.61
CN,SE,0.006223727459171885,16.282,63.654,108.792,38.61
CN,TH,0.0022982683676080226,101.055,15.311,108.792,38.61
CN,TR,0.002685320116189363,31.238,39.049,108.792,38.61
CN,TW,0.0028941570693528785,120.945,23.682,108.792,38.61
CO,AT,0.01604838660997753,16.843,48.085,-73.765,9.69
CO,BE,0.015561911625354209,3.208,51.542,-73.765,9.69
CO,BR,0.005226669669699997,-41.076,-10.964,-73.765,9.69
CO,CA,0.012025022217981029,-82.375,46.296,-73.765,9.69
CO,CH,0.008583935301771787,7.299,47.384,-73.765,9.69
CO,CL,0.003893103858840483,-70.155,-26.329,-73.765,9.69
CO,DE,0.012785635531454044,10.674,52.577,-73.765,9.69
CO,DK,0.02501956973871915,10.241,55.6,-73.765,9.69
CO,ES,0.011711923504936063,-3.72,40.031,-73.765,9.69
CO,FI,0.019152961685008695,24.52,65.563,-73.765,9.69
CO,FR,0.013750764190985436,2.152,46.853,-73.765,9.69
CO,GB,0.019109299216775507,-2.227,53.821,-73.765,9.69
CO,GR,0.014961108454369466,22.79,37.756,-73.765,9.69
CO,IE,0.009326190169770383,-8.248,52.679,-73.765,9.69
CO,IT,0.011221920352467189,14.277,41.189,-73.765,9.69
CO,MX,0.010612688325559247,-100.773,21.559,-73.765,9.69
CO,NL,0.015075886507259342,4.945,52.875,-73.765,9.69
CO,NO,0.029449299926526694,8.132,63.44,-73.765,9.69
CO,PL,0.016063038698494587,17.38,53.213,-73.765,9.69
CO,SE,0.024653319291859287,16.282,63.654,-73.765,9.69
CO,US,0.0059642853244552315,-99.818,37.615,-73.765,9.69
CR,AT,0.01855750653009121,16.843,48.085,-84.505,10.58
CR,BE,0.01734845719848874,3.208,51.542,-84.505,10.58
CR,BR,0.008663065137295891,-41.076,-10.964,-84.505,10.58
CR,CA,0.01322151647351423,-82.375,46.296,-84.505,10.58
CR,CH,0.010542248727237361,7.299,47.384,-84.505,10.58
CR,CL,0.005934035346897612,-70.155,-26.329,-84.505,10.58
CR,DE,0.01389448008932194,10.674,52.577,-84.505,10.58
CR,DK,0.026915283439128808,10.241,55.6,-84.505,10.58
CR,ES,0.01447629442553471,-3.72,40.031,-84.505,10.58
CR,FI,0.020388580977215215,24.52,65.563,-84.505,10.58
CR,FR,0.015365086536896215,2.152,46.853,-84.505,10.58
CR,GB,0.0222955200818302,-2.227,53.821,-84.505,10.58
CR,IE,0.011063931177710259,-8.248,52.679,-84.505,10.58
CR,IT,0.012958015759904653,14.277,41.189,-84.505,10.58
CR,MX,0.009155489754672818,-100.773,21.559,-84.505,10.58
CR,NL,0.016076864431296353,4.945,52.875,-84.505,10.58
CR,NO,0.03196604938369396,8.132,63.44,-84.505,10.58
CR,PL,0.018857150311097536,17.38,53.213,-84.505,10.58
CR,SE,0.02585229191629978,16.282,63.654,-84.505,10.58
CR,US,0.005387057344389975,-99.818,37.615,-84.505,10.58
CU,AT,0.011571033699252402,16.843,48.085,-77.643,21.493
CU,BE,0.008724875641033544,3.208,51.542,-77.643,21.493
CU,BR,0.009527034111089546,-41.076,-10.964,-77.643,21.493
CU,CA,0.009758203597026291,-82.375,46.296,-77.643,21.493
CU,CH,0.011973081073019372,7.299,47.384,-77.643,21.493
CU,CL,0.009175549478456065,-70.155,-26.329,-77.643,21.493
CU,DE,0.007417661303405781,10.674,52.577,-77.643,21.493
CU,DK,0.013587495411508978,10.241,55.6,-77.643,21.493
CU,ES,0.008585846941833678,-3.72,40.031,-77.643,21.493
CU,FI,0.011350150462116347,24.52,65.563,-77.643,21.493
CU,FR,0.008608246502855512,2.152,46.853,-77.643,21.493
CU,GB,0.011701593965358505,-2.227,53.821,-77.643,21.493
CU,GR,0.013348316134714934,22.79,37.756,-77.643,21.493
CU,IE,0.0059901120397833,-8.248,52.679,-77.643,21.493
CU,IT,0.011779533721088423,14.277,41.189,-77.643,21.493
CU,MX,0.00808087452920833,-100.773,21.559,-77.643,21.493
CU,NL,0.007684870857764394,4.945,52.875,-77.643,21.493
CU,NO,0.019988184592562887,8.132,63.44,-77.643,21.493
CU,PL,0.012221968628456734,17.38,53.213,-77.643,21.493
CU,SE,0.015542138973145273,16.282,63.654,-77.643,21.493
CU,TR,0.012463863773452113,31.238,39.049,-77.643,21.493
CU,US,0.003509482294616441,-99.818,37.615,-77.643,21.493
CV,AE,0.008423553561948908,55.368,24.754,-23.544,14.91
CV,AT,0.008120166721433232,16.843,48.085,-23.544,14.91
CV,BE,0.00767530879240151,3.208,51.542,-23.544,14.91
CV,BH,0.00652104681060384,50.58,26.1,-23.544,14.91
CV,BR,0.0034173623037471812,-41.076,-10.964,-23.544,14.91
CV,CA,0.01058750527152147,-82.375,46.296,-23.544,14.91
CV,CH,0.001739062255513599,7.299,47.384,-23.544,14.91
CV,CL,0.02278844452119678,-70.155,-26.329,-23.544,14.91
CV,DE,0.006509108022741054,10.674,52.577,-23.544,14.91
CV,DK,0.0151687803009377,10.241,55.6,-23.544,14.91
CV,EG,0.004946591707447665,32.667,26.551,-23.544,14.91
CV,ES,0.004469360421862217,-3.72,40.031,-23.544,14.91
CV,FI,0.016537486785906202,24.52,65.563,-23.544,14.91
CV,FR,0.00661789836511012,2.152,46.853,-23.544,14.91
CV,GB,0.009872638437609512,-2.227,53.821,-23.544,14.91
CV,GR,0.007168537719064083,22.79,37.756,-23.544,14.91
CV,IE,0.0060377065410204015,-8.248,52.679,-23.544,14.91
CV,IL,0.0039476816737286655,34.764,31.223,-23.544,14.91
CV,IT,0.0034853333114887777,14.277,41.189,-23.544,14.91
CV,KW,0.006671988935851207,47.71,28.89,-23.544,14.91
CV,MX,0.03525060814068838,-100.773,21.559,-23.544,14.91
CV,NL,0.010074949982038624,4.945,52.875,-23.544,14.91
CV,NO,0.023101003740444492,8.132,63.44,-23.544,14.91
CV,PL,0.006536444992334443,17.38,53.213,-23.544,14.91
CV,SA,0.006635803635312549,38.795,31.62,-23.544,14.91
CV,SE,0.01919538029488927,16.282,63.654,-23.544,14.91
CV,TR,0.006197126047771297,31.238,39.049,-23.544,14.91
CV,US,0.019255389816535202,-99.818,37.615,-23.544,14.91
CV,ZA,0.0037984907090126987,23.274,-30.622,-23.544,14.91
CZ,AE,0.005689135185137733,55.368,24.754,15.394,49.636
CZ,AT,0.0035395189035157424,16.843,48.085,15.394,49.636
CZ,BE,0.0033747352814768854,3.208,51.542,15.394,49.636
CZ,BH,0.004761985689965198,50.58,26.1,15.394,49.636
CZ,BR,0.025556910678752872,-41.076,-10.964,15.394,49.636
CZ,CA,0.020212161365173863,-82.375,46.296,15.394,49.636
CZ,CH,0.0018487927806328526,7.299,47.384,15.394,49.636
CZ,CN,0.004000276778678131,108.792,38.61,15.394,49.636
CZ,DE,0.003417740748306255,10.674,52.577,15.394,49.636
CZ,DK,0.008733312804793404,10.241,55.6,15.394,49.636
CZ,EG,0.003353534882037271,32.667,26.551,15.394,49.636
CZ,ES,0.008261325495864015,-3.72,40.031,15.394,49.636
CZ,FI,0.015575679609838333,24.52,65.563,15.394,49.636
CZ,FR,0.005309475141783184,2.152,46.853,15.394,49.636
CZ,GB,0.008754056960342125,-2.227,53.821,15.394,49.636
CZ,GR,0.004602630284807549,22.79,37.756,15.394,49.636
CZ,IE,0.004591471637069612,-8.248,52.679,15.394,49.636
CZ,IL,0.002219998597057185,34.764,31.223,15.394,49.636
CZ,IN,0.0070993861010981265,76.129,19.557,15.394,49.636
CZ,IT,0.002367478935315721,14.277,41.189,15.394,49.636
CZ,JP,0.008663566685378994,136.251,35.764,15.394,49.636
CZ,KR,0.007880107890596384,127.036,34.738,15.394,49.636
CZ,KW,0.004076812877617942,47.71,28.89,15.394,49.636
CZ,MX,0.06081797220182494,-100.773,21.559,15.394,49.636
CZ,MY,0.007090644611833832,101.67,2.751,15.394,49.636
CZ,NL,0.007503499682176319,4.945,52.875,15.394,49.636
CZ,NO,0.025216412303046363,8.132,63.44,15.394,49.636
CZ,PL,0.002571618908929693,17.38,53.213,15.394,49.636
CZ,SA,0.004159338396346163,38.795,31.62,15.394,49.636
CZ,SE,0.017455112428338804,16.282,63.654,15.394,49.636
CZ,TH,0.009006940443196903,101.055,15.311,15.394,49.636
CZ,TR,0.004158090759861526,31.238,39.049,15.394,49.636
CZ,TW,0.0081981850441462,120.945,23.682,15.394,49.636
CZ,US,0.024559897474642194,-99.818,37.615,15.394,49.636
CZ,ZA,0.00945252531107928,23.274,-30.622,15.394,49.636
DE,AE,0.0046822376564434965,55.368,24.754,10.674,52.577
DE,AT,0.0026971224536779448,16.843,48.085,10.674,52.577
DE,BH,0.0038625987989427723,50.58,26.1,10.674,52.577
DE,BR,0.01653984963708932,-41.076,-10.964,10.674,52.577
DE,CA,0.009952520470858033,-82.375,46.296,10.674,52.577
DE,CH,0.005121421428339614,7.299,47.384,10.674,52.577
DE,CN,0.002274730042576691,108.792,38.61,10.674,52.577
DE,DK,0.0017304584035349247,10.241,55.6,10.674,52.577
DE,EG,0.0022736352111340616,32.667,26.551,10.674,52.577
DE,ES,0.005604133296942635,-3.72,40.031,10.674,52.577
DE,FI,0.008056582816324062,24.52,65.563,10.674,52.577
DE,FR,0.002329214937805622,2.152,46.853,10.674,52.577
DE,GB,0.0028821938901955756,-2.227,53.821,10.674,52.577
DE,GR,0.004162027513482719,22.79,37.756,10.674,52.577
DE,IE,0.0031296707511790883,-8.248,52.679,10.674,52.577
DE,IL,0.0030681677904464784,34.764,31.223,10.674,52.577
DE,IN,0.0045542528949436495,76.129,19.557,10.674,52.577
DE,IT,0.002910314141382631,14.277,41.189,10.674,52.577
DE,JP,0.003123003084385198,136.251,35.764,10.674,52.577
DE,KR,0.002792550005594605,127.036,34.738,10.674,52.577
DE,KW,0.003699578401497471,47.71,28.89,10.674,52.577
DE,MX,0.03764841998391503,-100.773,21.559,10.674,52.577
DE,MY,0.0028393954827635307,101.67,2.751,10.674,52.577
DE,NO,0.0143579274398326,8.132,63.44,10.674,52.577
DE,SA,0.004720784728642017,38.795,31.62,10.674,52.577
DE,SE,0.00969278118476787,16.282,63.654,10.674,52.577
DE,TH,0.004195029522377202,101.055,15.311,10.674,52.577
DE,TR,0.003140281223479723,31.238,39.049,10.674,52.577
DE,TW,0.0032223980717255426,120.945,23.682,10.674,52.577
DE,US,0.017359037026841505,-99.818,37.615,10.674,52.577
DE,ZA,0.006581597978898403,23.274,-30.622,10.674,52.577
DK,AE,0.005904437928307152,55.368,24.754,10.241,55.6
DK,AT,0.0029303034835979685,16.843,48.085,10.241,55.6
DK,BH,0.004923547689119057,50.58,26.1,10.241,55.6
DK,BR,0.015468354983469632,-41.076,-10.964,10.241,55.6
DK,CA,0.012645288288958164,-82.375,46.296,10.241,55.6
DK,CH,0.005661113380391419,7.299,47.384,10.241,55.6
DK,CN,0.00243424937461687,108.792,38.61,10.241,55.6
DK,EG,0.0028815505753425463,32.667,26.551,10.241,55.6
DK,ES,0.005313541257726445,-3.72,40.031,10.241,55.6
DK,FI,0.007432168440220513,24.52,65.563,10.241,55.6
DK,FR,0.002485431577569598,2.152,46.853,10.241,55.6
DK,GB,0.0035684419095310077,-2.227,53.821,10.241,55.6
DK,GR,0.004404633375347123,22.79,37.756,10.241,55.6
DK,IE,0.0028857705187809624,-8.248,52.679,10.241,55.6
DK,IL,0.0038520542120413746,34.764,31.223,10.241,55.6
DK,IN,0.004679709234377184,76.129,19.557,10.241,55.6
DK,IT,0.0032433659539128556,14.277,41.189,10.241,55.6
DK,JP,0.002921740520466397,136.251,35.764,10.241,55.6
DK,KR,0.002862474146166882,127.036,34.738,10.241,55.6
DK,KW,0.004750262504675232,47.71,28.89,10.241,55.6
DK,MX,0.03716931568705674,-100.773,21.559,10.241,55.6
DK,MY,0.0034699327362015704,101.67,2.751,10.241,55.6
DK,NL,0.00238726998141743,4.945,52.875,10.241,55.6
DK,NO,0.013581400438737401,8.132,63.44,10.241,55.6
DK,PL,0.0017536033519052556,17.38,53.213,10.241,55.6
DK,SA,0.006167975355471852,38.795,31.62,10.241,55.6
DK,SE,0.008380911221279897,16.282,63.654,10.241,55.6
DK,TH,0.004703782937583228,101.055,15.311,10.241,55.6
DK,TR,0.003669537849322696,31.238,39.049,10.241,55.6
DK,TW,0.0033828667193575,120.945,23.682,10.241,55.6
DK,US,0.015875372700013428,-99.818,37.615,10.241,55.6
DK,ZA,0.007940191210239618,23.274,-30.622,10.241,55.6
DO,AT,0.01087742423356154,16.843,48.085,-71.027,18.764
DO,BE,0.011700663819335523,3.208,51.542,-71.027,18.764
DO,BR,0.005225453436136345,-41.076,-10.964,-71.027,18.764
DO,CA,0.009552297226484333,-82.375,46.296,-71.027,18.764
DO,CH,0.005524633617258806,7.299,47.384,-71.027,18.764
DO,CL,0.009216237586001909,-70.155,-26.329,-71.027,18.764
DO,DE,0.009570182985894949,10.674,52.577,-71.027,18.764
DO,DK,0.019597473974351073,10.241,55.6,-71.027,18.764
DO,ES,0.009990160288920923,-3.72,40.031,-71.027,18.764
DO,FI,0.016095087205591444,24.52,65.563,-71.027,18.764
DO,FR,0.010820510884545761,2.152,46.853,-71.027,18.764
DO,GB,0.01478897376231035,-2.227,53.821,-71.027,18.764
DO,GR,0.010806741604732011,22.79,37.756,-71.027,18.764
DO,IE,0.006274054405701217,-8.248,52.679,-71.027,18.764
DO,IT,0.008201364196624917,14.277,41.189,-71.027,18.764
DO,MX,0.01470322599050697,-100.773,21.559,-71.027,18.764
DO,NL,0.012142796801091291,4.945,52.875,-71.027,18.764
DO,NO,0.025562657329216025,8.132,63.44,-71.027,18.764
DO,PL,0.010773097182849412,17.38,53.213,-71.027,18.764
DO,SE,0.020978662389274847,16.282,63.654,-71.027,18.764
DO,TR,0.010761969580981313,31.238,39.049,-71.027,18.764
DO,US,0.006167798609701075,-99.818,37.615,-71.027,18.764
DZ,AE,0.0028217732104834723,55.368,24.754,4.173,34.769
DZ,AT,0.0068662698405430435,16.843,48.085,4.173,34.769
DZ,BE,0.007354775193313141,3.208,51.542,4.173,34.769
DZ,BH,0.002125103876502166,50.58,26.1,4.173,34.769
DZ,BR,0.014454589972573572,-41.076,-10.964,4.173,34.769
DZ,CA,0.014557787162898397,-82.375,46.296,4.173,34.769
DZ,CN,0.005679071316857802,108.792,38.61,4.173,34.769
DZ,DE,0.00632152074602102,10.674,52.577,4.173,34.769
DZ,DK,0.015494193736363192,10.241,55.6,4.173,34.769
DZ,EG,0.003447225404043035,32.667,26.551,4.173,34.769
DZ,ES,0.005882844689930062,-3.72,40.031,4.173,34.769
DZ,FI,0.020356034184539115,24.52,65.563,4.173,34.769
DZ,FR,0.006671121629018979,2.152,46.853,4.173,34.769
DZ,GB,0.010833381237750309,-2.227,53.821,4.173,34.769
DZ,GR,0.004713953343836793,22.79,37.756,4.173,34.769
DZ,IE,0.006688010268079207,-8.248,52.679,4.173,34.769
DZ,IN,0.010136535189654638,76.129,19.557,4.173,34.769
DZ,IT,0.001996261370824002,14.277,41.189,4.173,34.769
DZ,KR,0.01775063724502276,127.036,34.738,4.173,34.769
DZ,KW,0.0022687726800573182,47.71,28.89,4.173,34.769
DZ,MX,0.056121683437273626,-100.773,21.559,4.173,34.769
DZ,NL,0.010968283816732014,4.945,52.875,4.173,34.769
DZ,NO,0.02864036587457797,8.132,63.44,4.173,34.769
DZ,PL,0.004875054226031954,17.38,53.213,4.173,34.769
DZ,SE,0.023547895223528337,16.282,63.654,4.173,34.769
DZ,TH,0.009687092737809986,101.055,15.311,4.173,34.769
DZ,TR,0.004651192924408064,31.238,39.049,4.173,34.769
DZ,US,0.028351021990393122,-99.818,37.615,4.173,34.769
DZ,ZA,0.0022024925466204515,23.274,-30.622,4.173,34.769
EC,BE,0.020923191218485643,3.208,51.542,-78.236,0.025
EC,BR,0.007873387146054235,-41.076,-10.964,-78.236,0.025
EC,CA,0.017076374418419988,-82.375,46.296,-78.236,0.025
EC,CH,0.013059738923067101,7.299,47.384,-78.236,0.025
EC,CL,0.004550192472938825,-70.155,-26.329,-78.236,0.025
EC,DE,0.017234403228617207,10.674,52.577,-78.236,0.025
EC,DK,0.03345690539240155,10.241,55.6,-78.236,0.025
EC,ES,0.01694920184067212,-3.72,40.031,-78.236,0.025
EC,FR,0.01851631249342147,2.152,46.853,-78.236,0.025
EC,GB,0.02525184474613775,-2.227,53.821,-78.236,0.025
EC,IE,0.01277409531591226,-8.248,52.679,-78.236,0.025
EC,IT,0.016439665792878286,14.277,41.189,-78.236,0.025
EC,MX,0.013106075491884155,-100.773,21.559,-78.236,0.025
EC,NL,0.01971109406698667,4.945,52.875,-78.236,0.025
EC,NO,0.0365182086976397,8.132,63.44,-78.236,0.025
EC,SE,0.031485578154123485,16.282,63.654,-78.236,0.025
EC,US,0.007762332714692699,-99.818,37.615,-78.236,0.025
EE,AE,0.011474419756466831,55.368,24.754,23.591,58.806
EE,AT,0.006722256706428219,16.843,48.085,23.591,58.806
EE,BE,0.0032173859942903993,3.208,51.542,23.591,58.806
EE,BH,0.0098386198441884,50.58,26.1,23.591,58.806
EE,BR,0.020834100473104473,-41.076,-10.964,23.591,58.806
EE,CA,0.012614152034305989,-82.375,46.296,23.591,58.806
EE,CH,0.013913347946614684,7.299,47.384,23.591,58.806
EE,CN,0.0034674280792367446,108.792,38.61,23.591,58.806
EE,DE,0.0022297632634049815,10.674,52.577,23.591,58.806
EE,DK,0.00336551668117997,10.241,55.6,23.591,58.806
EE,EG,0.0048307351481548695,32.667,26.551,23.591,58.806
EE,ES,0.009716751166102476,-3.72,40.031,23.591,58.806
EE,FI,0.0059956133098195965,24.52,65.563,23.591,58.806
EE,FR,0.00441130435554625,2.152,46.853,23.591,58.806
EE,GB,0.005390455376353629,-2.227,53.821,23.591,58.806
EE,GR,0.00913077657492216,22.79,37.756,23.591,58.806
EE,IE,0.0034546438127635126,-8.248,52.679,23.591,58.806
EE,IL,0.009544219353270237,34.764,31.223,23.591,58.806
EE,IN,0.006867830978730084,76.129,19.557,23.591,58.806
EE,IT,0.009241640704325642,14.277,41.189,23.591,58.806
EE,JP,0.004097042512770386,136.251,35.764,23.591,58.806
EE,KR,0.004585738429816675,127.036,34.738,23.591,58.806
EE,KW,0.009839266155128824,47.71,28.89,23.591,58.806
EE,MX,0.03180010934411781,-100.773,21.559,23.591,58.806
EE,MY,0.005617100526263096,101.67,2.751,23.591,58.806
EE,NL,0.0030167271343628254,4.945,52.875,23.591,58.806
EE,NO,0.011109761403215663,8.132,63.44,23.591,58.806
EE,PL,0.004901888810863038,17.38,53.213,23.591,58.806
EE,SA,0.013604882643182822,38.795,31.62,23.591,58.806
EE,SE,0.005527877875751552,16.282,63.654,23.591,58.806
EE,TH,0.006705470509311284,101.055,15.311,23.591,58.806
EE,TR,0.007125875351547867,31.238,39.049,23.591,58.806
EE,TW,0.0052038932594431426,120.945,23.682,23.591,58.806
EE,US,0.01153446487079742,-99.818,37.615,23.591,58.806
EE,ZA,0.0118512882526529,23.274,-30.622,23.591,58.806
EG,AE,0.0025717889195844357,55.368,24.754,32.667,26.551
EG,AT,0.0048472801498213435,16.843,48.085,32.667,26.551
EG,BE,0.0032281673749784173,3.208,51.542,32.667,26.551
EG,BH,0.002174112312647423,50.58,26.1,32.667,26.551
EG,BR,0.0210711427600018,-41.076,-10.964,32.667,26.551
EG,CA,0.014773813173549692,-82.375,46.296,32.667,26.551
EG,CH,0.006871277177366564,7.299,47.384,32.667,26.551
EG,CN,0.002133644183809096,108.792,38.61,32.667,26.551
EG,DE,0.002621324917266625,10.674,52.577,32.667,26.551
EG,DK,0.0075591897294305845,10.241,55.6,32.667,26.551
EG,ES,0.008728715213977457,-3.72,40.031,32.667,26.551
EG,FI,0.012720913570228871,24.52,65.563,32.667,26.551
EG,FR,0.004831945446570377,2.152,46.853,32.667,26.551
EG,GB,0.006862059565822867,-2.227,53.821,32.667,26.551
EG,GR,0.004709130567967259,22.79,37.756,32.667,26.551
EG,ID,0.0031486756885041266,118.0,-2.0,32.667,26.551
EG,IE,0.00430128512070028,-8.248,52.679,32.667,26.551
EG,IL,0.0021389553358590217,34.764,31.223,32.667,26.551
EG,IN,0.0041004543423920035,76.129,19.557,32.667,26.551
EG,IT,0.0037309557207049634,14.277,41.189,32.667,26.551
EG,JP,0.0046586057586340684,136.251,35.764,32.667,26.551
EG,KR,0.0036693268909014855,127.036,34.738,32.667,26.551
EG,KW,0.002067564204742509,47.71,28.89,32.667,26.551
EG,MY,0.0021891267068219716,101.67,2.751,32.667,26.551
EG,NL,0.006125743495803001,4.945,52.875,32.667,26.551
EG,NO,0.019618079158203086,8.132,63.44,32.667,26.551
EG,PL,0.0027603187978194068,17.38,53.213,32.667,26.551
EG,SA,0.002910301441004955,38.795,31.62,32.667,26.551
EG,SE,0.014304584524602653,16.282,63.654,32.667,26.551
EG,TH,0.003982528688871255,101.055,15.311,32.667,26.551
EG,TR,0.00317113532959246,31.238,39.049,32.667,26.551
EG,TW,0.003480127829031109,120.945,23.682,32.667,26.551
EG,ZA,0.004741769078309148,23.274,-30.622,32.667,26.551
ES,AE,0.007526953677366112,55.368,24.754,-3.72,40.031
ES,AT,0.00297519170202975,16.843,48.085,-3.72,40.031
ES,BE,0.0019762456555154424,3.208,51.542,-3.72,40.031
ES,BH,0.005839769537107119,50.58,26.1,-3.72,40.031
ES,BR,0.008422340030512832,-41.076,-10.964,-3.72,40.031
ES,CA,0.008567758518327398,-82.375,46.296,-3.72,40.031
ES,CH,0.0030138076533269328,7.299,47.384,-3.72,40.031
ES,CL,0.028395032269364254,-70.155,-26.329,-3.72,40.031
ES,CN,0.0036763861233245656,108.792,38.61,-3.72,40.031
ES,DE,0.0016412472868749545,10.674,52.577,-3.72,40.031
ES,DK,0.004910138855005008,10.241,55.6,-3.72,40.031
ES,EG,0.002639403700114083,32.667,26.551,-3.72,40.031
ES,FI,0.008784692373080372,24.52,65.563,-3.72,40.031
ES,FR,0.0016907248310275547,2.152,46.853,-3.72,40.031
ES,GB,0.003470193117988275,-2.227,53.821,-3.72,40.031
ES,GR,0.0034234789167830806,22.79,37.756,-3.72,40.031
ES,IE,0.0027988051947623596,-8.248,52.679,-3.72,40.031
ES,IL,0.003817020015689213,34.764,31.223,-3.72,40.031
ES,IN,0.007086598840688069,76.129,19.557,-3.72,40.031
ES,IT,0.002124833871318054,14.277,41.189,-3.72,40.031
ES,KW,0.005864491457397427,47.71,28.89,-3.72,40.031
ES,MX,0.027386556835631033,-100.773,21.559,-3.72,40.031
ES,NL,0.0033896596381260843,4.945,52.875,-3.72,40.031
ES,NO,0.01376000074073062,8.132,63.44,-3.72,40.031
ES,PL,0.002747066456212969,17.38,53.213,-3.72,40.031
ES,SA,0.006495888912955773,38.795,31.62,-3.72,40.031
ES,SE,0.010337821250943482,16.282,63.654,-3.72,40.031
ES,TH,0.006704564171354966,101.055,15.311,-3.72,40.031
ES,TR,0.003326297726777061,31.238,39.049,-3.72,40.031
ES,US,0.014078570821081257,-99.818,37.615,-3.72,40.031
ES,ZA,0.003518824335699115,23.274,-30.622,-3.72,40.031
ET,AE,0.008871590800308337,55.368,24.754,39.249,8.591
ET,AT,0.009175826695014284,16.843,48.085,39.249,8.591
ET,BE,0.004904023203786667,3.208,51.542,39.249,8.591
ET,BH,0.007911537548628977,50.58,26.1,39.249,8.591
ET,BR,0.02805165380464662,-41.076,-10.964,39.249,8.591
ET,CH,0.01942222423221757,7.299,47.384,39.249,8.591
ET,CN,0.0033365223888678964,108.792,38.61,39.249,8.591
ET,DE,0.00331227881404052,10.674,52.577,39.249,8.591
ET,DK,0.006608674021195078,10.241,55.6,39.249,8.591
ET,EG,0.005008494684901938,32.667,26.551,39.249,8.591
ET,ES,0.008874942243664877,-3.72,40.031,39.249,8.591
ET,FI,0.013042535147331204,24.52,65.563,39.249,8.591
ET,FR,0.005303218730984336,2.152,46.853,39.249,8.591
ET,GB,0.006361099214681017,-2.227,53.821,39.249,8.591
ET,GR,0.009583895593829711,22.79,37.756,39.249,8.591
ET,ID,0.004324406801078839,118.0,-2.0,39.249,8.591
ET,IE,0.00694020393006656,-8.248,52.679,39.249,8.591
ET,IL,0.009432754349775113,34.764,31.223,39.249,8.591
ET,IN,0.006237003266226583,76.129,19.557,39.249,8.591
ET,IT,0.011594966065369599,14.277,41.189,39.249,8.591
ET,JP,0.0033858932169671904,136.251,35.764,39.249,8.591
ET,KR,0.003496341180477882,127.036,34.738,39.249,8.591
ET,KW,0.008055769939068817,47.71,28.89,39.249,8.591
ET,MY,0.004323368748183802,101.67,2.751,39.249,8.591
ET,NL,0.003463294996503242,4.945,52.875,39.249,8.591
ET,NO,0.018438258364791106,8.132,63.44,39.249,8.591
ET,PL,0.006650819022312235,17.38,53.213,39.249,8.591
ET,SA,0.011743608580658224,38.795,31.62,39.249,8.591
ET,SE,0.013972011641361038,16.282,63.654,39.249,8.591
ET,TH,0.004820113427835871,101.055,15.311,39.249,8.591
ET,TR,0.006335294764471211,31.238,39.049,39.249,8.591
ET,TW,0.004310623360109679,120.945,23.682,39.249,8.591
ET,ZA,0.009940087081513107,23.274,-30.622,39.249,8.591
FI,AE,0.010971131779751475,55.368,24.754,24.52,65.563
FI,AT,0.007962930572715297,16.843,48.085,24.52,65.563
FI,BE,0.003684082935200625,3.208,51.542,24.52,65.563
FI,BH,0.009390336304273602,50.58,26.1,24.52,65.563
FI,BR,0.020004087951880585,-41.076,-10.964,24.52,65.563
FI,CA,0.014895182651755,-82.375,46.296,24.52,65.563
FI,CH,0.015589607203994639,7.299,47.384,24.52,65.563
FI,CN,0.003498359809793955,108.792,38.61,24.52,65.563
FI,DE,0.002955027607635,10.674,52.577,24.52,65.563
FI,DK,0.005120323398261083,10.241,55.6,24.52,65.563
FI,EG,0.005321154879505515,32.667,26.551,24.52,65.563
FI,ES,0.010642710412486113,-3.72,40.031,24.52,65.563
FI,FR,0.005538708480023469,2.152,46.853,24.52,65.563
FI,GB,0.006797130787004695,-2.227,53.821,24.52,65.563
FI,GR,0.009889187535321468,22.79,37.756,24.52,65.563
FI,IE,0.004343772280057947,-8.248,52.679,24.52,65.563
FI,IL,0.009310372294420987,34.764,31.223,24.52,65.563
FI,IN,0.0067004102250841245,76.129,19.557,24.52,65.563
FI,IT,0.009950123174318048,14.277,41.189,24.52,65.563
FI,JP,0.005288812791333328,136.251,35.764,24.52,65.563
FI,KR,0.0053802172226496674,127.036,34.738,24.52,65.563
FI,KW,0.009425947327645092,47.71,28.89,24.52,65.563
FI,MX,0.036512842401767574,-100.773,21.559,24.52,65.563
FI,MY,0.005437921393386782,101.67,2.751,24.52,65.563
FI,NL,0.00426616548834293,4.945,52.875,24.52,65.563
FI,NO,0.012927305663324331,8.132,63.44,24.52,65.563
FI,PL,0.005849864974503338,17.38,53.213,24.52,65.563
FI,SA,0.012881512642365483,38.795,31.62,24.52,65.563
FI,SE,0.00628296614608806,16.282,63.654,24.52,65.563
FI,TH,0.006936601077889036,101.055,15.311,24.52,65.563
FI,TR,0.0073650871842541816,31.238,39.049,24.52,65.563
FI,TW,0.005325443421346967,120.945,23.682,24.52,65.563
FI,US,0.013445792203595791,-99.818,37.615,24.52,65.563
FJ,AU,0.023994144431213452,144.154,-31.773,177.506,-18.113
FJ,CN,0.014092284913804357,108.792,38.61,177.506,-18.113
FJ,ID,0.022203853264268655,118.0,-2.0,177.506,-18.113
FJ,JP,0.02868343861575625,136.251,35.764,177.506,-18.113
FJ,KR,0.02468501466015535,127.036,34.738,177.506,-18.113
FJ,MX,0.08067989838422124,-100.773,21.559,177.506,-18.113
FJ,MY,0.022277835900759862,101.67,2.751,177.506,-18.113
FJ,NZ,0.044962489845257504,175.062,-40.949,177.506,-18.113
FJ,TH,0.026587269030083488,101.055,15.311,177.506,-18.113
FJ,TW,0.02135376822326196,120.945,23.682,177.506,-18.113
FR,AE,0.0052904390157054275,55.368,24.754,2.152,46.853
FR,AT,0.002497541406545613,16.843,48.085,2.152,46.853
FR,BH,0.004476783970818069,50.58,26.1,2.152,46.853
FR,BR,0.015389928331187262,-41.076,-10.964,2.152,46.853
FR,CA,0.011944546110681539,-82.375,46.296,2.152,46.853
FR,CH,0.003082695522890272,7.299,47.384,2.152,46.853
FR,CN,0.00256026380199277,108.792,38.61,2.152,46.853
FR,DE,0.0017504412334702088,10.674,52.577,2.152,46.853
FR,DK,0.004038790491788371,10.241,55.6,2.152,46.853
FR,EG,0.0020116670904335564,32.667,26.551,2.152,46.853
FR,ES,0.0024233688260987324,-3.72,40.031,2.152,46.853
FR,FI,0.009063862289998099,24.52,65.563,2.152,46.853
FR,GB,0.0031009715351410895,-2.227,53.821,2.152,46.853
FR,GR,0.002969025213501053,22.79,37.756,2.152,46.853
FR,IE,0.0030954808726563815,-8.248,52.679,2.152,46.853
FR,IL,0.002802098801433825,34.764,31.223,2.152,46.853
FR,IN,0.006342106061793998,76.129,19.557,2.152,46.853
FR,IT,0.002036319528741847,14.277,41.189,2.152,46.853
FR,JP,0.0036003050350084395,136.251,35.764,2.152,46.853
FR,KR,0.0031414561754128244,127.036,34.738,2.152,46.853
FR,KW,0.004213234225349152,47.71,28.89,2.152,46.853
FR,MX,0.03862660996642856,-100.773,21.559,2.152,46.853
FR,NL,0.0032662381807694366,4.945,52.875,2.152,46.853
FR,NO,0.01311401572333284,8.132,63.44,2.152,46.853
FR,PL,0.0019692914817253924,17.38,53.213,2.152,46.853
FR,SA,0.004683345599773761,38.795,31.62,2.152,46.853
FR,SE,0.009907196149517293,16.282,63.654,2.152,46.853
FR,TH,0.004828124736563193,101.055,15.311,2.152,46.853
FR,TR,0.0027122821276210534,31.238,39.049,2.152,46.853
FR,TW,0.003981765509391892,120.945,23.682,2.152,46.853
FR,US,0.018055413682113098,-99.818,37.615,2.152,46.853
FR,ZA,0.004692345175712585,23.274,-30.622,2.152,46.853
GB,AE,0.004046197738887713,55.368,24.754,-2.227,53.821
GB,AT,0.002960201622102086,16.843,48.085,-2.227,53.821
GB,BH,0.0035212372482056426,50.58,26.1,-2.227,53.821
GB,BR,0.01387402331548752,-41.076,-10.964,-2.227,53.821
GB,CA,0.010532814248261118,-82.375,46.296,-2.227,53.821
GB,CH,0.004368484175103214,7.299,47.384,-2.227,53.821
GB,CN,0.0016001899483665918,108.792,38.61,-2.227,53.821
GB,DK,0.003957497394685495,10.241,55.6,-2.227,53.821
GB,EG,0.0020711309957493493,32.667,26.551,-2.227,53.821
GB,ES,0.0039403040486353,-3.72,40.031,-2.227,53.821
GB,FI,0.009424923716297384,24.52,65.563,-2.227,53.821
GB,FR,0.0018902829875746552,2.152,46.853,-2.227,53.821
GB,GR,0.0040280052985889395,22.79,37.756,-2.227,53.821
GB,IE,0.0018891286547358976,-8.248,52.679,-2.227,53.821
GB,IL,0.00291868623929335,34.764,31.223,-2.227,53.821
GB,IN,0.004685972168753473,76.129,19.557,-2.227,53.821
GB,IT,0.002525841105285743,14.277,41.189,-2.227,53.821
GB,JP,0.0022882446806562,136.251,35.764,-2.227,53.821
GB,KR,0.0018134911096978695,127.036,34.738,-2.227,53.821
GB,KW,0.0033598739528952746,47.71,28.89,-2.227,53.821
GB,MX,0.03679996631792093,-100.773,21.559,-2.227,53.821
GB,NL,0.0028444038605555198,4.945,52.875,-2.227,53.821
GB,NO,0.014431093261664696,8.132,63.44,-2.227,53.821
GB,PL,0.0017924964973435127,17.38,53.213,-2.227,53.821
GB,SA,0.004387013648174223,38.795,31.62,-2.227,53.821
GB,SE,0.00990422917879063,16.282,63.654,-2.227,53.821
GB,TH,0.0030100554943141597,101.055,15.311,-2.227,53.821
GB,TR,0.002670202955637967,31.238,39.049,-2.227,53.821
GB,TW,0.0019722093019075067,120.945,23.682,-2.227,53.821
GB,US,0.01596954673679421,-99.818,37.615,-2.227,53.821
GB,ZA,0.005399178466010233,23.274,-30.622,-2.227,53.821
GF,AT,0.013464498314972656,16.843,48.085,-52.501,4.894
GF,BE,0.01190336772397246,3.208,51.542,-52.501,4.894
GF,BR,0.003233749146198116,-41.076,-10.964,-52.501,4.894
GF,CA,0.011509164184997738,-82.375,46.296,-52.501,4.894
GF,CH,0.006797987537751492,7.299,47.384,-52.501,4.894
GF,CL,0.008792232729547156,-70.155,-26.329,-52.501,4.894
GF,DE,0.009780896563157282,10.674,52.577,-52.501,4.894
GF,DK,0.020530995237237698,10.241,55.6,-52.501,4.894
GF,EG,0.009405461807913594,32.667,26.551,-52.501,4.894
GF,ES,0.008844454082701486,-3.72,40.031,-52.501,4.894
GF,FI,0.018480952061708703,24.52,65.563,-52.501,4.894
GF,FR,0.010833063470288458,2.152,46.853,-52.501,4.894
GF,GB,0.0152051993951881,-2.227,53.821,-52.501,4.894
GF,GR,0.012019264330676032,22.79,37.756,-52.501,4.894
GF,IE,0.007517866657643151,-8.248,52.679,-52.501,4.894
GF,IL,0.00901290403332726,34.764,31.223,-52.501,4.894
GF,IT,0.008589720675732595,14.277,41.189,-52.501,4.894
GF,MX,0.018794678036733677,-100.773,21.559,-52.501,4.894
GF,NL,0.012760225861196094,4.945,52.875,-52.501,4.894
GF,NO,0.027508522717358094,8.132,63.44,-52.501,4.894
GF,PL,0.011908733524548309,17.38,53.213,-52.501,4.894
GF,SA,0.014562592909794638,38.795,31.62,-52.501,4.894
GF,SE,0.022997619696577373,16.282,63.654,-52.501,4.894
GF,TR,0.010925054743308866,31.238,39.049,-52.501,4.894
GF,US,0.010020885932094256,-99.818,37.615,-52.501,4.894
GF,ZA,0.008852911719533356,23.274,-30.622,-52.501,4.894
GH,AE,0.007186018889609713,55.368,24.754,-0.95,5.29
GH,AT,0.007970068207182029,16.843,48.085,-0.95,5.29
GH,BE,0.00793688987471025,3.208,51.542,-0.95,5.29
GH,BH,0.005286513453412327,50.58,26.1,-0.95,5.29
GH,BR,0.011536656120786637,-41.076,-10.964,-0.95,5.29
GH,CA,0.017084242988384686,-82.375,46.296,-0.95,5.29
GH,CH,0.001626385265664034,7.299,47.384,-0.95,5.29
GH,CL,0.05406825090746961,-70.155,-26.329,-0.95,5.29
GH,DE,0.006664368935866484,10.674,52.577,-0.95,5.29
GH,DK,0.015572859176621242,10.241,55.6,-0.95,5.29
GH,EG,0.004762339657332395,32.667,26.551,-0.95,5.29
GH,ES,0.005768595243586719,-3.72,40.031,-0.95,5.29
GH,FI,0.021095467963803346,24.52,65.563,-0.95,5.29
GH,FR,0.006758551793500152,2.152,46.853,-0.95,5.29
GH,GB,0.012157532651427966,-2.227,53.821,-0.95,5.29
GH,GR,0.0063754755925173765,22.79,37.756,-0.95,5.29
GH,IE,0.00843466313763912,-8.248,52.679,-0.95,5.29
GH,IL,0.002127173372261996,34.764,31.223,-0.95,5.29
GH,IN,0.015073369541648495,76.129,19.557,-0.95,5.29
GH,IT,0.0026235484395245316,14.277,41.189,-0.95,5.29
GH,KW,0.005504473106492702,47.71,28.89,-0.95,5.29
GH,NL,0.011568600338164,4.945,52.875,-0.95,5.29
GH,NO,0.030157784099791522,8.132,63.44,-0.95,5.29
GH,PL,0.00603680905063375,17.38,53.213,-0.95,5.29
GH,SA,0.004304172581351975,38.795,31.62,-0.95,5.29
GH,SE,0.024141406452883717,16.282,63.654,-0.95,5.29
GH,TR,0.0055805651081917524,31.238,39.049,-0.95,5.29
GH,ZA,0.0019449385806956502,23.274,-30.622,-0.95,5.29
GR,AE,0.002682704958833027,55.368,24.754,22.79,37.756
GR,AT,0.0038014311049275073,16.843,48.085,22.79,37.756
GR,BE,0.003441563179180675,3.208,51.542,22.79,37.756
GR,BH,0.002185266485684608,50.58,26.1,22.79,37.756
GR,BR,0.02878313215493886,-41.076,-10.964,22.79,37.756
GR,CA,0.021822587205587766,-82.375,46.296,22.79,37.756
GR,CH,0.00480376087353794,7.299,47.384,22.79,37.756
GR,CN,0.0032756249464619127,108.792,38.61,22.79,37.756
GR,DE,0.0032448839746792133,10.674,52.577,22.79,37.756
GR,DK,0.008628945411922604,10.241,55.6,22.79,37.756
GR,EG,0.0022122381105833325,32.667,26.551,22.79,37.756
GR,ES,0.007582008897382206,-3.72,40.031,22.79,37.756
GR,FI,0.0180039676153745,24.52,65.563,22.79,37.756
GR,FR,0.004882451105890234,2.152,46.853,22.79,37.756
GR,GB,0.00867726018976183,-2.227,53.821,22.79,37.756
GR,IE,0.005870075081960767,-8.248,52.679,22.79,37.756
GR,IN,0.00671252055712697,76.129,19.557,22.79,37.756
GR,IT,0.002144355071435191,14.277,41.189,22.79,37.756
GR,JP,0.0063275654182275536,136.251,35.764,22.79,37.756
GR,KR,0.00530992371935413,127.036,34.738,22.79,37.756
GR,KW,0.0018811720265977019,47.71,28.89,22.79,37.756
GR,MY,0.0045236441944066594,101.67,2.751,22.79,37.756
GR,NL,0.007749371818762593,4.945,52.875,22.79,37.756
GR,NO,0.02668902838606717,8.132,63.44,22.79,37.756
GR,PL,0.0021459020873100198,17.38,53.213,22.79,37.756
GR,SA,0.0018293565216827147,38.795,31.62,22.79,37.756
GR,SE,0.0195000098858196,16.282,63.654,22.79,37.756
GR,TH,0.006423891228956999,101.055,15.311,22.79,37.756
GR,TR,0.0026712593791191537,31.238,39.049,22.79,37.756
GR,TW,0.005792492667950806,120.945,23.682,22.79,37.756
GR,US,0.03313148548606171,-99.818,37.615,22.79,37.756
GR,ZA,0.005879126906574235,23.274,-30.622,22.79,37.756
GT,AT,0.015519749818438172,16.843,48.085,-90.438,14.165
GT,BE,0.015010899017199637,3.208,51.542,-90.438,14.165
GT,BR,0.007704171518005136,-41.076,-10.964,-90.438,14.165
GT,CA,0.009547146970948045,-82.375,46.296,-90.438,14.165
GT,CH,0.009238781921955428,7.299,47.384,-90.438,14.165
GT,CL,0.0041160690373733015,-70.155,-26.329,-90.438,14.165
GT,DE,0.01215244589358157,10.674,52.577,-90.438,14.165
GT,DK,0.02290265822336416,10.241,55.6,-90.438,14.165
GT,ES,0.010677412560952558,-3.72,40.031,-90.438,14.165
GT,FI,0.018247174924083846,24.52,65.563,-90.438,14.165
GT,FR,0.012610042303124404,2.152,46.853,-90.438,14.165
GT,GB,0.018355071559484,-2.227,53.821,-90.438,14.165
GT,IE,0.00946511139130957,-8.248,52.679,-90.438,14.165
GT,IT,0.010985592479235922,14.277,41.189,-90.438,14.165
GT,MX,0.005169732503935047,-100.773,21.559,-90.438,14.165
GT,NL,0.013486875984041986,4.945,52.875,-90.438,14.165
GT,NO,0.02773079897655605,8.132,63.44,-90.438,14.165
GT,PL,0.016360596381111557,17.38,53.213,-90.438,14.165
GT,SE,0.02339430531626498,16.282,63.654,-90.438,14.165
GT,US,0.005035539659643008,-99.818,37.615,-90.438,14.165
HN,AT,0.014676319914740422,16.843,48.085,-87.361,13.474
HN,BE,0.014259627065898613,3.208,51.542,-87.361,13.474
HN,BR,0.007555859573988023,-41.076,-10.964,-87.361,13.474
HN,CA,0.007942653904875254,-82.375,46.296,-87.361,13.474
HN,CH,0.0070500186578470415,7.299,47.384,-87.361,13.474
HN,CL,0.005032073224973546,-70.155,-26.329,-87.361,13.474
HN,DE,0.011418444663830797,10.674,52.577,-87.361,13.474
HN,DK,0.022436537154277382,10.241,55.6,-87.361,13.474
HN,ES,0.009333095888766596,-3.72,40.031,-87.361,13.474
HN,FI,0.01894008242972811,24.52,65.563,-87.361,13.474
HN,FR,0.011991542209553391,2.152,46.853,-87.361,13.474
HN,GB,0.01737882387372462,-2.227,53.821,-87.361,13.474
HN,IE,0.00904497364481887,-8.248,52.679,-87.361,13.474
HN,IT,0.009552872947031573,14.277,41.189,-87.361,13.474
HN,MX,0.005680371365192348,-100.773,21.559,-87.361,13.474
HN,NL,0.012998780824171979,4.945,52.875,-87.361,13.474
HN,NO,0.027754874605314905,8.132,63.44,-87.361,13.474
HN,PL,0.015101614322814125,17.38,53.213,-87.361,13.474
HN,SE,0.023785630908029272,16.282,63.654,-87.361,13.474
HN,US,0.0056120219247329985,-99.818,37.615,-87.361,13.474
HU,AE,0.005504612500255779,55.368,24.754,19.482,47.268
HU,AT,0.0042611957028614676,16.843,48.085,19.482,47.268
HU,BE,0.0037479402433972546,3.208,51.542,19.482,47.268
HU,BH,0.004785931690118998,50.58,26.1,19.482,47.268
HU,BR,0.033378216386051776,-41.076,-10.964,19.482,47.268
HU,CA,0.025463188433859116,-82.375,46.296,19.482,47.268
HU,CH,0.0033516563259261933,7.299,47.384,19.482,47.268
HU,CN,0.004343147778969969,108.792,38.61,19.482,47.268
HU,DE,0.0038959591448836694,10.674,52.577,19.482,47.268
HU,DK,0.010074777869153652,10.241,55.6,19.482,47.268
HU,EG,0.003607367352764019,32.667,26.551,19.482,47.268
HU,ES,0.010480031797258465,-3.72,40.031,19.482,47.268
HU,FI,0.019316793440691836,24.52,65.563,19.482,47.268
HU,FR,0.006244909688579187,2.152,46.853,19.482,47.268
HU,GB,0.01045498354778419,-2.227,53.821,19.482,47.268
HU,GR,0.00548610720449622,22.79,37.756,19.482,47.268
HU,IE,0.005655491701249185,-8.248,52.679,19.482,47.268
HU,IL,0.0020418091746067647,34.764,31.223,19.482,47.268
HU,IN,0.0076712627838800805,76.129,19.557,19.482,47.268
HU,IT,0.0028642162906782963,14.277,41.189,19.482,47.268
HU,JP,0.008666969132724942,136.251,35.764,19.482,47.268
HU,KR,0.007979925510471969,127.036,34.738,19.482,47.268
HU,KW,0.004037399780138337,47.71,28.89,19.482,47.268
HU,MY,0.007278127123154108,101.67,2.751,19.482,47.268
HU,NL,0.008988484523462341,4.945,52.875,19.482,47.268
HU,NO,0.030131985994624008,8.132,63.44,19.482,47.268
HU,PL,0.0028026132671052435,17.38,53.213,19.482,47.268
HU,SA,0.004083641834057385,38.795,31.62,19.482,47.268
HU,SE,0.020794860050136872,16.282,63.654,19.482,47.268
HU,TH,0.009709138838543345,101.055,15.311,19.482,47.268
HU,TR,0.004629785669250025,31.238,39.049,19.482,47.268
HU,TW,0.008580468715633414,120.945,23.682,19.482,47.268
HU,US,0.0333293092922074,-99.818,37.615,19.482,47.268
HU,ZA,0.011120826889979259,23.274,-30.622,19.482,47.268
ID,AE,0.012513820809651532,55.368,24.754,118.0,-2.0
ID,AU,0.020880171894870802,144.154,-31.773,118.0,-2.0
ID,BH,0.01250006789426225,50.58,26.1,118.0,-2.0
ID,CN,0.00241811284921401,108.792,38.61,118.0,-2.0
ID,EG,0.0146375309598666,32.667,26.551,118.0,-2.0
ID,IL,0.022184074561011548,34.764,31.223,118.0,-2.0
ID,IN,0.006926107810669119,76.129,19.557,118.0,-2.0
ID,JP,0.005455676912507194,136.251,35.764,118.0,-2.0
ID,KR,0.0030052005590583838,127.036,34.738,118.0,-2.0
ID,KW,0.012480297304090825,47.71,28.89,118.0,-2.0
ID,NZ,0.07695401524013827,175.062,-40.949,118.0,-2.0
ID,SA,0.02577176220420931,38.795,31.62,118.0,-2.0
ID,TH,0.003067738778715874,101.055,15.311,118.0,-2.0
ID,TR,0.017587922953539434,31.238,39.049,118.0,-2.0
ID,TW,0.0017426127047769756,120.945,23.682,118.0,-2.0
IE,AE,0.007372043581855017,55.368,24.754,-8.248,52.679
IE,AT,0.005417541949667179,16.843,48.085,-8.248,52.679
IE,BE,0.0027375955721851515,3.208,51.542,-8.248,52.679
IE,BH,0.006289300467093443,50.58,26.1,-8.248,52.679
IE,BR,0.01992289183615313,-41.076,-10.964,-8.248,52.679
IE,CA,0.01507446413684893,-82.375,46.296,-8.248,52.679
IE,CH,0.009266760240782,7.299,47.384,-8.248,52.679
IE,CN,0.001788191912361726,108.792,38.61,-8.248,52.679
IE,DE,0.0032003238776606067,10.674,52.577,-8.248,52.679
IE,DK,0.0058128662759333065,10.241,55.6,-8.248,52.679
IE,EG,0.003849739284410573,32.667,26.551,-8.248,52.679
IE,ES,0.0077889320335449855,-3.72,40.031,-8.248,52.679
IE,FI,0.01209816777268719,24.52,65.563,-8.248,52.679
IE,FR,0.0040618336027944775,2.152,46.853,-8.248,52.679
IE,GB,0.003120878493236708,-2.227,53.821,-8.248,52.679
IE,GR,0.0063971737170241405,22.79,37.756,-8.248,52.679
IE,IL,0.0059086980898298445,34.764,31.223,-8.248,52.679
IE,IN,0.0037163940448137114,76.129,19.557,-8.248,52.679
IE,IT,0.006263897486630321,14.277,41.189,-8.248,52.679
IE,JP,0.00267545978379219,136.251,35.764,-8.248,52.679
IE,KR,0.0023950960396444472,127.036,34.738,-8.248,52.679
IE,KW,0.005935597817506199,47.71,28.89,-8.248,52.679
IE,MX,0.037398211316102284,-100.773,21.559,-8.248,52.679
IE,NL,0.005097018312721319,4.945,52.875,-8.248,52.679
IE,NO,0.01948733821917731,8.132,63.44,-8.248,52.679
IE,PL,0.0035954261337192003,17.38,53.213,-8.248,52.679
IE,SA,0.008605328687505479,38.795,31.62,-8.248,52.679
IE,SE,0.013586602901047195,16.282,63.654,-8.248,52.679
IE,TH,0.004029288872365618,101.055,15.311,-8.248,52.679
IE,TR,0.005342138282202971,31.238,39.049,-8.248,52.679
IE,TW,0.0031892450833565325,120.945,23.682,-8.248,52.679
IE,US,0.011565041632235725,-99.818,37.615,-8.248,52.679
IE,ZA,0.012736111360689315,23.274,-30.622,-8.248,52.679
IL,AT,0.004641712924610241,16.843,48.085,34.764,31.223
IL,BE,0.004428307740889463,3.208,51.542,34.764,31.223
IL,BR,0.032259714981785384,-41.076,-10.964,34.764,31.223
IL,CA,0.024061600752680254,-82.375,46.296,34.764,31.223
IL,CH,0.004577547062028599,7.299,47.384,34.764,31.223
IL,CN,0.003861844505781301,108.792,38.61,34.764,31.223
IL,DE,0.003928828873678747,10.674,52.577,34.764,31.223
IL,DK,0.010779545253892473,10.241,55.6,34.764,31.223
IL,EG,0.0024146310519152932,32.667,26.551,34.764,31.223
IL,ES,0.009481782309316553,-3.72,40.031,34.764,31.223
IL,FI,0.02077695588810311,24.52,65.563,34.764,31.223
IL,FR,0.005843266363440869,2.152,46.853,34.764,31.223
IL,GB,0.01014298119593021,-2.227,53.821,34.764,31.223
IL,GR,0.004843811774966298,22.79,37.756,34.764,31.223
IL,ID,0.006301310707758364,118.0,-2.0,34.764,31.223
IL,IE,0.007237604510951179,-8.248,52.679,34.764,31.223
IL,IN,0.007201908620509936,76.129,19.557,34.764,31.223
IL,IT,0.001944700922172525,14.277,41.189,34.764,31.223
IL,JP,0.009236047340886008,136.251,35.764,34.764,31.223
IL,KR,0.007815743201557403,127.036,34.738,34.764,31.223
IL,MY,0.004393144045530527,101.67,2.751,34.764,31.223
IL,NL,0.009146703537894312,4.945,52.875,34.764,31.223
IL,NO,0.030738254381099003,8.132,63.44,34.764,31.223
IL,PL,0.002748838513879487,17.38,53.213,34.764,31.223
IL,SE,0.022725858163246734,16.282,63.654,34.764,31.223
IL,TH,0.006962898341598154,101.055,15.311,34.764,31.223
IL,TR,0.0031631326746319665,31.238,39.049,34.764,31.223
IL,TW,0.0070650828372692785,120.945,23.682,34.764,31.223
IL,ZA,0.007222216336227373,23.274,-30.622,34.764,31.223
IN,AE,0.002276520071007153,55.368,24.754,76.129,19.557
IN,AT,0.005459594077665147,16.843,48.085,76.129,19.557
IN,AU,0.009212545326241729,144.154,-31.773,76.129,19.557
IN,BE,0.0036234431770833207,3.208,51.542,76.129,19.557
IN,BH,0.002631202516868922,50.58,26.1,76.129,19.557
IN,CH,0.013819395721801004,7.299,47.384,76.129,19.557
IN,DE,0.003023404341017917,10.674,52.577,76.129,19.557
IN,DK,0.005770313540523214,10.241,55.6,76.129,19.557
IN,EG,0.003848240951337359,32.667,26.551,76.129,19.557
IN,ES,0.012546670665228436,-3.72,40.031,76.129,19.557
IN,FI,0.010364941618560568,24.52,65.563,76.129,19.557
IN,FR,0.005737898769084778,2.152,46.853,76.129,19.557
IN,GB,0.007506486285511318,-2.227,53.821,76.129,19.557
IN,GR,0.006336190067139691,22.79,37.756,76.129,19.557
IN,ID,0.00321670697606422,118.0,-2.0,76.129,19.557
IN,IE,0.0029235696529545624,-8.248,52.679,76.129,19.557
IN,IL,0.0038577832379046244,34.764,31.223,76.129,19.557
IN,IT,0.006740519531680268,14.277,41.189,76.129,19.557
IN,JP,0.004465929955614412,136.251,35.764,76.129,19.557
IN,KR,0.0038013915872808788,127.036,34.738,76.129,19.557
IN,KW,0.0023751656470530355,47.71,28.89,76.129,19.557
IN,MY,0.002075006622899103,101.67,2.751,76.129,19.557
IN,NL,0.00484651686785774,4.945,52.875,76.129,19.557
IN,NO,0.01789557326787275,8.132,63.44,76.129,19.557
IN,PL,0.003366387384587225,17.38,53.213,76.129,19.557
IN,SA,0.004966104438197932,38.795,31.62,76.129,19.557
IN,SE,0.012846883195323556,16.282,63.654,76.129,19.557
IN,TH,0.0022027672920195565,101.055,15.311,76.129,19.557
IN,TR,0.004166526999303239,31.238,39.049,76.129,19.557
IN,TW,0.0036521316237513087,120.945,23.682,76.129,19.557
IN,ZA,0.01574462167194583,23.274,-30.622,76.129,19.557
IR,AE,0.00690572987957554,55.368,24.754,51.597,34.942
IR,AT,0.007206233247801983,16.843,48.085,51.597,34.942
IR,BE,0.005087592136489321,3.208,51.542,51.597,34.942
IR,BH,0.006035696218838249,50.58,26.1,51.597,34.942
IR,CA,0.029220137085844748,-82.375,46.296,51.597,34.942
IR,CH,0.01305434400801087,7.299,47.384,51.597,34.942
IR,CN,0.003520568389340545,108.792,38.61,51.597,34.942
IR,DE,0.005028916170120356,10.674,52.577,51.597,34.942
IR,DK,0.013121944096215275,10.241,55.6,51.597,34.942
IR,EG,0.005085607159258523,32.667,26.551,51.597,34.942
IR,ES,0.012096736143473756,-3.72,40.031,51.597,34.942
IR,FI,0.03238338297528639,24.52,65.563,51.597,34.942
IR,FR,0.007036852862252822,2.152,46.853,51.597,34.942
IR,GB,0.012785882830225156,-2.227,53.821,51.597,34.942
IR,GR,0.008258127641380711,22.79,37.756,51.597,34.942
IR,ID,0.005139483553648421,118.0,-2.0,51.597,34.942
IR,IE,0.005741658847398197,-8.248,52.679,51.597,34.942
IR,IL,0.0062916491676512105,34.764,31.223,51.597,34.942
IR,IN,0.005121753381158167,76.129,19.557,51.597,34.942
IR,IT,0.00840065146735347,14.277,41.189,51.597,34.942
IR,JP,0.00471905845976691,136.251,35.764,51.597,34.942
IR,KR,0.004046816851009581,127.036,34.738,51.597,34.942
IR,KW,0.005002090257845171,47.71,28.89,51.597,34.942
IR,MY,0.005367293980880901,101.67,2.751,51.597,34.942
IR,NL,0.009894611833217827,4.945,52.875,51.597,34.942
IR,NO,0.03905712896490448,8.132,63.44,51.597,34.942
IR,PL,0.00454821425922462,17.38,53.213,51.597,34.942
IR,SA,0.0081263726746131,38.795,31.62,51.597,34.942
IR,SE,0.023058851880861448,16.282,63.654,51.597,34.942
IR,TH,0.007141519262264348,101.055,15.311,51.597,34.942
IR,TR,0.006480205741381517,31.238,39.049,51.597,34.942
IR,TW,0.006066488305405932,120.945,23.682,51.597,34.942
IR,ZA,0.019062399673116077,23.274,-30.622,51.597,34.942
IT,AE,0.0039041903291123347,55.368,24.754,14.277,41.189
IT,AT,0.003428412347823419,16.843,48.085,14.277,41.189
IT,BE,0.0031211732203835657,3.208,51.542,14.277,41.189
IT,BH,0.003062380294581627,50.58,26.1,14.277,41.189
IT,BR,0.02506740375710262,-41.076,-10.964,14.277,41.189
IT,CA,0.01993898766465532,-82.375,46.296,14.277,41.189
IT,CH,0.002235788138934145,7.299,47.384,14.277,41.189
IT,CN,0.003676915907215221,108.792,38.61,14.277,41.189
IT,DE,0.0028069222986699467,10.674,52.577,14.277,41.189
IT,DK,0.008767373907468134,10.241,55.6,14.277,41.189
IT,EG,0.002498420648884718,32.667,26.551,14.277,41.189
IT,ES,0.006471542978819201,-3.72,40.031,14.277,41.189
IT,FI,0.016884258489578047,24.52,65.563,14.277,41.189
IT,FR,0.00418741655833846,2.152,46.853,14.277,41.189
IT,GB,0.008268503231433416,-2.227,53.821,14.277,41.189
IT,GR,0.003849794136520338,22.79,37.756,14.277,41.189
IT,IE,0.0051637593660206205,-8.248,52.679,14.277,41.189
IT,IN,0.007634346840003077,76.129,19.557,14.277,41.189
IT,JP,0.007205371056055866,136.251,35.764,14.277,41.189
IT,KR,0.006167665851891741,127.036,34.738,14.277,41.189
IT,KW,0.0028501634300400094,47.71,28.89,14.277,41.189
IT,MY,0.0051739940933470206,101.67,2.751,14.277,41.189
IT,NL,0.007459894722334704,4.945,52.875,14.277,41.189
IT,NO,0.024940016017404743,8.132,63.44,14.277,41.189
IT,PL,0.002285679318988108,17.38,53.213,14.277,41.189
IT,SA,0.002500300809650284,38.795,31.62,14.277,41.189
IT,SE,0.018841593166808786,16.282,63.654,14.277,41.189
IT,TH,0.007489780509162563,101.055,15.311,14.277,41.189
IT,TR,0.003393002398568692,31.238,39.049,14.277,41.189
IT,TW,0.006466580112622128,120.945,23.682,14.277,41.189
IT,US,0.03230881582449914,-99.818,37.615,14.277,41.189
IT,ZA,0.006212746498497972,23.274,-30.622,14.277,41.189
JM,AT,0.015569943073739408,16.843,48.085,-77.458,17.928
JM,BE,0.014108430903111807,3.208,51.542,-77.458,17.928
JM,BR,0.006554563766716784,-41.076,-10.964,-77.458,17.928
JM,CA,0.01267133376725645,-82.375,46.296,-77.458,17.928
JM,CH,0.008580077163355489,7.299,47.384,-77.458,17.928
JM,CL,0.005300804814710307,-70.155,-26.329,-77.458,17.928
JM,DE,0.011583160044593638,10.674,52.577,-77.458,17.928
JM,DK,0.022795620914499475,10.241,55.6,-77.458,17.928
JM,ES,0.01246785323317425,-3.72,40.031,-77.458,17.928
JM,FI,0.017966002718799518,24.52,65.563,-77.458,17.928
JM,FR,0.013250450463998682,2.152,46.853,-77.458,17.928
JM,GB,0.019357424772413624,-2.227,53.821,-77.458,17.928
JM,GR,0.015226852818916744,22.79,37.756,-77.458,17.928
JM,IE,0.008614504029475754,-8.248,52.679,-77.458,17.928
JM,IT,0.011431265025652506,14.277,41.189,-77.458,17.928
JM,MX,0.009357084845910139,-100.773,21.559,-77.458,17.928
JM,NL,0.013691032285832188,4.945,52.875,-77.458,17.928
JM,NO,0.02807109779265298,8.132,63.44,-77.458,17.928
JM,PL,0.015406998480728384,17.38,53.213,-77.458,17.928
JM,SE,0.023114971504013627,16.282,63.654,-77.458,17.928
JM,TR,0.016033969223096828,31.238,39.049,-77.458,17.928
JM,US,0.004738011407315454,-99.818,37.615,-77.458,17.928
JO,AT,0.007245705632822114,16.843,48.085,36.182,31.45
JO,BE,0.0067137399962457186,3.208,51.542,36.182,31.45
JO,BR,0.03652253381523698,-41.076,-10.964,36.182,31.45
JO,CA,0.02295043966483113,-82.375,46.296,36.182,31.45
JO,CH,0.007221583284008644,7.299,47.384,36.182,31.45
JO,CN,0.003812651402935561,108.792,38.61,36.182,31.45
JO,DE,0.0050281728863790336,10.674,52.577,36.182,31.45
JO,DK,0.01491460031208038,10.241,55.6,36.182,31.45
JO,EG,0.0023014545330252737,32.667,26.551,36.182,31.45
JO,ES,0.011065947839751686,-3.72,40.031,36.182,31.45
JO,FI,0.025964837201177093,24.52,65.563,36.182,31.45
JO,FR,0.0075957419593969625,2.152,46.853,36.182,31.45
JO,GB,0.01234108273790582,-2.227,53.821,36.182,31.45
JO,GR,0.006369192141143569,22.79,37.756,36.182,31.45
JO,ID,0.005810789397452372,118.0,-2.0,36.182,31.45
JO,IE,0.008885597374575775,-8.248,52.679,36.182,31.45
JO,IN,0.009108745704168933,76.129,19.557,36.182,31.45
JO,IT,0.0032439616954654136,14.277,41.189,36.182,31.45
JO,JP,0.012634165874100042,136.251,35.764,36.182,31.45
JO,KR,0.009370436260541702,127.036,34.738,36.182,31.45
JO,MY,0.003097201208225233,101.67,2.751,36.182,31.45
JO,NL,0.011166898220029248,4.945,52.875,36.182,31.45
JO,NO,0.03513825543651368,8.132,63.44,36.182,31.45
JO,PL,0.004028472551772996,17.38,53.213,36.182,31.45
JO,SE,0.028773628231079647,16.282,63.654,36.182,31.45
JO,TH,0.0059230570741898225,101.055,15.311,36.182,31.45
JO,TR,0.003956607447907422,31.238,39.049,36.182,31.45
JO,TW,0.007068290870655417,120.945,23.682,36.182,31.45
JO,ZA,0.0048099510207470116,23.274,-30.622,36.182,31.45
JP,AE,0.011614407392205353,55.368,24.754,136.251,35.764
JP,AT,0.010347090268494437,16.843,48.085,136.251,35.764
JP,AU,0.005006724537420548,144.154,-31.773,136.251,35.764
JP,BE,0.004428851112002125,3.208,51.542,136.251,35.764
JP,BH,0.010725341776464503,50.58,26.1,136.251,35.764
JP,CA,0.01338840169239697,-82.375,46.296,136.251,35.764
JP,CH,0.021991154922647173,7.299,47.384,136.251,35.764
JP,DE,0.0037900133246396004,10.674,52.577,136.251,35.764
JP,DK,0.006433843237472452,10.241,55.6,136.251,35.764
JP,EG,0.007006305212859163,32.667,26.551,136.251,35.764
JP,FI,0.008786350739047068,24.52,65.563,136.251,35.764
JP,FR,0.007387940222975261,2.152,46.853,136.251,35.764
JP,GB,0.006200542590023708,-2.227,53.821,136.251,35.764
JP,GR,0.012726061693173673,22.79,37.756,136.251,35.764
JP,ID,0.001773803104312093,118.0,-2.0,136.251,35.764
JP,IE,0.0033102578196333087,-8.248,52.679,136.251,35.764
JP,IL,0.012845288577237565,34.764,31.223,136.251,35.764
JP,IN,0.005553829464606856,76.129,19.557,136.251,35.764
JP,IT,0.014972057548070633,14.277,41.189,136.251,35.764
JP,KW,0.010553924281740823,47.71,28.89,136.251,35.764
JP,MY,0.0025870790698518807,101.67,2.751,136.251,35.764
JP,NL,0.003921162836757808,4.945,52.875,136.251,35.764
JP,NO,0.015031748590594043,8.132,63.44,136.251,35.764
JP,NZ,0.023297473672212795,175.062,-40.949,136.251,35.764
JP,PL,0.0077567501916955455,17.38,53.213,136.251,35.764
JP,SA,0.016908542026352176,38.795,31.62,136.251,35.764
JP,SE,0.010495416296073829,16.282,63.654,136.251,35.764
JP,TH,0.003287643771978782,101.055,15.311,136.251,35.764
JP,TR,0.0086011721570595,31.238,39.049,136.251,35.764
JP,US,0.010782685961929708,-99.818,37.615,136.251,35.764
KE,AT,0.0067338748595604835,16.843,48.085,37.175,2.189
KE,BE,0.004026978815343788,3.208,51.542,37.175,2.189
KE,BR,0.03949994606147676,-41.076,-10.964,37.175,2.189
KE,CH,0.016705265062286517,7.299,47.384,37.175,2.189
KE,CN,0.0021367210345134583,108.792,38.61,37.175,2.189
KE,DE,0.002612589212189758,10.674,52.577,37.175,2.189
KE,DK,0.0064629893324186635,10.241,55.6,37.175,2.189
KE,EG,0.0025213565999530514,32.667,26.551,37.175,2.189
KE,ES,0.010625634910778161,-3.72,40.031,37.175,2.189
KE,FI,0.016058106550436744,24.52,65.563,37.175,2.189
KE,FR,0.005211954689561007,2.152,46.853,37.175,2.189
KE,GB,0.008102485923835048,-2.227,53.821,37.175,2.189
KE,GR,0.006360083273678386,22.79,37.756,37.175,2.189
KE,ID,0.0017997643834692407,118.0,-2.0,37.175,2.189
KE,IE,0.00726477460597549,-8.248,52.679,37.175,2.189
KE,IL,0.003131859466554123,34.764,31.223,37.175,2.189
KE,IN,0.0030413202831668738,76.129,19.557,37.175,2.189
KE,IT,0.0069236825951285155,14.277,41.189,37.175,2.189
KE,KR,0.002176138841310838,127.036,34.738,37.175,2.189
KE,KW,0.0018876191734769282,47.71,28.89,37.175,2.189
KE,NL,0.005245615197757468,4.945,52.875,37.175,2.189
KE,NO,0.024704727365724214,8.132,63.44,37.175,2.189
KE,PL,0.004196125496887853,17.38,53.213,37.175,2.189
KE,SA,0.003339233079287973,38.795,31.62,37.175,2.189
KE,SE,0.01780421139887313,16.282,63.654,37.175,2.189
KE,TH,0.002384773634950581,101.055,15.311,37.175,2.189
KE,TR,0.0034586981894180885,31.238,39.049,37.175,2.189
KE,TW,0.0021953371183731974,120.945,23.682,37.175,2.189
KE,ZA,0.005088048263675892,23.274,-30.622,37.175,2.189
KH,AE,0.006039157484464366,55.368,24.754,106.073,11.074
KH,AT,0.011483735814761139,16.843,48.085,106.073,11.074
KH,AU,0.012376434671657827,144.154,-31.773,106.073,11.074
KH,BE,0.0063098332321693765,3.208,51.542,106.073,11.074
KH,BH,0.00609963949875448,50.58,26.1,106.073,11.074
KH,CH,0.023853294692283856,7.299,47.384,106.073,11.074
KH,DE,0.005187822710424386,10.674,52.577,106.073,11.074
KH,DK,0.010360570499769588,10.241,55.6,106.073,11.074
KH,EG,0.0057365538620719,32.667,26.551,106.073,11.074
KH,FI,0.017519442941986662,24.52,65.563,106.073,11.074
KH,FR,0.009209260141287937,2.152,46.853,106.073,11.074
KH,GB,0.010915222270487924,-2.227,53.821,106.073,11.074
KH,GR,0.012923103263389692,22.79,37.756,106.073,11.074
KH,IL,0.009164249083839893,34.764,31.223,106.073,11.074
KH,IN,0.00564604449179438,76.129,19.557,106.073,11.074
KH,IT,0.013696854850175695,14.277,41.189,106.073,11.074
KH,JP,0.0038220685175299235,136.251,35.764,106.073,11.074
KH,KR,0.002077596620690393,127.036,34.738,106.073,11.074
KH,KW,0.006026542256635056,47.71,28.89,106.073,11.074
KH,NL,0.00823292509523636,4.945,52.875,106.073,11.074
KH,NO,0.027146270272496675,8.132,63.44,106.073,11.074
KH,NZ,0.043055043505838955,175.062,-40.949,106.073,11.074
KH,PL,0.007556992380639412,17.38,53.213,106.073,11.074
KH,SA,0.011218908859711342,38.795,31.62,106.073,11.074
KH,SE,0.020524910127675825,16.282,63.654,106.073,11.074
KH,TH,0.0018737399247549138,101.055,15.311,106.073,11.074
KH,TR,0.00803293031868195,31.238,39.049,106.073,11.074
KH,ZA,0.0189757429508352,23.274,-30.622,106.073,11.074
KR,AE,0.011612489247521588,55.368,24.754,127.036,34.738
KR,AT,0.011292632621502437,16.843,48.085,127.036,34.738
KR,AU,0.007485930341231769,144.154,-31.773,127.036,34.738
KR,BE,0.005135764889753289,3.208,51.542,127.036,34.738
KR,BH,0.010725971713090551,50.58,26.1,127.036,34.738
KR,CH,0.02483713279035186,7.299,47.384,127.036,34.738
KR,CN,0.0017790421521404213,108.792,38.61,127.036,34.738
KR,DE,0.0045556555400682675,10.674,52.577,127.036,34.738
KR,DK,0.007529241273207728,10.241,55.6,127.036,34.738
KR,EG,0.007411439338830582,32.667,26.551,127.036,34.738
KR,FI,0.011230967603642304,24.52,65.563,127.036,34.738
KR,FR,0.007815389554230426,2.152,46.853,127.036,34.738
KR,GB,0.007728850893205123,-2.227,53.821,127.036,34.738
KR,GR,0.013628978211020921,22.79,37.756,127.036,34.738
KR,ID,0.0025033286849809725,118.0,-2.0,127.036,34.738
KR,IE,0.005071029331763002,-8.248,52.679,127.036,34.738
KR,IL,0.012982663363028623,34.764,31.223,127.036,34.738
KR,IN,0.00588047981574547,76.129,19.557,127.036,34.738
KR,IT,0.015391941364178733,14.277,41.189,127.036,34.738
KR,JP,0.0026114950345087823,136.251,35.764,127.036,34.738
KR,KW,0.01040880163748041,47.71,28.89,127.036,34.738
KR,MY,0.0029571195317381793,101.67,2.751,127.036,34.738
KR,NL,0.00497483192148792,4.945,52.875,127.036,34.738
KR,NO,0.017774328658937865,8.132,63.44,127.036,34.738
KR,NZ,0.029607406506180482,175.062,-40.949,127.036,34.738
KR,PL,0.008543623520578365,17.38,53.213,127.036,34.738
KR,SA,0.016830358628393525,38.795,31.62,127.036,34.738
KR,SE,0.01389016198275075,16.282,63.654,127.036,34.738
KR,TH,0.003282240046365053,101.055,15.311,127.036,34.738
KR,TR,0.008672867051828079,31.238,39.049,127.036,34.738
KR,TW,0.002222115871273914,120.945,23.682,127.036,34.738
KW,AT,0.008551078076446027,16.843,48.085,47.71,28.89
KW,BE,0.0074104754897901855,3.208,51.542,47.71,28.89
KW,CA,0.02649597260408229,-82.375,46.296,47.71,28.89
KW,CH,0.013223928411066697,7.299,47.384,47.71,28.89
KW,CN,0.0033295658064076746,108.792,38.61,47.71,28.89
KW,DE,0.0056803730783051105,10.674,52.577,47.71,28.89
KW,DK,0.015319241462122195,10.241,55.6,47.71,28.89
KW,EG,0.0032158861812742697,32.667,26.551,47.71,28.89
KW,ES,0.013851887752041134,-3.72,40.031,47.71,28.89
KW,FI,0.02640430675147102,24.52,65.563,47.71,28.89
KW,FR,0.008465719195869878,2.152,46.853,47.71,28.89
KW,GB,0.0134507851996922,-2.227,53.821,47.71,28.89
KW,GR,0.007288568671265586,22.79,37.756,47.71,28.89
KW,ID,0.005358411454629699,118.0,-2.0,47.71,28.89
KW,IE,0.009174331813735588,-8.248,52.679,47.71,28.89
KW,IN,0.007997532239222862,76.129,19.557,47.71,28.89
KW,IT,0.005273271226534981,14.277,41.189,47.71,28.89
KW,JP,0.012262885416573398,136.251,35.764,47.71,28.89
KW,KR,0.00905145196741262,127.036,34.738,47.71,28.89
KW,MY,0.002689922625633576,101.67,2.751,47.71,28.89
KW,NL,0.011309512280484983,4.945,52.875,47.71,28.89
KW,NO,0.03904941235965637,8.132,63.44,47.71,28.89
KW,PL,0.004907641939591332,17.38,53.213,47.71,28.89
KW,SE,0.0299189305338442,16.282,63.654,47.71,28.89
KW,TH,0.005234268672046965,101.055,15.311,47.71,28.89
KW,TR,0.004572438587050539,31.238,39.049,47.71,28.89
KW,TW,0.00689103308804192,120.945,23.682,47.71,28.89
KW,ZA,0.008797525353756998,23.274,-30.622,47.71,28.89
KZ,AE,0.0016167598400829498,55.368,24.754,70.822,42.713
KZ,AT,0.009665730965501933,16.843,48.085,70.822,42.713
KZ,BE,0.006493966423053508,3.208,51.542,70.822,42.713
KZ,BH,0.0017931940762164742,50.58,26.1,70.822,42.713
KZ,CA,0.02360315933705714,-82.375,46.296,70.822,42.713
KZ,CH,0.022817455957977375,7.299,47.384,70.822,42.713
KZ,CN,0.0021468204929477462,108.792,38.61,70.822,42.713
KZ,DE,0.00388984477507895,10.674,52.577,70.822,42.713
KZ,DK,0.010821438764913626,10.241,55.6,70.822,42.713
KZ,EG,0.00443040692934665,32.667,26.551,70.822,42.713
KZ,ES,0.017561769988449754,-3.72,40.031,70.822,42.713
KZ,FI,0.021686104119850887,24.52,65.563,70.822,42.713
KZ,FR,0.008853171320694835,2.152,46.853,70.822,42.713
KZ,GB,0.011832022451404441,-2.227,53.821,70.822,42.713
KZ,GR,0.009787096772362891,22.79,37.756,70.822,42.713
KZ,ID,0.00279033097341682,118.0,-2.0,70.822,42.713
KZ,IE,0.009346262543680147,-8.248,52.679,70.822,42.713
KZ,IL,0.004268437639696307,34.764,31.223,70.822,42.713
KZ,IN,0.005776608953932419,76.129,19.557,70.822,42.713
KZ,IT,0.009759073590066118,14.277,41.189,70.822,42.713
KZ,JP,0.0056493876725051675,136.251,35.764,70.822,42.713
KZ,KR,0.004382844344385041,127.036,34.738,70.822,42.713
KZ,KW,0.0019147395391624683,47.71,28.89,70.822,42.713
KZ,MY,0.0016500678315110946,101.67,2.751,70.822,42.713
KZ,NL,0.007232329434858251,4.945,52.875,70.822,42.713
KZ,NO,0.03406611007983603,8.132,63.44,70.822,42.713
KZ,PL,0.005456035948170797,17.38,53.213,70.822,42.713
KZ,SA,0.004886201290995899,38.795,31.62,70.822,42.713
KZ,SE,0.023380213276479555,16.282,63.654,70.822,42.713
KZ,TH,0.0033571114008479957,101.055,15.311,70.822,42.713
KZ,TR,0.005575040576441409,31.238,39.049,70.822,42.713
KZ,TW,0.0036774080519277334,120.945,23.682,70.822,42.713
KZ,ZA,0.01325246167030305,23.274,-30.622,70.822,42.713
LC,AT,0.013663853020688243,16.843,48.085,-60.961,13.738
LC,BE,0.013375997186882593,3.208,51.542,-60.961,13.738
LC,BR,0.0028578001961950066,-41.076,-10.964,-60.961,13.738
LC,CA,0.010366740055926601,-82.375,46.296,-60.961,13.738
LC,CH,0.0055013053728558,7.299,47.384,-60.961,13.738
LC,CL,0.0046175377771302895,-70.155,-26.329,-60.961,13.738
LC,DE,0.011167680510339992,10.674,52.577,-60.961,13.738
LC,DK,0.022538195060221332,10.241,55.6,-60.961,13.738
LC,EG,0.010526094393495887,32.667,26.551,-60.961,13.738
LC,ES,0.008862102516903274,-3.72,40.031,-60.961,13.738
LC,FI,0.01803002568055793,24.52,65.563,-60.961,13.738
LC,FR,0.011490299627734733,2.152,46.853,-60.961,13.738
LC,GB,0.01668296160492067,-2.227,53.821,-60.961,13.738
LC,GR,0.01147100629282093,22.79,37.756,-60.961,13.738
LC,IE,0.007955293134948985,-8.248,52.679,-60.961,13.738
LC,IL,0.00870488901762706,34.764,31.223,-60.961,13.738
LC,IT,0.008326328686792221,14.277,41.189,-60.961,13.738
LC,MX,0.011722539744714128,-100.773,21.559,-60.961,13.738
LC,NL,0.013773769556315676,4.945,52.875,-60.961,13.738
LC,NO,0.027560395726526733,8.132,63.44,-60.961,13.738
LC,PL,0.01278540186856417,17.38,53.213,-60.961,13.738
LC,SA,0.013904014905529883,38.795,31.62,-60.961,13.738
LC,SE,0.022789085106998667,16.282,63.654,-60.961,13.738
LC,TR,0.011183108522672168,31.238,39.049,-60.961,13.738
LC,US,0.0067789836886833245,-99.818,37.615,-60.961,13.738
LC,ZA,0.008561079431413971,23.274,-30.622,-60.961,13.738
LK,AE,0.002834583603126845,55.368,24.754,80.175,7.45
LK,AT,0.006157235481386373,16.843,48.085,80.175,7.45
LK,AU,0.009099878401906803,144.154,-31.773,80.175,7.45
LK,BE,0.0037747433690552045,3.208,51.542,80.175,7.45
LK,BH,0.0028890551313260843,50.58,26.1,80.175,7.45
LK,CH,0.01444465857907079,7.299,47.384,80.175,7.45
LK,DE,0.0032557974251066564,10.674,52.577,80.175,7.45
LK,DK,0.0062367983797311415,10.241,55.6,80.175,7.45
LK,EG,0.004312085556094765,32.667,26.551,80.175,7.45
LK,ES,0.01421235305848401,-3.72,40.031,80.175,7.45
LK,FI,0.011789822479409106,24.52,65.563,80.175,7.45
LK,FR,0.006627946292371706,2.152,46.853,80.175,7.45
LK,GB,0.008903262173536762,-2.227,53.821,80.175,7.45
LK,GR,0.00714305432614255,22.79,37.756,80.175,7.45
LK,ID,0.003153837565144003,118.0,-2.0,80.175,7.45
LK,IE,0.002772729974333492,-8.248,52.679,80.175,7.45
LK,IL,0.004191291457904761,34.764,31.223,80.175,7.45
LK,IT,0.00730039695147706,14.277,41.189,80.175,7.45
LK,JP,0.004599965438931862,136.251,35.764,80.175,7.45
LK,KR,0.004072266205975553,127.036,34.738,80.175,7.45
LK,KW,0.0026594643748431234,47.71,28.89,80.175,7.45
LK,MY,0.002093637733657156,101.67,2.751,80.175,7.45
LK,NL,0.005889330964892613,4.945,52.875,80.175,7.45
LK,NO,0.021731080331530293,8.132,63.44,80.175,7.45
LK,PL,0.003959515841203903,17.38,53.213,80.175,7.45
LK,SA,0.005562645521824089,38.795,31.62,80.175,7.45
LK,SE,0.014376596465194102,16.282,63.654,80.175,7.45
LK,TH,0.002584063602151302,101.055,15.311,80.175,7.45
LK,TR,0.004524211107780071,31.238,39.049,80.175,7.45
LK,TW,0.003379097439698138,120.945,23.682,80.175,7.45
LK,ZA,0.0158084946627509,23.274,-30.622,80.175,7.45
LY,AT,0.005701907342695451,16.843,48.085,17.0,27.0
LY,BE,0.004768276463349276,3.208,51.542,17.0,27.0
LY,BR,0.018643111810602127,-41.076,-10.964,17.0,27.0
LY,CA,0.010517436493952311,-82.375,46.296,17.0,27.0
LY,CH,0.007025542426209581,7.299,47.384,17.0,27.0
LY,CN,0.0020994597231720593,108.792,38.61,17.0,27.0
LY,DE,0.003797019522985892,10.674,52.577,17.0,27.0
LY,DK,0.009128328610561953,10.241,55.6,17.0,27.0
LY,EG,0.0016770922908704506,32.667,26.551,17.0,27.0
LY,ES,0.006052369142568793,-3.72,40.031,17.0,27.0
LY,FI,0.01358104758045235,24.52,65.563,17.0,27.0
LY,FR,0.00485909914769774,2.152,46.853,17.0,27.0
LY,GB,0.007120170821087016,-2.227,53.821,17.0,27.0
LY,GR,0.004962314911777536,22.79,37.756,17.0,27.0
LY,IE,0.0045407819947733035,-8.248,52.679,17.0,27.0
LY,IL,0.001707235341453851,34.764,31.223,17.0,27.0
LY,IN,0.0052647106308628165,76.129,19.557,17.0,27.0
LY,IT,0.00407975449259577,14.277,41.189,17.0,27.0
LY,KR,0.007230322898165668,127.036,34.738,17.0,27.0
LY,MY,0.0022479687383031347,101.67,2.751,17.0,27.0
LY,NL,0.0066664654832696854,4.945,52.875,17.0,27.0
LY,NO,0.01804404877365937,8.132,63.44,17.0,27.0
LY,PL,0.004006533361834123,17.38,53.213,17.0,27.0
LY,SA,0.001975926875039543,38.795,31.62,17.0,27.0
LY,SE,0.01508189149186485,16.282,63.654,17.0,27.0
LY,TH,0.0037750122378414977,101.055,15.311,17.0,27.0
LY,TR,0.003199788389613745,31.238,39.049,17.0,27.0
LY,TW,0.005118844016750159,120.945,23.682,17.0,27.0
LY,US,0.019320519142345893,-99.818,37.615,17.0,27.0
LY,ZA,0.0031837229191587282,23.274,-30.622,17.0,27.0
MA,AE,0.002777984586122219,55.368,24.754,-6.047,33.791
MA,AT,0.006069877861956454,16.843,48.085,-6.047,33.791
MA,BE,0.0062168263030790444,3.208,51.542,-6.047,33.791
MA,BH,0.0021134262652171263,50.58,26.1,-6.047,33.791
MA,BR,0.008341168902706224,-41.076,-10.964,-6.047,33.791
MA,CA,0.009898434252814252,-82.375,46.296,-6.047,33.791
MA,CL,0.03078433327819372,-70.155,-26.329,-6.047,33.791
MA,CN,0.004635499349781359,108.792,38.61,-6.047,33.791
MA,DE,0.00510062988798084,10.674,52.577,-6.047,33.791
MA,DK,0.011801263850083635,10.241,55.6,-6.047,33.791
MA,EG,0.003097618579747791,32.667,26.551,-6.047,33.791
MA,ES,0.002839144971865188,-3.72,40.031,-6.047,33.791
MA,FI,0.015730528598119516,24.52,65.563,-6.047,33.791
MA,FR,0.0051316658983844386,2.152,46.853,-6.047,33.791
MA,GB,0.007895782403632937,-2.227,53.821,-6.047,33.791
MA,GR,0.004512928782185338,22.79,37.756,-6.047,33.791
MA,IE,0.005056121055300659,-8.248,52.679,-6.047,33.791
MA,IN,0.00798857605223694,76.129,19.557,-6.047,33.791
MA,IT,0.0018426503679936242,14.277,41.189,-6.047,33.791
MA,KW,0.002254184668104358,47.71,28.89,-6.047,33.791
MA,MX,0.032910307035465304,-100.773,21.559,-6.047,33.791
MA,NL,0.008393866774381689,4.945,52.875,-6.047,33.791
MA,NO,0.02162089420662544,8.132,63.44,-6.047,33.791
MA,PL,0.0044433022741302884,17.38,53.213,-6.047,33.791
MA,SA,0.00202907814253792,38.795,31.62,-6.047,33.791
MA,SE,0.018802965995309496,16.282,63.654,-6.047,33.791
MA,TR,0.004042374371680741,31.238,39.049,-6.047,33.791
MA,US,0.019403923789269376,-99.818,37.615,-6.047,33.791
MA,ZA,0.001900945176155914,23.274,-30.622,-6.047,33.791
MG,AE,0.0017450932552938894,55.368,24.754,47.445,-19.489
MG,AT,0.006947185399851247,16.843,48.085,47.445,-19.489
MG,AU,0.014731459131272304,144.154,-31.773,47.445,-19.489
MG,BE,0.005135097443720278,3.208,51.542,47.445,-19.489
MG,BR,0.037402047883475474,-41.076,-10.964,47.445,-19.489
MG,CH,0.013797030104536626,7.299,47.384,47.445,-19.489
MG,CN,0.004082177439003619,108.792,38.61,47.445,-19.489
MG,DE,0.0040772649702985175,10.674,52.577,47.445,-19.489
MG,DK,0.00911460551594744,10.241,55.6,47.445,-19.489
MG,EG,0.0035220673076592325,32.667,26.551,47.445,-19.489
MG,ES,0.012040664599963393,-3.72,40.031,47.445,-19.489
MG,FI,0.016576586954056668,24.52,65.563,47.445,-19.489
MG,FR,0.006512629438677273,2.152,46.853,47.445,-19.489
MG,GB,0.010036189326209517,-2.227,53.821,47.445,-19.489
MG,GR,0.006711143446291884,22.79,37.756,47.445,-19.489
MG,ID,0.00689978388936179,118.0,-2.0,47.445,-19.489
MG,IE,0.007019908505595119,-8.248,52.679,47.445,-19.489
MG,IL,0.0021569611231852786,34.764,31.223,47.445,-19.489
MG,IN,0.005039721113111794,76.129,19.557,47.445,-19.489
MG,IT,0.005891524815199716,14.277,41.189,47.445,-19.489
MG,KW,0.001933637523652959,47.71,28.89,47.445,-19.489
MG,MY,0.004405164916198478,101.67,2.751,47.445,-19.489
MG,NL,0.007751673985424006,4.945,52.875,47.445,-19.489
MG,NO,0.025412536923225912,8.132,63.44,47.445,-19.489
MG,PL,0.0044156805060778575,17.38,53.213,47.445,-19.489
MG,SA,0.0024332754140002537,38.795,31.62,47.445,-19.489
MG,SE,0.019081893609425894,16.282,63.654,47.445,-19.489
MG,TH,0.006492444851795007,101.055,15.311,47.445,-19.489
MG,TR,0.003986321461824253,31.238,39.049,47.445,-19.489
MG,TW,0.007703864598914968,120.945,23.682,47.445,-19.489
MG,ZA,0.007619514739620897,23.274,-30.622,47.445,-19.489
MM,AE,0.004043227038803253,55.368,24.754,94.8,20.2
MM,AT,0.012945466277743825,16.843,48.085,94.8,20.2
MM,AU,0.014963976797518192,144.154,-31.773,94.8,20.2
MM,BE,0.007187625819638151,3.208,51.542,94.8,20.2
MM,BH,0.004444654464519811,50.58,26.1,94.8,20.2
MM,CH,0.029786693772048237,7.299,47.384,94.8,20.2
MM,CN,0.0016130776526024164,108.792,38.61,94.8,20.2
MM,DE,0.005483611899843725,10.674,52.577,94.8,20.2
MM,DK,0.01073233929073011,10.241,55.6,94.8,20.2
MM,EG,0.0059330040600029405,32.667,26.551,94.8,20.2
MM,ES,0.020206086568121978,-3.72,40.031,94.8,20.2
MM,FI,0.01784465917578431,24.52,65.563,94.8,20.2
MM,FR,0.009558576970371538,2.152,46.853,94.8,20.2
MM,GB,0.011838760587351041,-2.227,53.821,94.8,20.2
MM,GR,0.013621181470222295,22.79,37.756,94.8,20.2
MM,IE,0.008537222691590142,-8.248,52.679,94.8,20.2
MM,IL,0.008790590853066299,34.764,31.223,94.8,20.2
MM,IN,0.0047398504644116735,76.129,19.557,94.8,20.2
MM,IT,0.015275812949167734,14.277,41.189,94.8,20.2
MM,JP,0.004960647182991145,136.251,35.764,94.8,20.2
MM,KR,0.00318766376036926,127.036,34.738,94.8,20.2
MM,KW,0.004903887644883559,47.71,28.89,94.8,20.2
MM,NL,0.008227352887147318,4.945,52.875,94.8,20.2
MM,NO,0.02646176251770449,8.132,63.44,94.8,20.2
MM,PL,0.00854628234078571,17.38,53.213,94.8,20.2
MM,SA,0.010093417760821798,38.795,31.62,94.8,20.2
MM,SE,0.020318708751078596,16.282,63.654,94.8,20.2
MM,TH,0.0015816225128369803,101.055,15.311,94.8,20.2
MM,TR,0.007807717814239722,31.238,39.049,94.8,20.2
MM,TW,0.00195570515689196,120.945,23.682,94.8,20.2
MM,ZA,0.0189345472913505,23.274,-30.622,94.8,20.2
MN,AE,0.0069685001154139855,55.368,24.754,107.746,47.28
MN,AT,0.00840797204265852,16.843,48.085,107.746,47.28
MN,AU,0.006335232562874827,144.154,-31.773,107.746,47.28
MN,BE,0.004255017239612929,3.208,51.542,107.746,47.28
MN,BH,0.006871166292093432,50.58,26.1,107.746,47.28
MN,CA,0.012503619133709242,-82.375,46.296,107.746,47.28
MN,CH,0.019435957703894773,7.299,47.384,107.746,47.28
MN,DE,0.0034763766681542053,10.674,52.577,107.746,47.28
MN,DK,0.005733716573341999,10.241,55.6,107.746,47.28
MN,EG,0.005416924947065751,32.667,26.551,107.746,47.28
MN,ES,0.012486885076507732,-3.72,40.031,107.746,47.28
MN,FI,0.007711614089099885,24.52,65.563,107.746,47.28
MN,FR,0.006132518377413943,2.152,46.853,107.746,47.28
MN,GB,0.0064226965782670595,-2.227,53.821,107.746,47.28
MN,GR,0.009660853317829957,22.79,37.756,107.746,47.28
MN,ID,0.003075237768137042,118.0,-2.0,107.746,47.28
MN,IE,0.0033174078403489767,-8.248,52.679,107.746,47.28
MN,IL,0.008157475115344521,34.764,31.223,107.746,47.28
MN,IN,0.0030962796732974416,76.129,19.557,107.746,47.28
MN,IT,0.011380465763938991,14.277,41.189,107.746,47.28
MN,JP,0.003816259002781201,136.251,35.764,107.746,47.28
MN,KR,0.003063388754315326,127.036,34.738,107.746,47.28
MN,KW,0.006729541721156868,47.71,28.89,107.746,47.28
MN,MY,0.0027551904762471895,101.67,2.751,107.746,47.28
MN,NL,0.003632739414520088,4.945,52.875,107.746,47.28
MN,NO,0.012046567491981698,8.132,63.44,107.746,47.28
MN,PL,0.006002847866951408,17.38,53.213,107.746,47.28
MN,SA,0.010729161282394649,38.795,31.62,107.746,47.28
MN,SE,0.009532924459190361,16.282,63.654,107.746,47.28
MN,TH,0.0029514127478126617,101.055,15.311,107.746,47.28
MN,TR,0.0060679824816915785,31.238,39.049,107.746,47.28
MN,TW,0.002786103763307549,120.945,23.682,107.746,47.28
MN,US,0.007993183007293,-99.818,37.615,107.746,47.28
MR,AE,0.002552901656320266,55.368,24.754,-15.984,18.059
MR,AT,0.006182126056412792,16.843,48.085,-15.984,18.059
MR,BE,0.005557413062124659,3.208,51.542,-15.984,18.059
MR,BH,0.002059852066260937,50.58,26.1,-15.984,18.059
MR,BR,0.007828657355280178,-41.076,-10.964,-15.984,18.059
MR,CA,0.00766188202877494,-82.375,46.296,-15.984,18.059
MR,CH,0.0029277691786896575,7.299,47.384,-15.984,18.059
MR,CL,0.023325878495425577,-70.155,-26.329,-15.984,18.059
MR,DE,0.005321920028601745,10.674,52.577,-15.984,18.059
MR,DK,0.010298370505822312,10.241,55.6,-15.984,18.059
MR,EG,0.003514603168497377,32.667,26.551,-15.984,18.059
MR,ES,0.0036071698978563174,-3.72,40.031,-15.984,18.059
MR,FI,0.013251918482848688,24.52,65.563,-15.984,18.059
MR,FR,0.0044236894321330175,2.152,46.853,-15.984,18.059
MR,GB,0.007427827749177596,-2.227,53.821,-15.984,18.059
MR,GR,0.0038998683665890867,22.79,37.756,-15.984,18.059
MR,IE,0.004639665387497822,-8.248,52.679,-15.984,18.059
MR,IL,0.0019468515472574174,34.764,31.223,-15.984,18.059
MR,IN,0.007763017842361168,76.129,19.557,-15.984,18.059
MR,IT,0.0032099207989746345,14.277,41.189,-15.984,18.059
MR,KW,0.0024382168876673823,47.71,28.89,-15.984,18.059
MR,MX,0.026098560585722783,-100.773,21.559,-15.984,18.059
MR,NL,0.007246681838572747,4.945,52.875,-15.984,18.059
MR,NO,0.018055481874328577,8.132,63.44,-15.984,18.059
MR,PL,0.004193465939501995,17.38,53.213,-15.984,18.059
MR,SA,0.002532328563026636,38.795,31.62,-15.984,18.059
MR,SE,0.014964932738217772,16.282,63.654,-15.984,18.059
MR,TR,0.004432748912643317,31.238,39.049,-15.984,18.059
MR,US,0.015783931893279105,-99.818,37.615,-15.984,18.059
MR,ZA,0.0025103008117082853,23.274,-30.622,-15.984,18.059
MU,AT,0.008438101299754558,16.843,48.085,57.579,-20.212
MU,AU,0.018400517285032628,144.154,-31.773,57.579,-20.212
MU,BE,0.006068316224036061,3.208,51.542,57.579,-20.212
MU,CH,0.017799027741936115,7.299,47.384,57.579,-20.212
MU,CN,0.003021472972006347,108.792,38.61,57.579,-20.212
MU,DE,0.004797082673436374,10.674,52.577,57.579,-20.212
MU,DK,0.01086492820342328,10.241,55.6,57.579,-20.212
MU,EG,0.0036417114594601485,32.667,26.551,57.579,-20.212
MU,ES,0.015204913465071366,-3.72,40.031,57.579,-20.212
MU,FI,0.021046462391195772,24.52,65.563,57.579,-20.212
MU,FR,0.007787028807508754,2.152,46.853,57.579,-20.212
MU,GB,0.012276746790565512,-2.227,53.821,57.579,-20.212
MU,GR,0.007807924841660696,22.79,37.756,57.579,-20.212
MU,ID,0.004718044221505342,118.0,-2.0,57.579,-20.212
MU,IE,0.00799901702865877,-8.248,52.679,57.579,-20.212
MU,IL,0.002373596339404317,34.764,31.223,57.579,-20.212
MU,IN,0.004880524259850743,76.129,19.557,57.579,-20.212
MU,IT,0.007417715929976195,14.277,41.189,57.579,-20.212
MU,KR,0.0071568087916407536,127.036,34.738,57.579,-20.212
MU,MY,0.002407046302109772,101.67,2.751,57.579,-20.212
MU,NL,0.009372010361217934,4.945,52.875,57.579,-20.212
MU,NO,0.03207671741557135,8.132,63.44,57.579,-20.212
MU,PL,0.005002168484146704,17.38,53.213,57.579,-20.212
MU,SA,0.002240827685136088,38.795,31.62,57.579,-20.212
MU,SE,0.02305718616128778,16.282,63.654,57.579,-20.212
MU,TH,0.004439311192243798,101.055,15.311,57.579,-20.212
MU,TR,0.004726984145453666,31.238,39.049,57.579,-20.212
MU,TW,0.005842832316924327,120.945,23.682,57.579,-20.212
MU,ZA,0.00952816795167105,23.274,-30.622,57.579,-20.212
MX,AT,0.010434214833513531,16.843,48.085,-100.773,21.559
MX,BE,0.010282748144720058,3.208,51.542,-100.773,21.559
MX,BR,0.009508145170005642,-41.076,-10.964,-100.773,21.559
MX,CA,0.009274560787857999,-82.375,46.296,-100.773,21.559
MX,CH,0.008394755546152504,7.299,47.384,-100.773,21.559
MX,CL,0.008270070106350934,-70.155,-26.329,-100.773,21.559
MX,DE,0.008436128326803767,10.674,52.577,-100.773,21.559
MX,DK,0.014857155303509145,10.241,55.6,-100.773,21.559
MX,ES,0.008611585427412477,-3.72,40.031,-100.773,21.559
MX,FI,0.011684125387227485,24.52,65.563,-100.773,21.559
MX,FR,0.008747313633055162,2.152,46.853,-100.773,21.559
MX,GB,0.013547948426920576,-2.227,53.821,-100.773,21.559
MX,IE,0.007216999838643809,-8.248,52.679,-100.773,21.559
MX,NL,0.009091189998978252,4.945,52.875,-100.773,21.559
MX,NO,0.02018515599167616,8.132,63.44,-100.773,21.559
MX,PL,0.012287733484354866,17.38,53.213,-100.773,21.559
MX,SE,0.015256208060000827,16.282,63.654,-100.773,21.559
MX,US,0.003286839485278376,-99.818,37.615,-100.773,21.559
MY,AE,0.006423084016500972,55.368,24.754,101.67,2.751
MY,AT,0.013907799949586802,16.843,48.085,101.67,2.751
MY,AU,0.012905727508274857,144.154,-31.773,101.67,2.751
MY,BH,0.006649468745406869,50.58,26.1,101.67,2.751
MY,CH,0.03042189626366865,7.299,47.384,101.67,2.751
MY,CN,0.0017432186204056857,108.792,38.61,101.67,2.751
MY,DE,0.005683618905349162,10.674,52.577,101.67,2.751
MY,DK,0.011306668933012744,10.241,55.6,101.67,2.751
MY,EG,0.00674065717257836,32.667,26.551,101.67,2.751
MY,FI,0.01540592943256809,24.52,65.563,101.67,2.751
MY,GR,0.01603182300111804,22.79,37.756,101.67,2.751
MY,ID,0.0016261358429920988,118.0,-2.0,101.67,2.751
MY,IL,0.010683781819596777,34.764,31.223,101.67,2.751
MY,IN,0.0057178951783471805,76.129,19.557,101.67,2.751
MY,IT,0.016912320920995396,14.277,41.189,101.67,2.751
MY,JP,0.007501256253159635,136.251,35.764,101.67,2.751
MY,KR,0.004759114874316927,127.036,34.738,101.67,2.751
MY,KW,0.006908992720905604,47.71,28.89,101.67,2.751
MY,NL,0.008943616998417168,4.945,52.875,101.67,2.751
MY,NO,0.023954532295129904,8.132,63.44,101.67,2.751
MY,NZ,0.03957694036316717,175.062,-40.949,101.67,2.751
MY,PL,0.009603834707281546,17.38,53.213,101.67,2.751
MY,SA,0.01306009891142667,38.795,31.62,101.67,2.751
MY,SE,0.01919644093722103,16.282,63.654,101.67,2.751
MY,TH,0.0019163127128537416,101.055,15.311,101.67,2.751
MY,TR,0.009058277661093853,31.238,39.049,101.67,2.751
MY,TW,0.002463183989913796,120.945,23.682,101.67,2.751
MY,ZA,0.020827889173963755,23.274,-30.622,101.67,2.751
NE,AE,0.00472953274889478,55.368,24.754,5.525,13.97
NE,AT,0.008637140105952639,16.843,48.085,5.525,13.97
NE,BE,0.008670400161492765,3.208,51.542,5.525,13.97
NE,BH,0.003566418573756937,50.58,26.1,5.525,13.97
NE,BR,0.012918728721731188,-41.076,-10.964,5.525,13.97
NE,CA,0.015037039183322973,-82.375,46.296,5.525,13.97
NE,CH,0.004473518050738425,7.299,47.384,5.525,13.97
NE,CL,0.05449522075024841,-70.155,-26.329,5.525,13.97
NE,CN,0.007981739571307362,108.792,38.61,5.525,13.97
NE,DE,0.006799368576013696,10.674,52.577,5.525,13.97
NE,DK,0.01655094516356956,10.241,55.6,5.525,13.97
NE,EG,0.004237720859197616,32.667,26.551,5.525,13.97
NE,ES,0.004910345554328495,-3.72,40.031,5.525,13.97
NE,FI,0.022990374691980075,24.52,65.563,5.525,13.97
NE,FR,0.0060804551579279505,2.152,46.853,5.525,13.97
NE,GB,0.010788663105384908,-2.227,53.821,5.525,13.97
NE,GR,0.007273105579202257,22.79,37.756,5.525,13.97
NE,IE,0.011076306673583254,-8.248,52.679,5.525,13.97
NE,IL,0.0017151993394407207,34.764,31.223,5.525,13.97
NE,IN,0.017094325254950807,76.129,19.557,5.525,13.97
NE,IT,0.0030377936129700497,14.277,41.189,5.525,13.97
NE,KW,0.0038572204313725876,47.71,28.89,5.525,13.97
NE,NL,0.011820766782431833,4.945,52.875,5.525,13.97
NE,NO,0.030683130981740088,8.132,63.44,5.525,13.97
NE,PL,0.00602320621626061,17.38,53.213,5.525,13.97
NE,SA,0.003045961103354512,38.795,31.62,5.525,13.97
NE,SE,0.027473198307804203,16.282,63.654,5.525,13.97
NE,TH,0.011632468444439697,101.055,15.311,5.525,13.97
NE,TR,0.005175550815837072,31.238,39.049,5.525,13.97
NE,ZA,0.0017107703229217266,23.274,-30.622,5.525,13.97
NG,AE,0.008675650828545777,55.368,24.754,3.885,7.455
NG,AT,0.006365274604523897,16.843,48.085,3.885,7.455
NG,BE,0.0060632354386742655,3.208,51.542,3.885,7.455
NG,BH,0.006533738888681905,50.58,26.1,3.885,7.455
NG,BR,0.014507070264822659,-41.076,-10.964,3.885,7.455
NG,CA,0.019002429913416732,-82.375,46.296,3.885,7.455
NG,CH,0.0024695476862633898,7.299,47.384,3.885,7.455
NG,CL,0.06228012509202722,-70.155,-26.329,3.885,7.455
NG,DE,0.0052256976263966035,10.674,52.577,3.885,7.455
NG,DK,0.012794756956800756,10.241,55.6,3.885,7.455
NG,EG,0.0038725097312463366,32.667,26.551,3.885,7.455
NG,ES,0.005971209695162526,-3.72,40.031,3.885,7.455
NG,FI,0.018875513898372255,24.52,65.563,3.885,7.455
NG,FR,0.005854871959387632,2.152,46.853,3.885,7.455
NG,GB,0.011158300679330041,-2.227,53.821,3.885,7.455
NG,GR,0.0056375222244495595,22.79,37.756,3.885,7.455
NG,IE,0.007616451187140171,-8.248,52.679,3.885,7.455
NG,IL,0.00247837151280549,34.764,31.223,3.885,7.455
NG,IN,0.013573324474950785,76.129,19.557,3.885,7.455
NG,IT,0.002370917065885177,14.277,41.189,3.885,7.455
NG,KW,0.006374053260918209,47.71,28.89,3.885,7.455
NG,NL,0.010047889101888216,4.945,52.875,3.885,7.455
NG,NO,0.028735225488448004,8.132,63.44,3.885,7.455
NG,PL,0.004924541977490345,17.38,53.213,3.885,7.455
NG,SA,0.005159319146223594,38.795,31.62,3.885,7.455
NG,SE,0.022412853823596018,16.282,63.654,3.885,7.455
NG,TR,0.004859799570786775,31.238,39.049,3.885,7.455
NG,ZA,0.001957376276142147,23.274,-30.622,3.885,7.455
NI,AT,0.017924573362176913,16.843,48.085,-86.735,12.2
NI,BE,0.016644606413745516,3.208,51.542,-86.735,12.2
NI,BR,0.008470171827462796,-41.076,-10.964,-86.735,12.2
NI,CA,0.01413845127315948,-82.375,46.296,-86.735,12.2
NI,CH,0.011031929376162873,7.299,47.384,-86.735,12.2
NI,CL,0.004720798263226037,-70.155,-26.329,-86.735,12.2
NI,DE,0.013144528406546667,10.674,52.577,-86.735,12.2
NI,DK,0.025100149726772294,10.241,55.6,-86.735,12.2
NI,ES,0.014444763426611438,-3.72,40.031,-86.735,12.2
NI,FI,0.019487247267716123,24.52,65.563,-86.735,12.2
NI,FR,0.015010962817792496,2.152,46.853,-86.735,12.2
NI,GB,0.021980665824670235,-2.227,53.821,-86.735,12.2
NI,IE,0.010772711480583804,-8.248,52.679,-86.735,12.2
NI,IT,0.013136252505527716,14.277,41.189,-86.735,12.2
NI,MX,0.007544323028572128,-100.773,21.559,-86.735,12.2
NI,NL,0.015358957230989512,4.945,52.875,-86.735,12.2
NI,NO,0.03106698085039394,8.132,63.44,-86.735,12.2
NI,PL,0.018632889204675027,17.38,53.213,-86.735,12.2
NI,SE,0.024379954607661874,16.282,63.654,-86.735,12.2
NI,US,0.0046000091175067495,-99.818,37.615,-86.735,12.2
NL,AE,0.005195128666104484,55.368,24.754,4.945,52.875
NL,AT,0.003037589935389874,16.843,48.085,4.945,52.875
NL,BH,0.004364884366409765,50.58,26.1,4.945,52.875
NL,BR,0.015074247681220843,-41.076,-10.964,4.945,52.875
NL,CA,0.008499196582573067,-82.375,46.296,4.945,52.875
NL,CH,0.004508131075897078,7.299,47.384,4.945,52.875
NL,CN,0.0023301193710989635,108.792,38.61,4.945,52.875
NL,DK,0.0025153535192350934,10.241,55.6,4.945,52.875
NL,EG,0.002404121263471215,32.667,26.551,4.945,52.875
NL,ES,0.0041454918494835125,-3.72,40.031,4.945,52.875
NL,FI,0.007841774273873808,24.52,65.563,4.945,52.875
NL,FR,0.0017718837103515282,2.152,46.853,4.945,52.875
NL,GB,0.0020905263673995944,-2.227,53.821,4.945,52.875
NL,GR,0.0037450446132449543,22.79,37.756,4.945,52.875
NL,IE,0.002699700371228713,-8.248,52.679,4.945,52.875
NL,IL,0.0034866543051369986,34.764,31.223,4.945,52.875
NL,IN,0.005002315662428485,76.129,19.557,4.945,52.875
NL,IT,0.0029123805815449632,14.277,41.189,4.945,52.875
NL,JP,0.0033216288297835224,136.251,35.764,4.945,52.875
NL,KR,0.003028935693583984,127.036,34.738,4.945,52.875
NL,KW,0.00420901355825597,47.71,28.89,4.945,52.875
NL,MX,0.03345078750135847,-100.773,21.559,4.945,52.875
NL,MY,0.0031442522940862278,101.67,2.751,4.945,52.875
NL,NO,0.012891626621982243,8.132,63.44,4.945,52.875
NL,PL,0.001998744716900671,17.38,53.213,4.945,52.875
NL,SA,0.005245867630022901,38.795,31.62,4.945,52.875
NL,SE,0.00903746165608303,16.282,63.654,4.945,52.875
NL,TH,0.004230365259578535,101.055,15.311,4.945,52.875
NL,TR,0.003042645561796106,31.238,39.049,4.945,52.875
NL,TW,0.003455387904956753,120.945,23.682,4.945,52.875
NL,US,0.01570867239992847,-99.818,37.615,4.945,52.875
NL,ZA,0.006197603546727915,23.274,-30.622,4.945,52.875
NO,AE,0.011566989183734269,55.368,24.754,8.132,63.44
NO,AT,0.008499823758010134,16.843,48.085,8.132,63.44
NO,BE,0.004284641051231251,3.208,51.542,8.132,63.44
NO,BH,0.01005462202327561,50.58,26.1,8.132,63.44
NO,BR,0.023224247108927887,-41.076,-10.964,8.132,63.44
NO,CA,0.01607107752439286,-82.375,46.296,8.132,63.44
NO,CH,0.015846529822763786,7.299,47.384,8.132,63.44
NO,CN,0.0035256720951198383,108.792,38.61,8.132,63.44
NO,DE,0.0036214298194575936,10.674,52.577,8.132,63.44
NO,DK,0.007172686704858313,10.241,55.6,8.132,63.44
NO,EG,0.00580121820846714,32.667,26.551,8.132,63.44
NO,ES,0.011676610577974826,-3.72,40.031,8.132,63.44
NO,FI,0.01012040648697251,24.52,65.563,8.132,63.44
NO,FR,0.005782520171303184,2.152,46.853,8.132,63.44
NO,GB,0.007633319473725979,-2.227,53.821,8.132,63.44
NO,GR,0.010896126799017802,22.79,37.756,8.132,63.44
NO,IE,0.004661307195857059,-8.248,52.679,8.132,63.44
NO,IL,0.009817317251618492,34.764,31.223,8.132,63.44
NO,IN,0.008010458456858622,76.129,19.557,8.132,63.44
NO,IT,0.010046623634894909,14.277,41.189,8.132,63.44
NO,JP,0.005375638616521608,136.251,35.764,8.132,63.44
NO,KR,0.005098531826485051,127.036,34.738,8.132,63.44
NO,KW,0.00993200168827507,47.71,28.89,8.132,63.44
NO,MX,0.04481412134132242,-100.773,21.559,8.132,63.44
NO,MY,0.005281042171257915,101.67,2.751,8.132,63.44
NO,NL,0.005100674565035698,4.945,52.875,8.132,63.44
NO,PL,0.006689582092136859,17.38,53.213,8.132,63.44
NO,SA,0.01377205050460905,38.795,31.62,8.132,63.44
NO,SE,0.007758354741554395,16.282,63.654,8.132,63.44
NO,TH,0.006708809261701181,101.055,15.311,8.132,63.44
NO,TR,0.007395629404561711,31.238,39.049,8.132,63.44
NO,TW,0.005160086541629255,120.945,23.682,8.132,63.44
NO,US,0.01738973913115976,-99.818,37.615,8.132,63.44
NP,AE,0.0025202196184209943,55.368,24.754,85.185,27.811
NP,AT,0.010683758102926495,16.843,48.085,85.185,27.811
NP,AU,0.015294335869847343,144.154,-31.773,85.185,27.811
NP,BE,0.006633978607397386,3.208,51.542,85.185,27.811
NP,BH,0.0030095761183272177,50.58,26.1,85.185,27.811
NP,CH,0.025312891877731333,7.299,47.384,85.185,27.811
NP,DE,0.00482231019402137,10.674,52.577,85.185,27.811
NP,DK,0.01022120268039278,10.241,55.6,85.185,27.811
NP,EG,0.005529400048763021,32.667,26.551,85.185,27.811
NP,ES,0.0198486606806925,-3.72,40.031,85.185,27.811
NP,FI,0.01642245844788503,24.52,65.563,85.185,27.811
NP,FR,0.00934133984541233,2.152,46.853,85.185,27.811
NP,GB,0.011978399914151026,-2.227,53.821,85.185,27.811
NP,GR,0.011560498681792545,22.79,37.756,85.185,27.811
NP,ID,0.0026007110319997665,118.0,-2.0,85.185,27.811
NP,IE,0.007138054927853833,-8.248,52.679,85.185,27.811
NP,IL,0.0061726017040206775,34.764,31.223,85.185,27.811
NP,IN,0.0028895580317052703,76.129,19.557,85.185,27.811
NP,IT,0.0120966763116891,14.277,41.189,85.185,27.811
NP,JP,0.00668911301741288,136.251,35.764,85.185,27.811
NP,KR,0.004687446707096073,127.036,34.738,85.185,27.811
NP,KW,0.0031583462542831304,47.71,28.89,85.185,27.811
NP,NL,0.007442882628415291,4.945,52.875,85.185,27.811
NP,NO,0.025856093475184524,8.132,63.44,85.185,27.811
NP,PL,0.0067959345530002055,17.38,53.213,85.185,27.811
NP,SA,0.007242101163409418,38.795,31.62,85.185,27.811
NP,SE,0.019056756115018555,16.282,63.654,85.185,27.811
NP,TH,0.002011662282314846,101.055,15.311,85.185,27.811
NP,TR,0.006966135235393983,31.238,39.049,85.185,27.811
NP,TW,0.0034449512231722788,120.945,23.682,85.185,27.811
NP,ZA,0.019614522212742125,23.274,-30.622,85.185,27.811
NZ,AU,0.02353173285228547,144.154,-31.773,175.062,-40.949
NZ,CL,0.0426736601509247,-70.155,-26.329,175.062,-40.949
NZ,ID,0.028236062400537602,118.0,-2.0,175.062,-40.949
NZ,JP,0.034611290917927036,136.251,35.764,175.062,-40.949
NZ,KR,0.029287961027211085,127.036,34.738,175.062,-40.949
NZ,MY,0.027988571987525596,101.67,2.751,175.062,-40.949
NZ,TH,0.03143559211913672,101.055,15.311,175.062,-40.949
NZ,TW,0.02566528928689567,120.945,23.682,175.062,-40.949
OM,AT,0.008755813665995153,16.843,48.085,55.71,18.35
OM,BE,0.006662517079011321,3.208,51.542,55.71,18.35
OM,CH,0.017648637390776403,7.299,47.384,55.71,18.35
OM,CN,0.0028154981911717356,108.792,38.61,55.71,18.35
OM,DE,0.0055516620958199646,10.674,52.577,55.71,18.35
OM,DK,0.012936462422413844,10.241,55.6,55.71,18.35
OM,EG,0.0035757439381461,32.667,26.551,55.71,18.35
OM,ES,0.017041120005949983,-3.72,40.031,55.71,18.35
OM,FI,0.025543266963118545,24.52,65.563,55.71,18.35
OM,FR,0.008680691792324747,2.152,46.853,55.71,18.35
OM,GB,0.013911412813679839,-2.227,53.821,55.71,18.35
OM,GR,0.007933462849636853,22.79,37.756,55.71,18.35
OM,ID,0.00381962106998682,118.0,-2.0,55.71,18.35
OM,IE,0.009430750634638073,-8.248,52.679,55.71,18.35
OM,IN,0.006271491580373573,76.129,19.557,55.71,18.35
OM,IT,0.007022965450860558,14.277,41.189,55.71,18.35
OM,JP,0.008041880197282808,136.251,35.764,55.71,18.35
OM,KR,0.006143409350084426,127.036,34.738,55.71,18.35
OM,MY,0.0019318914568847941,101.67,2.751,55.71,18.35
OM,NL,0.011237705851283569,4.945,52.875,55.71,18.35
OM,NO,0.03824897054125644,8.132,63.44,55.71,18.35
OM,PL,0.004841606562733622,17.38,53.213,55.71,18.35
OM,SE,0.028319695550933357,16.282,63.654,55.71,18.35
OM,TH,0.004223490255912451,101.055,15.311,55.71,18.35
OM,TR,0.004876823562208586,31.238,39.049,55.71,18.35
OM,TW,0.005079291258030978,120.945,23.682,55.71,18.35
OM,ZA,0.011402783645191195,23.274,-30.622,55.71,18.35
PA,AT,0.01851524112077251,16.843,48.085,-80.704,8.185
PA,BE,0.01664559153713278,3.208,51.542,-80.704,8.185
PA,BR,0.007484896953706384,-41.076,-10.964,-80.704,8.185
PA,CA,0.013743997897941557,-82.375,46.296,-80.704,8.185
PA,CH,0.011141055839670087,7.299,47.384,-80.704,8.185
PA,CL,0.006497963525700099,-70.155,-26.329,-80.704,8.185
PA,DE,0.01358552908247591,10.674,52.577,-80.704,8.185
PA,DK,0.026125114232265087,10.241,55.6,-80.704,8.185
PA,ES,0.013032088122270056,-3.72,40.031,-80.704,8.185
PA,FI,0.02059713056986604,24.52,65.563,-80.704,8.185
PA,FR,0.014480916043422233,2.152,46.853,-80.704,8.185
PA,GB,0.021018204141385347,-2.227,53.821,-80.704,8.185
PA,IE,0.010910080114644862,-8.248,52.679,-80.704,8.185
PA,IT,0.013706904835009866,14.277,41.189,-80.704,8.185
PA,MX,0.012931520948430631,-100.773,21.559,-80.704,8.185
PA,NL,0.015743294306783288,4.945,52.875,-80.704,8.185
PA,NO,0.03177305025750733,8.132,63.44,-80.704,8.185
PA,PL,0.01853689282469587,17.38,53.213,-80.704,8.185
PA,SE,0.02596057774232956,16.282,63.654,-80.704,8.185
PA,US,0.008047780658605008,-99.818,37.615,-80.704,8.185
PE,BR,0.009841326696375585,-41.076,-10.964,-71.539,-17.03
PE,CA,0.016273639986537553,-82.375,46.296,-71.539,-17.03
PE,CL,0.010243382593989155,-70.155,-26.329,-71.539,-17.03
PE,ES,0.02412033788825412,-3.72,40.031,-71.539,-17.03
PE,FR,0.028630095599418457,2.152,46.853,-71.539,-17.03
PE,GB,0.03636456230686468,-2.227,53.821,-71.539,-17.03
PE,IE,0.019196070114700134,-8.248,52.679,-71.539,-17.03
PE,MX,0.02065734826616372,-100.773,21.559,-71.539,-17.03
PE,US,0.012997125668668135,-99.818,37.615,-71.539,-17.03
PE,ZA,0.01342586897354879,23.274,-30.622,-71.539,-17.03
PH,AE,0.008557846436946903,55.368,24.754,121.681,13.861
PH,AT,0.013549292986354846,16.843,48.085,121.681,13.861
PH,AU,0.006766084536406198,144.154,-31.773,121.681,13.861
PH,BH,0.007517921654420259,50.58,26.1,121.681,13.861
PH,CN,0.0022925971320299663,108.792,38.61,121.681,13.861
PH,DE,0.004531395769448966,10.674,52.577,121.681,13.861
PH,DK,0.008065787135393887,10.241,55.6,121.681,13.861
PH,EG,0.006292740932790995,32.667,26.551,121.681,13.861
PH,FI,0.008929375673404598,24.52,65.563,121.681,13.861
PH,GR,0.01365215238365532,22.79,37.756,121.681,13.861
PH,ID,0.0021551990369050055,118.0,-2.0,121.681,13.861
PH,IL,0.012006624865966964,34.764,31.223,121.681,13.861
PH,IN,0.004533005612455058,76.129,19.557,121.681,13.861
PH,JP,0.004471693645814077,136.251,35.764,121.681,13.861
PH,KR,0.0031553545307913327,127.036,34.738,121.681,13.861
PH,KW,0.008186500416149049,47.71,28.89,121.681,13.861
PH,MY,0.0018357003665374952,101.67,2.751,121.681,13.861
PH,NO,0.014518638105225084,8.132,63.44,121.681,13.861
PH,NZ,0.025794178877510277,175.062,-40.949,121.681,13.861
PH,PL,0.009730256436036389,17.38,53.213,121.681,13.861
PH,SA,0.014716242681285595,38.795,31.62,121.681,13.861
PH,SE,0.012793538086003116,16.282,63.654,121.681,13.861
PH,TH,0.002041367575494224,101.055,15.311,121.681,13.861
PH,TR,0.007811760883690179,31.238,39.049,121.681,13.861
PH,TW,0.0026440836460012553,120.945,23.682,121.681,13.861
PK,AE,0.0038087339348725604,55.368,24.754,69.992,27.319
PK,AT,0.005818627260849866,16.843,48.085,69.992,27.319
PK,AU,0.011115088325674554,144.154,-31.773,69.992,27.319
PK,BE,0.0034474800167128413,3.208,51.542,69.992,27.319
PK,BH,0.0038553125171156,50.58,26.1,69.992,27.319
PK,CH,0.014390640463329508,7.299,47.384,69.992,27.319
PK,DE,0.0027224520812841346,10.674,52.577,69.992,27.319
PK,DK,0.006593158273009808,10.241,55.6,69.992,27.319
PK,EG,0.003906922136764739,32.667,26.551,69.992,27.319
PK,ES,0.012040372547925103,-3.72,40.031,69.992,27.319
PK,FI,0.013138218218494875,24.52,65.563,69.992,27.319
PK,FR,0.0060274398572051115,2.152,46.853,69.992,27.319
PK,GB,0.007674024012178816,-2.227,53.821,69.992,27.319
PK,GR,0.00736767404606253,22.79,37.756,69.992,27.319
PK,ID,0.0023071629550741645,118.0,-2.0,69.992,27.319
PK,IE,0.004488390799935918,-8.248,52.679,69.992,27.319
PK,IL,0.004835419397031858,34.764,31.223,69.992,27.319
PK,IN,0.0022460129197258184,76.129,19.557,69.992,27.319
PK,IT,0.0075876794166017955,14.277,41.189,69.992,27.319
PK,JP,0.0029817702794731893,136.251,35.764,69.992,27.319
PK,KR,0.0027090586778153593,127.036,34.738,69.992,27.319
PK,KW,0.0034080946624144783,47.71,28.89,69.992,27.319
PK,MY,0.0018056213989944196,101.67,2.751,69.992,27.319
PK,NL,0.00531838329440559,4.945,52.875,69.992,27.319
PK,NO,0.02135103416626722,8.132,63.44,69.992,27.319
PK,PL,0.0033759551744758512,17.38,53.213,69.992,27.319
PK,SA,0.006190047543490985,38.795,31.62,69.992,27.319
PK,SE,0.015814327971841804,16.282,63.654,69.992,27.319
PK,TH,0.002464276626128915,101.055,15.311,69.992,27.319
PK,TR,0.005120011859952921,31.238,39.049,69.992,27.319
PK,TW,0.002704002693089582,120.945,23.682,69.992,27.319
PK,ZA,0.016072804321573483,23.274,-30.622,69.992,27.319
PL,AE,0.004818454883143296,55.368,24.754,17.38,53.213
PL,AT,0.002777203289522374,16.843,48.085,17.38,53.213
PL,BE,0.0022938472132518557,3.208,51.542,17.38,53.213
PL,BH,0.004333248631668795,50.58,26.1,17.38,53.213
PL,BR,0.022596558092132856,-41.076,-10.964,17.38,53.213
PL,CA,0.0162995857848621,-82.375,46.296,17.38,53.213
PL,CH,0.007299408835818133,7.299,47.384,17.38,53.213
PL,CN,0.0019080430191514796,108.792,38.61,17.38,53.213
PL,DE,0.0015391168561613765,10.674,52.577,17.38,53.213
PL,DK,0.0030562388316806547,10.241,55.6,17.38,53.213
PL,EG,0.0030283667424489923,32.667,26.551,17.38,53.213
PL,ES,0.00879132179113906,-3.72,40.031,17.38,53.213
PL,FI,0.010398173645596198,24.52,65.563,17.38,53.213
PL,FR,0.003988782427760907,2.152,46.853,17.38,53.213
PL,GB,0.005589357145060089,-2.227,53.821,17.38,53.213
PL,GR,0.005111674114274525,22.79,37.756,17.38,53.213
PL,IE,0.003833188975409323,-8.248,52.679,17.38,53.213
PL,IL,0.0035520191878019884,34.764,31.223,17.38,53.213
PL,IN,0.004539530895182952,76.129,19.557,17.38,53.213
PL,IT,0.004045032678154162,14.277,41.189,17.38,53.213
PL,JP,0.002220150299499518,136.251,35.764,17.38,53.213
PL,KR,0.002238956957386566,127.036,34.738,17.38,53.213
PL,KW,0.003861175950697304,47.71,28.89,17.38,53.213
PL,MX,0.04655451029350034,-100.773,21.559,17.38,53.213
PL,MY,0.0028212763715225447,101.67,2.751,17.38,53.213
PL,NL,0.004151825857160681,4.945,52.875,17.38,53.213
PL,NO,0.01785356242912124,8.132,63.44,17.38,53.213
PL,SA,0.00530105239493938,38.795,31.62,17.38,53.213
PL,SE,0.011261797387263073,16.282,63.654,17.38,53.213
PL,TH,0.003961404435788508,101.055,15.311,17.38,53.213
PL,TR,0.0031851752742073055,31.238,39.049,17.38,53.213
PL,TW,0.0026919244971819038,120.945,23.682,17.38,53.213
PL,US,0.01932827526191593,-99.818,37.615,17.38,53.213
PL,ZA,0.010463938922102371,23.274,-30.622,17.38,53.213
PS,AT,0.0074164470592140985,16.843,48.085,35.46,31.93
PS,BE,0.006755959367014333,3.208,51.542,35.46,31.93
PS,BR,0.03478297696460002,-41.076,-10.964,35.46,31.93
PS,CA,0.022833765152950762,-82.375,46.296,35.46,31.93
PS,CH,0.007174187443501299,7.299,47.384,35.46,31.93
PS,CN,0.003529759917252705,108.792,38.61,35.46,31.93
PS,DE,0.005135765568633353,10.674,52.577,35.46,31.93
PS,DK,0.01531576964410203,10.241,55.6,35.46,31.93
PS,EG,0.002164053261340436,32.667,26.551,35.46,31.93
PS,ES,0.010351012535116338,-3.72,40.031,35.46,31.93
PS,FI,0.026180870126795347,24.52,65.563,35.46,31.93
PS,FR,0.007322820432968716,2.152,46.853,35.46,31.93
PS,GB,0.012110359718087826,-2.227,53.821,35.46,31.93
PS,GR,0.006138035280760146,22.79,37.756,35.46,31.93
PS,ID,0.004819124726597799,118.0,-2.0,35.46,31.93
PS,IE,0.009194429345251623,-8.248,52.679,35.46,31.93
PS,IN,0.009675227895435231,76.129,19.557,35.46,31.93
PS,IT,0.0030585291003909876,14.277,41.189,35.46,31.93
PS,JP,0.011982329307906785,136.251,35.764,35.46,31.93
PS,KR,0.0085502032434568,127.036,34.738,35.46,31.93
PS,MY,0.0024221931991197636,101.67,2.751,35.46,31.93
PS,NL,0.011303616390434585,4.945,52.875,35.46,31.93
PS,NO,0.03574040265076317,8.132,63.44,35.46,31.93
PS,PL,0.004151761579259851,17.38,53.213,35.46,31.93
PS,SE,0.02909531959020618,16.282,63.654,35.46,31.93
PS,TH,0.005225570455638037,101.055,15.311,35.46,31.93
PS,TR,0.003838631548507776,31.238,39.049,35.46,31.93
PS,TW,0.006199126376894443,120.945,23.682,35.46,31.93
PS,ZA,0.004672106758437227,23.274,-30.622,35.46,31.93
PT,AE,0.005118242455972752,55.368,24.754,-7.884,40.347
PT,AT,0.004932007543739602,16.843,48.085,-7.884,40.347
PT,BE,0.004702161623465667,3.208,51.542,-7.884,40.347
PT,BH,0.00409776327297647,50.58,26.1,-7.884,40.347
PT,BR,0.00783514108342553,-41.076,-10.964,-7.884,40.347
PT,CA,0.01194197344649873,-82.375,46.296,-7.884,40.347
PT,CL,0.03333636167334902,-70.155,-26.329,-7.884,40.347
PT,CN,0.00446248259803574,108.792,38.61,-7.884,40.347
PT,DE,0.004017306888351517,10.674,52.577,-7.884,40.347
PT,DK,0.009907899406733853,10.241,55.6,-7.884,40.347
PT,EG,0.0029732930552813495,32.667,26.551,-7.884,40.347
PT,ES,0.0028115974137952935,-3.72,40.031,-7.884,40.347
PT,FI,0.013796922946037586,24.52,65.563,-7.884,40.347
PT,FR,0.004002784889038369,2.152,46.853,-7.884,40.347
PT,GB,0.006779190166435546,-2.227,53.821,-7.884,40.347
PT,GR,0.004303271354730021,22.79,37.756,-7.884,40.347
PT,IE,0.004348964851351303,-8.248,52.679,-7.884,40.347
PT,IL,0.00222558918869309,34.764,31.223,-7.884,40.347
PT,IN,0.008506080506001783,76.129,19.557,-7.884,40.347
PT,IT,0.001863243596503681,14.277,41.189,-7.884,40.347
PT,KW,0.003931491283503242,47.71,28.89,-7.884,40.347
PT,MX,0.03664816841505283,-100.773,21.559,-7.884,40.347
PT,NL,0.007237210534710701,4.945,52.875,-7.884,40.347
PT,NO,0.020908334636254598,8.132,63.44,-7.884,40.347
PT,PL,0.0037272715832369634,17.38,53.213,-7.884,40.347
PT,SA,0.004026966982582512,38.795,31.62,-7.884,40.347
PT,SE,0.015791977092229126,16.282,63.654,-7.884,40.347
PT,TR,0.003925751934612442,31.238,39.049,-7.884,40.347
PT,US,0.018521718521451146,-99.818,37.615,-7.884,40.347
PT,ZA,0.003384222686760206,23.274,-30.622,-7.884,40.347
PY,BE,0.025214044634078118,3.208,51.542,-58.0,-23.0
PY,BR,0.006277862615092438,-41.076,-10.964,-58.0,-23.0
PY,CA,0.01616898191464048,-82.375,46.296,-58.0,-23.0
PY,CH,0.017915762920341936,7.299,47.384,-58.0,-23.0
PY,CL,0.015620961113042679,-70.155,-26.329,-58.0,-23.0
PY,ES,0.01761168192757173,-3.72,40.031,-58.0,-23.0
PY,FR,0.0226983947500241,2.152,46.853,-58.0,-23.0
PY,GB,0.02604295152007338,-2.227,53.821,-58.0,-23.0
PY,IE,0.015291818749017345,-8.248,52.679,-58.0,-23.0
PY,MX,0.03620608168772248,-100.773,21.559,-58.0,-23.0
PY,US,0.02199103986929933,-99.818,37.615,-58.0,-23.0
PY,ZA,0.017766127316932504,23.274,-30.622,-58.0,-23.0
RO,AE,0.004385744299047726,55.368,24.754,27.34,44.529
RO,AT,0.003595085199303974,16.843,48.085,27.34,44.529
RO,BE,0.0026798913432305458,3.208,51.542,27.34,44.529
RO,BH,0.003835835663372816,50.58,26.1,27.34,44.529
RO,BR,0.028269649020579404,-41.076,-10.964,27.34,44.529
RO,CA,0.01930682415449349,-82.375,46.296,27.34,44.529
RO,CH,0.007236725085709242,7.299,47.384,27.34,44.529
RO,CN,0.0023912465614430414,108.792,38.61,27.34,44.529
RO,DE,0.002279675000041221,10.674,52.577,27.34,44.529
RO,DK,0.005938676412964179,10.241,55.6,27.34,44.529
RO,EG,0.002925238555595221,32.667,26.551,27.34,44.529
RO,ES,0.008336964453733794,-3.72,40.031,27.34,44.529
RO,FI,0.012836277303264301,24.52,65.563,27.34,44.529
RO,FR,0.00429130781630182,2.152,46.853,27.34,44.529
RO,GB,0.007316828601413806,-2.227,53.821,27.34,44.529
RO,GR,0.0042009846902338974,22.79,37.756,27.34,44.529
RO,ID,0.004029452963715705,118.0,-2.0,27.34,44.529
RO,IE,0.004880428609114788,-8.248,52.679,27.34,44.529
RO,IL,0.0026417334509389674,34.764,31.223,27.34,44.529
RO,IN,0.005161455379895549,76.129,19.557,27.34,44.529
RO,IT,0.0030161486001322787,14.277,41.189,27.34,44.529
RO,JP,0.0037179500469705132,136.251,35.764,27.34,44.529
RO,KR,0.0035690137828453808,127.036,34.738,27.34,44.529
RO,KW,0.0033392805697264223,47.71,28.89,27.34,44.529
RO,MY,0.003646029637477644,101.67,2.751,27.34,44.529
RO,NL,0.005271965066513798,4.945,52.875,27.34,44.529
RO,NO,0.01965864995668142,8.132,63.44,27.34,44.529
RO,PL,0.0018245951002990347,17.38,53.213,27.34,44.529
RO,SA,0.0040586757179731725,38.795,31.62,27.34,44.529
RO,SE,0.014175531772827404,16.282,63.654,27.34,44.529
RO,TH,0.005215607452473804,101.055,15.311,27.34,44.529
RO,TR,0.0030008105562879858,31.238,39.049,27.34,44.529
RO,TW,0.003947274164763111,120.945,23.682,27.34,44.529
RO,US,0.026713844706888853,-99.818,37.615,27.34,44.529
RO,ZA,0.009696648347127908,23.274,-30.622,27.34,44.529
RU,AE,0.003373371451283875,55.368,24.754,54.32,51.827
RU,AT,0.007080566308730583,16.843,48.085,54.32,51.827
RU,BE,0.004668603191104488,3.208,51.542,54.32,51.827
RU,BH,0.0029460386740490442,50.58,26.1,54.32,51.827
RU,CA,0.016354335896627357,-82.375,46.296,54.32,51.827
RU,CH,0.015899872614890176,7.299,47.384,54.32,51.827
RU,CN,0.0020081921483913806,108.792,38.61,54.32,51.827
RU,DE,0.002712828295854535,10.674,52.577,54.32,51.827
RU,DK,0.00852460030250199,10.241,55.6,54.32,51.827
RU,EG,0.0036553150920519595,32.667,26.551,54.32,51.827
RU,ES,0.011763510126670507,-3.72,40.031,54.32,51.827
RU,FI,0.017867053122134813,24.52,65.563,54.32,51.827
RU,FR,0.006083800581883915,2.152,46.853,54.32,51.827
RU,GB,0.009362225452086658,-2.227,53.821,54.32,51.827
RU,GR,0.007385940245331415,22.79,37.756,54.32,51.827
RU,ID,0.003160053104204846,118.0,-2.0,54.32,51.827
RU,IE,0.0063520387410437185,-8.248,52.679,54.32,51.827
RU,IL,0.004244019236064321,34.764,31.223,54.32,51.827
RU,IN,0.0045631954617085515,76.129,19.557,54.32,51.827
RU,IT,0.0074239509311388695,14.277,41.189,54.32,51.827
RU,JP,0.004499179382378043,136.251,35.764,54.32,51.827
RU,KR,0.0036791140262728917,127.036,34.738,54.32,51.827
RU,KW,0.0028176262860684924,47.71,28.89,54.32,51.827
RU,MY,0.002736177511488683,101.67,2.751,54.32,51.827
RU,NL,0.0051847819114093485,4.945,52.875,54.32,51.827
RU,NO,0.027169351835993612,8.132,63.44,54.32,51.827
RU,PL,0.0036367542604722877,17.38,53.213,54.32,51.827
RU,SA,0.005324807303552215,38.795,31.62,54.32,51.827
RU,SE,0.015044869353704207,16.282,63.654,54.32,51.827
RU,TH,0.003996901260481106,101.055,15.311,54.32,51.827
RU,TR,0.004314610882285842,31.238,39.049,54.32,51.827
RU,TW,0.003727782083147926,120.945,23.682,54.32,51.827
RU,US,0.030513456030153804,-99.818,37.615,54.32,51.827
RU,ZA,0.01059518736544876,23.274,-30.622,54.32,51.827
RW,AE,0.0015197547623313665,55.368,24.754,30.377,-2.026
RW,AT,0.00617429224775419,16.843,48.085,30.377,-2.026
RW,BE,0.00548291293579805,3.208,51.542,30.377,-2.026
RW,BR,0.03750586553098479,-41.076,-10.964,30.377,-2.026
RW,CH,0.008323443637977684,7.299,47.384,30.377,-2.026
RW,CN,0.004969150033723927,108.792,38.61,30.377,-2.026
RW,DE,0.004726293007934365,10.674,52.577,30.377,-2.026
RW,DK,0.011595492269762486,10.241,55.6,30.377,-2.026
RW,EG,0.0027167693286713986,32.667,26.551,30.377,-2.026
RW,ES,0.009872170402282682,-3.72,40.031,30.377,-2.026
RW,FI,0.02240171302264903,24.52,65.563,30.377,-2.026
RW,FR,0.006311654942962913,2.152,46.853,30.377,-2.026
RW,GB,0.011535388086196351,-2.227,53.821,30.377,-2.026
RW,GR,0.005292668188018126,22.79,37.756,30.377,-2.026
RW,ID,0.007836963297459724,118.0,-2.0,30.377,-2.026
RW,IE,0.008475561748050846,-8.248,52.679,30.377,-2.026
RW,IN,0.008271150279319489,76.129,19.557,30.377,-2.026
RW,IT,0.003070721084723028,14.277,41.189,30.377,-2.026
RW,MY,0.0053738859865861055,101.67,2.751,30.377,-2.026
RW,NL,0.010666196978158926,4.945,52.875,30.377,-2.026
RW,NO,0.03296013625630184,8.132,63.44,30.377,-2.026
RW,PL,0.0035282371625109128,17.38,53.213,30.377,-2.026
RW,SE,0.02450269629792576,16.282,63.654,30.377,-2.026
RW,TH,0.008265563121895761,101.055,15.311,30.377,-2.026
RW,TR,0.003731480685965773,31.238,39.049,30.377,-2.026
RW,TW,0.008946129916988,120.945,23.682,30.377,-2.026
RW,ZA,0.003222157557721818,23.274,-30.622,30.377,-2.026
SA,AT,0.007310609016353271,16.843,48.085,38.795,31.62
SA,BE,0.006971928955787789,3.208,51.542,38.795,31.62
SA,BR,0.03493846245993398,-41.076,-10.964,38.795,31.62
SA,CA,0.024839925590118227,-82.375,46.296,38.795,31.62
SA,CH,0.007956731309564183,7.299,47.384,38.795,31.62
SA,CN,0.003965994395166128,108.792,38.61,38.795,31.62
SA,DE,0.005610494472842111,10.674,52.577,38.795,31.62
SA,DK,0.0147605622021353,10.241,55.6,38.795,31.62
SA,EG,0.0028673104682862246,32.667,26.551,38.795,31.62
SA,ES,0.011341225209597225,-3.72,40.031,38.795,31.62
SA,FI,0.023887417110771473,24.52,65.563,38.795,31.62
SA,FR,0.007672710141577774,2.152,46.853,38.795,31.62
SA,GB,0.012627640474001315,-2.227,53.821,38.795,31.62
SA,GR,0.006031018329437994,22.79,37.756,38.795,31.62
SA,ID,0.007343742592951343,118.0,-2.0,38.795,31.62
SA,IE,0.008817383364259603,-8.248,52.679,38.795,31.62
SA,IN,0.008528330836143468,76.129,19.557,38.795,31.62
SA,IT,0.003259375179330412,14.277,41.189,38.795,31.62
SA,JP,0.014791648140133963,136.251,35.764,38.795,31.62
SA,KR,0.011517104592501125,127.036,34.738,38.795,31.62
SA,MY,0.004009371428307861,101.67,2.751,38.795,31.62
SA,NL,0.011385340487231851,4.945,52.875,38.795,31.62
SA,NO,0.03598258344747264,8.132,63.44,38.795,31.62
SA,PL,0.0043350443020791565,17.38,53.213,38.795,31.62
SA,SE,0.027244994269162076,16.282,63.654,38.795,31.62
SA,TH,0.006854877683925527,101.055,15.311,38.795,31.62
SA,TR,0.004027389925639402,31.238,39.049,38.795,31.62
SA,TW,0.008807105766597552,120.945,23.682,38.795,31.62
SA,ZA,0.00645160748597409,23.274,-30.622,38.795,31.62
SE,AE,0.011990603271381288,55.368,24.754,16.282,63.654
SE,AT,0.009033931257947448,16.843,48.085,16.282,63.654
SE,BE,0.004073629787243588,3.208,51.542,16.282,63.654
SE,BH,0.010384099006553361,50.58,26.1,16.282,63.654
SE,BR,0.022402993273938063,-41.076,-10.964,16.282,63.654
SE,CA,0.016707454555183188,-82.375,46.296,16.282,63.654
SE,CH,0.01703884431145163,7.299,47.384,16.282,63.654
SE,CN,0.0034957153478944,108.792,38.61,16.282,63.654
SE,DE,0.003358907817891836,10.674,52.577,16.282,63.654
SE,DK,0.0056494430545989795,10.241,55.6,16.282,63.654
SE,EG,0.005954180738957719,32.667,26.551,16.282,63.654
SE,ES,0.011203013542937014,-3.72,40.031,16.282,63.654
SE,FI,0.007222744072467,24.52,65.563,16.282,63.654
SE,FR,0.005691671107047325,2.152,46.853,16.282,63.654
SE,GB,0.007135244539958435,-2.227,53.821,16.282,63.654
SE,GR,0.010819934076528056,22.79,37.756,16.282,63.654
SE,IE,0.004600781693845744,-8.248,52.679,16.282,63.654
SE,IL,0.010467623227029953,34.764,31.223,16.282,63.654
SE,IN,0.0077475933785470024,76.129,19.557,16.282,63.654
SE,IT,0.010950063283460942,14.277,41.189,16.282,63.654
SE,JP,0.00520605406009608,136.251,35.764,16.282,63.654
SE,KR,0.005007862663856604,127.036,34.738,16.282,63.654
SE,KW,0.010415459998229086,47.71,28.89,16.282,63.654
SE,MX,0.041266176084799655,-100.773,21.559,16.282,63.654
SE,MY,0.005426541639752561,101.67,2.751,16.282,63.654
SE,NL,0.004654685346490199,4.945,52.875,16.282,63.654
SE,NO,0.01289931425437905,8.132,63.44,16.282,63.654
SE,PL,0.006305120354299894,17.38,53.213,16.282,63.654
SE,SA,0.014287242499176943,38.795,31.62,16.282,63.654
SE,TH,0.006790944144131839,101.055,15.311,16.282,63.654
SE,TR,0.008342488115148476,31.238,39.049,16.282,63.654
SE,TW,0.005228828398115868,120.945,23.682,16.282,63.654
SE,US,0.01480492558625937,-99.818,37.615,16.282,63.654
SK,AE,0.005782597713103945,55.368,24.754,19.479,48.327
SK,AT,0.003737190285975127,16.843,48.085,19.479,48.327
SK,BE,0.0033920703626367883,3.208,51.542,19.479,48.327
SK,BH,0.004959331644990125,50.58,26.1,19.479,48.327
SK,BR,0.026414663957032652,-41.076,-10.964,19.479,48.327
SK,CA,0.020773786144952948,-82.375,46.296,19.479,48.327
SK,CH,0.0029893983309585218,7.299,47.384,19.479,48.327
SK,CN,0.0038607188653041035,108.792,38.61,19.479,48.327
SK,DE,0.00342622210840744,10.674,52.577,19.479,48.327
SK,DK,0.00832775779990102,10.241,55.6,19.479,48.327
SK,EG,0.0033487945143466677,32.667,26.551,19.479,48.327
SK,ES,0.008982274670148295,-3.72,40.031,19.479,48.327
SK,FI,0.01537872950183437,24.52,65.563,19.479,48.327
SK,FR,0.005286723316931938,2.152,46.853,19.479,48.327
SK,GB,0.00862793511317615,-2.227,53.821,19.479,48.327
SK,GR,0.004907102941888437,22.79,37.756,19.479,48.327
SK,IE,0.0046964291559675134,-8.248,52.679,19.479,48.327
SK,IL,0.0025604270297713266,34.764,31.223,19.479,48.327
SK,IN,0.0067885826204137755,76.129,19.557,19.479,48.327
SK,IT,0.002984626138771502,14.277,41.189,19.479,48.327
SK,JP,0.007922315009058913,136.251,35.764,19.479,48.327
SK,KR,0.007293920371040224,127.036,34.738,19.479,48.327
SK,KW,0.004208940394179338,47.71,28.89,19.479,48.327
SK,MX,0.060710237561515806,-100.773,21.559,19.479,48.327
SK,MY,0.006907064809454737,101.67,2.751,19.479,48.327
SK,NL,0.0072945182838896755,4.945,52.875,19.479,48.327
SK,NO,0.02564629373729066,8.132,63.44,19.479,48.327
SK,PL,0.0025493631151969048,17.38,53.213,19.479,48.327
SK,SA,0.004635282650842676,38.795,31.62,19.479,48.327
SK,SE,0.017130218916940883,16.282,63.654,19.479,48.327
SK,TH,0.008668518621808587,101.055,15.311,19.479,48.327
SK,TR,0.004396847895870092,31.238,39.049,19.479,48.327
SK,TW,0.007776389878328556,120.945,23.682,19.479,48.327
SK,US,0.02475033159262006,-99.818,37.615,19.479,48.327
SK,ZA,0.010207439338195347,23.274,-30.622,19.479,48.327
SN,AE,0.006824727607157034,55.368,24.754,-16.417,15.398
SN,AT,0.008909147961148485,16.843,48.085,-16.417,15.398
SN,BE,0.00949999195888969,3.208,51.542,-16.417,15.398
SN,BH,0.005076966529630017,50.58,26.1,-16.417,15.398
SN,BR,0.005057500503762161,-41.076,-10.964,-16.417,15.398
SN,CA,0.00935800275446433,-82.375,46.296,-16.417,15.398
SN,CL,0.02540486170773824,-70.155,-26.329,-16.417,15.398
SN,DE,0.007630058154673047,10.674,52.577,-16.417,15.398
SN,DK,0.017597737775219176,10.241,55.6,-16.417,15.398
SN,EG,0.005810240046549442,32.667,26.551,-16.417,15.398
SN,ES,0.004807732836697559,-3.72,40.031,-16.417,15.398
SN,FI,0.01873799361269095,24.52,65.563,-16.417,15.398
SN,FR,0.0074354490486136715,2.152,46.853,-16.417,15.398
SN,GB,0.011755752998672011,-2.227,53.821,-16.417,15.398
SN,GR,0.006672864813262623,22.79,37.756,-16.417,15.398
SN,IE,0.00762962031672878,-8.248,52.679,-16.417,15.398
SN,IL,0.002660199532072585,34.764,31.223,-16.417,15.398
SN,IN,0.013966925014662538,76.129,19.557,-16.417,15.398
SN,IT,0.003215243384878821,14.277,41.189,-16.417,15.398
SN,KW,0.005578302994073258,47.71,28.89,-16.417,15.398
SN,MX,0.03560037019868843,-100.773,21.559,-16.417,15.398
SN,NL,0.011072224135487854,4.945,52.875,-16.417,15.398
SN,NO,0.026474813364590826,8.132,63.44,-16.417,15.398
SN,PL,0.0075021134058866285,17.38,53.213,-16.417,15.398
SN,SA,0.004676972182939773,38.795,31.62,-16.417,15.398
SN,SE,0.022819745667005915,16.282,63.654,-16.417,15.398
SN,TR,0.006274688330632857,31.238,39.049,-16.417,15.398
SN,US,0.022366638375130813,-99.818,37.615,-16.417,15.398
SN,ZA,0.002835891440463132,23.274,-30.622,-16.417,15.398
SR,AT,0.01408095709517737,16.843,48.085,-55.255,5.089
SR,BE,0.013683474683243622,3.208,51.542,-55.255,5.089
SR,BR,0.002246944991035371,-41.076,-10.964,-55.255,5.089
SR,CA,0.010360889739536116,-82.375,46.296,-55.255,5.089
SR,CH,0.004624418372951048,7.299,47.384,-55.255,5.089
SR,CL,0.007881930740724548,-70.155,-26.329,-55.255,5.089
SR,DE,0.010736903471927033,10.674,52.577,-55.255,5.089
SR,DK,0.023644476726351508,10.241,55.6,-55.255,5.089
SR,EG,0.009409286115042964,32.667,26.551,-55.255,5.089
SR,ES,0.009613752508370182,-3.72,40.031,-55.255,5.089
SR,FI,0.018893781562533917,24.52,65.563,-55.255,5.089
SR,FR,0.012376212403368217,2.152,46.853,-55.255,5.089
SR,GB,0.01746153745745434,-2.227,53.821,-55.255,5.089
SR,GR,0.01161521984185787,22.79,37.756,-55.255,5.089
SR,IE,0.008818400629359792,-8.248,52.679,-55.255,5.089
SR,IL,0.007466425738999577,34.764,31.223,-55.255,5.089
SR,IT,0.007249771061094598,14.277,41.189,-55.255,5.089
SR,MX,0.017795886936189352,-100.773,21.559,-55.255,5.089
SR,NL,0.014268864279956505,4.945,52.875,-55.255,5.089
SR,NO,0.02999019414657597,8.132,63.44,-55.255,5.089
SR,PL,0.012956887838717731,17.38,53.213,-55.255,5.089
SR,SA,0.012404863938380669,38.795,31.62,-55.255,5.089
SR,SE,0.024345923506798813,16.282,63.654,-55.255,5.089
SR,TR,0.01089859031621606,31.238,39.049,-55.255,5.089
SR,US,0.01142206587274704,-99.818,37.615,-55.255,5.089
SR,ZA,0.007151639386620173,23.274,-30.622,-55.255,5.089
SV,AT,0.01784790010124036,16.843,48.085,-88.987,13.448
SV,BE,0.01626082381669046,3.208,51.542,-88.987,13.448
SV,BR,0.008713548269797535,-41.076,-10.964,-88.987,13.448
SV,CA,0.013738346311038251,-82.375,46.296,-88.987,13.448
SV,CH,0.012134600497874543,7.299,47.384,-88.987,13.448
SV,CL,0.004116933715994433,-70.155,-26.329,-88.987,13.448
SV,DE,0.01325925360052949,10.674,52.577,-88.987,13.448
SV,DK,0.02398192260343119,10.241,55.6,-88.987,13.448
SV,ES,0.01421905295886412,-3.72,40.031,-88.987,13.448
SV,FI,0.01826103378083127,24.52,65.563,-88.987,13.448
SV,FR,0.014507708255667658,2.152,46.853,-88.987,13.448
SV,GB,0.02129238730259694,-2.227,53.821,-88.987,13.448
SV,IE,0.010302762918806246,-8.248,52.679,-88.987,13.448
SV,IT,0.013783651836202178,14.277,41.189,-88.987,13.448
SV,MX,0.006310198389220324,-100.773,21.559,-88.987,13.448
SV,NL,0.014675750738457302,4.945,52.875,-88.987,13.448
SV,NO,0.030227336832892023,8.132,63.44,-88.987,13.448
SV,PL,0.018334208071441815,17.38,53.213,-88.987,13.448
SV,SE,0.024071459309084546,16.282,63.654,-88.987,13.448
SV,US,0.00398433466148072,-99.818,37.615,-88.987,13.448
TH,AE,0.005171939724771428,55.368,24.754,101.055,15.311
TH,AT,0.008500493368215683,16.843,48.085,101.055,15.311
TH,AU,0.007106317004481998,144.154,-31.773,101.055,15.311
TH,BE,0.004459732396385678,3.208,51.542,101.055,15.311
TH,BH,0.0052085836377967374,50.58,26.1,101.055,15.311
TH,CH,0.020004142334959372,7.299,47.384,101.055,15.311
TH,DE,0.003575789627738349,10.674,52.577,101.055,15.311
TH,DK,0.006130251198744295,10.241,55.6,101.055,15.311
TH,EG,0.0049168043663544,32.667,26.551,101.055,15.311
TH,ES,0.01355153047823057,-3.72,40.031,101.055,15.311
TH,FI,0.010640628146378428,24.52,65.563,101.055,15.311
TH,FR,0.006896141075193394,2.152,46.853,101.055,15.311
TH,GB,0.006842927676586242,-2.227,53.821,101.055,15.311
TH,GR,0.009937202540736151,22.79,37.756,101.055,15.311
TH,IE,0.003654016470877406,-8.248,52.679,101.055,15.311
TH,IL,0.007787779765251706,34.764,31.223,101.055,15.311
TH,IN,0.001906874550361146,76.129,19.557,101.055,15.311
TH,IT,0.011111209210149632,14.277,41.189,101.055,15.311
TH,JP,0.003276952823820543,136.251,35.764,101.055,15.311
TH,KR,0.002065163301856756,127.036,34.738,101.055,15.311
TH,KW,0.005165510458818027,47.71,28.89,101.055,15.311
TH,NL,0.004730690934578555,4.945,52.875,101.055,15.311
TH,NO,0.01732826424343093,8.132,63.44,101.055,15.311
TH,NZ,0.028679803684618196,175.062,-40.949,101.055,15.311
TH,PL,0.006065879063690826,17.38,53.213,101.055,15.311
TH,SA,0.009730173326535104,38.795,31.62,101.055,15.311
TH,SE,0.013887350879862773,16.282,63.654,101.055,15.311
TH,TR,0.0059121034959018805,31.238,39.049,101.055,15.311
TH,TW,0.0016340493135948472,120.945,23.682,101.055,15.311
TH,ZA,0.015512310746410341,23.274,-30.622,101.055,15.311
TN,AE,0.006950109118303201,55.368,24.754,10.492,37.119
TN,AT,0.007640722121433379,16.843,48.085,10.492,37.119
TN,BE,0.0047939951103708744,3.208,51.542,10.492,37.119
TN,BH,0.006092880137839071,50.58,26.1,10.492,37.119
TN,BR,0.02267030606797626,-41.076,-10.964,10.492,37.119
TN,CA,0.01389790076135446,-82.375,46.296,10.492,37.119
TN,CH,0.01347291354016183,7.299,47.384,10.492,37.119
TN,CN,0.0026741123486181276,108.792,38.61,10.492,37.119
TN,DE,0.0036816278260024234,10.674,52.577,10.492,37.119
TN,DK,0.00857323000737491,10.241,55.6,10.492,37.119
TN,EG,0.0043952132307218264,32.667,26.551,10.492,37.119
TN,ES,0.007271533403640992,-3.72,40.031,10.492,37.119
TN,FI,0.014709018781412309,24.52,65.563,10.492,37.119
TN,FR,0.004842648727836305,2.152,46.853,10.492,37.119
TN,GB,0.0064770724623622105,-2.227,53.821,10.492,37.119
TN,GR,0.008385435188885699,22.79,37.756,10.492,37.119
TN,IE,0.003832478588050511,-8.248,52.679,10.492,37.119
TN,IL,0.007122068293830843,34.764,31.223,10.492,37.119
TN,IN,0.006477723711927649,76.129,19.557,10.492,37.119
TN,IT,0.008773662092551354,14.277,41.189,10.492,37.119
TN,JP,0.006401785038682029,136.251,35.764,10.492,37.119
TN,KR,0.004694051737032225,127.036,34.738,10.492,37.119
TN,KW,0.0061475454713257206,47.71,28.89,10.492,37.119
TN,MY,0.002955102703663558,101.67,2.751,10.492,37.119
TN,NL,0.005524874413637958,4.945,52.875,10.492,37.119
TN,NO,0.02150775940102956,8.132,63.44,10.492,37.119
TN,PL,0.0059152927109880704,17.38,53.213,10.492,37.119
TN,SA,0.009526444614409752,38.795,31.62,10.492,37.119
TN,SE,0.015849174214331584,16.282,63.654,10.492,37.119
TN,TH,0.0037964539764843578,101.055,15.311,10.492,37.119
TN,TR,0.005890653343756295,31.238,39.049,10.492,37.119
TN,TW,0.004034153459445513,120.945,23.682,10.492,37.119
TN,US,0.02121477570387138,-99.818,37.615,10.492,37.119
TN,ZA,0.009761221550043537,23.274,-30.622,10.492,37.119
TR,AT,0.004449309949397922,16.843,48.085,31.238,39.049
TR,BE,0.003398712293343177,3.208,51.542,31.238,39.049
TR,BR,0.028704146080199937,-41.076,-10.964,31.238,39.049
TR,CA,0.019723986041609364,-82.375,46.296,31.238,39.049
TR,CH,0.006818033533127055,7.299,47.384,31.238,39.049
TR,CN,0.0024048737148235594,108.792,38.61,31.238,39.049
TR,DE,0.003021780797963817,10.674,52.577,31.238,39.049
TR,DK,0.008484578525461485,10.241,55.6,31.238,39.049
TR,EG,0.0019600996938389285,32.667,26.551,31.238,39.049
TR,ES,0.00816855172203975,-3.72,40.031,31.238,39.049
TR,FI,0.016755480078405,24.52,65.563,31.238,39.049
TR,FR,0.00447572689479431,2.152,46.853,31.238,39.049
TR,GB,0.008419626709932628,-2.227,53.821,31.238,39.049
TR,GR,0.004782314592260934,22.79,37.756,31.238,39.049
TR,ID,0.0031692614911408,118.0,-2.0,31.238,39.049
TR,IE,0.00634011536231515,-8.248,52.679,31.238,39.049
TR,IN,0.00671425084599044,76.129,19.557,31.238,39.049
TR,IT,0.00283300179086174,14.277,41.189,31.238,39.049
TR,JP,0.005083421519550049,136.251,35.764,31.238,39.049
TR,KR,0.0038694226664555704,127.036,34.738,31.238,39.049
TR,MY,0.0023547116795378667,101.67,2.751,31.238,39.049
TR,NL,0.00697852345701887,4.945,52.875,31.238,39.049
TR,NO,0.023911025650507692,8.132,63.44,31.238,39.049
TR,PL,0.002337122609983595,17.38,53.213,31.238,39.049
TR,SE,0.019612552266245035,16.282,63.654,31.238,39.049
TR,TH,0.003947496090878405,101.055,15.311,31.238,39.049
TR,TW,0.0036870258952357697,120.945,23.682,31.238,39.049
TR,US,0.035663666412661686,-99.818,37.615,31.238,39.049
TR,ZA,0.006196073242657191,23.274,-30.622,31.238,39.049
TW,AE,0.009767560714646883,55.368,24.754,120.945,23.682
TW,AT,0.012460466127644142,16.843,48.085,120.945,23.682
TW,AU,0.00943237957691202,144.154,-31.773,120.945,23.682
TW,BE,0.00615811530289684,3.208,51.542,120.945,23.682
TW,BH,0.009482324665461929,50.58,26.1,120.945,23.682
TW,CH,0.028851076093248263,7.299,47.384,120.945,23.682
TW,CN,0.0016272039898607511,108.792,38.61,120.945,23.682
TW,DE,0.004908904068369343,10.674,52.577,120.945,23.682
TW,DK,0.008389446747402543,10.241,55.6,120.945,23.682
TW,EG,0.007890574175376351,32.667,26.551,120.945,23.682
TW,FI,0.013865873506205195,24.52,65.563,120.945,23.682
TW,FR,0.009762183663662497,2.152,46.853,120.945,23.682
TW,GB,0.0104789619403909,-2.227,53.821,120.945,23.682
TW,GR,0.015414441620673689,22.79,37.756,120.945,23.682
TW,IE,0.006241646339876187,-8.248,52.679,120.945,23.682
TW,IL,0.01258296138613879,34.764,31.223,120.945,23.682
TW,IN,0.005223478674022799,76.129,19.557,120.945,23.682
TW,IT,0.016906414023557997,14.277,41.189,120.945,23.682
TW,JP,0.0021646960720092534,136.251,35.764,120.945,23.682
TW,KR,0.0016753385246585219,127.036,34.738,120.945,23.682
TW,KW,0.00932385384491344,47.71,28.89,120.945,23.682
TW,NL,0.006604289247133121,4.945,52.875,120.945,23.682
TW,NO,0.022386998606596202,8.132,63.44,120.945,23.682
TW,NZ,0.038642214056339996,175.062,-40.949,120.945,23.682
TW,PL,0.00866685879449465,17.38,53.213,120.945,23.682
TW,SA,0.01598513230072102,38.795,31.62,120.945,23.682
TW,SE,0.016905671696500375,16.282,63.654,120.945,23.682
TW,TH,0.0019389641815534266,101.055,15.311,120.945,23.682
TW,TR,0.009306436830508585,31.238,39.049,120.945,23.682
UA,AE,0.0025842713409279083,55.368,24.754,33.877,44.96
UA,AT,0.005067446147683253,16.843,48.085,33.877,44.96
UA,BE,0.004396938475088739,3.208,51.542,33.877,44.96
UA,BH,0.002320839708854926,50.58,26.1,33.877,44.96
UA,BR,0.03517315826887256,-41.076,-10.964,33.877,44.96
UA,CA,0.02124993212193525,-82.375,46.296,33.877,44.96
UA,CH,0.007980774844097987,7.299,47.384,33.877,44.96
UA,CN,0.003279795308339806,108.792,38.61,33.877,44.96
UA,DE,0.003456231920265018,10.674,52.577,33.877,44.96
UA,DK,0.010040427843461599,10.241,55.6,33.877,44.96
UA,EG,0.002805282915254554,32.667,26.551,33.877,44.96
UA,ES,0.011033960632309967,-3.72,40.031,33.877,44.96
UA,FI,0.018653659222621764,24.52,65.563,33.877,44.96
UA,FR,0.006509162042261807,2.152,46.853,33.877,44.96
UA,GB,0.00984574815406044,-2.227,53.821,33.877,44.96
UA,GR,0.0058414888060950255,22.79,37.756,33.877,44.96
UA,ID,0.00578677401484614,118.0,-2.0,33.877,44.96
UA,IE,0.006422568539726279,-8.248,52.679,33.877,44.96
UA,IN,0.006492624129443619,76.129,19.557,33.877,44.96
UA,IT,0.0032737842681374568,14.277,41.189,33.877,44.96
UA,JP,0.007686042658617954,136.251,35.764,33.877,44.96
UA,KR,0.0066588861207937545,127.036,34.738,33.877,44.96
UA,KW,0.002155897524549179,47.71,28.89,33.877,44.96
UA,MY,0.0043275065366140935,101.67,2.751,33.877,44.96
UA,NL,0.008002812502119835,4.945,52.875,33.877,44.96
UA,NO,0.027237052049263077,8.132,63.44,33.877,44.96
UA,PL,0.002918382877958803,17.38,53.213,33.877,44.96
UA,SA,0.0023891998680592576,38.795,31.62,33.877,44.96
UA,SE,0.02089108247153135,16.282,63.654,33.877,44.96
UA,TH,0.006508183599013915,101.055,15.311,33.877,44.96
UA,TR,0.0038726572929601035,31.238,39.049,33.877,44.96
UA,TW,0.006214970389359424,120.945,23.682,33.877,44.96
UA,US,0.03591688356906238,-99.818,37.615,33.877,44.96
UA,ZA,0.008697684816239584,23.274,-30.622,33.877,44.96
UG,AE,0.0015929248262111474,55.368,24.754,31.795,0.15
UG,AT,0.0065904369687559234,16.843,48.085,31.795,0.15
UG,BE,0.0059040527499460505,3.208,51.542,31.795,0.15
UG,BR,0.04001508412932616,-41.076,-10.964,31.795,0.15
UG,CH,0.009442754335638683,7.299,47.384,31.795,0.15
UG,CN,0.005401662846551536,108.792,38.61,31.795,0.15
UG,DE,0.004960487058027205,10.674,52.577,31.795,0.15
UG,DK,0.012362654205393276,10.241,55.6,31.795,0.15
UG,EG,0.002721828218867818,32.667,26.551,31.795,0.15
UG,ES,0.010240235986712249,-3.72,40.031,31.795,0.15
UG,FI,0.02405002414231354,24.52,65.563,31.795,0.15
UG,FR,0.006315679672011067,2.152,46.853,31.795,0.15
UG,GB,0.012299292784702364,-2.227,53.821,31.795,0.15
UG,GR,0.005509842291632995,22.79,37.756,31.795,0.15
UG,ID,0.008242490502140622,118.0,-2.0,31.795,0.15
UG,IE,0.009813073877189302,-8.248,52.679,31.795,0.15
UG,IN,0.009088198305630023,76.129,19.557,31.795,0.15
UG,IT,0.003424782033151109,14.277,41.189,31.795,0.15
UG,MY,0.005569766072194401,101.67,2.751,31.795,0.15
UG,NL,0.011177922168402724,4.945,52.875,31.795,0.15
UG,NO,0.036099508251986136,8.132,63.44,31.795,0.15
UG,PL,0.0038829840922897816,17.38,53.213,31.795,0.15
UG,SE,0.02648695985249622,16.282,63.654,31.795,0.15
UG,TH,0.008773193548549324,101.055,15.311,31.795,0.15
UG,TR,0.0037923606712627336,31.238,39.049,31.795,0.15
UG,TW,0.009451145913773353,120.945,23.682,31.795,0.15
UG,ZA,0.002808904423216467,23.274,-30.622,31.795,0.15
US,AT,0.0042682967184462005,16.843,48.085,-99.818,37.615
US,BE,0.0032933920560230677,3.208,51.542,-99.818,37.615
US,BR,0.006530435990000832,-41.076,-10.964,-99.818,37.615
US,CA,0.0024530772747197414,-82.375,46.296,-99.818,37.615
US,CH,0.0061916303349885465,7.299,47.384,-99.818,37.615
US,CL,0.009370541903003711,-70.155,-26.329,-99.818,37.615
US,DE,0.0026961807288830384,10.674,52.577,-99.818,37.615
US,DK,0.004836987175975623,10.241,55.6,-99.818,37.615
US,ES,0.0050674067649901745,-3.72,40.031,-99.818,37.615
US,FI,0.0040011387607734985,24.52,65.563,-99.818,37.615
US,FR,0.0035814567523875223,2.152,46.853,-99.818,37.615
US,GB,0.0046834070224528335,-2.227,53.821,-99.818,37.615
US,GR,0.0044010945083372026,22.79,37.756,-99.818,37.615
US,IE,0.0018754204930946804,-8.248,52.679,-99.818,37.615
US,IT,0.004868763292447566,14.277,41.189,-99.818,37.615
US,JP,0.009897666383118292,136.251,35.764,-99.818,37.615
US,MX,0.006221451927664863,-100.773,21.559,-99.818,37.615
US,NL,0.0030532316517136683,4.945,52.875,-99.818,37.615
US,NO,0.00633167538330397,8.132,63.44,-99.818,37.615
US,PL,0.0037771209927398943,17.38,53.213,-99.818,37.615
US,SE,0.004682411537767784,16.282,63.654,-99.818,37.615
US,TR,0.003515204534771788,31.238,39.049,-99.818,37.615
UY,BR,0.009340885792233971,-41.076,-10.964,-56.217,-33.179
UY,CA,0.016514581786620457,-82.375,46.296,-56.217,-33.179
UY,CL,0.01588164810510641,-70.155,-26.329,-56.217,-33.179
UY,ES,0.02940903583734665,-3.72,40.031,-56.217,-33.179
UY,MX,0.032403693447430874,-100.773,21.559,-56.217,-33.179
UY,NZ,0.04135690970088318,175.062,-40.949,-56.217,-33.179
UY,US,0.024306518684273616,-99.818,37.615,-56.217,-33.179
UY,ZA,0.016546358496546527,23.274,-30.622,-56.217,-33.179
UZ,AT,0.009204701059829888,16.843,48.085,66.72,39.583
UZ,BE,0.006651234180152041,3.208,51.542,66.72,39.583
UZ,CA,0.02417492047641343,-82.375,46.296,66.72,39.583
UZ,CH,0.021521711439084348,7.299,47.384,66.72,39.583
UZ,CN,0.00241773839570165,108.792,38.61,66.72,39.583
UZ,DE,0.004269743402970684,10.674,52.577,66.72,39.583
UZ,DK,0.010877476027256668,10.241,55.6,66.72,39.583
UZ,EG,0.004254774787888592,32.667,26.551,66.72,39.583
UZ,ES,0.01646026973557901,-3.72,40.031,66.72,39.583
UZ,FI,0.02165646400179834,24.52,65.563,66.72,39.583
UZ,FR,0.008211743348382872,2.152,46.853,66.72,39.583
UZ,GB,0.011962440082026005,-2.227,53.821,66.72,39.583
UZ,GR,0.0086323327209665,22.79,37.756,66.72,39.583
UZ,ID,0.0034508309099617403,118.0,-2.0,66.72,39.583
UZ,IE,0.009427700711661716,-8.248,52.679,66.72,39.583
UZ,IL,0.0033309429047808895,34.764,31.223,66.72,39.583
UZ,IN,0.00562778679404104,76.129,19.557,66.72,39.583
UZ,IT,0.008784535546697714,14.277,41.189,66.72,39.583
UZ,JP,0.006874855816670105,136.251,35.764,66.72,39.583
UZ,KR,0.005375195067987161,127.036,34.738,66.72,39.583
UZ,MY,0.0021041575476401894,101.67,2.751,66.72,39.583
UZ,NL,0.007613297192861236,4.945,52.875,66.72,39.583
UZ,NO,0.03371771674233249,8.132,63.44,66.72,39.583
UZ,PL,0.005236064891420959,17.38,53.213,66.72,39.583
UZ,SA,0.00367740495441374,38.795,31.62,66.72,39.583
UZ,SE,0.02346806755632852,16.282,63.654,66.72,39.583
UZ,TH,0.003673811721543603,101.055,15.311,66.72,39.583
UZ,TR,0.005062847078176921,31.238,39.049,66.72,39.583
UZ,TW,0.004563287591507545,120.945,23.682,66.72,39.583
UZ,ZA,0.012258638786214094,23.274,-30.622,66.72,39.583
VN,AE,0.006147889115422003,55.368,24.754,107.849,11.326
VN,AT,0.009919698868908684,16.843,48.085,107.849,11.326
VN,AU,0.007873968139960785,144.154,-31.773,107.849,11.326
VN,BE,0.0052361107238832385,3.208,51.542,107.849,11.326
VN,BH,0.005703272455910542,50.58,26.1,107.849,11.326
VN,CH,0.024273745503487456,7.299,47.384,107.849,11.326
VN,DE,0.004097853243166563,10.674,52.577,107.849,11.326
VN,DK,0.006473648194601656,10.241,55.6,107.849,11.326
VN,EG,0.00500648145398178,32.667,26.551,107.849,11.326
VN,FI,0.010513830592117489,24.52,65.563,107.849,11.326
VN,FR,0.006725641340031089,2.152,46.853,107.849,11.326
VN,GB,0.0074702947602587125,-2.227,53.821,107.849,11.326
VN,GR,0.01070577258324947,22.79,37.756,107.849,11.326
VN,IL,0.008977256452465226,34.764,31.223,107.849,11.326
VN,IN,0.0026614178860398,76.129,19.557,107.849,11.326
VN,IT,0.013082450379185189,14.277,41.189,107.849,11.326
VN,JP,0.0025433515206747274,136.251,35.764,107.849,11.326
VN,KR,0.0017397098982779335,127.036,34.738,107.849,11.326
VN,KW,0.005843443859312126,47.71,28.89,107.849,11.326
VN,NL,0.004763840511952308,4.945,52.875,107.849,11.326
VN,NO,0.018114221581342103,8.132,63.44,107.849,11.326
VN,NZ,0.03233082809705542,175.062,-40.949,107.849,11.326
VN,PL,0.006874801835772147,17.38,53.213,107.849,11.326
VN,SA,0.010751563009690109,38.795,31.62,107.849,11.326
VN,SE,0.013803950488571859,16.282,63.654,107.849,11.326
VN,TR,0.006067334785921989,31.238,39.049,107.849,11.326
VN,ZA,0.015617057754850222,23.274,-30.622,107.849,11.326
ZA,AE,0.004773795280434118,55.368,24.754,23.274,-30.622
ZA,AT,0.005309921228213621,16.843,48.085,23.274,-30.622
ZA,BE,0.0044076962964194446,3.208,51.542,23.274,-30.622
ZA,BH,0.0037365014698113033,50.58,26.1,23.274,-30.622
ZA,BR,0.014421504694045933,-41.076,-10.964,23.274,-30.622
ZA,CH,0.007653465821568821,7.299,47.384,23.274,-30.622
ZA,CL,0.0537885706635559,-70.155,-26.329,23.274,-30.622
ZA,DE,0.0033863506889158248,10.674,52.577,23.274,-30.622
ZA,DK,0.008515146224628163,10.241,55.6,23.274,-30.622
ZA,EG,0.0025039637561420055,32.667,26.551,23.274,-30.622
ZA,ES,0.0060554241367026095,-3.72,40.031,23.274,-30.622
ZA,FR,0.004544140925358571,2.152,46.853,23.274,-30.622
ZA,GB,0.008044790568040198,-2.227,53.821,23.274,-30.622
ZA,GR,0.004601414854513101,22.79,37.756,23.274,-30.622
ZA,IE,0.006490448813547904,-8.248,52.679,23.274,-30.622
ZA,IL,0.0023357977152582013,34.764,31.223,23.274,-30.622
ZA,IN,0.007095881153095722,76.129,19.557,23.274,-30.622
ZA,IT,0.003629546740565787,14.277,41.189,23.274,-30.622
ZA,KW,0.003847134490757179,47.71,28.89,23.274,-30.622
ZA,MY,0.009079614725411465,101.67,2.751,23.274,-30.622
ZA,NL,0.0061684474091779715,4.945,52.875,23.274,-30.622
ZA,PL,0.003836980359750003,17.38,53.213,23.274,-30.622
ZA,SA,0.0038392795716746635,38.795,31.62,23.274,-30.622
ZA,TH,0.01094353788723585,101.055,15.311,23.274,-30.622
ZA,TR,0.003327386046833124,31.238,39.049,23.274,-30.622
ZM,AE,0.0019948501417468866,55.368,24.754,28.35,-15.55
ZM,AT,0.0060786787286425,16.843,48.085,28.35,-15.55
ZM,BE,0.0058425102774228976,3.208,51.542,28.35,-15.55
ZM,BR,0.021612523202582643,-41.076,-10.964,28.35,-15.55
ZM,CH,0.006528866506818748,7.299,47.384,28.35,-15.55
ZM,CL,0.07339642182379845,-70.155,-26.329,28.35,-15.55
ZM,CN,0.00563156631510214,108.792,38.61,28.35,-15.55
ZM,DE,0.004873120520038686,10.674,52.577,28.35,-15.55
ZM,DK,0.01146388993361975,10.241,55.6,28.35,-15.55
ZM,EG,0.002825236696162705,32.667,26.551,28.35,-15.55
ZM,ES,0.007488008958876236,-3.72,40.031,28.35,-15.55
ZM,FI,0.018710304186227426,24.52,65.563,28.35,-15.55
ZM,FR,0.005602532802526127,2.152,46.853,28.35,-15.55
ZM,GB,0.010151010412163947,-2.227,53.821,28.35,-15.55
ZM,GR,0.0049334034034555305,22.79,37.756,28.35,-15.55
ZM,ID,0.010410138830435758,118.0,-2.0,28.35,-15.55
ZM,IE,0.007868485304063698,-8.248,52.679,28.35,-15.55
ZM,IN,0.008520737389293207,76.129,19.557,28.35,-15.55
ZM,IT,0.002853630977036824,14.277,41.189,28.35,-15.55
ZM,KW,0.001645125403090658,47.71,28.89,28.35,-15.55
ZM,MY,0.007268475640989762,101.67,2.751,28.35,-15.55
ZM,NL,0.009381517127337662,4.945,52.875,28.35,-15.55
ZM,NO,0.0275386996485915,8.132,63.44,28.35,-15.55
ZM,PL,0.003964764079668959,17.38,53.213,28.35,-15.55
ZM,SE,0.021963882475947948,16.282,63.654,28.35,-15.55
ZM,TH,0.009904183355783783,101.055,15.311,28.35,-15.55
ZM,TR,0.0034017556790349054,31.238,39.049,28.35,-15.55
ZM,ZA,0.0017814844121318175,23.274,-30.622,28.35,-15.55
