demand_country,supply_country,tech,weight,is_home
AE,AE,PV,0.0,True
AE,AF,PV,0.0,False
AE,AQ,WIND,0.0,False
AE,AR,PV,0.0,False
AE,AR,WIND,0.0,False
AE,AT,WIND,0.003926478287306522,False
AE,AU,PV,0.008407677432519826,False
AE,AU,WIND,0.01117901184388298,False
AE,BD,PV,0.0,False
AE,BE,PV,0.0,False
AE,BE,WIND,0.0,False
AE,BF,PV,0.0,False
AE,BG,PV,0.0,False
AE,BG,WIND,0.0,False
AE,BH,PV,0.0,False
AE,BI,PV,0.0,False
AE,BO,PV,0.0,False
AE,BR,PV,0.0,False
AE,BR,WIND,0.005831599231138228,False
AE,BY,PV,0.0,False
AE,CA,PV,0.006375746261852301,False
AE,CA,WIND,0.022310840410551085,False
AE,CH,PV,0.0,False
AE,CL,PV,0.06908492334100083,False
AE,CL,WIND,0.0,False
AE,CN,PV,0.020500396372471426,False
AE,CN,WIND,0.060458714330689445,False
AE,CO,PV,0.0,False
AE,CR,PV,0.00970416673033108,False
AE,CU,PV,0.0,False
AE,CU,WIND,0.0043765622990189785,False
AE,CV,PV,0.043101645596411685,False
AE,CZ,PV,0.0,False
AE,DE,PV,0.0,False
AE,DE,WIND,0.023680301298357513,False
AE,DK,PV,0.0,False
AE,DK,WIND,0.0,False
AE,DO,PV,0.0,False
AE,DO,WIND,0.006683637417254475,False
AE,DZ,PV,0.0,False
AE,EC,PV,0.0,False
AE,EE,WIND,0.0028050247213704874,False
AE,EG,PV,0.0,False
AE,EG,WIND,0.0,False
AE,ES,PV,0.0,False
AE,ES,WIND,0.01015901125456477,False
AE,ET,WIND,0.0,False
AE,FI,WIND,0.0,False
AE,FJ,WIND,0.010461110462184226,False
AE,FR,PV,0.0,False
AE,FR,WIND,0.025819884017646087,False
AE,GB,PV,0.0,False
AE,GB,WIND,0.012964380756900089,False
AE,GF,PV,0.008504191450954417,False
AE,GH,PV,0.02034568408353999,False
AE,GR,PV,0.0,False
AE,GR,WIND,0.0,False
AE,GT,PV,0.0,False
AE,GT,WIND,0.006934317278859107,False
AE,HN,PV,0.007428659718569809,False
AE,HN,WIND,0.0,False
AE,HU,PV,0.0,False
AE,ID,PV,0.009528555035501388,False
AE,ID,WIND,0.0,False
AE,IE,WIND,0.0009186563280625616,False
AE,IL,PV,0.0,False
AE,IL,WIND,0.0,False
AE,IN,PV,0.07711496866854395,False
AE,IN,WIND,0.003544018902570609,False
AE,IR,PV,0.0,False
AE,IR,WIND,0.0,False
AE,IT,PV,0.0,False
AE,IT,WIND,0.0,False
AE,JM,PV,0.0,False
AE,JM,WIND,0.007143578585745563,False
AE,JO,PV,0.0,False
AE,JP,PV,0.0,False
AE,JP,WIND,0.006350054004205691,False
AE,KE,PV,0.032373324119190326,False
AE,KE,WIND,0.0,False
AE,KH,PV,0.0,False
AE,KR,PV,0.0,False
AE,KR,WIND,0.003783873393496081,False
AE,KW,PV,0.0,False
AE,KZ,PV,0.0,False
AE,LC,PV,0.0,False
AE,LK,PV,0.0,False
AE,LK,WIND,0.0,False
AE,LY,PV,0.0,False
AE,LY,WIND,0.0,False
AE,MA,PV,0.0,False
AE,MA,WIND,0.0,False
AE,MG,PV,0.006395899889643763,False
AE,MM,PV,0.0,False
AE,MN,PV,0.0,False
AE,MN,WIND,0.0,False
AE,MR,PV,0.0,False
AE,MR,WIND,0.01142369222128443,False
AE,MU,PV,0.04510341148570552,False
AE,MX,PV,0.0,False
AE,MX,WIND,0.0,False
AE,MY,PV,0.0,False
AE,NE,PV,0.017584277626871377,False
AE,NG,PV,0.0,False
AE,NI,PV,0.0,False
AE,NL,PV,0.0,False
AE,NL,WIND,0.0,False
AE,NO,WIND,0.0,False
AE,NP,PV,0.012223703720859163,False
AE,NZ,WIND,0.01009781874057311,False
AE,OM,PV,0.04950867953304494,False
AE,PA,PV,0.0,False
AE,PE,PV,0.03745159561608134,False
AE,PE,WIND,0.0,False
AE,PH,PV,0.0,False
AE,PH,WIND,0.03523982621498584,False
AE,PK,PV,0.0,False
AE,PK,WIND,0.0,False
AE,PL,PV,0.0,False
AE,PL,WIND,0.0035516172078879048,False
AE,PS,PV,0.0,False
AE,PT,PV,0.0,False
AE,PT,WIND,0.005441959914189375,False
AE,PY,PV,0.01796140970808492,False
AE,PY,WIND,0.0,False
AE,RO,PV,0.0,False
AE,RO,WIND,0.0035091155827821764,False
AE,RU,PV,0.0,False
AE,RU,WIND,0.0,False
AE,RW,PV,0.0,False
AE,SA,PV,0.0,False
AE,SE,WIND,0.0,False
AE,SK,PV,0.0,False
AE,SN,PV,0.015849186238033268,False
AE,SR,PV,0.00014233280956651797,False
AE,SV,PV,0.0,False
AE,TH,PV,0.0,False
AE,TH,WIND,0.0,False
AE,TN,WIND,0.0,False
AE,TR,PV,0.0,False
AE,TR,WIND,0.0,False
AE,TW,PV,0.0,False
AE,TW,WIND,0.0,False
AE,UA,PV,0.0,False
AE,UG,PV,0.0,False
AE,US,PV,0.06511571058188158,False
AE,US,WIND,0.07509590274848937,False
AE,UY,PV,0.013352881827808723,False
AE,UY,WIND,0.0,False
AE,UZ,PV,0.0,False
AE,VN,PV,0.0,False
AE,VN,WIND,0.0,False
AE,ZA,PV,0.02111299947916647,False
AE,ZA,WIND,0.012036985218367617,False
AE,ZM,PV,0.0,False
AE,nan,PV,0.0,False
AF,AE,PV,0.029200803711405484,False
AF,AF,PV,0.0,True
AF,AQ,WIND,0.0,False
AF,AR,PV,0.0,False
AF,AR,WIND,0.0,False
AF,AT,WIND,0.0,False
AF,AU,PV,0.0,False
AF,AU,WIND,0.004801104749403832,False
AF,BD,PV,0.0,False
AF,BE,PV,0.0,False
AF,BE,WIND,0.0,False
AF,BF,PV,0.0,False
AF,BG,PV,0.0,False
AF,BG,WIND,0.0,False
AF,BH,PV,0.035485191233004476,False
AF,BI,PV,0.0,False
AF,BO,PV,0.0,False
AF,BR,PV,0.03217703046709927,False
AF,BR,WIND,0.01070308111792258,False
AF,BY,PV,0.0,False
AF,CA,PV,0.009289785067262815,False
AF,CA,WIND,0.017430288877001474,False
AF,CH,PV,0.0,False
AF,CL,PV,0.017698484899272178,False
AF,CL,WIND,0.0,False
AF,CN,PV,0.12186424072221091,False
AF,CN,WIND,0.05491299673685101,False
AF,CO,PV,0.0,False
AF,CR,PV,0.0,False
AF,CU,PV,0.013056609470758391,False
AF,CU,WIND,0.0,False
AF,CV,PV,0.10979520775526992,False
AF,CZ,PV,0.0,False
AF,DE,PV,0.0,False
AF,DE,WIND,0.03437260720123741,False
AF,DK,PV,0.0,False
AF,DK,WIND,0.0,False
AF,DO,PV,0.0,False
AF,DO,WIND,0.012587667438939364,False
AF,DZ,PV,0.0,False
AF,EC,PV,0.0,False
AF,EE,WIND,0.0,False
AF,EG,PV,0.0,False
AF,EG,WIND,0.0,False
AF,ES,PV,0.0,False
AF,ES,WIND,0.014750036224945421,False
AF,ET,WIND,0.0,False
AF,FI,WIND,0.0,False
AF,FJ,WIND,0.01794674500556487,False
AF,FR,PV,0.0,False
AF,FR,WIND,0.013587815607882504,False
AF,GB,PV,0.0,False
AF,GB,WIND,0.0,False
AF,GF,PV,0.0033377320704130473,False
AF,GH,PV,0.0,False
AF,GR,PV,0.0,False
AF,GR,WIND,0.0,False
AF,GT,PV,0.0,False
AF,GT,WIND,0.0,False
AF,HN,PV,0.001336815070560637,False
AF,HN,WIND,0.0,False
AF,HU,PV,0.0,False
AF,ID,PV,0.0,False
AF,ID,WIND,0.0,False
AF,IE,WIND,0.0,False
AF,IL,PV,0.0,False
AF,IL,WIND,0.0,False
AF,IN,PV,0.07989791493070308,False
AF,IN,WIND,0.04413985463567134,False
AF,IR,PV,0.0,False
AF,IR,WIND,0.005139986445819918,False
AF,IT,PV,0.0,False
AF,IT,WIND,0.0,False
AF,JM,PV,0.0,False
AF,JM,WIND,0.03654014889186418,False
AF,JO,PV,0.0,False
AF,JP,PV,0.007263755696678574,False
AF,JP,WIND,0.006179108313230109,False
AF,KE,PV,0.0,False
AF,KE,WIND,0.0,False
AF,KH,PV,0.0,False
AF,KR,PV,0.0,False
AF,KR,WIND,0.0,False
AF,KW,PV,0.0,False
AF,KZ,PV,0.004078343038388108,False
AF,LC,PV,0.011920156328889719,False
AF,LK,PV,0.0,False
AF,LK,WIND,0.0,False
AF,LY,PV,0.0,False
AF,LY,WIND,0.0,False
AF,MA,PV,0.0,False
AF,MA,WIND,0.0,False
AF,MG,PV,0.0,False
AF,MM,PV,0.0,False
AF,MN,PV,0.0,False
AF,MN,WIND,0.0,False
AF,MR,PV,0.0,False
AF,MR,WIND,0.005268951972304879,False
AF,MU,PV,0.0,False
AF,MX,PV,0.0,False
AF,MX,WIND,0.0,False
AF,MY,PV,0.0,False
AF,NE,PV,0.0,False
AF,NG,PV,0.0,False
AF,NI,PV,0.0,False
AF,NL,PV,0.0,False
AF,NL,WIND,0.0,False
AF,NO,WIND,0.0,False
AF,NP,PV,0.010175910079266643,False
AF,NZ,WIND,0.0,False
AF,OM,PV,0.0,False
AF,PA,PV,0.0024281034842706484,False
AF,PE,PV,0.0,False
AF,PE,WIND,0.0,False
AF,PH,PV,0.0,False
AF,PH,WIND,8.35574944682861e-05,False
AF,PK,PV,0.0,False
AF,PK,WIND,0.0,False
AF,PL,PV,0.0,False
AF,PL,WIND,0.004844602288711628,False
AF,PS,PV,0.0,False
AF,PT,PV,0.0,False
AF,PT,WIND,0.0021826251062891946,False
AF,PY,PV,0.0,False
AF,PY,WIND,0.0,False
AF,RO,PV,0.0,False
AF,RO,WIND,0.003621368562791445,False
AF,RU,PV,0.005488280076946737,False
AF,RU,WIND,0.0,False
AF,RW,PV,0.0,False
AF,SA,PV,0.0,False
AF,SE,WIND,0.0,False
AF,SK,PV,0.0,False
AF,SN,PV,0.025144064154350526,False
AF,SR,PV,0.0,False
AF,SV,PV,0.0,False
AF,TH,PV,0.0,False
AF,TH,WIND,0.0,False
AF,TN,WIND,0.0,False
AF,TR,PV,0.0,False
AF,TR,WIND,0.0,False
AF,TW,PV,0.0,False
AF,TW,WIND,0.0,False
AF,UA,PV,0.0,False
AF,UG,PV,0.0,False
AF,US,PV,0.10429161519901467,False
AF,US,WIND,0.043640024051867905,False
AF,UY,PV,0.015807360798543803,False
AF,UY,WIND,0.0,False
AF,UZ,PV,0.012986815771194206,False
AF,VN,PV,0.0,False
AF,VN,WIND,0.0,False
AF,ZA,PV,0.0,False
AF,ZA,WIND,0.014543209251728747,False
AF,ZM,PV,0.0,False
AF,nan,PV,0.0,False
AR,AE,PV,0.0,False
AR,AF,PV,0.0,False
AR,AQ,WIND,0.0,False
AR,AR,PV,0.0,True
AR,AR,WIND,0.0,True
AR,AT,WIND,0.0,False
AR,AU,PV,0.1354995356143005,False
AR,AU,WIND,0.0,False
AR,BD,PV,0.0,False
AR,BE,PV,0.0,False
AR,BE,WIND,0.0,False
AR,BF,PV,0.0,False
AR,BG,PV,0.0,False
AR,BG,WIND,0.0,False
AR,BH,PV,0.0,False
AR,BI,PV,0.0,False
AR,BO,PV,0.0,False
AR,BR,PV,0.03829667102674931,False
AR,BR,WIND,0.0006479740822084932,False
AR,BY,PV,0.0,False
AR,CA,PV,0.0,False
AR,CA,WIND,0.016419621594943506,False
AR,CH,PV,0.0,False
AR,CL,PV,0.05340347528105974,False
AR,CL,WIND,0.001365634227234314,False
AR,CN,PV,0.0,False
AR,CN,WIND,0.018455124222885737,False
AR,CO,PV,0.0,False
AR,CR,PV,0.009321035405260851,False
AR,CU,PV,0.0,False
AR,CU,WIND,0.0,False
AR,CV,PV,0.06715535819909596,False
AR,CZ,PV,0.0,False
AR,DE,PV,0.0,False
AR,DE,WIND,0.0,False
AR,DK,PV,0.0,False
AR,DK,WIND,0.0,False
AR,DO,PV,0.0,False
AR,DO,WIND,0.0,False
AR,DZ,PV,0.0,False
AR,EC,PV,0.0,False
AR,EE,WIND,0.0,False
AR,EG,PV,0.0,False
AR,EG,WIND,0.0,False
AR,ES,PV,0.00751292739438553,False
AR,ES,WIND,0.012093946466591303,False
AR,ET,WIND,0.0013942906869130135,False
AR,FI,WIND,0.0,False
AR,FJ,WIND,0.0,False
AR,FR,PV,0.00998333215645364,False
AR,FR,WIND,0.02987828224364229,False
AR,GB,PV,0.0,False
AR,GB,WIND,0.001244025992619229,False
AR,GF,PV,0.0033079125361863567,False
AR,GH,PV,0.008746930112654134,False
AR,GR,PV,0.0,False
AR,GR,WIND,0.006711886733909103,False
AR,GT,PV,0.0,False
AR,GT,WIND,0.0,False
AR,HN,PV,0.0,False
AR,HN,WIND,0.0,False
AR,HU,PV,0.0,False
AR,ID,PV,0.0,False
AR,ID,WIND,0.0,False
AR,IE,WIND,0.0,False
AR,IL,PV,0.0,False
AR,IL,WIND,0.0,False
AR,IN,PV,0.0,False
AR,IN,WIND,0.0,False
AR,IR,PV,0.0,False
AR,IR,WIND,0.0,False
AR,IT,PV,0.0,False
AR,IT,WIND,0.001335331934511194,False
AR,JM,PV,0.0,False
AR,JM,WIND,0.0,False
AR,JO,PV,0.0,False
AR,JP,PV,0.033692983890524934,False
AR,JP,WIND,0.0013397026329474888,False
AR,KE,PV,0.0,False
AR,KE,WIND,0.0,False
AR,KH,PV,0.0,False
AR,KR,PV,0.0,False
AR,KR,WIND,0.0,False
AR,KW,PV,0.0,False
AR,KZ,PV,0.0,False
AR,LC,PV,0.0,False
AR,LK,PV,0.0,False
AR,LK,WIND,0.0,False
AR,LY,PV,0.0,False
AR,LY,WIND,0.0,False
AR,MA,PV,0.014739376867618828,False
AR,MA,WIND,0.015510638035839746,False
AR,MG,PV,0.0,False
AR,MM,PV,0.0,False
AR,MN,PV,0.0,False
AR,MN,WIND,0.0,False
AR,MR,PV,0.0,False
AR,MR,WIND,0.017298363796435266,False
AR,MU,PV,0.0,False
AR,MX,PV,0.03683163287127762,False
AR,MX,WIND,0.022192256844317186,False
AR,MY,PV,0.0,False
AR,NE,PV,0.0,False
AR,NG,PV,0.0,False
AR,NI,PV,0.0,False
AR,NL,PV,0.0,False
AR,NL,WIND,0.0,False
AR,NO,WIND,0.0,False
AR,NP,PV,0.0,False
AR,NZ,WIND,0.0,False
AR,OM,PV,0.0,False
AR,PA,PV,0.009442568154877174,False
AR,PE,PV,0.0,False
AR,PE,WIND,0.0,False
AR,PH,PV,0.0,False
AR,PH,WIND,0.010962261982823851,False
AR,PK,PV,0.0,False
AR,PK,WIND,0.005500918779390352,False
AR,PL,PV,0.0,False
AR,PL,WIND,0.0,False
AR,PS,PV,0.0,False
AR,PT,PV,0.0,False
AR,PT,WIND,0.0,False
AR,PY,PV,0.030764776721347694,False
AR,PY,WIND,0.0,False
AR,RO,PV,0.0,False
AR,RO,WIND,0.0,False
AR,RU,PV,0.0,False
AR,RU,WIND,0.0,False
AR,RW,PV,0.0,False
AR,SA,PV,0.0,False
AR,SE,WIND,0.0,False
AR,SK,PV,0.0,False
AR,SN,PV,0.058677489466673095,False
AR,SR,PV,0.0,False
AR,SV,PV,0.0,False
AR,TH,PV,0.0,False
AR,TH,WIND,0.0,False
AR,TN,WIND,0.0,False
AR,TR,PV,0.0,False
AR,TR,WIND,0.0,False
AR,TW,PV,0.0,False
AR,TW,WIND,0.0,False
AR,UA,PV,0.0,False
AR,UG,PV,0.0,False
AR,US,PV,0.2486138998643769,False
AR,US,WIND,0.06177297365945911,False
AR,UY,PV,0.00825384573565345,False
AR,UY,WIND,0.0016330147848340898,False
AR,UZ,PV,0.0,False
AR,VN,PV,0.0,False
AR,VN,WIND,0.0,False
AR,ZA,PV,0.0,False
AR,ZA,WIND,0.0,False
AR,ZM,PV,0.0,False
AR,nan,PV,0.0,False
AT,AE,PV,0.0,False
AT,AF,PV,0.0,False
AT,AQ,WIND,0.0,False
AT,AR,PV,0.0,False
AT,AR,WIND,0.0,False
AT,AT,WIND,0.001961042028873479,True
AT,AU,PV,0.0,False
AT,AU,WIND,0.0,False
AT,BD,PV,0.0,False
AT,BE,PV,0.0,False
AT,BE,WIND,0.0,False
AT,BF,PV,0.0,False
AT,BG,PV,0.0,False
AT,BG,WIND,0.0,False
AT,BH,PV,0.0,False
AT,BI,PV,0.0,False
AT,BO,PV,0.0,False
AT,BR,PV,0.0,False
AT,BR,WIND,0.003012910344657079,False
AT,BY,PV,0.0,False
AT,CA,PV,0.0,False
AT,CA,WIND,0.015151889839957085,False
AT,CH,PV,0.0,False
AT,CL,PV,0.21507912104727395,False
AT,CL,WIND,0.0,False
AT,CN,PV,0.0,False
AT,CN,WIND,0.0672999169284093,False
AT,CO,PV,0.0,False
AT,CR,PV,0.00397959362301542,False
AT,CU,PV,0.0,False
AT,CU,WIND,0.002149831126202541,False
AT,CV,PV,0.0,False
AT,CZ,PV,0.0,False
AT,DE,PV,0.0,False
AT,DE,WIND,0.01664453083502444,False
AT,DK,PV,0.0,False
AT,DK,WIND,0.0,False
AT,DO,PV,0.0,False
AT,DO,WIND,0.006130689863840248,False
AT,DZ,PV,0.0,False
AT,EC,PV,0.0,False
AT,EE,WIND,0.0004045207413991881,False
AT,EG,PV,0.08789949762860659,False
AT,EG,WIND,0.0,False
AT,ES,PV,0.0,False
AT,ES,WIND,0.011021810429441562,False
AT,ET,WIND,0.0,False
AT,FI,WIND,0.0,False
AT,FJ,WIND,0.0003782775394144193,False
AT,FR,PV,0.0,False
AT,FR,WIND,0.01640319956936904,False
AT,GB,PV,0.0,False
AT,GB,WIND,0.0020852147037858978,False
AT,GF,PV,0.0,False
AT,GH,PV,0.006430333289720299,False
AT,GR,PV,0.0,False
AT,GR,WIND,0.0,False
AT,GT,PV,0.0,False
AT,GT,WIND,0.0012255771355819377,False
AT,HN,PV,0.0,False
AT,HN,WIND,0.0,False
AT,HU,PV,0.0,False
AT,ID,PV,0.0,False
AT,ID,WIND,0.0,False
AT,IE,WIND,0.0,False
AT,IL,PV,0.0,False
AT,IL,WIND,0.0,False
AT,IN,PV,0.03567859039123405,False
AT,IN,WIND,0.0,False
AT,IR,PV,0.0,False
AT,IR,WIND,0.0,False
AT,IT,PV,0.0,False
AT,IT,WIND,0.0015313948380823795,False
AT,JM,PV,0.0,False
AT,JM,WIND,0.007672146688554798,False
AT,JO,PV,0.0,False
AT,JP,PV,0.0,False
AT,JP,WIND,0.0028077051322997694,False
AT,KE,PV,0.03833951110586983,False
AT,KE,WIND,0.021160772043235236,False
AT,KH,PV,0.0,False
AT,KR,PV,0.0,False
AT,KR,WIND,0.0026470489519419944,False
AT,KW,PV,0.0,False
AT,KZ,PV,0.0,False
AT,LC,PV,0.0,False
AT,LK,PV,0.0,False
AT,LK,WIND,0.0,False
AT,LY,PV,0.0,False
AT,LY,WIND,0.0,False
AT,MA,PV,0.0,False
AT,MA,WIND,0.0,False
AT,MG,PV,0.0,False
AT,MM,PV,0.0,False
AT,MN,PV,0.0,False
AT,MN,WIND,0.0,False
AT,MR,PV,0.0,False
AT,MR,WIND,0.018073345566767963,False
AT,MU,PV,0.0,False
AT,MX,PV,0.0743924948080901,False
AT,MX,WIND,0.0,False
AT,MY,PV,0.0,False
AT,NE,PV,0.002863441326903569,False
AT,NG,PV,0.0,False
AT,NI,PV,0.0,False
AT,NL,PV,0.0,False
AT,NL,WIND,0.0,False
AT,NO,WIND,0.0,False
AT,NP,PV,0.0,False
AT,NZ,WIND,0.00035520243586052843,False
AT,OM,PV,0.09926624720446517,False
AT,PA,PV,0.0,False
AT,PE,PV,0.0,False
AT,PE,WIND,0.0,False
AT,PH,PV,0.0,False
AT,PH,WIND,0.03154703296318499,False
AT,PK,PV,0.0,False
AT,PK,WIND,0.0,False
AT,PL,PV,0.0,False
AT,PL,WIND,0.0016979455051459038,False
AT,PS,PV,0.0,False
AT,PT,PV,0.0,False
AT,PT,WIND,0.00400986584861172,False
AT,PY,PV,0.01187338551772933,False
AT,PY,WIND,0.0,False
AT,RO,PV,0.0,False
AT,RO,WIND,0.0,False
AT,RU,PV,0.00920674176586511,False
AT,RU,WIND,0.0,False
AT,RW,PV,0.0,False
AT,SA,PV,0.01440249243545305,False
AT,SE,WIND,0.0,False
AT,SK,PV,0.0,False
AT,SN,PV,0.020546601433886966,False
AT,SR,PV,0.0,False
AT,SV,PV,0.0,False
AT,TH,PV,0.0,False
AT,TH,WIND,0.0,False
AT,TN,WIND,0.0,False
AT,TR,PV,0.0,False
AT,TR,WIND,0.0,False
AT,TW,PV,0.0,False
AT,TW,WIND,0.0,False
AT,UA,PV,0.0,False
AT,UG,PV,0.0019443908335220036,False
AT,US,PV,0.0478161357858022,False
AT,US,WIND,0.07029318310308254,False
AT,UY,PV,0.004917714633408114,False
AT,UY,WIND,0.0,False
AT,UZ,PV,0.0,False
AT,VN,PV,0.0,False
AT,VN,WIND,0.0,False
AT,ZA,PV,0.017756229707085406,False
AT,ZA,WIND,0.0019424232993434536,False
AT,ZM,PV,0.0,False
AT,nan,PV,0.0,False
AU,AE,PV,0.0,False
AU,AF,PV,0.0,False
AU,AQ,WIND,0.0,False
AU,AR,PV,0.0,False
AU,AR,WIND,0.0,False
AU,AT,WIND,0.0007371141925711423,False
AU,AU,PV,0.2203084399669949,True
AU,AU,WIND,0.0027844006771280696,True
AU,BD,PV,0.0,False
AU,BE,PV,0.0,False
AU,BE,WIND,0.0,False
AU,BF,PV,0.0,False
AU,BG,PV,0.0,False
AU,BG,WIND,0.0,False
AU,BH,PV,0.0,False
AU,BI,PV,0.0,False
AU,BO,PV,0.0,False
AU,BR,PV,0.0,False
AU,BR,WIND,0.006207049639705873,False
AU,BY,PV,0.0,False
AU,CA,PV,0.0,False
AU,CA,WIND,0.019715250738828165,False
AU,CH,PV,0.0,False
AU,CL,PV,0.0,False
AU,CL,WIND,0.0,False
AU,CN,PV,0.0,False
AU,CN,WIND,0.05738549931552647,False
AU,CO,PV,0.0,False
AU,CR,PV,0.0,False
AU,CU,PV,0.0,False
AU,CU,WIND,0.0,False
AU,CV,PV,0.0,False
AU,CZ,PV,0.0,False
AU,DE,PV,0.0,False
AU,DE,WIND,0.0,False
AU,DK,PV,0.0,False
AU,DK,WIND,0.0,False
AU,DO,PV,0.0,False
AU,DO,WIND,0.0,False
AU,DZ,PV,0.0,False
AU,EC,PV,0.0,False
AU,EE,WIND,0.0,False
AU,EG,PV,0.04907638012716774,False
AU,EG,WIND,0.0,False
AU,ES,PV,0.0,False
AU,ES,WIND,0.0,False
AU,ET,WIND,0.0,False
AU,FI,WIND,0.0,False
AU,FJ,WIND,0.001727170936850114,False
AU,FR,PV,0.0,False
AU,FR,WIND,0.041619078091865686,False
AU,GB,PV,0.0,False
AU,GB,WIND,0.013051358582221607,False
AU,GF,PV,0.0,False
AU,GH,PV,0.0034211520893522103,False
AU,GR,PV,0.0,False
AU,GR,WIND,0.0,False
AU,GT,PV,0.0,False
AU,GT,WIND,0.00014394947015892537,False
AU,HN,PV,0.0,False
AU,HN,WIND,0.0,False
AU,HU,PV,0.0,False
AU,ID,PV,0.0,False
AU,ID,WIND,0.0,False
AU,IE,WIND,0.0,False
AU,IL,PV,0.011251817655987251,False
AU,IL,WIND,0.0,False
AU,IN,PV,0.044072531086521864,False
AU,IN,WIND,0.0,False
AU,IR,PV,0.0,False
AU,IR,WIND,0.0,False
AU,IT,PV,0.0,False
AU,IT,WIND,0.0,False
AU,JM,PV,0.0,False
AU,JM,WIND,0.0,False
AU,JO,PV,0.013096298503570778,False
AU,JP,PV,0.016679384019814926,False
AU,JP,WIND,0.0018074302646900735,False
AU,KE,PV,0.013456563634711172,False
AU,KE,WIND,0.0,False
AU,KH,PV,0.0,False
AU,KR,PV,0.0,False
AU,KR,WIND,0.0,False
AU,KW,PV,0.0,False
AU,KZ,PV,0.0,False
AU,LC,PV,0.0,False
AU,LK,PV,0.0,False
AU,LK,WIND,0.0,False
AU,LY,PV,0.0,False
AU,LY,WIND,0.0,False
AU,MA,PV,0.0,False
AU,MA,WIND,0.0,False
AU,MG,PV,0.011127604539751456,False
AU,MM,PV,0.0,False
AU,MN,PV,0.0,False
AU,MN,WIND,0.0,False
AU,MR,PV,0.0,False
AU,MR,WIND,0.017341729722798023,False
AU,MU,PV,0.02443136525877177,False
AU,MX,PV,0.0,False
AU,MX,WIND,0.0248445915472365,False
AU,MY,PV,0.0,False
AU,NE,PV,0.03686062758163174,False
AU,NG,PV,0.0,False
AU,NI,PV,0.0,False
AU,NL,PV,0.0,False
AU,NL,WIND,0.0,False
AU,NO,WIND,0.0,False
AU,NP,PV,0.0,False
AU,NZ,WIND,0.004328302447147912,False
AU,OM,PV,0.0958528365732001,False
AU,PA,PV,0.0,False
AU,PE,PV,0.0,False
AU,PE,WIND,0.0,False
AU,PH,PV,0.0,False
AU,PH,WIND,0.04549281283828201,False
AU,PK,PV,0.0,False
AU,PK,WIND,0.0,False
AU,PL,PV,0.0,False
AU,PL,WIND,0.005288539805204625,False
AU,PS,PV,0.0,False
AU,PT,PV,0.0,False
AU,PT,WIND,0.01072665537963227,False
AU,PY,PV,0.0,False
AU,PY,WIND,0.0,False
AU,RO,PV,0.0,False
AU,RO,WIND,0.0,False
AU,RU,PV,0.0,False
AU,RU,WIND,0.0,False
AU,RW,PV,0.0,False
AU,SA,PV,0.0,False
AU,SE,WIND,0.0,False
AU,SK,PV,0.0,False
AU,SN,PV,0.0,False
AU,SR,PV,0.0,False
AU,SV,PV,0.0,False
AU,TH,PV,0.0,False
AU,TH,WIND,0.0,False
AU,TN,WIND,0.0,False
AU,TR,PV,0.0,False
AU,TR,WIND,0.0,False
AU,TW,PV,0.0,False
AU,TW,WIND,0.0,False
AU,UA,PV,0.0,False
AU,UG,PV,0.0,False
AU,US,PV,0.11647924895207197,False
AU,US,WIND,0.09043781026562503,False
AU,UY,PV,0.0,False
AU,UY,WIND,0.0,False
AU,UZ,PV,0.0,False
AU,VN,PV,0.0,False
AU,VN,WIND,0.0,False
AU,ZA,PV,0.0002470060949786142,False
AU,ZA,WIND,0.0,False
AU,ZM,PV,0.0,False
AU,nan,PV,0.0,False
BD,AE,PV,0.01673128580023308,False
BD,AF,PV,0.0,False
BD,AQ,WIND,0.0,False
BD,AR,PV,0.0,False
BD,AR,WIND,0.0,False
BD,AT,WIND,0.003388836873336367,False
BD,AU,PV,0.012181897889864332,False
BD,AU,WIND,0.011539358280631268,False
BD,BD,PV,0.0,True
BD,BE,PV,0.0,False
BD,BE,WIND,0.0,False
BD,BF,PV,0.0,False
BD,BG,PV,0.0,False
BD,BG,WIND,0.0,False
BD,BH,PV,0.004727089851036302,False
BD,BI,PV,0.0,False
BD,BO,PV,0.0,False
BD,BR,PV,0.018668375380098322,False
BD,BR,WIND,0.006284841708184324,False
BD,BY,PV,0.0,False
BD,CA,PV,0.0,False
BD,CA,WIND,0.03122179897409627,False
BD,CH,PV,0.0,False
BD,CL,PV,0.0378756359267958,False
BD,CL,WIND,0.0053204347759848005,False
BD,CN,PV,0.0610674898201771,False
BD,CN,WIND,0.06572126159610463,False
BD,CO,PV,0.0,False
BD,CR,PV,0.012207973062533134,False
BD,CU,PV,0.0,False
BD,CU,WIND,0.0043981182501671,False
BD,CV,PV,0.1113504688156238,False
BD,CZ,PV,0.0,False
BD,DE,PV,0.0,False
BD,DE,WIND,0.011074011986138122,False
BD,DK,PV,0.0,False
BD,DK,WIND,0.0,False
BD,DO,PV,0.0,False
BD,DO,WIND,0.00421835287081255,False
BD,DZ,PV,0.0,False
BD,EC,PV,0.0,False
BD,EE,WIND,0.0,False
BD,EG,PV,0.0,False
BD,EG,WIND,0.0,False
BD,ES,PV,0.0,False
BD,ES,WIND,0.03129424615529001,False
BD,ET,WIND,0.0,False
BD,FI,WIND,0.0,False
BD,FJ,WIND,0.011590527672484464,False
BD,FR,PV,0.0,False
BD,FR,WIND,0.0175998836394098,False
BD,GB,PV,0.0,False
BD,GB,WIND,0.006974370369726318,False
BD,GF,PV,0.019525116262378406,False
BD,GH,PV,0.0,False
BD,GR,PV,0.0,False
BD,GR,WIND,0.0,False
BD,GT,PV,0.0,False
BD,GT,WIND,0.0030507139480680213,False
BD,HN,PV,0.0,False
BD,HN,WIND,0.008044624083239537,False
BD,HU,PV,0.0,False
BD,ID,PV,0.009698771057165736,False
BD,ID,WIND,0.0,False
BD,IE,WIND,0.0,False
BD,IL,PV,0.0,False
BD,IL,WIND,0.0,False
BD,IN,PV,0.040536883535530165,False
BD,IN,WIND,0.0,False
BD,IR,PV,0.0,False
BD,IR,WIND,0.0,False
BD,IT,PV,0.0,False
BD,IT,WIND,0.0,False
BD,JM,PV,0.0,False
BD,JM,WIND,0.006359768845556401,False
BD,JO,PV,0.0,False
BD,JP,PV,0.014957750080144185,False
BD,JP,WIND,0.0023913977456516736,False
BD,KE,PV,0.011840481537304973,False
BD,KE,WIND,0.018982486019069107,False
BD,KH,PV,0.0,False
BD,KR,PV,0.0,False
BD,KR,WIND,0.0011114353797493542,False
BD,KW,PV,0.019304645512864538,False
BD,KZ,PV,0.0,False
BD,LC,PV,0.030963492198215203,False
BD,LK,PV,0.0,False
BD,LK,WIND,0.0,False
BD,LY,PV,0.0,False
BD,LY,WIND,0.0,False
BD,MA,PV,0.0,False
BD,MA,WIND,0.006305361946973233,False
BD,MG,PV,0.013555316965855048,False
BD,MM,PV,0.0,False
BD,MN,PV,0.0,False
BD,MN,WIND,0.0,False
BD,MR,PV,0.0,False
BD,MR,WIND,0.004648697639433059,False
BD,MU,PV,0.000639134189819717,False
BD,MX,PV,0.0,False
BD,MX,WIND,0.0,False
BD,MY,PV,0.023486584638260317,False
BD,NE,PV,0.005601216899389945,False
BD,NG,PV,0.0,False
BD,NI,PV,0.0,False
BD,NL,PV,0.0,False
BD,NL,WIND,0.0,False
BD,NO,WIND,0.0,False
BD,NP,PV,0.0029141773113136814,False
BD,NZ,WIND,0.0,False
BD,OM,PV,0.012608003888962703,False
BD,PA,PV,0.0,False
BD,PE,PV,0.0,False
BD,PE,WIND,0.0,False
BD,PH,PV,0.009386263643310862,False
BD,PH,WIND,0.0,False
BD,PK,PV,0.0,False
BD,PK,WIND,0.0,False
BD,PL,PV,0.0,False
BD,PL,WIND,0.0,False
BD,PS,PV,0.0,False
BD,PT,PV,0.0,False
BD,PT,WIND,0.0,False
BD,PY,PV,0.019735200987688148,False
BD,PY,WIND,0.0,False
BD,RO,PV,0.0,False
BD,RO,WIND,0.0,False
BD,RU,PV,0.0,False
BD,RU,WIND,0.0,False
BD,RW,PV,0.0,False
BD,SA,PV,0.0,False
BD,SE,WIND,0.0,False
BD,SK,PV,0.0,False
BD,SN,PV,0.009769443476744582,False
BD,SR,PV,0.005822281692928437,False
BD,SV,PV,0.0,False
BD,TH,PV,0.0,False
BD,TH,WIND,0.009787447622081533,False
BD,TN,WIND,0.0,False
BD,TR,PV,0.0,False
BD,TR,WIND,0.0,False
BD,TW,PV,0.0,False
BD,TW,WIND,0.0010247293245707798,False
BD,UA,PV,0.0,False
BD,UG,PV,0.0,False
BD,US,PV,0.08503884839795658,False
BD,US,WIND,0.06709788418897676,False
BD,UY,PV,0.025065629752333392,False
BD,UY,WIND,0.0,False
BD,UZ,PV,0.0172020602316759,False
BD,VN,PV,0.0,False
BD,VN,WIND,0.0,False
BD,ZA,PV,0.0,False
BD,ZA,WIND,0.008107891298060766,False
BD,ZM,PV,0.0,False
BD,nan,PV,0.0,False
BE,AE,PV,0.004828890711711387,False
BE,AF,PV,0.0,False
BE,AQ,WIND,0.0,False
BE,AR,PV,0.0,False
BE,AR,WIND,0.0,False
BE,AT,WIND,0.0008656576435861048,False
BE,AU,PV,0.0,False
BE,AU,WIND,0.0,False
BE,BD,PV,0.0,False
BE,BE,PV,0.0,True
BE,BE,WIND,0.0,True
BE,BF,PV,0.0,False
BE,BG,PV,0.0,False
BE,BG,WIND,0.0,False
BE,BH,PV,0.0,False
BE,BI,PV,0.0,False
BE,BO,PV,0.0,False
BE,BR,PV,0.0,False
BE,BR,WIND,0.0026431702041358595,False
BE,BY,PV,0.0,False
BE,CA,PV,0.0,False
BE,CA,WIND,0.01827537626855001,False
BE,CH,PV,0.0,False
BE,CL,PV,0.2073884343007856,False
BE,CL,WIND,0.0,False
BE,CN,PV,0.0,False
BE,CN,WIND,0.07087427409308095,False
BE,CO,PV,0.0,False
BE,CR,PV,0.0,False
BE,CU,PV,0.0,False
BE,CU,WIND,0.002689861625812884,False
BE,CV,PV,0.0,False
BE,CZ,PV,0.0,False
BE,DE,PV,0.0,False
BE,DE,WIND,0.020928807210067065,False
BE,DK,PV,0.0,False
BE,DK,WIND,0.0,False
BE,DO,PV,0.0,False
BE,DO,WIND,0.0010562423080428133,False
BE,DZ,PV,0.0,False
BE,EC,PV,0.0,False
BE,EE,WIND,0.003991136032224551,False
BE,EG,PV,0.10456500018972387,False
BE,EG,WIND,0.0,False
BE,ES,PV,0.0,False
BE,ES,WIND,0.0065211897349568455,False
BE,ET,WIND,0.0,False
BE,FI,WIND,0.0,False
BE,FJ,WIND,0.0020658406515253647,False
BE,FR,PV,0.0,False
BE,FR,WIND,0.012688928836197173,False
BE,GB,PV,0.0,False
BE,GB,WIND,0.005562219053853628,False
BE,GF,PV,0.0,False
BE,GH,PV,0.006261600954568321,False
BE,GR,PV,0.0,False
BE,GR,WIND,0.0,False
BE,GT,PV,0.0,False
BE,GT,WIND,0.0,False
BE,HN,PV,0.0,False
BE,HN,WIND,0.0,False
BE,HU,PV,0.0,False
BE,ID,PV,0.0,False
BE,ID,WIND,0.0,False
BE,IE,WIND,0.0,False
BE,IL,PV,0.0,False
BE,IL,WIND,0.0,False
BE,IN,PV,0.007536201905060176,False
BE,IN,WIND,0.006059314540845858,False
BE,IR,PV,0.0,False
BE,IR,WIND,0.0,False
BE,IT,PV,0.0,False
BE,IT,WIND,0.0015558766628247672,False
BE,JM,PV,0.0,False
BE,JM,WIND,0.012285736361540118,False
BE,JO,PV,0.006520642900053952,False
BE,JP,PV,0.0,False
BE,JP,WIND,0.005962071065275726,False
BE,KE,PV,0.05161239200315027,False
BE,KE,WIND,0.016148943411828768,False
BE,KH,PV,0.0,False
BE,KR,PV,0.0,False
BE,KR,WIND,9.322140873121979e-05,False
BE,KW,PV,0.0,False
BE,KZ,PV,0.0,False
BE,LC,PV,0.0,False
BE,LK,PV,0.0,False
BE,LK,WIND,0.0,False
BE,LY,PV,0.0,False
BE,LY,WIND,0.0,False
BE,MA,PV,0.0,False
BE,MA,WIND,0.0,False
BE,MG,PV,0.0,False
BE,MM,PV,0.0,False
BE,MN,PV,0.0,False
BE,MN,WIND,0.0,False
BE,MR,PV,0.0,False
BE,MR,WIND,0.023182896275602476,False
BE,MU,PV,0.0,False
BE,MX,PV,0.08870005630584742,False
BE,MX,WIND,0.0,False
BE,MY,PV,0.0,False
BE,NE,PV,0.033510148653909035,False
BE,NG,PV,0.0,False
BE,NI,PV,0.0,False
BE,NL,PV,0.0,False
BE,NL,WIND,0.0,False
BE,NO,WIND,0.0,False
BE,NP,PV,0.0,False
BE,NZ,WIND,0.0070178188418679776,False
BE,OM,PV,0.06122297921765586,False
BE,PA,PV,0.0,False
BE,PE,PV,0.0,False
BE,PE,WIND,0.0,False
BE,PH,PV,0.0,False
BE,PH,WIND,0.013881533330510794,False
BE,PK,PV,0.0,False
BE,PK,WIND,0.0,False
BE,PL,PV,0.0,False
BE,PL,WIND,0.0024696749930514465,False
BE,PS,PV,0.0,False
BE,PT,PV,0.0,False
BE,PT,WIND,0.0029198253825008756,False
BE,PY,PV,0.00371044884789739,False
BE,PY,WIND,0.0,False
BE,RO,PV,0.0,False
BE,RO,WIND,0.0,False
BE,RU,PV,0.01287167466313944,False
BE,RU,WIND,0.0,False
BE,RW,PV,0.0,False
BE,SA,PV,0.023281159580902044,False
BE,SE,WIND,0.0,False
BE,SK,PV,0.0,False
BE,SN,PV,0.0,False
BE,SR,PV,0.0,False
BE,SV,PV,0.0,False
BE,TH,PV,0.0,False
BE,TH,WIND,0.0,False
BE,TN,WIND,0.0,False
BE,TR,PV,0.0,False
BE,TR,WIND,0.0,False
BE,TW,PV,0.0,False
BE,TW,WIND,0.0,False
BE,UA,PV,0.0,False
BE,UG,PV,0.006967212847515228,False
BE,US,PV,0.06012477622558774,False
BE,US,WIND,0.06692766865371381,False
BE,UY,PV,0.0,False
BE,UY,WIND,0.0,False
BE,UZ,PV,0.0,False
BE,VN,PV,0.0,False
BE,VN,WIND,0.0,False
BE,ZA,PV,0.009987860266153177,False
BE,ZA,WIND,0.004243235836011663,False
BE,ZM,PV,0.0,False
BE,nan,PV,0.0,False
BF,AE,PV,0.0,False
BF,AF,PV,0.0,False
BF,AQ,WIND,0.0,False
BF,AR,PV,0.0,False
BF,AR,WIND,0.0,False
BF,AT,WIND,0.0028031983949136094,False
BF,AU,PV,0.0,False
BF,AU,WIND,0.008629649048580667,False
BF,BD,PV,0.0,False
BF,BE,PV,0.0,False
BF,BE,WIND,0.0,False
BF,BF,PV,0.0,True
BF,BG,PV,0.0,False
BF,BG,WIND,0.0,False
BF,BH,PV,0.0,False
BF,BI,PV,0.010766553799272341,False
BF,BO,PV,0.0,False
BF,BR,PV,0.0,False
BF,BR,WIND,0.1559829895893622,False
BF,BY,PV,0.0050653275734212945,False
BF,CA,PV,0.0,False
BF,CA,WIND,0.0,False
BF,CH,PV,0.0,False
BF,CL,PV,0.10520813083752784,False
BF,CL,WIND,0.0,False
BF,CN,PV,0.0,False
BF,CN,WIND,0.02912470951808216,False
BF,CO,PV,0.0,False
BF,CR,PV,0.0,False
BF,CU,PV,0.0,False
BF,CU,WIND,0.0,False
BF,CV,PV,0.0,False
BF,CZ,PV,0.0,False
BF,DE,PV,0.0,False
BF,DE,WIND,0.0,False
BF,DK,PV,0.0,False
BF,DK,WIND,0.0,False
BF,DO,PV,0.0,False
BF,DO,WIND,0.0,False
BF,DZ,PV,0.0,False
BF,EC,PV,0.0,False
BF,EE,WIND,0.0,False
BF,EG,PV,0.0,False
BF,EG,WIND,0.0,False
BF,ES,PV,0.005138478385769753,False
BF,ES,WIND,0.0,False
BF,ET,WIND,0.0,False
BF,FI,WIND,0.0,False
BF,FJ,WIND,0.000980168830981589,False
BF,FR,PV,0.005101026280771215,False
BF,FR,WIND,3.5873043011354725e-05,False
BF,GB,PV,0.0,False
BF,GB,WIND,0.0,False
BF,GF,PV,0.0,False
BF,GH,PV,0.03295011345531501,False
BF,GR,PV,0.0,False
BF,GR,WIND,0.0,False
BF,GT,PV,0.0,False
BF,GT,WIND,0.0,False
BF,HN,PV,0.014327036924861546,False
BF,HN,WIND,0.0,False
BF,HU,PV,0.0,False
BF,ID,PV,0.0,False
BF,ID,WIND,0.0,False
BF,IE,WIND,0.0,False
BF,IL,PV,0.0,False
BF,IL,WIND,0.0,False
BF,IN,PV,0.0,False
BF,IN,WIND,0.0,False
BF,IR,PV,0.0,False
BF,IR,WIND,0.0,False
BF,IT,PV,0.0,False
BF,IT,WIND,0.0035760836807830227,False
BF,JM,PV,0.0,False
BF,JM,WIND,0.0,False
BF,JO,PV,0.012634601986268566,False
BF,JP,PV,0.0,False
BF,JP,WIND,0.0,False
BF,KE,PV,0.0344644095710726,False
BF,KE,WIND,0.0,False
BF,KH,PV,0.0,False
BF,KR,PV,0.0,False
BF,KR,WIND,0.0,False
BF,KW,PV,0.0,False
BF,KZ,PV,0.0,False
BF,LC,PV,0.0,False
BF,LK,PV,0.0,False
BF,LK,WIND,0.0,False
BF,LY,PV,0.03205332933061625,False
BF,LY,WIND,0.0,False
BF,MA,PV,0.0,False
BF,MA,WIND,0.0,False
BF,MG,PV,0.028795333002433525,False
BF,MM,PV,0.0,False
BF,MN,PV,0.0,False
BF,MN,WIND,0.0,False
BF,MR,PV,0.0,False
BF,MR,WIND,0.0,False
BF,MU,PV,0.0,False
BF,MX,PV,0.1736422520636959,False
BF,MX,WIND,0.014402166840482884,False
BF,MY,PV,0.0,False
BF,NE,PV,0.04659162426284263,False
BF,NG,PV,0.0,False
BF,NI,PV,0.0009525783840276901,False
BF,NL,PV,0.0,False
BF,NL,WIND,0.0,False
BF,NO,WIND,0.0,False
BF,NP,PV,0.0,False
BF,NZ,WIND,0.014175706245279569,False
BF,OM,PV,0.0,False
BF,PA,PV,0.0,False
BF,PE,PV,0.005306033805783501,False
BF,PE,WIND,0.0,False
BF,PH,PV,0.0,False
BF,PH,WIND,0.017685752560548804,False
BF,PK,PV,0.0,False
BF,PK,WIND,0.0,False
BF,PL,PV,0.0,False
BF,PL,WIND,0.0,False
BF,PS,PV,0.020531584175485458,False
BF,PT,PV,0.0,False
BF,PT,WIND,0.0,False
BF,PY,PV,0.0,False
BF,PY,WIND,0.0,False
BF,RO,PV,0.0,False
BF,RO,WIND,0.0019244168829837714,False
BF,RU,PV,0.0,False
BF,RU,WIND,0.0,False
BF,RW,PV,0.0,False
BF,SA,PV,0.0,False
BF,SE,WIND,0.0,False
BF,SK,PV,0.0,False
BF,SN,PV,0.0,False
BF,SR,PV,0.0,False
BF,SV,PV,0.0,False
BF,TH,PV,0.0,False
BF,TH,WIND,0.0,False
BF,TN,WIND,0.0,False
BF,TR,PV,0.0,False
BF,TR,WIND,0.0,False
BF,TW,PV,0.0,False
BF,TW,WIND,0.0,False
BF,UA,PV,0.0,False
BF,UG,PV,0.0,False
BF,US,PV,0.11800866730178086,False
BF,US,WIND,0.011471575684632153,False
BF,UY,PV,0.0,False
BF,UY,WIND,0.0,False
BF,UZ,PV,0.0,False
BF,VN,PV,0.0,False
BF,VN,WIND,0.0,False
BF,ZA,PV,0.02296782096545889,False
BF,ZA,WIND,0.0,False
BF,ZM,PV,0.04873048975499736,False
BF,nan,PV,0.015972317818956607,False
BG,AE,PV,0.013240732421611046,False
BG,AF,PV,0.0,False
BG,AQ,WIND,0.0,False
BG,AR,PV,0.0,False
BG,AR,WIND,0.0,False
BG,AT,WIND,0.0035660929257377927,False
BG,AU,PV,0.0,False
BG,AU,WIND,0.0,False
BG,BD,PV,0.0,False
BG,BE,PV,0.0,False
BG,BE,WIND,0.0,False
BG,BF,PV,0.0,False
BG,BG,PV,0.0,True
BG,BG,WIND,0.0,True
BG,BH,PV,0.0,False
BG,BI,PV,0.0,False
BG,BO,PV,0.0,False
BG,BR,PV,0.0,False
BG,BR,WIND,0.0036643957745813023,False
BG,BY,PV,0.0,False
BG,CA,PV,0.0,False
BG,CA,WIND,0.015469033454117482,False
BG,CH,PV,0.0,False
BG,CL,PV,0.19366846566530183,False
BG,CL,WIND,0.0,False
BG,CN,PV,0.0,False
BG,CN,WIND,0.06918306765758758,False
BG,CO,PV,0.0,False
BG,CR,PV,0.005027687969055773,False
BG,CU,PV,0.0,False
BG,CU,WIND,0.010969439364636733,False
BG,CV,PV,0.02367905715332107,False
BG,CZ,PV,0.0,False
BG,DE,PV,0.0,False
BG,DE,WIND,0.010410703837738757,False
BG,DK,PV,0.0,False
BG,DK,WIND,0.0,False
BG,DO,PV,0.0,False
BG,DO,WIND,0.007135825459635147,False
BG,DZ,PV,0.0,False
BG,EC,PV,0.0,False
BG,EE,WIND,0.0043665392114577576,False
BG,EG,PV,0.05826500156789859,False
BG,EG,WIND,0.0,False
BG,ES,PV,0.0,False
BG,ES,WIND,0.003493887383281849,False
BG,ET,WIND,0.0,False
BG,FI,WIND,0.0,False
BG,FJ,WIND,0.0003954706974137099,False
BG,FR,PV,0.0,False
BG,FR,WIND,0.008349557650301334,False
BG,GB,PV,0.0,False
BG,GB,WIND,0.0040250365039555995,False
BG,GF,PV,0.0,False
BG,GH,PV,0.010454006040141675,False
BG,GR,PV,0.0,False
BG,GR,WIND,0.0,False
BG,GT,PV,0.0,False
BG,GT,WIND,0.0,False
BG,HN,PV,0.0,False
BG,HN,WIND,0.0,False
BG,HU,PV,0.0,False
BG,ID,PV,0.0,False
BG,ID,WIND,0.0,False
BG,IE,WIND,0.0,False
BG,IL,PV,0.0,False
BG,IL,WIND,0.0,False
BG,IN,PV,0.04765565337146583,False
BG,IN,WIND,0.002956582003114744,False
BG,IR,PV,0.0,False
BG,IR,WIND,0.0,False
BG,IT,PV,0.0,False
BG,IT,WIND,0.0025206509823348915,False
BG,JM,PV,0.0,False
BG,JM,WIND,0.00822919133606248,False
BG,JO,PV,0.0,False
BG,JP,PV,0.0,False
BG,JP,WIND,0.0009204492213149138,False
BG,KE,PV,0.03619613437090152,False
BG,KE,WIND,0.01531332013735333,False
BG,KH,PV,0.0,False
BG,KR,PV,0.0,False
BG,KR,WIND,0.001191049683585098,False
BG,KW,PV,0.0060683411435162316,False
BG,KZ,PV,0.0,False
BG,LC,PV,0.0,False
BG,LK,PV,0.0,False
BG,LK,WIND,0.0,False
BG,LY,PV,0.0,False
BG,LY,WIND,0.0,False
BG,MA,PV,0.0,False
BG,MA,WIND,0.0,False
BG,MG,PV,0.0,False
BG,MM,PV,0.0,False
BG,MN,PV,0.0,False
BG,MN,WIND,0.0,False
BG,MR,PV,0.0,False
BG,MR,WIND,0.0038373997055514497,False
BG,MU,PV,0.0,False
BG,MX,PV,0.0653500165703283,False
BG,MX,WIND,0.0,False
BG,MY,PV,0.0,False
BG,NE,PV,0.025508003560763753,False
BG,NG,PV,0.0,False
BG,NI,PV,0.0,False
BG,NL,PV,0.0,False
BG,NL,WIND,0.0,False
BG,NO,WIND,0.0,False
BG,NP,PV,0.022304447443332476,False
BG,NZ,WIND,0.003650933667738297,False
BG,OM,PV,0.07855816107727641,False
BG,PA,PV,0.0,False
BG,PE,PV,0.0,False
BG,PE,WIND,0.0,False
BG,PH,PV,0.0,False
BG,PH,WIND,0.025480367584870038,False
BG,PK,PV,0.0,False
BG,PK,WIND,0.0,False
BG,PL,PV,0.0,False
BG,PL,WIND,0.005970645139566496,False
BG,PS,PV,0.0,False
BG,PT,PV,0.0,False
BG,PT,WIND,0.005246169107946274,False
BG,PY,PV,0.01294219428947858,False
BG,PY,WIND,0.0,False
BG,RO,PV,0.0,False
BG,RO,WIND,0.006499012864202817,False
BG,RU,PV,0.011142272184516407,False
BG,RU,WIND,0.0,False
BG,RW,PV,0.0,False
BG,SA,PV,0.007178533085974886,False
BG,SE,WIND,0.0,False
BG,SK,PV,0.0,False
BG,SN,PV,0.022877626502205244,False
BG,SR,PV,0.0,False
BG,SV,PV,0.0,False
BG,TH,PV,0.0,False
BG,TH,WIND,0.0,False
BG,TN,WIND,0.0016035217213825122,False
BG,TR,PV,0.0,False
BG,TR,WIND,0.0,False
BG,TW,PV,0.0,False
BG,TW,WIND,0.0009729517427121723,False
BG,UA,PV,0.0,False
BG,UG,PV,0.0013064736211640217,False
BG,US,PV,0.04006506551263614,False
BG,US,WIND,0.07479996866747066,False
BG,UY,PV,0.0005952846780474752,False
BG,UY,WIND,0.0,False
BG,UZ,PV,0.0,False
BG,VN,PV,0.0,False
BG,VN,WIND,0.0,False
BG,ZA,PV,0.011204312461857751,False
BG,ZA,WIND,0.006491265823552833,False
BG,ZM,PV,0.0,False
BG,nan,PV,0.0,False
BH,AE,PV,0.0,False
BH,AF,PV,0.0,False
BH,AQ,WIND,0.0,False
BH,AR,PV,0.0,False
BH,AR,WIND,0.0,False
BH,AT,WIND,0.01521383085308441,False
BH,AU,PV,0.0,False
BH,AU,WIND,0.005120250899783338,False
BH,BD,PV,0.0,False
BH,BE,PV,0.0,False
BH,BE,WIND,0.0,False
BH,BF,PV,0.0,False
BH,BG,PV,0.0,False
BH,BG,WIND,0.0,False
BH,BH,PV,0.0,True
BH,BI,PV,0.0,False
BH,BO,PV,0.0,False
BH,BR,PV,0.010114604874210478,False
BH,BR,WIND,0.001149518079842861,False
BH,BY,PV,0.0,False
BH,CA,PV,0.0,False
BH,CA,WIND,0.026200808788859505,False
BH,CH,PV,0.0,False
BH,CL,PV,0.026095897525382942,False
BH,CL,WIND,0.00263025076929248,False
BH,CN,PV,0.012909947851519938,False
BH,CN,WIND,0.10101292464668632,False
BH,CO,PV,0.0,False
BH,CR,PV,0.027638453443833776,False
BH,CU,PV,0.0,False
BH,CU,WIND,0.01568298493922306,False
BH,CV,PV,0.02740593242145508,False
BH,CZ,PV,0.0,False
BH,DE,PV,0.0,False
BH,DE,WIND,0.0,False
BH,DK,PV,0.005706130480046108,False
BH,DK,WIND,0.0,False
BH,DO,PV,0.0,False
BH,DO,WIND,0.0,False
BH,DZ,PV,0.0,False
BH,EC,PV,0.0,False
BH,EE,WIND,0.0,False
BH,EG,PV,0.0,False
BH,EG,WIND,0.0,False
BH,ES,PV,0.0,False
BH,ES,WIND,0.01770280523585936,False
BH,ET,WIND,0.0,False
BH,FI,WIND,0.009675834666809716,False
BH,FJ,WIND,0.002446349590836101,False
BH,FR,PV,0.005242866245483054,False
BH,FR,WIND,0.023250942043349994,False
BH,GB,PV,0.020129786651574184,False
BH,GB,WIND,0.003285802043285402,False
BH,GF,PV,0.0,False
BH,GH,PV,0.025553075317812604,False
BH,GR,PV,0.0,False
BH,GR,WIND,0.0,False
BH,GT,PV,0.0,False
BH,GT,WIND,0.0,False
BH,HN,PV,0.0,False
BH,HN,WIND,0.0,False
BH,HU,PV,0.0,False
BH,ID,PV,0.0,False
BH,ID,WIND,0.0,False
BH,IE,WIND,0.0,False
BH,IL,PV,0.0,False
BH,IL,WIND,0.0,False
BH,IN,PV,0.028556541757888788,False
BH,IN,WIND,0.0037802183705225576,False
BH,IR,PV,0.0,False
BH,IR,WIND,0.0,False
BH,IT,PV,0.000722256666465263,False
BH,IT,WIND,0.0016839288039484767,False
BH,JM,PV,0.0,False
BH,JM,WIND,0.0,False
BH,JO,PV,0.02868842256312453,False
BH,JP,PV,0.0,False
BH,JP,WIND,0.00425096476973174,False
BH,KE,PV,0.002059218092342835,False
BH,KE,WIND,0.038579015833374336,False
BH,KH,PV,0.0,False
BH,KR,PV,0.0,False
BH,KR,WIND,0.0,False
BH,KW,PV,0.0,False
BH,KZ,PV,0.0,False
BH,LC,PV,0.0,False
BH,LK,PV,0.0,False
BH,LK,WIND,0.0,False
BH,LY,PV,0.0,False
BH,LY,WIND,0.0,False
BH,MA,PV,0.022115256416432614,False
BH,MA,WIND,0.0017894731975406253,False
BH,MG,PV,0.018889073962122933,False
BH,MM,PV,0.0,False
BH,MN,PV,0.0,False
BH,MN,WIND,0.0013078087104540126,False
BH,MR,PV,0.0,False
BH,MR,WIND,0.0,False
BH,MU,PV,0.0,False
BH,MX,PV,0.06765511616557707,False
BH,MX,WIND,0.005344369246552628,False
BH,MY,PV,0.0,False
BH,NE,PV,0.027518550104213998,False
BH,NG,PV,0.0,False
BH,NI,PV,0.0,False
BH,NL,PV,0.0,False
BH,NL,WIND,0.0,False
BH,NO,WIND,0.0,False
BH,NP,PV,0.0,False
BH,NZ,WIND,0.0011386661150591156,False
BH,OM,PV,0.0556525588161664,False
BH,PA,PV,0.0,False
BH,PE,PV,0.0,False
BH,PE,WIND,0.02205210405574157,False
BH,PH,PV,7.813392927487982e-05,False
BH,PH,WIND,0.0,False
BH,PK,PV,0.0,False
BH,PK,WIND,0.0,False
BH,PL,PV,0.0,False
BH,PL,WIND,0.00824509566756189,False
BH,PS,PV,0.0,False
BH,PT,PV,0.0,False
BH,PT,WIND,0.0,False
BH,PY,PV,0.0,False
BH,PY,WIND,0.0,False
BH,RO,PV,0.0,False
BH,RO,WIND,0.0,False
BH,RU,PV,0.010377983992926006,False
BH,RU,WIND,0.0,False
BH,RW,PV,0.0,False
BH,SA,PV,0.009786511800408923,False
BH,SE,WIND,0.0,False
BH,SK,PV,0.0,False
BH,SN,PV,0.0,False
BH,SR,PV,0.0,False
BH,SV,PV,0.0,False
BH,TH,PV,0.0,False
BH,TH,WIND,0.003662604940110014,False
BH,TN,WIND,0.0,False
BH,TR,PV,0.0,False
BH,TR,WIND,0.0,False
BH,TW,PV,0.0,False
BH,TW,WIND,0.0009136115783871008,False
BH,UA,PV,0.0,False
BH,UG,PV,0.00258526056985805,False
BH,US,PV,0.13514410608475413,False
BH,US,WIND,0.09655024531904045,False
BH,UY,PV,0.00700179597688318,False
BH,UY,WIND,0.0,False
BH,UZ,PV,0.0,False
BH,VN,PV,0.0,False
BH,VN,WIND,0.0,False
BH,ZA,PV,0.0,False
BH,ZA,WIND,0.009702109125304807,False
BH,ZM,PV,0.0,False
BH,nan,PV,0.0,False
BI,AE,PV,0.010715751390955052,False
BI,AF,PV,0.024516725531150054,False
BI,AQ,WIND,0.0,False
BI,AR,PV,0.0,False
BI,AR,WIND,0.0055960749101115126,False
BI,AT,WIND,0.0026271628805459397,False
BI,AU,PV,0.0,False
BI,AU,WIND,0.0,False
BI,BD,PV,0.002269753999796928,False
BI,BE,PV,0.0,False
BI,BE,WIND,0.0,False
BI,BF,PV,0.0,False
BI,BG,PV,0.0,False
BI,BG,WIND,0.0,False
BI,BH,PV,0.0428026655062459,False
BI,BI,PV,0.0,True
BI,BO,PV,0.0,False
BI,BR,PV,0.01595993353793552,False
BI,BR,WIND,0.1361650811887106,False
BI,BY,PV,0.0,False
BI,CA,PV,0.00897643349427659,False
BI,CA,WIND,0.006702803627997194,False
BI,CH,PV,0.0,False
BI,CL,PV,0.0,False
BI,CL,WIND,0.003433775393884765,False
BI,CN,PV,0.04574455735177804,False
BI,CN,WIND,0.026090805216137488,False
BI,CO,PV,0.0,False
BI,CR,PV,0.0,False
BI,CU,PV,0.0,False
BI,CU,WIND,0.0,False
BI,CV,PV,0.040380313856515235,False
BI,CZ,PV,0.0,False
BI,DE,PV,0.0,False
BI,DE,WIND,0.015243865892164742,False
BI,DK,PV,0.0176304431924007,False
BI,DK,WIND,0.0,False
BI,DO,PV,0.0,False
BI,DO,WIND,0.007462177842097308,False
BI,DZ,PV,0.0,False
BI,EC,PV,0.0,False
BI,EE,WIND,0.0009770167515331548,False
BI,EG,PV,0.0,False
BI,EG,WIND,0.010944875388199162,False
BI,ES,PV,0.0,False
BI,ES,WIND,0.0,False
BI,ET,WIND,0.0,False
BI,FI,WIND,0.015900273317687456,False
BI,FJ,WIND,0.0086730495987793,False
BI,FR,PV,0.024303068056737973,False
BI,FR,WIND,0.0,False
BI,GB,PV,0.0,False
BI,GB,WIND,0.0,False
BI,GF,PV,0.0,False
BI,GH,PV,0.013403725508027261,False
BI,GR,PV,0.0,False
BI,GR,WIND,0.0,False
BI,GT,PV,0.0,False
BI,GT,WIND,0.0,False
BI,HN,PV,0.0,False
BI,HN,WIND,0.0,False
BI,HU,PV,0.0,False
BI,ID,PV,0.0,False
BI,ID,WIND,0.0,False
BI,IE,WIND,0.0,False
BI,IL,PV,0.0,False
BI,IL,WIND,0.0,False
BI,IN,PV,0.03874069062524571,False
BI,IN,WIND,0.025313988739132726,False
BI,IR,PV,0.0,False
BI,IR,WIND,0.0,False
BI,IT,PV,0.0,False
BI,IT,WIND,0.0,False
BI,JM,PV,0.0,False
BI,JM,WIND,0.008788925203051417,False
BI,JO,PV,0.0,False
BI,JP,PV,0.0,False
BI,JP,WIND,0.0,False
BI,KE,PV,0.0,False
BI,KE,WIND,0.0,False
BI,KH,PV,0.0,False
BI,KR,PV,0.0,False
BI,KR,WIND,0.0,False
BI,KW,PV,0.0,False
BI,KZ,PV,0.0,False
BI,LC,PV,0.0,False
BI,LK,PV,0.004752785541055463,False
BI,LK,WIND,0.0,False
BI,LY,PV,0.0,False
BI,LY,WIND,0.0,False
BI,MA,PV,0.0,False
BI,MA,WIND,0.0,False
BI,MG,PV,0.01022615580328159,False
BI,MM,PV,0.0,False
BI,MN,PV,0.0,False
BI,MN,WIND,0.0,False
BI,MR,PV,0.0,False
BI,MR,WIND,0.0,False
BI,MU,PV,0.027176765134518478,False
BI,MX,PV,0.003353817598824283,False
BI,MX,WIND,0.0,False
BI,MY,PV,0.0,False
BI,NE,PV,0.01045488112475975,False
BI,NG,PV,0.0,False
BI,NI,PV,0.0,False
BI,NL,PV,0.0,False
BI,NL,WIND,0.008852403115374488,False
BI,NO,WIND,0.0013044947559300458,False
BI,NP,PV,0.020199199777917207,False
BI,NZ,WIND,0.008482250825202637,False
BI,OM,PV,0.0,False
BI,PA,PV,0.0,False
BI,PE,PV,0.10170362373326292,False
BI,PE,WIND,0.015343058484038786,False
BI,PH,PV,0.0,False
BI,PH,WIND,0.0,False
BI,PK,PV,0.0,False
BI,PK,WIND,0.0,False
BI,PL,PV,0.0,False
BI,PL,WIND,0.004274631678757614,False
BI,PS,PV,0.0,False
BI,PT,PV,0.0,False
BI,PT,WIND,0.0,False
BI,PY,PV,0.0,False
BI,PY,WIND,0.0024745801246482814,False
BI,RO,PV,0.0,False
BI,RO,WIND,0.009532779908670214,False
BI,RU,PV,0.0,False
BI,RU,WIND,0.0,False
BI,RW,PV,0.0,False
BI,SA,PV,0.0,False
BI,SE,WIND,0.0,False
BI,SK,PV,0.0,False
BI,SN,PV,0.0,False
BI,SR,PV,0.0049804938029947505,False
BI,SV,PV,0.0,False
BI,TH,PV,0.0,False
BI,TH,WIND,0.0,False
BI,TN,WIND,0.0,False
BI,TR,PV,0.02088589157766496,False
BI,TR,WIND,0.0,False
BI,TW,PV,0.0,False
BI,TW,WIND,0.004278146019149168,False
BI,UA,PV,0.0,False
BI,UG,PV,0.0,False
BI,US,PV,0.0952251605450006,False
BI,US,WIND,0.03475725124009138,False
BI,UY,PV,0.0026823430075448517,False
BI,UY,WIND,0.0,False
BI,UZ,PV,0.007194160418843537,False
BI,VN,PV,0.0,False
BI,VN,WIND,0.0,False
BI,ZA,PV,0.03701317605653562,False
BI,ZA,WIND,0.005488011724834495,False
BI,ZM,PV,0.0,False
BI,nan,PV,0.0,False
BO,AE,PV,0.0,False
BO,AF,PV,0.0,False
BO,AQ,WIND,0.0,False
BO,AR,PV,0.0,False
BO,AR,WIND,0.0,False
BO,AT,WIND,0.0,False
BO,AU,PV,0.14282331228686243,False
BO,AU,WIND,0.0,False
BO,BD,PV,0.0,False
BO,BE,PV,0.0,False
BO,BE,WIND,0.0,False
BO,BF,PV,0.0,False
BO,BG,PV,0.0,False
BO,BG,WIND,0.0,False
BO,BH,PV,0.0,False
BO,BI,PV,0.0,False
BO,BO,PV,0.047940812325394246,True
BO,BR,PV,0.057308087703163514,False
BO,BR,WIND,0.0233368491726934,False
BO,BY,PV,0.0,False
BO,CA,PV,0.0,False
BO,CA,WIND,0.0020028722407240524,False
BO,CH,PV,0.0,False
BO,CL,PV,0.043428445728852225,False
BO,CL,WIND,0.0,False
BO,CN,PV,0.0,False
BO,CN,WIND,0.058384966416480936,False
BO,CO,PV,0.0,False
BO,CR,PV,0.0,False
BO,CU,PV,0.0,False
BO,CU,WIND,0.0,False
BO,CV,PV,0.02033081787432135,False
BO,CZ,PV,0.0,False
BO,DE,PV,0.0,False
BO,DE,WIND,0.0,False
BO,DK,PV,0.0,False
BO,DK,WIND,0.0,False
BO,DO,PV,0.0,False
BO,DO,WIND,0.005732288461849062,False
BO,DZ,PV,0.0,False
BO,EC,PV,0.0,False
BO,EE,WIND,0.0,False
BO,EG,PV,0.0,False
BO,EG,WIND,0.0,False
BO,ES,PV,0.0,False
BO,ES,WIND,0.007915488472972593,False
BO,ET,WIND,0.04524026595005733,False
BO,FI,WIND,0.0,False
BO,FJ,WIND,0.0,False
BO,FR,PV,0.005345209119960838,False
BO,FR,WIND,0.0,False
BO,GB,PV,0.00595400380035817,False
BO,GB,WIND,0.0,False
BO,GF,PV,0.016563140426680827,False
BO,GH,PV,0.0,False
BO,GR,PV,0.0,False
BO,GR,WIND,0.003928735665169321,False
BO,GT,PV,0.0,False
BO,GT,WIND,0.0,False
BO,HN,PV,0.0,False
BO,HN,WIND,0.025757934800411813,False
BO,HU,PV,0.0,False
BO,ID,PV,0.0,False
BO,ID,WIND,0.002728285180771413,False
BO,IE,WIND,0.0,False
BO,IL,PV,0.0,False
BO,IL,WIND,0.012351525709543655,False
BO,IN,PV,0.0,False
BO,IN,WIND,0.011862016659532437,False
BO,IR,PV,0.0,False
BO,IR,WIND,0.0,False
BO,IT,PV,0.0,False
BO,IT,WIND,0.0,False
BO,JM,PV,0.0,False
BO,JM,WIND,0.0059399510912145695,False
BO,JO,PV,0.0,False
BO,JP,PV,0.0225540718289257,False
BO,JP,WIND,0.0,False
BO,KE,PV,0.0,False
BO,KE,WIND,0.0,False
BO,KH,PV,0.0,False
BO,KR,PV,0.0,False
BO,KR,WIND,0.0,False
BO,KW,PV,0.0,False
BO,KZ,PV,0.0,False
BO,LC,PV,0.0,False
BO,LK,PV,0.0,False
BO,LK,WIND,0.0,False
BO,LY,PV,0.0,False
BO,LY,WIND,0.0,False
BO,MA,PV,0.01358237602721238,False
BO,MA,WIND,0.0,False
BO,MG,PV,0.0,False
BO,MM,PV,0.0,False
BO,MN,PV,0.0,False
BO,MN,WIND,0.0,False
BO,MR,PV,0.0,False
BO,MR,WIND,0.022587745624950157,False
BO,MU,PV,0.0,False
BO,MX,PV,0.007707530426257302,False
BO,MX,WIND,0.0035903947282418048,False
BO,MY,PV,0.0,False
BO,NE,PV,0.0,False
BO,NG,PV,0.01864052663120623,False
BO,NI,PV,0.0,False
BO,NL,PV,0.0,False
BO,NL,WIND,0.0,False
BO,NO,WIND,0.0,False
BO,NP,PV,0.0,False
BO,NZ,WIND,0.004523168415724951,False
BO,OM,PV,0.0,False
BO,PA,PV,0.0,False
BO,PE,PV,0.0,False
BO,PE,WIND,0.005347206776175804,False
BO,PH,PV,0.0,False
BO,PH,WIND,0.011769815171709259,False
BO,PK,PV,0.0,False
BO,PK,WIND,0.0,False
BO,PL,PV,0.0,False
BO,PL,WIND,0.0,False
BO,PS,PV,0.0,False
BO,PT,PV,1.2905057437212854e-05,False
BO,PT,WIND,0.0,False
BO,PY,PV,0.02436543310441806,False
BO,PY,WIND,0.0,False
BO,RO,PV,0.0,False
BO,RO,WIND,0.0,False
BO,RU,PV,0.0,False
BO,RU,WIND,0.005201138622672249,False
BO,RW,PV,0.0,False
BO,SA,PV,0.0,False
BO,SE,WIND,0.0,False
BO,SK,PV,0.0,False
BO,SN,PV,0.009476255526383892,False
BO,SR,PV,0.0,False
BO,SV,PV,0.0,False
BO,TH,PV,0.0,False
BO,TH,WIND,0.017065422620708176,False
BO,TN,WIND,0.0,False
BO,TR,PV,0.0,False
BO,TR,WIND,0.0,False
BO,TW,PV,0.0,False
BO,TW,WIND,0.001564864107331066,False
BO,UA,PV,0.0,False
BO,UG,PV,0.0,False
BO,US,PV,0.23084614010391433,False
BO,US,WIND,0.02323466659728443,False
BO,UY,PV,0.015797998776388295,False
BO,UY,WIND,0.003119222423235635,False
BO,UZ,PV,0.0,False
BO,VN,PV,0.0,False
BO,VN,WIND,0.0,False
BO,ZA,PV,0.0,False
BO,ZA,WIND,0.014138108342808606,False
BO,ZM,PV,0.0,False
BO,nan,PV,0.0,False
BR,AE,PV,0.0,False
BR,AF,PV,0.0,False
BR,AQ,WIND,0.0,False
BR,AR,PV,0.0,False
BR,AR,WIND,0.0,False
BR,AT,WIND,0.0,False
BR,AU,PV,0.10267931449813368,False
BR,AU,WIND,0.0,False
BR,BD,PV,0.0,False
BR,BE,PV,0.0,False
BR,BE,WIND,0.0,False
BR,BF,PV,0.013220009845735287,False
BR,BG,PV,0.0,False
BR,BG,WIND,0.0,False
BR,BH,PV,0.0,False
BR,BI,PV,0.0,False
BR,BO,PV,0.0,False
BR,BR,PV,0.002361422226647832,True
BR,BR,WIND,0.00799703738138957,True
BR,BY,PV,0.0,False
BR,CA,PV,0.0,False
BR,CA,WIND,0.01735040394419836,False
BR,CH,PV,0.0,False
BR,CL,PV,0.07117946693833452,False
BR,CL,WIND,0.0,False
BR,CN,PV,0.0,False
BR,CN,WIND,0.04917930746012121,False
BR,CO,PV,0.0,False
BR,CR,PV,0.0,False
BR,CU,PV,0.0,False
BR,CU,WIND,0.0,False
BR,CV,PV,0.06730203782180882,False
BR,CZ,PV,0.0,False
BR,DE,PV,0.0,False
BR,DE,WIND,0.0012271029335826401,False
BR,DK,PV,0.002489784119750217,False
BR,DK,WIND,0.0,False
BR,DO,PV,0.0,False
BR,DO,WIND,0.011047842104165408,False
BR,DZ,PV,0.0,False
BR,EC,PV,0.0,False
BR,EE,WIND,0.008167420020523503,False
BR,EG,PV,0.0,False
BR,EG,WIND,0.0,False
BR,ES,PV,0.0,False
BR,ES,WIND,0.01050375344409334,False
BR,ET,WIND,0.001617705690173487,False
BR,FI,WIND,0.0,False
BR,FJ,WIND,0.0,False
BR,FR,PV,0.016637985542282227,False
BR,FR,WIND,0.005538281147881092,False
BR,GB,PV,0.0009051013418946434,False
BR,GB,WIND,0.009016814654880047,False
BR,GF,PV,0.0,False
BR,GH,PV,0.03159478565973646,False
BR,GR,PV,0.0,False
BR,GR,WIND,0.0,False
BR,GT,PV,0.0,False
BR,GT,WIND,0.0,False
BR,HN,PV,0.0,False
BR,HN,WIND,0.0036984413841648573,False
BR,HU,PV,0.0,False
BR,ID,PV,0.0,False
BR,ID,WIND,0.0,False
BR,IE,WIND,0.0,False
BR,IL,PV,0.0,False
BR,IL,WIND,0.0,False
BR,IN,PV,0.0,False
BR,IN,WIND,0.0,False
BR,IR,PV,0.0,False
BR,IR,WIND,0.0,False
BR,IT,PV,0.0,False
BR,IT,WIND,0.0,False
BR,JM,PV,0.0,False
BR,JM,WIND,0.0017756323463194528,False
BR,JO,PV,0.0,False
BR,JP,PV,0.0,False
BR,JP,WIND,0.0,False
BR,KE,PV,0.0,False
BR,KE,WIND,0.0006930347200866958,False
BR,KH,PV,0.0,False
BR,KR,PV,0.0,False
BR,KR,WIND,0.0,False
BR,KW,PV,0.0,False
BR,KZ,PV,0.0,False
BR,LC,PV,0.0,False
BR,LK,PV,0.0,False
BR,LK,WIND,0.0,False
BR,LY,PV,0.0,False
BR,LY,WIND,0.0,False
BR,MA,PV,0.0037765686415946464,False
BR,MA,WIND,0.002376226759744155,False
BR,MG,PV,0.0,False
BR,MM,PV,0.0,False
BR,MN,PV,0.0,False
BR,MN,WIND,0.0,False
BR,MR,PV,0.0,False
BR,MR,WIND,0.009866564858604597,False
BR,MU,PV,0.0,False
BR,MX,PV,0.07363759991334332,False
BR,MX,WIND,0.000576183936349938,False
BR,MY,PV,0.0,False
BR,NE,PV,0.019299550378213983,False
BR,NG,PV,0.002858000632873243,False
BR,NI,PV,0.0,False
BR,NL,PV,0.0,False
BR,NL,WIND,0.002116658740894474,False
BR,NO,WIND,0.0,False
BR,NP,PV,0.0,False
BR,NZ,WIND,0.003958708071757506,False
BR,OM,PV,0.0,False
BR,PA,PV,0.0,False
BR,PE,PV,0.0,False
BR,PE,WIND,0.013280721472163647,False
BR,PH,PV,0.0,False
BR,PH,WIND,0.032175810878087054,False
BR,PK,PV,0.0,False
BR,PK,WIND,0.0,False
BR,PL,PV,0.0,False
BR,PL,WIND,0.0,False
BR,PS,PV,0.0,False
BR,PT,PV,0.0,False
BR,PT,WIND,0.0003479512513658332,False
BR,PY,PV,0.016476147898307533,False
BR,PY,WIND,0.0,False
BR,RO,PV,0.0,False
BR,RO,WIND,0.0,False
BR,RU,PV,0.0,False
BR,RU,WIND,0.0,False
BR,RW,PV,0.0,False
BR,SA,PV,0.0,False
BR,SE,WIND,0.0,False
BR,SK,PV,0.0,False
BR,SN,PV,0.06077889206598755,False
BR,SR,PV,0.0,False
BR,SV,PV,0.0,False
BR,TH,PV,0.0,False
BR,TH,WIND,0.004114860201111398,False
BR,TN,WIND,0.0,False
BR,TR,PV,0.0,False
BR,TR,WIND,0.0,False
BR,TW,PV,0.0,False
BR,TW,WIND,0.0,False
BR,UA,PV,0.0,False
BR,UG,PV,0.0,False
BR,US,PV,0.22215305540331562,False
BR,US,WIND,0.06264930623137627,False
BR,UY,PV,0.020071688351577254,False
BR,UY,WIND,0.0,False
BR,UZ,PV,0.0,False
BR,VN,PV,0.0,False
BR,VN,WIND,0.0,False
BR,ZA,PV,0.0,False
BR,ZA,WIND,0.013302819087427331,False
BR,ZM,PV,0.0,False
BR,nan,PV,0.0,False
BY,AE,PV,0.001914216815589731,False
BY,AF,PV,0.020663963531298974,False
BY,AQ,WIND,0.0,False
BY,AR,PV,0.018184038672909023,False
BY,AR,WIND,0.0,False
BY,AT,WIND,0.006473333239054894,False
BY,AU,PV,0.0,False
BY,AU,WIND,0.006905790162105544,False
BY,BD,PV,0.0,False
BY,BE,PV,0.0,False
BY,BE,WIND,0.0,False
BY,BF,PV,0.0,False
BY,BG,PV,0.0,False
BY,BG,WIND,0.0,False
BY,BH,PV,0.0,False
BY,BI,PV,0.0,False
BY,BO,PV,0.019061559373868428,False
BY,BR,PV,0.0,False
BY,BR,WIND,0.00034907964232307984,False
BY,BY,PV,0.0,True
BY,CA,PV,0.008818244377357,False
BY,CA,WIND,0.01977450505968443,False
BY,CH,PV,0.0,False
BY,CL,PV,0.048190213767486424,False
BY,CL,WIND,0.02062131432906886,False
BY,CN,PV,0.013628833575070897,False
BY,CN,WIND,0.08342641926776839,False
BY,CO,PV,0.0,False
BY,CR,PV,0.0,False
BY,CU,PV,0.009922011601995812,False
BY,CU,WIND,0.000777382865413205,False
BY,CV,PV,0.06071915185702069,False
BY,CZ,PV,0.0,False
BY,DE,PV,0.0,False
BY,DE,WIND,0.0,False
BY,DK,PV,0.0,False
BY,DK,WIND,0.0,False
BY,DO,PV,0.0,False
BY,DO,WIND,0.01973794522150527,False
BY,DZ,PV,0.01725643658025248,False
BY,EC,PV,0.0,False
BY,EE,WIND,0.0,False
BY,EG,PV,0.0,False
BY,EG,WIND,0.0,False
BY,ES,PV,0.0,False
BY,ES,WIND,0.01349935658916232,False
BY,ET,WIND,0.0,False
BY,FI,WIND,0.01435915105253689,False
BY,FJ,WIND,0.0,False
BY,FR,PV,0.0,False
BY,FR,WIND,0.007240051057735225,False
BY,GB,PV,0.0,False
BY,GB,WIND,0.0,False
BY,GF,PV,0.029982945984680726,False
BY,GH,PV,0.0,False
BY,GR,PV,0.0,False
BY,GR,WIND,0.0,False
BY,GT,PV,0.0,False
BY,GT,WIND,0.0,False
BY,HN,PV,0.0,False
BY,HN,WIND,0.0,False
BY,HU,PV,0.0,False
BY,ID,PV,0.0,False
BY,ID,WIND,0.0,False
BY,IE,WIND,0.0,False
BY,IL,PV,0.0,False
BY,IL,WIND,0.0,False
BY,IN,PV,0.05461607780462226,False
BY,IN,WIND,0.0,False
BY,IR,PV,0.0,False
BY,IR,WIND,0.0,False
BY,IT,PV,0.0009801058358935783,False
BY,IT,WIND,0.0014767418652307668,False
BY,JM,PV,0.0,False
BY,JM,WIND,0.008481086104601347,False
BY,JO,PV,0.07096273848344689,False
BY,JP,PV,0.0,False
BY,JP,WIND,0.0,False
BY,KE,PV,0.0,False
BY,KE,WIND,0.0,False
BY,KH,PV,0.0,False
BY,KR,PV,0.0,False
BY,KR,WIND,0.0,False
BY,KW,PV,0.019027576221296204,False
BY,KZ,PV,0.0,False
BY,LC,PV,0.0,False
BY,LK,PV,0.0,False
BY,LK,WIND,0.0,False
BY,LY,PV,0.0,False
BY,LY,WIND,0.0,False
BY,MA,PV,0.0,False
BY,MA,WIND,0.0,False
BY,MG,PV,0.020721012445551783,False
BY,MM,PV,0.0,False
BY,MN,PV,0.0,False
BY,MN,WIND,0.0,False
BY,MR,PV,0.0,False
BY,MR,WIND,0.0,False
BY,MU,PV,0.0,False
BY,MX,PV,0.07540374605495988,False
BY,MX,WIND,0.0,False
BY,MY,PV,0.0,False
BY,NE,PV,0.0198521644385958,False
BY,NG,PV,0.0,False
BY,NI,PV,0.0,False
BY,NL,PV,0.0,False
BY,NL,WIND,0.0,False
BY,NO,WIND,0.0,False
BY,NP,PV,0.0,False
BY,NZ,WIND,0.0007818719311152038,False
BY,OM,PV,0.043348945418479966,False
BY,PA,PV,0.0,False
BY,PE,PV,0.0,False
BY,PE,WIND,0.0,False
BY,PH,PV,0.0,False
BY,PH,WIND,0.0,False
BY,PK,PV,0.0,False
BY,PK,WIND,0.0,False
BY,PL,PV,0.0,False
BY,PL,WIND,0.0,False
BY,PS,PV,0.0,False
BY,PT,PV,0.0,False
BY,PT,WIND,0.0,False
BY,PY,PV,0.0,False
BY,PY,WIND,0.0,False
BY,RO,PV,0.0,False
BY,RO,WIND,0.0,False
BY,RU,PV,0.020751393245923812,False
BY,RU,WIND,0.0,False
BY,RW,PV,0.0,False
BY,SA,PV,0.0,False
BY,SE,WIND,0.0,False
BY,SK,PV,0.0,False
BY,SN,PV,0.0,False
BY,SR,PV,0.023360234030149765,False
BY,SV,PV,0.0,False
BY,TH,PV,0.0,False
BY,TH,WIND,0.0,False
BY,TN,WIND,0.0,False
BY,TR,PV,0.0,False
BY,TR,WIND,0.0,False
BY,TW,PV,0.0,False
BY,TW,WIND,0.0039898076742333225,False
BY,UA,PV,0.0,False
BY,UG,PV,0.0,False
BY,US,PV,0.1453351091282986,False
BY,US,WIND,0.04940544469371283,False
BY,UY,PV,0.0,False
BY,UY,WIND,0.0,False
BY,UZ,PV,0.0,False
BY,VN,PV,0.0,False
BY,VN,WIND,0.0,False
BY,ZA,PV,0.0,False
BY,ZA,WIND,0.0,False
BY,ZM,PV,0.0,False
BY,nan,PV,0.0,False
CA,AE,PV,0.0,False
CA,AF,PV,0.0,False
CA,AQ,WIND,0.0,False
CA,AR,PV,0.0,False
CA,AR,WIND,0.0,False
CA,AT,WIND,0.004475202829948706,False
CA,AU,PV,0.13352325762668704,False
CA,AU,WIND,0.013049091544286223,False
CA,BD,PV,0.0,False
CA,BE,PV,0.0,False
CA,BE,WIND,0.0,False
CA,BF,PV,0.0,False
CA,BG,PV,0.0,False
CA,BG,WIND,0.0,False
CA,BH,PV,0.0,False
CA,BI,PV,0.0,False
CA,BO,PV,0.0,False
CA,BR,PV,0.034515864564919674,False
CA,BR,WIND,0.04110837337445984,False
CA,BY,PV,0.0,False
CA,CA,PV,0.0016937492913638912,True
CA,CA,WIND,0.02195224474843218,True
CA,CH,PV,0.0,False
CA,CL,PV,0.03019863627440402,False
CA,CL,WIND,0.0,False
CA,CN,PV,0.0,False
CA,CN,WIND,0.027852591672833042,False
CA,CO,PV,0.0,False
CA,CR,PV,0.00518281687147584,False
CA,CU,PV,0.0,False
CA,CU,WIND,0.0,False
CA,CV,PV,0.04609567438393926,False
CA,CZ,PV,0.0,False
CA,DE,PV,0.000978242425873344,False
CA,DE,WIND,0.00021868302751892622,False
CA,DK,PV,0.010421999854885717,False
CA,DK,WIND,0.0,False
CA,DO,PV,0.0,False
CA,DO,WIND,0.008492025758415114,False
CA,DZ,PV,0.0,False
CA,EC,PV,0.0,False
CA,EE,WIND,0.0,False
CA,EG,PV,0.0,False
CA,EG,WIND,0.0,False
CA,ES,PV,0.01027652915631441,False
CA,ES,WIND,0.023534356599943233,False
CA,ET,WIND,0.011347731208195735,False
CA,FI,WIND,0.0,False
CA,FJ,WIND,0.00487460654418071,False
CA,FR,PV,0.013907681547932458,False
CA,FR,WIND,0.014401944369406597,False
CA,GB,PV,0.00788614868818271,False
CA,GB,WIND,0.0,False
CA,GF,PV,0.0071226580991369725,False
CA,GH,PV,0.0,False
CA,GR,PV,0.0,False
CA,GR,WIND,0.004765402514465906,False
CA,GT,PV,0.0,False
CA,GT,WIND,0.0,False
CA,HN,PV,0.0,False
CA,HN,WIND,0.0004829092678647346,False
CA,HU,PV,0.0,False
CA,ID,PV,0.0,False
CA,ID,WIND,0.001120600849858408,False
CA,IE,WIND,0.0,False
CA,IL,PV,0.0,False
CA,IL,WIND,0.004595523950582037,False
CA,IN,PV,0.0,False
CA,IN,WIND,0.0,False
CA,IR,PV,0.0,False
CA,IR,WIND,0.0,False
CA,IT,PV,0.0,False
CA,IT,WIND,0.0011780122573405829,False
CA,JM,PV,0.0,False
CA,JM,WIND,0.0,False
CA,JO,PV,0.0,False
CA,JP,PV,0.05262149411610881,False
CA,JP,WIND,0.006002886208410695,False
CA,KE,PV,0.0,False
CA,KE,WIND,0.03008534950585492,False
CA,KH,PV,0.0,False
CA,KR,PV,0.0,False
CA,KR,WIND,0.0,False
CA,KW,PV,0.0,False
CA,KZ,PV,0.0,False
CA,LC,PV,0.014352987583392622,False
CA,LK,PV,0.0,False
CA,LK,WIND,0.0,False
CA,LY,PV,0.0,False
CA,LY,WIND,0.0,False
CA,MA,PV,0.01404051577766291,False
CA,MA,WIND,0.007802621637762335,False
CA,MG,PV,0.0,False
CA,MM,PV,0.0,False
CA,MN,PV,0.0,False
CA,MN,WIND,0.0,False
CA,MR,PV,0.0,False
CA,MR,WIND,0.023031609445318867,False
CA,MU,PV,0.0,False
CA,MX,PV,0.03448748110850211,False
CA,MX,WIND,0.0,False
CA,MY,PV,0.0,False
CA,NE,PV,0.0,False
CA,NG,PV,0.0,False
CA,NI,PV,0.0,False
CA,NL,PV,0.0,False
CA,NL,WIND,0.0,False
CA,NO,WIND,0.0,False
CA,NP,PV,0.0,False
CA,NZ,WIND,0.0017675602970310836,False
CA,OM,PV,0.0,False
CA,PA,PV,0.0,False
CA,PE,PV,0.0,False
CA,PE,WIND,0.0,False
CA,PH,PV,0.0,False
CA,PH,WIND,0.0,False
CA,PK,PV,0.0,False
CA,PK,WIND,0.01737170421455147,False
CA,PL,PV,0.0,False
CA,PL,WIND,0.00018077476282475679,False
CA,PS,PV,0.0,False
CA,PT,PV,0.0016072331249669162,False
CA,PT,WIND,0.0,False
CA,PY,PV,0.0,False
CA,PY,WIND,0.0,False
CA,RO,PV,0.0,False
CA,RO,WIND,0.0,False
CA,RU,PV,0.0,False
CA,RU,WIND,0.0,False
CA,RW,PV,0.0,False
CA,SA,PV,0.0,False
CA,SE,WIND,0.0,False
CA,SK,PV,0.0,False
CA,SN,PV,0.0,False
CA,SR,PV,0.024036984141532314,False
CA,SV,PV,0.0,False
CA,TH,PV,0.0,False
CA,TH,WIND,0.0,False
CA,TN,WIND,0.0,False
CA,TR,PV,0.0,False
CA,TR,WIND,0.0,False
CA,TW,PV,0.0,False
CA,TW,WIND,0.0003008584099988727,False
CA,UA,PV,0.0,False
CA,UG,PV,0.0,False
CA,US,PV,0.23572578268464967,False
CA,US,WIND,0.03244838766584738,False
CA,UY,PV,0.017773966145277036,False
CA,UY,WIND,0.0,False
CA,UZ,PV,0.0,False
CA,VN,PV,0.0,False
CA,VN,WIND,0.0,False
CA,ZA,PV,0.0,False
CA,ZA,WIND,0.0011092438674594003,False
CA,ZM,PV,0.0,False
CA,nan,PV,0.0,False
CH,AE,PV,0.0033214255779342406,False
CH,AF,PV,0.0,False
CH,AQ,WIND,0.0,False
CH,AR,PV,0.0,False
CH,AR,WIND,0.0,False
CH,AT,WIND,0.0,False
CH,AU,PV,0.0,False
CH,AU,WIND,0.0011957893548637105,False
CH,BD,PV,0.0,False
CH,BE,PV,0.0,False
CH,BE,WIND,0.0,False
CH,BF,PV,0.0,False
CH,BG,PV,0.0,False
CH,BG,WIND,0.0,False
CH,BH,PV,0.0,False
CH,BI,PV,0.0,False
CH,BO,PV,0.0,False
CH,BR,PV,0.0,False
CH,BR,WIND,0.01356661092002156,False
CH,BY,PV,0.0,False
CH,CA,PV,0.0030446452588461606,False
CH,CA,WIND,0.015992636284763474,False
CH,CH,PV,0.0,True
CH,CL,PV,0.18699709002485032,False
CH,CL,WIND,0.0,False
CH,CN,PV,0.00978433582056476,False
CH,CN,WIND,0.05685261215887988,False
CH,CO,PV,0.0,False
CH,CR,PV,0.0,False
CH,CU,PV,0.0,False
CH,CU,WIND,0.0,False
CH,CV,PV,0.0,False
CH,CZ,PV,0.0,False
CH,DE,PV,0.0,False
CH,DE,WIND,0.026128436624824086,False
CH,DK,PV,0.0,False
CH,DK,WIND,0.0,False
CH,DO,PV,0.0,False
CH,DO,WIND,0.0019049642008128855,False
CH,DZ,PV,0.0,False
CH,EC,PV,0.0,False
CH,EE,WIND,0.0,False
CH,EG,PV,0.10179533580073774,False
CH,EG,WIND,0.0,False
CH,ES,PV,0.0,False
CH,ES,WIND,0.013233666090723711,False
CH,ET,WIND,0.0,False
CH,FI,WIND,0.0,False
CH,FJ,WIND,0.0042563654020035604,False
CH,FR,PV,0.0,False
CH,FR,WIND,0.014534013329233687,False
CH,GB,PV,0.0,False
CH,GB,WIND,0.0005839164331439445,False
CH,GF,PV,0.0,False
CH,GH,PV,0.008789068650118173,False
CH,GR,PV,0.0,False
CH,GR,WIND,0.0,False
CH,GT,PV,0.0,False
CH,GT,WIND,0.0,False
CH,HN,PV,0.0,False
CH,HN,WIND,0.0,False
CH,HU,PV,0.0,False
CH,ID,PV,0.0,False
CH,ID,WIND,0.0,False
CH,IE,WIND,0.0,False
CH,IL,PV,0.0,False
CH,IL,WIND,0.0,False
CH,IN,PV,0.036103223674957934,False
CH,IN,WIND,0.0053685777829254235,False
CH,IR,PV,0.0,False
CH,IR,WIND,0.0,False
CH,IT,PV,0.0,False
CH,IT,WIND,0.0015958183395086696,False
CH,JM,PV,0.0,False
CH,JM,WIND,0.02021531078398031,False
CH,JO,PV,0.0010582006616066768,False
CH,JP,PV,0.0,False
CH,JP,WIND,0.0039027387340798566,False
CH,KE,PV,0.03825942853158721,False
CH,KE,WIND,0.02579657945053976,False
CH,KH,PV,0.0,False
CH,KR,PV,0.0,False
CH,KR,WIND,0.002311702677082949,False
CH,KW,PV,0.00827998912524346,False
CH,KZ,PV,0.0,False
CH,LC,PV,0.0,False
CH,LK,PV,0.0,False
CH,LK,WIND,0.0,False
CH,LY,PV,0.0,False
CH,LY,WIND,0.0,False
CH,MA,PV,0.0,False
CH,MA,WIND,0.0,False
CH,MG,PV,0.0,False
CH,MM,PV,0.0,False
CH,MN,PV,0.0,False
CH,MN,WIND,0.0,False
CH,MR,PV,0.0,False
CH,MR,WIND,0.022244916172776383,False
CH,MU,PV,0.0,False
CH,MX,PV,0.06069101355232724,False
CH,MX,WIND,0.0,False
CH,MY,PV,0.0,False
CH,NE,PV,0.01611408179140835,False
CH,NG,PV,0.0,False
CH,NI,PV,0.0,False
CH,NL,PV,0.0,False
CH,NL,WIND,0.0,False
CH,NO,WIND,0.0,False
CH,NP,PV,0.0002497511844755117,False
CH,NZ,WIND,0.005693222381475293,False
CH,OM,PV,0.05181003178728687,False
CH,PA,PV,0.0,False
CH,PE,PV,0.0,False
CH,PE,WIND,0.0,False
CH,PH,PV,0.0,False
CH,PH,WIND,0.032055461119651595,False
CH,PK,PV,0.0,False
CH,PK,WIND,0.0,False
CH,PL,PV,0.0,False
CH,PL,WIND,0.0038426443294153376,False
CH,PS,PV,0.0,False
CH,PT,PV,0.0,False
CH,PT,WIND,0.005755686229400663,False
CH,PY,PV,0.0,False
CH,PY,WIND,0.0,False
CH,RO,PV,0.0,False
CH,RO,WIND,0.0,False
CH,RU,PV,0.015359439842968904,False
CH,RU,WIND,0.0,False
CH,RW,PV,0.0,False
CH,SA,PV,0.025568130490572452,False
CH,SE,WIND,0.0,False
CH,SK,PV,0.0,False
CH,SN,PV,0.014394498058940584,False
CH,SR,PV,0.0,False
CH,SV,PV,0.0,False
CH,TH,PV,0.0,False
CH,TH,WIND,0.0,False
CH,TN,WIND,0.0,False
CH,TR,PV,0.0,False
CH,TR,WIND,0.0,False
CH,TW,PV,0.0,False
CH,TW,WIND,0.0,False
CH,UA,PV,0.0,False
CH,UG,PV,0.0,False
CH,US,PV,0.0794557329383774,False
CH,US,WIND,0.03525578967842628,False
CH,UY,PV,0.006441694741832459,False
CH,UY,WIND,0.0,False
CH,UZ,PV,0.0,False
CH,VN,PV,0.0,False
CH,VN,WIND,0.0,False
CH,ZA,PV,0.01541744018521065,False
CH,ZA,WIND,0.004777983821617769,False
CH,ZM,PV,0.0,False
CH,nan,PV,0.0,False
CL,AE,PV,0.0,False
CL,AF,PV,0.0,False
CL,AQ,WIND,0.0,False
CL,AR,PV,0.0,False
CL,AR,WIND,0.0,False
CL,AT,WIND,0.0,False
CL,AU,PV,0.13141566811754132,False
CL,AU,WIND,0.0,False
CL,BD,PV,0.0,False
CL,BE,PV,0.0,False
CL,BE,WIND,0.0,False
CL,BF,PV,0.0,False
CL,BG,PV,0.0,False
CL,BG,WIND,0.0,False
CL,BH,PV,0.0,False
CL,BI,PV,0.0,False
CL,BO,PV,0.0,False
CL,BR,PV,0.08365883647848772,False
CL,BR,WIND,0.0,False
CL,BY,PV,0.0,False
CL,CA,PV,0.0,False
CL,CA,WIND,0.00876198715609208,False
CL,CH,PV,0.0,False
CL,CL,PV,0.06348802465687084,True
CL,CL,WIND,0.0,True
CL,CN,PV,0.0,False
CL,CN,WIND,0.02985301631661675,False
CL,CO,PV,0.0,False
CL,CR,PV,0.009797557605162651,False
CL,CU,PV,0.0,False
CL,CU,WIND,0.0,False
CL,CV,PV,0.0006484871040916532,False
CL,CZ,PV,0.0,False
CL,DE,PV,0.0,False
CL,DE,WIND,0.0,False
CL,DK,PV,0.0,False
CL,DK,WIND,0.0,False
CL,DO,PV,0.002237448273596636,False
CL,DO,WIND,0.0,False
CL,DZ,PV,0.0,False
CL,EC,PV,0.0,False
CL,EE,WIND,0.0,False
CL,EG,PV,0.0,False
CL,EG,WIND,0.0,False
CL,ES,PV,0.001136834078034417,False
CL,ES,WIND,0.0059489929835909805,False
CL,ET,WIND,0.013662301725495395,False
CL,FI,WIND,0.0,False
CL,FJ,WIND,0.0,False
CL,FR,PV,0.0,False
CL,FR,WIND,0.0035736631704933724,False
CL,GB,PV,0.002038102339487138,False
CL,GB,WIND,0.0014013326186263259,False
CL,GF,PV,0.0,False
CL,GH,PV,0.003623399377165179,False
CL,GR,PV,0.0,False
CL,GR,WIND,0.006324929985875154,False
CL,GT,PV,0.0,False
CL,GT,WIND,0.0,False
CL,HN,PV,0.0,False
CL,HN,WIND,0.016623495204876007,False
CL,HU,PV,0.0,False
CL,ID,PV,0.0,False
CL,ID,WIND,0.004731064527827736,False
CL,IE,WIND,0.0,False
CL,IL,PV,0.0,False
CL,IL,WIND,0.0017251053604786701,False
CL,IN,PV,0.0,False
CL,IN,WIND,0.0027746903085555507,False
CL,IR,PV,0.0,False
CL,IR,WIND,0.0,False
CL,IT,PV,0.0,False
CL,IT,WIND,0.0,False
CL,JM,PV,0.0,False
CL,JM,WIND,0.0,False
CL,JO,PV,0.0,False
CL,JP,PV,0.053137700604606264,False
CL,JP,WIND,0.002324718241097214,False
CL,KE,PV,0.0,False
CL,KE,WIND,0.0,False
CL,KH,PV,0.0,False
CL,KR,PV,0.0,False
CL,KR,WIND,0.0,False
CL,KW,PV,0.0,False
CL,KZ,PV,0.0,False
CL,LC,PV,0.0,False
CL,LK,PV,0.0,False
CL,LK,WIND,0.0,False
CL,LY,PV,0.0,False
CL,LY,WIND,0.013782567910198527,False
CL,MA,PV,0.007040473312627526,False
CL,MA,WIND,0.0,False
CL,MG,PV,0.0,False
CL,MM,PV,0.0,False
CL,MN,PV,0.0,False
CL,MN,WIND,0.0,False
CL,MR,PV,0.007689377569859643,False
CL,MR,WIND,0.0008928491312192802,False
CL,MU,PV,0.0,False
CL,MX,PV,0.0,False
CL,MX,WIND,0.011523492576938313,False
CL,MY,PV,0.0,False
CL,NE,PV,0.0,False
CL,NG,PV,0.02938183748405615,False
CL,NI,PV,0.012225941087277831,False
CL,NL,PV,0.0,False
CL,NL,WIND,0.0,False
CL,NO,WIND,0.0,False
CL,NP,PV,0.0,False
CL,NZ,WIND,0.0,False
CL,OM,PV,0.0,False
CL,PA,PV,0.01463582347860913,False
CL,PE,PV,0.0,False
CL,PE,WIND,0.0,False
CL,PH,PV,0.0,False
CL,PH,WIND,0.019987150496695038,False
CL,PK,PV,0.0,False
CL,PK,WIND,0.00436161119302689,False
CL,PL,PV,0.0,False
CL,PL,WIND,0.0,False
CL,PS,PV,0.0,False
CL,PT,PV,0.0,False
CL,PT,WIND,0.0,False
CL,PY,PV,0.04348716691248368,False
CL,PY,WIND,0.0,False
CL,RO,PV,0.0,False
CL,RO,WIND,0.0,False
CL,RU,PV,0.0,False
CL,RU,WIND,0.003626359972101714,False
CL,RW,PV,0.0,False
CL,SA,PV,0.0,False
CL,SE,WIND,0.0,False
CL,SK,PV,0.0,False
CL,SN,PV,0.04807101497346383,False
CL,SR,PV,0.0,False
CL,SV,PV,0.0,False
CL,TH,PV,0.0,False
CL,TH,WIND,0.010642488060342835,False
CL,TN,WIND,0.0,False
CL,TR,PV,0.0,False
CL,TR,WIND,0.0,False
CL,TW,PV,0.0,False
CL,TW,WIND,0.0,False
CL,UA,PV,0.0,False
CL,UG,PV,0.0,False
CL,US,PV,0.25838570238565883,False
CL,US,WIND,0.04372600601997169,False
CL,UY,PV,0.02165278120079952,False
CL,UY,WIND,0.0,False
CL,UZ,PV,0.0,False
CL,VN,PV,0.0,False
CL,VN,WIND,0.0,False
CL,ZA,PV,0.0,False
CL,ZA,WIND,0.0,False
CL,ZM,PV,0.0,False
CL,nan,PV,0.0,False
CN,AE,PV,0.025434987487312814,False
CN,AF,PV,0.0,False
CN,AQ,WIND,0.0,False
CN,AR,PV,0.0,False
CN,AR,WIND,0.0,False
CN,AT,WIND,0.0,False
CN,AU,PV,0.1061528004983412,False
CN,AU,WIND,0.005295874297692342,False
CN,BD,PV,0.0,False
CN,BE,PV,0.0,False
CN,BE,WIND,0.0,False
CN,BF,PV,0.0,False
CN,BG,PV,0.0,False
CN,BG,WIND,0.0034029154266413935,False
CN,BH,PV,0.0,False
CN,BI,PV,0.0,False
CN,BO,PV,0.0,False
CN,BR,PV,0.02112740877378749,False
CN,BR,WIND,0.0022221807295544583,False
CN,BY,PV,0.0,False
CN,CA,PV,0.0,False
CN,CA,WIND,0.03329383801293798,False
CN,CH,PV,0.0,False
CN,CL,PV,0.013218780271084361,False
CN,CL,WIND,0.0,False
CN,CN,PV,0.01564251964421225,True
CN,CN,WIND,0.12785691524466722,True
CN,CO,PV,0.0,False
CN,CR,PV,0.0,False
CN,CU,PV,0.0,False
CN,CU,WIND,0.0,False
CN,CV,PV,0.058612514511510984,False
CN,CZ,PV,0.0,False
CN,DE,PV,0.0,False
CN,DE,WIND,0.01743126979494521,False
CN,DK,PV,0.0,False
CN,DK,WIND,0.0,False
CN,DO,PV,0.0,False
CN,DO,WIND,0.023629637114385496,False
CN,DZ,PV,0.0,False
CN,EC,PV,0.0,False
CN,EE,WIND,0.015703940058569083,False
CN,EG,PV,0.01863176511147213,False
CN,EG,WIND,0.0,False
CN,ES,PV,0.0,False
CN,ES,WIND,0.011323620095390154,False
CN,ET,WIND,0.0,False
CN,FI,WIND,0.0,False
CN,FJ,WIND,0.004106672056065044,False
CN,FR,PV,0.0,False
CN,FR,WIND,0.007126857532451937,False
CN,GB,PV,0.0,False
CN,GB,WIND,0.013455460067350891,False
CN,GF,PV,0.0,False
CN,GH,PV,0.023833628680046494,False
CN,GR,PV,0.0,False
CN,GR,WIND,0.0,False
CN,GT,PV,0.0,False
CN,GT,WIND,0.0010234053834592965,False
CN,HN,PV,0.0,False
CN,HN,WIND,0.019388146352481914,False
CN,HU,PV,0.0,False
CN,ID,PV,0.0,False
CN,ID,WIND,0.0013802175567479123,False
CN,IE,WIND,0.0,False
CN,IL,PV,0.0,False
CN,IL,WIND,0.0,False
CN,IN,PV,0.03815401888720591,False
CN,IN,WIND,0.017639824122145088,False
CN,IR,PV,0.0,False
CN,IR,WIND,0.002674664673433604,False
CN,IT,PV,0.0,False
CN,IT,WIND,0.0,False
CN,JM,PV,0.0,False
CN,JM,WIND,0.010123584580920955,False
CN,JO,PV,0.0,False
CN,JP,PV,0.007468991629016338,False
CN,JP,WIND,0.009225762540224685,False
CN,KE,PV,0.006626648534823357,False
CN,KE,WIND,0.017530758472900004,False
CN,KH,PV,0.0,False
CN,KR,PV,0.0,False
CN,KR,WIND,0.0035513542680359555,False
CN,KW,PV,0.0,False
CN,KZ,PV,0.0,False
CN,LC,PV,0.0,False
CN,LK,PV,0.0,False
CN,LK,WIND,0.0,False
CN,LY,PV,0.0,False
CN,LY,WIND,0.0,False
CN,MA,PV,0.0,False
CN,MA,WIND,0.0025005941436505724,False
CN,MG,PV,0.0,False
CN,MM,PV,0.0,False
CN,MN,PV,0.0,False
CN,MN,WIND,0.0,False
CN,MR,PV,0.0,False
CN,MR,WIND,0.03444983027634209,False
CN,MU,PV,0.00577559640056983,False
CN,MX,PV,0.0,False
CN,MX,WIND,0.0,False
CN,MY,PV,0.0,False
CN,NE,PV,0.0,False
CN,NG,PV,0.0,False
CN,NI,PV,0.0,False
CN,NL,PV,0.0,False
CN,NL,WIND,0.018446319808187325,False
CN,NO,WIND,0.00025885085128894106,False
CN,NP,PV,0.0,False
CN,NZ,WIND,0.0022126377017656403,False
CN,OM,PV,0.0,False
CN,PA,PV,0.0,False
CN,PE,PV,0.0,False
CN,PE,WIND,0.026468320769018353,False
CN,PH,PV,0.0,False
CN,PH,WIND,0.030977224366078054,False
CN,PK,PV,0.0,False
CN,PK,WIND,0.0,False
CN,PL,PV,0.0,False
CN,PL,WIND,0.005097493868442406,False
CN,PS,PV,0.0,False
CN,PT,PV,0.0,False
CN,PT,WIND,0.006355728823339096,False
CN,PY,PV,0.022853403305231678,False
CN,PY,WIND,0.0,False
CN,RO,PV,0.0,False
CN,RO,WIND,0.006942877853434853,False
CN,RU,PV,0.002213828499280222,False
CN,RU,WIND,0.0,False
CN,RW,PV,0.0,False
CN,SA,PV,0.0,False
CN,SE,WIND,0.0,False
CN,SK,PV,0.0,False
CN,SN,PV,0.0006665699889848553,False
CN,SR,PV,0.0016682610234229603,False
CN,SV,PV,0.0,False
CN,TH,PV,0.0,False
CN,TH,WIND,0.0,False
CN,TN,WIND,0.0,False
CN,TR,PV,0.0,False
CN,TR,WIND,0.0,False
CN,TW,PV,0.0,False
CN,TW,WIND,0.0,False
CN,UA,PV,0.0,False
CN,UG,PV,0.0,False
CN,US,PV,0.0021724940784195986,False
CN,US,WIND,0.10036272440895654,False
CN,UY,PV,0.021127011845642883,False
CN,UY,WIND,0.0,False
CN,UZ,PV,0.0,False
CN,VN,PV,0.0,False
CN,VN,WIND,0.0,False
CN,ZA,PV,0.0023441031443291386,False
CN,ZA,WIND,0.02481516643379922,False
CN,ZM,PV,0.0,False
CN,nan,PV,0.0,False
CO,AE,PV,0.0,False
CO,AF,PV,0.0,False
CO,AQ,WIND,0.0,False
CO,AR,PV,0.0036587534683669,False
CO,AR,WIND,0.0,False
CO,AT,WIND,0.0,False
CO,AU,PV,0.16033838342045026,False
CO,AU,WIND,0.0,False
CO,BD,PV,0.0,False
CO,BE,PV,0.0019033878269881135,False
CO,BE,WIND,0.0033554172565649354,False
CO,BF,PV,0.007614440549047043,False
CO,BG,PV,0.0,False
CO,BG,WIND,0.0,False
CO,BH,PV,0.0,False
CO,BI,PV,0.0,False
CO,BO,PV,0.010229403217819953,False
CO,BR,PV,0.012658225688061076,False
CO,BR,WIND,0.010195347402942723,False
CO,BY,PV,0.0,False
CO,CA,PV,0.0,False
CO,CA,WIND,0.0015357585675646126,False
CO,CH,PV,0.0,False
CO,CL,PV,0.09578098635646375,False
CO,CL,WIND,0.0,False
CO,CN,PV,0.0,False
CO,CN,WIND,0.019242431278403183,False
CO,CO,PV,0.0,True
CO,CR,PV,0.0,False
CO,CU,PV,0.0,False
CO,CU,WIND,0.0,False
CO,CV,PV,0.049303849737539054,False
CO,CZ,PV,0.0,False
CO,DE,PV,0.0,False
CO,DE,WIND,0.0,False
CO,DK,PV,0.0,False
CO,DK,WIND,0.0,False
CO,DO,PV,0.01853086240895113,False
CO,DO,WIND,0.0245751409268688,False
CO,DZ,PV,0.0,False
CO,EC,PV,0.0,False
CO,EE,WIND,0.0,False
CO,EG,PV,0.0,False
CO,EG,WIND,0.0,False
CO,ES,PV,0.0,False
CO,ES,WIND,0.011952873871349638,False
CO,ET,WIND,0.01684355560688976,False
CO,FI,WIND,0.0,False
CO,FJ,WIND,0.0,False
CO,FR,PV,0.014284422579362922,False
CO,FR,WIND,0.004923854886884403,False
CO,GB,PV,0.0008985038108220843,False
CO,GB,WIND,0.0,False
CO,GF,PV,0.00733189511881379,False
CO,GH,PV,0.0,False
CO,GR,PV,0.0,False
CO,GR,WIND,0.0006615105704846194,False
CO,GT,PV,0.0,False
CO,GT,WIND,0.0,False
CO,HN,PV,0.0,False
CO,HN,WIND,0.008390605307302887,False
CO,HU,PV,0.0,False
CO,ID,PV,0.0,False
CO,ID,WIND,0.0005719324752847625,False
CO,IE,WIND,0.0,False
CO,IL,PV,0.0,False
CO,IL,WIND,0.007224757476174381,False
CO,IN,PV,0.0,False
CO,IN,WIND,0.011973219353115796,False
CO,IR,PV,0.0,False
CO,IR,WIND,0.0,False
CO,IT,PV,0.0,False
CO,IT,WIND,0.0,False
CO,JM,PV,0.0,False
CO,JM,WIND,0.007049268246267055,False
CO,JO,PV,0.0,False
CO,JP,PV,0.033066426230303494,False
CO,JP,WIND,0.0,False
CO,KE,PV,0.0,False
CO,KE,WIND,0.0,False
CO,KH,PV,0.0,False
CO,KR,PV,0.0,False
CO,KR,WIND,0.0,False
CO,KW,PV,0.0,False
CO,KZ,PV,0.0,False
CO,LC,PV,0.0,False
CO,LK,PV,0.0,False
CO,LK,WIND,0.0,False
CO,LY,PV,0.0,False
CO,LY,WIND,0.0,False
CO,MA,PV,0.009717956284653516,False
CO,MA,WIND,0.0025022502508079635,False
CO,MG,PV,0.0,False
CO,MM,PV,0.0,False
CO,MN,PV,0.0,False
CO,MN,WIND,0.0,False
CO,MR,PV,0.0,False
CO,MR,WIND,0.013607606809313654,False
CO,MU,PV,0.0,False
CO,MX,PV,0.024249299730701564,False
CO,MX,WIND,0.007120605422177244,False
CO,MY,PV,0.0,False
CO,NE,PV,0.0,False
CO,NG,PV,0.0,False
CO,NI,PV,0.0,False
CO,NL,PV,0.0,False
CO,NL,WIND,0.0,False
CO,NO,WIND,0.0,False
CO,NP,PV,0.0,False
CO,NZ,WIND,0.004134176254250474,False
CO,OM,PV,0.0,False
CO,PA,PV,0.0,False
CO,PE,PV,0.0,False
CO,PE,WIND,0.0,False
CO,PH,PV,0.0,False
CO,PH,WIND,0.0,False
CO,PK,PV,0.0,False
CO,PK,WIND,0.002309194548664176,False
CO,PL,PV,0.0,False
CO,PL,WIND,0.0,False
CO,PS,PV,0.0,False
CO,PT,PV,0.0,False
CO,PT,WIND,0.0,False
CO,PY,PV,0.021174799358599894,False
CO,PY,WIND,0.0,False
CO,RO,PV,0.0,False
CO,RO,WIND,0.0,False
CO,RU,PV,0.0,False
CO,RU,WIND,0.0013591525810016409,False
CO,RW,PV,0.0,False
CO,SA,PV,0.0,False
CO,SE,WIND,0.0,False
CO,SK,PV,0.0,False
CO,SN,PV,0.044405195855886904,False
CO,SR,PV,0.016991871276179252,False
CO,SV,PV,0.0,False
CO,TH,PV,0.0,False
CO,TH,WIND,0.0014928659891594964,False
CO,TN,WIND,0.0,False
CO,TR,PV,0.0,False
CO,TR,WIND,0.0,False
CO,TW,PV,0.0,False
CO,TW,WIND,0.0,False
CO,UA,PV,0.0,False
CO,UG,PV,0.0,False
CO,US,PV,0.2596778822852901,False
CO,US,WIND,0.02625270156280354,False
CO,UY,PV,0.01615006809927478,False
CO,UY,WIND,0.0,False
CO,UZ,PV,0.0,False
CO,VN,PV,0.0,False
CO,VN,WIND,0.0,False
CO,ZA,PV,0.0,False
CO,ZA,WIND,0.004759160052149313,False
CO,ZM,PV,0.0,False
CO,nan,PV,0.0,False
CR,AE,PV,0.0,False
CR,AF,PV,0.0,False
CR,AQ,WIND,0.0027061565404352993,False
CR,AR,PV,0.018682955713093762,False
CR,AR,WIND,0.0,False
CR,AT,WIND,0.0,False
CR,AU,PV,0.16737590926213625,False
CR,AU,WIND,0.0,False
CR,BD,PV,0.0,False
CR,BE,PV,0.0,False
CR,BE,WIND,0.0,False
CR,BF,PV,0.0,False
CR,BG,PV,0.0,False
CR,BG,WIND,0.0,False
CR,BH,PV,0.0,False
CR,BI,PV,0.0,False
CR,BO,PV,0.0,False
CR,BR,PV,0.014195902740033264,False
CR,BR,WIND,0.008866360468004219,False
CR,BY,PV,0.0,False
CR,CA,PV,0.0034909967366742933,False
CR,CA,WIND,0.016144667027382695,False
CR,CH,PV,0.0,False
CR,CL,PV,0.02337085684360423,False
CR,CL,WIND,0.003970204617980654,False
CR,CN,PV,0.011590484959452852,False
CR,CN,WIND,0.005473716411065509,False
CR,CO,PV,0.0,False
CR,CR,PV,0.0,True
CR,CU,PV,0.0,False
CR,CU,WIND,0.0,False
CR,CV,PV,0.0360309818120912,False
CR,CZ,PV,0.0,False
CR,DE,PV,0.0,False
CR,DE,WIND,0.0,False
CR,DK,PV,0.0,False
CR,DK,WIND,0.0,False
CR,DO,PV,0.006243676064608281,False
CR,DO,WIND,0.004719286100395491,False
CR,DZ,PV,0.0,False
CR,EC,PV,0.0,False
CR,EE,WIND,0.0,False
CR,EG,PV,0.0,False
CR,EG,WIND,0.0070847627036146705,False
CR,ES,PV,0.0007109844124980228,False
CR,ES,WIND,0.01835966326272667,False
CR,ET,WIND,0.016608972510990496,False
CR,FI,WIND,0.0,False
CR,FJ,WIND,0.0,False
CR,FR,PV,0.0006540238741173359,False
CR,FR,WIND,0.012113730238909224,False
CR,GB,PV,0.0,False
CR,GB,WIND,0.0,False
CR,GF,PV,0.005783106531908242,False
CR,GH,PV,0.0,False
CR,GR,PV,0.0,False
CR,GR,WIND,0.00506681114196142,False
CR,GT,PV,0.01623627226226012,False
CR,GT,WIND,0.0,False
CR,HN,PV,0.0,False
CR,HN,WIND,0.0037590979616157765,False
CR,HU,PV,0.0,False
CR,ID,PV,0.0,False
CR,ID,WIND,0.0025634763243059517,False
CR,IE,WIND,0.0,False
CR,IL,PV,0.0,False
CR,IL,WIND,0.007190363220763619,False
CR,IN,PV,0.0,False
CR,IN,WIND,0.0,False
CR,IR,PV,0.0,False
CR,IR,WIND,0.0,False
CR,IT,PV,0.0,False
CR,IT,WIND,0.0,False
CR,JM,PV,0.0,False
CR,JM,WIND,0.0,False
CR,JO,PV,0.0,False
CR,JP,PV,0.08685242085773631,False
CR,JP,WIND,0.001544450796387169,False
CR,KE,PV,0.0,False
CR,KE,WIND,0.00037837761195914,False
CR,KH,PV,0.0,False
CR,KR,PV,0.005034100446047404,False
CR,KR,WIND,0.0,False
CR,KW,PV,0.0,False
CR,KZ,PV,0.0,False
CR,LC,PV,0.01741458890775848,False
CR,LK,PV,0.0,False
CR,LK,WIND,0.0,False
CR,LY,PV,0.0,False
CR,LY,WIND,0.0029260940604262666,False
CR,MA,PV,0.0069591274223993315,False
CR,MA,WIND,0.009297130541556961,False
CR,MG,PV,0.0,False
CR,MM,PV,0.0,False
CR,MN,PV,0.0,False
CR,MN,WIND,0.0,False
CR,MR,PV,0.023052568812467394,False
CR,MR,WIND,0.007320083272213131,False
CR,MU,PV,0.0,False
CR,MX,PV,0.02703010829248516,False
CR,MX,WIND,0.015140826228284127,False
CR,MY,PV,0.0,False
CR,NE,PV,0.0,False
CR,NG,PV,0.0,False
CR,NI,PV,0.01298015171301864,False
CR,NL,PV,0.0,False
CR,NL,WIND,0.0,False
CR,NO,WIND,0.0,False
CR,NP,PV,0.0,False
CR,NZ,WIND,0.004162864425516822,False
CR,OM,PV,0.0,False
CR,PA,PV,0.007200284232492891,False
CR,PE,PV,0.0,False
CR,PE,WIND,0.0,False
CR,PH,PV,0.006023967923388073,False
CR,PH,WIND,0.0,False
CR,PK,PV,0.0,False
CR,PK,WIND,0.015536067666283663,False
CR,PL,PV,0.0,False
CR,PL,WIND,0.0,False
CR,PS,PV,0.0,False
CR,PT,PV,0.0,False
CR,PT,WIND,0.0,False
CR,PY,PV,0.0023195878478288637,False
CR,PY,WIND,0.0,False
CR,RO,PV,0.0,False
CR,RO,WIND,0.0,False
CR,RU,PV,0.0,False
CR,RU,WIND,0.0,False
CR,RW,PV,0.0,False
CR,SA,PV,0.0,False
CR,SE,WIND,0.0,False
CR,SK,PV,0.0,False
CR,SN,PV,0.0075512702276534956,False
CR,SR,PV,0.03019029146124375,False
CR,SV,PV,0.0,False
CR,TH,PV,0.0,False
CR,TH,WIND,0.0,False
CR,TN,WIND,0.0028527224119565737,False
CR,TR,PV,0.0,False
CR,TR,WIND,0.0,False
CR,TW,PV,0.0,False
CR,TW,WIND,0.0002848020980749138,False
CR,UA,PV,0.0,False
CR,UG,PV,0.0,False
CR,US,PV,0.2634686070969241,False
CR,US,WIND,0.012164164738509103,False
CR,UY,PV,0.00985412246794154,False
CR,UY,WIND,0.003467798696818079,False
CR,UZ,PV,0.0,False
CR,VN,PV,0.0,False
CR,VN,WIND,0.0,False
CR,ZA,PV,0.0,False
CR,ZA,WIND,0.0,False
CR,ZM,PV,0.0,False
CR,nan,PV,0.0,False
CU,AE,PV,0.0,False
CU,AF,PV,0.0,False
CU,AQ,WIND,0.0,False
CU,AR,PV,0.0,False
CU,AR,WIND,0.0,False
CU,AT,WIND,0.0030471055955638066,False
CU,AU,PV,0.05704922142851496,False
CU,AU,WIND,0.01940828449023892,False
CU,BD,PV,0.0,False
CU,BE,PV,0.0,False
CU,BE,WIND,0.0,False
CU,BF,PV,0.0,False
CU,BG,PV,0.0,False
CU,BG,WIND,0.0,False
CU,BH,PV,0.0,False
CU,BI,PV,0.0,False
CU,BO,PV,0.0,False
CU,BR,PV,0.006247449334759498,False
CU,BR,WIND,0.06896650511516607,False
CU,BY,PV,0.0,False
CU,CA,PV,0.008039183598545094,False
CU,CA,WIND,0.02333805828140825,False
CU,CH,PV,0.0,False
CU,CL,PV,0.030830549590089705,False
CU,CL,WIND,0.003481373721351248,False
CU,CN,PV,0.045591549106960366,False
CU,CN,WIND,0.10393057251800727,False
CU,CO,PV,0.0,False
CU,CR,PV,0.0,False
CU,CU,PV,0.0,True
CU,CU,WIND,0.0,True
CU,CV,PV,0.05710643584643155,False
CU,CZ,PV,0.0,False
CU,DE,PV,0.0,False
CU,DE,WIND,0.0,False
CU,DK,PV,0.0,False
CU,DK,WIND,0.0,False
CU,DO,PV,0.0,False
CU,DO,WIND,0.0,False
CU,DZ,PV,0.0,False
CU,EC,PV,0.0,False
CU,EE,WIND,0.0,False
CU,EG,PV,0.0,False
CU,EG,WIND,0.0,False
CU,ES,PV,0.005460265712420576,False
CU,ES,WIND,0.03260806783350604,False
CU,ET,WIND,0.012756468142321084,False
CU,FI,WIND,0.0,False
CU,FJ,WIND,0.005721006472751712,False
CU,FR,PV,0.00899058825271746,False
CU,FR,WIND,0.018518581245463454,False
CU,GB,PV,0.003234323297637923,False
CU,GB,WIND,0.0,False
CU,GF,PV,0.00992428833784902,False
CU,GH,PV,0.007019048888615039,False
CU,GR,PV,0.0,False
CU,GR,WIND,0.003826989535519235,False
CU,GT,PV,0.0,False
CU,GT,WIND,0.0,False
CU,HN,PV,0.0,False
CU,HN,WIND,0.0,False
CU,HU,PV,0.0,False
CU,ID,PV,0.0,False
CU,ID,WIND,0.0019104780916175347,False
CU,IE,WIND,0.0,False
CU,IL,PV,0.0,False
CU,IL,WIND,0.005431580631027919,False
CU,IN,PV,0.0,False
CU,IN,WIND,0.0014512910984832625,False
CU,IR,PV,0.0,False
CU,IR,WIND,0.0,False
CU,IT,PV,0.0,False
CU,IT,WIND,0.0012844481471949226,False
CU,JM,PV,0.0,False
CU,JM,WIND,0.0,False
CU,JO,PV,0.0,False
CU,JP,PV,0.046619426123150634,False
CU,JP,WIND,0.00291831848730868,False
CU,KE,PV,0.0,False
CU,KE,WIND,0.024118300112022553,False
CU,KH,PV,0.0,False
CU,KR,PV,0.005336848680763276,False
CU,KR,WIND,0.002353172878507593,False
CU,KW,PV,0.0,False
CU,KZ,PV,0.0,False
CU,LC,PV,0.010042615739845516,False
CU,LK,PV,0.0,False
CU,LK,WIND,0.0,False
CU,LY,PV,0.0,False
CU,LY,WIND,0.0,False
CU,MA,PV,0.033521841959307914,False
CU,MA,WIND,0.003813792467551117,False
CU,MG,PV,0.0,False
CU,MM,PV,0.0,False
CU,MN,PV,0.0,False
CU,MN,WIND,0.0,False
CU,MR,PV,0.0,False
CU,MR,WIND,0.01803735213977128,False
CU,MU,PV,0.0,False
CU,MX,PV,0.02564485750176279,False
CU,MX,WIND,0.0,False
CU,MY,PV,0.0,False
CU,NE,PV,0.0019723049675770907,False
CU,NG,PV,0.0,False
CU,NI,PV,0.0,False
CU,NL,PV,0.0,False
CU,NL,WIND,0.0,False
CU,NO,WIND,0.009460865641028498,False
CU,NP,PV,0.0,False
CU,NZ,WIND,0.0037165798510649744,False
CU,OM,PV,0.0,False
CU,PA,PV,0.0,False
CU,PE,PV,0.0,False
CU,PE,WIND,0.0,False
CU,PH,PV,0.022812331134680782,False
CU,PH,WIND,0.011621682535374897,False
CU,PK,PV,0.0,False
CU,PK,WIND,0.0,False
CU,PL,PV,0.0,False
CU,PL,WIND,0.0030518681691628123,False
CU,PS,PV,0.0,False
CU,PT,PV,0.0,False
CU,PT,WIND,0.0002085126390906519,False
CU,PY,PV,0.0,False
CU,PY,WIND,0.0,False
CU,RO,PV,0.0,False
CU,RO,WIND,0.0,False
CU,RU,PV,0.0,False
CU,RU,WIND,0.0,False
CU,RW,PV,0.0,False
CU,SA,PV,0.0,False
CU,SE,WIND,0.0,False
CU,SK,PV,0.0,False
CU,SN,PV,0.013582780177044725,False
CU,SR,PV,0.005284325773711754,False
CU,SV,PV,0.0,False
CU,TH,PV,0.0,False
CU,TH,WIND,0.0,False
CU,TN,WIND,0.0,False
CU,TR,PV,0.0,False
CU,TR,WIND,0.0,False
CU,TW,PV,0.0,False
CU,TW,WIND,0.002335899504859063,False
CU,UA,PV,0.0,False
CU,UG,PV,0.0,False
CU,US,PV,0.14153963496302038,False
CU,US,WIND,0.04454634412139161,False
CU,UY,PV,0.011112171078266259,False
CU,UY,WIND,0.0,False
CU,UZ,PV,0.0,False
CU,VN,PV,0.0,False
CU,VN,WIND,0.0,False
CU,ZA,PV,0.0,False
CU,ZA,WIND,0.011174459039571927,False
CU,ZM,PV,0.0,False
CU,nan,PV,0.0,False
CV,AE,PV,0.0,False
CV,AF,PV,0.0,False
CV,AQ,WIND,0.0,False
CV,AR,PV,0.0,False
CV,AR,WIND,0.0,False
CV,AT,WIND,0.0008098268021407948,False
CV,AU,PV,0.0,False
CV,AU,WIND,0.0,False
CV,BD,PV,0.0,False
CV,BE,PV,0.0,False
CV,BE,WIND,0.0,False
CV,BF,PV,0.027847680516467105,False
CV,BG,PV,0.0,False
CV,BG,WIND,0.0,False
CV,BH,PV,0.0,False
CV,BI,PV,0.0,False
CV,BO,PV,0.0,False
CV,BR,PV,0.0,False
CV,BR,WIND,0.0050849590391354215,False
CV,BY,PV,0.0,False
CV,CA,PV,0.0,False
CV,CA,WIND,0.01694184851503088,False
CV,CH,PV,0.0,False
CV,CL,PV,0.04023588508753904,False
CV,CL,WIND,0.0,False
CV,CN,PV,0.0,False
CV,CN,WIND,0.04455859371068733,False
CV,CO,PV,0.0,False
CV,CR,PV,0.0,False
CV,CU,PV,0.0,False
CV,CU,WIND,0.0,False
CV,CV,PV,0.0,True
CV,CZ,PV,0.0,False
CV,DE,PV,0.0,False
CV,DE,WIND,0.0,False
CV,DK,PV,0.0,False
CV,DK,WIND,0.0,False
CV,DO,PV,0.0,False
CV,DO,WIND,0.007271582374623832,False
CV,DZ,PV,0.021687094924044407,False
CV,EC,PV,0.0,False
CV,EE,WIND,0.0,False
CV,EG,PV,0.0252390816927282,False
CV,EG,WIND,0.0,False
CV,ES,PV,0.008570517939609652,False
CV,ES,WIND,0.004033510925297541,False
CV,ET,WIND,0.0032547104355515476,False
CV,FI,WIND,0.0,False
CV,FJ,WIND,0.0,False
CV,FR,PV,0.028924080816014133,False
CV,FR,WIND,0.0185768113563423,False
CV,GB,PV,0.0,False
CV,GB,WIND,0.016086610320703933,False
CV,GF,PV,0.0,False
CV,GH,PV,0.0555707832441002,False
CV,GR,PV,0.004570475516708752,False
CV,GR,WIND,0.0,False
CV,GT,PV,0.03689745795653923,False
CV,GT,WIND,0.0,False
CV,HN,PV,0.0,False
CV,HN,WIND,0.0002922967323644404,False
CV,HU,PV,0.00469698358257893,False
CV,ID,PV,0.0,False
CV,ID,WIND,0.0014363781752839487,False
CV,IE,WIND,0.00488073919244715,False
CV,IL,PV,0.0,False
CV,IL,WIND,0.0,False
CV,IN,PV,0.0,False
CV,IN,WIND,0.0,False
CV,IR,PV,0.0,False
CV,IR,WIND,0.0,False
CV,IT,PV,0.007574676232433071,False
CV,IT,WIND,0.00013937528767727183,False
CV,JM,PV,0.0,False
CV,JM,WIND,0.0,False
CV,JO,PV,0.0,False
CV,JP,PV,0.0,False
CV,JP,WIND,0.0,False
CV,KE,PV,0.0,False
CV,KE,WIND,0.0,False
CV,KH,PV,0.0,False
CV,KR,PV,0.0,False
CV,KR,WIND,0.0,False
CV,KW,PV,0.0,False
CV,KZ,PV,0.0,False
CV,LC,PV,0.0,False
CV,LK,PV,0.0,False
CV,LK,WIND,0.0,False
CV,LY,PV,0.0,False
CV,LY,WIND,0.0,False
CV,MA,PV,0.0,False
CV,MA,WIND,0.012764582062364593,False
CV,MG,PV,0.0,False
CV,MM,PV,0.0,False
CV,MN,PV,0.0,False
CV,MN,WIND,0.0,False
CV,MR,PV,0.0,False
CV,MR,WIND,0.0,False
CV,MU,PV,0.0,False
CV,MX,PV,0.14048059366344595,False
CV,MX,WIND,0.033246416142124376,False
CV,MY,PV,0.0,False
CV,NE,PV,0.05280650857890926,False
CV,NG,PV,0.0,False
CV,NI,PV,0.0,False
CV,NL,PV,0.0,False
CV,NL,WIND,0.0,False
CV,NO,WIND,0.0,False
CV,NP,PV,0.0,False
CV,NZ,WIND,0.0023716079991037103,False
CV,OM,PV,0.0,False
CV,PA,PV,0.017135967386685408,False
CV,PE,PV,0.0,False
CV,PE,WIND,0.0,False
CV,PH,PV,0.0,False
CV,PH,WIND,0.023254035610903247,False
CV,PK,PV,0.0,False
CV,PK,WIND,0.0,False
CV,PL,PV,0.0,False
CV,PL,WIND,0.0,False
CV,PS,PV,0.0031845248196808794,False
CV,PT,PV,0.0,False
CV,PT,WIND,0.0002955542995052053,False
CV,PY,PV,0.0,False
CV,PY,WIND,0.0,False
CV,RO,PV,0.00481966267162196,False
CV,RO,WIND,0.0,False
CV,RU,PV,0.0005892913384602146,False
CV,RU,WIND,0.0,False
CV,RW,PV,0.0,False
CV,SA,PV,0.0,False
CV,SE,WIND,0.0,False
CV,SK,PV,0.0,False
CV,SN,PV,0.045635543505827526,False
CV,SR,PV,0.0,False
CV,SV,PV,0.0,False
CV,TH,PV,0.0,False
CV,TH,WIND,0.0,False
CV,TN,WIND,0.0030107965645184095,False
CV,TR,PV,0.0011888524277909127,False
CV,TR,WIND,0.0,False
CV,TW,PV,0.0,False
CV,TW,WIND,0.0,False
CV,UA,PV,0.0018872486300652884,False
CV,UG,PV,0.0,False
CV,US,PV,0.1829922508046262,False
CV,US,WIND,0.04131259902023781,False
CV,UY,PV,0.0,False
CV,UY,WIND,0.0,False
CV,UZ,PV,0.0,False
CV,VN,PV,0.0,False
CV,VN,WIND,0.010358757402488542,False
CV,ZA,PV,0.0,False
CV,ZA,WIND,0.000235322160669896,False
CV,ZM,PV,0.0,False
CV,nan,PV,0.037247924534922094,False
CZ,AE,PV,0.0,False
CZ,AF,PV,0.0,False
CZ,AQ,WIND,0.0,False
CZ,AR,PV,0.0036071002485694587,False
CZ,AR,WIND,0.0,False
CZ,AT,WIND,0.0,False
CZ,AU,PV,0.0,False
CZ,AU,WIND,0.0049590203751277455,False
CZ,BD,PV,0.0,False
CZ,BE,PV,0.0,False
CZ,BE,WIND,0.0,False
CZ,BF,PV,0.0,False
CZ,BG,PV,0.0,False
CZ,BG,WIND,0.0,False
CZ,BH,PV,0.0,False
CZ,BI,PV,0.0,False
CZ,BO,PV,0.0,False
CZ,BR,PV,0.0,False
CZ,BR,WIND,0.0023194399603190374,False
CZ,BY,PV,0.0,False
CZ,CA,PV,0.0,False
CZ,CA,WIND,0.013500057267456669,False
CZ,CH,PV,0.0,False
CZ,CL,PV,0.22947865496484332,False
CZ,CL,WIND,0.0,False
CZ,CN,PV,0.0,False
CZ,CN,WIND,0.06981800141213909,False
CZ,CO,PV,0.0,False
CZ,CR,PV,0.011808956958447733,False
CZ,CU,PV,0.0,False
CZ,CU,WIND,0.0009364982862651002,False
CZ,CV,PV,0.005947853807895375,False
CZ,CZ,PV,0.0,True
CZ,DE,PV,0.0,False
CZ,DE,WIND,0.013093651579177258,False
CZ,DK,PV,0.0,False
CZ,DK,WIND,0.0,False
CZ,DO,PV,0.0,False
CZ,DO,WIND,0.0,False
CZ,DZ,PV,0.0,False
CZ,EC,PV,0.0,False
CZ,EE,WIND,0.0,False
CZ,EG,PV,0.07497456354245915,False
CZ,EG,WIND,0.0,False
CZ,ES,PV,0.0,False
CZ,ES,WIND,0.009367413364735417,False
CZ,ET,WIND,0.0,False
CZ,FI,WIND,0.0,False
CZ,FJ,WIND,0.0,False
CZ,FR,PV,0.0,False
CZ,FR,WIND,0.016366330663055966,False
CZ,GB,PV,0.0,False
CZ,GB,WIND,0.0,False
CZ,GF,PV,0.0,False
CZ,GH,PV,0.006759186323677025,False
CZ,GR,PV,0.0,False
CZ,GR,WIND,0.0,False
CZ,GT,PV,0.00656792741401932,False
CZ,GT,WIND,0.0,False
CZ,HN,PV,0.0,False
CZ,HN,WIND,0.0,False
CZ,HU,PV,0.0,False
CZ,ID,PV,0.0,False
CZ,ID,WIND,0.0,False
CZ,IE,WIND,0.0,False
CZ,IL,PV,0.0,False
CZ,IL,WIND,0.0,False
CZ,IN,PV,0.03428716143160956,False
CZ,IN,WIND,0.0,False
CZ,IR,PV,0.0,False
CZ,IR,WIND,0.0,False
CZ,IT,PV,0.0,False
CZ,IT,WIND,0.0,False
CZ,JM,PV,0.0,False
CZ,JM,WIND,0.0023077369473759246,False
CZ,JO,PV,0.0,False
CZ,JP,PV,0.0,False
CZ,JP,WIND,0.0,False
CZ,KE,PV,0.03571228534135756,False
CZ,KE,WIND,0.01295595622845767,False
CZ,KH,PV,0.0,False
CZ,KR,PV,0.0,False
CZ,KR,WIND,0.0006927843283596875,False
CZ,KW,PV,0.0,False
CZ,KZ,PV,0.0,False
CZ,LC,PV,0.0,False
CZ,LK,PV,0.0,False
CZ,LK,WIND,0.0,False
CZ,LY,PV,0.0,False
CZ,LY,WIND,0.0,False
CZ,MA,PV,0.0,False
CZ,MA,WIND,0.0,False
CZ,MG,PV,0.0,False
CZ,MM,PV,0.0,False
CZ,MN,PV,0.0,False
CZ,MN,WIND,0.0,False
CZ,MR,PV,0.0,False
CZ,MR,WIND,0.011922312552312854,False
CZ,MU,PV,0.0,False
CZ,MX,PV,0.08294317358444894,False
CZ,MX,WIND,0.0,False
CZ,MY,PV,0.0,False
CZ,NE,PV,0.011185928138140292,False
CZ,NG,PV,0.0,False
CZ,NI,PV,0.0,False
CZ,NL,PV,0.0,False
CZ,NL,WIND,0.0,False
CZ,NO,WIND,0.0,False
CZ,NP,PV,0.001144132937323432,False
CZ,NZ,WIND,0.003465856039103256,False
CZ,OM,PV,0.10541939865145837,False
CZ,PA,PV,0.0,False
CZ,PE,PV,0.0,False
CZ,PE,WIND,0.0,False
CZ,PH,PV,0.0,False
CZ,PH,WIND,0.03239889097136271,False
CZ,PK,PV,0.0,False
CZ,PK,WIND,0.0,False
CZ,PL,PV,0.0,False
CZ,PL,WIND,0.0017304850901732705,False
CZ,PS,PV,0.0,False
CZ,PT,PV,0.0,False
CZ,PT,WIND,0.004560313206363964,False
CZ,PY,PV,0.01681465217982333,False
CZ,PY,WIND,0.0,False
CZ,RO,PV,0.0,False
CZ,RO,WIND,0.0,False
CZ,RU,PV,0.008049096898917103,False
CZ,RU,WIND,0.0,False
CZ,RW,PV,0.0,False
CZ,SA,PV,0.035270438346750976,False
CZ,SE,WIND,0.0,False
CZ,SK,PV,0.0,False
CZ,SN,PV,0.010137595570666015,False
CZ,SR,PV,0.0,False
CZ,SV,PV,0.0,False
CZ,TH,PV,0.0,False
CZ,TH,WIND,0.0027968579269476777,False
CZ,TN,WIND,0.0,False
CZ,TR,PV,0.0,False
CZ,TR,WIND,0.0,False
CZ,TW,PV,0.0,False
CZ,TW,WIND,0.0010781880720546716,False
CZ,UA,PV,0.0,False
CZ,UG,PV,0.001992288217678082,False
CZ,US,PV,0.045744922233039505,False
CZ,US,WIND,0.05754632452005908,False
CZ,UY,PV,0.0026718717248414626,False
CZ,UY,WIND,0.0,False
CZ,UZ,PV,0.0,False
CZ,VN,PV,0.0,False
CZ,VN,WIND,0.0,False
CZ,ZA,PV,0.006608331963132016,False
CZ,ZA,WIND,0.001058360730053755,False
CZ,ZM,PV,0.0,False
CZ,nan,PV,0.0,False
DE,AE,PV,0.001087100419168563,False
DE,AF,PV,0.0,False
DE,AQ,WIND,0.0,False
DE,AR,PV,0.0,False
DE,AR,WIND,0.0,False
DE,AT,WIND,0.0011332994646771229,False
DE,AU,PV,0.0,False
DE,AU,WIND,0.005918551446137009,False
DE,BD,PV,0.0,False
DE,BE,PV,0.0,False
DE,BE,WIND,0.0,False
DE,BF,PV,0.0,False
DE,BG,PV,0.0,False
DE,BG,WIND,0.0,False
DE,BH,PV,0.0,False
DE,BI,PV,0.0,False
DE,BO,PV,0.0,False
DE,BR,PV,0.0,False
DE,BR,WIND,0.0007602217803838491,False
DE,BY,PV,0.0,False
DE,CA,PV,0.0,False
DE,CA,WIND,0.022122654380672357,False
DE,CH,PV,0.0,False
DE,CL,PV,0.15023695856462796,False
DE,CL,WIND,0.0,False
DE,CN,PV,0.0,False
DE,CN,WIND,0.07905847542962192,False
DE,CO,PV,0.0,False
DE,CR,PV,0.0,False
DE,CU,PV,0.0,False
DE,CU,WIND,0.009141636767241725,False
DE,CV,PV,0.023350012594759422,False
DE,CZ,PV,0.0,False
DE,DE,PV,0.0,True
DE,DE,WIND,0.015138778388221287,True
DE,DK,PV,0.0,False
DE,DK,WIND,0.0,False
DE,DO,PV,0.0,False
DE,DO,WIND,0.006410671806095232,False
DE,DZ,PV,0.0,False
DE,EC,PV,0.0,False
DE,EE,WIND,0.0,False
DE,EG,PV,0.06901472614904172,False
DE,EG,WIND,0.0,False
DE,ES,PV,0.0,False
DE,ES,WIND,0.033759944013633705,False
DE,ET,WIND,0.0037326461949203815,False
DE,FI,WIND,0.0,False
DE,FJ,WIND,0.000716650205763577,False
DE,FR,PV,0.0,False
DE,FR,WIND,0.016877832479309622,False
DE,GB,PV,0.0,False
DE,GB,WIND,0.004223049763899673,False
DE,GF,PV,0.0,False
DE,GH,PV,0.018107110731801684,False
DE,GR,PV,0.0,False
DE,GR,WIND,0.0,False
DE,GT,PV,0.0,False
DE,GT,WIND,0.0022645567509423314,False
DE,HN,PV,0.0,False
DE,HN,WIND,0.0,False
DE,HU,PV,0.0,False
DE,ID,PV,0.0,False
DE,ID,WIND,0.0,False
DE,IE,WIND,0.0,False
DE,IL,PV,0.0,False
DE,IL,WIND,0.0,False
DE,IN,PV,0.03545244816631302,False
DE,IN,WIND,0.0,False
DE,IR,PV,0.0,False
DE,IR,WIND,0.0,False
DE,IT,PV,0.0,False
DE,IT,WIND,0.00019527455488590976,False
DE,JM,PV,0.0,False
DE,JM,WIND,0.010216258901883194,False
DE,JO,PV,0.022433218687003008,False
DE,JP,PV,0.0,False
DE,JP,WIND,0.0026073167660343325,False
DE,KE,PV,0.02782750993280777,False
DE,KE,WIND,0.03297104852779588,False
DE,KH,PV,0.0,False
DE,KR,PV,0.0,False
DE,KR,WIND,0.0,False
DE,KW,PV,0.004999853413186927,False
DE,KZ,PV,0.0,False
DE,LC,PV,0.0,False
DE,LK,PV,0.0,False
DE,LK,WIND,0.0,False
DE,LY,PV,0.0,False
DE,LY,WIND,0.0,False
DE,MA,PV,0.0,False
DE,MA,WIND,0.003604732569151608,False
DE,MG,PV,0.0,False
DE,MM,PV,0.0,False
DE,MN,PV,0.0,False
DE,MN,WIND,0.0,False
DE,MR,PV,0.0,False
DE,MR,WIND,0.014830247710907182,False
DE,MU,PV,0.0,False
DE,MX,PV,0.09986605068807416,False
DE,MX,WIND,0.0,False
DE,MY,PV,0.0,False
DE,NE,PV,0.028752955051675654,False
DE,NG,PV,0.0,False
DE,NI,PV,0.0,False
DE,NL,PV,0.0,False
DE,NL,WIND,0.0,False
DE,NO,WIND,0.0,False
DE,NP,PV,0.0,False
DE,NZ,WIND,0.0,False
DE,OM,PV,0.05737325721354851,False
DE,PA,PV,0.0,False
DE,PE,PV,0.0,False
DE,PE,WIND,0.0,False
DE,PH,PV,0.0,False
DE,PH,WIND,0.008330460074980126,False
DE,PK,PV,0.0,False
DE,PK,WIND,0.0,False
DE,PL,PV,0.0,False
DE,PL,WIND,0.0,False
DE,PS,PV,0.0,False
DE,PT,PV,0.0,False
DE,PT,WIND,0.0008943600183635978,False
DE,PY,PV,0.001531030341706118,False
DE,PY,WIND,0.0,False
DE,RO,PV,0.0,False
DE,RO,WIND,0.0,False
DE,RU,PV,0.013913804792803405,False
DE,RU,WIND,0.0,False
DE,RW,PV,0.0,False
DE,SA,PV,0.025962437750441783,False
DE,SE,WIND,0.0,False
DE,SK,PV,0.0,False
DE,SN,PV,0.002102405420313948,False
DE,SR,PV,0.0,False
DE,SV,PV,0.0,False
DE,TH,PV,0.0,False
DE,TH,WIND,0.0016714157488379399,False
DE,TN,WIND,0.0,False
DE,TR,PV,0.0,False
DE,TR,WIND,0.0,False
DE,TW,PV,0.0,False
DE,TW,WIND,0.00024404439186895128,False
DE,UA,PV,0.0,False
DE,UG,PV,0.0012959860144150035,False
DE,US,PV,0.06699069738074606,False
DE,US,WIND,0.05434280702286592,False
DE,UY,PV,0.012443260205524866,False
DE,UY,WIND,0.0,False
DE,UZ,PV,0.0,False
DE,VN,PV,0.0,False
DE,VN,WIND,0.0,False
DE,ZA,PV,0.0,False
DE,ZA,WIND,0.006092241322945506,False
DE,ZM,PV,0.0,False
DE,nan,PV,0.0,False
DK,AE,PV,0.0,False
DK,AF,PV,0.0,False
DK,AQ,WIND,0.0,False
DK,AR,PV,0.0,False
DK,AR,WIND,0.0,False
DK,AT,WIND,0.0,False
DK,AU,PV,0.0,False
DK,AU,WIND,0.0,False
DK,BD,PV,0.0,False
DK,BE,PV,0.0,False
DK,BE,WIND,0.0,False
DK,BF,PV,0.0,False
DK,BG,PV,0.0,False
DK,BG,WIND,0.0,False
DK,BH,PV,0.0,False
DK,BI,PV,0.0,False
DK,BO,PV,0.0,False
DK,BR,PV,0.0,False
DK,BR,WIND,0.002068873855085878,False
DK,BY,PV,0.0,False
DK,CA,PV,0.0,False
DK,CA,WIND,0.014463282396243655,False
DK,CH,PV,0.0,False
DK,CL,PV,0.20316549997950023,False
DK,CL,WIND,0.0,False
DK,CN,PV,0.0,False
DK,CN,WIND,0.06608468224421196,False
DK,CO,PV,0.0,False
DK,CR,PV,0.0051130427340836115,False
DK,CU,PV,0.0,False
DK,CU,WIND,0.0,False
DK,CV,PV,0.0,False
DK,CZ,PV,0.0,False
DK,DE,PV,0.0,False
DK,DE,WIND,0.01984095198764249,False
DK,DK,PV,0.0,True
DK,DK,WIND,0.0,True
DK,DO,PV,0.0,False
DK,DO,WIND,0.0025439776997562506,False
DK,DZ,PV,0.0,False
DK,EC,PV,0.0,False
DK,EE,WIND,0.0,False
DK,EG,PV,0.1313964143443476,False
DK,EG,WIND,0.0,False
DK,ES,PV,0.0,False
DK,ES,WIND,0.010593526441351331,False
DK,ET,WIND,0.0,False
DK,FI,WIND,0.0,False
DK,FJ,WIND,0.0,False
DK,FR,PV,0.0,False
DK,FR,WIND,0.010237600625735959,False
DK,GB,PV,0.0,False
DK,GB,WIND,0.0011088242967339532,False
DK,GF,PV,0.0,False
DK,GH,PV,0.0,False
DK,GR,PV,0.0,False
DK,GR,WIND,0.0,False
DK,GT,PV,0.0039086535830563625,False
DK,GT,WIND,0.0011695140504223661,False
DK,HN,PV,0.0,False
DK,HN,WIND,0.0,False
DK,HU,PV,0.0,False
DK,ID,PV,0.0,False
DK,ID,WIND,0.0,False
DK,IE,WIND,0.0,False
DK,IL,PV,0.0,False
DK,IL,WIND,0.0,False
DK,IN,PV,0.03228103755054425,False
DK,IN,WIND,0.0035983102898018895,False
DK,IR,PV,0.0,False
DK,IR,WIND,0.0,False
DK,IT,PV,0.0,False
DK,IT,WIND,0.0,False
DK,JM,PV,0.0,False
DK,JM,WIND,0.011789358773619968,False
DK,JO,PV,0.0,False
DK,JP,PV,0.0,False
DK,JP,WIND,0.003711238245948816,False
DK,KE,PV,0.04399510719571131,False
DK,KE,WIND,0.015608023965797403,False
DK,KH,PV,0.0,False
DK,KR,PV,0.0,False
DK,KR,WIND,0.003019954336521935,False
DK,KW,PV,0.0,False
DK,KZ,PV,0.0,False
DK,LC,PV,0.0,False
DK,LK,PV,0.0,False
DK,LK,WIND,0.0,False
DK,LY,PV,0.0,False
DK,LY,WIND,0.0,False
DK,MA,PV,0.0,False
DK,MA,WIND,0.0,False
DK,MG,PV,0.0,False
DK,MM,PV,0.0,False
DK,MN,PV,0.0,False
DK,MN,WIND,0.0,False
DK,MR,PV,0.0,False
DK,MR,WIND,0.020866718647453902,False
DK,MU,PV,0.0,False
DK,MX,PV,0.05971834493898737,False
DK,MX,WIND,0.0,False
DK,MY,PV,0.0,False
DK,NE,PV,0.009752793648510784,False
DK,NG,PV,0.0,False
DK,NI,PV,0.0077159564592884375,False
DK,NL,PV,0.0,False
DK,NL,WIND,0.0,False
DK,NO,WIND,0.0,False
DK,NP,PV,0.0,False
DK,NZ,WIND,0.0,False
DK,OM,PV,0.09189661430974701,False
DK,PA,PV,0.0,False
DK,PE,PV,0.0,False
DK,PE,WIND,0.0,False
DK,PH,PV,0.0,False
DK,PH,WIND,0.031319512358745936,False
DK,PK,PV,0.0,False
DK,PK,WIND,0.0,False
DK,PL,PV,0.0,False
DK,PL,WIND,0.005429433057564723,False
DK,PS,PV,0.0,False
DK,PT,PV,0.0,False
DK,PT,WIND,0.0031646182881123826,False
DK,PY,PV,0.023913200594114007,False
DK,PY,WIND,0.0,False
DK,RO,PV,0.0,False
DK,RO,WIND,0.0,False
DK,RU,PV,0.011849013605179806,False
DK,RU,WIND,0.0,False
DK,RW,PV,0.0,False
DK,SA,PV,0.008350016014116632,False
DK,SE,WIND,0.0,False
DK,SK,PV,0.0,False
DK,SN,PV,0.004986635060605339,False
DK,SR,PV,0.0,False
DK,SV,PV,0.0,False
DK,TH,PV,0.0,False
DK,TH,WIND,0.0,False
DK,TN,WIND,0.0002555559807091124,False
DK,TR,PV,0.0,False
DK,TR,WIND,0.0,False
DK,TW,PV,0.0,False
DK,TW,WIND,0.0,False
DK,UA,PV,0.0,False
DK,UG,PV,0.0,False
DK,US,PV,0.06509320438158536,False
DK,US,WIND,0.05536296466560942,False
DK,UY,PV,0.0,False
DK,UY,WIND,0.0,False
DK,UZ,PV,0.0,False
DK,VN,PV,0.0,False
DK,VN,WIND,0.0,False
DK,ZA,PV,0.012433534005642514,False
DK,ZA,WIND,0.0021940093879089274,False
DK,ZM,PV,0.0,False
DK,nan,PV,0.0,False
DO,AE,PV,0.0,False
DO,AF,PV,0.0,False
DO,AQ,WIND,0.0,False
DO,AR,PV,0.0,False
DO,AR,WIND,0.0,False
DO,AT,WIND,0.0,False
DO,AU,PV,0.16547389561206025,False
DO,AU,WIND,0.0,False
DO,BD,PV,0.0,False
DO,BE,PV,0.0012680989115561394,False
DO,BE,WIND,0.0,False
DO,BF,PV,0.00441313310759087,False
DO,BG,PV,0.0,False
DO,BG,WIND,0.0014809569733504721,False
DO,BH,PV,0.0,False
DO,BI,PV,0.0,False
DO,BO,PV,0.0,False
DO,BR,PV,0.039107696123198664,False
DO,BR,WIND,0.015178651176722987,False
DO,BY,PV,0.0,False
DO,CA,PV,0.0,False
DO,CA,WIND,0.014206251898517222,False
DO,CH,PV,0.0006655812809299852,False
DO,CL,PV,0.06902107752587683,False
DO,CL,WIND,0.0,False
DO,CN,PV,0.0,False
DO,CN,WIND,0.0210350543411669,False
DO,CO,PV,0.0,False
DO,CR,PV,0.0,False
DO,CU,PV,0.0,False
DO,CU,WIND,0.0,False
DO,CV,PV,0.047477021957778864,False
DO,CZ,PV,0.0,False
DO,DE,PV,0.004701955709029521,False
DO,DE,WIND,0.0,False
DO,DK,PV,0.002868038909453441,False
DO,DK,WIND,0.0,False
DO,DO,PV,0.0,True
DO,DO,WIND,0.016366682879819013,True
DO,DZ,PV,0.0,False
DO,EC,PV,0.0,False
DO,EE,WIND,0.0,False
DO,EG,PV,0.0,False
DO,EG,WIND,0.0,False
DO,ES,PV,0.0013651394063369886,False
DO,ES,WIND,0.007795346595232776,False
DO,ET,WIND,0.006511276952891154,False
DO,FI,WIND,0.0,False
DO,FJ,WIND,0.0026377391079309962,False
DO,FR,PV,0.008785948212649804,False
DO,FR,WIND,0.005207396786600525,False
DO,GB,PV,0.0,False
DO,GB,WIND,0.0028833627949819006,False
DO,GF,PV,0.010088031751313032,False
DO,GH,PV,0.004809468785169618,False
DO,GR,PV,0.0,False
DO,GR,WIND,0.0008425989004906548,False
DO,GT,PV,0.001574019663495801,False
DO,GT,WIND,0.0,False
DO,HN,PV,0.0,False
DO,HN,WIND,0.0024041595885806164,False
DO,HU,PV,0.0,False
DO,ID,PV,0.0,False
DO,ID,WIND,0.0,False
DO,IE,WIND,0.0,False
DO,IL,PV,0.0,False
DO,IL,WIND,0.0033822395588733074,False
DO,IN,PV,0.0,False
DO,IN,WIND,0.001510530114462214,False
DO,IR,PV,0.0,False
DO,IR,WIND,0.0,False
DO,IT,PV,0.0,False
DO,IT,WIND,0.0,False
DO,JM,PV,0.0,False
DO,JM,WIND,0.0031317056935180145,False
DO,JO,PV,0.0,False
DO,JP,PV,0.039876323710026376,False
DO,JP,WIND,0.0012805481534105434,False
DO,KE,PV,0.0,False
DO,KE,WIND,0.007348974889897834,False
DO,KH,PV,0.0,False
DO,KR,PV,0.0,False
DO,KR,WIND,0.0,False
DO,KW,PV,0.0,False
DO,KZ,PV,0.0,False
DO,LC,PV,0.0,False
DO,LK,PV,0.0,False
DO,LK,WIND,0.0,False
DO,LY,PV,0.0,False
DO,LY,WIND,0.0,False
DO,MA,PV,0.009627196702407116,False
DO,MA,WIND,0.005337797234138146,False
DO,MG,PV,0.0,False
DO,MM,PV,0.0,False
DO,MN,PV,0.0,False
DO,MN,WIND,0.0,False
DO,MR,PV,0.008856926406561223,False
DO,MR,WIND,0.013091824997391682,False
DO,MU,PV,0.0,False
DO,MX,PV,0.05040843020441031,False
DO,MX,WIND,0.012478663354708104,False
DO,MY,PV,0.0,False
DO,NE,PV,0.0,False
DO,NG,PV,0.00018905020320122352,False
DO,NI,PV,0.0,False
DO,NL,PV,0.0003135777531925255,False
DO,NL,WIND,0.0,False
DO,NO,WIND,0.0,False
DO,NP,PV,0.0,False
DO,NZ,WIND,0.007168362734852988,False
DO,OM,PV,0.0,False
DO,PA,PV,0.002704415763170902,False
DO,PE,PV,0.0,False
DO,PE,WIND,0.0,False
DO,PH,PV,0.0,False
DO,PH,WIND,0.010482493321472199,False
DO,PK,PV,0.0,False
DO,PK,WIND,0.013563052979797338,False
DO,PL,PV,0.0,False
DO,PL,WIND,0.0031895528460257694,False
DO,PS,PV,0.0,False
DO,PT,PV,0.0,False
DO,PT,WIND,0.0004573089988722088,False
DO,PY,PV,0.022974992711786484,False
DO,PY,WIND,0.0,False
DO,RO,PV,0.0,False
DO,RO,WIND,0.0,False
DO,RU,PV,0.0,False
DO,RU,WIND,0.001802460194208796,False
DO,RW,PV,0.0,False
DO,SA,PV,0.0,False
DO,SE,WIND,0.0,False
DO,SK,PV,0.0,False
DO,SN,PV,0.04555132956453,False
DO,SR,PV,0.009929212326147803,False
DO,SV,PV,0.0,False
DO,TH,PV,0.0,False
DO,TH,WIND,0.007396792424462435,False
DO,TN,WIND,0.0,False
DO,TR,PV,0.0,False
DO,TR,WIND,0.0,False
DO,TW,PV,0.0,False
DO,TW,WIND,0.0,False
DO,UA,PV,0.0,False
DO,UG,PV,0.0,False
DO,US,PV,0.20742042827854382,False
DO,US,WIND,0.02690342015799683,False
DO,UY,PV,0.014562388981126901,False
DO,UY,WIND,0.0011748653574455907,False
DO,UZ,PV,0.0,False
DO,VN,PV,0.0,False
DO,VN,WIND,0.0,False
DO,ZA,PV,0.0,False
DO,ZA,WIND,0.009716549430636927,False
DO,ZM,PV,0.0,False
DO,nan,PV,0.0,False
DZ,AE,PV,0.0,False
DZ,AF,PV,0.0,False
DZ,AQ,WIND,0.0,False
DZ,AR,PV,0.0,False
DZ,AR,WIND,0.004368982632120599,False
DZ,AT,WIND,0.0009654298844986139,False
DZ,AU,PV,0.0,False
DZ,AU,WIND,0.004700389637310663,False
DZ,BD,PV,0.0,False
DZ,BE,PV,0.0,False
DZ,BE,WIND,0.0023392163728974233,False
DZ,BF,PV,0.009928704020654888,False
DZ,BG,PV,0.0,False
DZ,BG,WIND,0.014035603730655688,False
DZ,BH,PV,0.0,False
DZ,BI,PV,0.0018449871058300957,False
DZ,BO,PV,0.0,False
DZ,BR,PV,0.019615310639770768,False
DZ,BR,WIND,0.0006628163706624605,False
DZ,BY,PV,0.004889145924567402,False
DZ,CA,PV,0.0,False
DZ,CA,WIND,0.008052997522103172,False
DZ,CH,PV,0.0,False
DZ,CL,PV,0.027324883727404107,False
DZ,CL,WIND,0.002955078591531035,False
DZ,CN,PV,0.0,False
DZ,CN,WIND,0.05122907295081498,False
DZ,CO,PV,0.0,False
DZ,CR,PV,0.0,False
DZ,CU,PV,0.0,False
DZ,CU,WIND,0.0,False
DZ,CV,PV,0.04330082887255697,False
DZ,CZ,PV,0.0,False
DZ,DE,PV,0.015658040796485324,False
DZ,DE,WIND,0.0023757663411898616,False
DZ,DK,PV,0.017638238912338663,False
DZ,DK,WIND,0.0,False
DZ,DO,PV,0.0,False
DZ,DO,WIND,0.0,False
DZ,DZ,PV,0.0,True
DZ,EC,PV,0.0,False
DZ,EE,WIND,0.0,False
DZ,EG,PV,0.001012498094168197,False
DZ,EG,WIND,0.0010909662247892509,False
DZ,ES,PV,0.01005639457492232,False
DZ,ES,WIND,0.019455203417852063,False
DZ,ET,WIND,0.0,False
DZ,FI,WIND,0.0,False
DZ,FJ,WIND,0.012169649879833032,False
DZ,FR,PV,0.001591714704481817,False
DZ,FR,WIND,0.008349494471452406,False
DZ,GB,PV,0.0,False
DZ,GB,WIND,0.039136294053465026,False
DZ,GF,PV,0.00829311425276115,False
DZ,GH,PV,0.00935832902161601,False
DZ,GR,PV,0.0,False
DZ,GR,WIND,0.0,False
DZ,GT,PV,0.0,False
DZ,GT,WIND,0.0,False
DZ,HN,PV,0.0,False
DZ,HN,WIND,0.0,False
DZ,HU,PV,0.0,False
DZ,ID,PV,0.0,False
DZ,ID,WIND,0.0,False
DZ,IE,WIND,0.0,False
DZ,IL,PV,0.021885103358461905,False
DZ,IL,WIND,0.014976426552701096,False
DZ,IN,PV,0.0,False
DZ,IN,WIND,0.0,False
DZ,IR,PV,0.0,False
DZ,IR,WIND,0.0,False
DZ,IT,PV,0.002539915144062404,False
DZ,IT,WIND,0.0,False
DZ,JM,PV,0.0,False
DZ,JM,WIND,0.0,False
DZ,JO,PV,0.0,False
DZ,JP,PV,0.0,False
DZ,JP,WIND,0.003134718246332634,False
DZ,KE,PV,0.0,False
DZ,KE,WIND,0.0,False
DZ,KH,PV,0.0,False
DZ,KR,PV,0.0,False
DZ,KR,WIND,0.0,False
DZ,KW,PV,0.0,False
DZ,KZ,PV,0.0,False
DZ,LC,PV,0.0,False
DZ,LK,PV,0.0,False
DZ,LK,WIND,0.023390406972518013,False
DZ,LY,PV,0.0,False
DZ,LY,WIND,0.0,False
DZ,MA,PV,0.0332998428817438,False
DZ,MA,WIND,0.012077836486886788,False
DZ,MG,PV,0.0,False
DZ,MM,PV,0.0,False
DZ,MN,PV,0.0,False
DZ,MN,WIND,0.0,False
DZ,MR,PV,0.005842748632149909,False
DZ,MR,WIND,0.0,False
DZ,MU,PV,0.0,False
DZ,MX,PV,0.1286668507717379,False
DZ,MX,WIND,0.0,False
DZ,MY,PV,0.0,False
DZ,NE,PV,0.009300016786319027,False
DZ,NG,PV,0.0,False
DZ,NI,PV,0.008518390367929951,False
DZ,NL,PV,0.0,False
DZ,NL,WIND,0.0038503582942833207,False
DZ,NO,WIND,0.0,False
DZ,NP,PV,0.0,False
DZ,NZ,WIND,0.00930378788229438,False
DZ,OM,PV,0.0,False
DZ,PA,PV,0.0,False
DZ,PE,PV,0.0,False
DZ,PE,WIND,0.011058568407309384,False
DZ,PH,PV,0.0,False
DZ,PH,WIND,0.0,False
DZ,PK,PV,0.0,False
DZ,PK,WIND,0.0,False
DZ,PL,PV,0.0,False
DZ,PL,WIND,0.0,False
DZ,PS,PV,0.03054650731042603,False
DZ,PT,PV,0.0,False
DZ,PT,WIND,0.001220874947054751,False
DZ,PY,PV,0.0,False
DZ,PY,WIND,0.0,False
DZ,RO,PV,0.0,False
DZ,RO,WIND,0.0002689064812092391,False
DZ,RU,PV,0.0,False
DZ,RU,WIND,0.0072310880728917995,False
DZ,RW,PV,0.0,False
DZ,SA,PV,0.0,False
DZ,SE,WIND,0.009972600368652508,False
DZ,SK,PV,0.0,False
DZ,SN,PV,0.0,False
DZ,SR,PV,0.006149404492729734,False
DZ,SV,PV,0.0,False
DZ,TH,PV,0.0,False
DZ,TH,WIND,0.0,False
DZ,TN,WIND,0.0,False
DZ,TR,PV,0.010623866894853251,False
DZ,TR,WIND,0.0,False
DZ,TW,PV,0.0,False
DZ,TW,WIND,0.0,False
DZ,UA,PV,0.0010695202075374417,False
DZ,UG,PV,0.0,False
DZ,US,PV,0.2339195395259899,False
DZ,US,WIND,0.02267740005509929,False
DZ,UY,PV,0.001383801742461395,False
DZ,UY,WIND,0.0,False
DZ,UZ,PV,0.0,False
DZ,VN,PV,0.0,False
DZ,VN,WIND,0.007324092030753354,False
DZ,ZA,PV,0.0,False
DZ,ZA,WIND,0.0006919533603020327,False
DZ,ZM,PV,0.029904247225477947,False
DZ,nan,PV,0.006772073771097594,False
EC,AE,PV,0.0,False
EC,AF,PV,0.0,False
EC,AQ,WIND,0.0,False
EC,AR,PV,0.0,False
EC,AR,WIND,0.0,False
EC,AT,WIND,0.0,False
EC,AU,PV,0.15042663770920509,False
EC,AU,WIND,0.0,False
EC,BD,PV,0.0,False
EC,BE,PV,0.0,False
EC,BE,WIND,0.0,False
EC,BF,PV,0.0,False
EC,BG,PV,0.0,False
EC,BG,WIND,0.0,False
EC,BH,PV,0.0,False
EC,BI,PV,0.0,False
EC,BO,PV,0.0013941947810073973,False
EC,BR,PV,0.011457764509752274,False
EC,BR,WIND,0.0,False
EC,BY,PV,0.0,False
EC,CA,PV,0.0,False
EC,CA,WIND,0.0070047104763993505,False
EC,CH,PV,0.0,False
EC,CL,PV,0.05155630088834032,False
EC,CL,WIND,0.0,False
EC,CN,PV,0.0,False
EC,CN,WIND,0.04016249999285398,False
EC,CO,PV,0.0,False
EC,CR,PV,0.004095101706216182,False
EC,CU,PV,0.0,False
EC,CU,WIND,0.0,False
EC,CV,PV,0.004358032411194385,False
EC,CZ,PV,0.0,False
EC,DE,PV,0.0,False
EC,DE,WIND,0.0,False
EC,DK,PV,0.0,False
EC,DK,WIND,0.0,False
EC,DO,PV,0.01401272120384914,False
EC,DO,WIND,0.0018829418134553688,False
EC,DZ,PV,0.0,False
EC,EC,PV,0.0,True
EC,EE,WIND,0.0,False
EC,EG,PV,0.0,False
EC,EG,WIND,0.0,False
EC,ES,PV,0.0,False
EC,ES,WIND,0.008284921978734712,False
EC,ET,WIND,0.009128310453361406,False
EC,FI,WIND,0.0,False
EC,FJ,WIND,0.0,False
EC,FR,PV,0.0026606366998325717,False
EC,FR,WIND,0.006808538145695908,False
EC,GB,PV,0.0062475783820053745,False
EC,GB,WIND,0.0,False
EC,GF,PV,0.0,False
EC,GH,PV,0.0,False
EC,GR,PV,0.0,False
EC,GR,WIND,0.009104298354371635,False
EC,GT,PV,0.026852061729919156,False
EC,GT,WIND,0.0,False
EC,HN,PV,0.0,False
EC,HN,WIND,0.02118150731649318,False
EC,HU,PV,0.0,False
EC,ID,PV,0.0,False
EC,ID,WIND,0.0049761870586210585,False
EC,IE,WIND,0.0,False
EC,IL,PV,0.0,False
EC,IL,WIND,0.011818467944831245,False
EC,IN,PV,0.0,False
EC,IN,WIND,0.003828081950026118,False
EC,IR,PV,0.0,False
EC,IR,WIND,0.0,False
EC,IT,PV,0.0,False
EC,IT,WIND,0.0,False
EC,JM,PV,0.0,False
EC,JM,WIND,0.0,False
EC,JO,PV,0.0,False
EC,JP,PV,0.06021718560048876,False
EC,JP,WIND,0.005305292276705882,False
EC,KE,PV,0.0,False
EC,KE,WIND,0.0,False
EC,KH,PV,0.0,False
EC,KR,PV,0.0,False
EC,KR,WIND,0.0,False
EC,KW,PV,0.0,False
EC,KZ,PV,0.0,False
EC,LC,PV,0.0,False
EC,LK,PV,0.0,False
EC,LK,WIND,0.0,False
EC,LY,PV,0.0,False
EC,LY,WIND,0.0,False
EC,MA,PV,0.0,False
EC,MA,WIND,0.0015086144934667502,False
EC,MG,PV,0.0,False
EC,MM,PV,0.0,False
EC,MN,PV,0.0,False
EC,MN,WIND,0.0,False
EC,MR,PV,0.03334789732372181,False
EC,MR,WIND,0.012907443149795205,False
EC,MU,PV,0.0,False
EC,MX,PV,0.0,False
EC,MX,WIND,0.013081781913313304,False
EC,MY,PV,0.0,False
EC,NE,PV,0.0,False
EC,NG,PV,0.0,False
EC,NI,PV,0.04638477598717701,False
EC,NL,PV,0.0,False
EC,NL,WIND,0.0,False
EC,NO,WIND,0.0,False
EC,NP,PV,0.0,False
EC,NZ,WIND,0.0,False
EC,OM,PV,0.0,False
EC,PA,PV,0.035842249687163596,False
EC,PE,PV,0.0,False
EC,PE,WIND,0.0,False
EC,PH,PV,0.0,False
EC,PH,WIND,0.02391538655674367,False
EC,PK,PV,0.0,False
EC,PK,WIND,0.0,False
EC,PL,PV,0.0,False
EC,PL,WIND,0.0,False
EC,PS,PV,0.0,False
EC,PT,PV,0.0,False
EC,PT,WIND,0.0007584596766023752,False
EC,PY,PV,0.05058042963149303,False
EC,PY,WIND,0.0,False
EC,RO,PV,0.0,False
EC,RO,WIND,0.0,False
EC,RU,PV,0.0,False
EC,RU,WIND,0.006294717278053262,False
EC,RW,PV,0.0,False
EC,SA,PV,0.0,False
EC,SE,WIND,0.0,False
EC,SK,PV,0.0,False
EC,SN,PV,0.03788702455824995,False
EC,SR,PV,0.0,False
EC,SV,PV,0.0,False
EC,TH,PV,0.0,False
EC,TH,WIND,0.0012825644793355365,False
EC,TN,WIND,0.004391552555403474,False
EC,TR,PV,0.0,False
EC,TR,WIND,0.0,False
EC,TW,PV,0.0,False
EC,TW,WIND,0.0,False
EC,UA,PV,0.0,False
EC,UG,PV,0.0,False
EC,US,PV,0.20901101870645317,False
EC,US,WIND,0.058318363015885506,False
EC,UY,PV,0.0,False
EC,UY,WIND,0.0017237476037814464,False
EC,UZ,PV,0.0,False
EC,VN,PV,0.0,False
EC,VN,WIND,0.0,False
EC,ZA,PV,0.0,False
EC,ZA,WIND,0.0,False
EC,ZM,PV,0.0,False
EC,nan,PV,0.0,False
EE,AE,PV,0.0,False
EE,AF,PV,0.0,False
EE,AQ,WIND,0.0,False
EE,AR,PV,0.0,False
EE,AR,WIND,0.0,False
EE,AT,WIND,0.004707766619470745,False
EE,AU,PV,0.0,False
EE,AU,WIND,0.006606698641766116,False
EE,BD,PV,0.0,False
EE,BE,PV,0.0,False
EE,BE,WIND,0.0,False
EE,BF,PV,0.0,False
EE,BG,PV,0.0,False
EE,BG,WIND,0.0015704171003884894,False
EE,BH,PV,0.0,False
EE,BI,PV,0.0,False
EE,BO,PV,0.0,False
EE,BR,PV,0.0,False
EE,BR,WIND,0.0,False
EE,BY,PV,0.0,False
EE,CA,PV,0.0,False
EE,CA,WIND,0.013272935514843284,False
EE,CH,PV,0.0,False
EE,CL,PV,0.20478658365568664,False
EE,CL,WIND,0.0,False
EE,CN,PV,0.0,False
EE,CN,WIND,0.04652936412543539,False
EE,CO,PV,0.0,False
EE,CR,PV,0.007101979619917719,False
EE,CU,PV,0.0,False
EE,CU,WIND,0.0,False
EE,CV,PV,0.008102232804212255,False
EE,CZ,PV,0.0,False
EE,DE,PV,0.0,False
EE,DE,WIND,0.013779616924969176,False
EE,DK,PV,0.0,False
EE,DK,WIND,0.0,False
EE,DO,PV,0.0,False
EE,DO,WIND,0.017648402464303287,False
EE,DZ,PV,0.0,False
EE,EC,PV,0.0,False
EE,EE,WIND,0.013947435515316192,True
EE,EG,PV,0.0716325914840995,False
EE,EG,WIND,0.0,False
EE,ES,PV,0.0,False
EE,ES,WIND,0.01245454678408741,False
EE,ET,WIND,0.0,False
EE,FI,WIND,0.0,False
EE,FJ,WIND,0.0,False
EE,FR,PV,0.0,False
EE,FR,WIND,0.009371494643179414,False
EE,GB,PV,0.0,False
EE,GB,WIND,0.011115724282513027,False
EE,GF,PV,0.001684003446959548,False
EE,GH,PV,0.0,False
EE,GR,PV,0.0,False
EE,GR,WIND,0.0,False
EE,GT,PV,0.0,False
EE,GT,WIND,0.0005041655961953534,False
EE,HN,PV,0.0,False
EE,HN,WIND,0.0,False
EE,HU,PV,0.0,False
EE,ID,PV,0.0,False
EE,ID,WIND,0.0021033957134363756,False
EE,IE,WIND,0.004502337345518122,False
EE,IL,PV,0.0,False
EE,IL,WIND,0.0,False
EE,IN,PV,0.09412260823267385,False
EE,IN,WIND,0.008532424099254927,False
EE,IR,PV,0.0,False
EE,IR,WIND,1.8034285210174743e-05,False
EE,IT,PV,0.0,False
EE,IT,WIND,0.0,False
EE,JM,PV,0.0,False
EE,JM,WIND,0.01188223775992819,False
EE,JO,PV,0.0,False
EE,JP,PV,0.0,False
EE,JP,WIND,0.0,False
EE,KE,PV,0.03601816277957551,False
EE,KE,WIND,0.02484259467741837,False
EE,KH,PV,0.0,False
EE,KR,PV,0.0,False
EE,KR,WIND,0.0005051266860066938,False
EE,KW,PV,0.0,False
EE,KZ,PV,0.0,False
EE,LC,PV,0.009696690634179102,False
EE,LK,PV,0.0,False
EE,LK,WIND,0.0,False
EE,LY,PV,0.0,False
EE,LY,WIND,0.0,False
EE,MA,PV,0.0,False
EE,MA,WIND,0.0,False
EE,MG,PV,0.02152333888206883,False
EE,MM,PV,0.0,False
EE,MN,PV,0.0,False
EE,MN,WIND,0.0,False
EE,MR,PV,0.0,False
EE,MR,WIND,0.0,False
EE,MU,PV,0.006729312933295421,False
EE,MX,PV,0.031639902046537174,False
EE,MX,WIND,0.0,False
EE,MY,PV,0.0,False
EE,NE,PV,0.0,False
EE,NG,PV,0.0,False
EE,NI,PV,0.0,False
EE,NL,PV,0.0,False
EE,NL,WIND,0.0,False
EE,NO,WIND,0.0,False
EE,NP,PV,0.0,False
EE,NZ,WIND,0.0,False
EE,OM,PV,0.07331006973589049,False
EE,PA,PV,0.0,False
EE,PE,PV,0.0,False
EE,PE,WIND,0.0,False
EE,PH,PV,0.0,False
EE,PH,WIND,0.02955603187718535,False
EE,PK,PV,0.0,False
EE,PK,WIND,0.0,False
EE,PL,PV,0.0,False
EE,PL,WIND,0.008352490733540188,False
EE,PS,PV,0.0,False
EE,PT,PV,0.0,False
EE,PT,WIND,0.00486721748730922,False
EE,PY,PV,0.020172329711567138,False
EE,PY,WIND,0.0,False
EE,RO,PV,0.0,False
EE,RO,WIND,0.0,False
EE,RU,PV,0.006172316354940231,False
EE,RU,WIND,0.0,False
EE,RW,PV,0.0,False
EE,SA,PV,0.0,False
EE,SE,WIND,0.0,False
EE,SK,PV,0.0,False
EE,SN,PV,0.042236160807109305,False
EE,SR,PV,0.0,False
EE,SV,PV,0.0,False
EE,TH,PV,0.0,False
EE,TH,WIND,0.005720767368314083,False
EE,TN,WIND,0.0,False
EE,TR,PV,0.0,False
EE,TR,WIND,0.0,False
EE,TW,PV,0.0,False
EE,TW,WIND,0.0,False
EE,UA,PV,0.0,False
EE,UG,PV,0.0011549600187907296,False
EE,US,PV,0.04387934784063086,False
EE,US,WIND,0.03235544455352842,False
EE,UY,PV,0.008240901383722502,False
EE,UY,WIND,0.0,False
EE,UZ,PV,0.0,False
EE,VN,PV,0.0,False
EE,VN,WIND,0.0015782934762560688,False
EE,ZA,PV,0.020663176739993367,False
EE,ZA,WIND,0.004808366612773597,False
EE,ZM,PV,0.0,False
EE,nan,PV,0.0,False
EG,AE,PV,0.0,False
EG,AF,PV,0.0,False
EG,AQ,WIND,0.0,False
EG,AR,PV,0.0,False
EG,AR,WIND,0.0014588654744307169,False
EG,AT,WIND,0.011544215518940765,False
EG,AU,PV,0.0023296820091470343,False
EG,AU,WIND,0.013495090557903114,False
EG,BD,PV,0.0,False
EG,BE,PV,0.0,False
EG,BE,WIND,0.0,False
EG,BF,PV,0.0,False
EG,BG,PV,0.0,False
EG,BG,WIND,0.0025422183491761036,False
EG,BH,PV,0.0,False
EG,BI,PV,0.0,False
EG,BO,PV,0.0,False
EG,BR,PV,0.0,False
EG,BR,WIND,0.02107990870159471,False
EG,BY,PV,0.0,False
EG,CA,PV,0.0,False
EG,CA,WIND,0.025355033973796657,False
EG,CH,PV,0.0,False
EG,CL,PV,0.05021515296400502,False
EG,CL,WIND,0.00654040167687977,False
EG,CN,PV,0.0,False
EG,CN,WIND,0.07319725643726832,False
EG,CO,PV,0.0,False
EG,CR,PV,0.0,False
EG,CU,PV,0.0,False
EG,CU,WIND,0.0,False
EG,CV,PV,0.021706426715025876,False
EG,CZ,PV,0.0,False
EG,DE,PV,0.0,False
EG,DE,WIND,0.01636114903353467,False
EG,DK,PV,0.0,False
EG,DK,WIND,0.0,False
EG,DO,PV,0.0,False
EG,DO,WIND,0.0,False
EG,DZ,PV,0.0,False
EG,EC,PV,0.0,False
EG,EE,WIND,0.0,False
EG,EG,PV,0.0,True
EG,EG,WIND,0.0036899468770315033,True
EG,ES,PV,0.0,False
EG,ES,WIND,0.004785533516947199,False
EG,ET,WIND,0.0,False
EG,FI,WIND,0.0011496836638765406,False
EG,FJ,WIND,0.013246491858858477,False
EG,FR,PV,0.006848452151035487,False
EG,FR,WIND,0.017732145835709087,False
EG,GB,PV,0.0022700095628919847,False
EG,GB,WIND,0.03229270083811339,False
EG,GF,PV,0.01122858555965625,False
EG,GH,PV,0.024963398713479076,False
EG,GR,PV,0.0,False
EG,GR,WIND,0.0,False
EG,GT,PV,0.0,False
EG,GT,WIND,0.0,False
EG,HN,PV,0.0,False
EG,HN,WIND,0.0,False
EG,HU,PV,0.0,False
EG,ID,PV,0.0,False
EG,ID,WIND,0.0031213913622345243,False
EG,IE,WIND,0.0,False
EG,IL,PV,0.0,False
EG,IL,WIND,0.0,False
EG,IN,PV,0.0,False
EG,IN,WIND,0.016706476773414882,False
EG,IR,PV,0.0,False
EG,IR,WIND,0.0,False
EG,IT,PV,0.015838306326337426,False
EG,IT,WIND,0.003983781228558652,False
EG,JM,PV,0.0,False
EG,JM,WIND,0.0,False
EG,JO,PV,0.00250146259419623,False
EG,JP,PV,0.0,False
EG,JP,WIND,0.0012338035945688782,False
EG,KE,PV,0.0,False
EG,KE,WIND,0.0087736901020038,False
EG,KH,PV,0.0,False
EG,KR,PV,0.0,False
EG,KR,WIND,0.001997129253388326,False
EG,KW,PV,0.018481232182361203,False
EG,KZ,PV,0.0,False
EG,LC,PV,0.0,False
EG,LK,PV,0.0,False
EG,LK,WIND,0.0,False
EG,LY,PV,0.0,False
EG,LY,WIND,0.0,False
EG,MA,PV,0.008834450741417109,False
EG,MA,WIND,0.008942558434916266,False
EG,MG,PV,0.007641266761524084,False
EG,MM,PV,0.0,False
EG,MN,PV,0.0,False
EG,MN,WIND,0.0,False
EG,MR,PV,0.0,False
EG,MR,WIND,0.0,False
EG,MU,PV,0.0,False
EG,MX,PV,0.099492144478643,False
EG,MX,WIND,0.010334750701446025,False
EG,MY,PV,0.0,False
EG,NE,PV,0.0318203946558822,False
EG,NG,PV,0.0,False
EG,NI,PV,0.0,False
EG,NL,PV,0.0,False
EG,NL,WIND,0.0,False
EG,NO,WIND,0.0,False
EG,NP,PV,0.0,False
EG,NZ,WIND,0.01010658754677899,False
EG,OM,PV,0.0,False
EG,PA,PV,0.0,False
EG,PE,PV,0.0,False
EG,PE,WIND,0.026653294945437323,False
EG,PH,PV,0.0,False
EG,PH,WIND,0.015336661684776702,False
EG,PK,PV,0.0,False
EG,PK,WIND,0.0,False
EG,PL,PV,0.0,False
EG,PL,WIND,0.007516511830875728,False
EG,PS,PV,0.05967420247555734,False
EG,PT,PV,0.0,False
EG,PT,WIND,0.006344370645164399,False
EG,PY,PV,0.0,False
EG,PY,WIND,0.0,False
EG,RO,PV,0.0,False
EG,RO,WIND,0.0025037361505800323,False
EG,RU,PV,0.005340484064695705,False
EG,RU,WIND,0.0,False
EG,RW,PV,0.0,False
EG,SA,PV,0.0,False
EG,SE,WIND,0.0,False
EG,SK,PV,0.0,False
EG,SN,PV,0.00037465403401853986,False
EG,SR,PV,0.01470016002195911,False
EG,SV,PV,0.0,False
EG,TH,PV,0.0,False
EG,TH,WIND,0.0013358453951171695,False
EG,TN,WIND,0.0,False
EG,TR,PV,0.00759004467485381,False
EG,TR,WIND,0.0,False
EG,TW,PV,0.0,False
EG,TW,WIND,0.0,False
EG,UA,PV,0.0,False
EG,UG,PV,0.0,False
EG,US,PV,0.15076882301310868,False
EG,US,WIND,0.07112744688013659,False
EG,UY,PV,0.010543738691307177,False
EG,UY,WIND,0.0,False
EG,UZ,PV,0.0,False
EG,VN,PV,0.0,False
EG,VN,WIND,0.0,False
EG,ZA,PV,0.0,False
EG,ZA,WIND,0.006348248765438591,False
EG,ZM,PV,0.0,False
EG,nan,PV,0.0,False
ES,AE,PV,0.0,False
ES,AF,PV,0.0,False
ES,AQ,WIND,0.0,False
ES,AR,PV,0.0,False
ES,AR,WIND,0.0,False
ES,AT,WIND,0.0036561543680892483,False
ES,AU,PV,0.0,False
ES,AU,WIND,0.005849171328134034,False
ES,BD,PV,0.0,False
ES,BE,PV,0.0,False
ES,BE,WIND,0.0,False
ES,BF,PV,0.0,False
ES,BG,PV,0.0,False
ES,BG,WIND,0.0,False
ES,BH,PV,0.0,False
ES,BI,PV,0.0,False
ES,BO,PV,0.0,False
ES,BR,PV,0.0,False
ES,BR,WIND,0.008169024352038836,False
ES,BY,PV,0.0,False
ES,CA,PV,0.0043233337331125814,False
ES,CA,WIND,0.01811466392411162,False
ES,CH,PV,0.0,False
ES,CL,PV,0.12116098582139262,False
ES,CL,WIND,0.0,False
ES,CN,PV,0.0,False
ES,CN,WIND,0.06450308148510414,False
ES,CO,PV,0.0,False
ES,CR,PV,0.0,False
ES,CU,PV,0.0,False
ES,CU,WIND,0.0,False
ES,CV,PV,0.0,False
ES,CZ,PV,0.0,False
ES,DE,PV,0.0,False
ES,DE,WIND,0.009787359955970548,False
ES,DK,PV,0.0,False
ES,DK,WIND,0.0,False
ES,DO,PV,0.0,False
ES,DO,WIND,0.01645319809455112,False
ES,DZ,PV,0.0,False
ES,EC,PV,0.0,False
ES,EE,WIND,0.0,False
ES,EG,PV,0.11048670588487797,False
ES,EG,WIND,0.0,False
ES,ES,PV,0.0,True
ES,ES,WIND,0.028423871759551838,True
ES,ET,WIND,0.009407610726263848,False
ES,FI,WIND,0.0,False
ES,FJ,WIND,0.0,False
ES,FR,PV,0.0,False
ES,FR,WIND,0.011261524279539177,False
ES,GB,PV,0.0,False
ES,GB,WIND,0.0,False
ES,GF,PV,0.0,False
ES,GH,PV,0.03625974434315746,False
ES,GR,PV,0.0,False
ES,GR,WIND,0.0,False
ES,GT,PV,0.001140212108129279,False
ES,GT,WIND,0.0,False
ES,HN,PV,0.0,False
ES,HN,WIND,0.005785652530279375,False
ES,HU,PV,0.0,False
ES,ID,PV,0.0,False
ES,ID,WIND,0.0,False
ES,IE,WIND,0.0,False
ES,IL,PV,0.0,False
ES,IL,WIND,0.0,False
ES,IN,PV,0.012648087332649239,False
ES,IN,WIND,0.0,False
ES,IR,PV,0.0,False
ES,IR,WIND,0.0,False
ES,IT,PV,0.0,False
ES,IT,WIND,0.0,False
ES,JM,PV,0.0,False
ES,JM,WIND,0.011080270689496007,False
ES,JO,PV,0.035844684765729114,False
ES,JP,PV,0.0,False
ES,JP,WIND,0.0,False
ES,KE,PV,0.005380564617738179,False
ES,KE,WIND,0.03447529702065614,False
ES,KH,PV,0.0,False
ES,KR,PV,0.0,False
ES,KR,WIND,0.0,False
ES,KW,PV,0.015123540735042847,False
ES,KZ,PV,0.0,False
ES,LC,PV,0.0,False
ES,LK,PV,0.0,False
ES,LK,WIND,0.0,False
ES,LY,PV,0.0,False
ES,LY,WIND,0.0,False
ES,MA,PV,0.0,False
ES,MA,WIND,0.0014125928235418502,False
ES,MG,PV,0.0,False
ES,MM,PV,0.0,False
ES,MN,PV,0.0,False
ES,MN,WIND,0.0,False
ES,MR,PV,0.0,False
ES,MR,WIND,0.019726374439545728,False
ES,MU,PV,0.0,False
ES,MX,PV,0.1554432030628783,False
ES,MX,WIND,0.0,False
ES,MY,PV,0.0,False
ES,NE,PV,0.04306365688065589,False
ES,NG,PV,0.0,False
ES,NI,PV,0.0,False
ES,NL,PV,0.0,False
ES,NL,WIND,0.0,False
ES,NO,WIND,0.0,False
ES,NP,PV,0.0,False
ES,NZ,WIND,0.0038094087983633223,False
ES,OM,PV,0.0,False
ES,PA,PV,0.0,False
ES,PE,PV,0.0,False
ES,PE,WIND,0.0,False
ES,PH,PV,0.0,False
ES,PH,WIND,0.01483671776012621,False
ES,PK,PV,0.0,False
ES,PK,WIND,0.0,False
ES,PL,PV,0.0,False
ES,PL,WIND,0.0,False
ES,PS,PV,0.010065867567935982,False
ES,PT,PV,0.0,False
ES,PT,WIND,0.0025454550990939616,False
ES,PY,PV,0.0,False
ES,PY,WIND,0.0,False
ES,RO,PV,0.0,False
ES,RO,WIND,0.0,False
ES,RU,PV,0.021906012495018366,False
ES,RU,WIND,0.0,False
ES,RW,PV,0.0,False
ES,SA,PV,0.029794103385521974,False
ES,SE,WIND,0.0,False
ES,SK,PV,0.0,False
ES,SN,PV,0.0,False
ES,SR,PV,0.0,False
ES,SV,PV,0.0,False
ES,TH,PV,0.0,False
ES,TH,WIND,0.004095403325269049,False
ES,TN,WIND,0.0,False
ES,TR,PV,0.02044354068354601,False
ES,TR,WIND,0.0,False
ES,TW,PV,0.0,False
ES,TW,WIND,0.0001427522764947436,False
ES,UA,PV,0.0,False
ES,UG,PV,0.00010855828857158698,False
ES,US,PV,0.0724448232489388,False
ES,US,WIND,0.02690267033871886,False
ES,UY,PV,0.0,False
ES,UY,WIND,0.0,False
ES,UZ,PV,0.0,False
ES,VN,PV,0.0,False
ES,VN,WIND,0.0,False
ES,ZA,PV,0.0,False
ES,ZA,WIND,0.003924119670162282,False
ES,ZM,PV,0.0,False
ES,nan,PV,0.0,False
ET,AE,PV,0.0,False
ET,AF,PV,0.0,False
ET,AQ,WIND,0.0,False
ET,AR,PV,0.0,False
ET,AR,WIND,0.0,False
ET,AT,WIND,0.0021846316617688427,False
ET,AU,PV,0.0,False
ET,AU,WIND,0.0094951670690066,False
ET,BD,PV,0.0,False
ET,BE,PV,0.0,False
ET,BE,WIND,0.0,False
ET,BF,PV,0.0,False
ET,BG,PV,0.0,False
ET,BG,WIND,0.0,False
ET,BH,PV,0.0392370169374939,False
ET,BI,PV,0.010715827931452806,False
ET,BO,PV,0.040000199511732316,False
ET,BR,PV,0.05085831471111457,False
ET,BR,WIND,0.07531264284496832,False
ET,BY,PV,0.0,False
ET,CA,PV,0.010603062637829147,False
ET,CA,WIND,0.005314910636385052,False
ET,CH,PV,0.0013519816954107092,False
ET,CL,PV,0.01794960189838901,False
ET,CL,WIND,0.0007451878763929614,False
ET,CN,PV,0.0,False
ET,CN,WIND,0.01495185042693296,False
ET,CO,PV,0.0,False
ET,CR,PV,0.0,False
ET,CU,PV,0.0,False
ET,CU,WIND,0.0,False
ET,CV,PV,0.0,False
ET,CZ,PV,0.0,False
ET,DE,PV,0.0,False
ET,DE,WIND,0.00290736534862354,False
ET,DK,PV,0.0,False
ET,DK,WIND,0.0,False
ET,DO,PV,0.0,False
ET,DO,WIND,0.01837449384756292,False
ET,DZ,PV,0.0,False
ET,EC,PV,0.00020767171218930532,False
ET,EE,WIND,0.0030559179334568643,False
ET,EG,PV,0.0,False
ET,EG,WIND,0.0,False
ET,ES,PV,0.004814968752984315,False
ET,ES,WIND,0.0,False
ET,ET,WIND,0.0,True
ET,FI,WIND,0.003227498889885001,False
ET,FJ,WIND,0.0,False
ET,FR,PV,0.010088649210339846,False
ET,FR,WIND,0.0,False
ET,GB,PV,0.0010601728808485368,False
ET,GB,WIND,0.007739098402102358,False
ET,GF,PV,0.023948583111485518,False
ET,GH,PV,0.0,False
ET,GR,PV,0.0,False
ET,GR,WIND,0.0,False
ET,GT,PV,0.0,False
ET,GT,WIND,0.0,False
ET,HN,PV,0.0,False
ET,HN,WIND,0.0,False
ET,HU,PV,0.0,False
ET,ID,PV,0.00019875056395098103,False
ET,ID,WIND,0.0,False
ET,IE,WIND,0.0,False
ET,IL,PV,0.0,False
ET,IL,WIND,0.0,False
ET,IN,PV,0.04780073549820361,False
ET,IN,WIND,0.023036068007377293,False
ET,IR,PV,0.0,False
ET,IR,WIND,0.0,False
ET,IT,PV,0.005129853703515524,False
ET,IT,WIND,0.0,False
ET,JM,PV,0.0,False
ET,JM,WIND,0.01629150405841546,False
ET,JO,PV,0.0,False
ET,JP,PV,0.0,False
ET,JP,WIND,0.0,False
ET,KE,PV,0.0,False
ET,KE,WIND,0.027698282413839693,False
ET,KH,PV,0.0,False
ET,KR,PV,0.0,False
ET,KR,WIND,0.0,False
ET,KW,PV,0.0,False
ET,KZ,PV,0.0,False
ET,LC,PV,0.0,False
ET,LK,PV,0.014102200731405853,False
ET,LK,WIND,0.0,False
ET,LY,PV,0.0,False
ET,LY,WIND,0.0,False
ET,MA,PV,0.0,False
ET,MA,WIND,0.0,False
ET,MG,PV,0.009643634335628828,False
ET,MM,PV,0.0,False
ET,MN,PV,0.0,False
ET,MN,WIND,0.0,False
ET,MR,PV,0.0,False
ET,MR,WIND,0.0,False
ET,MU,PV,0.021202797063162103,False
ET,MX,PV,0.005793415712241751,False
ET,MX,WIND,0.0,False
ET,MY,PV,0.009886229132140097,False
ET,NE,PV,0.0,False
ET,NG,PV,0.0,False
ET,NI,PV,0.0,False
ET,NL,PV,0.0,False
ET,NL,WIND,0.0,False
ET,NO,WIND,0.0020231379749039106,False
ET,NP,PV,0.0031545937554600554,False
ET,NZ,WIND,0.0,False
ET,OM,PV,0.0,False
ET,PA,PV,0.0,False
ET,PE,PV,0.08270369078078975,False
ET,PE,WIND,0.021260284088731478,False
ET,PH,PV,0.0,False
ET,PH,WIND,0.0,False
ET,PK,PV,0.0,False
ET,PK,WIND,0.0,False
ET,PL,PV,0.0,False
ET,PL,WIND,0.007039562884331645,False
ET,PS,PV,0.0027531943646480414,False
ET,PT,PV,0.017111600012235516,False
ET,PT,WIND,0.0,False
ET,PY,PV,0.0,False
ET,PY,WIND,0.0015450524803389278,False
ET,RO,PV,0.0,False
ET,RO,WIND,0.0,False
ET,RU,PV,0.0,False
ET,RU,WIND,0.0,False
ET,RW,PV,0.0,False
ET,SA,PV,0.0,False
ET,SE,WIND,0.0,False
ET,SK,PV,0.012888002041502655,False
ET,SN,PV,0.0,False
ET,SR,PV,0.04566972634033165,False
ET,SV,PV,0.0,False
ET,TH,PV,0.0,False
ET,TH,WIND,0.026770442434546807,False
ET,TN,WIND,0.0,False
ET,TR,PV,0.02828375748418053,False
ET,TR,WIND,0.0,False
ET,TW,PV,0.0,False
ET,TW,WIND,0.003062780063811718,False
ET,UA,PV,0.0023588027335081562,False
ET,UG,PV,0.00853757067421894,False
ET,US,PV,0.11805447312213874,False
ET,US,WIND,0.025587771849780668,False
ET,UY,PV,0.0,False
ET,UY,WIND,0.0,False
ET,UZ,PV,0.0,False
ET,VN,PV,0.0,False
ET,VN,WIND,0.0,False
ET,ZA,PV,0.013162648230770539,False
ET,ZA,WIND,0.020799682116584513,False
ET,ZM,PV,0.0002791068853289772,False
ET,nan,PV,0.02202583253361807,False
FI,AE,PV,0.0,False
FI,AF,PV,0.0,False
FI,AQ,WIND,0.0,False
FI,AR,PV,0.046583498548883134,False
FI,AR,WIND,0.0,False
FI,AT,WIND,0.0007401878507220115,False
FI,AU,PV,0.0,False
FI,AU,WIND,0.006269234505854174,False
FI,BD,PV,0.0,False
FI,BE,PV,0.0,False
FI,BE,WIND,0.0,False
FI,BF,PV,0.0,False
FI,BG,PV,0.0,False
FI,BG,WIND,0.0,False
FI,BH,PV,0.0,False
FI,BI,PV,0.0,False
FI,BO,PV,0.0,False
FI,BR,PV,0.0,False
FI,BR,WIND,0.0025391109859943532,False
FI,BY,PV,0.0,False
FI,CA,PV,0.0,False
FI,CA,WIND,0.009397397671872738,False
FI,CH,PV,0.0,False
FI,CL,PV,0.12124835174972787,False
FI,CL,WIND,0.013534983818862971,False
FI,CN,PV,0.0,False
FI,CN,WIND,0.07290483434989344,False
FI,CO,PV,0.0,False
FI,CR,PV,0.004894164338778698,False
FI,CU,PV,0.0,False
FI,CU,WIND,0.02869972769203842,False
FI,CV,PV,0.007289862464417717,False
FI,CZ,PV,0.0,False
FI,DE,PV,0.0,False
FI,DE,WIND,0.009391775359715929,False
FI,DK,PV,0.0,False
FI,DK,WIND,0.0,False
FI,DO,PV,0.0,False
FI,DO,WIND,0.007065147108620083,False
FI,DZ,PV,0.0,False
FI,EC,PV,0.0,False
FI,EE,WIND,0.012017449831172165,False
FI,EG,PV,0.00032528775169628714,False
FI,EG,WIND,0.0,False
FI,ES,PV,0.0,False
FI,ES,WIND,0.01272529477758226,False
FI,ET,WIND,0.0,False
FI,FI,WIND,0.0015126080430133187,True
FI,FJ,WIND,0.008941817546656523,False
FI,FR,PV,0.0,False
FI,FR,WIND,0.02889299628334748,False
FI,GB,PV,0.0,False
FI,GB,WIND,0.0,False
FI,GF,PV,0.00368407263014909,False
FI,GH,PV,0.03339728404997639,False
FI,GR,PV,0.0,False
FI,GR,WIND,0.0,False
FI,GT,PV,0.0,False
FI,GT,WIND,0.0,False
FI,HN,PV,0.0,False
FI,HN,WIND,0.0,False
FI,HU,PV,0.0,False
FI,ID,PV,0.0,False
FI,ID,WIND,0.0,False
FI,IE,WIND,0.0007902336170179415,False
FI,IL,PV,0.0,False
FI,IL,WIND,0.0,False
FI,IN,PV,0.06274445313090371,False
FI,IN,WIND,0.0,False
FI,IR,PV,0.0,False
FI,IR,WIND,0.0,False
FI,IT,PV,0.0,False
FI,IT,WIND,0.001821663483058942,False
FI,JM,PV,0.0,False
FI,JM,WIND,0.012489030337898936,False
FI,JO,PV,0.023955774831455813,False
FI,JP,PV,0.0,False
FI,JP,WIND,0.0,False
FI,KE,PV,0.032452904745593925,False
FI,KE,WIND,0.024872331258863595,False
FI,KH,PV,0.0,False
FI,KR,PV,0.0,False
FI,KR,WIND,0.00041159980007276337,False
FI,KW,PV,0.0,False
FI,KZ,PV,0.0,False
FI,LC,PV,0.0,False
FI,LK,PV,0.0,False
FI,LK,WIND,0.0,False
FI,LY,PV,0.0,False
FI,LY,WIND,0.0,False
FI,MA,PV,0.0,False
FI,MA,WIND,0.0,False
FI,MG,PV,0.017407060655212803,False
FI,MM,PV,0.0,False
FI,MN,PV,0.0,False
FI,MN,WIND,0.0,False
FI,MR,PV,0.0,False
FI,MR,WIND,0.0,False
FI,MU,PV,0.0,False
FI,MX,PV,0.04514429595378218,False
FI,MX,WIND,0.01375993611785988,False
FI,MY,PV,0.0,False
FI,NE,PV,0.015334153764542564,False
FI,NG,PV,0.0,False
FI,NI,PV,0.0,False
FI,NL,PV,0.0,False
FI,NL,WIND,0.0,False
FI,NO,WIND,0.00970315180862376,False
FI,NP,PV,0.0,False
FI,NZ,WIND,0.0185197907421867,False
FI,OM,PV,0.10220243789534872,False
FI,PA,PV,0.0,False
FI,PE,PV,0.0,False
FI,PE,WIND,0.0,False
FI,PH,PV,0.0,False
FI,PH,WIND,0.015803120209549007,False
FI,PK,PV,0.0,False
FI,PK,WIND,0.0,False
FI,PL,PV,0.0,False
FI,PL,WIND,0.0,False
FI,PS,PV,0.0,False
FI,PT,PV,0.0,False
FI,PT,WIND,0.0,False
FI,PY,PV,0.0,False
FI,PY,WIND,0.0,False
FI,RO,PV,0.0,False
FI,RO,WIND,0.008797818817254385,False
FI,RU,PV,0.0,False
FI,RU,WIND,0.0,False
FI,RW,PV,0.0,False
FI,SA,PV,0.010398687265918324,False
FI,SE,WIND,0.0,False
FI,SK,PV,0.0,False
FI,SN,PV,0.026462391364792635,False
FI,SR,PV,0.0,False
FI,SV,PV,0.0,False
FI,TH,PV,0.0,False
FI,TH,WIND,0.0065247780903840945,False
FI,TN,WIND,0.0,False
FI,TR,PV,0.0,False
FI,TR,WIND,0.0,False
FI,TW,PV,0.0,False
FI,TW,WIND,0.00035480224937457354,False
FI,UA,PV,0.0,False
FI,UG,PV,0.0,False
FI,US,PV,0.04087708776814858,False
FI,US,WIND,0.05618597780586653,False
FI,UY,PV,0.015971757215712395,False
FI,UY,WIND,0.0,False
FI,UZ,PV,0.0,False
FI,VN,PV,0.0,False
FI,VN,WIND,0.0,False
FI,ZA,PV,0.0,False
FI,ZA,WIND,0.004959673711602325,False
FI,ZM,PV,0.0,False
FI,nan,PV,0.0,False
FJ,AE,PV,0.0,False
FJ,AF,PV,0.032092023433212415,False
FJ,AQ,WIND,0.001188380918297119,False
FJ,AR,PV,0.0,False
FJ,AR,WIND,0.0,False
FJ,AT,WIND,0.006257767176331073,False
FJ,AU,PV,0.13358121965665376,False
FJ,AU,WIND,0.010093383302895075,False
FJ,BD,PV,0.0,False
FJ,BE,PV,0.0,False
FJ,BE,WIND,0.0,False
FJ,BF,PV,0.0,False
FJ,BG,PV,0.0,False
FJ,BG,WIND,0.0,False
FJ,BH,PV,0.0,False
FJ,BI,PV,0.0056427752780341366,False
FJ,BO,PV,0.0,False
FJ,BR,PV,0.0,False
FJ,BR,WIND,0.03897470020621573,False
FJ,BY,PV,0.0,False
FJ,CA,PV,0.0,False
FJ,CA,WIND,0.03159213751388867,False
FJ,CH,PV,0.0,False
FJ,CL,PV,0.0,False
FJ,CL,WIND,0.020334412112999273,False
FJ,CN,PV,0.020156080712582666,False
FJ,CN,WIND,0.025400535030876668,False
FJ,CO,PV,0.0,False
FJ,CR,PV,0.0,False
FJ,CU,PV,0.0,False
FJ,CU,WIND,0.0,False
FJ,CV,PV,0.0,False
FJ,CZ,PV,0.0,False
FJ,DE,PV,0.0,False
FJ,DE,WIND,0.0,False
FJ,DK,PV,0.0,False
FJ,DK,WIND,0.0,False
FJ,DO,PV,0.0,False
FJ,DO,WIND,0.0,False
FJ,DZ,PV,0.0,False
FJ,EC,PV,0.0,False
FJ,EE,WIND,0.0,False
FJ,EG,PV,0.016698094988688805,False
FJ,EG,WIND,0.0,False
FJ,ES,PV,0.0,False
FJ,ES,WIND,0.022260082689876812,False
FJ,ET,WIND,0.0,False
FJ,FI,WIND,0.003418021599283211,False
FJ,FJ,WIND,0.001618024648601552,True
FJ,FR,PV,0.0,False
FJ,FR,WIND,0.017989391771183954,False
FJ,GB,PV,0.0,False
FJ,GB,WIND,0.012414046915079732,False
FJ,GF,PV,0.0,False
FJ,GH,PV,0.0,False
FJ,GR,PV,0.0,False
FJ,GR,WIND,0.001314486651752328,False
FJ,GT,PV,0.0,False
FJ,GT,WIND,0.007015662006858033,False
FJ,HN,PV,0.0,False
FJ,HN,WIND,0.0,False
FJ,HU,PV,0.0,False
FJ,ID,PV,0.0,False
FJ,ID,WIND,0.00023280412129569547,False
FJ,IE,WIND,0.004144503911340143,False
FJ,IL,PV,0.0035616146603619533,False
FJ,IL,WIND,0.0,False
FJ,IN,PV,0.027413282776920768,False
FJ,IN,WIND,0.0,False
FJ,IR,PV,0.0,False
FJ,IR,WIND,0.0,False
FJ,IT,PV,0.0,False
FJ,IT,WIND,0.0009514229018159231,False
FJ,JM,PV,0.0,False
FJ,JM,WIND,0.0,False
FJ,JO,PV,0.009603359587685165,False
FJ,JP,PV,0.02072084280796564,False
FJ,JP,WIND,0.0020184562078340447,False
FJ,KE,PV,0.0,False
FJ,KE,WIND,0.018057307754265287,False
FJ,KH,PV,0.0,False
FJ,KR,PV,0.0,False
FJ,KR,WIND,0.0,False
FJ,KW,PV,0.047866474459664625,False
FJ,KZ,PV,0.0,False
FJ,LC,PV,0.0,False
FJ,LK,PV,0.02334334252614804,False
FJ,LK,WIND,0.0,False
FJ,LY,PV,0.0,False
FJ,LY,WIND,0.0,False
FJ,MA,PV,0.0,False
FJ,MA,WIND,0.009952845732537572,False
FJ,MG,PV,0.03912942466997922,False
FJ,MM,PV,0.0,False
FJ,MN,PV,0.0,False
FJ,MN,WIND,0.0015608895621594741,False
FJ,MR,PV,0.0,False
FJ,MR,WIND,0.010199379323928155,False
FJ,MU,PV,0.0,False
FJ,MX,PV,0.01345926573975829,False
FJ,MX,WIND,0.0,False
FJ,MY,PV,0.009373116359351154,False
FJ,NE,PV,0.0,False
FJ,NG,PV,0.0,False
FJ,NI,PV,0.0,False
FJ,NL,PV,0.0,False
FJ,NL,WIND,0.0,False
FJ,NO,WIND,0.0,False
FJ,NP,PV,0.0,False
FJ,NZ,WIND,0.0,False
FJ,OM,PV,0.0,False
FJ,PA,PV,0.0,False
FJ,PE,PV,0.0,False
FJ,PE,WIND,0.0,False
FJ,PH,PV,0.0,False
FJ,PH,WIND,0.0,False
FJ,PK,PV,0.0,False
FJ,PK,WIND,0.0,False
FJ,PL,PV,0.0,False
FJ,PL,WIND,0.0,False
FJ,PS,PV,0.006968854857431569,False
FJ,PT,PV,0.0,False
FJ,PT,WIND,0.0011872313960640188,False
FJ,PY,PV,0.0,False
FJ,PY,WIND,0.0,False
FJ,RO,PV,0.0,False
FJ,RO,WIND,0.0,False
FJ,RU,PV,0.0,False
FJ,RU,WIND,0.0,False
FJ,RW,PV,0.0,False
FJ,SA,PV,0.004999650497528035,False
FJ,SE,WIND,0.0,False
FJ,SK,PV,0.0,False
FJ,SN,PV,0.0,False
FJ,SR,PV,0.0,False
FJ,SV,PV,0.0,False
FJ,TH,PV,0.0,False
FJ,TH,WIND,0.0,False
FJ,TN,WIND,0.0,False
FJ,TR,PV,0.02120868369882405,False
FJ,TR,WIND,0.0,False
FJ,TW,PV,0.0,False
FJ,TW,WIND,0.002819246135825013,False
FJ,UA,PV,0.0,False
FJ,UG,PV,0.004957499090602842,False
FJ,US,PV,0.24548503564682228,False
FJ,US,WIND,0.03603883636707266,False
FJ,UY,PV,0.0,False
FJ,UY,WIND,0.0019108045462106287,False
FJ,UZ,PV,0.006398477428818266,False
FJ,VN,PV,0.0,False
FJ,VN,WIND,0.0,False
FJ,ZA,PV,0.0,False
FJ,ZA,WIND,0.0,False
FJ,ZM,PV,0.018396120618479107,False
FJ,nan,PV,0.0,False
FR,AE,PV,0.009028903569519348,False
FR,AF,PV,0.0,False
FR,AQ,WIND,0.0,False
FR,AR,PV,0.0,False
FR,AR,WIND,0.0,False
FR,AT,WIND,0.0,False
FR,AU,PV,0.0,False
FR,AU,WIND,0.007251839741164102,False
FR,BD,PV,0.0,False
FR,BE,PV,0.0,False
FR,BE,WIND,0.0,False
FR,BF,PV,0.0,False
FR,BG,PV,0.0,False
FR,BG,WIND,0.0,False
FR,BH,PV,0.0,False
FR,BI,PV,0.0,False
FR,BO,PV,0.0,False
FR,BR,PV,0.0,False
FR,BR,WIND,0.027380480016861622,False
FR,BY,PV,0.0,False
FR,CA,PV,0.004290332909305733,False
FR,CA,WIND,0.010324648830899986,False
FR,CH,PV,0.0,False
FR,CL,PV,0.16714484155472165,False
FR,CL,WIND,0.0,False
FR,CN,PV,0.0,False
FR,CN,WIND,0.06378682835317949,False
FR,CO,PV,0.0,False
FR,CR,PV,0.0,False
FR,CU,PV,0.0,False
FR,CU,WIND,0.0,False
FR,CV,PV,0.0,False
FR,CZ,PV,0.0,False
FR,DE,PV,0.0,False
FR,DE,WIND,0.019202482856869707,False
FR,DK,PV,0.0,False
FR,DK,WIND,0.0,False
FR,DO,PV,0.0,False
FR,DO,WIND,0.0023008872492305027,False
FR,DZ,PV,0.0,False
FR,EC,PV,0.0,False
FR,EE,WIND,0.00350882468744926,False
FR,EG,PV,0.0941033851020506,False
FR,EG,WIND,0.0,False
FR,ES,PV,0.0,False
FR,ES,WIND,0.00327056097900274,False
FR,ET,WIND,0.0,False
FR,FI,WIND,0.0,False
FR,FJ,WIND,0.0049314876738195965,False
FR,FR,PV,0.0,True
FR,FR,WIND,0.006541186406557256,True
FR,GB,PV,0.0,False
FR,GB,WIND,0.0012818594572585993,False
FR,GF,PV,0.0,False
FR,GH,PV,0.01536013083802024,False
FR,GR,PV,0.0,False
FR,GR,WIND,0.0,False
FR,GT,PV,0.0,False
FR,GT,WIND,0.0,False
FR,HN,PV,0.0,False
FR,HN,WIND,0.0,False
FR,HU,PV,0.0,False
FR,ID,PV,0.0,False
FR,ID,WIND,0.0,False
FR,IE,WIND,0.0,False
FR,IL,PV,0.0,False
FR,IL,WIND,0.0,False
FR,IN,PV,0.021688217037551985,False
FR,IN,WIND,0.004069324233748769,False
FR,IR,PV,0.0,False
FR,IR,WIND,0.0,False
FR,IT,PV,0.0,False
FR,IT,WIND,0.00027695582229450913,False
FR,JM,PV,0.0,False
FR,JM,WIND,0.017652884370471335,False
FR,JO,PV,0.029648650033769854,False
FR,JP,PV,0.0,False
FR,JP,WIND,0.0014651055343419895,False
FR,KE,PV,0.025373682218369373,False
FR,KE,WIND,0.030023269824941832,False
FR,KH,PV,0.0,False
FR,KR,PV,0.0,False
FR,KR,WIND,0.0,False
FR,KW,PV,0.0,False
FR,KZ,PV,0.0,False
FR,LC,PV,0.0,False
FR,LK,PV,0.0,False
FR,LK,WIND,0.0,False
FR,LY,PV,0.0,False
FR,LY,WIND,0.0,False
FR,MA,PV,0.0,False
FR,MA,WIND,0.0,False
FR,MG,PV,0.0,False
FR,MM,PV,0.0,False
FR,MN,PV,0.0,False
FR,MN,WIND,0.0,False
FR,MR,PV,0.0,False
FR,MR,WIND,0.013291979087637913,False
FR,MU,PV,0.0,False
FR,MX,PV,0.07474109252449171,False
FR,MX,WIND,0.0,False
FR,MY,PV,0.0,False
FR,NE,PV,0.023627787158855846,False
FR,NG,PV,0.0,False
FR,NI,PV,0.0,False
FR,NL,PV,0.0,False
FR,NL,WIND,0.0,False
FR,NO,WIND,0.0,False
FR,NP,PV,0.0,False
FR,NZ,WIND,0.011148224527417296,False
FR,OM,PV,0.036670837658932955,False
FR,PA,PV,0.0,False
FR,PE,PV,0.03705567842502451,False
FR,PE,WIND,0.0,False
FR,PH,PV,0.0,False
FR,PH,WIND,0.022716750752771683,False
FR,PK,PV,0.0,False
FR,PK,WIND,0.0,False
FR,PL,PV,0.0,False
FR,PL,WIND,0.004918472755539549,False
FR,PS,PV,0.014900789807757487,False
FR,PT,PV,0.0,False
FR,PT,WIND,0.0026432418787811617,False
FR,PY,PV,0.0,False
FR,PY,WIND,0.0,False
FR,RO,PV,0.0,False
FR,RO,WIND,0.0,False
FR,RU,PV,0.01310278776266637,False
FR,RU,WIND,0.0,False
FR,RW,PV,0.0,False
FR,SA,PV,0.016989410836049785,False
FR,SE,WIND,0.0,False
FR,SK,PV,0.0,False
FR,SN,PV,0.0,False
FR,SR,PV,0.0,False
FR,SV,PV,0.0,False
FR,TH,PV,0.0,False
FR,TH,WIND,0.004660728230934395,False
FR,TN,WIND,0.0,False
FR,TR,PV,0.01035726239083447,False
FR,TR,WIND,0.0,False
FR,TW,PV,0.0,False
FR,TW,WIND,0.0,False
FR,UA,PV,0.0,False
FR,UG,PV,0.001368642221076951,False
FR,US,PV,0.08173316570219967,False
FR,US,WIND,0.030533949557081493,False
FR,UY,PV,0.00026811283822416476,False
FR,UY,WIND,0.0,False
FR,UZ,PV,0.0,False
FR,VN,PV,0.0,False
FR,VN,WIND,0.0,False
FR,ZA,PV,0.020792007316414823,False
FR,ZA,WIND,0.008572309265905914,False
FR,ZM,PV,0.0,False
FR,nan,PV,0.0,False
GB,AE,PV,0.0,False
GB,AF,PV,0.0,False
GB,AQ,WIND,0.0,False
GB,AR,PV,0.0,False
GB,AR,WIND,0.0,False
GB,AT,WIND,0.0034348360805232887,False
GB,AU,PV,0.0,False
GB,AU,WIND,0.0,False
GB,BD,PV,0.0,False
GB,BE,PV,0.0,False
GB,BE,WIND,0.0,False
GB,BF,PV,0.0,False
GB,BG,PV,0.0,False
GB,BG,WIND,0.0,False
GB,BH,PV,0.0,False
GB,BI,PV,0.0,False
GB,BO,PV,0.0,False
GB,BR,PV,0.0,False
GB,BR,WIND,0.0015958612910977844,False
GB,BY,PV,0.0,False
GB,CA,PV,0.0,False
GB,CA,WIND,0.019830342222654194,False
GB,CH,PV,0.0,False
GB,CL,PV,0.15019329851227944,False
GB,CL,WIND,0.0,False
GB,CN,PV,0.0,False
GB,CN,WIND,0.07534647460032964,False
GB,CO,PV,0.0,False
GB,CR,PV,0.0,False
GB,CU,PV,0.0,False
GB,CU,WIND,0.0024524217552267065,False
GB,CV,PV,0.0,False
GB,CZ,PV,0.0,False
GB,DE,PV,0.0,False
GB,DE,WIND,0.020470019477876397,False
GB,DK,PV,0.0,False
GB,DK,WIND,0.0,False
GB,DO,PV,0.0,False
GB,DO,WIND,0.011477154012838078,False
GB,DZ,PV,0.0,False
GB,EC,PV,0.0,False
GB,EE,WIND,0.0011525808060188064,False
GB,EG,PV,0.12507878538049652,False
GB,EG,WIND,0.0,False
GB,ES,PV,0.0,False
GB,ES,WIND,0.008188504052263366,False
GB,ET,WIND,0.0,False
GB,FI,WIND,0.0,False
GB,FJ,WIND,0.0,False
GB,FR,PV,0.0,False
GB,FR,WIND,0.015530973478193957,False
GB,GB,PV,0.0,True
GB,GB,WIND,0.006139476075333688,True
GB,GF,PV,0.0,False
GB,GH,PV,0.030621297877760363,False
GB,GR,PV,0.0,False
GB,GR,WIND,0.0,False
GB,GT,PV,0.006489713920937806,False
GB,GT,WIND,0.0,False
GB,HN,PV,0.0,False
GB,HN,WIND,0.0004614915909655445,False
GB,HU,PV,0.0,False
GB,ID,PV,0.0,False
GB,ID,WIND,0.0,False
GB,IE,WIND,0.0,False
GB,IL,PV,0.0,False
GB,IL,WIND,0.0,False
GB,IN,PV,0.0,False
GB,IN,WIND,0.0,False
GB,IR,PV,0.0,False
GB,IR,WIND,0.0,False
GB,IT,PV,0.0,False
GB,IT,WIND,0.0006157982022703396,False
GB,JM,PV,0.0,False
GB,JM,WIND,0.006606691776665811,False
GB,JO,PV,0.026600250517847843,False
GB,JP,PV,0.0,False
GB,JP,WIND,0.0023664321261577474,False
GB,KE,PV,0.011686024128886202,False
GB,KE,WIND,0.021942957534483234,False
GB,KH,PV,0.0,False
GB,KR,PV,0.0,False
GB,KR,WIND,0.0013745531879563637,False
GB,KW,PV,0.0,False
GB,KZ,PV,0.0,False
GB,LC,PV,0.0,False
GB,LK,PV,0.0,False
GB,LK,WIND,0.0,False
GB,LY,PV,0.0,False
GB,LY,WIND,0.0,False
GB,MA,PV,0.0,False
GB,MA,WIND,0.0,False
GB,MG,PV,0.0,False
GB,MM,PV,0.0,False
GB,MN,PV,0.0,False
GB,MN,WIND,0.0,False
GB,MR,PV,0.0,False
GB,MR,WIND,0.009097534061992556,False
GB,MU,PV,0.0,False
GB,MX,PV,0.15669496247110581,False
GB,MX,WIND,0.0,False
GB,MY,PV,0.0,False
GB,NE,PV,0.05118565366666735,False
GB,NG,PV,0.0,False
GB,NI,PV,0.0,False
GB,NL,PV,0.0,False
GB,NL,WIND,0.0,False
GB,NO,WIND,0.0,False
GB,NP,PV,0.0,False
GB,NZ,WIND,0.004636756975268761,False
GB,OM,PV,0.0,False
GB,PA,PV,0.0,False
GB,PE,PV,0.0,False
GB,PE,WIND,0.0,False
GB,PH,PV,0.0,False
GB,PH,WIND,0.03528288107603728,False
GB,PK,PV,0.0,False
GB,PK,WIND,0.0,False
GB,PL,PV,0.0,False
GB,PL,WIND,0.005742973166738894,False
GB,PS,PV,0.006714630945134073,False
GB,PT,PV,0.0,False
GB,PT,WIND,0.005404345133254194,False
GB,PY,PV,0.0,False
GB,PY,WIND,0.0,False
GB,RO,PV,0.0,False
GB,RO,WIND,0.0,False
GB,RU,PV,0.014871581097761996,False
GB,RU,WIND,0.0,False
GB,RW,PV,0.0,False
GB,SA,PV,0.017954544572348314,False
GB,SE,WIND,0.0,False
GB,SK,PV,0.0,False
GB,SN,PV,0.0,False
GB,SR,PV,0.0,False
GB,SV,PV,0.0062723569508769976,False
GB,TH,PV,0.0,False
GB,TH,WIND,0.0056597452340405,False
GB,TN,WIND,0.0,False
GB,TR,PV,0.007422965721023061,False
GB,TR,WIND,0.0,False
GB,TW,PV,0.0,False
GB,TW,WIND,0.0,False
GB,UA,PV,0.0,False
GB,UG,PV,0.008932035806118576,False
GB,US,PV,0.051960056305981536,False
GB,US,WIND,0.05920001119156938,False
GB,UY,PV,0.0,False
GB,UY,WIND,0.0,False
GB,UZ,PV,0.0,False
GB,VN,PV,0.0,False
GB,VN,WIND,0.0,False
GB,ZA,PV,0.0,False
GB,ZA,WIND,0.003311027015015256,False
GB,ZM,PV,0.0,False
GB,nan,PV,0.0,False
GF,AE,PV,0.0,False
GF,AF,PV,0.0,False
GF,AQ,WIND,0.0,False
GF,AR,PV,0.0,False
GF,AR,WIND,0.0,False
GF,AT,WIND,0.006894891990881154,False
GF,AU,PV,0.0688872703937228,False
GF,AU,WIND,0.005584170683586517,False
GF,BD,PV,0.0,False
GF,BE,PV,0.0,False
GF,BE,WIND,0.0,False
GF,BF,PV,0.0,False
GF,BG,PV,0.0,False
GF,BG,WIND,0.0,False
GF,BH,PV,0.0,False
GF,BI,PV,0.0,False
GF,BO,PV,0.0,False
GF,BR,PV,0.010129585978917808,False
GF,BR,WIND,0.0001706760439599165,False
GF,BY,PV,0.0,False
GF,CA,PV,0.0,False
GF,CA,WIND,0.026807034662352368,False
GF,CH,PV,0.0,False
GF,CL,PV,0.07753242553311143,False
GF,CL,WIND,0.0,False
GF,CN,PV,0.0,False
GF,CN,WIND,0.09605580948151586,False
GF,CO,PV,0.0,False
GF,CR,PV,0.04697055592945753,False
GF,CU,PV,0.0,False
GF,CU,WIND,0.0,False
GF,CV,PV,0.04020867159979014,False
GF,CZ,PV,0.0,False
GF,DE,PV,0.0,False
GF,DE,WIND,0.0,False
GF,DK,PV,0.0,False
GF,DK,WIND,0.0,False
GF,DO,PV,0.0,False
GF,DO,WIND,0.0,False
GF,DZ,PV,0.0,False
GF,EC,PV,0.0,False
GF,EE,WIND,0.0,False
GF,EG,PV,0.0,False
GF,EG,WIND,0.0,False
GF,ES,PV,0.0,False
GF,ES,WIND,0.021686457706899396,False
GF,ET,WIND,0.0,False
GF,FI,WIND,0.0,False
GF,FJ,WIND,0.0,False
GF,FR,PV,0.006609843950499022,False
GF,FR,WIND,0.00031833125010061224,False
GF,GB,PV,0.0,False
GF,GB,WIND,0.0,False
GF,GF,PV,0.0,True
GF,GH,PV,0.05471084119826132,False
GF,GR,PV,0.0,False
GF,GR,WIND,0.0,False
GF,GT,PV,0.0,False
GF,GT,WIND,0.0,False
GF,HN,PV,0.0,False
GF,HN,WIND,0.0,False
GF,HU,PV,0.0,False
GF,ID,PV,0.0,False
GF,ID,WIND,0.0,False
GF,IE,WIND,0.0,False
GF,IL,PV,0.0,False
GF,IL,WIND,0.0,False
GF,IN,PV,0.0,False
GF,IN,WIND,0.0,False
GF,IR,PV,0.0,False
GF,IR,WIND,0.0,False
GF,IT,PV,0.0,False
GF,IT,WIND,0.004900453898767021,False
GF,JM,PV,0.0,False
GF,JM,WIND,0.0,False
GF,JO,PV,0.0,False
GF,JP,PV,0.0,False
GF,JP,WIND,0.003873605963537932,False
GF,KE,PV,0.0,False
GF,KE,WIND,0.0,False
GF,KH,PV,0.0,False
GF,KR,PV,0.0,False
GF,KR,WIND,0.0019666999122510795,False
GF,KW,PV,0.0,False
GF,KZ,PV,0.0,False
GF,LC,PV,0.0,False
GF,LK,PV,0.0,False
GF,LK,WIND,0.0,False
GF,LY,PV,0.0,False
GF,LY,WIND,0.0,False
GF,MA,PV,0.0,False
GF,MA,WIND,0.0,False
GF,MG,PV,0.0,False
GF,MM,PV,0.0,False
GF,MN,PV,0.0,False
GF,MN,WIND,0.0005923892979418677,False
GF,MR,PV,0.0,False
GF,MR,WIND,0.0,False
GF,MU,PV,0.0,False
GF,MX,PV,0.023367412767042434,False
GF,MX,WIND,0.006066184705162433,False
GF,MY,PV,0.0,False
GF,NE,PV,0.046185636554106235,False
GF,NG,PV,0.0,False
GF,NI,PV,0.0,False
GF,NL,PV,0.0,False
GF,NL,WIND,0.0,False
GF,NO,WIND,0.0,False
GF,NP,PV,0.0,False
GF,NZ,WIND,0.0040355848942459326,False
GF,OM,PV,0.0,False
GF,PA,PV,0.0,False
GF,PE,PV,0.0,False
GF,PE,WIND,0.0,False
GF,PH,PV,0.0,False
GF,PH,WIND,0.058886894231183644,False
GF,PK,PV,0.0,False
GF,PK,WIND,0.0,False
GF,PL,PV,0.0,False
GF,PL,WIND,0.0,False
GF,PS,PV,0.0,False
GF,PT,PV,0.0,False
GF,PT,WIND,0.006058616388059727,False
GF,PY,PV,0.013509794760092815,False
GF,PY,WIND,0.0,False
GF,RO,PV,0.0,False
GF,RO,WIND,0.0,False
GF,RU,PV,0.0,False
GF,RU,WIND,0.004097517758639448,False
GF,RW,PV,0.0,False
GF,SA,PV,0.0,False
GF,SE,WIND,0.0,False
GF,SK,PV,0.0,False
GF,SN,PV,0.05518007176114801,False
GF,SR,PV,0.0,False
GF,SV,PV,0.0,False
GF,TH,PV,0.0,False
GF,TH,WIND,0.0008697826528840218,False
GF,TN,WIND,0.0,False
GF,TR,PV,0.0,False
GF,TR,WIND,0.0,False
GF,TW,PV,0.0,False
GF,TW,WIND,0.0,False
GF,UA,PV,0.0,False
GF,UG,PV,0.0,False
GF,US,PV,0.19182802405213503,False
GF,US,WIND,0.09967051907342131,False
GF,UY,PV,0.016344244926322596,False
GF,UY,WIND,0.0,False
GF,UZ,PV,0.0,False
GF,VN,PV,0.0,False
GF,VN,WIND,0.0,False
GF,ZA,PV,0.0,False
GF,ZA,WIND,0.0,False
GF,ZM,PV,0.0,False
GF,nan,PV,0.0,False
GH,AE,PV,0.0,False
GH,AF,PV,0.0,False
GH,AQ,WIND,0.0,False
GH,AR,PV,0.0,False
GH,AR,WIND,0.0,False
GH,AT,WIND,0.0029218750202545446,False
GH,AU,PV,0.011436500646034973,False
GH,AU,WIND,0.012103716526040177,False
GH,BD,PV,0.0,False
GH,BE,PV,0.0,False
GH,BE,WIND,0.0,False
GH,BF,PV,0.0,False
GH,BG,PV,0.0,False
GH,BG,WIND,0.0,False
GH,BH,PV,0.0,False
GH,BI,PV,0.007206136886666009,False
GH,BO,PV,0.02447607764514825,False
GH,BR,PV,0.0,False
GH,BR,WIND,0.007464461396085342,False
GH,BY,PV,0.0,False
GH,CA,PV,0.0,False
GH,CA,WIND,0.02243944918694636,False
GH,CH,PV,0.0,False
GH,CL,PV,0.09759695052525982,False
GH,CL,WIND,0.0,False
GH,CN,PV,0.0,False
GH,CN,WIND,0.04010649326346342,False
GH,CO,PV,0.0,False
GH,CR,PV,0.0,False
GH,CU,PV,0.0,False
GH,CU,WIND,0.0,False
GH,CV,PV,0.0,False
GH,CZ,PV,0.0,False
GH,DE,PV,0.0,False
GH,DE,WIND,0.002437072044344692,False
GH,DK,PV,0.0,False
GH,DK,WIND,0.0,False
GH,DO,PV,0.0,False
GH,DO,WIND,0.01407401506255165,False
GH,DZ,PV,0.0,False
GH,EC,PV,0.03333409016434379,False
GH,EE,WIND,0.010408479050076773,False
GH,EG,PV,0.02406607366635723,False
GH,EG,WIND,0.0,False
GH,ES,PV,0.0,False
GH,ES,WIND,0.0,False
GH,ET,WIND,0.0,False
GH,FI,WIND,0.0,False
GH,FJ,WIND,8.674618672497373e-05,False
GH,FR,PV,0.0,False
GH,FR,WIND,0.0037372220201743168,False
GH,GB,PV,0.0,False
GH,GB,WIND,0.018478544161752073,False
GH,GF,PV,0.00399152178146801,False
GH,GH,PV,0.017712731501575315,True
GH,GR,PV,0.0,False
GH,GR,WIND,0.0,False
GH,GT,PV,0.002725997794440186,False
GH,GT,WIND,0.0,False
GH,HN,PV,0.0,False
GH,HN,WIND,0.0,False
GH,HU,PV,0.016603327732091732,False
GH,ID,PV,0.0,False
GH,ID,WIND,0.0,False
GH,IE,WIND,0.0007294883347652207,False
GH,IL,PV,0.023876784608271497,False
GH,IL,WIND,9.061776795149324e-05,False
GH,IN,PV,1.6510038007774783e-05,False
GH,IN,WIND,0.00921605231930407,False
GH,IR,PV,0.0,False
GH,IR,WIND,0.005370049159077923,False
GH,IT,PV,0.007976724610666846,False
GH,IT,WIND,0.0,False
GH,JM,PV,0.0,False
GH,JM,WIND,0.0,False
GH,JO,PV,0.03276950651750083,False
GH,JP,PV,0.0,False
GH,JP,WIND,0.0,False
GH,KE,PV,0.002027983405164691,False
GH,KE,WIND,0.0,False
GH,KH,PV,0.0,False
GH,KR,PV,0.0,False
GH,KR,WIND,0.0007728735863494335,False
GH,KW,PV,0.0,False
GH,KZ,PV,0.0,False
GH,LC,PV,0.0,False
GH,LK,PV,0.0,False
GH,LK,WIND,0.0,False
GH,LY,PV,0.021116777051922147,False
GH,LY,WIND,0.0,False
GH,MA,PV,0.0,False
GH,MA,WIND,0.0,False
GH,MG,PV,0.02131823389641349,False
GH,MM,PV,0.0,False
GH,MN,PV,0.0,False
GH,MN,WIND,0.0,False
GH,MR,PV,0.0,False
GH,MR,WIND,0.0,False
GH,MU,PV,0.0032440157423382922,False
GH,MX,PV,0.08369272228763766,False
GH,MX,WIND,0.0254091196355765,False
GH,MY,PV,0.0,False
GH,NE,PV,0.0,False
GH,NG,PV,0.0,False
GH,NI,PV,0.0,False
GH,NL,PV,0.0,False
GH,NL,WIND,0.012895861831187308,False
GH,NO,WIND,0.009939325304045284,False
GH,NP,PV,0.0,False
GH,NZ,WIND,0.01071408506404526,False
GH,OM,PV,0.0,False
GH,PA,PV,0.0014514804900123148,False
GH,PE,PV,0.0004149305300516659,False
GH,PE,WIND,0.02092879323453716,False
GH,PH,PV,0.0,False
GH,PH,WIND,0.0134576425042861,False
GH,PK,PV,0.0,False
GH,PK,WIND,0.0,False
GH,PL,PV,0.0,False
GH,PL,WIND,0.00030113054729337917,False
GH,PS,PV,0.009096960506985519,False
GH,PT,PV,0.0,False
GH,PT,WIND,0.005425001876988508,False
GH,PY,PV,0.0,False
GH,PY,WIND,0.0,False
GH,RO,PV,0.0,False
GH,RO,WIND,0.004849434745954959,False
GH,RU,PV,0.0,False
GH,RU,WIND,0.005927493844299902,False
GH,RW,PV,0.0,False
GH,SA,PV,0.012026901617614626,False
GH,SE,WIND,0.0,False
GH,SK,PV,0.0,False
GH,SN,PV,0.0,False
GH,SR,PV,0.012663261979354792,False
GH,SV,PV,0.0,False
GH,TH,PV,0.0,False
GH,TH,WIND,0.014899315806465295,False
GH,TN,WIND,0.0,False
GH,TR,PV,0.0,False
GH,TR,WIND,0.0,False
GH,TW,PV,0.0,False
GH,TW,WIND,0.0,False
GH,UA,PV,0.0,False
GH,UG,PV,0.004279386058080344,False
GH,US,PV,0.12270962062891735,False
GH,US,WIND,0.04722717453561277,False
GH,UY,PV,0.0,False
GH,UY,WIND,0.0,False
GH,UZ,PV,0.0,False
GH,VN,PV,0.0,False
GH,VN,WIND,0.00940453540606452,False
GH,ZA,PV,0.0030741874495316675,False
GH,ZA,WIND,0.0067750831298042345,False
GH,ZM,PV,0.006784308792853833,False
GH,nan,PV,0.0537191428932658,False
GR,AE,PV,0.026185144952563723,False
GR,AF,PV,0.0,False
GR,AQ,WIND,0.0,False
GR,AR,PV,0.0,False
GR,AR,WIND,0.0,False
GR,AT,WIND,0.004552610187820113,False
GR,AU,PV,0.0,False
GR,AU,WIND,0.0,False
GR,BD,PV,0.0,False
GR,BE,PV,0.0,False
GR,BE,WIND,0.0,False
GR,BF,PV,0.0,False
GR,BG,PV,0.0,False
GR,BG,WIND,0.0,False
GR,BH,PV,0.0,False
GR,BI,PV,0.0,False
GR,BO,PV,0.0,False
GR,BR,PV,0.0,False
GR,BR,WIND,0.0018639597113010709,False
GR,BY,PV,0.0,False
GR,CA,PV,0.0,False
GR,CA,WIND,0.011873987173230268,False
GR,CH,PV,0.0,False
GR,CL,PV,0.22434421647687663,False
GR,CL,WIND,0.0,False
GR,CN,PV,0.0,False
GR,CN,WIND,0.05005901377593048,False
GR,CO,PV,0.0,False
GR,CR,PV,4.7658011182418e-05,False
GR,CU,PV,0.0,False
GR,CU,WIND,0.00294261413430609,False
GR,CV,PV,0.0,False
GR,CZ,PV,0.0,False
GR,DE,PV,0.0,False
GR,DE,WIND,0.008316196604211377,False
GR,DK,PV,0.0,False
GR,DK,WIND,0.0,False
GR,DO,PV,0.0,False
GR,DO,WIND,0.01901608345088109,False
GR,DZ,PV,0.0,False
GR,EC,PV,0.0,False
GR,EE,WIND,0.008962151563325412,False
GR,EG,PV,0.07162604236265144,False
GR,EG,WIND,0.0,False
GR,ES,PV,0.0,False
GR,ES,WIND,0.006016793566347047,False
GR,ET,WIND,0.0,False
GR,FI,WIND,0.0,False
GR,FJ,WIND,0.0,False
GR,FR,PV,0.0,False
GR,FR,WIND,0.0007356598760092138,False
GR,GB,PV,0.0,False
GR,GB,WIND,0.0007281260608536467,False
GR,GF,PV,0.0,False
GR,GH,PV,0.016395670602631342,False
GR,GR,PV,0.0,True
GR,GR,WIND,0.0,True
GR,GT,PV,0.0,False
GR,GT,WIND,0.0,False
GR,HN,PV,0.0,False
GR,HN,WIND,0.0,False
GR,HU,PV,0.0,False
GR,ID,PV,0.0,False
GR,ID,WIND,0.0,False
GR,IE,WIND,0.0,False
GR,IL,PV,0.0,False
GR,IL,WIND,5.172625965856273e-05,False
GR,IN,PV,0.01362439124299756,False
GR,IN,WIND,0.010466419030862007,False
GR,IR,PV,0.0,False
GR,IR,WIND,0.0,False
GR,IT,PV,0.0,False
GR,IT,WIND,0.0017081293495489664,False
GR,JM,PV,0.0,False
GR,JM,WIND,0.012062180777514864,False
GR,JO,PV,0.0330259805734129,False
GR,JP,PV,0.0,False
GR,JP,WIND,0.0,False
GR,KE,PV,0.009776292487915216,False
GR,KE,WIND,0.018552303798189652,False
GR,KH,PV,0.0,False
GR,KR,PV,0.0,False
GR,KR,WIND,0.001505182853458391,False
GR,KW,PV,0.013346136961876061,False
GR,KZ,PV,0.0,False
GR,LC,PV,0.0,False
GR,LK,PV,0.0,False
GR,LK,WIND,0.0,False
GR,LY,PV,0.0,False
GR,LY,WIND,0.0,False
GR,MA,PV,0.0,False
GR,MA,WIND,0.0,False
GR,MG,PV,0.0,False
GR,MM,PV,0.0,False
GR,MN,PV,0.0,False
GR,MN,WIND,0.0,False
GR,MR,PV,0.0,False
GR,MR,WIND,0.0,False
GR,MU,PV,0.0,False
GR,MX,PV,0.09677865083613242,False
GR,MX,WIND,0.0,False
GR,MY,PV,0.0,False
GR,NE,PV,0.015585339824409386,False
GR,NG,PV,0.0,False
GR,NI,PV,0.0,False
GR,NL,PV,0.0,False
GR,NL,WIND,0.0,False
GR,NO,WIND,0.0,False
GR,NP,PV,0.011827618945717416,False
GR,NZ,WIND,0.0,False
GR,OM,PV,0.019245402576031433,False
GR,PA,PV,0.0,False
GR,PE,PV,0.0,False
GR,PE,WIND,0.0,False
GR,PH,PV,0.0,False
GR,PH,WIND,0.027617909692658364,False
GR,PK,PV,0.0,False
GR,PK,WIND,0.0,False
GR,PL,PV,0.0,False
GR,PL,WIND,0.009697150033546148,False
GR,PS,PV,0.006904136228978072,False
GR,PT,PV,0.0,False
GR,PT,WIND,0.0030802192789209696,False
GR,PY,PV,0.0,False
GR,PY,WIND,0.0,False
GR,RO,PV,0.0,False
GR,RO,WIND,0.0023053990815836514,False
GR,RU,PV,0.01830156853280695,False
GR,RU,WIND,0.0,False
GR,RW,PV,0.0,False
GR,SA,PV,0.03733577397398145,False
GR,SE,WIND,0.0,False
GR,SK,PV,0.0,False
GR,SN,PV,0.015824967581530954,False
GR,SR,PV,0.0,False
GR,SV,PV,0.0,False
GR,TH,PV,0.0,False
GR,TH,WIND,0.016436864195535895,False
GR,TN,WIND,0.0,False
GR,TR,PV,0.0,False
GR,TR,WIND,0.0,False
GR,TW,PV,0.0,False
GR,TW,WIND,0.0006533229879404726,False
GR,UA,PV,0.0,False
GR,UG,PV,0.01045123457205845,False
GR,US,PV,0.055798720246387136,False
GR,US,WIND,0.06557719309079318,False
GR,UY,PV,0.0,False
GR,UY,WIND,0.0,False
GR,UZ,PV,0.0,False
GR,VN,PV,0.0,False
GR,VN,WIND,0.0,False
GR,ZA,PV,0.012025030324378657,False
GR,ZA,WIND,0.006768826151051518,False
GR,ZM,PV,0.0,False
GR,nan,PV,0.0,False
GT,AE,PV,0.0,False
GT,AF,PV,0.0,False
GT,AQ,WIND,0.0,False
GT,AR,PV,0.0,False
GT,AR,WIND,0.0,False
GT,AT,WIND,0.0,False
GT,AU,PV,0.1769273022959125,False
GT,AU,WIND,0.0,False
GT,BD,PV,0.0,False
GT,BE,PV,0.0,False
GT,BE,WIND,0.0016524030942872423,False
GT,BF,PV,0.0,False
GT,BG,PV,0.0,False
GT,BG,WIND,0.0037120248058147903,False
GT,BH,PV,0.0,False
GT,BI,PV,0.0,False
GT,BO,PV,0.0,False
GT,BR,PV,0.0058892028989476425,False
GT,BR,WIND,0.0042902655904028374,False
GT,BY,PV,0.0,False
GT,CA,PV,0.0,False
GT,CA,WIND,0.005276254734747549,False
GT,CH,PV,0.0,False
GT,CL,PV,0.07015360864442609,False
GT,CL,WIND,0.0,False
GT,CN,PV,0.023289020118356554,False
GT,CN,WIND,0.019729696952472457,False
GT,CO,PV,0.0,False
GT,CR,PV,0.004273806801260546,False
GT,CU,PV,0.0,False
GT,CU,WIND,0.0,False
GT,CV,PV,0.03305634584395013,False
GT,CZ,PV,0.0,False
GT,DE,PV,0.0,False
GT,DE,WIND,0.0,False
GT,DK,PV,0.0,False
GT,DK,WIND,0.0,False
GT,DO,PV,0.027966112940160513,False
GT,DO,WIND,0.010153627917697573,False
GT,DZ,PV,0.0,False
GT,EC,PV,0.006730504220032395,False
GT,EE,WIND,0.0,False
GT,EG,PV,0.0,False
GT,EG,WIND,0.0,False
GT,ES,PV,0.0,False
GT,ES,WIND,0.005410836686258791,False
GT,ET,WIND,0.0006329974757098935,False
GT,FI,WIND,0.0,False
GT,FJ,WIND,0.0,False
GT,FR,PV,0.0,False
GT,FR,WIND,0.0019416664356892064,False
GT,GB,PV,0.0,False
GT,GB,WIND,0.0,False
GT,GF,PV,0.0,False
GT,GH,PV,0.0,False
GT,GR,PV,0.0,False
GT,GR,WIND,0.0,False
GT,GT,PV,0.0,True
GT,GT,WIND,0.0,True
GT,HN,PV,0.0,False
GT,HN,WIND,0.00537931315912914,False
GT,HU,PV,0.0,False
GT,ID,PV,0.0,False
GT,ID,WIND,0.004941912790234837,False
GT,IE,WIND,0.0,False
GT,IL,PV,0.0,False
GT,IL,WIND,0.010963275566374948,False
GT,IN,PV,0.0,False
GT,IN,WIND,0.015411278434989968,False
GT,IR,PV,0.0,False
GT,IR,WIND,0.004534353882158556,False
GT,IT,PV,0.0,False
GT,IT,WIND,0.0,False
GT,JM,PV,0.0,False
GT,JM,WIND,0.0,False
GT,JO,PV,0.0,False
GT,JP,PV,0.08020212431597962,False
GT,JP,WIND,0.0008571001282677258,False
GT,KE,PV,0.0,False
GT,KE,WIND,0.0,False
GT,KH,PV,0.0,False
GT,KR,PV,0.006745628219383505,False
GT,KR,WIND,0.0,False
GT,KW,PV,0.0,False
GT,KZ,PV,0.0,False
GT,LC,PV,0.004562861743504372,False
GT,LK,PV,0.0,False
GT,LK,WIND,0.0,False
GT,LY,PV,0.0,False
GT,LY,WIND,0.010621034996687987,False
GT,MA,PV,0.0,False
GT,MA,WIND,0.0,False
GT,MG,PV,0.0,False
GT,MM,PV,0.0,False
GT,MN,PV,0.0,False
GT,MN,WIND,0.0,False
GT,MR,PV,0.025675186252294438,False
GT,MR,WIND,0.003234639768137424,False
GT,MU,PV,0.0,False
GT,MX,PV,0.06202824667806149,False
GT,MX,WIND,0.011571914464677289,False
GT,MY,PV,0.0,False
GT,NE,PV,0.0,False
GT,NG,PV,0.0,False
GT,NI,PV,0.033765838600418346,False
GT,NL,PV,0.0,False
GT,NL,WIND,0.0,False
GT,NO,WIND,0.0,False
GT,NP,PV,0.0,False
GT,NZ,WIND,0.002144023404105611,False
GT,OM,PV,0.0,False
GT,PA,PV,0.013124381906041652,False
GT,PE,PV,0.0,False
GT,PE,WIND,0.0,False
GT,PH,PV,0.008877821037263978,False
GT,PH,WIND,0.0,False
GT,PK,PV,0.0,False
GT,PK,WIND,0.005224798411813073,False
GT,PL,PV,0.0,False
GT,PL,WIND,0.0,False
GT,PS,PV,0.0,False
GT,PT,PV,0.0,False
GT,PT,WIND,0.0,False
GT,PY,PV,0.0046152017476577874,False
GT,PY,WIND,0.0,False
GT,RO,PV,0.0,False
GT,RO,WIND,0.0009131117924692533,False
GT,RU,PV,0.0,False
GT,RU,WIND,0.00422669888808322,False
GT,RW,PV,0.0,False
GT,SA,PV,0.0,False
GT,SE,WIND,0.0,False
GT,SK,PV,0.0,False
GT,SN,PV,0.03553864225764891,False
GT,SR,PV,0.013956360521482683,False
GT,SV,PV,0.018478301697476628,False
GT,TH,PV,0.0,False
GT,TH,WIND,0.0,False
GT,TN,WIND,0.0,False
GT,TR,PV,0.0,False
GT,TR,WIND,0.0005522700103895865,False
GT,TW,PV,0.0,False
GT,TW,WIND,0.00016403909963374238,False
GT,UA,PV,0.0,False
GT,UG,PV,0.0,False
GT,US,PV,0.18012964713341878,False
GT,US,WIND,0.026738758425740337,False
GT,UY,PV,0.0,False
GT,UY,WIND,0.0,False
GT,UZ,PV,0.0,False
GT,VN,PV,0.0,False
GT,VN,WIND,0.0037355572103487827,False
GT,ZA,PV,0.0,False
GT,ZA,WIND,0.0,False
GT,ZM,PV,0.0,False
GT,nan,PV,0.0,False
HN,AE,PV,0.0,False
HN,AF,PV,0.0,False
HN,AQ,WIND,0.0023242440074943247,False
HN,AR,PV,0.021762095591496174,False
HN,AR,WIND,0.0,False
HN,AT,WIND,0.0,False
HN,AU,PV,0.1592019955877509,False
HN,AU,WIND,0.00190470607508904,False
HN,BD,PV,0.0,False
HN,BE,PV,0.0,False
HN,BE,WIND,0.0,False
HN,BF,PV,0.0,False
HN,BG,PV,0.0,False
HN,BG,WIND,0.0,False
HN,BH,PV,0.0,False
HN,BI,PV,0.0,False
HN,BO,PV,0.03851070709016579,False
HN,BR,PV,0.0,False
HN,BR,WIND,0.008609799059245044,False
HN,BY,PV,0.0,False
HN,CA,PV,0.0,False
HN,CA,WIND,0.019438427444411613,False
HN,CH,PV,0.0,False
HN,CL,PV,0.007892708214147856,False
HN,CL,WIND,0.010303407327857736,False
HN,CN,PV,0.03600111605180014,False
HN,CN,WIND,0.009474398086813418,False
HN,CO,PV,0.0,False
HN,CR,PV,0.014840216546256167,False
HN,CU,PV,0.0,False
HN,CU,WIND,0.0,False
HN,CV,PV,0.02818640212586327,False
HN,CZ,PV,0.0,False
HN,DE,PV,0.0,False
HN,DE,WIND,0.0,False
HN,DK,PV,0.0,False
HN,DK,WIND,0.0,False
HN,DO,PV,0.0,False
HN,DO,WIND,0.0,False
HN,DZ,PV,0.0,False
HN,EC,PV,0.0,False
HN,EE,WIND,0.0,False
HN,EG,PV,0.0,False
HN,EG,WIND,0.010693750602938316,False
HN,ES,PV,0.0,False
HN,ES,WIND,0.009061293691852143,False
HN,ET,WIND,0.0,False
HN,FI,WIND,0.0,False
HN,FJ,WIND,0.0,False
HN,FR,PV,0.0,False
HN,FR,WIND,0.012863527685658845,False
HN,GB,PV,0.0,False
HN,GB,WIND,0.0,False
HN,GF,PV,0.0027594283520194153,False
HN,GH,PV,0.0041855703629106854,False
HN,GR,PV,0.0,False
HN,GR,WIND,0.004176015098989675,False
HN,GT,PV,0.0020325167827133944,False
HN,GT,WIND,0.0,False
HN,HN,PV,0.0,True
HN,HN,WIND,0.0,True
HN,HU,PV,0.0,False
HN,ID,PV,9.741089871202824e-05,False
HN,ID,WIND,1.0496758628361623e-05,False
HN,IE,WIND,0.0,False
HN,IL,PV,0.0,False
HN,IL,WIND,0.00805448491193837,False
HN,IN,PV,0.0,False
HN,IN,WIND,0.0,False
HN,IR,PV,0.0,False
HN,IR,WIND,0.0,False
HN,IT,PV,0.0,False
HN,IT,WIND,0.0,False
HN,JM,PV,0.0,False
HN,JM,WIND,0.0,False
HN,JO,PV,0.0,False
HN,JP,PV,0.08056402660038013,False
HN,JP,WIND,0.0,False
HN,KE,PV,0.0,False
HN,KE,WIND,0.0,False
HN,KH,PV,0.0,False
HN,KR,PV,0.005906627758475289,False
HN,KR,WIND,0.0,False
HN,KW,PV,0.0,False
HN,KZ,PV,0.0,False
HN,LC,PV,0.0,False
HN,LK,PV,0.0,False
HN,LK,WIND,0.0,False
HN,LY,PV,0.0,False
HN,LY,WIND,0.0038502873288540143,False
HN,MA,PV,0.02195785713332222,False
HN,MA,WIND,0.006536746526346494,False
HN,MG,PV,0.0,False
HN,MM,PV,0.0,False
HN,MN,PV,0.0,False
HN,MN,WIND,0.0,False
HN,MR,PV,0.011213362192153168,False
HN,MR,WIND,0.001970908575520776,False
HN,MU,PV,0.0,False
HN,MX,PV,0.08684600068311359,False
HN,MX,WIND,0.020020596436531608,False
HN,MY,PV,0.0,False
HN,NE,PV,0.0,False
HN,NG,PV,0.0,False
HN,NI,PV,0.011137880860062862,False
HN,NL,PV,0.0,False
HN,NL,WIND,0.0,False
HN,NO,WIND,0.0033824824606327516,False
HN,NP,PV,0.0,False
HN,NZ,WIND,0.007274050973637458,False
HN,OM,PV,0.0,False
HN,PA,PV,0.0,False
HN,PE,PV,0.0,False
HN,PE,WIND,0.0,False
HN,PH,PV,0.02508718075926272,False
HN,PH,WIND,0.0,False
HN,PK,PV,0.0,False
HN,PK,WIND,0.012219955149648468,False
HN,PL,PV,0.0,False
HN,PL,WIND,0.0,False
HN,PS,PV,0.0,False
HN,PT,PV,0.0,False
HN,PT,WIND,0.0,False
HN,PY,PV,0.0,False
HN,PY,WIND,0.0,False
HN,RO,PV,0.0,False
HN,RO,WIND,0.0,False
HN,RU,PV,0.0,False
HN,RU,WIND,0.0,False
HN,RW,PV,0.0,False
HN,SA,PV,0.0,False
HN,SE,WIND,0.0,False
HN,SK,PV,0.0,False
HN,SN,PV,0.023676128176197176,False
HN,SR,PV,0.03769940643967836,False
HN,SV,PV,0.005461330063484621,False
HN,TH,PV,0.0,False
HN,TH,WIND,0.0,False
HN,TN,WIND,0.001695157244131,False
HN,TR,PV,0.0,False
HN,TR,WIND,0.0,False
HN,TW,PV,0.0,False
HN,TW,WIND,0.002888936498710015,False
HN,UA,PV,0.0,False
HN,UG,PV,0.0,False
HN,US,PV,0.19810294095586867,False
HN,US,WIND,0.013095571088957859,False
HN,UY,PV,0.0004495667530851723,False
HN,UY,WIND,0.006578280987194485,False
HN,UZ,PV,0.0,False
HN,VN,PV,0.0,False
HN,VN,WIND,0.0,False
HN,ZA,PV,0.0,False
HN,ZA,WIND,0.0,False
HN,ZM,PV,0.0,False
HN,nan,PV,0.0,False
HU,AE,PV,0.0,False
HU,AF,PV,0.0,False
HU,AQ,WIND,0.0,False
HU,AR,PV,0.0,False
HU,AR,WIND,0.0,False
HU,AT,WIND,0.004022549877749947,False
HU,AU,PV,0.0,False
HU,AU,WIND,0.004695451550864365,False
HU,BD,PV,0.0,False
HU,BE,PV,0.0,False
HU,BE,WIND,0.0,False
HU,BF,PV,0.0,False
HU,BG,PV,0.0,False
HU,BG,WIND,0.0,False
HU,BH,PV,0.03285265365968086,False
HU,BI,PV,0.0,False
HU,BO,PV,0.0,False
HU,BR,PV,0.0,False
HU,BR,WIND,0.003116052481279527,False
HU,BY,PV,0.0,False
HU,CA,PV,0.0,False
HU,CA,WIND,0.019601551610818294,False
HU,CH,PV,0.0,False
HU,CL,PV,0.2449895415162091,False
HU,CL,WIND,0.0,False
HU,CN,PV,0.0,False
HU,CN,WIND,0.05982514494831452,False
HU,CO,PV,0.0,False
HU,CR,PV,0.0,False
HU,CU,PV,0.0,False
HU,CU,WIND,0.0,False
HU,CV,PV,0.016706526206769566,False
HU,CZ,PV,0.0,False
HU,DE,PV,0.0,False
HU,DE,WIND,0.018493754807031068,False
HU,DK,PV,0.0,False
HU,DK,WIND,0.0,False
HU,DO,PV,0.0,False
HU,DO,WIND,0.004712051189006043,False
HU,DZ,PV,0.0,False
HU,EC,PV,0.0,False
HU,EE,WIND,0.0,False
HU,EG,PV,0.06427631846586761,False
HU,EG,WIND,0.0,False
HU,ES,PV,0.0,False
HU,ES,WIND,0.019101336486534982,False
HU,ET,WIND,0.0,False
HU,FI,WIND,0.0,False
HU,FJ,WIND,0.0055904516319214125,False
HU,FR,PV,0.0,False
HU,FR,WIND,0.009625989174457335,False
HU,GB,PV,0.0,False
HU,GB,WIND,0.0015354160779020574,False
HU,GF,PV,0.0,False
HU,GH,PV,0.0033189636930212292,False
HU,GR,PV,0.0,False
HU,GR,WIND,0.0,False
HU,GT,PV,0.0,False
HU,GT,WIND,0.0,False
HU,HN,PV,0.0,False
HU,HN,WIND,0.0,False
HU,HU,PV,0.0,True
HU,ID,PV,0.0,False
HU,ID,WIND,0.0,False
HU,IE,WIND,0.0,False
HU,IL,PV,0.0,False
HU,IL,WIND,0.0,False
HU,IN,PV,0.02359967210841749,False
HU,IN,WIND,0.0,False
HU,IR,PV,0.0,False
HU,IR,WIND,0.0,False
HU,IT,PV,0.0,False
HU,IT,WIND,0.0009713007769878754,False
HU,JM,PV,0.0,False
HU,JM,WIND,0.013611720208843155,False
HU,JO,PV,0.0,False
HU,JP,PV,0.0,False
HU,JP,WIND,0.0008930177577597657,False
HU,KE,PV,0.03355919478006048,False
HU,KE,WIND,0.005428891542484375,False
HU,KH,PV,0.0,False
HU,KR,PV,0.0,False
HU,KR,WIND,0.0031591435235979936,False
HU,KW,PV,0.016537995690459443,False
HU,KZ,PV,0.0,False
HU,LC,PV,0.0,False
HU,LK,PV,0.0,False
HU,LK,WIND,0.0,False
HU,LY,PV,0.0,False
HU,LY,WIND,0.0,False
HU,MA,PV,0.0,False
HU,MA,WIND,0.0,False
HU,MG,PV,0.0,False
HU,MM,PV,0.0,False
HU,MN,PV,0.0,False
HU,MN,WIND,0.0,False
HU,MR,PV,0.0,False
HU,MR,WIND,0.00877050019524208,False
HU,MU,PV,0.0,False
HU,MX,PV,0.048655511768255805,False
HU,MX,WIND,0.0,False
HU,MY,PV,0.0,False
HU,NE,PV,0.005936676088249518,False
HU,NG,PV,0.0,False
HU,NI,PV,0.0,False
HU,NL,PV,0.0,False
HU,NL,WIND,0.0,False
HU,NO,WIND,0.0,False
HU,NP,PV,0.01999022729009002,False
HU,NZ,WIND,0.0,False
HU,OM,PV,0.08740728408256644,False
HU,PA,PV,0.0,False
HU,PE,PV,0.0,False
HU,PE,WIND,0.0,False
HU,PH,PV,0.0,False
HU,PH,WIND,0.03935260177944732,False
HU,PK,PV,0.0,False
HU,PK,WIND,0.0,False
HU,PL,PV,0.0,False
HU,PL,WIND,0.007537918762283365,False
HU,PS,PV,0.0,False
HU,PT,PV,0.0,False
HU,PT,WIND,0.004053839501786127,False
HU,PY,PV,0.02240955537883034,False
HU,PY,WIND,0.0,False
HU,RO,PV,0.0,False
HU,RO,WIND,0.0010220803610288347,False
HU,RU,PV,0.003950986033944319,False
HU,RU,WIND,0.0,False
HU,RW,PV,0.0,False
HU,SA,PV,0.0,False
HU,SE,WIND,0.0,False
HU,SK,PV,0.0,False
HU,SN,PV,0.0,False
HU,SR,PV,0.0,False
HU,SV,PV,0.0,False
HU,TH,PV,0.0,False
HU,TH,WIND,0.0,False
HU,TN,WIND,0.0,False
HU,TR,PV,0.0,False
HU,TR,WIND,0.0,False
HU,TW,PV,0.0,False
HU,TW,WIND,0.00012718574606691903,False
HU,UA,PV,0.0,False
HU,UG,PV,0.0030134018413370232,False
HU,US,PV,0.050003722164481505,False
HU,US,WIND,0.05181428373311426,False
HU,UY,PV,0.006539409087149622,False
HU,UY,WIND,0.0,False
HU,UZ,PV,0.0,False
HU,VN,PV,0.0,False
HU,VN,WIND,0.0,False
HU,ZA,PV,0.029190126420086535,False
HU,ZA,WIND,0.0,False
HU,ZM,PV,0.0,False
HU,nan,PV,0.0,False
ID,AE,PV,0.0,False
ID,AF,PV,0.0,False
ID,AQ,WIND,0.0,False
ID,AR,PV,0.0,False
ID,AR,WIND,0.0,False
ID,AT,WIND,0.0,False
ID,AU,PV,0.10160213141894565,False
ID,AU,WIND,0.010810331910949387,False
ID,BD,PV,0.0,False
ID,BE,PV,0.0,False
ID,BE,WIND,0.0,False
ID,BF,PV,0.0,False
ID,BG,PV,0.0,False
ID,BG,WIND,0.0,False
ID,BH,PV,0.0,False
ID,BI,PV,0.0,False
ID,BO,PV,0.0,False
ID,BR,PV,0.031663515400406475,False
ID,BR,WIND,0.0034215680835733304,False
ID,BY,PV,0.0,False
ID,CA,PV,0.0,False
ID,CA,WIND,0.0215012371303913,False
ID,CH,PV,0.0,False
ID,CL,PV,0.0032963057110950247,False
ID,CL,WIND,0.0,False
ID,CN,PV,0.043316082128968696,False
ID,CN,WIND,0.09567384956912124,False
ID,CO,PV,0.0,False
ID,CR,PV,0.0,False
ID,CU,PV,0.0,False
ID,CU,WIND,0.0013939893251346538,False
ID,CV,PV,0.05988262141199934,False
ID,CZ,PV,0.0,False
ID,DE,PV,0.0,False
ID,DE,WIND,0.0036035509509312843,False
ID,DK,PV,0.0,False
ID,DK,WIND,0.0,False
ID,DO,PV,0.012966986043197532,False
ID,DO,WIND,0.003818209002676401,False
ID,DZ,PV,0.0,False
ID,EC,PV,0.0,False
ID,EE,WIND,0.005521524422535012,False
ID,EG,PV,0.0,False
ID,EG,WIND,0.0,False
ID,ES,PV,0.0,False
ID,ES,WIND,0.008093805359519219,False
ID,ET,WIND,0.0,False
ID,FI,WIND,0.0,False
ID,FJ,WIND,0.004403993111408856,False
ID,FR,PV,0.0,False
ID,FR,WIND,0.014191107486861127,False
ID,GB,PV,0.0007271845930792304,False
ID,GB,WIND,0.004465666653875367,False
ID,GF,PV,0.0,False
ID,GH,PV,0.03200067859571641,False
ID,GR,PV,0.0,False
ID,GR,WIND,0.0,False
ID,GT,PV,0.0,False
ID,GT,WIND,0.009628166609545815,False
ID,HN,PV,0.0,False
ID,HN,WIND,0.0075404659605681455,False
ID,HU,PV,0.0,False
ID,ID,PV,0.036332151776295014,True
ID,ID,WIND,0.00012734786675907083,True
ID,IE,WIND,0.0,False
ID,IL,PV,0.0,False
ID,IL,WIND,0.0,False
ID,IN,PV,0.017094395870482254,False
ID,IN,WIND,0.002449063537203442,False
ID,IR,PV,0.0,False
ID,IR,WIND,0.0,False
ID,IT,PV,0.0,False
ID,IT,WIND,0.0,False
ID,JM,PV,0.0,False
ID,JM,WIND,0.0,False
ID,JO,PV,0.0,False
ID,JP,PV,0.01499859813677344,False
ID,JP,WIND,0.01023575794710715,False
ID,KE,PV,0.00022184020872670612,False
ID,KE,WIND,0.01866185312265169,False
ID,KH,PV,0.0,False
ID,KR,PV,0.0,False
ID,KR,WIND,0.0027885579124000597,False
ID,KW,PV,0.0,False
ID,KZ,PV,0.0,False
ID,LC,PV,0.0031652755890434685,False
ID,LK,PV,0.0,False
ID,LK,WIND,0.0,False
ID,LY,PV,0.0,False
ID,LY,WIND,0.0,False
ID,MA,PV,0.0,False
ID,MA,WIND,0.0,False
ID,MG,PV,0.0,False
ID,MM,PV,0.0,False
ID,MN,PV,0.0,False
ID,MN,WIND,0.0,False
ID,MR,PV,0.0,False
ID,MR,WIND,0.023435432277978126,False
ID,MU,PV,0.018402980679180187,False
ID,MX,PV,0.0,False
ID,MX,WIND,0.0,False
ID,MY,PV,0.0,False
ID,NE,PV,0.010075473022024,False
ID,NG,PV,0.0,False
ID,NI,PV,0.0,False
ID,NL,PV,0.0,False
ID,NL,WIND,0.0,False
ID,NO,WIND,0.0,False
ID,NP,PV,0.004609972607295786,False
ID,NZ,WIND,0.009011666276510937,False
ID,OM,PV,0.0,False
ID,PA,PV,0.009525284143419865,False
ID,PE,PV,0.0,False
ID,PE,WIND,0.01249177206147312,False
ID,PH,PV,0.01383919686889742,False
ID,PH,WIND,0.02249565274494532,False
ID,PK,PV,0.0,False
ID,PK,WIND,0.0,False
ID,PL,PV,0.0,False
ID,PL,WIND,0.0003571365304877793,False
ID,PS,PV,0.0,False
ID,PT,PV,0.0,False
ID,PT,WIND,0.0067760420974409255,False
ID,PY,PV,0.027031258896491085,False
ID,PY,WIND,0.0,False
ID,RO,PV,0.0,False
ID,RO,WIND,0.0028561669343477743,False
ID,RU,PV,0.0,False
ID,RU,WIND,0.004783202264498934,False
ID,RW,PV,0.0,False
ID,SA,PV,0.0,False
ID,SE,WIND,0.0,False
ID,SK,PV,0.0,False
ID,SN,PV,0.027655502417630807,False
ID,SR,PV,0.0013686858629261677,False
ID,SV,PV,0.0,False
ID,TH,PV,0.0,False
ID,TH,WIND,0.007450676964582398,False
ID,TN,WIND,0.0,False
ID,TR,PV,0.0,False
ID,TR,WIND,0.0,False
ID,TW,PV,0.0,False
ID,TW,WIND,0.0,False
ID,UA,PV,0.0,False
ID,UG,PV,0.0,False
ID,US,PV,0.002402617883823267,False
ID,US,WIND,0.09109898288002188,False
ID,UY,PV,0.01701115849159408,False
ID,UY,WIND,0.0,False
ID,UZ,PV,0.0,False
ID,VN,PV,0.0,False
ID,VN,WIND,0.0,False
ID,ZA,PV,0.03410961030488159,False
ID,ZA,WIND,0.02310601931234782,False
ID,ZM,PV,0.0,False
ID,nan,PV,0.04450769562925745,False
IE,AE,PV,0.0,False
IE,AF,PV,0.0,False
IE,AQ,WIND,0.0,False
IE,AR,PV,0.0,False
IE,AR,WIND,0.0,False
IE,AT,WIND,0.002763539865907667,False
IE,AU,PV,0.0,False
IE,AU,WIND,0.0,False
IE,BD,PV,0.0,False
IE,BE,PV,0.0,False
IE,BE,WIND,0.0,False
IE,BF,PV,0.0,False
IE,BG,PV,0.0,False
IE,BG,WIND,0.013091240942547589,False
IE,BH,PV,0.0,False
IE,BI,PV,0.0,False
IE,BO,PV,0.0,False
IE,BR,PV,0.0,False
IE,BR,WIND,0.05969923035355776,False
IE,BY,PV,0.0,False
IE,CA,PV,0.0,False
IE,CA,WIND,0.0039863857095554745,False
IE,CH,PV,0.0,False
IE,CL,PV,0.2690676428061156,False
IE,CL,WIND,0.0,False
IE,CN,PV,0.0,False
IE,CN,WIND,0.0666829478612137,False
IE,CO,PV,0.0,False
IE,CR,PV,0.0,False
IE,CU,PV,0.0,False
IE,CU,WIND,0.0,False
IE,CV,PV,0.0,False
IE,CZ,PV,0.0,False
IE,DE,PV,0.0,False
IE,DE,WIND,6.527723085453371e-05,False
IE,DK,PV,0.0,False
IE,DK,WIND,0.0,False
IE,DO,PV,0.0,False
IE,DO,WIND,0.0,False
IE,DZ,PV,0.0,False
IE,EC,PV,0.0,False
IE,EE,WIND,0.0,False
IE,EG,PV,0.0,False
IE,EG,WIND,0.0,False
IE,ES,PV,0.0,False
IE,ES,WIND,0.006719041010987533,False
IE,ET,WIND,0.0,False
IE,FI,WIND,0.010924041694114853,False
IE,FJ,WIND,0.0,False
IE,FR,PV,0.0,False
IE,FR,WIND,0.03873977879513788,False
IE,GB,PV,0.0,False
IE,GB,WIND,0.028513962050001063,False
IE,GF,PV,0.0,False
IE,GH,PV,0.0,False
IE,GR,PV,0.0,False
IE,GR,WIND,0.0,False
IE,GT,PV,0.0,False
IE,GT,WIND,0.0,False
IE,HN,PV,0.0,False
IE,HN,WIND,0.0,False
IE,HU,PV,0.0,False
IE,ID,PV,0.0,False
IE,ID,WIND,0.0,False
IE,IE,WIND,0.0,True
IE,IL,PV,0.0,False
IE,IL,WIND,0.0,False
IE,IN,PV,0.0,False
IE,IN,WIND,0.0,False
IE,IR,PV,0.0,False
IE,IR,WIND,0.0,False
IE,IT,PV,0.0,False
IE,IT,WIND,0.0,False
IE,JM,PV,0.0,False
IE,JM,WIND,0.0,False
IE,JO,PV,0.0,False
IE,JP,PV,0.0,False
IE,JP,WIND,0.0009796908372894518,False
IE,KE,PV,0.0,False
IE,KE,WIND,0.0,False
IE,KH,PV,0.0,False
IE,KR,PV,0.0,False
IE,KR,WIND,0.0,False
IE,KW,PV,0.0,False
IE,KZ,PV,0.0,False
IE,LC,PV,0.0,False
IE,LK,PV,0.0,False
IE,LK,WIND,0.0,False
IE,LY,PV,0.0,False
IE,LY,WIND,0.0,False
IE,MA,PV,0.0,False
IE,MA,WIND,0.0,False
IE,MG,PV,0.06861755939176781,False
IE,MM,PV,0.0,False
IE,MN,PV,0.0,False
IE,MN,WIND,0.0,False
IE,MR,PV,0.0,False
IE,MR,WIND,0.0,False
IE,MU,PV,0.0,False
IE,MX,PV,0.03028570730357667,False
IE,MX,WIND,0.00903791487199275,False
IE,MY,PV,0.0,False
IE,NE,PV,0.0,False
IE,NG,PV,0.0,False
IE,NI,PV,0.0,False
IE,NL,PV,0.0,False
IE,NL,WIND,0.0,False
IE,NO,WIND,0.0,False
IE,NP,PV,0.0,False
IE,NZ,WIND,0.0060404995363313235,False
IE,OM,PV,0.0,False
IE,PA,PV,0.0,False
IE,PE,PV,0.0,False
IE,PE,WIND,0.0,False
IE,PH,PV,0.0,False
IE,PH,WIND,0.04396277240454305,False
IE,PK,PV,0.0,False
IE,PK,WIND,0.0,False
IE,PL,PV,0.0,False
IE,PL,WIND,0.0,False
IE,PS,PV,0.0,False
IE,PT,PV,0.0,False
IE,PT,WIND,0.008617102774324776,False
IE,PY,PV,0.0,False
IE,PY,WIND,0.0,False
IE,RO,PV,0.0,False
IE,RO,WIND,0.0,False
IE,RU,PV,0.0,False
IE,RU,WIND,0.0002537354290311671,False
IE,RW,PV,0.0,False
IE,SA,PV,0.0,False
IE,SE,WIND,0.0,False
IE,SK,PV,0.0,False
IE,SN,PV,0.0,False
IE,SR,PV,0.0,False
IE,SV,PV,0.0,False
IE,TH,PV,0.0,False
IE,TH,WIND,0.0,False
IE,TN,WIND,0.0,False
IE,TR,PV,0.0,False
IE,TR,WIND,0.0,False
IE,TW,PV,0.0,False
IE,TW,WIND,0.0,False
IE,UA,PV,0.0,False
IE,UG,PV,0.0,False
IE,US,PV,0.06519825336699492,False
IE,US,WIND,0.11547614577462373,False
IE,UY,PV,0.0,False
IE,UY,WIND,0.0,False
IE,UZ,PV,0.0,False
IE,VN,PV,0.0,False
IE,VN,WIND,0.0,False
IE,ZA,PV,0.15127752998952923,False
IE,ZA,WIND,0.0,False
IE,ZM,PV,0.0,False
IE,nan,PV,0.0,False
IL,AE,PV,0.03423926949775786,False
IL,AF,PV,0.0,False
IL,AQ,WIND,0.0,False
IL,AR,PV,0.0,False
IL,AR,WIND,0.0,False
IL,AT,WIND,0.0,False
IL,AU,PV,0.0,False
IL,AU,WIND,0.0019805199115056783,False
IL,BD,PV,0.0,False
IL,BE,PV,0.0,False
IL,BE,WIND,0.0,False
IL,BF,PV,0.0,False
IL,BG,PV,0.0,False
IL,BG,WIND,0.0,False
IL,BH,PV,0.0,False
IL,BI,PV,0.0,False
IL,BO,PV,0.0,False
IL,BR,PV,0.0,False
IL,BR,WIND,0.004014270526372498,False
IL,BY,PV,0.0,False
IL,CA,PV,0.0,False
IL,CA,WIND,0.014018454694794184,False
IL,CH,PV,0.0,False
IL,CL,PV,0.17451380053974322,False
IL,CL,WIND,0.0,False
IL,CN,PV,0.0,False
IL,CN,WIND,0.06329419131893327,False
IL,CO,PV,0.0,False
IL,CR,PV,0.0,False
IL,CU,PV,0.0,False
IL,CU,WIND,0.0062009851191605295,False
IL,CV,PV,0.0,False
IL,CZ,PV,0.0,False
IL,DE,PV,0.0,False
IL,DE,WIND,0.014783200764266926,False
IL,DK,PV,0.0,False
IL,DK,WIND,0.0,False
IL,DO,PV,0.0,False
IL,DO,WIND,0.0,False
IL,DZ,PV,0.0,False
IL,EC,PV,0.0,False
IL,EE,WIND,0.0,False
IL,EG,PV,0.0768849171040512,False
IL,EG,WIND,0.0,False
IL,ES,PV,0.0,False
IL,ES,WIND,0.01219455587754641,False
IL,ET,WIND,0.0,False
IL,FI,WIND,0.0,False
IL,FJ,WIND,0.002052878336103312,False
IL,FR,PV,0.0,False
IL,FR,WIND,0.007551609408179069,False
IL,GB,PV,0.0,False
IL,GB,WIND,0.0,False
IL,GF,PV,0.0,False
IL,GH,PV,0.008596293579556075,False
IL,GR,PV,0.0,False
IL,GR,WIND,0.0,False
IL,GT,PV,0.0,False
IL,GT,WIND,0.016830292196613646,False
IL,HN,PV,0.0,False
IL,HN,WIND,0.006161388948806852,False
IL,HU,PV,0.0,False
IL,ID,PV,0.0,False
IL,ID,WIND,0.0,False
IL,IE,WIND,0.0,False
IL,IL,PV,0.0,True
IL,IL,WIND,0.00028327786446831526,True
IL,IN,PV,0.022806102214671175,False
IL,IN,WIND,0.0,False
IL,IR,PV,0.0,False
IL,IR,WIND,0.0,False
IL,IT,PV,0.0,False
IL,IT,WIND,0.0,False
IL,JM,PV,0.0,False
IL,JM,WIND,0.01085319688872466,False
IL,JO,PV,0.003274133236338398,False
IL,JP,PV,0.0,False
IL,JP,WIND,0.0057218244065540555,False
IL,KE,PV,0.028724222475452522,False
IL,KE,WIND,0.013872593290638422,False
IL,KH,PV,0.0,False
IL,KR,PV,0.0,False
IL,KR,WIND,0.005208556679929397,False
IL,KW,PV,0.0,False
IL,KZ,PV,0.0,False
IL,LC,PV,0.0,False
IL,LK,PV,0.0,False
IL,LK,WIND,0.0,False
IL,LY,PV,0.0,False
IL,LY,WIND,0.0,False
IL,MA,PV,0.0,False
IL,MA,WIND,0.0,False
IL,MG,PV,0.0,False
IL,MM,PV,0.0,False
IL,MN,PV,0.0,False
IL,MN,WIND,0.0,False
IL,MR,PV,0.0,False
IL,MR,WIND,0.03414412891409266,False
IL,MU,PV,0.0,False
IL,MX,PV,0.05316016632918412,False
IL,MX,WIND,0.0,False
IL,MY,PV,0.0,False
IL,NE,PV,0.009720741101984544,False
IL,NG,PV,0.020502522809148944,False
IL,NI,PV,0.0,False
IL,NL,PV,0.0,False
IL,NL,WIND,0.0,False
IL,NO,WIND,0.0,False
IL,NP,PV,0.020628021919642706,False
IL,NZ,WIND,0.0,False
IL,OM,PV,0.06842045855920097,False
IL,PA,PV,0.0,False
IL,PE,PV,0.0,False
IL,PE,WIND,0.0,False
IL,PH,PV,0.0,False
IL,PH,WIND,0.013612031155562112,False
IL,PK,PV,0.0,False
IL,PK,WIND,0.0,False
IL,PL,PV,0.0,False
IL,PL,WIND,0.009899477990270621,False
IL,PS,PV,0.0,False
IL,PT,PV,0.0,False
IL,PT,WIND,0.0019267774755515152,False
IL,PY,PV,0.019933011475328954,False
IL,PY,WIND,0.0,False
IL,RO,PV,0.0,False
IL,RO,WIND,0.0,False
IL,RU,PV,0.0,False
IL,RU,WIND,0.0,False
IL,RW,PV,0.0,False
IL,SA,PV,0.0,False
IL,SE,WIND,0.0,False
IL,SK,PV,0.0,False
IL,SN,PV,0.024948714414372433,False
IL,SR,PV,0.0,False
IL,SV,PV,0.0,False
IL,TH,PV,0.0,False
IL,TH,WIND,0.0,False
IL,TN,WIND,0.0,False
IL,TR,PV,0.0,False
IL,TR,WIND,0.0,False
IL,TW,PV,0.0,False
IL,TW,WIND,0.0,False
IL,UA,PV,0.0,False
IL,UG,PV,0.0,False
IL,US,PV,0.04580722030626246,False
IL,US,WIND,0.10627739997032903,False
IL,UY,PV,0.004133389602884888,False
IL,UY,WIND,0.0,False
IL,UZ,PV,0.0,False
IL,VN,PV,0.0,False
IL,VN,WIND,0.0,False
IL,ZA,PV,0.0248731535687422,False
IL,ZA,WIND,0.007952249527274021,False
IL,ZM,PV,0.0,False
IL,nan,PV,0.0,False
IN,AE,PV,0.011253907535541572,False
IN,AF,PV,0.0,False
IN,AQ,WIND,0.0,False
IN,AR,PV,0.0,False
IN,AR,WIND,0.0,False
IN,AT,WIND,0.0,False
IN,AU,PV,0.0335928651870833,False
IN,AU,WIND,0.006646396209647305,False
IN,BD,PV,0.0,False
IN,BE,PV,0.0,False
IN,BE,WIND,0.0,False
IN,BF,PV,0.008591367975699192,False
IN,BG,PV,0.0,False
IN,BG,WIND,0.0,False
IN,BH,PV,0.0,False
IN,BI,PV,0.0,False
IN,BO,PV,0.0,False
IN,BR,PV,0.06134786961707795,False
IN,BR,WIND,0.006028776289062361,False
IN,BY,PV,0.0,False
IN,CA,PV,0.0,False
IN,CA,WIND,0.013870965371504486,False
IN,CH,PV,0.0,False
IN,CL,PV,0.007911788620871421,False
IN,CL,WIND,0.0,False
IN,CN,PV,0.058009228138254466,False
IN,CN,WIND,0.052037490584829094,False
IN,CO,PV,0.0,False
IN,CR,PV,0.0,False
IN,CU,PV,0.0,False
IN,CU,WIND,0.0,False
IN,CV,PV,0.1046224705607321,False
IN,CZ,PV,0.0,False
IN,DE,PV,0.0,False
IN,DE,WIND,0.0195110721608098,False
IN,DK,PV,0.0,False
IN,DK,WIND,0.0,False
IN,DO,PV,0.0,False
IN,DO,WIND,0.017572036653848978,False
IN,DZ,PV,0.0,False
IN,EC,PV,0.0,False
IN,EE,WIND,0.0013697236266646206,False
IN,EG,PV,0.0,False
IN,EG,WIND,0.0,False
IN,ES,PV,0.0,False
IN,ES,WIND,0.004662017033146182,False
IN,ET,WIND,0.0,False
IN,FI,WIND,0.0,False
IN,FJ,WIND,0.009002753420750971,False
IN,FR,PV,0.0,False
IN,FR,WIND,0.00863298532776828,False
IN,GB,PV,0.0,False
IN,GB,WIND,0.003917987886769481,False
IN,GF,PV,0.005476782017468035,False
IN,GH,PV,0.025676836916109235,False
IN,GR,PV,0.0,False
IN,GR,WIND,0.0,False
IN,GT,PV,0.0,False
IN,GT,WIND,0.004364791312011471,False
IN,HN,PV,0.0,False
IN,HN,WIND,0.00870800943418612,False
IN,HU,PV,0.0,False
IN,ID,PV,0.019977011541651504,False
IN,ID,WIND,0.0,False
IN,IE,WIND,0.0,False
IN,IL,PV,0.0,False
IN,IL,WIND,0.0,False
IN,IN,PV,0.07968234063231679,True
IN,IN,WIND,0.0,True
IN,IR,PV,0.0,False
IN,IR,WIND,0.0,False
IN,IT,PV,0.0,False
IN,IT,WIND,0.0,False
IN,JM,PV,0.0,False
IN,JM,WIND,0.011960223441053982,False
IN,JO,PV,0.0,False
IN,JP,PV,0.011900909587311737,False
IN,JP,WIND,0.006962229102750514,False
IN,KE,PV,0.0,False
IN,KE,WIND,0.007740549806719254,False
IN,KH,PV,0.008674037319669968,False
IN,KR,PV,0.0,False
IN,KR,WIND,0.004485165313715605,False
IN,KW,PV,0.0,False
IN,KZ,PV,0.0,False
IN,LC,PV,0.005730668821933983,False
IN,LK,PV,0.0,False
IN,LK,WIND,0.0,False
IN,LY,PV,0.0,False
IN,LY,WIND,0.0,False
IN,MA,PV,0.0,False
IN,MA,WIND,0.0,False
IN,MG,PV,0.0,False
IN,MM,PV,0.020180845750413956,False
IN,MN,PV,0.0,False
IN,MN,WIND,0.0,False
IN,MR,PV,0.0,False
IN,MR,WIND,0.015082161967422254,False
IN,MU,PV,0.044756956428575564,False
IN,MX,PV,0.0,False
IN,MX,WIND,0.0,False
IN,MY,PV,0.019051693975430346,False
IN,NE,PV,0.006641416577671929,False
IN,NG,PV,0.0,False
IN,NI,PV,0.0,False
IN,NL,PV,0.0,False
IN,NL,WIND,0.0,False
IN,NO,WIND,0.0,False
IN,NP,PV,0.028752341286245965,False
IN,NZ,WIND,0.0015283209051600284,False
IN,OM,PV,0.0,False
IN,PA,PV,0.0,False
IN,PE,PV,0.01624874497257881,False
IN,PE,WIND,0.0,False
IN,PH,PV,0.008585594302154073,False
IN,PH,WIND,0.012108165216769983,False
IN,PK,PV,0.0,False
IN,PK,WIND,0.0,False
IN,PL,PV,0.0,False
IN,PL,WIND,0.00013087982269675233,False
IN,PS,PV,0.0,False
IN,PT,PV,0.0,False
IN,PT,WIND,0.0012374583480389853,False
IN,PY,PV,0.029240672933337358,False
IN,PY,WIND,0.0,False
IN,RO,PV,0.0,False
IN,RO,WIND,0.0003264390215078984,False
IN,RU,PV,0.0,False
IN,RU,WIND,0.0,False
IN,RW,PV,0.0,False
IN,SA,PV,0.0,False
IN,SE,WIND,0.0,False
IN,SK,PV,0.0,False
IN,SN,PV,0.03195493661781465,False
IN,SR,PV,0.0005611117730170969,False
IN,SV,PV,0.0,False
IN,TH,PV,0.002701213876666459,False
IN,TH,WIND,0.00024736527799727693,False
IN,TN,WIND,0.0,False
IN,TR,PV,0.0,False
IN,TR,WIND,0.0,False
IN,TW,PV,0.0,False
IN,TW,WIND,0.0,False
IN,UA,PV,0.0,False
IN,UG,PV,0.0,False
IN,US,PV,0.013150332981817423,False
IN,US,WIND,0.04982477048511769,False
IN,UY,PV,0.02020842823186962,False
IN,UY,WIND,0.0,False
IN,UZ,PV,0.0,False
IN,VN,PV,0.0,False
IN,VN,WIND,0.0,False
IN,ZA,PV,0.025672125735072767,False
IN,ZA,WIND,0.021886766065663026,False
IN,ZM,PV,0.0,False
IN,nan,PV,0.0,False
IR,AE,PV,0.06170448667747563,False
IR,AF,PV,0.0,False
IR,AQ,WIND,0.0,False
IR,AR,PV,0.0,False
IR,AR,WIND,0.0,False
IR,AT,WIND,0.0,False
IR,AU,PV,0.0,False
IR,AU,WIND,0.0,False
IR,BD,PV,0.0,False
IR,BE,PV,0.0,False
IR,BE,WIND,0.0,False
IR,BF,PV,0.0,False
IR,BG,PV,0.0,False
IR,BG,WIND,0.0,False
IR,BH,PV,0.0,False
IR,BI,PV,0.0,False
IR,BO,PV,0.0,False
IR,BR,PV,0.0,False
IR,BR,WIND,0.4877532500302242,False
IR,BY,PV,0.0,False
IR,CA,PV,0.0,False
IR,CA,WIND,0.0,False
IR,CH,PV,0.0,False
IR,CL,PV,0.0,False
IR,CL,WIND,0.0,False
IR,CN,PV,0.0,False
IR,CN,WIND,0.021484300931459564,False
IR,CO,PV,0.0,False
IR,CR,PV,0.0,False
IR,CU,PV,0.0,False
IR,CU,WIND,0.0,False
IR,CV,PV,0.0,False
IR,CZ,PV,0.0,False
IR,DE,PV,0.0,False
IR,DE,WIND,0.0,False
IR,DK,PV,0.0,False
IR,DK,WIND,0.0,False
IR,DO,PV,0.0,False
IR,DO,WIND,0.0,False
IR,DZ,PV,0.0,False
IR,EC,PV,0.0,False
IR,EE,WIND,0.0,False
IR,EG,PV,0.0,False
IR,EG,WIND,0.0,False
IR,ES,PV,0.0,False
IR,ES,WIND,0.0,False
IR,ET,WIND,0.0,False
IR,FI,WIND,0.0,False
IR,FJ,WIND,0.0,False
IR,FR,PV,0.0,False
IR,FR,WIND,0.0,False
IR,GB,PV,0.0,False
IR,GB,WIND,0.0,False
IR,GF,PV,0.027248547941592757,False
IR,GH,PV,0.0,False
IR,GR,PV,0.0,False
IR,GR,WIND,0.0,False
IR,GT,PV,0.0,False
IR,GT,WIND,0.0,False
IR,HN,PV,0.0,False
IR,HN,WIND,0.0,False
IR,HU,PV,0.0,False
IR,ID,PV,0.0,False
IR,ID,WIND,0.0,False
IR,IE,WIND,0.0,False
IR,IL,PV,0.0,False
IR,IL,WIND,0.0,False
IR,IN,PV,0.0,False
IR,IN,WIND,0.0,False
IR,IR,PV,0.0,True
IR,IR,WIND,0.0,True
IR,IT,PV,0.0,False
IR,IT,WIND,0.0,False
IR,JM,PV,0.0,False
IR,JM,WIND,0.0,False
IR,JO,PV,0.0,False
IR,JP,PV,0.0,False
IR,JP,WIND,0.0,False
IR,KE,PV,0.0,False
IR,KE,WIND,0.0,False
IR,KH,PV,0.0,False
IR,KR,PV,0.0,False
IR,KR,WIND,0.0,False
IR,KW,PV,0.0,False
IR,KZ,PV,0.0,False
IR,LC,PV,0.0,False
IR,LK,PV,0.0,False
IR,LK,WIND,0.0,False
IR,LY,PV,0.0,False
IR,LY,WIND,0.0,False
IR,MA,PV,0.0,False
IR,MA,WIND,0.0,False
IR,MG,PV,0.028699747458352565,False
IR,MM,PV,0.0,False
IR,MN,PV,0.0,False
IR,MN,WIND,0.0,False
IR,MR,PV,0.0,False
IR,MR,WIND,0.0,False
IR,MU,PV,0.05967790756062138,False
IR,MX,PV,0.0,False
IR,MX,WIND,0.0,False
IR,MY,PV,0.0,False
IR,NE,PV,0.0,False
IR,NG,PV,0.0,False
IR,NI,PV,0.0,False
IR,NL,PV,0.0,False
IR,NL,WIND,0.0,False
IR,NO,WIND,0.0,False
IR,NP,PV,0.0,False
IR,NZ,WIND,0.018452251203813136,False
IR,OM,PV,0.0,False
IR,PA,PV,0.0,False
IR,PE,PV,0.20174927349756452,False
IR,PE,WIND,0.0,False
IR,PH,PV,0.0,False
IR,PH,WIND,0.0,False
IR,PK,PV,0.0,False
IR,PK,WIND,0.0,False
IR,PL,PV,0.0,False
IR,PL,WIND,0.0,False
IR,PS,PV,0.0,False
IR,PT,PV,0.0,False
IR,PT,WIND,0.0,False
IR,PY,PV,0.0,False
IR,PY,WIND,0.0,False
IR,RO,PV,0.0,False
IR,RO,WIND,0.0,False
IR,RU,PV,0.0,False
IR,RU,WIND,0.0,False
IR,RW,PV,0.0,False
IR,SA,PV,0.0,False
IR,SE,WIND,0.0,False
IR,SK,PV,0.0,False
IR,SN,PV,0.0,False
IR,SR,PV,0.0,False
IR,SV,PV,0.0,False
IR,TH,PV,0.0,False
IR,TH,WIND,0.0,False
IR,TN,WIND,0.0,False
IR,TR,PV,0.0,False
IR,TR,WIND,0.0,False
IR,TW,PV,0.0,False
IR,TW,WIND,0.0032368004533615,False
IR,UA,PV,0.0,False
IR,UG,PV,0.0,False
IR,US,PV,0.0,False
IR,US,WIND,0.0,False
IR,UY,PV,0.0,False
IR,UY,WIND,0.0,False
IR,UZ,PV,0.0,False
IR,VN,PV,0.0,False
IR,VN,WIND,0.0,False
IR,ZA,PV,0.08999343424553415,False
IR,ZA,WIND,0.0,False
IR,ZM,PV,0.0,False
IR,nan,PV,0.0,False
IT,AE,PV,0.0,False
IT,AF,PV,0.0,False
IT,AQ,WIND,0.0,False
IT,AR,PV,0.0,False
IT,AR,WIND,0.0,False
IT,AT,WIND,0.007468864670229526,False
IT,AU,PV,0.0,False
IT,AU,WIND,0.0,False
IT,BD,PV,0.0,False
IT,BE,PV,0.0,False
IT,BE,WIND,0.0,False
IT,BF,PV,0.0037435617764048396,False
IT,BG,PV,0.0,False
IT,BG,WIND,0.0,False
IT,BH,PV,0.0,False
IT,BI,PV,0.0,False
IT,BO,PV,0.0,False
IT,BR,PV,0.0,False
IT,BR,WIND,0.001970136178508551,False
IT,BY,PV,0.0,False
IT,CA,PV,0.0,False
IT,CA,WIND,0.015553232717426582,False
IT,CH,PV,0.0,False
IT,CL,PV,0.16050648593457043,False
IT,CL,WIND,0.0,False
IT,CN,PV,0.006314810966934523,False
IT,CN,WIND,0.05755224305976497,False
IT,CO,PV,0.0,False
IT,CR,PV,0.0,False
IT,CU,PV,0.0,False
IT,CU,WIND,0.002743003057251049,False
IT,CV,PV,0.0,False
IT,CZ,PV,0.0,False
IT,DE,PV,0.0,False
IT,DE,WIND,0.0017900927652914603,False
IT,DK,PV,0.0,False
IT,DK,WIND,0.0,False
IT,DO,PV,0.0,False
IT,DO,WIND,0.015357632656036636,False
IT,DZ,PV,0.0,False
IT,EC,PV,0.0,False
IT,EE,WIND,0.0,False
IT,EG,PV,0.09462009204035123,False
IT,EG,WIND,0.0,False
IT,ES,PV,0.0,False
IT,ES,WIND,0.020723361892423717,False
IT,ET,WIND,0.019719485278819546,False
IT,FI,WIND,0.0,False
IT,FJ,WIND,0.0,False
IT,FR,PV,0.0,False
IT,FR,WIND,0.01912517768620206,False
IT,GB,PV,0.0,False
IT,GB,WIND,0.0,False
IT,GF,PV,0.0,False
IT,GH,PV,0.026150954223672675,False
IT,GR,PV,0.0,False
IT,GR,WIND,0.0,False
IT,GT,PV,0.0,False
IT,GT,WIND,0.0,False
IT,HN,PV,0.0,False
IT,HN,WIND,0.006518267960902719,False
IT,HU,PV,0.0,False
IT,ID,PV,0.0,False
IT,ID,WIND,0.0,False
IT,IE,WIND,0.0,False
IT,IL,PV,0.0,False
IT,IL,WIND,0.0,False
IT,IN,PV,0.020333777305104963,False
IT,IN,WIND,0.0,False
IT,IR,PV,0.0,False
IT,IR,WIND,0.0,False
IT,IT,PV,0.0,True
IT,IT,WIND,0.0025586025262767536,True
IT,JM,PV,0.0,False
IT,JM,WIND,0.010974003263014476,False
IT,JO,PV,0.03459969513569446,False
IT,JP,PV,0.0,False
IT,JP,WIND,0.0,False
IT,KE,PV,0.015472090967747081,False
IT,KE,WIND,0.027579391006301107,False
IT,KH,PV,0.0,False
IT,KR,PV,0.0,False
IT,KR,WIND,0.0,False
IT,KW,PV,0.0,False
IT,KZ,PV,0.0,False
IT,LC,PV,0.0,False
IT,LK,PV,0.0,False
IT,LK,WIND,0.0,False
IT,LY,PV,0.0,False
IT,LY,WIND,0.0,False
IT,MA,PV,0.0,False
IT,MA,WIND,0.0,False
IT,MG,PV,0.0,False
IT,MM,PV,0.0,False
IT,MN,PV,0.0,False
IT,MN,WIND,0.0,False
IT,MR,PV,0.0,False
IT,MR,WIND,0.013215475978862797,False
IT,MU,PV,0.0,False
IT,MX,PV,0.11861319782891863,False
IT,MX,WIND,0.0,False
IT,MY,PV,0.0,False
IT,NE,PV,0.02398269367223563,False
IT,NG,PV,0.00039944117178422644,False
IT,NI,PV,0.0,False
IT,NL,PV,0.0,False
IT,NL,WIND,0.0,False
IT,NO,WIND,0.0,False
IT,NP,PV,0.0,False
IT,NZ,WIND,0.0,False
IT,OM,PV,0.02666952641282804,False
IT,PA,PV,0.0,False
IT,PE,PV,0.0,False
IT,PE,WIND,0.0,False
IT,PH,PV,0.0,False
IT,PH,WIND,0.010103286109185162,False
IT,PK,PV,0.0,False
IT,PK,WIND,0.0,False
IT,PL,PV,0.0,False
IT,PL,WIND,0.0,False
IT,PS,PV,0.0,False
IT,PT,PV,0.0,False
IT,PT,WIND,0.00032517845478213624,False
IT,PY,PV,0.0,False
IT,PY,WIND,0.0,False
IT,RO,PV,0.0,False
IT,RO,WIND,0.0,False
IT,RU,PV,0.02271876020294153,False
IT,RU,WIND,0.0,False
IT,RW,PV,0.0,False
IT,SA,PV,0.04046891347089064,False
IT,SE,WIND,0.0,False
IT,SK,PV,0.0,False
IT,SN,PV,0.0228000533012473,False
IT,SR,PV,0.0,False
IT,SV,PV,0.0,False
IT,TH,PV,0.0,False
IT,TH,WIND,0.010317649436074038,False
IT,TN,WIND,0.0,False
IT,TR,PV,0.009219497239692509,False
IT,TR,WIND,0.0,False
IT,TW,PV,0.0,False
IT,TW,WIND,0.0004145480890831415,False
IT,UA,PV,0.0,False
IT,UG,PV,0.0,False
IT,US,PV,0.06258381699131466,False
IT,US,WIND,0.049853062770283646,False
IT,UY,PV,0.0,False
IT,UY,WIND,0.0,False
IT,UZ,PV,0.0,False
IT,VN,PV,0.0,False
IT,VN,WIND,0.0,False
IT,ZA,PV,0.0,False
IT,ZA,WIND,0.0032694590112009553,False
IT,ZM,PV,0.0,False
IT,nan,PV,0.013670476789744741,False
JM,AE,PV,0.0,False
JM,AF,PV,0.0,False
JM,AQ,WIND,0.0,False
JM,AR,PV,0.0,False
JM,AR,WIND,0.0,False
JM,AT,WIND,0.00406009796282045,False
JM,AU,PV,0.15262845471919748,False
JM,AU,WIND,0.009708535348530827,False
JM,BD,PV,0.0,False
JM,BE,PV,0.0,False
JM,BE,WIND,0.0,False
JM,BF,PV,0.011913077528751025,False
JM,BG,PV,0.0,False
JM,BG,WIND,0.0007667155828320315,False
JM,BH,PV,0.0,False
JM,BI,PV,0.0,False
JM,BO,PV,0.0,False
JM,BR,PV,0.0041824245278306695,False
JM,BR,WIND,0.01663169666691423,False
JM,BY,PV,0.0,False
JM,CA,PV,0.0,False
JM,CA,WIND,0.017745700534214797,False
JM,CH,PV,0.00294051808060054,False
JM,CL,PV,0.041886038502508126,False
JM,CL,WIND,0.0016120389852933266,False
JM,CN,PV,0.005554236418866878,False
JM,CN,WIND,0.01934812967841345,False
JM,CO,PV,0.0,False
JM,CR,PV,0.01972288003044232,False
JM,CU,PV,0.0,False
JM,CU,WIND,0.0,False
JM,CV,PV,0.00507500947831556,False
JM,CZ,PV,0.0,False
JM,DE,PV,0.000944897987879265,False
JM,DE,WIND,0.0,False
JM,DK,PV,0.0,False
JM,DK,WIND,0.0,False
JM,DO,PV,0.0,False
JM,DO,WIND,0.0,False
JM,DZ,PV,0.0027502049870921433,False
JM,EC,PV,0.0,False
JM,EE,WIND,0.0,False
JM,EG,PV,0.0,False
JM,EG,WIND,0.0,False
JM,ES,PV,0.002368321377387325,False
JM,ES,WIND,0.008010049893117897,False
JM,ET,WIND,0.0,False
JM,FI,WIND,0.0,False
JM,FJ,WIND,0.0024791625517066765,False
JM,FR,PV,0.0,False
JM,FR,WIND,0.0196462619317001,False
JM,GB,PV,0.0,False
JM,GB,WIND,0.027516459777492567,False
JM,GF,PV,0.0190420495394379,False
JM,GH,PV,0.012715891302663459,False
JM,GR,PV,0.0,False
JM,GR,WIND,0.009717744713302334,False
JM,GT,PV,0.0,False
JM,GT,WIND,0.0012835215573497763,False
JM,HN,PV,0.0,False
JM,HN,WIND,0.0,False
JM,HU,PV,0.0,False
JM,ID,PV,0.0,False
JM,ID,WIND,0.001187616202711849,False
JM,IE,WIND,0.002977059492483046,False
JM,IL,PV,0.0,False
JM,IL,WIND,0.003160698125818949,False
JM,IN,PV,0.0,False
JM,IN,WIND,0.0,False
JM,IR,PV,0.0,False
JM,IR,WIND,0.0,False
JM,IT,PV,0.0,False
JM,IT,WIND,0.0,False
JM,JM,PV,0.0,True
JM,JM,WIND,0.0,True
JM,JO,PV,0.0,False
JM,JP,PV,0.0728925382059184,False
JM,JP,WIND,0.008464695469034255,False
JM,KE,PV,0.0,False
JM,KE,WIND,0.0,False
JM,KH,PV,0.0,False
JM,KR,PV,0.0,False
JM,KR,WIND,0.0,False
JM,KW,PV,0.0,False
JM,KZ,PV,0.0,False
JM,LC,PV,0.016020894893356175,False
JM,LK,PV,0.0,False
JM,LK,WIND,0.0,False
JM,LY,PV,0.0,False
JM,LY,WIND,0.008086280862163576,False
JM,MA,PV,0.015749919988900442,False
JM,MA,WIND,0.01819457719032447,False
JM,MG,PV,0.0,False
JM,MM,PV,0.0,False
JM,MN,PV,0.0,False
JM,MN,WIND,0.0,False
JM,MR,PV,0.030376873545584843,False
JM,MR,WIND,0.005846282512122209,False
JM,MU,PV,0.0,False
JM,MX,PV,0.03847731503533541,False
JM,MX,WIND,0.0,False
JM,MY,PV,0.0,False
JM,NE,PV,0.0,False
JM,NG,PV,0.0,False
JM,NI,PV,0.023739579224394507,False
JM,NL,PV,0.0,False
JM,NL,WIND,0.0,False
JM,NO,WIND,0.0,False
JM,NP,PV,0.0,False
JM,NZ,WIND,0.016040330725022832,False
JM,OM,PV,0.0,False
JM,PA,PV,0.015529644867118117,False
JM,PE,PV,0.0,False
JM,PE,WIND,0.0,False
JM,PH,PV,0.0021074668688273565,False
JM,PH,WIND,0.0,False
JM,PK,PV,0.0,False
JM,PK,WIND,0.021570540347935683,False
JM,PL,PV,0.0,False
JM,PL,WIND,0.0,False
JM,PS,PV,0.0,False
JM,PT,PV,0.0,False
JM,PT,WIND,0.0017419800117684512,False
JM,PY,PV,0.015912797689238995,False
JM,PY,WIND,0.0,False
JM,RO,PV,0.0,False
JM,RO,WIND,0.0,False
JM,RU,PV,0.0,False
JM,RU,WIND,0.007130264678748195,False
JM,RW,PV,0.0,False
JM,SA,PV,0.0,False
JM,SE,WIND,0.0,False
JM,SK,PV,0.0,False
JM,SN,PV,0.02357175195720159,False
JM,SR,PV,0.01103100178311859,False
JM,SV,PV,0.0,False
JM,TH,PV,0.0,False
JM,TH,WIND,0.0,False
JM,TN,WIND,0.0,False
JM,TR,PV,0.0,False
JM,TR,WIND,0.010050296632525518,False
JM,TW,PV,0.0,False
JM,TW,WIND,0.0,False
JM,UA,PV,0.0,False
JM,UG,PV,0.0,False
JM,US,PV,0.13883071711862294,False
JM,US,WIND,0.05714918364760646,False
JM,UY,PV,0.011094642544145657,False
JM,UY,WIND,0.0,False
JM,UZ,PV,0.0,False
JM,VN,PV,0.0,False
JM,VN,WIND,0.00281493071531139,False
JM,ZA,PV,0.0,False
JM,ZA,WIND,0.0,False
JM,ZM,PV,0.0,False
JM,nan,PV,0.0,False
JO,AE,PV,0.0,False
JO,AF,PV,0.0,False
JO,AQ,WIND,0.0,False
JO,AR,PV,0.0,False
JO,AR,WIND,0.0017330812470034902,False
JO,AT,WIND,0.0157862456263326,False
JO,AU,PV,0.0,False
JO,AU,WIND,0.002262004314950166,False
JO,BD,PV,0.0,False
JO,BE,PV,0.0,False
JO,BE,WIND,0.0,False
JO,BF,PV,0.0,False
JO,BG,PV,0.0,False
JO,BG,WIND,0.00869546355229023,False
JO,BH,PV,0.0,False
JO,BI,PV,0.0,False
JO,BO,PV,0.0,False
JO,BR,PV,0.005623450654729867,False
JO,BR,WIND,0.016138300408257075,False
JO,BY,PV,0.011398101811062305,False
JO,CA,PV,0.0,False
JO,CA,WIND,0.027797618659763487,False
JO,CH,PV,0.0,False
JO,CL,PV,0.03221644161564276,False
JO,CL,WIND,0.0007212488107800632,False
JO,CN,PV,0.0,False
JO,CN,WIND,0.08256978751150976,False
JO,CO,PV,0.0,False
JO,CR,PV,0.0076199398027382076,False
JO,CU,PV,0.0,False
JO,CU,WIND,0.0,False
JO,CV,PV,0.042001147414877316,False
JO,CZ,PV,0.0,False
JO,DE,PV,0.0,False
JO,DE,WIND,0.0,False
JO,DK,PV,0.0,False
JO,DK,WIND,0.0,False
JO,DO,PV,0.0,False
JO,DO,WIND,0.0,False
JO,DZ,PV,0.0,False
JO,EC,PV,0.0,False
JO,EE,WIND,0.0,False
JO,EG,PV,0.0,False
JO,EG,WIND,0.0,False
JO,ES,PV,0.0,False
JO,ES,WIND,0.029053413690718333,False
JO,ET,WIND,0.0,False
JO,FI,WIND,0.0,False
JO,FJ,WIND,0.021581028277904042,False
JO,FR,PV,0.004920285350090547,False
JO,FR,WIND,0.040980238324987046,False
JO,GB,PV,0.0,False
JO,GB,WIND,0.026968140428357358,False
JO,GF,PV,0.0,False
JO,GH,PV,0.01218234903720787,False
JO,GR,PV,0.0,False
JO,GR,WIND,0.00045237113766290486,False
JO,GT,PV,0.0,False
JO,GT,WIND,0.0022209689401945583,False
JO,HN,PV,0.0,False
JO,HN,WIND,0.0,False
JO,HU,PV,0.0,False
JO,ID,PV,0.0,False
JO,ID,WIND,0.0032129349394087476,False
JO,IE,WIND,0.0,False
JO,IL,PV,0.0,False
JO,IL,WIND,0.004268696959228878,False
JO,IN,PV,0.0,False
JO,IN,WIND,0.0,False
JO,IR,PV,0.0,False
JO,IR,WIND,0.0,False
JO,IT,PV,0.0,False
JO,IT,WIND,0.00362902840290936,False
JO,JM,PV,0.0,False
JO,JM,WIND,0.0,False
JO,JO,PV,0.014875419241422914,True
JO,JP,PV,0.0,False
JO,JP,WIND,0.014126864067738092,False
JO,KE,PV,0.04391313431626837,False
JO,KE,WIND,0.0,False
JO,KH,PV,0.0,False
JO,KR,PV,0.0,False
JO,KR,WIND,0.00528751343776495,False
JO,KW,PV,0.006138302399124646,False
JO,KZ,PV,0.0,False
JO,LC,PV,0.0,False
JO,LK,PV,0.0,False
JO,LK,WIND,0.0,False
JO,LY,PV,0.0,False
JO,LY,WIND,0.0004229914416778677,False
JO,MA,PV,0.0,False
JO,MA,WIND,0.03227250433822766,False
JO,MG,PV,0.008040355244609347,False
JO,MM,PV,0.0,False
JO,MN,PV,0.0,False
JO,MN,WIND,0.0,False
JO,MR,PV,0.0,False
JO,MR,WIND,0.0,False
JO,MU,PV,0.0,False
JO,MX,PV,0.0945606855934308,False
JO,MX,WIND,0.0,False
JO,MY,PV,0.0,False
JO,NE,PV,0.03587154388634869,False
JO,NG,PV,0.0,False
JO,NI,PV,0.03263968421794816,False
JO,NL,PV,0.0,False
JO,NL,WIND,0.0,False
JO,NO,WIND,0.0,False
JO,NP,PV,0.0,False
JO,NZ,WIND,0.0005330374984713098,False
JO,OM,PV,0.0,False
JO,PA,PV,0.0064757095010261655,False
JO,PE,PV,0.0,False
JO,PE,WIND,0.0,False
JO,PH,PV,0.0,False
JO,PH,WIND,0.006111333741518837,False
JO,PK,PV,0.0,False
JO,PK,WIND,0.0,False
JO,PL,PV,0.0,False
JO,PL,WIND,0.0,False
JO,PS,PV,0.0,False
JO,PT,PV,0.0,False
JO,PT,WIND,0.0033103462883411973,False
JO,PY,PV,0.0,False
JO,PY,WIND,0.0,False
JO,RO,PV,0.0,False
JO,RO,WIND,0.0,False
JO,RU,PV,0.028976491641009627,False
JO,RU,WIND,0.0,False
JO,RW,PV,0.0,False
JO,SA,PV,0.029585107364751295,False
JO,SE,WIND,0.0,False
JO,SK,PV,0.0,False
JO,SN,PV,0.006742938205163128,False
JO,SR,PV,0.0,False
JO,SV,PV,0.0,False
JO,TH,PV,0.0,False
JO,TH,WIND,0.0,False
JO,TN,WIND,0.0,False
JO,TR,PV,0.0,False
JO,TR,WIND,0.0,False
JO,TW,PV,0.0,False
JO,TW,WIND,0.0,False
JO,UA,PV,0.0,False
JO,UG,PV,0.0,False
JO,US,PV,0.1439504910079317,False
JO,US,WIND,0.05923933473162554,False
JO,UY,PV,0.0035696091283693994,False
JO,UY,WIND,0.0,False
JO,UZ,PV,0.0037919675737843033,False
JO,VN,PV,0.0,False
JO,VN,WIND,0.0,False
JO,ZA,PV,0.0,False
JO,ZA,WIND,0.0024687625699066763,False
JO,ZM,PV,0.013063585644934091,False
JO,nan,PV,0.0,False
JP,AE,PV,0.0,False
JP,AF,PV,0.0,False
JP,AQ,WIND,0.0,False
JP,AR,PV,0.0,False
JP,AR,WIND,0.0,False
JP,AT,WIND,0.0011780833028918797,False
JP,AU,PV,0.11830485937806509,False
JP,AU,WIND,0.011581722197072234,False
JP,BD,PV,0.0,False
JP,BE,PV,0.0,False
JP,BE,WIND,0.0,False
JP,BF,PV,0.02236649492560837,False
JP,BG,PV,0.0,False
JP,BG,WIND,0.0,False
JP,BH,PV,0.0,False
JP,BI,PV,0.0,False
JP,BO,PV,0.0,False
JP,BR,PV,0.0,False
JP,BR,WIND,0.006564417384577033,False
JP,BY,PV,0.0,False
JP,CA,PV,0.0,False
JP,CA,WIND,0.018910242102671004,False
JP,CH,PV,0.0,False
JP,CL,PV,0.0,False
JP,CL,WIND,0.0,False
JP,CN,PV,0.05679487807006017,False
JP,CN,WIND,0.07799493411855628,False
JP,CO,PV,0.0,False
JP,CR,PV,0.0,False
JP,CU,PV,0.0,False
JP,CU,WIND,0.0008213081245802874,False
JP,CV,PV,0.011240196295327375,False
JP,CZ,PV,0.0,False
JP,DE,PV,0.0,False
JP,DE,WIND,0.007901850355446705,False
JP,DK,PV,0.0,False
JP,DK,WIND,0.0,False
JP,DO,PV,0.0,False
JP,DO,WIND,0.006481907240913748,False
JP,DZ,PV,0.0,False
JP,EC,PV,0.0,False
JP,EE,WIND,0.00403745530715188,False
JP,EG,PV,0.014117588417157372,False
JP,EG,WIND,0.0,False
JP,ES,PV,0.0,False
JP,ES,WIND,0.002903372537695097,False
JP,ET,WIND,0.0,False
JP,FI,WIND,0.0,False
JP,FJ,WIND,0.009421407783988778,False
JP,FR,PV,0.005081929770064902,False
JP,FR,WIND,0.015146828691776254,False
JP,GB,PV,0.0,False
JP,GB,WIND,0.02154148681181988,False
JP,GF,PV,0.0,False
JP,GH,PV,0.05224433142753211,False
JP,GR,PV,0.0,False
JP,GR,WIND,0.0,False
JP,GT,PV,0.0,False
JP,GT,WIND,0.0,False
JP,HN,PV,0.0,False
JP,HN,WIND,0.0,False
JP,HU,PV,0.0,False
JP,ID,PV,0.021412359223938766,False
JP,ID,WIND,0.0,False
JP,IE,WIND,0.0,False
JP,IL,PV,0.0,False
JP,IL,WIND,0.002113027753582273,False
JP,IN,PV,0.006384735134975552,False
JP,IN,WIND,0.004211813172908901,False
JP,IR,PV,0.0,False
JP,IR,WIND,0.0,False
JP,IT,PV,0.0,False
JP,IT,WIND,0.0,False
JP,JM,PV,0.0,False
JP,JM,WIND,0.0,False
JP,JO,PV,0.008175416886323384,False
JP,JP,PV,0.01376304448304249,True
JP,JP,WIND,0.009496227014232866,True
JP,KE,PV,0.019693650986842823,False
JP,KE,WIND,0.019439197893561393,False
JP,KH,PV,0.0,False
JP,KR,PV,0.0,False
JP,KR,WIND,0.0035796818421642163,False
JP,KW,PV,0.0,False
JP,KZ,PV,0.0,False
JP,LC,PV,0.0,False
JP,LK,PV,0.0,False
JP,LK,WIND,0.0,False
JP,LY,PV,0.0,False
JP,LY,WIND,0.0,False
JP,MA,PV,0.0,False
JP,MA,WIND,0.001947376248741092,False
JP,MG,PV,0.0,False
JP,MM,PV,0.0,False
JP,MN,PV,0.0,False
JP,MN,WIND,0.0,False
JP,MR,PV,0.0,False
JP,MR,WIND,0.02463928460085349,False
JP,MU,PV,0.0,False
JP,MX,PV,0.0,False
JP,MX,WIND,0.0,False
JP,MY,PV,0.0,False
JP,NE,PV,0.07533765888950483,False
JP,NG,PV,0.01453444541705773,False
JP,NI,PV,0.0,False
JP,NL,PV,0.0,False
JP,NL,WIND,0.0,False
JP,NO,WIND,0.0,False
JP,NP,PV,0.0,False
JP,NZ,WIND,0.004825692727146992,False
JP,OM,PV,0.0,False
JP,PA,PV,0.0,False
JP,PE,PV,0.0,False
JP,PE,WIND,0.0004803670058538375,False
JP,PH,PV,0.003173075379570011,False
JP,PH,WIND,0.014275472142225592,False
JP,PK,PV,0.0,False
JP,PK,WIND,0.0,False
JP,PL,PV,0.0,False
JP,PL,WIND,0.0031059884007323692,False
JP,PS,PV,0.0,False
JP,PT,PV,0.0,False
JP,PT,WIND,0.0028783355511355275,False
JP,PY,PV,0.0,False
JP,PY,WIND,0.0,False
JP,RO,PV,0.0,False
JP,RO,WIND,0.0,False
JP,RU,PV,0.0,False
JP,RU,WIND,0.0,False
JP,RW,PV,0.0,False
JP,SA,PV,0.0,False
JP,SE,WIND,0.0,False
JP,SK,PV,0.0,False
JP,SN,PV,0.03747878685933093,False
JP,SR,PV,0.0,False
JP,SV,PV,0.0,False
JP,TH,PV,0.0,False
JP,TH,WIND,0.0009149669820738228,False
JP,TN,WIND,0.0,False
JP,TR,PV,0.0,False
JP,TR,WIND,0.0,False
JP,TW,PV,0.0,False
JP,TW,WIND,0.0,False
JP,UA,PV,0.0,False
JP,UG,PV,0.011393488538705828,False
JP,US,PV,0.064105000406619,False
JP,US,WIND,0.08581541530853452,False
JP,UY,PV,0.0,False
JP,UY,WIND,0.0,False
JP,UZ,PV,0.0,False
JP,VN,PV,0.0,False
JP,VN,WIND,0.0,False
JP,ZA,PV,0.002586550025633706,False
JP,ZA,WIND,0.021070322437562867,False
JP,ZM,PV,0.0,False
JP,nan,PV,0.05853332444418824,False
KE,AE,PV,0.004322250675506411,False
KE,AF,PV,0.0,False
KE,AQ,WIND,0.0,False
KE,AR,PV,0.03379294559515442,False
KE,AR,WIND,0.0,False
KE,AT,WIND,0.006228623801029458,False
KE,AU,PV,0.0,False
KE,AU,WIND,0.004883246130150533,False
KE,BD,PV,0.0,False
KE,BE,PV,0.0,False
KE,BE,WIND,0.0,False
KE,BF,PV,0.0,False
KE,BG,PV,0.0,False
KE,BG,WIND,0.0,False
KE,BH,PV,0.010417590227222145,False
KE,BI,PV,0.0,False
KE,BO,PV,0.005267416514571526,False
KE,BR,PV,0.0,False
KE,BR,WIND,0.00518791442579635,False
KE,BY,PV,0.0,False
KE,CA,PV,0.0,False
KE,CA,WIND,0.025613563085566875,False
KE,CH,PV,0.0,False
KE,CL,PV,0.045138418889331795,False
KE,CL,WIND,0.0037878523661449464,False
KE,CN,PV,0.06643454236889787,False
KE,CN,WIND,0.05406252264141914,False
KE,CO,PV,0.0,False
KE,CR,PV,0.006421672322452932,False
KE,CU,PV,0.024858564306530523,False
KE,CU,WIND,0.010758427139751947,False
KE,CV,PV,0.05995319963613548,False
KE,CZ,PV,0.0,False
KE,DE,PV,0.0,False
KE,DE,WIND,0.004359493890583184,False
KE,DK,PV,0.0,False
KE,DK,WIND,0.0,False
KE,DO,PV,0.0,False
KE,DO,WIND,0.02719470000561107,False
KE,DZ,PV,0.0,False
KE,EC,PV,0.0,False
KE,EE,WIND,0.00652104278658345,False
KE,EG,PV,0.0,False
KE,EG,WIND,0.0,False
KE,ES,PV,0.0,False
KE,ES,WIND,0.0024449058947584377,False
KE,ET,WIND,0.0,False
KE,FI,WIND,0.006322245715103411,False
KE,FJ,WIND,0.007859295477180256,False
KE,FR,PV,0.0014947730717800873,False
KE,FR,WIND,0.007557451710742405,False
KE,GB,PV,0.009416738931513773,False
KE,GB,WIND,0.005091974420006907,False
KE,GF,PV,0.010503741383960347,False
KE,GH,PV,0.014530463030150613,False
KE,GR,PV,0.0,False
KE,GR,WIND,0.0,False
KE,GT,PV,0.0,False
KE,GT,WIND,0.0,False
KE,HN,PV,0.0,False
KE,HN,WIND,0.0,False
KE,HU,PV,0.0001485249460847499,False
KE,ID,PV,0.0,False
KE,ID,WIND,0.0,False
KE,IE,WIND,0.0,False
KE,IL,PV,0.0,False
KE,IL,WIND,0.0,False
KE,IN,PV,0.041522629349027826,False
KE,IN,WIND,0.0,False
KE,IR,PV,0.0,False
KE,IR,WIND,0.0,False
KE,IT,PV,0.005979046847836942,False
KE,IT,WIND,0.0,False
KE,JM,PV,0.0,False
KE,JM,WIND,0.016561064317784785,False
KE,JO,PV,0.012018351127693165,False
KE,JP,PV,0.0,False
KE,JP,WIND,0.0,False
KE,KE,PV,0.0,True
KE,KE,WIND,0.006652030939118679,True
KE,KH,PV,0.0,False
KE,KR,PV,0.0,False
KE,KR,WIND,0.0,False
KE,KW,PV,0.01793022261249324,False
KE,KZ,PV,0.0,False
KE,LC,PV,0.012463704717055789,False
KE,LK,PV,0.0,False
KE,LK,WIND,0.0,False
KE,LY,PV,0.0,False
KE,LY,WIND,0.0,False
KE,MA,PV,0.0,False
KE,MA,WIND,0.0,False
KE,MG,PV,0.013022481995087666,False
KE,MM,PV,0.0,False
KE,MN,PV,0.0,False
KE,MN,WIND,0.0,False
KE,MR,PV,0.0,False
KE,MR,WIND,0.0,False
KE,MU,PV,0.0,False
KE,MX,PV,0.028217382308384192,False
KE,MX,WIND,0.0,False
KE,MY,PV,0.0,False
KE,NE,PV,0.014701935840422009,False
KE,NG,PV,0.0,False
KE,NI,PV,0.0,False
KE,NL,PV,0.0,False
KE,NL,WIND,0.0,False
KE,NO,WIND,0.0,False
KE,NP,PV,0.007110901739049237,False
KE,NZ,WIND,0.0018868689189496613,False
KE,OM,PV,0.05856567322320552,False
KE,PA,PV,0.0,False
KE,PE,PV,0.0,False
KE,PE,WIND,0.0069454753420439596,False
KE,PH,PV,0.0,False
KE,PH,WIND,0.0,False
KE,PK,PV,0.0,False
KE,PK,WIND,0.0,False
KE,PL,PV,0.0,False
KE,PL,WIND,0.00585613479867906,False
KE,PS,PV,0.0,False
KE,PT,PV,0.0,False
KE,PT,WIND,0.0,False
KE,PY,PV,0.0,False
KE,PY,WIND,0.0,False
KE,RO,PV,0.0,False
KE,RO,WIND,0.0,False
KE,RU,PV,0.006166790419905493,False
KE,RU,WIND,0.0,False
KE,RW,PV,0.0,False
KE,SA,PV,0.05058941715404628,False
KE,SE,WIND,0.0,False
KE,SK,PV,0.0,False
KE,SN,PV,0.0,False
KE,SR,PV,0.022434174879331466,False
KE,SV,PV,0.0,False
KE,TH,PV,0.0,False
KE,TH,WIND,0.005689411930089446,False
KE,TN,WIND,0.0,False
KE,TR,PV,0.0,False
KE,TR,WIND,0.0,False
KE,TW,PV,0.0,False
KE,TW,WIND,0.001324544602798924,False
KE,UA,PV,0.0,False
KE,UG,PV,0.0,False
KE,US,PV,0.12114600233296528,False
KE,US,WIND,0.0526918067121256,False
KE,UY,PV,0.011106562077533914,False
KE,UY,WIND,0.0,False
KE,UZ,PV,0.0,False
KE,VN,PV,0.0,False
KE,VN,WIND,0.0,False
KE,ZA,PV,0.0,False
KE,ZA,WIND,0.008843284424650934,False
KE,ZM,PV,0.0,False
KE,nan,PV,0.0,False
KH,AE,PV,0.0,False
KH,AF,PV,0.0,False
KH,AQ,WIND,0.0,False
KH,AR,PV,0.0,False
KH,AR,WIND,0.0,False
KH,AT,WIND,0.0,False
KH,AU,PV,0.07225705070670849,False
KH,AU,WIND,0.015016417632778885,False
KH,BD,PV,0.0,False
KH,BE,PV,0.0,False
KH,BE,WIND,0.0,False
KH,BF,PV,0.0,False
KH,BG,PV,0.0,False
KH,BG,WIND,0.0,False
KH,BH,PV,0.0,False
KH,BI,PV,0.0,False
KH,BO,PV,0.0,False
KH,BR,PV,0.0022911644854442213,False
KH,BR,WIND,0.003710486720534483,False
KH,BY,PV,0.0,False
KH,CA,PV,0.0,False
KH,CA,WIND,0.04414806891340645,False
KH,CH,PV,0.0,False
KH,CL,PV,0.0,False
KH,CL,WIND,0.0,False
KH,CN,PV,0.052183890668314234,False
KH,CN,WIND,0.10065694247204565,False
KH,CO,PV,0.0,False
KH,CR,PV,0.0,False
KH,CU,PV,0.0,False
KH,CU,WIND,0.00907107271972992,False
KH,CV,PV,0.02503396002068467,False
KH,CZ,PV,0.0,False
KH,DE,PV,0.0,False
KH,DE,WIND,0.01826394545316071,False
KH,DK,PV,0.0,False
KH,DK,WIND,0.0,False
KH,DO,PV,0.0,False
KH,DO,WIND,0.013694677855965941,False
KH,DZ,PV,0.0,False
KH,EC,PV,0.0,False
KH,EE,WIND,0.013193257646644484,False
KH,EG,PV,0.0,False
KH,EG,WIND,0.0,False
KH,ES,PV,0.0,False
KH,ES,WIND,0.0051588315483217075,False
KH,ET,WIND,0.0,False
KH,FI,WIND,0.0,False
KH,FJ,WIND,0.01066046759094899,False
KH,FR,PV,0.0,False
KH,FR,WIND,0.00875196071252122,False
KH,GB,PV,0.0,False
KH,GB,WIND,0.020480316221127226,False
KH,GF,PV,0.0,False
KH,GH,PV,0.03922960586525422,False
KH,GR,PV,0.0,False
KH,GR,WIND,0.0,False
KH,GT,PV,0.0,False
KH,GT,WIND,0.0,False
KH,HN,PV,0.0,False
KH,HN,WIND,0.0016948681720527856,False
KH,HU,PV,0.0,False
KH,ID,PV,0.009695588070439945,False
KH,ID,WIND,0.0,False
KH,IE,WIND,0.0,False
KH,IL,PV,0.0,False
KH,IL,WIND,0.0,False
KH,IN,PV,0.02713204867760327,False
KH,IN,WIND,0.002398721897515237,False
KH,IR,PV,0.0,False
KH,IR,WIND,0.0,False
KH,IT,PV,0.0,False
KH,IT,WIND,0.0,False
KH,JM,PV,0.0,False
KH,JM,WIND,0.006912618062180976,False
KH,JO,PV,0.0,False
KH,JP,PV,0.010136847022060509,False
KH,JP,WIND,0.008210861176468225,False
KH,KE,PV,0.012963943591945769,False
KH,KE,WIND,0.0232980196594394,False
KH,KH,PV,0.0,True
KH,KR,PV,0.0,False
KH,KR,WIND,0.0027636385868934892,False
KH,KW,PV,0.0,False
KH,KZ,PV,0.0,False
KH,LC,PV,0.0,False
KH,LK,PV,0.0,False
KH,LK,WIND,0.0,False
KH,LY,PV,0.0,False
KH,LY,WIND,0.0,False
KH,MA,PV,0.0,False
KH,MA,WIND,0.0,False
KH,MG,PV,0.0,False
KH,MM,PV,0.0,False
KH,MN,PV,0.0,False
KH,MN,WIND,0.0,False
KH,MR,PV,0.0,False
KH,MR,WIND,0.02067281709159144,False
KH,MU,PV,0.011070458720359748,False
KH,MX,PV,0.0,False
KH,MX,WIND,0.0027208232954611888,False
KH,MY,PV,0.0,False
KH,NE,PV,0.043247688331497454,False
KH,NG,PV,0.0,False
KH,NI,PV,0.0,False
KH,NL,PV,0.0,False
KH,NL,WIND,0.0,False
KH,NO,WIND,0.006677948399628211,False
KH,NP,PV,0.0,False
KH,NZ,WIND,0.010255863050157204,False
KH,OM,PV,0.0,False
KH,PA,PV,0.0,False
KH,PE,PV,0.012022867453309435,False
KH,PE,WIND,0.025861116073828926,False
KH,PH,PV,0.0032234787101824325,False
KH,PH,WIND,0.027523458005186557,False
KH,PK,PV,0.0,False
KH,PK,WIND,0.0,False
KH,PL,PV,0.0,False
KH,PL,WIND,0.0035795100506993967,False
KH,PS,PV,0.0,False
KH,PT,PV,0.0,False
KH,PT,WIND,0.0065608542861274755,False
KH,PY,PV,0.004430222611983035,False
KH,PY,WIND,0.0,False
KH,RO,PV,0.0,False
KH,RO,WIND,0.006368851741962654,False
KH,RU,PV,0.0,False
KH,RU,WIND,0.0,False
KH,RW,PV,0.0,False
KH,SA,PV,0.0,False
KH,SE,WIND,0.0,False
KH,SK,PV,0.0,False
KH,SN,PV,0.01818849541990183,False
KH,SR,PV,0.019535133375176716,False
KH,SV,PV,0.0,False
KH,TH,PV,0.0,False
KH,TH,WIND,0.003856070753005254,False
KH,TN,WIND,0.0,False
KH,TR,PV,0.0,False
KH,TR,WIND,0.0,False
KH,TW,PV,0.0,False
KH,TW,WIND,0.0,False
KH,UA,PV,0.0,False
KH,UG,PV,0.009659218300046112,False
KH,US,PV,0.023999058972637148,False
KH,US,WIND,0.12483580062990404,False
KH,UY,PV,0.010931235130718805,False
KH,UY,WIND,0.0,False
KH,UZ,PV,0.0,False
KH,VN,PV,0.0,False
KH,VN,WIND,0.0,False
KH,ZA,PV,0.010687430276049077,False
KH,ZA,WIND,0.023634096314800946,False
KH,ZM,PV,0.0,False
KH,nan,PV,0.011448230855591842,False
KR,AE,PV,0.0,False
KR,AF,PV,0.0,False
KR,AQ,WIND,0.0,False
KR,AR,PV,0.0,False
KR,AR,WIND,0.0,False
KR,AT,WIND,0.0,False
KR,AU,PV,0.11486020862196107,False
KR,AU,WIND,0.012772436126965341,False
KR,BD,PV,0.0,False
KR,BE,PV,0.0,False
KR,BE,WIND,0.0,False
KR,BF,PV,0.009917391407920265,False
KR,BG,PV,0.0,False
KR,BG,WIND,0.0,False
KR,BH,PV,0.0,False
KR,BI,PV,0.0,False
KR,BO,PV,0.0,False
KR,BR,PV,0.0,False
KR,BR,WIND,0.0026157242686391073,False
KR,BY,PV,0.0,False
KR,CA,PV,0.0,False
KR,CA,WIND,0.020284379474953335,False
KR,CH,PV,0.0,False
KR,CL,PV,0.0,False
KR,CL,WIND,0.0,False
KR,CN,PV,0.05392539921949067,False
KR,CN,WIND,0.0704269949097147,False
KR,CO,PV,0.0,False
KR,CR,PV,0.0,False
KR,CU,PV,0.0,False
KR,CU,WIND,0.0,False
KR,CV,PV,0.06064706827182002,False
KR,CZ,PV,0.0,False
KR,DE,PV,0.0,False
KR,DE,WIND,0.013935722530333925,False
KR,DK,PV,0.0,False
KR,DK,WIND,0.0,False
KR,DO,PV,0.0,False
KR,DO,WIND,0.013104850343538999,False
KR,DZ,PV,0.0,False
KR,EC,PV,0.0,False
KR,EE,WIND,0.0014934234419905828,False
KR,EG,PV,0.0033504513235526946,False
KR,EG,WIND,0.0,False
KR,ES,PV,0.0,False
KR,ES,WIND,0.005062914067332368,False
KR,ET,WIND,0.0,False
KR,FI,WIND,0.0,False
KR,FJ,WIND,0.008035470480298547,False
KR,FR,PV,0.0028225733056990287,False
KR,FR,WIND,0.01009332382475465,False
KR,GB,PV,0.0,False
KR,GB,WIND,0.009647959440838268,False
KR,GF,PV,0.0,False
KR,GH,PV,0.046754815517596325,False
KR,GR,PV,0.0,False
KR,GR,WIND,0.0,False
KR,GT,PV,0.0,False
KR,GT,WIND,0.0,False
KR,HN,PV,0.0,False
KR,HN,WIND,0.002891084172802285,False
KR,HU,PV,0.0,False
KR,ID,PV,0.01215173053155633,False
KR,ID,WIND,0.0,False
KR,IE,WIND,0.0,False
KR,IL,PV,0.0,False
KR,IL,WIND,6.226198380061902e-05,False
KR,IN,PV,0.039314679782890785,False
KR,IN,WIND,0.0067207878243106525,False
KR,IR,PV,0.0,False
KR,IR,WIND,0.0,False
KR,IT,PV,0.0,False
KR,IT,WIND,0.0,False
KR,JM,PV,0.0,False
KR,JM,WIND,0.006271409648736537,False
KR,JO,PV,0.011579103065104018,False
KR,JP,PV,0.030810249045889294,False
KR,JP,WIND,0.007035942773419925,False
KR,KE,PV,0.029244931619296564,False
KR,KE,WIND,0.024890890076500968,False
KR,KH,PV,0.0,False
KR,KR,PV,0.0,True
KR,KR,WIND,0.0017984543214314825,True
KR,KW,PV,0.0,False
KR,KZ,PV,0.0,False
KR,LC,PV,0.0,False
KR,LK,PV,0.0,False
KR,LK,WIND,0.0,False
KR,LY,PV,0.0,False
KR,LY,WIND,0.0,False
KR,MA,PV,0.0,False
KR,MA,WIND,0.0,False
KR,MG,PV,0.0,False
KR,MM,PV,0.0,False
KR,MN,PV,0.0,False
KR,MN,WIND,0.0,False
KR,MR,PV,0.0,False
KR,MR,WIND,0.025774224631209045,False
KR,MU,PV,0.0009533733757969791,False
KR,MX,PV,0.0,False
KR,MX,WIND,0.0,False
KR,MY,PV,0.0,False
KR,NE,PV,0.0619528352228847,False
KR,NG,PV,0.0024507549082986198,False
KR,NI,PV,0.0,False
KR,NL,PV,0.0,False
KR,NL,WIND,0.0,False
KR,NO,WIND,0.0,False
KR,NP,PV,0.0,False
KR,NZ,WIND,0.010055819286579849,False
KR,OM,PV,0.0,False
KR,PA,PV,0.0,False
KR,PE,PV,0.0,False
KR,PE,WIND,0.0,False
KR,PH,PV,0.012265164942702252,False
KR,PH,WIND,0.013662570131115917,False
KR,PK,PV,0.0,False
KR,PK,WIND,0.0,False
KR,PL,PV,0.0,False
KR,PL,WIND,0.005195737225811805,False
KR,PS,PV,0.0,False
KR,PT,PV,0.0,False
KR,PT,WIND,0.0061246448250436335,False
KR,PY,PV,0.0,False
KR,PY,WIND,0.0,False
KR,RO,PV,0.0,False
KR,RO,WIND,0.0,False
KR,RU,PV,0.0,False
KR,RU,WIND,0.0,False
KR,RW,PV,0.0,False
KR,SA,PV,0.0,False
KR,SE,WIND,0.0,False
KR,SK,PV,0.0,False
KR,SN,PV,0.03563667327230236,False
KR,SR,PV,0.012939457388946949,False
KR,SV,PV,0.0,False
KR,TH,PV,0.0,False
KR,TH,WIND,0.000967150532339749,False
KR,TN,WIND,0.0,False
KR,TR,PV,0.0,False
KR,TR,WIND,0.0,False
KR,TW,PV,0.0,False
KR,TW,WIND,0.0,False
KR,UA,PV,0.0,False
KR,UG,PV,0.005781668722046887,False
KR,US,PV,0.020746458833063926,False
KR,US,WIND,0.09411812572581886,False
KR,UY,PV,0.0,False
KR,UY,WIND,0.0,False
KR,UZ,PV,0.0,False
KR,VN,PV,0.0,False
KR,VN,WIND,0.0,False
KR,ZA,PV,0.011761263122271244,False
KR,ZA,WIND,0.026887259802466524,False
KR,ZM,PV,0.0,False
KR,nan,PV,0.020204186628160634,False
KW,AE,PV,0.0,False
KW,AF,PV,0.0,False
KW,AQ,WIND,0.0,False
KW,AR,PV,0.0,False
KW,AR,WIND,0.0,False
KW,AT,WIND,0.008457027380136815,False
KW,AU,PV,0.0005981762343927752,False
KW,AU,WIND,0.009212403058450948,False
KW,BD,PV,0.0,False
KW,BE,PV,0.0,False
KW,BE,WIND,0.0,False
KW,BF,PV,0.0,False
KW,BG,PV,0.0,False
KW,BG,WIND,0.00040439592812176276,False
KW,BH,PV,0.0,False
KW,BI,PV,0.0,False
KW,BO,PV,0.0,False
KW,BR,PV,0.0047082843376269,False
KW,BR,WIND,0.023290661197463966,False
KW,BY,PV,0.0,False
KW,CA,PV,0.0,False
KW,CA,WIND,0.030527994908669646,False
KW,CH,PV,0.0,False
KW,CL,PV,0.0547769872408993,False
KW,CL,WIND,0.0,False
KW,CN,PV,0.012152955138344206,False
KW,CN,WIND,0.07725172162740374,False
KW,CO,PV,0.0,False
KW,CR,PV,0.004798190929327618,False
KW,CU,PV,0.0,False
KW,CU,WIND,0.015196593650698708,False
KW,CV,PV,0.014487694615066125,False
KW,CZ,PV,0.0,False
KW,DE,PV,0.0,False
KW,DE,WIND,0.01492099568793833,False
KW,DK,PV,0.006170849411967756,False
KW,DK,WIND,0.0,False
KW,DO,PV,0.0,False
KW,DO,WIND,0.0,False
KW,DZ,PV,0.0,False
KW,EC,PV,0.0,False
KW,EE,WIND,0.0018182230259296205,False
KW,EG,PV,0.0,False
KW,EG,WIND,0.0,False
KW,ES,PV,0.0,False
KW,ES,WIND,0.008794228238773863,False
KW,ET,WIND,0.0,False
KW,FI,WIND,0.00597543596809132,False
KW,FJ,WIND,0.012872098520677618,False
KW,FR,PV,0.005168611235449648,False
KW,FR,WIND,0.019481080978604976,False
KW,GB,PV,0.005550521650096762,False
KW,GB,WIND,0.016002542692595642,False
KW,GF,PV,0.0,False
KW,GH,PV,0.021211878547512747,False
KW,GR,PV,0.0,False
KW,GR,WIND,0.0,False
KW,GT,PV,0.0,False
KW,GT,WIND,0.0,False
KW,HN,PV,0.0,False
KW,HN,WIND,0.0,False
KW,HU,PV,0.0,False
KW,ID,PV,0.006466482940434439,False
KW,ID,WIND,0.0,False
KW,IE,WIND,0.002094576961064617,False
KW,IL,PV,0.0,False
KW,IL,WIND,0.0,False
KW,IN,PV,0.01168311184821853,False
KW,IN,WIND,0.007188386588407363,False
KW,IR,PV,0.0,False
KW,IR,WIND,0.0,False
KW,IT,PV,0.0,False
KW,IT,WIND,0.0,False
KW,JM,PV,0.0,False
KW,JM,WIND,0.0,False
KW,JO,PV,0.019535344586392316,False
KW,JP,PV,0.00593665527437663,False
KW,JP,WIND,0.009921620100651455,False
KW,KE,PV,0.02102938156630994,False
KW,KE,WIND,0.02263884057138219,False
KW,KH,PV,0.0,False
KW,KR,PV,0.0,False
KW,KR,WIND,0.001352549994736084,False
KW,KW,PV,0.0009607214740079206,True
KW,KZ,PV,0.0,False
KW,LC,PV,0.0,False
KW,LK,PV,0.0,False
KW,LK,WIND,0.0,False
KW,LY,PV,0.0,False
KW,LY,WIND,0.0,False
KW,MA,PV,0.007432743179200903,False
KW,MA,WIND,0.0039027842154299767,False
KW,MG,PV,0.0021164871386501385,False
KW,MM,PV,0.0,False
KW,MN,PV,0.0,False
KW,MN,WIND,0.0,False
KW,MR,PV,0.0,False
KW,MR,WIND,0.007708714937468675,False
KW,MU,PV,0.0,False
KW,MX,PV,0.09148788506188517,False
KW,MX,WIND,0.000688790154310192,False
KW,MY,PV,0.0,False
KW,NE,PV,0.03100615557283155,False
KW,NG,PV,0.0,False
KW,NI,PV,0.0,False
KW,NL,PV,0.0,False
KW,NL,WIND,0.0,False
KW,NO,WIND,0.0,False
KW,NP,PV,0.0017972658657411068,False
KW,NZ,WIND,0.013540992825115294,False
KW,OM,PV,0.015803480774280804,False
KW,PA,PV,0.0,False
KW,PE,PV,0.0,False
KW,PE,WIND,0.026977697713246075,False
KW,PH,PV,0.0,False
KW,PH,WIND,0.012540507891777792,False
KW,PK,PV,0.0,False
KW,PK,WIND,0.0,False
KW,PL,PV,0.0,False
KW,PL,WIND,0.0061576343279192555,False
KW,PS,PV,0.00484730116099213,False
KW,PT,PV,0.0,False
KW,PT,WIND,0.0,False
KW,PY,PV,0.0,False
KW,PY,WIND,0.0,False
KW,RO,PV,0.0,False
KW,RO,WIND,0.0,False
KW,RU,PV,0.0,False
KW,RU,WIND,0.0,False
KW,RW,PV,0.0,False
KW,SA,PV,0.013461002368754122,False
KW,SE,WIND,0.0017059594436678416,False
KW,SK,PV,0.0,False
KW,SN,PV,0.0,False
KW,SR,PV,0.0,False
KW,SV,PV,0.0,False
KW,TH,PV,0.0,False
KW,TH,WIND,0.0009702315953673087,False
KW,TN,WIND,0.0,False
KW,TR,PV,0.0,False
KW,TR,WIND,0.0,False
KW,TW,PV,0.0,False
KW,TW,WIND,0.00025658408231566917,False
KW,UA,PV,0.0,False
KW,UG,PV,0.006249739138825637,False
KW,US,PV,0.11133315719439006,False
KW,US,WIND,0.08433936872042881,False
KW,UY,PV,0.01835182908256069,False
KW,UY,WIND,0.0,False
KW,UZ,PV,0.00878035140926602,False
KW,VN,PV,0.0,False
KW,VN,WIND,0.0,False
KW,ZA,PV,0.0054355414795762,False
KW,ZA,WIND,0.011105722427682372,False
KW,ZM,PV,0.007472926876689588,False
KW,nan,PV,0.021891921251404003,False
KZ,AE,PV,0.0,False
KZ,AF,PV,0.03672344200385224,False
KZ,AQ,WIND,0.0016489789292156891,False
KZ,AR,PV,0.0,False
KZ,AR,WIND,0.0,False
KZ,AT,WIND,0.006215673280825365,False
KZ,AU,PV,0.0,False
KZ,AU,WIND,0.007198404273620445,False
KZ,BD,PV,0.0,False
KZ,BE,PV,0.0,False
KZ,BE,WIND,0.0,False
KZ,BF,PV,0.0,False
KZ,BG,PV,0.0,False
KZ,BG,WIND,0.0,False
KZ,BH,PV,0.0,False
KZ,BI,PV,0.0,False
KZ,BO,PV,0.0,False
KZ,BR,PV,0.0,False
KZ,BR,WIND,0.0017168813157541216,False
KZ,BY,PV,0.0,False
KZ,CA,PV,0.0083451148329494,False
KZ,CA,WIND,0.020661792781517047,False
KZ,CH,PV,0.0,False
KZ,CL,PV,0.01328183224610882,False
KZ,CL,WIND,0.02139095338328714,False
KZ,CN,PV,0.1253602284977299,False
KZ,CN,WIND,0.07847105097814211,False
KZ,CO,PV,0.0,False
KZ,CR,PV,0.003146261016329304,False
KZ,CU,PV,0.014686637553824064,False
KZ,CU,WIND,0.00248437869465031,False
KZ,CV,PV,0.10451484965595072,False
KZ,CZ,PV,0.0,False
KZ,DE,PV,0.0,False
KZ,DE,WIND,0.0,False
KZ,DK,PV,0.0,False
KZ,DK,WIND,0.0,False
KZ,DO,PV,0.0,False
KZ,DO,WIND,0.0339503904627742,False
KZ,DZ,PV,0.012191640674218896,False
KZ,EC,PV,0.0,False
KZ,EE,WIND,0.0,False
KZ,EG,PV,0.0,False
KZ,EG,WIND,0.0,False
KZ,ES,PV,0.0,False
KZ,ES,WIND,0.016506212143299958,False
KZ,ET,WIND,0.0,False
KZ,FI,WIND,0.00820280526480467,False
KZ,FJ,WIND,0.001905765089267466,False
KZ,FR,PV,0.0010770719502673294,False
KZ,FR,WIND,0.010756959363288653,False
KZ,GB,PV,0.0,False
KZ,GB,WIND,0.0,False
KZ,GF,PV,0.03171298915852007,False
KZ,GH,PV,0.024326353208496854,False
KZ,GR,PV,0.0,False
KZ,GR,WIND,0.0,False
KZ,GT,PV,0.0,False
KZ,GT,WIND,0.0,False
KZ,HN,PV,0.0,False
KZ,HN,WIND,0.0,False
KZ,HU,PV,0.0,False
KZ,ID,PV,0.0,False
KZ,ID,WIND,0.0,False
KZ,IE,WIND,0.0,False
KZ,IL,PV,0.0,False
KZ,IL,WIND,0.0,False
KZ,IN,PV,0.07352462808035706,False
KZ,IN,WIND,0.0,False
KZ,IR,PV,0.0,False
KZ,IR,WIND,0.0,False
KZ,IT,PV,0.0,False
KZ,IT,WIND,0.0011932674444846514,False
KZ,JM,PV,0.0,False
KZ,JM,WIND,0.009946742867188545,False
KZ,JO,PV,0.0,False
KZ,JP,PV,0.0,False
KZ,JP,WIND,0.0,False
KZ,KE,PV,0.0,False
KZ,KE,WIND,0.0,False
KZ,KH,PV,0.0,False
KZ,KR,PV,0.0,False
KZ,KR,WIND,0.0,False
KZ,KW,PV,0.0,False
KZ,KZ,PV,0.0,True
KZ,LC,PV,0.0,False
KZ,LK,PV,0.0,False
KZ,LK,WIND,0.0,False
KZ,LY,PV,0.0,False
KZ,LY,WIND,0.0,False
KZ,MA,PV,0.045428171104388876,False
KZ,MA,WIND,0.00189840978768348,False
KZ,MG,PV,0.010850881043786542,False
KZ,MM,PV,0.0,False
KZ,MN,PV,0.0,False
KZ,MN,WIND,0.0,False
KZ,MR,PV,0.0,False
KZ,MR,WIND,0.0,False
KZ,MU,PV,0.0,False
KZ,MX,PV,0.0037639386287231947,False
KZ,MX,WIND,0.0,False
KZ,MY,PV,0.0,False
KZ,NE,PV,0.004880124845654342,False
KZ,NG,PV,0.0,False
KZ,NI,PV,0.0,False
KZ,NL,PV,0.0,False
KZ,NL,WIND,0.0,False
KZ,NO,WIND,0.0038601627575084933,False
KZ,NP,PV,0.0,False
KZ,NZ,WIND,0.0,False
KZ,OM,PV,0.02300637850912326,False
KZ,PA,PV,0.0,False
KZ,PE,PV,0.0,False
KZ,PE,WIND,0.0,False
KZ,PH,PV,0.0,False
KZ,PH,WIND,0.0,False
KZ,PK,PV,0.0,False
KZ,PK,WIND,0.0,False
KZ,PL,PV,0.0,False
KZ,PL,WIND,0.0,False
KZ,PS,PV,0.0,False
KZ,PT,PV,0.0,False
KZ,PT,WIND,0.0,False
KZ,PY,PV,0.0,False
KZ,PY,WIND,0.0,False
KZ,RO,PV,0.0,False
KZ,RO,WIND,0.0,False
KZ,RU,PV,0.0007252226679163528,False
KZ,RU,WIND,0.0,False
KZ,RW,PV,0.0,False
KZ,SA,PV,0.0,False
KZ,SE,WIND,0.0,False
KZ,SK,PV,0.0,False
KZ,SN,PV,0.0,False
KZ,SR,PV,0.015214165388239385,False
KZ,SV,PV,0.0,False
KZ,TH,PV,0.0,False
KZ,TH,WIND,0.002364873259736429,False
KZ,TN,WIND,0.0,False
KZ,TR,PV,0.0,False
KZ,TR,WIND,0.0,False
KZ,TW,PV,0.0,False
KZ,TW,WIND,0.0027361446170036468,False
KZ,UA,PV,0.0,False
KZ,UG,PV,0.0,False
KZ,US,PV,0.14064026833029092,False
KZ,US,WIND,0.06927948994611367,False
KZ,UY,PV,0.0,False
KZ,UY,WIND,0.0,False
KZ,UZ,PV,0.0024549235777112798,False
KZ,VN,PV,0.0,False
KZ,VN,WIND,0.0,False
KZ,ZA,PV,0.0,False
KZ,ZA,WIND,0.0017555403853957905,False
KZ,ZM,PV,0.0,False
KZ,nan,PV,0.0,False
LC,AE,PV,0.0,False
LC,AF,PV,0.0,False
LC,AQ,WIND,0.0,False
LC,AR,PV,0.0,False
LC,AR,WIND,0.0,False
LC,AT,WIND,0.0,False
LC,AU,PV,0.14254750585016562,False
LC,AU,WIND,0.0006999347902309675,False
LC,BD,PV,0.0,False
LC,BE,PV,0.000873372873557975,False
LC,BE,WIND,0.0,False
LC,BF,PV,0.015330586487811272,False
LC,BG,PV,0.0,False
LC,BG,WIND,0.0,False
LC,BH,PV,0.0,False
LC,BI,PV,0.0,False
LC,BO,PV,0.0,False
LC,BR,PV,0.02038997232647401,False
LC,BR,WIND,0.018879363995203874,False
LC,BY,PV,0.0,False
LC,CA,PV,0.0,False
LC,CA,WIND,0.009642133802440087,False
LC,CH,PV,0.002997875478739984,False
LC,CL,PV,0.07711456145098862,False
LC,CL,WIND,0.0019140903824296873,False
LC,CN,PV,0.0,False
LC,CN,WIND,0.032273776343871095,False
LC,CO,PV,0.0,False
LC,CR,PV,0.0,False
LC,CU,PV,0.0,False
LC,CU,WIND,0.0,False
LC,CV,PV,0.03919316827412001,False
LC,CZ,PV,0.0,False
LC,DE,PV,0.0,False
LC,DE,WIND,0.0,False
LC,DK,PV,0.0,False
LC,DK,WIND,0.0,False
LC,DO,PV,0.0,False
LC,DO,WIND,0.0035917110904303087,False
LC,DZ,PV,0.020419812812812892,False
LC,EC,PV,0.0,False
LC,EE,WIND,0.004293383947056096,False
LC,EG,PV,0.0,False
LC,EG,WIND,0.001466363863145109,False
LC,ES,PV,0.010854616569372297,False
LC,ES,WIND,0.0,False
LC,ET,WIND,0.0,False
LC,FI,WIND,0.0,False
LC,FJ,WIND,0.0006674120007749973,False
LC,FR,PV,0.00732127248001903,False
LC,FR,WIND,0.0,False
LC,GB,PV,9.520192346813528e-05,False
LC,GB,WIND,0.015191592572993871,False
LC,GF,PV,0.014585049475155086,False
LC,GH,PV,0.030688018362807584,False
LC,GR,PV,0.0,False
LC,GR,WIND,0.0,False
LC,GT,PV,0.0,False
LC,GT,WIND,0.0,False
LC,HN,PV,0.0,False
LC,HN,WIND,0.0,False
LC,HU,PV,0.0,False
LC,ID,PV,0.0,False
LC,ID,WIND,0.0,False
LC,IE,WIND,0.0,False
LC,IL,PV,0.0,False
LC,IL,WIND,0.0009955471579159514,False
LC,IN,PV,0.0,False
LC,IN,WIND,0.0,False
LC,IR,PV,0.0,False
LC,IR,WIND,0.004312959179368808,False
LC,IT,PV,0.0,False
LC,IT,WIND,0.0,False
LC,JM,PV,0.0,False
LC,JM,WIND,0.0,False
LC,JO,PV,0.0,False
LC,JP,PV,0.025117689107026567,False
LC,JP,WIND,0.0,False
LC,KE,PV,0.0,False
LC,KE,WIND,0.0,False
LC,KH,PV,0.0,False
LC,KR,PV,0.0,False
LC,KR,WIND,0.0,False
LC,KW,PV,0.0,False
LC,KZ,PV,0.0,False
LC,LC,PV,0.0,True
LC,LK,PV,0.0,False
LC,LK,WIND,0.0,False
LC,LY,PV,0.0,False
LC,LY,WIND,0.0,False
LC,MA,PV,0.007636126029822882,False
LC,MA,WIND,0.0,False
LC,MG,PV,0.0,False
LC,MM,PV,0.0,False
LC,MN,PV,0.0,False
LC,MN,WIND,0.0,False
LC,MR,PV,0.005473674582674914,False
LC,MR,WIND,0.0,False
LC,MU,PV,0.0,False
LC,MX,PV,0.03470480413067228,False
LC,MX,WIND,0.003533012177756729,False
LC,MY,PV,0.0,False
LC,NE,PV,0.023692206419236417,False
LC,NG,PV,0.01216399604553237,False
LC,NI,PV,0.0,False
LC,NL,PV,0.0,False
LC,NL,WIND,0.0,False
LC,NO,WIND,0.005035350219563323,False
LC,NP,PV,0.0,False
LC,NZ,WIND,0.00971485098052178,False
LC,OM,PV,0.0,False
LC,PA,PV,0.0,False
LC,PE,PV,0.011517335856851618,False
LC,PE,WIND,0.030395944428760393,False
LC,PH,PV,0.0,False
LC,PH,WIND,0.0,False
LC,PK,PV,0.0,False
LC,PK,WIND,0.0024627787944192813,False
LC,PL,PV,0.0,False
LC,PL,WIND,0.0,False
LC,PS,PV,0.0,False
LC,PT,PV,0.0,False
LC,PT,WIND,0.0,False
LC,PY,PV,0.009809149548276198,False
LC,PY,WIND,0.0,False
LC,RO,PV,0.0,False
LC,RO,WIND,0.00012769116575958453,False
LC,RU,PV,0.0,False
LC,RU,WIND,0.008814730160865434,False
LC,RW,PV,0.0,False
LC,SA,PV,0.0,False
LC,SE,WIND,0.0,False
LC,SK,PV,0.0,False
LC,SN,PV,0.03022639436023817,False
LC,SR,PV,0.01588181629140806,False
LC,SV,PV,0.0,False
LC,TH,PV,0.0,False
LC,TH,WIND,0.01598706412123952,False
LC,TN,WIND,0.0,False
LC,TR,PV,0.0,False
LC,TR,WIND,0.0,False
LC,TW,PV,0.0,False
LC,TW,WIND,0.0,False
LC,UA,PV,0.0,False
LC,UG,PV,0.0,False
LC,US,PV,0.21546053425078804,False
LC,US,WIND,0.04924151314933865,False
LC,UY,PV,0.006664054687895058,False
LC,UY,WIND,0.0,False
LC,UZ,PV,0.0,False
LC,VN,PV,0.0,False
LC,VN,WIND,0.0,False
LC,ZA,PV,0.0,False
LC,ZA,WIND,0.0,False
LC,ZM,PV,0.0,False
LC,nan,PV,0.0,False
LK,AE,PV,0.0,False
LK,AF,PV,0.0,False
LK,AQ,WIND,0.0,False
LK,AR,PV,0.0,False
LK,AR,WIND,0.0,False
LK,AT,WIND,0.0014546684155071349,False
LK,AU,PV,0.0650224975817337,False
LK,AU,WIND,0.00984587296088844,False
LK,BD,PV,0.0,False
LK,BE,PV,0.0,False
LK,BE,WIND,0.0,False
LK,BF,PV,0.005375652171169929,False
LK,BG,PV,0.0,False
LK,BG,WIND,0.0,False
LK,BH,PV,0.0,False
LK,BI,PV,0.0,False
LK,BO,PV,0.0,False
LK,BR,PV,0.03616765467484762,False
LK,BR,WIND,0.006113933275186217,False
LK,BY,PV,0.0,False
LK,CA,PV,0.0,False
LK,CA,WIND,0.010919463534014047,False
LK,CH,PV,0.0,False
LK,CL,PV,0.012754656775523811,False
LK,CL,WIND,0.0,False
LK,CN,PV,0.049935410169548486,False
LK,CN,WIND,0.03035553155573877,False
LK,CO,PV,0.008191848366983705,False
LK,CR,PV,0.0,False
LK,CU,PV,0.002488442009701959,False
LK,CU,WIND,0.0,False
LK,CV,PV,0.07342790468464254,False
LK,CZ,PV,0.0,False
LK,DE,PV,0.0,False
LK,DE,WIND,0.01935437284492325,False
LK,DK,PV,0.0,False
LK,DK,WIND,0.0,False
LK,DO,PV,0.004236053888149475,False
LK,DO,WIND,0.012109675031191645,False
LK,DZ,PV,0.0,False
LK,EC,PV,0.0,False
LK,EE,WIND,0.002857476251304962,False
LK,EG,PV,0.0,False
LK,EG,WIND,0.0,False
LK,ES,PV,0.0,False
LK,ES,WIND,0.007676118079017201,False
LK,ET,WIND,0.0,False
LK,FI,WIND,0.0,False
LK,FJ,WIND,0.0075237200250200175,False
LK,FR,PV,0.0,False
LK,FR,WIND,0.012214592519557473,False
LK,GB,PV,0.0,False
LK,GB,WIND,0.0,False
LK,GF,PV,0.009760990057067894,False
LK,GH,PV,0.02055418885906746,False
LK,GR,PV,0.0,False
LK,GR,WIND,0.0,False
LK,GT,PV,0.0,False
LK,GT,WIND,0.0,False
LK,HN,PV,0.0,False
LK,HN,WIND,0.0,False
LK,HU,PV,0.0,False
LK,ID,PV,0.027072140481548514,False
LK,ID,WIND,0.0,False
LK,IE,WIND,0.0,False
LK,IL,PV,0.0,False
LK,IL,WIND,0.0,False
LK,IN,PV,0.06799951350252659,False
LK,IN,WIND,0.0,False
LK,IR,PV,0.0,False
LK,IR,WIND,0.0,False
LK,IT,PV,0.0,False
LK,IT,WIND,0.0,False
LK,JM,PV,0.0,False
LK,JM,WIND,0.009667439421806456,False
LK,JO,PV,0.0,False
LK,JP,PV,0.02225071741815115,False
LK,JP,WIND,0.004826818244907277,False
LK,KE,PV,0.0,False
LK,KE,WIND,0.0,False
LK,KH,PV,0.016702425970983547,False
LK,KR,PV,0.0,False
LK,KR,WIND,0.0018526453484435173,False
LK,KW,PV,0.0,False
LK,KZ,PV,0.0,False
LK,LC,PV,0.02194543139386359,False
LK,LK,PV,0.0,True
LK,LK,WIND,0.0,True
LK,LY,PV,0.0,False
LK,LY,WIND,0.0,False
LK,MA,PV,0.0,False
LK,MA,WIND,0.0,False
LK,MG,PV,0.011871769543830757,False
LK,MM,PV,0.018709815101098926,False
LK,MN,PV,0.0,False
LK,MN,WIND,0.0,False
LK,MR,PV,0.0,False
LK,MR,WIND,0.0061760185507139295,False
LK,MU,PV,0.04983662850430138,False
LK,MX,PV,0.0,False
LK,MX,WIND,0.0,False
LK,MY,PV,0.022922500176290526,False
LK,NE,PV,0.0169971027780678,False
LK,NG,PV,0.0,False
LK,NI,PV,0.0,False
LK,NL,PV,0.0,False
LK,NL,WIND,0.0,False
LK,NO,WIND,0.0,False
LK,NP,PV,0.008987327193383639,False
LK,NZ,WIND,0.008086464098899432,False
LK,OM,PV,0.0,False
LK,PA,PV,0.0,False
LK,PE,PV,0.038688822086218225,False
LK,PE,WIND,0.00019004101130779265,False
LK,PH,PV,0.012595265852588494,False
LK,PH,WIND,0.021654415803644817,False
LK,PK,PV,0.0,False
LK,PK,WIND,0.0,False
LK,PL,PV,0.0,False
LK,PL,WIND,9.926207542750418e-05,False
LK,PS,PV,0.0,False
LK,PT,PV,0.0,False
LK,PT,WIND,0.004551469850139055,False
LK,PY,PV,0.016194909799726306,False
LK,PY,WIND,0.0,False
LK,RO,PV,0.0,False
LK,RO,WIND,0.0027450772679919466,False
LK,RU,PV,0.0,False
LK,RU,WIND,0.0,False
LK,RW,PV,0.0,False
LK,SA,PV,0.0,False
LK,SE,WIND,0.0,False
LK,SK,PV,0.0,False
LK,SN,PV,0.026527559905192052,False
LK,SR,PV,0.000752962176004232,False
LK,SV,PV,0.0,False
LK,TH,PV,0.0037673545161978554,False
LK,TH,WIND,0.0,False
LK,TN,WIND,0.0,False
LK,TR,PV,0.0,False
LK,TR,WIND,0.0,False
LK,TW,PV,0.0,False
LK,TW,WIND,0.0,False
LK,UA,PV,0.0,False
LK,UG,PV,0.0,False
LK,US,PV,0.027179197347273143,False
LK,US,WIND,0.033203309873453185,False
LK,UY,PV,0.022266142346938186,False
LK,UY,WIND,0.0,False
LK,UZ,PV,0.0,False
LK,VN,PV,0.0014395245950445104,False
LK,VN,WIND,0.0,False
LK,ZA,PV,0.04366786598074767,False
LK,ZA,WIND,0.020231338052501165,False
LK,ZM,PV,0.0,False
LK,nan,PV,0.0,False
LY,AE,PV,0.0,False
LY,AF,PV,0.0,False
LY,AQ,WIND,0.0,False
LY,AR,PV,0.0,False
LY,AR,WIND,0.004055771966991945,False
LY,AT,WIND,0.0026657289907950662,False
LY,AU,PV,0.005509042647961153,False
LY,AU,WIND,0.010577052649247085,False
LY,BD,PV,0.0,False
LY,BE,PV,0.0,False
LY,BE,WIND,0.0,False
LY,BF,PV,0.0,False
LY,BG,PV,0.0,False
LY,BG,WIND,0.01534813695104378,False
LY,BH,PV,0.0,False
LY,BI,PV,0.00415322706069258,False
LY,BO,PV,0.0,False
LY,BR,PV,0.01929694487400681,False
LY,BR,WIND,0.009731737883211838,False
LY,BY,PV,0.0,False
LY,CA,PV,0.0,False
LY,CA,WIND,0.021498257180648392,False
LY,CH,PV,0.0,False
LY,CL,PV,0.004775223486525428,False
LY,CL,WIND,0.003515862355793,False
LY,CN,PV,0.0030325159856966063,False
LY,CN,WIND,0.06872165574773799,False
LY,CO,PV,0.0,False
LY,CR,PV,0.0,False
LY,CU,PV,0.0,False
LY,CU,WIND,0.003634208357726207,False
LY,CV,PV,0.04395419627237011,False
LY,CZ,PV,0.0,False
LY,DE,PV,0.0,False
LY,DE,WIND,0.006031897676483457,False
LY,DK,PV,0.020114535850352094,False
LY,DK,WIND,0.0,False
LY,DO,PV,0.0,False
LY,DO,WIND,0.0,False
LY,DZ,PV,0.0,False
LY,EC,PV,0.0,False
LY,EE,WIND,0.0033491326317629656,False
LY,EG,PV,0.0,False
LY,EG,WIND,0.0,False
LY,ES,PV,0.0,False
LY,ES,WIND,0.009284082242137028,False
LY,ET,WIND,0.0,False
LY,FI,WIND,0.0,False
LY,FJ,WIND,0.011118033112506535,False
LY,FR,PV,0.014510781913377188,False
LY,FR,WIND,0.007253161200118732,False
LY,GB,PV,0.011967008724688156,False
LY,GB,WIND,0.04432397549733863,False
LY,GF,PV,0.0,False
LY,GH,PV,0.004236179802310965,False
LY,GR,PV,0.0,False
LY,GR,WIND,0.0,False
LY,GT,PV,0.0,False
LY,GT,WIND,0.0,False
LY,HN,PV,0.0,False
LY,HN,WIND,0.0,False
LY,HU,PV,0.0,False
LY,ID,PV,0.0,False
LY,ID,WIND,0.0030604467976080136,False
LY,IE,WIND,0.0,False
LY,IL,PV,0.03659216915448762,False
LY,IL,WIND,0.006415990189770602,False
LY,IN,PV,0.0,False
LY,IN,WIND,0.023570609249562828,False
LY,IR,PV,0.0,False
LY,IR,WIND,0.0031920544624982725,False
LY,IT,PV,0.013421443107315486,False
LY,IT,WIND,0.0,False
LY,JM,PV,0.0,False
LY,JM,WIND,0.0,False
LY,JO,PV,0.0,False
LY,JP,PV,0.02131487517129025,False
LY,JP,WIND,0.005305275799568547,False
LY,KE,PV,0.002693643238353355,False
LY,KE,WIND,0.0029847419892660093,False
LY,KH,PV,0.0,False
LY,KR,PV,0.0,False
LY,KR,WIND,0.0005517624264140909,False
LY,KW,PV,0.0,False
LY,KZ,PV,0.0,False
LY,LC,PV,0.0,False
LY,LK,PV,0.0,False
LY,LK,WIND,0.025542965154388763,False
LY,LY,PV,0.0,True
LY,LY,WIND,0.0,True
LY,MA,PV,0.01096979087460822,False
LY,MA,WIND,0.01226153136035955,False
LY,MG,PV,0.0,False
LY,MM,PV,0.0,False
LY,MN,PV,0.0,False
LY,MN,WIND,0.0,False
LY,MR,PV,0.0,False
LY,MR,WIND,0.0,False
LY,MU,PV,0.0,False
LY,MX,PV,0.0777187744094122,False
LY,MX,WIND,0.0,False
LY,MY,PV,0.0,False
LY,NE,PV,0.01331537923060319,False
LY,NG,PV,0.0,False
LY,NI,PV,0.0,False
LY,NL,PV,0.0,False
LY,NL,WIND,0.0,False
LY,NO,WIND,0.0,False
LY,NP,PV,0.0,False
LY,NZ,WIND,0.003724609919795929,False
LY,OM,PV,0.0,False
LY,PA,PV,0.0,False
LY,PE,PV,0.0,False
LY,PE,WIND,0.03294412187783936,False
LY,PH,PV,0.0,False
LY,PH,WIND,0.0010607066137396609,False
LY,PK,PV,0.0,False
LY,PK,WIND,0.0,False
LY,PL,PV,0.0,False
LY,PL,WIND,0.0017228597639025991,False
LY,PS,PV,0.011419661901838076,False
LY,PT,PV,0.0,False
LY,PT,WIND,0.005117107460316018,False
LY,PY,PV,0.0,False
LY,PY,WIND,0.0,False
LY,RO,PV,0.0,False
LY,RO,WIND,0.0,False
LY,RU,PV,0.0,False
LY,RU,WIND,0.0,False
LY,RW,PV,0.0,False
LY,SA,PV,0.0,False
LY,SE,WIND,0.0,False
LY,SK,PV,0.0,False
LY,SN,PV,0.0,False
LY,SR,PV,0.0070622320092995385,False
LY,SV,PV,0.0,False
LY,TH,PV,0.0,False
LY,TH,WIND,0.0,False
LY,TN,WIND,0.0,False
LY,TR,PV,0.0,False
LY,TR,WIND,0.0,False
LY,TW,PV,0.0,False
LY,TW,WIND,0.0,False
LY,UA,PV,0.0,False
LY,UG,PV,0.004503692538886465,False
LY,US,PV,0.21988121501866204,False
LY,US,WIND,0.05477061899498825,False
LY,UY,PV,0.00987005467804044,False
LY,UY,WIND,0.0,False
LY,UZ,PV,0.0,False
LY,VN,PV,0.0,False
LY,VN,WIND,0.009927603177583197,False
LY,ZA,PV,0.0,False
LY,ZA,WIND,0.022011976134764494,False
LY,ZM,PV,0.0005325211824307082,False
LY,nan,PV,0.003881215050883595,False
MA,AE,PV,0.0,False
MA,AF,PV,0.0,False
MA,AQ,WIND,0.0,False
MA,AR,PV,0.0,False
MA,AR,WIND,0.005634360544696991,False
MA,AT,WIND,0.010172217226233127,False
MA,AU,PV,0.0,False
MA,AU,WIND,0.011284741362556302,False
MA,BD,PV,0.0,False
MA,BE,PV,0.0,False
MA,BE,WIND,0.0,False
MA,BF,PV,0.0,False
MA,BG,PV,0.0,False
MA,BG,WIND,0.013408891802335997,False
MA,BH,PV,0.0,False
MA,BI,PV,0.0,False
MA,BO,PV,0.0,False
MA,BR,PV,0.015328888180157835,False
MA,BR,WIND,0.038977828161715834,False
MA,BY,PV,0.0006509971092435476,False
MA,CA,PV,0.0,False
MA,CA,WIND,0.005404918091565618,False
MA,CH,PV,0.0,False
MA,CL,PV,0.061227609525376016,False
MA,CL,WIND,0.012879569583554306,False
MA,CN,PV,0.0,False
MA,CN,WIND,0.041614247386355455,False
MA,CO,PV,0.0,False
MA,CR,PV,0.012330964890269943,False
MA,CU,PV,0.0,False
MA,CU,WIND,0.0,False
MA,CV,PV,0.0,False
MA,CZ,PV,0.0,False
MA,DE,PV,0.002632525947572392,False
MA,DE,WIND,0.0,False
MA,DK,PV,0.006336931951640149,False
MA,DK,WIND,0.0,False
MA,DO,PV,0.0,False
MA,DO,WIND,0.0,False
MA,DZ,PV,0.013976981976214362,False
MA,EC,PV,0.0,False
MA,EE,WIND,0.0,False
MA,EG,PV,0.0,False
MA,EG,WIND,0.0,False
MA,ES,PV,0.02545492770517679,False
MA,ES,WIND,0.005865139648030718,False
MA,ET,WIND,0.0,False
MA,FI,WIND,0.010062333162818682,False
MA,FJ,WIND,0.009659812793056128,False
MA,FR,PV,0.008739563310471427,False
MA,FR,WIND,0.013941271026886085,False
MA,GB,PV,0.0,False
MA,GB,WIND,0.04765459164084203,False
MA,GF,PV,0.005270608744770766,False
MA,GH,PV,0.04011359237418211,False
MA,GR,PV,0.0,False
MA,GR,WIND,0.0,False
MA,GT,PV,0.0,False
MA,GT,WIND,0.0,False
MA,HN,PV,0.0,False
MA,HN,WIND,0.0,False
MA,HU,PV,0.0,False
MA,ID,PV,0.0,False
MA,ID,WIND,0.0,False
MA,IE,WIND,0.0032823043328083453,False
MA,IL,PV,0.0,False
MA,IL,WIND,0.0,False
MA,IN,PV,0.0,False
MA,IN,WIND,0.0,False
MA,IR,PV,0.0,False
MA,IR,WIND,0.0,False
MA,IT,PV,0.0,False
MA,IT,WIND,0.0,False
MA,JM,PV,0.0,False
MA,JM,WIND,0.0,False
MA,JO,PV,0.0,False
MA,JP,PV,0.0,False
MA,JP,WIND,0.001782450285962412,False
MA,KE,PV,0.0,False
MA,KE,WIND,0.0,False
MA,KH,PV,0.0,False
MA,KR,PV,0.0,False
MA,KR,WIND,0.0,False
MA,KW,PV,0.0,False
MA,KZ,PV,0.0,False
MA,LC,PV,0.0,False
MA,LK,PV,0.0,False
MA,LK,WIND,0.0,False
MA,LY,PV,0.020400187134264558,False
MA,LY,WIND,0.0,False
MA,MA,PV,0.031909109587683365,True
MA,MA,WIND,0.019579960901171364,True
MA,MG,PV,0.0,False
MA,MM,PV,0.0,False
MA,MN,PV,0.0,False
MA,MN,WIND,0.0,False
MA,MR,PV,0.012381824632811842,False
MA,MR,WIND,0.0,False
MA,MU,PV,0.0,False
MA,MX,PV,0.12536619623228226,False
MA,MX,WIND,0.0,False
MA,MY,PV,0.0,False
MA,NE,PV,0.041504269660047007,False
MA,NG,PV,0.0,False
MA,NI,PV,0.017273682146837117,False
MA,NL,PV,0.0,False
MA,NL,WIND,0.0,False
MA,NO,WIND,0.0,False
MA,NP,PV,0.0,False
MA,NZ,WIND,0.014604387183048672,False
MA,OM,PV,0.0,False
MA,PA,PV,0.0020546723947852444,False
MA,PE,PV,0.0,False
MA,PE,WIND,0.0,False
MA,PH,PV,0.0,False
MA,PH,WIND,0.0,False
MA,PK,PV,0.0,False
MA,PK,WIND,0.0,False
MA,PL,PV,0.0,False
MA,PL,WIND,0.0,False
MA,PS,PV,0.0,False
MA,PT,PV,0.0,False
MA,PT,WIND,0.004603940532672191,False
MA,PY,PV,0.0,False
MA,PY,WIND,0.0,False
MA,RO,PV,0.0,False
MA,RO,WIND,0.0,False
MA,RU,PV,0.0,False
MA,RU,WIND,0.0007929354755825247,False
MA,RW,PV,0.0,False
MA,SA,PV,0.0,False
MA,SE,WIND,0.000595877920897403,False
MA,SK,PV,0.0,False
MA,SN,PV,0.0,False
MA,SR,PV,0.00613961821643905,False
MA,SV,PV,0.0,False
MA,TH,PV,0.0,False
MA,TH,WIND,0.0,False
MA,TN,WIND,0.0,False
MA,TR,PV,0.0,False
MA,TR,WIND,0.0,False
MA,TW,PV,0.0,False
MA,TW,WIND,0.0,False
MA,UA,PV,0.0,False
MA,UG,PV,0.0,False
MA,US,PV,0.20730105135723284,False
MA,US,WIND,0.016385934894453554,False
MA,UY,PV,0.000901503988524703,False
MA,UY,WIND,0.0,False
MA,UZ,PV,0.0,False
MA,VN,PV,0.0,False
MA,VN,WIND,0.0,False
MA,ZA,PV,0.0,False
MA,ZA,WIND,0.0,False
MA,ZM,PV,0.051976952733575034,False
MA,nan,PV,0.0025396262431997972,False
MG,AE,PV,0.0382225449131734,False
MG,AF,PV,0.0,False
MG,AQ,WIND,0.0,False
MG,AR,PV,0.024322654642223974,False
MG,AR,WIND,0.0,False
MG,AT,WIND,0.0029134172003602585,False
MG,AU,PV,0.0,False
MG,AU,WIND,0.0,False
MG,BD,PV,0.0,False
MG,BE,PV,0.0,False
MG,BE,WIND,0.0,False
MG,BF,PV,0.0,False
MG,BG,PV,0.0,False
MG,BG,WIND,0.0,False
MG,BH,PV,0.0,False
MG,BI,PV,0.0,False
MG,BO,PV,0.0,False
MG,BR,PV,0.05722988839492368,False
MG,BR,WIND,0.0037557938933595993,False
MG,BY,PV,0.0,False
MG,CA,PV,0.00825919612078762,False
MG,CA,WIND,0.017791902277419246,False
MG,CH,PV,0.0,False
MG,CL,PV,0.03437290443256402,False
MG,CL,WIND,0.00011440156906547224,False
MG,CN,PV,0.039923133688554796,False
MG,CN,WIND,0.020918557536125367,False
MG,CO,PV,0.0,False
MG,CR,PV,0.0016200166818228655,False
MG,CU,PV,0.0,False
MG,CU,WIND,0.0,False
MG,CV,PV,0.05811349522231256,False
MG,CZ,PV,0.0,False
MG,DE,PV,0.0,False
MG,DE,WIND,0.0028519717273539124,False
MG,DK,PV,0.0,False
MG,DK,WIND,0.0,False
MG,DO,PV,0.0,False
MG,DO,WIND,0.015831478133265985,False
MG,DZ,PV,0.0,False
MG,EC,PV,0.0,False
MG,EE,WIND,0.0,False
MG,EG,PV,0.024298369352979875,False
MG,EG,WIND,0.0,False
MG,ES,PV,0.0,False
MG,ES,WIND,0.014591109700254215,False
MG,ET,WIND,0.0,False
MG,FI,WIND,0.0,False
MG,FJ,WIND,0.005480917682589109,False
MG,FR,PV,0.0,False
MG,FR,WIND,0.019520377898592026,False
MG,GB,PV,0.0,False
MG,GB,WIND,0.003031354464982984,False
MG,GF,PV,0.01513792099602036,False
MG,GH,PV,0.0,False
MG,GR,PV,0.0,False
MG,GR,WIND,0.0,False
MG,GT,PV,0.0,False
MG,GT,WIND,0.011918795874385765,False
MG,HN,PV,0.0,False
MG,HN,WIND,0.00015996923942573375,False
MG,HU,PV,0.0,False
MG,ID,PV,0.02838774710103755,False
MG,ID,WIND,0.0,False
MG,IE,WIND,0.0,False
MG,IL,PV,0.0,False
MG,IL,WIND,0.0,False
MG,IN,PV,0.06028669763348038,False
MG,IN,WIND,0.00023735060716693288,False
MG,IR,PV,0.0,False
MG,IR,WIND,0.0,False
MG,IT,PV,0.0,False
MG,IT,WIND,0.0015859010965514225,False
MG,JM,PV,0.0,False
MG,JM,WIND,0.009791761999296891,False
MG,JO,PV,0.0,False
MG,JP,PV,0.0,False
MG,JP,WIND,0.0,False
MG,KE,PV,0.018467524748967165,False
MG,KE,WIND,0.0,False
MG,KH,PV,0.0,False
MG,KR,PV,0.0,False
MG,KR,WIND,0.0,False
MG,KW,PV,0.009943099154812894,False
MG,KZ,PV,0.0,False
MG,LC,PV,0.014023588474350628,False
MG,LK,PV,0.008878771148156094,False
MG,LK,WIND,0.0,False
MG,LY,PV,0.0,False
MG,LY,WIND,0.0,False
MG,MA,PV,0.0,False
MG,MA,WIND,0.0,False
MG,MG,PV,0.011201935819182935,True
MG,MM,PV,0.0,False
MG,MN,PV,0.0,False
MG,MN,WIND,0.0,False
MG,MR,PV,0.0,False
MG,MR,WIND,0.004351031445556526,False
MG,MU,PV,0.06794707323819085,False
MG,MX,PV,0.0,False
MG,MX,WIND,0.0006273653062853262,False
MG,MY,PV,0.002140514930385104,False
MG,NE,PV,0.0,False
MG,NG,PV,0.0,False
MG,NI,PV,0.0,False
MG,NL,PV,0.0,False
MG,NL,WIND,0.0,False
MG,NO,WIND,0.0,False
MG,NP,PV,0.013342709957005944,False
MG,NZ,WIND,0.001109623670428167,False
MG,OM,PV,0.05739723894157276,False
MG,PA,PV,0.0,False
MG,PE,PV,0.0,False
MG,PE,WIND,0.0,False
MG,PH,PV,0.0,False
MG,PH,WIND,0.01996833907717007,False
MG,PK,PV,0.0,False
MG,PK,WIND,0.0,False
MG,PL,PV,0.0,False
MG,PL,WIND,0.0,False
MG,PS,PV,0.0,False
MG,PT,PV,0.0,False
MG,PT,WIND,0.006814670786505759,False
MG,PY,PV,0.019060451589556295,False
MG,PY,WIND,0.0,False
MG,RO,PV,0.0,False
MG,RO,WIND,0.0,False
MG,RU,PV,0.0,False
MG,RU,WIND,0.0,False
MG,RW,PV,0.0,False
MG,SA,PV,0.0,False
MG,SE,WIND,0.0,False
MG,SK,PV,0.0,False
MG,SN,PV,0.02491113483748066,False
MG,SR,PV,0.018060535898697397,False
MG,SV,PV,0.0,False
MG,TH,PV,0.0,False
MG,TH,WIND,0.0045011454516603756,False
MG,TN,WIND,0.006444238912933811,False
MG,TR,PV,0.012319250012096137,False
MG,TR,WIND,0.0,False
MG,TW,PV,0.0,False
MG,TW,WIND,0.0023775365378142176,False
MG,UA,PV,0.0,False
MG,UG,PV,0.0,False
MG,US,PV,0.0485331792774737,False
MG,US,WIND,0.044383551764759874,False
MG,UY,PV,0.02242214039496354,False
MG,UY,WIND,0.0,False
MG,UZ,PV,0.0,False
MG,VN,PV,0.01334007888110731,False
MG,VN,WIND,0.0,False
MG,ZA,PV,0.02592427805410868,False
MG,ZA,WIND,0.0008393616087008591,False
MG,ZM,PV,0.0,False
MG,nan,PV,0.0,False
MM,AE,PV,0.0,False
MM,AF,PV,0.0,False
MM,AQ,WIND,0.0,False
MM,AR,PV,0.0,False
MM,AR,WIND,0.0,False
MM,AT,WIND,0.0,False
MM,AU,PV,0.006270990717970812,False
MM,AU,WIND,0.0,False
MM,BD,PV,0.0,False
MM,BE,PV,0.0,False
MM,BE,WIND,0.0,False
MM,BF,PV,0.011509378757207289,False
MM,BG,PV,0.0,False
MM,BG,WIND,0.0,False
MM,BH,PV,0.0,False
MM,BI,PV,0.0,False
MM,BO,PV,0.0,False
MM,BR,PV,0.01752774792160633,False
MM,BR,WIND,0.0009348477448893616,False
MM,BY,PV,0.0,False
MM,CA,PV,0.0,False
MM,CA,WIND,0.021867650395480102,False
MM,CH,PV,0.0,False
MM,CL,PV,0.0,False
MM,CL,WIND,0.0,False
MM,CN,PV,0.11810857651969464,False
MM,CN,WIND,0.056715079962373564,False
MM,CO,PV,0.0,False
MM,CR,PV,0.0,False
MM,CU,PV,0.0,False
MM,CU,WIND,0.0,False
MM,CV,PV,0.10594966512272669,False
MM,CZ,PV,0.0,False
MM,DE,PV,0.0,False
MM,DE,WIND,0.005745717404132556,False
MM,DK,PV,0.005430059297953273,False
MM,DK,WIND,0.0,False
MM,DO,PV,0.011183161701036481,False
MM,DO,WIND,0.029671171268256764,False
MM,DZ,PV,0.0,False
MM,EC,PV,0.0,False
MM,EE,WIND,0.0042206288956325305,False
MM,EG,PV,0.0,False
MM,EG,WIND,0.0,False
MM,ES,PV,0.0,False
MM,ES,WIND,0.0,False
MM,ET,WIND,0.0,False
MM,FI,WIND,0.0,False
MM,FJ,WIND,0.005725028550958106,False
MM,FR,PV,0.017365169214938653,False
MM,FR,WIND,0.004967127990851737,False
MM,GB,PV,0.02111608921292627,False
MM,GB,WIND,0.0,False
MM,GF,PV,0.0,False
MM,GH,PV,0.02430253159092629,False
MM,GR,PV,0.0,False
MM,GR,WIND,0.0,False
MM,GT,PV,0.0,False
MM,GT,WIND,0.0,False
MM,HN,PV,0.0,False
MM,HN,WIND,0.0025551756640871683,False
MM,HU,PV,0.0,False
MM,ID,PV,0.03053440862994873,False
MM,ID,WIND,0.0017815516204965935,False
MM,IE,WIND,0.0,False
MM,IL,PV,0.0,False
MM,IL,WIND,0.006699044019282253,False
MM,IN,PV,0.01631460271396233,False
MM,IN,WIND,0.04006981870921273,False
MM,IR,PV,0.0,False
MM,IR,WIND,0.012514462944638887,False
MM,IT,PV,0.02029322541373137,False
MM,IT,WIND,0.0,False
MM,JM,PV,0.0,False
MM,JM,WIND,0.014784954442526711,False
MM,JO,PV,0.0,False
MM,JP,PV,0.0260395559931624,False
MM,JP,WIND,0.0048656168365421824,False
MM,KE,PV,0.0,False
MM,KE,WIND,0.0,False
MM,KH,PV,0.0,False
MM,KR,PV,0.0,False
MM,KR,WIND,0.0,False
MM,KW,PV,0.0,False
MM,KZ,PV,0.0,False
MM,LC,PV,0.0,False
MM,LK,PV,0.0,False
MM,LK,WIND,0.0,False
MM,LY,PV,0.0,False
MM,LY,WIND,0.0,False
MM,MA,PV,0.0,False
MM,MA,WIND,0.0,False
MM,MG,PV,0.0,False
MM,MM,PV,0.0,True
MM,MN,PV,0.0,False
MM,MN,WIND,0.0,False
MM,MR,PV,0.0,False
MM,MR,WIND,0.030149660239827503,False
MM,MU,PV,0.0,False
MM,MX,PV,0.0,False
MM,MX,WIND,0.0,False
MM,MY,PV,0.0,False
MM,NE,PV,0.012535033668573094,False
MM,NG,PV,0.0,False
MM,NI,PV,0.0,False
MM,NL,PV,0.0,False
MM,NL,WIND,0.0008558615103094197,False
MM,NO,WIND,0.0011051157757639856,False
MM,NP,PV,0.014679767334178704,False
MM,NZ,WIND,0.0,False
MM,OM,PV,0.0,False
MM,PA,PV,0.0,False
MM,PE,PV,0.0,False
MM,PE,WIND,0.004948813216260786,False
MM,PH,PV,0.011273627264497061,False
MM,PH,WIND,0.012203385094781319,False
MM,PK,PV,0.0,False
MM,PK,WIND,0.0,False
MM,PL,PV,0.0,False
MM,PL,WIND,0.011411394403528596,False
MM,PS,PV,0.0,False
MM,PT,PV,0.0,False
MM,PT,WIND,0.007471476851099932,False
MM,PY,PV,0.0,False
MM,PY,WIND,0.0,False
MM,RO,PV,0.0,False
MM,RO,WIND,0.011803448081945037,False
MM,RU,PV,0.01168720936195121,False
MM,RU,WIND,0.0,False
MM,RW,PV,0.0,False
MM,SA,PV,0.0,False
MM,SE,WIND,0.0,False
MM,SK,PV,0.0,False
MM,SN,PV,0.05115443892374339,False
MM,SR,PV,0.033876907366171834,False
MM,SV,PV,0.0,False
MM,TH,PV,0.0,False
MM,TH,WIND,0.0,False
MM,TN,WIND,0.0,False
MM,TR,PV,0.0,False
MM,TR,WIND,0.0,False
MM,TW,PV,0.0076789407980792255,False
MM,TW,WIND,0.0,False
MM,UA,PV,0.0,False
MM,UG,PV,0.0,False
MM,US,PV,0.006493037454776069,False
MM,US,WIND,0.09077714382745546,False
MM,UY,PV,0.0,False
MM,UY,WIND,0.0,False
MM,UZ,PV,0.0,False
MM,VN,PV,0.010175033189296454,False
MM,VN,WIND,0.0,False
MM,ZA,PV,0.0,False
MM,ZA,WIND,0.024656666380607026,False
MM,ZM,PV,0.0,False
MM,nan,PV,0.0,False
MN,AE,PV,0.0,False
MN,AF,PV,0.0,False
MN,AQ,WIND,0.0,False
MN,AR,PV,0.0,False
MN,AR,WIND,0.0,False
MN,AT,WIND,0.0,False
MN,AU,PV,0.0621583333332482,False
MN,AU,WIND,0.0,False
MN,BD,PV,0.0,False
MN,BE,PV,0.0,False
MN,BE,WIND,0.0,False
MN,BF,PV,0.0,False
MN,BG,PV,0.0,False
MN,BG,WIND,0.0,False
MN,BH,PV,0.0,False
MN,BI,PV,0.01592172982369013,False
MN,BO,PV,0.0,False
MN,BR,PV,0.055363192167666206,False
MN,BR,WIND,0.005944906692651199,False
MN,BY,PV,0.0,False
MN,CA,PV,0.0,False
MN,CA,WIND,0.00901158414453201,False
MN,CH,PV,0.0,False
MN,CL,PV,0.0,False
MN,CL,WIND,0.0,False
MN,CN,PV,0.059762435914663424,False
MN,CN,WIND,0.0457088681211774,False
MN,CO,PV,0.0,False
MN,CR,PV,0.0,False
MN,CU,PV,0.0,False
MN,CU,WIND,0.00468657598843378,False
MN,CV,PV,0.05685615080991868,False
MN,CZ,PV,0.0,False
MN,DE,PV,0.0,False
MN,DE,WIND,0.01648902548594082,False
MN,DK,PV,0.0,False
MN,DK,WIND,0.0,False
MN,DO,PV,0.0,False
MN,DO,WIND,0.004741687002957682,False
MN,DZ,PV,0.0,False
MN,EC,PV,0.0,False
MN,EE,WIND,0.0016285031728095745,False
MN,EG,PV,0.0,False
MN,EG,WIND,0.0,False
MN,ES,PV,0.0,False
MN,ES,WIND,0.0009225710967817605,False
MN,ET,WIND,0.0,False
MN,FI,WIND,0.0,False
MN,FJ,WIND,0.013409214757276605,False
MN,FR,PV,0.0,False
MN,FR,WIND,0.012487160363956383,False
MN,GB,PV,0.007441047250265128,False
MN,GB,WIND,0.004173828714474744,False
MN,GF,PV,0.0,False
MN,GH,PV,0.04500509308179885,False
MN,GR,PV,0.0,False
MN,GR,WIND,0.0,False
MN,GT,PV,0.0,False
MN,GT,WIND,0.0028982397488852185,False
MN,HN,PV,0.0,False
MN,HN,WIND,0.003906079316255922,False
MN,HU,PV,0.0,False
MN,ID,PV,0.04917432831556846,False
MN,ID,WIND,0.0002903208454751876,False
MN,IE,WIND,0.0,False
MN,IL,PV,0.0,False
MN,IL,WIND,0.0,False
MN,IN,PV,0.025619301070316555,False
MN,IN,WIND,0.01665911551259451,False
MN,IR,PV,0.0,False
MN,IR,WIND,0.0027298571414607637,False
MN,IT,PV,0.0,False
MN,IT,WIND,0.0,False
MN,JM,PV,0.0,False
MN,JM,WIND,0.010099483633335916,False
MN,JO,PV,0.0,False
MN,JP,PV,0.03728365449818282,False
MN,JP,WIND,0.004863829380046109,False
MN,KE,PV,0.015153212439661081,False
MN,KE,WIND,0.003101075824164651,False
MN,KH,PV,0.0014582220805652271,False
MN,KR,PV,0.0,False
MN,KR,WIND,0.0,False
MN,KW,PV,0.0,False
MN,KZ,PV,0.0,False
MN,LC,PV,0.0,False
MN,LK,PV,0.0,False
MN,LK,WIND,0.0,False
MN,LY,PV,0.0,False
MN,LY,WIND,0.0,False
MN,MA,PV,0.0,False
MN,MA,WIND,0.0,False
MN,MG,PV,0.0,False
MN,MM,PV,0.0,False
MN,MN,PV,0.0,True
MN,MN,WIND,0.0,True
MN,MR,PV,0.0,False
MN,MR,WIND,0.01275448373208623,False
MN,MU,PV,0.011866776526287436,False
MN,MX,PV,0.0,False
MN,MX,WIND,0.0,False
MN,MY,PV,0.012353871155803733,False
MN,NE,PV,0.05755591098414926,False
MN,NG,PV,0.0,False
MN,NI,PV,0.0,False
MN,NL,PV,0.0,False
MN,NL,WIND,0.0,False
MN,NO,WIND,0.0,False
MN,NP,PV,0.0,False
MN,NZ,WIND,0.0,False
MN,OM,PV,0.0,False
MN,PA,PV,0.0,False
MN,PE,PV,0.0,False
MN,PE,WIND,0.0,False
MN,PH,PV,0.05181191656681125,False
MN,PH,WIND,0.014342568736493488,False
MN,PK,PV,0.0,False
MN,PK,WIND,0.0,False
MN,PL,PV,0.0,False
MN,PL,WIND,0.004291623108638723,False
MN,PS,PV,0.0,False
MN,PT,PV,0.0,False
MN,PT,WIND,0.008539716799359021,False
MN,PY,PV,0.005153008906862807,False
MN,PY,WIND,0.0,False
MN,RO,PV,0.0,False
MN,RO,WIND,0.0,False
MN,RU,PV,0.0,False
MN,RU,WIND,0.0,False
MN,RW,PV,0.0,False
MN,SA,PV,0.0,False
MN,SE,WIND,0.0,False
MN,SK,PV,0.0,False
MN,SN,PV,0.041882975064157495,False
MN,SR,PV,0.028027985597775012,False
MN,SV,PV,0.0,False
MN,TH,PV,0.0,False
MN,TH,WIND,0.00039769872853513406,False
MN,TN,WIND,0.0,False
MN,TR,PV,0.0,False
MN,TR,WIND,0.0,False
MN,TW,PV,0.0,False
MN,TW,WIND,0.0,False
MN,UA,PV,0.0,False
MN,UG,PV,0.011497423704677037,False
MN,US,PV,0.0,False
MN,US,WIND,0.05517059820575899,False
MN,UY,PV,0.0005719991285569706,False
MN,UY,WIND,0.0,False
MN,UZ,PV,0.0,False
MN,VN,PV,0.0194592576934975,False
MN,VN,WIND,0.0,False
MN,ZA,PV,0.05201723735580327,False
MN,ZA,WIND,0.01735632027599145,False
MN,ZM,PV,0.0,False
MN,nan,PV,0.0,False
MR,AE,PV,0.0,False
MR,AF,PV,0.0,False
MR,AQ,WIND,0.000717399336912949,False
MR,AR,PV,0.0,False
MR,AR,WIND,0.0027833924731591924,False
MR,AT,WIND,0.0,False
MR,AU,PV,0.03355502584295907,False
MR,AU,WIND,0.005071599962035639,False
MR,BD,PV,0.0,False
MR,BE,PV,0.0030935167216195347,False
MR,BE,WIND,0.0,False
MR,BF,PV,0.0,False
MR,BG,PV,0.004571362437909512,False
MR,BG,WIND,0.01587837957787058,False
MR,BH,PV,0.0,False
MR,BI,PV,0.0,False
MR,BO,PV,0.0,False
MR,BR,PV,0.054055740823671164,False
MR,BR,WIND,0.017383928058822835,False
MR,BY,PV,0.0,False
MR,CA,PV,0.0,False
MR,CA,WIND,0.003213700564696427,False
MR,CH,PV,0.0006770375257053603,False
MR,CL,PV,0.0,False
MR,CL,WIND,0.0,False
MR,CN,PV,0.0,False
MR,CN,WIND,0.0349480062329277,False
MR,CO,PV,0.0,False
MR,CR,PV,0.020364689487407984,False
MR,CU,PV,0.0,False
MR,CU,WIND,0.0,False
MR,CV,PV,0.0,False
MR,CZ,PV,0.0018747908523786335,False
MR,DE,PV,0.03520974282364805,False
MR,DE,WIND,0.0,False
MR,DK,PV,0.00395887150520979,False
MR,DK,WIND,0.0,False
MR,DO,PV,0.0,False
MR,DO,WIND,0.0,False
MR,DZ,PV,0.0,False
MR,EC,PV,0.05174232158119693,False
MR,EE,WIND,0.0022216975642744947,False
MR,EG,PV,0.0,False
MR,EG,WIND,0.0,False
MR,ES,PV,0.024245330852003994,False
MR,ES,WIND,0.0,False
MR,ET,WIND,0.0,False
MR,FI,WIND,0.0008855914812835729,False
MR,FJ,WIND,0.010695611123783148,False
MR,FR,PV,0.0,False
MR,FR,WIND,0.006724369951497104,False
MR,GB,PV,0.004533833110919398,False
MR,GB,WIND,0.040266936623320405,False
MR,GF,PV,0.0048721175910470685,False
MR,GH,PV,0.009136455047147222,False
MR,GR,PV,0.0,False
MR,GR,WIND,0.0,False
MR,GT,PV,0.0,False
MR,GT,WIND,0.0,False
MR,HN,PV,0.0,False
MR,HN,WIND,0.0,False
MR,HU,PV,0.0,False
MR,ID,PV,0.0,False
MR,ID,WIND,0.0,False
MR,IE,WIND,0.0,False
MR,IL,PV,0.0,False
MR,IL,WIND,0.0,False
MR,IN,PV,0.0,False
MR,IN,WIND,0.0,False
MR,IR,PV,0.0,False
MR,IR,WIND,0.012553212991849534,False
MR,IT,PV,0.0014691575309999953,False
MR,IT,WIND,0.0,False
MR,JM,PV,0.0,False
MR,JM,WIND,0.0,False
MR,JO,PV,0.0,False
MR,JP,PV,0.011551353107989602,False
MR,JP,WIND,0.0,False
MR,KE,PV,0.0,False
MR,KE,WIND,0.0,False
MR,KH,PV,0.0,False
MR,KR,PV,0.0,False
MR,KR,WIND,0.0,False
MR,KW,PV,0.0,False
MR,KZ,PV,0.0,False
MR,LC,PV,0.012266859199971393,False
MR,LK,PV,0.0,False
MR,LK,WIND,0.01637436777825711,False
MR,LY,PV,0.03669731708860343,False
MR,LY,WIND,0.0,False
MR,MA,PV,0.025863968369680964,False
MR,MA,WIND,0.0,False
MR,MG,PV,0.0,False
MR,MM,PV,0.0,False
MR,MN,PV,0.0,False
MR,MN,WIND,0.0,False
MR,MR,PV,0.0,True
MR,MR,WIND,0.0,True
MR,MU,PV,0.0,False
MR,MX,PV,0.0357557969699385,False
MR,MX,WIND,0.0,False
MR,MY,PV,0.0,False
MR,NE,PV,0.0,False
MR,NG,PV,0.0,False
MR,NI,PV,0.0,False
MR,NL,PV,0.0,False
MR,NL,WIND,0.0,False
MR,NO,WIND,0.0,False
MR,NP,PV,0.0,False
MR,NZ,WIND,0.0,False
MR,OM,PV,0.0,False
MR,PA,PV,0.0,False
MR,PE,PV,0.0,False
MR,PE,WIND,0.02555524898608291,False
MR,PH,PV,0.0,False
MR,PH,WIND,0.0,False
MR,PK,PV,0.0,False
MR,PK,WIND,0.0,False
MR,PL,PV,0.0021141028543532753,False
MR,PL,WIND,0.0,False
MR,PS,PV,0.0,False
MR,PT,PV,0.011037027125927709,False
MR,PT,WIND,0.0007317486596448879,False
MR,PY,PV,0.0,False
MR,PY,WIND,0.0,False
MR,RO,PV,0.0,False
MR,RO,WIND,0.0,False
MR,RU,PV,0.0,False
MR,RU,WIND,0.009805424184719814,False
MR,RW,PV,0.0,False
MR,SA,PV,0.0,False
MR,SE,WIND,0.03558049655376378,False
MR,SK,PV,0.0,False
MR,SN,PV,0.0,False
MR,SR,PV,0.0,False
MR,SV,PV,0.0,False
MR,TH,PV,0.0,False
MR,TH,WIND,0.0,False
MR,TN,WIND,0.0,False
MR,TR,PV,0.0,False
MR,TR,WIND,0.013495051732973145,False
MR,TW,PV,0.0,False
MR,TW,WIND,0.0,False
MR,UA,PV,0.0,False
MR,UG,PV,0.0,False
MR,US,PV,0.2886222234240555,False
MR,US,WIND,0.008292066389259518,False
MR,UY,PV,0.0,False
MR,UY,WIND,0.0,False
MR,UZ,PV,0.0,False
MR,VN,PV,0.0,False
MR,VN,WIND,0.01200049706765868,False
MR,ZA,PV,0.0,False
MR,ZA,WIND,0.003615971801869841,False
MR,ZM,PV,0.006919262850513446,False
MR,nan,PV,0.03701739617847896,False
MU,AE,PV,0.0,False
MU,AF,PV,0.0,False
MU,AQ,WIND,0.0,False
MU,AR,PV,0.0,False
MU,AR,WIND,0.0,False
MU,AT,WIND,0.0020419846467609735,False
MU,AU,PV,0.014247761037074803,False
MU,AU,WIND,0.011100055887681407,False
MU,BD,PV,0.0,False
MU,BE,PV,0.0,False
MU,BE,WIND,0.0,False
MU,BF,PV,0.0,False
MU,BG,PV,0.0,False
MU,BG,WIND,0.0004952242952057364,False
MU,BH,PV,0.0,False
MU,BI,PV,0.0,False
MU,BO,PV,0.0,False
MU,BR,PV,0.024209554455982274,False
MU,BR,WIND,0.005020519531153496,False
MU,BY,PV,0.0,False
MU,CA,PV,0.005371662964339914,False
MU,CA,WIND,0.01686885337078043,False
MU,CH,PV,0.0,False
MU,CL,PV,0.08039429519895744,False
MU,CL,WIND,0.0,False
MU,CN,PV,0.02591124254855777,False
MU,CN,WIND,0.02714200593631496,False
MU,CO,PV,0.00819130516356727,False
MU,CR,PV,0.019074199198245434,False
MU,CU,PV,0.0,False
MU,CU,WIND,0.005586654093298246,False
MU,CV,PV,0.02973485382085789,False
MU,CZ,PV,0.0,False
MU,DE,PV,0.0,False
MU,DE,WIND,0.006587206939253728,False
MU,DK,PV,0.0,False
MU,DK,WIND,0.0,False
MU,DO,PV,0.0,False
MU,DO,WIND,0.010314721457950453,False
MU,DZ,PV,0.0,False
MU,EC,PV,0.0,False
MU,EE,WIND,0.0030377754080006584,False
MU,EG,PV,0.018005846731667385,False
MU,EG,WIND,0.0,False
MU,ES,PV,0.0,False
MU,ES,WIND,0.008837516116611845,False
MU,ET,WIND,0.0,False
MU,FI,WIND,0.0,False
MU,FJ,WIND,0.00784139879584649,False
MU,FR,PV,0.0,False
MU,FR,WIND,0.011863613419679566,False
MU,GB,PV,0.0,False
MU,GB,WIND,0.006298335802901935,False
MU,GF,PV,0.026727411163082058,False
MU,GH,PV,0.015564070703701924,False
MU,GR,PV,0.0,False
MU,GR,WIND,0.0,False
MU,GT,PV,0.0,False
MU,GT,WIND,0.0035781660455419697,False
MU,HN,PV,0.0,False
MU,HN,WIND,0.0,False
MU,HU,PV,0.0,False
MU,ID,PV,0.016299543912466616,False
MU,ID,WIND,0.0017017931127265708,False
MU,IE,WIND,0.0,False
MU,IL,PV,0.0,False
MU,IL,WIND,0.0,False
MU,IN,PV,0.11506431183441708,False
MU,IN,WIND,0.0,False
MU,IR,PV,0.0,False
MU,IR,WIND,0.0,False
MU,IT,PV,0.0,False
MU,IT,WIND,0.0,False
MU,JM,PV,0.0,False
MU,JM,WIND,0.013245823291255239,False
MU,JO,PV,0.0,False
MU,JP,PV,0.0006301495673432188,False
MU,JP,WIND,0.0004900988354652451,False
MU,KE,PV,0.007423584035913839,False
MU,KE,WIND,0.006283372566625937,False
MU,KH,PV,0.0006713763815633616,False
MU,KR,PV,0.0,False
MU,KR,WIND,0.0017804387874273684,False
MU,KW,PV,0.0047228489890658336,False
MU,KZ,PV,0.0,False
MU,LC,PV,0.008366427280168887,False
MU,LK,PV,0.0006881738495253289,False
MU,LK,WIND,0.0,False
MU,LY,PV,0.0,False
MU,LY,WIND,0.0,False
MU,MA,PV,0.0,False
MU,MA,WIND,0.0,False
MU,MG,PV,0.032128597419868156,False
MU,MM,PV,0.0,False
MU,MN,PV,0.0,False
MU,MN,WIND,0.0,False
MU,MR,PV,0.0,False
MU,MR,WIND,0.0,False
MU,MU,PV,0.038366741495668204,True
MU,MX,PV,0.0,False
MU,MX,WIND,0.015375608362067772,False
MU,MY,PV,0.016021699750059935,False
MU,NE,PV,0.0,False
MU,NG,PV,0.0,False
MU,NI,PV,0.0,False
MU,NL,PV,0.0,False
MU,NL,WIND,0.0,False
MU,NO,WIND,0.0,False
MU,NP,PV,0.0,False
MU,NZ,WIND,0.0,False
MU,OM,PV,0.04234900654655906,False
MU,PA,PV,0.01062904413149373,False
MU,PE,PV,0.023882437990595178,False
MU,PE,WIND,0.0014154169379523686,False
MU,PH,PV,0.014087943763452179,False
MU,PH,WIND,0.018810008891749382,False
MU,PK,PV,0.0,False
MU,PK,WIND,0.0,False
MU,PL,PV,0.0,False
MU,PL,WIND,0.006689727281572643,False
MU,PS,PV,0.0,False
MU,PT,PV,0.0,False
MU,PT,WIND,0.0069116108349578775,False
MU,PY,PV,0.005852668098141705,False
MU,PY,WIND,0.0,False
MU,RO,PV,0.0,False
MU,RO,WIND,0.0,False
MU,RU,PV,0.0,False
MU,RU,WIND,0.0,False
MU,RW,PV,0.0,False
MU,SA,PV,0.0,False
MU,SE,WIND,0.0,False
MU,SK,PV,0.0,False
MU,SN,PV,0.05318955732125336,False
MU,SR,PV,0.0,False
MU,SV,PV,0.0,False
MU,TH,PV,0.0,False
MU,TH,WIND,0.021386745217914588,False
MU,TN,WIND,0.0,False
MU,TR,PV,0.0,False
MU,TR,WIND,0.0,False
MU,TW,PV,0.0,False
MU,TW,WIND,0.0006207788685704902,False
MU,UA,PV,0.0,False
MU,UG,PV,0.0,False
MU,US,PV,0.04392141020667496,False
MU,US,WIND,0.044807792114430235,False
MU,UY,PV,0.01787312365788176,False
MU,UY,WIND,0.0,False
MU,UZ,PV,0.0,False
MU,VN,PV,0.0021008493742853684,False
MU,VN,WIND,0.0015960712465306242,False
MU,ZA,PV,0.0028955677498256308,False
MU,ZA,WIND,0.007673415561513489,False
MU,ZM,PV,0.0,False
MU,nan,PV,0.0,False
MX,AE,PV,0.0,False
MX,AF,PV,0.0,False
MX,AQ,WIND,0.0,False
MX,AR,PV,0.0,False
MX,AR,WIND,0.0,False
MX,AT,WIND,0.0,False
MX,AU,PV,0.16803050694814928,False
MX,AU,WIND,0.0,False
MX,BD,PV,0.0,False
MX,BE,PV,0.0,False
MX,BE,WIND,0.002898890041129719,False
MX,BF,PV,0.0,False
MX,BG,PV,0.0,False
MX,BG,WIND,0.0,False
MX,BH,PV,0.0,False
MX,BI,PV,0.0,False
MX,BO,PV,0.0,False
MX,BR,PV,0.00758470075841419,False
MX,BR,WIND,0.05901435097676326,False
MX,BY,PV,0.0,False
MX,CA,PV,0.00047736173746309497,False
MX,CA,WIND,0.00621594270333843,False
MX,CH,PV,0.0,False
MX,CL,PV,0.06639522148548443,False
MX,CL,WIND,0.0031531195425836033,False
MX,CN,PV,0.04601546599245433,False
MX,CN,WIND,0.028898221961246563,False
MX,CO,PV,0.0,False
MX,CR,PV,0.0,False
MX,CU,PV,0.0,False
MX,CU,WIND,0.0,False
MX,CV,PV,0.02930928769128239,False
MX,CZ,PV,0.0,False
MX,DE,PV,0.0,False
MX,DE,WIND,0.0,False
MX,DK,PV,0.0,False
MX,DK,WIND,0.0031415874275037147,False
MX,DO,PV,0.032199489363786145,False
MX,DO,WIND,0.009488330250720416,False
MX,DZ,PV,0.0,False
MX,EC,PV,0.0012580373073130388,False
MX,EE,WIND,0.0015095565656874158,False
MX,EG,PV,0.0,False
MX,EG,WIND,0.005788141391854674,False
MX,ES,PV,0.0,False
MX,ES,WIND,0.004356446390176221,False
MX,ET,WIND,0.0135589816174324,False
MX,FI,WIND,0.0,False
MX,FJ,WIND,0.0019465081822666068,False
MX,FR,PV,0.0,False
MX,FR,WIND,0.003970214306132447,False
MX,GB,PV,0.0,False
MX,GB,WIND,0.00044320824367304366,False
MX,GF,PV,0.0,False
MX,GH,PV,0.0,False
MX,GR,PV,0.0,False
MX,GR,WIND,0.001515163447094395,False
MX,GT,PV,0.0,False
MX,GT,WIND,0.0,False
MX,HN,PV,0.0,False
MX,HN,WIND,0.0025100255317164985,False
MX,HU,PV,0.0,False
MX,ID,PV,0.014733918312723977,False
MX,ID,WIND,0.0021459220063591742,False
MX,IE,WIND,0.0,False
MX,IL,PV,0.0,False
MX,IL,WIND,0.00521208861289584,False
MX,IN,PV,0.0,False
MX,IN,WIND,0.01672291846170761,False
MX,IR,PV,0.0,False
MX,IR,WIND,0.0,False
MX,IT,PV,0.0,False
MX,IT,WIND,0.0008712144697684427,False
MX,JM,PV,0.008203767238324246,False
MX,JM,WIND,0.0,False
MX,JO,PV,0.0,False
MX,JP,PV,0.060207969302139765,False
MX,JP,WIND,0.0006729956083532794,False
MX,KE,PV,0.0,False
MX,KE,WIND,0.010534924524213804,False
MX,KH,PV,0.0,False
MX,KR,PV,0.0,False
MX,KR,WIND,0.0,False
MX,KW,PV,0.0,False
MX,KZ,PV,0.0,False
MX,LC,PV,0.0,False
MX,LK,PV,0.0,False
MX,LK,WIND,0.007533558219379271,False
MX,LY,PV,0.0,False
MX,LY,WIND,0.010842212889307545,False
MX,MA,PV,0.0,False
MX,MA,WIND,0.0,False
MX,MG,PV,0.0,False
MX,MM,PV,0.0,False
MX,MN,PV,0.0,False
MX,MN,WIND,0.0,False
MX,MR,PV,0.0,False
MX,MR,WIND,0.006279791432436147,False
MX,MU,PV,0.0,False
MX,MX,PV,0.05670584586445852,True
MX,MX,WIND,0.019603329880028098,True
MX,MY,PV,0.0011989800426793944,False
MX,NE,PV,0.0,False
MX,NG,PV,0.0,False
MX,NI,PV,0.008863593928688207,False
MX,NL,PV,0.0,False
MX,NL,WIND,0.0,False
MX,NO,WIND,0.004470552014192288,False
MX,NP,PV,0.0,False
MX,NZ,WIND,0.0047065719625518495,False
MX,OM,PV,0.0,False
MX,PA,PV,0.0,False
MX,PE,PV,0.0,False
MX,PE,WIND,0.0,False
MX,PH,PV,0.007729992942738871,False
MX,PH,WIND,0.006792914201475325,False
MX,PK,PV,0.0,False
MX,PK,WIND,0.004167996365670481,False
MX,PL,PV,0.0,False
MX,PL,WIND,0.0,False
MX,PS,PV,0.0,False
MX,PT,PV,0.0,False
MX,PT,WIND,0.0,False
MX,PY,PV,0.003658196933901568,False
MX,PY,WIND,0.0,False
MX,RO,PV,0.0,False
MX,RO,WIND,0.005164295602055643,False
MX,RU,PV,0.0,False
MX,RU,WIND,0.0,False
MX,RW,PV,0.0,False
MX,SA,PV,0.0,False
MX,SE,WIND,0.0,False
MX,SK,PV,0.0,False
MX,SN,PV,0.004749082454187422,False
MX,SR,PV,0.01678558902361331,False
MX,SV,PV,0.00832211425201653,False
MX,TH,PV,0.0,False
MX,TH,WIND,0.0,False
MX,TN,WIND,0.0,False
MX,TR,PV,0.0,False
MX,TR,WIND,0.0,False
MX,TW,PV,0.0013001753582015043,False
MX,TW,WIND,0.001141541056163866,False
MX,UA,PV,0.0,False
MX,UG,PV,0.0,False
MX,US,PV,0.1430536289572231,False
MX,US,WIND,0.033510741251632135,False
MX,UY,PV,0.008971229250114449,False
MX,UY,WIND,0.006228398691718403,False
MX,UZ,PV,0.0,False
MX,VN,PV,0.006056275931305461,False
MX,VN,WIND,0.0,False
MX,ZA,PV,0.0,False
MX,ZA,WIND,0.0031789130941090316,False
MX,ZM,PV,0.0,False
MX,nan,PV,0.0,False
MY,AE,PV,0.0,False
MY,AF,PV,0.0,False
MY,AQ,WIND,0.0,False
MY,AR,PV,0.0,False
MY,AR,WIND,0.0,False
MY,AT,WIND,0.0,False
MY,AU,PV,0.0,False
MY,AU,WIND,0.0,False
MY,BD,PV,0.0,False
MY,BE,PV,0.0,False
MY,BE,WIND,0.0,False
MY,BF,PV,0.02340276326418967,False
MY,BG,PV,0.0,False
MY,BG,WIND,0.0,False
MY,BH,PV,0.0,False
MY,BI,PV,0.0,False
MY,BO,PV,0.0,False
MY,BR,PV,0.0,False
MY,BR,WIND,0.0,False
MY,BY,PV,0.01468401342467901,False
MY,CA,PV,0.0,False
MY,CA,WIND,0.008164685103414055,False
MY,CH,PV,0.0,False
MY,CL,PV,0.0,False
MY,CL,WIND,0.0,False
MY,CN,PV,0.09303093578880166,False
MY,CN,WIND,0.10666952663958705,False
MY,CO,PV,0.0,False
MY,CR,PV,0.0,False
MY,CU,PV,0.0,False
MY,CU,WIND,0.0,False
MY,CV,PV,0.019319655266037863,False
MY,CZ,PV,0.0,False
MY,DE,PV,0.0006354231903329181,False
MY,DE,WIND,0.0,False
MY,DK,PV,0.0,False
MY,DK,WIND,0.0,False
MY,DO,PV,0.0,False
MY,DO,WIND,0.05392897835587783,False
MY,DZ,PV,0.0,False
MY,EC,PV,0.0,False
MY,EE,WIND,0.0,False
MY,EG,PV,0.006152732010438542,False
MY,EG,WIND,0.0,False
MY,ES,PV,0.0,False
MY,ES,WIND,0.0407648310465133,False
MY,ET,WIND,0.0,False
MY,FI,WIND,0.0,False
MY,FJ,WIND,0.0,False
MY,FR,PV,0.0294124052088075,False
MY,FR,WIND,0.0022907179966271374,False
MY,GB,PV,0.02042449653629318,False
MY,GB,WIND,0.0,False
MY,GF,PV,0.0,False
MY,GH,PV,0.015708429718156308,False
MY,GR,PV,0.0,False
MY,GR,WIND,0.003383791899836561,False
MY,GT,PV,0.0,False
MY,GT,WIND,0.018580612774503343,False
MY,HN,PV,0.0,False
MY,HN,WIND,0.043494293599953465,False
MY,HU,PV,0.0,False
MY,ID,PV,0.0,False
MY,ID,WIND,0.009325701641538058,False
MY,IE,WIND,0.0,False
MY,IL,PV,0.0,False
MY,IL,WIND,0.003982968429818181,False
MY,IN,PV,0.0,False
MY,IN,WIND,0.011253098366792126,False
MY,IR,PV,0.0,False
MY,IR,WIND,0.0,False
MY,IT,PV,0.0,False
MY,IT,WIND,0.0,False
MY,JM,PV,0.0,False
MY,JM,WIND,0.01979192186225851,False
MY,JO,PV,0.0,False
MY,JP,PV,0.07288159455695901,False
MY,JP,WIND,0.009054742744186474,False
MY,KE,PV,0.0,False
MY,KE,WIND,0.0,False
MY,KH,PV,0.0,False
MY,KR,PV,0.005018164496538752,False
MY,KR,WIND,0.007168180461749514,False
MY,KW,PV,0.0,False
MY,KZ,PV,0.0,False
MY,LC,PV,0.0,False
MY,LK,PV,0.0,False
MY,LK,WIND,0.0,False
MY,LY,PV,0.0,False
MY,LY,WIND,0.003647941650073395,False
MY,MA,PV,0.0,False
MY,MA,WIND,0.001947415589754048,False
MY,MG,PV,0.0,False
MY,MM,PV,0.0,False
MY,MN,PV,0.0,False
MY,MN,WIND,0.0,False
MY,MR,PV,0.0,False
MY,MR,WIND,0.065150565269157,False
MY,MU,PV,0.0,False
MY,MX,PV,0.0,False
MY,MX,WIND,0.0,False
MY,MY,PV,0.0,True
MY,NE,PV,0.027467636580264826,False
MY,NG,PV,0.026643005397447385,False
MY,NI,PV,0.0,False
MY,NL,PV,0.0,False
MY,NL,WIND,0.0,False
MY,NO,WIND,0.0,False
MY,NP,PV,0.0,False
MY,NZ,WIND,0.0,False
MY,OM,PV,0.0,False
MY,PA,PV,0.0,False
MY,PE,PV,0.0,False
MY,PE,WIND,0.0,False
MY,PH,PV,0.0,False
MY,PH,WIND,0.0,False
MY,PK,PV,0.0,False
MY,PK,WIND,0.0,False
MY,PL,PV,0.0,False
MY,PL,WIND,0.0,False
MY,PS,PV,0.0,False
MY,PT,PV,0.0,False
MY,PT,WIND,0.0,False
MY,PY,PV,0.0,False
MY,PY,WIND,0.0,False
MY,RO,PV,0.0,False
MY,RO,WIND,0.0,False
MY,RU,PV,0.02965244150692873,False
MY,RU,WIND,0.0,False
MY,RW,PV,0.0,False
MY,SA,PV,0.0,False
MY,SE,WIND,0.0,False
MY,SK,PV,0.0,False
MY,SN,PV,0.05349168454728709,False
MY,SR,PV,0.0,False
MY,SV,PV,0.0,False
MY,TH,PV,0.0,False
MY,TH,WIND,0.0,False
MY,TN,WIND,0.0,False
MY,TR,PV,0.0,False
MY,TR,WIND,0.0,False
MY,TW,PV,0.0,False
MY,TW,WIND,0.0,False
MY,UA,PV,0.0,False
MY,UG,PV,0.0,False
MY,US,PV,0.0,False
MY,US,WIND,0.12051880550348765,False
MY,UY,PV,0.0,False
MY,UY,WIND,0.0,False
MY,UZ,PV,0.0,False
MY,VN,PV,0.0,False
MY,VN,WIND,0.015097377095206381,False
MY,ZA,PV,0.0,False
MY,ZA,WIND,0.01785846247650406,False
MY,ZM,PV,0.0,False
MY,nan,PV,0.0,False
NE,AE,PV,0.0,False
NE,AF,PV,0.0,False
NE,AQ,WIND,0.0,False
NE,AR,PV,0.0,False
NE,AR,WIND,0.0,False
NE,AT,WIND,0.0,False
NE,AU,PV,0.0,False
NE,AU,WIND,0.0,False
NE,BD,PV,0.0,False
NE,BE,PV,0.0,False
NE,BE,WIND,0.0,False
NE,BF,PV,0.01053163743670873,False
NE,BG,PV,0.0029807316908490892,False
NE,BG,WIND,0.0,False
NE,BH,PV,0.02193503254258871,False
NE,BI,PV,0.0,False
NE,BO,PV,0.0,False
NE,BR,PV,0.0,False
NE,BR,WIND,0.02803819665310703,False
NE,BY,PV,0.0,False
NE,CA,PV,0.0,False
NE,CA,WIND,0.002288844375512802,False
NE,CH,PV,0.0,False
NE,CL,PV,0.0,False
NE,CL,WIND,0.0,False
NE,CN,PV,0.0,False
NE,CN,WIND,0.03283179671359095,False
NE,CO,PV,0.0,False
NE,CR,PV,0.0,False
NE,CU,PV,0.0,False
NE,CU,WIND,0.0,False
NE,CV,PV,0.0,False
NE,CZ,PV,0.0,False
NE,DE,PV,0.01737172678510577,False
NE,DE,WIND,0.0,False
NE,DK,PV,0.03733483930229734,False
NE,DK,WIND,0.0,False
NE,DO,PV,0.0,False
NE,DO,WIND,0.004911218214810763,False
NE,DZ,PV,0.0,False
NE,EC,PV,0.01354333671753442,False
NE,EE,WIND,0.004538453407416023,False
NE,EG,PV,0.0,False
NE,EG,WIND,0.0,False
NE,ES,PV,0.0,False
NE,ES,WIND,0.0,False
NE,ET,WIND,0.0,False
NE,FI,WIND,0.0,False
NE,FJ,WIND,0.013780472856329771,False
NE,FR,PV,0.024088246722808765,False
NE,FR,WIND,0.0,False
NE,GB,PV,0.0025579423417480505,False
NE,GB,WIND,0.005149760609602202,False
NE,GF,PV,0.0,False
NE,GH,PV,0.0015322324836980323,False
NE,GR,PV,0.0398381046533435,False
NE,GR,WIND,0.0,False
NE,GT,PV,0.0,False
NE,GT,WIND,0.0,False
NE,HN,PV,0.0,False
NE,HN,WIND,0.0,False
NE,HU,PV,0.0,False
NE,ID,PV,0.0,False
NE,ID,WIND,0.0,False
NE,IE,WIND,0.0,False
NE,IL,PV,0.0049574049636068,False
NE,IL,WIND,0.005344535450440898,False
NE,IN,PV,0.0,False
NE,IN,WIND,0.05589503801792451,False
NE,IR,PV,0.0,False
NE,IR,WIND,0.010013953253734647,False
NE,IT,PV,0.0,False
NE,IT,WIND,0.0,False
NE,JM,PV,0.0,False
NE,JM,WIND,0.019398698631704056,False
NE,JO,PV,0.0,False
NE,JP,PV,0.0,False
NE,JP,WIND,0.0,False
NE,KE,PV,0.0,False
NE,KE,WIND,0.0,False
NE,KH,PV,0.0,False
NE,KR,PV,0.0,False
NE,KR,WIND,0.0,False
NE,KW,PV,0.0,False
NE,KZ,PV,0.0,False
NE,LC,PV,0.0,False
NE,LK,PV,0.0,False
NE,LK,WIND,0.08189645504015865,False
NE,LY,PV,0.0,False
NE,LY,WIND,0.0,False
NE,MA,PV,0.0,False
NE,MA,WIND,0.0,False
NE,MG,PV,0.0,False
NE,MM,PV,0.0,False
NE,MN,PV,0.0,False
NE,MN,WIND,0.0,False
NE,MR,PV,0.0,False
NE,MR,WIND,0.0,False
NE,MU,PV,0.0,False
NE,MX,PV,0.09828901044020641,False
NE,MX,WIND,0.0,False
NE,MY,PV,0.0,False
NE,NE,PV,0.003488588942471945,True
NE,NG,PV,0.00031970868222769093,False
NE,NI,PV,0.0,False
NE,NL,PV,0.0,False
NE,NL,WIND,0.005076360473730038,False
NE,NO,WIND,0.0,False
NE,NP,PV,0.0,False
NE,NZ,WIND,0.0,False
NE,OM,PV,0.0,False
NE,PA,PV,0.0,False
NE,PE,PV,0.0,False
NE,PE,WIND,0.01233420772745142,False
NE,PH,PV,0.0,False
NE,PH,WIND,0.0,False
NE,PK,PV,0.0,False
NE,PK,WIND,0.0,False
NE,PL,PV,0.0,False
NE,PL,WIND,0.004553191418620062,False
NE,PS,PV,0.0377083362217513,False
NE,PT,PV,0.0,False
NE,PT,WIND,0.0,False
NE,PY,PV,0.0,False
NE,PY,WIND,0.0,False
NE,RO,PV,0.0,False
NE,RO,WIND,0.010168091830135572,False
NE,RU,PV,0.0,False
NE,RU,WIND,0.0,False
NE,RW,PV,0.0,False
NE,SA,PV,0.0,False
NE,SE,WIND,0.0035971374250200134,False
NE,SK,PV,0.0,False
NE,SN,PV,0.0,False
NE,SR,PV,0.0,False
NE,SV,PV,0.0,False
NE,TH,PV,0.0,False
NE,TH,WIND,0.0,False
NE,TN,WIND,0.0,False
NE,TR,PV,0.030851045175657822,False
NE,TR,WIND,0.0,False
NE,TW,PV,0.0,False
NE,TW,WIND,0.0,False
NE,UA,PV,0.017836419069448776,False
NE,UG,PV,0.0,False
NE,US,PV,0.2669529049395601,False
NE,US,WIND,0.015193687069767065,False
NE,UY,PV,0.0,False
NE,UY,WIND,0.0,False
NE,UZ,PV,0.0,False
NE,VN,PV,0.0,False
NE,VN,WIND,0.0,False
NE,ZA,PV,0.034758057956754344,False
NE,ZA,WIND,0.01811459376257521,False
NE,ZM,PV,0.0,False
NE,nan,PV,0.0,False
NG,AE,PV,0.0,False
NG,AF,PV,0.0,False
NG,AQ,WIND,0.0,False
NG,AR,PV,0.0,False
NG,AR,WIND,0.0,False
NG,AT,WIND,0.0049144085716490305,False
NG,AU,PV,0.0,False
NG,AU,WIND,0.0,False
NG,BD,PV,0.0,False
NG,BE,PV,0.0,False
NG,BE,WIND,0.0,False
NG,BF,PV,0.0,False
NG,BG,PV,0.0,False
NG,BG,WIND,0.0,False
NG,BH,PV,0.0,False
NG,BI,PV,0.0,False
NG,BO,PV,0.0,False
NG,BR,PV,0.0,False
NG,BR,WIND,0.004143981178874887,False
NG,BY,PV,0.0,False
NG,CA,PV,0.0,False
NG,CA,WIND,0.026180985482642673,False
NG,CH,PV,0.0,False
NG,CL,PV,0.1787530154234356,False
NG,CL,WIND,0.0,False
NG,CN,PV,0.0,False
NG,CN,WIND,0.05413346756115371,False
NG,CO,PV,0.0,False
NG,CR,PV,0.0,False
NG,CU,PV,0.0,False
NG,CU,WIND,0.0033749335382133325,False
NG,CV,PV,0.0,False
NG,CZ,PV,0.0,False
NG,DE,PV,0.0,False
NG,DE,WIND,0.01093997833452021,False
NG,DK,PV,0.0,False
NG,DK,WIND,0.0,False
NG,DO,PV,0.0,False
NG,DO,WIND,0.01740333560861732,False
NG,DZ,PV,0.0,False
NG,EC,PV,0.0,False
NG,EE,WIND,0.009723860912408169,False
NG,EG,PV,0.08744161269412254,False
NG,EG,WIND,0.0,False
NG,ES,PV,0.0,False
NG,ES,WIND,0.0005488305213777028,False
NG,ET,WIND,0.004331511470859548,False
NG,FI,WIND,0.0,False
NG,FJ,WIND,0.0,False
NG,FR,PV,0.0,False
NG,FR,WIND,0.015418121932529033,False
NG,GB,PV,0.004573702846191383,False
NG,GB,WIND,0.005073250139896066,False
NG,GF,PV,0.0,False
NG,GH,PV,0.029579368618721433,False
NG,GR,PV,0.0,False
NG,GR,WIND,0.0,False
NG,GT,PV,0.026418391439218838,False
NG,GT,WIND,0.0,False
NG,HN,PV,0.0,False
NG,HN,WIND,0.010360648881633443,False
NG,HU,PV,0.0,False
NG,ID,PV,0.0,False
NG,ID,WIND,0.0,False
NG,IE,WIND,0.002119587662120427,False
NG,IL,PV,0.0,False
NG,IL,WIND,0.0,False
NG,IN,PV,0.014632218561010194,False
NG,IN,WIND,0.0,False
NG,IR,PV,0.0,False
NG,IR,WIND,0.0,False
NG,IT,PV,0.0,False
NG,IT,WIND,0.0009423056669710258,False
NG,JM,PV,0.0,False
NG,JM,WIND,0.0,False
NG,JO,PV,0.0017442904236793341,False
NG,JP,PV,0.0,False
NG,JP,WIND,0.0022931597883687187,False
NG,KE,PV,0.052537965086312206,False
NG,KE,WIND,0.0,False
NG,KH,PV,0.0,False
NG,KR,PV,0.0,False
NG,KR,WIND,0.007993911174559476,False
NG,KW,PV,0.0,False
NG,KZ,PV,0.0,False
NG,LC,PV,0.0,False
NG,LK,PV,0.0,False
NG,LK,WIND,0.0,False
NG,LY,PV,0.0,False
NG,LY,WIND,0.0,False
NG,MA,PV,0.0,False
NG,MA,WIND,0.0,False
NG,MG,PV,0.0030034070976667476,False
NG,MM,PV,0.0,False
NG,MN,PV,0.0,False
NG,MN,WIND,0.0,False
NG,MR,PV,0.0,False
NG,MR,WIND,0.0,False
NG,MU,PV,0.04111484962233327,False
NG,MX,PV,0.11787056929576677,False
NG,MX,WIND,0.0009475370940216149,False
NG,MY,PV,0.0,False
NG,NE,PV,0.0,False
NG,NG,PV,0.0,True
NG,NI,PV,0.0,False
NG,NL,PV,0.0,False
NG,NL,WIND,0.0,False
NG,NO,WIND,0.009176938969884491,False
NG,NP,PV,0.0,False
NG,NZ,WIND,0.0,False
NG,OM,PV,0.017810238750385225,False
NG,PA,PV,0.010419070694173645,False
NG,PE,PV,0.0,False
NG,PE,WIND,0.0,False
NG,PH,PV,0.0,False
NG,PH,WIND,0.028162940069740662,False
NG,PK,PV,0.0,False
NG,PK,WIND,0.0,False
NG,PL,PV,0.0,False
NG,PL,WIND,0.0008706049743527985,False
NG,PS,PV,0.0,False
NG,PT,PV,0.0,False
NG,PT,WIND,0.0017753937833838497,False
NG,PY,PV,0.0,False
NG,PY,WIND,0.0,False
NG,RO,PV,0.0,False
NG,RO,WIND,0.01072333219660112,False
NG,RU,PV,0.0,False
NG,RU,WIND,0.0,False
NG,RW,PV,0.0,False
NG,SA,PV,0.0,False
NG,SE,WIND,0.0,False
NG,SK,PV,0.0,False
NG,SN,PV,0.0,False
NG,SR,PV,0.0,False
NG,SV,PV,0.003388794436197688,False
NG,TH,PV,0.0,False
NG,TH,WIND,0.002915394427098842,False
NG,TN,WIND,0.0,False
NG,TR,PV,0.0,False
NG,TR,WIND,0.0,False
NG,TW,PV,0.0,False
NG,TW,WIND,0.0,False
NG,UA,PV,0.0,False
NG,UG,PV,0.0006108512586106954,False
NG,US,PV,0.024457061836881885,False
NG,US,WIND,0.08529957442108199,False
NG,UY,PV,0.0,False
NG,UY,WIND,0.0,False
NG,UZ,PV,0.0,False
NG,VN,PV,0.0,False
NG,VN,WIND,0.0,False
NG,ZA,PV,0.06360394120305261,False
NG,ZA,WIND,0.00227265634967854,False
NG,ZM,PV,0.0,False
NG,nan,PV,0.0,False
NI,AE,PV,0.0,False
NI,AF,PV,0.0,False
NI,AQ,WIND,0.0,False
NI,AR,PV,0.0,False
NI,AR,WIND,0.0,False
NI,AT,WIND,0.0,False
NI,AU,PV,0.1909153278581637,False
NI,AU,WIND,0.0027707784455674985,False
NI,BD,PV,0.0,False
NI,BE,PV,0.0,False
NI,BE,WIND,0.0,False
NI,BF,PV,0.0,False
NI,BG,PV,0.0,False
NI,BG,WIND,0.0,False
NI,BH,PV,0.0,False
NI,BI,PV,0.0,False
NI,BO,PV,0.0,False
NI,BR,PV,0.0,False
NI,BR,WIND,0.0026274593615542323,False
NI,BY,PV,0.0,False
NI,CA,PV,0.0,False
NI,CA,WIND,0.02618213943207303,False
NI,CH,PV,0.0,False
NI,CL,PV,0.11674040066385935,False
NI,CL,WIND,0.0,False
NI,CN,PV,0.018888267637324624,False
NI,CN,WIND,0.056476356685840286,False
NI,CO,PV,0.0,False
NI,CR,PV,0.003671389907413832,False
NI,CU,PV,0.0,False
NI,CU,WIND,0.0,False
NI,CV,PV,0.04934373080817127,False
NI,CZ,PV,0.0,False
NI,DE,PV,0.0,False
NI,DE,WIND,0.0,False
NI,DK,PV,0.0,False
NI,DK,WIND,0.0,False
NI,DO,PV,0.0,False
NI,DO,WIND,0.008887949328418451,False
NI,DZ,PV,0.0,False
NI,EC,PV,0.0,False
NI,EE,WIND,0.0,False
NI,EG,PV,0.0,False
NI,EG,WIND,0.0,False
NI,ES,PV,0.0,False
NI,ES,WIND,0.010724911401776106,False
NI,ET,WIND,0.0,False
NI,FI,WIND,0.0,False
NI,FJ,WIND,0.001624211125318503,False
NI,FR,PV,0.0,False
NI,FR,WIND,0.010180790901057193,False
NI,GB,PV,0.0,False
NI,GB,WIND,0.00039058629383047384,False
NI,GF,PV,0.0,False
NI,GH,PV,0.0,False
NI,GR,PV,0.0,False
NI,GR,WIND,0.0,False
NI,GT,PV,0.0,False
NI,GT,WIND,0.0,False
NI,HN,PV,0.0,False
NI,HN,WIND,0.0,False
NI,HU,PV,0.0,False
NI,ID,PV,0.0,False
NI,ID,WIND,0.0,False
NI,IE,WIND,0.0,False
NI,IL,PV,0.0,False
NI,IL,WIND,0.004766664874889656,False
NI,IN,PV,0.0,False
NI,IN,WIND,0.0,False
NI,IR,PV,0.0,False
NI,IR,WIND,0.0,False
NI,IT,PV,0.0,False
NI,IT,WIND,0.0,False
NI,JM,PV,0.0,False
NI,JM,WIND,0.0,False
NI,JO,PV,0.0,False
NI,JP,PV,0.05482521507799471,False
NI,JP,WIND,0.001133167881055114,False
NI,KE,PV,0.0,False
NI,KE,WIND,0.009005058082093917,False
NI,KH,PV,0.0,False
NI,KR,PV,0.001209008137367115,False
NI,KR,WIND,0.0,False
NI,KW,PV,0.0,False
NI,KZ,PV,0.0,False
NI,LC,PV,0.0,False
NI,LK,PV,0.0,False
NI,LK,WIND,0.0,False
NI,LY,PV,0.0,False
NI,LY,WIND,0.0,False
NI,MA,PV,0.0,False
NI,MA,WIND,0.008588141258246725,False
NI,MG,PV,0.0,False
NI,MM,PV,0.0,False
NI,MN,PV,0.0,False
NI,MN,WIND,0.0,False
NI,MR,PV,0.0,False
NI,MR,WIND,0.028847441203931602,False
NI,MU,PV,0.0,False
NI,MX,PV,0.07812580917944076,False
NI,MX,WIND,0.0,False
NI,MY,PV,0.0,False
NI,NE,PV,0.0,False
NI,NG,PV,0.0,False
NI,NI,PV,0.0,True
NI,NL,PV,0.0,False
NI,NL,WIND,0.0,False
NI,NO,WIND,0.0,False
NI,NP,PV,0.0,False
NI,NZ,WIND,0.004626648912361626,False
NI,OM,PV,0.0,False
NI,PA,PV,0.0,False
NI,PE,PV,0.0,False
NI,PE,WIND,0.0,False
NI,PH,PV,0.0,False
NI,PH,WIND,0.007099023396969497,False
NI,PK,PV,0.0,False
NI,PK,WIND,0.002939581326648842,False
NI,PL,PV,0.0,False
NI,PL,WIND,0.00044985884601715285,False
NI,PS,PV,0.0,False
NI,PT,PV,0.0,False
NI,PT,WIND,0.0,False
NI,PY,PV,0.009966078486292232,False
NI,PY,WIND,0.0,False
NI,RO,PV,0.0,False
NI,RO,WIND,0.0,False
NI,RU,PV,0.0,False
NI,RU,WIND,0.0,False
NI,RW,PV,0.0,False
NI,SA,PV,0.0,False
NI,SE,WIND,0.0,False
NI,SK,PV,0.0,False
NI,SN,PV,0.027056693475094776,False
NI,SR,PV,0.004170590479078387,False
NI,SV,PV,0.0,False
NI,TH,PV,0.0,False
NI,TH,WIND,0.0062080787833657565,False
NI,TN,WIND,0.0,False
NI,TR,PV,0.0,False
NI,TR,WIND,0.0,False
NI,TW,PV,0.0,False
NI,TW,WIND,0.0,False
NI,UA,PV,0.0,False
NI,UG,PV,0.0,False
NI,US,PV,0.17675635409001722,False
NI,US,WIND,0.0632381407310044,False
NI,UY,PV,0.0032555247881335234,False
NI,UY,WIND,0.0,False
NI,UZ,PV,0.0,False
NI,VN,PV,0.0,False
NI,VN,WIND,0.0,False
NI,ZA,PV,0.0,False
NI,ZA,WIND,0.008308621139628679,False
NI,ZM,PV,0.0,False
NI,nan,PV,0.0,False
NL,AE,PV,0.0,False
NL,AF,PV,0.0,False
NL,AQ,WIND,0.0,False
NL,AR,PV,0.024406630835663995,False
NL,AR,WIND,0.0,False
NL,AT,WIND,0.00581900634202303,False
NL,AU,PV,0.0,False
NL,AU,WIND,0.010204986917247846,False
NL,BD,PV,0.0,False
NL,BE,PV,0.0,False
NL,BE,WIND,0.0,False
NL,BF,PV,0.0,False
NL,BG,PV,0.0,False
NL,BG,WIND,0.0,False
NL,BH,PV,0.0,False
NL,BI,PV,0.0,False
NL,BO,PV,0.0,False
NL,BR,PV,0.0,False
NL,BR,WIND,0.020596835845308945,False
NL,BY,PV,0.0,False
NL,CA,PV,0.00023532650122786857,False
NL,CA,WIND,0.02159025218785596,False
NL,CH,PV,0.0,False
NL,CL,PV,0.13614327672262969,False
NL,CL,WIND,0.0,False
NL,CN,PV,0.0,False
NL,CN,WIND,0.07738458928933344,False
NL,CO,PV,0.0,False
NL,CR,PV,0.0,False
NL,CU,PV,0.0,False
NL,CU,WIND,0.004602276156832587,False
NL,CV,PV,0.0,False
NL,CZ,PV,0.0,False
NL,DE,PV,0.0,False
NL,DE,WIND,0.021839143149105088,False
NL,DK,PV,0.0,False
NL,DK,WIND,0.0,False
NL,DO,PV,0.0,False
NL,DO,WIND,0.004374348141821609,False
NL,DZ,PV,0.0,False
NL,EC,PV,0.0,False
NL,EE,WIND,0.0,False
NL,EG,PV,0.07695842108409337,False
NL,EG,WIND,0.0,False
NL,ES,PV,0.0,False
NL,ES,WIND,0.01471997286092605,False
NL,ET,WIND,0.0,False
NL,FI,WIND,0.0,False
NL,FJ,WIND,0.004562860061637214,False
NL,FR,PV,0.0,False
NL,FR,WIND,0.02295038838481497,False
NL,GB,PV,0.0,False
NL,GB,WIND,0.0,False
NL,GF,PV,0.0,False
NL,GH,PV,0.017328063656321887,False
NL,GR,PV,0.0,False
NL,GR,WIND,0.0,False
NL,GT,PV,0.0,False
NL,GT,WIND,0.0,False
NL,HN,PV,0.0,False
NL,HN,WIND,0.0,False
NL,HU,PV,0.0,False
NL,ID,PV,0.0,False
NL,ID,WIND,0.0,False
NL,IE,WIND,0.0,False
NL,IL,PV,0.0,False
NL,IL,WIND,0.0,False
NL,IN,PV,0.025413277957529953,False
NL,IN,WIND,0.0,False
NL,IR,PV,0.0,False
NL,IR,WIND,0.0,False
NL,IT,PV,0.0,False
NL,IT,WIND,0.001254246558951905,False
NL,JM,PV,0.0,False
NL,JM,WIND,0.010775761100743946,False
NL,JO,PV,0.026846662606779422,False
NL,JP,PV,0.0,False
NL,JP,WIND,0.0016525307844246992,False
NL,KE,PV,0.045467045632178925,False
NL,KE,WIND,0.030690496067067106,False
NL,KH,PV,0.0,False
NL,KR,PV,0.0,False
NL,KR,WIND,0.0,False
NL,KW,PV,0.013816687521668293,False
NL,KZ,PV,0.0,False
NL,LC,PV,0.0,False
NL,LK,PV,0.0,False
NL,LK,WIND,0.0,False
NL,LY,PV,0.0,False
NL,LY,WIND,0.0,False
NL,MA,PV,0.0,False
NL,MA,WIND,0.0,False
NL,MG,PV,0.0,False
NL,MM,PV,0.0,False
NL,MN,PV,0.0,False
NL,MN,WIND,0.0,False
NL,MR,PV,0.0,False
NL,MR,WIND,0.012963528824963235,False
NL,MU,PV,0.0,False
NL,MX,PV,0.07198702154220417,False
NL,MX,WIND,0.0,False
NL,MY,PV,0.0,False
NL,NE,PV,0.040302752366601996,False
NL,NG,PV,0.0,False
NL,NI,PV,0.0,False
NL,NL,PV,0.0,True
NL,NL,WIND,0.0,True
NL,NO,WIND,0.0,False
NL,NP,PV,0.0,False
NL,NZ,WIND,0.011421884426418576,False
NL,OM,PV,0.04261036989544842,False
NL,PA,PV,0.0,False
NL,PE,PV,0.0,False
NL,PE,WIND,0.0,False
NL,PH,PV,0.0,False
NL,PH,WIND,0.014677539689708866,False
NL,PK,PV,0.0,False
NL,PK,WIND,0.0,False
NL,PL,PV,0.0,False
NL,PL,WIND,0.0,False
NL,PS,PV,0.0,False
NL,PT,PV,0.0,False
NL,PT,WIND,0.000777943051829722,False
NL,PY,PV,0.0,False
NL,PY,WIND,0.0,False
NL,RO,PV,0.0,False
NL,RO,WIND,0.0,False
NL,RU,PV,0.010520877810141528,False
NL,RU,WIND,0.0,False
NL,RW,PV,0.0,False
NL,SA,PV,0.02006185862427711,False
NL,SE,WIND,0.0,False
NL,SK,PV,0.0,False
NL,SN,PV,0.0,False
NL,SR,PV,0.0,False
NL,SV,PV,0.0,False
NL,TH,PV,0.0,False
NL,TH,WIND,0.0,False
NL,TN,WIND,0.0,False
NL,TR,PV,0.0,False
NL,TR,WIND,0.0,False
NL,TW,PV,0.0,False
NL,TW,WIND,0.0008575127804181508,False
NL,UA,PV,0.0,False
NL,UG,PV,0.01153570440293265,False
NL,US,PV,0.08719872440294259,False
NL,US,WIND,0.04039747127047206,False
NL,UY,PV,0.009808590680088502,False
NL,UY,WIND,0.0,False
NL,UZ,PV,0.0,False
NL,VN,PV,0.0,False
NL,VN,WIND,0.0,False
NL,ZA,PV,0.0,False
NL,ZA,WIND,0.0052451338653638204,False
NL,ZM,PV,0.0,False
NL,nan,PV,0.0,False
NO,AE,PV,0.0,False
NO,AF,PV,0.0,False
NO,AQ,WIND,0.0,False
NO,AR,PV,0.0,False
NO,AR,WIND,0.0,False
NO,AT,WIND,0.0,False
NO,AU,PV,0.0,False
NO,AU,WIND,0.0,False
NO,BD,PV,0.0,False
NO,BE,PV,0.0,False
NO,BE,WIND,0.0,False
NO,BF,PV,0.0,False
NO,BG,PV,0.0,False
NO,BG,WIND,0.0,False
NO,BH,PV,0.0,False
NO,BI,PV,0.0,False
NO,BO,PV,0.0,False
NO,BR,PV,0.0,False
NO,BR,WIND,0.013604640137080763,False
NO,BY,PV,0.0,False
NO,CA,PV,0.00663639798500055,False
NO,CA,WIND,0.016623796477904327,False
NO,CH,PV,0.0,False
NO,CL,PV,0.16571400148211837,False
NO,CL,WIND,0.0,False
NO,CN,PV,0.0,False
NO,CN,WIND,0.052534493763095394,False
NO,CO,PV,0.0,False
NO,CR,PV,0.0,False
NO,CU,PV,0.0,False
NO,CU,WIND,0.0,False
NO,CV,PV,0.0,False
NO,CZ,PV,0.0,False
NO,DE,PV,0.0,False
NO,DE,WIND,0.03303151874672697,False
NO,DK,PV,0.0,False
NO,DK,WIND,0.0,False
NO,DO,PV,0.0,False
NO,DO,WIND,0.002164202075037881,False
NO,DZ,PV,0.0,False
NO,EC,PV,0.0,False
NO,EE,WIND,0.0,False
NO,EG,PV,0.08395513910130016,False
NO,EG,WIND,0.0,False
NO,ES,PV,0.0,False
NO,ES,WIND,0.006994582821969344,False
NO,ET,WIND,0.0,False
NO,FI,WIND,0.0,False
NO,FJ,WIND,0.009526279400509114,False
NO,FR,PV,0.0,False
NO,FR,WIND,0.013788453574516977,False
NO,GB,PV,0.0,False
NO,GB,WIND,0.007516953132113913,False
NO,GF,PV,0.0,False
NO,GH,PV,0.0015472837121383199,False
NO,GR,PV,0.0,False
NO,GR,WIND,0.0,False
NO,GT,PV,0.0,False
NO,GT,WIND,0.0,False
NO,HN,PV,0.0,False
NO,HN,WIND,0.0,False
NO,HU,PV,0.0,False
NO,ID,PV,0.0,False
NO,ID,WIND,0.0,False
NO,IE,WIND,0.0,False
NO,IL,PV,0.0,False
NO,IL,WIND,0.0,False
NO,IN,PV,0.0197973881933271,False
NO,IN,WIND,0.0024507566305474824,False
NO,IR,PV,0.0,False
NO,IR,WIND,0.0,False
NO,IT,PV,0.0,False
NO,IT,WIND,0.0013825624098320944,False
NO,JM,PV,0.0,False
NO,JM,WIND,0.013657022958794991,False
NO,JO,PV,0.009836591265195822,False
NO,JP,PV,0.0,False
NO,JP,WIND,0.004963162831474529,False
NO,KE,PV,0.054269556742955034,False
NO,KE,WIND,0.009197302813019346,False
NO,KH,PV,0.0,False
NO,KR,PV,0.0,False
NO,KR,WIND,0.0006150397514166247,False
NO,KW,PV,0.007121460985986552,False
NO,KZ,PV,0.0,False
NO,LC,PV,0.0,False
NO,LK,PV,0.0,False
NO,LK,WIND,0.0,False
NO,LY,PV,0.0,False
NO,LY,WIND,0.0,False
NO,MA,PV,0.0,False
NO,MA,WIND,0.003015374412573394,False
NO,MG,PV,0.0,False
NO,MM,PV,0.0,False
NO,MN,PV,0.0,False
NO,MN,WIND,0.0,False
NO,MR,PV,0.0,False
NO,MR,WIND,0.0117692841850913,False
NO,MU,PV,0.0,False
NO,MX,PV,0.06714506173008662,False
NO,MX,WIND,0.0,False
NO,MY,PV,0.0,False
NO,NE,PV,0.019799815943417898,False
NO,NG,PV,0.0,False
NO,NI,PV,0.0,False
NO,NL,PV,0.0,False
NO,NL,WIND,0.0,False
NO,NO,WIND,0.0,True
NO,NP,PV,0.0,False
NO,NZ,WIND,0.0016874996865800572,False
NO,OM,PV,0.03713426105239712,False
NO,PA,PV,0.0,False
NO,PE,PV,0.0,False
NO,PE,WIND,0.0,False
NO,PH,PV,0.0,False
NO,PH,WIND,0.048000863395793396,False
NO,PK,PV,0.0,False
NO,PK,WIND,0.0,False
NO,PL,PV,0.0,False
NO,PL,WIND,0.008570804607548329,False
NO,PS,PV,0.0,False
NO,PT,PV,0.0,False
NO,PT,WIND,0.006908483323961791,False
NO,PY,PV,0.0026523332102179435,False
NO,PY,WIND,0.0,False
NO,RO,PV,0.0,False
NO,RO,WIND,0.0,False
NO,RU,PV,0.029713314711907083,False
NO,RU,WIND,0.0,False
NO,RW,PV,0.0,False
NO,SA,PV,0.034641631932561937,False
NO,SE,WIND,0.0,False
NO,SK,PV,0.0,False
NO,SN,PV,0.01793664720272086,False
NO,SR,PV,0.0,False
NO,SV,PV,0.0,False
NO,TH,PV,0.0,False
NO,TH,WIND,0.0,False
NO,TN,WIND,0.0,False
NO,TR,PV,0.0,False
NO,TR,WIND,0.0,False
NO,TW,PV,0.0,False
NO,TW,WIND,0.0,False
NO,UA,PV,0.0,False
NO,UG,PV,0.0,False
NO,US,PV,0.12025042392845277,False
NO,US,WIND,0.04365730695572928,False
NO,UY,PV,0.0,False
NO,UY,WIND,0.0,False
NO,UZ,PV,0.0,False
NO,VN,PV,0.0,False
NO,VN,WIND,0.0,False
NO,ZA,PV,0.007488791141679203,False
NO,ZA,WIND,0.002699515587217321,False
NO,ZM,PV,0.0,False
NO,nan,PV,0.0,False
NP,AE,PV,0.0,False
NP,AF,PV,0.0,False
NP,AQ,WIND,0.0,False
NP,AR,PV,0.0,False
NP,AR,WIND,0.0,False
NP,AT,WIND,0.0,False
NP,AU,PV,0.030791783932276006,False
NP,AU,WIND,0.013218342371915263,False
NP,BD,PV,0.0,False
NP,BE,PV,0.0,False
NP,BE,WIND,0.0,False
NP,BF,PV,0.03435845206860485,False
NP,BG,PV,0.0,False
NP,BG,WIND,0.0,False
NP,BH,PV,0.0,False
NP,BI,PV,0.0,False
NP,BO,PV,0.0,False
NP,BR,PV,0.08925256220989745,False
NP,BR,WIND,0.0,False
NP,BY,PV,0.0,False
NP,CA,PV,0.0,False
NP,CA,WIND,0.02299307634975111,False
NP,CH,PV,0.0,False
NP,CL,PV,0.0,False
NP,CL,WIND,0.0,False
NP,CN,PV,0.09870682213535617,False
NP,CN,WIND,0.026447444508711497,False
NP,CO,PV,0.0,False
NP,CR,PV,0.0,False
NP,CU,PV,0.0,False
NP,CU,WIND,0.0,False
NP,CV,PV,0.09375272245285753,False
NP,CZ,PV,0.0,False
NP,DE,PV,0.0,False
NP,DE,WIND,0.0,False
NP,DK,PV,0.0,False
NP,DK,WIND,0.0,False
NP,DO,PV,0.0058630795175976125,False
NP,DO,WIND,0.016140982626823248,False
NP,DZ,PV,0.0,False
NP,EC,PV,0.0,False
NP,EE,WIND,0.0,False
NP,EG,PV,0.0,False
NP,EG,WIND,0.0,False
NP,ES,PV,0.0,False
NP,ES,WIND,0.016955066080711536,False
NP,ET,WIND,0.0,False
NP,FI,WIND,0.0,False
NP,FJ,WIND,0.011479394199494867,False
NP,FR,PV,0.0,False
NP,FR,WIND,0.010886154373900628,False
NP,GB,PV,0.0,False
NP,GB,WIND,0.0,False
NP,GF,PV,0.0,False
NP,GH,PV,0.03189335100818045,False
NP,GR,PV,0.0,False
NP,GR,WIND,0.0,False
NP,GT,PV,0.0,False
NP,GT,WIND,0.0,False
NP,HN,PV,0.0,False
NP,HN,WIND,0.035793290792292425,False
NP,HU,PV,0.0,False
NP,ID,PV,0.03137377688951534,False
NP,ID,WIND,0.007368586576085417,False
NP,IE,WIND,0.0,False
NP,IL,PV,0.0,False
NP,IL,WIND,0.0,False
NP,IN,PV,0.07097506999066604,False
NP,IN,WIND,0.0,False
NP,IR,PV,0.0,False
NP,IR,WIND,0.0,False
NP,IT,PV,0.0,False
NP,IT,WIND,0.0,False
NP,JM,PV,0.0,False
NP,JM,WIND,0.0,False
NP,JO,PV,0.0,False
NP,JP,PV,0.026248814923876637,False
NP,JP,WIND,0.0,False
NP,KE,PV,0.0,False
NP,KE,WIND,0.03651591392915478,False
NP,KH,PV,0.0,False
NP,KR,PV,0.0,False
NP,KR,WIND,0.0002735944826485887,False
NP,KW,PV,0.0,False
NP,KZ,PV,0.0,False
NP,LC,PV,0.002486345038615544,False
NP,LK,PV,0.0,False
NP,LK,WIND,0.0,False
NP,LY,PV,0.0,False
NP,LY,WIND,0.0,False
NP,MA,PV,0.01823824675050148,False
NP,MA,WIND,0.0,False
NP,MG,PV,0.012983896524743384,False
NP,MM,PV,0.0,False
NP,MN,PV,0.0,False
NP,MN,WIND,0.0,False
NP,MR,PV,0.0,False
NP,MR,WIND,0.0,False
NP,MU,PV,0.009597083647168382,False
NP,MX,PV,0.0,False
NP,MX,WIND,0.0,False
NP,MY,PV,0.04350623806938408,False
NP,NE,PV,0.0,False
NP,NG,PV,0.0,False
NP,NI,PV,0.0,False
NP,NL,PV,0.0,False
NP,NL,WIND,0.0,False
NP,NO,WIND,0.0,False
NP,NP,PV,0.0,True
NP,NZ,WIND,0.0,False
NP,OM,PV,0.0,False
NP,PA,PV,0.0,False
NP,PE,PV,0.0,False
NP,PE,WIND,0.0,False
NP,PH,PV,0.03146392468138209,False
NP,PH,WIND,0.0025145405680307084,False
NP,PK,PV,0.0,False
NP,PK,WIND,0.0,False
NP,PL,PV,0.0,False
NP,PL,WIND,0.0,False
NP,PS,PV,0.0,False
NP,PT,PV,0.0,False
NP,PT,WIND,0.0,False
NP,PY,PV,0.029866116173637346,False
NP,PY,WIND,0.0,False
NP,RO,PV,0.0,False
NP,RO,WIND,0.0,False
NP,RU,PV,0.0,False
NP,RU,WIND,0.0,False
NP,RW,PV,0.0,False
NP,SA,PV,0.0,False
NP,SE,WIND,0.0,False
NP,SK,PV,0.0,False
NP,SN,PV,0.018731191131274826,False
NP,SR,PV,0.023897825240952762,False
NP,SV,PV,0.0,False
NP,TH,PV,0.0,False
NP,TH,WIND,0.023204814349585674,False
NP,TN,WIND,0.0,False
NP,TR,PV,0.0,False
NP,TR,WIND,0.0,False
NP,TW,PV,0.0,False
NP,TW,WIND,0.0,False
NP,UA,PV,0.0,False
NP,UG,PV,0.0016377799387452747,False
NP,US,PV,0.0,False
NP,US,WIND,0.027713657655731146,False
NP,UY,PV,0.0034108335631478385,False
NP,UY,WIND,0.0,False
NP,UZ,PV,0.0,False
NP,VN,PV,0.0,False
NP,VN,WIND,0.0,False
NP,ZA,PV,0.0,False
NP,ZA,WIND,0.010369915866710964,False
NP,ZM,PV,0.0,False
NP,nan,PV,0.029089309380069935,False
NZ,AE,PV,0.019218519745385028,False
NZ,AF,PV,0.0047084469430149455,False
NZ,AQ,WIND,0.0,False
NZ,AR,PV,0.0,False
NZ,AR,WIND,0.0,False
NZ,AT,WIND,0.0007061312750812403,False
NZ,AU,PV,0.15039251370810555,False
NZ,AU,WIND,0.0,False
NZ,BD,PV,0.0,False
NZ,BE,PV,0.0,False
NZ,BE,WIND,0.0,False
NZ,BF,PV,0.0,False
NZ,BG,PV,0.0,False
NZ,BG,WIND,0.0037820546285976388,False
NZ,BH,PV,0.0,False
NZ,BI,PV,0.0,False
NZ,BO,PV,0.0,False
NZ,BR,PV,0.0,False
NZ,BR,WIND,0.03975263048515165,False
NZ,BY,PV,0.0,False
NZ,CA,PV,0.0,False
NZ,CA,WIND,0.02041052303038242,False
NZ,CH,PV,0.0,False
NZ,CL,PV,0.0,False
NZ,CL,WIND,0.006426999741278917,False
NZ,CN,PV,0.0644879059344819,False
NZ,CN,WIND,0.01240032515643184,False
NZ,CO,PV,0.0,False
NZ,CR,PV,0.0,False
NZ,CU,PV,0.0,False
NZ,CU,WIND,0.0,False
NZ,CV,PV,0.0,False
NZ,CZ,PV,0.0,False
NZ,DE,PV,0.0,False
NZ,DE,WIND,0.0,False
NZ,DK,PV,0.0,False
NZ,DK,WIND,0.0,False
NZ,DO,PV,0.0,False
NZ,DO,WIND,0.0,False
NZ,DZ,PV,0.0,False
NZ,EC,PV,0.0,False
NZ,EE,WIND,0.0,False
NZ,EG,PV,0.0,False
NZ,EG,WIND,0.0,False
NZ,ES,PV,0.0,False
NZ,ES,WIND,0.0033929936446242498,False
NZ,ET,WIND,0.0018263031482908386,False
NZ,FI,WIND,0.0,False
NZ,FJ,WIND,0.0,False
NZ,FR,PV,0.0,False
NZ,FR,WIND,0.018704766991635095,False
NZ,GB,PV,0.0,False
NZ,GB,WIND,0.04183996205141561,False
NZ,GF,PV,0.0,False
NZ,GH,PV,0.0,False
NZ,GR,PV,0.0,False
NZ,GR,WIND,0.0,False
NZ,GT,PV,0.0,False
NZ,GT,WIND,0.0,False
NZ,HN,PV,0.0,False
NZ,HN,WIND,0.0,False
NZ,HU,PV,0.0,False
NZ,ID,PV,0.0,False
NZ,ID,WIND,0.0,False
NZ,IE,WIND,0.0,False
NZ,IL,PV,0.0,False
NZ,IL,WIND,0.0,False
NZ,IN,PV,0.11583172098078479,False
NZ,IN,WIND,0.0,False
NZ,IR,PV,0.0,False
NZ,IR,WIND,0.0,False
NZ,IT,PV,0.0,False
NZ,IT,WIND,0.0,False
NZ,JM,PV,0.0,False
NZ,JM,WIND,0.0,False
NZ,JO,PV,0.0,False
NZ,JP,PV,0.0,False
NZ,JP,WIND,0.00025370279769050986,False
NZ,KE,PV,0.0,False
NZ,KE,WIND,0.02838212435011508,False
NZ,KH,PV,0.0,False
NZ,KR,PV,0.0,False
NZ,KR,WIND,0.0,False
NZ,KW,PV,0.026092651777380724,False
NZ,KZ,PV,0.0,False
NZ,LC,PV,0.0,False
NZ,LK,PV,0.0,False
NZ,LK,WIND,0.0,False
NZ,LY,PV,0.0,False
NZ,LY,WIND,0.0,False
NZ,MA,PV,0.0,False
NZ,MA,WIND,0.0,False
NZ,MG,PV,0.02014218800746772,False
NZ,MM,PV,0.0,False
NZ,MN,PV,0.0,False
NZ,MN,WIND,0.0,False
NZ,MR,PV,0.0,False
NZ,MR,WIND,0.008861210134954615,False
NZ,MU,PV,0.0,False
NZ,MX,PV,0.06837514382133152,False
NZ,MX,WIND,0.017454352752287357,False
NZ,MY,PV,0.0,False
NZ,NE,PV,0.0,False
NZ,NG,PV,0.0,False
NZ,NI,PV,0.0,False
NZ,NL,PV,0.0,False
NZ,NL,WIND,0.0,False
NZ,NO,WIND,0.0,False
NZ,NP,PV,0.0,False
NZ,NZ,WIND,0.00683797890215235,True
NZ,OM,PV,0.0,False
NZ,PA,PV,0.0,False
NZ,PE,PV,0.0,False
NZ,PE,WIND,0.0,False
NZ,PH,PV,0.0,False
NZ,PH,WIND,0.021755940447037297,False
NZ,PK,PV,0.0,False
NZ,PK,WIND,0.0,False
NZ,PL,PV,0.0,False
NZ,PL,WIND,0.014169846453183588,False
NZ,PS,PV,0.0,False
NZ,PT,PV,0.0,False
NZ,PT,WIND,0.007792163335637295,False
NZ,PY,PV,0.0,False
NZ,PY,WIND,0.0,False
NZ,RO,PV,0.0,False
NZ,RO,WIND,0.0,False
NZ,RU,PV,0.0,False
NZ,RU,WIND,0.0,False
NZ,RW,PV,0.0,False
NZ,SA,PV,0.0,False
NZ,SE,WIND,0.0,False
NZ,SK,PV,0.0,False
NZ,SN,PV,0.0,False
NZ,SR,PV,0.0,False
NZ,SV,PV,0.0,False
NZ,TH,PV,0.0,False
NZ,TH,WIND,0.0,False
NZ,TN,WIND,0.0,False
NZ,TR,PV,0.0,False
NZ,TR,WIND,0.0,False
NZ,TW,PV,0.0,False
NZ,TW,WIND,0.0,False
NZ,UA,PV,0.0,False
NZ,UG,PV,0.0,False
NZ,US,PV,0.18176409567226204,False
NZ,US,WIND,0.08176665999895663,False
NZ,UY,PV,0.0,False
NZ,UY,WIND,0.0,False
NZ,UZ,PV,0.0,False
NZ,VN,PV,0.0,False
NZ,VN,WIND,0.012470144084881661,False
NZ,ZA,PV,0.0,False
NZ,ZA,WIND,0.0,False
NZ,ZM,PV,0.0,False
NZ,nan,PV,0.0,False
OM,AE,PV,0.003248262880147797,False
OM,AF,PV,0.0,False
OM,AQ,WIND,0.0,False
OM,AR,PV,0.0,False
OM,AR,WIND,0.0,False
OM,AT,WIND,0.002803500970822432,False
OM,AU,PV,0.010370507403727252,False
OM,AU,WIND,0.010640392150436889,False
OM,BD,PV,0.0,False
OM,BE,PV,0.0,False
OM,BE,WIND,0.0,False
OM,BF,PV,0.0,False
OM,BG,PV,0.0,False
OM,BG,WIND,0.009174250276492407,False
OM,BH,PV,0.0,False
OM,BI,PV,0.011201575433353223,False
OM,BO,PV,0.0,False
OM,BR,PV,0.0,False
OM,BR,WIND,0.0027864297696646215,False
OM,BY,PV,0.0,False
OM,CA,PV,0.0,False
OM,CA,WIND,0.02149971824059151,False
OM,CH,PV,0.0,False
OM,CL,PV,0.06251356249362672,False
OM,CL,WIND,0.0,False
OM,CN,PV,0.017595359012289768,False
OM,CN,WIND,0.07608540400607755,False
OM,CO,PV,0.008446303851044942,False
OM,CR,PV,0.02157916811438072,False
OM,CU,PV,0.015754938531210357,False
OM,CU,WIND,0.012990521231684217,False
OM,CV,PV,0.006369788738987017,False
OM,CZ,PV,0.0,False
OM,DE,PV,0.0,False
OM,DE,WIND,0.0,False
OM,DK,PV,0.003077554607499037,False
OM,DK,WIND,0.0,False
OM,DO,PV,0.011167956490853566,False
OM,DO,WIND,0.0032376958758660547,False
OM,DZ,PV,0.0,False
OM,EC,PV,0.020342613397707467,False
OM,EE,WIND,0.023969899014385575,False
OM,EG,PV,0.0028836198897326903,False
OM,EG,WIND,0.0,False
OM,ES,PV,0.0019789268130183126,False
OM,ES,WIND,0.012640362142375789,False
OM,ET,WIND,0.0,False
OM,FI,WIND,0.0,False
OM,FJ,WIND,0.0054581324292290526,False
OM,FR,PV,0.02003428942611008,False
OM,FR,WIND,0.0005509991031953638,False
OM,GB,PV,0.0,False
OM,GB,WIND,0.03156718999717302,False
OM,GF,PV,0.0019450059716186576,False
OM,GH,PV,0.02021179576455248,False
OM,GR,PV,0.0,False
OM,GR,WIND,0.0,False
OM,GT,PV,0.0066254980845584606,False
OM,GT,WIND,0.0026474701744949097,False
OM,HN,PV,0.0062243251360813035,False
OM,HN,WIND,0.0,False
OM,HU,PV,0.0,False
OM,ID,PV,0.0,False
OM,ID,WIND,0.0024492097014737545,False
OM,IE,WIND,0.0,False
OM,IL,PV,0.0,False
OM,IL,WIND,0.0,False
OM,IN,PV,0.10816449946303766,False
OM,IN,WIND,0.017264678730409024,False
OM,IR,PV,0.0,False
OM,IR,WIND,0.005061102214487582,False
OM,IT,PV,0.002292450718340856,False
OM,IT,WIND,0.0,False
OM,JM,PV,0.0,False
OM,JM,WIND,0.0021485241118024503,False
OM,JO,PV,0.0,False
OM,JP,PV,0.0,False
OM,JP,WIND,0.001747586353739313,False
OM,KE,PV,0.01695127984991003,False
OM,KE,WIND,0.0,False
OM,KH,PV,0.0,False
OM,KR,PV,0.0,False
OM,KR,WIND,0.0007163379052941343,False
OM,KW,PV,0.0,False
OM,KZ,PV,0.0,False
OM,LC,PV,0.022161838109184626,False
OM,LK,PV,0.0,False
OM,LK,WIND,0.0,False
OM,LY,PV,0.0,False
OM,LY,WIND,0.0,False
OM,MA,PV,0.0,False
OM,MA,WIND,0.0,False
OM,MG,PV,0.0,False
OM,MM,PV,0.0,False
OM,MN,PV,0.0,False
OM,MN,WIND,0.0,False
OM,MR,PV,0.0,False
OM,MR,WIND,0.0,False
OM,MU,PV,0.029147689254351433,False
OM,MX,PV,0.0007192082037134331,False
OM,MX,WIND,0.0,False
OM,MY,PV,0.0,False
OM,NE,PV,0.036660500933707076,False
OM,NG,PV,0.0,False
OM,NI,PV,0.0497612570509553,False
OM,NL,PV,0.0,False
OM,NL,WIND,0.0,False
OM,NO,WIND,0.0,False
OM,NP,PV,0.0,False
OM,NZ,WIND,0.0,False
OM,OM,PV,0.00511317671245287,True
OM,PA,PV,0.010961907225287674,False
OM,PE,PV,0.0,False
OM,PE,WIND,0.02170983919816103,False
OM,PH,PV,0.003312304994417375,False
OM,PH,WIND,0.0,False
OM,PK,PV,0.0,False
OM,PK,WIND,0.0,False
OM,PL,PV,0.0,False
OM,PL,WIND,0.0,False
OM,PS,PV,0.0,False
OM,PT,PV,0.0,False
OM,PT,WIND,0.005880004161765731,False
OM,PY,PV,0.004318488110124155,False
OM,PY,WIND,0.0,False
OM,RO,PV,0.0,False
OM,RO,WIND,0.0006185289493122902,False
OM,RU,PV,0.0,False
OM,RU,WIND,0.00730823556186956,False
OM,RW,PV,0.0,False
OM,SA,PV,0.0,False
OM,SE,WIND,0.0,False
OM,SK,PV,0.0,False
OM,SN,PV,0.0,False
OM,SR,PV,0.0,False
OM,SV,PV,0.002083295928551774,False
OM,TH,PV,0.0,False
OM,TH,WIND,0.0,False
OM,TN,WIND,0.0,False
OM,TR,PV,0.0,False
OM,TR,WIND,0.0,False
OM,TW,PV,0.0,False
OM,TW,WIND,0.0,False
OM,UA,PV,0.0,False
OM,UG,PV,0.011331778762194674,False
OM,US,PV,0.04708330622435675,False
OM,US,WIND,0.0647310382824205,False
OM,UY,PV,0.0,False
OM,UY,WIND,0.0,False
OM,UZ,PV,0.0,False
OM,VN,PV,0.0,False
OM,VN,WIND,0.01094591241507214,False
OM,ZA,PV,0.010317585150700739,False
OM,ZA,WIND,0.013514238951110147,False
OM,ZM,PV,0.0,False
OM,nan,PV,0.017901179348806424,False
PA,AE,PV,0.0,False
PA,AF,PV,0.0,False
PA,AQ,WIND,0.0,False
PA,AR,PV,0.013940951843525793,False
PA,AR,WIND,0.0,False
PA,AT,WIND,0.0026043620717055116,False
PA,AU,PV,0.17918711687016908,False
PA,AU,WIND,0.0082482902761842,False
PA,BD,PV,0.0,False
PA,BE,PV,0.003930443094955193,False
PA,BE,WIND,0.0,False
PA,BF,PV,0.009799686456309464,False
PA,BG,PV,0.0,False
PA,BG,WIND,0.0,False
PA,BH,PV,0.0,False
PA,BI,PV,0.0,False
PA,BO,PV,0.012623777874306743,False
PA,BR,PV,0.00449767800813596,False
PA,BR,WIND,0.012792982261478238,False
PA,BY,PV,0.0,False
PA,CA,PV,0.0,False
PA,CA,WIND,0.006492445049522197,False
PA,CH,PV,0.0,False
PA,CL,PV,0.06230576517659932,False
PA,CL,WIND,0.0017686828129232764,False
PA,CN,PV,0.0019821557525390187,False
PA,CN,WIND,0.03641675490036793,False
PA,CO,PV,0.0,False
PA,CR,PV,0.0012861976593601032,False
PA,CU,PV,0.0,False
PA,CU,WIND,0.0,False
PA,CV,PV,0.0136411954502376,False
PA,CZ,PV,0.0,False
PA,DE,PV,0.003084990355561582,False
PA,DE,WIND,0.0,False
PA,DK,PV,0.0,False
PA,DK,WIND,0.0,False
PA,DO,PV,0.01702046350647963,False
PA,DO,WIND,0.01439552942167383,False
PA,DZ,PV,0.0,False
PA,EC,PV,0.0,False
PA,EE,WIND,0.005062940189734202,False
PA,EG,PV,0.0,False
PA,EG,WIND,0.011431102668318387,False
PA,ES,PV,0.00400052742113271,False
PA,ES,WIND,0.0103950301458908,False
PA,ET,WIND,0.0025797643422611235,False
PA,FI,WIND,0.0018849376619966222,False
PA,FJ,WIND,0.0029854767803681715,False
PA,FR,PV,0.006777538045677789,False
PA,FR,WIND,0.0,False
PA,GB,PV,0.0,False
PA,GB,WIND,0.0004722828751995133,False
PA,GF,PV,0.01000465766199245,False
PA,GH,PV,0.01555430988872344,False
PA,GR,PV,0.0,False
PA,GR,WIND,0.0,False
PA,GT,PV,0.0,False
PA,GT,WIND,0.0,False
PA,HN,PV,0.0,False
PA,HN,WIND,0.0,False
PA,HU,PV,0.0,False
PA,ID,PV,0.0,False
PA,ID,WIND,0.0,False
PA,IE,WIND,0.0,False
PA,IL,PV,0.0,False
PA,IL,WIND,0.006853745821705927,False
PA,IN,PV,0.0,False
PA,IN,WIND,0.002754478528311522,False
PA,IR,PV,0.0,False
PA,IR,WIND,0.0019931611634242574,False
PA,IT,PV,0.0,False
PA,IT,WIND,0.0,False
PA,JM,PV,0.0,False
PA,JM,WIND,0.0,False
PA,JO,PV,0.0,False
PA,JP,PV,0.06392718610354045,False
PA,JP,WIND,0.0,False
PA,KE,PV,0.0,False
PA,KE,WIND,0.008317732034941329,False
PA,KH,PV,0.0,False
PA,KR,PV,0.0,False
PA,KR,WIND,0.0,False
PA,KW,PV,0.0,False
PA,KZ,PV,0.0,False
PA,LC,PV,0.031523392615522436,False
PA,LK,PV,0.0,False
PA,LK,WIND,0.0,False
PA,LY,PV,0.0,False
PA,LY,WIND,0.0009552103083411443,False
PA,MA,PV,0.020968124298344114,False
PA,MA,WIND,0.0,False
PA,MG,PV,0.0,False
PA,MM,PV,0.0,False
PA,MN,PV,0.0,False
PA,MN,WIND,0.0,False
PA,MR,PV,0.0,False
PA,MR,WIND,0.0,False
PA,MU,PV,0.0,False
PA,MX,PV,0.038029364441886974,False
PA,MX,WIND,0.0065303160901009965,False
PA,MY,PV,0.0,False
PA,NE,PV,0.0,False
PA,NG,PV,0.005272848141342085,False
PA,NI,PV,0.006318907685909552,False
PA,NL,PV,0.0,False
PA,NL,WIND,0.0,False
PA,NO,WIND,0.0005113458516132109,False
PA,NP,PV,0.0,False
PA,NZ,WIND,0.003928455838087854,False
PA,OM,PV,0.0,False
PA,PA,PV,0.0,True
PA,PE,PV,0.0,False
PA,PE,WIND,0.0,False
PA,PH,PV,0.000300363811798617,False
PA,PH,WIND,0.0,False
PA,PK,PV,0.0,False
PA,PK,WIND,0.003509979455746186,False
PA,PL,PV,0.0,False
PA,PL,WIND,0.0,False
PA,PS,PV,0.0,False
PA,PT,PV,0.0,False
PA,PT,WIND,0.0,False
PA,PY,PV,0.008775253778026593,False
PA,PY,WIND,0.0,False
PA,RO,PV,0.0,False
PA,RO,WIND,0.0,False
PA,RU,PV,0.0,False
PA,RU,WIND,0.0,False
PA,RW,PV,0.0,False
PA,SA,PV,0.0,False
PA,SE,WIND,0.0,False
PA,SK,PV,0.0,False
PA,SN,PV,0.026584552708434888,False
PA,SR,PV,0.02147518869659087,False
PA,SV,PV,0.0,False
PA,TH,PV,0.0,False
PA,TH,WIND,0.0036080294124277287,False
PA,TN,WIND,0.0,False
PA,TR,PV,0.0,False
PA,TR,WIND,0.0,False
PA,TW,PV,0.0,False
PA,TW,WIND,0.0005824079794386409,False
PA,UA,PV,0.0,False
PA,UG,PV,0.0,False
PA,US,PV,0.23216571135498576,False
PA,US,WIND,0.017744729106078064,False
PA,UY,PV,0.01020147825007105,False
PA,UY,WIND,0.0,False
PA,UZ,PV,0.0,False
PA,VN,PV,0.0,False
PA,VN,WIND,0.0,False
PA,ZA,PV,0.0,False
PA,ZA,WIND,0.0,False
PA,ZM,PV,0.0,False
PA,nan,PV,0.0,False
PE,AE,PV,0.0,False
PE,AF,PV,0.0,False
PE,AQ,WIND,0.0,False
PE,AR,PV,0.011962340749277788,False
PE,AR,WIND,0.0,False
PE,AT,WIND,0.0,False
PE,AU,PV,0.2075745428048816,False
PE,AU,WIND,0.0,False
PE,BD,PV,0.0,False
PE,BE,PV,0.0,False
PE,BE,WIND,0.001860652590934377,False
PE,BF,PV,0.003555477542087473,False
PE,BG,PV,0.0,False
PE,BG,WIND,0.0,False
PE,BH,PV,0.0,False
PE,BI,PV,0.0,False
PE,BO,PV,0.021035873368616842,False
PE,BR,PV,0.0,False
PE,BR,WIND,0.004398516900539683,False
PE,BY,PV,0.0,False
PE,CA,PV,0.0,False
PE,CA,WIND,0.008301018490178969,False
PE,CH,PV,0.0,False
PE,CL,PV,0.11049104648015827,False
PE,CL,WIND,0.0009275339909488419,False
PE,CN,PV,0.0,False
PE,CN,WIND,0.022802166945008914,False
PE,CO,PV,0.0,False
PE,CR,PV,0.007706790349428469,False
PE,CU,PV,0.0,False
PE,CU,WIND,0.0,False
PE,CV,PV,0.027416429865004036,False
PE,CZ,PV,0.0,False
PE,DE,PV,0.0,False
PE,DE,WIND,0.0,False
PE,DK,PV,0.0,False
PE,DK,WIND,0.0,False
PE,DO,PV,0.0,False
PE,DO,WIND,0.0,False
PE,DZ,PV,0.0,False
PE,EC,PV,0.0,False
PE,EE,WIND,0.0,False
PE,EG,PV,0.0,False
PE,EG,WIND,0.0,False
PE,ES,PV,0.0,False
PE,ES,WIND,0.004878275566155354,False
PE,ET,WIND,0.0059418578136880154,False
PE,FI,WIND,0.0,False
PE,FJ,WIND,0.0,False
PE,FR,PV,0.002639727069173986,False
PE,FR,WIND,0.0071793312897200715,False
PE,GB,PV,0.0,False
PE,GB,WIND,0.0,False
PE,GF,PV,0.0,False
PE,GH,PV,0.015401972201592284,False
PE,GR,PV,0.0,False
PE,GR,WIND,0.0,False
PE,GT,PV,0.0,False
PE,GT,WIND,0.0,False
PE,HN,PV,0.0,False
PE,HN,WIND,0.0,False
PE,HU,PV,0.0,False
PE,ID,PV,0.0,False
PE,ID,WIND,0.0,False
PE,IE,WIND,0.0,False
PE,IL,PV,0.0,False
PE,IL,WIND,0.006425065475673308,False
PE,IN,PV,0.0,False
PE,IN,WIND,0.0,False
PE,IR,PV,0.0,False
PE,IR,WIND,0.0,False
PE,IT,PV,0.0,False
PE,IT,WIND,0.0,False
PE,JM,PV,0.0,False
PE,JM,WIND,0.0,False
PE,JO,PV,0.0,False
PE,JP,PV,0.057107167874397305,False
PE,JP,WIND,0.0001327969685819824,False
PE,KE,PV,0.0,False
PE,KE,WIND,0.0,False
PE,KH,PV,0.0,False
PE,KR,PV,0.0,False
PE,KR,WIND,0.0,False
PE,KW,PV,0.0,False
PE,KZ,PV,0.0,False
PE,LC,PV,0.0,False
PE,LK,PV,0.0,False
PE,LK,WIND,0.0,False
PE,LY,PV,0.0,False
PE,LY,WIND,0.0,False
PE,MA,PV,0.016337609237095086,False
PE,MA,WIND,0.0,False
PE,MG,PV,0.0,False
PE,MM,PV,0.0,False
PE,MN,PV,0.0,False
PE,MN,WIND,9.040186342140054e-06,False
PE,MR,PV,0.0,False
PE,MR,WIND,0.011922870779204335,False
PE,MU,PV,0.0,False
PE,MX,PV,0.045888560558189316,False
PE,MX,WIND,0.015540897620853832,False
PE,MY,PV,0.0,False
PE,NE,PV,0.0,False
PE,NG,PV,0.0,False
PE,NI,PV,0.030997470325129388,False
PE,NL,PV,0.0,False
PE,NL,WIND,0.0,False
PE,NO,WIND,0.0016876394450769932,False
PE,NP,PV,0.0,False
PE,NZ,WIND,0.007226052241622628,False
PE,OM,PV,0.0,False
PE,PA,PV,0.007861346494943256,False
PE,PE,PV,0.0,True
PE,PE,WIND,0.0,True
PE,PH,PV,0.0,False
PE,PH,WIND,0.0015994881281145806,False
PE,PK,PV,0.0,False
PE,PK,WIND,0.004877863689581857,False
PE,PL,PV,0.0,False
PE,PL,WIND,0.0,False
PE,PS,PV,0.0,False
PE,PT,PV,0.0,False
PE,PT,WIND,0.0,False
PE,PY,PV,0.02138988609379071,False
PE,PY,WIND,0.0,False
PE,RO,PV,0.0,False
PE,RO,WIND,0.0,False
PE,RU,PV,0.0,False
PE,RU,WIND,0.0022915714788008567,False
PE,RW,PV,0.0,False
PE,SA,PV,0.0,False
PE,SE,WIND,0.0,False
PE,SK,PV,0.0,False
PE,SN,PV,0.045876683916817776,False
PE,SR,PV,0.0011933285669115663,False
PE,SV,PV,0.003893865332987861,False
PE,TH,PV,0.0,False
PE,TH,WIND,0.0,False
PE,TN,WIND,0.000568074930055974,False
PE,TR,PV,0.0,False
PE,TR,WIND,0.0,False
PE,TW,PV,0.0,False
PE,TW,WIND,0.0,False
PE,UA,PV,0.0,False
PE,UG,PV,0.0,False
PE,US,PV,0.1989333214767685,False
PE,US,WIND,0.040545397501667885,False
PE,UY,PV,0.011107217847049714,False
PE,UY,WIND,0.002513229812948967,False
PE,UZ,PV,0.0,False
PE,VN,PV,0.0,False
PE,VN,WIND,0.0,False
PE,ZA,PV,0.0,False
PE,ZA,WIND,0.0,False
PE,ZM,PV,0.0,False
PE,nan,PV,0.0,False
PH,AE,PV,0.0,False
PH,AF,PV,0.0,False
PH,AQ,WIND,0.0,False
PH,AR,PV,0.0,False
PH,AR,WIND,0.0,False
PH,AT,WIND,0.0,False
PH,AU,PV,0.10456605554960803,False
PH,AU,WIND,0.01143220589385671,False
PH,BD,PV,0.0,False
PH,BE,PV,0.0,False
PH,BE,WIND,0.0,False
PH,BF,PV,0.0032574479797104644,False
PH,BG,PV,0.0,False
PH,BG,WIND,0.0,False
PH,BH,PV,0.0,False
PH,BI,PV,0.0,False
PH,BO,PV,0.0,False
PH,BR,PV,0.014014348517665677,False
PH,BR,WIND,0.002729128551594693,False
PH,BY,PV,0.0,False
PH,CA,PV,0.0,False
PH,CA,WIND,0.029914773023512007,False
PH,CH,PV,0.0,False
PH,CL,PV,0.0,False
PH,CL,WIND,0.0,False
PH,CN,PV,0.04703050593647927,False
PH,CN,WIND,0.10009004452925443,False
PH,CO,PV,0.0,False
PH,CR,PV,0.0,False
PH,CU,PV,0.0,False
PH,CU,WIND,0.0,False
PH,CV,PV,0.0450871538143969,False
PH,CZ,PV,0.0,False
PH,DE,PV,0.0,False
PH,DE,WIND,0.01187347707424575,False
PH,DK,PV,0.0,False
PH,DK,WIND,0.0,False
PH,DO,PV,0.0,False
PH,DO,WIND,0.0,False
PH,DZ,PV,0.0,False
PH,EC,PV,0.0,False
PH,EE,WIND,0.0032496573770131225,False
PH,EG,PV,0.0,False
PH,EG,WIND,0.0,False
PH,ES,PV,0.0,False
PH,ES,WIND,0.004897585655582638,False
PH,ET,WIND,0.0,False
PH,FI,WIND,0.0,False
PH,FJ,WIND,0.00901148202863641,False
PH,FR,PV,0.0,False
PH,FR,WIND,0.0218584357431572,False
PH,GB,PV,0.0014427750541186508,False
PH,GB,WIND,0.008664404707703816,False
PH,GF,PV,0.0,False
PH,GH,PV,0.048772526913786515,False
PH,GR,PV,0.0,False
PH,GR,WIND,0.0,False
PH,GT,PV,0.0,False
PH,GT,WIND,0.0032059783309353286,False
PH,HN,PV,0.0,False
PH,HN,WIND,0.0010370608325116098,False
PH,HU,PV,0.0,False
PH,ID,PV,0.03534217437853582,False
PH,ID,WIND,2.985167622238234e-05,False
PH,IE,WIND,0.0,False
PH,IL,PV,0.0,False
PH,IL,WIND,0.0,False
PH,IN,PV,0.0,False
PH,IN,WIND,0.0,False
PH,IR,PV,0.0,False
PH,IR,WIND,0.0,False
PH,IT,PV,0.0,False
PH,IT,WIND,0.0,False
PH,JM,PV,0.0,False
PH,JM,WIND,0.0,False
PH,JO,PV,0.0,False
PH,JP,PV,0.021590616167429712,False
PH,JP,WIND,0.007298410532988248,False
PH,KE,PV,0.022090102635854553,False
PH,KE,WIND,0.015478293086295504,False
PH,KH,PV,0.0,False
PH,KR,PV,0.0,False
PH,KR,WIND,0.0021137147328212473,False
PH,KW,PV,0.0,False
PH,KZ,PV,0.0,False
PH,LC,PV,0.0,False
PH,LK,PV,0.0,False
PH,LK,WIND,0.0,False
PH,LY,PV,0.0,False
PH,LY,WIND,0.0,False
PH,MA,PV,0.0,False
PH,MA,WIND,0.0,False
PH,MG,PV,0.0,False
PH,MM,PV,0.0,False
PH,MN,PV,0.0,False
PH,MN,WIND,0.0,False
PH,MR,PV,0.0,False
PH,MR,WIND,0.020787580397764432,False
PH,MU,PV,0.010615800266314564,False
PH,MX,PV,0.0,False
PH,MX,WIND,0.008877593003385077,False
PH,MY,PV,0.0,False
PH,NE,PV,0.05319921360208035,False
PH,NG,PV,0.005145920465657301,False
PH,NI,PV,0.0,False
PH,NL,PV,0.0,False
PH,NL,WIND,0.0,False
PH,NO,WIND,0.0,False
PH,NP,PV,0.0008822272842056532,False
PH,NZ,WIND,0.011709215376219556,False
PH,OM,PV,0.0,False
PH,PA,PV,0.0,False
PH,PE,PV,0.0,False
PH,PE,WIND,0.006914854787296092,False
PH,PH,PV,0.010117433303371092,True
PH,PH,WIND,0.03666986119525182,True
PH,PK,PV,0.0,False
PH,PK,WIND,0.0,False
PH,PL,PV,0.0,False
PH,PL,WIND,0.0005955830200062572,False
PH,PS,PV,0.0,False
PH,PT,PV,0.0,False
PH,PT,WIND,0.0065685649789791615,False
PH,PY,PV,0.0,False
PH,PY,WIND,0.0,False
PH,RO,PV,0.0,False
PH,RO,WIND,0.0018074650350621251,False
PH,RU,PV,0.0,False
PH,RU,WIND,0.0,False
PH,RW,PV,0.0,False
PH,SA,PV,0.0,False
PH,SE,WIND,0.0,False
PH,SK,PV,0.0,False
PH,SN,PV,0.04666402953590533,False
PH,SR,PV,0.003608066943943443,False
PH,SV,PV,0.0,False
PH,TH,PV,0.0,False
PH,TH,WIND,0.003926121299122502,False
PH,TN,WIND,0.0,False
PH,TR,PV,0.0,False
PH,TR,WIND,0.0,False
PH,TW,PV,0.0,False
PH,TW,WIND,0.0,False
PH,UA,PV,0.0,False
PH,UG,PV,0.002769411592103361,False
PH,US,PV,0.01577433850600981,False
PH,US,WIND,0.10426843041929683,False
PH,UY,PV,0.0032104256937588835,False
PH,UY,WIND,0.0,False
PH,UZ,PV,0.0,False
PH,VN,PV,0.0,False
PH,VN,WIND,0.0,False
PH,ZA,PV,0.023812005674661976,False
PH,ZA,WIND,0.018990546837665902,False
PH,ZM,PV,0.0,False
PH,nan,PV,0.02700710005802157,False
PK,AE,PV,0.0,False
PK,AF,PV,0.0,False
PK,AQ,WIND,0.0,False
PK,AR,PV,0.0,False
PK,AR,WIND,0.0,False
PK,AT,WIND,0.00854554912963834,False
PK,AU,PV,0.003775772670620375,False
PK,AU,WIND,0.013911141041568788,False
PK,BD,PV,0.0,False
PK,BE,PV,0.0,False
PK,BE,WIND,0.0,False
PK,BF,PV,0.0,False
PK,BG,PV,0.0,False
PK,BG,WIND,0.0,False
PK,BH,PV,0.0,False
PK,BI,PV,0.0,False
PK,BO,PV,0.0,False
PK,BR,PV,0.025978618759305426,False
PK,BR,WIND,0.01931194578817641,False
PK,BY,PV,0.0,False
PK,CA,PV,0.0076661169431343,False
PK,CA,WIND,0.021466740971136287,False
PK,CH,PV,0.0,False
PK,CL,PV,0.04230945962009757,False
PK,CL,WIND,0.0,False
PK,CN,PV,0.04446470128667829,False
PK,CN,WIND,0.06545289032027485,False
PK,CO,PV,0.0,False
PK,CR,PV,0.01447723521965137,False
PK,CU,PV,0.0,False
PK,CU,WIND,0.013845672262411004,False
PK,CV,PV,0.06603019057164491,False
PK,CZ,PV,0.0,False
PK,DE,PV,0.0,False
PK,DE,WIND,0.02076108063848163,False
PK,DK,PV,0.0,False
PK,DK,WIND,0.0,False
PK,DO,PV,0.0,False
PK,DO,WIND,0.0033182261241651153,False
PK,DZ,PV,0.0,False
PK,EC,PV,0.0,False
PK,EE,WIND,0.0,False
PK,EG,PV,0.0,False
PK,EG,WIND,0.0,False
PK,ES,PV,0.0,False
PK,ES,WIND,0.009273619175106707,False
PK,ET,WIND,0.0,False
PK,FI,WIND,0.0,False
PK,FJ,WIND,0.019112208765084723,False
PK,FR,PV,0.0,False
PK,FR,WIND,0.01925424037198075,False
PK,GB,PV,0.0,False
PK,GB,WIND,0.0,False
PK,GF,PV,0.006696013970440626,False
PK,GH,PV,0.018366127584367252,False
PK,GR,PV,0.0,False
PK,GR,WIND,0.0,False
PK,GT,PV,0.0,False
PK,GT,WIND,0.0024538780831541993,False
PK,HN,PV,0.0,False
PK,HN,WIND,0.0,False
PK,HU,PV,0.0,False
PK,ID,PV,0.0012177236381350988,False
PK,ID,WIND,0.0,False
PK,IE,WIND,0.0,False
PK,IL,PV,0.0,False
PK,IL,WIND,0.0,False
PK,IN,PV,0.05313318911499972,False
PK,IN,WIND,8.354798183585167e-05,False
PK,IR,PV,0.0,False
PK,IR,WIND,0.0,False
PK,IT,PV,0.0,False
PK,IT,WIND,0.0,False
PK,JM,PV,0.0,False
PK,JM,WIND,0.003235546911679541,False
PK,JO,PV,0.0,False
PK,JP,PV,0.0033080172643233357,False
PK,JP,WIND,0.011199194983069474,False
PK,KE,PV,0.03550958764370577,False
PK,KE,WIND,0.025327350106629086,False
PK,KH,PV,0.0,False
PK,KR,PV,0.0,False
PK,KR,WIND,0.001716819377640205,False
PK,KW,PV,0.0,False
PK,KZ,PV,0.0,False
PK,LC,PV,0.0,False
PK,LK,PV,0.0,False
PK,LK,WIND,0.0,False
PK,LY,PV,0.0,False
PK,LY,WIND,0.0,False
PK,MA,PV,0.0,False
PK,MA,WIND,0.0,False
PK,MG,PV,0.0015999421714583196,False
PK,MM,PV,0.0,False
PK,MN,PV,0.0,False
PK,MN,WIND,0.0,False
PK,MR,PV,0.0,False
PK,MR,WIND,0.013031958332919707,False
PK,MU,PV,0.010015094510782809,False
PK,MX,PV,0.0,False
PK,MX,WIND,0.0,False
PK,MY,PV,0.008426938607600368,False
PK,NE,PV,0.03280739219595709,False
PK,NG,PV,0.0,False
PK,NI,PV,0.0,False
PK,NL,PV,0.0,False
PK,NL,WIND,0.0,False
PK,NO,WIND,0.0,False
PK,NP,PV,0.022047620732650618,False
PK,NZ,WIND,0.004322318758997703,False
PK,OM,PV,0.0628461575642145,False
PK,PA,PV,0.0,False
PK,PE,PV,0.022942589619078718,False
PK,PE,WIND,0.0034841066758557887,False
PK,PH,PV,0.002493822585639663,False
PK,PH,WIND,0.011233873166456158,False
PK,PK,PV,0.0,True
PK,PK,WIND,0.0,True
PK,PL,PV,0.0,False
PK,PL,WIND,0.004243342579390938,False
PK,PS,PV,0.0,False
PK,PT,PV,0.0,False
PK,PT,WIND,0.0,False
PK,PY,PV,0.012648792305490828,False
PK,PY,WIND,0.0,False
PK,RO,PV,0.0,False
PK,RO,WIND,0.0,False
PK,RU,PV,0.0,False
PK,RU,WIND,0.0,False
PK,RW,PV,0.0,False
PK,SA,PV,0.0,False
PK,SE,WIND,0.0,False
PK,SK,PV,0.0,False
PK,SN,PV,0.004935591510207936,False
PK,SR,PV,0.0,False
PK,SV,PV,0.0,False
PK,TH,PV,0.0,False
PK,TH,WIND,0.0035965481201367696,False
PK,TN,WIND,0.0,False
PK,TR,PV,0.0,False
PK,TR,WIND,0.0,False
PK,TW,PV,0.0,False
PK,TW,WIND,0.0007492345266990676,False
PK,UA,PV,0.0,False
PK,UG,PV,0.002342482346683606,False
PK,US,PV,0.06906675622951902,False
PK,US,WIND,0.06938787686625197,False
PK,UY,PV,0.02704088064302304,False
PK,UY,WIND,0.0,False
PK,UZ,PV,0.0,False
PK,VN,PV,0.0,False
PK,VN,WIND,0.0,False
PK,ZA,PV,0.011350852936355352,False
PK,ZA,WIND,0.018183420695492947,False
PK,ZM,PV,0.0,False
PK,nan,PV,0.0,False
PL,AE,PV,0.0,False
PL,AF,PV,0.0,False
PL,AQ,WIND,0.0,False
PL,AR,PV,0.0,False
PL,AR,WIND,0.0,False
PL,AT,WIND,0.0023299998199357037,False
PL,AU,PV,0.0,False
PL,AU,WIND,0.006146070375022262,False
PL,BD,PV,0.0,False
PL,BE,PV,0.0,False
PL,BE,WIND,0.0,False
PL,BF,PV,0.0,False
PL,BG,PV,0.0,False
PL,BG,WIND,0.0,False
PL,BH,PV,0.0,False
PL,BI,PV,0.0,False
PL,BO,PV,0.0,False
PL,BR,PV,0.0,False
PL,BR,WIND,0.0029155993891225892,False
PL,BY,PV,0.0,False
PL,CA,PV,0.0,False
PL,CA,WIND,0.013414017623403923,False
PL,CH,PV,0.0,False
PL,CL,PV,0.2508333801357184,False
PL,CL,WIND,0.0,False
PL,CN,PV,0.0,False
PL,CN,WIND,0.06362739972177352,False
PL,CO,PV,0.0,False
PL,CR,PV,0.0,False
PL,CU,PV,0.0,False
PL,CU,WIND,0.0011063442688919185,False
PL,CV,PV,0.0,False
PL,CZ,PV,0.0,False
PL,DE,PV,0.0,False
PL,DE,WIND,0.01850790271474785,False
PL,DK,PV,0.0,False
PL,DK,WIND,0.0,False
PL,DO,PV,0.0,False
PL,DO,WIND,0.0038475960431278828,False
PL,DZ,PV,0.0,False
PL,EC,PV,0.0,False
PL,EE,WIND,0.00025961854932721624,False
PL,EG,PV,0.10153766368437293,False
PL,EG,WIND,0.0,False
PL,ES,PV,0.0,False
PL,ES,WIND,0.012115643308570736,False
PL,ET,WIND,0.0,False
PL,FI,WIND,0.0,False
PL,FJ,WIND,0.0002490588497874599,False
PL,FR,PV,0.0,False
PL,FR,WIND,0.0015616947274267477,False
PL,GB,PV,0.0,False
PL,GB,WIND,0.0,False
PL,GF,PV,0.0,False
PL,GH,PV,0.00716133980102137,False
PL,GR,PV,0.0,False
PL,GR,WIND,0.0,False
PL,GT,PV,0.0,False
PL,GT,WIND,0.0,False
PL,HN,PV,0.0,False
PL,HN,WIND,0.0,False
PL,HU,PV,0.0,False
PL,ID,PV,0.0,False
PL,ID,WIND,0.0,False
PL,IE,WIND,0.0,False
PL,IL,PV,0.0,False
PL,IL,WIND,0.0,False
PL,IN,PV,0.017443465312030206,False
PL,IN,WIND,0.0,False
PL,IR,PV,0.0,False
PL,IR,WIND,0.0,False
PL,IT,PV,0.0,False
PL,IT,WIND,0.00010954881950008367,False
PL,JM,PV,0.0,False
PL,JM,WIND,0.010436828346742527,False
PL,JO,PV,0.0,False
PL,JP,PV,0.0,False
PL,JP,WIND,0.0002915611290147274,False
PL,KE,PV,0.03406072535461669,False
PL,KE,WIND,0.019754949958292366,False
PL,KH,PV,0.0,False
PL,KR,PV,0.0,False
PL,KR,WIND,0.0031128239557862915,False
PL,KW,PV,0.011550411472672453,False
PL,KZ,PV,0.0,False
PL,LC,PV,0.0,False
PL,LK,PV,0.0,False
PL,LK,WIND,0.0,False
PL,LY,PV,0.0,False
PL,LY,WIND,0.0,False
PL,MA,PV,0.0,False
PL,MA,WIND,0.0,False
PL,MG,PV,0.0,False
PL,MM,PV,0.0,False
PL,MN,PV,0.0,False
PL,MN,WIND,0.0,False
PL,MR,PV,0.0,False
PL,MR,WIND,0.005869402369746568,False
PL,MU,PV,0.0,False
PL,MX,PV,0.09657279652441644,False
PL,MX,WIND,0.0,False
PL,MY,PV,0.0,False
PL,NE,PV,0.02411684674057719,False
PL,NG,PV,0.0,False
PL,NI,PV,0.0,False
PL,NL,PV,0.0,False
PL,NL,WIND,0.0,False
PL,NO,WIND,0.0,False
PL,NP,PV,0.0,False
PL,NZ,WIND,0.0016775236865747942,False
PL,OM,PV,0.07519101365803368,False
PL,PA,PV,0.0,False
PL,PE,PV,0.0,False
PL,PE,WIND,0.0,False
PL,PH,PV,0.0,False
PL,PH,WIND,0.029396300640316363,False
PL,PK,PV,0.0,False
PL,PK,WIND,0.0,False
PL,PL,PV,0.0,True
PL,PL,WIND,0.009281704049357162,True
PL,PS,PV,0.0,False
PL,PT,PV,0.0,False
PL,PT,WIND,0.005457106934393032,False
PL,PY,PV,0.0019319899108192376,False
PL,PY,WIND,0.0,False
PL,RO,PV,0.0,False
PL,RO,WIND,0.0,False
PL,RU,PV,0.011415793244267013,False
PL,RU,WIND,0.0,False
PL,RW,PV,0.0,False
PL,SA,PV,0.027745069200472445,False
PL,SE,WIND,0.0,False
PL,SK,PV,0.0,False
PL,SN,PV,0.006538307013759389,False
PL,SR,PV,0.0,False
PL,SV,PV,0.0,False
PL,TH,PV,0.0,False
PL,TH,WIND,0.004553621317375135,False
PL,TN,WIND,0.0,False
PL,TR,PV,0.0,False
PL,TR,WIND,0.0,False
PL,TW,PV,0.0,False
PL,TW,WIND,0.0,False
PL,UA,PV,0.0,False
PL,UG,PV,0.005574114824664265,False
PL,US,PV,0.042352118452856864,False
PL,US,WIND,0.057511258223114356,False
PL,UY,PV,0.0,False
PL,UY,WIND,0.0,False
PL,UZ,PV,0.0,False
PL,VN,PV,0.0,False
PL,VN,WIND,0.0,False
PL,ZA,PV,0.011243158391817368,False
PL,ZA,WIND,0.001198231456531394,False
PL,ZM,PV,0.0,False
PL,nan,PV,0.0,False
PS,AE,PV,0.0,False
PS,AF,PV,0.0,False
PS,AQ,WIND,0.0,False
PS,AR,PV,0.0,False
PS,AR,WIND,0.0,False
PS,AT,WIND,0.010797210718240132,False
PS,AU,PV,0.0,False
PS,AU,WIND,0.002793309981273974,False
PS,BD,PV,0.0,False
PS,BE,PV,0.0,False
PS,BE,WIND,0.0,False
PS,BF,PV,0.0071573665810795205,False
PS,BG,PV,0.0,False
PS,BG,WIND,0.0,False
PS,BH,PV,0.0,False
PS,BI,PV,0.0,False
PS,BO,PV,0.0,False
PS,BR,PV,0.0,False
PS,BR,WIND,0.010823423087522288,False
PS,BY,PV,0.0,False
PS,CA,PV,0.0,False
PS,CA,WIND,0.020559941188968797,False
PS,CH,PV,0.0,False
PS,CL,PV,0.03603023537969244,False
PS,CL,WIND,0.00044416714365569046,False
PS,CN,PV,0.0,False
PS,CN,WIND,0.0682367336535391,False
PS,CO,PV,0.0,False
PS,CR,PV,0.0,False
PS,CU,PV,0.0,False
PS,CU,WIND,0.007829106224688208,False
PS,CV,PV,0.030075306774400963,False
PS,CZ,PV,0.0,False
PS,DE,PV,0.0,False
PS,DE,WIND,0.020239858387185745,False
PS,DK,PV,0.010517342224253455,False
PS,DK,WIND,0.0,False
PS,DO,PV,0.0,False
PS,DO,WIND,0.0,False
PS,DZ,PV,0.0,False
PS,EC,PV,0.0,False
PS,EE,WIND,0.0,False
PS,EG,PV,0.0,False
PS,EG,WIND,0.0,False
PS,ES,PV,0.0,False
PS,ES,WIND,0.017808824269910945,False
PS,ET,WIND,0.0,False
PS,FI,WIND,0.0,False
PS,FJ,WIND,0.012940387686285264,False
PS,FR,PV,0.0,False
PS,FR,WIND,0.01982740536525679,False
PS,GB,PV,0.0,False
PS,GB,WIND,0.014017726726735848,False
PS,GF,PV,0.0,False
PS,GH,PV,0.014049765674259517,False
PS,GR,PV,0.0,False
PS,GR,WIND,0.0,False
PS,GT,PV,0.0,False
PS,GT,WIND,0.0,False
PS,HN,PV,0.0,False
PS,HN,WIND,0.0,False
PS,HU,PV,0.0,False
PS,ID,PV,0.0,False
PS,ID,WIND,0.0,False
PS,IE,WIND,0.0,False
PS,IL,PV,0.0,False
PS,IL,WIND,0.0007413509921340505,False
PS,IN,PV,0.0,False
PS,IN,WIND,0.013834747072250353,False
PS,IR,PV,0.0,False
PS,IR,WIND,0.0,False
PS,IT,PV,0.01787864793452682,False
PS,IT,WIND,0.00531840353249164,False
PS,JM,PV,0.0,False
PS,JM,WIND,0.0,False
PS,JO,PV,0.036151576611008145,False
PS,JP,PV,0.0,False
PS,JP,WIND,0.010307812845900044,False
PS,KE,PV,0.011839274157054354,False
PS,KE,WIND,0.010493554436196898,False
PS,KH,PV,0.0,False
PS,KR,PV,0.0,False
PS,KR,WIND,0.006184062214403376,False
PS,KW,PV,0.0,False
PS,KZ,PV,0.0,False
PS,LC,PV,0.0,False
PS,LK,PV,0.0,False
PS,LK,WIND,0.0,False
PS,LY,PV,0.0,False
PS,LY,WIND,0.0,False
PS,MA,PV,0.0,False
PS,MA,WIND,0.013520452113987344,False
PS,MG,PV,0.0,False
PS,MM,PV,0.0,False
PS,MN,PV,0.0,False
PS,MN,WIND,0.0,False
PS,MR,PV,0.0,False
PS,MR,WIND,0.003448553610186272,False
PS,MU,PV,0.0,False
PS,MX,PV,0.1335282396190013,False
PS,MX,WIND,0.0,False
PS,MY,PV,0.0,False
PS,NE,PV,0.028635585811301604,False
PS,NG,PV,0.0,False
PS,NI,PV,0.0,False
PS,NL,PV,0.0,False
PS,NL,WIND,0.0,False
PS,NO,WIND,0.0,False
PS,NP,PV,0.0,False
PS,NZ,WIND,0.004571177873856038,False
PS,OM,PV,0.0,False
PS,PA,PV,0.0,False
PS,PE,PV,0.0,False
PS,PE,WIND,0.0004871036032492135,False
PS,PH,PV,0.0,False
PS,PH,WIND,0.0,False
PS,PK,PV,0.0,False
PS,PK,WIND,0.0,False
PS,PL,PV,0.0,False
PS,PL,WIND,0.0116522181740333,False
PS,PS,PV,0.03498098827127758,True
PS,PT,PV,0.0,False
PS,PT,WIND,0.004684960619524143,False
PS,PY,PV,0.0,False
PS,PY,WIND,0.0,False
PS,RO,PV,0.0,False
PS,RO,WIND,0.0,False
PS,RU,PV,0.03163760364637628,False
PS,RU,WIND,0.0,False
PS,RW,PV,0.0,False
PS,SA,PV,0.023194710328405362,False
PS,SE,WIND,0.0,False
PS,SK,PV,0.0,False
PS,SN,PV,0.006745741982941817,False
PS,SR,PV,0.0,False
PS,SV,PV,0.0,False
PS,TH,PV,0.0,False
PS,TH,WIND,0.0,False
PS,TN,WIND,0.0,False
PS,TR,PV,0.02095070899107776,False
PS,TR,WIND,0.0,False
PS,TW,PV,0.0,False
PS,TW,WIND,0.0,False
PS,UA,PV,0.004697481519968306,False
PS,UG,PV,0.0,False
PS,US,PV,0.1735514433486753,False
PS,US,WIND,0.05984259171896046,False
PS,UY,PV,0.007966725654154136,False
PS,UY,WIND,0.0,False
PS,UZ,PV,0.005719645230961405,False
PS,VN,PV,0.0,False
PS,VN,WIND,0.0,False
PS,ZA,PV,0.0,False
PS,ZA,WIND,0.013286527019148706,False
PS,ZM,PV,0.0,False
PS,nan,PV,0.0,False
PT,AE,PV,0.0,False
PT,AF,PV,0.0,False
PT,AQ,WIND,0.0,False
PT,AR,PV,0.0,False
PT,AR,WIND,0.0,False
PT,AT,WIND,0.0,False
PT,AU,PV,0.0,False
PT,AU,WIND,0.0,False
PT,BD,PV,0.0,False
PT,BE,PV,0.0,False
PT,BE,WIND,0.0,False
PT,BF,PV,0.0068018878903912125,False
PT,BG,PV,0.0,False
PT,BG,WIND,0.0,False
PT,BH,PV,0.0,False
PT,BI,PV,0.0,False
PT,BO,PV,0.0,False
PT,BR,PV,0.0,False
PT,BR,WIND,0.0037048060158531215,False
PT,BY,PV,0.0,False
PT,CA,PV,0.0,False
PT,CA,WIND,0.010189829097723566,False
PT,CH,PV,0.0,False
PT,CL,PV,0.10173101590376998,False
PT,CL,WIND,0.0,False
PT,CN,PV,0.0,False
PT,CN,WIND,0.07761516171818017,False
PT,CO,PV,0.0,False
PT,CR,PV,0.0,False
PT,CU,PV,0.0,False
PT,CU,WIND,0.0,False
PT,CV,PV,0.0,False
PT,CZ,PV,0.0,False
PT,DE,PV,0.0,False
PT,DE,WIND,0.008872594740212847,False
PT,DK,PV,0.00812752095091932,False
PT,DK,WIND,0.0,False
PT,DO,PV,0.0,False
PT,DO,WIND,0.0,False
PT,DZ,PV,0.0,False
PT,EC,PV,0.0,False
PT,EE,WIND,0.0,False
PT,EG,PV,0.09636120008511856,False
PT,EG,WIND,0.0,False
PT,ES,PV,0.0,False
PT,ES,WIND,0.016160987722495017,False
PT,ET,WIND,0.008078821171777856,False
PT,FI,WIND,0.0,False
PT,FJ,WIND,0.0,False
PT,FR,PV,0.02345565756562963,False
PT,FR,WIND,0.005818114349061898,False
PT,GB,PV,0.0,False
PT,GB,WIND,0.003758293256139858,False
PT,GF,PV,0.0,False
PT,GH,PV,0.04487831148756325,False
PT,GR,PV,0.0071285718991757376,False
PT,GR,WIND,0.0,False
PT,GT,PV,0.007551518889268183,False
PT,GT,WIND,0.0,False
PT,HN,PV,0.0,False
PT,HN,WIND,0.0031388981943541337,False
PT,HU,PV,0.0,False
PT,ID,PV,0.0,False
PT,ID,WIND,0.0,False
PT,IE,WIND,0.0,False
PT,IL,PV,0.0,False
PT,IL,WIND,0.0,False
PT,IN,PV,0.0,False
PT,IN,WIND,0.0,False
PT,IR,PV,0.0,False
PT,IR,WIND,0.0,False
PT,IT,PV,0.012726275452700274,False
PT,IT,WIND,0.0,False
PT,JM,PV,0.0,False
PT,JM,WIND,0.0,False
PT,JO,PV,0.010522370158912941,False
PT,JP,PV,0.0,False
PT,JP,WIND,0.0006995836039302634,False
PT,KE,PV,0.0,False
PT,KE,WIND,0.005323581611504533,False
PT,KH,PV,0.0,False
PT,KR,PV,0.0,False
PT,KR,WIND,0.0024062132399955095,False
PT,KW,PV,0.0,False
PT,KZ,PV,0.0,False
PT,LC,PV,0.0,False
PT,LK,PV,0.0,False
PT,LK,WIND,0.0,False
PT,LY,PV,0.0,False
PT,LY,WIND,0.0,False
PT,MA,PV,0.0,False
PT,MA,WIND,0.0,False
PT,MG,PV,0.0,False
PT,MM,PV,0.0,False
PT,MN,PV,0.0,False
PT,MN,WIND,0.0,False
PT,MR,PV,0.0,False
PT,MR,WIND,0.0035731620935043626,False
PT,MU,PV,0.0,False
PT,MX,PV,0.20277452188110298,False
PT,MX,WIND,0.0,False
PT,MY,PV,0.0,False
PT,NE,PV,0.07324746920566037,False
PT,NG,PV,0.006704725769013722,False
PT,NI,PV,0.010120726571081035,False
PT,NL,PV,0.0009469667727511668,False
PT,NL,WIND,0.0,False
PT,NO,WIND,0.0,False
PT,NP,PV,0.0,False
PT,NZ,WIND,0.0035322680936873316,False
PT,OM,PV,0.0,False
PT,PA,PV,0.0,False
PT,PE,PV,0.0,False
PT,PE,WIND,0.0,False
PT,PH,PV,0.0,False
PT,PH,WIND,0.043525530253122176,False
PT,PK,PV,0.0,False
PT,PK,WIND,0.0,False
PT,PL,PV,0.0,False
PT,PL,WIND,0.002357974607935945,False
PT,PS,PV,0.0,False
PT,PT,PV,0.0,True
PT,PT,WIND,0.009063111151265636,True
PT,PY,PV,0.0,False
PT,PY,WIND,0.0,False
PT,RO,PV,0.0,False
PT,RO,WIND,0.0,False
PT,RU,PV,0.006205905901640963,False
PT,RU,WIND,0.0,False
PT,RW,PV,0.0,False
PT,SA,PV,0.0,False
PT,SE,WIND,0.0,False
PT,SK,PV,0.0,False
PT,SN,PV,0.0,False
PT,SR,PV,0.0,False
PT,SV,PV,0.008879209037652727,False
PT,TH,PV,0.0,False
PT,TH,WIND,0.0,False
PT,TN,WIND,0.0,False
PT,TR,PV,0.015591524069984004,False
PT,TR,WIND,0.0,False
PT,TW,PV,0.0,False
PT,TW,WIND,0.0,False
PT,UA,PV,0.0,False
PT,UG,PV,0.0,False
PT,US,PV,0.0805210223639896,False
PT,US,WIND,0.06349832927344257,False
PT,UY,PV,0.0,False
PT,UY,WIND,0.0,False
PT,UZ,PV,0.0,False
PT,VN,PV,0.0,False
PT,VN,WIND,0.0,False
PT,ZA,PV,0.0,False
PT,ZA,WIND,0.004406337949485391,False
PT,ZM,PV,0.0,False
PT,nan,PV,0.0,False
PY,AE,PV,0.0,False
PY,AF,PV,0.0,False
PY,AQ,WIND,0.0,False
PY,AR,PV,0.0,False
PY,AR,WIND,0.0,False
PY,AT,WIND,0.0,False
PY,AU,PV,0.04190746723748746,False
PY,AU,WIND,0.0,False
PY,BD,PV,0.0,False
PY,BE,PV,0.0,False
PY,BE,WIND,0.0,False
PY,BF,PV,0.009865842317367231,False
PY,BG,PV,0.0,False
PY,BG,WIND,0.0,False
PY,BH,PV,0.0,False
PY,BI,PV,0.0,False
PY,BO,PV,0.0,False
PY,BR,PV,0.00627630349620837,False
PY,BR,WIND,0.03521812696004968,False
PY,BY,PV,0.0,False
PY,CA,PV,0.0,False
PY,CA,WIND,0.023606178635110525,False
PY,CH,PV,0.0,False
PY,CL,PV,0.06753493489333567,False
PY,CL,WIND,0.0,False
PY,CN,PV,0.0,False
PY,CN,WIND,0.06157848594254508,False
PY,CO,PV,0.0,False
PY,CR,PV,0.0,False
PY,CU,PV,0.0,False
PY,CU,WIND,0.0,False
PY,CV,PV,0.06924654177584647,False
PY,CZ,PV,0.0,False
PY,DE,PV,0.0,False
PY,DE,WIND,0.0,False
PY,DK,PV,0.0,False
PY,DK,WIND,0.0,False
PY,DO,PV,0.0,False
PY,DO,WIND,0.0,False
PY,DZ,PV,0.0,False
PY,EC,PV,0.0,False
PY,EE,WIND,0.0,False
PY,EG,PV,0.0,False
PY,EG,WIND,0.0,False
PY,ES,PV,0.0,False
PY,ES,WIND,0.021332454072711175,False
PY,ET,WIND,0.029294702451916486,False
PY,FI,WIND,0.0,False
PY,FJ,WIND,0.0,False
PY,FR,PV,0.024500315109517546,False
PY,FR,WIND,0.030076439553348235,False
PY,GB,PV,0.0,False
PY,GB,WIND,0.0,False
PY,GF,PV,0.0052971332636534176,False
PY,GH,PV,0.023332692179383312,False
PY,GR,PV,0.0,False
PY,GR,WIND,0.0017449330151552867,False
PY,GT,PV,0.0,False
PY,GT,WIND,0.0,False
PY,HN,PV,0.0,False
PY,HN,WIND,0.019711493313655445,False
PY,HU,PV,0.0,False
PY,ID,PV,0.0,False
PY,ID,WIND,0.0,False
PY,IE,WIND,0.0,False
PY,IL,PV,0.0,False
PY,IL,WIND,0.0,False
PY,IN,PV,0.0,False
PY,IN,WIND,0.0,False
PY,IR,PV,0.0,False
PY,IR,WIND,0.0,False
PY,IT,PV,0.00045522171393641575,False
PY,IT,WIND,0.0,False
PY,JM,PV,0.0,False
PY,JM,WIND,0.0003019531513857681,False
PY,JO,PV,0.0,False
PY,JP,PV,0.0,False
PY,JP,WIND,0.0,False
PY,KE,PV,0.0,False
PY,KE,WIND,0.0,False
PY,KH,PV,0.0,False
PY,KR,PV,0.0,False
PY,KR,WIND,0.0,False
PY,KW,PV,0.0,False
PY,KZ,PV,0.0,False
PY,LC,PV,0.0,False
PY,LK,PV,0.0,False
PY,LK,WIND,0.0,False
PY,LY,PV,0.0,False
PY,LY,WIND,0.0,False
PY,MA,PV,0.010998836469563103,False
PY,MA,WIND,0.005016229603503261,False
PY,MG,PV,0.0,False
PY,MM,PV,0.0,False
PY,MN,PV,0.0,False
PY,MN,WIND,0.0,False
PY,MR,PV,0.0,False
PY,MR,WIND,0.027949866038833787,False
PY,MU,PV,0.0,False
PY,MX,PV,0.08401344639019244,False
PY,MX,WIND,0.006112113250600622,False
PY,MY,PV,0.0,False
PY,NE,PV,0.014135253216245605,False
PY,NG,PV,0.0,False
PY,NI,PV,0.0,False
PY,NL,PV,0.0,False
PY,NL,WIND,0.0,False
PY,NO,WIND,0.0,False
PY,NP,PV,0.0,False
PY,NZ,WIND,0.012594815435319887,False
PY,OM,PV,0.0,False
PY,PA,PV,0.0,False
PY,PE,PV,0.0,False
PY,PE,WIND,0.0,False
PY,PH,PV,0.0,False
PY,PH,WIND,0.037750121213623256,False
PY,PK,PV,0.0,False
PY,PK,WIND,0.0013758726273711205,False
PY,PL,PV,0.0,False
PY,PL,WIND,0.0,False
PY,PS,PV,0.0,False
PY,PT,PV,0.0,False
PY,PT,WIND,0.0,False
PY,PY,PV,0.0070692277107002755,True
PY,PY,WIND,0.0,True
PY,RO,PV,0.0,False
PY,RO,WIND,0.0,False
PY,RU,PV,0.0,False
PY,RU,WIND,0.0,False
PY,RW,PV,0.0,False
PY,SA,PV,0.0,False
PY,SE,WIND,0.0,False
PY,SK,PV,0.0,False
PY,SN,PV,0.05247310161451597,False
PY,SR,PV,0.0,False
PY,SV,PV,0.0,False
PY,TH,PV,0.0,False
PY,TH,WIND,0.0,False
PY,TN,WIND,0.0008086293464407605,False
PY,TR,PV,0.0,False
PY,TR,WIND,0.0,False
PY,TW,PV,0.0,False
PY,TW,WIND,0.0,False
PY,UA,PV,0.0,False
PY,UG,PV,0.0,False
PY,US,PV,0.2004713435611588,False
PY,US,WIND,0.03770434878427036,False
PY,UY,PV,0.01974891053484287,False
PY,UY,WIND,0.0,False
PY,UZ,PV,0.0,False
PY,VN,PV,0.0,False
PY,VN,WIND,0.0,False
PY,ZA,PV,0.0,False
PY,ZA,WIND,0.010496665120203105,False
PY,ZM,PV,0.0,False
PY,nan,PV,0.0,False
RO,AE,PV,0.02595573559724633,False
RO,AF,PV,0.0,False
RO,AQ,WIND,0.0,False
RO,AR,PV,0.0,False
RO,AR,WIND,0.0,False
RO,AT,WIND,0.0015817437503623003,False
RO,AU,PV,0.0,False
RO,AU,WIND,0.001148069840028687,False
RO,BD,PV,0.0,False
RO,BE,PV,0.0,False
RO,BE,WIND,0.0,False
RO,BF,PV,0.0,False
RO,BG,PV,0.0,False
RO,BG,WIND,0.0,False
RO,BH,PV,0.002900433531941019,False
RO,BI,PV,0.0,False
RO,BO,PV,0.0,False
RO,BR,PV,0.0,False
RO,BR,WIND,0.0035942718153300916,False
RO,BY,PV,0.0,False
RO,CA,PV,0.0,False
RO,CA,WIND,0.01243111331549206,False
RO,CH,PV,0.0,False
RO,CL,PV,0.19938368581469318,False
RO,CL,WIND,0.0,False
RO,CN,PV,0.0,False
RO,CN,WIND,0.06535430960060835,False
RO,CO,PV,0.0,False
RO,CR,PV,0.005966937500578447,False
RO,CU,PV,0.0,False
RO,CU,WIND,0.004044403445135316,False
RO,CV,PV,0.02653518967980671,False
RO,CZ,PV,0.0,False
RO,DE,PV,0.0,False
RO,DE,WIND,0.015724753913716846,False
RO,DK,PV,0.0,False
RO,DK,WIND,0.0,False
RO,DO,PV,0.0,False
RO,DO,WIND,0.007468710256359456,False
RO,DZ,PV,0.0,False
RO,EC,PV,0.0,False
RO,EE,WIND,0.0,False
RO,EG,PV,0.08619599353411371,False
RO,EG,WIND,0.0,False
RO,ES,PV,0.0,False
RO,ES,WIND,0.01590356875157372,False
RO,ET,WIND,0.0,False
RO,FI,WIND,0.0,False
RO,FJ,WIND,0.0,False
RO,FR,PV,0.0,False
RO,FR,WIND,0.0062573513366213345,False
RO,GB,PV,0.0,False
RO,GB,WIND,0.0,False
RO,GF,PV,0.0,False
RO,GH,PV,0.0,False
RO,GR,PV,0.0,False
RO,GR,WIND,0.0,False
RO,GT,PV,0.0,False
RO,GT,WIND,0.0016825075676374255,False
RO,HN,PV,0.0,False
RO,HN,WIND,0.0,False
RO,HU,PV,0.0,False
RO,ID,PV,0.0,False
RO,ID,WIND,0.0006048328291936766,False
RO,IE,WIND,0.0,False
RO,IL,PV,0.0,False
RO,IL,WIND,0.0,False
RO,IN,PV,0.04200276942308413,False
RO,IN,WIND,0.004362161698008363,False
RO,IR,PV,0.0,False
RO,IR,WIND,0.0,False
RO,IT,PV,0.0,False
RO,IT,WIND,0.0,False
RO,JM,PV,0.0,False
RO,JM,WIND,0.013451888584693235,False
RO,JO,PV,0.0,False
RO,JP,PV,0.0,False
RO,JP,WIND,0.002611484544467214,False
RO,KE,PV,0.024629816861837912,False
RO,KE,WIND,0.018120406439120443,False
RO,KH,PV,0.0,False
RO,KR,PV,0.0,False
RO,KR,WIND,0.003007869407203407,False
RO,KW,PV,0.011420295050745275,False
RO,KZ,PV,0.0,False
RO,LC,PV,0.0,False
RO,LK,PV,0.0,False
RO,LK,WIND,0.0,False
RO,LY,PV,0.0,False
RO,LY,WIND,0.0,False
RO,MA,PV,0.0,False
RO,MA,WIND,0.0,False
RO,MG,PV,0.0,False
RO,MM,PV,0.0,False
RO,MN,PV,0.0,False
RO,MN,WIND,0.0,False
RO,MR,PV,0.0,False
RO,MR,WIND,0.007769822036119811,False
RO,MU,PV,0.0,False
RO,MX,PV,0.058030488003767616,False
RO,MX,WIND,0.0,False
RO,MY,PV,0.0,False
RO,NE,PV,0.007736515244097239,False
RO,NG,PV,0.0,False
RO,NI,PV,0.0,False
RO,NL,PV,0.0,False
RO,NL,WIND,0.0,False
RO,NO,WIND,0.0,False
RO,NP,PV,0.012023695511591577,False
RO,NZ,WIND,0.0,False
RO,OM,PV,0.08005317315248937,False
RO,PA,PV,0.0,False
RO,PE,PV,0.0,False
RO,PE,WIND,0.0,False
RO,PH,PV,0.0,False
RO,PH,WIND,0.0356790631805813,False
RO,PK,PV,0.0,False
RO,PK,WIND,0.0,False
RO,PL,PV,0.0,False
RO,PL,WIND,0.004244380693976175,False
RO,PS,PV,0.0,False
RO,PT,PV,0.0,False
RO,PT,WIND,0.0026370972168195343,False
RO,PY,PV,0.018499696165514,False
RO,PY,WIND,0.0,False
RO,RO,PV,0.0,True
RO,RO,WIND,0.004916316743314394,True
RO,RU,PV,0.004432180534208894,False
RO,RU,WIND,0.0,False
RO,RW,PV,0.0,False
RO,SA,PV,0.0,False
RO,SE,WIND,0.0,False
RO,SK,PV,0.0,False
RO,SN,PV,0.023588372038800032,False
RO,SR,PV,0.0,False
RO,SV,PV,0.0,False
RO,TH,PV,0.0,False
RO,TH,WIND,0.0,False
RO,TN,WIND,0.0022513064217948016,False
RO,TR,PV,0.0,False
RO,TR,WIND,0.0,False
RO,TW,PV,0.0,False
RO,TW,WIND,0.00038124134011503037,False
RO,UA,PV,0.0,False
RO,UG,PV,0.00272395144144344,False
RO,US,PV,0.04655970060681427,False
RO,US,WIND,0.07312777092436391,False
RO,UY,PV,0.0035276795304235217,False
RO,UY,WIND,0.0,False
RO,UZ,PV,0.0,False
RO,VN,PV,0.0,False
RO,VN,WIND,0.0,False
RO,ZA,PV,0.0034957123642087823,False
RO,ZA,WIND,0.005981532759955697,False
RO,ZM,PV,0.0,False
RO,nan,PV,0.0,False
RU,AE,PV,0.0,False
RU,AF,PV,0.015307721672605447,False
RU,AQ,WIND,0.0070588539461990734,False
RU,AR,PV,0.013033705173822087,False
RU,AR,WIND,0.0,False
RU,AT,WIND,0.015334260067078085,False
RU,AU,PV,0.0,False
RU,AU,WIND,0.009437523268381334,False
RU,BD,PV,0.0,False
RU,BE,PV,0.0,False
RU,BE,WIND,0.0,False
RU,BF,PV,0.0,False
RU,BG,PV,0.0,False
RU,BG,WIND,0.0,False
RU,BH,PV,0.0,False
RU,BI,PV,0.0,False
RU,BO,PV,0.021387080762035132,False
RU,BR,PV,0.0,False
RU,BR,WIND,0.00014983828721620637,False
RU,BY,PV,0.0,False
RU,CA,PV,0.0,False
RU,CA,WIND,0.03180993979252577,False
RU,CH,PV,0.0,False
RU,CL,PV,0.02296740818633558,False
RU,CL,WIND,0.026541661111760737,False
RU,CN,PV,0.025039552010966276,False
RU,CN,WIND,0.09394620051216482,False
RU,CO,PV,0.0,False
RU,CR,PV,0.008200989770955798,False
RU,CU,PV,0.0,False
RU,CU,WIND,0.0,False
RU,CV,PV,0.022452904828626573,False
RU,CZ,PV,0.0,False
RU,DE,PV,0.0,False
RU,DE,WIND,0.0,False
RU,DK,PV,0.0,False
RU,DK,WIND,0.0,False
RU,DO,PV,0.0,False
RU,DO,WIND,0.0031688359299626126,False
RU,DZ,PV,0.02246007281496797,False
RU,EC,PV,0.0,False
RU,EE,WIND,0.0,False
RU,EG,PV,0.0,False
RU,EG,WIND,0.004865839164668362,False
RU,ES,PV,0.01007001156640155,False
RU,ES,WIND,0.014049574442281613,False
RU,ET,WIND,0.0,False
RU,FI,WIND,0.03566816340937937,False
RU,FJ,WIND,0.0022187013619246257,False
RU,FR,PV,0.0,False
RU,FR,WIND,0.00900221127377571,False
RU,GB,PV,0.0,False
RU,GB,WIND,0.0,False
RU,GF,PV,0.034601686821401995,False
RU,GH,PV,0.02465042455153386,False
RU,GR,PV,0.0,False
RU,GR,WIND,0.0,False
RU,GT,PV,0.0,False
RU,GT,WIND,0.0,False
RU,HN,PV,0.0,False
RU,HN,WIND,0.0,False
RU,HU,PV,0.0,False
RU,ID,PV,0.0,False
RU,ID,WIND,0.0,False
RU,IE,WIND,0.0,False
RU,IL,PV,0.0,False
RU,IL,WIND,0.0,False
RU,IN,PV,0.05874767559795112,False
RU,IN,WIND,0.0,False
RU,IR,PV,0.0,False
RU,IR,WIND,0.0,False
RU,IT,PV,0.01143867714815961,False
RU,IT,WIND,0.004171009148969261,False
RU,JM,PV,0.0,False
RU,JM,WIND,0.0,False
RU,JO,PV,0.013117811145468764,False
RU,JP,PV,0.011200212816982308,False
RU,JP,WIND,0.0,False
RU,KE,PV,0.0,False
RU,KE,WIND,0.0,False
RU,KH,PV,0.0,False
RU,KR,PV,0.0,False
RU,KR,WIND,0.0,False
RU,KW,PV,0.0,False
RU,KZ,PV,0.0,False
RU,LC,PV,0.0,False
RU,LK,PV,0.0,False
RU,LK,WIND,0.0,False
RU,LY,PV,0.0,False
RU,LY,WIND,0.0,False
RU,MA,PV,0.018836667175935455,False
RU,MA,WIND,0.008694897754159025,False
RU,MG,PV,0.05377199015907374,False
RU,MM,PV,0.0,False
RU,MN,PV,0.0,False
RU,MN,WIND,0.0037331480467277176,False
RU,MR,PV,0.0,False
RU,MR,WIND,0.0,False
RU,MU,PV,0.0,False
RU,MX,PV,0.0738263028976104,False
RU,MX,WIND,0.0,False
RU,MY,PV,0.0,False
RU,NE,PV,0.025153198048822857,False
RU,NG,PV,0.0,False
RU,NI,PV,0.0,False
RU,NL,PV,0.0,False
RU,NL,WIND,0.0,False
RU,NO,WIND,0.004662747359367524,False
RU,NP,PV,0.0,False
RU,NZ,WIND,0.013736327509679038,False
RU,OM,PV,0.010167670684205708,False
RU,PA,PV,0.0,False
RU,PE,PV,0.0,False
RU,PE,WIND,0.0,False
RU,PH,PV,0.0,False
RU,PH,WIND,0.0,False
RU,PK,PV,0.0,False
RU,PK,WIND,0.0,False
RU,PL,PV,0.0,False
RU,PL,WIND,0.0,False
RU,PS,PV,0.0,False
RU,PT,PV,0.0,False
RU,PT,WIND,0.0,False
RU,PY,PV,0.0,False
RU,PY,WIND,0.0,False
RU,RO,PV,0.0,False
RU,RO,WIND,0.0,False
RU,RU,PV,0.0159397525199455,True
RU,RU,WIND,0.0,True
RU,RW,PV,0.0,False
RU,SA,PV,0.0,False
RU,SE,WIND,0.0,False
RU,SK,PV,0.0,False
RU,SN,PV,0.0,False
RU,SR,PV,0.044957831816794955,False
RU,SV,PV,0.0,False
RU,TH,PV,0.0,False
RU,TH,WIND,0.0,False
RU,TN,WIND,0.0,False
RU,TR,PV,0.0,False
RU,TR,WIND,0.0,False
RU,TW,PV,0.0,False
RU,TW,WIND,0.005058055398922807,False
RU,UA,PV,0.0,False
RU,UG,PV,0.0,False
RU,US,PV,0.08473706990676486,False
RU,US,WIND,0.06462579413748935,False
RU,UY,PV,0.0,False
RU,UY,WIND,0.0,False
RU,UZ,PV,0.0,False
RU,VN,PV,0.0,False
RU,VN,WIND,0.0,False
RU,ZA,PV,0.0,False
RU,ZA,WIND,0.0,False
RU,ZM,PV,0.0,False
RU,nan,PV,0.0,False
RW,AE,PV,0.01401994883466506,False
RW,AF,PV,0.0,False
RW,AQ,WIND,0.0,False
RW,AR,PV,0.0,False
RW,AR,WIND,0.0,False
RW,AT,WIND,0.0005829338845691953,False
RW,AU,PV,0.0,False
RW,AU,WIND,0.004517919930705902,False
RW,BD,PV,0.0,False
RW,BE,PV,0.0,False
RW,BE,WIND,0.0,False
RW,BF,PV,0.0,False
RW,BG,PV,0.0,False
RW,BG,WIND,0.0,False
RW,BH,PV,0.0,False
RW,BI,PV,0.0,False
RW,BO,PV,0.07200931394166922,False
RW,BR,PV,0.0,False
RW,BR,WIND,0.006194195996361118,False
RW,BY,PV,0.0,False
RW,CA,PV,0.0,False
RW,CA,WIND,0.01737916746050929,False
RW,CH,PV,0.0,False
RW,CL,PV,0.12940696672797264,False
RW,CL,WIND,0.0,False
RW,CN,PV,0.0,False
RW,CN,WIND,0.04340112111120627,False
RW,CO,PV,0.0,False
RW,CR,PV,0.0,False
RW,CU,PV,0.0,False
RW,CU,WIND,0.00854681277064679,False
RW,CV,PV,0.0,False
RW,CZ,PV,0.0,False
RW,DE,PV,0.0,False
RW,DE,WIND,0.0029134185091825304,False
RW,DK,PV,0.0,False
RW,DK,WIND,0.0,False
RW,DO,PV,0.0,False
RW,DO,WIND,0.02174044544233495,False
RW,DZ,PV,0.0,False
RW,EC,PV,0.015235463238360633,False
RW,EE,WIND,0.008145864091772582,False
RW,EG,PV,0.08178005120000824,False
RW,EG,WIND,0.0,False
RW,ES,PV,0.0,False
RW,ES,WIND,0.00421890099949484,False
RW,ET,WIND,0.0124817760349177,False
RW,FI,WIND,0.0,False
RW,FJ,WIND,0.0005018620196233323,False
RW,FR,PV,0.0,False
RW,FR,WIND,0.012819374904059721,False
RW,GB,PV,0.0,False
RW,GB,WIND,0.00041781868306017594,False
RW,GF,PV,0.005755518205069715,False
RW,GH,PV,0.007847747610997397,False
RW,GR,PV,0.0,False
RW,GR,WIND,0.0,False
RW,GT,PV,0.0,False
RW,GT,WIND,0.0095338145565716,False
RW,HN,PV,0.0,False
RW,HN,WIND,0.0,False
RW,HU,PV,0.0,False
RW,ID,PV,0.004878255656285712,False
RW,ID,WIND,0.000486705368948513,False
RW,IE,WIND,0.0,False
RW,IL,PV,0.0,False
RW,IL,WIND,0.0,False
RW,IN,PV,0.09378654846129718,False
RW,IN,WIND,0.003857212082763654,False
RW,IR,PV,0.0,False
RW,IR,WIND,0.0,False
RW,IT,PV,0.0,False
RW,IT,WIND,0.0,False
RW,JM,PV,0.0,False
RW,JM,WIND,0.0034458396733834857,False
RW,JO,PV,0.0,False
RW,JP,PV,0.0,False
RW,JP,WIND,0.002488725259270047,False
RW,KE,PV,0.024492160482465285,False
RW,KE,WIND,0.0021259511519241,False
RW,KH,PV,0.0,False
RW,KR,PV,0.0,False
RW,KR,WIND,0.0007892534184938464,False
RW,KW,PV,0.0,False
RW,KZ,PV,0.0,False
RW,LC,PV,0.0,False
RW,LK,PV,0.0,False
RW,LK,WIND,0.0,False
RW,LY,PV,0.0,False
RW,LY,WIND,0.0,False
RW,MA,PV,0.0,False
RW,MA,WIND,0.0,False
RW,MG,PV,0.012101723979460296,False
RW,MM,PV,0.0,False
RW,MN,PV,0.0,False
RW,MN,WIND,0.0,False
RW,MR,PV,0.0,False
RW,MR,WIND,0.008939104192836413,False
RW,MU,PV,0.0521324904128206,False
RW,MX,PV,0.04412996135194736,False
RW,MX,WIND,0.000506622544528853,False
RW,MY,PV,0.0,False
RW,NE,PV,0.0,False
RW,NG,PV,0.001953497847027909,False
RW,NI,PV,0.0,False
RW,NL,PV,0.0,False
RW,NL,WIND,0.006205314332142027,False
RW,NO,WIND,0.001875065431759584,False
RW,NP,PV,0.0,False
RW,NZ,WIND,0.0,False
RW,OM,PV,0.013117461486537725,False
RW,PA,PV,0.0006754986567998422,False
RW,PE,PV,0.0,False
RW,PE,WIND,0.0,False
RW,PH,PV,0.0,False
RW,PH,WIND,0.002653997895368629,False
RW,PK,PV,0.0,False
RW,PK,WIND,0.0,False
RW,PL,PV,0.0,False
RW,PL,WIND,0.0,False
RW,PS,PV,0.0,False
RW,PT,PV,0.0,False
RW,PT,WIND,0.0047544504184428415,False
RW,PY,PV,0.01772234019434065,False
RW,PY,WIND,0.0,False
RW,RO,PV,0.0,False
RW,RO,WIND,0.0036456942979465516,False
RW,RU,PV,0.0,False
RW,RU,WIND,0.008054622250949025,False
RW,RW,PV,0.0,True
RW,SA,PV,0.0,False
RW,SE,WIND,0.0,False
RW,SK,PV,0.0,False
RW,SN,PV,0.004663567915623899,False
RW,SR,PV,0.010763252242901875,False
RW,SV,PV,0.0,False
RW,TH,PV,0.0,False
RW,TH,WIND,0.007399177938687328,False
RW,TN,WIND,0.0008964564970309418,False
RW,TR,PV,0.0,False
RW,TR,WIND,0.0,False
RW,TW,PV,0.0,False
RW,TW,WIND,0.0017515371183783796,False
RW,UA,PV,0.0,False
RW,UG,PV,0.0,False
RW,US,PV,0.05557596546119458,False
RW,US,WIND,0.05096379657375428,False
RW,UY,PV,0.0,False
RW,UY,WIND,0.0,False
RW,UZ,PV,0.0,False
RW,VN,PV,0.0,False
RW,VN,WIND,0.0,False
RW,ZA,PV,0.023837062433064722,False
RW,ZA,WIND,0.00476841768328176,False
RW,ZM,PV,0.0,False
RW,nan,PV,0.04511183313458208,False
SA,AE,PV,0.0030758673073764,False
SA,AF,PV,0.0,False
SA,AQ,WIND,0.0,False
SA,AR,PV,0.0,False
SA,AR,WIND,0.0,False
SA,AT,WIND,0.00801704616077099,False
SA,AU,PV,0.0,False
SA,AU,WIND,0.0018110812294217583,False
SA,BD,PV,0.0,False
SA,BE,PV,0.0,False
SA,BE,WIND,0.0,False
SA,BF,PV,0.0013506957484848707,False
SA,BG,PV,0.0,False
SA,BG,WIND,0.0014897823180439046,False
SA,BH,PV,0.022276093469550465,False
SA,BI,PV,0.0,False
SA,BO,PV,0.0,False
SA,BR,PV,0.0,False
SA,BR,WIND,0.0036254658024427243,False
SA,BY,PV,0.0,False
SA,CA,PV,0.0,False
SA,CA,WIND,0.03094141191347352,False
SA,CH,PV,0.0,False
SA,CL,PV,0.056605037563383365,False
SA,CL,WIND,0.0,False
SA,CN,PV,0.012689919277079685,False
SA,CN,WIND,0.08142911658574178,False
SA,CO,PV,0.0,False
SA,CR,PV,0.0,False
SA,CU,PV,0.0,False
SA,CU,WIND,0.009512599276637829,False
SA,CV,PV,0.013767312184614688,False
SA,CZ,PV,0.0,False
SA,DE,PV,0.0,False
SA,DE,WIND,0.007272968561744853,False
SA,DK,PV,0.0006463331313777401,False
SA,DK,WIND,0.0,False
SA,DO,PV,0.0,False
SA,DO,WIND,0.016318992700386496,False
SA,DZ,PV,0.0,False
SA,EC,PV,0.0,False
SA,EE,WIND,0.010171577698490485,False
SA,EG,PV,0.0,False
SA,EG,WIND,0.0,False
SA,ES,PV,0.0,False
SA,ES,WIND,0.016195125019525136,False
SA,ET,WIND,0.01846228873894686,False
SA,FI,WIND,0.0,False
SA,FJ,WIND,0.014282843825048491,False
SA,FR,PV,0.0130179917684787,False
SA,FR,WIND,0.020353616202893277,False
SA,GB,PV,0.003716353848965528,False
SA,GB,WIND,0.015961799102208615,False
SA,GF,PV,0.0,False
SA,GH,PV,0.0158656456116961,False
SA,GR,PV,0.0,False
SA,GR,WIND,0.0,False
SA,GT,PV,0.0,False
SA,GT,WIND,0.0011054429441442037,False
SA,HN,PV,0.0018917082294754946,False
SA,HN,WIND,0.022646691398884942,False
SA,HU,PV,0.0,False
SA,ID,PV,0.0,False
SA,ID,WIND,0.0012491871269105575,False
SA,IE,WIND,0.0,False
SA,IL,PV,0.010954931060623918,False
SA,IL,WIND,0.0004327070794489295,False
SA,IN,PV,0.00038512902430036994,False
SA,IN,WIND,0.022263940614915385,False
SA,IR,PV,0.0,False
SA,IR,WIND,0.0,False
SA,IT,PV,0.0,False
SA,IT,WIND,0.0,False
SA,JM,PV,0.0,False
SA,JM,WIND,0.007844512808511778,False
SA,JO,PV,0.0,False
SA,JP,PV,0.013966540662600176,False
SA,JP,WIND,0.007879001678286422,False
SA,KE,PV,0.0,False
SA,KE,WIND,0.013775565815343971,False
SA,KH,PV,0.0,False
SA,KR,PV,0.0,False
SA,KR,WIND,0.001304583517456204,False
SA,KW,PV,0.0,False
SA,KZ,PV,0.0,False
SA,LC,PV,0.0,False
SA,LK,PV,0.0,False
SA,LK,WIND,0.0,False
SA,LY,PV,0.0,False
SA,LY,WIND,0.0004188067989312818,False
SA,MA,PV,0.0,False
SA,MA,WIND,0.0006702656518774672,False
SA,MG,PV,0.0,False
SA,MM,PV,0.0,False
SA,MN,PV,0.0,False
SA,MN,WIND,0.0,False
SA,MR,PV,0.0,False
SA,MR,WIND,0.012974833274077334,False
SA,MU,PV,0.0,False
SA,MX,PV,0.09809026966055809,False
SA,MX,WIND,0.0011956670070345536,False
SA,MY,PV,0.0,False
SA,NE,PV,0.019494863238073885,False
SA,NG,PV,0.0,False
SA,NI,PV,0.0,False
SA,NL,PV,0.0,False
SA,NL,WIND,0.0,False
SA,NO,WIND,0.0,False
SA,NP,PV,0.0017612658271648125,False
SA,NZ,WIND,0.0,False
SA,OM,PV,0.0,False
SA,PA,PV,0.0,False
SA,PE,PV,0.0,False
SA,PE,WIND,0.032896483775517474,False
SA,PH,PV,0.0,False
SA,PH,WIND,0.02041500612666539,False
SA,PK,PV,0.0,False
SA,PK,WIND,0.0,False
SA,PL,PV,0.0,False
SA,PL,WIND,0.007933688714466614,False
SA,PS,PV,0.0,False
SA,PT,PV,0.0,False
SA,PT,WIND,0.0027395444259220004,False
SA,PY,PV,0.004617839535859232,False
SA,PY,WIND,0.0,False
SA,RO,PV,0.0,False
SA,RO,WIND,0.0014020974381219501,False
SA,RU,PV,0.0,False
SA,RU,WIND,0.0,False
SA,RW,PV,0.0,False
SA,SA,PV,0.0,True
SA,SE,WIND,0.0,False
SA,SK,PV,0.0,False
SA,SN,PV,0.0,False
SA,SR,PV,0.0,False
SA,SV,PV,0.002460426822211593,False
SA,TH,PV,0.0,False
SA,TH,WIND,0.010171725211393727,False
SA,TN,WIND,0.0,False
SA,TR,PV,0.0,False
SA,TR,WIND,0.0,False
SA,TW,PV,0.0,False
SA,TW,WIND,0.0,False
SA,UA,PV,0.0,False
SA,UG,PV,0.003518088535063894,False
SA,US,PV,0.06241346772098867,False
SA,US,WIND,0.12030891541177048,False
SA,UY,PV,0.007819991740869489,False
SA,UY,WIND,0.0,False
SA,UZ,PV,0.0012845506246506554,False
SA,VN,PV,0.0,False
SA,VN,WIND,0.0,False
SA,ZA,PV,0.03126357243128047,False
SA,ZA,WIND,0.02157112617200601,False
SA,ZM,PV,0.0,False
SA,nan,PV,0.030020596847807328,False
SE,AE,PV,0.016977749937512533,False
SE,AF,PV,0.0,False
SE,AQ,WIND,0.0,False
SE,AR,PV,0.0,False
SE,AR,WIND,0.0,False
SE,AT,WIND,0.0,False
SE,AU,PV,0.0,False
SE,AU,WIND,0.002655162898117233,False
SE,BD,PV,0.0,False
SE,BE,PV,0.0,False
SE,BE,WIND,0.0,False
SE,BF,PV,0.0,False
SE,BG,PV,0.0,False
SE,BG,WIND,0.0,False
SE,BH,PV,0.0,False
SE,BI,PV,0.0,False
SE,BO,PV,0.04200519723273225,False
SE,BR,PV,0.0,False
SE,BR,WIND,0.0045742270533774155,False
SE,BY,PV,0.0,False
SE,CA,PV,0.0,False
SE,CA,WIND,0.018148495816954265,False
SE,CH,PV,0.0,False
SE,CL,PV,0.034133439941689776,False
SE,CL,WIND,0.0,False
SE,CN,PV,0.0,False
SE,CN,WIND,0.07301795398926786,False
SE,CO,PV,0.0,False
SE,CR,PV,0.0,False
SE,CU,PV,0.007164679414475934,False
SE,CU,WIND,0.0,False
SE,CV,PV,0.0,False
SE,CZ,PV,0.0,False
SE,DE,PV,0.0,False
SE,DE,WIND,0.017639351888519856,False
SE,DK,PV,0.0,False
SE,DK,WIND,0.0,False
SE,DO,PV,0.0,False
SE,DO,WIND,0.009654578815315352,False
SE,DZ,PV,0.0,False
SE,EC,PV,0.00743786836454844,False
SE,EE,WIND,0.01928730969072828,False
SE,EG,PV,0.0782812152964883,False
SE,EG,WIND,0.0,False
SE,ES,PV,0.0,False
SE,ES,WIND,0.0,False
SE,ET,WIND,0.0,False
SE,FI,WIND,0.0,False
SE,FJ,WIND,0.0014269451816198797,False
SE,FR,PV,0.0,False
SE,FR,WIND,0.004293112384536753,False
SE,GB,PV,0.0,False
SE,GB,WIND,0.0,False
SE,GF,PV,0.0,False
SE,GH,PV,0.02146710705731854,False
SE,GR,PV,0.0,False
SE,GR,WIND,0.0,False
SE,GT,PV,0.0,False
SE,GT,WIND,0.0,False
SE,HN,PV,0.0,False
SE,HN,WIND,0.0,False
SE,HU,PV,0.0,False
SE,ID,PV,0.0,False
SE,ID,WIND,0.0,False
SE,IE,WIND,0.0,False
SE,IL,PV,0.0,False
SE,IL,WIND,0.0,False
SE,IN,PV,0.02022735248029463,False
SE,IN,WIND,0.0,False
SE,IR,PV,0.0,False
SE,IR,WIND,0.0,False
SE,IT,PV,0.0,False
SE,IT,WIND,0.0,False
SE,JM,PV,0.0,False
SE,JM,WIND,0.015187249863302252,False
SE,JO,PV,0.03505721691558389,False
SE,JP,PV,0.0,False
SE,JP,WIND,0.0,False
SE,KE,PV,0.008895679026225851,False
SE,KE,WIND,0.009254252399183389,False
SE,KH,PV,0.0,False
SE,KR,PV,0.0,False
SE,KR,WIND,0.0,False
SE,KW,PV,0.0,False
SE,KZ,PV,0.0,False
SE,LC,PV,0.0,False
SE,LK,PV,0.0,False
SE,LK,WIND,0.0,False
SE,LY,PV,0.0,False
SE,LY,WIND,0.0,False
SE,MA,PV,0.0,False
SE,MA,WIND,0.0,False
SE,MG,PV,0.0,False
SE,MM,PV,0.0,False
SE,MN,PV,0.0,False
SE,MN,WIND,0.0,False
SE,MR,PV,0.0,False
SE,MR,WIND,0.0,False
SE,MU,PV,0.0,False
SE,MX,PV,0.10059586895441809,False
SE,MX,WIND,0.0,False
SE,MY,PV,0.0,False
SE,NE,PV,0.017460281533093338,False
SE,NG,PV,0.00012451725455366302,False
SE,NI,PV,0.0,False
SE,NL,PV,0.0,False
SE,NL,WIND,0.011348130504880562,False
SE,NO,WIND,0.016955325116548216,False
SE,NP,PV,0.0,False
SE,NZ,WIND,0.009137042161978966,False
SE,OM,PV,0.06389047337667807,False
SE,PA,PV,0.0,False
SE,PE,PV,0.11319064678438398,False
SE,PE,WIND,0.00721576962941079,False
SE,PH,PV,0.0,False
SE,PH,WIND,0.01733285443496469,False
SE,PK,PV,0.0,False
SE,PK,WIND,0.0,False
SE,PL,PV,0.0,False
SE,PL,WIND,0.00046233344197412477,False
SE,PS,PV,0.0,False
SE,PT,PV,0.0,False
SE,PT,WIND,0.0036084269439867153,False
SE,PY,PV,0.0,False
SE,PY,WIND,0.0,False
SE,RO,PV,0.0,False
SE,RO,WIND,0.0025091134975723547,False
SE,RU,PV,0.009996382153008508,False
SE,RU,WIND,0.0,False
SE,RW,PV,0.0,False
SE,SA,PV,0.03769330116059586,False
SE,SE,WIND,0.0,True
SE,SK,PV,0.0,False
SE,SN,PV,0.0,False
SE,SR,PV,0.0,False
SE,SV,PV,0.0,False
SE,TH,PV,0.0,False
SE,TH,WIND,0.013588038196378537,False
SE,TN,WIND,0.0,False
SE,TR,PV,0.0,False
SE,TR,WIND,0.0,False
SE,TW,PV,0.0,False
SE,TW,WIND,0.0018888428214718842,False
SE,UA,PV,0.0,False
SE,UG,PV,0.0018600830791814748,False
SE,US,PV,0.04304274088958009,False
SE,US,WIND,0.07165672457986359,False
SE,UY,PV,0.0,False
SE,UY,WIND,0.0,False
SE,UZ,PV,0.0,False
SE,VN,PV,0.0,False
SE,VN,WIND,0.0,False
SE,ZA,PV,0.0026560532502080667,False
SE,ZA,WIND,0.007000904587473699,False
SE,ZM,PV,0.0,False
SE,nan,PV,0.0,False
SK,AE,PV,0.0,False
SK,AF,PV,0.0,False
SK,AQ,WIND,0.0,False
SK,AR,PV,0.006612937178699794,False
SK,AR,WIND,0.0,False
SK,AT,WIND,0.005039188266573811,False
SK,AU,PV,0.0,False
SK,AU,WIND,0.005290495798636863,False
SK,BD,PV,0.0,False
SK,BE,PV,0.0,False
SK,BE,WIND,0.0,False
SK,BF,PV,0.0,False
SK,BG,PV,0.0,False
SK,BG,WIND,0.0,False
SK,BH,PV,0.0,False
SK,BI,PV,0.0,False
SK,BO,PV,0.03150870164780209,False
SK,BR,PV,0.0,False
SK,BR,WIND,0.004103860611059592,False
SK,BY,PV,0.0,False
SK,CA,PV,0.0,False
SK,CA,WIND,0.010645283855588862,False
SK,CH,PV,0.0,False
SK,CL,PV,0.21189915425216665,False
SK,CL,WIND,0.0,False
SK,CN,PV,0.0,False
SK,CN,WIND,0.06724756238827385,False
SK,CO,PV,0.0,False
SK,CR,PV,0.008215011715053922,False
SK,CU,PV,0.0,False
SK,CU,WIND,0.0,False
SK,CV,PV,0.006463570516080444,False
SK,CZ,PV,0.0,False
SK,DE,PV,0.0,False
SK,DE,WIND,0.012655850131544579,False
SK,DK,PV,0.0,False
SK,DK,WIND,0.0,False
SK,DO,PV,0.0,False
SK,DO,WIND,0.0031112408635971377,False
SK,DZ,PV,0.0,False
SK,EC,PV,0.0,False
SK,EE,WIND,0.0001736311825955673,False
SK,EG,PV,0.0794167805467406,False
SK,EG,WIND,0.0,False
SK,ES,PV,0.0,False
SK,ES,WIND,0.0050870102002487615,False
SK,ET,WIND,0.0,False
SK,FI,WIND,0.0,False
SK,FJ,WIND,0.0,False
SK,FR,PV,0.0,False
SK,FR,WIND,0.010235630891147252,False
SK,GB,PV,0.0,False
SK,GB,WIND,0.0,False
SK,GF,PV,0.0,False
SK,GH,PV,0.013255670685538649,False
SK,GR,PV,0.0,False
SK,GR,WIND,0.0,False
SK,GT,PV,0.0,False
SK,GT,WIND,0.0,False
SK,HN,PV,0.0,False
SK,HN,WIND,0.0,False
SK,HU,PV,0.0,False
SK,ID,PV,0.0,False
SK,ID,WIND,0.0,False
SK,IE,WIND,0.0,False
SK,IL,PV,0.0,False
SK,IL,WIND,0.0,False
SK,IN,PV,0.03857802771851016,False
SK,IN,WIND,0.0,False
SK,IR,PV,0.0,False
SK,IR,WIND,0.0,False
SK,IT,PV,0.0,False
SK,IT,WIND,0.0,False
SK,JM,PV,0.0,False
SK,JM,WIND,0.006499879221000046,False
SK,JO,PV,0.0,False
SK,JP,PV,0.0,False
SK,JP,WIND,0.0,False
SK,KE,PV,0.029836491964731118,False
SK,KE,WIND,0.0032390245045997557,False
SK,KH,PV,0.0,False
SK,KR,PV,0.0,False
SK,KR,WIND,0.0,False
SK,KW,PV,0.0,False
SK,KZ,PV,0.0,False
SK,LC,PV,0.0,False
SK,LK,PV,0.0,False
SK,LK,WIND,0.0,False
SK,LY,PV,0.0,False
SK,LY,WIND,0.0,False
SK,MA,PV,0.0,False
SK,MA,WIND,0.0,False
SK,MG,PV,0.0,False
SK,MM,PV,0.0,False
SK,MN,PV,0.0,False
SK,MN,WIND,0.0,False
SK,MR,PV,0.0,False
SK,MR,WIND,0.0,False
SK,MU,PV,0.0,False
SK,MX,PV,0.08204415497758308,False
SK,MX,WIND,0.0,False
SK,MY,PV,0.0,False
SK,NE,PV,0.008366902112004582,False
SK,NG,PV,0.0,False
SK,NI,PV,0.0,False
SK,NL,PV,0.0,False
SK,NL,WIND,0.0,False
SK,NO,WIND,0.00047640505435309587,False
SK,NP,PV,0.0076523397805569595,False
SK,NZ,WIND,0.0012735989649528792,False
SK,OM,PV,0.11826227177620544,False
SK,PA,PV,0.0,False
SK,PE,PV,0.0,False
SK,PE,WIND,0.0,False
SK,PH,PV,0.0,False
SK,PH,WIND,0.027516496301493353,False
SK,PK,PV,0.0,False
SK,PK,WIND,0.0,False
SK,PL,PV,0.0,False
SK,PL,WIND,0.0,False
SK,PS,PV,0.0,False
SK,PT,PV,0.0,False
SK,PT,WIND,0.005560405446844234,False
SK,PY,PV,0.011450321495157654,False
SK,PY,WIND,0.0,False
SK,RO,PV,0.0,False
SK,RO,WIND,0.002189522371786423,False
SK,RU,PV,0.005393762123163722,False
SK,RU,WIND,0.0,False
SK,RW,PV,0.0,False
SK,SA,PV,0.03918030978090577,False
SK,SE,WIND,0.0,False
SK,SK,PV,0.0,True
SK,SN,PV,0.012060333644178226,False
SK,SR,PV,0.0,False
SK,SV,PV,0.0,False
SK,TH,PV,0.0,False
SK,TH,WIND,0.008868145098540269,False
SK,TN,WIND,0.0,False
SK,TR,PV,0.0,False
SK,TR,WIND,0.0,False
SK,TW,PV,0.0,False
SK,TW,WIND,0.0015477774319120029,False
SK,UA,PV,0.0,False
SK,UG,PV,0.00019634903625745766,False
SK,US,PV,0.041754911824474036,False
SK,US,WIND,0.06141516341718609,False
SK,UY,PV,0.0,False
SK,UY,WIND,0.0,False
SK,UZ,PV,0.0,False
SK,VN,PV,0.0,False
SK,VN,WIND,0.0,False
SK,ZA,PV,0.0051839249692283125,False
SK,ZA,WIND,0.0004919002530255766,False
SK,ZM,PV,0.0,False
SK,nan,PV,0.0,False
SN,AE,PV,0.0,False
SN,AF,PV,0.0,False
SN,AQ,WIND,0.00936236399260026,False
SN,AR,PV,0.0,False
SN,AR,WIND,0.0,False
SN,AT,WIND,0.007779598199042856,False
SN,AU,PV,0.0,False
SN,AU,WIND,0.0014568590679445068,False
SN,BD,PV,0.0,False
SN,BE,PV,0.004056926402806641,False
SN,BE,WIND,0.0,False
SN,BF,PV,0.010622748723870744,False
SN,BG,PV,0.0,False
SN,BG,WIND,0.0,False
SN,BH,PV,0.0,False
SN,BI,PV,0.0,False
SN,BO,PV,0.0,False
SN,BR,PV,0.0032020056733116824,False
SN,BR,WIND,0.027432967218113356,False
SN,BY,PV,0.0,False
SN,CA,PV,0.0,False
SN,CA,WIND,0.008635908916202913,False
SN,CH,PV,0.0,False
SN,CL,PV,0.0,False
SN,CL,WIND,0.002741528265558814,False
SN,CN,PV,0.0,False
SN,CN,WIND,0.009127865637209142,False
SN,CO,PV,0.0,False
SN,CR,PV,0.0,False
SN,CU,PV,0.0,False
SN,CU,WIND,0.0,False
SN,CV,PV,0.010908519437638283,False
SN,CZ,PV,0.008331454875479075,False
SN,DE,PV,0.01836300876542885,False
SN,DE,WIND,0.0,False
SN,DK,PV,0.0065090229580838386,False
SN,DK,WIND,0.0,False
SN,DO,PV,0.0,False
SN,DO,WIND,0.014196264056043054,False
SN,DZ,PV,0.009579966594493897,False
SN,EC,PV,0.0,False
SN,EE,WIND,0.0,False
SN,EG,PV,0.0,False
SN,EG,WIND,0.007206434837357924,False
SN,ES,PV,0.01431486698783993,False
SN,ES,WIND,0.012214860136465066,False
SN,ET,WIND,0.0016695408985508173,False
SN,FI,WIND,0.0,False
SN,FJ,WIND,0.013030249199747098,False
SN,FR,PV,0.021514826716340446,False
SN,FR,WIND,0.004283764726236522,False
SN,GB,PV,0.0,False
SN,GB,WIND,0.01934995210619353,False
SN,GF,PV,0.00864185252690554,False
SN,GH,PV,0.002967570321506807,False
SN,GR,PV,0.0,False
SN,GR,WIND,0.0,False
SN,GT,PV,0.0,False
SN,GT,WIND,0.0,False
SN,HN,PV,0.0,False
SN,HN,WIND,0.0,False
SN,HU,PV,0.001955656489462753,False
SN,ID,PV,0.0,False
SN,ID,WIND,0.0,False
SN,IE,WIND,0.0,False
SN,IL,PV,0.0,False
SN,IL,WIND,0.006708771338780852,False
SN,IN,PV,0.0,False
SN,IN,WIND,0.03602526124795937,False
SN,IR,PV,0.0,False
SN,IR,WIND,0.00489225794889329,False
SN,IT,PV,0.005560542956856184,False
SN,IT,WIND,0.0,False
SN,JM,PV,0.0,False
SN,JM,WIND,0.01116968508894459,False
SN,JO,PV,0.0,False
SN,JP,PV,0.025778624727956098,False
SN,JP,WIND,0.0,False
SN,KE,PV,0.0,False
SN,KE,WIND,0.005879422250942792,False
SN,KH,PV,0.0,False
SN,KR,PV,0.0,False
SN,KR,WIND,0.0,False
SN,KW,PV,0.0,False
SN,KZ,PV,0.0,False
SN,LC,PV,0.022946455551544048,False
SN,LK,PV,0.0,False
SN,LK,WIND,0.006443966709274176,False
SN,LY,PV,0.02092972738498696,False
SN,LY,WIND,0.0,False
SN,MA,PV,0.06713028283352457,False
SN,MA,WIND,0.0040064516592401055,False
SN,MG,PV,0.0,False
SN,MM,PV,0.0,False
SN,MN,PV,0.0,False
SN,MN,WIND,0.0,False
SN,MR,PV,0.0,False
SN,MR,WIND,0.0035408926965458036,False
SN,MU,PV,0.0,False
SN,MX,PV,0.0465495336904347,False
SN,MX,WIND,0.0,False
SN,MY,PV,0.0,False
SN,NE,PV,0.0,False
SN,NG,PV,0.0,False
SN,NI,PV,0.0,False
SN,NL,PV,0.0,False
SN,NL,WIND,0.0,False
SN,NO,WIND,0.0,False
SN,NP,PV,0.0,False
SN,NZ,WIND,0.0015895904746470605,False
SN,OM,PV,0.0,False
SN,PA,PV,0.0,False
SN,PE,PV,0.0,False
SN,PE,WIND,0.014307995296019168,False
SN,PH,PV,0.0,False
SN,PH,WIND,0.0,False
SN,PK,PV,0.0,False
SN,PK,WIND,0.0,False
SN,PL,PV,0.008158725127100868,False
SN,PL,WIND,0.005775297947524148,False
SN,PS,PV,0.0,False
SN,PT,PV,0.013877774384747674,False
SN,PT,WIND,0.0,False
SN,PY,PV,0.0,False
SN,PY,WIND,0.0,False
SN,RO,PV,0.0,False
SN,RO,WIND,0.0,False
SN,RU,PV,0.0,False
SN,RU,WIND,0.0,False
SN,RW,PV,0.0,False
SN,SA,PV,0.0,False
SN,SE,WIND,0.0032829084251266858,False
SN,SK,PV,0.0,False
SN,SN,PV,0.0,True
SN,SR,PV,0.012420699888185225,False
SN,SV,PV,0.0,False
SN,TH,PV,0.0,False
SN,TH,WIND,0.0,False
SN,TN,WIND,0.0,False
SN,TR,PV,0.021697347877081316,False
SN,TR,WIND,0.0,False
SN,TW,PV,0.0,False
SN,TW,WIND,0.0,False
SN,UA,PV,0.0,False
SN,UG,PV,0.0,False
SN,US,PV,0.3180457412519593,False
SN,US,WIND,0.023081603274443287,False
SN,UY,PV,0.017216676417945078,False
SN,UY,WIND,0.0,False
SN,UZ,PV,0.0,False
SN,VN,PV,0.0,False
SN,VN,WIND,0.0,False
SN,ZA,PV,0.0,False
SN,ZA,WIND,0.012262901314449624,False
SN,ZM,PV,0.02126427850445288,False
SN,nan,PV,0.0,False
SR,AE,PV,0.0,False
SR,AF,PV,0.0,False
SR,AQ,WIND,0.0,False
SR,AR,PV,0.0,False
SR,AR,WIND,0.0,False
SR,AT,WIND,0.0,False
SR,AU,PV,0.06823178271263601,False
SR,AU,WIND,0.0,False
SR,BD,PV,0.0,False
SR,BE,PV,0.0,False
SR,BE,WIND,0.0,False
SR,BF,PV,0.0,False
SR,BG,PV,0.0,False
SR,BG,WIND,0.0,False
SR,BH,PV,0.0,False
SR,BI,PV,0.0,False
SR,BO,PV,0.0,False
SR,BR,PV,0.0,False
SR,BR,WIND,0.0,False
SR,BY,PV,0.0,False
SR,CA,PV,0.0,False
SR,CA,WIND,0.013238894507892594,False
SR,CH,PV,0.0,False
SR,CL,PV,0.016555569214576762,False
SR,CL,WIND,0.015994780059986693,False
SR,CN,PV,0.0,False
SR,CN,WIND,0.03396300033423418,False
SR,CO,PV,0.0,False
SR,CR,PV,0.0,False
SR,CU,PV,0.0,False
SR,CU,WIND,0.01314420303098746,False
SR,CV,PV,0.11839436659029193,False
SR,CZ,PV,0.0,False
SR,DE,PV,0.0,False
SR,DE,WIND,0.0,False
SR,DK,PV,0.0,False
SR,DK,WIND,0.0,False
SR,DO,PV,0.0,False
SR,DO,WIND,0.02960421883344349,False
SR,DZ,PV,0.0,False
SR,EC,PV,0.0,False
SR,EE,WIND,0.0,False
SR,EG,PV,0.0,False
SR,EG,WIND,0.0,False
SR,ES,PV,0.0,False
SR,ES,WIND,0.033399253912294924,False
SR,ET,WIND,0.047989037671084436,False
SR,FI,WIND,0.0,False
SR,FJ,WIND,0.0,False
SR,FR,PV,0.0012586622814869989,False
SR,FR,WIND,0.01157445928562172,False
SR,GB,PV,0.0,False
SR,GB,WIND,0.0038586153443338003,False
SR,GF,PV,0.0,False
SR,GH,PV,0.0,False
SR,GR,PV,0.0,False
SR,GR,WIND,0.00545064589977871,False
SR,GT,PV,0.0,False
SR,GT,WIND,0.0,False
SR,HN,PV,0.0,False
SR,HN,WIND,0.0341853962321574,False
SR,HU,PV,0.0,False
SR,ID,PV,0.0,False
SR,ID,WIND,0.000783356373248451,False
SR,IE,WIND,0.0,False
SR,IL,PV,0.0,False
SR,IL,WIND,0.0,False
SR,IN,PV,0.0,False
SR,IN,WIND,0.0,False
SR,IR,PV,0.0,False
SR,IR,WIND,0.0,False
SR,IT,PV,0.0,False
SR,IT,WIND,0.0,False
SR,JM,PV,0.0,False
SR,JM,WIND,0.005332876809639835,False
SR,JO,PV,0.0,False
SR,JP,PV,0.01878061085466637,False
SR,JP,WIND,0.0,False
SR,KE,PV,0.0,False
SR,KE,WIND,0.0,False
SR,KH,PV,0.0,False
SR,KR,PV,0.0,False
SR,KR,WIND,0.0,False
SR,KW,PV,0.0,False
SR,KZ,PV,0.0,False
SR,LC,PV,0.0,False
SR,LK,PV,0.0,False
SR,LK,WIND,0.0,False
SR,LY,PV,0.0,False
SR,LY,WIND,0.0,False
SR,MA,PV,0.0,False
SR,MA,WIND,0.026127722178829152,False
SR,MG,PV,0.0,False
SR,MM,PV,0.0,False
SR,MN,PV,0.0,False
SR,MN,WIND,0.0,False
SR,MR,PV,0.0,False
SR,MR,WIND,0.027251559783309117,False
SR,MU,PV,0.0,False
SR,MX,PV,0.038341900680475376,False
SR,MX,WIND,0.0,False
SR,MY,PV,0.0,False
SR,NE,PV,0.0,False
SR,NG,PV,0.0,False
SR,NI,PV,0.0,False
SR,NL,PV,0.0,False
SR,NL,WIND,0.0,False
SR,NO,WIND,0.0,False
SR,NP,PV,0.0,False
SR,NZ,WIND,0.0,False
SR,OM,PV,0.0,False
SR,PA,PV,0.0417082929203722,False
SR,PE,PV,0.0,False
SR,PE,WIND,0.0,False
SR,PH,PV,0.0,False
SR,PH,WIND,0.0,False
SR,PK,PV,0.0,False
SR,PK,WIND,0.0,False
SR,PL,PV,0.0,False
SR,PL,WIND,0.0,False
SR,PS,PV,0.0,False
SR,PT,PV,0.0,False
SR,PT,WIND,0.0,False
SR,PY,PV,0.012883862940235632,False
SR,PY,WIND,0.0,False
SR,RO,PV,0.0,False
SR,RO,WIND,0.0,False
SR,RU,PV,0.0,False
SR,RU,WIND,0.0,False
SR,RW,PV,0.0,False
SR,SA,PV,0.0,False
SR,SE,WIND,0.0,False
SR,SK,PV,0.0,False
SR,SN,PV,0.04524006582043035,False
SR,SR,PV,0.0,True
SR,SV,PV,0.0,False
SR,TH,PV,0.0,False
SR,TH,WIND,0.00416815788957574,False
SR,TN,WIND,0.0,False
SR,TR,PV,0.0,False
SR,TR,WIND,0.0,False
SR,TW,PV,0.0,False
SR,TW,WIND,0.0,False
SR,UA,PV,0.0,False
SR,UG,PV,0.0,False
SR,US,PV,0.18836045095431925,False
SR,US,WIND,0.14417825688409197,False
SR,UY,PV,0.0,False
SR,UY,WIND,0.0,False
SR,UZ,PV,0.0,False
SR,VN,PV,0.0,False
SR,VN,WIND,0.0,False
SR,ZA,PV,0.0,False
SR,ZA,WIND,0.0,False
SR,ZM,PV,0.0,False
SR,nan,PV,0.0,False
SV,AE,PV,0.0,False
SV,AF,PV,0.0,False
SV,AQ,WIND,0.0,False
SV,AR,PV,0.0,False
SV,AR,WIND,0.0,False
SV,AT,WIND,0.0,False
SV,AU,PV,0.19101583567926958,False
SV,AU,WIND,0.0,False
SV,BD,PV,0.0,False
SV,BE,PV,0.0,False
SV,BE,WIND,0.005828719001594241,False
SV,BF,PV,0.005674357639647446,False
SV,BG,PV,0.0,False
SV,BG,WIND,0.0,False
SV,BH,PV,0.0,False
SV,BI,PV,0.0,False
SV,BO,PV,0.04433190944165621,False
SV,BR,PV,0.0,False
SV,BR,WIND,0.008818507152714972,False
SV,BY,PV,0.0,False
SV,CA,PV,0.0,False
SV,CA,WIND,0.002730460398695163,False
SV,CH,PV,0.0,False
SV,CL,PV,0.0946231161419373,False
SV,CL,WIND,0.0,False
SV,CN,PV,0.015269355688453955,False
SV,CN,WIND,0.0277277291591486,False
SV,CO,PV,0.0,False
SV,CR,PV,0.006822758697500849,False
SV,CU,PV,0.0,False
SV,CU,WIND,0.0,False
SV,CV,PV,0.012803631460789862,False
SV,CZ,PV,0.0,False
SV,DE,PV,0.0,False
SV,DE,WIND,0.0,False
SV,DK,PV,0.0,False
SV,DK,WIND,0.0,False
SV,DO,PV,0.015215221783487333,False
SV,DO,WIND,0.00704838805493713,False
SV,DZ,PV,0.0,False
SV,EC,PV,0.015121415738931198,False
SV,EE,WIND,0.004599568300327226,False
SV,EG,PV,0.0,False
SV,EG,WIND,0.007990879512710504,False
SV,ES,PV,0.0,False
SV,ES,WIND,0.0,False
SV,ET,WIND,0.0008356341380537955,False
SV,FI,WIND,0.0,False
SV,FJ,WIND,0.0,False
SV,FR,PV,0.0,False
SV,FR,WIND,0.0,False
SV,GB,PV,0.0,False
SV,GB,WIND,0.0,False
SV,GF,PV,0.003794186552658228,False
SV,GH,PV,0.00778677032188432,False
SV,GR,PV,0.0,False
SV,GR,WIND,0.0,False
SV,GT,PV,0.0,False
SV,GT,WIND,0.0,False
SV,HN,PV,0.0,False
SV,HN,WIND,0.0,False
SV,HU,PV,0.0,False
SV,ID,PV,0.0,False
SV,ID,WIND,0.0021454010319592585,False
SV,IE,WIND,0.0,False
SV,IL,PV,0.0,False
SV,IL,WIND,0.009107384464166276,False
SV,IN,PV,0.0,False
SV,IN,WIND,0.011171569883340905,False
SV,IR,PV,0.0,False
SV,IR,WIND,0.0019782453698586177,False
SV,IT,PV,0.0,False
SV,IT,WIND,0.0,False
SV,JM,PV,0.0,False
SV,JM,WIND,0.0,False
SV,JO,PV,0.0,False
SV,JP,PV,0.06942074833171534,False
SV,JP,WIND,0.001628641943440062,False
SV,KE,PV,0.0,False
SV,KE,WIND,0.0,False
SV,KH,PV,0.0,False
SV,KR,PV,0.0016226762626153268,False
SV,KR,WIND,0.0,False
SV,KW,PV,0.0,False
SV,KZ,PV,0.0,False
SV,LC,PV,0.0,False
SV,LK,PV,0.0,False
SV,LK,WIND,0.0,False
SV,LY,PV,0.0,False
SV,LY,WIND,0.0,False
SV,MA,PV,0.009612776730448675,False
SV,MA,WIND,0.0,False
SV,MG,PV,0.0,False
SV,MM,PV,0.0,False
SV,MN,PV,0.0,False
SV,MN,WIND,0.0,False
SV,MR,PV,0.009172045629485476,False
SV,MR,WIND,0.0,False
SV,MU,PV,0.0,False
SV,MX,PV,0.049419675653018906,False
SV,MX,WIND,0.0036567380862776847,False
SV,MY,PV,0.0,False
SV,NE,PV,0.0,False
SV,NG,PV,0.003667874158027859,False
SV,NI,PV,0.022298080342930352,False
SV,NL,PV,0.0,False
SV,NL,WIND,0.0,False
SV,NO,WIND,0.007000425258173913,False
SV,NP,PV,0.0,False
SV,NZ,WIND,0.007781889075070632,False
SV,OM,PV,0.0,False
SV,PA,PV,0.0,False
SV,PE,PV,0.0,False
SV,PE,WIND,0.0,False
SV,PH,PV,0.008591026165817174,False
SV,PH,WIND,0.0,False
SV,PK,PV,0.0,False
SV,PK,WIND,0.006411930304714498,False
SV,PL,PV,0.0,False
SV,PL,WIND,0.0,False
SV,PS,PV,0.0,False
SV,PT,PV,0.0,False
SV,PT,WIND,0.0,False
SV,PY,PV,0.0007086053008334118,False
SV,PY,WIND,0.0,False
SV,RO,PV,0.0,False
SV,RO,WIND,0.0038038768054860215,False
SV,RU,PV,0.0,False
SV,RU,WIND,0.010183770235420895,False
SV,RW,PV,0.0,False
SV,SA,PV,0.0,False
SV,SE,WIND,0.0,False
SV,SK,PV,0.0,False
SV,SN,PV,0.03989944940565615,False
SV,SR,PV,0.012502754223489105,False
SV,SV,PV,0.0,True
SV,TH,PV,0.0,False
SV,TH,WIND,0.0,False
SV,TN,WIND,0.0,False
SV,TR,PV,0.0,False
SV,TR,WIND,0.0,False
SV,TW,PV,0.0,False
SV,TW,WIND,0.0014610979445059066,False
SV,UA,PV,0.0,False
SV,UG,PV,0.0,False
SV,US,PV,0.1933909263613574,False
SV,US,WIND,0.03384617210884128,False
SV,UY,PV,0.0011245326484790434,False
SV,UY,WIND,0.0,False
SV,UZ,PV,0.0,False
SV,VN,PV,0.0,False
SV,VN,WIND,0.0,False
SV,ZA,PV,0.0,False
SV,ZA,WIND,0.00035324141047101976,False
SV,ZM,PV,0.0,False
SV,nan,PV,0.0,False
TH,AE,PV,0.0,False
TH,AF,PV,0.0,False
TH,AQ,WIND,0.0,False
TH,AR,PV,0.0,False
TH,AR,WIND,0.0,False
TH,AT,WIND,0.0,False
TH,AU,PV,0.06247524737379687,False
TH,AU,WIND,0.008126233765375844,False
TH,BD,PV,0.0,False
TH,BE,PV,0.0,False
TH,BE,WIND,0.0,False
TH,BF,PV,0.0,False
TH,BG,PV,0.0,False
TH,BG,WIND,0.0,False
TH,BH,PV,0.0,False
TH,BI,PV,0.0,False
TH,BO,PV,0.0,False
TH,BR,PV,0.012451241213532905,False
TH,BR,WIND,0.002541085792627232,False
TH,BY,PV,0.0,False
TH,CA,PV,0.0,False
TH,CA,WIND,0.023056445263559898,False
TH,CH,PV,0.0,False
TH,CL,PV,0.0,False
TH,CL,WIND,0.0,False
TH,CN,PV,0.0810130305281122,False
TH,CN,WIND,0.0924272889251552,False
TH,CO,PV,0.0,False
TH,CR,PV,0.0,False
TH,CU,PV,0.0,False
TH,CU,WIND,0.0035432679866838077,False
TH,CV,PV,0.0747050002507358,False
TH,CZ,PV,0.0,False
TH,DE,PV,0.0,False
TH,DE,WIND,0.0037866251861182186,False
TH,DK,PV,0.0,False
TH,DK,WIND,0.0,False
TH,DO,PV,0.015253155394486215,False
TH,DO,WIND,0.01592631583597516,False
TH,DZ,PV,0.0,False
TH,EC,PV,0.0,False
TH,EE,WIND,0.011751278444789303,False
TH,EG,PV,0.0007899446872273037,False
TH,EG,WIND,0.0,False
TH,ES,PV,0.0,False
TH,ES,WIND,0.00280833012597688,False
TH,ET,WIND,0.0,False
TH,FI,WIND,0.0,False
TH,FJ,WIND,0.009057021747840606,False
TH,FR,PV,0.0,False
TH,FR,WIND,0.0047671248090362045,False
TH,GB,PV,0.00791354533823917,False
TH,GB,WIND,0.014349380278519265,False
TH,GF,PV,0.0,False
TH,GH,PV,0.042290252472948923,False
TH,GR,PV,0.0,False
TH,GR,WIND,0.0,False
TH,GT,PV,0.0,False
TH,GT,WIND,0.00016391021395851507,False
TH,HN,PV,0.0,False
TH,HN,WIND,0.0033326298324596274,False
TH,HU,PV,0.0,False
TH,ID,PV,0.02344220930756628,False
TH,ID,WIND,0.0,False
TH,IE,WIND,0.0,False
TH,IL,PV,0.0,False
TH,IL,WIND,0.0,False
TH,IN,PV,0.03202408561479587,False
TH,IN,WIND,0.004469302164489952,False
TH,IR,PV,0.0,False
TH,IR,WIND,0.0,False
TH,IT,PV,0.0,False
TH,IT,WIND,0.0,False
TH,JM,PV,0.0,False
TH,JM,WIND,0.004669054994308815,False
TH,JO,PV,0.0,False
TH,JP,PV,0.022017400337053922,False
TH,JP,WIND,0.007145822481618404,False
TH,KE,PV,0.012056142414715367,False
TH,KE,WIND,0.010774631980109082,False
TH,KH,PV,0.0,False
TH,KR,PV,0.000580079829752416,False
TH,KR,WIND,0.001154145006013471,False
TH,KW,PV,0.0,False
TH,KZ,PV,0.0,False
TH,LC,PV,0.010355286364888246,False
TH,LK,PV,0.0,False
TH,LK,WIND,0.0,False
TH,LY,PV,0.0,False
TH,LY,WIND,0.0,False
TH,MA,PV,0.0,False
TH,MA,WIND,0.0,False
TH,MG,PV,0.0,False
TH,MM,PV,0.0,False
TH,MN,PV,0.0,False
TH,MN,WIND,0.0,False
TH,MR,PV,0.0,False
TH,MR,WIND,0.025571739706324738,False
TH,MU,PV,0.0010392452537046073,False
TH,MX,PV,0.0,False
TH,MX,WIND,0.0,False
TH,MY,PV,0.0,False
TH,NE,PV,0.039029523612129934,False
TH,NG,PV,0.00123038419068267,False
TH,NI,PV,0.0,False
TH,NL,PV,0.0,False
TH,NL,WIND,0.007152294364720155,False
TH,NO,WIND,0.0,False
TH,NP,PV,0.00045299002549986563,False
TH,NZ,WIND,0.002650988831958462,False
TH,OM,PV,0.0,False
TH,PA,PV,0.0,False
TH,PE,PV,0.0,False
TH,PE,WIND,0.017012584671065912,False
TH,PH,PV,0.021271506918410836,False
TH,PH,WIND,0.012923462589385405,False
TH,PK,PV,0.0,False
TH,PK,WIND,0.0,False
TH,PL,PV,0.0,False
TH,PL,WIND,0.0004925973599386971,False
TH,PS,PV,0.0,False
TH,PT,PV,0.0,False
TH,PT,WIND,0.005694499019112065,False
TH,PY,PV,0.013251021491187995,False
TH,PY,WIND,0.0,False
TH,RO,PV,0.0,False
TH,RO,WIND,0.004581849823736977,False
TH,RU,PV,0.0,False
TH,RU,WIND,0.0,False
TH,RW,PV,0.0,False
TH,SA,PV,0.0,False
TH,SE,WIND,0.0,False
TH,SK,PV,0.0,False
TH,SN,PV,0.025843082967337803,False
TH,SR,PV,0.013821120534093276,False
TH,SV,PV,0.0,False
TH,TH,PV,0.0,True
TH,TH,WIND,0.0,True
TH,TN,WIND,0.0,False
TH,TR,PV,0.0,False
TH,TR,WIND,0.0,False
TH,TW,PV,0.0,False
TH,TW,WIND,0.0,False
TH,UA,PV,0.0,False
TH,UG,PV,0.007944940811203175,False
TH,US,PV,0.01406297328399732,False
TH,US,WIND,0.09664968842744256,False
TH,UY,PV,0.005074204235830263,False
TH,UY,WIND,0.0,False
TH,UZ,PV,0.0,False
TH,VN,PV,0.0,False
TH,VN,WIND,0.0,False
TH,ZA,PV,0.01780351375404721,False
TH,ZA,WIND,0.024051557685774855,False
TH,ZM,PV,0.0,False
TH,nan,PV,0.021177714479947478,False
TN,AE,PV,0.0,False
TN,AF,PV,0.0,False
TN,AQ,WIND,0.0,False
TN,AR,PV,0.0,False
TN,AR,WIND,0.0,False
TN,AT,WIND,0.014537712473821688,False
TN,AU,PV,0.0,False
TN,AU,WIND,0.006747127582225649,False
TN,BD,PV,0.0,False
TN,BE,PV,0.0,False
TN,BE,WIND,0.0,False
TN,BF,PV,0.0,False
TN,BG,PV,0.0,False
TN,BG,WIND,0.0,False
TN,BH,PV,0.0,False
TN,BI,PV,0.0,False
TN,BO,PV,0.0,False
TN,BR,PV,0.0,False
TN,BR,WIND,0.02269793793992779,False
TN,BY,PV,0.0,False
TN,CA,PV,0.0,False
TN,CA,WIND,0.01605674324537044,False
TN,CH,PV,0.0,False
TN,CL,PV,0.14580065333927758,False
TN,CL,WIND,0.0,False
TN,CN,PV,0.0,False
TN,CN,WIND,0.062395410143356575,False
TN,CO,PV,0.0,False
TN,CR,PV,0.0,False
TN,CU,PV,0.0,False
TN,CU,WIND,0.0,False
TN,CV,PV,0.0,False
TN,CZ,PV,0.0,False
TN,DE,PV,0.0,False
TN,DE,WIND,0.0,False
TN,DK,PV,0.0014837544870409055,False
TN,DK,WIND,0.0,False
TN,DO,PV,0.0,False
TN,DO,WIND,0.0,False
TN,DZ,PV,0.0028243256212416284,False
TN,EC,PV,0.0,False
TN,EE,WIND,0.0,False
TN,EG,PV,0.0,False
TN,EG,WIND,0.0,False
TN,ES,PV,0.0,False
TN,ES,WIND,0.010013591318328893,False
TN,ET,WIND,0.0,False
TN,FI,WIND,0.0,False
TN,FJ,WIND,0.0003841610572022374,False
TN,FR,PV,0.0015453677401641396,False
TN,FR,WIND,0.025125351227132716,False
TN,GB,PV,0.0,False
TN,GB,WIND,0.015923355456669046,False
TN,GF,PV,0.0,False
TN,GH,PV,0.02989913943924648,False
TN,GR,PV,0.0,False
TN,GR,WIND,0.0,False
TN,GT,PV,0.0,False
TN,GT,WIND,0.0,False
TN,HN,PV,0.0,False
TN,HN,WIND,0.0,False
TN,HU,PV,0.0,False
TN,ID,PV,0.0,False
TN,ID,WIND,0.0,False
TN,IE,WIND,0.0,False
TN,IL,PV,0.009567816822122299,False
TN,IL,WIND,0.0014825986063456062,False
TN,IN,PV,0.0,False
TN,IN,WIND,0.0,False
TN,IR,PV,0.0,False
TN,IR,WIND,0.0,False
TN,IT,PV,0.02013964121183791,False
TN,IT,WIND,0.0003957771250412649,False
TN,JM,PV,0.0,False
TN,JM,WIND,0.0,False
TN,JO,PV,0.010346344914974017,False
TN,JP,PV,0.0,False
TN,JP,WIND,0.006358466628548229,False
TN,KE,PV,0.013168948978332843,False
TN,KE,WIND,0.0,False
TN,KH,PV,0.0,False
TN,KR,PV,0.0,False
TN,KR,WIND,0.00584413114178478,False
TN,KW,PV,0.0,False
TN,KZ,PV,0.0,False
TN,LC,PV,0.0,False
TN,LK,PV,0.0,False
TN,LK,WIND,0.0,False
TN,LY,PV,0.020033789673169815,False
TN,LY,WIND,0.0,False
TN,MA,PV,0.013680043282312412,False
TN,MA,WIND,0.017071582619556408,False
TN,MG,PV,0.0,False
TN,MM,PV,0.0,False
TN,MN,PV,0.0,False
TN,MN,WIND,0.0,False
TN,MR,PV,0.0,False
TN,MR,WIND,0.0,False
TN,MU,PV,0.0,False
TN,MX,PV,0.1411130753752961,False
TN,MX,WIND,0.0061540712463983675,False
TN,MY,PV,0.0,False
TN,NE,PV,0.03238413370010728,False
TN,NG,PV,0.0,False
TN,NI,PV,0.0,False
TN,NL,PV,0.0,False
TN,NL,WIND,0.0,False
TN,NO,WIND,0.0,False
TN,NP,PV,0.0,False
TN,NZ,WIND,0.012498082624248064,False
TN,OM,PV,0.0,False
TN,PA,PV,0.0,False
TN,PE,PV,0.0,False
TN,PE,WIND,0.0,False
TN,PH,PV,0.0,False
TN,PH,WIND,0.006304330151994864,False
TN,PK,PV,0.0,False
TN,PK,WIND,0.0,False
TN,PL,PV,0.0,False
TN,PL,WIND,0.0,False
TN,PS,PV,0.05180519333194659,False
TN,PT,PV,0.0,False
TN,PT,WIND,0.0030368373060632977,False
TN,PY,PV,0.0,False
TN,PY,WIND,0.0,False
TN,RO,PV,0.0,False
TN,RO,WIND,0.0,False
TN,RU,PV,0.0,False
TN,RU,WIND,0.0,False
TN,RW,PV,0.0,False
TN,SA,PV,0.0,False
TN,SE,WIND,0.0,False
TN,SK,PV,0.0,False
TN,SN,PV,0.0,False
TN,SR,PV,0.0,False
TN,SV,PV,0.0,False
TN,TH,PV,0.0,False
TN,TH,WIND,0.0,False
TN,TN,WIND,0.0,True
TN,TR,PV,0.0,False
TN,TR,WIND,0.0,False
TN,TW,PV,0.0,False
TN,TW,WIND,0.0,False
TN,UA,PV,0.0,False
TN,UG,PV,0.0,False
TN,US,PV,0.14710336852936878,False
TN,US,WIND,0.043118968556847,False
TN,UY,PV,0.007946193751224058,False
TN,UY,WIND,0.0,False
TN,UZ,PV,0.0,False
TN,VN,PV,0.0,False
TN,VN,WIND,0.0,False
TN,ZA,PV,0.0,False
TN,ZA,WIND,0.0,False
TN,ZM,PV,0.03945051120817009,False
TN,nan,PV,0.03556146214330516,False
TR,AE,PV,0.0,False
TR,AF,PV,0.0,False
TR,AQ,WIND,0.0,False
TR,AR,PV,0.0,False
TR,AR,WIND,0.0,False
TR,AT,WIND,0.002298017211972573,False
TR,AU,PV,0.0,False
TR,AU,WIND,0.006426975363648009,False
TR,BD,PV,0.0,False
TR,BE,PV,0.0,False
TR,BE,WIND,0.0,False
TR,BF,PV,0.0,False
TR,BG,PV,0.0,False
TR,BG,WIND,0.0,False
TR,BH,PV,0.04851103335424329,False
TR,BI,PV,0.0,False
TR,BO,PV,0.0,False
TR,BR,PV,0.0,False
TR,BR,WIND,0.010059178640022658,False
TR,BY,PV,0.0,False
TR,CA,PV,0.02759981689729086,False
TR,CA,WIND,0.00622789810938733,False
TR,CH,PV,0.0,False
TR,CL,PV,0.15739025040994156,False
TR,CL,WIND,0.0,False
TR,CN,PV,0.0,False
TR,CN,WIND,0.04306802062737114,False
TR,CO,PV,0.0,False
TR,CR,PV,0.0,False
TR,CU,PV,0.0,False
TR,CU,WIND,0.0,False
TR,CV,PV,0.0,False
TR,CZ,PV,0.0,False
TR,DE,PV,0.0,False
TR,DE,WIND,0.01291294850026009,False
TR,DK,PV,0.0,False
TR,DK,WIND,0.0,False
TR,DO,PV,0.0,False
TR,DO,WIND,0.01587477996718532,False
TR,DZ,PV,0.0,False
TR,EC,PV,0.0,False
TR,EE,WIND,0.0,False
TR,EG,PV,0.06058661113031147,False
TR,EG,WIND,0.0,False
TR,ES,PV,0.0,False
TR,ES,WIND,0.011422094037098072,False
TR,ET,WIND,0.0,False
TR,FI,WIND,0.0,False
TR,FJ,WIND,0.0074221865044044235,False
TR,FR,PV,0.011068029824298616,False
TR,FR,WIND,0.0,False
TR,GB,PV,0.0,False
TR,GB,WIND,0.004145459725129815,False
TR,GF,PV,0.0,False
TR,GH,PV,0.0,False
TR,GR,PV,0.0,False
TR,GR,WIND,0.0,False
TR,GT,PV,0.0,False
TR,GT,WIND,0.005741105489240827,False
TR,HN,PV,0.006368713997575125,False
TR,HN,WIND,0.0,False
TR,HU,PV,0.0,False
TR,ID,PV,0.0,False
TR,ID,WIND,0.00425961530117327,False
TR,IE,WIND,0.0,False
TR,IL,PV,0.0,False
TR,IL,WIND,0.0015665510401884658,False
TR,IN,PV,0.004320664999989855,False
TR,IN,WIND,0.03966153672584618,False
TR,IR,PV,0.0,False
TR,IR,WIND,0.0,False
TR,IT,PV,0.0019636186802968604,False
TR,IT,WIND,0.0,False
TR,JM,PV,0.0,False
TR,JM,WIND,0.01878891035272092,False
TR,JO,PV,0.021371556561804134,False
TR,JP,PV,0.0,False
TR,JP,WIND,0.005267317608504898,False
TR,KE,PV,0.026455117374370073,False
TR,KE,WIND,0.012093594783965274,False
TR,KH,PV,0.0,False
TR,KR,PV,0.0,False
TR,KR,WIND,0.0037275825411862253,False
TR,KW,PV,0.04246027384834038,False
TR,KZ,PV,0.0,False
TR,LC,PV,0.0,False
TR,LK,PV,0.0,False
TR,LK,WIND,0.0,False
TR,LY,PV,0.0,False
TR,LY,WIND,0.0,False
TR,MA,PV,0.0,False
TR,MA,WIND,0.0,False
TR,MG,PV,0.0,False
TR,MM,PV,0.0,False
TR,MN,PV,0.0,False
TR,MN,WIND,0.0,False
TR,MR,PV,0.0,False
TR,MR,WIND,0.0,False
TR,MU,PV,0.0,False
TR,MX,PV,0.053425418473889784,False
TR,MX,WIND,0.0,False
TR,MY,PV,0.0,False
TR,NE,PV,0.0,False
TR,NG,PV,0.0,False
TR,NI,PV,0.0,False
TR,NL,PV,0.0,False
TR,NL,WIND,0.0,False
TR,NO,WIND,0.0,False
TR,NP,PV,0.0,False
TR,NZ,WIND,0.0,False
TR,OM,PV,0.0,False
TR,PA,PV,0.0,False
TR,PE,PV,0.0,False
TR,PE,WIND,0.0,False
TR,PH,PV,0.0,False
TR,PH,WIND,0.024753524229463118,False
TR,PK,PV,0.0,False
TR,PK,WIND,0.0,False
TR,PL,PV,0.0,False
TR,PL,WIND,0.015222103616249968,False
TR,PS,PV,0.0036402484146302464,False
TR,PT,PV,0.0,False
TR,PT,WIND,0.0027578636990734408,False
TR,PY,PV,0.0027345132083336577,False
TR,PY,WIND,0.0,False
TR,RO,PV,0.0,False
TR,RO,WIND,0.0,False
TR,RU,PV,0.009197245347638886,False
TR,RU,WIND,0.0,False
TR,RW,PV,0.0,False
TR,SA,PV,0.03654398435054986,False
TR,SE,WIND,0.0,False
TR,SK,PV,0.0,False
TR,SN,PV,0.0008503756953409724,False
TR,SR,PV,0.0,False
TR,SV,PV,0.0,False
TR,TH,PV,0.0,False
TR,TH,WIND,0.011142001230275485,False
TR,TN,WIND,0.0,False
TR,TR,PV,0.0,True
TR,TR,WIND,0.0,True
TR,TW,PV,0.0,False
TR,TW,WIND,0.0,False
TR,UA,PV,0.0,False
TR,UG,PV,0.01628561964798577,False
TR,US,PV,0.14013428381825047,False
TR,US,WIND,0.03897110672414161,False
TR,UY,PV,0.003031438519102089,False
TR,UY,WIND,0.0,False
TR,UZ,PV,0.0,False
TR,VN,PV,0.0,False
TR,VN,WIND,0.0,False
TR,ZA,PV,0.010209293302328098,False
TR,ZA,WIND,0.012041520114976924,False
TR,ZM,PV,0.0,False
TR,nan,PV,0.0,False
TW,AE,PV,0.0,False
TW,AF,PV,0.0,False
TW,AQ,WIND,0.0,False
TW,AR,PV,0.0,False
TW,AR,WIND,0.0,False
TW,AT,WIND,0.0,False
TW,AU,PV,0.07645469580822413,False
TW,AU,WIND,0.0050676975441645965,False
TW,BD,PV,0.0,False
TW,BE,PV,0.0,False
TW,BE,WIND,0.0,False
TW,BF,PV,0.0,False
TW,BG,PV,0.0,False
TW,BG,WIND,0.0,False
TW,BH,PV,0.0,False
TW,BI,PV,0.0,False
TW,BO,PV,0.0,False
TW,BR,PV,0.0,False
TW,BR,WIND,0.002581652357382577,False
TW,BY,PV,0.0,False
TW,CA,PV,0.0,False
TW,CA,WIND,0.0258679803360846,False
TW,CH,PV,0.0,False
TW,CL,PV,0.0,False
TW,CL,WIND,0.0,False
TW,CN,PV,0.08009726862714944,False
TW,CN,WIND,0.0865755224746616,False
TW,CO,PV,0.0,False
TW,CR,PV,0.0,False
TW,CU,PV,0.0,False
TW,CU,WIND,0.00137043598078312,False
TW,CV,PV,0.08303961627270144,False
TW,CZ,PV,0.0,False
TW,DE,PV,0.0,False
TW,DE,WIND,0.005996473148208345,False
TW,DK,PV,0.0,False
TW,DK,WIND,0.0,False
TW,DO,PV,0.005668651254125927,False
TW,DO,WIND,0.02325664881443887,False
TW,DZ,PV,0.0,False
TW,EC,PV,0.0,False
TW,EE,WIND,0.010896032335899563,False
TW,EG,PV,0.030085667037730763,False
TW,EG,WIND,0.0,False
TW,ES,PV,0.0,False
TW,ES,WIND,0.006579614757878605,False
TW,ET,WIND,0.0,False
TW,FI,WIND,0.0,False
TW,FJ,WIND,0.009619021165640755,False
TW,FR,PV,0.007798030287974393,False
TW,FR,WIND,0.010586584667313638,False
TW,GB,PV,0.007634374799598885,False
TW,GB,WIND,0.009746690514013938,False
TW,GF,PV,0.0,False
TW,GH,PV,0.04754392267846423,False
TW,GR,PV,0.0,False
TW,GR,WIND,0.0,False
TW,GT,PV,0.0,False
TW,GT,WIND,0.0,False
TW,HN,PV,0.0,False
TW,HN,WIND,0.019143135771780652,False
TW,HU,PV,0.0,False
TW,ID,PV,0.0155504332889986,False
TW,ID,WIND,0.0,False
TW,IE,WIND,0.0,False
TW,IL,PV,0.0,False
TW,IL,WIND,0.0,False
TW,IN,PV,0.021347793675636526,False
TW,IN,WIND,0.012192049648189044,False
TW,IR,PV,0.0,False
TW,IR,WIND,0.0016345917065379186,False
TW,IT,PV,0.005824933843257321,False
TW,IT,WIND,0.0,False
TW,JM,PV,0.0,False
TW,JM,WIND,0.010721979460891337,False
TW,JO,PV,0.0,False
TW,JP,PV,0.03486842361635473,False
TW,JP,WIND,0.005618374730474294,False
TW,KE,PV,0.0,False
TW,KE,WIND,0.0073635719186982175,False
TW,KH,PV,0.0,False
TW,KR,PV,0.0013507303731408874,False
TW,KR,WIND,0.0009705166203249855,False
TW,KW,PV,0.0,False
TW,KZ,PV,0.0,False
TW,LC,PV,0.0,False
TW,LK,PV,0.0,False
TW,LK,WIND,0.0,False
TW,LY,PV,0.0,False
TW,LY,WIND,0.0,False
TW,MA,PV,0.0,False
TW,MA,WIND,0.0002445730687070026,False
TW,MG,PV,0.0,False
TW,MM,PV,0.0,False
TW,MN,PV,0.0,False
TW,MN,WIND,0.0,False
TW,MR,PV,0.0,False
TW,MR,WIND,0.024343609195948364,False
TW,MU,PV,0.0,False
TW,MX,PV,0.0,False
TW,MX,WIND,0.0,False
TW,MY,PV,0.0,False
TW,NE,PV,0.04579219870451964,False
TW,NG,PV,0.0,False
TW,NI,PV,0.0,False
TW,NL,PV,0.0,False
TW,NL,WIND,0.010660421997027153,False
TW,NO,WIND,0.0,False
TW,NP,PV,0.0,False
TW,NZ,WIND,0.0028551866339571862,False
TW,OM,PV,0.0,False
TW,PA,PV,0.0,False
TW,PE,PV,0.0,False
TW,PE,WIND,0.007591110668207334,False
TW,PH,PV,0.021537722782045046,False
TW,PH,WIND,0.013049486823154105,False
TW,PK,PV,0.0,False
TW,PK,WIND,0.0,False
TW,PL,PV,0.0,False
TW,PL,WIND,0.0,False
TW,PS,PV,0.0,False
TW,PT,PV,0.0,False
TW,PT,WIND,0.00391162958826744,False
TW,PY,PV,0.0,False
TW,PY,WIND,0.0,False
TW,RO,PV,0.0,False
TW,RO,WIND,0.002310309684745125,False
TW,RU,PV,0.0,False
TW,RU,WIND,0.0,False
TW,RW,PV,0.0,False
TW,SA,PV,0.0,False
TW,SE,WIND,0.0,False
TW,SK,PV,0.0,False
TW,SN,PV,0.037551080505707685,False
TW,SR,PV,0.02173771876242903,False
TW,SV,PV,0.0,False
TW,TH,PV,0.0,False
TW,TH,WIND,0.0,False
TW,TN,WIND,0.0,False
TW,TR,PV,0.0,False
TW,TR,WIND,0.0,False
TW,TW,PV,0.0,True
TW,TW,WIND,0.0,True
TW,UA,PV,0.0,False
TW,UG,PV,0.0,False
TW,US,PV,0.00376960985657198,False
TW,US,WIND,0.09167943367471684,False
TW,UY,PV,0.0,False
TW,UY,WIND,0.0,False
TW,UZ,PV,0.0,False
TW,VN,PV,0.0,False
TW,VN,WIND,0.0,False
TW,ZA,PV,0.018303604779461066,False
TW,ZA,WIND,0.02160918775781043,False
TW,ZM,PV,0.0,False
TW,nan,PV,0.0,False
UA,AE,PV,0.0,False
UA,AF,PV,0.0,False
UA,AQ,WIND,0.0,False
UA,AR,PV,0.0,False
UA,AR,WIND,0.0,False
UA,AT,WIND,0.0025856385742164343,False
UA,AU,PV,0.0,False
UA,AU,WIND,0.0,False
UA,BD,PV,0.0,False
UA,BE,PV,0.0,False
UA,BE,WIND,0.0,False
UA,BF,PV,0.0,False
UA,BG,PV,0.0,False
UA,BG,WIND,0.0,False
UA,BH,PV,0.0,False
UA,BI,PV,0.0,False
UA,BO,PV,0.0,False
UA,BR,PV,0.0,False
UA,BR,WIND,0.002556395872982726,False
UA,BY,PV,0.0,False
UA,CA,PV,0.01102829360214596,False
UA,CA,WIND,0.029861793949462527,False
UA,CH,PV,0.0,False
UA,CL,PV,0.0678903777708162,False
UA,CL,WIND,0.0,False
UA,CN,PV,0.015928002845837497,False
UA,CN,WIND,0.06749107305863447,False
UA,CO,PV,0.0,False
UA,CR,PV,0.025264681002300664,False
UA,CU,PV,0.0,False
UA,CU,WIND,0.0028027214076216584,False
UA,CV,PV,0.04462665043403765,False
UA,CZ,PV,0.0,False
UA,DE,PV,0.0,False
UA,DE,WIND,0.01491931308013516,False
UA,DK,PV,0.0,False
UA,DK,WIND,0.0,False
UA,DO,PV,0.0,False
UA,DO,WIND,0.0,False
UA,DZ,PV,0.0,False
UA,EC,PV,0.0,False
UA,EE,WIND,0.0,False
UA,EG,PV,0.006601661838292353,False
UA,EG,WIND,0.0,False
UA,ES,PV,0.0,False
UA,ES,WIND,0.0032140454503792595,False
UA,ET,WIND,0.0,False
UA,FI,WIND,0.0,False
UA,FJ,WIND,0.00521533919896964,False
UA,FR,PV,0.0,False
UA,FR,WIND,0.020774148855021532,False
UA,GB,PV,0.0,False
UA,GB,WIND,0.0,False
UA,GF,PV,0.0,False
UA,GH,PV,0.0,False
UA,GR,PV,0.0,False
UA,GR,WIND,0.0,False
UA,GT,PV,0.00025817337021013885,False
UA,GT,WIND,0.0,False
UA,HN,PV,0.01965757546570698,False
UA,HN,WIND,0.0,False
UA,HU,PV,0.0,False
UA,ID,PV,0.0,False
UA,ID,WIND,0.0,False
UA,IE,WIND,0.0,False
UA,IL,PV,0.0,False
UA,IL,WIND,0.0,False
UA,IN,PV,0.04187420474917655,False
UA,IN,WIND,0.011504564170713754,False
UA,IR,PV,0.0,False
UA,IR,WIND,0.0,False
UA,IT,PV,0.0,False
UA,IT,WIND,0.003970501163948062,False
UA,JM,PV,0.0,False
UA,JM,WIND,0.014726041877030714,False
UA,JO,PV,0.0,False
UA,JP,PV,0.0,False
UA,JP,WIND,0.009079224634442195,False
UA,KE,PV,0.06193552732840634,False
UA,KE,WIND,0.0,False
UA,KH,PV,0.0,False
UA,KR,PV,0.0,False
UA,KR,WIND,0.0,False
UA,KW,PV,0.03325144665071209,False
UA,KZ,PV,0.0,False
UA,LC,PV,0.009711157369624196,False
UA,LK,PV,0.0,False
UA,LK,WIND,0.0,False
UA,LY,PV,0.0,False
UA,LY,WIND,0.0,False
UA,MA,PV,0.0,False
UA,MA,WIND,0.02036792146794314,False
UA,MG,PV,0.0,False
UA,MM,PV,0.0,False
UA,MN,PV,0.0,False
UA,MN,WIND,0.0,False
UA,MR,PV,0.0,False
UA,MR,WIND,0.015424959059156878,False
UA,MU,PV,0.0,False
UA,MX,PV,0.03298250397334763,False
UA,MX,WIND,0.0,False
UA,MY,PV,0.0,False
UA,NE,PV,0.0,False
UA,NG,PV,0.0,False
UA,NI,PV,0.0,False
UA,NL,PV,0.0,False
UA,NL,WIND,0.0,False
UA,NO,WIND,0.0,False
UA,NP,PV,0.0,False
UA,NZ,WIND,0.0,False
UA,OM,PV,0.045342452541199396,False
UA,PA,PV,0.031336059930905304,False
UA,PE,PV,0.0,False
UA,PE,WIND,0.0,False
UA,PH,PV,0.0,False
UA,PH,WIND,0.009185860733441758,False
UA,PK,PV,0.0,False
UA,PK,WIND,0.0,False
UA,PL,PV,0.0,False
UA,PL,WIND,0.0,False
UA,PS,PV,0.0,False
UA,PT,PV,0.0,False
UA,PT,WIND,0.004020599968544985,False
UA,PY,PV,0.007055386144351615,False
UA,PY,WIND,0.0,False
UA,RO,PV,0.0,False
UA,RO,WIND,0.0,False
UA,RU,PV,0.04477990118072561,False
UA,RU,WIND,0.0,False
UA,RW,PV,0.0,False
UA,SA,PV,0.04514709704759776,False
UA,SE,WIND,0.0,False
UA,SK,PV,0.0,False
UA,SN,PV,0.059684803069750034,False
UA,SR,PV,0.0,False
UA,SV,PV,0.0,False
UA,TH,PV,0.0,False
UA,TH,WIND,0.0,False
UA,TN,WIND,0.0,False
UA,TR,PV,0.0,False
UA,TR,WIND,0.0,False
UA,TW,PV,0.0,False
UA,TW,WIND,0.0,False
UA,UA,PV,0.0,True
UA,UG,PV,0.0,False
UA,US,PV,0.10144763791006023,False
UA,US,WIND,0.05458897966324164,False
UA,UY,PV,0.0019072835889094265,False
UA,UY,WIND,0.0,False
UA,UZ,PV,0.0,False
UA,VN,PV,0.0,False
UA,VN,WIND,0.0,False
UA,ZA,PV,0.0,False
UA,ZA,WIND,0.0,False
UA,ZM,PV,0.0,False
UA,nan,PV,0.0,False
UG,AE,PV,0.014370511432651048,False
UG,AF,PV,0.0,False
UG,AQ,WIND,0.0,False
UG,AR,PV,0.0,False
UG,AR,WIND,0.0,False
UG,AT,WIND,0.00013481522966305,False
UG,AU,PV,0.0,False
UG,AU,WIND,0.0,False
UG,BD,PV,0.0,False
UG,BE,PV,0.0,False
UG,BE,WIND,0.0,False
UG,BF,PV,0.0,False
UG,BG,PV,0.0,False
UG,BG,WIND,0.0,False
UG,BH,PV,0.0007571747714996822,False
UG,BI,PV,0.0,False
UG,BO,PV,0.12832707457313544,False
UG,BR,PV,0.0,False
UG,BR,WIND,0.0054671534562308315,False
UG,BY,PV,0.0,False
UG,CA,PV,0.0005514054402103772,False
UG,CA,WIND,0.033001746208364,False
UG,CH,PV,0.0,False
UG,CL,PV,0.05153806086960482,False
UG,CL,WIND,0.0,False
UG,CN,PV,0.012135571858405048,False
UG,CN,WIND,0.05391684222824448,False
UG,CO,PV,0.0,False
UG,CR,PV,0.015000012865522813,False
UG,CU,PV,0.0,False
UG,CU,WIND,0.01742702034344082,False
UG,CV,PV,0.0,False
UG,CZ,PV,0.0,False
UG,DE,PV,0.0,False
UG,DE,WIND,0.008860288034272195,False
UG,DK,PV,0.0035080800021476616,False
UG,DK,WIND,0.0,False
UG,DO,PV,0.0,False
UG,DO,WIND,0.0,False
UG,DZ,PV,0.0,False
UG,EC,PV,0.018618658475740273,False
UG,EE,WIND,0.009352956842810086,False
UG,EG,PV,0.01228954419421564,False
UG,EG,WIND,0.0,False
UG,ES,PV,0.0,False
UG,ES,WIND,0.005061337930211951,False
UG,ET,WIND,0.0,False
UG,FI,WIND,0.0,False
UG,FJ,WIND,0.0,False
UG,FR,PV,0.00018225304885326606,False
UG,FR,WIND,0.0,False
UG,GB,PV,0.008024747141460294,False
UG,GB,WIND,0.005990406134621367,False
UG,GF,PV,0.003802841932757039,False
UG,GH,PV,0.014600278422501839,False
UG,GR,PV,0.0,False
UG,GR,WIND,0.0,False
UG,GT,PV,0.0,False
UG,GT,WIND,0.0,False
UG,HN,PV,0.0,False
UG,HN,WIND,0.0,False
UG,HU,PV,0.0041254014512607075,False
UG,ID,PV,0.003917434646342576,False
UG,ID,WIND,0.0,False
UG,IE,WIND,0.0,False
UG,IL,PV,0.0,False
UG,IL,WIND,0.0,False
UG,IN,PV,0.061151128931031584,False
UG,IN,WIND,0.020220465628489975,False
UG,IR,PV,0.0,False
UG,IR,WIND,0.0,False
UG,IT,PV,0.0,False
UG,IT,WIND,0.0,False
UG,JM,PV,0.0,False
UG,JM,WIND,0.013065998367988009,False
UG,JO,PV,0.04326060411160193,False
UG,JP,PV,0.0,False
UG,JP,WIND,0.0030711813481782853,False
UG,KE,PV,0.022777633960919814,False
UG,KE,WIND,0.0,False
UG,KH,PV,0.0,False
UG,KR,PV,0.0,False
UG,KR,WIND,0.0028904155521856565,False
UG,KW,PV,0.0,False
UG,KZ,PV,0.0,False
UG,LC,PV,0.007988967672193283,False
UG,LK,PV,0.0,False
UG,LK,WIND,0.0,False
UG,LY,PV,0.0,False
UG,LY,WIND,0.0,False
UG,MA,PV,0.0,False
UG,MA,WIND,0.0,False
UG,MG,PV,0.00655283947130586,False
UG,MM,PV,0.0,False
UG,MN,PV,0.0,False
UG,MN,WIND,0.0,False
UG,MR,PV,0.0,False
UG,MR,WIND,0.0,False
UG,MU,PV,0.021161555001111026,False
UG,MX,PV,0.021269380739738903,False
UG,MX,WIND,0.0,False
UG,MY,PV,0.0,False
UG,NE,PV,0.015329624706118556,False
UG,NG,PV,0.0,False
UG,NI,PV,0.0,False
UG,NL,PV,0.0,False
UG,NL,WIND,0.0,False
UG,NO,WIND,0.0,False
UG,NP,PV,0.015012917388908642,False
UG,NZ,WIND,0.003079968962053637,False
UG,OM,PV,0.03968512053315843,False
UG,PA,PV,0.0,False
UG,PE,PV,0.026129778930802868,False
UG,PE,WIND,0.006393358117371971,False
UG,PH,PV,0.0,False
UG,PH,WIND,0.0,False
UG,PK,PV,0.0,False
UG,PK,WIND,0.0,False
UG,PL,PV,0.0,False
UG,PL,WIND,0.0014578509452656092,False
UG,PS,PV,0.0,False
UG,PT,PV,0.0,False
UG,PT,WIND,0.00421220452328095,False
UG,PY,PV,0.0,False
UG,PY,WIND,0.0,False
UG,RO,PV,0.0,False
UG,RO,WIND,0.005615456400360368,False
UG,RU,PV,0.0,False
UG,RU,WIND,0.0,False
UG,RW,PV,0.0,False
UG,SA,PV,0.02466833686540713,False
UG,SE,WIND,0.0,False
UG,SK,PV,0.01529997662663041,False
UG,SN,PV,0.0,False
UG,SR,PV,0.0,False
UG,SV,PV,0.0,False
UG,TH,PV,0.0,False
UG,TH,WIND,0.012078514926496543,False
UG,TN,WIND,0.0,False
UG,TR,PV,0.0,False
UG,TR,WIND,0.0,False
UG,TW,PV,0.0017842658008078666,False
UG,TW,WIND,0.0017024302398864109,False
UG,UA,PV,0.0,False
UG,UG,PV,0.0,True
UG,US,PV,0.11314198324058153,False
UG,US,WIND,0.043835276781717614,False
UG,UY,PV,0.0016987836785140504,False
UG,UY,WIND,0.0,False
UG,UZ,PV,0.0,False
UG,VN,PV,0.0,False
UG,VN,WIND,0.0,False
UG,ZA,PV,0.0,False
UG,ZA,WIND,0.010420856690377655,False
UG,ZM,PV,0.0,False
UG,nan,PV,0.0040815063233463275,False
US,AE,PV,0.0,False
US,AF,PV,0.0,False
US,AQ,WIND,0.0,False
US,AR,PV,0.0,False
US,AR,WIND,0.0,False
US,AT,WIND,0.00015777254166018774,False
US,AU,PV,0.15971464268560842,False
US,AU,WIND,0.003088316291555161,False
US,BD,PV,0.0,False
US,BE,PV,0.0,False
US,BE,WIND,0.0,False
US,BF,PV,0.0,False
US,BG,PV,0.0,False
US,BG,WIND,0.0,False
US,BH,PV,0.0,False
US,BI,PV,0.0,False
US,BO,PV,0.0,False
US,BR,PV,0.002106493431736196,False
US,BR,WIND,0.012003718805916228,False
US,BY,PV,0.0,False
US,CA,PV,0.0,False
US,CA,WIND,0.020029335899538127,False
US,CH,PV,0.0,False
US,CL,PV,0.10386971171904272,False
US,CL,WIND,0.0,False
US,CN,PV,0.0,False
US,CN,WIND,0.04841541243434096,False
US,CO,PV,0.0,False
US,CR,PV,0.0027831310000141123,False
US,CU,PV,0.0,False
US,CU,WIND,0.0,False
US,CV,PV,0.04167600639081947,False
US,CZ,PV,0.0,False
US,DE,PV,0.0,False
US,DE,WIND,0.007366304798554847,False
US,DK,PV,0.014731930825294143,False
US,DK,WIND,0.0,False
US,DO,PV,0.0057088848605008615,False
US,DO,WIND,0.009774588188234323,False
US,DZ,PV,0.0,False
US,EC,PV,0.0,False
US,EE,WIND,0.0005593497797101943,False
US,EG,PV,0.0,False
US,EG,WIND,0.0,False
US,ES,PV,0.0,False
US,ES,WIND,0.004784638441630346,False
US,ET,WIND,0.004527739031130188,False
US,FI,WIND,0.0,False
US,FJ,WIND,0.0016227947146582207,False
US,FR,PV,0.01596627207963506,False
US,FR,WIND,0.013712501678071221,False
US,GB,PV,0.006575753214851959,False
US,GB,WIND,0.006581059454899447,False
US,GF,PV,0.0,False
US,GH,PV,0.0,False
US,GR,PV,0.0,False
US,GR,WIND,0.0,False
US,GT,PV,0.0,False
US,GT,WIND,0.0,False
US,HN,PV,0.0,False
US,HN,WIND,0.0,False
US,HU,PV,0.0,False
US,ID,PV,0.0,False
US,ID,WIND,0.0005021443233198302,False
US,IE,WIND,0.0,False
US,IL,PV,0.0,False
US,IL,WIND,0.0027876441228525746,False
US,IN,PV,0.0,False
US,IN,WIND,0.004007889570837051,False
US,IR,PV,0.0,False
US,IR,WIND,0.0,False
US,IT,PV,0.0,False
US,IT,WIND,0.0011885103185488048,False
US,JM,PV,0.0,False
US,JM,WIND,0.0,False
US,JO,PV,0.0,False
US,JP,PV,0.015602542417126308,False
US,JP,WIND,0.0038174558440515205,False
US,KE,PV,0.0,False
US,KE,WIND,0.010618966115832199,False
US,KH,PV,0.0,False
US,KR,PV,0.0,False
US,KR,WIND,0.0,False
US,KW,PV,0.0,False
US,KZ,PV,0.0,False
US,LC,PV,0.0,False
US,LK,PV,0.0,False
US,LK,WIND,0.0,False
US,LY,PV,0.0,False
US,LY,WIND,0.0,False
US,MA,PV,0.0,False
US,MA,WIND,0.0016627909145102893,False
US,MG,PV,0.0,False
US,MM,PV,0.0,False
US,MN,PV,0.0,False
US,MN,WIND,0.0,False
US,MR,PV,0.0,False
US,MR,WIND,0.021677138372588084,False
US,MU,PV,0.0,False
US,MX,PV,0.05594447193773355,False
US,MX,WIND,0.013132061751273228,False
US,MY,PV,0.0,False
US,NE,PV,0.0,False
US,NG,PV,0.0,False
US,NI,PV,0.0,False
US,NL,PV,0.0,False
US,NL,WIND,0.004084466290125294,False
US,NO,WIND,0.0,False
US,NP,PV,0.0,False
US,NZ,WIND,0.011050461029352424,False
US,OM,PV,0.0,False
US,PA,PV,0.0,False
US,PE,PV,0.0,False
US,PE,WIND,0.008249801862994639,False
US,PH,PV,0.0,False
US,PH,WIND,0.022726175808688628,False
US,PK,PV,0.0,False
US,PK,WIND,0.00617723324429328,False
US,PL,PV,0.0,False
US,PL,WIND,0.0048941562599238795,False
US,PS,PV,0.0,False
US,PT,PV,0.0,False
US,PT,WIND,0.00303244655286159,False
US,PY,PV,0.010893361494290496,False
US,PY,WIND,0.0,False
US,RO,PV,0.0,False
US,RO,WIND,0.004581820170594834,False
US,RU,PV,0.0,False
US,RU,WIND,0.0,False
US,RW,PV,0.0,False
US,SA,PV,0.0,False
US,SE,WIND,0.0,False
US,SK,PV,0.0,False
US,SN,PV,0.030524950510959884,False
US,SR,PV,0.012484691689908413,False
US,SV,PV,0.0,False
US,TH,PV,0.0,False
US,TH,WIND,0.0,False
US,TN,WIND,0.0,False
US,TR,PV,0.0,False
US,TR,WIND,0.0,False
US,TW,PV,0.0,False
US,TW,WIND,0.0,False
US,UA,PV,0.0,False
US,UG,PV,0.0,False
US,US,PV,0.17153206876729657,True
US,US,WIND,0.07220505017499554,True
US,UY,PV,0.012250742869408512,False
US,UY,WIND,0.0,False
US,UZ,PV,0.0,False
US,VN,PV,0.0,False
US,VN,WIND,0.0,False
US,ZA,PV,0.0,False
US,ZA,WIND,0.008614599318229497,False
US,ZM,PV,0.0,False
US,nan,PV,0.0,False
UY,AE,PV,0.0,False
UY,AF,PV,0.0,False
UY,AQ,WIND,0.0005518649756002574,False
UY,AR,PV,0.0,False
UY,AR,WIND,0.0,False
UY,AT,WIND,0.0,False
UY,AU,PV,0.12512686779873314,False
UY,AU,WIND,0.0,False
UY,BD,PV,0.0,False
UY,BE,PV,0.0,False
UY,BE,WIND,0.0,False
UY,BF,PV,0.0,False
UY,BG,PV,0.0,False
UY,BG,WIND,0.0,False
UY,BH,PV,0.0,False
UY,BI,PV,0.0,False
UY,BO,PV,0.0,False
UY,BR,PV,0.05854953979516634,False
UY,BR,WIND,0.02464156321795001,False
UY,BY,PV,0.0,False
UY,CA,PV,0.0,False
UY,CA,WIND,0.010610415266765202,False
UY,CH,PV,0.0,False
UY,CL,PV,0.05128994843820241,False
UY,CL,WIND,0.0,False
UY,CN,PV,0.0,False
UY,CN,WIND,0.014337803842172916,False
UY,CO,PV,0.0,False
UY,CR,PV,0.0,False
UY,CU,PV,0.0,False
UY,CU,WIND,0.0,False
UY,CV,PV,0.06550225309055584,False
UY,CZ,PV,0.0,False
UY,DE,PV,0.0,False
UY,DE,WIND,0.0,False
UY,DK,PV,0.0,False
UY,DK,WIND,0.0,False
UY,DO,PV,0.0,False
UY,DO,WIND,0.0,False
UY,DZ,PV,0.0,False
UY,EC,PV,0.0,False
UY,EE,WIND,0.0,False
UY,EG,PV,0.0,False
UY,EG,WIND,0.0,False
UY,ES,PV,0.0,False
UY,ES,WIND,0.021145504592199868,False
UY,ET,WIND,0.027328199732736883,False
UY,FI,WIND,0.0,False
UY,FJ,WIND,0.0,False
UY,FR,PV,0.009153016252753814,False
UY,FR,WIND,0.02095382275652182,False
UY,GB,PV,0.0,False
UY,GB,WIND,0.0,False
UY,GF,PV,0.0208532743316681,False
UY,GH,PV,0.003709596234831901,False
UY,GR,PV,0.0,False
UY,GR,WIND,0.009062479536957057,False
UY,GT,PV,0.0,False
UY,GT,WIND,0.0,False
UY,HN,PV,0.0,False
UY,HN,WIND,0.009991029637805874,False
UY,HU,PV,0.0,False
UY,ID,PV,0.0,False
UY,ID,WIND,0.0010671750772993011,False
UY,IE,WIND,0.0,False
UY,IL,PV,0.0,False
UY,IL,WIND,0.0009919039158471001,False
UY,IN,PV,0.0,False
UY,IN,WIND,0.0,False
UY,IR,PV,0.0,False
UY,IR,WIND,0.0,False
UY,IT,PV,0.0,False
UY,IT,WIND,0.0,False
UY,JM,PV,0.0,False
UY,JM,WIND,0.0,False
UY,JO,PV,0.0,False
UY,JP,PV,0.022916930087436095,False
UY,JP,WIND,0.0005676620725812145,False
UY,KE,PV,0.0,False
UY,KE,WIND,0.0,False
UY,KH,PV,0.0,False
UY,KR,PV,0.0,False
UY,KR,WIND,0.0,False
UY,KW,PV,0.0,False
UY,KZ,PV,0.0,False
UY,LC,PV,0.0,False
UY,LK,PV,0.0,False
UY,LK,WIND,0.0,False
UY,LY,PV,0.0,False
UY,LY,WIND,0.0,False
UY,MA,PV,0.019388460919529085,False
UY,MA,WIND,0.008344293368465682,False
UY,MG,PV,0.0,False
UY,MM,PV,0.0,False
UY,MN,PV,0.0,False
UY,MN,WIND,0.0,False
UY,MR,PV,0.011530125678555467,False
UY,MR,WIND,0.017959434066241932,False
UY,MU,PV,0.0,False
UY,MX,PV,0.02956102869040272,False
UY,MX,WIND,0.014229127090636522,False
UY,MY,PV,0.0,False
UY,NE,PV,0.0,False
UY,NG,PV,0.0015254165255727532,False
UY,NI,PV,0.0,False
UY,NL,PV,0.0,False
UY,NL,WIND,0.0,False
UY,NO,WIND,0.0,False
UY,NP,PV,0.0,False
UY,NZ,WIND,0.002448980867013166,False
UY,OM,PV,0.0,False
UY,PA,PV,0.0,False
UY,PE,PV,0.0,False
UY,PE,WIND,0.0,False
UY,PH,PV,0.0,False
UY,PH,WIND,0.013268454635097422,False
UY,PK,PV,0.0,False
UY,PK,WIND,0.0008958581650535696,False
UY,PL,PV,0.0,False
UY,PL,WIND,0.0,False
UY,PS,PV,0.0,False
UY,PT,PV,0.0,False
UY,PT,WIND,0.0,False
UY,PY,PV,0.03245765340489516,False
UY,PY,WIND,0.0,False
UY,RO,PV,0.0,False
UY,RO,WIND,0.0,False
UY,RU,PV,0.0,False
UY,RU,WIND,0.0,False
UY,RW,PV,0.0,False
UY,SA,PV,0.0,False
UY,SE,WIND,0.0,False
UY,SK,PV,0.0,False
UY,SN,PV,0.047082536897984216,False
UY,SR,PV,0.0,False
UY,SV,PV,0.0,False
UY,TH,PV,0.0,False
UY,TH,WIND,0.0,False
UY,TN,WIND,0.0018844426320671996,False
UY,TR,PV,0.0,False
UY,TR,WIND,0.0,False
UY,TW,PV,0.0,False
UY,TW,WIND,0.0,False
UY,UA,PV,0.0,False
UY,UG,PV,0.0,False
UY,US,PV,0.2639046895198006,False
UY,US,WIND,0.024083747162903832,False
UY,UY,PV,0.0018691658826618944,True
UY,UY,WIND,0.011215733839333926,True
UY,UZ,PV,0.0,False
UY,VN,PV,0.0,False
UY,VN,WIND,0.0,False
UY,ZA,PV,0.0,False
UY,ZA,WIND,0.0,False
UY,ZM,PV,0.0,False
UY,nan,PV,0.0,False
UZ,AE,PV,0.0,False
UZ,AF,PV,0.04768433350935272,False
UZ,AQ,WIND,0.0,False
UZ,AR,PV,0.0,False
UZ,AR,WIND,0.0,False
UZ,AT,WIND,0.001511744726554808,False
UZ,AU,PV,0.0,False
UZ,AU,WIND,0.010973019406380496,False
UZ,BD,PV,0.0,False
UZ,BE,PV,0.0,False
UZ,BE,WIND,0.0,False
UZ,BF,PV,0.0,False
UZ,BG,PV,0.0,False
UZ,BG,WIND,0.0,False
UZ,BH,PV,0.0,False
UZ,BI,PV,0.0,False
UZ,BO,PV,0.0,False
UZ,BR,PV,0.0,False
UZ,BR,WIND,0.005875078633648388,False
UZ,BY,PV,0.0,False
UZ,CA,PV,0.016282629114981288,False
UZ,CA,WIND,0.010725348423086334,False
UZ,CH,PV,0.0,False
UZ,CL,PV,0.0,False
UZ,CL,WIND,0.020753667095683256,False
UZ,CN,PV,0.1237234062145503,False
UZ,CN,WIND,0.051000590890270835,False
UZ,CO,PV,0.0,False
UZ,CR,PV,0.0012502618644120202,False
UZ,CU,PV,0.006525321963108687,False
UZ,CU,WIND,0.0,False
UZ,CV,PV,0.06698288668076986,False
UZ,CZ,PV,0.0,False
UZ,DE,PV,0.0,False
UZ,DE,WIND,0.0,False
UZ,DK,PV,0.0,False
UZ,DK,WIND,0.0,False
UZ,DO,PV,0.0,False
UZ,DO,WIND,0.02774428412317714,False
UZ,DZ,PV,0.0,False
UZ,EC,PV,0.0,False
UZ,EE,WIND,0.0,False
UZ,EG,PV,0.0,False
UZ,EG,WIND,0.0,False
UZ,ES,PV,0.009300694805866665,False
UZ,ES,WIND,0.0,False
UZ,ET,WIND,0.0,False
UZ,FI,WIND,0.016573677885171906,False
UZ,FJ,WIND,0.004980891120549734,False
UZ,FR,PV,0.004281319594978862,False
UZ,FR,WIND,0.0,False
UZ,GB,PV,0.013823629629991837,False
UZ,GB,WIND,0.0,False
UZ,GF,PV,0.029395558660717257,False
UZ,GH,PV,0.034401822657247734,False
UZ,GR,PV,0.0,False
UZ,GR,WIND,0.0,False
UZ,GT,PV,0.0,False
UZ,GT,WIND,0.0,False
UZ,HN,PV,0.0,False
UZ,HN,WIND,0.0,False
UZ,HU,PV,0.0,False
UZ,ID,PV,0.0,False
UZ,ID,WIND,0.0,False
UZ,IE,WIND,0.0,False
UZ,IL,PV,0.0,False
UZ,IL,WIND,0.0,False
UZ,IN,PV,0.095314319020248,False
UZ,IN,WIND,0.0,False
UZ,IR,PV,0.0,False
UZ,IR,WIND,0.0,False
UZ,IT,PV,0.0,False
UZ,IT,WIND,0.0,False
UZ,JM,PV,0.0,False
UZ,JM,WIND,0.0115377814110817,False
UZ,JO,PV,0.0,False
UZ,JP,PV,0.014194785036464222,False
UZ,JP,WIND,0.0,False
UZ,KE,PV,0.0,False
UZ,KE,WIND,0.0,False
UZ,KH,PV,0.0,False
UZ,KR,PV,0.0,False
UZ,KR,WIND,0.0,False
UZ,KW,PV,0.0,False
UZ,KZ,PV,0.000884600379062826,False
UZ,LC,PV,0.0,False
UZ,LK,PV,0.0,False
UZ,LK,WIND,0.0,False
UZ,LY,PV,0.0,False
UZ,LY,WIND,0.0,False
UZ,MA,PV,0.05115752397990996,False
UZ,MA,WIND,0.0,False
UZ,MG,PV,0.01224100564180086,False
UZ,MM,PV,0.0,False
UZ,MN,PV,0.0,False
UZ,MN,WIND,0.0,False
UZ,MR,PV,0.0,False
UZ,MR,WIND,0.0,False
UZ,MU,PV,0.0,False
UZ,MX,PV,0.0,False
UZ,MX,WIND,0.0,False
UZ,MY,PV,0.0,False
UZ,NE,PV,0.0,False
UZ,NG,PV,0.0,False
UZ,NI,PV,0.0,False
UZ,NL,PV,0.0,False
UZ,NL,WIND,0.0,False
UZ,NO,WIND,0.007775298409248172,False
UZ,NP,PV,0.0,False
UZ,NZ,WIND,0.005208219185161663,False
UZ,OM,PV,0.0,False
UZ,PA,PV,0.0,False
UZ,PE,PV,0.06710397321462186,False
UZ,PE,WIND,0.030207774446213222,False
UZ,PH,PV,0.0,False
UZ,PH,WIND,0.0,False
UZ,PK,PV,0.0,False
UZ,PK,WIND,0.0,False
UZ,PL,PV,0.0,False
UZ,PL,WIND,0.0,False
UZ,PS,PV,0.0,False
UZ,PT,PV,0.0,False
UZ,PT,WIND,0.0,False
UZ,PY,PV,0.0,False
UZ,PY,WIND,0.0,False
UZ,RO,PV,0.0,False
UZ,RO,WIND,0.0,False
UZ,RU,PV,0.0,False
UZ,RU,WIND,0.0,False
UZ,RW,PV,0.0,False
UZ,SA,PV,0.0,False
UZ,SE,WIND,0.0,False
UZ,SK,PV,0.0,False
UZ,SN,PV,0.0,False
UZ,SR,PV,0.02330989623322852,False
UZ,SV,PV,0.0,False
UZ,TH,PV,0.0,False
UZ,TH,WIND,0.013938962964500855,False
UZ,TN,WIND,0.0,False
UZ,TR,PV,0.0,False
UZ,TR,WIND,0.0,False
UZ,TW,PV,0.0,False
UZ,TW,WIND,0.002861478847103984,False
UZ,UA,PV,0.0,False
UZ,UG,PV,0.0,False
UZ,US,PV,0.09397657930123685,False
UZ,US,WIND,0.05216683835380482,False
UZ,UY,PV,0.0,False
UZ,UY,WIND,0.0,False
UZ,UZ,PV,0.0065596189634214855,True
UZ,VN,PV,0.0,False
UZ,VN,WIND,0.0,False
UZ,ZA,PV,0.0,False
UZ,ZA,WIND,0.007771177612390799,False
UZ,ZM,PV,0.0,False
UZ,nan,PV,0.0,False
VN,AE,PV,0.0,False
VN,AF,PV,0.0,False
VN,AQ,WIND,0.0,False
VN,AR,PV,0.0,False
VN,AR,WIND,0.0,False
VN,AT,WIND,0.0,False
VN,AU,PV,0.06715497011214142,False
VN,AU,WIND,0.013257282323558744,False
VN,BD,PV,0.0,False
VN,BE,PV,0.0,False
VN,BE,WIND,0.0,False
VN,BF,PV,0.0,False
VN,BG,PV,0.0,False
VN,BG,WIND,0.0,False
VN,BH,PV,0.0,False
VN,BI,PV,0.0,False
VN,BO,PV,0.0,False
VN,BR,PV,0.05414337690184992,False
VN,BR,WIND,0.004915404052250208,False
VN,BY,PV,0.0,False
VN,CA,PV,0.0,False
VN,CA,WIND,0.02064515059995825,False
VN,CH,PV,0.0,False
VN,CL,PV,0.0,False
VN,CL,WIND,0.0,False
VN,CN,PV,0.08885944221162605,False
VN,CN,WIND,0.07328045002294163,False
VN,CO,PV,0.0,False
VN,CR,PV,0.0,False
VN,CU,PV,0.0,False
VN,CU,WIND,0.0,False
VN,CV,PV,0.04003337639314932,False
VN,CZ,PV,0.0,False
VN,DE,PV,0.0,False
VN,DE,WIND,0.008798302599296887,False
VN,DK,PV,0.0,False
VN,DK,WIND,0.0,False
VN,DO,PV,0.020510050112471263,False
VN,DO,WIND,0.004941358005598405,False
VN,DZ,PV,0.0,False
VN,EC,PV,0.005576937661444197,False
VN,EE,WIND,0.010239448857819643,False
VN,EG,PV,0.0,False
VN,EG,WIND,0.0,False
VN,ES,PV,0.005394018025064791,False
VN,ES,WIND,0.0,False
VN,ET,WIND,0.0,False
VN,FI,WIND,0.0,False
VN,FJ,WIND,0.0,False
VN,FR,PV,0.009712166105936773,False
VN,FR,WIND,0.0,False
VN,GB,PV,0.007845191523771921,False
VN,GB,WIND,0.0,False
VN,GF,PV,0.0,False
VN,GH,PV,0.06786089715132787,False
VN,GR,PV,0.0,False
VN,GR,WIND,0.0,False
VN,GT,PV,0.0,False
VN,GT,WIND,0.0,False
VN,HN,PV,0.0,False
VN,HN,WIND,0.0,False
VN,HU,PV,0.0,False
VN,ID,PV,0.04270908312219112,False
VN,ID,WIND,0.0,False
VN,IE,WIND,0.0,False
VN,IL,PV,0.0,False
VN,IL,WIND,0.0,False
VN,IN,PV,0.04588249582268475,False
VN,IN,WIND,0.0025451226724558657,False
VN,IR,PV,0.0,False
VN,IR,WIND,0.0,False
VN,IT,PV,0.0,False
VN,IT,WIND,0.0,False
VN,JM,PV,0.0,False
VN,JM,WIND,0.0,False
VN,JO,PV,0.0,False
VN,JP,PV,0.015084699098383595,False
VN,JP,WIND,0.0,False
VN,KE,PV,0.0,False
VN,KE,WIND,0.010266154459468558,False
VN,KH,PV,0.0,False
VN,KR,PV,0.0,False
VN,KR,WIND,0.0,False
VN,KW,PV,0.0,False
VN,KZ,PV,0.0,False
VN,LC,PV,0.0,False
VN,LK,PV,0.0,False
VN,LK,WIND,0.0,False
VN,LY,PV,0.0,False
VN,LY,WIND,0.0,False
VN,MA,PV,0.0,False
VN,MA,WIND,0.0,False
VN,MG,PV,0.0,False
VN,MM,PV,0.0,False
VN,MN,PV,0.0,False
VN,MN,WIND,0.0,False
VN,MR,PV,0.0,False
VN,MR,WIND,0.0,False
VN,MU,PV,0.009967494622172089,False
VN,MX,PV,0.0,False
VN,MX,WIND,0.009945340117870514,False
VN,MY,PV,0.0,False
VN,NE,PV,0.01646377822025224,False
VN,NG,PV,0.0,False
VN,NI,PV,0.0,False
VN,NL,PV,0.0,False
VN,NL,WIND,0.0,False
VN,NO,WIND,0.009056157944797492,False
VN,NP,PV,0.0,False
VN,NZ,WIND,0.009899469805195847,False
VN,OM,PV,0.0,False
VN,PA,PV,0.0,False
VN,PE,PV,0.0,False
VN,PE,WIND,0.03018168483300602,False
VN,PH,PV,0.03661465121227401,False
VN,PH,WIND,0.014228655768301311,False
VN,PK,PV,0.0,False
VN,PK,WIND,0.0,False
VN,PL,PV,0.0,False
VN,PL,WIND,0.0,False
VN,PS,PV,0.0,False
VN,PT,PV,0.0,False
VN,PT,WIND,0.005481223623684706,False
VN,PY,PV,0.005062490306670885,False
VN,PY,WIND,0.0,False
VN,RO,PV,0.0,False
VN,RO,WIND,0.0,False
VN,RU,PV,0.0,False
VN,RU,WIND,0.0,False
VN,RW,PV,0.0,False
VN,SA,PV,0.0,False
VN,SE,WIND,0.0,False
VN,SK,PV,0.0,False
VN,SN,PV,0.019974518829824605,False
VN,SR,PV,0.028014496400014632,False
VN,SV,PV,0.0,False
VN,TH,PV,0.0,False
VN,TH,WIND,0.022374528903294243,False
VN,TN,WIND,0.0,False
VN,TR,PV,0.0,False
VN,TR,WIND,0.0,False
VN,TW,PV,0.0,False
VN,TW,WIND,0.00022449874881585527,False
VN,UA,PV,0.0,False
VN,UG,PV,0.0,False
VN,US,PV,0.0,False
VN,US,WIND,0.07457593656850076,False
VN,UY,PV,0.0024529903248062283,False
VN,UY,WIND,0.0,False
VN,UZ,PV,0.0,False
VN,VN,PV,0.0,True
VN,VN,WIND,0.0,True
VN,ZA,PV,0.010094880264433176,False
VN,ZA,WIND,0.022703754362455936,False
VN,ZM,PV,0.0,False
VN,nan,PV,0.05302807130823694,False
ZA,AE,PV,0.0,False
ZA,AF,PV,0.0,False
ZA,AQ,WIND,0.0,False
ZA,AR,PV,0.00357946922509444,False
ZA,AR,WIND,0.0,False
ZA,AT,WIND,0.00035600557799283876,False
ZA,AU,PV,0.0,False
ZA,AU,WIND,0.0045837443872658,False
ZA,BD,PV,0.0,False
ZA,BE,PV,0.0,False
ZA,BE,WIND,0.0,False
ZA,BF,PV,0.0,False
ZA,BG,PV,0.0,False
ZA,BG,WIND,0.0,False
ZA,BH,PV,0.0,False
ZA,BI,PV,0.0,False
ZA,BO,PV,0.0,False
ZA,BR,PV,0.0,False
ZA,BR,WIND,0.0052705297634366745,False
ZA,BY,PV,0.0,False
ZA,CA,PV,0.0018073081222568135,False
ZA,CA,WIND,0.017406362040515204,False
ZA,CH,PV,0.0,False
ZA,CL,PV,0.11160478274021773,False
ZA,CL,WIND,0.0,False
ZA,CN,PV,0.006545408552377036,False
ZA,CN,WIND,0.05338388356610143,False
ZA,CO,PV,0.0,False
ZA,CR,PV,0.004557994535225219,False
ZA,CU,PV,0.0,False
ZA,CU,WIND,0.009203364422027143,False
ZA,CV,PV,0.04792676734854138,False
ZA,CZ,PV,0.0,False
ZA,DE,PV,0.0,False
ZA,DE,WIND,0.018878622299671327,False
ZA,DK,PV,0.0,False
ZA,DK,WIND,0.0,False
ZA,DO,PV,0.0,False
ZA,DO,WIND,0.018596621598794306,False
ZA,DZ,PV,0.0,False
ZA,EC,PV,0.0,False
ZA,EE,WIND,0.0018872198397255342,False
ZA,EG,PV,0.048415686872792484,False
ZA,EG,WIND,0.0,False
ZA,ES,PV,0.0,False
ZA,ES,WIND,0.011583158911089186,False
ZA,ET,WIND,0.0,False
ZA,FI,WIND,0.0,False
ZA,FJ,WIND,0.004714238750009824,False
ZA,FR,PV,0.0,False
ZA,FR,WIND,0.0164650094341144,False
ZA,GB,PV,0.007324162774078396,False
ZA,GB,WIND,0.0,False
ZA,GF,PV,0.0,False
ZA,GH,PV,0.0023930938729709284,False
ZA,GR,PV,0.0,False
ZA,GR,WIND,0.0,False
ZA,GT,PV,0.0,False
ZA,GT,WIND,0.0016600557230145487,False
ZA,HN,PV,0.0,False
ZA,HN,WIND,0.0,False
ZA,HU,PV,0.0,False
ZA,ID,PV,0.0,False
ZA,ID,WIND,0.0,False
ZA,IE,WIND,0.0,False
ZA,IL,PV,0.0,False
ZA,IL,WIND,0.0,False
ZA,IN,PV,0.06124816473949751,False
ZA,IN,WIND,0.0025465480925750766,False
ZA,IR,PV,0.0,False
ZA,IR,WIND,0.0,False
ZA,IT,PV,0.0,False
ZA,IT,WIND,0.0,False
ZA,JM,PV,0.0,False
ZA,JM,WIND,0.011521403295969502,False
ZA,JO,PV,0.0,False
ZA,JP,PV,0.0,False
ZA,JP,WIND,0.009177475668290776,False
ZA,KE,PV,0.029667883544712264,False
ZA,KE,WIND,0.008671042803642361,False
ZA,KH,PV,0.0,False
ZA,KR,PV,0.0,False
ZA,KR,WIND,0.0005392908103546116,False
ZA,KW,PV,0.0,False
ZA,KZ,PV,0.0,False
ZA,LC,PV,0.004412607247777388,False
ZA,LK,PV,0.0,False
ZA,LK,WIND,0.0,False
ZA,LY,PV,0.0,False
ZA,LY,WIND,0.0,False
ZA,MA,PV,0.0,False
ZA,MA,WIND,0.0,False
ZA,MG,PV,0.0,False
ZA,MM,PV,0.0,False
ZA,MN,PV,0.0,False
ZA,MN,WIND,0.0,False
ZA,MR,PV,0.0,False
ZA,MR,WIND,0.011200746835017901,False
ZA,MU,PV,0.046044596045277754,False
ZA,MX,PV,0.013644753012704207,False
ZA,MX,WIND,0.0,False
ZA,MY,PV,0.0,False
ZA,NE,PV,0.0016465742702760386,False
ZA,NG,PV,0.0,False
ZA,NI,PV,0.0,False
ZA,NL,PV,0.0,False
ZA,NL,WIND,0.0,False
ZA,NO,WIND,0.0,False
ZA,NP,PV,0.015475219610911545,False
ZA,NZ,WIND,0.0067765926668405495,False
ZA,OM,PV,0.09137267086843393,False
ZA,PA,PV,0.0,False
ZA,PE,PV,0.027844135390685167,False
ZA,PE,WIND,0.0,False
ZA,PH,PV,0.0,False
ZA,PH,WIND,0.033634881445550345,False
ZA,PK,PV,0.0,False
ZA,PK,WIND,0.0,False
ZA,PL,PV,0.0,False
ZA,PL,WIND,0.001841107444509546,False
ZA,PS,PV,0.0,False
ZA,PT,PV,0.0,False
ZA,PT,WIND,0.002299977697589092,False
ZA,PY,PV,0.01632091267997496,False
ZA,PY,WIND,0.0,False
ZA,RO,PV,0.0,False
ZA,RO,WIND,0.0004880380589666403,False
ZA,RU,PV,0.0,False
ZA,RU,WIND,0.0,False
ZA,RW,PV,0.0,False
ZA,SA,PV,0.0,False
ZA,SE,WIND,0.0,False
ZA,SK,PV,0.0,False
ZA,SN,PV,0.028817305879547533,False
ZA,SR,PV,0.0,False
ZA,SV,PV,0.0,False
ZA,TH,PV,0.0,False
ZA,TH,WIND,0.0,False
ZA,TN,WIND,0.0,False
ZA,TR,PV,0.0,False
ZA,TR,WIND,0.0,False
ZA,TW,PV,0.0,False
ZA,TW,WIND,0.0,False
ZA,UA,PV,0.0,False
ZA,UG,PV,0.0,False
ZA,US,PV,0.09389834781263251,False
ZA,US,WIND,0.05227965668474688,False
ZA,UY,PV,0.01735250788297452,False
ZA,UY,WIND,0.0,False
ZA,UZ,PV,0.0,False
ZA,VN,PV,0.0,False
ZA,VN,WIND,0.0,False
ZA,ZA,PV,0.0,True
ZA,ZA,WIND,0.01313406915322728,True
ZA,ZM,PV,0.0,False
ZA,nan,PV,0.0,False
ZM,AE,PV,0.008950170839162917,False
ZM,AF,PV,0.0,False
ZM,AQ,WIND,0.0,False
ZM,AR,PV,0.0,False
ZM,AR,WIND,0.0,False
ZM,AT,WIND,0.004507859947066802,False
ZM,AU,PV,0.003302886839428651,False
ZM,AU,WIND,0.0064750395383854934,False
ZM,BD,PV,0.0,False
ZM,BE,PV,0.0,False
ZM,BE,WIND,0.0,False
ZM,BF,PV,0.011419706618298497,False
ZM,BG,PV,0.0,False
ZM,BG,WIND,0.0,False
ZM,BH,PV,0.0,False
ZM,BI,PV,0.0,False
ZM,BO,PV,0.07956060650573693,False
ZM,BR,PV,0.0,False
ZM,BR,WIND,0.006533493325815627,False
ZM,BY,PV,0.0,False
ZM,CA,PV,0.0,False
ZM,CA,WIND,0.020083288982641466,False
ZM,CH,PV,0.0,False
ZM,CL,PV,0.12305966863724813,False
ZM,CL,WIND,0.0,False
ZM,CN,PV,0.0022402972493139623,False
ZM,CN,WIND,0.0436173444836722,False
ZM,CO,PV,0.0,False
ZM,CR,PV,0.0007023425858830532,False
ZM,CU,PV,0.009799768133231506,False
ZM,CU,WIND,0.0052945276324637865,False
ZM,CV,PV,0.0,False
ZM,CZ,PV,0.0,False
ZM,DE,PV,0.0,False
ZM,DE,WIND,0.005460482396862472,False
ZM,DK,PV,0.0,False
ZM,DK,WIND,0.0,False
ZM,DO,PV,0.0,False
ZM,DO,WIND,0.006538521373577901,False
ZM,DZ,PV,0.0,False
ZM,EC,PV,0.01371640446495221,False
ZM,EE,WIND,0.004289670851427062,False
ZM,EG,PV,0.032117793457426005,False
ZM,EG,WIND,0.0,False
ZM,ES,PV,0.0,False
ZM,ES,WIND,0.0,False
ZM,ET,WIND,0.00022830178115613168,False
ZM,FI,WIND,0.0019299491811982435,False
ZM,FJ,WIND,0.004129820082985764,False
ZM,FR,PV,0.0,False
ZM,FR,WIND,0.005046213347496012,False
ZM,GB,PV,1.562291779525514e-05,False
ZM,GB,WIND,0.015803925704166392,False
ZM,GF,PV,0.0,False
ZM,GH,PV,0.005571695939653207,False
ZM,GR,PV,0.0,False
ZM,GR,WIND,0.0,False
ZM,GT,PV,0.0,False
ZM,GT,WIND,0.0,False
ZM,HN,PV,0.0020308487617977204,False
ZM,HN,WIND,0.0,False
ZM,HU,PV,7.4780821219245274e-06,False
ZM,ID,PV,0.010562455331613737,False
ZM,ID,WIND,0.0,False
ZM,IE,WIND,0.0,False
ZM,IL,PV,0.0,False
ZM,IL,WIND,0.0020866745787012867,False
ZM,IN,PV,0.06514229673620707,False
ZM,IN,WIND,0.0002130850205138059,False
ZM,IR,PV,0.0,False
ZM,IR,WIND,0.0,False
ZM,IT,PV,0.0,False
ZM,IT,WIND,0.0,False
ZM,JM,PV,0.0,False
ZM,JM,WIND,0.004709061978028846,False
ZM,JO,PV,0.01768512117905635,False
ZM,JP,PV,0.0,False
ZM,JP,WIND,0.005693612584962569,False
ZM,KE,PV,0.031656340179799534,False
ZM,KE,WIND,0.0,False
ZM,KH,PV,0.0,False
ZM,KR,PV,0.0,False
ZM,KR,WIND,0.005336443367907055,False
ZM,KW,PV,0.0,False
ZM,KZ,PV,0.0,False
ZM,LC,PV,0.0,False
ZM,LK,PV,0.0,False
ZM,LK,WIND,0.0,False
ZM,LY,PV,0.0,False
ZM,LY,WIND,0.0,False
ZM,MA,PV,0.0,False
ZM,MA,WIND,0.0,False
ZM,MG,PV,0.0010578815431952218,False
ZM,MM,PV,0.0,False
ZM,MN,PV,0.0,False
ZM,MN,WIND,0.0,False
ZM,MR,PV,0.0,False
ZM,MR,WIND,0.0,False
ZM,MU,PV,0.05207205393506697,False
ZM,MX,PV,0.05753430806206904,False
ZM,MX,WIND,0.0,False
ZM,MY,PV,0.0019194615628007371,False
ZM,NE,PV,0.009420935255533983,False
ZM,NG,PV,0.006176106711642585,False
ZM,NI,PV,0.0,False
ZM,NL,PV,0.0,False
ZM,NL,WIND,0.017878935763403887,False
ZM,NO,WIND,0.0020846011089659497,False
ZM,NP,PV,0.009584117418395412,False
ZM,NZ,WIND,0.008699006944986513,False
ZM,OM,PV,0.026440567374415237,False
ZM,PA,PV,0.0,False
ZM,PE,PV,0.0,False
ZM,PE,WIND,0.0,False
ZM,PH,PV,0.0,False
ZM,PH,WIND,0.01832030479535435,False
ZM,PK,PV,0.0,False
ZM,PK,WIND,0.0,False
ZM,PL,PV,0.0,False
ZM,PL,WIND,0.014345458374182834,False
ZM,PS,PV,0.008610654433328153,False
ZM,PT,PV,0.0,False
ZM,PT,WIND,0.0034286442776887078,False
ZM,PY,PV,0.0,False
ZM,PY,WIND,0.0,False
ZM,RO,PV,0.0,False
ZM,RO,WIND,0.007607533304776533,False
ZM,RU,PV,0.0,False
ZM,RU,WIND,0.0,False
ZM,RW,PV,0.0,False
ZM,SA,PV,0.01805409741085931,False
ZM,SE,WIND,0.005893285009162688,False
ZM,SK,PV,0.0009628764657717973,False
ZM,SN,PV,0.014350786321884057,False
ZM,SR,PV,0.003090933872074683,False
ZM,SV,PV,0.0,False
ZM,TH,PV,0.009439654130470059,False
ZM,TH,WIND,0.0006472304899976519,False
ZM,TN,WIND,0.0006802483462285755,False
ZM,TR,PV,0.0,False
ZM,TR,WIND,0.0,False
ZM,TW,PV,0.0,False
ZM,TW,WIND,0.0011965060593074344,False
ZM,UA,PV,0.0,False
ZM,UG,PV,0.0,False
ZM,US,PV,0.07366854973408543,False
ZM,US,WIND,0.03883116920022682,False
ZM,UY,PV,0.0,False
ZM,UY,WIND,0.0,False
ZM,UZ,PV,0.0,False
ZM,VN,PV,0.0,False
ZM,VN,WIND,0.0,False
ZM,ZA,PV,0.012789052216908108,False
ZM,ZA,WIND,0.004003771984407438,False
ZM,ZM,PV,0.0,True
ZM,nan,PV,0.005692447275052631,False
