year,parameter,variant,country,scenario,uncovered_share,storage_cost_usd_yr_per_100mw_mid
2030,gamma,stylized_g3,AE,L0_W0,0.3349618313351725,36907003.00964913
2030,gamma,stylized_g3,AE,L3_W3,0.04259424432542257,4693149.35748332
2030,gamma,stylized_g3,AF,L0_W0,0.33694045575107406,37125013.21392095
2030,gamma,stylized_g3,AF,L3_W3,0.06788662971811142,7479932.9742564205
2030,gamma,stylized_g3,AR,L0_W0,0.2660278384884417,29311668.72538055
2030,gamma,stylized_g3,AR,L3_W3,0.04181482218553719,4607270.512279156
2030,gamma,stylized_g3,AT,L0_W0,0.32445272922573465,35749081.63802387
2030,gamma,stylized_g3,AT,L3_W3,0.044795058907868425,4935641.07689577
2030,gamma,stylized_g3,AU,L0_W0,0.23720711470867686,26136123.2160903
2030,gamma,stylized_g3,AU,L3_W3,0.04688229802163136,5165618.743146418
2030,gamma,stylized_g3,BD,L0_W0,0.3722164583914784,41011818.85511367
2030,gamma,stylized_g3,BD,L3_W3,0.05102709933229635,5622304.192462707
2030,gamma,stylized_g3,BE,L0_W0,0.2333156419208438,25707350.19045918
2030,gamma,stylized_g3,BE,L3_W3,0.04627409766501627,5098605.578384963
2030,gamma,stylized_g3,BF,L0_W0,0.3416657059797903,37645654.09923445
2030,gamma,stylized_g3,BF,L3_W3,0.05657151184253236,6233202.599562889
2030,gamma,stylized_g3,BG,L0_W0,0.3182990236997853,35071049.67401944
2030,gamma,stylized_g3,BG,L3_W3,0.04318481858065249,4758220.430591295
2030,gamma,stylized_g3,BH,L0_W0,0.353489320968909,38948412.06496723
2030,gamma,stylized_g3,BH,L3_W3,0.05284388593131554,5822482.667158223
2030,gamma,stylized_g3,BI,L0_W0,0.3894902733526055,42915094.63497563
2030,gamma,stylized_g3,BI,L3_W3,0.05270808226445132,5807519.450836826
2030,gamma,stylized_g3,BO,L0_W0,0.3870963246101319,42651322.87002187
2030,gamma,stylized_g3,BO,L3_W3,0.05009114136808613,5519177.805601493
2030,gamma,stylized_g3,BR,L0_W0,0.19632258572781858,21631354.93210408
2030,gamma,stylized_g3,BR,L3_W3,0.04042562314580197,4454204.794504266
2030,gamma,stylized_g3,BY,L0_W0,0.32469535277111733,35775814.558261245
2030,gamma,stylized_g3,BY,L3_W3,0.07977801643227289,8790158.2124547
2030,gamma,stylized_g3,CA,L0_W0,0.19650744976014198,21651723.75254592
2030,gamma,stylized_g3,CA,L3_W3,0.041946590576556475,4621789.110964088
2030,gamma,stylized_g3,CH,L0_W0,0.39721892169854284,43766658.07020956
2030,gamma,stylized_g3,CH,L3_W3,0.051325338804197894,5655165.026317095
2030,gamma,stylized_g3,CL,L0_W0,0.30834476872617883,33974262.864593096
2030,gamma,stylized_g3,CL,L3_W3,0.044941655310671354,4951793.466133328
2030,gamma,stylized_g3,CN,L0_W0,0.15094547964944313,16631582.319420986
2030,gamma,stylized_g3,CN,L3_W3,0.039307576777578165,4331015.41345603
2030,gamma,stylized_g3,CO,L0_W0,0.3932366458924096,43327880.121759824
2030,gamma,stylized_g3,CO,L3_W3,0.038546626227330655,4247171.818094037
2030,gamma,stylized_g3,CR,L0_W0,0.3821007921897427,42100901.559811115
2030,gamma,stylized_g3,CR,L3_W3,0.03537800713508974,3898044.773058421
2030,gamma,stylized_g3,CU,L0_W0,0.2884953595072442,31787201.124266226
2030,gamma,stylized_g3,CU,L3_W3,0.046145224743191035,5084406.010348486
2030,gamma,stylized_g3,CV,L0_W0,0.275337037167267,30337381.482823163
2030,gamma,stylized_g3,CV,L3_W3,0.048957450296121745,5394264.648665907
2030,gamma,stylized_g3,CZ,L0_W0,0.3241202985605945,35712453.52577023
2030,gamma,stylized_g3,CZ,L3_W3,0.042557816287662,4689135.617488211
2030,gamma,stylized_g3,DE,L0_W0,0.22040101421291364,24284381.48448701
2030,gamma,stylized_g3,DE,L3_W3,0.05425645599731653,5978123.467990461
2030,gamma,stylized_g3,DK,L0_W0,0.24125834564636536,26582498.82794453
2030,gamma,stylized_g3,DK,L3_W3,0.04682858902833148,5159700.940603177
2030,gamma,stylized_g3,DO,L0_W0,0.33096101785295257,36466182.529773064
2030,gamma,stylized_g3,DO,L3_W3,0.03072025388851592,3384840.8882925436
2030,gamma,stylized_g3,DZ,L0_W0,0.34882698463938305,38434703.20369214
2030,gamma,stylized_g3,DZ,L3_W3,0.04461942122974716,4916288.841182254
2030,gamma,stylized_g3,EC,L0_W0,0.49068991367565273,54065545.46422486
2030,gamma,stylized_g3,EC,L3_W3,0.04625754767592516,5096782.055702511
2030,gamma,stylized_g3,EE,L0_W0,0.2948392645106872,32486189.782531347
2030,gamma,stylized_g3,EE,L3_W3,0.04676108252878086,5152262.891401706
2030,gamma,stylized_g3,EG,L0_W0,0.2639280062615289,29080303.515769903
2030,gamma,stylized_g3,EG,L3_W3,0.04397315663470463,4845081.655398756
2030,gamma,stylized_g3,ES,L0_W0,0.25783772357231205,28409259.651922546
2030,gamma,stylized_g3,ES,L3_W3,0.056976845035421796,6277863.310039218
2030,gamma,stylized_g3,ET,L0_W0,0.2794666166816528,30792389.75334314
2030,gamma,stylized_g3,ET,L3_W3,0.04599051157348286,5067359.293720231
2030,gamma,stylized_g3,FI,L0_W0,0.31064814879552405,34228055.527514815
2030,gamma,stylized_g3,FI,L3_W3,0.051459683430381896,5669967.481579353
2030,gamma,stylized_g3,FJ,L0_W0,0.3335572701974694,36752244.65425737
2030,gamma,stylized_g3,FJ,L3_W3,0.05043375641937538,5556928.061141596
2030,gamma,stylized_g3,FR,L0_W0,0.23197112038550208,25559207.161285974
2030,gamma,stylized_g3,FR,L3_W3,0.048369040593857646,5329432.071874081
2030,gamma,stylized_g3,GB,L0_W0,0.2290912808175872,25241898.627425026
2030,gamma,stylized_g3,GB,L3_W3,0.04375455268185564,4820995.279009065
2030,gamma,stylized_g3,GF,L0_W0,0.3122387981895573,34403317.59166964
2030,gamma,stylized_g3,GF,L3_W3,0.08235252031986551,9073824.032972196
2030,gamma,stylized_g3,GH,L0_W0,0.28349802163509147,31236580.884483676
2030,gamma,stylized_g3,GH,L3_W3,0.03868664080735935,4262599.0042481
2030,gamma,stylized_g3,GR,L0_W0,0.3976466015012385,43813780.99075946
2030,gamma,stylized_g3,GR,L3_W3,0.04573833424589355,5039573.711848992
2030,gamma,stylized_g3,GT,L0_W0,0.38109423861493147,41989996.75711507
2030,gamma,stylized_g3,GT,L3_W3,0.03421063919644774,3769421.007618958
2030,gamma,stylized_g3,HN,L0_W0,0.34308729716449965,37802288.8713917
2030,gamma,stylized_g3,HN,L3_W3,0.03692662480685436,4068675.668061564
2030,gamma,stylized_g3,HU,L0_W0,0.3481381699567911,38358807.73386449
2030,gamma,stylized_g3,HU,L3_W3,0.04414873523179069,4864427.381403583
2030,gamma,stylized_g3,ID,L0_W0,0.4071213317595345,44857732.46655803
2030,gamma,stylized_g3,ID,L3_W3,0.04024647488853295,4434465.753659386
2030,gamma,stylized_g3,IE,L0_W0,0.3003960186139128,33098448.019818135
2030,gamma,stylized_g3,IE,L3_W3,0.08369306267667921,9221528.625463448
2030,gamma,stylized_g3,IL,L0_W0,0.4386857347120676,48335583.98809823
2030,gamma,stylized_g3,IL,L3_W3,0.05070132087359517,5586409.038355635
2030,gamma,stylized_g3,IN,L0_W0,0.25307082710941264,27884030.07158009
2030,gamma,stylized_g3,IN,L3_W3,0.04603799022296419,5072590.620084543
2030,gamma,stylized_g3,IR,L0_W0,0.4424416613211256,48749422.16814393
2030,gamma,stylized_g3,IR,L3_W3,0.18710002920071556,20615188.641916055
2030,gamma,stylized_g3,IT,L0_W0,0.3972646716752819,43771698.926722884
2030,gamma,stylized_g3,IT,L3_W3,0.05134729545776677,5657584.269954849
2030,gamma,stylized_g3,JM,L0_W0,0.43753801789123303,48209125.43611358
2030,gamma,stylized_g3,JM,L3_W3,0.03741168269013452,4122120.6611424675
2030,gamma,stylized_g3,JO,L0_W0,0.27929820042412196,30773833.193335135
2030,gamma,stylized_g3,JO,L3_W3,0.055619125896984825,6128266.133164428
2030,gamma,stylized_g3,JP,L0_W0,0.39772521758653057,43822443.12424768
2030,gamma,stylized_g3,JP,L3_W3,0.041245186874076016,4544506.548783078
2030,gamma,stylized_g3,KE,L0_W0,0.3023750566159402,33316503.794130966
2030,gamma,stylized_g3,KE,L3_W3,0.049953210536062366,5503980.212453841
2030,gamma,stylized_g3,KH,L0_W0,0.33914835954505157,37368286.04188625
2030,gamma,stylized_g3,KH,L3_W3,0.039063697540092826,4304144.13765728
2030,gamma,stylized_g3,KR,L0_W0,0.40773299359581233,44925127.02653643
2030,gamma,stylized_g3,KR,L3_W3,0.042831081238555974,4719244.690885843
2030,gamma,stylized_g3,KW,L0_W0,0.29937839301923524,32986323.271945357
2030,gamma,stylized_g3,KW,L3_W3,0.04101148321318605,4518756.445610275
2030,gamma,stylized_g3,KZ,L0_W0,0.43367914546586406,47783944.40683256
2030,gamma,stylized_g3,KZ,L3_W3,0.07557399955489826,8326948.231402785
2030,gamma,stylized_g3,LC,L0_W0,0.21724501133314578,23936644.527957477
2030,gamma,stylized_g3,LC,L3_W3,0.04147430411158198,4569751.307388824
2030,gamma,stylized_g3,LK,L0_W0,0.28194276275995034,31065218.243681237
2030,gamma,stylized_g3,LK,L3_W3,0.04098505893202286,4515844.94664775
2030,gamma,stylized_g3,LY,L0_W0,0.23781603851756705,26203216.092785463
2030,gamma,stylized_g3,LY,L3_W3,0.04581051902414262,5047527.226485182
2030,gamma,stylized_g3,MA,L0_W0,0.3572176211643736,39359206.29183901
2030,gamma,stylized_g3,MA,L3_W3,0.04703737779116893,5182705.852738111
2030,gamma,stylized_g3,MG,L0_W0,0.35295817429304427,38889888.883724265
2030,gamma,stylized_g3,MG,L3_W3,0.05547304086147688,6112170.087762283
2030,gamma,stylized_g3,MM,L0_W0,0.3391220150496065,37365383.33393053
2030,gamma,stylized_g3,MM,L3_W3,0.04424746939942256,4875306.179765234
2030,gamma,stylized_g3,MN,L0_W0,0.2861493277253349,31528708.979980636
2030,gamma,stylized_g3,MN,L3_W3,0.04470532855676566,4925754.343458093
2030,gamma,stylized_g3,MR,L0_W0,0.26339642254046236,29021732.17970131
2030,gamma,stylized_g3,MR,L3_W3,0.05884105810843745,6483267.36226262
2030,gamma,stylized_g3,MU,L0_W0,0.2825279450459917,31129695.215000726
2030,gamma,stylized_g3,MU,L3_W3,0.0481701776254574,5307520.810689485
2030,gamma,stylized_g3,MX,L0_W0,0.24210320046683081,26675587.22335169
2030,gamma,stylized_g3,MX,L3_W3,0.02562460863686134,2823388.874821981
2030,gamma,stylized_g3,MY,L0_W0,0.3680767650999962,40555696.22120415
2030,gamma,stylized_g3,MY,L3_W3,0.0662384351401928,7298330.425675709
2030,gamma,stylized_g3,NE,L0_W0,0.3894705513399003,42912921.610128686
2030,gamma,stylized_g3,NE,L3_W3,0.06145614595106166,6771404.833011199
2030,gamma,stylized_g3,NG,L0_W0,0.27735692939430195,30559938.686446015
2030,gamma,stylized_g3,NG,L3_W3,0.04352943383836458,4796191.074299725
2030,gamma,stylized_g3,NI,L0_W0,0.30649586902911474,33770546.08166267
2030,gamma,stylized_g3,NI,L3_W3,0.05810556287979785,6402228.503271483
2030,gamma,stylized_g3,NL,L0_W0,0.2096336609488558,23098005.300255753
2030,gamma,stylized_g3,NL,L3_W3,0.05069049666401971,5585216.397588816
2030,gamma,stylized_g3,NO,L0_W0,0.34737317016479674,38274517.98206509
2030,gamma,stylized_g3,NO,L3_W3,0.049936641195465675,5502154.557570022
2030,gamma,stylized_g3,NP,L0_W0,0.4973882000689364,54803580.82512257
2030,gamma,stylized_g3,NP,L3_W3,0.05102995023704826,5622618.312880068
2030,gamma,stylized_g3,NZ,L0_W0,0.27707010061190246,30528335.113307323
2030,gamma,stylized_g3,NZ,L3_W3,0.04513303914070035,4972880.6555683855
2030,gamma,stylized_g3,OM,L0_W0,0.26172814797131266,28837917.16322882
2030,gamma,stylized_g3,OM,L3_W3,0.043108217704365175,4749780.338296574
2030,gamma,stylized_g3,PA,L0_W0,0.4181388333905077,46071670.67627083
2030,gamma,stylized_g3,PA,L3_W3,0.032990188026861364,3634948.387829682
2030,gamma,stylized_g3,PE,L0_W0,0.23227858373725513,25593084.307238024
2030,gamma,stylized_g3,PE,L3_W3,0.032837128957316025,3618083.9244433697
2030,gamma,stylized_g3,PH,L0_W0,0.2859539917098921,31507186.328038163
2030,gamma,stylized_g3,PH,L3_W3,0.03855946729887551,4248586.682182473
2030,gamma,stylized_g3,PK,L0_W0,0.27320066168422114,30101989.838144645
2030,gamma,stylized_g3,PK,L3_W3,0.053521448056421866,5897138.299684608
2030,gamma,stylized_g3,PL,L0_W0,0.2917099331677402,32141391.568263263
2030,gamma,stylized_g3,PL,L3_W3,0.044679354831824336,4922892.4880020255
2030,gamma,stylized_g3,PS,L0_W0,0.42914081443409946,47283898.78557335
2030,gamma,stylized_g3,PS,L3_W3,0.05224493674740036,5756488.821694484
2030,gamma,stylized_g3,PT,L0_W0,0.3615409719775673,39835564.809579045
2030,gamma,stylized_g3,PT,L3_W3,0.04684374867148481,5161371.271199516
2030,gamma,stylized_g3,PY,L0_W0,0.3078679810927511,33921729.11007026
2030,gamma,stylized_g3,PY,L3_W3,0.05298039489013791,5837523.594460355
2030,gamma,stylized_g3,RO,L0_W0,0.31618740833327114,34838386.16613105
2030,gamma,stylized_g3,RO,L3_W3,0.04258386043146122,4692005.2318850225
2030,gamma,stylized_g3,RU,L0_W0,0.3489240380289251,38445396.809365496
2030,gamma,stylized_g3,RU,L3_W3,0.08656134610085714,9537563.87206662
2030,gamma,stylized_g3,RW,L0_W0,0.3662487246932393,40354277.77145121
2030,gamma,stylized_g3,RW,L3_W3,0.03832514040127345,4222767.909098483
2030,gamma,stylized_g3,SA,L0_W0,0.2684131209231973,29574485.613046475
2030,gamma,stylized_g3,SA,L3_W3,0.0391499141450231,4313643.717012216
2030,gamma,stylized_g3,SE,L0_W0,0.33957979293386903,37415822.542734966
2030,gamma,stylized_g3,SE,L3_W3,0.056106513984650386,6181967.874484144
2030,gamma,stylized_g3,SK,L0_W0,0.3926798354439778,43266529.236453995
2030,gamma,stylized_g3,SK,L3_W3,0.050953108736434674,5614151.707944493
2030,gamma,stylized_g3,SN,L0_W0,0.2796840620163455,30816348.470042143
2030,gamma,stylized_g3,SN,L3_W3,0.04969125923038622,5475117.707169479
2030,gamma,stylized_g3,SR,L0_W0,0.27680241389959936,30498840.665366095
2030,gamma,stylized_g3,SR,L3_W3,0.06839386774882125,7535821.836134788
2030,gamma,stylized_g3,SV,L0_W0,0.4125502458658742,45455904.9462795
2030,gamma,stylized_g3,SV,L3_W3,0.034715194465675635,3825014.2755614617
2030,gamma,stylized_g3,TH,L0_W0,0.33784003781244004,37224131.60515353
2030,gamma,stylized_g3,TH,L3_W3,0.0366548694468141,4038732.925478282
2030,gamma,stylized_g3,TN,L0_W0,0.2989820058060453,32942648.253774256
2030,gamma,stylized_g3,TN,L3_W3,0.04875099072413789,5371516.373096101
2030,gamma,stylized_g3,TR,L0_W0,0.36572927793696824,40297043.71907983
2030,gamma,stylized_g3,TR,L3_W3,0.046357659094588645,5107812.6033179965
2030,gamma,stylized_g3,TW,L0_W0,0.49281617006389544,54299822.15959447
2030,gamma,stylized_g3,TW,L3_W3,0.03879536518052875,4274578.55054981
2030,gamma,stylized_g3,UA,L0_W0,0.3500385246899539,38568193.97222089
2030,gamma,stylized_g3,UA,L3_W3,0.06331748514291313,6976492.2332138205
2030,gamma,stylized_g3,UG,L0_W0,0.3841561095853842,42327362.004585855
2030,gamma,stylized_g3,UG,L3_W3,0.04830673553791697,5322567.131836128
2030,gamma,stylized_g3,US,L0_W0,0.15784361676718842,17391637.77514498
2030,gamma,stylized_g3,US,L3_W3,0.03250196395748652,3581154.5357780126
2030,gamma,stylized_g3,UY,L0_W0,0.261372433149037,28798723.53939421
2030,gamma,stylized_g3,UY,L3_W3,0.04054880353542657,4467777.143904446
2030,gamma,stylized_g3,UZ,L0_W0,0.390381814993963,43013327.11092566
2030,gamma,stylized_g3,UZ,L3_W3,0.07025608347456735,7741005.815219125
2030,gamma,stylized_g3,VN,L0_W0,0.3347526465376937,36883954.46134334
2030,gamma,stylized_g3,VN,L3_W3,0.04760667762420607,5245432.852311594
2030,gamma,stylized_g3,ZA,L0_W0,0.2369726249566076,26110286.499259435
2030,gamma,stylized_g3,ZA,L3_W3,0.04290211811964209,4727071.727099463
2030,gamma,stylized_g3,ZM,L0_W0,0.2952028016007187,32526245.285041675
2030,gamma,stylized_g3,ZM,L3_W3,0.03742774684863965,4123890.6536933593
2030,gamma,default_g4.84,AE,L0_W0,0.33812589669976423,37255628.31262243
2030,gamma,default_g4.84,AE,L3_W3,0.043975500436565056,4845339.901844244
2030,gamma,default_g4.84,AF,L0_W0,0.3416885768094967,37648174.06927833
2030,gamma,default_g4.84,AF,L3_W3,0.07056855233610927,7775434.4818148995
2030,gamma,default_g4.84,AR,L0_W0,0.27054316753934066,29809179.92600547
2030,gamma,default_g4.84,AR,L3_W3,0.04447059194518908,4899890.426977225
2030,gamma,default_g4.84,AT,L0_W0,0.32842672777512094,36186947.57587689
2030,gamma,default_g4.84,AT,L3_W3,0.04670658974163003,5146258.72832628
2030,gamma,default_g4.84,AU,L0_W0,0.24195208893938733,26658937.34543599
2030,gamma,default_g4.84,AU,L3_W3,0.04883760776364744,5381060.073418982
2030,gamma,default_g4.84,BD,L0_W0,0.37578519383280823,41405031.80462734
2030,gamma,default_g4.84,BD,L3_W3,0.052777355651036834,5815152.180443688
2030,gamma,default_g4.84,BE,L0_W0,0.23743605542258792,26161348.524847608
2030,gamma,default_g4.84,BE,L3_W3,0.048434536855293774,5336648.627588232
2030,gamma,default_g4.84,BF,L0_W0,0.3476540721298491,38305468.52239465
2030,gamma,default_g4.84,BF,L3_W3,0.06071464762542296,6689704.536512003
2030,gamma,default_g4.84,BG,L0_W0,0.32218703575410873,35499441.38664679
2030,gamma,default_g4.84,BG,L3_W3,0.04473041040697508,4928517.929737392
2030,gamma,default_g4.84,BH,L0_W0,0.35759527468223523,39400817.18065213
2030,gamma,default_g4.84,BH,L3_W3,0.05510703426631784,6071842.488479577
2030,gamma,default_g4.84,BI,L0_W0,0.39455373877851574,43473000.98797239
2030,gamma,default_g4.84,BI,L3_W3,0.05656460721075394,6232441.828507838
2030,gamma,default_g4.84,BO,L0_W0,0.39144182814431955,43130122.23464031
2030,gamma,default_g4.84,BO,L3_W3,0.05390984429103489,5939932.8501641685
2030,gamma,default_g4.84,BR,L0_W0,0.20027341962625303,22066668.525891546
2030,gamma,default_g4.84,BR,L3_W3,0.04275093468369032,4710413.926109303
2030,gamma,default_g4.84,BY,L0_W0,0.32889392775361875,36238424.93657735
2030,gamma,default_g4.84,BY,L3_W3,0.0827355403994951,9116026.224115282
2030,gamma,default_g4.84,CA,L0_W0,0.20059903958385525,22102546.215917673
2030,gamma,default_g4.84,CA,L3_W3,0.045190852259906066,4979250.661834526
2030,gamma,default_g4.84,CH,L0_W0,0.39980767046064447,44051893.42963327
2030,gamma,default_g4.84,CH,L3_W3,0.05382998313201837,5931133.531076294
2030,gamma,default_g4.84,CL,L0_W0,0.31296716694305404,34483571.23630218
2030,gamma,default_g4.84,CL,L3_W3,0.04815332370866155,5305663.800428259
2030,gamma,default_g4.84,CN,L0_W0,0.15456603539521876,17030504.97061773
2030,gamma,default_g4.84,CN,L3_W3,0.04071632266707507,4486234.856149691
2030,gamma,default_g4.84,CO,L0_W0,0.3977731428831699,43827723.66340718
2030,gamma,default_g4.84,CO,L3_W3,0.04206055974015473,4634346.542499381
2030,gamma,default_g4.84,CR,L0_W0,0.38523822970764593,42446592.93442022
2030,gamma,default_g4.84,CR,L3_W3,0.03754525885275878,4136838.4450056027
2030,gamma,default_g4.84,CU,L0_W0,0.29272308173218126,32253023.024802655
2030,gamma,default_g4.84,CU,L3_W3,0.049107917519595,5410843.535422781
2030,gamma,default_g4.84,CV,L0_W0,0.2809833739068373,30959510.17793498
2030,gamma,default_g4.84,CV,L3_W3,0.05292241831735654,5831135.578435956
2030,gamma,default_g4.84,CZ,L0_W0,0.3279014199288988,36129067.73271914
2030,gamma,default_g4.84,CZ,L3_W3,0.04460592548765695,4914801.843717631
2030,gamma,default_g4.84,DE,L0_W0,0.22465768747929304,24753393.289286222
2030,gamma,default_g4.84,DE,L3_W3,0.05595008162810199,6164731.733187314
2030,gamma,default_g4.84,DK,L0_W0,0.24540071860138907,27038916.71445044
2030,gamma,default_g4.84,DK,L3_W3,0.04965378495547052,5470988.68992717
2030,gamma,default_g4.84,DO,L0_W0,0.3342091423452626,36824069.69541089
2030,gamma,default_g4.84,DO,L3_W3,0.032548293127501855,3586259.2093773144
2030,gamma,default_g4.84,DZ,L0_W0,0.3539816672473997,39002660.11319892
2030,gamma,default_g4.84,DZ,L3_W3,0.048881129817819696,5385855.4513816545
2030,gamma,default_g4.84,EC,L0_W0,0.49546224796993393,54591374.19957663
2030,gamma,default_g4.84,EC,L3_W3,0.050373027203162495,5550236.751398606
2030,gamma,default_g4.84,EE,L0_W0,0.299019485277766,32946777.843614638
2030,gamma,default_g4.84,EE,L3_W3,0.048686050268545306,5364361.057577166
2030,gamma,default_g4.84,EG,L0_W0,0.26942218251368055,29685666.755711116
2030,gamma,default_g4.84,EG,L3_W3,0.04654563301957123,5128524.080167209
2030,gamma,default_g4.84,ES,L0_W0,0.2625923550139555,28933137.838959683
2030,gamma,default_g4.84,ES,L3_W3,0.05946923591700205,6552481.6968597155
2030,gamma,default_g4.84,ET,L0_W0,0.2855582955315813,31463587.449964162
2030,gamma,default_g4.84,ET,L3_W3,0.0503467802392979,5547344.789736934
2030,gamma,default_g4.84,FI,L0_W0,0.3158683149892367,34803227.59608832
2030,gamma,default_g4.84,FI,L3_W3,0.05392440253182325,5941536.916616902
2030,gamma,default_g4.84,FJ,L0_W0,0.3388298923467621,37333196.46227984
2030,gamma,default_g4.84,FJ,L3_W3,0.05331830122806095,5874755.031191503
2030,gamma,default_g4.84,FR,L0_W0,0.2363730769301572,26044226.671701074
2030,gamma,default_g4.84,FR,L3_W3,0.05095683411533426,5614562.180295063
2030,gamma,default_g4.84,GB,L0_W0,0.2330358194857091,25676518.595663678
2030,gamma,default_g4.84,GB,L3_W3,0.0465120792833596,5124827.03851201
2030,gamma,default_g4.84,GF,L0_W0,0.3171010102169995,34939049.29941397
2030,gamma,default_g4.84,GF,L3_W3,0.08586282110616485,9460598.49371691
2030,gamma,default_g4.84,GH,L0_W0,0.2880889871608715,31742425.917040873
2030,gamma,default_g4.84,GH,L3_W3,0.042925177576548665,4729612.480599823
2030,gamma,default_g4.84,GR,L0_W0,0.40199894758514004,44293334.2860627
2030,gamma,default_g4.84,GR,L3_W3,0.04842565314149931,5335669.795909286
2030,gamma,default_g4.84,GT,L0_W0,0.3855077726284161,42476291.904444486
2030,gamma,default_g4.84,GT,L3_W3,0.037235087115556946,4102662.8817995326
2030,gamma,default_g4.84,HN,L0_W0,0.3475727252429945,38296505.50178421
2030,gamma,default_g4.84,HN,L3_W3,0.03990798294481342,4397169.793293388
2030,gamma,default_g4.84,HU,L0_W0,0.35173601143671235,38755227.66564719
2030,gamma,default_g4.84,HU,L3_W3,0.046364442781771216,5108560.048369471
2030,gamma,default_g4.84,ID,L0_W0,0.40997039767729354,45171650.276185125
2030,gamma,default_g4.84,ID,L3_W3,0.04173323822970458,4598281.370765775
2030,gamma,default_g4.84,IE,L0_W0,0.3053276732188849,33641831.09908643
2030,gamma,default_g4.84,IE,L3_W3,0.08694177151380472,9579480.175797822
2030,gamma,default_g4.84,IL,L0_W0,0.4414251971146387,48637425.385171734
2030,gamma,default_g4.84,IL,L3_W3,0.052530894176030414,5787996.386711706
2030,gamma,default_g4.84,IN,L0_W0,0.2565960584066043,28272449.61650721
2030,gamma,default_g4.84,IN,L3_W3,0.04752637315581651,5236584.688194723
2030,gamma,default_g4.84,IR,L0_W0,0.44742190331382165,49298158.737563066
2030,gamma,default_g4.84,IR,L3_W3,0.1917256228671109,21124849.09691949
2030,gamma,default_g4.84,IT,L0_W0,0.4011081405057464,44195182.74614202
2030,gamma,default_g4.84,IT,L3_W3,0.05384188399921383,5932444.800899635
2030,gamma,default_g4.84,JM,L0_W0,0.4407159041701498,48559273.56491022
2030,gamma,default_g4.84,JM,L3_W3,0.040699320092747446,4484361.466398448
2030,gamma,default_g4.84,JO,L0_W0,0.2839166895106103,31282710.846456435
2030,gamma,default_g4.84,JO,L3_W3,0.05879648873656517,6478356.587995381
2030,gamma,default_g4.84,JP,L0_W0,0.4011754647976395,44202600.719209634
2030,gamma,default_g4.84,JP,L3_W3,0.04270313165770363,4705146.859061906
2030,gamma,default_g4.84,KE,L0_W0,0.3074801848540288,33879000.66876516
2030,gamma,default_g4.84,KE,L3_W3,0.05257067433562099,5792379.472581167
2030,gamma,default_g4.84,KH,L0_W0,0.3416967319793977,37649072.62801524
2030,gamma,default_g4.84,KH,L3_W3,0.039872452968673956,4393255.004163279
2030,gamma,default_g4.84,KR,L0_W0,0.410768481609622,45259585.328292385
2030,gamma,default_g4.84,KR,L3_W3,0.04418407111519728,4868320.784869993
2030,gamma,default_g4.84,KW,L0_W0,0.3036663515458071,33458782.171559755
2030,gamma,default_g4.84,KW,L3_W3,0.04295250911937579,4732623.944113019
2030,gamma,default_g4.84,KZ,L0_W0,0.43736760920815776,48190349.34525553
2030,gamma,default_g4.84,KZ,L3_W3,0.07772681426865935,8564151.195105515
2030,gamma,default_g4.84,LC,L0_W0,0.221741046502408,24432029.876377694
2030,gamma,default_g4.84,LC,L3_W3,0.044602098999243306,4914380.230846589
2030,gamma,default_g4.84,LK,L0_W0,0.2861470128488708,31528453.92061375
2030,gamma,default_g4.84,LK,L3_W3,0.0426812205470667,4702732.633467908
2030,gamma,default_g4.84,LY,L0_W0,0.24262663007490146,26733260.11713603
2030,gamma,default_g4.84,LY,L3_W3,0.04935040769849457,5437561.760979356
2030,gamma,default_g4.84,MA,L0_W0,0.36306893228511994,40003919.62016951
2030,gamma,default_g4.84,MA,L3_W3,0.05214172216031354,5745116.358566166
2030,gamma,default_g4.84,MG,L0_W0,0.3585951502946589,39510986.187341325
2030,gamma,default_g4.84,MG,L3_W3,0.05883400753560213,6482490.511026121
2030,gamma,default_g4.84,MM,L0_W0,0.34361901895829966,37860875.42068852
2030,gamma,default_g4.84,MM,L3_W3,0.04612066111152611,5081699.522793854
2030,gamma,default_g4.84,MN,L0_W0,0.2904783133995138,32005688.361986034
2030,gamma,default_g4.84,MN,L3_W3,0.046647901096410226,5139792.254229438
2030,gamma,default_g4.84,MR,L0_W0,0.2706603567524928,29822092.151333544
2030,gamma,default_g4.84,MR,L3_W3,0.06441761873569962,7097707.936084036
2030,gamma,default_g4.84,MU,L0_W0,0.2867992646422827,31600320.792151168
2030,gamma,default_g4.84,MU,L3_W3,0.05043566783609854,5557138.66622001
2030,gamma,default_g4.84,MX,L0_W0,0.24614311255322324,27120715.69347284
2030,gamma,default_g4.84,MX,L3_W3,0.026799137779523037,2952801.6811418748
2030,gamma,default_g4.84,MY,L0_W0,0.37158326058570196,40942051.4036093
2030,gamma,default_g4.84,MY,L3_W3,0.06861780737376275,7560496.111346237
2030,gamma,default_g4.84,NE,L0_W0,0.396225711432577,43657223.46946983
2030,gamma,default_g4.84,NE,L3_W3,0.06715171323868353,7398957.883423026
2030,gamma,default_g4.84,NG,L0_W0,0.28141125624043906,31006655.41388938
2030,gamma,default_g4.84,NG,L3_W3,0.04648723362812902,5122089.476836054
2030,gamma,default_g4.84,NI,L0_W0,0.31115485711022195,34283886.02384637
2030,gamma,default_g4.84,NI,L3_W3,0.06097062006244572,6717908.273833145
2030,gamma,default_g4.84,NL,L0_W0,0.21381600501744866,23558827.312458355
2030,gamma,default_g4.84,NL,L3_W3,0.05269393493008236,5805960.659167781
2030,gamma,default_g4.84,NO,L0_W0,0.3517308064022909,38754654.16083831
2030,gamma,default_g4.84,NO,L3_W3,0.05307175302342996,5847589.681354272
2030,gamma,default_g4.84,NP,L0_W0,0.5019120702012502,55302033.10526161
2030,gamma,default_g4.84,NP,L3_W3,0.054562275140164776,6011819.4505461985
2030,gamma,default_g4.84,NZ,L0_W0,0.28156949943617954,31024091.078359477
2030,gamma,default_g4.84,NZ,L3_W3,0.04754818113928371,5238987.550957475
2030,gamma,default_g4.84,OM,L0_W0,0.26626697138377436,29338017.036328606
2030,gamma,default_g4.84,OM,L3_W3,0.04558736289829735,5022939.279329043
2030,gamma,default_g4.84,PA,L0_W0,0.4208563209029797,46371090.820356235
2030,gamma,default_g4.84,PA,L3_W3,0.03658069858422252,4030560.5786828734
2030,gamma,default_g4.84,PE,L0_W0,0.2365479800309663,26063497.96969413
2030,gamma,default_g4.84,PE,L3_W3,0.03630319559586585,3999984.546823836
2030,gamma,default_g4.84,PH,L0_W0,0.2911038021789152,32074606.412057146
2030,gamma,default_g4.84,PH,L3_W3,0.039735551061980894,4378170.780799061
2030,gamma,default_g4.84,PK,L0_W0,0.2770514380780384,30526278.824712455
2030,gamma,default_g4.84,PK,L3_W3,0.055324065683133986,6095755.598584372
2030,gamma,default_g4.84,PL,L0_W0,0.2955765723647832,32567428.361511197
2030,gamma,default_g4.84,PL,L3_W3,0.046590958956850184,5133518.214862799
2030,gamma,default_g4.84,PS,L0_W0,0.4328773830749054,47695604.05217727
2030,gamma,default_g4.84,PS,L3_W3,0.05567581933662898,6134512.7700998485
2030,gamma,default_g4.84,PT,L0_W0,0.3656260779970841,40285672.86982001
2030,gamma,default_g4.84,PT,L3_W3,0.04970962077168011,5477140.831586653
2030,gamma,default_g4.84,PY,L0_W0,0.3130241139558499,34489845.81261516
2030,gamma,default_g4.84,PY,L3_W3,0.05611437107254253,6182833.589736913
2030,gamma,default_g4.84,RO,L0_W0,0.31992769363581125,35250500.94460461
2030,gamma,default_g4.84,RO,L3_W3,0.04415686698605561,4865323.360142213
2030,gamma,default_g4.84,RU,L0_W0,0.35323645544298143,38920550.65553665
2030,gamma,default_g4.84,RU,L3_W3,0.08978627931851563,9892895.760167453
2030,gamma,default_g4.84,RW,L0_W0,0.37118658975477353,40898345.13566659
2030,gamma,default_g4.84,RW,L3_W3,0.0419096567259864,4617719.639141838
2030,gamma,default_g4.84,SA,L0_W0,0.2728678294591017,30065317.480923444
2030,gamma,default_g4.84,SA,L3_W3,0.04154490444724455,4577530.243843747
2030,gamma,default_g4.84,SE,L0_W0,0.3437007150869303,37869876.92170501
2030,gamma,default_g4.84,SE,L3_W3,0.05856147166662775,6452461.769851696
2030,gamma,default_g4.84,SK,L0_W0,0.3963284637379124,43668544.99714105
2030,gamma,default_g4.84,SK,L3_W3,0.053060753594125626,5846377.7344025215
2030,gamma,default_g4.84,SN,L0_W0,0.2861362729038797,31527270.564347375
2030,gamma,default_g4.84,SN,L3_W3,0.05487389456621443,6046154.524035727
2030,gamma,default_g4.84,SR,L0_W0,0.28135096170051943,31000011.997959245
2030,gamma,default_g4.84,SR,L3_W3,0.07181017140607952,7912239.438276869
2030,gamma,default_g4.84,SV,L0_W0,0.4165088432924704,45892073.94665489
2030,gamma,default_g4.84,SV,L3_W3,0.03840375565510623,4231429.950974255
2030,gamma,default_g4.84,TH,L0_W0,0.34140290909298104,37616698.42552758
2030,gamma,default_g4.84,TH,L3_W3,0.03802458482820054,4189651.880935652
2030,gamma,default_g4.84,TN,L0_W0,0.30416110251474004,33513295.175106004
2030,gamma,default_g4.84,TN,L3_W3,0.05227279322083065,5759558.123485174
2030,gamma,default_g4.84,TR,L0_W0,0.3703027973445664,40800966.49102101
2030,gamma,default_g4.84,TR,L3_W3,0.05017954198906379,5528918.025767691
2030,gamma,default_g4.84,TW,L0_W0,0.49598495028271794,54648966.957993835
2030,gamma,default_g4.84,TW,L3_W3,0.04002069755888088,4409588.995158977
2030,gamma,default_g4.84,UA,L0_W0,0.3541748836311515,39023949.218373135
2030,gamma,default_g4.84,UA,L3_W3,0.0657007469680589,7239086.48463294
2030,gamma,default_g4.84,UG,L0_W0,0.38883327222019287,42842704.46838667
2030,gamma,default_g4.84,UG,L3_W3,0.05241247111633134,5774948.212824836
2030,gamma,default_g4.84,US,L0_W0,0.16195185670290166,17844294.793012816
2030,gamma,default_g4.84,US,L3_W3,0.03439889201438134,3790163.213649883
2030,gamma,default_g4.84,UY,L0_W0,0.26577746392264506,29284081.776692808
2030,gamma,default_g4.84,UY,L3_W3,0.04371067001970864,4816160.168281747
2030,gamma,default_g4.84,UZ,L0_W0,0.39478820171051326,43498834.74969501
2030,gamma,default_g4.84,UZ,L3_W3,0.07317967644109552,8063135.217200674
2030,gamma,default_g4.84,VN,L0_W0,0.33838313890278904,37283971.95620534
2030,gamma,default_g4.84,VN,L3_W3,0.05040970107331121,5554277.5778729515
2030,gamma,default_g4.84,ZA,L0_W0,0.24086282951573187,26538919.788011923
2030,gamma,default_g4.84,ZA,L3_W3,0.04484285567574537,4940907.454407662
2030,gamma,default_g4.84,ZM,L0_W0,0.29981936733761094,33034911.018288262
2030,gamma,default_g4.84,ZM,L3_W3,0.04117227957701729,4536473.4250649335
2030,gamma,upper_g6,AE,L0_W0,0.3403917390307576,37505284.96572831
2030,gamma,upper_g6,AE,L3_W3,0.04523262767707661,4983853.590595384
2030,gamma,upper_g6,AF,L0_W0,0.34466496084057485,37976120.133923985
2030,gamma,upper_g6,AF,L3_W3,0.07243141479278847,7980689.719467413
2030,gamma,upper_g6,AR,L0_W0,0.2733689488496142,30120532.174430817
2030,gamma,upper_g6,AR,L3_W3,0.0464879767444215,5122171.355404526
2030,gamma,upper_g6,AT,L0_W0,0.33092295600082494,36461988.771680005
2030,gamma,upper_g6,AT,L3_W3,0.04888718051443473,5386522.13354449
2030,gamma,upper_g6,AU,L0_W0,0.24499957006083087,26994717.080316953
2030,gamma,upper_g6,AU,L3_W3,0.050477548827819047,5561753.227471108
2030,gamma,upper_g6,BD,L0_W0,0.3780139364290303,41650600.70833982
2030,gamma,upper_g6,BD,L3_W3,0.05437826873891734,5991545.126222248
2030,gamma,upper_g6,BE,L0_W0,0.24004559478907198,26448874.649447326
2030,gamma,upper_g6,BE,L3_W3,0.05043648493490574,5557228.6963826
2030,gamma,upper_g6,BF,L0_W0,0.3513752235980897,38715475.08311318
2030,gamma,upper_g6,BF,L3_W3,0.0635035768626458,6996996.323583962
2030,gamma,upper_g6,BG,L0_W0,0.3246726143312146,35773309.17528498
2030,gamma,upper_g6,BG,L3_W3,0.04614704287930003,5084606.3375158515
2030,gamma,upper_g6,BH,L0_W0,0.3601737522306429,39684920.82989498
2030,gamma,upper_g6,BH,L3_W3,0.05696293384009186,6276330.536809913
2030,gamma,upper_g6,BI,L0_W0,0.3977637224943776,43826685.69942149
2030,gamma,upper_g6,BI,L3_W3,0.0592072482081201,6523615.18057141
2030,gamma,upper_g6,BO,L0_W0,0.3942654469387309,43441236.21120309
2030,gamma,upper_g6,BO,L3_W3,0.056574907277748866,6233576.717823633
2030,gamma,upper_g6,BR,L0_W0,0.20276620007694188,22341329.836492956
2030,gamma,upper_g6,BR,L3_W3,0.04460552427446006,4914757.636959488
2030,gamma,upper_g6,BY,L0_W0,0.33156502491528095,36532733.66599759
2030,gamma,upper_g6,BY,L3_W3,0.084805922753662,9344146.566877268
2030,gamma,upper_g6,CA,L0_W0,0.20317795577239164,22386698.195719533
2030,gamma,upper_g6,CA,L3_W3,0.04798478219999117,5287093.439910006
2030,gamma,upper_g6,CH,L0_W0,0.4017646909052535,44267523.24975704
2030,gamma,upper_g6,CH,L3_W3,0.05583642093233276,6152208.289474002
2030,gamma,upper_g6,CL,L0_W0,0.3158628822210788,34802628.998958744
2030,gamma,upper_g6,CL,L3_W3,0.050516492486855614,5566044.145440897
2030,gamma,upper_g6,CN,L0_W0,0.15685357971473235,17282552.807675656
2030,gamma,upper_g6,CN,L3_W3,0.042092842820412174,4637903.579835465
2030,gamma,upper_g6,CO,L0_W0,0.4006045623673553,44139697.14112514
2030,gamma,upper_g6,CO,L3_W3,0.044992325484489414,4957376.443304634
2030,gamma,upper_g6,CR,L0_W0,0.3872750160353301,42671011.57587025
2030,gamma,upper_g6,CR,L3_W3,0.03933359710114419,4333882.403274947
2030,gamma,upper_g6,CU,L0_W0,0.29543513180016795,32551844.056508046
2030,gamma,upper_g6,CU,L3_W3,0.05139394057888195,5662723.755903207
2030,gamma,upper_g6,CV,L0_W0,0.2845226353696185,31349475.604557257
2030,gamma,upper_g6,CV,L3_W3,0.05573813392674914,6141378.760639553
2030,gamma,upper_g6,CZ,L0_W0,0.33027714100855027,36390831.12434882
2030,gamma,upper_g6,CZ,L3_W3,0.046652975170423654,5140351.329465378
2030,gamma,upper_g6,DE,L0_W0,0.22737105294823798,25052359.255436625
2030,gamma,upper_g6,DE,L3_W3,0.057605122620543604,6347088.638287987
2030,gamma,upper_g6,DK,L0_W0,0.24801577453852564,27327050.669765864
2030,gamma,upper_g6,DK,L3_W3,0.05224085412004695,5756038.986740396
2030,gamma,upper_g6,DO,L0_W0,0.33633534479915256,37058340.44814726
2030,gamma,upper_g6,DO,L3_W3,0.03427750925110938,3776788.9315964896
2030,gamma,upper_g6,DZ,L0_W0,0.3572015872934065,39357439.6364512
2030,gamma,upper_g6,DZ,L3_W3,0.051895711188459814,5718010.202493336
2030,gamma,upper_g6,EC,L0_W0,0.49843506542106547,54918927.28877103
2030,gamma,upper_g6,EC,L3_W3,0.053337712707337476,5876893.840623087
2030,gamma,upper_g6,EE,L0_W0,0.30163870043649726,33235370.07324538
2030,gamma,upper_g6,EE,L3_W3,0.050402313684275994,5553463.615314084
2030,gamma,upper_g6,EG,L0_W0,0.2729426423849809,30073560.571993187
2030,gamma,upper_g6,EG,L3_W3,0.04853602939825488,5347831.351224508
2030,gamma,upper_g6,ES,L0_W0,0.2655919460056667,29263640.90946632
2030,gamma,upper_g6,ES,L3_W3,0.061333507604757545,6757892.2074141195
2030,gamma,upper_g6,ET,L0_W0,0.28939027596889805,31885805.447069183
2030,gamma,upper_g6,ET,L3_W3,0.0533322696677817,5876294.111763038
2030,gamma,upper_g6,FI,L0_W0,0.3191350358927895,35163163.76475128
2030,gamma,upper_g6,FI,L3_W3,0.05591512522102479,6160880.141452035
2030,gamma,upper_g6,FJ,L0_W0,0.34224704944091827,37709708.0984139
2030,gamma,upper_g6,FJ,L3_W3,0.055360133215809126,6099729.617151462
2030,gamma,upper_g6,FR,L0_W0,0.23913430113096118,26348465.84272297
2030,gamma,upper_g6,FR,L3_W3,0.053056299801130656,5845887.003411428
2030,gamma,upper_g6,GB,L0_W0,0.23553362944363532,25951734.071012776
2030,gamma,upper_g6,GB,L3_W3,0.04915591271898421,5416131.776656851
2030,gamma,upper_g6,GF,L0_W0,0.3202010973351283,35280625.3056798
2030,gamma,upper_g6,GF,L3_W3,0.08819770055760547,9717861.843985792
2030,gamma,upper_g6,GH,L0_W0,0.2909644028617057,32059247.01722913
2030,gamma,upper_g6,GH,L3_W3,0.04616686005097,5086789.847235603
2030,gamma,upper_g6,GR,L0_W0,0.40473435319728607,44594728.69496495
2030,gamma,upper_g6,GR,L3_W3,0.050718226154443845,5588271.708047503
2030,gamma,upper_g6,GT,L0_W0,0.3883215723104245,42786323.9845728
2030,gamma,upper_g6,GT,L3_W3,0.03981280687190445,4386683.035458036
2030,gamma,upper_g6,HN,L0_W0,0.3503683871086505,38604539.10811616
2030,gamma,upper_g6,HN,L3_W3,0.04225582773561446,4655861.699815647
2030,gamma,upper_g6,HU,L0_W0,0.354000843271175,39004772.979504816
2030,gamma,upper_g6,HU,L3_W3,0.04871026800988868,5367029.433998099
2030,gamma,upper_g6,ID,L0_W0,0.41177501412624146,45370487.810739756
2030,gamma,upper_g6,ID,L3_W3,0.04330898334310215,4771901.240859007
2030,gamma,upper_g6,IE,L0_W0,0.30846162972963326,33987138.92688655
2030,gamma,upper_g6,IE,L3_W3,0.08919678809682442,9827944.018632017
2030,gamma,upper_g6,IL,L0_W0,0.44359210760446866,48876181.45971018
2030,gamma,upper_g6,IL,L3_W3,0.05415867727714802,5967349.943421544
2030,gamma,upper_g6,IN,L0_W0,0.2588079299577182,28516159.622714546
2030,gamma,upper_g6,IN,L3_W3,0.048828181656347586,5380021.479352612
2030,gamma,upper_g6,IR,L0_W0,0.45051662466407144,49639143.52897175
2030,gamma,upper_g6,IR,L3_W3,0.194583586182628,21439747.245961756
2030,gamma,upper_g6,IT,L0_W0,0.4039087957584468,44503766.537400834
2030,gamma,upper_g6,IT,L3_W3,0.05568613375775808,6135649.240993074
2030,gamma,upper_g6,JM,L0_W0,0.4427547521621768,48783919.36612888
2030,gamma,upper_g6,JM,L3_W3,0.04321019401879667,4761016.36518547
2030,gamma,upper_g6,JO,L0_W0,0.2868260671792952,31603273.96836902
2030,gamma,upper_g6,JO,L3_W3,0.061295125012571866,6753663.109311603
2030,gamma,upper_g6,JP,L0_W0,0.40333863972540346,44440945.19938861
2030,gamma,upper_g6,JP,L3_W3,0.0440831901468151,4857205.446179443
2030,gamma,upper_g6,KE,L0_W0,0.31066767186343713,34230206.63208501
2030,gamma,upper_g6,KE,L3_W3,0.05467375577431942,6024102.68915838
2030,gamma,upper_g6,KH,L0_W0,0.343327823042813,37828790.6649824
2030,gamma,upper_g6,KH,L3_W3,0.0407904880847774,4494406.603012434
2030,gamma,upper_g6,KR,L0_W0,0.4126704695758285,45469151.52069494
2030,gamma,upper_g6,KR,L3_W3,0.045441123490109835,5006826.224726396
2030,gamma,upper_g6,KW,L0_W0,0.30636903674089705,33756571.35617138
2030,gamma,upper_g6,KW,L3_W3,0.04471426653737902,4926739.154402322
2030,gamma,upper_g6,KZ,L0_W0,0.4396707338243019,48444113.86165076
2030,gamma,upper_g6,KZ,L3_W3,0.07939811529944221,8748299.675328659
2030,gamma,upper_g6,LC,L0_W0,0.22456787352150817,24743497.343837567
2030,gamma,upper_g6,LC,L3_W3,0.046824471641040144,5159247.275704858
2030,gamma,upper_g6,LK,L0_W0,0.2888092926775847,31821791.13237671
2030,gamma,upper_g6,LK,L3_W3,0.0442319435696663,4873595.501735866
2030,gamma,upper_g6,LY,L0_W0,0.24569496749657668,27071337.855739843
2030,gamma,upper_g6,LY,L3_W3,0.05199776593922127,5729254.871709792
2030,gamma,upper_g6,MA,L0_W0,0.36670516877954595,40404570.01877953
2030,gamma,upper_g6,MA,L3_W3,0.05573704801383109,6141259.111809193
2030,gamma,upper_g6,MG,L0_W0,0.36224593932724275,39913240.02407278
2030,gamma,upper_g6,MG,L3_W3,0.06112935196231837,6735397.785049918
2030,gamma,upper_g6,MM,L0_W0,0.34646014373873774,38173918.25426885
2030,gamma,upper_g6,MM,L3_W3,0.0479897655776645,5287642.521977221
2030,gamma,upper_g6,MN,L0_W0,0.293200123512749,32305584.781946633
2030,gamma,upper_g6,MN,L3_W3,0.04831975823262667,5324002.0076574385
2030,gamma,upper_g6,MR,L0_W0,0.2752038568027647,30322707.309070528
2030,gamma,upper_g6,MR,L3_W3,0.06818837145487121,7513179.6971512055
2030,gamma,upper_g6,MU,L0_W0,0.2894855065936498,31896298.21557452
2030,gamma,upper_g6,MU,L3_W3,0.05221059983447622,5752705.487505087
2030,gamma,upper_g6,MX,L0_W0,0.2486850776594915,27400796.302817218
2030,gamma,upper_g6,MX,L3_W3,0.028045716944035907,3090153.1542725726
2030,gamma,upper_g6,MY,L0_W0,0.37384031464277145,41190739.74086003
2030,gamma,upper_g6,MY,L3_W3,0.07033781399810926,7750011.105960215
2030,gamma,upper_g6,NE,L0_W0,0.4004367423132309,44121206.27242538
2030,gamma,upper_g6,NE,L3_W3,0.07102350546992789,7825562.451954555
2030,gamma,upper_g6,NG,L0_W0,0.2840074800421959,31292714.39345497
2030,gamma,upper_g6,NG,L3_W3,0.04907228601558389,5406917.5596764255
2030,gamma,upper_g6,NI,L0_W0,0.31409205509191457,34607514.46329622
2030,gamma,upper_g6,NI,L3_W3,0.06331268007290308,6975962.797568526
2030,gamma,upper_g6,NL,L0_W0,0.21646331870913482,23850515.514654685
2030,gamma,upper_g6,NL,L3_W3,0.05430857542298823,5983866.127661441
2030,gamma,upper_g6,NO,L0_W0,0.3544499735361962,39054259.370168455
2030,gamma,upper_g6,NO,L3_W3,0.05567406338337468,6134319.294408056
2030,gamma,upper_g6,NP,L0_W0,0.5047747732669264,55617453.49283085
2030,gamma,upper_g6,NP,L3_W3,0.05705879200500155,6286892.449391771
2030,gamma,upper_g6,NZ,L0_W0,0.28440396243023025,31336399.898248542
2030,gamma,upper_g6,NZ,L3_W3,0.049498332066021666,5453860.468971732
2030,gamma,upper_g6,OM,L0_W0,0.26912590659999247,29653022.27202596
2030,gamma,upper_g6,OM,L3_W3,0.04765825707953263,5251116.016585522
2030,gamma,upper_g6,PA,L0_W0,0.4227309378269659,46577641.19709534
2030,gamma,upper_g6,PA,L3_W3,0.03939862320130375,4341047.155344544
2030,gamma,upper_g6,PE,L0_W0,0.23923360893327078,26359407.845709138
2030,gamma,upper_g6,PE,L3_W3,0.03901504787062633,4298783.785135139
2030,gamma,upper_g6,PH,L0_W0,0.2944306378570889,32441166.189622086
2030,gamma,upper_g6,PH,L3_W3,0.04106754064185422,4524933.005131467
2030,gamma,upper_g6,PK,L0_W0,0.2794774753293825,30793586.188599195
2030,gamma,upper_g6,PK,L3_W3,0.056992192363213144,6279554.320237984
2030,gamma,upper_g6,PL,L0_W0,0.29801049059318324,32835604.072823554
2030,gamma,upper_g6,PL,L3_W3,0.04867284945381921,5362906.55600938
2030,gamma,upper_g6,PS,L0_W0,0.43521087580462686,47952714.60968628
2030,gamma,upper_g6,PS,L3_W3,0.058433670498743776,6438380.29057112
2030,gamma,upper_g6,PT,L0_W0,0.3681795941659248,40567026.2065657
2030,gamma,upper_g6,PT,L3_W3,0.05209177312782127,5739612.8387019085
2030,gamma,upper_g6,PY,L0_W0,0.31626125443444136,34846522.729832284
2030,gamma,upper_g6,PY,L3_W3,0.05887980773744001,6487536.901477041
2030,gamma,upper_g6,RO,L0_W0,0.3222767361597506,35509324.82061237
2030,gamma,upper_g6,RO,L3_W3,0.04598452389175939,5066699.554709049
2030,gamma,upper_g6,RU,L0_W0,0.3559487233032626,39219395.68418772
2030,gamma,upper_g6,RU,L3_W3,0.09196977559843408,10133479.302039335
2030,gamma,upper_g6,RW,L0_W0,0.37427261787365235,41238372.08326634
2030,gamma,upper_g6,RW,L3_W3,0.04474997442825762,4930673.546660901
2030,gamma,upper_g6,SA,L0_W0,0.27567147133808917,30374230.34676645
2030,gamma,upper_g6,SA,L3_W3,0.043611101298725856,4805189.416568544
2030,gamma,upper_g6,SE,L0_W0,0.3462876753472173,38154915.21914827
2030,gamma,upper_g6,SE,L3_W3,0.060817357647908334,6701021.405344128
2030,gamma,upper_g6,SK,L0_W0,0.3986299058406964,43922124.12965119
2030,gamma,upper_g6,SK,L3_W3,0.05509387275757831,6070392.317751991
2030,gamma,upper_g6,SN,L0_W0,0.29016270318254306,31970913.5723296
2030,gamma,upper_g6,SN,L3_W3,0.05847056787276043,6442445.743307787
2030,gamma,upper_g6,SR,L0_W0,0.28422347988676444,31316513.842131857
2030,gamma,upper_g6,SR,L3_W3,0.07421836318367533,8177580.539468205
2030,gamma,upper_g6,SV,L0_W0,0.41935157166367026,46205293.46821438
2030,gamma,upper_g6,SV,L3_W3,0.04149681467371071,4572231.582173931
2030,gamma,upper_g6,TH,L0_W0,0.34363523004287366,37862661.60195215
2030,gamma,upper_g6,TH,L3_W3,0.039357943742052814,4336564.98219956
2030,gamma,upper_g6,TN,L0_W0,0.3074074463769406,33870986.14608922
2030,gamma,upper_g6,TN,L3_W3,0.05483410322321251,6041770.205947675
2030,gamma,upper_g6,TR,L0_W0,0.37315711538647717,41115462.993931174
2030,gamma,upper_g6,TR,L3_W3,0.05337633013595598,5881148.813640662
2030,gamma,upper_g6,TW,L0_W0,0.49795673515793326,54866223.563123666
2030,gamma,upper_g6,TW,L3_W3,0.04115076919312673,4534103.352630641
2030,gamma,upper_g6,UA,L0_W0,0.35676043482777653,39308832.261360675
2030,gamma,upper_g6,UA,L3_W3,0.06760923243376231,7449368.58915161
2030,gamma,upper_g6,UG,L0_W0,0.3917534838834841,43164461.30920731
2030,gamma,upper_g6,UG,L3_W3,0.05534010826519569,6097523.21378421
2030,gamma,upper_g6,US,L0_W0,0.1645961364875378,18135648.711102266
2030,gamma,upper_g6,US,L3_W3,0.03640414684169382,4011107.6288739583
2030,gamma,upper_g6,UY,L0_W0,0.26853853403361805,29588303.96967922
2030,gamma,upper_g6,UY,L3_W3,0.04638346272834712,5110655.717666244
2030,gamma,upper_g6,UZ,L0_W0,0.39754585388787617,43802680.345486656
2030,gamma,upper_g6,UZ,L3_W3,0.07526869594117923,8293309.051244642
2030,gamma,upper_g6,VN,L0_W0,0.34069787059050655,37539015.371225476
2030,gamma,upper_g6,VN,L3_W3,0.05243129596313353,5777022.385499422
2030,gamma,upper_g6,ZA,L0_W0,0.24333613247170516,26811435.015421648
2030,gamma,upper_g6,ZA,L3_W3,0.04671952567219021,5147684.044238287
2030,gamma,upper_g6,ZM,L0_W0,0.30269876351153074,33352170.69779633
2030,gamma,upper_g6,ZM,L3_W3,0.04386634703670598,4833313.084218325
2030,P2_peak_sigma,ci_low,AE,L0_W0,0.3334594325860601,36741464.64089182
2030,P2_peak_sigma,ci_low,AE,L3_W3,0.027178838532657106,2994638.1398895066
2030,P2_peak_sigma,ci_low,AF,L0_W0,0.34391996246308937,37894034.19222
2030,P2_peak_sigma,ci_low,AF,L3_W3,0.04161835154739448,4585622.844530454
2030,P2_peak_sigma,ci_low,AR,L0_W0,0.2926669580010748,32246839.159898996
2030,P2_peak_sigma,ci_low,AR,L3_W3,0.03755734534871835,4138170.167909606
2030,P2_peak_sigma,ci_low,AT,L0_W0,0.34590409572967623,38112651.3766006
2030,P2_peak_sigma,ci_low,AT,L3_W3,0.028398075717434544,3128976.9995401464
2030,P2_peak_sigma,ci_low,AU,L0_W0,0.2736487655160052,30151363.133610487
2030,P2_peak_sigma,ci_low,AU,L3_W3,0.02891142460225592,3185539.1718974635
2030,P2_peak_sigma,ci_low,BD,L0_W0,0.3823683738443204,42130384.432207234
2030,P2_peak_sigma,ci_low,BD,L3_W3,0.029115529620371578,3208028.0163364033
2030,P2_peak_sigma,ci_low,BE,L0_W0,0.27368227737144385,30155055.56072853
2030,P2_peak_sigma,ci_low,BE,L3_W3,0.02987386587704452,3291583.5617422583
2030,P2_peak_sigma,ci_low,BF,L0_W0,0.3795635797231907,41821344.60920006
2030,P2_peak_sigma,ci_low,BF,L3_W3,0.03251815947904251,3582939.002266112
2030,P2_peak_sigma,ci_low,BG,L0_W0,0.3494487804068358,38503214.34769112
2030,P2_peak_sigma,ci_low,BG,L3_W3,0.02732617800882062,3010872.402965187
2030,P2_peak_sigma,ci_low,BH,L0_W0,0.3825558216951596,42151037.94478058
2030,P2_peak_sigma,ci_low,BH,L3_W3,0.031225949665507523,3440559.820473567
2030,P2_peak_sigma,ci_low,BI,L0_W0,0.39997853822381113,44070720.10318084
2030,P2_peak_sigma,ci_low,BI,L3_W3,0.03157283971639052,3478781.1070629205
2030,P2_peak_sigma,ci_low,BO,L0_W0,0.38113275313399975,41994240.39127931
2030,P2_peak_sigma,ci_low,BO,L3_W3,0.04261019234055675,4694906.553042615
2030,P2_peak_sigma,ci_low,BR,L0_W0,0.2433163426975368,26809254.52443292
2030,P2_peak_sigma,ci_low,BR,L3_W3,0.03676021245394885,4050339.903699861
2030,P2_peak_sigma,ci_low,BY,L0_W0,0.3468744528638901,38219567.95730508
2030,P2_peak_sigma,ci_low,BY,L3_W3,0.046220199538969775,5092666.936682762
2030,P2_peak_sigma,ci_low,CA,L0_W0,0.24162767557705392,26623192.601348933
2030,P2_peak_sigma,ci_low,CA,L3_W3,0.03520438857734796,3878915.0095042703
2030,P2_peak_sigma,ci_low,CH,L0_W0,0.42297552285101786,46604590.238372125
2030,P2_peak_sigma,ci_low,CH,L3_W3,0.03314095796098474,3651560.628066953
2030,P2_peak_sigma,ci_low,CL,L0_W0,0.3180015513935861,35038273.36856272
2030,P2_peak_sigma,ci_low,CL,L3_W3,0.04172636357414033,4597523.902571297
2030,P2_peak_sigma,ci_low,CN,L0_W0,0.19424296603645286,21402216.794477414
2030,P2_peak_sigma,ci_low,CN,L3_W3,0.02424238826252037,2671092.0853267172
2030,P2_peak_sigma,ci_low,CO,L0_W0,0.43154092110000736,47548349.04723168
2030,P2_peak_sigma,ci_low,CO,L3_W3,0.03657065538309509,4029453.991544993
2030,P2_peak_sigma,ci_low,CR,L0_W0,0.3851017805627764,42431558.59758163
2030,P2_peak_sigma,ci_low,CR,L3_W3,0.03256508430658092,3588109.3070267583
2030,P2_peak_sigma,ci_low,CU,L0_W0,0.28546901257634255,31453750.011816144
2030,P2_peak_sigma,ci_low,CU,L3_W3,0.03474618644805076,3828429.056231351
2030,P2_peak_sigma,ci_low,CV,L0_W0,0.31662709975771813,34886832.55974162
2030,P2_peak_sigma,ci_low,CV,L3_W3,0.03571817206361145,3935525.06742714
2030,P2_peak_sigma,ci_low,CZ,L0_W0,0.3466679508384712,38196815.004100665
2030,P2_peak_sigma,ci_low,CZ,L3_W3,0.02700734575143798,2975742.600157834
2030,P2_peak_sigma,ci_low,DE,L0_W0,0.26019813019033855,28669335.6546368
2030,P2_peak_sigma,ci_low,DE,L3_W3,0.033450943894047326,3685715.71886905
2030,P2_peak_sigma,ci_low,DK,L0_W0,0.2760660796147232,30417709.356883246
2030,P2_peak_sigma,ci_low,DK,L3_W3,0.029123669955412386,3208924.9405281926
2030,P2_peak_sigma,ci_low,DO,L0_W0,0.3687156305647515,40626088.15074578
2030,P2_peak_sigma,ci_low,DO,L3_W3,0.03332118162580041,3671418.1602318822
2030,P2_peak_sigma,ci_low,DZ,L0_W0,0.36704698677943026,40442232.453034185
2030,P2_peak_sigma,ci_low,DZ,L3_W3,0.02681940837564638,2955035.1503976095
2030,P2_peak_sigma,ci_low,EC,L0_W0,0.4981937278867267,54892336.0647182
2030,P2_peak_sigma,ci_low,EC,L3_W3,0.03957597458934392,4360588.212264592
2030,P2_peak_sigma,ci_low,EE,L0_W0,0.3133516638500096,34525936.14828528
2030,P2_peak_sigma,ci_low,EE,L3_W3,0.029203732680590823,3217746.468722444
2030,P2_peak_sigma,ci_low,EG,L0_W0,0.28849371310411026,31787019.719103802
2030,P2_peak_sigma,ci_low,EG,L3_W3,0.02635632146126826,2904010.978256693
2030,P2_peak_sigma,ci_low,ES,L0_W0,0.2748100908642478,30279321.110051937
2030,P2_peak_sigma,ci_low,ES,L3_W3,0.03546496779509662,3907626.334419612
2030,P2_peak_sigma,ci_low,ET,L0_W0,0.2923691284785476,32214023.495378483
2030,P2_peak_sigma,ci_low,ET,L3_W3,0.028107607561138736,3096972.430315393
2030,P2_peak_sigma,ci_low,FI,L0_W0,0.33166744493872263,36544018.58194859
2030,P2_peak_sigma,ci_low,FI,L3_W3,0.03117824284358354,3435303.3534507104
2030,P2_peak_sigma,ci_low,FJ,L0_W0,0.3482226564479364,38368116.68459045
2030,P2_peak_sigma,ci_low,FJ,L3_W3,0.031351099571885886,3454349.176571103
2030,P2_peak_sigma,ci_low,FR,L0_W0,0.2692050034105596,29661737.373128727
2030,P2_peak_sigma,ci_low,FR,L3_W3,0.03130305186229688,3449055.149620809
2030,P2_peak_sigma,ci_low,GB,L0_W0,0.2668678184027279,29404219.99040389
2030,P2_peak_sigma,ci_low,GB,L3_W3,0.02809807596639129,3095922.2133559603
2030,P2_peak_sigma,ci_low,GF,L0_W0,0.31997479512817273,35255690.71477459
2030,P2_peak_sigma,ci_low,GF,L3_W3,0.059025843155480553,6503627.479892063
2030,P2_peak_sigma,ci_low,GH,L0_W0,0.27262561466839536,30038629.59838486
2030,P2_peak_sigma,ci_low,GH,L3_W3,0.023413939856917802,2579811.3932041624
2030,P2_peak_sigma,ci_low,GR,L0_W0,0.40622445051144934,44758911.65825748
2030,P2_peak_sigma,ci_low,GR,L3_W3,0.028120576339139034,3098401.365447436
2030,P2_peak_sigma,ci_low,GT,L0_W0,0.4207633475749829,46360846.76692926
2030,P2_peak_sigma,ci_low,GT,L3_W3,0.03207844453088472,3534490.0167492856
2030,P2_peak_sigma,ci_low,HN,L0_W0,0.3861137018507319,42543054.82946941
2030,P2_peak_sigma,ci_low,HN,L3_W3,0.032597293270875134,3591658.178065007
2030,P2_peak_sigma,ci_low,HU,L0_W0,0.3727363634663798,41069103.40627472
2030,P2_peak_sigma,ci_low,HU,L3_W3,0.028376125992667995,3126558.519336623
2030,P2_peak_sigma,ci_low,ID,L0_W0,0.41037264359516357,45215970.82232698
2030,P2_peak_sigma,ci_low,ID,L3_W3,0.025005724921682928,2755198.588640218
2030,P2_peak_sigma,ci_low,IE,L0_W0,0.31161506441473524,34334592.912762746
2030,P2_peak_sigma,ci_low,IE,L3_W3,0.049961078727235896,5504847.151096266
2030,P2_peak_sigma,ci_low,IL,L0_W0,0.42923197957086906,47293943.607587
2030,P2_peak_sigma,ci_low,IL,L3_W3,0.03145033136693233,3465282.804870882
2030,P2_peak_sigma,ci_low,IN,L0_W0,0.27197946500081466,29967435.0756208
2030,P2_peak_sigma,ci_low,IN,L3_W3,0.02951544201766094,3252091.448852049
2030,P2_peak_sigma,ci_low,IR,L0_W0,0.40034668360695724,44111283.35992446
2030,P2_peak_sigma,ci_low,IR,L3_W3,0.1004269637835041,11065315.232585173
2030,P2_peak_sigma,ci_low,IT,L0_W0,0.4292110660470114,47291639.298809856
2030,P2_peak_sigma,ci_low,IT,L3_W3,0.0310765339073245,3424096.787013997
2030,P2_peak_sigma,ci_low,JM,L0_W0,0.4482164597414534,49385705.11963606
2030,P2_peak_sigma,ci_low,JM,L3_W3,0.03420080570023471,3768337.5263372753
2030,P2_peak_sigma,ci_low,JO,L0_W0,0.2785543716016699,30691876.116376616
2030,P2_peak_sigma,ci_low,JO,L3_W3,0.031964838308663625,3521972.5750792422
2030,P2_peak_sigma,ci_low,JP,L0_W0,0.40766982491140186,44918166.92957147
2030,P2_peak_sigma,ci_low,JP,L3_W3,0.02544132930766174,2803194.6612681146
2030,P2_peak_sigma,ci_low,KE,L0_W0,0.37114800236136875,40894093.47201032
2030,P2_peak_sigma,ci_low,KE,L3_W3,0.030844111648111353,3398487.8721531704
2030,P2_peak_sigma,ci_low,KH,L0_W0,0.35704322610181793,39339990.97087854
2030,P2_peak_sigma,ci_low,KH,L3_W3,0.02471710006330072,2723397.118978701
2030,P2_peak_sigma,ci_low,KR,L0_W0,0.4313644440672209,47528904.32914479
2030,P2_peak_sigma,ci_low,KR,L3_W3,0.026552785801450634,2925657.952079045
2030,P2_peak_sigma,ci_low,KW,L0_W0,0.32977489322729037,36335492.10168865
2030,P2_peak_sigma,ci_low,KW,L3_W3,0.025236694762439667,2780647.4720964865
2030,P2_peak_sigma,ci_low,KZ,L0_W0,0.4268761937914245,47034376.741399646
2030,P2_peak_sigma,ci_low,KZ,L3_W3,0.041708936718306416,4595603.764333017
2030,P2_peak_sigma,ci_low,LC,L0_W0,0.26496988176592445,29195100.18446237
2030,P2_peak_sigma,ci_low,LC,L3_W3,0.03818295879525109,4207101.954143355
2030,P2_peak_sigma,ci_low,LK,L0_W0,0.3081733262795598,33955372.870864175
2030,P2_peak_sigma,ci_low,LK,L3_W3,0.02654847524504933,2925183.0032843063
2030,P2_peak_sigma,ci_low,LY,L0_W0,0.2732012431399806,30102053.904517163
2030,P2_peak_sigma,ci_low,LY,L3_W3,0.025961812550514596,2860542.916542074
2030,P2_peak_sigma,ci_low,MA,L0_W0,0.36922460473881735,40682168.305607624
2030,P2_peak_sigma,ci_low,MA,L3_W3,0.027296852551667403,3007641.2445639474
2030,P2_peak_sigma,ci_low,MG,L0_W0,0.3712051302385968,40900387.976456955
2030,P2_peak_sigma,ci_low,MG,L3_W3,0.03503811229242042,3860594.2374814036
2030,P2_peak_sigma,ci_low,MM,L0_W0,0.36061111850481514,39733111.032142356
2030,P2_peak_sigma,ci_low,MM,L3_W3,0.02803266580128215,3088715.1439686157
2030,P2_peak_sigma,ci_low,MN,L0_W0,0.3072311044758968,33851556.3171842
2030,P2_peak_sigma,ci_low,MN,L3_W3,0.027680738082190244,3049938.793433599
2030,P2_peak_sigma,ci_low,MR,L0_W0,0.28618631047350596,31532783.83947317
2030,P2_peak_sigma,ci_low,MR,L3_W3,0.03544547291517211,3905478.3356784456
2030,P2_peak_sigma,ci_low,MU,L0_W0,0.3108259430206215,34247645.377422825
2030,P2_peak_sigma,ci_low,MU,L3_W3,0.02984700719910379,3288624.1997646787
2030,P2_peak_sigma,ci_low,MX,L0_W0,0.2949671163192602,32500276.84154038
2030,P2_peak_sigma,ci_low,MX,L3_W3,0.0259706400574458,2861515.555196392
2030,P2_peak_sigma,ci_low,MY,L0_W0,0.3782647320771288,41678234.05301757
2030,P2_peak_sigma,ci_low,MY,L3_W3,0.0386237663602314,4255671.327144916
2030,P2_peak_sigma,ci_low,NE,L0_W0,0.417630904019511,46015705.640644714
2030,P2_peak_sigma,ci_low,NE,L3_W3,0.035602886649135815,3922822.6078004395
2030,P2_peak_sigma,ci_low,NG,L0_W0,0.2922868303883722,32204955.668606438
2030,P2_peak_sigma,ci_low,NG,L3_W3,0.027779933109011765,3060868.370510638
2030,P2_peak_sigma,ci_low,NI,L0_W0,0.33566445780959225,36984420.300158635
2030,P2_peak_sigma,ci_low,NI,L3_W3,0.04245676124722206,4678001.099066244
2030,P2_peak_sigma,ci_low,NL,L0_W0,0.2519739838612048,27763176.90779912
2030,P2_peak_sigma,ci_low,NL,L3_W3,0.0324889509885706,3579720.7315710373
2030,P2_peak_sigma,ci_low,NO,L0_W0,0.3563980411245758,39268902.74031227
2030,P2_peak_sigma,ci_low,NO,L3_W3,0.03080837111481836,3394549.8832648452
2030,P2_peak_sigma,ci_low,NP,L0_W0,0.4912742036246509,54129924.115428865
2030,P2_peak_sigma,ci_low,NP,L3_W3,0.030916253925721306,3406436.703953679
2030,P2_peak_sigma,ci_low,NZ,L0_W0,0.3104917163520781,34210819.37664338
2030,P2_peak_sigma,ci_low,NZ,L3_W3,0.0299784866204858,3303110.958991276
2030,P2_peak_sigma,ci_low,OM,L0_W0,0.27553362296765477,30359041.839460354
2030,P2_peak_sigma,ci_low,OM,L3_W3,0.027041468879918575,2979502.3789974474
2030,P2_peak_sigma,ci_low,PA,L0_W0,0.42476320398173795,46801561.79363497
2030,P2_peak_sigma,ci_low,PA,L3_W3,0.03268524785993981,3601349.253225371
2030,P2_peak_sigma,ci_low,PE,L0_W0,0.25247572829249204,27818460.469994195
2030,P2_peak_sigma,ci_low,PE,L3_W3,0.03315700469727719,3653328.700991201
2030,P2_peak_sigma,ci_low,PH,L0_W0,0.31330094887690324,34520348.235006884
2030,P2_peak_sigma,ci_low,PH,L3_W3,0.024030977848360204,2647798.312538996
2030,P2_peak_sigma,ci_low,PK,L0_W0,0.29592978547977994,32606346.34045307
2030,P2_peak_sigma,ci_low,PK,L3_W3,0.0317552528896116,3498879.8852020134
2030,P2_peak_sigma,ci_low,PL,L0_W0,0.32961379976323335,36317742.38692537
2030,P2_peak_sigma,ci_low,PL,L3_W3,0.028378992917380115,3126874.4048766466
2030,P2_peak_sigma,ci_low,PS,L0_W0,0.42495014695135214,46822159.67702568
2030,P2_peak_sigma,ci_low,PS,L3_W3,0.029697452579296586,3272145.866154756
2030,P2_peak_sigma,ci_low,PT,L0_W0,0.39857027433289227,43915553.76839772
2030,P2_peak_sigma,ci_low,PT,L3_W3,0.031499413651617104,3470690.824111047
2030,P2_peak_sigma,ci_low,PY,L0_W0,0.33993705471827207,37455186.61505221
2030,P2_peak_sigma,ci_low,PY,L3_W3,0.04565638513795485,5030544.33688625
2030,P2_peak_sigma,ci_low,RO,L0_W0,0.34322062130291103,37816978.88654355
2030,P2_peak_sigma,ci_low,RO,L3_W3,0.027494184634009662,3029383.828570836
2030,P2_peak_sigma,ci_low,RU,L0_W0,0.35039662306820374,38607650.22271706
2030,P2_peak_sigma,ci_low,RU,L3_W3,0.04777207876798863,5263657.198909681
2030,P2_peak_sigma,ci_low,RW,L0_W0,0.36728412804794275,40468361.3211378
2030,P2_peak_sigma,ci_low,RW,L3_W3,0.024010225610222095,2645511.774659838
2030,P2_peak_sigma,ci_low,SA,L0_W0,0.2903904172541593,31996003.72631216
2030,P2_peak_sigma,ci_low,SA,L3_W3,0.024893174365710286,2742797.463140449
2030,P2_peak_sigma,ci_low,SE,L0_W0,0.35914162939793776,39571198.73701909
2030,P2_peak_sigma,ci_low,SE,L3_W3,0.033913027633976904,3736629.3585285675
2030,P2_peak_sigma,ci_low,SK,L0_W0,0.40932144993939434,45100147.45444486
2030,P2_peak_sigma,ci_low,SK,L3_W3,0.031256166230107824,3443889.163510054
2030,P2_peak_sigma,ci_low,SN,L0_W0,0.29410944590451804,32405776.389199283
2030,P2_peak_sigma,ci_low,SN,L3_W3,0.02962710545759593,3264394.829500887
2030,P2_peak_sigma,ci_low,SR,L0_W0,0.2980661392467224,32841735.59239241
2030,P2_peak_sigma,ci_low,SR,L3_W3,0.04996850069298131,5505664.923410836
2030,P2_peak_sigma,ci_low,SV,L0_W0,0.4478713442877272,49347679.36297424
2030,P2_peak_sigma,ci_low,SV,L3_W3,0.03277526171793934,3611267.2242218177
2030,P2_peak_sigma,ci_low,TH,L0_W0,0.3666925906534668,40403184.12673562
2030,P2_peak_sigma,ci_low,TH,L3_W3,0.023150636196543714,2550799.8818115285
2030,P2_peak_sigma,ci_low,TN,L0_W0,0.31408098420797675,34606294.643279165
2030,P2_peak_sigma,ci_low,TN,L3_W3,0.027029549007363266,2978189.0151120164
2030,P2_peak_sigma,ci_low,TR,L0_W0,0.37871697970343443,41728063.923001975
2030,P2_peak_sigma,ci_low,TR,L3_W3,0.02931132980283782,3229601.8114603637
2030,P2_peak_sigma,ci_low,TW,L0_W0,0.4939949698902799,54429705.521429256
2030,P2_peak_sigma,ci_low,TW,L3_W3,0.023438021783904472,2582464.805230937
2030,P2_peak_sigma,ci_low,UA,L0_W0,0.36951689590550724,40714373.7390617
2030,P2_peak_sigma,ci_low,UA,L3_W3,0.037519226054301344,4133970.0806693193
2030,P2_peak_sigma,ci_low,UG,L0_W0,0.38465427604199703,42382251.33582765
2030,P2_peak_sigma,ci_low,UG,L3_W3,0.03037845924832786,3347181.0278725657
2030,P2_peak_sigma,ci_low,US,L0_W0,0.19398394176352418,21373676.797599424
2030,P2_peak_sigma,ci_low,US,L3_W3,0.030043674538399436,3310293.5405798745
2030,P2_peak_sigma,ci_low,UY,L0_W0,0.30138671787444754,33207605.951169502
2030,P2_peak_sigma,ci_low,UY,L3_W3,0.03841816167130721,4233017.24490911
2030,P2_peak_sigma,ci_low,UZ,L0_W0,0.40305863056300467,44410093.03047675
2030,P2_peak_sigma,ci_low,UZ,L3_W3,0.040715179611118126,4486108.911144331
2030,P2_peak_sigma,ci_low,VN,L0_W0,0.35856095370780994,39507218.31465948
2030,P2_peak_sigma,ci_low,VN,L3_W3,0.029054930573752816,3201351.0490323207
2030,P2_peak_sigma,ci_low,ZA,L0_W0,0.24191744336172516,26655120.00172865
2030,P2_peak_sigma,ci_low,ZA,L3_W3,0.02771034008503188,3053200.4223887934
2030,P2_peak_sigma,ci_low,ZM,L0_W0,0.3407793451626826,37547992.46055093
2030,P2_peak_sigma,ci_low,ZM,L3_W3,0.023622268346317376,2602765.591163428
2030,P2_peak_sigma,ci_mid,AE,L0_W0,0.3350288549325388,36914387.85137828
2030,P2_peak_sigma,ci_mid,AE,L3_W3,0.028008934048371924,3086100.3150712736
2030,P2_peak_sigma,ci_mid,AF,L0_W0,0.3442428256464162,37929608.13337995
2030,P2_peak_sigma,ci_mid,AF,L3_W3,0.042466232870135026,4679044.708166308
2030,P2_peak_sigma,ci_mid,AR,L0_W0,0.29272556452802834,32253296.585982554
2030,P2_peak_sigma,ci_mid,AR,L3_W3,0.038064753266587543,4194077.7484159344
2030,P2_peak_sigma,ci_mid,AT,L0_W0,0.3452225336792529,38037555.02145479
2030,P2_peak_sigma,ci_mid,AT,L3_W3,0.029340307530196442,3232794.656049773
2030,P2_peak_sigma,ci_mid,AU,L0_W0,0.2732065147029406,30102634.739620835
2030,P2_peak_sigma,ci_mid,AU,L3_W3,0.02968254783503594,3270503.6210097107
2030,P2_peak_sigma,ci_mid,BD,L0_W0,0.3824718735772426,42141788.313477024
2030,P2_peak_sigma,ci_mid,BD,L3_W3,0.029311580038303347,3229629.383082606
2030,P2_peak_sigma,ci_mid,BE,L0_W0,0.2709711495380897,29856336.1433361
2030,P2_peak_sigma,ci_mid,BE,L3_W3,0.030929957588481796,3407946.6106816437
2030,P2_peak_sigma,ci_mid,BF,L0_W0,0.37887552746179687,41745533.145007744
2030,P2_peak_sigma,ci_mid,BF,L3_W3,0.033807389001244165,3724989.80747685
2030,P2_peak_sigma,ci_mid,BG,L0_W0,0.3496617776514044,38526682.96175681
2030,P2_peak_sigma,ci_mid,BG,L3_W3,0.028091446400862544,3095191.7498462917
2030,P2_peak_sigma,ci_mid,BH,L0_W0,0.3818967308050948,42078417.52302598
2030,P2_peak_sigma,ci_mid,BH,L3_W3,0.03172586602583478,3495641.960852448
2030,P2_peak_sigma,ci_mid,BI,L0_W0,0.4009635011669159,44179245.991520606
2030,P2_peak_sigma,ci_mid,BI,L3_W3,0.03197476056577602,3523065.836277541
2030,P2_peak_sigma,ci_mid,BO,L0_W0,0.38288976464439384,42187832.6845971
2030,P2_peak_sigma,ci_mid,BO,L3_W3,0.04259431064173545,4693156.664394527
2030,P2_peak_sigma,ci_mid,BR,L0_W0,0.24149104376107072,26608138.13731162
2030,P2_peak_sigma,ci_mid,BR,L3_W3,0.03771766376246731,4155834.485527975
2030,P2_peak_sigma,ci_mid,BY,L0_W0,0.34604970349140984,38128694.834683895
2030,P2_peak_sigma,ci_mid,BY,L3_W3,0.04702147980146158,5180954.169116018
2030,P2_peak_sigma,ci_mid,CA,L0_W0,0.24040348824389823,26488308.320924927
2030,P2_peak_sigma,ci_mid,CA,L3_W3,0.035105998115948854,3868074.081627494
2030,P2_peak_sigma,ci_mid,CH,L0_W0,0.42297628121896874,46604673.79740968
2030,P2_peak_sigma,ci_mid,CH,L3_W3,0.03420533949147661,3768837.071752175
2030,P2_peak_sigma,ci_mid,CL,L0_W0,0.3179999076652867,35038092.25812083
2030,P2_peak_sigma,ci_mid,CL,L3_W3,0.0415514582250934,4578252.356861305
2030,P2_peak_sigma,ci_mid,CN,L0_W0,0.19282250791717073,21245706.86654187
2030,P2_peak_sigma,ci_mid,CN,L3_W3,0.02478125936074115,2730466.364373892
2030,P2_peak_sigma,ci_mid,CO,L0_W0,0.43145758028651565,47539166.33037674
2030,P2_peak_sigma,ci_mid,CO,L3_W3,0.0364919041463205,4020776.966699899
2030,P2_peak_sigma,ci_mid,CR,L0_W0,0.3866154571877287,42598339.593285136
2030,P2_peak_sigma,ci_mid,CR,L3_W3,0.03251583195645723,3582682.549515308
2030,P2_peak_sigma,ci_mid,CU,L0_W0,0.2864647571776951,31563463.852502033
2030,P2_peak_sigma,ci_mid,CU,L3_W3,0.03487091696788183,3842172.2031817087
2030,P2_peak_sigma,ci_mid,CV,L0_W0,0.31498293663465404,34705674.207790285
2030,P2_peak_sigma,ci_mid,CV,L3_W3,0.03763944069214422,4147215.655494921
2030,P2_peak_sigma,ci_mid,CZ,L0_W0,0.3462105251807878,38146414.60457599
2030,P2_peak_sigma,ci_mid,CZ,L3_W3,0.027921191071523674,3076432.5559188174
2030,P2_peak_sigma,ci_mid,DE,L0_W0,0.25855410661481254,28488192.678411677
2030,P2_peak_sigma,ci_mid,DE,L3_W3,0.034280365645022154,3777103.6568244817
2030,P2_peak_sigma,ci_mid,DK,L0_W0,0.27464881071139097,30261550.825410374
2030,P2_peak_sigma,ci_mid,DK,L3_W3,0.030203909855519646,3327948.702386325
2030,P2_peak_sigma,ci_mid,DO,L0_W0,0.36802974864370036,40550515.8205385
2030,P2_peak_sigma,ci_mid,DO,L3_W3,0.03322037192409662,3660310.673897235
2030,P2_peak_sigma,ci_mid,DZ,L0_W0,0.36638883460673477,40369715.461705185
2030,P2_peak_sigma,ci_mid,DZ,L3_W3,0.028436586191872934,3133220.1880560894
2030,P2_peak_sigma,ci_mid,EC,L0_W0,0.5000550757496626,55097424.42032441
2030,P2_peak_sigma,ci_mid,EC,L3_W3,0.039524204528322573,4354884.04653828
2030,P2_peak_sigma,ci_mid,EE,L0_W0,0.3127215062757535,34456503.67773507
2030,P2_peak_sigma,ci_mid,EE,L3_W3,0.030012088005752186,3306813.250748554
2030,P2_peak_sigma,ci_mid,EG,L0_W0,0.2879143127165664,31723179.81304156
2030,P2_peak_sigma,ci_mid,EG,L3_W3,0.026722915284901144,2944403.2799652396
2030,P2_peak_sigma,ci_mid,ES,L0_W0,0.2747519650519145,30272916.650408965
2030,P2_peak_sigma,ci_mid,ES,L3_W3,0.036434390375749734,4014439.943478207
2030,P2_peak_sigma,ci_mid,ET,L0_W0,0.2912029931847991,32085535.54609637
2030,P2_peak_sigma,ci_mid,ET,L3_W3,0.028580368496414987,3149062.5123152914
2030,P2_peak_sigma,ci_mid,FI,L0_W0,0.3308636649284785,36455455.920528546
2030,P2_peak_sigma,ci_mid,FI,L3_W3,0.03185475403702046,3509843.191475581
2030,P2_peak_sigma,ci_mid,FJ,L0_W0,0.34934451107053444,38491725.66943381
2030,P2_peak_sigma,ci_mid,FJ,L3_W3,0.03258589286146759,3590402.0500380066
2030,P2_peak_sigma,ci_mid,FR,L0_W0,0.2674102377943753,29463985.230043955
2030,P2_peak_sigma,ci_mid,FR,L3_W3,0.03237847355961613,3567548.0288285543
2030,P2_peak_sigma,ci_mid,GB,L0_W0,0.2654378035401547,29246657.07457418
2030,P2_peak_sigma,ci_mid,GB,L3_W3,0.029079454235130926,3204053.1325523495
2030,P2_peak_sigma,ci_mid,GF,L0_W0,0.3196235910411276,35216994.09598101
2030,P2_peak_sigma,ci_mid,GF,L3_W3,0.05938382158606344,6543070.514228985
2030,P2_peak_sigma,ci_mid,GH,L0_W0,0.2743701553254248,30230847.819257364
2030,P2_peak_sigma,ci_mid,GH,L3_W3,0.024364667473180227,2684565.140384519
2030,P2_peak_sigma,ci_mid,GR,L0_W0,0.40763727105493225,44914580.057377964
2030,P2_peak_sigma,ci_mid,GR,L3_W3,0.028838185571130187,3177469.4968201364
2030,P2_peak_sigma,ci_mid,GT,L0_W0,0.4203272564152994,46312797.06025444
2030,P2_peak_sigma,ci_mid,GT,L3_W3,0.0320949663729444,3536310.4381154776
2030,P2_peak_sigma,ci_mid,HN,L0_W0,0.3848755520840203,42406632.1302494
2030,P2_peak_sigma,ci_mid,HN,L3_W3,0.032597609991701595,3591693.0752246296
2030,P2_peak_sigma,ci_mid,HU,L0_W0,0.371877467153242,40974467.8811237
2030,P2_peak_sigma,ci_mid,HU,L3_W3,0.029361056304308044,3235080.8122530966
2030,P2_peak_sigma,ci_mid,ID,L0_W0,0.41128805929614165,45316833.80691364
2030,P2_peak_sigma,ci_mid,ID,L3_W3,0.025322744762179217,2790128.6944396677
2030,P2_peak_sigma,ci_mid,IE,L0_W0,0.3098457758821661,34139647.90384581
2030,P2_peak_sigma,ci_mid,IE,L3_W3,0.052318401963601886,5764583.418456887
2030,P2_peak_sigma,ci_mid,IL,L0_W0,0.4327850222922674,47685427.490659185
2030,P2_peak_sigma,ci_mid,IL,L3_W3,0.03219274389859426,3547083.83106909
2030,P2_peak_sigma,ci_mid,IN,L0_W0,0.27169947741691697,29936585.2842867
2030,P2_peak_sigma,ci_mid,IN,L3_W3,0.030620015458279515,3373796.346197489
2030,P2_peak_sigma,ci_mid,IR,L0_W0,0.40026084151473373,44101825.045395255
2030,P2_peak_sigma,ci_mid,IR,L3_W3,0.1002644621168867,11047410.35824467
2030,P2_peak_sigma,ci_mid,IT,L0_W0,0.42992950117685974,47370798.429848336
2030,P2_peak_sigma,ci_mid,IT,L3_W3,0.03204669711149807,3530991.9999806834
2030,P2_peak_sigma,ci_mid,JM,L0_W0,0.44923320403634154,49497732.76350791
2030,P2_peak_sigma,ci_mid,JM,L3_W3,0.03406940244374794,3753859.1591653978
2030,P2_peak_sigma,ci_mid,JO,L0_W0,0.2788494405662225,30724387.615132727
2030,P2_peak_sigma,ci_mid,JO,L3_W3,0.03246334003408128,3576898.847147222
2030,P2_peak_sigma,ci_mid,JP,L0_W0,0.4081422885816296,44970224.25810212
2030,P2_peak_sigma,ci_mid,JP,L3_W3,0.026070058084730407,2872469.7030692426
2030,P2_peak_sigma,ci_mid,KE,L0_W0,0.3686356884662144,40617279.91352202
2030,P2_peak_sigma,ci_mid,KE,L3_W3,0.03175525885098465,3498880.542042264
2030,P2_peak_sigma,ci_mid,KH,L0_W0,0.3557500190139739,39197501.90669798
2030,P2_peak_sigma,ci_mid,KH,L3_W3,0.02537693586257988,2796099.6168507715
2030,P2_peak_sigma,ci_mid,KR,L0_W0,0.43139774911887296,47532573.97006076
2030,P2_peak_sigma,ci_mid,KR,L3_W3,0.027117896115426757,2987923.3390802015
2030,P2_peak_sigma,ci_mid,KW,L0_W0,0.32857968143059035,36203800.42445443
2030,P2_peak_sigma,ci_mid,KW,L3_W3,0.025758111616078452,2838098.595138838
2030,P2_peak_sigma,ci_mid,KZ,L0_W0,0.42847658716968495,47210712.4241628
2030,P2_peak_sigma,ci_mid,KZ,L3_W3,0.04200346485195412,4628055.672873263
2030,P2_peak_sigma,ci_mid,LC,L0_W0,0.26363835522472695,29048388.97898705
2030,P2_peak_sigma,ci_mid,LC,L3_W3,0.03852869032878439,4245195.592149161
2030,P2_peak_sigma,ci_mid,LK,L0_W0,0.3073822057648717,33868205.06699766
2030,P2_peak_sigma,ci_mid,LK,L3_W3,0.027719336318317203,3054191.6517704027
2030,P2_peak_sigma,ci_mid,LY,L0_W0,0.2711808281534371,29879439.101833902
2030,P2_peak_sigma,ci_mid,LY,L3_W3,0.026289617472085667,2896661.35182402
2030,P2_peak_sigma,ci_mid,MA,L0_W0,0.3698911218726822,40755606.97104445
2030,P2_peak_sigma,ci_mid,MA,L3_W3,0.028841501062731773,3177834.8066765773
2030,P2_peak_sigma,ci_mid,MG,L0_W0,0.3729638457747943,41094168.02395916
2030,P2_peak_sigma,ci_mid,MG,L3_W3,0.03593088945519284,3958962.8465317194
2030,P2_peak_sigma,ci_mid,MM,L0_W0,0.35985851853249357,39650187.52610342
2030,P2_peak_sigma,ci_mid,MM,L3_W3,0.02919454563715352,3216734.215360803
2030,P2_peak_sigma,ci_mid,MN,L0_W0,0.30677277249510865,33801056.05652185
2030,P2_peak_sigma,ci_mid,MN,L3_W3,0.028452405591933558,3134963.212457768
2030,P2_peak_sigma,ci_mid,MR,L0_W0,0.28478766183979076,31378676.939805795
2030,P2_peak_sigma,ci_mid,MR,L3_W3,0.03682517845330963,4057498.0337004517
2030,P2_peak_sigma,ci_mid,MU,L0_W0,0.31050717754767315,34212522.93310557
2030,P2_peak_sigma,ci_mid,MU,L3_W3,0.030745754126068184,3387650.573623964
2030,P2_peak_sigma,ci_mid,MX,L0_W0,0.2939617784839918,32389505.99232432
2030,P2_peak_sigma,ci_mid,MX,L3_W3,0.026205751215918803,2887420.740270098
2030,P2_peak_sigma,ci_mid,MY,L0_W0,0.37818873418235177,41669860.39886097
2030,P2_peak_sigma,ci_mid,MY,L3_W3,0.039088789648112195,4306908.854169899
2030,P2_peak_sigma,ci_mid,NE,L0_W0,0.4164439310160131,45884921.73598951
2030,P2_peak_sigma,ci_mid,NE,L3_W3,0.03693337004582973,4069418.876785294
2030,P2_peak_sigma,ci_mid,NG,L0_W0,0.2909481128221368,32057452.13649002
2030,P2_peak_sigma,ci_mid,NG,L3_W3,0.028887453991264366,3182898.0249689254
2030,P2_peak_sigma,ci_mid,NI,L0_W0,0.33499176943019043,36910301.67015181
2030,P2_peak_sigma,ci_mid,NI,L3_W3,0.042647216254190226,4698985.948257445
2030,P2_peak_sigma,ci_mid,NL,L0_W0,0.24939493737815424,27479010.57179433
2030,P2_peak_sigma,ci_mid,NL,L3_W3,0.03335452411555271,3675091.9261792805
2030,P2_peak_sigma,ci_mid,NO,L0_W0,0.35664987059487263,39296649.99432362
2030,P2_peak_sigma,ci_mid,NO,L3_W3,0.03169065825034999,3491762.672664296
2030,P2_peak_sigma,ci_mid,NP,L0_W0,0.494261153782603,54459034.38458935
2030,P2_peak_sigma,ci_mid,NP,L3_W3,0.032256266202871094,3554082.890829959
2030,P2_peak_sigma,ci_mid,NZ,L0_W0,0.3100843510252913,34165934.76014298
2030,P2_peak_sigma,ci_mid,NZ,L3_W3,0.03130009789773578,3448729.6737941685
2030,P2_peak_sigma,ci_mid,OM,L0_W0,0.27477938144476155,30275937.462927468
2030,P2_peak_sigma,ci_mid,OM,L3_W3,0.027665043127905405,3048209.480804999
2030,P2_peak_sigma,ci_mid,PA,L0_W0,0.4260102742693353,46938967.38003906
2030,P2_peak_sigma,ci_mid,PA,L3_W3,0.032530670046399264,3584317.4505067584
2030,P2_peak_sigma,ci_mid,PE,L0_W0,0.2519887870429602,27764807.962511897
2030,P2_peak_sigma,ci_mid,PE,L3_W3,0.0328564397978608,3620211.645226553
2030,P2_peak_sigma,ci_mid,PH,L0_W0,0.31318604914805903,34507688.27126905
2030,P2_peak_sigma,ci_mid,PH,L3_W3,0.024883763762849738,2741760.5773952506
2030,P2_peak_sigma,ci_mid,PK,L0_W0,0.29553260867260817,32562584.322675634
2030,P2_peak_sigma,ci_mid,PK,L3_W3,0.03217307223856771,3544916.354216845
2030,P2_peak_sigma,ci_mid,PL,L0_W0,0.3280997980567744,36150925.57285982
2030,P2_peak_sigma,ci_mid,PL,L3_W3,0.02932915741053528,3231566.1056258273
2030,P2_peak_sigma,ci_mid,PS,L0_W0,0.42549462993892645,46882152.28926156
2030,P2_peak_sigma,ci_mid,PS,L3_W3,0.02995934020233734,3301001.3547136406
2030,P2_peak_sigma,ci_mid,PT,L0_W0,0.39829117741295417,43884802.11283421
2030,P2_peak_sigma,ci_mid,PT,L3_W3,0.03303360073003854,3639731.7172031524
2030,P2_peak_sigma,ci_mid,PY,L0_W0,0.33871772314838283,37320837.355793975
2030,P2_peak_sigma,ci_mid,PY,L3_W3,0.04587279489873001,5054388.951242489
2030,P2_peak_sigma,ci_mid,RO,L0_W0,0.3432984796800127,37825557.5336884
2030,P2_peak_sigma,ci_mid,RO,L3_W3,0.028384722102084585,3127505.661985219
2030,P2_peak_sigma,ci_mid,RU,L0_W0,0.3502848183492449,38595331.27556223
2030,P2_peak_sigma,ci_mid,RU,L3_W3,0.04802849513220033,5291909.8493324565
2030,P2_peak_sigma,ci_mid,RW,L0_W0,0.367511673679553,40493432.91594369
2030,P2_peak_sigma,ci_mid,RW,L3_W3,0.02486517101159606,2739711.977637655
2030,P2_peak_sigma,ci_mid,SA,L0_W0,0.28922184902190173,31867247.70926688
2030,P2_peak_sigma,ci_mid,SA,L3_W3,0.02551027546795096,2810791.3361941963
2030,P2_peak_sigma,ci_mid,SE,L0_W0,0.3586788816501741,39520211.9351756
2030,P2_peak_sigma,ci_mid,SE,L3_W3,0.03470677990790766,3824087.1367658875
2030,P2_peak_sigma,ci_mid,SK,L0_W0,0.4092763755698166,45095181.03816087
2030,P2_peak_sigma,ci_mid,SK,L3_W3,0.03221648640055511,3549699.844325982
2030,P2_peak_sigma,ci_mid,SN,L0_W0,0.29262645975356594,32242376.953155212
2030,P2_peak_sigma,ci_mid,SN,L3_W3,0.031162445764919333,3433562.788481025
2030,P2_peak_sigma,ci_mid,SR,L0_W0,0.2965211621584711,32671505.82675421
2030,P2_peak_sigma,ci_mid,SR,L3_W3,0.05066435427236947,5582335.957977326
2030,P2_peak_sigma,ci_mid,SV,L0_W0,0.44852092920138004,49419252.390467085
2030,P2_peak_sigma,ci_mid,SV,L3_W3,0.032850932220839645,3619604.8054535394
2030,P2_peak_sigma,ci_mid,TH,L0_W0,0.36682289735866447,40417541.67291257
2030,P2_peak_sigma,ci_mid,TH,L3_W3,0.023866295344826288,2629653.1476724925
2030,P2_peak_sigma,ci_mid,TN,L0_W0,0.31410575016925,34609023.424058765
2030,P2_peak_sigma,ci_mid,TN,L3_W3,0.027739264372759177,3056387.3788546934
2030,P2_peak_sigma,ci_mid,TR,L0_W0,0.37909724575039844,41769962.66735689
2030,P2_peak_sigma,ci_mid,TR,L3_W3,0.030133355334737908,3320174.813939226
2030,P2_peak_sigma,ci_mid,TW,L0_W0,0.49548428567378305,54593802.37355407
2030,P2_peak_sigma,ci_mid,TW,L3_W3,0.023673631047735687,2608424.872903898
2030,P2_peak_sigma,ci_mid,UA,L0_W0,0.3698335000034728,40749258.03722159
2030,P2_peak_sigma,ci_mid,UA,L3_W3,0.038472794309761076,4239036.817180389
2030,P2_peak_sigma,ci_mid,UG,L0_W0,0.3860033379470195,42530894.63524599
2030,P2_peak_sigma,ci_mid,UG,L3_W3,0.03157849226198177,3479403.919866149
2030,P2_peak_sigma,ci_mid,US,L0_W0,0.1915077535762305,21100843.667577934
2030,P2_peak_sigma,ci_mid,US,L3_W3,0.029829597062815377,3286705.903731265
2030,P2_peak_sigma,ci_mid,UY,L0_W0,0.29975997684267025,33028367.212485723
2030,P2_peak_sigma,ci_mid,UY,L3_W3,0.038977568573926445,4294654.21457903
2030,P2_peak_sigma,ci_mid,UZ,L0_W0,0.40305235319035965,44409401.37253417
2030,P2_peak_sigma,ci_mid,UZ,L3_W3,0.04152244808929477,4575055.941422081
2030,P2_peak_sigma,ci_mid,VN,L0_W0,0.35856992781637675,39508207.10627959
2030,P2_peak_sigma,ci_mid,VN,L3_W3,0.029904879188258744,3295000.692481483
2030,P2_peak_sigma,ci_mid,ZA,L0_W0,0.2431431275931132,26790169.214459553
2030,P2_peak_sigma,ci_mid,ZA,L3_W3,0.028592690723183337,3150420.2086791196
2030,P2_peak_sigma,ci_mid,ZM,L0_W0,0.33974227029752224,37433724.73930895
2030,P2_peak_sigma,ci_mid,ZM,L3_W3,0.0248014605703197,2732692.188431941
2030,P2_peak_sigma,ci_high,AE,L0_W0,0.3381995045661441,37263738.626968354
2030,P2_peak_sigma,ci_high,AE,L3_W3,0.02912398791684659,3208959.97438134
2030,P2_peak_sigma,ci_high,AF,L0_W0,0.34612430678986955,38136914.82843605
2030,P2_peak_sigma,ci_high,AF,L3_W3,0.04355542607108556,4799054.968993151
2030,P2_peak_sigma,ci_high,AR,L0_W0,0.2948713524916116,32489725.323293798
2030,P2_peak_sigma,ci_high,AR,L3_W3,0.03919274445871416,4318362.877132637
2030,P2_peak_sigma,ci_high,AT,L0_W0,0.34597567976676946,38120538.699947
2030,P2_peak_sigma,ci_high,AT,L3_W3,0.030646155969131842,3376676.5785775646
2030,P2_peak_sigma,ci_high,AU,L0_W0,0.27461995974337905,30258371.94750957
2030,P2_peak_sigma,ci_high,AU,L3_W3,0.03077117353174282,3390451.352679887
2030,P2_peak_sigma,ci_high,BD,L0_W0,0.38434834971785004,42348543.543745734
2030,P2_peak_sigma,ci_high,BD,L3_W3,0.029741842254807346,3277036.840989539
2030,P2_peak_sigma,ci_high,BE,L0_W0,0.2699144987306275,29739911.491680387
2030,P2_peak_sigma,ci_high,BE,L3_W3,0.032359267313604216,3565431.8325546677
2030,P2_peak_sigma,ci_high,BF,L0_W0,0.3803025764013258,41902769.26739272
2030,P2_peak_sigma,ci_high,BF,L3_W3,0.035516894053188156,3913347.710362731
2030,P2_peak_sigma,ci_high,BG,L0_W0,0.3517191446764273,38753369.24025548
2030,P2_peak_sigma,ci_high,BG,L3_W3,0.029140702090299796,3210801.5873420835
2030,P2_peak_sigma,ci_high,BH,L0_W0,0.3830733550175699,42208061.169819854
2030,P2_peak_sigma,ci_high,BH,L3_W3,0.03252916099134107,3584151.1787278145
2030,P2_peak_sigma,ci_high,BI,L0_W0,0.40379213448395895,44490912.48178659
2030,P2_peak_sigma,ci_high,BI,L3_W3,0.0326895659741012,3601825.0347546134
2030,P2_peak_sigma,ci_high,BO,L0_W0,0.3864147407864838,42576224.11584312
2030,P2_peak_sigma,ci_high,BO,L3_W3,0.04316155585041014,4755657.279883511
2030,P2_peak_sigma,ci_high,BR,L0_W0,0.2414657045871286,26605346.198405575
2030,P2_peak_sigma,ci_high,BR,L3_W3,0.03929903354218822,4330074.096611088
2030,P2_peak_sigma,ci_high,BY,L0_W0,0.34660581097504006,38189968.26542143
2030,P2_peak_sigma,ci_high,BY,L3_W3,0.04801643436045833,5290580.960792509
2030,P2_peak_sigma,ci_high,CA,L0_W0,0.24116569948206515,26572290.82230093
2030,P2_peak_sigma,ci_high,CA,L3_W3,0.0355976207900853,3922242.401168982
2030,P2_peak_sigma,ci_high,CH,L0_W0,0.4245627073244955,46779470.528183095
2030,P2_peak_sigma,ci_high,CH,L3_W3,0.03566352284683789,3929503.6685116366
2030,P2_peak_sigma,ci_high,CL,L0_W0,0.31982475179208886,35239158.533079885
2030,P2_peak_sigma,ci_high,CL,L3_W3,0.0420003403820719,4627711.410307922
2030,P2_peak_sigma,ci_high,CN,L0_W0,0.19325300411023885,21293140.104621194
2030,P2_peak_sigma,ci_high,CN,L3_W3,0.02566563444794127,2827909.209950806
2030,P2_peak_sigma,ci_high,CO,L0_W0,0.43357276790064025,47772223.43819495
2030,P2_peak_sigma,ci_high,CO,L3_W3,0.03701160947103417,4078039.508843531
2030,P2_peak_sigma,ci_high,CR,L0_W0,0.3897243735046696,42940888.42462131
2030,P2_peak_sigma,ci_high,CR,L3_W3,0.03307671964273362,3644482.675944532
2030,P2_peak_sigma,ci_high,CU,L0_W0,0.2891990264065136,31864733.051607348
2030,P2_peak_sigma,ci_high,CU,L3_W3,0.035517620958575996,3913427.802769767
2030,P2_peak_sigma,ci_high,CV,L0_W0,0.31515197242855286,34724299.02999554
2030,P2_peak_sigma,ci_high,CV,L3_W3,0.040086833135550955,4416875.992359458
2030,P2_peak_sigma,ci_high,CZ,L0_W0,0.347234994042952,38259293.36221972
2030,P2_peak_sigma,ci_high,CZ,L3_W3,0.029240054662162368,3221748.5231590164
2030,P2_peak_sigma,ci_high,DE,L0_W0,0.2588075745360242,28516120.461388383
2030,P2_peak_sigma,ci_high,DE,L3_W3,0.03544902511289629,3905869.7264574333
2030,P2_peak_sigma,ci_high,DK,L0_W0,0.27486383342806237,30285242.611485526
2030,P2_peak_sigma,ci_high,DK,L3_W3,0.03164801831147304,3487064.4885572
2030,P2_peak_sigma,ci_high,DO,L0_W0,0.36908945124946335,40667276.72760762
2030,P2_peak_sigma,ci_high,DO,L3_W3,0.033723274013838754,3715721.7900404944
2030,P2_peak_sigma,ci_high,DZ,L0_W0,0.36749314641068,40491391.53121238
2030,P2_peak_sigma,ci_high,DZ,L3_W3,0.03041875653248222,3351621.0919289314
2030,P2_peak_sigma,ci_high,EC,L0_W0,0.5043589929000901,55571641.68439581
2030,P2_peak_sigma,ci_high,EC,L3_W3,0.04010296758049971,4418653.7292613285
2030,P2_peak_sigma,ci_high,EE,L0_W0,0.3134390907729461,34535569.08376058
2030,P2_peak_sigma,ci_high,EE,L3_W3,0.031139266273572417,3431008.809260489
2030,P2_peak_sigma,ci_high,EG,L0_W0,0.289553872780568,31903830.987461668
2030,P2_peak_sigma,ci_high,EG,L3_W3,0.027381456217974776,3016963.1059670434
2030,P2_peak_sigma,ci_high,ES,L0_W0,0.2765318018137307,30469023.891831655
2030,P2_peak_sigma,ci_high,ES,L3_W3,0.037765315602897344,4161084.8945407164
2030,P2_peak_sigma,ci_high,ET,L0_W0,0.2918423324925924,32155979.684949026
2030,P2_peak_sigma,ci_high,ET,L3_W3,0.029454847701010353,3245415.002708688
2030,P2_peak_sigma,ci_high,FI,L0_W0,0.33144506914534494,36519516.61394003
2030,P2_peak_sigma,ci_high,FI,L3_W3,0.03284670610884204,3619139.160972218
2030,P2_peak_sigma,ci_high,FJ,L0_W0,0.35222707671037695,38809334.56929299
2030,P2_peak_sigma,ci_high,FJ,L3_W3,0.03413875512375908,3761500.6255369415
2030,P2_peak_sigma,ci_high,FR,L0_W0,0.2673890287965567,29461648.36514445
2030,P2_peak_sigma,ci_high,FR,L3_W3,0.03383103617137359,3727595.3168140105
2030,P2_peak_sigma,ci_high,GB,L0_W0,0.265782966216558,29284688.034358624
2030,P2_peak_sigma,ci_high,GB,L3_W3,0.030438542580619087,3353801.1723733973
2030,P2_peak_sigma,ci_high,GF,L0_W0,0.32075585056318984,35341749.520865954
2030,P2_peak_sigma,ci_high,GF,L3_W3,0.060290031527205,6642919.18323038
2030,P2_peak_sigma,ci_high,GH,L0_W0,0.27766141900118285,30593488.177123107
2030,P2_peak_sigma,ci_high,GH,L3_W3,0.025828398102960802,2845842.9508839827
2030,P2_peak_sigma,ci_high,GR,L0_W0,0.41095195172442095,45279800.56312101
2030,P2_peak_sigma,ci_high,GR,L3_W3,0.02987635709671999,3291858.0510824127
2030,P2_peak_sigma,ci_high,GT,L0_W0,0.4219970100794153,46496775.047421664
2030,P2_peak_sigma,ci_high,GT,L3_W3,0.03276781094854808,3610446.278243432
2030,P2_peak_sigma,ci_high,HN,L0_W0,0.3856329417432546,42490083.37698225
2030,P2_peak_sigma,ci_high,HN,L3_W3,0.033160871522787363,3653754.758312935
2030,P2_peak_sigma,ci_high,HU,L0_W0,0.3723771489383115,41029524.17536449
2030,P2_peak_sigma,ci_high,HU,L3_W3,0.030769317109428984,3390246.8070346396
2030,P2_peak_sigma,ci_high,ID,L0_W0,0.41412362382248924,45629263.996618584
2030,P2_peak_sigma,ci_high,ID,L3_W3,0.02597250310664916,2861720.8310103
2030,P2_peak_sigma,ci_high,IE,L0_W0,0.309504200462604,34102012.19774893
2030,P2_peak_sigma,ci_high,IE,L3_W3,0.05542418689032533,6106787.224726407
2030,P2_peak_sigma,ci_high,IL,L0_W0,0.43802993315879113,48263325.99439179
2030,P2_peak_sigma,ci_high,IL,L3_W3,0.03324102401574723,3662586.177364799
2030,P2_peak_sigma,ci_high,IN,L0_W0,0.2730304391989153,30083234.263061803
2030,P2_peak_sigma,ci_high,IN,L3_W3,0.0320451146496745,3530817.640045248
2030,P2_peak_sigma,ci_high,IR,L0_W0,0.4016583868520576,44255810.38087403
2030,P2_peak_sigma,ci_high,IR,L3_W3,0.10024090035530465,11044814.25945289
2030,P2_peak_sigma,ci_high,IT,L0_W0,0.43269946777626395,47676000.86205783
2030,P2_peak_sigma,ci_high,IT,L3_W3,0.03330874384156671,3670047.7314331234
2030,P2_peak_sigma,ci_high,JM,L0_W0,0.4522926685193526,49834832.85766586
2030,P2_peak_sigma,ci_high,JM,L3_W3,0.0345356334489061,3805229.75575539
2030,P2_peak_sigma,ci_high,JO,L0_W0,0.28065812253093664,30923673.099240337
2030,P2_peak_sigma,ci_high,JO,L3_W3,0.033261847174310015,3664880.529448688
2030,P2_peak_sigma,ci_high,JP,L0_W0,0.4105648182010798,45237145.14159392
2030,P2_peak_sigma,ci_high,JP,L3_W3,0.027037428972689057,2979057.2510624696
2030,P2_peak_sigma,ci_high,KE,L0_W0,0.3681167699345945,40560104.06237529
2030,P2_peak_sigma,ci_high,KE,L3_W3,0.03295018485890977,3630540.7302941945
2030,P2_peak_sigma,ci_high,KH,L0_W0,0.35603663991738865,39229082.57516635
2030,P2_peak_sigma,ci_high,KH,L3_W3,0.026366131790203515,2905091.906904879
2030,P2_peak_sigma,ci_high,KR,L0_W0,0.4332707059670379,47738941.43514367
2030,P2_peak_sigma,ci_high,KR,L3_W3,0.02803858152793423,3089366.954774887
2030,P2_peak_sigma,ci_high,KW,L0_W0,0.3292154335334916,36273849.3153434
2030,P2_peak_sigma,ci_high,KW,L3_W3,0.0266058471461042,2931504.39493798
2030,P2_peak_sigma,ci_high,KZ,L0_W0,0.4319009662736626,47588019.80092543
2030,P2_peak_sigma,ci_high,KZ,L3_W3,0.042517718143297856,4684717.495194009
2030,P2_peak_sigma,ci_high,LC,L0_W0,0.2643676758558338,29128747.504076213
2030,P2_peak_sigma,ci_high,LC,L3_W3,0.03952634568445414,4355119.964927778
2030,P2_peak_sigma,ci_high,LK,L0_W0,0.308311554292098,33970603.20816687
2030,P2_peak_sigma,ci_high,LK,L3_W3,0.029207630502058726,3218175.941262863
2030,P2_peak_sigma,ci_high,LY,L0_W0,0.27099288000114885,29858730.464690052
2030,P2_peak_sigma,ci_high,LY,L3_W3,0.02696642637063006,2971233.9918050226
2030,P2_peak_sigma,ci_high,MA,L0_W0,0.37262386689191523,41056708.22860391
2030,P2_peak_sigma,ci_high,MA,L3_W3,0.030773493374703625,3390706.9592688386
2030,P2_peak_sigma,ci_high,MG,L0_W0,0.37659294645290414,41494032.17897478
2030,P2_peak_sigma,ci_high,MG,L3_W3,0.03716650454635603,4095106.268325639
2030,P2_peak_sigma,ci_high,MM,L0_W0,0.3608168891679223,39755783.401863776
2030,P2_peak_sigma,ci_high,MM,L3_W3,0.030721446511051582,3384972.2946779747
2030,P2_peak_sigma,ci_high,MN,L0_W0,0.3079936655835916,33935577.36813366
2030,P2_peak_sigma,ci_high,MN,L3_W3,0.029594243833042815,3260774.046585265
2030,P2_peak_sigma,ci_high,MR,L0_W0,0.28524933671124564,31429545.529227898
2030,P2_peak_sigma,ci_high,MR,L3_W3,0.038596277108243815,4252642.486808705
2030,P2_peak_sigma,ci_high,MU,L0_W0,0.3121932239033957,34398296.09322063
2030,P2_peak_sigma,ci_high,MU,L3_W3,0.0319512426191159,3520474.565132688
2030,P2_peak_sigma,ci_high,MX,L0_W0,0.2952702818820749,32533680.445451383
2030,P2_peak_sigma,ci_high,MX,L3_W3,0.026938378253048102,2968143.574141953
2030,P2_peak_sigma,ci_high,MY,L0_W0,0.37990757756582855,41859247.224441156
2030,P2_peak_sigma,ci_high,MY,L3_W3,0.03982166854817357,4387659.438982673
2030,P2_peak_sigma,ci_high,NE,L0_W0,0.41723553672072416,45972142.9994086
2030,P2_peak_sigma,ci_high,NE,L3_W3,0.038677984407685426,4261645.218655441
2030,P2_peak_sigma,ci_high,NG,L0_W0,0.2911481944742495,32079497.67555119
2030,P2_peak_sigma,ci_high,NG,L3_W3,0.030439517313306488,3353908.571064419
2030,P2_peak_sigma,ci_high,NI,L0_W0,0.33621239504178185,37044793.51043429
2030,P2_peak_sigma,ci_high,NI,L3_W3,0.04332425869616566,4773584.320687061
2030,P2_peak_sigma,ci_high,NL,L0_W0,0.24838243576021415,27367450.397574965
2030,P2_peak_sigma,ci_high,NL,L3_W3,0.034625014957046556,3815078.052729399
2030,P2_peak_sigma,ci_high,NO,L0_W0,0.3582527110019049,39473255.29735332
2030,P2_peak_sigma,ci_high,NO,L3_W3,0.03292202055727388,3627437.5111569664
2030,P2_peak_sigma,ci_high,NP,L0_W0,0.4995397180754522,55040640.914104275
2030,P2_peak_sigma,ci_high,NP,L3_W3,0.033941774812210224,3739796.8005900914
2030,P2_peak_sigma,ci_high,NZ,L0_W0,0.31148145867298854,34319871.86979167
2030,P2_peak_sigma,ci_high,NZ,L3_W3,0.032929459056169307,3628257.1051388434
2030,P2_peak_sigma,ci_high,OM,L0_W0,0.27566510645221803,30373529.046379276
2030,P2_peak_sigma,ci_high,OM,L3_W3,0.02860733063987653,3152033.274404558
2030,P2_peak_sigma,ci_high,PA,L0_W0,0.4289230227891231,47259901.91146808
2030,P2_peak_sigma,ci_high,PA,L3_W3,0.03296015533491936,3631639.304381358
2030,P2_peak_sigma,ci_high,PE,L0_W0,0.25322558272542445,27901081.46505719
2030,P2_peak_sigma,ci_high,PE,L3_W3,0.03321160455948663,3659344.661886978
2030,P2_peak_sigma,ci_high,PH,L0_W0,0.3150374277629509,34711678.188088685
2030,P2_peak_sigma,ci_high,PH,L3_W3,0.02613881512019192,2880045.5397088914
2030,P2_peak_sigma,ci_high,PK,L0_W0,0.2969319170624783,32716763.916065454
2030,P2_peak_sigma,ci_high,PK,L3_W3,0.03282593777137378,3616850.8492252007
2030,P2_peak_sigma,ci_high,PL,L0_W0,0.3279620026566661,36135742.90196791
2030,P2_peak_sigma,ci_high,PL,L3_W3,0.030687825639105,3381267.8558254237
2030,P2_peak_sigma,ci_high,PS,L0_W0,0.4277104492912296,47126297.27491057
2030,P2_peak_sigma,ci_high,PS,L3_W3,0.030577835417594446,3369148.8349204417
2030,P2_peak_sigma,ci_high,PT,L0_W0,0.3999445582515863,44066976.09768573
2030,P2_peak_sigma,ci_high,PT,L3_W3,0.03511217083525237,3868754.2085810774
2030,P2_peak_sigma,ci_high,PY,L0_W0,0.3391377900516144,37367121.46643435
2030,P2_peak_sigma,ci_high,PY,L3_W3,0.046701574054701135,5145706.086337661
2030,P2_peak_sigma,ci_high,RO,L0_W0,0.34500214766067105,38013272.29222961
2030,P2_peak_sigma,ci_high,RO,L3_W3,0.029592844328172427,3260619.845343118
2030,P2_peak_sigma,ci_high,RU,L0_W0,0.3517785617979442,38759915.9798464
2030,P2_peak_sigma,ci_high,RU,L3_W3,0.048450984750753295,5338460.901317472
2030,P2_peak_sigma,ci_high,RW,L0_W0,0.3694028600929823,40701808.9639669
2030,P2_peak_sigma,ci_high,RW,L3_W3,0.026103110940710564,2876111.5563821252
2030,P2_peak_sigma,ci_high,SA,L0_W0,0.2899540633229997,31947925.06676344
2030,P2_peak_sigma,ci_high,SA,L3_W3,0.026476394292196535,2917240.9284118577
2030,P2_peak_sigma,ci_high,SE,L0_W0,0.35937352807864087,39596749.96257971
2030,P2_peak_sigma,ci_high,SE,L3_W3,0.03581330708561717,3946007.30216264
2030,P2_peak_sigma,ci_high,SK,L0_W0,0.41059266458755506,45240213.33197654
2030,P2_peak_sigma,ci_high,SK,L3_W3,0.03358106224304877,3700052.511449461
2030,P2_peak_sigma,ci_high,SN,L0_W0,0.29290509069369774,32273077.26579989
2030,P2_peak_sigma,ci_high,SN,L3_W3,0.033106762621381534,3647792.8928100104
2030,P2_peak_sigma,ci_high,SR,L0_W0,0.2965210013101652,32671488.10405164
2030,P2_peak_sigma,ci_high,SR,L3_W3,0.051833894756497696,5711199.100370512
2030,P2_peak_sigma,ci_high,SV,L0_W0,0.45149319881095057,49746745.116992526
2030,P2_peak_sigma,ci_high,SV,L3_W3,0.033554814998270316,3697160.518835938
2030,P2_peak_sigma,ci_high,TH,L0_W0,0.36903188856455055,40660934.314871065
2030,P2_peak_sigma,ci_high,TH,L3_W3,0.02495550973482787,2749665.7431664444
2030,P2_peak_sigma,ci_high,TN,L0_W0,0.3160132141217334,34819192.97548046
2030,P2_peak_sigma,ci_high,TN,L3_W3,0.028830409916829954,3176612.7541413754
2030,P2_peak_sigma,ci_high,TR,L0_W0,0.38116743732150526,41998061.9891239
2030,P2_peak_sigma,ci_high,TR,L3_W3,0.031257471468839705,3444032.978253405
2030,P2_peak_sigma,ci_high,TW,L0_W0,0.49901769210507474,54983122.67692771
2030,P2_peak_sigma,ci_high,TW,L3_W3,0.02423002218860047,2669729.5577648156
2030,P2_peak_sigma,ci_high,UA,L0_W0,0.37177659184151013,40963353.165698215
2030,P2_peak_sigma,ci_high,UA,L3_W3,0.03977379133700632,4382384.19801089
2030,P2_peak_sigma,ci_high,UG,L0_W0,0.3891428528156242,42876814.897989266
2030,P2_peak_sigma,ci_high,UG,L3_W3,0.033067593886091005,3643477.1753281425
2030,P2_peak_sigma,ci_high,US,L0_W0,0.19071866408437266,21013899.647315107
2030,P2_peak_sigma,ci_high,US,L3_W3,0.030105478747391248,3317103.29594268
2030,P2_peak_sigma,ci_high,UY,L0_W0,0.2997589940191585,33028258.92232573
2030,P2_peak_sigma,ci_high,UY,L3_W3,0.040123739138157324,4420942.395817542
2030,P2_peak_sigma,ci_high,UZ,L0_W0,0.40462186431672953,44582334.36502981
2030,P2_peak_sigma,ci_high,UZ,L3_W3,0.04263322337484945,4697444.1748622935
2030,P2_peak_sigma,ci_high,VN,L0_W0,0.36041531733049675,39711537.12773344
2030,P2_peak_sigma,ci_high,VN,L3_W3,0.03103261911741805,3419258.136363011
2030,P2_peak_sigma,ci_high,ZA,L0_W0,0.24604132013741056,27109499.929032512
2030,P2_peak_sigma,ci_high,ZA,L3_W3,0.029754309800522957,3278410.5489890887
2030,P2_peak_sigma,ci_high,ZM,L0_W0,0.3406736663794534,37536348.48560861
2030,P2_peak_sigma,ci_high,ZM,L3_W3,0.0262909745357135,2896810.8767749583
2030,Pmix_weights,default_25_65_10,AE,L0_W0,0.33264623858188086,36651864.72008878
2030,Pmix_weights,default_25_65_10,AE,L3_W3,0.026919932151940686,2966111.1326951943
2030,Pmix_weights,default_25_65_10,AF,L0_W0,0.3404688607418961,37513782.445019476
2030,Pmix_weights,default_25_65_10,AF,L3_W3,0.041372097147155146,4558489.866857907
2030,Pmix_weights,default_25_65_10,AR,L0_W0,0.27774244349398186,30602415.675482154
2030,Pmix_weights,default_25_65_10,AR,L3_W3,0.03394067499818456,3739675.620097993
2030,Pmix_weights,default_25_65_10,AT,L0_W0,0.3329590408247672,36686330.119545236
2030,Pmix_weights,default_25_65_10,AT,L3_W3,0.028163321655464948,3103111.1603276487
2030,Pmix_weights,default_25_65_10,AU,L0_W0,0.2568499424026672,28300423.243739434
2030,Pmix_weights,default_25_65_10,AU,L3_W3,0.02864983133965472,3156716.116770129
2030,Pmix_weights,default_25_65_10,BD,L0_W0,0.3720856335241832,40997404.21643154
2030,Pmix_weights,default_25_65_10,BD,L3_W3,0.02903046020232043,3198654.837143036
2030,Pmix_weights,default_25_65_10,BE,L0_W0,0.250625398719654,27614586.13947311
2030,Pmix_weights,default_25_65_10,BE,L3_W3,0.02951587019137734,3252138.6261933506
2030,Pmix_weights,default_25_65_10,BF,L0_W0,0.3591492719448487,39572040.81356471
2030,Pmix_weights,default_25_65_10,BF,L3_W3,0.03294257795934989,3629702.5814703978
2030,Pmix_weights,default_25_65_10,BG,L0_W0,0.3369700458112632,37128273.52700231
2030,Pmix_weights,default_25_65_10,BG,L3_W3,0.02702028154987158,2977167.9015117763
2030,Pmix_weights,default_25_65_10,BH,L0_W0,0.36841268580368175,40592708.87536987
2030,Pmix_weights,default_25_65_10,BH,L3_W3,0.030988256579041456,3414370.151571268
2030,Pmix_weights,default_25_65_10,BI,L0_W0,0.40047245752196947,44125141.47098562
2030,Pmix_weights,default_25_65_10,BI,L3_W3,0.031108923442512305,3427665.5538430186
2030,Pmix_weights,default_25_65_10,BO,L0_W0,0.38682459684293335,42621383.16769273
2030,Pmix_weights,default_25_65_10,BO,L3_W3,0.03842944801568966,4234260.804942296
2030,Pmix_weights,default_25_65_10,BR,L0_W0,0.21685252012434764,23893398.78211642
2030,Pmix_weights,default_25_65_10,BR,L3_W3,0.032971564454296214,3632896.392096399
2030,Pmix_weights,default_25_65_10,BY,L0_W0,0.3302319129979336,36385847.77947846
2030,Pmix_weights,default_25_65_10,BY,L3_W3,0.04603631495059102,5072406.034031044
2030,Pmix_weights,default_25_65_10,CA,L0_W0,0.21894500490110227,24123954.429741997
2030,Pmix_weights,default_25_65_10,CA,L3_W3,0.03148597847148644,3469210.499527374
2030,Pmix_weights,default_25_65_10,CH,L0_W0,0.41587453353800546,45822183.97762836
2030,Pmix_weights,default_25_65_10,CH,L3_W3,0.03271944830330119,3605117.5508282306
2030,Pmix_weights,default_25_65_10,CL,L0_W0,0.3124782702037069,34429703.267648645
2030,Pmix_weights,default_25_65_10,CL,L3_W3,0.037046479047418736,4081881.533337607
2030,Pmix_weights,default_25_65_10,CN,L0_W0,0.17105004698506676,18846758.073046148
2030,Pmix_weights,default_25_65_10,CN,L3_W3,0.024313847088819635,2678965.6126082595
2030,Pmix_weights,default_25_65_10,CO,L0_W0,0.42131808905916984,46421969.68814347
2030,Pmix_weights,default_25_65_10,CO,L3_W3,0.032330395169676666,3562250.6214340404
2030,Pmix_weights,default_25_65_10,CR,L0_W0,0.38634146640845574,42568150.546148226
2030,Pmix_weights,default_25_65_10,CR,L3_W3,0.028783943189247395,3171492.9240762535
2030,Pmix_weights,default_25_65_10,CU,L0_W0,0.2821484374365407,31087880.03734791
2030,Pmix_weights,default_25_65_10,CU,L3_W3,0.031858321029346236,3510236.2123638946
2030,Pmix_weights,default_25_65_10,CV,L0_W0,0.29731461077278853,32758930.1469518
2030,Pmix_weights,default_25_65_10,CV,L3_W3,0.034082064785219045,3755254.330289584
2030,Pmix_weights,default_25_65_10,CZ,L0_W0,0.3337632039567087,36774934.994352944
2030,Pmix_weights,default_25_65_10,CZ,L3_W3,0.026752169157796896,2947626.5510188513
2030,Pmix_weights,default_25_65_10,DE,L0_W0,0.236421905994648,26049606.79045352
2030,Pmix_weights,default_25_65_10,DE,L3_W3,0.0331289646695523,3650239.174690523
2030,Pmix_weights,default_25_65_10,DK,L0_W0,0.2540029063162266,27986729.08643199
2030,Pmix_weights,default_25_65_10,DK,L3_W3,0.028929433667572977,3187523.459555577
2030,Pmix_weights,default_25_65_10,DO,L0_W0,0.35549362246062766,39169251.43909009
2030,Pmix_weights,default_25_65_10,DO,L3_W3,0.028846358136624537,3178369.9722507074
2030,Pmix_weights,default_25_65_10,DZ,L0_W0,0.35575449830096445,39197995.44668664
2030,Pmix_weights,default_25_65_10,DZ,L3_W3,0.027552049936932513,3035759.584580454
2030,Pmix_weights,default_25_65_10,EC,L0_W0,0.4997084308130298,55059230.14108791
2030,Pmix_weights,default_25_65_10,EC,L3_W3,0.035585036916063385,3920855.875801156
2030,Pmix_weights,default_25_65_10,EE,L0_W0,0.2994574406423886,32995032.95344548
2030,Pmix_weights,default_25_65_10,EE,L3_W3,0.028924032160685127,3186928.3068775185
2030,Pmix_weights,default_25_65_10,EG,L0_W0,0.27184516363742733,29952637.38717081
2030,Pmix_weights,default_25_65_10,EG,L3_W3,0.026282156640390915,2895839.2971537453
2030,Pmix_weights,default_25_65_10,ES,L0_W0,0.26402420923118275,29090903.419873603
2030,Pmix_weights,default_25_65_10,ES,L3_W3,0.03519296446093427,3877656.269375039
2030,Pmix_weights,default_25_65_10,ET,L0_W0,0.2763895070707241,30453345.471136767
2030,Pmix_weights,default_25_65_10,ET,L3_W3,0.027556113353836936,3036207.302875172
2030,Pmix_weights,default_25_65_10,FI,L0_W0,0.3173080824988423,34961865.08501774
2030,Pmix_weights,default_25_65_10,FI,L3_W3,0.030907611730124775,3405484.4834047887
2030,Pmix_weights,default_25_65_10,FJ,L0_W0,0.3427633203690866,37766592.229431905
2030,Pmix_weights,default_25_65_10,FJ,L3_W3,0.030963662280245708,3411660.2850289913
2030,Pmix_weights,default_25_65_10,FR,L0_W0,0.2485128418483531,27381818.89403391
2030,Pmix_weights,default_25_65_10,FR,L3_W3,0.030871056101212487,3401456.6850705496
2030,Pmix_weights,default_25_65_10,GB,L0_W0,0.2454911866334372,27048884.727575306
2030,Pmix_weights,default_25_65_10,GB,L3_W3,0.027789833149919098,3061959.183867211
2030,Pmix_weights,default_25_65_10,GF,L0_W0,0.3106322543793059,34226304.23762946
2030,Pmix_weights,default_25_65_10,GF,L3_W3,0.055276426204958644,6090506.551678381
2030,Pmix_weights,default_25_65_10,GH,L0_W0,0.272388995995727,30012558.311308667
2030,Pmix_weights,default_25_65_10,GH,L3_W3,0.02354925934430448,2594721.261317604
2030,Pmix_weights,default_25_65_10,GR,L0_W0,0.40326640560373095,44432986.24796021
2030,Pmix_weights,default_25_65_10,GR,L3_W3,0.027860138230767623,3069705.5883459765
2030,Pmix_weights,default_25_65_10,GT,L0_W0,0.40933141277401247,45101245.1865828
2030,Pmix_weights,default_25_65_10,GT,L3_W3,0.028320349695039757,3120412.9355958514
2030,Pmix_weights,default_25_65_10,HN,L0_W0,0.3682680883537998,40576776.73618641
2030,Pmix_weights,default_25_65_10,HN,L3_W3,0.02905451644574337,3201305.419285104
2030,Pmix_weights,default_25_65_10,HU,L0_W0,0.3586553335292179,39517617.33934497
2030,Pmix_weights,default_25_65_10,HU,L3_W3,0.028031491037849625,3088585.7053476037
2030,Pmix_weights,default_25_65_10,ID,L0_W0,0.40654598227108607,44794338.89954436
2030,Pmix_weights,default_25_65_10,ID,L3_W3,0.0248005734979291,2732594.448390161
2030,Pmix_weights,default_25_65_10,IE,L0_W0,0.2928710620277609,32269327.895099543
2030,Pmix_weights,default_25_65_10,IE,L3_W3,0.04947402907482096,5451182.699490317
2030,Pmix_weights,default_25_65_10,IL,L0_W0,0.4378142890418366,48239565.740748174
2030,Pmix_weights,default_25_65_10,IL,L3_W3,0.031107203455135214,3427476.0409691203
2030,Pmix_weights,default_25_65_10,IN,L0_W0,0.25968316478308,28612595.36945327
2030,Pmix_weights,default_25_65_10,IN,L3_W3,0.029231833879965703,3220842.7350814175
2030,Pmix_weights,default_25_65_10,IR,L0_W0,0.392921062529285,43293108.29093298
2030,Pmix_weights,default_25_65_10,IR,L3_W3,0.0982329978480152,10823578.115668312
2030,Pmix_weights,default_25_65_10,IT,L0_W0,0.4235342903703881,46666156.75906163
2030,Pmix_weights,default_25_65_10,IT,L3_W3,0.030905346970476377,3405234.946044587
2030,Pmix_weights,default_25_65_10,JM,L0_W0,0.44560076497281503,49097500.776133224
2030,Pmix_weights,default_25_65_10,JM,L3_W3,0.030327237127846015,3341537.235720939
2030,Pmix_weights,default_25_65_10,JO,L0_W0,0.27030680000768065,29783136.310326677
2030,Pmix_weights,default_25_65_10,JO,L3_W3,0.03191131550711064,3516075.287647635
2030,Pmix_weights,default_25_65_10,JP,L0_W0,0.40138444401924306,44225626.61660794
2030,Pmix_weights,default_25_65_10,JP,L3_W3,0.02552816544336589,2812762.502203916
2030,Pmix_weights,default_25_65_10,KE,L0_W0,0.34083386904677276,37554000.049971454
2030,Pmix_weights,default_25_65_10,KE,L3_W3,0.030598340309517358,3371408.1195227946
2030,Pmix_weights,default_25_65_10,KH,L0_W0,0.34809892657863306,38354483.792029046
2030,Pmix_weights,default_25_65_10,KH,L3_W3,0.024670750061650062,2718290.150093323
2030,Pmix_weights,default_25_65_10,KR,L0_W0,0.4223105768634818,46531324.68609882
2030,Pmix_weights,default_25_65_10,KR,L3_W3,0.026616753146254293,2932706.047612131
2030,Pmix_weights,default_25_65_10,KW,L0_W0,0.3126534610208507,34449006.26700775
2030,Pmix_weights,default_25_65_10,KW,L3_W3,0.024995208157389294,2754039.823028358
2030,Pmix_weights,default_25_65_10,KZ,L0_W0,0.427473067656814,47100141.922639854
2030,Pmix_weights,default_25_65_10,KZ,L3_W3,0.04175762648235421,4600968.534584865
2030,Pmix_weights,default_25_65_10,LC,L0_W0,0.24162941507631983,26623384.264095653
2030,Pmix_weights,default_25_65_10,LC,L3_W3,0.034369939734209196,3786973.1729004933
2030,Pmix_weights,default_25_65_10,LK,L0_W0,0.2940821275714573,32402766.381173972
2030,Pmix_weights,default_25_65_10,LK,L3_W3,0.026281085861416163,2895721.315822301
2030,Pmix_weights,default_25_65_10,LY,L0_W0,0.2505979653387342,27611563.45516267
2030,Pmix_weights,default_25_65_10,LY,L3_W3,0.026212124713336924,2888122.9895008686
2030,Pmix_weights,default_25_65_10,MA,L0_W0,0.36094913074201534,39770354.137143075
2030,Pmix_weights,default_25_65_10,MA,L3_W3,0.02797069162322142,3081886.6609528325
2030,Pmix_weights,default_25_65_10,MG,L0_W0,0.3724478622114506,41037315.555576876
2030,Pmix_weights,default_25_65_10,MG,L3_W3,0.034494185201000165,3800662.875391405
2030,Pmix_weights,default_25_65_10,MM,L0_W0,0.35112183200543706,38687555.71022412
2030,Pmix_weights,default_25_65_10,MM,L3_W3,0.027996138655527057,3084690.4839858846
2030,Pmix_weights,default_25_65_10,MN,L0_W0,0.2934408746559427,32332111.395832784
2030,Pmix_weights,default_25_65_10,MN,L3_W3,0.027696432655971742,3051668.064137309
2030,Pmix_weights,default_25_65_10,MR,L0_W0,0.2650254975079788,29201228.077754576
2030,Pmix_weights,default_25_65_10,MR,L3_W3,0.03531510470123488,3891114.012301765
2030,Pmix_weights,default_25_65_10,MU,L0_W0,0.295435202184046,32551851.811594617
2030,Pmix_weights,default_25_65_10,MU,L3_W3,0.02966718525483747,3268810.930259362
2030,Pmix_weights,default_25_65_10,MX,L0_W0,0.27288757050364554,30067492.602749977
2030,Pmix_weights,default_25_65_10,MX,L3_W3,0.023024847792138616,2536940.174269768
2030,Pmix_weights,default_25_65_10,MY,L0_W0,0.3697183410874383,40736569.51553621
2030,Pmix_weights,default_25_65_10,MY,L3_W3,0.03791304399699758,4177362.0096494304
2030,Pmix_weights,default_25_65_10,NE,L0_W0,0.39601914028307966,43634462.89998698
2030,Pmix_weights,default_25_65_10,NE,L3_W3,0.03584611344460838,3949621.9957687687
2030,Pmix_weights,default_25_65_10,NG,L0_W0,0.2813119960680001,30995718.658891533
2030,Pmix_weights,default_25_65_10,NG,L3_W3,0.02764617505744597,3046130.5456306334
2030,Pmix_weights,default_25_65_10,NI,L0_W0,0.3239316800965135,35691671.031855136
2030,Pmix_weights,default_25_65_10,NI,L3_W3,0.039399837957271214,4341181.000451517
2030,Pmix_weights,default_25_65_10,NL,L0_W0,0.22781657376891387,25101447.94773331
2030,Pmix_weights,default_25_65_10,NL,L3_W3,0.032083213319831855,3535015.4548486727
2030,Pmix_weights,default_25_65_10,NO,L0_W0,0.3483941978315364,38387017.57946426
2030,Pmix_weights,default_25_65_10,NO,L3_W3,0.030631219746921973,3375030.865106704
2030,Pmix_weights,default_25_65_10,NP,L0_W0,0.4971759366726435,54780193.06845013
2030,Pmix_weights,default_25_65_10,NP,L3_W3,0.031022496021147136,3418142.7461615414
2030,Pmix_weights,default_25_65_10,NZ,L0_W0,0.2965661290678121,32676460.402777895
2030,Pmix_weights,default_25_65_10,NZ,L3_W3,0.029334482974131607,3232152.8906660643
2030,Pmix_weights,default_25_65_10,OM,L0_W0,0.2635714374001759,29041015.791593548
2030,Pmix_weights,default_25_65_10,OM,L3_W3,0.026708459037208403,2942810.4513883907
2030,Pmix_weights,default_25_65_10,PA,L0_W0,0.4252140907023254,46851241.715336494
2030,Pmix_weights,default_25_65_10,PA,L3_W3,0.028648784389551842,3156600.760968413
2030,Pmix_weights,default_25_65_10,PE,L0_W0,0.23936813380953362,26374230.161413934
2030,Pmix_weights,default_25_65_10,PE,L3_W3,0.028781212228329543,3171192.0193958236
2030,Pmix_weights,default_25_65_10,PH,L0_W0,0.299760172483165,33028388.768686023
2030,Pmix_weights,default_25_65_10,PH,L3_W3,0.024266095589899932,2673704.222952848
2030,Pmix_weights,default_25_65_10,PK,L0_W0,0.28014412198508504,30867039.125103373
2030,Pmix_weights,default_25_65_10,PK,L3_W3,0.031572490204844095,3478742.5969328424
2030,Pmix_weights,default_25_65_10,PL,L0_W0,0.3084547868823597,33986384.96341582
2030,Pmix_weights,default_25_65_10,PL,L3_W3,0.02809879851475157,3096001.825693883
2030,Pmix_weights,default_25_65_10,PS,L0_W0,0.42265217132036675,46568962.489779554
2030,Pmix_weights,default_25_65_10,PS,L3_W3,0.02954341994263166,3255174.1325028464
2030,Pmix_weights,default_25_65_10,PT,L0_W0,0.3867574334235881,42613982.91999873
2030,Pmix_weights,default_25_65_10,PT,L3_W3,0.03081992477723965,3395822.89712453
2030,Pmix_weights,default_25_65_10,PY,L0_W0,0.3242871925998712,35730842.36364267
2030,Pmix_weights,default_25_65_10,PY,L3_W3,0.04074558517573989,4489459.07871576
2030,Pmix_weights,default_25_65_10,RO,L0_W0,0.32933842247604816,36287400.570586406
2030,Pmix_weights,default_25_65_10,RO,L3_W3,0.02720631938395834,2997666.054615312
2030,Pmix_weights,default_25_65_10,RU,L0_W0,0.3396265482010703,37420974.16487781
2030,Pmix_weights,default_25_65_10,RU,L3_W3,0.047902885086415325,5278069.793827174
2030,Pmix_weights,default_25_65_10,RW,L0_W0,0.36814334637590007,40563032.326754965
2030,Pmix_weights,default_25_65_10,RW,L3_W3,0.023650628587637303,2605890.3994664424
2030,Pmix_weights,default_25_65_10,SA,L0_W0,0.2754940601349489,30354682.699256454
2030,Pmix_weights,default_25_65_10,SA,L3_W3,0.02462910104608497,2713701.1486041597
2030,Pmix_weights,default_25_65_10,SE,L0_W0,0.3464510935585559,38172921.08087188
2030,Pmix_weights,default_25_65_10,SE,L3_W3,0.03390294114958772,3735518.0023235204
2030,Pmix_weights,default_25_65_10,SK,L0_W0,0.4016909910924273,44259402.804502286
2030,Pmix_weights,default_25_65_10,SK,L3_W3,0.031145683131526564,3431715.8360727136
2030,Pmix_weights,default_25_65_10,SN,L0_W0,0.2769720188163682,30517528.19507265
2030,Pmix_weights,default_25_65_10,SN,L3_W3,0.029619383738521847,3263544.029551618
2030,Pmix_weights,default_25_65_10,SR,L0_W0,0.2819147593072308,31062132.747313842
2030,Pmix_weights,default_25_65_10,SR,L3_W3,0.046125676196290544,5082252.09843436
2030,Pmix_weights,default_25_65_10,SV,L0_W0,0.4411451861570167,48606573.0184573
2030,Pmix_weights,default_25_65_10,SV,L3_W3,0.028997412390067704,3195013.5395617215
2030,Pmix_weights,default_25_65_10,TH,L0_W0,0.3536072028179483,38961400.60679582
2030,Pmix_weights,default_25_65_10,TH,L3_W3,0.023156519415396103,2551448.110820266
2030,Pmix_weights,default_25_65_10,TN,L0_W0,0.3007804620473109,33140807.03993965
2030,Pmix_weights,default_25_65_10,TN,L3_W3,0.027499097603200656,3029925.1528405165
2030,Pmix_weights,default_25_65_10,TR,L0_W0,0.37055564632040444,40828826.076917835
2030,Pmix_weights,default_25_65_10,TR,L3_W3,0.02898426805134045,3193565.260672652
2030,Pmix_weights,default_25_65_10,TW,L0_W0,0.49267419519402494,54284178.983389236
2030,Pmix_weights,default_25_65_10,TW,L3_W3,0.023405311492005972,2578860.6965576224
2030,Pmix_weights,default_25_65_10,UA,L0_W0,0.36071350335608765,39744392.07272837
2030,Pmix_weights,default_25_65_10,UA,L3_W3,0.03730046688704865,4109866.6023356793
2030,Pmix_weights,default_25_65_10,UG,L0_W0,0.380329721512964,41905760.1894119
2030,Pmix_weights,default_25_65_10,UG,L3_W3,0.030282957023659338,3336658.3337518065
2030,Pmix_weights,default_25_65_10,US,L0_W0,0.17182420961639613,18932057.41133356
2030,Pmix_weights,default_25_65_10,US,L3_W3,0.026461011365769282,2915545.995858841
2030,Pmix_weights,default_25_65_10,UY,L0_W0,0.2820668950407821,31078895.475036196
2030,Pmix_weights,default_25_65_10,UY,L3_W3,0.03429196393213746,3778381.587553977
2030,Pmix_weights,default_25_65_10,UZ,L0_W0,0.39671458662146253,43711089.06363506
2030,Pmix_weights,default_25_65_10,UZ,L3_W3,0.040585669711892196,4471839.159210332
2030,Pmix_weights,default_25_65_10,VN,L0_W0,0.347050810691628,38238999.54105644
2030,Pmix_weights,default_25_65_10,VN,L3_W3,0.029238922671122273,3221623.797316203
2030,Pmix_weights,default_25_65_10,ZA,L0_W0,0.23545327078214567,25942879.935753163
2030,Pmix_weights,default_25_65_10,ZA,L3_W3,0.02717296260439344,2993990.714177606
2030,Pmix_weights,default_25_65_10,ZM,L0_W0,0.31976836880260445,35232946.10238503
2030,Pmix_weights,default_25_65_10,ZM,L3_W3,0.02362025276316242,2602543.5087450533
2030,Pmix_weights,more_batch_35_55_10,AE,L0_W0,0.33247365382947686,36632848.86401048
2030,Pmix_weights,more_batch_35_55_10,AE,L3_W3,0.02654567922992916,2924874.930755434
2030,Pmix_weights,more_batch_35_55_10,AF,L0_W0,0.33964462552906705,37422965.9739031
2030,Pmix_weights,more_batch_35_55_10,AF,L3_W3,0.04101159627371589,4518768.902926078
2030,Pmix_weights,more_batch_35_55_10,AR,L0_W0,0.27265347896688996,30041699.76236236
2030,Pmix_weights,more_batch_35_55_10,AR,L3_W3,0.03244169255596175,3574513.669298976
2030,Pmix_weights,more_batch_35_55_10,AT,L0_W0,0.32886946622939683,36235729.69949771
2030,Pmix_weights,more_batch_35_55_10,AT,L3_W3,0.02778008230755128,3060884.8096103556
2030,Pmix_weights,more_batch_35_55_10,AU,L0_W0,0.2513481548442419,27694221.36943074
2030,Pmix_weights,more_batch_35_55_10,AU,L3_W3,0.02833277789554962,3121782.3084339257
2030,Pmix_weights,more_batch_35_55_10,BD,L0_W0,0.3686834997980594,40622547.89573142
2030,Pmix_weights,more_batch_35_55_10,BD,L3_W3,0.02895927870021703,3190811.8661935115
2030,Pmix_weights,more_batch_35_55_10,BE,L0_W0,0.24322307988879815,26798978.575232722
2030,Pmix_weights,more_batch_35_55_10,BE,L3_W3,0.029053175091991085,3201157.625290859
2030,Pmix_weights,more_batch_35_55_10,BF,L0_W0,0.35186124257757495,38769025.972380504
2030,Pmix_weights,more_batch_35_55_10,BF,L3_W3,0.0326652846416427,3599149.6516921553
2030,Pmix_weights,more_batch_35_55_10,BG,L0_W0,0.33268210070215926,36655816.10576091
2030,Pmix_weights,more_batch_35_55_10,BG,L3_W3,0.026692452432723324,2941046.800295518
2030,Pmix_weights,more_batch_35_55_10,BH,L0_W0,0.3637282027158837,40076559.82420524
2030,Pmix_weights,more_batch_35_55_10,BH,L3_W3,0.030755835938696276,3388761.415081704
2030,Pmix_weights,more_batch_35_55_10,BI,L0_W0,0.40081918996219895,44163345.39160573
2030,Pmix_weights,more_batch_35_55_10,BI,L3_W3,0.030832356546856617,3397192.6632165043
2030,Pmix_weights,more_batch_35_55_10,BO,L0_W0,0.38886721457662116,42846444.3292713
2030,Pmix_weights,more_batch_35_55_10,BO,L3_W3,0.0369142712446416,4067314.5190734877
2030,Pmix_weights,more_batch_35_55_10,BR,L0_W0,0.20799828750413385,22917815.418902192
2030,Pmix_weights,more_batch_35_55_10,BR,L3_W3,0.03135196474609605,3454444.503811975
2030,Pmix_weights,more_batch_35_55_10,BY,L0_W0,0.3247666693261841,35783672.40971255
2030,Pmix_weights,more_batch_35_55_10,BY,L3_W3,0.0457031275115621,5035694.538377939
2030,Pmix_weights,more_batch_35_55_10,CA,L0_W0,0.21135891023492043,23288097.945556186
2030,Pmix_weights,more_batch_35_55_10,CA,L3_W3,0.03020205425306773,3327744.247075687
2030,Pmix_weights,more_batch_35_55_10,CH,L0_W0,0.4136276078497901,45574611.611526616
2030,Pmix_weights,more_batch_35_55_10,CH,L3_W3,0.032220562310950954,3550148.9391874676
2030,Pmix_weights,more_batch_35_55_10,CL,L0_W0,0.31102723177577785,34269823.91837107
2030,Pmix_weights,more_batch_35_55_10,CL,L3_W3,0.035367931675759495,3896934.631624268
2030,Pmix_weights,more_batch_35_55_10,CN,L0_W0,0.16368059713501698,18034772.102253284
2030,Pmix_weights,more_batch_35_55_10,CN,L3_W3,0.02418769228197635,2665065.5338521586
2030,Pmix_weights,more_batch_35_55_10,CO,L0_W0,0.4177393148579245,46027650.64083669
2030,Pmix_weights,more_batch_35_55_10,CO,L3_W3,0.030808137023881646,3394524.090490571
2030,Pmix_weights,more_batch_35_55_10,CR,L0_W0,0.3868119713328281,42619992.05474833
2030,Pmix_weights,more_batch_35_55_10,CR,L3_W3,0.027459801278711858,3025595.377234755
2030,Pmix_weights,more_batch_35_55_10,CU,L0_W0,0.2813480875603056,30999695.317395672
2030,Pmix_weights,more_batch_35_55_10,CU,L3_W3,0.030841309748438985,3398179.1512483777
2030,Pmix_weights,more_batch_35_55_10,CV,L0_W0,0.291109587273299,32075243.829445817
2030,Pmix_weights,more_batch_35_55_10,CV,L3_W3,0.032901245421370365,3625148.450339915
2030,Pmix_weights,more_batch_35_55_10,CZ,L0_W0,0.3295936649881711,36315523.8828025
2030,Pmix_weights,more_batch_35_55_10,CZ,L3_W3,0.026405097260506855,2909385.2280991934
2030,Pmix_weights,more_batch_35_55_10,DE,L0_W0,0.22842143264983822,25168092.939640917
2030,Pmix_weights,more_batch_35_55_10,DE,L3_W3,0.03276593644196995,3610239.740024898
2030,Pmix_weights,more_batch_35_55_10,DK,L0_W0,0.24666098071655676,27177775.81219313
2030,Pmix_weights,more_batch_35_55_10,DK,L3_W3,0.028497400441915437,3139920.8670570417
2030,Pmix_weights,more_batch_35_55_10,DO,L0_W0,0.35118239745006846,38694228.975170106
2030,Pmix_weights,more_batch_35_55_10,DO,L3_W3,0.027227207374580314,2999967.5500713093
2030,Pmix_weights,more_batch_35_55_10,DZ,L0_W0,0.3522668873264149,38813721.010936424
2030,Pmix_weights,more_batch_35_55_10,DZ,L3_W3,0.0272800720786439,3005792.3265367406
2030,Pmix_weights,more_batch_35_55_10,EC,L0_W0,0.49996099955107565,55087058.849624775
2030,Pmix_weights,more_batch_35_55_10,EC,L3_W3,0.03415840215919808,3763665.389185348
2030,Pmix_weights,more_batch_35_55_10,EE,L0_W0,0.29537041273560644,32544713.13445334
2030,Pmix_weights,more_batch_35_55_10,EE,L3_W3,0.0285923203647345,3150379.401580796
2030,Pmix_weights,more_batch_35_55_10,EG,L0_W0,0.2664118846957823,29353983.978057746
2030,Pmix_weights,more_batch_35_55_10,EG,L3_W3,0.026175492366613,2884086.7381900814
2030,Pmix_weights,more_batch_35_55_10,ES,L0_W0,0.2608905832272366,28745632.0082093
2030,Pmix_weights,more_batch_35_55_10,ES,L3_W3,0.03475778387026797,3829706.8916640277
2030,Pmix_weights,more_batch_35_55_10,ET,L0_W0,0.27141825227502814,29905599.135456827
2030,Pmix_weights,more_batch_35_55_10,ET,L3_W3,0.027210289742689596,2998103.5195081313
2030,Pmix_weights,more_batch_35_55_10,FI,L0_W0,0.3127762094147751,34462531.017950095
2030,Pmix_weights,more_batch_35_55_10,FI,L3_W3,0.030624582701435508,3374299.5774350083
2030,Pmix_weights,more_batch_35_55_10,FJ,L0_W0,0.34099672066835707,37571943.483299315
2030,Pmix_weights,more_batch_35_55_10,FJ,L3_W3,0.03044455705544648,3354463.8635214353
2030,Pmix_weights,more_batch_35_55_10,FR,L0_W0,0.24199301849831792,26663447.075241968
2030,Pmix_weights,more_batch_35_55_10,FR,L3_W3,0.030361590753888185,3345322.4114070064
2030,Pmix_weights,more_batch_35_55_10,GB,L0_W0,0.2387009347701979,26300716.36178296
2030,Pmix_weights,more_batch_35_55_10,GB,L3_W3,0.0273616404216193,3014779.7477831724
2030,Pmix_weights,more_batch_35_55_10,GF,L0_W0,0.30799393051316964,33935606.55879307
2030,Pmix_weights,more_batch_35_55_10,GF,L3_W3,0.053828795636358846,5931002.689583981
2030,Pmix_weights,more_batch_35_55_10,GH,L0_W0,0.2727730941554207,30054879.28823702
2030,Pmix_weights,more_batch_35_55_10,GH,L3_W3,0.023336027345483457,2571226.7813917217
2030,Pmix_weights,more_batch_35_55_10,GR,L0_W0,0.4020911414290469,44303492.45381864
2030,Pmix_weights,more_batch_35_55_10,GR,L3_W3,0.027561926412131964,3036847.8014034214
2030,Pmix_weights,more_batch_35_55_10,GT,L0_W0,0.4054730687921572,44676122.38264128
2030,Pmix_weights,more_batch_35_55_10,GT,L3_W3,0.02704164327939678,2979521.5948049356
2030,Pmix_weights,more_batch_35_55_10,HN,L0_W0,0.36232622601602044,39922086.2291838
2030,Pmix_weights,more_batch_35_55_10,HN,L3_W3,0.027800934853333632,3063182.399657796
2030,Pmix_weights,more_batch_35_55_10,HU,L0_W0,0.3541063442065167,39016397.35868455
2030,Pmix_weights,more_batch_35_55_10,HU,L3_W3,0.027621564924432688,3043418.934431325
2030,Pmix_weights,more_batch_35_55_10,ID,L0_W0,0.4053465946537188,44662187.11906399
2030,Pmix_weights,more_batch_35_55_10,ID,L3_W3,0.02464891038303474,2715883.7950731926
2030,Pmix_weights,more_batch_35_55_10,IE,L0_W0,0.2869946351534201,31621847.244922828
2030,Pmix_weights,more_batch_35_55_10,IE,L3_W3,0.04843533197310153,5336736.235824688
2030,Pmix_weights,more_batch_35_55_10,IL,L0_W0,0.44021266438836265,48503825.2409416
2030,Pmix_weights,more_batch_35_55_10,IL,L3_W3,0.030754002995394027,3388559.4564176286
2030,Pmix_weights,more_batch_35_55_10,IN,L0_W0,0.25607163346840844,28214667.05455028
2030,Pmix_weights,more_batch_35_55_10,IN,L3_W3,0.02876001081897123,3168855.990613448
2030,Pmix_weights,more_batch_35_55_10,IR,L0_W0,0.39052811439471163,43029446.77567139
2030,Pmix_weights,more_batch_35_55_10,IR,L3_W3,0.09767520805705363,10762119.323746521
2030,Pmix_weights,more_batch_35_55_10,IT,L0_W0,0.4215692230021079,46449640.30706413
2030,Pmix_weights,more_batch_35_55_10,IT,L3_W3,0.030529464687931773,3363819.2167423847
2030,Pmix_weights,more_batch_35_55_10,JM,L0_W0,0.4446099774627123,48988333.12120512
2030,Pmix_weights,more_batch_35_55_10,JM,L3_W3,0.028980239327717632,3193121.3649777914
2030,Pmix_weights,more_batch_35_55_10,JO,L0_W0,0.26769845642205925,29495741.940105427
2030,Pmix_weights,more_batch_35_55_10,JO,L3_W3,0.03177217561461026,3500744.4769376377
2030,Pmix_weights,more_batch_35_55_10,JP,L0_W0,0.39933160900325704,43999439.68715598
2030,Pmix_weights,more_batch_35_55_10,JP,L3_W3,0.02539237515721807,2797800.760206142
2030,Pmix_weights,more_batch_35_55_10,KE,L0_W0,0.3301258356708409,36374159.8918924
2030,Pmix_weights,more_batch_35_55_10,KE,L3_W3,0.030228904810186467,3330702.7142790756
2030,Pmix_weights,more_batch_35_55_10,KH,L0_W0,0.34576102565265865,38096887.52750164
2030,Pmix_weights,more_batch_35_55_10,KH,L3_W3,0.024446560600060323,2693588.3472023997
2030,Pmix_weights,more_batch_35_55_10,KR,L0_W0,0.4192256301267826,46191416.88812038
2030,Pmix_weights,more_batch_35_55_10,KR,L3_W3,0.026460396266076946,2915478.2225065585
2030,Pmix_weights,more_batch_35_55_10,KW,L0_W0,0.30715217755627816,33842859.93512689
2030,Pmix_weights,more_batch_35_55_10,KW,L3_W3,0.02477523678031451,2729802.7801289475
2030,Pmix_weights,more_batch_35_55_10,KZ,L0_W0,0.4276462421743883,47119222.7606441
2030,Pmix_weights,more_batch_35_55_10,KZ,L3_W3,0.0417437586878074,4599440.543371548
2030,Pmix_weights,more_batch_35_55_10,LC,L0_W0,0.23381677880383042,25762566.811334785
2030,Pmix_weights,more_batch_35_55_10,LC,L3_W3,0.03282369309664033,3616603.5248754
2030,Pmix_weights,more_batch_35_55_10,LK,L0_W0,0.28971997670084904,31922132.767880324
2030,Pmix_weights,more_batch_35_55_10,LK,L3_W3,0.025796075546288447,2842281.563929442
2030,Pmix_weights,more_batch_35_55_10,LY,L0_W0,0.24334245513577324,26812131.66369604
2030,Pmix_weights,more_batch_35_55_10,LY,L3_W3,0.026251071030546892,2892414.200355411
2030,Pmix_weights,more_batch_35_55_10,MA,L0_W0,0.3580438573269644,39450243.233026825
2030,Pmix_weights,more_batch_35_55_10,MA,L3_W3,0.027693201630831492,3051312.061024655
2030,Pmix_weights,more_batch_35_55_10,MG,L0_W0,0.37290165717812696,41087315.91571978
2030,Pmix_weights,more_batch_35_55_10,MG,L3_W3,0.03400380353196592,3746631.2931577456
2030,Pmix_weights,more_batch_35_55_10,MM,L0_W0,0.34848262091964555,38396760.27511994
2030,Pmix_weights,more_batch_35_55_10,MM,L3_W3,0.02760508859620424,3041603.5279024937
2030,Pmix_weights,more_batch_35_55_10,MN,L0_W0,0.28918507634869645,31863195.9964038
2030,Pmix_weights,more_batch_35_55_10,MN,L3_W3,0.027470331608561254,3026755.6375363395
2030,Pmix_weights,more_batch_35_55_10,MR,L0_W0,0.2581748729679008,28446407.68669444
2030,Pmix_weights,more_batch_35_55_10,MR,L3_W3,0.0348397577507422,3838738.9961319184
2030,Pmix_weights,more_batch_35_55_10,MU,L0_W0,0.2903977514867603,31996811.831950936
2030,Pmix_weights,more_batch_35_55_10,MU,L3_W3,0.029305010365906353,3228905.5187606267
2030,Pmix_weights,more_batch_35_55_10,MX,L0_W0,0.26513358390100167,29213137.329673506
2030,Pmix_weights,more_batch_35_55_10,MX,L3_W3,0.021933320430969204,2416672.7293396513
2030,Pmix_weights,more_batch_35_55_10,MY,L0_W0,0.3670622903168827,40443918.63829465
2030,Pmix_weights,more_batch_35_55_10,MY,L3_W3,0.03755378499826289,4137777.8788405764
2030,Pmix_weights,more_batch_35_55_10,NE,L0_W0,0.3883632380592842,42790914.82978174
2030,Pmix_weights,more_batch_35_55_10,NE,L3_W3,0.035459541168934974,3907028.4140318413
2030,Pmix_weights,more_batch_35_55_10,NG,L0_W0,0.2783864124087521,30673369.916987255
2030,Pmix_weights,more_batch_35_55_10,NG,L3_W3,0.02724702853581869,3002151.4993725284
2030,Pmix_weights,more_batch_35_55_10,NI,L0_W0,0.32038328549040684,35300699.29073172
2030,Pmix_weights,more_batch_35_55_10,NI,L3_W3,0.038314413714897244,4221586.0137022445
2030,Pmix_weights,more_batch_35_55_10,NL,L0_W0,0.22013858486928103,24255466.307684146
2030,Pmix_weights,more_batch_35_55_10,NL,L3_W3,0.031662226212311656,3488629.9536041315
2030,Pmix_weights,more_batch_35_55_10,NO,L0_W0,0.34580271172179367,38101480.61165363
2030,Pmix_weights,more_batch_35_55_10,NO,L3_W3,0.030294840388980785,3337967.6751712016
2030,Pmix_weights,more_batch_35_55_10,NP,L0_W0,0.4987835633529655,54957325.73605149
2030,Pmix_weights,more_batch_35_55_10,NP,L3_W3,0.030620195591389048,3373816.1937520285
2030,Pmix_weights,more_batch_35_55_10,NZ,L0_W0,0.2921086776899767,32185326.321138248
2030,Pmix_weights,more_batch_35_55_10,NZ,L3_W3,0.028642317573111867,3155888.2295947294
2030,Pmix_weights,more_batch_35_55_10,OM,L0_W0,0.2600543027540067,28653488.357634608
2030,Pmix_weights,more_batch_35_55_10,OM,L3_W3,0.026395909233263203,2908372.8663391015
2030,Pmix_weights,more_batch_35_55_10,PA,L0_W0,0.42547653093239796,46880158.091636844
2030,Pmix_weights,more_batch_35_55_10,PA,L3_W3,0.0272572196378097,3003274.382628673
2030,Pmix_weights,more_batch_35_55_10,PE,L0_W0,0.23554615032196538,25953113.655344427
2030,Pmix_weights,more_batch_35_55_10,PE,L3_W3,0.027309280361978012,3009010.57440881
2030,Pmix_weights,more_batch_35_55_10,PH,L0_W0,0.2951086094759813,32515866.941284385
2030,Pmix_weights,more_batch_35_55_10,PH,L3_W3,0.02408285253428166,2653514.00612055
2030,Pmix_weights,more_batch_35_55_10,PK,L0_W0,0.2749598095673465,30295817.522803918
2030,Pmix_weights,more_batch_35_55_10,PK,L3_W3,0.031376334002796116,3457129.574605824
2030,Pmix_weights,more_batch_35_55_10,PL,L0_W0,0.3014977829039726,33219843.397336453
2030,Pmix_weights,more_batch_35_55_10,PL,L3_W3,0.02770338938032805,3052434.5748938685
2030,Pmix_weights,more_batch_35_55_10,PS,L0_W0,0.42202729960732827,46500112.429753825
2030,Pmix_weights,more_batch_35_55_10,PS,L3_W3,0.029472127252761958,3247318.9105836833
2030,Pmix_weights,more_batch_35_55_10,PT,L0_W0,0.3827125759328428,42168309.55181381
2030,Pmix_weights,more_batch_35_55_10,PT,L3_W3,0.030074904186902812,3313734.507948336
2030,Pmix_weights,more_batch_35_55_10,PY,L0_W0,0.31947081829290896,35200161.180255
2030,Pmix_weights,more_batch_35_55_10,PY,L3_W3,0.03894952580551004,4291564.386301528
2030,Pmix_weights,more_batch_35_55_10,RO,L0_W0,0.3245447554119912,35759221.3328052
2030,Pmix_weights,more_batch_35_55_10,RO,L3_W3,0.02679270166183484,2952092.532239918
2030,Pmix_weights,more_batch_35_55_10,RU,L0_W0,0.33617902003577876,37041116.1617582
2030,Pmix_weights,more_batch_35_55_10,RU,L3_W3,0.04790412742664178,5278206.678242614
2030,Pmix_weights,more_batch_35_55_10,RW,L0_W0,0.3690479716862849,40662706.39684199
2030,Pmix_weights,more_batch_35_55_10,RW,L3_W3,0.023260598463036276,2562915.8225568123
2030,Pmix_weights,more_batch_35_55_10,SA,L0_W0,0.27097198091047686,29856427.74620044
2030,Pmix_weights,more_batch_35_55_10,SA,L3_W3,0.024361514163245522,2684217.70014398
2030,Pmix_weights,more_batch_35_55_10,SE,L0_W0,0.3422606336715881,37711204.845790215
2030,Pmix_weights,more_batch_35_55_10,SE,L3_W3,0.033678644940893995,3710804.437747176
2030,Pmix_weights,more_batch_35_55_10,SK,L0_W0,0.39923381864969,43988664.88078766
2030,Pmix_weights,more_batch_35_55_10,SK,L3_W3,0.03082870811541681,3396790.669145739
2030,Pmix_weights,more_batch_35_55_10,SN,L0_W0,0.2715991185004003,29925527.466686532
2030,Pmix_weights,more_batch_35_55_10,SN,L3_W3,0.029129886429792123,3209609.888534739
2030,Pmix_weights,more_batch_35_55_10,SR,L0_W0,0.2770445943514036,30525524.764351312
2030,Pmix_weights,more_batch_35_55_10,SR,L3_W3,0.04459306672487159,4913385.0303603355
2030,Pmix_weights,more_batch_35_55_10,SV,L0_W0,0.4386389357309821,48330427.54944105
2030,Pmix_weights,more_batch_35_55_10,SV,L3_W3,0.0276175092832228,3042972.0728837196
2030,Pmix_weights,more_batch_35_55_10,TH,L0_W0,0.34895633888530475,38448955.80532294
2030,Pmix_weights,more_batch_35_55_10,TH,L3_W3,0.022935221227989886,2527064.876360163
2030,Pmix_weights,more_batch_35_55_10,TN,L0_W0,0.29639635084688903,32657753.777949616
2030,Pmix_weights,more_batch_35_55_10,TN,L3_W3,0.027504593852416142,3030530.74448518
2030,Pmix_weights,more_batch_35_55_10,TR,L0_W0,0.36777386563274383,40522321.93642386
2030,Pmix_weights,more_batch_35_55_10,TR,L3_W3,0.028575673123595623,3148545.163403969
2030,Pmix_weights,more_batch_35_55_10,TW,L0_W0,0.49197443654475975,54207077.67763296
2030,Pmix_weights,more_batch_35_55_10,TW,L3_W3,0.02335413942221257,2573222.419126588
2030,Pmix_weights,more_batch_35_55_10,UA,L0_W0,0.3577349204786527,39416203.73322774
2030,Pmix_weights,more_batch_35_55_10,UA,L3_W3,0.03692544860608462,4068546.0710708397
2030,Pmix_weights,more_batch_35_55_10,UG,L0_W0,0.37893341958987625,41751911.85668587
2030,Pmix_weights,more_batch_35_55_10,UG,L3_W3,0.029846459925803925,3288563.899708267
2030,Pmix_weights,more_batch_35_55_10,US,L0_W0,0.16544778826400278,18229486.013555143
2030,Pmix_weights,more_batch_35_55_10,US,L3_W3,0.025311721904656827,2788914.166103314
2030,Pmix_weights,more_batch_35_55_10,UY,L0_W0,0.2759259889060005,30402273.78266322
2030,Pmix_weights,more_batch_35_55_10,UY,L3_W3,0.03262177295491227,3594355.416042338
2030,Pmix_weights,more_batch_35_55_10,UZ,L0_W0,0.3946720703943622,43486039.08632759
2030,Pmix_weights,more_batch_35_55_10,UZ,L3_W3,0.04030515267966652,4440931.031823569
2030,Pmix_weights,more_batch_35_55_10,VN,L0_W0,0.3431992017439365,37814618.82144483
2030,Pmix_weights,more_batch_35_55_10,VN,L3_W3,0.029035396503459314,3199198.732190013
2030,Pmix_weights,more_batch_35_55_10,ZA,L0_W0,0.23340249808933605,25716920.238661896
2030,Pmix_weights,more_batch_35_55_10,ZA,L3_W3,0.026700284080863473,2941909.7125274185
2030,Pmix_weights,more_batch_35_55_10,ZM,L0_W0,0.312482799782082,34430202.34887846
2030,Pmix_weights,more_batch_35_55_10,ZM,L3_W3,0.023213366998566593,2557711.7317074626
2030,Pmix_weights,more_burst_15_70_15,AE,L0_W0,0.33325867454033453,36719344.574947976
2030,Pmix_weights,more_burst_15_70_15,AE,L3_W3,0.027316297188413427,3009783.7073754463
2030,Pmix_weights,more_burst_15_70_15,AF,L0_W0,0.3416532241615376,37644278.81864806
2030,Pmix_weights,more_burst_15_70_15,AF,L3_W3,0.041781872513275024,4603640.028028161
2030,Pmix_weights,more_burst_15_70_15,AR,L0_W0,0.283305266817261,31215342.635894466
2030,Pmix_weights,more_burst_15_70_15,AR,L3_W3,0.035522125741557345,3913924.1519758473
2030,Pmix_weights,more_burst_15_70_15,AT,L0_W0,0.3374823507828134,37184720.67816426
2030,Pmix_weights,more_burst_15_70_15,AT,L3_W3,0.028599147876222718,3151131.6753131184
2030,Pmix_weights,more_burst_15_70_15,AU,L0_W0,0.2628881417362745,28965728.422213078
2030,Pmix_weights,more_burst_15_70_15,AU,L3_W3,0.02902794730987592,3198377.959838411
2030,Pmix_weights,more_burst_15_70_15,BD,L0_W0,0.3758970473214935,41417356.1253629
2030,Pmix_weights,more_burst_15_70_15,BD,L3_W3,0.02912830434579981,3209435.5702297757
2030,Pmix_weights,more_burst_15_70_15,BE,L0_W0,0.25841613832893023,28472990.958496314
2030,Pmix_weights,more_burst_15_70_15,BE,L3_W3,0.030055558333931056,3311602.9294009926
2030,Pmix_weights,more_burst_15_70_15,BF,L0_W0,0.36673539587525494,40407900.522162125
2030,Pmix_weights,more_burst_15_70_15,BF,L3_W3,0.03326690680929891,3665438.0137537466
2030,Pmix_weights,more_burst_15_70_15,BG,L0_W0,0.34169494737564166,37648875.995533474
2030,Pmix_weights,more_burst_15_70_15,BG,L3_W3,0.027413283112001183,3020469.8794669923
2030,Pmix_weights,more_burst_15_70_15,BH,L0_W0,0.37346664912074734,41149568.26024394
2030,Pmix_weights,more_burst_15_70_15,BH,L3_W3,0.03125112587483832,3443333.803496766
2030,Pmix_weights,more_burst_15_70_15,BI,L0_W0,0.40042394138326953,44119795.83124548
2030,Pmix_weights,more_burst_15_70_15,BI,L3_W3,0.03143197654813197,3463260.4211562774
2030,Pmix_weights,more_burst_15_70_15,BO,L0_W0,0.38501721636758446,42422241.08521308
2030,Pmix_weights,more_burst_15_70_15,BO,L3_W3,0.04002412505013988,4409966.645441421
2030,Pmix_weights,more_burst_15_70_15,BR,L0_W0,0.22623974240767247,24927708.39190669
2030,Pmix_weights,more_burst_15_70_15,BR,L3_W3,0.03473564101473276,3827267.1317886338
2030,Pmix_weights,more_burst_15_70_15,BY,L0_W0,0.3361669678428782,37039788.21845827
2030,Pmix_weights,more_burst_15_70_15,BY,L3_W3,0.046402055117257375,5112704.277499858
2030,Pmix_weights,more_burst_15_70_15,CA,L0_W0,0.22703295344892518,25015106.535659693
2030,Pmix_weights,more_burst_15_70_15,CA,L3_W3,0.032855566087397654,3620115.377438177
2030,Pmix_weights,more_burst_15_70_15,CH,L0_W0,0.4184394308049415,46104791.31462828
2030,Pmix_weights,more_burst_15_70_15,CH,L3_W3,0.0332823865499527,3667143.613560807
2030,Pmix_weights,more_burst_15_70_15,CL,L0_W0,0.31430063829752514,34630496.726578414
2030,Pmix_weights,more_burst_15_70_15,CL,L3_W3,0.03878094492046224,4272989.687187219
2030,Pmix_weights,more_burst_15_70_15,CN,L0_W0,0.17913430352773563,19737503.383823067
2030,Pmix_weights,more_burst_15_70_15,CN,L3_W3,0.024477179855371362,2696962.0597935123
2030,Pmix_weights,more_burst_15_70_15,CO,L0_W0,0.42512662885939595,46841604.932281666
2030,Pmix_weights,more_burst_15_70_15,CO,L3_W3,0.03393988428726961,3739588.4974249364
2030,Pmix_weights,more_burst_15_70_15,CR,L0_W0,0.386162444025615,42548425.37448923
2030,Pmix_weights,more_burst_15_70_15,CR,L3_W3,0.030211325031004377,3328765.7265315577
2030,Pmix_weights,more_burst_15_70_15,CU,L0_W0,0.28346959661710414,31233448.93891177
2030,Pmix_weights,more_burst_15_70_15,CU,L3_W3,0.03298191347113956,3634036.6748392466
2030,Pmix_weights,more_burst_15_70_15,CV,L0_W0,0.30399971493076805,33495513.053412814
2030,Pmix_weights,more_burst_15_70_15,CV,L3_W3,0.03541550415904603,3902176.296851718
2030,Pmix_weights,more_burst_15_70_15,CZ,L0_W0,0.33834406448770404,37279666.63117952
2030,Pmix_weights,more_burst_15_70_15,CZ,L3_W3,0.027177451669737427,2994485.331571775
2030,Pmix_weights,more_burst_15_70_15,DE,L0_W0,0.2448741835953864,26980901.659499954
2030,Pmix_weights,more_burst_15_70_15,DE,L3_W3,0.03355757822540882,3697464.9786960674
2030,Pmix_weights,more_burst_15_70_15,DK,L0_W0,0.2618782749303313,28854458.55872527
2030,Pmix_weights,more_burst_15_70_15,DK,L3_W3,0.029405858266755652,3240017.213980723
2030,Pmix_weights,more_burst_15_70_15,DO,L0_W0,0.360152200766722,39682546.231151536
2030,Pmix_weights,more_burst_15_70_15,DO,L3_W3,0.03054611174740843,3365653.434903176
2030,Pmix_weights,more_burst_15_70_15,DZ,L0_W0,0.3596211066104045,39624028.836654715
2030,Pmix_weights,more_burst_15_70_15,DZ,L3_W3,0.027887032901755777,3072668.9161351356
2030,Pmix_weights,more_burst_15_70_15,EC,L0_W0,0.4996517165903296,55052981.21421901
2030,Pmix_weights,more_burst_15_70_15,EC,L3_W3,0.0370969016104908,4087437.2280853847
2030,Pmix_weights,more_burst_15_70_15,EE,L0_W0,0.3042035831494632,33517975.806649398
2030,Pmix_weights,more_burst_15_70_15,EE,L3_W3,0.029311688673259218,3229641.3527766676
2030,Pmix_weights,more_burst_15_70_15,EG,L0_W0,0.2778520695735434,30614494.57423962
2030,Pmix_weights,more_burst_15_70_15,EG,L3_W3,0.026439955033969197,2913225.952115289
2030,Pmix_weights,more_burst_15_70_15,ES,L0_W0,0.2677353079835342,29499802.345092
2030,Pmix_weights,more_burst_15_70_15,ES,L3_W3,0.03567194085712523,3930431.187715158
2030,Pmix_weights,more_burst_15_70_15,ET,L0_W0,0.2818743231189837,31057677.378427822
2030,Pmix_weights,more_burst_15_70_15,ET,L3_W3,0.027940190918668895,3078526.010605808
2030,Pmix_weights,more_burst_15_70_15,FI,L0_W0,0.322348050328572,35517182.409140676
2030,Pmix_weights,more_burst_15_70_15,FI,L3_W3,0.031244954814190207,3442653.859298334
2030,Pmix_weights,more_burst_15_70_15,FJ,L0_W0,0.34498584375846547,38011475.8840676
2030,Pmix_weights,more_burst_15_70_15,FJ,L3_W3,0.03156615975191255,3478045.0904603414
2030,Pmix_weights,more_burst_15_70_15,FR,L0_W0,0.2556386289716815,28166957.44477118
2030,Pmix_weights,more_burst_15_70_15,FR,L3_W3,0.03143811036250109,3463936.2614586763
2030,Pmix_weights,more_burst_15_70_15,GB,L0_W0,0.2529352839603667,27869095.559818443
2030,Pmix_weights,more_burst_15_70_15,GB,L3_W3,0.02827138217337411,3115017.561256378
2030,Pmix_weights,more_burst_15_70_15,GF,L0_W0,0.31379700059565463,34575004.55869584
2030,Pmix_weights,more_burst_15_70_15,GF,L3_W3,0.056832075483044406,6261912.208136054
2030,Pmix_weights,more_burst_15_70_15,GH,L0_W0,0.27269950702713586,30046771.258870646
2030,Pmix_weights,more_burst_15_70_15,GH,L3_W3,0.02382892730748591,2625535.835974354
2030,Pmix_weights,more_burst_15_70_15,GR,L0_W0,0.40471682828905076,44592797.753047176
2030,Pmix_weights,more_burst_15_70_15,GR,L3_W3,0.028218759459889536,3109219.4479692318
2030,Pmix_weights,more_burst_15_70_15,GT,L0_W0,0.4134638696577772,45556570.49346452
2030,Pmix_weights,more_burst_15_70_15,GT,L3_W3,0.029745958273204653,3277490.3550594007
2030,Pmix_weights,more_burst_15_70_15,HN,L0_W0,0.37457467769800473,41271653.853914745
2030,Pmix_weights,more_burst_15_70_15,HN,L3_W3,0.030402920217069637,3349876.2037478983
2030,Pmix_weights,more_burst_15_70_15,HU,L0_W0,0.36356568527086425,40058653.21135761
2030,Pmix_weights,more_burst_15_70_15,HU,L3_W3,0.028517537920395408,3142139.669049808
2030,Pmix_weights,more_burst_15_70_15,ID,L0_W0,0.4080930080827917,44964794.399089
2030,Pmix_weights,more_burst_15_70_15,ID,L3_W3,0.024986936556488763,2753128.4356081444
2030,Pmix_weights,more_burst_15_70_15,IE,L0_W0,0.29927749351217725,32975205.89061322
2030,Pmix_weights,more_burst_15_70_15,IE,L3_W3,0.05057371521656013,5572349.100990628
2030,Pmix_weights,more_burst_15_70_15,IL,L0_W0,0.43563655864247364,47999617.49923326
2030,Pmix_weights,more_burst_15_70_15,IL,L3_W3,0.03150627859113211,3471447.2217648667
2030,Pmix_weights,more_burst_15_70_15,IN,L0_W0,0.26393655783688497,29081245.751534928
2030,Pmix_weights,more_burst_15_70_15,IN,L3_W3,0.029754898699078648,3278475.435429076
2030,Pmix_weights,more_burst_15_70_15,IR,L0_W0,0.395593353057131,43587548.508675836
2030,Pmix_weights,more_burst_15_70_15,IR,L3_W3,0.0989240710621836,10899722.436630301
2030,Pmix_weights,more_burst_15_70_15,IT,L0_W0,0.42582472364047147,46918522.90852832
2030,Pmix_weights,more_burst_15_70_15,IT,L3_W3,0.03133148517713251,3452188.0093619623
2030,Pmix_weights,more_burst_15_70_15,JM,L0_W0,0.4468267761952389,49232586.01762328
2030,Pmix_weights,more_burst_15_70_15,JM,L3_W3,0.03175596474128834,3498958.3189503336
2030,Pmix_weights,more_burst_15_70_15,JO,L0_W0,0.27335535205971,30119034.043243997
2030,Pmix_weights,more_burst_15_70_15,JO,L3_W3,0.032103985012209554,3537304.1362487096
2030,Pmix_weights,more_burst_15_70_15,JP,L0_W0,0.4037573878215694,44487084.00028983
2030,Pmix_weights,more_burst_15_70_15,JP,L3_W3,0.02570724463188155,2832493.932866234
2030,Pmix_weights,more_burst_15_70_15,KE,L0_W0,0.35172710043144095,38754245.826919295
2030,Pmix_weights,more_burst_15_70_15,KE,L3_W3,0.031022252826749325,3418115.950343235
2030,Pmix_weights,more_burst_15_70_15,KH,L0_W0,0.350801785713136,38652292.14175694
2030,Pmix_weights,more_burst_15_70_15,KH,L3_W3,0.024931623157941327,2747033.855343501
2030,Pmix_weights,more_burst_15_70_15,KR,L0_W0,0.4256617640992867,46900567.58432621
2030,Pmix_weights,more_burst_15_70_15,KR,L3_W3,0.02678746380154355,2951515.4105876866
2030,Pmix_weights,more_burst_15_70_15,KW,L0_W0,0.31859964816579783,35104173.292993195
2030,Pmix_weights,more_burst_15_70_15,KW,L3_W3,0.025255346219896082,2782702.5402627145
2030,Pmix_weights,more_burst_15_70_15,KZ,L0_W0,0.42760034998868673,47114166.23516161
2030,Pmix_weights,more_burst_15_70_15,KZ,L3_W3,0.04180849703107017,4606573.5896058455
2030,Pmix_weights,more_burst_15_70_15,LC,L0_W0,0.24999885624573442,27545551.990482308
2030,Pmix_weights,more_burst_15_70_15,LC,L3_W3,0.035975544363914355,3963883.0454809894
2030,Pmix_weights,more_burst_15_70_15,LK,L0_W0,0.298950914210343,32939222.497437824
2030,Pmix_weights,more_burst_15_70_15,LK,L3_W3,0.026833275416043672,2956563.058516686
2030,Pmix_weights,more_burst_15_70_15,LY,L0_W0,0.2583839321908778,28469442.39886105
2030,Pmix_weights,more_burst_15_70_15,LY,L3_W3,0.026208961316887092,2887774.437900738
2030,Pmix_weights,more_burst_15_70_15,MA,L0_W0,0.3641806499118757,40126411.68331893
2030,Pmix_weights,more_burst_15_70_15,MA,L3_W3,0.028297812955848097,3117929.7765509575
2030,Pmix_weights,more_burst_15_70_15,MG,L0_W0,0.37236689396026657,41028394.2540715
2030,Pmix_weights,more_burst_15_70_15,MG,L3_W3,0.03504159599038839,3860978.080771476
2030,Pmix_weights,more_burst_15_70_15,MM,L0_W0,0.3541826125074775,39024800.80692783
2030,Pmix_weights,more_burst_15_70_15,MM,L3_W3,0.028439253298417403,3133514.0570884845
2030,Pmix_weights,more_burst_15_70_15,MN,L0_W0,0.29828460125665673,32865806.329126816
2030,Pmix_weights,more_burst_15_70_15,MN,L3_W3,0.02796701835789414,3081481.930616995
2030,Pmix_weights,more_burst_15_70_15,MR,L0_W0,0.2724602575834548,30020410.10630948
2030,Pmix_weights,more_burst_15_70_15,MR,L3_W3,0.035868861254378874,3952128.4111424726
2030,Pmix_weights,more_burst_15_70_15,MU,L0_W0,0.301045198229804,33169976.39050442
2030,Pmix_weights,more_burst_15_70_15,MU,L3_W3,0.030073586893338396,3313589.3649708433
2030,Pmix_weights,more_burst_15_70_15,MX,L0_W0,0.2809829950534361,30959468.434839763
2030,Pmix_weights,more_burst_15_70_15,MX,L3_W3,0.024206022586964963,2667085.2165685026
2030,Pmix_weights,more_burst_15_70_15,MY,L0_W0,0.3727522943991461,41070858.71965239
2030,Pmix_weights,more_burst_15_70_15,MY,L3_W3,0.03833158049766141,4223477.496384369
2030,Pmix_weights,more_burst_15_70_15,NE,L0_W0,0.4039232051314154,44505354.201193444
2030,Pmix_weights,more_burst_15_70_15,NE,L3_W3,0.03628027118407188,3997458.6729602315
2030,Pmix_weights,more_burst_15_70_15,NG,L0_W0,0.28473650680991563,31373040.53987917
2030,Pmix_weights,more_burst_15_70_15,NG,L3_W3,0.028079446665802837,3093869.586493535
2030,Pmix_weights,more_burst_15_70_15,NI,L0_W0,0.3279187423386258,36130976.36280209
2030,Pmix_weights,more_burst_15_70_15,NI,L3_W3,0.04060542756407317,4474016.132947909
2030,Pmix_weights,more_burst_15_70_15,NL,L0_W0,0.23605446542121536,26009121.191555616
2030,Pmix_weights,more_burst_15_70_15,NL,L3_W3,0.032553528861740996,3586836.0967753544
2030,Pmix_weights,more_burst_15_70_15,NO,L0_W0,0.3513319192589687,38710703.69358531
2030,Pmix_weights,more_burst_15_70_15,NO,L3_W3,0.031021749792059662,3418060.5246168734
2030,Pmix_weights,more_burst_15_70_15,NP,L0_W0,0.49579936490859866,54628518.6581566
2030,Pmix_weights,more_burst_15_70_15,NP,L3_W3,0.03148346109877447,3468933.1285747294
2030,Pmix_weights,more_burst_15_70_15,NZ,L0_W0,0.3015393084764148,33224418.79752755
2030,Pmix_weights,more_burst_15_70_15,NZ,L3_W3,0.03008714775798697,3315083.5378155615
2030,Pmix_weights,more_burst_15_70_15,OM,L0_W0,0.2675989408297602,29484777.042254686
2030,Pmix_weights,more_burst_15_70_15,OM,L3_W3,0.02706048104034522,2981597.1903951797
2030,Pmix_weights,more_burst_15_70_15,PA,L0_W0,0.425248759827186,46855061.65353803
2030,Pmix_weights,more_burst_15_70_15,PA,L3_W3,0.030120879968292335,3318800.2442304385
2030,Pmix_weights,more_burst_15_70_15,PE,L0_W0,0.24385374136723303,26868466.56731196
2030,Pmix_weights,more_burst_15_70_15,PE,L3_W3,0.03035569346561406,3344672.632191225
2030,Pmix_weights,more_burst_15_70_15,PH,L0_W0,0.3048039153536778,33584122.03704054
2030,Pmix_weights,more_burst_15_70_15,PH,L3_W3,0.024488731345757853,2698234.834332512
2030,Pmix_weights,more_burst_15_70_15,PK,L0_W0,0.2858544851276758,31496222.422942765
2030,Pmix_weights,more_burst_15_70_15,PK,L3_W3,0.031788262924606785,3502517.0203826395
2030,Pmix_weights,more_burst_15_70_15,PL,L0_W0,0.3159022614385801,34806967.90794143
2030,Pmix_weights,more_burst_15_70_15,PL,L3_W3,0.028560329228648047,3146854.531445239
2030,Pmix_weights,more_burst_15_70_15,PS,L0_W0,0.4235400077990378,46666786.720856205
2030,Pmix_weights,more_burst_15_70_15,PS,L3_W3,0.0296617320027111,3268210.0761505873
2030,Pmix_weights,more_burst_15_70_15,PT,L0_W0,0.391098460848994,43092289.09481217
2030,Pmix_weights,more_burst_15_70_15,PT,L3_W3,0.03164311707462259,3486524.456988619
2030,Pmix_weights,more_burst_15_70_15,PY,L0_W0,0.3295979834809659,36315999.70605059
2030,Pmix_weights,more_burst_15_70_15,PY,L3_W3,0.04268681286463406,4703348.810184123
2030,Pmix_weights,more_burst_15_70_15,RO,L0_W0,0.33456774165790915,36863581.14021745
2030,Pmix_weights,more_burst_15_70_15,RO,L3_W3,0.02765302591358299,3046885.391539673
2030,Pmix_weights,more_burst_15_70_15,RU,L0_W0,0.3435250614552562,37850522.92818577
2030,Pmix_weights,more_burst_15_70_15,RU,L3_W3,0.04792095869915677,5280061.193495564
2030,Pmix_weights,more_burst_15_70_15,RW,L0_W0,0.36755280422944664,40497964.791479066
2030,Pmix_weights,more_burst_15_70_15,RW,L3_W3,0.02410353538445487,2655792.898645552
2030,Pmix_weights,more_burst_15_70_15,SA,L0_W0,0.2805045864900246,30906756.081855267
2030,Pmix_weights,more_burst_15_70_15,SA,L3_W3,0.024947117993537698,2748741.118352274
2030,Pmix_weights,more_burst_15_70_15,SE,L0_W0,0.35102653795217503,38677055.9529935
2030,Pmix_weights,more_burst_15_70_15,SE,L3_W3,0.03418435260670931,3766524.679871039
2030,Pmix_weights,more_burst_15_70_15,SK,L0_W0,0.4044379938188136,44562075.0149035
2030,Pmix_weights,more_burst_15_70_15,SK,L3_W3,0.03152961257970428,3474018.223908687
2030,Pmix_weights,more_burst_15_70_15,SN,L0_W0,0.28281667927987447,31161508.735951524
2030,Pmix_weights,more_burst_15_70_15,SN,L3_W3,0.030199103093532683,3327419.0803144244
2030,Pmix_weights,more_burst_15_70_15,SR,L0_W0,0.28731855859418637,31657538.008122932
2030,Pmix_weights,more_burst_15_70_15,SR,L3_W3,0.047811552570475424,5268006.529522593
2030,Pmix_weights,more_burst_15_70_15,SV,L0_W0,0.4438509855772607,48904705.33684234
2030,Pmix_weights,more_burst_15_70_15,SV,L3_W3,0.03044563144519669,3354582.2426979113
2030,Pmix_weights,more_burst_15_70_15,TH,L0_W0,0.35858251709687206,39509594.22734732
2030,Pmix_weights,more_burst_15_70_15,TH,L3_W3,0.023420367599153412,2580519.6192760384
2030,Pmix_weights,more_burst_15_70_15,TN,L0_W0,0.30565965677355394,33678409.94749577
2030,Pmix_weights,more_burst_15_70_15,TN,L3_W3,0.027560283188616006,3036666.7465799293
2030,Pmix_weights,more_burst_15_70_15,TR,L0_W0,0.3736563557971761,41170470.65634679
2030,Pmix_weights,more_burst_15_70_15,TR,L3_W3,0.02941895918815548,3241460.7090309067
2030,Pmix_weights,more_burst_15_70_15,TW,L0_W0,0.4935868136447539,54384733.75935717
2030,Pmix_weights,more_burst_15_70_15,TW,L3_W3,0.023488545284737483,2588031.6215749644
2030,Pmix_weights,more_burst_15_70_15,UA,L0_W0,0.3640747828278351,40114746.96088255
2030,Pmix_weights,more_burst_15_70_15,UA,L3_W3,0.03772837461200003,4157014.635977846
2030,Pmix_weights,more_burst_15_70_15,UG,L0_W0,0.3822032013412844,42112185.277866684
2030,Pmix_weights,more_burst_15_70_15,UG,L3_W3,0.030763013793252796,3389552.29056344
2030,Pmix_weights,more_burst_15_70_15,US,L0_W0,0.17903476601028603,19726536.070199776
2030,Pmix_weights,more_burst_15_70_15,US,L3_W3,0.02773230985218162,3055621.110916453
2030,Pmix_weights,more_burst_15_70_15,UY,L0_W0,0.2887110004769158,31810961.031133674
2030,Pmix_weights,more_burst_15_70_15,UY,L3_W3,0.03604704894857808,3971761.614543227
2030,Pmix_weights,more_burst_15_70_15,UZ,L0_W0,0.39901272439143554,43964304.11579456
2030,Pmix_weights,more_burst_15_70_15,UZ,L3_W3,0.04091824187932186,4508482.862569985
2030,Pmix_weights,more_burst_15_70_15,VN,L0_W0,0.3513028774513687,38707503.78846112
2030,Pmix_weights,more_burst_15_70_15,VN,L3_W3,0.029482602416768876,3248473.092563131
2030,Pmix_weights,more_burst_15_70_15,ZA,L0_W0,0.23806287470310242,26230413.173139755
2030,Pmix_weights,more_burst_15_70_15,ZA,L3_W3,0.027703793365493952,3052479.087075076
2030,Pmix_weights,more_burst_15_70_15,ZM,L0_W0,0.32742266334891945,36076317.03432536
2030,Pmix_weights,more_burst_15_70_15,ZM,L3_W3,0.02406886057370849,2651972.333957705
2030,lambda_inf_band,lambda_inf_low,AE,L0_W0,0.33537767869950286,36952822.20004977
2030,lambda_inf_band,lambda_inf_low,AE,L3_W3,0.04278033049398137,4713652.836210069
2030,lambda_inf_band,lambda_inf_low,AF,L0_W0,0.33771673104718936,37210545.33134413
2030,lambda_inf_band,lambda_inf_low,AF,L3_W3,0.06824301820361924,7519200.824132964
2030,lambda_inf_band,lambda_inf_low,AR,L0_W0,0.2667669359122359,29393104.484003153
2030,lambda_inf_band,lambda_inf_low,AR,L3_W3,0.042165650396983834,4645925.716079898
2030,lambda_inf_band,lambda_inf_low,AT,L0_W0,0.32510142662636005,35820556.87692437
2030,lambda_inf_band,lambda_inf_low,AT,L3_W3,0.04500870194083425,4959180.845678472
2030,lambda_inf_band,lambda_inf_low,AU,L0_W0,0.23797374700756632,26220592.841926843
2030,lambda_inf_band,lambda_inf_low,AU,L3_W3,0.04715610993535755,5195788.082392292
2030,lambda_inf_band,lambda_inf_low,BD,L0_W0,0.37280100754327933,41076226.06598546
2030,lambda_inf_band,lambda_inf_low,BD,L3_W3,0.051257487370380536,5647688.971322636
2030,lambda_inf_band,lambda_inf_low,BE,L0_W0,0.23398685128001015,25781305.858005274
2030,lambda_inf_band,lambda_inf_low,BE,L3_W3,0.046527894587933064,5126569.611661807
2030,lambda_inf_band,lambda_inf_low,BF,L0_W0,0.34264686207291684,37753760.53851923
2030,lambda_inf_band,lambda_inf_low,BF,L3_W3,0.05721436743479582,6304034.172174804
2030,lambda_inf_band,lambda_inf_low,BG,L0_W0,0.31891598889871153,35139028.57287743
2030,lambda_inf_band,lambda_inf_low,BG,L3_W3,0.04338106536994264,4779843.434066333
2030,lambda_inf_band,lambda_inf_low,BH,L0_W0,0.35415980865134883,39022288.21621438
2030,lambda_inf_band,lambda_inf_low,BH,L3_W3,0.05312047026808235,5852957.479493662
2030,lambda_inf_band,lambda_inf_low,BI,L0_W0,0.3902816666527576,43002292.49508437
2030,lambda_inf_band,lambda_inf_low,BI,L3_W3,0.05328210349996857,5870766.667340247
2030,lambda_inf_band,lambda_inf_low,BO,L0_W0,0.3878024817602176,42729129.17995162
2030,lambda_inf_band,lambda_inf_low,BO,L3_W3,0.05063544645521918,5579150.81628427
2030,lambda_inf_band,lambda_inf_low,BR,L0_W0,0.19696516315731394,21702155.855987817
2030,lambda_inf_band,lambda_inf_low,BR,L3_W3,0.04071269561943049,4485835.218203478
2030,lambda_inf_band,lambda_inf_low,BY,L0_W0,0.3253753760964952,35850741.372508444
2030,lambda_inf_band,lambda_inf_low,BY,L3_W3,0.08020281439768508,8836963.604357019
2030,lambda_inf_band,lambda_inf_low,CA,L0_W0,0.19717457986261347,21725229.956526235
2030,lambda_inf_band,lambda_inf_low,CA,L3_W3,0.0423301524993693,4664051.003858609
2030,lambda_inf_band,lambda_inf_low,CH,L0_W0,0.39759230026291886,43807797.93305375
2030,lambda_inf_band,lambda_inf_low,CH,L3_W3,0.05164546002396807,5690436.850496035
2030,lambda_inf_band,lambda_inf_low,CL,L0_W0,0.3091002747766964,34057506.570209086
2030,lambda_inf_band,lambda_inf_low,CL,L3_W3,0.04537901324248682,4999982.749197213
2030,lambda_inf_band,lambda_inf_low,CN,L0_W0,0.15153340685659208,16696361.733592471
2030,lambda_inf_band,lambda_inf_low,CN,L3_W3,0.03949246387922877,4351386.775738906
2030,lambda_inf_band,lambda_inf_low,CO,L0_W0,0.3939802545963039,43409812.94545868
2030,lambda_inf_band,lambda_inf_low,CO,L3_W3,0.03899508324195712,4296584.0282033
2030,lambda_inf_band,lambda_inf_low,CR,L0_W0,0.38259382340121595,42155225.07581639
2030,lambda_inf_band,lambda_inf_low,CR,L3_W3,0.035665875034501256,3929762.838927637
2030,lambda_inf_band,lambda_inf_low,CU,L0_W0,0.28918013886108124,31862651.970627647
2030,lambda_inf_band,lambda_inf_low,CU,L3_W3,0.04652971714948188,5126770.426436134
2030,lambda_inf_band,lambda_inf_low,CV,L0_W0,0.27625940150216516,30439010.086740177
2030,lambda_inf_band,lambda_inf_low,CV,L3_W3,0.04953160576199482,5457526.65503397
2030,lambda_inf_band,lambda_inf_low,CZ,L0_W0,0.32473753877892036,35780462.72701154
2030,lambda_inf_band,lambda_inf_low,CZ,L3_W3,0.04281958758033935,4717978.288452162
2030,lambda_inf_band,lambda_inf_low,DE,L0_W0,0.22109236724494916,24360556.63654048
2030,lambda_inf_band,lambda_inf_low,DE,L3_W3,0.05447886541109829,6002629.140386321
2030,lambda_inf_band,lambda_inf_low,DK,L0_W0,0.24193366826911686,26656907.70602782
2030,lambda_inf_band,lambda_inf_low,DK,L3_W3,0.04715974223802811,5196188.29935152
2030,lambda_inf_band,lambda_inf_low,DO,L0_W0,0.33147659209062263,36522989.89754252
2030,lambda_inf_band,lambda_inf_low,DO,L3_W3,0.030959676091858547,3411221.0759817525
2030,lambda_inf_band,lambda_inf_low,DZ,L0_W0,0.3496722720593735,38527839.2640882
2030,lambda_inf_band,lambda_inf_low,DZ,L3_W3,0.045238891830100894,4984543.791964294
2030,lambda_inf_band,lambda_inf_low,EC,L0_W0,0.49146523167981193,54150972.1046241
2030,lambda_inf_band,lambda_inf_low,EC,L3_W3,0.046846782596608516,5161705.5572978025
2030,lambda_inf_band,lambda_inf_low,EE,L0_W0,0.29552312996896835,32561539.933401883
2030,lambda_inf_band,lambda_inf_low,EE,L3_W3,0.04701609087473583,5180360.402554337
2030,lambda_inf_band,lambda_inf_low,EG,L0_W0,0.26481652341420275,29178202.745354198
2030,lambda_inf_band,lambda_inf_low,EG,L3_W3,0.04430257925441314,4881378.333048762
2030,lambda_inf_band,lambda_inf_low,ES,L0_W0,0.2586134664071888,28494733.1013224
2030,lambda_inf_band,lambda_inf_low,ES,L3_W3,0.057311758301922255,6314764.962043668
2030,lambda_inf_band,lambda_inf_low,ET,L0_W0,0.28046290068244084,30902163.026521716
2030,lambda_inf_band,lambda_inf_low,ET,L3_W3,0.04664198067638171,5139139.9262942225
2030,lambda_inf_band,lambda_inf_low,FI,L0_W0,0.311497226123316,34321609.17023086
2030,lambda_inf_band,lambda_inf_low,FI,L3_W3,0.05178744684622409,5706081.343647526
2030,lambda_inf_band,lambda_inf_low,FJ,L0_W0,0.3344070349974948,36845874.04452855
2030,lambda_inf_band,lambda_inf_low,FJ,L3_W3,0.05085482592150425,5603322.640847577
2030,lambda_inf_band,lambda_inf_low,FR,L0_W0,0.23269064712511123,25638486.568848398
2030,lambda_inf_band,lambda_inf_low,FR,L3_W3,0.04866078869452253,5361577.668840692
2030,lambda_inf_band,lambda_inf_low,GB,L0_W0,0.22973561607813645,25312893.233901605
2030,lambda_inf_band,lambda_inf_low,GB,L3_W3,0.044070942992229974,4855856.021472362
2030,lambda_inf_band,lambda_inf_low,GF,L0_W0,0.31300343336217645,34487567.16871742
2030,lambda_inf_band,lambda_inf_low,GF,L3_W3,0.08291296945861255,9135575.839045273
2030,lambda_inf_band,lambda_inf_low,GH,L0_W0,0.28424787424161535,31319201.67830802
2030,lambda_inf_band,lambda_inf_low,GH,L3_W3,0.03929947064806574,4330122.258122127
2030,lambda_inf_band,lambda_inf_low,GR,L0_W0,0.39834007966778945,43890190.295897305
2030,lambda_inf_band,lambda_inf_low,GR,L3_W3,0.046066136961105245,5075691.904028277
2030,lambda_inf_band,lambda_inf_low,GT,L0_W0,0.38178416889473515,42066015.146469064
2030,lambda_inf_band,lambda_inf_low,GT,L3_W3,0.034585756490842647,3810752.44845214
2030,lambda_inf_band,lambda_inf_low,HN,L0_W0,0.3438223950389644,37883283.9488222
2030,lambda_inf_band,lambda_inf_low,HN,L3_W3,0.03731685972621135,4111672.8098128205
2030,lambda_inf_band,lambda_inf_low,HU,L0_W0,0.34872544255706267,38423515.02167491
2030,lambda_inf_band,lambda_inf_low,HU,L3_W3,0.04440676930599222,4892858.275500345
2030,lambda_inf_band,lambda_inf_low,ID,L0_W0,0.4075766285362362,44907898.30020252
2030,lambda_inf_band,lambda_inf_low,ID,L3_W3,0.040442487588740646,4456062.964564458
2030,lambda_inf_band,lambda_inf_low,IE,L0_W0,0.30119792546866614,33186804.291886117
2030,lambda_inf_band,lambda_inf_low,IE,L3_W3,0.08415029095404512,9271907.277089445
2030,lambda_inf_band,lambda_inf_low,IL,L0_W0,0.43907194529856264,48378137.717940554
2030,lambda_inf_band,lambda_inf_low,IL,L3_W3,0.05093412824311372,5612060.385714348
2030,lambda_inf_band,lambda_inf_low,IN,L0_W0,0.2536474586779658,27947564.901656758
2030,lambda_inf_band,lambda_inf_low,IN,L3_W3,0.046240999445325094,5094958.7267753715
2030,lambda_inf_band,lambda_inf_low,IR,L0_W0,0.44326047991345846,48839641.82132388
2030,lambda_inf_band,lambda_inf_low,IR,L3_W3,0.18785319103438783,20698174.0553624
2030,lambda_inf_band,lambda_inf_low,IT,L0_W0,0.3977182970425188,43821680.5999396
2030,lambda_inf_band,lambda_inf_low,IT,L3_W3,0.05166567326777155,5692664.000517625
2030,lambda_inf_band,lambda_inf_low,JM,L0_W0,0.4380583642463578,48266458.60872641
2030,lambda_inf_band,lambda_inf_low,JM,L3_W3,0.03784203066602214,4169537.5682508713
2030,lambda_inf_band,lambda_inf_low,JO,L0_W0,0.280049133215838,30856573.004893474
2030,lambda_inf_band,lambda_inf_low,JO,L3_W3,0.05605865650795048,6176694.8079094915
2030,lambda_inf_band,lambda_inf_low,JP,L0_W0,0.39828894913356033,43884556.594967395
2030,lambda_inf_band,lambda_inf_low,JP,L3_W3,0.04143987153007461,4565957.43217547
2030,lambda_inf_band,lambda_inf_low,KE,L0_W0,0.30321182145518705,33408700.81346703
2030,lambda_inf_band,lambda_inf_low,KE,L3_W3,0.050298523252551575,5542027.704061877
2030,lambda_inf_band,lambda_inf_low,KH,L0_W0,0.33954698711903114,37412207.90908512
2030,lambda_inf_band,lambda_inf_low,KH,L3_W3,0.039197897103727196,4318930.609534403
2030,lambda_inf_band,lambda_inf_low,KR,L0_W0,0.4082300030205067,44979888.87286352
2030,lambda_inf_band,lambda_inf_low,KR,L3_W3,0.043013253174775945,4739316.888877906
2030,lambda_inf_band,lambda_inf_low,KW,L0_W0,0.30007824449761067,33063434.805864766
2030,lambda_inf_band,lambda_inf_low,KW,L3_W3,0.041273983866273,4547679.479482216
2030,lambda_inf_band,lambda_inf_low,KZ,L0_W0,0.4342845857133869,47850653.455288686
2030,lambda_inf_band,lambda_inf_low,KZ,L3_W3,0.07587090416907075,8359661.987012382
2030,lambda_inf_band,lambda_inf_low,LC,L0_W0,0.2179782523562206,24017435.012465965
2030,lambda_inf_band,lambda_inf_low,LC,L3_W3,0.04191995272442166,4618854.080172694
2030,lambda_inf_band,lambda_inf_low,LK,L0_W0,0.2826273070565537,31140643.190799158
2030,lambda_inf_band,lambda_inf_low,LK,L3_W3,0.041198224890363226,4539332.150054368
2030,lambda_inf_band,lambda_inf_low,LY,L0_W0,0.23859760764096383,26289331.49845564
2030,lambda_inf_band,lambda_inf_low,LY,L3_W3,0.04631631356036999,5103257.040226643
2030,lambda_inf_band,lambda_inf_low,MA,L0_W0,0.35817784907010375,39465006.806678176
2030,lambda_inf_band,lambda_inf_low,MA,L3_W3,0.04778442228263883,5265017.240830068
2030,lambda_inf_band,lambda_inf_low,MG,L0_W0,0.3538588063318906,38989122.96432322
2030,lambda_inf_band,lambda_inf_low,MG,L3_W3,0.055948097370080815,6164513.102257133
2030,lambda_inf_band,lambda_inf_low,MM,L0_W0,0.33985170992280117,37445783.09402789
2030,lambda_inf_band,lambda_inf_low,MM,L3_W3,0.04451138439457496,4904385.049681712
2030,lambda_inf_band,lambda_inf_low,MN,L0_W0,0.2868519260223834,31606123.165830947
2030,lambda_inf_band,lambda_inf_low,MN,L3_W3,0.044950818080024414,4952803.044910535
2030,lambda_inf_band,lambda_inf_low,MR,L0_W0,0.2645861324979912,29152817.649374392
2030,lambda_inf_band,lambda_inf_low,MR,L3_W3,0.05970812979208268,6578803.671908165
2030,lambda_inf_band,lambda_inf_low,MU,L0_W0,0.28322637380196075,31206649.98950691
2030,lambda_inf_band,lambda_inf_low,MU,L3_W3,0.048444979958579076,5337799.277030421
2030,lambda_inf_band,lambda_inf_low,MX,L0_W0,0.24276234337896538,26748213.377039026
2030,lambda_inf_band,lambda_inf_low,MX,L3_W3,0.02580825059879688,2843623.044234169
2030,lambda_inf_band,lambda_inf_low,MY,L0_W0,0.3686360790158298,40617322.94533784
2030,lambda_inf_band,lambda_inf_low,MY,L3_W3,0.06657392813124287,7335295.953303277
2030,lambda_inf_band,lambda_inf_low,NE,L0_W0,0.39057799254580466,43034942.48563085
2030,lambda_inf_band,lambda_inf_low,NE,L3_W3,0.06232849197014516,6867522.283239593
2030,lambda_inf_band,lambda_inf_low,NG,L0_W0,0.27801004633067833,30631900.881781567
2030,lambda_inf_band,lambda_inf_low,NG,L3_W3,0.04389272172095424,4836219.118458252
2030,lambda_inf_band,lambda_inf_low,NI,L0_W0,0.3072443357475567,33853014.17457956
2030,lambda_inf_band,lambda_inf_low,NI,L3_W3,0.05845848551375383,6441114.476224481
2030,lambda_inf_band,lambda_inf_low,NL,L0_W0,0.21031389126592923,23172954.92140934
2030,lambda_inf_band,lambda_inf_low,NL,L3_W3,0.050936375811157855,5612308.028856968
2030,lambda_inf_band,lambda_inf_low,NO,L0_W0,0.3480875265750997,38353227.70872237
2030,lambda_inf_band,lambda_inf_low,NO,L3_W3,0.050314906547836,5543832.859968625
2030,lambda_inf_band,lambda_inf_low,NP,L0_W0,0.49811949379038384,54884156.750656575
2030,lambda_inf_band,lambda_inf_low,NP,L3_W3,0.05150400239056784,5674850.6648078635
2030,lambda_inf_band,lambda_inf_low,NZ,L0_W0,0.2777933500126367,30608024.69376855
2030,lambda_inf_band,lambda_inf_low,NZ,L3_W3,0.04546263581800523,5009196.511356413
2030,lambda_inf_band,lambda_inf_low,OM,L0_W0,0.26246654774072337,28919276.05239938
2030,lambda_inf_band,lambda_inf_low,OM,L3_W3,0.04342324190932572,4784490.559560432
2030,lambda_inf_band,lambda_inf_low,PA,L0_W0,0.41856222316384334,46118320.909751065
2030,lambda_inf_band,lambda_inf_low,PA,L3_W3,0.033444948647981775,3685055.1463981424
2030,lambda_inf_band,lambda_inf_low,PE,L0_W0,0.23297526317988523,25669846.337656293
2030,lambda_inf_band,lambda_inf_low,PE,L3_W3,0.03326206448523172,3664904.473355399
2030,lambda_inf_band,lambda_inf_low,PH,L0_W0,0.2867822499867521,31598446.071260218
2030,lambda_inf_band,lambda_inf_low,PH,L3_W3,0.03873426411671135,4267846.269629286
2030,lambda_inf_band,lambda_inf_low,PK,L0_W0,0.27382848230758483,30171164.817107607
2030,lambda_inf_band,lambda_inf_low,PK,L3_W3,0.05374830443646066,5922133.950883063
2030,lambda_inf_band,lambda_inf_low,PL,L0_W0,0.2923407627997784,32210898.087962553
2030,lambda_inf_band,lambda_inf_low,PL,L3_W3,0.04491304549888817,4948641.159479827
2030,lambda_inf_band,lambda_inf_low,PS,L0_W0,0.4297526727051755,47351314.98927055
2030,lambda_inf_band,lambda_inf_low,PS,L3_W3,0.05269285920901047,5805842.133302671
2030,lambda_inf_band,lambda_inf_low,PT,L0_W0,0.36220983484888286,39909261.934729956
2030,lambda_inf_band,lambda_inf_low,PT,L3_W3,0.04718936807881299,5199452.554835951
2030,lambda_inf_band,lambda_inf_low,PY,L0_W0,0.3087120563582091,34014731.6119925
2030,lambda_inf_band,lambda_inf_low,PY,L3_W3,0.05335720471287854,5879041.52265689
2030,lambda_inf_band,lambda_inf_low,RO,L0_W0,0.3167987875129584,34905749.582239725
2030,lambda_inf_band,lambda_inf_low,RO,L3_W3,0.0427648071715504,4711942.434444603
2030,lambda_inf_band,lambda_inf_low,RU,L0_W0,0.34962936732224653,38523111.90379177
2030,lambda_inf_band,lambda_inf_low,RU,L3_W3,0.08703358854613867,9589596.82543273
2030,lambda_inf_band,lambda_inf_low,RW,L0_W0,0.3670585884118097,40443510.752353966
2030,lambda_inf_band,lambda_inf_low,RW,L3_W3,0.0388087562032832,4276054.009754015
2030,lambda_inf_band,lambda_inf_low,SA,L0_W0,0.2691407896796643,29654662.130107854
2030,lambda_inf_band,lambda_inf_low,SA,L3_W3,0.03946039448834721,4347853.283277794
2030,lambda_inf_band,lambda_inf_low,SE,L0_W0,0.340252629590261,37489957.510302685
2030,lambda_inf_band,lambda_inf_low,SE,L3_W3,0.056380363969036285,6212141.408458555
2030,lambda_inf_band,lambda_inf_low,SK,L0_W0,0.3932763108990856,43332250.51976887
2030,lambda_inf_band,lambda_inf_low,SK,L3_W3,0.05123084551131294,5644753.499036523
2030,lambda_inf_band,lambda_inf_low,SN,L0_W0,0.28074093902918784,30932798.045620117
2030,lambda_inf_band,lambda_inf_low,SN,L3_W3,0.05044981543904307,5558697.487481441
2030,lambda_inf_band,lambda_inf_low,SR,L0_W0,0.2775436381497589,30580510.763485692
2030,lambda_inf_band,lambda_inf_low,SR,L3_W3,0.0688968569863368,7591242.554456068
2030,lambda_inf_band,lambda_inf_low,SV,L0_W0,0.41309068473254384,45515451.96630623
2030,lambda_inf_band,lambda_inf_low,SV,L3_W3,0.03517176852630386,3875320.843813032
2030,lambda_inf_band,lambda_inf_low,TH,L0_W0,0.3384227440969197,37288335.76390592
2030,lambda_inf_band,lambda_inf_low,TH,L3_W3,0.036833487617727735,4058413.559970905
2030,lambda_inf_band,lambda_inf_low,TN,L0_W0,0.2998278341197637,33035843.91130819
2030,lambda_inf_band,lambda_inf_low,TN,L3_W3,0.04926007248749513,5427608.382437855
2030,lambda_inf_band,lambda_inf_low,TR,L0_W0,0.3664769234934081,40379421.33414029
2030,lambda_inf_band,lambda_inf_low,TR,L3_W3,0.04685336345314502,5162430.653918603
2030,lambda_inf_band,lambda_inf_low,TW,L0_W0,0.4933364357141817,54357146.43992933
2030,lambda_inf_band,lambda_inf_low,TW,L3_W3,0.03898832175543145,4295839.029280414
2030,lambda_inf_band,lambda_inf_low,UA,L0_W0,0.3507168440870158,38642933.0430251
2030,lambda_inf_band,lambda_inf_low,UA,L3_W3,0.06362117581561445,7009953.695156257
2030,lambda_inf_band,lambda_inf_low,UG,L0_W0,0.38491453126583586,42410926.96221531
2030,lambda_inf_band,lambda_inf_low,UG,L3_W3,0.04892408506731122,5390588.377267403
2030,lambda_inf_band,lambda_inf_low,US,L0_W0,0.15850540477863806,17464555.373048488
2030,lambda_inf_band,lambda_inf_low,US,L3_W3,0.032724338244061485,3605656.337762963
2030,lambda_inf_band,lambda_inf_low,UY,L0_W0,0.2620914595977209,28877947.823545676
2030,lambda_inf_band,lambda_inf_low,UY,L3_W3,0.040942097908609476,4511111.3845756315
2030,lambda_inf_band,lambda_inf_low,UZ,L0_W0,0.3910961179100169,43092030.943441495
2030,lambda_inf_band,lambda_inf_low,UZ,L3_W3,0.07065912724850316,7785414.271306125
2030,lambda_inf_band,lambda_inf_low,VN,L0_W0,0.3353271892804823,36947259.13893227
2030,lambda_inf_band,lambda_inf_low,VN,L3_W3,0.04797323222078384,5285820.831876824
2030,lambda_inf_band,lambda_inf_low,ZA,L0_W0,0.23760414369077293,26179868.946099974
2030,lambda_inf_band,lambda_inf_low,ZA,L3_W3,0.043132924488355956,4752502.598762705
2030,lambda_inf_band,lambda_inf_low,ZM,L0_W0,0.2959585619604299,32609517.011134326
2030,lambda_inf_band,lambda_inf_low,ZM,L3_W3,0.037978806000970027,4184607.845596938
2030,lambda_inf_band,lambda_inf_mid,AE,L0_W0,0.33812589669976423,37255628.31262243
2030,lambda_inf_band,lambda_inf_mid,AE,L3_W3,0.043975500436565056,4845339.901844244
2030,lambda_inf_band,lambda_inf_mid,AF,L0_W0,0.3416885768094967,37648174.06927833
2030,lambda_inf_band,lambda_inf_mid,AF,L3_W3,0.07056855233610927,7775434.4818148995
2030,lambda_inf_band,lambda_inf_mid,AR,L0_W0,0.27054316753934066,29809179.92600547
2030,lambda_inf_band,lambda_inf_mid,AR,L3_W3,0.04447059194518908,4899890.426977225
2030,lambda_inf_band,lambda_inf_mid,AT,L0_W0,0.32842672777512094,36186947.57587689
2030,lambda_inf_band,lambda_inf_mid,AT,L3_W3,0.04670658974163003,5146258.72832628
2030,lambda_inf_band,lambda_inf_mid,AU,L0_W0,0.24195208893938733,26658937.34543599
2030,lambda_inf_band,lambda_inf_mid,AU,L3_W3,0.04883760776364744,5381060.073418982
2030,lambda_inf_band,lambda_inf_mid,BD,L0_W0,0.37578519383280823,41405031.80462734
2030,lambda_inf_band,lambda_inf_mid,BD,L3_W3,0.052777355651036834,5815152.180443688
2030,lambda_inf_band,lambda_inf_mid,BE,L0_W0,0.23743605542258792,26161348.524847608
2030,lambda_inf_band,lambda_inf_mid,BE,L3_W3,0.048434536855293774,5336648.627588232
2030,lambda_inf_band,lambda_inf_mid,BF,L0_W0,0.3476540721298491,38305468.52239465
2030,lambda_inf_band,lambda_inf_mid,BF,L3_W3,0.06071464762542296,6689704.536512003
2030,lambda_inf_band,lambda_inf_mid,BG,L0_W0,0.32218703575410873,35499441.38664679
2030,lambda_inf_band,lambda_inf_mid,BG,L3_W3,0.04473041040697508,4928517.929737392
2030,lambda_inf_band,lambda_inf_mid,BH,L0_W0,0.35759527468223523,39400817.18065213
2030,lambda_inf_band,lambda_inf_mid,BH,L3_W3,0.05510703426631784,6071842.488479577
2030,lambda_inf_band,lambda_inf_mid,BI,L0_W0,0.39455373877851574,43473000.98797239
2030,lambda_inf_band,lambda_inf_mid,BI,L3_W3,0.05656460721075394,6232441.828507838
2030,lambda_inf_band,lambda_inf_mid,BO,L0_W0,0.39144182814431955,43130122.23464031
2030,lambda_inf_band,lambda_inf_mid,BO,L3_W3,0.05390984429103489,5939932.8501641685
2030,lambda_inf_band,lambda_inf_mid,BR,L0_W0,0.20027341962625303,22066668.525891546
2030,lambda_inf_band,lambda_inf_mid,BR,L3_W3,0.04275093468369032,4710413.926109303
2030,lambda_inf_band,lambda_inf_mid,BY,L0_W0,0.32889392775361875,36238424.93657735
2030,lambda_inf_band,lambda_inf_mid,BY,L3_W3,0.0827355403994951,9116026.224115282
2030,lambda_inf_band,lambda_inf_mid,CA,L0_W0,0.20059903958385525,22102546.215917673
2030,lambda_inf_band,lambda_inf_mid,CA,L3_W3,0.045190852259906066,4979250.661834526
2030,lambda_inf_band,lambda_inf_mid,CH,L0_W0,0.39980767046064447,44051893.42963327
2030,lambda_inf_band,lambda_inf_mid,CH,L3_W3,0.05382998313201837,5931133.531076294
2030,lambda_inf_band,lambda_inf_mid,CL,L0_W0,0.31296716694305404,34483571.23630218
2030,lambda_inf_band,lambda_inf_mid,CL,L3_W3,0.04815332370866155,5305663.800428259
2030,lambda_inf_band,lambda_inf_mid,CN,L0_W0,0.15456603539521876,17030504.97061773
2030,lambda_inf_band,lambda_inf_mid,CN,L3_W3,0.04071632266707507,4486234.856149691
2030,lambda_inf_band,lambda_inf_mid,CO,L0_W0,0.3977731428831699,43827723.66340718
2030,lambda_inf_band,lambda_inf_mid,CO,L3_W3,0.04206055974015473,4634346.542499381
2030,lambda_inf_band,lambda_inf_mid,CR,L0_W0,0.38523822970764593,42446592.93442022
2030,lambda_inf_band,lambda_inf_mid,CR,L3_W3,0.03754525885275878,4136838.4450056027
2030,lambda_inf_band,lambda_inf_mid,CU,L0_W0,0.29272308173218126,32253023.024802655
2030,lambda_inf_band,lambda_inf_mid,CU,L3_W3,0.049107917519595,5410843.535422781
2030,lambda_inf_band,lambda_inf_mid,CV,L0_W0,0.2809833739068373,30959510.17793498
2030,lambda_inf_band,lambda_inf_mid,CV,L3_W3,0.05292241831735654,5831135.578435956
2030,lambda_inf_band,lambda_inf_mid,CZ,L0_W0,0.3279014199288988,36129067.73271914
2030,lambda_inf_band,lambda_inf_mid,CZ,L3_W3,0.04460592548765695,4914801.843717631
2030,lambda_inf_band,lambda_inf_mid,DE,L0_W0,0.22465768747929304,24753393.289286222
2030,lambda_inf_band,lambda_inf_mid,DE,L3_W3,0.05595008162810199,6164731.733187314
2030,lambda_inf_band,lambda_inf_mid,DK,L0_W0,0.24540071860138907,27038916.71445044
2030,lambda_inf_band,lambda_inf_mid,DK,L3_W3,0.04965378495547052,5470988.68992717
2030,lambda_inf_band,lambda_inf_mid,DO,L0_W0,0.3342091423452626,36824069.69541089
2030,lambda_inf_band,lambda_inf_mid,DO,L3_W3,0.032548293127501855,3586259.2093773144
2030,lambda_inf_band,lambda_inf_mid,DZ,L0_W0,0.3539816672473997,39002660.11319892
2030,lambda_inf_band,lambda_inf_mid,DZ,L3_W3,0.048881129817819696,5385855.4513816545
2030,lambda_inf_band,lambda_inf_mid,EC,L0_W0,0.49546224796993393,54591374.19957663
2030,lambda_inf_band,lambda_inf_mid,EC,L3_W3,0.050373027203162495,5550236.751398606
2030,lambda_inf_band,lambda_inf_mid,EE,L0_W0,0.299019485277766,32946777.843614638
2030,lambda_inf_band,lambda_inf_mid,EE,L3_W3,0.048686050268545306,5364361.057577166
2030,lambda_inf_band,lambda_inf_mid,EG,L0_W0,0.26942218251368055,29685666.755711116
2030,lambda_inf_band,lambda_inf_mid,EG,L3_W3,0.04654563301957123,5128524.080167209
2030,lambda_inf_band,lambda_inf_mid,ES,L0_W0,0.2625923550139555,28933137.838959683
2030,lambda_inf_band,lambda_inf_mid,ES,L3_W3,0.05946923591700205,6552481.6968597155
2030,lambda_inf_band,lambda_inf_mid,ET,L0_W0,0.2855582955315813,31463587.449964162
2030,lambda_inf_band,lambda_inf_mid,ET,L3_W3,0.0503467802392979,5547344.789736934
2030,lambda_inf_band,lambda_inf_mid,FI,L0_W0,0.3158683149892367,34803227.59608832
2030,lambda_inf_band,lambda_inf_mid,FI,L3_W3,0.05392440253182325,5941536.916616902
2030,lambda_inf_band,lambda_inf_mid,FJ,L0_W0,0.3388298923467621,37333196.46227984
2030,lambda_inf_band,lambda_inf_mid,FJ,L3_W3,0.05331830122806095,5874755.031191503
2030,lambda_inf_band,lambda_inf_mid,FR,L0_W0,0.2363730769301572,26044226.671701074
2030,lambda_inf_band,lambda_inf_mid,FR,L3_W3,0.05095683411533426,5614562.180295063
2030,lambda_inf_band,lambda_inf_mid,GB,L0_W0,0.2330358194857091,25676518.595663678
2030,lambda_inf_band,lambda_inf_mid,GB,L3_W3,0.0465120792833596,5124827.03851201
2030,lambda_inf_band,lambda_inf_mid,GF,L0_W0,0.3171010102169995,34939049.29941397
2030,lambda_inf_band,lambda_inf_mid,GF,L3_W3,0.08586282110616485,9460598.49371691
2030,lambda_inf_band,lambda_inf_mid,GH,L0_W0,0.2880889871608715,31742425.917040873
2030,lambda_inf_band,lambda_inf_mid,GH,L3_W3,0.042925177576548665,4729612.480599823
2030,lambda_inf_band,lambda_inf_mid,GR,L0_W0,0.40199894758514004,44293334.2860627
2030,lambda_inf_band,lambda_inf_mid,GR,L3_W3,0.04842565314149931,5335669.795909286
2030,lambda_inf_band,lambda_inf_mid,GT,L0_W0,0.3855077726284161,42476291.904444486
2030,lambda_inf_band,lambda_inf_mid,GT,L3_W3,0.037235087115556946,4102662.8817995326
2030,lambda_inf_band,lambda_inf_mid,HN,L0_W0,0.3475727252429945,38296505.50178421
2030,lambda_inf_band,lambda_inf_mid,HN,L3_W3,0.03990798294481342,4397169.793293388
2030,lambda_inf_band,lambda_inf_mid,HU,L0_W0,0.35173601143671235,38755227.66564719
2030,lambda_inf_band,lambda_inf_mid,HU,L3_W3,0.046364442781771216,5108560.048369471
2030,lambda_inf_band,lambda_inf_mid,ID,L0_W0,0.40997039767729354,45171650.276185125
2030,lambda_inf_band,lambda_inf_mid,ID,L3_W3,0.04173323822970458,4598281.370765775
2030,lambda_inf_band,lambda_inf_mid,IE,L0_W0,0.3053276732188849,33641831.09908643
2030,lambda_inf_band,lambda_inf_mid,IE,L3_W3,0.08694177151380472,9579480.175797822
2030,lambda_inf_band,lambda_inf_mid,IL,L0_W0,0.4414251971146387,48637425.385171734
2030,lambda_inf_band,lambda_inf_mid,IL,L3_W3,0.052530894176030414,5787996.386711706
2030,lambda_inf_band,lambda_inf_mid,IN,L0_W0,0.2565960584066043,28272449.61650721
2030,lambda_inf_band,lambda_inf_mid,IN,L3_W3,0.04752637315581651,5236584.688194723
2030,lambda_inf_band,lambda_inf_mid,IR,L0_W0,0.44742190331382165,49298158.737563066
2030,lambda_inf_band,lambda_inf_mid,IR,L3_W3,0.1917256228671109,21124849.09691949
2030,lambda_inf_band,lambda_inf_mid,IT,L0_W0,0.4011081405057464,44195182.74614202
2030,lambda_inf_band,lambda_inf_mid,IT,L3_W3,0.05384188399921383,5932444.800899635
2030,lambda_inf_band,lambda_inf_mid,JM,L0_W0,0.4407159041701498,48559273.56491022
2030,lambda_inf_band,lambda_inf_mid,JM,L3_W3,0.040699320092747446,4484361.466398448
2030,lambda_inf_band,lambda_inf_mid,JO,L0_W0,0.2839166895106103,31282710.846456435
2030,lambda_inf_band,lambda_inf_mid,JO,L3_W3,0.05879648873656517,6478356.587995381
2030,lambda_inf_band,lambda_inf_mid,JP,L0_W0,0.4011754647976395,44202600.719209634
2030,lambda_inf_band,lambda_inf_mid,JP,L3_W3,0.04270313165770363,4705146.859061906
2030,lambda_inf_band,lambda_inf_mid,KE,L0_W0,0.3074801848540288,33879000.66876516
2030,lambda_inf_band,lambda_inf_mid,KE,L3_W3,0.05257067433562099,5792379.472581167
2030,lambda_inf_band,lambda_inf_mid,KH,L0_W0,0.3416967319793977,37649072.62801524
2030,lambda_inf_band,lambda_inf_mid,KH,L3_W3,0.039872452968673956,4393255.004163279
2030,lambda_inf_band,lambda_inf_mid,KR,L0_W0,0.410768481609622,45259585.328292385
2030,lambda_inf_band,lambda_inf_mid,KR,L3_W3,0.04418407111519728,4868320.784869993
2030,lambda_inf_band,lambda_inf_mid,KW,L0_W0,0.3036663515458071,33458782.171559755
2030,lambda_inf_band,lambda_inf_mid,KW,L3_W3,0.04295250911937579,4732623.944113019
2030,lambda_inf_band,lambda_inf_mid,KZ,L0_W0,0.43736760920815776,48190349.34525553
2030,lambda_inf_band,lambda_inf_mid,KZ,L3_W3,0.07772681426865935,8564151.195105515
2030,lambda_inf_band,lambda_inf_mid,LC,L0_W0,0.221741046502408,24432029.876377694
2030,lambda_inf_band,lambda_inf_mid,LC,L3_W3,0.044602098999243306,4914380.230846589
2030,lambda_inf_band,lambda_inf_mid,LK,L0_W0,0.2861470128488708,31528453.92061375
2030,lambda_inf_band,lambda_inf_mid,LK,L3_W3,0.0426812205470667,4702732.633467908
2030,lambda_inf_band,lambda_inf_mid,LY,L0_W0,0.24262663007490146,26733260.11713603
2030,lambda_inf_band,lambda_inf_mid,LY,L3_W3,0.04935040769849457,5437561.760979356
2030,lambda_inf_band,lambda_inf_mid,MA,L0_W0,0.36306893228511994,40003919.62016951
2030,lambda_inf_band,lambda_inf_mid,MA,L3_W3,0.05214172216031354,5745116.358566166
2030,lambda_inf_band,lambda_inf_mid,MG,L0_W0,0.3585951502946589,39510986.187341325
2030,lambda_inf_band,lambda_inf_mid,MG,L3_W3,0.05883400753560213,6482490.511026121
2030,lambda_inf_band,lambda_inf_mid,MM,L0_W0,0.34361901895829966,37860875.42068852
2030,lambda_inf_band,lambda_inf_mid,MM,L3_W3,0.04612066111152611,5081699.522793854
2030,lambda_inf_band,lambda_inf_mid,MN,L0_W0,0.2904783133995138,32005688.361986034
2030,lambda_inf_band,lambda_inf_mid,MN,L3_W3,0.046647901096410226,5139792.254229438
2030,lambda_inf_band,lambda_inf_mid,MR,L0_W0,0.2706603567524928,29822092.151333544
2030,lambda_inf_band,lambda_inf_mid,MR,L3_W3,0.06441761873569962,7097707.936084036
2030,lambda_inf_band,lambda_inf_mid,MU,L0_W0,0.2867992646422827,31600320.792151168
2030,lambda_inf_band,lambda_inf_mid,MU,L3_W3,0.05043566783609854,5557138.66622001
2030,lambda_inf_band,lambda_inf_mid,MX,L0_W0,0.24614311255322324,27120715.69347284
2030,lambda_inf_band,lambda_inf_mid,MX,L3_W3,0.026799137779523037,2952801.6811418748
2030,lambda_inf_band,lambda_inf_mid,MY,L0_W0,0.37158326058570196,40942051.4036093
2030,lambda_inf_band,lambda_inf_mid,MY,L3_W3,0.06861780737376275,7560496.111346237
2030,lambda_inf_band,lambda_inf_mid,NE,L0_W0,0.396225711432577,43657223.46946983
2030,lambda_inf_band,lambda_inf_mid,NE,L3_W3,0.06715171323868353,7398957.883423026
2030,lambda_inf_band,lambda_inf_mid,NG,L0_W0,0.28141125624043906,31006655.41388938
2030,lambda_inf_band,lambda_inf_mid,NG,L3_W3,0.04648723362812902,5122089.476836054
2030,lambda_inf_band,lambda_inf_mid,NI,L0_W0,0.31115485711022195,34283886.02384637
2030,lambda_inf_band,lambda_inf_mid,NI,L3_W3,0.06097062006244572,6717908.273833145
2030,lambda_inf_band,lambda_inf_mid,NL,L0_W0,0.21381600501744866,23558827.312458355
2030,lambda_inf_band,lambda_inf_mid,NL,L3_W3,0.05269393493008236,5805960.659167781
2030,lambda_inf_band,lambda_inf_mid,NO,L0_W0,0.3517308064022909,38754654.16083831
2030,lambda_inf_band,lambda_inf_mid,NO,L3_W3,0.05307175302342996,5847589.681354272
2030,lambda_inf_band,lambda_inf_mid,NP,L0_W0,0.5019120702012502,55302033.10526161
2030,lambda_inf_band,lambda_inf_mid,NP,L3_W3,0.054562275140164776,6011819.4505461985
2030,lambda_inf_band,lambda_inf_mid,NZ,L0_W0,0.28156949943617954,31024091.078359477
2030,lambda_inf_band,lambda_inf_mid,NZ,L3_W3,0.04754818113928371,5238987.550957475
2030,lambda_inf_band,lambda_inf_mid,OM,L0_W0,0.26626697138377436,29338017.036328606
2030,lambda_inf_band,lambda_inf_mid,OM,L3_W3,0.04558736289829735,5022939.279329043
2030,lambda_inf_band,lambda_inf_mid,PA,L0_W0,0.4208563209029797,46371090.820356235
2030,lambda_inf_band,lambda_inf_mid,PA,L3_W3,0.03658069858422252,4030560.5786828734
2030,lambda_inf_band,lambda_inf_mid,PE,L0_W0,0.2365479800309663,26063497.96969413
2030,lambda_inf_band,lambda_inf_mid,PE,L3_W3,0.03630319559586585,3999984.546823836
2030,lambda_inf_band,lambda_inf_mid,PH,L0_W0,0.2911038021789152,32074606.412057146
2030,lambda_inf_band,lambda_inf_mid,PH,L3_W3,0.039735551061980894,4378170.780799061
2030,lambda_inf_band,lambda_inf_mid,PK,L0_W0,0.2770514380780384,30526278.824712455
2030,lambda_inf_band,lambda_inf_mid,PK,L3_W3,0.055324065683133986,6095755.598584372
2030,lambda_inf_band,lambda_inf_mid,PL,L0_W0,0.2955765723647832,32567428.361511197
2030,lambda_inf_band,lambda_inf_mid,PL,L3_W3,0.046590958956850184,5133518.214862799
2030,lambda_inf_band,lambda_inf_mid,PS,L0_W0,0.4328773830749054,47695604.05217727
2030,lambda_inf_band,lambda_inf_mid,PS,L3_W3,0.05567581933662898,6134512.7700998485
2030,lambda_inf_band,lambda_inf_mid,PT,L0_W0,0.3656260779970841,40285672.86982001
2030,lambda_inf_band,lambda_inf_mid,PT,L3_W3,0.04970962077168011,5477140.831586653
2030,lambda_inf_band,lambda_inf_mid,PY,L0_W0,0.3130241139558499,34489845.81261516
2030,lambda_inf_band,lambda_inf_mid,PY,L3_W3,0.05611437107254253,6182833.589736913
2030,lambda_inf_band,lambda_inf_mid,RO,L0_W0,0.31992769363581125,35250500.94460461
2030,lambda_inf_band,lambda_inf_mid,RO,L3_W3,0.04415686698605561,4865323.360142213
2030,lambda_inf_band,lambda_inf_mid,RU,L0_W0,0.35323645544298143,38920550.65553665
2030,lambda_inf_band,lambda_inf_mid,RU,L3_W3,0.08978627931851563,9892895.760167453
2030,lambda_inf_band,lambda_inf_mid,RW,L0_W0,0.37118658975477353,40898345.13566659
2030,lambda_inf_band,lambda_inf_mid,RW,L3_W3,0.0419096567259864,4617719.639141838
2030,lambda_inf_band,lambda_inf_mid,SA,L0_W0,0.2728678294591017,30065317.480923444
2030,lambda_inf_band,lambda_inf_mid,SA,L3_W3,0.04154490444724455,4577530.243843747
2030,lambda_inf_band,lambda_inf_mid,SE,L0_W0,0.3437007150869303,37869876.92170501
2030,lambda_inf_band,lambda_inf_mid,SE,L3_W3,0.05856147166662775,6452461.769851696
2030,lambda_inf_band,lambda_inf_mid,SK,L0_W0,0.3963284637379124,43668544.99714105
2030,lambda_inf_band,lambda_inf_mid,SK,L3_W3,0.053060753594125626,5846377.7344025215
2030,lambda_inf_band,lambda_inf_mid,SN,L0_W0,0.2861362729038797,31527270.564347375
2030,lambda_inf_band,lambda_inf_mid,SN,L3_W3,0.05487389456621443,6046154.524035727
2030,lambda_inf_band,lambda_inf_mid,SR,L0_W0,0.28135096170051943,31000011.997959245
2030,lambda_inf_band,lambda_inf_mid,SR,L3_W3,0.07181017140607952,7912239.438276869
2030,lambda_inf_band,lambda_inf_mid,SV,L0_W0,0.4165088432924704,45892073.94665489
2030,lambda_inf_band,lambda_inf_mid,SV,L3_W3,0.03840375565510623,4231429.950974255
2030,lambda_inf_band,lambda_inf_mid,TH,L0_W0,0.34140290909298104,37616698.42552758
2030,lambda_inf_band,lambda_inf_mid,TH,L3_W3,0.03802458482820054,4189651.880935652
2030,lambda_inf_band,lambda_inf_mid,TN,L0_W0,0.30416110251474004,33513295.175106004
2030,lambda_inf_band,lambda_inf_mid,TN,L3_W3,0.05227279322083065,5759558.123485174
2030,lambda_inf_band,lambda_inf_mid,TR,L0_W0,0.3703027973445664,40800966.49102101
2030,lambda_inf_band,lambda_inf_mid,TR,L3_W3,0.05017954198906379,5528918.025767691
2030,lambda_inf_band,lambda_inf_mid,TW,L0_W0,0.49598495028271794,54648966.957993835
2030,lambda_inf_band,lambda_inf_mid,TW,L3_W3,0.04002069755888088,4409588.995158977
2030,lambda_inf_band,lambda_inf_mid,UA,L0_W0,0.3541748836311515,39023949.218373135
2030,lambda_inf_band,lambda_inf_mid,UA,L3_W3,0.0657007469680589,7239086.48463294
2030,lambda_inf_band,lambda_inf_mid,UG,L0_W0,0.38883327222019287,42842704.46838667
2030,lambda_inf_band,lambda_inf_mid,UG,L3_W3,0.05241247111633134,5774948.212824836
2030,lambda_inf_band,lambda_inf_mid,US,L0_W0,0.16195185670290166,17844294.793012816
2030,lambda_inf_band,lambda_inf_mid,US,L3_W3,0.03439889201438134,3790163.213649883
2030,lambda_inf_band,lambda_inf_mid,UY,L0_W0,0.26577746392264506,29284081.776692808
2030,lambda_inf_band,lambda_inf_mid,UY,L3_W3,0.04371067001970864,4816160.168281747
2030,lambda_inf_band,lambda_inf_mid,UZ,L0_W0,0.39478820171051326,43498834.74969501
2030,lambda_inf_band,lambda_inf_mid,UZ,L3_W3,0.07317967644109552,8063135.217200674
2030,lambda_inf_band,lambda_inf_mid,VN,L0_W0,0.33838313890278904,37283971.95620534
2030,lambda_inf_band,lambda_inf_mid,VN,L3_W3,0.05040970107331121,5554277.5778729515
2030,lambda_inf_band,lambda_inf_mid,ZA,L0_W0,0.24086282951573187,26538919.788011923
2030,lambda_inf_band,lambda_inf_mid,ZA,L3_W3,0.04484285567574537,4940907.454407662
2030,lambda_inf_band,lambda_inf_mid,ZM,L0_W0,0.29981936733761094,33034911.018288262
2030,lambda_inf_band,lambda_inf_mid,ZM,L3_W3,0.04117227957701729,4536473.4250649335
2030,lambda_inf_band,lambda_inf_high,AE,L0_W0,0.34017564517697707,37481475.15886151
2030,lambda_inf_band,lambda_inf_high,AE,L3_W3,0.045103539810537455,4969630.339367388
2030,lambda_inf_band,lambda_inf_high,AF,L0_W0,0.34439104151694366,37945938.95996348
2030,lambda_inf_band,lambda_inf_high,AF,L3_W3,0.07225613065799433,7961376.438116506
2030,lambda_inf_band,lambda_inf_high,AR,L0_W0,0.2731084276566476,30091827.242843326
2030,lambda_inf_band,lambda_inf_high,AR,L3_W3,0.046299912252731015,5101449.899669818
2030,lambda_inf_band,lambda_inf_high,AT,L0_W0,0.3306926341859253,36436611.28947016
2030,lambda_inf_band,lambda_inf_high,AT,L3_W3,0.048650587629717,5360453.687854624
2030,lambda_inf_band,lambda_inf_high,AU,L0_W0,0.24471729352435753,26963615.08598032
2030,lambda_inf_band,lambda_inf_high,AU,L3_W3,0.05031805790555848,5544180.085109128
2030,lambda_inf_band,lambda_inf_high,BD,L0_W0,0.377808652099935,41627981.92421879
2030,lambda_inf_band,lambda_inf_high,BD,L3_W3,0.05421867879278593,5973961.073141622
2030,lambda_inf_band,lambda_inf_high,BE,L0_W0,0.23980403669394204,26422259.123408347
2030,lambda_inf_band,lambda_inf_high,BE,L3_W3,0.05023817653460824,5535378.539015581
2030,lambda_inf_band,lambda_inf_high,BF,L0_W0,0.35103329577977566,38677800.5487661
2030,lambda_inf_band,lambda_inf_high,BF,L3_W3,0.06324262581494317,6968244.029435872
2030,lambda_inf_band,lambda_inf_high,BG,L0_W0,0.32444376223129273,35748093.63025732
2030,lambda_inf_band,lambda_inf_high,BG,L3_W3,0.046006134649130594,5069080.686565656
2030,lambda_inf_band,lambda_inf_high,BH,L0_W0,0.359935654978112,39658686.62887954
2030,lambda_inf_band,lambda_inf_high,BH,L3_W3,0.05679066933264487,6257349.966189495
2030,lambda_inf_band,lambda_inf_high,BI,L0_W0,0.39746820386616105,43794124.65550337
2030,lambda_inf_band,lambda_inf_high,BI,L3_W3,0.0589621131635323,6496605.536540299
2030,lambda_inf_band,lambda_inf_high,BO,L0_W0,0.3940058549861716,43412633.66584383
2030,lambda_inf_band,lambda_inf_high,BO,L3_W3,0.056320894550112396,6205588.906597501
2030,lambda_inf_band,lambda_inf_high,BR,L0_W0,0.20253535722705007,22315894.945234597
2030,lambda_inf_band,lambda_inf_high,BR,L3_W3,0.04442740037101972,4895131.46219755
2030,lambda_inf_band,lambda_inf_high,BY,L0_W0,0.33131781183947495,36505495.05885113
2030,lambda_inf_band,lambda_inf_high,BY,L3_W3,0.08461090260075173,9322658.717525266
2030,lambda_inf_band,lambda_inf_high,CA,L0_W0,0.2029398312358106,22360460.988473456
2030,lambda_inf_band,lambda_inf_high,CA,L3_W3,0.047712734978497436,5257118.5392402345
2030,lambda_inf_band,lambda_inf_high,CH,L0_W0,0.4015840036513142,44247614.63808518
2030,lambda_inf_band,lambda_inf_high,CH,L3_W3,0.055641664189814574,6130749.463393381
2030,lambda_inf_band,lambda_inf_high,CL,L0_W0,0.3155963863660838,34773265.76290539
2030,lambda_inf_band,lambda_inf_high,CL,L3_W3,0.05029292984790066,5541411.4075678475
2030,lambda_inf_band,lambda_inf_high,CN,L0_W0,0.15664218353339487,17259260.603098944
2030,lambda_inf_band,lambda_inf_high,CN,L3_W3,0.04195719449181663,4622957.479105798
2030,lambda_inf_band,lambda_inf_high,CO,L0_W0,0.4003440842810854,44110996.95915041
2030,lambda_inf_band,lambda_inf_high,CO,L3_W3,0.04471401994885885,4926711.984610409
2030,lambda_inf_band,lambda_inf_high,CR,L0_W0,0.3870869273972059,42650287.45961599
2030,lambda_inf_band,lambda_inf_high,CR,L3_W3,0.03916106025581471,4314871.825728041
2030,lambda_inf_band,lambda_inf_high,CU,L0_W0,0.2951833052026222,32524097.1190242
2030,lambda_inf_band,lambda_inf_high,CU,L3_W3,0.05117143812636046,5638207.832246677
2030,lambda_inf_band,lambda_inf_high,CV,L0_W0,0.2841963802699667,31313527.932857566
2030,lambda_inf_band,lambda_inf_high,CV,L3_W3,0.05546901526420177,6111726.536536892
2030,lambda_inf_band,lambda_inf_high,CZ,L0_W0,0.3300580001672235,36366685.59213057
2030,lambda_inf_band,lambda_inf_high,CZ,L3_W3,0.0464398689795252,5116870.711397602
2030,lambda_inf_band,lambda_inf_high,DE,L0_W0,0.22711988657921892,25024685.063722428
2030,lambda_inf_band,lambda_inf_high,DE,L3_W3,0.05743514682674973,6328360.244344973
2030,lambda_inf_band,lambda_inf_high,DK,L0_W0,0.24777406191073703,27300418.116899453
2030,lambda_inf_band,lambda_inf_high,DK,L3_W3,0.05197726043249385,5726995.519366611
2030,lambda_inf_band,lambda_inf_high,DO,L0_W0,0.3361368782979331,37036472.87079188
2030,lambda_inf_band,lambda_inf_high,DO,L3_W3,0.034108757814191114,3758195.4406145485
2030,lambda_inf_band,lambda_inf_high,DZ,L0_W0,0.35690535063525824,39324799.47804788
2030,lambda_inf_band,lambda_inf_high,DZ,L3_W3,0.0516113053739859,5686673.598531892
2030,lambda_inf_band,lambda_inf_high,EC,L0_W0,0.49816178197812655,54888816.17786974
2030,lambda_inf_band,lambda_inf_high,EC,L3_W3,0.05305470763076912,5845711.573762949
2030,lambda_inf_band,lambda_inf_high,EE,L0_W0,0.3013975073989681,33208794.7702429
2030,lambda_inf_band,lambda_inf_high,EE,L3_W3,0.05023747048812113,5535300.744898798
2030,lambda_inf_band,lambda_inf_high,EG,L0_W0,0.2726157903991567,30037547.133756235
2030,lambda_inf_band,lambda_inf_high,EG,L3_W3,0.048345571952079607,5326846.233274854
2030,lambda_inf_band,lambda_inf_high,ES,L0_W0,0.2653151899886396,29233147.1809342
2030,lambda_inf_band,lambda_inf_high,ES,L3_W3,0.061158704146583316,6738631.888316813
2030,lambda_inf_band,lambda_inf_high,ET,L0_W0,0.2890371871491763,31846901.16331781
2030,lambda_inf_band,lambda_inf_high,ET,L3_W3,0.05305240960665447,5845458.37123364
2030,lambda_inf_band,lambda_inf_high,FI,L0_W0,0.31883409610328045,35130005.4025795
2030,lambda_inf_band,lambda_inf_high,FI,L3_W3,0.05572096519352051,6139487.063049966
2030,lambda_inf_band,lambda_inf_high,FJ,L0_W0,0.3419265091026333,37674390.094620325
2030,lambda_inf_band,lambda_inf_high,FJ,L3_W3,0.055167445248174005,6078498.734298076
2030,lambda_inf_band,lambda_inf_high,FR,L0_W0,0.23888005726569683,26320452.564126145
2030,lambda_inf_band,lambda_inf_high,FR,L3_W3,0.05285399842304055,5823596.8889220655
2030,lambda_inf_band,lambda_inf_high,GB,L0_W0,0.2353024759844867,25926264.955984112
2030,lambda_inf_band,lambda_inf_high,GB,L3_W3,0.04889082542546763,5386923.7397272745
2030,lambda_inf_band,lambda_inf_high,GF,L0_W0,0.31991569120690044,35249178.484436035
2030,lambda_inf_band,lambda_inf_high,GF,L3_W3,0.08797240973113273,9693038.689725103
2030,lambda_inf_band,lambda_inf_high,GH,L0_W0,0.2906994548744931,32030054.32944593
2030,lambda_inf_band,lambda_inf_high,GH,L3_W3,0.045845862627350145,5051421.480540196
2030,lambda_inf_band,lambda_inf_high,GR,L0_W0,0.4044827476838338,44567006.11712613
2030,lambda_inf_band,lambda_inf_high,GR,L3_W3,0.0504974287007351,5563943.645784202
2030,lambda_inf_band,lambda_inf_high,GT,L0_W0,0.3880626793198122,42757798.452736475
2030,lambda_inf_band,lambda_inf_high,GT,L3_W3,0.039557137532851804,4358512.694293257
2030,lambda_inf_band,lambda_inf_high,HN,L0_W0,0.3501111530180476,38576196.35838189
2030,lambda_inf_band,lambda_inf_high,HN,L3_W3,0.04203138708886214,4631132.220662284
2030,lambda_inf_band,lambda_inf_high,HU,L0_W0,0.3537913822721078,38981693.99855895
2030,lambda_inf_band,lambda_inf_high,HU,L3_W3,0.04847840338555985,5341481.9608611595
2030,lambda_inf_band,lambda_inf_high,ID,L0_W0,0.41160900015723156,45352195.9413961
2030,lambda_inf_band,lambda_inf_high,ID,L3_W3,0.043147526306496216,4754111.466686254
2030,lambda_inf_band,lambda_inf_high,IE,L0_W0,0.3081708990338798,33955105.43035234
2030,lambda_inf_band,lambda_inf_high,IE,L3_W3,0.08898395436478095,9804493.420819802
2030,lambda_inf_band,lambda_inf_high,IL,L0_W0,0.4433892266208428,48853827.482710965
2030,lambda_inf_band,lambda_inf_high,IL,L3_W3,0.054000836178920146,5949958.583145889
2030,lambda_inf_band,lambda_inf_high,IN,L0_W0,0.25860402318619374,28493692.621622678
2030,lambda_inf_band,lambda_inf_high,IN,L3_W3,0.04870282326917734,5366209.152276014
2030,lambda_inf_band,lambda_inf_high,IR,L0_W0,0.4502318491934698,49607766.195295624
2030,lambda_inf_band,lambda_inf_high,IR,L3_W3,0.19432080407110042,21410793.200235497
2030,lambda_inf_band,lambda_inf_high,IT,L0_W0,0.40365117866079253,44475381.58691091
2030,lambda_inf_band,lambda_inf_high,IT,L3_W3,0.055516800447888995,6116991.637671343
2030,lambda_inf_band,lambda_inf_high,JM,L0_W0,0.44256614810755074,48763138.459886596
2030,lambda_inf_band,lambda_inf_high,JM,L3_W3,0.04296537918525845,4734042.0028762305
2030,lambda_inf_band,lambda_inf_high,JO,L0_W0,0.28655760133978864,31573693.67407948
2030,lambda_inf_band,lambda_inf_high,JO,L3_W3,0.06105051192391659,6726710.975800707
2030,lambda_inf_band,lambda_inf_high,JP,L0_W0,0.4031396005604731,44419014.52439247
2030,lambda_inf_band,lambda_inf_high,JP,L3_W3,0.04394617584110097,4842108.838386251
2030,lambda_inf_band,lambda_inf_high,KE,L0_W0,0.3103742125914727,34197872.49362384
2030,lambda_inf_band,lambda_inf_high,KE,L3_W3,0.05447771115543093,6002501.961366492
2030,lambda_inf_band,lambda_inf_high,KH,L0_W0,0.34317722343922297,37812197.19222524
2030,lambda_inf_band,lambda_inf_high,KH,L3_W3,0.04068026455167113,4482261.875203084
2030,lambda_inf_band,lambda_inf_high,KR,L0_W0,0.4124952972192281,45449850.55536857
2030,lambda_inf_band,lambda_inf_high,KR,L3_W3,0.04531792906442876,4993252.328795448
2030,lambda_inf_band,lambda_inf_high,KW,L0_W0,0.3061194408512514,33729070.204133764
2030,lambda_inf_band,lambda_inf_high,KW,L3_W3,0.044536842666632846,4907190.11114115
2030,lambda_inf_band,lambda_inf_high,KZ,L0_W0,0.4394588491830255,48420767.83723324
2030,lambda_inf_band,lambda_inf_high,KZ,L3_W3,0.07923461249786105,8730284.493222719
2030,lambda_inf_band,lambda_inf_high,LC,L0_W0,0.22430733742196585,24714790.769803133
2030,lambda_inf_band,lambda_inf_high,LC,L3_W3,0.046613330916126426,5135983.2180097215
2030,lambda_inf_band,lambda_inf_high,LK,L0_W0,0.28856357767688506,31794717.587208327
2030,lambda_inf_band,lambda_inf_high,LK,L3_W3,0.04408516478748935,4857423.017444255
2030,lambda_inf_band,lambda_inf_high,LY,L0_W0,0.24541013009806517,27039953.69867866
2030,lambda_inf_band,lambda_inf_high,LY,L3_W3,0.05174360060497058,5701250.2458730275
2030,lambda_inf_band,lambda_inf_high,MA,L0_W0,0.36637061109285596,40367707.545522936
2030,lambda_inf_band,lambda_inf_high,MA,L3_W3,0.05539592260874492,6103672.98952774
2030,lambda_inf_band,lambda_inf_high,MG,L0_W0,0.361910331595254,39876261.85397742
2030,lambda_inf_band,lambda_inf_high,MG,L3_W3,0.060918778929879056,6712196.27725122
2030,lambda_inf_band,lambda_inf_high,MM,L0_W0,0.3461970544081448,38144930.35831277
2030,lambda_inf_band,lambda_inf_high,MM,L3_W3,0.04780012524529264,5266747.43584248
2030,lambda_inf_band,lambda_inf_high,MN,L0_W0,0.29294882163389174,32277895.659390952
2030,lambda_inf_band,lambda_inf_high,MN,L3_W3,0.04816207283923543,5306627.803362966
2030,lambda_inf_band,lambda_inf_high,MR,L0_W0,0.2747856712176393,30276630.487161316
2030,lambda_inf_band,lambda_inf_high,MR,L3_W3,0.0678392216760142,7474709.427605181
2030,lambda_inf_band,lambda_inf_high,MU,L0_W0,0.28923781019702066,31869006.354828976
2030,lambda_inf_band,lambda_inf_high,MU,L3_W3,0.05204340079780314,5734283.044192347
2030,lambda_inf_band,lambda_inf_high,MX,L0_W0,0.248450369101274,27374935.47733154
2030,lambda_inf_band,lambda_inf_high,MX,L3_W3,0.027904582497151508,3074602.578151213
2030,lambda_inf_band,lambda_inf_high,MY,L0_W0,0.37363176248446783,41167760.898454316
2030,lambda_inf_band,lambda_inf_high,MY,L3_W3,0.07017821521456975,7732426.079149997
2030,lambda_inf_band,lambda_inf_high,NE,L0_W0,0.40004931990363185,44078519.020626925
2030,lambda_inf_band,lambda_inf_high,NE,L3_W3,0.07065372929731771,7784819.510405
2030,lambda_inf_band,lambda_inf_high,NG,L0_W0,0.28376737932283563,31266259.445030767
2030,lambda_inf_band,lambda_inf_high,NG,L3_W3,0.04882504856490566,5379676.26684044
2030,lambda_inf_band,lambda_inf_high,NI,L0_W0,0.3138209546000663,34577643.87586637
2030,lambda_inf_band,lambda_inf_high,NI,L3_W3,0.06308020928553004,6950348.535743431
2030,lambda_inf_band,lambda_inf_high,NL,L0_W0,0.21621854194089712,23823545.346483488
2030,lambda_inf_band,lambda_inf_high,NL,L3_W3,0.05415660487307127,5967121.600319903
2030,lambda_inf_band,lambda_inf_high,NO,L0_W0,0.35419982318539345,39026697.12609682
2030,lambda_inf_band,lambda_inf_high,NO,L3_W3,0.055421239797832374,6106462.506082871
2030,lambda_inf_band,lambda_inf_high,NP,L0_W0,0.504511486365123,55588443.82794299
2030,lambda_inf_band,lambda_inf_high,NP,L3_W3,0.05682546578599409,6261183.9337892225
2030,lambda_inf_band,lambda_inf_high,NZ,L0_W0,0.28414275780858866,31307619.664636154
2030,lambda_inf_band,lambda_inf_high,NZ,L3_W3,0.049314355471080464,5433589.428787436
2030,lambda_inf_band,lambda_inf_high,OM,L0_W0,0.26886212058100406,29623957.613053016
2030,lambda_inf_band,lambda_inf_high,OM,L3_W3,0.04746153742523409,5229440.911561426
2030,lambda_inf_band,lambda_inf_high,PA,L0_W0,0.42255521887192876,46558280.00607079
2030,lambda_inf_band,lambda_inf_high,PA,L3_W3,0.039126296143679025,4311041.4215709325
2030,lambda_inf_band,lambda_inf_high,PE,L0_W0,0.23898548700233266,26332069.098439366
2030,lambda_inf_band,lambda_inf_high,PE,L3_W3,0.038753511032281335,4269966.94698538
2030,lambda_inf_band,lambda_inf_high,PH,L0_W0,0.2941207836748669,32407025.615484912
2030,lambda_inf_band,lambda_inf_high,PH,L3_W3,0.04092986070187106,4509763.05594928
2030,lambda_inf_band,lambda_inf_high,PK,L0_W0,0.2792536154185321,30768920.69650249
2030,lambda_inf_band,lambda_inf_high,PK,L3_W3,0.056818221022017015,6260385.6860460695
2030,lambda_inf_band,lambda_inf_high,PL,L0_W0,0.2977856926234345,32810835.22285337
2030,lambda_inf_band,lambda_inf_high,PL,L3_W3,0.04845361772807497,5338751.009899539
2030,lambda_inf_band,lambda_inf_high,PS,L0_W0,0.43499619452575533,47929060.444153905
2030,lambda_inf_band,lambda_inf_high,PS,L3_W3,0.058164582611024196,6408731.457322446
2030,lambda_inf_band,lambda_inf_high,PT,L0_W0,0.3679447727972902,40541152.95132231
2030,lambda_inf_band,lambda_inf_high,PT,L3_W3,0.0518587021011897,5713932.440887432
2030,lambda_inf_band,lambda_inf_high,PY,L0_W0,0.31596201781660643,34813552.027734645
2030,lambda_inf_band,lambda_inf_high,PY,L3_W3,0.0586001828211948,6456727.06984847
2030,lambda_inf_band,lambda_inf_high,RO,L0_W0,0.3220597995200642,35485422.153308764
2030,lambda_inf_band,lambda_inf_high,RO,L3_W3,0.04578840507797192,5045090.651921972
2030,lambda_inf_band,lambda_inf_high,RU,L0_W0,0.35569843588405353,39191818.33754734
2030,lambda_inf_band,lambda_inf_high,RU,L3_W3,0.0917673859782109,10111179.464792434
2030,lambda_inf_band,lambda_inf_high,RW,L0_W0,0.3739885389403005,41207071.49595344
2030,lambda_inf_band,lambda_inf_high,RW,L3_W3,0.04447229448241488,4900078.017146129
2030,lambda_inf_band,lambda_inf_high,SA,L0_W0,0.2754125498062756,30345701.67018316
2030,lambda_inf_band,lambda_inf_high,SA,L3_W3,0.043409930192840326,4783023.838536034
2030,lambda_inf_band,lambda_inf_high,SE,L0_W0,0.3460494933773368,38128671.683745496
2030,lambda_inf_band,lambda_inf_high,SE,L3_W3,0.06059208530591608,6676200.28775363
2030,lambda_inf_band,lambda_inf_high,SK,L0_W0,0.3984169442387946,43898659.44279119
2030,lambda_inf_band,lambda_inf_high,SK,L3_W3,0.054895083315474,6048489.157894086
2030,lambda_inf_band,lambda_inf_high,SN,L0_W0,0.2897924365973587,31930116.5957926
2030,lambda_inf_band,lambda_inf_high,SN,L3_W3,0.05812536125479347,6404409.941922676
2030,lambda_inf_band,lambda_inf_high,SR,L0_W0,0.2839583080830447,31287296.493638895
2030,lambda_inf_band,lambda_inf_high,SR,L3_W3,0.07399107937236847,8152537.792733417
2030,lambda_inf_band,lambda_inf_high,SV,L0_W0,0.41909010241767836,46176484.077573396
2030,lambda_inf_band,lambda_inf_high,SV,L3_W3,0.04119453652993079,4538925.756498906
2030,lambda_inf_band,lambda_inf_high,TH,L0_W0,0.34342940198026994,37839982.907798536
2030,lambda_inf_band,lambda_inf_high,TH,L3_W3,0.03922213859275424,4321601.602539526
2030,lambda_inf_band,lambda_inf_high,TN,L0_W0,0.3071081090654911,33838004.34929603
2030,lambda_inf_band,lambda_inf_high,TN,L3_W3,0.054585368207363275,6014363.907319677
2030,lambda_inf_band,lambda_inf_high,TR,L0_W0,0.37289425955653976,41086500.825710595
2030,lambda_inf_band,lambda_inf_high,TR,L3_W3,0.0530590730053315,5846192.562571343
2030,lambda_inf_band,lambda_inf_high,TW,L0_W0,0.4977753548072731,54846238.5841754
2030,lambda_inf_band,lambda_inf_high,TW,L3_W3,0.04103291642570143,4521118.015093156
2030,lambda_inf_band,lambda_inf_high,UA,L0_W0,0.35652187769681404,39282547.38969242
2030,lambda_inf_band,lambda_inf_high,UA,L3_W3,0.06741800440165574,7428298.565954176
2030,lambda_inf_band,lambda_inf_high,UG,L0_W0,0.3914852177165119,43134903.01537914
2030,lambda_inf_band,lambda_inf_high,UG,L3_W3,0.05506515854499869,6067228.507935595
2030,lambda_inf_band,lambda_inf_high,US,L0_W0,0.1643510121613061,18108640.248048697
2030,lambda_inf_band,lambda_inf_high,US,L3_W3,0.036200775381989764,3988699.6098902565
2030,lambda_inf_band,lambda_inf_high,UY,L0_W0,0.2682840859475216,29560268.189477254
2030,lambda_inf_band,lambda_inf_high,UY,L3_W3,0.04612179231924642,5081824.162328371
2030,lambda_inf_band,lambda_inf_high,UZ,L0_W0,0.39729186994706145,43774695.70607062
2030,lambda_inf_band,lambda_inf_high,UZ,L3_W3,0.07506975280104038,8271388.956520457
2030,lambda_inf_band,lambda_inf_high,VN,L0_W0,0.34048404519160075,37515455.50886892
2030,lambda_inf_band,lambda_inf_high,VN,L3_W3,0.05224240557326565,5756209.930063651
2030,lambda_inf_band,lambda_inf_high,ZA,L0_W0,0.243107180991771,26786208.5204347
2030,lambda_inf_band,lambda_inf_high,ZA,L3_W3,0.04653231391000648,5127056.544553277
2030,lambda_inf_band,lambda_inf_high,ZM,L0_W0,0.30243346033878693,33322938.874708015
2030,lambda_inf_band,lambda_inf_high,ZM,L3_W3,0.04360394475417559,4804400.88908109
