country,region,local_hour,demand,supply_vre,supply_pv,supply_wind
AE,Asia-Pacific,0,0.5216035453157795,0.0,0.0,0.13345157800564195
AE,Asia-Pacific,1,0.4141160536841595,0.0,0.0,0.12783456435496807
AE,Asia-Pacific,2,0.322296954578852,0.0,0.0,0.1335271638422503
AE,Asia-Pacific,3,0.2532453362735939,0.0,0.0,0.1387541677375076
AE,Asia-Pacific,4,0.22015254967650716,0.0,0.0,0.1498919711555866
AE,Asia-Pacific,5,0.23047052360610787,0.0,0.0,0.16749638127905175
AE,Asia-Pacific,6,0.26853456522606595,0.0034176215498115817,0.0013578285276752628,0.17593534780017347
AE,Asia-Pacific,7,0.3339463619723813,0.10019089252005754,0.039806061055672005,0.1962295043904769
AE,Asia-Pacific,8,0.44133431047925853,0.4268825026264944,0.16960135333405196,0.1939619376479404
AE,Asia-Pacific,9,0.5401357838874822,0.8802536862502147,0.3497267176489295,0.1779408344256673
AE,Asia-Pacific,10,0.6114521081949127,1.2906097898721598,0.5127620964591615,0.15802853555343033
AE,Asia-Pacific,11,0.6631927205083583,1.5959438534071588,0.6340719887032836,0.1447067629706765
AE,Asia-Pacific,12,0.6851699203050722,1.7710221938107973,0.7036309968360613,0.1367437077463447
AE,Asia-Pacific,13,0.690772274846841,1.7988844816495029,0.7147007448237458,0.14378660542061453
AE,Asia-Pacific,14,0.7080499578750747,1.6926659899317582,0.6724999054040204,0.1727834669608516
AE,Asia-Pacific,15,0.7046489614219684,1.4598725745657641,0.5800105715699888,0.2173199915848896
AE,Asia-Pacific,16,0.6965184227988489,1.1036853835562956,0.4384966203919136,0.2564555720873215
AE,Asia-Pacific,17,0.6895734108810208,0.670967148440449,0.26657671775729297,0.3522480914991146
AE,Asia-Pacific,18,0.6782116319323742,0.2607622457137321,0.10360141139392459,0.4001636400186789
AE,Asia-Pacific,19,0.6966622212078349,0.042013614988448585,0.016692101261248652,0.3296335790528656
AE,Asia-Pacific,20,0.7110223671111476,1.994666694095693e-05,7.924854466686509e-06,0.24297664238999997
AE,Asia-Pacific,21,0.7110463641655024,0.0,0.0,0.19518249961605122
AE,Asia-Pacific,22,0.6857480622543178,0.0,0.0,0.17386520465532324
AE,Asia-Pacific,23,0.6192875173461234,0.0,0.0,0.15113036613906694
AF,Asia-Pacific,0,0.32027721354852107,0.0012825990401508756,0.0,0.10642603692173505
AF,Asia-Pacific,1,0.22574124095998413,0.0011025059703183248,0.0,0.09148248005060793
AF,Asia-Pacific,2,0.15901072988231857,0.0010636579203938895,0.0,0.08825899097399909
AF,Asia-Pacific,3,0.12774892256115483,0.0010036318188754944,0.0,0.08327821374239203
AF,Asia-Pacific,4,0.14955064132092866,0.0009967007418769788,0.0,0.08270309475862557
AF,Asia-Pacific,5,0.18031020162465342,0.0026825369396478735,0.0009495083821675548,0.08427676257333257
AF,Asia-Pacific,6,0.22988373948307594,0.05566483285076151,0.031072017788788393,0.09273560788621592
AF,Asia-Pacific,7,0.2883764293887741,0.23755271864439947,0.13468456887237204,0.09232572487288558
AF,Asia-Pacific,8,0.38564360240692785,0.5355418342535695,0.30450902562160403,0.08076337380110116
AF,Asia-Pacific,9,0.444817091735486,0.8329465839770038,0.4740637513343058,0.06000299928163798
AF,Asia-Pacific,10,0.48766855821806876,1.063225374331313,0.6053736681924439,0.04033532792734839
AF,Asia-Pacific,11,0.48958302972316564,1.208344985392588,0.6880353905235977,0.04084696492181614
AF,Asia-Pacific,12,0.4561654962367778,1.2659161775099117,0.7207311688683192,0.05523848508380466
AF,Asia-Pacific,13,0.47753350658858806,1.2267721623851318,0.6982907352531937,0.07601430968996899
AF,Asia-Pacific,14,0.4977672407712611,1.0894144030578266,0.6198740692415237,0.10119352887018396
AF,Asia-Pacific,15,0.48803472688764105,0.8705421274898335,0.49503643077524595,0.12454272546883696
AF,Asia-Pacific,16,0.45524888764278554,0.5877352806751898,0.3336556885647182,0.16591426948328078
AF,Asia-Pacific,17,0.4430158354069881,0.28742099688712663,0.16234714082201637,0.20072406152388864
AF,Asia-Pacific,18,0.47222322911621883,0.08575524891654872,0.047328971948865345,0.22144743100683983
AF,Asia-Pacific,19,0.5033353427132988,0.009072394907233168,0.0035989878094006885,0.22854625573099147
AF,Asia-Pacific,20,0.5547181834714067,0.0024432286615770926,0.0,0.20273143484861625
AF,Asia-Pacific,21,0.5725665487275129,0.0021953769848388634,0.0,0.1821654817534433
AF,Asia-Pacific,22,0.5279344170395625,0.0018718924022226074,0.0,0.1553237478557788
AF,Asia-Pacific,23,0.43491546140280163,0.001523025099564362,0.0,0.1263758356312967
AR,Latin America,0,0.39318800678375043,0.3649694854467853,0.0,0.5032711701108836
AR,Latin America,1,0.28379456617517984,0.3675193328157518,0.0,0.5067872576747878
AR,Latin America,2,0.20724811041467894,0.3579669647509702,0.0,0.49361511138587993
AR,Latin America,3,0.16169801415344884,0.3658487493379944,0.0,0.5044836226172168
AR,Latin America,4,0.1445730391565753,0.36654535060354365,0.0,0.5054441942485259
AR,Latin America,5,0.1712872318899967,0.3633084934564633,0.0,0.5009807611428824
AR,Latin America,6,0.24433564799067375,0.3519924058376881,0.0017306724229751694,0.48438203058167034
AR,Latin America,7,0.3499545013559754,0.36344026469571683,0.055604504692630986,0.4692096839361326
AR,Latin America,8,0.4424755353577044,0.42325542043706227,0.233045579393176,0.44972581190449784
AR,Latin America,9,0.5110257925523773,0.5240636416381509,0.473196754221214,0.45073296616258246
AR,Latin America,10,0.554506962675805,0.6109854983960425,0.6755051295143241,0.4543377801892516
AR,Latin America,11,0.5678121591640197,0.663023448584058,0.8199408195814366,0.44309594365177113
AR,Latin America,12,0.5755393991114901,0.6995893015706636,0.8897579044076946,0.4533981233396668
AR,Latin America,13,0.6089649181055377,0.7137228708547638,0.9038368358837606,0.46479710291199766
AR,Latin America,14,0.6257991983375892,0.7215727022734242,0.8739913485681374,0.4927720758090658
AR,Latin America,15,0.6226210889023168,0.6869618122909839,0.781994268074111,0.4979112698024378
AR,Latin America,16,0.6093071080500393,0.6250822438166737,0.6224368036552538,0.5042717345708995
AR,Latin America,17,0.6082640151293782,0.5452175950480816,0.42279761413747513,0.5088645588261126
AR,Latin America,18,0.6262286328076425,0.4465759515239532,0.1922975753632931,0.5052990209150906
AR,Latin America,19,0.6390575057720673,0.37332629377643783,0.03495509822957532,0.4947079815435675
AR,Latin America,20,0.644695501549556,0.3524669969533855,0.00036547211467207293,0.48582096729129604
AR,Latin America,21,0.6455148825060149,0.35562559804568816,0.0,0.49038650623281227
AR,Latin America,22,0.6126600588705358,0.3622021275475149,0.0,0.49945514848820904
AR,Latin America,23,0.5199206140416439,0.3652099411521987,0.0,0.5036027441987149
AT,Europe,0,0.2775287562733821,0.2633555685073266,0.0,0.3505966931176613
AT,Europe,1,0.19930056454707304,0.25127562349737903,0.0,0.3345150556663044
AT,Europe,2,0.15482098724601154,0.2500602932436902,0.0,0.33289712607246974
AT,Europe,3,0.1362640697263146,0.25248758317747433,0.0,0.33612849812526463
AT,Europe,4,0.15650562981875585,0.25173327829559117,0.0,0.3351243165972657
AT,Europe,5,0.2333147336649533,0.26102265874905756,0.005377875745745718,0.3345916950325484
AT,Europe,6,0.35110991298727845,0.3083749510544546,0.03550996459387166,0.3253560001812206
AT,Europe,7,0.47307383276665377,0.392846088390617,0.09618025836840224,0.2922870529753912
AT,Europe,8,0.5618844003032344,0.5381876345488799,0.18274732304126282,0.2781373929843653
AT,Europe,9,0.6047749284905043,0.7068753072078628,0.28150064341272985,0.26583794804810396
AT,Europe,10,0.6203243302128952,0.861174034923339,0.36937629976962305,0.2604739288844093
AT,Europe,11,0.6226269490834587,0.9629669404414867,0.421226061432136,0.2716216495239115
AT,Europe,12,0.6308533154399214,1.003663332738734,0.44398986508909305,0.27119860154233655
AT,Europe,13,0.643083865376021,1.0028684486685855,0.4399470696585804,0.27983737109709805
AT,Europe,14,0.6497724139092603,0.9100126893207315,0.3879172326645541,0.28101930744003945
AT,Europe,15,0.6519951526725634,0.803761491722208,0.3258805808136528,0.2883704903083995
AT,Europe,16,0.6487314767808634,0.6551235904868491,0.24308288958469118,0.28909067210237055
AT,Europe,17,0.6522637718865997,0.497038431155251,0.15252816941098674,0.2958398900660431
AT,Europe,18,0.6705467418177146,0.37244458132908187,0.07706418450362462,0.31097864499131284
AT,Europe,19,0.7027431143147564,0.2928727228843124,0.02565009431596651,0.32836808739258433
AT,Europe,20,0.7102125839707673,0.2723295786106481,0.0029823022178662962,0.3553902067358096
AT,Europe,21,0.6563309269322588,0.27060521491570344,0.0,0.3602479113222179
AT,Europe,22,0.5336939292107923,0.27849555661985487,0.0,0.3707520663120787
AT,Europe,23,0.3908425246090012,0.2730233115519147,0.0,0.36346704463730106
AU,Asia-Pacific,0,0.2944459669264653,0.19460088704051706,0.0,0.3693506107058699
AU,Asia-Pacific,1,0.22263463508400094,0.19591591531669575,0.0,0.37184652171783233
AU,Asia-Pacific,2,0.17788889945978567,0.1989323401389572,0.0,0.37757166699951145
AU,Asia-Pacific,3,0.1547546638995117,0.2022544712452928,0.0,0.38387703986615496
AU,Asia-Pacific,4,0.15837557745565878,0.20238893500114094,0.0,0.3841322507806355
AU,Asia-Pacific,5,0.20824563834930557,0.2040421332683702,0.0,0.38727000518096294
AU,Asia-Pacific,6,0.2971516795070757,0.21236934981063485,0.0048120435156114505,0.3909874925406819
AU,Asia-Pacific,7,0.4014809140980506,0.28416198004160803,0.05667484435538715,0.3969737791729152
AU,Asia-Pacific,8,0.5096599186240115,0.46518965029779447,0.19345397645164333,0.39698371649445174
AU,Asia-Pacific,9,0.586399644683517,0.6834417495602972,0.36167617835933047,0.3886626477161328
AU,Asia-Pacific,10,0.6211817007461475,0.8635486419953446,0.5053247345526484,0.3696694836299528
AU,Asia-Pacific,11,0.6370749388382693,0.9995178014131796,0.610289798439175,0.3640733350586622
AU,Asia-Pacific,12,0.6428126050942613,1.069706387105419,0.6571903863837522,0.3794798642159435
AU,Asia-Pacific,13,0.6514933138150792,1.082705890854724,0.6629666809675046,0.38964318194672815
AU,Asia-Pacific,14,0.6656640640777839,1.0266818632727206,0.6173411906128853,0.39791789901725594
AU,Asia-Pacific,15,0.660088591903474,0.9137483861888199,0.530273549656312,0.4022785777010445
AU,Asia-Pacific,16,0.6462272584728609,0.7450030124009591,0.4051447359178658,0.39631560198214455
AU,Asia-Pacific,17,0.6120108973670456,0.5456313511324293,0.2555945837499724,0.3935687831268162
AU,Asia-Pacific,18,0.6069334721204357,0.3486490167967546,0.10553270132523956,0.3966423115099695
AU,Asia-Pacific,19,0.6254314470981301,0.2453617677509367,0.0207930503125175,0.4134637034419337
AU,Asia-Pacific,20,0.6389772684474622,0.2204411415333715,0.0014133881581043476,0.41484484084585566
AU,Asia-Pacific,21,0.6006733389240648,0.21202841116063662,0.0,0.40242788375816196
AU,Asia-Pacific,22,0.5024306602978038,0.1998806428469626,0.0,0.37937153641255744
AU,Asia-Pacific,23,0.3901727575935236,0.19600812671015794,0.0,0.3720215380551536
BD,Asia-Pacific,0,0.7053738737650055,0.025079808350851586,0.0,0.16102332094076352
BD,Asia-Pacific,1,0.5690710528550221,0.026228947134940363,0.0,0.16840129371660104
BD,Asia-Pacific,2,0.42489485646531255,0.02721401236973791,0.0,0.17472584266176905
BD,Asia-Pacific,3,0.30796241433640514,0.027285922421672396,0.0,0.17518753659537203
BD,Asia-Pacific,4,0.2322714789366525,0.0265180920191983,0.0,0.1702577301313021
BD,Asia-Pacific,5,0.2091283938773515,0.02602420563443454,0.0,0.16708676388109997
BD,Asia-Pacific,6,0.23424913762190022,0.03790242581732765,0.005041101343450155,0.15987478365063382
BD,Asia-Pacific,7,0.28460797279255085,0.19029343715440714,0.06477064245922011,0.14923318845115474
BD,Asia-Pacific,8,0.34018226857729583,0.5430049656679315,0.20193831341054472,0.1424427352106562
BD,Asia-Pacific,9,0.4008825786216298,0.9520351792463367,0.3621837819280154,0.11509875699104802
BD,Asia-Pacific,10,0.4651067248035136,1.2922139679542233,0.4944239119902623,0.10943754041762667
BD,Asia-Pacific,11,0.5106404927595863,1.5096345172114898,0.5780350533632774,0.12085977139803343
BD,Asia-Pacific,12,0.5345274802474191,1.6100956942861795,0.6158180785041782,0.14021720547741479
BD,Asia-Pacific,13,0.5137486106302789,1.570908019442459,0.5989088191027602,0.168614787017184
BD,Asia-Pacific,14,0.5422094030441084,1.407179016563927,0.5347813969771006,0.17928581345946193
BD,Asia-Pacific,15,0.5514437064678483,1.1389301257009243,0.430352827141166,0.18623817295420073
BD,Asia-Pacific,16,0.539221606660709,0.7980471691034501,0.2985064696043668,0.1808578649904644
BD,Asia-Pacific,17,0.5309841123392133,0.41391573462491976,0.14977191256192351,0.17745428013781078
BD,Asia-Pacific,18,0.5583857103800483,0.12326558870092641,0.03694402086590022,0.17966474355707046
BD,Asia-Pacific,19,0.6108615268407995,0.03056233972606264,0.0015972822940852544,0.1697742501661122
BD,Asia-Pacific,20,0.6532443375578915,0.025276585593775894,0.0,0.16228671676492515
BD,Asia-Pacific,21,0.6847570862894365,0.02469266183671227,0.0,0.1585376712689136
BD,Asia-Pacific,22,0.7321061445162572,0.02545073094574383,0.0,0.16340480596672408
BD,Asia-Pacific,23,0.7422315457262806,0.026333368604883514,0.0,0.16907172515022842
BE,Europe,0,0.17872290034560737,0.2985605731833499,0.0,0.6425019448083326
BE,Europe,1,0.1336026914602207,0.2952804842899947,0.0,0.6354431979997555
BE,Europe,2,0.1100029388510257,0.2931158815853792,0.0,0.6307849759424219
BE,Europe,3,0.10800430535636969,0.28975567063769964,0.0,0.6235538065826131
BE,Europe,4,0.14442454896598897,0.28758037057987157,0.0005657150600531331,0.6178672703693541
BE,Europe,5,0.2266996808616202,0.29331430291597915,0.013154339392964152,0.6078363032666618
BE,Europe,6,0.33288267085300827,0.3153385656126048,0.051053084899017914,0.5878852228912169
BE,Europe,7,0.43207302363057976,0.36841848132050087,0.11447892975613287,0.5894034063249332
BE,Europe,8,0.4918920957376045,0.43649830017795227,0.19484254795021685,0.5931024045019417
BE,Europe,9,0.5153996509971366,0.5076189479749712,0.27987510415616185,0.5950484126019993
BE,Europe,10,0.5126003390006424,0.5644835981547779,0.3513106829512485,0.5904777901405643
BE,Europe,11,0.5115850947776832,0.6037808607748125,0.399683895003866,0.5890847252403322
BE,Europe,12,0.5290631823419867,0.6098792803714838,0.4064414960258505,0.5902000461666643
BE,Europe,13,0.5407262824850438,0.5990592055292184,0.3885866613227221,0.5986438631294584
BE,Europe,14,0.544308234133084,0.5675341335964342,0.34399278419270335,0.6100466746453492
BE,Europe,15,0.5411435838605111,0.5146410068250752,0.2772520631991407,0.6148210999708857
BE,Europe,16,0.5288421708681077,0.4615057463644485,0.2032427503904559,0.6319909703483028
BE,Europe,17,0.5250678621879167,0.4087286241330093,0.12984619818293316,0.6488426588310275
BE,Europe,18,0.5506314970831836,0.3580864084175555,0.06537469893088797,0.6544285632138753
BE,Europe,19,0.5704403973114034,0.3323765631408147,0.0225515823310643,0.6751990373401718
BE,Europe,20,0.5472175829599627,0.3140783675248906,0.0027797725089347526,0.670956473753809
BE,Europe,21,0.47029525845423,0.3139464595306198,0.0,0.6756123511668107
BE,Europe,22,0.35601020724958576,0.31299638537236274,0.0,0.673567792878743
BE,Europe,23,0.2516979873017261,0.30675596906042335,0.0,0.6601384255175929
BF,Africa/MENA,0,0.20311648766245166,0.0,0.0,0.1941432181814072
BF,Africa/MENA,1,0.135245927485812,0.0,0.0,0.20304099572338527
BF,Africa/MENA,2,0.09191902949815976,0.0,0.0,0.21190336116673114
BF,Africa/MENA,3,0.06788619590441816,0.0,0.0,0.22689521798659312
BF,Africa/MENA,4,0.060828604341695736,0.0,0.0,0.22238023748907895
BF,Africa/MENA,5,0.08003470175520787,0.0,0.0,0.21834460323718832
BF,Africa/MENA,6,0.12994027867576755,0.0004761643822103141,0.00040113050524306616,0.21553951804289503
BF,Africa/MENA,7,0.18319915309721707,0.05671915411539306,0.04778136248170251,0.19961774271525673
BF,Africa/MENA,8,0.2421627029305387,0.2440411793684108,0.20558522484558053,0.1602581243803348
BF,Africa/MENA,9,0.29689913817879027,0.46465508573277525,0.39143484113312815,0.11313340109063981
BF,Africa/MENA,10,0.31133193115883523,0.6495734382066818,0.5472138009374148,0.10326582957302426
BF,Africa/MENA,11,0.334554466524236,0.7869339298458351,0.6629290569922305,0.10252117463979044
BF,Africa/MENA,12,0.32480603366983846,0.845597197339465,0.712348179900368,0.09162196289580106
BF,Africa/MENA,13,0.32236007660063953,0.848536572620238,0.7148243690810924,0.07489992047712075
BF,Africa/MENA,14,0.3302931089084849,0.779416198897932,0.6565959684075369,0.05800761039623692
BF,Africa/MENA,15,0.3257023802745717,0.6562664006104939,0.552852087820931,0.05315188476530573
BF,Africa/MENA,16,0.33542271704422544,0.4768363128746166,0.4016965532234061,0.05483355399189789
BF,Africa/MENA,17,0.3335600376260384,0.27121694128811585,0.22847863627340498,0.06254140354244186
BF,Africa/MENA,18,0.32177935646810374,0.08279557692079272,0.06974866840724683,0.080164429762836
BF,Africa/MENA,19,0.3649696700991942,0.003488246505708176,0.002938569400659326,0.09871784702584761
BF,Africa/MENA,20,0.3812807136582044,0.0,0.0,0.11020116919315767
BF,Africa/MENA,21,0.37371800092150403,0.0,0.0,0.13134824731963135
BF,Africa/MENA,22,0.33857712346932045,0.0,0.0,0.15362451812963823
BF,Africa/MENA,23,0.2769645627554123,0.0,0.0,0.17577847482954753
BG,Europe,0,0.35292838933449333,0.0798826363112305,0.0,0.2717194447881787
BG,Europe,1,0.24509704773646568,0.08263362457005075,0.0,0.2810768851134218
BG,Europe,2,0.1785915628039286,0.08994427721058594,0.0,0.30594394719667695
BG,Europe,3,0.14453375727381207,0.09572793585309367,0.0,0.325616964860537
BG,Europe,4,0.14428206722797515,0.1018441211196811,0.0,0.34642106624727514
BG,Europe,5,0.1968030399764866,0.10402901717173621,0.00016646718317711194,0.35245930958172417
BG,Europe,6,0.28667787840361886,0.13984593280752936,0.01392700588917961,0.35908831918772643
BG,Europe,7,0.39199645354498686,0.2686522517603901,0.0673400573739159,0.3500530038129122
BG,Europe,8,0.49642058142618634,0.4894309213344079,0.1612632787852245,0.31471367008195944
BG,Europe,9,0.5664739606437555,0.7782714557437109,0.2809467019227226,0.29522421786446046
BG,Europe,10,0.6034548630661853,1.053078119362863,0.39490260532095167,0.27594891802654425
BG,Europe,11,0.619008847697906,1.2422770591192207,0.4721232894917998,0.27302336001994204
BG,Europe,12,0.6363312618575596,1.3447214632497282,0.5130375308100897,0.2789570170502466
BG,Europe,13,0.6611859140855927,1.3522003455006946,0.5150944968166612,0.28717562955632664
BG,Europe,14,0.681559469979544,1.2664302330946204,0.4796453974417184,0.2922057639159482
BG,Europe,15,0.6809217383190959,1.0987023873517507,0.41158749167680975,0.29145517398811877
BG,Europe,16,0.6668771913645472,0.870711041628539,0.3198291882176223,0.28413627014314163
BG,Europe,17,0.6510073140569744,0.6050345427668192,0.2133095073687725,0.27221248308845053
BG,Europe,18,0.6418557682759848,0.3620734595406211,0.11571313620688098,0.26284989139988224
BG,Europe,19,0.6458997077816085,0.17811849501880347,0.04215482633770329,0.25295177204353153
BG,Europe,20,0.6690350446164867,0.09048565456202427,0.005660635743758777,0.2603952501782961
BG,Europe,21,0.6749348221081743,0.07542686814920167,0.0,0.2565632242751971
BG,Europe,22,0.603119769181234,0.07649634159435673,0.0,0.2602010202237565
BG,Europe,23,0.484285058186086,0.07726332412703174,0.0,0.2628098984176198
BH,Asia-Pacific,0,0.4604779556972238,0.010368987315164608,0.0,0.22730237893276123
BH,Asia-Pacific,1,0.391117707881306,0.010744971771960644,0.0,0.23554447228998743
BH,Asia-Pacific,2,0.31859546908678965,0.011240563462114484,0.0,0.24640851973525016
BH,Asia-Pacific,3,0.2573733749683443,0.012203837868277292,0.0,0.26752481175401166
BH,Asia-Pacific,4,0.21778792498770527,0.01329632026474932,0.0,0.291473519579807
BH,Asia-Pacific,5,0.20645922399321792,0.013824854882510156,0.00010738212330961882,0.29856289428601723
BH,Asia-Pacific,6,0.21430480719832923,0.052653168287769635,0.020529908148310936,0.2945012330654659
BH,Asia-Pacific,7,0.24984382458214327,0.2337739913695696,0.11627226934507055,0.2555273133046192
BH,Asia-Pacific,8,0.3109554922682418,0.5443821987688735,0.2801832017342815,0.2004078003863732
BH,Asia-Pacific,9,0.35962199328704075,0.8578264777654899,0.4445941971124806,0.1865177838791903
BH,Asia-Pacific,10,0.39978113910461033,1.1118600451589713,0.5773084537697308,0.19762380945980446
BH,Asia-Pacific,11,0.4288443713314668,1.2730365420428522,0.6612634370528312,0.21506143209783096
BH,Asia-Pacific,12,0.45845671067613514,1.3451031498121697,0.6986929792728294,0.22742809567863306
BH,Asia-Pacific,13,0.4851538601007153,1.3074986257008498,0.6788390870642492,0.234504289500033
BH,Asia-Pacific,14,0.5062799537006881,1.1692776163118808,0.6063794307733693,0.2388940743059299
BH,Asia-Pacific,15,0.5139882215150418,0.9327002358335916,0.48264803071257184,0.23427765381779417
BH,Asia-Pacific,16,0.5117338046118175,0.6260022754314165,0.32234614727885624,0.22397946888154338
BH,Asia-Pacific,17,0.49559526964076167,0.30306773058029723,0.1538244307883511,0.20197399813806463
BH,Asia-Pacific,18,0.4985131894686461,0.08321837942946428,0.03842946884144039,0.21495495280881202
BH,Asia-Pacific,19,0.5272204253959039,0.013658953764045962,0.0016259470972662105,0.2313333735131544
BH,Asia-Pacific,20,0.5382600713748135,0.010158856044009729,0.0,0.22269601416734047
BH,Asia-Pacific,21,0.5492770008557156,0.010350859011334076,0.0,0.22690498172689622
BH,Asia-Pacific,22,0.5484650121142122,0.010146473783902349,0.0,0.2224245780961577
BH,Asia-Pacific,23,0.5183616627795756,0.010073351959178878,0.0,0.22082164772250001
BI,Africa/MENA,0,0.2541049111615083,0.0,0.0,0.025168959402451754
BI,Africa/MENA,1,0.19227476323089573,0.0,0.0,0.023238465455235814
BI,Africa/MENA,2,0.1464700438752175,0.0,0.0,0.020682158209685823
BI,Africa/MENA,3,0.12101057297257255,0.0,0.0,0.020366289061749848
BI,Africa/MENA,4,0.12519564187026266,0.0,0.0,0.017994931939344812
BI,Africa/MENA,5,0.16251899880566725,0.0,0.0,0.021303183099674914
BI,Africa/MENA,6,0.24852849463263044,0.0015279663968204844,0.0009290152911434436,0.021562693197003133
BI,Africa/MENA,7,0.3469504688395442,0.11214506955093755,0.06818506261391706,0.02635152272810893
BI,Africa/MENA,8,0.4326930256919085,0.4058695029212451,0.24677177142588994,0.03361224545180556
BI,Africa/MENA,9,0.46058573450092016,0.7161717504692905,0.4354379184355226,0.07876641153804168
BI,Africa/MENA,10,0.47276390427776416,0.9645920433304151,0.5864793622647559,0.10490733197124806
BI,Africa/MENA,11,0.47443110508283276,1.129044531464857,0.6864677366566253,0.10439717521213453
BI,Africa/MENA,12,0.4623159579680978,1.201736594239785,0.7306650684848603,0.08777312380842701
BI,Africa/MENA,13,0.498364444570179,1.1596810986414756,0.7050950045300862,0.07886123047419433
BI,Africa/MENA,14,0.4712524223024451,1.027441466086573,0.6246922934532348,0.07300154636069725
BI,Africa/MENA,15,0.4814455762842722,0.8546509261660351,0.5196343196096055,0.06228187217636764
BI,Africa/MENA,16,0.4662307256078145,0.6240926766805438,0.3794531351823859,0.06324293961240826
BI,Africa/MENA,17,0.46429023961919214,0.35448368892793236,0.21552880230891341,0.06451703855966724
BI,Africa/MENA,18,0.4406586600106071,0.09877813864405635,0.060057866077402204,0.07467352151945506
BI,Africa/MENA,19,0.45730279743778984,0.000915847129336927,0.0005568420806074796,0.06247276155199224
BI,Africa/MENA,20,0.4026604843402301,0.0,0.0,0.0590094789274903
BI,Africa/MENA,21,0.38263012421001236,0.0,0.0,0.04884816899422274
BI,Africa/MENA,22,0.3621887197713727,0.0,0.0,0.034408900574946416
BI,Africa/MENA,23,0.32426348358556895,0.0,0.0,0.029475583249452937
BO,Latin America,0,0.3020113126845843,0.04193276155049709,0.0,0.04722301644496944
BO,Latin America,1,0.20654920149154404,0.027140995421940237,0.0,0.03056511485893135
BO,Latin America,2,0.151786238760349,0.019987724862725906,0.0,0.02250938466700724
BO,Latin America,3,0.12661170369772484,0.01563707925639909,0.0,0.017609859774844024
BO,Latin America,4,0.13906209497388036,0.013535977170056482,0.0,0.01524368176254136
BO,Latin America,5,0.20561868085344812,0.010788561064583205,0.0004942535787364595,0.011462894286874512
BO,Latin America,6,0.29188838430060116,0.059060914560186695,0.04224664740448235,0.007811130243904479
BO,Latin America,7,0.38606206394455594,0.26732200609020695,0.214121292226285,0.0035298928595574714
BO,Latin America,8,0.45884885721507407,0.569443668561245,0.459083960878703,0.0033962600282534086
BO,Latin America,9,0.49751490404403736,0.8250342772535405,0.6632688683494488,0.007521140053768014
BO,Latin America,10,0.516983315387888,1.0106400929890629,0.8068773128485561,0.017001789619509745
BO,Latin America,11,0.5015021552478587,1.1218742168949236,0.8821982738230195,0.037612177101068595
BO,Latin America,12,0.5015953957699985,1.16594094085497,0.8987682931647615,0.06421464253065091
BO,Latin America,13,0.5466962054484076,1.1659390129271772,0.8715297300440684,0.1020599504130416
BO,Latin America,14,0.5883090596904887,1.0939944219610414,0.7858197524529523,0.14013122612824208
BO,Latin America,15,0.5987921044088717,0.9385508458563179,0.633160407924822,0.1771941550558304
BO,Latin America,16,0.5778226812528102,0.7280825059708973,0.4347223553367307,0.21589903987701395
BO,Latin America,17,0.5615464982468897,0.473788781456196,0.20284921631209427,0.251706944483377
BO,Latin America,18,0.5759035774858602,0.27572618108786134,0.03555696072508864,0.26110617399583846
BO,Latin America,19,0.6018910358138588,0.22189323114812567,0.00025193534247581274,0.24953731534447446
BO,Latin America,20,0.6206059820686904,0.18741940588644837,0.0,0.21106431723138533
BO,Latin America,21,0.6017700496945351,0.13373734374219273,0.0,0.1506097034710854
BO,Latin America,22,0.5346686636004516,0.08800563128170173,0.0,0.09910845886601169
BO,Latin America,23,0.4244197342308746,0.06298332246498647,0.0,0.07092932500858891
BR,Latin America,0,0.46943006088533057,0.28608890720490765,0.0,0.4711984596016763
BR,Latin America,1,0.3224115269125942,0.27983978095624557,0.0,0.4609059295941533
BR,Latin America,2,0.23000205986010627,0.2730303605852865,0.0,0.4496905755249442
BR,Latin America,3,0.17403186069574136,0.2672424267960845,0.0,0.4401576456662023
BR,Latin America,4,0.15637754649159236,0.26365331009835236,0.0,0.43424624464116796
BR,Latin America,5,0.1840260609184794,0.25873039420097516,0.0,0.42613802957524327
BR,Latin America,6,0.2727904546894066,0.2566842826741431,0.0036478108877092755,0.41600031100357426
BR,Latin America,7,0.37263484806466823,0.34390881277652896,0.0780006345953149,0.4217170553071259
BR,Latin America,8,0.4832880339792702,0.5607097846492086,0.26164812617728606,0.43807881282284217
BR,Latin America,9,0.5538108223830972,0.7664608831737648,0.45058315956092326,0.4264311846695127
BR,Latin America,10,0.603805256538174,0.9137125697802033,0.5978333842497064,0.39576985841476325
BR,Latin America,11,0.6299392966272468,1.0086553627121753,0.6963505780759421,0.3693672420350569
BR,Latin America,12,0.6472203468021835,1.0465703095120862,0.7382424477145113,0.3540934489634918
BR,Latin America,13,0.661761327842483,1.0341726213637035,0.7277067423416561,0.3532206781922611
BR,Latin America,14,0.6814333959227639,0.9686235882984303,0.6628231378945338,0.3656362087506842
BR,Latin America,15,0.6761884796056746,0.8600544190153875,0.5517781430847257,0.3928382518114097
BR,Latin America,16,0.6762640076071627,0.7094629725127243,0.4051500682647632,0.4168446158341852
BR,Latin America,17,0.6668442070086716,0.5249666881015053,0.22872438634262224,0.44029135071316394
BR,Latin America,18,0.6788902945849344,0.3488493744591808,0.0630409255802949,0.45760874387944356
BR,Latin America,19,0.6921336290442864,0.29787970268379393,0.0024974964888848264,0.48598476427463855
BR,Latin America,20,0.7124304240207203,0.30340011827947483,0.0,0.49971063112160585
BR,Latin America,21,0.7113507045607141,0.3041656044530186,0.0,0.5009714136851252
BR,Latin America,22,0.6654781888459836,0.29837227543656847,0.0,0.49142959769796485
BR,Latin America,23,0.5465181909050578,0.2938264750725962,0.0,0.48394250513611897
BY,Europe,0,0.22113574626366822,0.16637978451169624,0.0,0.27811907822469295
BY,Europe,1,0.14912820124521334,0.16551463502539396,0.0,0.2766729014649194
BY,Europe,2,0.10726534131803499,0.1615097851766025,0.0,0.26997842742383854
BY,Europe,3,0.08490861149251357,0.15943565127642242,0.0,0.26651132226965357
BY,Europe,4,0.08740739764967041,0.16070562508660824,0.0003654868150319139,0.2678043652191591
BY,Europe,5,0.12460415485810108,0.17048040439014764,0.009968741848971122,0.2623396940019266
BY,Europe,6,0.17276576857296524,0.20868429323772947,0.040047525710228044,0.2579073679123936
BY,Europe,7,0.2299697265850191,0.26787499447362967,0.09092222212891427,0.24133947565363986
BY,Europe,8,0.28645557617814515,0.35542472281146104,0.16298218106465914,0.2240753347641728
BY,Europe,9,0.3282519926322962,0.45463239753823126,0.24063819456877109,0.2135927250672014
BY,Europe,10,0.3550187218853298,0.5424911014895379,0.31009811514061786,0.20274843106330945
BY,Europe,11,0.37432155618716373,0.6046734009215861,0.3527158502831301,0.20992863262126138
BY,Europe,12,0.38435392836411164,0.6342680451626611,0.3694898274833324,0.22131361858313117
BY,Europe,13,0.4021760914712621,0.6266047822302521,0.36047248154236106,0.22897758139222293
BY,Europe,14,0.4151745639149125,0.5880223897917545,0.3281722439259692,0.2378209965372524
BY,Europe,15,0.4236152623595326,0.521882769898717,0.2796536552956333,0.23742361014808072
BY,Europe,16,0.42709434392613577,0.43916268592969065,0.21349865291556827,0.24935378935055072
BY,Europe,17,0.4410777945572142,0.3444943259708018,0.14148924619355316,0.2546037058327853
BY,Europe,18,0.46124824501131134,0.26432298931370607,0.0796974049163831,0.2608878285412062
BY,Europe,19,0.4851779170384838,0.20614907930489684,0.03299771866903599,0.26967605427275737
BY,Europe,20,0.5080927735048502,0.1783890970074004,0.007405442927351064,0.28137974867094573
BY,Europe,21,0.503623257173025,0.17230716319831138,0.00014409713187674955,0.2877000642888677
BY,Europe,22,0.4375032530815681,0.17198587895967576,0.0,0.2874901795570368
BY,Europe,23,0.3270482992485373,0.17202252181215166,0.0,0.2875514314476077
CA,North America,0,0.4105728181968269,0.47618580266776356,0.0,0.3698845485628187
CA,North America,1,0.3242257857198827,0.46834868711521577,0.0,0.3637969501255101
CA,North America,2,0.25722561022052604,0.4602465314268082,0.0,0.35750347774056546
CA,North America,3,0.21578167059213896,0.45624712273134505,0.0,0.3543968763434806
CA,North America,4,0.20631250266057258,0.4549988237923064,0.0,0.3534272411990663
CA,North America,5,0.24033256389405555,0.45297118552986193,0.0005127540213867124,0.3516808619712648
CA,North America,6,0.31102120752040263,0.46012250714211356,0.014748319188394948,0.35247773274833066
CA,North America,7,0.4017242977766075,0.4680310651439638,0.06293831780865741,0.34251403190990953
CA,North America,8,0.49950999421951003,0.49305217590646816,0.14615908294164692,0.3341342512634987
CA,North America,9,0.5743429051692563,0.5300252109698409,0.25781660897953734,0.32553374304666144
CA,North America,10,0.619767984959056,0.5788388712856847,0.36916751998088815,0.32623310171626313
CA,North America,11,0.645829282102628,0.6251611910422337,0.45120977844055477,0.3347932568120571
CA,North America,12,0.6618633573769481,0.6548754723361614,0.4967269226543819,0.34266084444964007
CA,North America,13,0.6742416594679387,0.6613487379225127,0.5022754163874977,0.3458345498787486
CA,North America,14,0.6816864203752453,0.6465771019465549,0.46693494122457174,0.346172487852892
CA,North America,15,0.6802017899567682,0.6166806044857993,0.40327521506342506,0.3442272503432164
CA,North America,16,0.6641355224232312,0.5764446167450734,0.30933754939907654,0.34437060967537236
CA,North America,17,0.6516147773481524,0.5266234637016947,0.201894272902149,0.34158259678452313
CA,North America,18,0.6544165925518775,0.4884454801625793,0.10542243820242404,0.34417155057719123
CA,North America,19,0.6698035339957848,0.471281186180727,0.03895199567501511,0.3530556856519184
CA,North America,20,0.6757467782655592,0.46781789320158396,0.005518780373188207,0.3615400772986145
CA,North America,21,0.6528684851180255,0.4759865661792122,0.0,0.3697297885968302
CA,North America,22,0.5881025906972883,0.47859691222443235,0.0,0.3717574145006679
CA,North America,23,0.5050020352128647,0.4774229559812097,0.0,0.3708455261734139
CH,Europe,0,0.19775772194013824,0.0036470062784204767,0.0,0.09663563360427709
CH,Europe,1,0.15219254436880925,0.003736375164896143,0.0,0.09900366324551618
CH,Europe,2,0.1319255925545708,0.0036994548093741164,0.0,0.09802537539065913
CH,Europe,3,0.14546773919088932,0.003960125908684128,0.0,0.10493244242621581
CH,Europe,4,0.2156509467809084,0.00502549590903361,0.0002681524314867307,0.1111688770126645
CH,Europe,5,0.32824098699420295,0.041790473109475264,0.012084320605909662,0.1162181833926666
CH,Europe,6,0.4489155464885131,0.17009469318022824,0.053952820620982174,0.08201676716455714
CH,Europe,7,0.5397502739962085,0.3946132980605556,0.126466308930125,0.0838353857970413
CH,Europe,8,0.5822285222510392,0.6804057151543075,0.21869336610087237,0.09240238894938706
CH,Europe,9,0.5981718806286916,0.9869410335155597,0.317606930045597,0.1021949376069531
CH,Europe,10,0.5908524043676632,1.2392268982836818,0.3990100854983311,0.11066964971676452
CH,Europe,11,0.5966020367588999,1.402646798241251,0.4516667045371429,0.12213275169913675
CH,Europe,12,0.6114750626632428,1.4636743457265728,0.47165297444381543,0.09998979712543306
CH,Europe,13,0.6182070985904649,1.386491766756033,0.4467125045762129,0.10039529099533531
CH,Europe,14,0.627625927537139,1.2231561933169925,0.3938424581851545,0.10867118673342518
CH,Europe,15,0.6266178931022941,0.9806343371744145,0.31544413612181665,0.11246974879776261
CH,Europe,16,0.6063289881957795,0.6709682930693947,0.21540739222929003,0.11184093452817646
CH,Europe,17,0.5907302557118426,0.3979851368518168,0.1271627486008002,0.11606025285301551
CH,Europe,18,0.6154788413417462,0.18079901418258376,0.057342826527078394,0.08761520824503313
CH,Europe,19,0.6471282079460167,0.04712605506311698,0.01402501012574614,0.0984277513094125
CH,Europe,20,0.6305515837857423,0.005396684029681031,0.0004925104709873462,0.10260326677461279
CH,Europe,21,0.5326965175968271,0.004320710532631033,0.0,0.11448694300639052
CH,Europe,22,0.3946709022396721,0.004667213185357806,0.0,0.12366831008819237
CH,Europe,23,0.27646702307858595,0.004727380605822155,0.0,0.12526258121224035
CL,Latin America,0,0.2921743849963645,0.1780237127700978,0.0,0.34088626001436956
CL,Latin America,1,0.20268416192668598,0.1550158434758499,0.0,0.29682995766803966
CL,Latin America,2,0.14900267242007353,0.1507170505114363,0.0,0.28859847303370073
CL,Latin America,3,0.1245430103302255,0.13995594664318647,0.0,0.26799272116955913
CL,Latin America,4,0.13922248859134756,0.1274892218149491,0.0,0.2441209844486523
CL,Latin America,5,0.2028180596846567,0.11966424807988142,0.00041657859464840535,0.2282855636732871
CL,Latin America,6,0.30954288316633466,0.14475340393861086,0.032293047076635294,0.2111417910747231
CL,Latin America,7,0.4247253172536394,0.28169195157525,0.1608684977552975,0.21042787751858
CL,Latin America,8,0.5038315657990858,0.5114793032712797,0.366714066904965,0.22949162814012394
CL,Latin America,9,0.5522786347698935,0.7374148058273249,0.5575154305863078,0.27194418402447895
CL,Latin America,10,0.5819538630466625,0.9273342789101939,0.7035869286573376,0.3369017374143266
CL,Latin America,11,0.578610766770342,1.056408922475682,0.7950746643830772,0.39697180845196484
CL,Latin America,12,0.5768396307218877,1.1140250953414734,0.8297327751454759,0.43642366171492525
CL,Latin America,13,0.6085326104123469,1.1013550442082425,0.8081837835248922,0.4562289376825402
CL,Latin America,14,0.6378989968094922,1.0369615159144812,0.7312002624693356,0.4903523933636671
CL,Latin America,15,0.6429249801881641,0.9079821611999316,0.5992658943982749,0.513175635528265
CL,Latin America,16,0.6249222588302422,0.7268745211899422,0.4219512882729551,0.5289815147976514
CL,Latin America,17,0.6116002057699439,0.5129672561507049,0.21748114596088877,0.5375128674451393
CL,Latin America,18,0.6246319387530838,0.33437448352341803,0.05643150791819336,0.5248734565923465
CL,Latin America,19,0.668705688213433,0.25465870522151735,0.0028445133953323076,0.4818128690037424
CL,Latin America,20,0.7039951382941677,0.24379126232397094,0.0,0.46682034850673837
CL,Latin America,21,0.6713549748800995,0.23289116082986017,0.0,0.445948438948808
CL,Latin America,22,0.5611854390487715,0.22008467172437146,0.0,0.42142610927061186
CL,Latin America,23,0.42101176761733916,0.19907687137262609,0.0,0.38119961145409237
CN,Asia-Pacific,0,0.5029707335920565,0.2496090966102134,0.0,0.36571835305267086
CN,Asia-Pacific,1,0.43173311747888443,0.2466797818400595,0.0,0.36142642544321163
CN,Asia-Pacific,2,0.3544740882961907,0.2446424980718238,0.0,0.35844146986852127
CN,Asia-Pacific,3,0.3069638675804461,0.2422799787483081,0.0,0.35497999074862957
CN,Asia-Pacific,4,0.30165978616845496,0.23808507286455677,6.243149019229536e-05,0.3487167157055024
CN,Asia-Pacific,5,0.3303679143005678,0.23703631863086075,0.0024895346349441618,0.3426297123917302
CN,Asia-Pacific,6,0.36396852782135164,0.2554214761752632,0.021177506808065738,0.33453021765636354
CN,Asia-Pacific,7,0.417019670346277,0.313922993621797,0.07683802831128256,0.3158905361787127
CN,Asia-Pacific,8,0.4623449755028425,0.43568754800871423,0.17811011210679095,0.30442767290906114
CN,Asia-Pacific,9,0.48424777076265685,0.5997947786414124,0.308767713063264,0.2999109383993038
CN,Asia-Pacific,10,0.47582491298746116,0.7612426116383068,0.431787566602127,0.3058172278542553
CN,Asia-Pacific,11,0.47778790975577845,0.8838669503956257,0.5227687904804981,0.31490770373378735
CN,Asia-Pacific,12,0.5104225135336341,0.9486773547142476,0.569231481304901,0.3227559481063543
CN,Asia-Pacific,13,0.5258393889290078,0.951858435154136,0.568271909815297,0.3292157872963228
CN,Asia-Pacific,14,0.5260136537378197,0.8955188716951074,0.5197775932980746,0.33758767003829615
CN,Asia-Pacific,15,0.5147223007021771,0.7840140088367045,0.43099740264387887,0.34066249068444937
CN,Asia-Pacific,16,0.4906719065763575,0.6295417130129185,0.30998792604607256,0.3412073945460426
CN,Asia-Pacific,17,0.4654671103941787,0.47335426851153,0.1827008905053426,0.3510086800278998
CN,Asia-Pacific,18,0.47714199049657124,0.35329563087816823,0.08142678254822501,0.36497478669030714
CN,Asia-Pacific,19,0.49411960677894273,0.2853320991634957,0.02558718272065057,0.3700868034886937
CN,Asia-Pacific,20,0.5154114870190033,0.26174609524077797,0.005052752502345575,0.3740279985387323
CN,Asia-Pacific,21,0.5289848159850539,0.2570417552247899,0.0005757896271457317,0.3755289118644782
CN,Asia-Pacific,22,0.5501557430388394,0.25365453182602055,5.0326244238180865e-06,0.3716361452483458
CN,Asia-Pacific,23,0.5473273795527713,0.2533373018324873,0.0,0.3711807864825774
CO,Latin America,0,0.3094507653085756,0.006540190689331477,0.0,0.14454499030717335
CO,Latin America,1,0.21218761085986526,0.008474320322054028,0.0,0.18729125907740005
CO,Latin America,2,0.1540467847292679,0.007623560462588345,0.0,0.16848858473935727
CO,Latin America,3,0.12724729697752996,0.0068522865887725715,0.0,0.15144263303695016
CO,Latin America,4,0.1309391570307912,0.005881016273582111,0.0,0.12997655277053508
CO,Latin America,5,0.1783475195965833,0.005295315209100898,0.0,0.11703195242020617
CO,Latin America,6,0.2782955797918583,0.008332804060142673,0.0015986517036098327,0.10362986809097659
CO,Latin America,7,0.39757085002098774,0.16544542768992276,0.07115200305991239,0.07215953217164779
CO,Latin America,8,0.5189975079230067,0.5436918100602977,0.23760431298145135,0.046588996832771644
CO,Latin America,9,0.5915236951148715,0.9607143109924932,0.42070789830027283,0.03918561576732141
CO,Latin America,10,0.6378669984566778,1.2967301315020385,0.5684504513940106,0.0227992838396821
CO,Latin America,11,0.6625086040999151,1.5314607149113453,0.6715395801801787,0.01736676199519028
CO,Latin America,12,0.6311957203646466,1.6499044984086688,0.7235948772351461,0.012757600372686211
CO,Latin America,13,0.627952436174725,1.615757617948962,0.7086823958852925,0.009307853689212926
CO,Latin America,14,0.6769766898315045,1.4566965245668964,0.6389237142382687,0.008058715353859052
CO,Latin America,15,0.6955977657327249,1.1794807356524566,0.517211655077127,0.012673579772491903
CO,Latin America,16,0.6862096994342535,0.8103641035362023,0.3550967659952425,0.021518988546770923
CO,Latin America,17,0.6508273827266277,0.422073825359602,0.18446451509033096,0.03567787580201866
CO,Latin America,18,0.6405028803799799,0.10608205747571793,0.04542682654097832,0.05609995167193994
CO,Latin America,19,0.6543481183117705,0.0044812264348766465,0.0004152264553697142,0.07812228440221224
CO,Latin America,20,0.6766268314450339,0.0036187159387632436,0.0,0.0799773714772854
CO,Latin America,21,0.6575624675145684,0.003995215621483767,0.0,0.08829840454414456
CO,Latin America,22,0.5722811287379628,0.004638058624152188,0.0,0.10250590093126277
CO,Latin America,23,0.44080555835518515,0.005734580589463115,0.0,0.12674017243438798
CR,North America,0,0.34204874811975444,0.17006269767265356,0.0,0.037483724640649585
CR,North America,1,0.23324924498415497,0.15011836477844592,0.0,0.033087770133407024
CR,North America,2,0.1637469344236613,0.1394522970424935,0.0,0.030736849258433487
CR,North America,3,0.12804671536287784,0.13289701768876036,0.0,0.029291992216880273
CR,North America,4,0.13209931731385474,0.13528857763244934,0.0,0.029819118833226188
CR,North America,5,0.19379851266196518,0.13461499618229505,0.0,0.0296706539320682
CR,North America,6,0.29718918198594335,0.1163403228395274,0.007084751241127432,0.024309433399469157
CR,North America,7,0.4107442394157816,0.20213970589643243,0.09714340441097886,0.026272461874531722
CR,North America,8,0.5117609725255967,0.37582880887218,0.2434523934248258,0.03702163194770089
CR,North America,9,0.5733971854078805,0.5563456476335915,0.3846602564554763,0.05023569123749901
CR,North America,10,0.6160665183615754,0.7835744221040777,0.5120271202958303,0.07635031915738615
CR,North America,11,0.6381361848155798,0.9647873312853277,0.5972688730824876,0.10025004956473413
CR,North America,12,0.6402970458229781,1.0876650593324149,0.6185164625893109,0.12333509907269456
CR,North America,13,0.662282374457374,1.201785661645807,0.6006051706665928,0.15185928079477443
CR,North America,14,0.6754340833747939,1.1141552927120657,0.5144332051960593,0.14876124764778695
CR,North America,15,0.6797044561394938,1.0161179228570503,0.39710794511161174,0.1492321261928677
CR,North America,16,0.6730889369641285,0.8073882631636526,0.26258238129181277,0.12854210460928833
CR,North America,17,0.6702142707397042,0.6506810413562459,0.12537325250629008,0.1198234308793529
CR,North America,18,0.7029452536849612,0.5840821518897712,0.021203886227380415,0.12474789824167164
CR,North America,19,0.7140493702618932,0.5616067764290381,0.0,0.12378442804964385
CR,North America,20,0.7151030757963454,0.4456072631695337,0.0,0.09821683519728239
CR,North America,21,0.6804108491880013,0.3322631916192031,0.0,0.07323453145998343
CR,North America,22,0.6031426428037321,0.2635707285367315,0.0,0.05809394268708529
CR,North America,23,0.47715066028652997,0.20773323255881054,0.0,0.045786732743323885
CU,North America,0,0.5256125100521776,0.020796081444908618,0.0,0.32496062743058557
CU,North America,1,0.4328056592214613,0.019823916385414295,0.0,0.3097695267159501
CU,North America,2,0.35840071344730046,0.018094711684394083,0.0,0.2827488860203434
CU,North America,3,0.3126363251300229,0.017273595352504834,0.0,0.26991808041347487
CU,North America,4,0.30870131119097716,0.01659362600317986,0.0,0.2592928447422466
CU,North America,5,0.360754913844818,0.01677672177817866,0.0,0.2621539086441706
CU,North America,6,0.42594482602108136,0.018265359326844696,0.0004980952312521739,0.26750963192236576
CU,North America,7,0.4939001437438402,0.10379726056283403,0.0380627915213206,0.2536389976799314
CU,North America,8,0.5653722022536091,0.42457514179840244,0.17741130599089583,0.25675303584867015
CU,North America,9,0.5824241352604749,0.8544322552491114,0.36335127732761335,0.28944925098289065
CU,North America,10,0.5968033898326344,1.2206425201399256,0.521847855325341,0.31414685157130506
CU,North America,11,0.5878673898477792,1.4732472152208576,0.6305672670135473,0.35305513839950897
CU,North America,12,0.5917407940914811,1.6123587742116694,0.6897434804306762,0.3995201940536214
CU,North America,13,0.6169618827431955,1.6234284634107459,0.6932441102739857,0.4466531434127145
CU,North America,14,0.6245967921239599,1.4948517704908126,0.6363273277259095,0.4835831708649484
CU,North America,15,0.5867692928352094,1.2639292347380509,0.5361994564659772,0.4746279626761916
CU,North America,16,0.543698369237071,0.9571234585747395,0.4035038762213981,0.4506793907594742
CU,North America,17,0.4855416278750798,0.6079967321191146,0.25246624955273717,0.42479152393326325
CU,North America,18,0.4657354512702473,0.27271156607843683,0.10739480870424295,0.40071683736386177
CU,North America,19,0.48368366798656476,0.06715937529398502,0.01844666019870288,0.38630507473509856
CU,North America,20,0.5268269800653326,0.023951132887703636,0.0,0.37426162190603524
CU,North America,21,0.5654954529959134,0.02352510951988692,0.0,0.3676045590707816
CU,North America,22,0.5850421263913714,0.02322987623127772,0.0,0.36299122867202366
CU,North America,23,0.5692221305408847,0.02195418949950765,0.0,0.34305728285347786
CV,Africa/MENA,0,0.1778850412177918,0.2584889852468272,0.0,0.4074101505645895
CV,Africa/MENA,1,0.12400288347754654,0.2533861729209204,0.0,0.39936749630597435
CV,Africa/MENA,2,0.09098831147697986,0.25295892876904813,0.0,0.3986941074415479
CV,Africa/MENA,3,0.07992048921253907,0.253317964094415,0.0,0.39925999088074376
CV,Africa/MENA,4,0.0882858873954435,0.2557193378135526,0.0,0.40304484858963796
CV,Africa/MENA,5,0.1575734657436437,0.26584254103741267,0.0,0.419000250889239
CV,Africa/MENA,6,0.25709751054208896,0.27583004925402754,0.014188955182537964,0.4238800128948237
CV,Africa/MENA,7,0.37511933642671424,0.32026751591346425,0.12652285173608702,0.4079263038624042
CV,Africa/MENA,8,0.43312704698488275,0.4164083319004395,0.31408778440768886,0.4158733644904754
CV,Africa/MENA,9,0.5473714030275,0.5110750227401307,0.49233430629277164,0.4286303485767306
CV,Africa/MENA,10,0.4967325891287903,0.5671318208046534,0.6278894756181743,0.4132140362551585
CV,Africa/MENA,11,0.47556375413071345,0.6149177282598712,0.7182561294348024,0.41935399318954864
CV,Africa/MENA,12,0.4629189034519415,0.6344058335729643,0.7510331515813305,0.42497852764651456
CV,Africa/MENA,13,0.5158624875516351,0.622507894270286,0.7222318921834526,0.4282735391503936
CV,Africa/MENA,14,0.5266076549963248,0.5810583871129081,0.6384147424467218,0.42710681923808863
CV,Africa/MENA,15,0.5781207895891363,0.5181878833580418,0.5028216059268429,0.4318129650178482
CV,Africa/MENA,16,0.5103124160727813,0.41302823185994364,0.3304218236484972,0.3980420658946103
CV,Africa/MENA,17,0.4972050303432111,0.3361292479917907,0.1482556903114841,0.4162896504872922
CV,Africa/MENA,18,0.49332452487548883,0.2774677353531327,0.02265581683742837,0.4199797496906449
CV,Africa/MENA,19,0.490292981999945,0.26446512560703206,0.0,0.416829276263974
CV,Africa/MENA,20,0.48192297880461116,0.26499274903453646,0.0,0.4176608751030336
CV,Africa/MENA,21,0.4490140544294439,0.26509469587537365,0.0,0.41782155575151625
CV,Africa/MENA,22,0.3728071658791718,0.2631027970686922,0.0,0.41468208041965793
CV,Africa/MENA,23,0.26713517470010106,0.26340690159896163,0.0,0.41516138622971444
CZ,Europe,0,0.23515645265829077,0.044214431298996465,0.0,0.18348662890890602
CZ,Europe,1,0.162252054470084,0.04192233703637682,0.0,0.1739746067696759
CZ,Europe,2,0.1260275764961922,0.04189203881548461,0.0,0.17384887138758187
CZ,Europe,3,0.11645051437186345,0.04089141855566028,0.0,0.16969637110884855
CZ,Europe,4,0.13984389163885314,0.04026679969212299,0.0,0.16710424889317796
CZ,Europe,5,0.2089286969663491,0.05531633698861581,0.005362517140961599,0.16355120594862343
CZ,Europe,6,0.31112459095236816,0.1401258647862742,0.03400718114232569,0.1629157768796296
CZ,Europe,7,0.4170200720247934,0.3110122512343585,0.09253445540034826,0.1516663010737849
CZ,Europe,8,0.49795095634972486,0.5574011381134771,0.1752160258437699,0.1564300987318344
CZ,Europe,9,0.5449699280422893,0.8368067519556016,0.2691806200211741,0.15932753038276623
CZ,Europe,10,0.5646945866108852,1.0756332437312632,0.34901428237098997,0.1677630004689764
CZ,Europe,11,0.5729498514650262,1.2464080865537575,0.4060069032796913,0.17494075770607603
CZ,Europe,12,0.5869932497571205,1.3155153612042054,0.42887255661601226,0.18027629019673874
CZ,Europe,13,0.5963518598106486,1.2878489482728706,0.41977887739300473,0.1773973051414099
CZ,Europe,14,0.6010792356433086,1.1708815616696961,0.38021197666296724,0.17902239301562145
CZ,Europe,15,0.6084266413090368,1.001993449354221,0.32323347564852606,0.1795006256889892
CZ,Europe,16,0.6168740602344208,0.7580955710127072,0.2410777403625351,0.17860179642212684
CZ,Europe,17,0.6379791978736051,0.5134847314403885,0.15809394802951338,0.18493682949176005
CZ,Europe,18,0.6681016109299425,0.28905483822042816,0.08231073525640241,0.1863889792702337
CZ,Europe,19,0.706871358538803,0.13951661808927796,0.03151589561715722,0.19105281594094828
CZ,Europe,20,0.7092273637481135,0.06404701851906212,0.00524643402823793,0.2012117636756354
CZ,Europe,21,0.6361370423380438,0.04761920694912799,1.6993986961952582e-05,0.19740701683959883
CZ,Europe,22,0.49711861178153416,0.046646593217971,0.0,0.1935799214914883
CZ,Europe,23,0.349412555654457,0.045347362953807965,0.0,0.1881882117183692
DE,Europe,0,0.22478725198215171,0.2779107831898667,0.0,0.5607524547847133
DE,Europe,1,0.16599711458762198,0.27094269142628413,0.0,0.5466926384769575
DE,Europe,2,0.13187167306215739,0.2701469082956137,0.0,0.5450869528721107
DE,Europe,3,0.11604886998791407,0.2683626920264077,0.0,0.5414868635148706
DE,Europe,4,0.12628138933553096,0.26947311150898207,0.0,0.5437274043227778
DE,Europe,5,0.17070663310995268,0.2727268287552899,0.00432261935763286,0.5443886331689779
DE,Europe,6,0.24033535607796094,0.28742404939737376,0.02844017630323763,0.541103515246182
DE,Europe,7,0.31872213544129724,0.31515019275349315,0.07823977041767723,0.5290302794733717
DE,Europe,8,0.38194380210249185,0.3615101354833616,0.14991370023425993,0.5246787732246102
DE,Europe,9,0.4187261416669211,0.4211232094472334,0.23609388560700786,0.5272556901225871
DE,Europe,10,0.43762032672631873,0.4750484217782282,0.3157066935034264,0.5273258446388429
DE,Europe,11,0.4457117035544919,0.5173560561395948,0.37778188451256783,0.527908006414626
DE,Europe,12,0.4547238308190888,0.540273990073745,0.40952114751372665,0.5308002670064212
DE,Europe,13,0.46146413355141175,0.5349381259144458,0.4068386826510643,0.5236976397599508
DE,Europe,14,0.4681201825167366,0.5184144905936128,0.3789827468336683,0.5284034887531932
DE,Europe,15,0.47461899296985943,0.4852876730676262,0.3257236036538411,0.5343046872702628
DE,Europe,16,0.4765576133962941,0.43809973876873054,0.25327877593456544,0.5380384300949641
DE,Europe,17,0.4724699009910621,0.3848072103468145,0.17160154149470566,0.5420645113420602
DE,Europe,18,0.4767088239615015,0.3378642686442742,0.09962376663330266,0.5456546743905647
DE,Europe,19,0.4972688028334857,0.29995678485565647,0.04365124109676228,0.5456157200076908
DE,Europe,20,0.5054316672391168,0.2839328183842132,0.011110341696673862,0.5577286058412472
DE,Europe,21,0.4821006690810721,0.2786840083416923,0.0004653172922149294,0.5616770828691232
DE,Europe,22,0.4084351431987329,0.27861782961762604,0.0,0.5621790925547991
DE,Europe,23,0.3099217124437388,0.2785218518267436,0.0,0.5619854340676244
DK,Europe,0,0.261754462563267,0.4433937594831891,0.0,0.5336704478190899
DK,Europe,1,0.18280374484806752,0.430709436932246,0.0,0.5184035480234463
DK,Europe,2,0.1399006616397841,0.4306591132248455,0.0,0.518342978214129
DK,Europe,3,0.12223146306116722,0.43166909691425914,0.0,0.5195585984981124
DK,Europe,4,0.139486938716738,0.43383941267320203,0.00010567096741820037,0.5221001416079407
DK,Europe,5,0.2142882871034179,0.43631323028957547,0.006131780976069463,0.5210482534521396
DK,Europe,6,0.3340541172998928,0.45113747537899607,0.029664355081119927,0.5231556144319071
DK,Europe,7,0.4769899262016287,0.46701793868375874,0.0741653330569602,0.5125136294347916
DK,Europe,8,0.5913717315953814,0.4957243255479139,0.13740752218061883,0.5047775835275983
DK,Europe,9,0.6415391915881273,0.5352778549610154,0.21232313409745723,0.5022917155942611
DK,Europe,10,0.6469555600804556,0.5748387358388178,0.2888346301882773,0.49874760102836313
DK,Europe,11,0.6453646429540664,0.6130621866405799,0.3489399928368901,0.5045637828172924
DK,Europe,12,0.6604495037231592,0.6383676106546626,0.3873214954137844,0.5093575308705043
DK,Europe,13,0.6677180865755403,0.6392866270790923,0.3932479088131761,0.5065009405433508
DK,Europe,14,0.6682930904632528,0.6188937286522062,0.3592320687254916,0.5047008081474819
DK,Europe,15,0.6663935887751029,0.5936063465544416,0.30987202693386084,0.5072696233412238
DK,Europe,16,0.6560903918010467,0.5556877271514513,0.24403052849376697,0.5056558299150266
DK,Europe,17,0.630145211769975,0.5200970838344786,0.17354967266353452,0.5099461239988113
DK,Europe,18,0.6461533277744973,0.48496358855277827,0.10677699979167557,0.5123071505900509
DK,Europe,19,0.7004700119023308,0.46322087935448086,0.053246781169513806,0.5219307546763461
DK,Europe,20,0.7263593833061993,0.4504994034104815,0.017917740431473355,0.5302420534388791
DK,Europe,21,0.6866292446233042,0.44568367844291873,0.002336637988040219,0.5348642000174598
DK,Europe,22,0.5519742485081149,0.446474548497921,0.0,0.5373784974205196
DK,Europe,23,0.3882698699085221,0.4452628980297277,0.0,0.5359201502197954
DO,North America,0,0.3684373183840169,0.13847060278795503,0.0,0.18623937711298688
DO,North America,1,0.2660391178699391,0.13433477502385513,0.0,0.18067679580602106
DO,North America,2,0.1999947613686113,0.12869324515977978,0.0,0.17308908414235016
DO,North America,3,0.16474397544195427,0.12338679409083146,0.0,0.16595204478624329
DO,North America,4,0.17523970941758993,0.12306922335127293,0.0,0.1655249203603082
DO,North America,5,0.25001256406288186,0.12092707303909611,0.0,0.1626437836295529
DO,North America,6,0.3557198187120951,0.14450740732019576,0.01361316966523079,0.16477625812613766
DO,North America,7,0.46976066165309055,0.3394271865374586,0.1295550652102366,0.17498765899803034
DO,North America,8,0.5389086756329722,0.692536308379985,0.32611038376802026,0.22278046250128905
DO,North America,9,0.5946303210183386,1.0502675179629417,0.5119017895248217,0.3001806649050345
DO,North America,10,0.6070768099844323,1.2995901252823727,0.6418863096726822,0.3530467581583363
DO,North America,11,0.6525294111598193,1.4224478379888994,0.7049763736729949,0.38118764002085803
DO,North America,12,0.6693097324844975,1.4275906075091251,0.7104810487786776,0.3761424494888373
DO,North America,13,0.6716079016120133,1.3076232320723509,0.659213516057153,0.32619772655754736
DO,North America,14,0.6710723589890853,1.1674908341811416,0.5795033696321735,0.3109395577693574
DO,North America,15,0.6617434222862862,0.9237546924006257,0.44899229958541426,0.2667313495216027
DO,North America,16,0.645941024145964,0.6527972618162624,0.2972189866728887,0.23211570162754383
DO,North America,17,0.667457585556401,0.39336136435340713,0.1522455163196198,0.19821963665709333
DO,North America,18,0.6787393485310532,0.2012080825673192,0.038197212647155865,0.18761418243287878
DO,North America,19,0.7155602363887265,0.14711263573921,0.000806002191883244,0.1961111830123819
DO,North America,20,0.7343435389562177,0.15044366620240612,0.0,0.20234283754101948
DO,North America,21,0.681639023837899,0.155940262326544,0.0,0.20973561707537816
DO,North America,22,0.6096694378341944,0.1516098433679753,0.0,0.2039113156478967
DO,North America,23,0.49417894851439265,0.14776512438146147,0.0,0.19874026811285195
DZ,Africa/MENA,0,0.35781543802801014,0.0,0.0,0.3017499392021762
DZ,Africa/MENA,1,0.26340727476655157,0.0,0.0,0.29798517680839537
DZ,Africa/MENA,2,0.18319147040295208,0.0,0.0,0.28971512988634224
DZ,Africa/MENA,3,0.13365212033579288,0.0,0.0,0.2944021297707581
DZ,Africa/MENA,4,0.12032103297917189,0.0,0.0,0.29118421335602485
DZ,Africa/MENA,5,0.13329729768696433,0.00156416358353112,0.0009668311814830726,0.2924191484627168
DZ,Africa/MENA,6,0.15778609231559906,0.04589649761558898,0.02836926104329808,0.28000959393975067
DZ,Africa/MENA,7,0.19572139588141385,0.19331447034096497,0.11949035236812945,0.26177312466267816
DZ,Africa/MENA,8,0.23947847326200764,0.4382762535998416,0.27090462439185103,0.2479592598173831
DZ,Africa/MENA,9,0.27967728558071364,0.702411954808326,0.43417056074279664,0.247443127550088
DZ,Africa/MENA,10,0.31714292633599056,0.9137263627153864,0.5647869238983416,0.25795682098288797
DZ,Africa/MENA,11,0.3523256084361062,1.047516539009481,0.647484485444451,0.27366679406312006
DZ,Africa/MENA,12,0.3873016969691994,1.0909353930501131,0.6743222806678751,0.2762665244937028
DZ,Africa/MENA,13,0.4440326174684467,1.0547093414321913,0.6519304562736812,0.2856137468319408
DZ,Africa/MENA,14,0.4419391050498372,0.9363007171180827,0.5787404451081275,0.30005137514068936
DZ,Africa/MENA,15,0.41351112246778704,0.7474431689926933,0.46200497810929897,0.334102171732744
DZ,Africa/MENA,16,0.4153951532288868,0.5134227866316052,0.31735373756672713,0.32673000648207334
DZ,Africa/MENA,17,0.41848102637578655,0.2633183916935952,0.16276074601648344,0.3353593147541297
DZ,Africa/MENA,18,0.429107239761648,0.08923410459692094,0.05515683633374188,0.33721204355030043
DZ,Africa/MENA,19,0.45372343884482874,0.011442986418442271,0.0070730684406176015,0.33960237753144756
DZ,Africa/MENA,20,0.4852339067309527,0.0,0.0,0.33779428351946317
DZ,Africa/MENA,21,0.49723881657085084,0.0,0.0,0.3364760096896916
DZ,Africa/MENA,22,0.4876958163688921,0.0,0.0,0.3263354315989705
DZ,Africa/MENA,23,0.4420367757583738,0.0,0.0,0.3124462152232151
EC,Latin America,0,0.29860095398621644,0.006022807167557805,0.0,0.006058847065361575
EC,Latin America,1,0.21007300826826533,0.006895890771105243,0.0,0.006937155117072571
EC,Latin America,2,0.15382320162208055,0.005758385665236666,0.0,0.005792843290247092
EC,Latin America,3,0.12492424331565233,0.004761450874869591,0.0,0.004789942938147379
EC,Latin America,4,0.11788153320157094,0.004777610374631896,0.0,0.0048061991347993225
EC,Latin America,5,0.14164646634591951,0.00507897408818811,0.0,0.005109366179781591
EC,Latin America,6,0.2040180201734353,0.005655333064015082,0.0,0.005689174032188737
EC,Latin America,7,0.2834323722280897,0.08556473157630286,0.04317018860443194,0.008357419682696553
EC,Latin America,8,0.36994066391973884,0.3764633935147681,0.2083555244667432,0.003613506834206618
EC,Latin America,9,0.43187510915603367,0.7353272476060726,0.4087220696402197,0.003904725725143626
EC,Latin America,10,0.46617147334269093,1.0244675323510517,0.562212283192044,0.01844665121235309
EC,Latin America,11,0.4887673433567665,1.2399508368048706,0.6704478762133064,0.04036276750226203
EC,Latin America,12,0.4864133997922202,1.286317693702593,0.6903450599110081,0.05118616443303422
EC,Latin America,13,0.48605611585914665,1.2701060349393503,0.6819858061811512,0.04992666744073142
EC,Latin America,14,0.5267292900472892,1.151466634229091,0.6182735373985513,0.04527858538059619
EC,Latin America,15,0.5521887300128804,0.9873306796105712,0.5328685752261122,0.0339150746371494
EC,Latin America,16,0.5466352296703029,0.7368072499472933,0.3979162859903218,0.024847244687339395
EC,Latin America,17,0.5203649993405853,0.45883391822657055,0.2476926745657124,0.01565822792965023
EC,Latin America,18,0.5263696272007982,0.17344033909511355,0.09188209658441805,0.009062781808375598
EC,Latin America,19,0.5603652997055611,0.011560350022140285,0.0031038522776277097,0.006041658453716664
EC,Latin America,20,0.5900870498518552,0.006052372976773437,0.0,0.006088589793530939
EC,Latin America,21,0.5837395426954165,0.006506620544938012,0.0,0.006545555535377455
EC,Latin America,22,0.518234172129641,0.006287930345890066,0.0,0.006325556715248825
EC,Latin America,23,0.4135724290740333,0.006476256797194499,0.0,0.006515010093892939
EE,Europe,0,0.2874348711210358,0.3405196523221862,0.0,0.4387955465129821
EE,Europe,1,0.20391142625565725,0.3307337267975177,0.0,0.42618534763180455
EE,Europe,2,0.15496633461741416,0.3207971894319096,0.0,0.4133810694820568
EE,Europe,3,0.12993440577162188,0.3210344421172592,0.0,0.41368679463189656
EE,Europe,4,0.12961062917872426,0.32143327150627576,0.0005211549142902846,0.41347322559311545
EE,Europe,5,0.16965790327248653,0.3287531271870678,0.008187327447417991,0.4122040888487624
EE,Europe,6,0.25540131608744976,0.3535475650840907,0.03042259736056726,0.41311515988905023
EE,Europe,7,0.37036150726081496,0.3912637747808444,0.06941489942062226,0.40728542808081125
EE,Europe,8,0.4812169126088005,0.43974965370068286,0.12261288507859092,0.3955032204443116
EE,Europe,9,0.5534904316158935,0.5075198593244977,0.1862017907392442,0.3940657673180277
EE,Europe,10,0.5825229284030136,0.5780999789996301,0.25153303022334744,0.3938169856397178
EE,Europe,11,0.5899871484181691,0.6373581853335463,0.30649691242971616,0.3934509680313003
EE,Europe,12,0.598230735066152,0.6770455635199046,0.3442250536713421,0.3919259922085109
EE,Europe,13,0.6113340992282396,0.7011955420699705,0.35901882081591574,0.4023945270886399
EE,Europe,14,0.6193086276824437,0.6813906624320732,0.3375082911061531,0.40690133257905453
EE,Europe,15,0.6174225906729425,0.6385572422537871,0.2922659122978658,0.41486175239401435
EE,Europe,16,0.6062843488025698,0.5848240140881974,0.2381267728317137,0.42119599375476124
EE,Europe,17,0.5994000201786409,0.520269561853045,0.1749880388526825,0.4261488705980106
EE,Europe,18,0.6047493102681202,0.45085678681266533,0.1115214815513663,0.425298908097289
EE,Europe,19,0.6184975696838124,0.4051268722888132,0.061669435828375925,0.4359617237430163
EE,Europe,20,0.6326472555975802,0.37416269256012263,0.026272516693472536,0.44547320788468814
EE,Europe,21,0.6140363867025839,0.3577125849576836,0.00661914940778066,0.45171049765323495
EE,Europe,22,0.5289119392174393,0.35478865940476073,0.0003302256677405475,0.4567216932096247
EE,Europe,23,0.40608616584074386,0.34866425472581847,0.0,0.44929072715369117
EG,Africa/MENA,0,0.5421426474047434,0.3420720264899567,0.0,0.6559055844061352
EG,Africa/MENA,1,0.48518077483162264,0.3487412150296051,0.0,0.6686934117286399
EG,Africa/MENA,2,0.4141383653078268,0.33292398264595663,0.0,0.6383646790440654
EG,Africa/MENA,3,0.33335061662663595,0.3212003515065174,0.0,0.6158852170056761
EG,Africa/MENA,4,0.27421650124814134,0.3135268146562362,0.0,0.6011716032562822
EG,Africa/MENA,5,0.24045921970524364,0.29920467485666913,0.0,0.5737096339991813
EG,Africa/MENA,6,0.2304826408709266,0.2894934852676622,0.01251968387071531,0.541765795186268
EG,Africa/MENA,7,0.23941765415646452,0.3223158352694458,0.10485254634267076,0.5064426770160534
EG,Africa/MENA,8,0.2737162219511059,0.4010710595272376,0.2876576537704037,0.46291522121722034
EG,Africa/MENA,9,0.31887729546689075,0.5156280573941775,0.47626521663832205,0.48186100592508274
EG,Africa/MENA,10,0.3647607171691597,0.6124734303010785,0.629775634370178,0.5041951497690431
EG,Africa/MENA,11,0.40502277596535385,0.68033812205804,0.7274907349744484,0.5303362850468775
EG,Africa/MENA,12,0.4207541081125007,0.7255202633795659,0.7735815468123631,0.567922052020826
EG,Africa/MENA,13,0.47828176308666004,0.7403014717378965,0.7585168357666199,0.6122957454876937
EG,Africa/MENA,14,0.5057027459840711,0.7045368133426757,0.6870879967007572,0.6197316060451734
EG,Africa/MENA,15,0.5088926778131883,0.659020687753363,0.5646078231857613,0.6627970644113323
EG,Africa/MENA,16,0.517250426743922,0.5635846274433195,0.39802388623597135,0.657077713145308
EG,Africa/MENA,17,0.5207484555284047,0.44825293632107965,0.20909142164989367,0.6369922459883183
EG,Africa/MENA,18,0.5345602272716015,0.3433599695793002,0.058427678807425824,0.5961978940069663
EG,Africa/MENA,19,0.5499827455294961,0.2959223689422326,0.003529304819689711,0.5636601838205186
EG,Africa/MENA,20,0.5579055458428032,0.27943086153717334,0.0,0.5357943600893383
EG,Africa/MENA,21,0.577769054755586,0.2842291525248278,0.0,0.544994837213125
EG,Africa/MENA,22,0.5868593503858431,0.3064708782961478,0.0,0.5876422068034792
EG,Africa/MENA,23,0.5766633915295479,0.3275168374275758,0.0,0.6279967551280914
ES,Europe,0,0.24787933696845735,0.24570741085544345,0.0,0.2700669550849385
ES,Europe,1,0.16923160432895026,0.24023918324839386,0.0,0.2640566049111047
ES,Europe,2,0.12752305009783577,0.2358209205286205,0.0,0.25920031362001095
ES,Europe,3,0.11574871297162222,0.23219533150703875,0.0,0.25521528205731214
ES,Europe,4,0.14530250818383778,0.22904112412696107,0.0,0.25174836512599824
ES,Europe,5,0.2281982983248512,0.22510145865653317,3.2526807101853477e-05,0.24737429605379962
ES,Europe,6,0.35250025255340767,0.22939022552572713,0.009999578426445308,0.238659640966831
ES,Europe,7,0.4763113333186638,0.28856404775107075,0.06490962260568622,0.22971966041028782
ES,Europe,8,0.5612951644358739,0.4111580989374369,0.17320192604506612,0.2185654818977776
ES,Europe,9,0.5927997258043836,0.5821860883479021,0.3146386014598094,0.21599157988229595
ES,Europe,10,0.6098236970396685,0.7466951096670937,0.4446667013060871,0.22162319430814187
ES,Europe,11,0.6144180616213482,0.8819229202534653,0.5426105710686837,0.2382977402704897
ES,Europe,12,0.5856645831180763,0.9571829643530883,0.5950928977071405,0.2503096416461485
ES,Europe,13,0.6024790470186548,0.9788155822928373,0.5991038514788596,0.2686829676799716
ES,Europe,14,0.6514918770386565,0.9470533051139052,0.5621692611005701,0.28353375089528554
ES,Europe,15,0.6624954454465733,0.8611437425655831,0.4850852760100174,0.2929623563051426
ES,Europe,16,0.6473341565379535,0.7331831760486541,0.3746451439005055,0.3011117510653231
ES,Europe,17,0.6289166966586236,0.5851913339096269,0.24503145588489275,0.31307649925080966
ES,Europe,18,0.6203482803977856,0.44057006912945335,0.12272705124407195,0.3188981852309356
ES,Europe,19,0.6256416692402937,0.34350304045280955,0.03842673144841256,0.32578573861363586
ES,Europe,20,0.6550739380574475,0.29237623195050183,0.003214312235694366,0.3170319002473647
ES,Europe,21,0.6435311769017772,0.2713610207560491,0.0,0.29826387551429207
ES,Europe,22,0.5302415443185732,0.2579050439672734,0.0,0.28347386707951894
ES,Europe,23,0.37386076893208636,0.25180349936993507,0.0,0.27676741258154053
ET,Africa/MENA,0,0.26662811458183133,0.33207487413133674,0.0,0.4045773746500706
ET,Africa/MENA,1,0.18235829407170348,0.3079369955890051,0.0,0.375169429963426
ET,Africa/MENA,2,0.1314888947593899,0.28212313938092737,0.0,0.3437195884131497
ET,Africa/MENA,3,0.10195349825591275,0.29370687943417745,0.0,0.35783242712650337
ET,Africa/MENA,4,0.08440010098682633,0.25762553870654875,0.0,0.31387338281872706
ET,Africa/MENA,5,0.08564115807480956,0.23189017582939006,0.0,0.28251917218853706
ET,Africa/MENA,6,0.1164227022459078,0.2163169134135212,0.0,0.26354577156787773
ET,Africa/MENA,7,0.14761497436462737,0.20416293646448036,0.025230183297209545,0.24873819511855078
ET,Africa/MENA,8,0.1879527099180415,0.17850343574314886,0.18177254192245693,0.21747640976419697
ET,Africa/MENA,9,0.23138470014995852,0.2319731413433337,0.38915925758985237,0.2826202517113573
ET,Africa/MENA,10,0.25392639988892235,0.22252365153384462,0.5694672422302638,0.2711076379103094
ET,Africa/MENA,11,0.27069556937107064,0.2159093900809306,0.7098613199703843,0.26304927293804486
ET,Africa/MENA,12,0.26256426744352707,0.20363921632573573,0.8014753749724609,0.24810013022629135
ET,Africa/MENA,13,0.27825260799939516,0.19942893279857,0.8237054180524722,0.24297060797499492
ET,Africa/MENA,14,0.32055866382116277,0.20228659122709564,0.782239712431291,0.24645218407340905
ET,Africa/MENA,15,0.35145727491561307,0.21867794554250916,0.6815505105325437,0.2664222920595565
ET,Africa/MENA,16,0.37652755309822566,0.25190995819503764,0.5156962484180738,0.30690990940328966
ET,Africa/MENA,17,0.3880256308063831,0.28941577266088553,0.3306309147980912,0.35260443534536384
ET,Africa/MENA,18,0.3927356187451311,0.31163535269951975,0.13484125975548733,0.3796752559889707
ET,Africa/MENA,19,0.40944440596850856,0.3179223283716169,0.01078743242254649,0.3873348782911986
ET,Africa/MENA,20,0.4159321753437419,0.3424477615873839,0.0,0.4172149931554936
ET,Africa/MENA,21,0.4121630505574209,0.37226973126951685,0.0,0.4535480467550847
ET,Africa/MENA,22,0.4039142051036082,0.37512273606687835,0.0,0.457023953186729
ET,Africa/MENA,23,0.35127624769207827,0.36381541976840215,0.0,0.44324789032035816
FI,Europe,0,0.19824728090359697,0.2807477400413468,0.0,0.46573804144135494
FI,Europe,1,0.1523744390291503,0.28263024164025674,0.0,0.4688609609973855
FI,Europe,2,0.12332941264558636,0.28061322358581375,4.30274229598372e-05,0.4655077090094554
FI,Europe,3,0.1071815159977291,0.2808287302242852,0.0014984150339809182,0.46562234297977884
FI,Europe,4,0.10684391104943562,0.2805664038113208,0.0074399458562983125,0.4641956449741022
FI,Europe,5,0.1285348182634607,0.2808370534872132,0.021164421693730052,0.4623542979791833
FI,Europe,6,0.1717187978094558,0.2841902231738178,0.045183938431836254,0.46390857419066645
FI,Europe,7,0.23005823338076165,0.2882285433509458,0.08204431824577481,0.46445658392245426
FI,Europe,8,0.28643739321106937,0.28580102915715627,0.13001345697079186,0.4524244679672842
FI,Europe,9,0.32432852204563856,0.28526476604454215,0.18131660641913508,0.44297340834060855
FI,Europe,10,0.33982147821048053,0.28554197859798675,0.22786091520047205,0.435665992541751
FI,Europe,11,0.3484085771904493,0.2857614719178201,0.2716051534988826,0.42873009940991785
FI,Europe,12,0.3589284687445738,0.2874697160344911,0.29863657595870496,0.42705295048278996
FI,Europe,13,0.367397876901645,0.2861781239635345,0.30313510830697293,0.4241595899000613
FI,Europe,14,0.37082421725562503,0.28953366819203447,0.29182235800199635,0.43161403503230794
FI,Europe,15,0.3688873804407695,0.2925408944265866,0.2573202761344111,0.442360471672587
FI,Europe,16,0.3683949352015398,0.2891263455352067,0.21609568832595122,0.44357554528926235
FI,Europe,17,0.3678435100527033,0.2844556274342716,0.16682638287229293,0.44404923283792
FI,Europe,18,0.36993712339888585,0.279522656094167,0.11557373262388515,0.44441884275656823
FI,Europe,19,0.37627897087824697,0.2769562370218674,0.07201226563961548,0.44743087303594314
FI,Europe,20,0.38104834881406574,0.2755945309118625,0.03836324511977929,0.45078724200341397
FI,Europe,21,0.3694122722226758,0.2781839226130444,0.016834424051862893,0.4586755537850328
FI,Europe,22,0.3248238307843943,0.27869965301374977,0.005417126713494732,0.46143642170946925
FI,Europe,23,0.25931885672290345,0.2811073908815225,0.0008968997945818184,0.466184999257863
FJ,Asia-Pacific,0,0.3808267955774066,0.2578862554041905,0.0,0.13046640017432143
FJ,Asia-Pacific,1,0.2898877115049539,0.24559931565187879,0.0,0.12425035428180028
FJ,Asia-Pacific,2,0.22056456920194187,0.2513955848724345,0.0,0.12718272606897404
FJ,Asia-Pacific,3,0.1729819781913972,0.25819731025634457,0.0,0.13062376492706365
FJ,Asia-Pacific,4,0.15527931099666373,0.2599641872012069,0.0,0.13151763991929966
FJ,Asia-Pacific,5,0.18670467559592602,0.26096857326405953,0.0,0.13202576561913681
FJ,Asia-Pacific,6,0.2699521861048151,0.24554458914012003,0.002321816703924414,0.12313474383258874
FJ,Asia-Pacific,7,0.381408438218143,0.28494244908224403,0.05290957049294955,0.1193626954461129
FJ,Asia-Pacific,8,0.5170673742035246,0.3960280142815882,0.20313577119261597,0.10517077171451236
FJ,Asia-Pacific,9,0.5963087738293265,0.5881210254809163,0.37552961415345176,0.1215740632345862
FJ,Asia-Pacific,10,0.6167296301582772,0.7421890167540529,0.5133780227353474,0.13492704971287098
FJ,Asia-Pacific,11,0.6430873612154349,0.843059351844153,0.6076397137216987,0.14179022812701364
FJ,Asia-Pacific,12,0.6334489218054727,0.8747523196846643,0.6233687007192873,0.15045384921648933
FJ,Asia-Pacific,13,0.6162734039904151,0.9066218955702875,0.6151014464650272,0.17045063585691944
FJ,Asia-Pacific,14,0.636041088422187,0.9054180190527887,0.5655760034970505,0.19304751615090496
FJ,Asia-Pacific,15,0.6231776242481507,0.8636057927352899,0.4924276631533166,0.20616923989778022
FJ,Asia-Pacific,16,0.5914169424954436,0.7457672620678338,0.37019727615530984,0.2038269114695769
FJ,Asia-Pacific,17,0.5379667236737783,0.5731195043611129,0.21941752547928536,0.1871334803865738
FJ,Asia-Pacific,18,0.5248331856987322,0.4264495292497391,0.07761445081303217,0.17937622164055964
FJ,Asia-Pacific,19,0.5500898095692783,0.3352154553720848,0.006580634846951209,0.16650430472729894
FJ,Asia-Pacific,20,0.5932513140715062,0.30400008846137,0.0,0.1537957000929245
FJ,Asia-Pacific,21,0.6023563021479421,0.2897836662536323,0.0,0.14660351598099963
FJ,Asia-Pacific,22,0.5674013576937972,0.2736026507429868,0.0,0.13841743083454608
FJ,Asia-Pacific,23,0.486488447868674,0.2613120696982067,0.0,0.13219954278754642
FR,Europe,0,0.1920399143307758,0.2920431855976526,0.0,0.3584552282171457
FR,Europe,1,0.14309169596894064,0.28931737687852715,0.0,0.35510955732093624
FR,Europe,2,0.11864979063178688,0.2871820236057272,0.0,0.35248861431499234
FR,Europe,3,0.11759313104973794,0.2838856641485323,0.0,0.348442646664364
FR,Europe,4,0.15925563394497688,0.2812638783729735,1.0613955569270273e-05,0.3452118895655258
FR,Europe,5,0.25254849137199337,0.2814586431954842,0.0042315487175078464,0.34037479813826366
FR,Europe,6,0.3583338489113977,0.30239781706620067,0.0350382503600723,0.3290271336048496
FR,Europe,7,0.4612053032040529,0.36342492316681363,0.10415843733367808,0.32080733579202164
FR,Europe,8,0.5256419422560775,0.4565030919664979,0.20450870678673258,0.3143694970399611
FR,Europe,9,0.5524022200721558,0.5648292119234932,0.3198560511063185,0.30861140586834807
FR,Europe,10,0.5403118880247981,0.6593248744520682,0.41683257761661346,0.3079707095084564
FR,Europe,11,0.5399696024542704,0.7293877492768938,0.48364846094254305,0.3136126414071009
FR,Europe,12,0.5707100966670456,0.7546672571108103,0.5103883973381506,0.3124830645299694
FR,Europe,13,0.5913537694659357,0.7468511942198599,0.4935828247889545,0.3231001737821795
FR,Europe,14,0.5934804395853851,0.7109325255885304,0.4499066377712798,0.33153893080917446
FR,Europe,15,0.6001127790969438,0.636293401547108,0.37102312905095064,0.334792759226881
FR,Europe,16,0.6050703782391872,0.5389291472987472,0.27057340223738546,0.3360894444399474
FR,Europe,17,0.5886205902500967,0.4366415124354036,0.16421225617086507,0.3384522919326745
FR,Europe,18,0.582497504355492,0.3593889406530527,0.07808954115045859,0.347204318100828
FR,Europe,19,0.6142326192283535,0.3197925664731075,0.02265261331278598,0.3652726492518625
FR,Europe,20,0.6074021707838885,0.3079483513338011,0.0016333274763172193,0.3760130469047653
FR,Europe,21,0.527850807098701,0.3086757839515817,0.0,0.37887016043547755
FR,Europe,22,0.3990491275072438,0.30602739822137837,0.0,0.3756195188929115
FR,Europe,23,0.27604728050706445,0.3003045065220561,0.0,0.3685952137513809
GB,Europe,0,0.3089393182304683,0.4229430035825647,0.0,0.4532554777481429
GB,Europe,1,0.22148462210364478,0.42108537077598457,0.0,0.45126470774344946
GB,Europe,2,0.1729761248136494,0.4200912275340255,0.0,0.4501993139048769
GB,Europe,3,0.15009451259259085,0.41480836879272487,0.0,0.44453783081523707
GB,Europe,4,0.1570916712771843,0.41331550935984446,2.9248024285628506e-05,0.44291900638735865
GB,Europe,5,0.2152006678601752,0.4124350731682607,0.005414459964672274,0.438482442951261
GB,Europe,6,0.321412008828452,0.41405864390714203,0.03055302194258402,0.42391667519254655
GB,Europe,7,0.43448335299159097,0.44487686462803877,0.07980430055102887,0.4249976450125048
GB,Europe,8,0.5336681084170611,0.4911786787800518,0.15089698138881574,0.42850486903373786
GB,Europe,9,0.5897922785869032,0.5434951336590179,0.2291994351902049,0.43378130867600945
GB,Europe,10,0.6118245201908286,0.6023112007061026,0.3054102554710636,0.4473798924666109
GB,Europe,11,0.6229755181282849,0.6436092903138791,0.3611265041481326,0.4554984342656307
GB,Europe,12,0.6297732375962707,0.6622441286926221,0.3860344335008924,0.4593127336225432
GB,Europe,13,0.6460816567420413,0.6678868105515168,0.3819429197834639,0.4680137192173385
GB,Europe,14,0.6648344149569384,0.6577996688913113,0.35410621716911456,0.47525943194636605
GB,Europe,15,0.6836785360081437,0.6287156950308537,0.306472124194031,0.4749880431330836
GB,Europe,16,0.6832746865646397,0.585492136986928,0.2385506705681118,0.4727227323616441
GB,Europe,17,0.6682257712219097,0.5364621750856614,0.16266425520820096,0.4694012075917178
GB,Europe,18,0.6741393015129055,0.4864473678863858,0.09462461308205639,0.4599345774030447
GB,Europe,19,0.6974533086313979,0.45302334541953604,0.0415845173598846,0.4585185988449721
GB,Europe,20,0.706869498722656,0.4358146928747486,0.010315851889795261,0.4603584837903688
GB,Europe,21,0.6706724009892864,0.43160097350279203,0.00035903529315252396,0.46230108529236735
GB,Europe,22,0.5600271736687498,0.4308145585126192,0.0,0.4616911897949698
GB,Europe,23,0.42517900238139245,0.42964177437455303,0.0,0.4604343518042904
GF,Latin America,0,0.240328714742055,0.0,0.0,0.09067961671439571
GF,Latin America,1,0.18090848710246907,0.0,0.0,0.08637458731400988
GF,Latin America,2,0.1427747971881905,0.0,0.0,0.09211659158089282
GF,Latin America,3,0.13303294567880292,0.0,0.0,0.08208539076968914
GF,Latin America,4,0.16564531519922124,0.0,0.0,0.07662747299813293
GF,Latin America,5,0.2410101244101671,0.0,0.0,0.07423504137176873
GF,Latin America,6,0.33949310186359893,0.0302933585202861,0.013671844622578032,0.06952164469197997
GF,Latin America,7,0.4390248498177307,0.29010492008273175,0.13092867827647744,0.06075770612053361
GF,Latin America,8,0.48064113243101036,0.651534199091729,0.29404710376741067,0.07766776178054287
GF,Latin America,9,0.5005824049144763,0.8804099460728314,0.39734214279408914,0.09754883771384759
GF,Latin America,10,0.5134143208534865,1.0892852490121185,0.49161068305407746,0.11090652105360813
GF,Latin America,11,0.4977586517747648,1.2456992522418981,0.5622026561270177,0.12563373028847893
GF,Latin America,12,0.5119727541907735,1.3052439205374486,0.5890760532280542,0.13618771484857464
GF,Latin America,13,0.5397422257065733,1.2725432469023858,0.5743177513813699,0.14509394934545508
GF,Latin America,14,0.5403484414154246,1.145120267497584,0.5168098598545257,0.14655857950923748
GF,Latin America,15,0.5253586616087725,0.9123015262771793,0.41173528870527454,0.14584908945934236
GF,Latin America,16,0.49244270759521375,0.6073231865849017,0.2740940142743646,0.1415371768124441
GF,Latin America,17,0.47535616591858504,0.2772239861818095,0.12511532064664657,0.11351419045507541
GF,Latin America,18,0.48309320482357654,0.030416749811744567,0.013727532953189172,0.115147422962979
GF,Latin America,19,0.516398350763529,0.0,0.0,0.12048865644545978
GF,Latin America,20,0.531950798528051,0.0,0.0,0.12822417321931032
GF,Latin America,21,0.49329743072518206,0.0,0.0,0.1237589863405387
GF,Latin America,22,0.424724041017662,0.0,0.0,0.11164170855781971
GF,Latin America,23,0.3282001805453324,0.0,0.0,0.10320407669202969
GH,Africa/MENA,0,0.29430913952351734,0.0,0.0,0.09622357849797414
GH,Africa/MENA,1,0.23578486687820294,0.0,0.0,0.10010328631707711
GH,Africa/MENA,2,0.18987205760010178,0.0,0.0,0.08990719560702175
GH,Africa/MENA,3,0.16419455809294145,0.0,0.0,0.0781115917776863
GH,Africa/MENA,4,0.1596020144391622,0.0,0.0,0.06827704521797145
GH,Africa/MENA,5,0.16637388717960822,0.0,0.0,0.06053787418502963
GH,Africa/MENA,6,0.24195881950139742,0.0001463175867448252,7.432122423093613e-05,0.05956418618192174
GH,Africa/MENA,7,0.3113976512691613,0.09056253506645039,0.046000748271866364,0.055491431009655354
GH,Africa/MENA,8,0.3675928009154529,0.37819940744265995,0.19210433680520778,0.05262713592401926
GH,Africa/MENA,9,0.40655328807612934,0.7048641073702612,0.35803189856845125,0.06685741257427677
GH,Africa/MENA,10,0.4384186515199744,0.9664186925216548,0.4908871308350106,0.07549566227450753
GH,Africa/MENA,11,0.46071380953699004,1.1443786148992676,0.5812809077513342,0.09230119929407773
GH,Africa/MENA,12,0.4682939243505919,1.2318139774733095,0.6256932257245077,0.10907406581109327
GH,Africa/MENA,13,0.476946845995686,1.2422428319282384,0.6309905057552965,0.13578555269890558
GH,Africa/MENA,14,0.4878645213501696,1.147440601889935,0.5828362274281306,0.1718329054381209
GH,Africa/MENA,15,0.4922340693879284,0.9693312427550674,0.4923665449218411,0.21499205014607595
GH,Africa/MENA,16,0.4990790147214387,0.717073484685733,0.36423358552468704,0.2303934153661592
GH,Africa/MENA,17,0.49231574199670847,0.4067264091760149,0.20659447254096514,0.21448589499206297
GH,Africa/MENA,18,0.49585414247787657,0.11957715564019576,0.06073856735165739,0.1618884152965185
GH,Africa/MENA,19,0.5321656002972085,0.0019727273054770773,0.001002036130301593,0.15063862801259612
GH,Africa/MENA,20,0.5339550795188792,0.0,0.0,0.13916237673847995
GH,Africa/MENA,21,0.48229678563574835,0.0,0.0,0.1252757685574611
GH,Africa/MENA,22,0.4053321578094296,0.0,0.0,0.11415010316067713
GH,Africa/MENA,23,0.3176386776667053,0.0,0.0,0.10261047852711434
GR,Europe,0,0.40326634188145144,0.13509289439233904,0.0,0.15066978609110224
GR,Europe,1,0.2640863640070852,0.14045471449246066,0.0,0.15664985107659352
GR,Europe,2,0.17818366786776135,0.1503751418717654,0.0,0.16771415373955367
GR,Europe,3,0.13102270065283755,0.14622967139157284,0.0,0.16309068961653608
GR,Europe,4,0.11691174735668981,0.14276990249146876,0.0,0.1592319919222709
GR,Europe,5,0.14388365354280327,0.13905761338471156,0.0,0.1550916571686233
GR,Europe,6,0.21820778311570507,0.1422948338805215,0.004686522996450287,0.14960493337868022
GR,Europe,7,0.3152516876327327,0.21099814656162252,0.05003167383349121,0.1382086542834054
GR,Europe,8,0.4081465622054589,0.3816316848915792,0.15171272684732354,0.13113961766910637
GR,Europe,9,0.4765314018739764,0.6245471015991098,0.2949726424920658,0.12397639896445578
GR,Europe,10,0.5182870838179827,0.8762460751927881,0.43827380397699844,0.12652946144985314
GR,Europe,11,0.5495628017839169,1.0739906137055877,0.5451920608197236,0.13953129753407356
GR,Europe,12,0.5741316472948408,1.1737998137174055,0.598322173401103,0.14771584602268778
GR,Europe,13,0.6003321843994571,1.1853886791947492,0.599974217891731,0.1574341112195549
GR,Europe,14,0.6290310506099572,1.138666099328025,0.5651424120813711,0.17293770448246779
GR,Europe,15,0.6482679975177764,1.0198995698737991,0.4940879024745557,0.17840377185117404
GR,Europe,16,0.650207907453253,0.8598176102401455,0.3930901875252529,0.19591458035389142
GR,Europe,17,0.6363721496867634,0.6401630795313579,0.2676429445490881,0.1944438344945901
GR,Europe,18,0.6286956236771156,0.4071211304869274,0.1412270472987535,0.17992233011517442
GR,Europe,19,0.6401152692948595,0.2274227107240351,0.04966225214275632,0.15724415388008584
GR,Europe,20,0.6758166854821975,0.14589112989663836,0.005948858795200962,0.15116552593386468
GR,Europe,21,0.7060801070777288,0.1340197515072827,0.0,0.1494729044219077
GR,Europe,22,0.6798863007739449,0.13230695793978212,0.0,0.1475626171222363
GR,Europe,23,0.5701554566775562,0.13424924938817698,0.0,0.1497288645653204
GT,North America,0,0.37696654431556204,0.2975933221760279,0.0,0.1883427576012836
GT,North America,1,0.2445422538765322,0.2846835424686001,0.0,0.18017233397637508
GT,North America,2,0.16627493688449876,0.2687905524606602,0.0,0.17011387721149346
GT,North America,3,0.1308788742908533,0.25864679406431323,0.0,0.16369403077529193
GT,North America,4,0.13671814571173996,0.2537650397532215,0.0,0.16060443500694627
GT,North America,5,0.19739176117030044,0.25677987373388006,0.0,0.16251248234307372
GT,North America,6,0.31044414271034165,0.2727948782577537,0.0013643995549920485,0.17136125470659247
GT,North America,7,0.43597683426618744,0.372894182094929,0.06493013536017953,0.1747573484099977
GT,North America,8,0.5618671578416493,0.5996192727111753,0.24221716047312597,0.15103091782908903
GT,North America,9,0.6225667754199277,0.8829993264882887,0.4323325394929259,0.15106089963507094
GT,North America,10,0.6601476826413691,1.0710711627549614,0.5869705035397934,0.12423401307585996
GT,North America,11,0.6840659401208375,1.1877628068290773,0.6844574167236094,0.10613661720018419
GT,North America,12,0.6711639829758488,1.223136553623242,0.7091675258767715,0.10521753084756597
GT,North America,13,0.6561093009441556,1.1366821872887916,0.6647442011780176,0.09240195292728408
GT,North America,14,0.699898316821047,1.0247485326131154,0.5960093610079438,0.08639157451110531
GT,North America,15,0.7233589165166174,0.8650488002390241,0.49587829822307744,0.07976370725606638
GT,North America,16,0.7132662460276809,0.6369457720415169,0.35115195056323484,0.07190673193336891
GT,North America,17,0.6871645944106123,0.3949227775754768,0.19879180306218294,0.062440222434683175
GT,North America,18,0.6862408171000476,0.19307015074407838,0.0606621373704048,0.06497475827345806
GT,North America,19,0.682527443801206,0.13333598992711693,0.0021718673457001986,0.08233801899025067
GT,North America,20,0.6941728685907728,0.18192560564185592,0.0,0.11513823628274573
GT,North America,21,0.7071590758287042,0.2495359684487842,0.0,0.15792791341786627
GT,North America,22,0.6779407689036262,0.300523194613692,0.0,0.19019703393482054
GT,North America,23,0.5469931052674467,0.32656019988798146,0.0,0.20667549970542742
HN,North America,0,0.3634105960042956,0.16409702307990115,0.0,0.2976589961301218
HN,North America,1,0.25162618103225515,0.17099416692973787,0.0,0.3101698685150999
HN,North America,2,0.17729576105862024,0.17643601797990419,0.0,0.32004095508498515
HN,North America,3,0.13711865554455066,0.18317366914915598,0.0,0.33226252038625154
HN,North America,4,0.13405038411051376,0.1921803744330936,0.0,0.34859997004218685
HN,North America,5,0.1884654042409432,0.2036583425683117,0.0,0.3694200946771048
HN,North America,6,0.28398323711192114,0.2090129274477975,0.004676112190178649,0.36774740845423914
HN,North America,7,0.37172968739645784,0.31903690284325276,0.09442711927418643,0.34879487599150905
HN,North America,8,0.4612947247118105,0.5946702799909683,0.2827956045891984,0.39012913228376384
HN,North America,9,0.5105517720463835,0.8780276983988448,0.47202823830320023,0.4433701438617177
HN,North America,10,0.5431120842191755,1.0649807611772906,0.6128266200547258,0.4396698485814023
HN,North America,11,0.5676200250746427,1.1600048676380885,0.7004327117846345,0.39873121954280527
HN,North America,12,0.5510894022627689,1.171342083321561,0.7332981461465078,0.33927470210768035
HN,North America,13,0.5945803368526628,1.1018368849304196,0.6983695829759727,0.2982424501091696
HN,North America,14,0.6257930198173045,0.968136139316437,0.6119745977900806,0.2660758974531607
HN,North America,15,0.6295468476222921,0.7849126161772682,0.48287582068512275,0.2480548822553775
HN,North America,16,0.6025970233901745,0.5743983466786415,0.3295518611160357,0.23951450924265386
HN,North America,17,0.5894570211374931,0.3521389607407665,0.17004693811083493,0.22471894246895596
HN,North America,18,0.6084279888001628,0.17095320496321173,0.039336009650549175,0.2143195697999647
HN,North America,19,0.6227138888375301,0.14388279948502483,0.0003669987842794967,0.26009842139854866
HN,North America,20,0.6484992667460773,0.15753276048899412,0.0,0.2857519439699342
HN,North America,21,0.6586102342760329,0.16383972061687002,0.0,0.29719226985191044
HN,North America,22,0.6205111217860796,0.17049226367451809,0.0,0.3092594557830517
HN,North America,23,0.5065649920353384,0.17291084408542617,0.0,0.31364656898997645
HU,Europe,0,0.22559610384537435,0.027667285335492325,0.0,0.23272002151199617
HU,Europe,1,0.15486263129112396,0.026656961973078597,0.0,0.22422180884733062
HU,Europe,2,0.12132734351228812,0.027097072543059843,0.0,0.22792374563193823
HU,Europe,3,0.12173516249503946,0.026627063101281257,0.0,0.22397031810642537
HU,Europe,4,0.16590111226035398,0.025985229686717338,0.0,0.21857161403288833
HU,Europe,5,0.2570966917144119,0.049109929183958706,0.008008526454283765,0.21158769905053346
HU,Europe,6,0.366914823069477,0.15765745433002926,0.04484897507450777,0.19771638000065309
HU,Europe,7,0.4678670426240012,0.36626978709415303,0.11537853057976784,0.1779101482927951
HU,Europe,8,0.5400412049076851,0.654992959382269,0.21273443681377183,0.15699556159694583
HU,Europe,9,0.5802022599040002,0.9804986031729488,0.3219955118483678,0.14593823445355608
HU,Europe,10,0.6007862658491975,1.2441707400941855,0.4105388289095444,0.13603463975151148
HU,Europe,11,0.6111674849203519,1.4300391004346014,0.47213021295141094,0.14980463114773748
HU,Europe,12,0.6287461766431227,1.4807878947707367,0.4888630186617714,0.15567457996050565
HU,Europe,13,0.6475528344019433,1.4212344150733272,0.468607380045915,0.164379561928927
HU,Europe,14,0.6580985350372167,1.231859189804623,0.4050097744315514,0.1715885354536819
HU,Europe,15,0.6588118373375337,1.008256256204328,0.3299687385935115,0.17881198799279893
HU,Europe,16,0.6590954250332873,0.7236804743223958,0.2346751909063871,0.18272290601476868
HU,Europe,17,0.6687224646080828,0.4506654227359637,0.14323262519011604,0.1869848011198914
HU,Europe,18,0.6869058750699293,0.22642951372942563,0.0679070889697333,0.196042087269957
HU,Europe,19,0.7204612770367445,0.0834572433584296,0.019589480331669115,0.20911917497811958
HU,Europe,20,0.7262661022406149,0.030815177105636988,0.0013423910103379864,0.2254235742684198
HU,Europe,21,0.6483477133569154,0.027688595945090235,0.0,0.23289927312500852
HU,Europe,22,0.4988492210142296,0.028647822744268824,0.0,0.24096769323319156
HU,Europe,23,0.34296879743963843,0.028030193486562858,0.0,0.23577257949518468
ID,Asia-Pacific,0,0.5837783984815377,0.028252393656860476,0.0,0.08509561819065292
ID,Asia-Pacific,1,0.5088278137940705,0.027666224937905198,0.0,0.08333009028143062
ID,Asia-Pacific,2,0.40618405087038917,0.02668615625323275,0.0,0.08037814392232097
ID,Asia-Pacific,3,0.3242079632218325,0.02715290972292113,0.0,0.08178399560087847
ID,Asia-Pacific,4,0.2670172996497781,0.027548041846046062,0.0,0.08297412528308104
ID,Asia-Pacific,5,0.2417850595129173,0.028777302090637856,0.0,0.0866766314034901
ID,Asia-Pacific,6,0.2595114804352434,0.03012032130304769,0.0001085222603105519,0.09002902742755176
ID,Asia-Pacific,7,0.2996836211880368,0.11067255987111595,0.038051906590728234,0.09043983191910145
ID,Asia-Pacific,8,0.36571840491302465,0.4020720707533442,0.17634989616158103,0.08530654688380528
ID,Asia-Pacific,9,0.44207819740599863,0.727459002645245,0.3307120199738411,0.07999757568177691
ID,Asia-Pacific,10,0.5068234571227841,1.0594872166612443,0.4874192721084986,0.0797219264237767
ID,Asia-Pacific,11,0.530502135796824,1.3288561516154351,0.6144323549435001,0.08026998932023038
ID,Asia-Pacific,12,0.5407706355004882,1.4967661755129222,0.6935037700631937,0.0812606342947435
ID,Asia-Pacific,13,0.5378534111529399,1.5433623328935986,0.7148206591582651,0.08553134024513681
ID,Asia-Pacific,14,0.5551584200357608,1.4716360343503572,0.6813046509166195,0.08344201367331885
ID,Asia-Pacific,15,0.5565278012250416,1.2792375337780324,0.5899034539717452,0.08739951073303882
ID,Asia-Pacific,16,0.5360761054887497,0.9715993904339059,0.44463631031927087,0.0881098335168092
ID,Asia-Pacific,17,0.5148850153011499,0.5781114337313995,0.258832390025246,0.08900803653734626
ID,Asia-Pacific,18,0.5151068743374209,0.2018417621095569,0.08105721845464575,0.0905159933192363
ID,Asia-Pacific,19,0.5443142870568706,0.033497758897880245,0.0016202371489982084,0.09055179633295203
ID,Asia-Pacific,20,0.5868226968119713,0.026765498337061898,0.0,0.08061712061767565
ID,Asia-Pacific,21,0.619443815886253,0.02941192222084958,0.0,0.08858809394901801
ID,Asia-Pacific,22,0.6400125333564577,0.028935156896457193,0.0,0.08715208677370437
ID,Asia-Pacific,23,0.6317528780490937,0.02892700607557484,0.0,0.08712753667185567
IE,Europe,0,0.09330921492788172,0.16384502914279994,0.0,0.48749604790249396
IE,Europe,1,0.07421878806809604,0.16456067081434234,0.0,0.4896253312162233
IE,Europe,2,0.06547839199382953,0.16570964791152243,0.0,0.49304393840214894
IE,Europe,3,0.0650679803496036,0.16433655810934536,0.0,0.4889585178344421
IE,Europe,4,0.0773514914519485,0.16354974871696615,0.0012790865650798274,0.4860367357985263
IE,Europe,5,0.10984533939508904,0.16230656033161048,0.015089923688080441,0.4760672149800159
IE,Europe,6,0.1504196433598973,0.1676554319321657,0.04915718678682637,0.47651424480094745
IE,Europe,7,0.18949529769129472,0.17655581146586632,0.1036483659606893,0.4782550771752377
IE,Europe,8,0.21420377827163106,0.18910489442328093,0.17129696402017036,0.48487814596784673
IE,Europe,9,0.22347694552721772,0.20230328846964887,0.24281128485097572,0.49167796837988736
IE,Europe,10,0.2260546304963813,0.21865298378067832,0.3049683196656335,0.512102544555723
IE,Europe,11,0.22930510252760367,0.22508161817755082,0.3398181387645083,0.5154069371570611
IE,Europe,12,0.23444189174491495,0.22961708441379022,0.35268349236052576,0.5230602097430753
IE,Europe,13,0.24199748797839105,0.22895240732871489,0.33881579612234825,0.5273789820798999
IE,Europe,14,0.24514110804505634,0.2259954066821632,0.3037558065698534,0.5344993341814712
IE,Europe,15,0.24372706495167207,0.21752115158601126,0.24539121748131004,0.5357850338093212
IE,Europe,16,0.23896660554536722,0.20269463227719656,0.17475402168337514,0.5237427260892723
IE,Europe,17,0.24109617153708046,0.18802434658157322,0.11110351207576293,0.5089930683492072
IE,Europe,18,0.25314392989689605,0.17602199836829308,0.05608558687194971,0.49826195946581087
IE,Europe,19,0.2638288355187394,0.1705542833819122,0.01905162377919333,0.49880831453751057
IE,Europe,20,0.2586617797136712,0.16844843830506062,0.002307554809770805,0.5001450836145797
IE,Europe,21,0.22789685065981446,0.16892232547436856,0.0,0.5026027734993523
IE,Europe,22,0.17760159709282636,0.1688044900461784,0.0,0.5022521720447575
IE,Europe,23,0.1286031817859346,0.1641143008097983,0.0,0.48829722493032685
IL,Asia-Pacific,0,0.3184731375577001,0.001966867054687846,0.0,0.02143770941006129
IL,Asia-Pacific,1,0.23770638972153685,0.0016922653155200219,0.0,0.01844470982030938
IL,Asia-Pacific,2,0.18687081030888322,0.0015450953468294974,0.0,0.01684064257277699
IL,Asia-Pacific,3,0.15428061969203205,0.001524872387852313,0.0,0.01662022405647148
IL,Asia-Pacific,4,0.14922372049895916,0.001296793719119762,0.0,0.014134298934451455
IL,Asia-Pacific,5,0.17707663714884783,0.0021526686449037076,0.0004277991697363658,0.014683709552723929
IL,Asia-Pacific,6,0.24234636802071954,0.046386280407212085,0.023930397893980104,0.014493151366347814
IL,Asia-Pacific,7,0.32604615759236155,0.22258119305419255,0.11752404525688774,0.0142227547905415
IL,Asia-Pacific,8,0.4107658406538115,0.5370461591653093,0.28440394957293813,0.017063430464366806
IL,Asia-Pacific,9,0.475714452020715,0.8709926016961341,0.46164158034730807,0.019683630328203448
IL,Asia-Pacific,10,0.5186525795112142,1.1285798231179955,0.5981891753944463,0.025057835789841727
IL,Asia-Pacific,11,0.5369289762086316,1.2980893512099516,0.6872868826718617,0.044184573727414224
IL,Asia-Pacific,12,0.5453828944660545,1.3613290295890572,0.7187040223356077,0.0887299585261532
IL,Asia-Pacific,13,0.5624382937809215,1.3210609036631749,0.6942966116879646,0.1507102118135087
IL,Asia-Pacific,14,0.5729363365655359,1.1912956606288945,0.6229265263196854,0.20097370411677748
IL,Asia-Pacific,15,0.5708090706202485,0.9661376446217197,0.5027402322549009,0.21329871657987215
IL,Asia-Pacific,16,0.5582994988668474,0.6808511271249116,0.3508841532345184,0.22017305586073094
IL,Asia-Pacific,17,0.5370784853173866,0.3619379955225144,0.18306183205168475,0.1881898728678226
IL,Asia-Pacific,18,0.5266078248292778,0.12228729324713926,0.058465337142506686,0.13305745460059615
IL,Asia-Pacific,19,0.5345732329024875,0.017313768512011416,0.005128944760178866,0.08345580486718154
IL,Asia-Pacific,20,0.5499438109132132,0.004360243429395036,0.0,0.04752412288045299
IL,Asia-Pacific,21,0.5416809472775993,0.003347009155152339,0.0,0.03648045732931252
IL,Asia-Pacific,22,0.4982556035280973,0.0026830376814099893,0.0,0.029243553606341958
IL,Asia-Pacific,23,0.41656554750010155,0.002199551208094615,0.0,0.023973831642202743
IN,Asia-Pacific,0,0.39031361938401055,0.199800114926573,0.0,0.2841803262928264
IN,Asia-Pacific,1,0.25576399671816813,0.19310347224279542,0.0,0.27465553646154056
IN,Asia-Pacific,2,0.17257510023056052,0.18520289104730803,0.0,0.26341835702917793
IN,Asia-Pacific,3,0.13414105616750585,0.17967592096300075,0.0,0.2555572195991701
IN,Asia-Pacific,4,0.14196885447706575,0.1743086947792809,0.0,0.2479232896150085
IN,Asia-Pacific,5,0.20804068423890051,0.17035406730527738,7.659613615779528e-06,0.24228012610102115
IN,Asia-Pacific,6,0.3204762019387654,0.17065908339233843,0.0053071554746040184,0.22997974856544648
IN,Asia-Pacific,7,0.42432836661335205,0.27213275987800106,0.07175709602252911,0.2146349127403479
IN,Asia-Pacific,8,0.5173884075000036,0.5332907139011176,0.22380580279175094,0.22072663059091432
IN,Asia-Pacific,9,0.616882261430816,0.8245501240727613,0.3942622606737684,0.22540018588211044
IN,Asia-Pacific,10,0.6883910750751085,1.0721276713348131,0.534841879033484,0.23973535852983047
IN,Asia-Pacific,11,0.7224694377273976,1.2395311354093763,0.6290659802937535,0.2514251902735899
IN,Asia-Pacific,12,0.7193516177432007,1.3129204212035024,0.66849297030933,0.26106898044520216
IN,Asia-Pacific,13,0.7142894279072619,1.3053050692428851,0.6572748940017631,0.2771935113347264
IN,Asia-Pacific,14,0.7240348424533056,1.2122498494483456,0.5932446148898388,0.29869788542961695
IN,Asia-Pacific,15,0.7082220205100974,1.0475370442965146,0.4860760905132984,0.32193931746261367
IN,Asia-Pacific,16,0.6895545734486831,0.81642096921535,0.34173508408111053,0.3400559527210597
IN,Asia-Pacific,17,0.6836517976258663,0.55066999126698,0.18127422157353298,0.34764511964854866
IN,Asia-Pacific,18,0.7107317948871095,0.3232499384013162,0.050658009017480535,0.33803925516771144
IN,Asia-Pacific,19,0.7285157585985527,0.2646470360419036,0.003790684791511209,0.36730493006293813
IN,Asia-Pacific,20,0.7236305914640572,0.25395435018377377,0.0,0.36120514808126986
IN,Asia-Pacific,21,0.7361071170387734,0.2404768451392753,0.0,0.3420357808235668
IN,Asia-Pacific,22,0.6928082999778239,0.2249463695675898,0.0,0.3199464260848754
IN,Asia-Pacific,23,0.5554453834037295,0.2119677533000364,0.0,0.30148663987755436
IR,Asia-Pacific,0,0.07093853639564468,0.06462433597747694,0.0,0.3194309185221493
IR,Asia-Pacific,1,0.051066138645478716,0.06065207019857808,0.0,0.2997964497546869
IR,Asia-Pacific,2,0.034510739390922855,0.05762941171448638,0.0,0.2848557844256275
IR,Asia-Pacific,3,0.02492941621446477,0.05364462245782043,0.0,0.2651594134978454
IR,Asia-Pacific,4,0.020857317400367073,0.04847743140599677,0.0,0.23961856175990695
IR,Asia-Pacific,5,0.023162786812081542,0.04875592741371659,0.006291134307955389,0.23910779631668708
IR,Asia-Pacific,6,0.032132431899945184,0.04714103739078059,0.06028072228226303,0.21492869781663515
IR,Asia-Pacific,7,0.04425827959643649,0.04546948749681598,0.19055277298734874,0.16758479704490176
IR,Asia-Pacific,8,0.058162554191916065,0.053520216956913745,0.3606763329747853,0.15634159102519676
IR,Asia-Pacific,9,0.07100155258978001,0.06395923887655201,0.5095947373989308,0.16326499616777507
IR,Asia-Pacific,10,0.08228519935490289,0.07290213474123763,0.6177413582730751,0.17502475137685714
IR,Asia-Pacific,11,0.08974004561819604,0.08061182094724555,0.6739256177771856,0.19627759655780433
IR,Asia-Pacific,12,0.09345161839428454,0.08757139798759132,0.6765313853175086,0.22989628299473724
IR,Asia-Pacific,13,0.0949595047887569,0.0897800403835792,0.630073659153609,0.2547506750167583
IR,Asia-Pacific,14,0.09251228349915379,0.09131108431085809,0.5321348717704042,0.29170009139674774
IR,Asia-Pacific,15,0.08920276620415188,0.0908750249548068,0.3937048275145543,0.3310737116852917
IR,Asia-Pacific,16,0.08723876829175586,0.08873952118073052,0.22888857298384757,0.369963029960341
IR,Asia-Pacific,17,0.0894550245021158,0.08777152433536324,0.08812963707662348,0.40740600978718666
IR,Asia-Pacific,18,0.0916055629548442,0.0865231142929749,0.016061118823532207,0.4228558130147449
IR,Asia-Pacific,19,0.09331886396174324,0.08982877876467107,9.742231163651976e-05,0.4439844544764382
IR,Asia-Pacific,20,0.09630717065754416,0.08589504064348806,0.0,0.42456965033744165
IR,Asia-Pacific,21,0.09843690986299827,0.07862658678016184,0.0,0.38864248979211163
IR,Asia-Pacific,22,0.09703993037314684,0.07214865306246748,0.0,0.35662278256773267
IR,Asia-Pacific,23,0.08883127032494152,0.06894616965126042,0.0,0.3407932625870501
IT,Europe,0,0.2994621958717405,0.09259189174724362,0.0,0.12958113787925937
IT,Europe,1,0.1978407925796711,0.09122144607196905,0.0,0.12766321713422746
IT,Europe,2,0.13831396599966977,0.08574026825023466,0.0,0.11999238067483471
IT,Europe,3,0.1128675578416464,0.09050990332132008,0.0,0.12666742238871642
IT,Europe,4,0.11439588873786871,0.09187714323396301,0.0,0.12858085671099856
IT,Europe,5,0.17154786160971755,0.08995288146767547,0.0008711033300706001,0.12324383603865409
IT,Europe,6,0.2796592322094633,0.13241099157813882,0.021951741616127757,0.11867778721113766
IT,Europe,7,0.39674193521693835,0.2675434111052711,0.08829515786952104,0.10642306298922904
IT,Europe,8,0.5019928738869606,0.5066133281581079,0.19923007857701602,0.10427984972368441
IT,Europe,9,0.5631016996258537,0.7974843050643222,0.3336364470990393,0.10338914947695102
IT,Europe,10,0.5928646836803689,1.0617962162637216,0.4528631148476483,0.11140401091007851
IT,Europe,11,0.6032412616495417,1.2412190805875865,0.5341242184665916,0.11585384121735391
IT,Europe,12,0.5986309469709757,1.3225381659735835,0.5693992199406517,0.12258936617468988
IT,Europe,13,0.6347938564652805,1.3058270143926112,0.5620733996225217,0.1214382367205981
IT,Europe,14,0.6792665045277364,1.181068366251006,0.5068897309028001,0.11433797149752996
IT,Europe,15,0.6862347153329635,1.0008431445470625,0.42525321532819343,0.10990473255664239
IT,Europe,16,0.6716485837458402,0.7641306780915572,0.31717668838234947,0.10667114468487227
IT,Europe,17,0.6543000078409321,0.5038276472048971,0.1961948393750302,0.1095941233322143
IT,Europe,18,0.6233659975399081,0.2814527686935829,0.09374987070883803,0.10933245158773836
IT,Europe,19,0.6007957854173788,0.13928657598886418,0.02725491155790112,0.11220347747873627
IT,Europe,20,0.6352290811278819,0.09446220585834356,0.002054446951450011,0.12596279842367944
IT,Europe,21,0.6521919337060333,0.09269053573412873,0.0,0.1297191888448927
IT,Europe,22,0.5747407359976642,0.09331143803452378,0.0,0.13058813346929535
IT,Europe,23,0.43737907529690706,0.0922077652592259,0.0,0.12904355789825223
JM,North America,0,0.4557762206984983,0.10817555760976265,0.0,0.08360426537654987
JM,North America,1,0.3498303415546608,0.10578210642897462,0.0,0.08175446924786912
JM,North America,2,0.2671717425768139,0.10058664458539171,0.0,0.07773911882747579
JM,North America,3,0.21408522587312626,0.09728429299391798,0.0,0.07518687241506326
JM,North America,4,0.1972551656689563,0.10313001214708518,0.0,0.07970477891998026
JM,North America,5,0.23804594206590285,0.10744298812644305,0.0,0.08303809373072249
JM,North America,6,0.3292218927324857,0.1096460153676013,0.0011837626628797351,0.08338798035436577
JM,North America,7,0.4079105621535017,0.19639612474907783,0.0580872372399918,0.08540726582050395
JM,North America,8,0.47788597868152877,0.4914849377945918,0.22709074979174368,0.12034086268949948
JM,North America,9,0.5317801920108925,0.8243882912889597,0.4169718664228857,0.16064192207044228
JM,North America,10,0.5638186682542958,1.119287248521236,0.5674445689552202,0.21660477980764167
JM,North America,11,0.5816506275088619,1.3125601494252963,0.6646564920404304,0.25488869643363715
JM,North America,12,0.580488678003543,1.383760768345692,0.7034142428379817,0.2656263821606234
JM,North America,13,0.5808868023564332,1.347164610349157,0.6792906314148446,0.26490991435631456
JM,North America,14,0.5987489902728323,1.200165108958223,0.6035167602697608,0.2378905018611237
JM,North America,15,0.6109322065107755,1.018737210874128,0.5066036936705602,0.2084195649102546
JM,North America,16,0.5868901956647548,0.7930462485375819,0.3806905639663539,0.17787927722581967
JM,North America,17,0.5619672778822703,0.5334529762490935,0.23191404203534322,0.14726437245466317
JM,North America,18,0.5748701145507583,0.2612364315491941,0.0861593517133765,0.10344029665932873
JM,North America,19,0.6193821629251236,0.1290438711110681,0.007376348923691004,0.09130320645838272
JM,North America,20,0.648204736620185,0.13074579263079034,0.0,0.10104783543991143
JM,North America,21,0.6536435716579344,0.11815164690576935,0.0,0.09131435844519176
JM,North America,22,0.6271080449267078,0.11063768024340273,0.0,0.08550713473632732
JM,North America,23,0.5543912139239718,0.10963984028237632,0.0,0.08473594687514777
JO,Asia-Pacific,0,0.45033633104237486,0.09888144126089568,0.0,0.2709934176207433
JO,Asia-Pacific,1,0.3790145563360537,0.09718436832048248,0.0,0.2663424377178428
JO,Asia-Pacific,2,0.3045322755706083,0.09928339696755628,0.0,0.272095013120274
JO,Asia-Pacific,3,0.23560710890863257,0.09172126828844998,0.0,0.25137032435049905
JO,Asia-Pacific,4,0.19791032966637623,0.08487915967090444,0.0,0.23261891484071198
JO,Asia-Pacific,5,0.18585210246493544,0.08049283427865857,0.0011868890573550317,0.21647575217966522
JO,Asia-Pacific,6,0.19674994325076098,0.12009471919810552,0.0368133177910441,0.20127824779812878
JO,Asia-Pacific,7,0.23450428090016753,0.25389243422006974,0.15079923984489754,0.17209158392179383
JO,Asia-Pacific,8,0.28216581658423506,0.47259001534308676,0.3271501323628878,0.15898805812524414
JO,Asia-Pacific,9,0.32497689106916505,0.6901740897470404,0.5020864450071864,0.1477456805688687
JO,Asia-Pacific,10,0.3620719089689448,0.8642198296851731,0.6334665311074581,0.16845267435288638
JO,Asia-Pacific,11,0.3893477884053424,0.978181903737804,0.715567235083645,0.1956415075265486
JO,Asia-Pacific,12,0.4186254635859959,1.027185761592988,0.7441634600901905,0.2306267321624405
JO,Asia-Pacific,13,0.4625090585885104,1.0034948630694143,0.7162036402224273,0.26280370778123613
JO,Asia-Pacific,14,0.4776182080099683,0.916121156534904,0.6377175870676575,0.29592904621339305
JO,Asia-Pacific,15,0.47690236899425636,0.7643481661172435,0.511187468648428,0.3194186523346819
JO,Asia-Pacific,16,0.47945110016267356,0.5710354117528035,0.34883328345006254,0.35348122606118515
JO,Asia-Pacific,17,0.46852847235565376,0.36208227530886306,0.17499872327198987,0.3845510913080012
JO,Asia-Pacific,18,0.48184529046190644,0.21440443806602638,0.05266846696076138,0.4046777777518103
JO,Asia-Pacific,19,0.5007000270465954,0.1512217609766943,0.0037827802041367647,0.4012992026809176
JO,Asia-Pacific,20,0.5190746687304161,0.1389706651180155,0.0,0.38086151464958634
JO,Asia-Pacific,21,0.5382998294353398,0.1211710748420472,0.0,0.3320801484030452
JO,Asia-Pacific,22,0.5389482611452484,0.10892783308382442,0.0,0.2985264513238958
JO,Asia-Pacific,23,0.5085874844627206,0.10360069896582877,0.0,0.2839269646826083
JP,Asia-Pacific,0,0.575555853400475,0.03552391024360224,0.0,0.18108188505100276
JP,Asia-Pacific,1,0.41435237946132714,0.03481775171945493,0.0,0.17748226677079218
JP,Asia-Pacific,2,0.29275525965368665,0.034555289530701375,0.0,0.17614437497993377
JP,Asia-Pacific,3,0.22162661118077928,0.033592044344145415,0.0,0.17123426646564735
JP,Asia-Pacific,4,0.19626838091900822,0.03369734081973458,0.0,0.1717710115524962
JP,Asia-Pacific,5,0.23356771574608917,0.03637787882385993,0.0010163262862205823,0.170411499199357
JP,Asia-Pacific,6,0.32612135902005157,0.07858598789346499,0.0157473110843038,0.16781061615118492
JP,Asia-Pacific,7,0.4172150662987784,0.23554613612351144,0.07036480332984264,0.16054694323781524
JP,Asia-Pacific,8,0.46449703715661367,0.5406503494807096,0.17556090599655685,0.1607831733916771
JP,Asia-Pacific,9,0.4888449151573532,0.925277061265597,0.30665848972458337,0.18350365438614694
JP,Asia-Pacific,10,0.5170605169330251,1.255609973338297,0.41868978261673384,0.21130366412562637
JP,Asia-Pacific,11,0.5277780710063358,1.4917785788104725,0.4984393368240987,0.23629707630651334
JP,Asia-Pacific,12,0.598015998045217,1.5946240370368867,0.532749924471737,0.25336484346265353
JP,Asia-Pacific,13,0.553179790793987,1.5657531548365344,0.522078514954024,0.2639426288972732
JP,Asia-Pacific,14,0.5514070616791575,1.427219817518721,0.4744045331379922,0.26249649452956536
JP,Asia-Pacific,15,0.5732371515894299,1.1751783060461432,0.3889004932745349,0.24165501916541102
JP,Asia-Pacific,16,0.5818660414397183,0.849293510415582,0.2775847888508207,0.22595120966288
JP,Asia-Pacific,17,0.5993972294166492,0.4942131274659117,0.1562881642581778,0.20896311380903862
JP,Asia-Pacific,18,0.6088065374067271,0.21897592891923173,0.06194146153928734,0.20059577269805812
JP,Asia-Pacific,19,0.6276952864699735,0.07351559618565076,0.012231681812699109,0.1939329386203342
JP,Asia-Pacific,20,0.6996700383796817,0.03695467422380842,0.00021045690495853105,0.18526415423372303
JP,Asia-Pacific,21,0.7515889249861621,0.03582796110918648,0.0,0.18263177366162656
JP,Asia-Pacific,22,0.7606350695694015,0.03633422151539558,0.0,0.1852124183050337
JP,Asia-Pacific,23,0.6994954720860114,0.036735130129036855,0.0,0.1872560358852358
KE,Africa/MENA,0,0.23334325760402608,0.3654694531303576,0.0,0.7214658598025007
KE,Africa/MENA,1,0.1731528632013836,0.37402596028003493,0.0,0.7383570876049137
KE,Africa/MENA,2,0.14076210173270232,0.3766896935294792,0.0,0.7436155095677728
KE,Africa/MENA,3,0.12770118909472597,0.3883416564125585,0.0,0.7666174139617612
KE,Africa/MENA,4,0.1405720572813454,0.3838049771270744,0.0,0.7576616470890027
KE,Africa/MENA,5,0.19497141748135696,0.3740450066723367,0.0,0.7383946867029517
KE,Africa/MENA,6,0.27201310376967014,0.38595401388469414,0.02570178041679173,0.7332868108563435
KE,Africa/MENA,7,0.3479359981363528,0.4574889037472215,0.1786415774844836,0.7042141989643167
KE,Africa/MENA,8,0.4079828922078863,0.5881336119559403,0.36238299413552744,0.757533549979413
KE,Africa/MENA,9,0.4433502106281669,0.665357137921556,0.5318484994290366,0.7212904934542301
KE,Africa/MENA,10,0.4664139217222918,0.6778187849554568,0.6477933254612935,0.616794002515493
KE,Africa/MENA,11,0.47776146531606106,0.6308239330952871,0.7097357734254967,0.4550536599207042
KE,Africa/MENA,12,0.4743877743536842,0.558042248319935,0.7098567259408689,0.3112421347169705
KE,Africa/MENA,13,0.49907164341270627,0.49156569776023173,0.6628136290639276,0.23239144877965612
KE,Africa/MENA,14,0.5103422526234253,0.42048557547222487,0.5755794884722593,0.1892029727282719
KE,Africa/MENA,15,0.5154917310495433,0.3475840482252045,0.462269344610473,0.17145277623321373
KE,Africa/MENA,16,0.5155121908782236,0.2702884203469403,0.30008972462659866,0.19944115388833708
KE,Africa/MENA,17,0.5198270382681728,0.19420882517885577,0.11992336376418024,0.24985710503923877
KE,Africa/MENA,18,0.5472232378773612,0.1572405715241805,0.007407581676801917,0.3021575891022666
KE,Africa/MENA,19,0.5791775575595384,0.1802042490324507,0.0,0.35573756535512124
KE,Africa/MENA,20,0.5729303416281062,0.2413916366296792,0.0,0.47652635036517127
KE,Africa/MENA,21,0.5489611339697775,0.293438265458393,0.0,0.5792705482621598
KE,Africa/MENA,22,0.4636220204579851,0.33673268490962976,0.0,0.6647371865447727
KE,Africa/MENA,23,0.34292054370536235,0.35629258839013245,0.0,0.7033499966205338
KH,Asia-Pacific,0,0.6117192184356338,0.0,0.0,0.12753916370804777
KH,Asia-Pacific,1,0.5370128412427613,0.0,0.0,0.10953284937538049
KH,Asia-Pacific,2,0.4850382032703388,0.0,0.0,0.10485378212784709
KH,Asia-Pacific,3,0.4443231854289131,0.0,0.0,0.09614824050155867
KH,Asia-Pacific,4,0.4191030837303532,0.0,0.0,0.08978309893489507
KH,Asia-Pacific,5,0.4223046911955787,0.0,0.0,0.08900107486809594
KH,Asia-Pacific,6,0.4620432822470872,0.005398807285544682,0.001719117380118697,0.08821735212036506
KH,Asia-Pacific,7,0.5155490085225888,0.21972940269014168,0.0699674233787014,0.08151194785977336
KH,Asia-Pacific,8,0.5837251971971351,0.7505349019777743,0.23898937786320726,0.06509813743408867
KH,Asia-Pacific,9,0.6315377539825919,1.3079186127079656,0.4164745100102516,0.0780614674729627
KH,Asia-Pacific,10,0.6571602296685386,1.7550615509673018,0.5588561798685441,0.08728721073346715
KH,Asia-Pacific,11,0.6840135053367058,2.046758181045656,0.6517397965578106,0.08726801029366234
KH,Asia-Pacific,12,0.7021747359030291,2.1160486092618354,0.6738036290159983,0.08978658435480644
KH,Asia-Pacific,13,0.7210564983008758,2.038849681567159,0.6492215294323019,0.09828829658991371
KH,Asia-Pacific,14,0.7314620214326253,1.8157911467378782,0.5781940258139466,0.1133382090699002
KH,Asia-Pacific,15,0.7328605147425337,1.4517839076011023,0.4622848743677453,0.11301787421585634
KH,Asia-Pacific,16,0.7204699799887755,1.0049386567759948,0.319997995750362,0.09969846526413612
KH,Asia-Pacific,17,0.7050791132399665,0.5341968537352193,0.1701018478877394,0.08628103586408613
KH,Asia-Pacific,18,0.7146361348276564,0.13713463791903802,0.043667152204918534,0.09170175618269323
KH,Asia-Pacific,19,0.7314423980291561,0.0017924057359874955,0.0005707475169952602,0.1148629674296665
KH,Asia-Pacific,20,0.7542977454198495,0.0,0.0,0.1444968059940368
KH,Asia-Pacific,21,0.7736121138257771,0.0,0.0,0.17379381321319617
KH,Asia-Pacific,22,0.7542407908311258,0.0,0.0,0.16279575806395874
KH,Asia-Pacific,23,0.6910751092090006,0.0,0.0,0.14309139307474725
KR,Asia-Pacific,0,0.4969366730124857,0.02744542736483629,0.0,0.11678597050178688
KR,Asia-Pacific,1,0.3694013248364373,0.027037639701635495,0.0,0.11505074964431981
KR,Asia-Pacific,2,0.2755530980813503,0.030420072250204162,0.0,0.129443699791911
KR,Asia-Pacific,3,0.21869898100351712,0.030390496895421743,0.0,0.12931785053967362
KR,Asia-Pacific,4,0.20376847121412553,0.029733062535113045,0.0,0.1265203313467955
KR,Asia-Pacific,5,0.23513233420563168,0.03718693925636007,0.0027622842295535626,0.12403251775719994
KR,Asia-Pacific,6,0.30421046746089625,0.11964815505961793,0.031123599308211593,0.12372146800104511
KR,Asia-Pacific,7,0.39624593614915077,0.3252236276214894,0.10202781310621724,0.12047470879299013
KR,Asia-Pacific,8,0.4869757153920852,0.6819613672437718,0.2242194936147208,0.1253575955023583
KR,Asia-Pacific,9,0.5421077181104385,1.073526781124163,0.35828100800805407,0.13145427635577198
KR,Asia-Pacific,10,0.5577864606878349,1.3735371685137032,0.46092681628137977,0.13698874583712053
KR,Asia-Pacific,11,0.5463703419023531,1.5584899711755067,0.5244460687021621,0.13743686610242808
KR,Asia-Pacific,12,0.5821159303203992,1.6250188079258898,0.5471949657798987,0.13882929796838644
KR,Asia-Pacific,13,0.6051773011539004,1.5446715028971794,0.5193968545888338,0.14116127362516456
KR,Asia-Pacific,14,0.6220027091061694,1.3749877710828091,0.46115336094922993,0.14035603790877216
KR,Asia-Pacific,15,0.6325515822185901,1.0687350634796546,0.356123317394482,0.13778339324490776
KR,Asia-Pacific,16,0.6282237251003128,0.6996333017685319,0.2304516660307465,0.12338181053460744
KR,Asia-Pacific,17,0.6049428484925558,0.3482524975906822,0.11022729292578566,0.11693245709356868
KR,Asia-Pacific,18,0.6144914731023051,0.12859088210025876,0.03457496406466471,0.11903607763722246
KR,Asia-Pacific,19,0.6506066901062266,0.038268156571179025,0.0033385495290364307,0.12149737879905645
KR,Asia-Pacific,20,0.6721912247823688,0.029105718259233065,0.0,0.12385085168727114
KR,Asia-Pacific,21,0.6962347870355439,0.028612734840810797,0.0,0.12175310526866381
KR,Asia-Pacific,22,0.6876471565549651,0.02692525817617112,0.0,0.11457254300744142
KR,Asia-Pacific,23,0.6248728240686356,0.026843370664056655,0.0,0.11422409470502884
KW,Asia-Pacific,0,0.67389028242824,0.18961028493389617,0.0,0.5007761098360198
KW,Asia-Pacific,1,0.5891459711753689,0.18967341602868093,0.0,0.5009428441672668
KW,Asia-Pacific,2,0.49407069610007553,0.18912611870505946,0.0,0.49949738763656043
KW,Asia-Pacific,3,0.4070619595220478,0.1888359516274668,0.0,0.49873103289810294
KW,Asia-Pacific,4,0.35017500559218817,0.18478367102099807,0.0,0.48802863181907485
KW,Asia-Pacific,5,0.32399095271233413,0.18476151020843742,0.0,0.4879701033193745
KW,Asia-Pacific,6,0.322070759100043,0.2109796754180059,0.014494041986061777,0.4845122851712658
KW,Asia-Pacific,7,0.34825393018608997,0.3498174781732062,0.09230345113850227,0.4609021636679332
KW,Asia-Pacific,8,0.3951900932739656,0.6187255983023591,0.24515131150807293,0.4044254071201978
KW,Asia-Pacific,9,0.44260597972372406,0.9175071748517903,0.4147693764983086,0.34272752060112743
KW,Asia-Pacific,10,0.4871189019343314,1.1800068537129218,0.5539388190369509,0.33793649579615237
KW,Asia-Pacific,11,0.5258712668954364,1.3626883762355813,0.6481044184983227,0.34807853638199027
KW,Asia-Pacific,12,0.5627939973721058,1.4426598363448186,0.6891000219932909,0.35365568840321954
KW,Asia-Pacific,13,0.6033796193748645,1.4224576671430988,0.6779724452943907,0.35611604907091193
KW,Asia-Pacific,14,0.6333705313416698,1.2965533433981145,0.6108861369455572,0.3600974618634801
KW,Asia-Pacific,15,0.6429758319318066,1.0824681909892202,0.49491721052855137,0.37638138090317785
KW,Asia-Pacific,16,0.6568781089454869,0.7979489391179233,0.34432945258638303,0.3802912011568991
KW,Asia-Pacific,17,0.6539154774844718,0.486013251678657,0.1787411486400539,0.387034734707273
KW,Asia-Pacific,18,0.667055172970717,0.2533910871956666,0.05499221000285541,0.39338544574370005
KW,Asia-Pacific,19,0.6957693044548009,0.16255228672112693,0.005294505548929187,0.40275650660988527
KW,Asia-Pacific,20,0.7178890284663143,0.15796095147032282,0.0,0.41718765841674826
KW,Asia-Pacific,21,0.7345358629742849,0.1656011339790288,0.0,0.43736599882945765
KW,Asia-Pacific,22,0.7399026518054891,0.17311315340914832,0.0,0.4572058501779187
KW,Asia-Pacific,23,0.7233589499658968,0.18403438506622255,0.0,0.4860497069642439
KZ,Asia-Pacific,0,0.5461727922107806,0.21008363366752641,0.0,0.13697271408460485
KZ,Asia-Pacific,1,0.4261271707893464,0.2106252877390981,0.0,0.13732586785952272
KZ,Asia-Pacific,2,0.3125597917120074,0.2093052186577959,0.0,0.13646519422355882
KZ,Asia-Pacific,3,0.2220492454711094,0.21015357244362376,0.0,0.13701831356236793
KZ,Asia-Pacific,4,0.16625846624092921,0.19416204174381413,0.0,0.12659197370865669
KZ,Asia-Pacific,5,0.14981187902943732,0.1742493103230544,0.0001996138270547945,0.11347046490199979
KZ,Asia-Pacific,6,0.17190783764707945,0.17895496404891786,0.014424963039983462,0.10666269992462296
KZ,Asia-Pacific,7,0.23471013305320165,0.2379169819347595,0.07006370224435966,0.10647877177608871
KZ,Asia-Pacific,8,0.33634840647072856,0.34554352872388694,0.17105588164571786,0.10653751058698878
KZ,Asia-Pacific,9,0.42411317779988966,0.5194877967874902,0.3015086686741207,0.1293820899434518
KZ,Asia-Pacific,10,0.4826857107038216,0.7119232171500411,0.4281988649517514,0.16689488293102192
KZ,Asia-Pacific,11,0.5259086570422925,0.8565004125022839,0.524245339554174,0.19447863289104828
KZ,Asia-Pacific,12,0.5494908479749826,0.9656053962665407,0.578004474547783,0.2282923822441723
KZ,Asia-Pacific,13,0.555585228866853,1.0171489283060056,0.5886262089316351,0.2545242838614483
KZ,Asia-Pacific,14,0.5872233584440162,0.9919912458152607,0.5471779047880112,0.2668967748871919
KZ,Asia-Pacific,15,0.5992913261654162,0.8916048173645649,0.467988003730346,0.25642251065849203
KZ,Asia-Pacific,16,0.602382456435435,0.770529666307944,0.3575109201465122,0.2541802006798807
KZ,Asia-Pacific,17,0.5916952056770016,0.6372867415463969,0.2270166272099269,0.25790136058129476
KZ,Asia-Pacific,18,0.5870877845527492,0.5208520914961264,0.11509090875159235,0.2596903178602983
KZ,Asia-Pacific,19,0.6082275011675352,0.3878652203946678,0.03943124614108503,0.22551001292206635
KZ,Asia-Pacific,20,0.6412462663470339,0.3096660305812898,0.004811357166154417,0.19855933851669763
KZ,Asia-Pacific,21,0.6685548080510185,0.278745498400865,0.0,0.18173965667052386
KZ,Asia-Pacific,22,0.671599780671827,0.24701212342580547,0.0,0.16104977035469017
KZ,Asia-Pacific,23,0.6326386832278507,0.2164627901245812,0.0,0.14113186898039237
LC,North America,0,0.39406703295295764,0.0,0.0,0.5873664811378742
LC,North America,1,0.2869076028864146,0.0,0.0,0.5768213422405121
LC,North America,2,0.2141571344943211,0.0,0.0,0.5597649970845522
LC,North America,3,0.1770189483657789,0.0,0.0,0.5613672807676956
LC,North America,4,0.17722082986167675,0.0,0.0,0.5526566832428652
LC,North America,5,0.24231700068715845,0.0,0.0,0.5639740784489594
LC,North America,6,0.365687666577653,0.001878752752761666,0.0008570411473444063,0.5710485133156197
LC,North America,7,0.4521245701359062,0.12850034126780013,0.05861871912225696,0.57861208349945
LC,North America,8,0.5347794624762319,0.4931844530217512,0.2249787093319593,0.5676307166521138
LC,North America,9,0.5899453138797622,0.9105374636016434,0.4153649655911982,0.5904213588340247
LC,North America,10,0.6138983234893498,1.2638070054113937,0.57651790761053,0.6171055010628699
LC,North America,11,0.6174260065511517,1.4974816956619244,0.683114597538611,0.608804393741846
LC,North America,12,0.6013343877566076,1.6251834436025685,0.7413690178778793,0.590087690364384
LC,North America,13,0.6002974061094543,1.6466185378484721,0.7511471846637648,0.5797486810298959
LC,North America,14,0.609922027321342,1.5186775488814348,0.6927836284078885,0.5113332669853531
LC,North America,15,0.6155062028182607,1.2899941520363953,0.5884638446989399,0.5112619613216418
LC,North America,16,0.6207521353788693,0.9617978509930867,0.4387487031046646,0.5076949570251659
LC,North America,17,0.5982331440342653,0.5597912977783771,0.25536312610382966,0.5143137447031406
LC,North America,18,0.6007893939929548,0.1775120952803886,0.08097668497516945,0.5242707085767664
LC,North America,19,0.6424167063137624,0.006896192504566666,0.0031458746914589243,0.5593768287448958
LC,North America,20,0.6766902120173535,0.0,0.0,0.5524494463116739
LC,North America,21,0.6928481681149928,0.0,0.0,0.5464178082210379
LC,North America,22,0.6372499027142136,0.0,0.0,0.5733772623316964
LC,North America,23,0.5202712517121271,0.0,0.0,0.5888903189567453
LK,Asia-Pacific,0,0.4585370984232962,0.10516162978199306,0.0,0.4485223317074138
LK,Asia-Pacific,1,0.3118534652274706,0.10454351930422427,0.0,0.4458860436114955
LK,Asia-Pacific,2,0.2210766576107509,0.10443593267310576,0.0,0.4454271784650551
LK,Asia-Pacific,3,0.17603242441040803,0.10355892031154697,0.0,0.44168665418677955
LK,Asia-Pacific,4,0.18590788718594015,0.10265879087295282,0.0,0.43784753382059943
LK,Asia-Pacific,5,0.26246592245458383,0.09836621528417958,0.0,0.41953937317209866
LK,Asia-Pacific,6,0.38227015186464264,0.11482520714057076,0.009956174822114918,0.3965238154037616
LK,Asia-Pacific,7,0.49083146264945066,0.37299685700525326,0.12749271558511288,0.3972129333469182
LK,Asia-Pacific,8,0.6121215935739563,0.7909379382124181,0.3180104693271114,0.396046244342223
LK,Asia-Pacific,9,0.6994391019932307,1.1832223274043512,0.49400844198288857,0.42139285937398085
LK,Asia-Pacific,10,0.7397420098196662,1.4632655119162863,0.6207838833540146,0.42886678498851055
LK,Asia-Pacific,11,0.7514565317523944,1.6243690309245458,0.6945086882990301,0.4257391042843448
LK,Asia-Pacific,12,0.7288273791228456,1.6563946270581822,0.7077998660042749,0.4378924242903358
LK,Asia-Pacific,13,0.7269550868034972,1.573922731318023,0.6671252205684609,0.46695875553561966
LK,Asia-Pacific,14,0.7384470357783528,1.3911652179671385,0.5805490268684282,0.4980512732775851
LK,Asia-Pacific,15,0.7254698380645929,1.124220376116905,0.457951263112596,0.5073293838221492
LK,Asia-Pacific,16,0.6809744965232454,0.7882500011457506,0.3062527119293709,0.4946636621283415
LK,Asia-Pacific,17,0.6462768834369665,0.4347785050330703,0.14620863063838124,0.4854891218195914
LK,Asia-Pacific,18,0.6899033933040231,0.14905429477542828,0.020747060089338642,0.4414841116028649
LK,Asia-Pacific,19,0.7317364562155009,0.10640855221781788,0.0,0.453840550524808
LK,Asia-Pacific,20,0.7419623194904672,0.10984577904586328,0.0,0.4685005837966219
LK,Asia-Pacific,21,0.7634636305415697,0.1092282764261782,0.0,0.46586688826156075
LK,Asia-Pacific,22,0.7393354233832252,0.1078190032840059,0.0,0.4598562313608441
LK,Asia-Pacific,23,0.6221482731655307,0.10780527757581526,0.0,0.45979769017377087
LY,Africa/MENA,0,0.4903886941604482,0.17842431650746748,0.0,0.5556187862819437
LY,Africa/MENA,1,0.4548760593732178,0.18289400072542297,0.0,0.5695375198315833
LY,Africa/MENA,2,0.38578119256741134,0.18601059531346376,0.0,0.5792426908320149
LY,Africa/MENA,3,0.3004415502048959,0.1841143098574124,0.0,0.573337599843527
LY,Africa/MENA,4,0.24020153946392778,0.18326919154097854,0.0,0.5707058755223524
LY,Africa/MENA,5,0.2108811476914923,0.18012219311234381,0.0,0.56090602603112
LY,Africa/MENA,6,0.20827813358701955,0.1850738625818212,0.01217761901335063,0.5380879527140459
LY,Africa/MENA,7,0.22430622878102655,0.26392418716652194,0.09643217528576949,0.5190709717579516
LY,Africa/MENA,8,0.2538881191982401,0.3975201672701053,0.2660027677409884,0.402641285192222
LY,Africa/MENA,9,0.28235885776671876,0.5589616781757022,0.45267512791466125,0.31922388374497274
LY,Africa/MENA,10,0.30965301578394394,0.6956785946868012,0.6014600852664908,0.2777797829631402
LY,Africa/MENA,11,0.34208643869324684,0.7873066234214716,0.6991972824323562,0.25621747167282777
LY,Africa/MENA,12,0.3647591668027672,0.8280508367528093,0.7408506669547303,0.25230457247676963
LY,Africa/MENA,13,0.40029937165470825,0.8154747025412242,0.7264025214413224,0.2585092822793649
LY,Africa/MENA,14,0.42794704918283927,0.7528900751502549,0.6566537147048375,0.2826300889303555
LY,Africa/MENA,15,0.4306477743436287,0.6389509951938892,0.5353339643572873,0.3087643203767117
LY,Africa/MENA,16,0.4119076097384829,0.4824774159666993,0.37469555980517116,0.32590539257379575
LY,Africa/MENA,17,0.4140006838958735,0.31158779353166527,0.19736448791663028,0.3505694401317193
LY,Africa/MENA,18,0.41980641508179123,0.1941978763643567,0.059130458661965146,0.4190684945812758
LY,Africa/MENA,19,0.431169963769633,0.17112552794220814,0.005286773381549365,0.5162896667285488
LY,Africa/MENA,20,0.4573285665607377,0.18103253594336144,0.0,0.5637408614883673
LY,Africa/MENA,21,0.4733312532188329,0.18957671700323353,0.0,0.5903477029950889
LY,Africa/MENA,22,0.48832006716899823,0.18897552887500174,0.0,0.5884755847509298
LY,Africa/MENA,23,0.4973584246998437,0.1823775977655085,0.0,0.5679294251983158
MA,Africa/MENA,0,0.3345962084308846,0.23667230279109971,0.0,0.2681020235611466
MA,Africa/MENA,1,0.2540504993859262,0.23817226751342138,0.0,0.26980118131041525
MA,Africa/MENA,2,0.1807656933483572,0.2343055725247418,0.0,0.26542099512583345
MA,Africa/MENA,3,0.1260337416009482,0.23329464284362111,0.0,0.2642758155252204
MA,Africa/MENA,4,0.09707816644805738,0.23544030018473566,0.0,0.26670641288806174
MA,Africa/MENA,5,0.09274909512452559,0.23703833513322553,0.0,0.2685166644399289
MA,Africa/MENA,6,0.10687313870111512,0.23535329300872612,0.0020596381770950477,0.2661676425600449
MA,Africa/MENA,7,0.14279963705762277,0.24345106844954847,0.04286773102021674,0.2666188316824422
MA,Africa/MENA,8,0.20195662252488783,0.27819132601226654,0.16547866070350764,0.2797667736656136
MA,Africa/MENA,9,0.25376146653601594,0.33121271015076853,0.3466191892333899,0.30111395244282657
MA,Africa/MENA,10,0.3041710486469642,0.39147000677051946,0.5136107538842385,0.3336820354444015
MA,Africa/MENA,11,0.34457311845910843,0.4402173667211847,0.638437240336056,0.3622236682612712
MA,Africa/MENA,12,0.3621043757063546,0.4662559185693444,0.7080452251640162,0.37684270895567956
MA,Africa/MENA,13,0.38784600577792877,0.48116865167877826,0.7237915090913656,0.3903703596990947
MA,Africa/MENA,14,0.42103995035411257,0.4744647000647189,0.6878168151419777,0.3904650444224554
MA,Africa/MENA,15,0.42318321090278904,0.45452946621247514,0.599279918105843,0.386805530258192
MA,Africa/MENA,16,0.4135057695251522,0.41104084870895574,0.46055983035635756,0.3671904875419637
MA,Africa/MENA,17,0.4069000473504954,0.3523257774189317,0.29249808249827086,0.336598166474599
MA,Africa/MENA,18,0.40778396788879995,0.2940580585132912,0.1271273808536131,0.3059374452403561
MA,Africa/MENA,19,0.44303445301029665,0.25834510162758667,0.03067753620872171,0.2860961934836705
MA,Africa/MENA,20,0.4659076714736677,0.2422401154886196,0.001369736087493374,0.274116478091531
MA,Africa/MENA,21,0.45977990061207946,0.23264941248025378,0.0,0.26354489955388866
MA,Africa/MENA,22,0.43759437697850856,0.23380512509823032,0.0,0.26485408904450747
MA,Africa/MENA,23,0.4022645175982089,0.2346503154777634,0.0,0.2658115194171153
MG,Africa/MENA,0,0.218422539902295,0.0,0.0,0.03775698455280435
MG,Africa/MENA,1,0.1456419234707858,0.0,0.0,0.041170888935211564
MG,Africa/MENA,2,0.1109353191922188,0.0,0.0,0.038049202102887376
MG,Africa/MENA,3,0.09924402951390947,0.0,0.0,0.035034189551956044
MG,Africa/MENA,4,0.108748791513534,0.0,0.0,0.031324777246840504
MG,Africa/MENA,5,0.15637783045312237,0.0,0.0,0.031143206827320268
MG,Africa/MENA,6,0.23648489800435288,0.018188551506501484,0.008833898971706547,0.030654741750068642
MG,Africa/MENA,7,0.3491500335776817,0.16939744736034962,0.08227372781782019,0.03193879088531365
MG,Africa/MENA,8,0.5084820743250452,0.5045314019764017,0.24504312130187245,0.04340035764805915
MG,Africa/MENA,9,0.6098755968680195,0.897942047310203,0.4361166047527352,0.05896875792147308
MG,Africa/MENA,10,0.6736271347197236,1.2450986819496896,0.6047252285162417,0.07181699998988529
MG,Africa/MENA,11,0.6991614543099843,1.4438162887524606,0.7012393056139973,0.08373505135898972
MG,Africa/MENA,12,0.6215548413870717,1.5134350036599329,0.7350520418185718,0.08604695980300328
MG,Africa/MENA,13,0.6157945458243048,1.4426058893411589,0.7006514332861195,0.09645428663410593
MG,Africa/MENA,14,0.6759906337184597,1.261198035539693,0.6125444362784999,0.09884543087313442
MG,Africa/MENA,15,0.6827959610726553,1.027579835559575,0.49907967929449215,0.09998839129949967
MG,Africa/MENA,16,0.6544812124602873,0.7369548678705161,0.35792761436491666,0.12961461935994065
MG,Africa/MENA,17,0.5925638499368536,0.38861038490180827,0.18874207098632706,0.1589228058905869
MG,Africa/MENA,18,0.5749064712470666,0.09326396383381734,0.045296868962563554,0.15206062784691582
MG,Africa/MENA,19,0.5604719843512477,0.003316870377048715,0.0016109527909696918,0.10001841423303713
MG,Africa/MENA,20,0.5557989554269286,0.0,0.0,0.06119424378227776
MG,Africa/MENA,21,0.5191361646952668,0.0,0.0,0.0556381650783307
MG,Africa/MENA,22,0.44500578473127955,0.0,0.0,0.04645762902151008
MG,Africa/MENA,23,0.3312872392370614,0.0,0.0,0.04370542371181093
MM,Asia-Pacific,0,0.2821949549498476,0.0,0.0,0.14894924375960214
MM,Asia-Pacific,1,0.21602006885318237,0.0,0.0,0.13424282175949753
MM,Asia-Pacific,2,0.1705383375337071,0.0,0.0,0.12811593173957803
MM,Asia-Pacific,3,0.1401757995677587,0.0,0.0,0.12348215345912415
MM,Asia-Pacific,4,0.1322393508807681,0.0,0.0,0.12233297455166733
MM,Asia-Pacific,5,0.1628674581032668,0.0,0.0,0.1263358860403533
MM,Asia-Pacific,6,0.21345588520413225,0.018971657410848365,0.010823529049086896,0.12120105122198174
MM,Asia-Pacific,7,0.2555386861881134,0.17254791503202924,0.09844039085592113,0.11125943058096234
MM,Asia-Pacific,8,0.3037708396422506,0.45637340284032335,0.2603658012529961,0.09284555511856148
MM,Asia-Pacific,9,0.3476429894324732,0.7476064584715618,0.42651730659678205,0.08415238072706395
MM,Asia-Pacific,10,0.3783198810264176,0.9763332673601625,0.5570083441850479,0.08187611517843463
MM,Asia-Pacific,11,0.40202452150946205,1.1171161590493524,0.6373264568735619,0.07899240272224564
MM,Asia-Pacific,12,0.42235986447253226,1.1598102857244157,0.6616839028407607,0.07704947182463495
MM,Asia-Pacific,13,0.4195517872282164,1.1207275872533822,0.6393868144495246,0.08672192418694738
MM,Asia-Pacific,14,0.4138267079988414,0.9760584956651132,0.5568515840581476,0.1017989041208383
MM,Asia-Pacific,15,0.4105525998994486,0.7819270244021705,0.44609754854858086,0.10612489346677846
MM,Asia-Pacific,16,0.38875821043805864,0.5187570932925566,0.2959563493625615,0.12638755120774153
MM,Asia-Pacific,17,0.39988355688257604,0.2445742259859127,0.13953215485025433,0.13851349105605792
MM,Asia-Pacific,18,0.45936625451573476,0.05192085796900929,0.029621392707615674,0.17491623729240702
MM,Asia-Pacific,19,0.5159611072999203,0.0010147474562943472,0.0005789240408910464,0.19485713015330822
MM,Asia-Pacific,20,0.542258269043799,0.0,0.0,0.20033193192696216
MM,Asia-Pacific,21,0.5281082109498039,0.0,0.0,0.20399101407535808
MM,Asia-Pacific,22,0.4659053367403051,0.0,0.0,0.19661883706756042
MM,Asia-Pacific,23,0.37241849955251627,0.0,0.0,0.17083209859333295
MN,Asia-Pacific,0,0.4488428861962201,0.3839471401161865,0.0,0.3927608045433989
MN,Asia-Pacific,1,0.3190043714880769,0.36555888754412735,0.0,0.3739504420748475
MN,Asia-Pacific,2,0.22394884063814371,0.3672789991082056,0.0,0.3757100395069506
MN,Asia-Pacific,3,0.16233475791564403,0.3638601069435776,0.0,0.37221266526730895
MN,Asia-Pacific,4,0.13116891957624224,0.355385841211534,0.0,0.363543869281943
MN,Asia-Pacific,5,0.143308953578775,0.3586823388780128,0.005085754845844873,0.36310992610343146
MN,Asia-Pacific,6,0.20232501261254077,0.37871211481238837,0.03556501221694615,0.36078921084205634
MN,Asia-Pacific,7,0.3248415713936471,0.3916136722484303,0.10286161475336074,0.3236230198373805
MN,Asia-Pacific,8,0.4512957533145891,0.4467440875490662,0.20634441003681578,0.3025737877549647
MN,Asia-Pacific,9,0.5372741108224948,0.5402667839993079,0.33893034434502767,0.2990177336957747
MN,Asia-Pacific,10,0.586417718471592,0.6348178018416101,0.4577239611941253,0.30683559898991775
MN,Asia-Pacific,11,0.5965964590864055,0.7001551110909203,0.5345517062739895,0.31617585993866354
MN,Asia-Pacific,12,0.6132273065646844,0.7373792606864495,0.5700832876196325,0.32766312818250704
MN,Asia-Pacific,13,0.6583801284986007,0.743909476624024,0.5662927192840913,0.33718006034300807
MN,Asia-Pacific,14,0.6746950732326895,0.7362199334931883,0.5084604937131681,0.3725948919837431
MN,Asia-Pacific,15,0.6702816349831991,0.7039311708996161,0.4153790573723187,0.4092258734788721
MN,Asia-Pacific,16,0.6438608211119655,0.6373576541967655,0.2911815807918206,0.43407192325906513
MN,Asia-Pacific,17,0.6296212365025547,0.5693338918802664,0.1701683420964329,0.455051393895132
MN,Asia-Pacific,18,0.6453226973349928,0.5078756642734901,0.08063411904407876,0.4591886246626222
MN,Asia-Pacific,19,0.6738450635527178,0.45849016640171975,0.02566580965169077,0.4498070358674887
MN,Asia-Pacific,20,0.7036250515786268,0.4394717348683931,0.0026676586895380936,0.44756354785031177
MN,Asia-Pacific,21,0.7183470219189197,0.4218983512887395,0.0,0.43158320136869555
MN,Asia-Pacific,22,0.684885378956463,0.4004183348830852,0.0,0.40961010235684403
MN,Asia-Pacific,23,0.5919731151012677,0.39211535959194976,0.0,0.40111652885486787
MR,Africa/MENA,0,0.20807537923188346,0.18601036554363098,0.0,0.5581074827600039
MR,Africa/MENA,1,0.16349672858013362,0.1844223270193605,0.0,0.5533427150508698
MR,Africa/MENA,2,0.11795305642150224,0.18313465173293772,0.0,0.549479160401013
MR,Africa/MENA,3,0.08441684139660387,0.18025322602403251,0.0,0.5408337000017653
MR,Africa/MENA,4,0.06281631532799031,0.17525644848560343,0.0,0.5258413154336575
MR,Africa/MENA,5,0.06739922167781412,0.17330532807585047,0.0,0.5199871529666017
MR,Africa/MENA,6,0.087164812395955,0.16678176269820819,0.0019435900166184937,0.4994183450289859
MR,Africa/MENA,7,0.11152336638446679,0.16804881445165865,0.05620636697827169,0.47542869051558306
MR,Africa/MENA,8,0.13861098874371883,0.1807653044398584,0.21577333121167663,0.43185925373943185
MR,Africa/MENA,9,0.16353826452958228,0.18741217673863422,0.4051907813453256,0.3547901880688604
MR,Africa/MENA,10,0.18825330647437202,0.1959117948515124,0.5691114163098061,0.29633861946014867
MR,Africa/MENA,11,0.20859345622661193,0.21222291324782208,0.6855183644366095,0.2856594624177322
MR,Africa/MENA,12,0.22509649774546792,0.22483405929000333,0.737547536858982,0.29685071655638556
MR,Africa/MENA,13,0.21885921544109577,0.23450162500595423,0.7413972360659457,0.3238857142570952
MR,Africa/MENA,14,0.23787617215681883,0.2365812417141071,0.6870654977788325,0.35795206784968275
MR,Africa/MENA,15,0.2505892749014792,0.2297107432610184,0.5811315432486678,0.39159309265512654
MR,Africa/MENA,16,0.23825815246074075,0.21587206564263484,0.42556439120291095,0.4297469540668519
MR,Africa/MENA,17,0.24531654225413996,0.19850976348019808,0.24125929764482681,0.47204697524541084
MR,Africa/MENA,18,0.26702222311270934,0.1754754434130428,0.07394891024563932,0.4886245714840372
MR,Africa/MENA,19,0.29766977888203033,0.16707718283886588,0.004693543843914711,0.49889630503018734
MR,Africa/MENA,20,0.26772054583096394,0.16861582663009406,0.0,0.5059167228610459
MR,Africa/MENA,21,0.24708560528088283,0.1741097464263194,0.0,0.5224007383566097
MR,Africa/MENA,22,0.24471902713174187,0.1775531461910625,0.0,0.5327323517009552
MR,Africa/MENA,23,0.23845780205366413,0.18414661743995933,0.0,0.5525154730910862
MU,Africa/MENA,0,0.43180622234089117,0.05260427612398334,0.0,0.36493661199903354
MU,Africa/MENA,1,0.3016941988092521,0.05070658642926345,0.0,0.35177159008742487
MU,Africa/MENA,2,0.2066422455550965,0.04944276163056218,0.0,0.3430039389726874
MU,Africa/MENA,3,0.15706711786088956,0.04859870233434825,0.0,0.3371483667153939
MU,Africa/MENA,4,0.14691756619677074,0.050025657058620214,0.0,0.34704771446660093
MU,Africa/MENA,5,0.19349800083900048,0.05250387062893501,0.0,0.36424005947728305
MU,Africa/MENA,6,0.2771310108498399,0.06118395031006282,0.003162008758228772,0.3783180445637986
MU,Africa/MENA,7,0.35995940137730403,0.17632557649836078,0.05706027363176869,0.39063244767979427
MU,Africa/MENA,8,0.45760558700884857,0.49605036565638544,0.20729535194259666,0.4165009893648687
MU,Africa/MENA,9,0.5534475410256792,0.8659104253014933,0.3817698481082786,0.43648284140656174
MU,Africa/MENA,10,0.6008923522679308,1.1700510957150003,0.5267575187658597,0.43080691586735004
MU,Africa/MENA,11,0.6220323660122775,1.400784768235498,0.6364971663353672,0.4302070301055592
MU,Africa/MENA,12,0.6027552699694022,1.4868683195143366,0.6776664030166912,0.4266725411876005
MU,Africa/MENA,13,0.6299744980342733,1.4761083244413955,0.6728865278653785,0.42177281855541354
MU,Africa/MENA,14,0.6536062513010408,1.3517292401072374,0.6145328885142678,0.4103861085277934
MU,Africa/MENA,15,0.6540028985246572,1.1441900916509338,0.5163769630583568,0.4028691087498749
MU,Africa/MENA,16,0.6332829003608609,0.8804502495209731,0.39068106010850095,0.4073214127947183
MU,Africa/MENA,17,0.595440161315687,0.5586307435835424,0.2378516834254069,0.4047762740458943
MU,Africa/MENA,18,0.5958004814512708,0.2328159929261972,0.08541013082919185,0.3688555257608117
MU,Africa/MENA,19,0.6090553475957373,0.06990412572236554,0.008551822680423685,0.36016667694808513
MU,Africa/MENA,20,0.6547118018020137,0.05364839234014097,0.0,0.3721800580177518
MU,Africa/MENA,21,0.7056532398393445,0.05518338318219317,0.0,0.38282889493032135
MU,Africa/MENA,22,0.6784852164293951,0.054846065819820204,0.0,0.380488791340592
MU,Africa/MENA,23,0.5717571436053134,0.054655855641127085,0.0,0.37916922830703953
MX,North America,0,0.44209923559936964,0.37774488754370544,0.0,0.6311509969784522
MX,North America,1,0.3100560319660359,0.38215899652529145,0.0,0.6385262636633713
MX,North America,2,0.22653282341257833,0.3885710224139418,0.0,0.6492397284003497
MX,North America,3,0.19000571084634524,0.3910343711080873,0.0,0.6533555881657201
MX,North America,4,0.21414886237954875,0.39673303791560594,0.0,0.6628771445272134
MX,North America,5,0.3028966949669105,0.40356757007464816,0.0,0.6742965493379847
MX,North America,6,0.4344125273458678,0.3940233374768116,0.009297828664817027,0.6423781125109316
MX,North America,7,0.5503802398304509,0.46495508416245457,0.093617707565428,0.6160512586413343
MX,North America,8,0.6369149319319914,0.6503956033182527,0.26681480369968236,0.6283792851401799
MX,North America,9,0.6814565069178865,0.8463846384813133,0.45380978075570233,0.6346305606797407
MX,North America,10,0.7166037845678023,0.9978749170577363,0.6080253307308229,0.6228391770882286
MX,North America,11,0.7475432540867453,1.091720672633805,0.7109336934250131,0.6028671557474602
MX,North America,12,0.7568148868532334,1.1278135281999422,0.7559721254250014,0.5858067188557905
MX,North America,13,0.7507065950678746,1.1142509947877273,0.7467318164097437,0.579018657640135
MX,North America,14,0.7553273986945588,1.0469067933371772,0.6839510137339706,0.574340481658334
MX,North America,15,0.7677128280387611,0.9348195447217549,0.5707326270307609,0.5815441796593439
MX,North America,16,0.7736349683367719,0.7788693465965966,0.41569373660611525,0.5872980663797275
MX,North America,17,0.7783991340536933,0.5882135025453887,0.2351616451717174,0.5788559262971534
MX,North America,18,0.7852972484339211,0.4289307094387611,0.08092647756130976,0.5776609691421366
MX,North America,19,0.796135347200371,0.35701317510823355,0.011621044187471504,0.5765493227053304
MX,North America,20,0.8106810875326581,0.3520755910762773,0.000337026140014268,0.5876827937104763
MX,North America,21,0.8176853226797174,0.3607756982920274,0.0,0.6027982089797704
MX,North America,22,0.7548990764409413,0.36411655013701805,0.0,0.6083802354803387
MX,North America,23,0.61217573046042,0.37357065469189815,0.0,0.6241765247541696
MY,Asia-Pacific,0,0.34970279174540964,0.0,0.0,0.06943140753878985
MY,Asia-Pacific,1,0.27065156777797594,0.0,0.0,0.06571833559239616
MY,Asia-Pacific,2,0.21080631370651243,0.0,0.0,0.05811725142803029
MY,Asia-Pacific,3,0.1730497714015205,0.0,0.0,0.05488195018044499
MY,Asia-Pacific,4,0.16487262861593918,0.0,0.0,0.051839358423184885
MY,Asia-Pacific,5,0.19161871936479943,0.0,0.0,0.04702567314727415
MY,Asia-Pacific,6,0.25045097324657406,0.0,0.0,0.04297023121371332
MY,Asia-Pacific,7,0.31822109397352794,0.06172969318695058,0.03110261857136504,0.048810716174976634
MY,Asia-Pacific,8,0.38117676042850646,0.33133986261862713,0.1669461944886874,0.038120403475743116
MY,Asia-Pacific,9,0.41614007130054215,0.6695493354581803,0.33735365462449746,0.029171257671345333
MY,Asia-Pacific,10,0.4359731579700174,0.9840466243121719,0.4958136875835132,0.03269431342957468
MY,Asia-Pacific,11,0.44296689242235715,1.1999690741122677,0.6046066079822617,0.03487383997828183
MY,Asia-Pacific,12,0.4352692545427348,1.3210708215485856,0.6656239444435068,0.03795717337734159
MY,Asia-Pacific,13,0.46522608487017425,1.300816314420165,0.6554186740615793,0.04160233413358952
MY,Asia-Pacific,14,0.48214435829320695,1.1897354546230134,0.5994503801258426,0.045481426087373406
MY,Asia-Pacific,15,0.4793838980425405,1.0087734154922376,0.5082723264469565,0.04650145952639401
MY,Asia-Pacific,16,0.452496081107663,0.7635044567977047,0.38469311398321177,0.04256154716768979
MY,Asia-Pacific,17,0.4874897252045387,0.46538004910024444,0.23448258707606695,0.038388555484227066
MY,Asia-Pacific,18,0.5227328639999022,0.16451666464895315,0.08289202173276405,0.04328266195757691
MY,Asia-Pacific,19,0.5417352039108276,0.006324684328870479,0.0031867037418992546,0.04778452396558169
MY,Asia-Pacific,20,0.5552816065471821,0.0,0.0,0.06284834681599029
MY,Asia-Pacific,21,0.5205423101139943,0.0,0.0,0.0650957638724796
MY,Asia-Pacific,22,0.4816944612451386,0.0,0.0,0.06393108127635586
MY,Asia-Pacific,23,0.43712986081638644,0.0,0.0,0.06641265627561331
NE,Africa/MENA,0,0.14037876210982608,0.0,0.0,0.32040900034336706
NE,Africa/MENA,1,0.09454907001760418,0.0,0.0,0.34356969877859556
NE,Africa/MENA,2,0.058050215142996,0.0,0.0,0.3637401489100518
NE,Africa/MENA,3,0.03752179084528661,0.0,0.0,0.3911406295412811
NE,Africa/MENA,4,0.038999363644070195,0.0,0.0,0.3987938613125239
NE,Africa/MENA,5,0.07100520132793893,0.0,0.0,0.4073950048100188
NE,Africa/MENA,6,0.08962887947281455,0.006959769332150323,0.009905617681019926,0.4117905139144702
NE,Africa/MENA,7,0.12112878798440928,0.07727750054385958,0.10998660145188684,0.3858169153618856
NE,Africa/MENA,8,0.15152227880287691,0.20641410063605042,0.2937826050393771,0.33637225035348184
NE,Africa/MENA,9,0.16691791669857017,0.3333044475798103,0.47438158817385323,0.25833103540181457
NE,Africa/MENA,10,0.1809252205137506,0.4320211618902815,0.6148819386910557,0.26243232131073785
NE,Africa/MENA,11,0.18876681014205904,0.4937336673535147,0.7027153791519007,0.2535447776734851
NE,Africa/MENA,12,0.16598796387839496,0.5156589405285151,0.7339209210683848,0.20315857893434808
NE,Africa/MENA,13,0.1820930060190923,0.492992035191179,0.701659837752546,0.14704642201030504
NE,Africa/MENA,14,0.18433899183103244,0.43879370423218816,0.6245210821692088,0.11306425965903705
NE,Africa/MENA,15,0.17547873865874294,0.3490736804241884,0.4968254342590698,0.10005836396903518
NE,Africa/MENA,16,0.18859544408753176,0.23317940902190917,0.3318768146793679,0.09654188960316692
NE,Africa/MENA,17,0.17511471944531837,0.10517672103799725,0.1496946720249699,0.10209042828622061
NE,Africa/MENA,18,0.18352727794546633,0.01729463443536188,0.024614901510933658,0.13807073939798065
NE,Africa/MENA,19,0.21607591060444262,0.0,0.0,0.17042485137934602
NE,Africa/MENA,20,0.25001003948245243,0.0,0.0,0.2001578229606658
NE,Africa/MENA,21,0.23889250691907618,0.0,0.0,0.23040317209334304
NE,Africa/MENA,22,0.21285226958657893,0.0,0.0,0.25799494715657695
NE,Africa/MENA,23,0.1895186070466736,0.0,0.0,0.29304986566159263
NG,Africa/MENA,0,0.20506022194935308,0.0,0.0,0.06903181526175811
NG,Africa/MENA,1,0.1520681732581188,0.0,0.0,0.07100183406344635
NG,Africa/MENA,2,0.1252933473951994,0.0,0.0,0.06580089642164892
NG,Africa/MENA,3,0.11874662096646248,0.0,0.0,0.060527684094771536
NG,Africa/MENA,4,0.14601505738236317,0.0,0.0,0.05372205939902263
NG,Africa/MENA,5,0.23474025179698488,0.0,0.0,0.0483425026743905
NG,Africa/MENA,6,0.35235148579058145,0.008646099155596883,0.00379824772237229,0.049482444743459045
NG,Africa/MENA,7,0.44450972463666,0.16382647244879095,0.07196927939926566,0.05335971714662561
NG,Africa/MENA,8,0.5032648781395351,0.5058980909092788,0.2222419887822817,0.05472708394009693
NG,Africa/MENA,9,0.5262155799588141,0.8668266834428504,0.38079860256368303,0.044037171366762835
NG,Africa/MENA,10,0.5399248129791344,1.1783135900292678,0.5176353901368154,0.03695494134271597
NG,Africa/MENA,11,0.5534106261928767,1.379296231830055,0.6059274450529385,0.029578360803918933
NG,Africa/MENA,12,0.5498363179263279,1.4600517964510438,0.6414035174262243,0.02677947427717024
NG,Africa/MENA,13,0.5629683950066675,1.4352276315361612,0.6304982147977306,0.02861845460615951
NG,Africa/MENA,14,0.573733116614643,1.2626864168196488,0.5547005326270247,0.03529159393714014
NG,Africa/MENA,15,0.5787768744734599,1.0064393694455374,0.4421307197509713,0.042635517152504215
NG,Africa/MENA,16,0.5885860542088815,0.6674948352234973,0.2932317443921207,0.05138133221931752
NG,Africa/MENA,17,0.5893213709398089,0.3287470492700903,0.14441920092003965,0.07322067825736328
NG,Africa/MENA,18,0.613752728364932,0.06130405759668982,0.026930988524238378,0.09687410502369263
NG,Africa/MENA,19,0.6071032353170099,0.0,0.0,0.1377631556183501
NG,Africa/MENA,20,0.5784122883320362,0.0,0.0,0.13477514627724643
NG,Africa/MENA,21,0.501411153288081,0.0,0.0,0.11264783218471143
NG,Africa/MENA,22,0.3916412422194614,0.0,0.0,0.09154074874109387
NG,Africa/MENA,23,0.2876147670211173,0.0,0.0,0.07507269505226291
NI,North America,0,0.3325131113609788,0.4449821464414516,0.0,0.34061699946081303
NI,North America,1,0.21947618443455233,0.4249182180422502,0.0,0.3252588212880809
NI,North America,2,0.15098737711081342,0.390232718187784,0.0,0.29870838329925875
NI,North America,3,0.12077342676653714,0.35596328646889647,0.0,0.27247642972839675
NI,North America,4,0.132290547056519,0.3331511697272012,0.0,0.25501461734323766
NI,North America,5,0.19947529013313708,0.31756204738369276,0.0,0.24308173392457214
NI,North America,6,0.2963297304257749,0.2964808335105602,0.005192721703767123,0.22606946191385527
NI,North America,7,0.38602795219440394,0.275278907809302,0.10046001155224368,0.19377982343170175
NI,North America,8,0.4860580342140319,0.3786392992410498,0.28881792082140156,0.2411445079304743
NI,North America,9,0.5398258114866195,0.49229101426605376,0.4755390585091055,0.2966627418244316
NI,North America,10,0.5706921534527735,0.605299168715946,0.6208374967070802,0.35867148299921087
NI,North America,11,0.5843825486725013,0.6523408412683637,0.7092240026676465,0.379779714807342
NI,North America,12,0.5703963780572037,0.6886913535758775,0.7341001738426627,0.4034109779309188
NI,North America,13,0.6197518513888166,0.678130390374314,0.7082289680866137,0.39968838411990976
NI,North America,14,0.653549783018451,0.6013183957822767,0.6296156389080126,0.35414451365256266
NI,North America,15,0.6431801425085103,0.5447694506352253,0.5107272215135705,0.3309009027424497
NI,North America,16,0.6136413789089186,0.4952078010321072,0.35322964662819173,0.31951461778286533
NI,North America,17,0.5818548676796433,0.45452624603708297,0.18172708705261176,0.3172867000183152
NI,North America,18,0.5914988661089277,0.4265188501605879,0.039066157888846195,0.3198981869637447
NI,North America,19,0.6063923524021744,0.4619576875987381,0.00018601557361916322,0.3535797751243087
NI,North America,20,0.6397482547894257,0.48723228410271185,0.0,0.3729578815210739
NI,North America,21,0.6648633448852994,0.5217009258413536,0.0,0.3993423228259583
NI,North America,22,0.6268354017195847,0.5005358095956789,0.0,0.3831412270146018
NI,North America,23,0.4888246326722421,0.4916405756493326,0.0,0.37633226193468466
NL,Europe,0,0.13247059247882784,0.2685495746852748,0.0,0.6204199830270574
NL,Europe,1,0.10680274882275366,0.2672854324385541,0.0,0.6174994827351714
NL,Europe,2,0.09504106344290929,0.2675576977332971,0.0,0.6181284870065102
NL,Europe,3,0.09666012902016609,0.2673217647720928,0.0,0.6175834199589924
NL,Europe,4,0.12026078000941565,0.2661591933840715,0.000577443005206487,0.6148282552215234
NL,Europe,5,0.1703187078258532,0.26510020894061564,0.012781156944139688,0.6109167150252716
NL,Europe,6,0.23442252828231905,0.26315399931746153,0.04884693690687826,0.6020909039021789
NL,Europe,7,0.29572352424197124,0.26693297114139763,0.10930812525284225,0.6035631905386116
NL,Europe,8,0.33171917677399854,0.2690198130779512,0.18759572556333132,0.5989862219019297
NL,Europe,9,0.34835534291089054,0.2709922810307787,0.27158517609911154,0.5934605344705338
NL,Europe,10,0.3514208112676897,0.27659935042397604,0.35169301317712964,0.5967977026167046
NL,Europe,11,0.3568059040024658,0.2803531291175001,0.40158383557853844,0.59948071771685
NL,Europe,12,0.3617312509047998,0.2811327430009645,0.4132642641263508,0.5998796404612513
NL,Europe,13,0.3642702697817785,0.2836526518320649,0.3935689201894568,0.6080656402918171
NL,Europe,14,0.3687532882390427,0.286187060664679,0.35457250812533625,0.6186021568818836
NL,Europe,15,0.3573620723912017,0.28873202228873784,0.29163322847646955,0.6320373010615582
NL,Europe,16,0.34310360441775223,0.289924908740333,0.21382356806526714,0.6441339280314714
NL,Europe,17,0.3512666631003137,0.28563455206371074,0.13844557283831138,0.6432709126896164
NL,Europe,18,0.3712176754998492,0.2805901870252535,0.07294807636647094,0.6394798248455081
NL,Europe,19,0.3785343532284063,0.2817257184369379,0.025688568602272584,0.6477765199490614
NL,Europe,20,0.3637024420337759,0.2816793759805527,0.003583180360020677,0.6503231223586811
NL,Europe,21,0.3122529136162873,0.2814194275085033,0.0,0.650152720006834
NL,Europe,22,0.23989250295904424,0.2801299178322521,0.0,0.6471736142964988
NL,Europe,23,0.17617280146348113,0.2784271652780313,0.0,0.643239809106053
NO,Europe,0,0.3316857177124457,0.4770710874562481,0.0,0.3892243937629975
NO,Europe,1,0.23670440826293374,0.4632960694469522,0.0,0.37798587360380986
NO,Europe,2,0.17854342936240983,0.4742594560443338,0.0,0.3869304892264169
NO,Europe,3,0.14699466657956115,0.4660840156939385,0.000120926198630137,0.38023972687768626
NO,Europe,4,0.1444006036713011,0.4558119177830592,0.003096653125566979,0.3713490515369875
NO,Europe,5,0.19220413031802772,0.4479983795032496,0.013124905289843966,0.36325538051527867
NO,Europe,6,0.2889919083801103,0.4500325998881181,0.03271753316644953,0.3615567387597574
NO,Europe,7,0.41263557944113244,0.4665332263929924,0.06414171920991336,0.36963269964022755
NO,Europe,8,0.5171064101337832,0.47177708668132023,0.10545314287694643,0.36682995974393073
NO,Europe,9,0.5712787378037796,0.471421815744557,0.15172702985560815,0.3586085049202995
NO,Europe,10,0.5782024851045615,0.47838986674383743,0.20279005872337275,0.35554098792883704
NO,Europe,11,0.5848702392330768,0.4812949645502271,0.2462422933922737,0.3504631925480935
NO,Europe,12,0.6018263818222268,0.4881494953624398,0.2791992198235855,0.35040654575100294
NO,Europe,13,0.6113486494645053,0.4906375905141568,0.2898027283722395,0.3506189886260104
NO,Europe,14,0.6146462268872476,0.5086603775629337,0.27806944568916103,0.3673342542731622
NO,Europe,15,0.611513686488445,0.518759673043124,0.24051145401759688,0.3820115398660293
NO,Europe,16,0.6082053820942209,0.5168789704517824,0.1934039391430737,0.3885516362895705
NO,Europe,17,0.6137565339406303,0.49955192180296976,0.14279171930475723,0.3830903647309404
NO,Europe,18,0.625929985033443,0.49161939466890847,0.09774792559770322,0.38433927132959395
NO,Europe,19,0.6551570398502662,0.48142775016250205,0.059251348620662295,0.3826228193540677
NO,Europe,20,0.6839221598311533,0.49829005420668127,0.03003664999006774,0.4013877027775267
NO,Europe,21,0.6761716473343621,0.4961293936630827,0.012204694043083062,0.4026813977538198
NO,Europe,22,0.6000562812203032,0.48062529304807766,0.002824377671840093,0.391640022597992
NO,Europe,23,0.46544382824666847,0.4768957178011005,9.46966010145945e-05,0.38906508471756834
NP,Asia-Pacific,0,0.36662177319016453,0.0,0.0,0.001470720370197667
NP,Asia-Pacific,1,0.23693311509987713,0.0,0.0,0.0019107179749994216
NP,Asia-Pacific,2,0.15922705560798858,0.0,0.0,0.0022759450499378903
NP,Asia-Pacific,3,0.11660630137495051,0.0,0.0,0.0022476204975663814
NP,Asia-Pacific,4,0.10661590575227119,0.0,0.0,0.002182260791737156
NP,Asia-Pacific,5,0.14699325721791429,0.0,0.0,0.003050871128495566
NP,Asia-Pacific,6,0.2438407199633141,0.004332549912061067,0.0017660303253461238,0.001254699413858669
NP,Asia-Pacific,7,0.34402370812230304,0.08805448153741631,0.03589269317932227,0.001943563496823032
NP,Asia-Pacific,8,0.4143040090731939,0.3442037627265142,0.14030404621099674,0.0021823899207542544
NP,Asia-Pacific,9,0.4492270966789085,0.7291660102986389,0.2972220314910223,0.0015068135738568627
NP,Asia-Pacific,10,0.5033114485501402,1.1059396374455934,0.45080217824936303,0.0018494264551903253
NP,Asia-Pacific,11,0.5726137385303343,1.392054872364232,0.5674282279581527,0.004857777184773842
NP,Asia-Pacific,12,0.6038958546033844,1.5029137716051157,0.6126164385656919,0.011429808319672946
NP,Asia-Pacific,13,0.6054176296573149,1.4588071992893836,0.5946377549180292,0.01822672088423483
NP,Asia-Pacific,14,0.5952029856773049,1.3096569400303388,0.5338412525738925,0.022883157139173223
NP,Asia-Pacific,15,0.56648283758183,1.119535522809171,0.4563441215251152,0.020946399990851187
NP,Asia-Pacific,16,0.5438281992725084,0.8492486941918751,0.3461700333857131,0.015873682716503586
NP,Asia-Pacific,17,0.5339144239600147,0.5320075185493862,0.216856454083734,0.010887648864981885
NP,Asia-Pacific,18,0.5359028729260589,0.21924509191862498,0.08936849866027177,0.006911959185220246
NP,Asia-Pacific,19,0.5715795694017375,0.04240971436339387,0.017287011846423474,0.003952536596401215
NP,Asia-Pacific,20,0.6316310227489338,0.0004160280929280597,0.00016958101885024816,0.0019939416323454307
NP,Asia-Pacific,21,0.6737704355533294,0.0,0.0,0.0015369205165444262
NP,Asia-Pacific,22,0.6489719775424811,0.0,0.0,0.0016684298787676272
NP,Asia-Pacific,23,0.5270758570484164,0.0,0.0,0.0022666858635445658
NZ,Asia-Pacific,0,0.272071261980158,0.4013719521524005,0.0,0.42464680492449147
NZ,Asia-Pacific,1,0.20637422277842618,0.4144322628240032,0.0,0.4384644600154268
NZ,Asia-Pacific,2,0.16828241076250955,0.42255061999786736,0.0,0.44705358642705073
NZ,Asia-Pacific,3,0.1509299366749746,0.4268915847337165,0.0,0.45164627606438823
NZ,Asia-Pacific,4,0.16155574752114576,0.4173390451617803,0.0,0.4415398015427275
NZ,Asia-Pacific,5,0.22850552894424964,0.41985405444048435,9.492410102282485e-05,0.44413781698661825
NZ,Asia-Pacific,6,0.3470629659309548,0.42238454689577504,0.011188173398328808,0.43947189690363697
NZ,Asia-Pacific,7,0.4833056781951889,0.4456713429779889,0.05495629739420838,0.43513684237251593
NZ,Asia-Pacific,8,0.597795904537981,0.5044188491137955,0.13839375518823518,0.4420597760394392
NZ,Asia-Pacific,9,0.6593588451612563,0.5845525998144933,0.25480984543172497,0.4497789736042252
NZ,Asia-Pacific,10,0.6783778533665561,0.6531750036904149,0.3612583640113132,0.45191731318174855
NZ,Asia-Pacific,11,0.6854379867900539,0.7145595214776805,0.45087453239948455,0.45754019062722984
NZ,Asia-Pacific,12,0.6977239918433281,0.7542627348114866,0.5079309988618407,0.4617773241680828
NZ,Asia-Pacific,13,0.7100382227045133,0.7435468344574765,0.508901890735105,0.4497973479363753
NZ,Asia-Pacific,14,0.7130673226876322,0.7163838484947183,0.48859079111293435,0.4345041148083007
NZ,Asia-Pacific,15,0.7002527275416011,0.676305572008732,0.42890110175893986,0.43161322481464987
NZ,Asia-Pacific,16,0.6751063660840322,0.6070010444701477,0.33355459812930255,0.421404252680278
NZ,Asia-Pacific,17,0.6386150953720203,0.5314560423184181,0.22085741752872723,0.41607817326668656
NZ,Asia-Pacific,18,0.6492954906121395,0.457708709114291,0.11183116827868891,0.41022404173373117
NZ,Asia-Pacific,19,0.6888193671870875,0.4092859762619636,0.03818388380927582,0.40774401363281204
NZ,Asia-Pacific,20,0.7051855407924708,0.40238495413960423,0.004229474348993171,0.422918858111874
NZ,Asia-Pacific,21,0.6396757503315493,0.4016279387880604,0.0,0.4249176357744136
NZ,Asia-Pacific,22,0.5084488050083341,0.40539905621741107,0.0,0.42890743366333234
NZ,Asia-Pacific,23,0.3759777795692004,0.40870070801465164,0.0,0.432400542434767
OM,Asia-Pacific,0,0.5365422184655341,0.026045339247280384,0.0,0.45536679827416177
OM,Asia-Pacific,1,0.42199426526498574,0.025146322193539402,0.0,0.43964872628173607
OM,Asia-Pacific,2,0.3097083687022324,0.023926257239398497,0.0,0.4183175749928672
OM,Asia-Pacific,3,0.22717685203980478,0.02261367643034542,0.0,0.3953689117092043
OM,Asia-Pacific,4,0.18415528504655954,0.021779168515278908,0.0,0.38077869294451816
OM,Asia-Pacific,5,0.20371913006856943,0.021566322337004975,0.0,0.3770573713750319
OM,Asia-Pacific,6,0.24302425449609327,0.021260077477171384,0.00038543326187656353,0.35881359783528877
OM,Asia-Pacific,7,0.27880117211233457,0.08962970151788513,0.03684911221545755,0.334758316283564
OM,Asia-Pacific,8,0.3502176856513426,0.37878207494226,0.18853258783928467,0.3176502404319289
OM,Asia-Pacific,9,0.4157468077282867,0.7648345808000797,0.3924529447828332,0.24782230851320677
OM,Asia-Pacific,10,0.46824647589012697,1.104090957160546,0.5704080560945824,0.22814801787364372
OM,Asia-Pacific,11,0.5094156637041016,1.3436423432348337,0.6952617737702695,0.2410651912400005
OM,Asia-Pacific,12,0.5244199946690914,1.482641064400062,0.7676494219021078,0.25050715397738404
OM,Asia-Pacific,13,0.5857597171249813,1.5031625531120905,0.77802735681573,0.2622423037204152
OM,Asia-Pacific,14,0.6151407564510417,1.4168497273200737,0.7324451062574464,0.2775250993962099
OM,Asia-Pacific,15,0.5859937717383538,1.230417762512746,0.6340082264307075,0.30990634505128434
OM,Asia-Pacific,16,0.550560238646256,0.9509616419627367,0.4867943629377652,0.34706903462807664
OM,Asia-Pacific,17,0.5575654133433893,0.6005708013016753,0.30133756993764327,0.4229408276781009
OM,Asia-Pacific,18,0.5915548366912475,0.241725408896855,0.11196176475742027,0.482054493652081
OM,Asia-Pacific,19,0.6581014369582793,0.052545996142939935,0.011582975985412074,0.5313409473002261
OM,Asia-Pacific,20,0.673604165165193,0.03077117556678154,0.0,0.5379915217821767
OM,Asia-Pacific,21,0.6761046607037049,0.029072310912727373,0.0,0.5082892187761382
OM,Asia-Pacific,22,0.6553910569361172,0.027624002864594842,0.0,0.48296755210360004
OM,Asia-Pacific,23,0.6135668587684531,0.026851820277173144,0.0,0.46946700564579197
PA,North America,0,0.3944097845151381,0.043356132649611114,0.0,0.05689198441580553
PA,North America,1,0.28662786990770156,0.042954598535180126,0.0,0.05636509072892531
PA,North America,2,0.20371675018184318,0.04076869332800843,0.0,0.05349674253039298
PA,North America,3,0.1543743338943523,0.03774999915723491,0.0,0.04953560736394103
PA,North America,4,0.14395306455593063,0.03459938634992712,0.0,0.045401368358304085
PA,North America,5,0.17869375216801153,0.03305773318851598,0.0,0.04337840869208102
PA,North America,6,0.2603889913651051,0.030671826020515096,0.0,0.04024761761077173
PA,North America,7,0.35930432338548873,0.08437870164596063,0.023046363811262995,0.04396011372934832
PA,North America,8,0.4653831123766193,0.38834482969658135,0.16571696112380616,0.02953029732015389
PA,North America,9,0.5365096390993355,0.7937420800837444,0.34839967758412294,0.032289639925201466
PA,North America,10,0.5814635121663326,1.1407470636720682,0.5013403083350586,0.044584778953059845
PA,North America,11,0.6066784976660619,1.4068732478043107,0.613969339120682,0.06752709846346809
PA,North America,12,0.6024489839537563,1.5352144202467914,0.6645356033203805,0.0894539420710403
PA,North America,13,0.620531364833048,1.5036476544647703,0.6436798551032993,0.10844785802864058
PA,North America,14,0.6519786843279476,1.3385643461447414,0.5666523200548642,0.11496213326589183
PA,North America,15,0.6644994801190749,1.0962608724808143,0.4574369115838692,0.11339127578348718
PA,North America,16,0.642209462543619,0.8324072402030727,0.3393327695897925,0.10929155216868988
PA,North America,17,0.6042141184202554,0.5544899998699138,0.21567679400795714,0.10282034297227904
PA,North America,18,0.6015660364816007,0.2901597586392046,0.09228145279241066,0.11342299761972131
PA,North America,19,0.629740294454056,0.10886552587936944,0.008241407825386361,0.11897942866321566
PA,North America,20,0.650495104209889,0.07820598681731877,0.0,0.10262201703254316
PA,North America,21,0.6461597596845529,0.06924416746732104,0.0,0.09086230380078866
PA,North America,22,0.5971476539161317,0.05806530219443341,0.0,0.07619337947510353
PA,North America,23,0.5066209033214281,0.0467459110078718,0.0,0.06134005682783907
PE,Latin America,0,0.4095863543110769,0.2853071402248708,0.0,0.3588603505416368
PE,Latin America,1,0.2781910551129922,0.28729220190729543,0.0,0.3613571682891359
PE,Latin America,2,0.1867553814945105,0.2557665883319156,0.0,0.32170413776987106
PE,Latin America,3,0.13655381424058843,0.2438829278422124,0.0,0.30675682672223487
PE,Latin America,4,0.12135773856801119,0.23987959595280026,0.0,0.3017214214252042
PE,Latin America,5,0.1494960903241216,0.240367022041192,0.0,0.30233450771812187
PE,Latin America,6,0.2284934456010819,0.2468975436617318,0.015000536694731776,0.29958934579934093
PE,Latin America,7,0.31964743101181126,0.3194241066011386,0.1308835030866597,0.3061503233627125
PE,Latin America,8,0.4313817180878938,0.43652388166203376,0.3415543966850725,0.2995243247120975
PE,Latin America,9,0.5236583946821853,0.589262513669182,0.547600157510638,0.3411040950098441
PE,Latin America,10,0.5790080870590503,0.7423417694570663,0.7099492983851511,0.41503671421248906
PE,Latin America,11,0.611826802446884,0.8606944877033748,0.8098201298650453,0.4909363366687303
PE,Latin America,12,0.6094968632962848,0.9103143972678973,0.8465469549971135,0.5265161048451205
PE,Latin America,13,0.5820110395286497,0.9131958809533254,0.8243699134585551,0.5463428196912414
PE,Latin America,14,0.6246410918433701,0.8386276870421326,0.7425153370847545,0.5123529939222838
PE,Latin America,15,0.6698201347590259,0.7506872213550099,0.6070096537195702,0.5007405584437691
PE,Latin America,16,0.679766135980922,0.6473351208696368,0.41780865236958153,0.5089726952952688
PE,Latin America,17,0.6646842371873201,0.53840055997815,0.21064339351253378,0.5233077402844309
PE,Latin America,18,0.6626661731310666,0.4523351830687066,0.04146378109507103,0.5386557092107042
PE,Latin America,19,0.6757631466129292,0.4499284752438212,0.0006870217293935279,0.5654197270468703
PE,Latin America,20,0.6873762161777844,0.40822111496208796,0.0,0.5134619915166864
PE,Latin America,21,0.6930531009126327,0.38213883516354413,0.0,0.48065560586488226
PE,Latin America,22,0.6454440655984307,0.3589316085339414,0.0,0.45146547246396407
PE,Latin America,23,0.546986225717253,0.3199088801928084,0.0,0.40238254393805084
PH,Asia-Pacific,0,0.5424947311037461,0.13016903424079393,0.0,0.49143879650785827
PH,Asia-Pacific,1,0.41942228449465807,0.12700084251801266,0.0,0.47947763895275497
PH,Asia-Pacific,2,0.33183490811093763,0.12699989075918755,0.0,0.479474045692543
PH,Asia-Pacific,3,0.2754258479820191,0.1271400248928619,0.0,0.4800031066201611
PH,Asia-Pacific,4,0.26118030556295524,0.1288058937551132,0.0,0.4862924103211492
PH,Asia-Pacific,5,0.28891928582733767,0.1295772440391984,0.0,0.4892045580336044
PH,Asia-Pacific,6,0.3433347327703424,0.13574397530306245,0.0035384114922696903,0.485208735450568
PH,Asia-Pacific,7,0.40197942733360326,0.28979954861971047,0.07990099826126867,0.47814889657189413
PH,Asia-Pacific,8,0.4807801512181499,0.6278936640950966,0.24870184155167796,0.45329917157394034
PH,Asia-Pacific,9,0.5459955415060846,0.9554878154256293,0.40667462416900946,0.47228157517979424
PH,Asia-Pacific,10,0.5920173740690572,1.2411725713599495,0.5427558977214026,0.5018014600927777
PH,Asia-Pacific,11,0.604200336395098,1.4262178019294318,0.6279405619496387,0.5437301996624111
PH,Asia-Pacific,12,0.623519048652161,1.5052783168654758,0.6620005999867864,0.5796454023705165
PH,Asia-Pacific,13,0.6421108286417074,1.4592952847528489,0.6377286045798582,0.5931545016254586
PH,Asia-Pacific,14,0.6436991886126796,1.3208849057686558,0.5707962684866286,0.5865831849320002
PH,Asia-Pacific,15,0.6254109263454998,1.0828948097043913,0.4555102879376169,0.5768181810319051
PH,Asia-Pacific,16,0.6045277124796474,0.8034837641585486,0.3190702160172747,0.5737499747232828
PH,Asia-Pacific,17,0.6005955718264383,0.5008158327182677,0.17227232558450467,0.5627264499010757
PH,Asia-Pacific,18,0.6362587228902645,0.24090018033976027,0.045072394311834726,0.5620286473254247
PH,Asia-Pacific,19,0.6857007283568881,0.14770865290672203,0.0008999502051783763,0.55071996616408
PH,Asia-Pacific,20,0.7488975495118886,0.14272127307882038,0.0,0.5388283863901018
PH,Asia-Pacific,21,0.7781639613685845,0.14125081438836845,0.0,0.5332768321870227
PH,Asia-Pacific,22,0.7456291675990393,0.138908633374427,0.0,0.5244341867344514
PH,Asia-Pacific,23,0.6434031447180386,0.13535070238249214,0.0,0.5110016116605672
PK,Asia-Pacific,0,0.6078794822060546,0.29080182818662226,0.0,0.41430244245485653
PK,Asia-Pacific,1,0.4790755870981728,0.2911656495692463,0.0,0.4148207751227712
PK,Asia-Pacific,2,0.36250167282799695,0.29510459797558464,0.0,0.4204325553362104
PK,Asia-Pacific,3,0.2679607026025782,0.2966992702519747,0.0,0.42270446890409724
PK,Asia-Pacific,4,0.21392657595767542,0.2916376393505194,0.0,0.4154932142212961
PK,Asia-Pacific,5,0.22571361026585635,0.2826487446608068,0.0,0.40268682628302127
PK,Asia-Pacific,6,0.256285385466901,0.2798652313392722,0.0033851165749327777,0.3919261621813007
PK,Asia-Pacific,7,0.3024209891441079,0.3201399376730571,0.043028747271387544,0.3697275799789587
PK,Asia-Pacific,8,0.3657465880240422,0.4697897514091075,0.15715635774713413,0.3538412462257591
PK,Asia-Pacific,9,0.447955792654827,0.6917235707492525,0.3172335810736963,0.34870151747040756
PK,Asia-Pacific,10,0.524328343045858,0.8519327170247348,0.46124824674023407,0.2878660005384845
PK,Asia-Pacific,11,0.5877294136608118,0.9974250572567874,0.5687290211307683,0.27939889964371584
PK,Asia-Pacific,12,0.6308712980259782,1.0867138093850626,0.6288918460588024,0.285841495836426
PK,Asia-Pacific,13,0.6147452834793785,1.106958039207744,0.637337753669245,0.29772958631569957
PK,Asia-Pacific,14,0.6616601689203676,1.0449065850136101,0.5872214063792346,0.30992517425149657
PK,Asia-Pacific,15,0.7016072790551158,0.9169304265556554,0.48870872680400695,0.3253455448618947
PK,Asia-Pacific,16,0.696057394112393,0.751874934277139,0.35825088747989187,0.35206359888858796
PK,Asia-Pacific,17,0.6659086376074592,0.5646138599810443,0.20786586828913883,0.3871458597235584
PK,Asia-Pacific,18,0.6666132600962779,0.39482451723478534,0.07890869348080648,0.40410732692029844
PK,Asia-Pacific,19,0.7017738887261193,0.3367616099261722,0.013549800452208844,0.45258206243950494
PK,Asia-Pacific,20,0.7111266750239129,0.31921432177009607,8.472068497905993e-05,0.45461137481973757
PK,Asia-Pacific,21,0.7126754472351399,0.3084207370286793,0.0,0.43940392483607876
PK,Asia-Pacific,22,0.710834718984712,0.2989894173089465,0.0,0.4259672184033037
PK,Asia-Pacific,23,0.6661269909362366,0.29238293202207116,0.0,0.41655502520127885
PL,Europe,0,0.2697439611241038,0.2568159864586389,0.0,0.3361862778575056
PL,Europe,1,0.18222804830160147,0.2539034752664052,0.0,0.33237364021591126
PL,Europe,2,0.13367325280247647,0.25606748594451817,0.0,0.3352064494391637
PL,Europe,3,0.11556682939790831,0.2567522047379641,0.0,0.3361027840705156
PL,Europe,4,0.13282144056113182,0.2620391419396301,0.002022694648665108,0.33817359527538754
PL,Europe,5,0.1944622772464171,0.2900263502500126,0.01950221079690956,0.33289745890856787
PL,Europe,6,0.2960284831996507,0.36440882458913254,0.06105233076937543,0.3306380305021477
PL,Europe,7,0.41158680876433273,0.4710900828603872,0.12585206392283046,0.3149108354368046
PL,Europe,8,0.5011112654499787,0.6057996354467938,0.20649006052271165,0.2978967352604926
PL,Europe,9,0.5596506210592967,0.7550962403022549,0.29020987595445447,0.2925882080672468
PL,Europe,10,0.593547769138966,0.878931181790913,0.35767490703492816,0.29292519426985125
PL,Europe,11,0.6127843344204272,0.9430378781202379,0.3946257771904017,0.28824243225428503
PL,Europe,12,0.629668205594318,0.9596910893088967,0.4026100062811891,0.2908975674205302
PL,Europe,13,0.6416132076021583,0.9226073823287803,0.3840397481501274,0.28688130124933797
PL,Europe,14,0.6480353741115171,0.8312876228625018,0.33184976280359463,0.29248149435666954
PL,Europe,15,0.6505796933751745,0.714298035150339,0.2677965229376751,0.2929245530418888
PL,Europe,16,0.6545441235573056,0.5698599703997779,0.1873522234925566,0.29673904157834685
PL,Europe,17,0.6659228091923306,0.43620434810689074,0.11338869571930141,0.2991285430525609
PL,Europe,18,0.6830223992113023,0.33287662321173134,0.05623157224582483,0.30092000794317647
PL,Europe,19,0.7100492279255105,0.2750805627369039,0.01954122204880649,0.31323905707325667
PL,Europe,20,0.7298292922690554,0.2580460643414006,0.002384242405699377,0.3320795060678484
PL,Europe,21,0.6880619997338187,0.2574288307620606,0.0,0.3369885248208451
PL,Europe,22,0.5630199602365815,0.25930631027727585,0.0,0.3394462489628569
PL,Europe,23,0.4030594407739342,0.25995549785585437,0.0,0.3402960712760359
PS,Asia-Pacific,0,0.5630273100706915,0.0,0.0,0.029776263859593997
PS,Asia-Pacific,1,0.4635257969792773,0.0,0.0,0.026238418709958078
PS,Asia-Pacific,2,0.3467128006444758,0.0,0.0,0.020898869872371464
PS,Asia-Pacific,3,0.2496112411966509,0.0,0.0,0.024918967227197667
PS,Asia-Pacific,4,0.19311514234323965,0.0,0.0,0.021395854540249632
PS,Asia-Pacific,5,0.1732959732988904,0.0018374463308247374,0.0009128572690441182,0.022270317259770037
PS,Asia-Pacific,6,0.1815647128004459,0.06479559765372926,0.03219094420772317,0.02189491686035516
PS,Asia-Pacific,7,0.22713266292361997,0.27092787397981904,0.13459902202321078,0.019834897738367944
PS,Asia-Pacific,8,0.2947142913264384,0.5975886253997912,0.29688656013665915,0.023118465992482167
PS,Asia-Pacific,9,0.35668626175311186,0.9243432375406758,0.45922072896792787,0.031084872151365586
PS,Asia-Pacific,10,0.4059834956552909,1.179022280998338,0.5857472087858057,0.04057368681041474
PS,Asia-Pacific,11,0.4360551399078296,1.3332872902358088,0.6623872350435388,0.05172066637738874
PS,Asia-Pacific,12,0.46511940816976677,1.390320657192534,0.6907218441861844,0.057899951767406865
PS,Asia-Pacific,13,0.5087254521557252,1.333763060873528,0.6626236015037471,0.06143426167693065
PS,Asia-Pacific,14,0.5200415327793108,1.189204620761113,0.5908058723845155,0.04978451530746498
PS,Asia-Pacific,15,0.5104949698746584,0.9556905597239508,0.47479431631032737,0.040513872854873456
PS,Asia-Pacific,16,0.5166617366123831,0.6601029750491108,0.32794416303890694,0.050945927757382825
PS,Asia-Pacific,17,0.5124564146703395,0.3410640749646684,0.16944321845937102,0.06369899906130898
PS,Asia-Pacific,18,0.5155631900304869,0.10898742631529226,0.054145779758186866,0.06780432278604415
PS,Asia-Pacific,19,0.5356213630315785,0.009403341259236545,0.004671651235627475,0.06807062847314259
PS,Asia-Pacific,20,0.5588196458104076,0.0,0.0,0.059718666883715035
PS,Asia-Pacific,21,0.5932730695555274,0.0,0.0,0.050891779742702085
PS,Asia-Pacific,22,0.6182304045656115,0.0,0.0,0.04030736931875203
PS,Asia-Pacific,23,0.6139070521226635,0.0,0.0,0.032735906444931205
PT,Europe,0,0.25358407280100237,0.19593963516727214,0.0,0.15989156113305172
PT,Europe,1,0.17807398496320057,0.19778948236295754,0.0,0.16140108193890212
PT,Europe,2,0.13460360040295438,0.2107646178917152,0.0,0.17198911163404215
PT,Europe,3,0.11769200402732607,0.21878120040762847,0.0,0.17853084012265072
PT,Europe,4,0.13555093636970847,0.22207358696568474,0.0,0.18121750852525173
PT,Europe,5,0.20629413122982557,0.2384151452416224,0.004358967079757011,0.18928234556429613
PT,Europe,6,0.30915194477115365,0.29402097919957093,0.04703364362220242,0.1830615974395803
PT,Europe,7,0.43558332124120863,0.4215661932625925,0.14534546270329035,0.16827620701183538
PT,Europe,8,0.5342668016264516,0.612344994427704,0.28611543199126266,0.1537562971251216
PT,Europe,9,0.5917833118520931,0.8002286648711567,0.4240561997548828,0.1402945791278743
PT,Europe,10,0.6110690721850123,0.9671133112616819,0.5307774376699794,0.14744359536798723
PT,Europe,11,0.5974681912690464,1.062896399884079,0.5914916558839054,0.15219748892655802
PT,Europe,12,0.619428415052503,1.0724372427033944,0.5983060839966734,0.15174396184825073
PT,Europe,13,0.657995616302804,1.0458602789767415,0.5701507500843218,0.1640981467515179
PT,Europe,14,0.6673148606328598,0.9513377448272143,0.5012220808395412,0.17030470541806356
PT,Europe,15,0.6656261945015975,0.8050339538515277,0.4018658436389166,0.17104540559003867
PT,Europe,16,0.6591767292464561,0.6292762781968537,0.2772442795506203,0.17829844482658125
PT,Europe,17,0.6554082764593409,0.4407827338602087,0.14765137011251123,0.18116938380604927
PT,Europe,18,0.652114121687429,0.2896745207487439,0.052368274136895994,0.17306486310814823
PT,Europe,19,0.6821312735737606,0.20597909434017347,0.006283921035907693,0.1604863350293697
PT,Europe,20,0.7114276993278708,0.17846219063993077,0.0,0.1456295365676427
PT,Europe,21,0.6462583586182212,0.17862558804869716,0.0,0.14576287287170614
PT,Europe,22,0.5151104854130977,0.17884832927733232,0.0,0.14594463519225334
PT,Europe,23,0.3720501362769692,0.19091137341741118,0.0,0.15578837588273453
PY,Latin America,0,0.24497308437022466,0.2775426006928437,0.0,0.233603885823529
PY,Latin America,1,0.1781068997110669,0.2660504081619115,0.0,0.22393106145294178
PY,Latin America,2,0.13904921994519842,0.2652177679075915,0.0,0.22323023931458658
PY,Latin America,3,0.13319048496742553,0.25310921530923675,0.0,0.21303863293915778
PY,Latin America,4,0.17259560407955532,0.23808288332800967,0.0,0.20039117077757862
PY,Latin America,5,0.25946679548218676,0.23144074493338218,0.0,0.1948005719459426
PY,Latin America,6,0.37128288957447875,0.24233635696551778,0.011064752928378484,0.19168938675890415
PY,Latin America,7,0.4667161749918095,0.31418077683976325,0.08636547436591958,0.16857607091028065
PY,Latin America,8,0.5212801252400406,0.46742404565871415,0.23395291907257967,0.13373681202664367
PY,Latin America,9,0.5621859661161382,0.6479680039395875,0.3927866110003589,0.10939284301099315
PY,Latin America,10,0.5904603606815138,0.8277685768581912,0.5197319489718175,0.11981924939444823
PY,Latin America,11,0.5856007461893152,0.9467809224715212,0.6036215199383096,0.12687292125468658
PY,Latin America,12,0.6139432012665063,1.004971261621159,0.6409381360432977,0.13442950564772094
PY,Latin America,13,0.6435878836930026,0.991109747350211,0.6282691150214457,0.13682506826973173
PY,Latin America,14,0.6496310426715427,0.9065231949579076,0.5636466868071426,0.13736059654150304
PY,Latin America,15,0.6494022488936234,0.7674777766331763,0.4652998175179324,0.12949295711368228
PY,Latin America,16,0.6387250654766788,0.5815798404264383,0.3335525554135283,0.11926461758917031
PY,Latin America,17,0.6254548526026508,0.3892828031026971,0.18185595216688127,0.1257940091189422
PY,Latin America,18,0.6185000538307195,0.26649819584634504,0.05608064948958958,0.16205843740972778
PY,Latin America,19,0.6135976626255398,0.2466757033015452,0.003938306840870477,0.2032521115468607
PY,Latin America,20,0.6018724394220503,0.2678757903603861,0.0,0.22546746117540709
PY,Latin America,21,0.5565493679341945,0.2756307571924074,0.0,0.23199471278244105
PY,Latin America,22,0.45771310412402777,0.27744759494412136,0.0,0.23352392075862835
PY,Latin America,23,0.34218737405091104,0.2830976791377383,0.0,0.2382795208703378
RO,Europe,0,0.35915997850543074,0.2551038933711009,0.0,0.28739712475532286
RO,Europe,1,0.24806133251049886,0.2582649612590172,0.0,0.2909583476364725
RO,Europe,2,0.18237347493092498,0.25745736879570996,0.0,0.2900485232160708
RO,Europe,3,0.14807373253583386,0.2679946059220474,0.0,0.30191965388740494
RO,Europe,4,0.14816130210791745,0.2732470558791466,0.0,0.30783700385664114
RO,Europe,5,0.19539010001821555,0.2817139996634564,0.0004422743751225406,0.3165355935573261
RO,Europe,6,0.2849461022592072,0.3098736600800198,0.01608972629718062,0.3185350613371822
RO,Europe,7,0.3960722494654524,0.38326766827886016,0.06817382573369721,0.3022776815377114
RO,Europe,8,0.49632238329150724,0.5009623119402744,0.15458715392345834,0.2707149296881323
RO,Europe,9,0.5607512487408209,0.6643558619459095,0.2604681608010249,0.25365401634120516
RO,Europe,10,0.6039039106125158,0.8235953702232206,0.3596870265321202,0.24456902921082294
RO,Europe,11,0.6224478467398612,0.9505906752852843,0.43999537825751533,0.2350816929867509
RO,Europe,12,0.6448103995252588,1.028391165773022,0.4863110099201325,0.23474674961606282
RO,Europe,13,0.6663547718765624,1.0503298403265626,0.4955998279508655,0.2418169865634116
RO,Europe,14,0.6804489008252861,1.0025174083053991,0.4617151762203099,0.2523214623735201
RO,Europe,15,0.6778179352192358,0.8897838684441607,0.38828929342555074,0.2648015693819063
RO,Europe,16,0.6690779346424975,0.7421099593995468,0.2998518148551593,0.26643522746725706
RO,Europe,17,0.6632773965074066,0.5713868865952941,0.19815698231711731,0.26728646448171606
RO,Europe,18,0.672980861648566,0.41192002805508937,0.10736138510629342,0.26011395110445107
RO,Europe,19,0.695249433302329,0.29188514080941735,0.03938017592486812,0.25402539955888054
RO,Europe,20,0.7234885032590492,0.24456990185416605,0.005862255231221081,0.26439334205536213
RO,Europe,21,0.7175528968846738,0.23810170500069047,0.0,0.2682426540507299
RO,Europe,22,0.6340390866723191,0.24544756127171918,0.0,0.2765184115990021
RO,Europe,23,0.4995482867606956,0.24743917036294977,0.0,0.2787621355927539
RU,Europe,0,0.3752578966807025,0.09907030012927932,0.0,0.3253282453020521
RU,Europe,1,0.2938037626004551,0.09504989386954796,0.0,0.3121259867828692
RU,Europe,2,0.22827965959804333,0.09348924718686308,0.0,0.3070011164014148
RU,Europe,3,0.18137047862682742,0.09124061069369092,0.0,0.2996170167904189
RU,Europe,4,0.15453003052818112,0.0893788277774103,0.0,0.29350327161657236
RU,Europe,5,0.1450276906099564,0.09227768942516193,0.002915688048014249,0.28769439982972345
RU,Europe,6,0.15393891447762018,0.12888430715822663,0.02474826737151193,0.2931266637857549
RU,Europe,7,0.17932689603691943,0.20203096738914914,0.07188945007153785,0.2854986161166078
RU,Europe,8,0.2132818108313941,0.3168091047846737,0.14572800923120643,0.2742285928355749
RU,Europe,9,0.2510507619869632,0.4615695249897658,0.23744251219146606,0.2674383608471084
RU,Europe,10,0.2899296457181053,0.6103580953688393,0.3313528660618541,0.26233191500921677
RU,Europe,11,0.3227300193227111,0.7167222539195606,0.3978447286835722,0.2620545998423174
RU,Europe,12,0.3464410924739626,0.7953278324163072,0.44471162741450154,0.2737945637601294
RU,Europe,13,0.3678974775944779,0.7921663269375016,0.44089039128420293,0.28350155820244416
RU,Europe,14,0.3832189184235432,0.7471064033439675,0.4109117883802587,0.2931350362846134
RU,Europe,15,0.4001539982001017,0.6569845648700574,0.35305376251981724,0.30135976457065033
RU,Europe,16,0.41489757803491484,0.5285792048610558,0.27119941268820036,0.31002070670909704
RU,Europe,17,0.4246106339331878,0.4056805302431953,0.19336540332241375,0.3156290645239975
RU,Europe,18,0.433067391719973,0.2748309382474068,0.11097829466195604,0.3190643974843291
RU,Europe,19,0.4412057781845514,0.17631609242662238,0.04913725828043938,0.32066732242480456
RU,Europe,20,0.4520059619088473,0.12106303514628464,0.013512449649853249,0.3265113753908937
RU,Europe,21,0.4567426102403438,0.09947080893684944,0.0007015020030204563,0.3229555447057907
RU,Europe,22,0.45309831639644244,0.09850153901856942,0.0,0.32346054071347363
RU,Europe,23,0.4298299543375987,0.09878917932583585,0.0,0.3244050974203678
RW,Africa/MENA,0,0.2623389997001849,0.0,0.0,0.0393513239005297
RW,Africa/MENA,1,0.1817189299017501,0.0,0.0,0.029679275974194626
RW,Africa/MENA,2,0.13696737378538332,0.0,0.0,0.02400493572693408
RW,Africa/MENA,3,0.11478086960734261,0.0,0.0,0.01923675838754975
RW,Africa/MENA,4,0.11100781268217998,0.0,0.0,0.01651470497459017
RW,Africa/MENA,5,0.1486990073036389,0.0,0.0,0.015578634724588737
RW,Africa/MENA,6,0.2418801476443619,0.001582310688983688,0.0008371909246026653,0.014467560775421233
RW,Africa/MENA,7,0.3161172777002247,0.12738101525553222,0.06739651743558728,0.012439960155572184
RW,Africa/MENA,8,0.41190101517263633,0.4675363287100984,0.2473706169358867,0.009644923098211071
RW,Africa/MENA,9,0.49741280061072746,0.8156496597701783,0.43155525496287933,0.023629169393550628
RW,Africa/MENA,10,0.5353430239994338,1.1079110257996703,0.5861889593013268,0.03883266288652456
RW,Africa/MENA,11,0.5458449336886747,1.2922725415997594,0.6837335116755263,0.05075234579695169
RW,Africa/MENA,12,0.5405801277737958,1.326533248501774,0.7018606425155901,0.049289019235771614
RW,Africa/MENA,13,0.5322454902121464,1.2941517893403829,0.6847278101811762,0.05719627728652934
RW,Africa/MENA,14,0.5459649901134808,1.1846055221049834,0.6267675490314013,0.061103020147238694
RW,Africa/MENA,15,0.5589621602528114,0.966799522322443,0.5115277243803573,0.058182207659264094
RW,Africa/MENA,16,0.5571991244494745,0.7151053049510534,0.3783578507105788,0.05886680158675207
RW,Africa/MENA,17,0.5288614877698082,0.4111353392614234,0.21752919777984883,0.05164000616760485
RW,Africa/MENA,18,0.5296295418526314,0.10861719097106733,0.05746869257087447,0.06799219874429129
RW,Africa/MENA,19,0.5451133188973973,0.0006634264425296963,0.00035101488013332844,0.09243095263663514
RW,Africa/MENA,20,0.5378375894285663,0.0,0.0,0.08913860584038744
RW,Africa/MENA,21,0.5443458277438936,0.0,0.0,0.07809820384132722
RW,Africa/MENA,22,0.5096624782439798,0.0,0.0,0.06460276687905467
RW,Africa/MENA,23,0.385529897185357,0.0,0.0,0.05247808255586097
SA,Asia-Pacific,0,0.6051137454770288,0.03863901371159529,0.0,0.5278234001690871
SA,Asia-Pacific,1,0.5418154056949814,0.037870481985449664,0.0,0.5173249689239265
SA,Asia-Pacific,2,0.4770506897363813,0.035827730966116994,0.0,0.489420224854347
SA,Asia-Pacific,3,0.41495250543847967,0.03485594799813225,0.0,0.47614530551461787
SA,Asia-Pacific,4,0.3718140487017411,0.032308655952080406,0.0,0.44134834203603723
SA,Asia-Pacific,5,0.3622297207604246,0.030266600458772417,0.0,0.4134530991124755
SA,Asia-Pacific,6,0.3622337701801335,0.034952854694440476,0.0028234076197258414,0.3935997639402055
SA,Asia-Pacific,7,0.3595299843104646,0.1296052499367465,0.04715234551239046,0.3697958364368962
SA,Asia-Pacific,8,0.3736709409389402,0.3941104267721189,0.17014765780896388,0.3294598749384183
SA,Asia-Pacific,9,0.39815921882586564,0.7763720553079201,0.347450921547714,0.28450345366505786
SA,Asia-Pacific,10,0.4259949983313573,1.1378177061646542,0.5145589596185234,0.25804215880007764
SA,Asia-Pacific,11,0.45371260783540984,1.4114350810506102,0.6407603855030922,0.2469446316626008
SA,Asia-Pacific,12,0.48076161438258647,1.5728263056102025,0.7145700111534143,0.2590942809021637
SA,Asia-Pacific,13,0.5488948544086111,1.6129300086841911,0.7327519640933329,0.2668309743043919
SA,Asia-Pacific,14,0.573761268299239,1.533737748845557,0.6959967421944814,0.2768489086698825
SA,Asia-Pacific,15,0.5691993988184171,1.3435111595454676,0.6082039992923985,0.28616587428556484
SA,Asia-Pacific,16,0.5845419236234572,1.0523788756517887,0.47363222349651946,0.30664442800003233
SA,Asia-Pacific,17,0.599872104701313,0.6869492180040222,0.3051985514652154,0.31806065462170424
SA,Asia-Pacific,18,0.6216308447805612,0.329734863890374,0.1400812398487065,0.3431885185730045
SA,Asia-Pacific,19,0.6664528938303451,0.10498687455708812,0.03537933555867052,0.3832168682145976
SA,Asia-Pacific,20,0.6723582140168815,0.03489082751249939,0.0014649176792458315,0.4331063930835629
SA,Asia-Pacific,21,0.681464896349514,0.03383452861702664,0.0,0.462192334179535
SA,Asia-Pacific,22,0.6798421857930016,0.03660974469871977,0.0,0.5001028253576162
SA,Asia-Pacific,23,0.649557439894846,0.038163314514409456,0.0,0.5213251709546861
SE,Europe,0,0.26817600674454445,0.43346614559332886,0.0,0.3231405924058194
SE,Europe,1,0.1958969142929957,0.4168323768911623,0.0,0.31074044091301456
SE,Europe,2,0.15297240403100063,0.3996448906581622,0.0,0.29792750375572813
SE,Europe,3,0.13316028152276566,0.3957672395526224,0.0013885123202459454,0.2945989205911648
SE,Europe,4,0.14323801603178116,0.392440712245201,0.008753073843668831,0.2897966328423402
SE,Europe,5,0.19435219255182556,0.3807476937076713,0.026387754488585952,0.27551858989635497
SE,Europe,6,0.27739496823970444,0.3735167207413671,0.056608693293524165,0.26059781862317416
SE,Europe,7,0.37935584217900137,0.39081729215214783,0.0950647005706197,0.26136789520157006
SE,Europe,8,0.46819189275369594,0.4097146508891356,0.14150299021113508,0.26081112021129543
SE,Europe,9,0.5169806302962546,0.4213517647414781,0.18707818683085137,0.25511415143804805
SE,Europe,10,0.5311409646695318,0.44856095569931187,0.22965997695222065,0.2619698392187655
SE,Europe,11,0.5274105417197751,0.4656920052491396,0.2648028773012393,0.2636583341095392
SE,Europe,12,0.5350317740923317,0.48034566591857014,0.28402132465026425,0.26852178542315114
SE,Europe,13,0.549803709605458,0.4816987769739704,0.2799851557446082,0.27080331575158845
SE,Europe,14,0.5589779019019722,0.48233976409494744,0.2524822101318404,0.2799542570741978
SE,Europe,15,0.5664622691357223,0.473459210475508,0.2160850350935275,0.2848118841803889
SE,Europe,16,0.5629358975687042,0.4538830390321953,0.16947578211283215,0.2849165310452344
SE,Europe,17,0.5574864532592184,0.4396651430738897,0.12221298457733068,0.2892217645316605
SE,Europe,18,0.571230329032355,0.4247112740161783,0.08100566424749299,0.291068739948187
SE,Europe,19,0.6007023563764123,0.43330172393335803,0.04675432018978253,0.3082739696240858
SE,Europe,20,0.6203359270698057,0.4543178885324733,0.022020760080127034,0.33174087986688333
SE,Europe,21,0.6007883881333153,0.45498808136671026,0.007314770092361921,0.3368780530639571
SE,Europe,22,0.5054734889163743,0.44883597729430913,0.0009938570118473002,0.33428508901568493
SE,Europe,23,0.3755998925607491,0.43700004985245516,0.0,0.3257750493926192
SK,Europe,0,0.2137953237166811,0.0018501302867400763,0.0,0.15204294456979423
SK,Europe,1,0.14270824622823294,0.001806818554154408,0.0,0.1484836042336346
SK,Europe,2,0.10828488635347992,0.0018310210756981315,0.0,0.1504725574808167
SK,Europe,3,0.10273340832712075,0.0017766802679247463,0.0,0.146006852290549
SK,Europe,4,0.1355857977642089,0.001993003957325418,7.400398973242877e-05,0.14476521858243596
SK,Europe,5,0.22091824514954334,0.03077872728085621,0.009310799846066104,0.1365075643233379
SK,Europe,6,0.33973125382033864,0.14554763857371047,0.046051237188340616,0.1258770038781868
SK,Europe,7,0.45424852365971974,0.36143306909589734,0.11512665164269817,0.11487120819160014
SK,Europe,8,0.5312144514961727,0.6552949520231542,0.2091597170162394,0.09782185268971094
SK,Europe,9,0.5717423473994058,0.9631104737077054,0.3076101057948181,0.0922246652063449
SK,Europe,10,0.5908621555875283,1.2172148926615096,0.3888330381559781,0.10012748764950305
SK,Europe,11,0.6072305740297282,1.3927567927912583,0.4449398688984076,0.10663300288321514
SK,Europe,12,0.6286955205245129,1.4467492939703377,0.46217951021633347,0.1131266820527544
SK,Europe,13,0.6434016125876343,1.4119889870740772,0.451029859709619,0.12199916543599253
SK,Europe,14,0.6397105386842602,1.26326695624311,0.40341284608091504,0.13765645912106
SK,Europe,15,0.6346752016247852,1.0245642051447057,0.32704324998113704,0.14814893520001546
SK,Europe,16,0.6334702321334732,0.7360039313235728,0.2347511323361595,0.15345877613581824
SK,Europe,17,0.6438258813912218,0.4525365163325852,0.1441059006511183,0.15404796538381046
SK,Europe,18,0.6723098403637401,0.22358860247789034,0.07089129169396365,0.15535725076116183
SK,Europe,19,0.7130033004939145,0.06901379873502181,0.021418079776625437,0.16707903851312447
SK,Europe,20,0.7243197930064859,0.007715359289264451,0.0017913972604705864,0.17365595113551174
SK,Europe,21,0.6420812847897505,0.0020074681568077357,0.0,0.16497290589677585
SK,Europe,22,0.49020526661537145,0.0019870618968410064,0.0,0.16329592786164243
SK,Europe,23,0.33193896134088646,0.0018762661680488614,0.0,0.1541907805257777
SN,Africa/MENA,0,0.23493717115891413,0.10916033159750385,0.0,0.3024878452916325
SN,Africa/MENA,1,0.17130693999540283,0.10774556767177026,0.0,0.29856747527050237
SN,Africa/MENA,2,0.11416956786701879,0.10734590954524154,0.0,0.2974600058832462
SN,Africa/MENA,3,0.07874428292498045,0.1069627964875013,0.0,0.2963983835737224
SN,Africa/MENA,4,0.06739680662850746,0.10337109230944612,0.0,0.28644562104684756
SN,Africa/MENA,5,0.0907433252446028,0.10072732172579821,0.0,0.2791196221643804
SN,Africa/MENA,6,0.12221072490031154,0.09619071982721734,0.0009537503340211632,0.2648532728982619
SN,Africa/MENA,7,0.15031968687563665,0.1252064133466359,0.04944361253016615,0.25906906966574883
SN,Africa/MENA,8,0.18842866491383847,0.20759313764341752,0.20281513345219862,0.21475719010869868
SN,Africa/MENA,9,0.21736561279833386,0.30009572020527814,0.3901589696879165,0.1380929666172886
SN,Africa/MENA,10,0.2465182331020621,0.397989800996018,0.5492761735708523,0.12654000404470842
SN,Africa/MENA,11,0.26822192951570306,0.47319156615975133,0.6632277663961149,0.13238492672528954
SN,Africa/MENA,12,0.27954331391857973,0.5103880125290107,0.7162288103232762,0.14125156927212504
SN,Africa/MENA,13,0.27484503328776866,0.5127531029479453,0.7192132107608324,0.14250073593155071
SN,Africa/MENA,14,0.3033222805033081,0.4781037596161659,0.6613713683588368,0.14929645959079668
SN,Africa/MENA,15,0.3061971993836067,0.4212840319599106,0.5560488998024588,0.1790511663773958
SN,Africa/MENA,16,0.28213518811030674,0.3358530165634009,0.4035979557204521,0.213290916270864
SN,Africa/MENA,17,0.27990566688262125,0.23340830291937115,0.23243078164474543,0.23365200451543028
SN,Africa/MENA,18,0.3018673037524071,0.15835910949262047,0.07261182800596054,0.30975642491809807
SN,Africa/MENA,19,0.34517287235801175,0.12417048718481172,0.003958379358085215,0.3370458257437828
SN,Africa/MENA,20,0.31457278360516533,0.11960781677578095,0.0,0.3314382637636627
SN,Africa/MENA,21,0.2819060975396922,0.11582237509412191,0.0,0.32094864650980337
SN,Africa/MENA,22,0.27097625116064683,0.11327508378094119,0.0,0.31388999572175696
SN,Africa/MENA,23,0.27508282388540184,0.10728428393316687,0.0,0.2972892387342422
SR,Latin America,0,0.3116507296330842,0.0,0.0,0.08757102027986201
SR,Latin America,1,0.2172396310376707,0.0,0.0,0.0785990029544669
SR,Latin America,2,0.16244099711413543,0.0,0.0,0.07281462215889686
SR,Latin America,3,0.14102891035484158,0.0,0.0,0.06900109355337217
SR,Latin America,4,0.16083273285133243,0.0,0.0,0.06535137446527235
SR,Latin America,5,0.21249290641454918,0.0,0.0,0.06442371551048072
SR,Latin America,6,0.27776677882558515,0.012176843508916445,0.005922527808178941,0.06218781034206301
SR,Latin America,7,0.35004394744680817,0.22243540135880516,0.10818730232562496,0.05090628728067103
SR,Latin America,8,0.3900160632274277,0.5765189905406259,0.2804051600827335,0.05284148470837368
SR,Latin America,9,0.4300299848322889,0.9595516966429813,0.46670318154224505,0.0694729089715827
SR,Latin America,10,0.4644933082217005,1.2260114808103404,0.5963028992635884,0.07250081065228928
SR,Latin America,11,0.4900927411860279,1.3514096715156605,0.6572936043673999,0.06643805793710081
SR,Latin America,12,0.5219395727187768,1.367768219108608,0.6652500138383526,0.06256155657627155
SR,Latin America,13,0.5423326301060631,1.2846725751728327,0.6248342639284683,0.0653599684146913
SR,Latin America,14,0.5389598057219207,1.1554020347517107,0.5619601397876922,0.06262049478197594
SR,Latin America,15,0.5251964879288372,0.9175728552159993,0.4462856689475908,0.06601706315802021
SR,Latin America,16,0.5130610444639471,0.6178688528446385,0.30051675215341755,0.06287843887471056
SR,Latin America,17,0.4893207088620714,0.30410030736293664,0.14790717524734132,0.07585654159661134
SR,Latin America,18,0.5094793038008607,0.05026152951656183,0.024446015588972015,0.09461075684009132
SR,Latin America,19,0.5670415645204134,0.0,0.0,0.11346632986460957
SR,Latin America,20,0.6169931600911609,0.0,0.0,0.12228285698916365
SR,Latin America,21,0.6221375393122585,0.0,0.0,0.11165711074138165
SR,Latin America,22,0.5538330320643355,0.0,0.0,0.1001823058028835
SR,Latin America,23,0.437326877614522,0.0,0.0,0.09378817048517218
SV,North America,0,0.32842719801526227,0.016953997946297164,0.0,0.10621990118014543
SV,North America,1,0.21770710226758364,0.01924454616974517,0.0,0.1205706051682949
SV,North America,2,0.15162680146758725,0.02102890173198939,0.0,0.1317499194570063
SV,North America,3,0.12621974904356245,0.023317210932210185,0.0,0.14608659555470258
SV,North America,4,0.14470593709534652,0.025061672509504047,0.0,0.1570159667236536
SV,North America,5,0.21469282729475067,0.02586550060948996,0.0,0.1620520969400652
SV,North America,6,0.3207184180683503,0.026465371831560853,0.002427650779065694,0.13280199198361795
SV,North America,7,0.43373825644222985,0.18931503972985161,0.07669817824191787,0.14323961805593477
SV,North America,8,0.5367761167144157,0.5789202095841364,0.25959557692701263,0.0973585045939932
SV,North America,9,0.5943716911884102,0.9832825543817115,0.4470616401429999,0.0818143392025687
SV,North America,10,0.6232525490199968,1.3182584937137958,0.6025909500619313,0.0657909430712785
SV,North America,11,0.6360675242421342,1.5304163491552223,0.7011137761635949,0.055398480101521264
SV,North America,12,0.6052626984706185,1.5952313918318146,0.7307799039882423,0.05811064417392084
SV,North America,13,0.6570716893445687,1.5554137216162542,0.7098804474827805,0.09281246408818403
SV,North America,14,0.6948972680079268,1.403818300038406,0.638361711802898,0.1154690465127989
SV,North America,15,0.683943285730487,1.154865957442899,0.5250918187598425,0.09585099534318742
SV,North America,16,0.6470473259877553,0.8430792306464554,0.38299406882335457,0.07453212241935735
SV,North America,17,0.6242399862663802,0.4710800767690464,0.2124803929292992,0.06233850523449502
SV,North America,18,0.6319881562782148,0.1316353553407778,0.0557987806493315,0.06603184785147552
SV,North America,19,0.6451722271647207,0.015181759350589956,0.0011063964641179124,0.08007299309321626
SV,North America,20,0.6765608018008906,0.01406824890411772,0.0,0.08814015508946327
SV,North America,21,0.6884782498776876,0.016467915655236372,0.0,0.10317450663158864
SV,North America,22,0.6285216755695451,0.01728202458887334,0.0,0.10827504815310501
SV,North America,23,0.48328523107933946,0.01851893595777668,0.0,0.11602452434094462
TH,Asia-Pacific,0,0.5565304701138759,0.11193311577436733,0.0,0.22887898531396852
TH,Asia-Pacific,1,0.4388206573305771,0.11869832334425516,0.0,0.24271236995016116
TH,Asia-Pacific,2,0.35659005472091376,0.1251461192588221,0.0,0.2558967164791407
TH,Asia-Pacific,3,0.29458320497881213,0.13143064700461843,0.0,0.26874721495480924
TH,Asia-Pacific,4,0.25527803044823694,0.13382395296713462,0.0,0.2736410074348718
TH,Asia-Pacific,5,0.26152232015344146,0.13325321440514307,0.0,0.27247397065541246
TH,Asia-Pacific,6,0.3222325343653894,0.13368949154489207,0.00022147210114464348,0.2723855801396016
TH,Asia-Pacific,7,0.387108006431557,0.19223313282080332,0.03240269382239431,0.24962463149623343
TH,Asia-Pacific,8,0.4647191813284559,0.45667119957169333,0.16069420883661037,0.2223817327277139
TH,Asia-Pacific,9,0.5478404005670091,0.8426880997967529,0.3345472452717338,0.24203505854059196
TH,Asia-Pacific,10,0.5878517098003297,1.195669968947272,0.4933038912224841,0.26097237869780526
TH,Asia-Pacific,11,0.6064394337840867,1.4397761501716198,0.6056530088327801,0.262734027579233
TH,Asia-Pacific,12,0.6164281163910907,1.5581376186470797,0.6627606143427799,0.2519355775873068
TH,Asia-Pacific,13,0.6381038749837862,1.555171960952263,0.6678634605037299,0.22328055512500825
TH,Asia-Pacific,14,0.6498131464691883,1.4248106451928217,0.6099619612932412,0.21305657563081418
TH,Asia-Pacific,15,0.6478840743719055,1.220881936830706,0.5179730603819709,0.20331210725911888
TH,Asia-Pacific,16,0.6292721782113091,0.937240629694228,0.3880235443612721,0.19862870111464895
TH,Asia-Pacific,17,0.6122271231523113,0.5944935703767291,0.23009841950468465,0.19693811017634136
TH,Asia-Pacific,18,0.6325777728863425,0.2688394304296774,0.08268732210639504,0.18365201346839105
TH,Asia-Pacific,19,0.6906503343202972,0.10543007706657154,0.006989630542518496,0.18463777028042555
TH,Asia-Pacific,20,0.732211930160318,0.09270993375809151,0.0,0.18957174041193314
TH,Asia-Pacific,21,0.7561375392018597,0.09219536638506912,0.0,0.18851956155138536
TH,Asia-Pacific,22,0.7319249626500541,0.09768687638029645,0.0,0.19974851043620662
TH,Asia-Pacific,23,0.6517209377123818,0.10585653321262357,0.0,0.21645368971412102
TN,Africa/MENA,0,0.40855043430066157,0.1444127978681956,0.0,0.455852337874951
TN,Africa/MENA,1,0.314626274488756,0.1436681201023981,0.0,0.4535016937110446
TN,Africa/MENA,2,0.2320517932820714,0.14253935922840652,0.0,0.44993865573306385
TN,Africa/MENA,3,0.16702990372880266,0.14375319539283446,0.0,0.4537702417248861
TN,Africa/MENA,4,0.12653839780459225,0.14321807202654513,0.0,0.4520810753824603
TN,Africa/MENA,5,0.11865438468645989,0.14480646624667975,0.0,0.45709498848021973
TN,Africa/MENA,6,0.13512809352188448,0.15185792671689075,0.007642921745999219,0.4517142742137508
TN,Africa/MENA,7,0.1712728176631135,0.20741384337046023,0.05687569521459161,0.44903987272771034
TN,Africa/MENA,8,0.23825033041838495,0.3226489593570155,0.16042385258793637,0.43832621349270445
TN,Africa/MENA,9,0.3046392549609414,0.48210523035674085,0.30423742658475456,0.42158782097378117
TN,Africa/MENA,10,0.35599579078890553,0.6359588336559343,0.44084369778951227,0.4132280505634432
TN,Africa/MENA,11,0.4014393874927548,0.7616293486709098,0.5481179169089605,0.42198003647639826
TN,Africa/MENA,12,0.427408862856241,0.8384004335880424,0.6128341363893339,0.4302800769545914
TN,Africa/MENA,13,0.4499605501843784,0.8592961439287924,0.6270765826141881,0.4447339809266734
TN,Africa/MENA,14,0.49524350312776794,0.8282964371913547,0.5978477988016023,0.4525813690980225
TN,Africa/MENA,15,0.5034267874141375,0.7386506257909179,0.5104815371214514,0.48555101358558045
TN,Africa/MENA,16,0.48761777268755685,0.6042016198191126,0.3880894067135302,0.5037602136569287
TN,Africa/MENA,17,0.47433833737223186,0.4466699174538317,0.24781839731956115,0.513762614509761
TN,Africa/MENA,18,0.46146116133017134,0.3009708248822563,0.11763396144032805,0.52463939791365
TN,Africa/MENA,19,0.4845955337610069,0.19931739431142698,0.03406597471353713,0.5059700806959011
TN,Africa/MENA,20,0.5197477943537139,0.15605307713923217,0.0022481477822160066,0.4844659182977224
TN,Africa/MENA,21,0.5467561215828018,0.14935467991557036,0.0,0.47145184510736493
TN,Africa/MENA,22,0.5331242941583751,0.14802948885338027,0.0,0.46726875709336696
TN,Africa/MENA,23,0.4800238506843877,0.1446286367831729,0.0,0.45653365335009755
TR,Asia-Pacific,0,0.3696135663578258,0.14533137348582711,0.0,0.2276547408265301
TR,Asia-Pacific,1,0.25037374397060747,0.1407911838838372,0.0,0.22054274799006857
TR,Asia-Pacific,2,0.17146079934507125,0.14298033642223945,0.0,0.22397195217224955
TR,Asia-Pacific,3,0.1250842714466074,0.14100084158840678,0.0,0.220871166894062
TR,Asia-Pacific,4,0.1082649373769319,0.14122378755072437,0.0,0.22122040122696868
TR,Asia-Pacific,5,0.11816199120922995,0.14492641512045654,0.002564409058201803,0.22260177551422727
TR,Asia-Pacific,6,0.16371105025204352,0.187011649711515,0.0403742457298643,0.22337789260401256
TR,Asia-Pacific,7,0.240050360062478,0.28892886031820003,0.1379997218197194,0.21481235772815996
TR,Asia-Pacific,8,0.32854921575417634,0.4583841622174859,0.28497006631455474,0.227018148380486
TR,Asia-Pacific,9,0.39832551804827243,0.6325784142727767,0.43910246488268584,0.2343066698128919
TR,Asia-Pacific,10,0.44716161480833755,0.7788800875248177,0.5640057752082158,0.24826610083836229
TR,Asia-Pacific,11,0.46902694213600116,0.8820881219454039,0.6391685691161682,0.2804270111703979
TR,Asia-Pacific,12,0.4924289957585452,0.9358363240494607,0.6660287518002892,0.3183394696945995
TR,Asia-Pacific,13,0.507354860343254,0.9271870824808639,0.6425196860231764,0.3452982475794621
TR,Asia-Pacific,14,0.5153403665234552,0.856422998273068,0.5724566134106359,0.3551721559149286
TR,Asia-Pacific,15,0.5214639189922756,0.7323293518559604,0.4639295851545979,0.34778332115997107
TR,Asia-Pacific,16,0.5180862376038409,0.5763105013654098,0.32119838983613924,0.3493208117953011
TR,Asia-Pacific,17,0.5090396431451418,0.41179219998598704,0.17138825968166807,0.34974170565292295
TR,Asia-Pacific,18,0.5268407225402277,0.29013845299281177,0.06569834198089461,0.3412863615095665
TR,Asia-Pacific,19,0.5894480945708652,0.2174695841634295,0.010918348239800865,0.3218429333784079
TR,Asia-Pacific,20,0.6275325754370991,0.19713787753953838,0.0,0.3088071855505621
TR,Asia-Pacific,21,0.62462501744109,0.17838528670750484,0.0,0.27943213663100525
TR,Asia-Pacific,22,0.5875811970894366,0.1585797737174748,0.0,0.2484077348206042
TR,Asia-Pacific,23,0.5054557682238237,0.14926674126343967,0.0,0.23381930880645654
TW,Asia-Pacific,0,0.566571321222534,0.032635852089076565,0.0,0.01202748983850903
TW,Asia-Pacific,1,0.44491058658710286,0.031793742467130105,0.0,0.011717142037776662
TW,Asia-Pacific,2,0.3352129606275946,0.035514134533284704,0.0,0.01308824084190199
TW,Asia-Pacific,3,0.255763516333589,0.03274857897931717,0.0,0.012069033767657715
TW,Asia-Pacific,4,0.20911460901056547,0.03159878168411215,0.0,0.011645291950018693
TW,Asia-Pacific,5,0.19873243973666427,0.03013975805819703,0.0,0.011107589064647658
TW,Asia-Pacific,6,0.24362132627897026,0.042365185216964446,0.005485432697108021,0.011039814387680978
TW,Asia-Pacific,7,0.3096930713034372,0.17760239741784037,0.06547455520222675,0.010865795364425385
TW,Asia-Pacific,8,0.39618392366616434,0.48887849249778376,0.20053914641427995,0.012976937216553509
TW,Asia-Pacific,9,0.47205327519734847,0.8531862805649734,0.359590589698555,0.014633980989272521
TW,Asia-Pacific,10,0.5180103575913874,1.1605200809337146,0.4893884735724894,0.019683176342679555
TW,Asia-Pacific,11,0.5363294373202269,1.3963492931426762,0.584232532984936,0.027521867257845917
TW,Asia-Pacific,12,0.533402058202431,1.538835512455789,0.6408125541444177,0.032861587065919004
TW,Asia-Pacific,13,0.5424218093193297,1.5033963223982156,0.6266347753616738,0.03162118885981865
TW,Asia-Pacific,14,0.5557061531813192,1.3653818648467466,0.5685241346814691,0.029205574745040312
TW,Asia-Pacific,15,0.5618606760553662,1.1480050966656001,0.4785310626312765,0.024122936116312537
TW,Asia-Pacific,16,0.5617847660960116,0.8302866943440042,0.3427050422142447,0.020272386178588505
TW,Asia-Pacific,17,0.555592737357104,0.4731356097071261,0.19029535554188898,0.01571551575391964
TW,Asia-Pacific,18,0.5607979472203974,0.1714647187975785,0.059171553629727563,0.013858744388212519
TW,Asia-Pacific,19,0.5852544215256011,0.04717547311050345,0.005033851148694183,0.013189069340672252
TW,Asia-Pacific,20,0.6215701541838974,0.034294731969175686,0.0,0.012638846969517637
TW,Asia-Pacific,21,0.6522397384415668,0.034483516154824395,0.0,0.012708420758134024
TW,Asia-Pacific,22,0.6639178113223384,0.030070033095678524,0.0,0.011081892898483749
TW,Asia-Pacific,23,0.6415085472125662,0.03239149386320141,0.0,0.011937435009523784
UA,Europe,0,0.31394998904829735,0.0,0.0,0.21533852465416717
UA,Europe,1,0.22168837761755483,0.0,0.0,0.21694258991104667
UA,Europe,2,0.1666270304217073,0.0,0.0,0.21404801701981144
UA,Europe,3,0.1372908231774964,0.0,0.0,0.21709511482342259
UA,Europe,4,0.137031898014277,0.0,0.0,0.22610776807983926
UA,Europe,5,0.17412902583240722,0.01638761322921145,0.005990378510244537,0.23925726375742717
UA,Europe,6,0.24227514902717076,0.11954410061414875,0.04369851797997102,0.2509915411046481
UA,Europe,7,0.3389212919084951,0.3251298397832932,0.11884896098263648,0.23607431323645803
UA,Europe,8,0.4412459662183758,0.6135842354615535,0.22429146739818318,0.21739896915896353
UA,Europe,9,0.5172664173505774,0.9287927836374826,0.33951376895169155,0.21501935054786483
UA,Europe,10,0.5630347337878409,1.1970024384264197,0.4375559505565028,0.2230034552434854
UA,Europe,11,0.5894622831534848,1.3519052383093966,0.4941795961488722,0.23064673077248293
UA,Europe,12,0.6029180738104271,1.4236764721293234,0.5204150735619131,0.24611635976764415
UA,Europe,13,0.6192688569640108,1.3930873383858229,0.5092334275918075,0.2681562014920036
UA,Europe,14,0.6261918146449942,1.2583412416002726,0.45997792520512276,0.2927547473806531
UA,Europe,15,0.6234789672158194,1.0119140871360235,0.3698981857216456,0.3034452634444575
UA,Europe,16,0.6143133381689259,0.7312537699913568,0.267304750729848,0.308175251509514
UA,Europe,17,0.6050662942707234,0.44565442911859077,0.1629058898234544,0.3066015827953738
UA,Europe,18,0.6124186815644013,0.20537479290609734,0.07507333305728786,0.29120349224478564
UA,Europe,19,0.6316338844951721,0.055294235632539324,0.020212424850442962,0.2748372746113927
UA,Europe,20,0.6533594376349228,0.002399352309725586,0.0008770666181616587,0.27100597186199493
UA,Europe,21,0.6430653179946582,0.0,0.0,0.24710364526884884
UA,Europe,22,0.565148425948355,0.0,0.0,0.22912454351196224
UA,Europe,23,0.4395558904011655,0.0,0.0,0.22036361316455957
UG,Africa/MENA,0,0.2413893158591877,0.0,0.0,0.05580442897961143
UG,Africa/MENA,1,0.1590353306958476,0.0,0.0,0.060323632504508236
UG,Africa/MENA,2,0.11699760477580184,0.0,0.0,0.05950531044108395
UG,Africa/MENA,3,0.1000819848559392,0.0,0.0,0.05885153680604908
UG,Africa/MENA,4,0.10822097430114182,0.0,0.0,0.05945802237395195
UG,Africa/MENA,5,0.15627157588551935,0.0,0.0,0.05757185827846335
UG,Africa/MENA,6,0.23943897062349473,0.0025752798958531553,0.0014831405135559707,0.053320495100808746
UG,Africa/MENA,7,0.3122045744603082,0.1349056076255868,0.07769406832149715,0.04100910980844589
UG,Africa/MENA,8,0.36528890862134117,0.4431193569416619,0.25519877341461705,0.03215580124259049
UG,Africa/MENA,9,0.39551692083544837,0.7379818997605473,0.4250143277895104,0.048389968801142956
UG,Africa/MENA,10,0.4219954192176084,0.9923177213838374,0.5714899639739337,0.0608584699198406
UG,Africa/MENA,11,0.4380867976207207,1.154108516717122,0.6646675963026099,0.07800870435075524
UG,Africa/MENA,12,0.43583982812165434,1.2077365986007842,0.6955527754375196,0.08300433809654847
UG,Africa/MENA,13,0.45513344111965587,1.187359804837499,0.6838174885604048,0.1044479685008574
UG,Africa/MENA,14,0.47133700618873625,1.0795220446646048,0.6217121806049112,0.12093214350259472
UG,Africa/MENA,15,0.48033212748927373,0.8825639837294645,0.508281217192075,0.11053107790480836
UG,Africa/MENA,16,0.48430187692626175,0.6735765642678536,0.3879223742072249,0.1026854297624871
UG,Africa/MENA,17,0.4830964560725853,0.3795998181726916,0.21861696283070814,0.09939901724211807
UG,Africa/MENA,18,0.5068890594717579,0.08868835506692131,0.05107689175541499,0.10536631335356846
UG,Africa/MENA,19,0.5438572096736437,6.268402284083793e-05,3.610062501463172e-05,0.1014946183139968
UG,Africa/MENA,20,0.5643621179609416,0.0,0.0,0.07527631400314184
UG,Africa/MENA,21,0.5715286862608716,0.0,0.0,0.061402869818739395
UG,Africa/MENA,22,0.5244437131676629,0.0,0.0,0.04714587482337498
UG,Africa/MENA,23,0.38846833548186294,0.0,0.0,0.04536987351780089
US,North America,0,0.217761942114342,0.2630709985771594,0.0,0.39708429580473953
US,North America,1,0.18813631910548315,0.2550449484334907,0.0,0.38496962529134415
US,North America,2,0.1791472022806386,0.24840593218972765,0.0,0.37494856974265484
US,North America,3,0.20153382980148396,0.2408152732660058,0.00011271748066585896,0.3633419596082325
US,North America,4,0.25464804414332143,0.23480827508524993,0.0032217857342793687,0.3501615298016531
US,North America,5,0.32393380910698993,0.24126067168663282,0.020601244188332223,0.33690755674117684
US,North America,6,0.39473721368882775,0.2656347207807322,0.061081106689333364,0.3201426047611882
US,North America,7,0.45145455922018757,0.3168036157653942,0.13653959207594715,0.2975449374916781
US,North America,8,0.4890144445204558,0.4027327560148044,0.2484786339800334,0.2791505923709543
US,North America,9,0.5124380296100453,0.5108600077134708,0.37962493889903576,0.2688509324253648
US,North America,10,0.5236591955953642,0.6136629332630004,0.49755553932224805,0.2679992535772738
US,North America,11,0.5314742961134478,0.6896876085300222,0.5765672124857102,0.2782184344998355
US,North America,12,0.536397414478552,0.7275634913425711,0.6090045050473111,0.2924738705266145
US,North America,13,0.5375686138119807,0.7276487723945441,0.5979449690300183,0.30723456378624353
US,North America,14,0.5296238276841836,0.6909159451679857,0.5441998608547217,0.3228951070837031
US,North America,15,0.5171780721061471,0.6200578906712726,0.4538934677216421,0.33541764149824527
US,North America,16,0.5101585015469334,0.5272421782348354,0.3393986884208566,0.3467985528127094
US,North America,17,0.5142608291790034,0.4344961810237283,0.2214149112180129,0.3629007016367722
US,North America,18,0.5142288895389495,0.36890867368653063,0.11702797927383024,0.4020075091109457
US,North America,19,0.4978570304340359,0.3222885109469992,0.044803750307214195,0.42719213768329783
US,North America,20,0.45290255239293997,0.3000539911107465,0.00860650914090207,0.4415205488653132
US,North America,21,0.39120623083490047,0.29417249347428653,0.0007811685344771317,0.4429959748561257
US,North America,22,0.32338361646198066,0.28808324860165674,0.00015796925637033486,0.4346292585629033
US,North America,23,0.2640662207853279,0.2725515665946768,1.4085370404092065e-06,0.4113925793376468
UY,Latin America,0,0.37398426497345,0.554819114720721,0.0,0.40506388525972964
UY,Latin America,1,0.2638551355642194,0.5277326739670932,0.0,0.38528854111888344
UY,Latin America,2,0.1927062868353978,0.5007552199521837,0.0,0.36559276631992826
UY,Latin America,3,0.15228722188266594,0.48351862886292607,0.0,0.35300862786831344
UY,Latin America,4,0.1407421882056885,0.4764985678747579,0.0,0.3478834021809125
UY,Latin America,5,0.1764585082353925,0.4686811463705822,0.0003067710530895076,0.34210998627811656
UY,Latin America,6,0.2572032839335096,0.4666624109077513,0.02270250817444945,0.3358141049654262
UY,Latin America,7,0.3747078492894645,0.4312142095790819,0.10391975268816916,0.2924470580446498
UY,Latin America,8,0.4852505881081001,0.44623716515381917,0.24228767741492863,0.2736229926045332
UY,Latin America,9,0.5538866978688085,0.47603813055430844,0.3947067040529074,0.26256274801388596
UY,Latin America,10,0.6014436095702778,0.48890507396188987,0.5116226832918251,0.2467834442578454
UY,Latin America,11,0.6059054563798718,0.5084368707518375,0.5927135811436163,0.2435835513260209
UY,Latin America,12,0.6230058555661049,0.5156511607788726,0.6206081728213245,0.24284458188042782
UY,Latin America,13,0.6558363663799075,0.5179824814950648,0.6150978277342789,0.24573307414698414
UY,Latin America,14,0.6665433488440851,0.501191805917138,0.5621161529964082,0.24488200167911453
UY,Latin America,15,0.6610600241084678,0.4774534103799301,0.4668589468966117,0.2480608841522143
UY,Latin America,16,0.6402935801612069,0.4507833178448913,0.3366706584387198,0.25662041383181755
UY,Latin America,17,0.6371733056648049,0.4381420966375837,0.1844909447340701,0.2801571656913346
UY,Latin America,18,0.66603374964745,0.4580508976557475,0.06575067179368554,0.3202582658506083
UY,Latin America,19,0.6894030844991432,0.49717125447702376,0.008850827764437949,0.36107049869022756
UY,Latin America,20,0.6946937999811459,0.5464518196373481,0.0,0.3989550671500801
UY,Latin America,21,0.6909139012086597,0.5640496588250679,0.0,0.4118029466200257
UY,Latin America,22,0.6282994791005223,0.5718697725991224,0.0,0.41751227707466615
UY,Latin America,23,0.5097483959328991,0.5731390930364981,0.0,0.41843898607650315
UZ,Asia-Pacific,0,0.3348674615222767,0.08014443968231223,0.0,0.1617740730525108
UZ,Asia-Pacific,1,0.2390149104619715,0.07515688196563447,0.0,0.15170653087978145
UZ,Asia-Pacific,2,0.1719960588269889,0.07196842015945583,0.0,0.1452705204066591
UZ,Asia-Pacific,3,0.13702748955657046,0.07024696674143932,0.0,0.1417957125209642
UZ,Asia-Pacific,4,0.14691915274633277,0.07419517675671658,0.0,0.14976529865781857
UZ,Asia-Pacific,5,0.1848156587318435,0.08009131825950318,0.004946254571870256,0.14391128892663277
UZ,Asia-Pacific,6,0.23620880740270675,0.14840866337385195,0.046520011649301855,0.13257479443064848
UZ,Asia-Pacific,7,0.3115354210638212,0.3018628431865008,0.14073685531195468,0.10411693169739791
UZ,Asia-Pacific,8,0.4071678995249652,0.5440795160745467,0.27665975770888335,0.1051168259801908
UZ,Asia-Pacific,9,0.4575707849780106,0.7855019031954826,0.4135132363192614,0.10117294249687633
UZ,Asia-Pacific,10,0.48148058250631,0.9848193770987071,0.525366415997283,0.10198247344360523
UZ,Asia-Pacific,11,0.4830418754443686,1.102050730159726,0.5909525206924755,0.1031833826625726
UZ,Asia-Pacific,12,0.49578913689588144,1.1376468185912345,0.6096187039291551,0.10802925885916694
UZ,Asia-Pacific,13,0.5320112798138438,1.1011181086955528,0.584602637347474,0.1240950162254568
UZ,Asia-Pacific,14,0.530955235833789,0.9733323093293581,0.5092056871450411,0.13680759105575602
UZ,Asia-Pacific,15,0.5157048285866646,0.7922711251844576,0.4041507682095606,0.1484452568960944
UZ,Asia-Pacific,16,0.49510107918855933,0.5643282280727211,0.270883323056193,0.16672514031354949
UZ,Asia-Pacific,17,0.4844599039041345,0.3486692382633765,0.14413101752228244,0.18641309776545345
UZ,Asia-Pacific,18,0.5147137862417275,0.1925643135076799,0.05374127348928974,0.1957822190844435
UZ,Asia-Pacific,19,0.5593773529537107,0.11606902566996098,0.007975769661815851,0.2056583810379983
UZ,Asia-Pacific,20,0.5985085050917153,0.09783216743254877,0.0,0.19747730801855676
UZ,Asia-Pacific,21,0.5963321894564327,0.0924758291403375,0.0,0.18666537065131117
UZ,Asia-Pacific,22,0.5463594852324907,0.09141628986514265,0.0,0.18452665728845266
UZ,Asia-Pacific,23,0.44851989967077394,0.08322909522964295,0.0,0.1680005473261321
VN,Asia-Pacific,0,0.41550665233223066,0.09927470549543566,0.0,0.21089280173143055
VN,Asia-Pacific,1,0.29791133478131904,0.10033506661550107,0.0,0.21314536472158674
VN,Asia-Pacific,2,0.22794709237349384,0.10056492563329213,0.0,0.21363366244076173
VN,Asia-Pacific,3,0.18570056380511857,0.09912813377915819,0.0,0.2105814342008388
VN,Asia-Pacific,4,0.16433528077359164,0.09950672469882492,0.0,0.21138568841000654
VN,Asia-Pacific,5,0.18267045294992412,0.10433052646134669,0.0,0.22163306273983524
VN,Asia-Pacific,6,0.23232592172866312,0.10742014591413665,0.004736646620405256,0.2135689546095472
VN,Asia-Pacific,7,0.2899030476489617,0.22887306084314357,0.09292616272693942,0.19923285860300843
VN,Asia-Pacific,8,0.36727641249048143,0.48495246660678065,0.27043191671844774,0.19506627323651002
VN,Asia-Pacific,9,0.42476235202197105,0.7606357121263108,0.44882188598760125,0.22981423118841474
VN,Asia-Pacific,10,0.4516399452949319,0.9738061215133921,0.5864413117180493,0.2576696808028361
VN,Asia-Pacific,11,0.46630585662657864,1.1071879151396584,0.6707238727197269,0.28073980914760527
VN,Asia-Pacific,12,0.5085659289208824,1.1562121019662888,0.6975298608670906,0.30210260410850825
VN,Asia-Pacific,13,0.5335684214858877,1.1245762684118257,0.6707367542503667,0.3176387287394625
VN,Asia-Pacific,14,0.5376612865852846,1.0151107207118981,0.5947125773853275,0.3198715686321748
VN,Asia-Pacific,15,0.5237137925369518,0.8459878371427993,0.479247708928976,0.31717115294873477
VN,Asia-Pacific,16,0.5171553138427296,0.6252381242665978,0.331477749077147,0.3045611369489593
VN,Asia-Pacific,17,0.47989975120264705,0.37425867254588063,0.17205772990124857,0.2637101916035632
VN,Asia-Pacific,18,0.48269440534524843,0.1605847730133401,0.038529982919795765,0.2221494233383705
VN,Asia-Pacific,19,0.4964627825985442,0.09395878480880154,0.0002242275922552068,0.19890755212799582
VN,Asia-Pacific,20,0.5549422950756598,0.09150807644227257,0.0,0.1943938743072077
VN,Asia-Pacific,21,0.5879551096404099,0.09404924715317539,0.0,0.19979217398712756
VN,Asia-Pacific,22,0.5876809899692778,0.09513445110269723,0.0,0.20209751148697233
VN,Asia-Pacific,23,0.5236511252935359,0.09760155293176459,0.0,0.20733846399639752
ZA,Africa/MENA,0,0.2962400266991963,0.12597461655113648,0.0,0.2107597618522841
ZA,Africa/MENA,1,0.21518204104924293,0.12155701884013947,0.0,0.20336897260426925
ZA,Africa/MENA,2,0.17183136772328966,0.12073060421064934,0.0,0.20198635319036629
ZA,Africa/MENA,3,0.1513824109782748,0.12385548775320294,0.0,0.20721438824437557
ZA,Africa/MENA,4,0.1602988337711137,0.1249223684698761,0.0,0.2089993154934262
ZA,Africa/MENA,5,0.21683035970129796,0.12322546455615013,0.0,0.20616033828885647
ZA,Africa/MENA,6,0.3233146530756152,0.13083654017074844,0.0033513120295083614,0.21064439678222074
ZA,Africa/MENA,7,0.4343603992535237,0.20398295801724953,0.051155829192256225,0.21534611128700146
ZA,Africa/MENA,8,0.5394367783431832,0.3910398098075783,0.17860366228970456,0.21457532098780596
ZA,Africa/MENA,9,0.5857375533110349,0.6631059956775258,0.36216793107388273,0.2178928403789761
ZA,Africa/MENA,10,0.6108852576816606,0.9020826859603621,0.5281519107509854,0.209125831052047
ZA,Africa/MENA,11,0.6282652665128153,1.087955160240895,0.6479722829064744,0.2251491514053949
ZA,Africa/MENA,12,0.641219828051961,1.2064655192275044,0.7156484714462228,0.2568305306585524
ZA,Africa/MENA,13,0.6531089909109531,1.2550086573097976,0.7329556587841711,0.29544178413902294
ZA,Africa/MENA,14,0.6617028942000565,1.2155585790091468,0.6961624306904974,0.32000999524867396
ZA,Africa/MENA,15,0.6705463079767442,1.114278219262924,0.6147769200087637,0.3509015918429294
ZA,Africa/MENA,16,0.6601588890015473,0.9363053231391653,0.48294991314629077,0.3776498364139997
ZA,Africa/MENA,17,0.6533038980266324,0.7000273377436025,0.3184731039986643,0.3872218470538188
ZA,Africa/MENA,18,0.6749598632363382,0.45499204248204994,0.14559577355887268,0.4028211491034061
ZA,Africa/MENA,19,0.6933598776200526,0.28197824224326173,0.03533706689150183,0.3847740066189518
ZA,Africa/MENA,20,0.7011358911037983,0.2113620099011453,0.0013994181795262187,0.35017095557719935
ZA,Africa/MENA,21,0.6688338145036296,0.1860341308456941,0.0,0.31124134517622715
ZA,Africa/MENA,22,0.560470837867765,0.16070369492446263,0.0,0.2688626756590536
ZA,Africa/MENA,23,0.40904097230008607,0.13962454655554327,0.0,0.2335965529121824
ZM,Africa/MENA,0,0.28481940121570665,0.0,0.0,0.320498539103696
ZM,Africa/MENA,1,0.19334078922831047,0.0,0.0,0.3288538804507984
ZM,Africa/MENA,2,0.14549342407313318,0.0,0.0,0.332551748628407
ZM,Africa/MENA,3,0.12481255566833294,0.0,0.0,0.3333450959041758
ZM,Africa/MENA,4,0.1259231186615574,0.0,0.0,0.34296189633755453
ZM,Africa/MENA,5,0.17105708455274105,0.0,0.0,0.3605808867706853
ZM,Africa/MENA,6,0.26162139795409,0.0035365987387006377,0.0020286064808205384,0.3724472916001404
ZM,Africa/MENA,7,0.3444780050267713,0.10027704778005005,0.057519295807615035,0.3630214470509068
ZM,Africa/MENA,8,0.40809497728108013,0.40868424644526546,0.23442283736512437,0.315275050124667
ZM,Africa/MENA,9,0.43613756980882207,0.7486267761773041,0.42941516470342656,0.3131367989697578
ZM,Africa/MENA,10,0.4672595549551123,1.019207442746748,0.5846212636540766,0.2859523582083408
ZM,Africa/MENA,11,0.47064860201848646,1.1914170249678417,0.6834013346670125,0.2324218905960621
ZM,Africa/MENA,12,0.47610733664381555,1.2461225136122553,0.7147806109151525,0.1860762030412893
ZM,Africa/MENA,13,0.47183865077605625,1.210781352580697,0.6945087865988091,0.1565021311073125
ZM,Africa/MENA,14,0.482599638466477,1.1339820100329954,0.6504563917624461,0.1482799217113961
ZM,Africa/MENA,15,0.4968280981741475,0.9603366515972231,0.5508527540546992,0.14511922426342144
ZM,Africa/MENA,16,0.4967451892157009,0.7542983330291397,0.4326683912739375,0.16213746095211243
ZM,Africa/MENA,17,0.48518993072380256,0.45728130913313564,0.26229829726354525,0.17634385300609343
ZM,Africa/MENA,18,0.4964306716057727,0.1529199245837688,0.08771545006295949,0.18850102607443578
ZM,Africa/MENA,19,0.5182694013740123,0.009155252813659923,0.0052514878174063275,0.2227738001181639
ZM,Africa/MENA,20,0.5284244245524962,0.0,0.0,0.2442066104896797
ZM,Africa/MENA,21,0.5501262575153802,0.0,0.0,0.2651405784545871
ZM,Africa/MENA,22,0.5369259597976096,0.0,0.0,0.28677336721564817
ZM,Africa/MENA,23,0.42345444494937046,0.0,0.0,0.3102212008500901
