country,local_hour,demand_orig,demand_migrated,portfolio_w0_fit,portfolio_w3_fit
AE,0,0.5216035453157795,0.48526781935237967,0.5142155364852885,0.47862136513545805
AE,1,0.41411605368415955,0.3911029990091937,0.4290635848635853,0.39989760973436345
AE,2,0.3222969545788521,0.30219348530828855,0.33854351253711795,0.3168090966834763
AE,3,0.25324533627359386,0.23540521753823343,0.2675186866241545,0.2505288901575882
AE,4,0.2201525496765072,0.20551015574508794,0.23655132629491912,0.2200837164986838
AE,5,0.23047052360610787,0.21313534191565905,0.24183901603375904,0.22339161998924928
AE,6,0.26853456522606595,0.25062744834723205,0.2715951766994323,0.24861387100151966
AE,7,0.3339463619723813,0.31097108005795865,0.3341885234517004,0.3063854249188742
AE,8,0.44133431047925853,0.397360886598897,0.42557647079409044,0.39107201648073475
AE,9,0.5401357838874822,0.4888860896674759,0.5257163956756442,0.4849437582577899
AE,10,0.6114521081949127,0.563412443204344,0.6050496664140645,0.5609164184213856
AE,11,0.6631927205083584,0.6179918131821831,0.6622998223816978,0.616195794370048
AE,12,0.6851699203050722,0.648865907476127,0.6961353917832689,0.6495268151745937
AE,13,0.6907722748468409,0.6615025712017671,0.712406400355382,0.6671920174701303
AE,14,0.7080499578750747,0.6660069883467024,0.7055745336544134,0.6629969204090234
AE,15,0.7046489614219684,0.6532274374355453,0.6863506524533785,0.6447011292970853
AE,16,0.6965184227988489,0.6398154583850294,0.6719214658543002,0.6302305414466639
AE,17,0.6895734108810206,0.6426820912997143,0.6787830361924019,0.6396522391525584
AE,18,0.6782116319323743,0.6470733150581397,0.6951117693252333,0.6569976138113022
AE,19,0.6966622212078348,0.6693693021646983,0.7139810963157432,0.6749848681100571
AE,20,0.7110223671111475,0.6790149431704161,0.7232635827626848,0.6816137012779038
AE,21,0.7110463641655024,0.6717683795025622,0.707560140723371,0.6651520605334428
AE,22,0.6857480622543178,0.6320337549109645,0.6599396560727672,0.6181540556797016
AE,23,0.6192875173461234,0.569052379727598,0.5940064818011866,0.5536157645945637
AF,0,0.32027721354852107,0.29081592897346936,0.32853053756997047,0.287900683070799
AF,1,0.22574124095998413,0.21682861787303603,0.2671064060396843,0.23813727892572123
AF,2,0.15901072988231854,0.15550492259695156,0.21099862365677335,0.1902474148031596
AF,3,0.12774892256115483,0.12025095358422702,0.16712643503168287,0.14958547848000608
AF,4,0.14955064132092866,0.12415167132288686,0.15166836039809126,0.1332614436777681
AF,5,0.18031020162465342,0.1510865048506312,0.16999778573021407,0.14790713007317405
AF,6,0.22988373948307594,0.198007867221475,0.21719843998219465,0.19060565992858233
AF,7,0.2883764293887741,0.2563119052059458,0.28766780868225994,0.2567921968606183
AF,8,0.38564360240692785,0.3340567534775412,0.36679165297476524,0.32927753261531556
AF,9,0.44481709173548595,0.3948185977659216,0.4364746562967691,0.39047132939134505
AF,10,0.48766855821806876,0.43421122375090954,0.48075931891534346,0.428220322206143
AF,11,0.48958302972316553,0.4420674860875464,0.49611641111592725,0.44049984054894903
AF,12,0.4561654962367778,0.42458076060743427,0.4866759331134141,0.4317078351121659
AF,13,0.47753350658858806,0.4275736801367421,0.47694586435389597,0.42619043182975325
AF,14,0.497767240771261,0.4318706489894577,0.4674862060228965,0.4213624512960374
AF,15,0.48803472688764105,0.42469466927615906,0.4555327258645904,0.40989384511598936
AF,16,0.45524888764278554,0.40805055419108066,0.4477329654241173,0.4013782043089809
AF,17,0.4430158354069881,0.40963109718851726,0.4655551733897607,0.4184493791770413
AF,18,0.4722232291162187,0.4411289427944612,0.5014250430115524,0.45334689855492366
AF,19,0.5033353427132988,0.4713520147249089,0.5334703174471696,0.4831716558795337
AF,20,0.5547181834714067,0.5022107095253655,0.5465728632334671,0.4926607882423208
AF,21,0.572566548727513,0.4931221703303167,0.5285349986620811,0.47201805814417447
AF,22,0.5279344170395625,0.4448343135694669,0.4777024150923498,0.42199778453703835
AF,23,0.43491546140280163,0.3711711843681748,0.403999334848932,0.3532495356330863
AR,0,0.39318800678375043,0.3733205181519846,0.4036512172468072,0.3697350026497138
AR,1,0.28379456617517984,0.2745370525194306,0.3213620130979504,0.29039269901693027
AR,2,0.20724811041467894,0.20321251751180353,0.2585906635115227,0.23228094002778502
AR,3,0.1616980141534488,0.1580986496067535,0.20362103359108372,0.1822665158519277
AR,4,0.14457303915657527,0.14129714283934078,0.1678560963935538,0.14961686356404136
AR,5,0.17128723188999673,0.16650952478024056,0.18881457963327614,0.16992210743257627
AR,6,0.24433564799067375,0.22862278957756718,0.25320972749445586,0.2301253440836152
AR,7,0.3499545013559754,0.30895819901482907,0.33529830819656975,0.30563476372054876
AR,8,0.4424755353577044,0.388601421106543,0.4162075678185271,0.38045080002996007
AR,9,0.5110257925523773,0.45804433862228855,0.487557198767438,0.4492656002052755
AR,10,0.554506962675805,0.5119185312123142,0.546888384679931,0.5087855496508359
AR,11,0.5678121591640197,0.5441988816382809,0.5885199420924117,0.5506025661800493
AR,12,0.5755393991114901,0.5574192326581974,0.6084867355736558,0.569259973294344
AR,13,0.6089649181055377,0.5694554072117246,0.6052250148474422,0.565265635948476
AR,14,0.6257991983375891,0.5770860524355605,0.6063404498694203,0.5679968168213736
AR,15,0.6226210889023167,0.5793775193866213,0.608536251334263,0.5733242756451093
AR,16,0.6093071080500393,0.5745656460315444,0.6071005218117138,0.5750077415186727
AR,17,0.6082640151293783,0.5765580639609531,0.6094266007747083,0.5789623203283659
AR,18,0.6262286328076425,0.5914134427138537,0.625778534848917,0.5927350924274603
AR,19,0.6390575057720673,0.6022265379433271,0.6393093487933255,0.6020640629510348
AR,20,0.644695501549556,0.6011590450638279,0.636462714119518,0.5964661076540844
AR,21,0.6455148825060149,0.584348692901034,0.6109276460022847,0.5712953816543331
AR,22,0.6126600588705358,0.5389829030369645,0.554262224230435,0.517408637068732
AR,23,0.5199206140416439,0.47110436498887537,0.48703971612478647,0.4521516771886147
AT,0,0.2775287562733821,0.2568077599306666,0.2831578616917208,0.26094275469121114
AT,1,0.1993005645470731,0.1839898578522072,0.21422298398782902,0.1984377851012774
AT,2,0.15482098724601154,0.14755735691919145,0.1790761898651244,0.16724018852288913
AT,3,0.1362640697263146,0.13327542212928542,0.16614962711144574,0.15439737017601887
AT,4,0.15650562981875585,0.15128114077289115,0.18421711276041866,0.16765041819077156
AT,5,0.23331473366495334,0.20941589283483167,0.24112387941453836,0.2195478355452362
AT,6,0.35110991298727845,0.3083960316196715,0.336483484325058,0.3097490989624109
AT,7,0.4730738327666538,0.41852726759629943,0.4472055735713734,0.4108398130289972
AT,8,0.5618844003032344,0.5092758711793521,0.5415611667238163,0.4980696063869273
AT,9,0.6047749284905044,0.5671698049397251,0.6094746668741492,0.5632703990534248
AT,10,0.6203243302128952,0.5937263518808418,0.6440688581327939,0.5970008125031165
AT,11,0.6226269490834587,0.5964988906203614,0.6448981988064177,0.598457466364611
AT,12,0.6308533154399214,0.591429685889984,0.628474576423443,0.5854062469093133
AT,13,0.643083865376021,0.5885657063014882,0.6194848535190137,0.5796848439963727
AT,14,0.6497724139092603,0.5923648705426002,0.6267128482899592,0.5875988470512731
AT,15,0.6519951526725631,0.5995043758532052,0.6315956922914853,0.5917622401467931
AT,16,0.6487314767808634,0.6117037440106914,0.6487311815106711,0.6078708332257983
AT,17,0.6522637718865997,0.6294986642862177,0.6788154162035901,0.6378634227515412
AT,18,0.6705467418177145,0.6490378529822565,0.7067757708762672,0.6626820248441918
AT,19,0.7027431143147562,0.6632762985050871,0.7095082584632826,0.661026979016015
AT,20,0.7102125839707673,0.6442515875144386,0.6767983052491618,0.6286271904204993
AT,21,0.6563309269322588,0.5854438850457373,0.6098410586869639,0.5648553843634908
AT,22,0.5336939292107923,0.48820366541351556,0.5126182645432867,0.47260318512824323
AT,23,0.3908425246090012,0.36647183055223265,0.39160308271922395,0.3600890687923568
AU,0,0.2944459669264653,0.2771327587904366,0.3143325297973341,0.2858015588547476
AU,1,0.22263463508400094,0.20897164680274122,0.24131642507448145,0.2190240457225894
AU,2,0.17788889945978567,0.16767129182567708,0.19737796650934966,0.17953265303593005
AU,3,0.15475466389951167,0.1482101097922341,0.18011062734528285,0.16428469209097463
AU,4,0.1583755774556588,0.15621363579058972,0.20197801618891983,0.1830299253322253
AU,5,0.20824563834930554,0.1998351198165867,0.24844717037514993,0.22334179662744666
AU,6,0.29715167950707566,0.2663370460121821,0.29876077063452067,0.2677187216778422
AU,7,0.4014809140980506,0.3454740877020635,0.3630269824781399,0.3265951669896058
AU,8,0.5096599186240115,0.43479944311616914,0.4545472370122153,0.4111750035602154
AU,9,0.586399644683517,0.5157530138291015,0.5476526199751927,0.49809079708686693
AU,10,0.6211817007461474,0.5690427465960148,0.6159631539917645,0.562492423130622
AU,11,0.6370749388382693,0.5954024326956658,0.6536560432628,0.5990144824786213
AU,12,0.6428126050942613,0.600206937705712,0.6530220339261821,0.6002484679432986
AU,13,0.6514933138150792,0.5987353980641265,0.6437144252576503,0.5943953629666975
AU,14,0.665664064077784,0.6015314600434807,0.6381432190110701,0.5933111655287648
AU,15,0.660088591903474,0.6068212598011932,0.6450923959756852,0.6029098369435975
AU,16,0.6462272584728608,0.6098364904698198,0.6565119252612082,0.6137904218731867
AU,17,0.6120108973670456,0.5908832750677171,0.6515023188827094,0.6071387153836876
AU,18,0.6069334721204357,0.5798616922521324,0.6319886897368566,0.5876044162008839
AU,19,0.6254314470981303,0.5783256075884298,0.6166568658563341,0.5715985846230315
AU,20,0.6389772684474622,0.5706589361306207,0.5986027112590762,0.5527037017250088
AU,21,0.6006733389240648,0.5347097956156477,0.5599760077803849,0.5157966134771609
AU,22,0.5024306602978038,0.4614282126004986,0.493585596595016,0.45313673240488916
AU,23,0.3901727575935236,0.36676932126946543,0.4062441206963998,0.37187643372041035
BD,0,0.7053738737650055,0.6112142146908072,0.643149654613916,0.5878056572404092
BD,1,0.5690710528550222,0.5175277983420553,0.550567429729703,0.4989517639096763
BD,2,0.42489485646531255,0.40556208884858075,0.44743234330130466,0.4060581028397534
BD,3,0.30796241433640514,0.30127405800162954,0.3561141674289943,0.32917140104741405
BD,4,0.23227147893665248,0.22388070858331555,0.27767583196032025,0.25917487107011505
BD,5,0.2091283938773515,0.1949205981379825,0.23499182041270247,0.21719997852793077
BD,6,0.23424913762190022,0.21448978962288837,0.2337413864876085,0.21291592477456214
BD,7,0.28460797279255085,0.2541092391359625,0.26956811264620406,0.24328226680795548
BD,8,0.3401822685772958,0.3056581028420415,0.32391014094622994,0.294875044873738
BD,9,0.4008825786216298,0.3635928984187539,0.38575084264785914,0.35608834593411215
BD,10,0.4651067248035137,0.42392088926421284,0.45094982750941126,0.421210807000402
BD,11,0.5106404927595863,0.474390546421499,0.5099845225360274,0.47551684978874553
BD,12,0.5345274802474193,0.5026550861626866,0.5443895235800112,0.5049132182399114
BD,13,0.5137486106302789,0.4915987339707853,0.5520588923729084,0.5079222427814638
BD,14,0.5422094030441083,0.4996688200955124,0.53490137459987,0.4896288139806845
BD,15,0.5514437064678483,0.492909947834588,0.5208475215133047,0.4789464370140055
BD,16,0.5392216066607091,0.48583699004388864,0.5154050202995142,0.4776406590784919
BD,17,0.5309841123392133,0.48991138346874386,0.5271746001782097,0.4878215460068407
BD,18,0.5583857103800483,0.515493798104785,0.5616632658403643,0.5192519124901356
BD,19,0.6108615268407995,0.5711047417868663,0.6169878242680968,0.5721139274577208
BD,20,0.6532443375578915,0.620605950665525,0.6738781940263158,0.6271473867193268
BD,21,0.6847570862894365,0.6546559177469743,0.7124590780837164,0.6649060104847843
BD,22,0.7321061445162572,0.6797250444812948,0.7277261685634037,0.6771265342380411
BD,23,0.7422315457262806,0.6668958133003345,0.7067649725665214,0.6519334576654954
BE,0,0.1787229003456073,0.16366758800998688,0.19121927716769335,0.1746182963397656
BE,1,0.1336026914602207,0.1259214067606856,0.15340850956723265,0.14012195528809138
BE,2,0.1100029388510257,0.10674515550975058,0.1323039612626914,0.12071991395927681
BE,3,0.10800430535636969,0.10596261778120826,0.1339399612250886,0.12157063709451064
BE,4,0.14442454896598897,0.13583996583247374,0.16327849213227721,0.14869290367306442
BE,5,0.22669968086162026,0.20335810045802286,0.23041365875141756,0.2117332038522386
BE,6,0.3328826708530083,0.2940434934771975,0.31982594754030497,0.29280859790969893
BE,7,0.43207302363057976,0.38307367996960195,0.406979522941893,0.37258878873911494
BE,8,0.49189209573760456,0.4516219732422878,0.47837218658153724,0.4403004636138619
BE,9,0.5153996509971366,0.4859657852501977,0.5207983308000375,0.48217803021006117
BE,10,0.5126003390006424,0.4939058158955001,0.532943176705093,0.4959724667017902
BE,11,0.5115850947776832,0.49113217486666894,0.5272602529253925,0.4933773639432614
BE,12,0.5290631823419867,0.4929875011194633,0.5227431145144631,0.49074545803126973
BE,13,0.5407262824850438,0.4966754265629031,0.5251579626998624,0.49307973383185694
BE,14,0.544308234133084,0.49692541342555796,0.5210905780135701,0.4890000771792445
BE,15,0.541143583860511,0.49771665407826454,0.5229451037082175,0.4904452070251564
BE,16,0.5288421708681077,0.503663947450725,0.5387616851959537,0.5049197022427662
BE,17,0.5250678621879167,0.5083233071033095,0.5615977371685937,0.5236225622076064
BE,18,0.5506314970831836,0.5215760437084463,0.5706257741181674,0.5276457698436621
BE,19,0.5704403973114034,0.5215230793471337,0.555357663987857,0.5112438823209905
BE,20,0.5472175829599627,0.48718637314536584,0.5105840075866314,0.4691219848905689
BE,21,0.47029525845423,0.41977554074952905,0.43790726120464946,0.40146494062169213
BE,22,0.35601020724958576,0.3244174301454186,0.3428280913691247,0.31405228969518273
BE,23,0.25169798730172616,0.22979734226654863,0.25299192990647934,0.23178158694151618
BF,0,0.20311648766245166,0.17828499467498135,0.19453925374719772,0.17304165618856104
BF,1,0.135245927485812,0.12350944786861735,0.14594910525033386,0.1292370496832491
BF,2,0.09191902949815976,0.08704855427838028,0.11325914286082929,0.10003913426958329
BF,3,0.06788619590441816,0.06581505755256789,0.09296979071786515,0.08161704076754366
BF,4,0.060828604341695736,0.0583990310962631,0.07993097335839505,0.06898274908727856
BF,5,0.08003470175520787,0.07403985326396671,0.08925221996562727,0.07799571110746895
BF,6,0.12994027867576755,0.11626897715090435,0.12672507912846392,0.11396467259981308
BF,7,0.18319915309721707,0.16664451064051633,0.1823597219669274,0.16598978840016304
BF,8,0.2421627029305387,0.2201532130798657,0.23926681593462515,0.21890931095088711
BF,9,0.29689913817879027,0.2649431952104782,0.28422601518351504,0.26057730485716146
BF,10,0.31133193115883523,0.2864800473430317,0.31291956688900435,0.2857855064801594
BF,11,0.33455446652423604,0.3027879457550698,0.3279161088537647,0.29869918249728766
BF,12,0.32480603366983846,0.3007338018035578,0.3307880288249834,0.3014220400505168
BF,13,0.32236007660063953,0.2963955826585448,0.32486426063946855,0.296556553126633
BF,14,0.3302931089084849,0.29782459193263633,0.3228834409030246,0.2946267838922066
BF,15,0.3257023802745717,0.2959908458992545,0.3249262281354767,0.29648823124595614
BF,16,0.33542271704422544,0.29978967470829215,0.32661959085745906,0.2972586527528614
BF,17,0.3335600376260384,0.30340454486301466,0.3350230135873321,0.30383101055404016
BF,18,0.32177935646810374,0.30506921004374665,0.3532763298772709,0.3198113058782718
BF,19,0.3649696700991942,0.3356101148077838,0.37170247695965314,0.3368868535556645
BF,20,0.3812807136582044,0.3425681972193917,0.3734765544691602,0.33856214649836175
BF,21,0.3737180009215039,0.3295349631147098,0.35220052456714246,0.3184067494653691
BF,22,0.33857712346932045,0.2934549093976913,0.3089303451925974,0.2779904242448484
BF,23,0.2769645627554123,0.23795492280360017,0.2525478108385517,0.22602632901298078
BG,0,0.35292838933449344,0.3335975387899019,0.35927303709838065,0.33027307995394856
BG,1,0.24509704773646568,0.23307303884081296,0.2623860327135675,0.24141129915211074
BG,2,0.17859156280392857,0.1705815345556659,0.20151727288950574,0.18666558840586508
BG,3,0.14453375727381207,0.14039940052346572,0.1745526736753364,0.16349204508478696
BG,4,0.14428206722797515,0.1406483383132889,0.17335791309520465,0.16099197018276484
BG,5,0.19680303997648657,0.17973134378263042,0.20663716176205177,0.18841041694060615
BG,6,0.28667787840361886,0.25492474750331795,0.27570070769710464,0.25379243495998294
BG,7,0.39199645354498686,0.3498158351201292,0.37255895154198765,0.3470166638194044
BG,8,0.49642058142618634,0.4475119331208425,0.47135744199081825,0.4372762563255749
BG,9,0.5664739606437555,0.5221814196185455,0.5536680390349166,0.5128897020442189
BG,10,0.6034548630661855,0.5720866718753452,0.6157046739713559,0.5725368491376018
BG,11,0.619008847697906,0.5980133212090939,0.6539331775819333,0.6097533345517738
BG,12,0.6363312618575596,0.6132790519901986,0.6630243712220176,0.6180627196059292
BG,13,0.6611859140855927,0.6177232293856153,0.6519315355325593,0.6092434277221543
BG,14,0.6815594699795439,0.6146128389267305,0.6409223916403236,0.6013674172399484
BG,15,0.6809217383190959,0.6165471828957849,0.6451018753695344,0.6062069575304683
BG,16,0.6668771913645472,0.6216453156517595,0.6504181489550682,0.6114040399227236
BG,17,0.6510073140569745,0.6269968069394415,0.6633499225264089,0.6255628250406208
BG,18,0.6418557682759848,0.6285730638570659,0.6808491305951244,0.6451870397047358
BG,19,0.6458997077816085,0.6319151427663161,0.6874819030577277,0.6492216026680891
BG,20,0.6690350446164867,0.6311254542686363,0.6691728605580736,0.6260513593582038
BG,21,0.6749348221081743,0.6008202487602673,0.625417778997463,0.5820447285837209
BG,22,0.603119769181234,0.535779029393173,0.5570376999058747,0.517058947484966
BG,23,0.484285058186086,0.4463445205736723,0.46792680753635235,0.4320063032415033
BH,0,0.4604779556972238,0.4215180809128577,0.4556141800491893,0.41696152908549966
BH,1,0.391117707881306,0.35822128645899914,0.3949137426211761,0.36014501720585135
BH,2,0.31859546908678965,0.2920898715774872,0.3285417700856945,0.29881850819599454
BH,3,0.2573733749683443,0.23248877649738006,0.2662960404886138,0.242413296277684
BH,4,0.21778792498770524,0.19588275949627607,0.22373558406519706,0.20425297883831314
BH,5,0.20645922399321792,0.18559391560482247,0.20788910042364142,0.18912267822515572
BH,6,0.21430480719832923,0.19652068222155403,0.21746215422678555,0.19753716064195326
BH,7,0.24984382458214327,0.22889240406256375,0.2520427809111241,0.22921054334754282
BH,8,0.3109554922682418,0.2746460905924928,0.2995799920147737,0.2722885774539426
BH,9,0.35962199328704075,0.31982942038271966,0.3492273031587265,0.3167655841114819
BH,10,0.39978113910461033,0.36119483394967633,0.395271464671945,0.35815404258013467
BH,11,0.4288443713314669,0.39742117258582116,0.44025504897013557,0.3998259185090331
BH,12,0.45845671067613514,0.4277887676369465,0.4756940258016281,0.4337245041474353
BH,13,0.4851538601007153,0.4523890695897997,0.49635432024179504,0.45401066409158725
BH,14,0.5062799537006881,0.4642506598980841,0.5025104998276061,0.460494296153607
BH,15,0.5139882215150418,0.46109622385143717,0.4942165287338965,0.4528099882126201
BH,16,0.5117338046118175,0.45589656440011933,0.48653327923798134,0.4472638615016566
BH,17,0.4955952696407617,0.4542463077090087,0.4910336431328086,0.4530400744623743
BH,18,0.4985131894686461,0.46844966630302287,0.5119192855513995,0.4736381959961251
BH,19,0.5272204253959039,0.4951352604369104,0.54080230477834,0.5001494097004684
BH,20,0.5382600713748134,0.5044747248450953,0.5550311938895904,0.5114938583779366
BH,21,0.5492770008557156,0.5066992847326688,0.5486189767069037,0.5035928468035302
BH,22,0.5484650121142122,0.4970866405299183,0.5322131962496544,0.48708326892795356
BH,23,0.5183616627795756,0.4689132363545877,0.500712050781837,0.45792889778236645
BI,0,0.2541049111615083,0.2299428442625383,0.24633918120477055,0.222849364013345
BI,1,0.19227476323089573,0.1759712160991856,0.1941117186970164,0.1741520083039046
BI,2,0.1464700438752175,0.13846336194458678,0.16391663996631742,0.14681715311088006
BI,3,0.12101057297257256,0.11613189043321064,0.14784035488354574,0.1323134129980983
BI,4,0.12519564187026266,0.11983265601356256,0.15461921962014807,0.13746121580345022
BI,5,0.16251899880566725,0.1543893375336345,0.1891722629241537,0.16831217834682047
BI,6,0.24852849463263044,0.223572431160041,0.24985106494825188,0.22355995281525284
BI,7,0.3469504688395442,0.3011284303170575,0.32007447784724447,0.2876563909165483
BI,8,0.4326930256919085,0.3665871180313067,0.38492110407761254,0.34722872025421303
BI,9,0.46058573450092016,0.40992171157038854,0.4390793483377865,0.39785701731767
BI,10,0.47276390427776416,0.43465639581692106,0.4762175192407115,0.43468699027512836
BI,11,0.47443110508283276,0.4460434369383145,0.49596811672664204,0.4550527817949056
BI,12,0.4623159579680978,0.44218605241255304,0.4997755277215754,0.4577563964599902
BI,13,0.498364444570179,0.44417369031408777,0.48769742970887614,0.44436049109942233
BI,14,0.4712524223024451,0.4283639077698904,0.4647760118572611,0.42279578192446254
BI,15,0.4814455762842722,0.4230935077835545,0.4526514414674923,0.41112398149596446
BI,16,0.4662307256078145,0.4179911907716618,0.4514089441239073,0.4097345269105848
BI,17,0.46429023961919214,0.41916381960375204,0.45449582668790817,0.41291605420117117
BI,18,0.4406586600106071,0.40815250578860873,0.4569565688480891,0.4150331843044985
BI,19,0.45730279743778984,0.4114083601615537,0.44760947336463464,0.4063499582492159
BI,20,0.40266048434023005,0.37710541889803684,0.42668913323738905,0.3874333145068169
BI,21,0.38263012421001236,0.35232600435298467,0.39433070500095596,0.3589104549826217
BI,22,0.3621887197713727,0.3248973243618374,0.351347235957804,0.3210054973950492
BI,23,0.32426348358556895,0.2845207246592415,0.3012819941992123,0.27465650951849596
BO,0,0.3020113126845843,0.2857397770971121,0.31921302241096,0.28325565944640846
BO,1,0.20654920149154404,0.20262088415071214,0.26432002628817935,0.23524744810453443
BO,2,0.151786238760349,0.15057602571871442,0.2156275096914579,0.19265453705443614
BO,3,0.12661170369772487,0.12576783085861853,0.17890279229708203,0.1588951047913742
BO,4,0.13906209497388036,0.13717409136367767,0.1751691969036683,0.1547667891589719
BO,5,0.2056186808534481,0.188770687583493,0.20681256055516112,0.1845961733185091
BO,6,0.29188838430060116,0.2586230416673862,0.27047851361471964,0.24478546965464268
BO,7,0.38606206394455606,0.336256561345892,0.3510293096199057,0.3213239425524779
BO,8,0.45884885721507407,0.4050323693509768,0.42746179996804945,0.3949593809713101
BO,9,0.4975149040440373,0.45682637833334055,0.48863112327041713,0.4541215056350423
BO,10,0.516983315387888,0.4854627524221924,0.5242146322524449,0.4875365054425509
BO,11,0.5015021552478587,0.48241953729938747,0.531707374272481,0.4928941429319733
BO,12,0.5015953957699985,0.4809099667700611,0.5265863143887259,0.4868141148261677
BO,13,0.5466962054484077,0.5054903286806034,0.5417168039063448,0.5016931410944192
BO,14,0.5883090596904887,0.5327416502210719,0.563168951938482,0.5220592008090877
BO,15,0.5987921044088717,0.5392707250517469,0.5671254356886267,0.5267060819953748
BO,16,0.5778226812528102,0.5280354650291248,0.5604835047928446,0.5210308799085727
BO,17,0.5615464982468897,0.525980692873116,0.5706259052622127,0.52966857937139
BO,18,0.5759035774858602,0.5412423432129433,0.5910794043166319,0.5459700639634254
BO,19,0.6018910358138587,0.5600193553126073,0.6086385146130145,0.5606827255396872
BO,20,0.6206059820686904,0.5586538916743453,0.5972882590088174,0.5489364644917607
BO,21,0.6017700496945351,0.5237097497730453,0.5502981440670881,0.5033391392995739
BO,22,0.5346686636004516,0.46328841970582746,0.48607653088465286,0.4413953555241728
BO,23,0.4244197342308746,0.3794430245854296,0.40180427030131727,0.36072314419556306
BR,0,0.46943006088533057,0.42404471138905775,0.44492667247163203,0.40707778020846186
BR,1,0.3224115269125942,0.3125683217760463,0.35892263597404983,0.32247840554591295
BR,2,0.23000205986010633,0.2247895548784674,0.2812325611983662,0.24875294649986748
BR,3,0.17403186069574134,0.1711377229873837,0.2343104802372611,0.20761693816830412
BR,4,0.15637754649159236,0.1542640454608664,0.20883729278190738,0.18705310948695997
BR,5,0.18402606091847942,0.1804736026026229,0.216598914721014,0.19576622247550107
BR,6,0.27279045468940655,0.2555620102188334,0.27695011336750613,0.253694445872985
BR,7,0.3726348480646681,0.344228331720974,0.3642547165447226,0.33653290829184485
BR,8,0.4832880339792701,0.43298691176263776,0.4519079130657877,0.4196896807006654
BR,9,0.5538108223830972,0.5051577212993182,0.530169489493352,0.4953514208423809
BR,10,0.603805256538174,0.5613598993373923,0.5936476363925852,0.5585007679736012
BR,11,0.6299392966272467,0.600382582365648,0.6393926542064984,0.6047669439897567
BR,12,0.6472203468021835,0.6244970311461232,0.6683053486333306,0.6326803249042465
BR,13,0.661761327842483,0.6338433927682209,0.6756119789578121,0.6377889012020103
BR,14,0.6814333959227639,0.6293731231378817,0.6580643951266453,0.6183320117534588
BR,15,0.6761884796056746,0.6245660928934691,0.6545755567109077,0.614594952540838
BR,16,0.6762640076071627,0.6332991743722863,0.667265407415142,0.6273628417520758
BR,17,0.6668442070086716,0.6393371293732887,0.6840822791558323,0.645413028718369
BR,18,0.6788902945849346,0.6507864207151297,0.6965428683956861,0.6582954432082585
BR,19,0.6921336290442864,0.6570478245586672,0.6988541146999702,0.6578452414763282
BR,20,0.7124304240207205,0.6564231160280584,0.6866106286949063,0.6424558970518162
BR,21,0.7113507045607141,0.6312080725016959,0.6553049562135754,0.6103526659430911
BR,22,0.6654781888459836,0.5797059697822647,0.6003970586102335,0.5581080054908042
BR,23,0.5465181909050578,0.4962063556109116,0.5222953517276208,0.48273823458970544
BY,0,0.22113574626366822,0.20781890955064428,0.2513777210897405,0.22137889699550956
BY,1,0.1491282012452133,0.1418757131450632,0.18166217962171657,0.16111029847218467
BY,2,0.10726534131803499,0.10130562741332298,0.1293317750006884,0.11414914655567916
BY,3,0.08490861149251357,0.0798021757300553,0.09959289150785407,0.08896535460135135
BY,4,0.08740739764967043,0.08141643438697578,0.09727240818432398,0.0887368151923548
BY,5,0.12460415485810108,0.10646859355696983,0.11835990602053839,0.10865597824450646
BY,6,0.17276576857296527,0.14740946786999126,0.162683298961999,0.14810656503894123
BY,7,0.22996972658501907,0.1992098162686311,0.22128466336431435,0.19824761699955398
BY,8,0.28645557617814515,0.2506995287870936,0.27948685861048317,0.24787246653820455
BY,9,0.32825199263229615,0.29254674129141844,0.32876702985312833,0.2888774900009557
BY,10,0.3550187218853298,0.32075840233650355,0.36366898055442126,0.3181918454075416
BY,11,0.3743215561871638,0.33909074100317826,0.38493587353033815,0.338598144290836
BY,12,0.38435392836411164,0.346939297262252,0.392196774212641,0.34967131162138726
BY,13,0.4021760914712621,0.3497310364910091,0.3899767906957668,0.34810940787773215
BY,14,0.4151745639149125,0.3515911333489194,0.3909587688317068,0.3441151014173615
BY,15,0.4236152623595325,0.3594184473949138,0.4007932320424668,0.35065215710559555
BY,16,0.42709434392613577,0.3778563116725802,0.4250506612309241,0.3741584617809716
BY,17,0.4410777945572142,0.4011088057657314,0.4580085160301913,0.4046122629123616
BY,18,0.46124824501131134,0.4231455128214634,0.48887578040820845,0.43068526269075647
BY,19,0.4851779170384838,0.43686714088829065,0.5015695437079877,0.43926442137483757
BY,20,0.50809277350485,0.4334973572761573,0.4897230169170793,0.42416833420101235
BY,21,0.5036232571730251,0.40705630345051247,0.45381974753833815,0.3887761432784415
BY,22,0.43750325308156807,0.35700672880348683,0.39786142261985113,0.3401826620600711
BY,23,0.32704829924853723,0.290087268870198,0.3301606839843567,0.28542135072721203
CA,0,0.4105728181968269,0.3858522562268622,0.4142355105363963,0.3842824419196643
CA,1,0.3242257857198827,0.31286548240599793,0.3482846009069281,0.32311938907866083
CA,2,0.25722561022052604,0.25025940162897226,0.28431370485096985,0.2641497542000564
CA,3,0.2157816705921389,0.20565426790038285,0.22965342886925694,0.21360756682496715
CA,4,0.20631250266057258,0.19640034530706565,0.21915699499467337,0.20448851972715845
CA,5,0.24033256389405555,0.23040765749415806,0.2540729990663555,0.23761768450766338
CA,6,0.31102120752040263,0.29281776671941506,0.3221564494496366,0.29928416553012005
CA,7,0.4017242977766075,0.3706166243401142,0.3999765306446879,0.36996427296299195
CA,8,0.4995099942195101,0.45250491939966914,0.48022985353170056,0.44499696609259204
CA,9,0.5743429051692563,0.5270744284875425,0.5587826022060219,0.5205176656347689
CA,10,0.6197679849590562,0.5796481567253788,0.6176461510509741,0.577141508553057
CA,11,0.645829282102628,0.6103081795681005,0.6536294732129717,0.611344591470744
CA,12,0.6618633573769481,0.6235438821494026,0.6681459757039949,0.6244943102197386
CA,13,0.6742416594679387,0.6356635941923623,0.6808679367158978,0.6374756724091407
CA,14,0.6816864203752454,0.6423413190752362,0.6838521949364431,0.6416888664144409
CA,15,0.6802017899567682,0.6319361870868199,0.6679292246815923,0.6288620597885348
CA,16,0.6641355224232312,0.6182742350659645,0.6497884622653345,0.6144188006673845
CA,17,0.6516147773481524,0.6146665800525648,0.6498887936101007,0.6141680059749873
CA,18,0.6544165925518775,0.6203595541289582,0.6619335918993973,0.6222671809461746
CA,19,0.669803533995785,0.6286629266153884,0.6710469849786652,0.6282740969763916
CA,20,0.6757467782655592,0.6252542979932318,0.6625440611475188,0.6191062018095638
CA,21,0.6528684851180255,0.5927381648039897,0.62364328212629,0.5824949207956515
CA,22,0.5881025906972884,0.5397835395997277,0.5693547257956431,0.5311407617284425
CA,23,0.5050020352128647,0.4677134375398706,0.49519663263969677,0.46044180027427994
CH,0,0.19775772194013824,0.18412670386310906,0.21732950534845177,0.19832282200581583
CH,1,0.15219254436880927,0.14574047637805718,0.18126778388232404,0.16586312847696025
CH,2,0.1319255925545708,0.12919062758088082,0.16611421050256453,0.15084813297742797
CH,3,0.14546773919088932,0.14261561370619277,0.18099322278209093,0.16238251897029254
CH,4,0.2156509467809084,0.19402889250841107,0.22820220667550828,0.2052477118975901
CH,5,0.3282409869942029,0.28281757004798763,0.3122824378722599,0.2836055861119842
CH,6,0.4489155464885131,0.38575735496375285,0.41640552140581805,0.37695795571082463
CH,7,0.5397502739962085,0.47705950505690226,0.509837482029554,0.4621355510039504
CH,8,0.5822285222510392,0.5384036595013398,0.5804454583535499,0.5298898128168492
CH,9,0.5981718806286915,0.5664931813526153,0.6184000649184501,0.5679466695900074
CH,10,0.5908524043676632,0.5678118610282347,0.6237364033952253,0.5752429799009326
CH,11,0.5966020367588999,0.5609716917863186,0.6083963808333128,0.5631781685864035
CH,12,0.6114750626632428,0.5579965473449272,0.5945702418977634,0.5522800878137991
CH,13,0.6182070985904649,0.5594218488207294,0.5963391420541412,0.5541276859699901
CH,14,0.6276259275371391,0.5639672778055275,0.5960172860587368,0.552775825032554
CH,15,0.6266178931022941,0.5697711550037962,0.6024641615492206,0.5582190280834739
CH,16,0.6063289881957794,0.5752919845786415,0.6211233634144655,0.5758624178292534
CH,17,0.5907302557118426,0.574317123890356,0.644076133804104,0.594696995011493
CH,18,0.6154788413417462,0.583915076668478,0.6502961343686702,0.5961889567267202
CH,19,0.6471282079460167,0.5838974894572867,0.6263365830501458,0.5724500925533405
CH,20,0.6305515837857423,0.5454138495983925,0.5728109034614747,0.5226220694199609
CH,21,0.532696517596827,0.46907204351560927,0.4908841013136669,0.4462859852957529
CH,22,0.3946709022396721,0.36182096995556007,0.38429352458651156,0.34926152073397015
CH,23,0.27646702307858595,0.25496465262326473,0.28311224455187467,0.25847545451702375
CL,0,0.29217438499636456,0.2784947998007716,0.3337370364021609,0.29375105003889806
CL,1,0.20268416192668598,0.19600891828002034,0.26456688803537615,0.2304589201280524
CL,2,0.14900267242007353,0.14543006341223194,0.20511344678421717,0.17799661106342163
CL,3,0.12454301033022548,0.12288209387231676,0.1647513031709492,0.14230518634839182
CL,4,0.13922248859134756,0.13596830647600444,0.16719102560290677,0.14527469172692367
CL,5,0.20281805968465672,0.1862400807222004,0.21195446446222851,0.18757676026767975
CL,6,0.3095428831663346,0.26948919042416625,0.2906333044195513,0.2618379840106308
CL,7,0.4247253172536394,0.36323643208438844,0.38351939699610144,0.34878114332212845
CL,8,0.5038315657990858,0.45053513634071046,0.4764531813689135,0.43859587361689173
CL,9,0.5522786347698935,0.5137983533343994,0.5490398324052892,0.5117584506470382
CL,10,0.5819538630466625,0.5516335099389582,0.5921192717174145,0.555257510281607
CL,11,0.5786107667703421,0.5554794147348117,0.6031284995254543,0.5657911969532761
CL,12,0.5768396307218877,0.5545656825878815,0.5943666019164058,0.5560741181078822
CL,13,0.6085326104123469,0.567939392910131,0.603546434113244,0.5652965717564243
CL,14,0.6378989968094922,0.5901904216525331,0.6205221466430832,0.5833981673656004
CL,15,0.6429249801881641,0.5937169120028232,0.6213014501177105,0.5851651363160938
CL,16,0.6249222588302422,0.5778620454663531,0.6094740307349492,0.5740532549818989
CL,17,0.6116002057699439,0.5785843346402565,0.6196533870741484,0.5822687705805565
CL,18,0.6246319387530838,0.5919702796877069,0.6415171259260737,0.6000261532756659
CL,19,0.6687056882134329,0.6204853223557004,0.6586903323568895,0.6126483528568523
CL,20,0.7039951382941677,0.6255385473375866,0.6505298182995677,0.60423663696907
CL,21,0.6713549748800997,0.5819933264619355,0.5992676340064128,0.5545832422724107
CL,22,0.5611854390487715,0.5013616176212932,0.5253373659018552,0.4815374245362403
CL,23,0.42101176761733905,0.3907083757037018,0.42857746031338156,0.3854393504252481
CN,0,0.5029707335920565,0.4586418054692624,0.4817364418834106,0.4476202913013838
CN,1,0.43173311747888443,0.4054317064178981,0.4356351931312155,0.40191966870875656
CN,2,0.3544740882961908,0.3418371780616421,0.38538255425562085,0.35519711317808145
CN,3,0.30696386758044614,0.2984120663639495,0.34225582627986506,0.31899291522402407
CN,4,0.30165978616845496,0.29068926244631227,0.32127257807733967,0.3046814919870515
CN,5,0.3303679143005678,0.3095120756379142,0.32784620164933975,0.31065070846107795
CN,6,0.36396852782135164,0.33886227616639314,0.3576276295002904,0.3355758893249734
CN,7,0.417019670346277,0.3791623087675487,0.3956881155724363,0.36844422435976065
CN,8,0.4623449755028425,0.41531680983156305,0.4327970724535766,0.40324134375089
CN,9,0.48424777076265674,0.44237691575938765,0.4636464086056324,0.43349818461518713
CN,10,0.47582491298746116,0.4555169007543182,0.4920187188060118,0.4620370478686439
CN,11,0.47778790975577845,0.4648272979800422,0.5139353154577992,0.48375713551023847
CN,12,0.5104225135336341,0.48901541438626334,0.5266680309752506,0.49566633748280586
CN,13,0.5258393889290077,0.4938053801525647,0.5246523979705047,0.49084822408027634
CN,14,0.5260136537378197,0.48306289835088295,0.5071373884276403,0.47255201830520266
CN,15,0.5147223007021771,0.4648421283977685,0.4837386153811863,0.4507988968670888
CN,16,0.4906719065763574,0.4511301668368387,0.47297663144490987,0.4432949028840495
CN,17,0.46546711039417865,0.44441705568142353,0.47935268236433115,0.4509850066298897
CN,18,0.47714199049657124,0.45817186829300016,0.4981775887519374,0.4675852476413958
CN,19,0.49411960677894273,0.47354540847098914,0.5115734938104324,0.47909173490848944
CN,20,0.5154114870190033,0.4879992207469522,0.5241905764848515,0.49139451979575793
CN,21,0.528984815985054,0.49958281263604104,0.5330662642554489,0.4997102159537174
CN,22,0.5501557430388394,0.5054450052607438,0.5304510917927006,0.49684573609409477
CN,23,0.5473273795527712,0.49276572016284015,0.5138143540055933,0.47998082809970355
CO,0,0.3094507653085757,0.30100841108470583,0.3366996728711418,0.3079003237833613
CO,1,0.21218761085986526,0.20920717462136212,0.26595934292782725,0.24126583960788392
CO,2,0.15404678472926786,0.15213748502098293,0.2004469661967794,0.1800699958998329
CO,3,0.12724729697752996,0.12418695273249433,0.1506932707368116,0.1323673269649581
CO,4,0.13093915703079123,0.1286596333728654,0.1560562994526378,0.1373905461352703
CO,5,0.1783475195965833,0.17421926685509329,0.2040442551414626,0.1843986038310737
CO,6,0.2782955797918583,0.26053254717959135,0.27874503461863037,0.2560455474716849
CO,7,0.39757085002098774,0.35783014132503665,0.3767943292998116,0.349455170303211
CO,8,0.5189975079230067,0.4596193206256299,0.4824912631135709,0.4508499228279849
CO,9,0.5915236951148715,0.5462316127190835,0.5750322313917815,0.542094027895129
CO,10,0.6378669984566778,0.6030086611470963,0.6355772207316507,0.6015098293062372
CO,11,0.6625086040999151,0.6292472850536618,0.6608208274207366,0.6253337102652229
CO,12,0.6311957203646464,0.6170549285571812,0.6592236628409972,0.6226679580101614
CO,13,0.627952436174725,0.6146839195127809,0.6650314988253118,0.6277881211337921
CO,14,0.6769766898315045,0.6348674374898698,0.670951082084226,0.6326821163065882
CO,15,0.6955977657327249,0.6342339485729591,0.6619205329397921,0.6242219057606992
CO,16,0.6862096994342535,0.623518055280538,0.648081419036646,0.6120648683036277
CO,17,0.6508273827266277,0.6136486479933079,0.6461723457098169,0.6109628482413233
CO,18,0.6405028803799799,0.6142040685143966,0.6550049009628848,0.6185015522045035
CO,19,0.6543481183117705,0.6240597531302637,0.6666471411938296,0.6286973332753483
CO,20,0.6766268314450339,0.6254134265447779,0.6537992583978663,0.6168397834748315
CO,21,0.6575624675145684,0.5846586720369782,0.6001542448209818,0.565843209793657
CO,22,0.5722811287379629,0.5165427337903911,0.527614062287769,0.49490710162275237
CO,23,0.44080555835518515,0.4154859328600664,0.4319081859159522,0.4004023736019799
CR,0,0.3420487481197544,0.3345920068436162,0.37589944997720853,0.35150161392401635
CR,1,0.23324924498415497,0.2294616066877968,0.2745176283055193,0.2546360466584579
CR,2,0.1637469344236613,0.15701498705637576,0.18131414763194176,0.16472705560119963
CR,3,0.12804671536287784,0.12342281165347511,0.14442194879969486,0.12847096694650306
CR,4,0.13209931731385474,0.13105035279896185,0.1606717926336117,0.1437266099652366
CR,5,0.19379851266196516,0.18728791358690725,0.21392553445143433,0.19469142730563743
CR,6,0.29718918198594335,0.27188016372614837,0.2912124732334789,0.2683465847670966
CR,7,0.4107442394157816,0.3636907271762428,0.38372073264735684,0.3554186540060812
CR,8,0.5117609725255967,0.4599546669298104,0.48372895569100066,0.450465278725202
CR,9,0.5733971854078805,0.5353951369645927,0.5667902121783976,0.5304423429317006
CR,10,0.6160665183615754,0.5845381827369416,0.6205129822040146,0.5835287880351913
CR,11,0.6381361848155798,0.6100917793121875,0.6484812044531291,0.6124439462825892
CR,12,0.6402970458229781,0.6227073205313889,0.670585999218497,0.6360335764253735
CR,13,0.662282374457374,0.637671035400328,0.6771430015035879,0.6432147518436335
CR,14,0.6754340833747939,0.6348990171258602,0.6620932836751806,0.6291214713442648
CR,15,0.6797044561394938,0.6241836799922079,0.6439864785743621,0.6115834844927508
CR,16,0.6730889369641285,0.6275808286423529,0.6498217094133998,0.6171501975865498
CR,17,0.6702142707397042,0.6393152178798236,0.6768744891214236,0.6426601212899035
CR,18,0.7029452536849612,0.6664961172511678,0.7058445449099907,0.6697964822965657
CR,19,0.7140493702618933,0.6773358842097412,0.7196638057729299,0.6813342844941789
CR,20,0.7151030757963454,0.6669393924056366,0.6978485948629367,0.6599023754283256
CR,21,0.6804108491880013,0.6272637589575087,0.6491164900158876,0.6128682690823363
CR,22,0.6031426428037321,0.5532064387818192,0.5669220697898866,0.5336431501948862
CR,23,0.4771506602865301,0.44964043424313316,0.4690092458336856,0.439911981266345
CU,0,0.5256125100521776,0.4712030231951472,0.4938746758563113,0.4578598638697732
CU,1,0.4328056592214613,0.4123133807031414,0.4508464055655612,0.41916686726650415
CU,2,0.35840071344730046,0.34758411864782446,0.3984817498266927,0.3700420543099177
CU,3,0.3126363251300229,0.3037425487132299,0.3519059212516598,0.32335132939720196
CU,4,0.30870131119097716,0.29705541460228635,0.3360628589419169,0.3082138192966899
CU,5,0.360754913844818,0.3339961236115303,0.3572385242185031,0.3306998225178249
CU,6,0.4259448260210814,0.382919055353336,0.4087644536643634,0.3774793629228155
CU,7,0.49390014374384017,0.43807790849587075,0.4675135092685423,0.4288914439302437
CU,8,0.5653722022536092,0.4979588015410925,0.5259350370303838,0.48369881102195633
CU,9,0.5824241352604749,0.5404565668178588,0.5803503778468184,0.5362989391964195
CU,10,0.5968033898326344,0.5675307146079763,0.6170106705281975,0.5724146712137475
CU,11,0.5878673898477792,0.5686289607361845,0.6319410743743641,0.5879647783254821
CU,12,0.5917407940914811,0.5686727545548262,0.6242107955232484,0.5815376492321087
CU,13,0.6169618827431955,0.5694249494106267,0.6062660481709384,0.5640572581984645
CU,14,0.6245967921239599,0.557048939734649,0.5822076524059138,0.5388608471475258
CU,15,0.5867692928352094,0.5259671515646019,0.5531657836126942,0.5112549084808452
CU,16,0.543698369237071,0.4958970116820964,0.5242879029112641,0.48927120122174744
CU,17,0.4855416278750798,0.46075915762237557,0.4997837970161505,0.46825994286425293
CU,18,0.46573545127024724,0.4465903333885966,0.4961010888623235,0.46183602185312445
CU,19,0.48368366798656476,0.46400322855261,0.5157385247073403,0.4776067356183136
CU,20,0.5268269800653327,0.4961370570881076,0.5386330893650305,0.4978416766061737
CU,21,0.5654954529959134,0.5196432461396808,0.5526214498702163,0.5111494659265076
CU,22,0.5850421263913714,0.5255174775324285,0.5525823636532368,0.5109391251687663
CU,23,0.5692221305408847,0.5087048935261785,0.5310143335308153,0.4911362222358517
CV,0,0.17788504121779178,0.16072574395139272,0.17946440129768926,0.16208319614121325
CV,1,0.12400288347754654,0.11581163849922531,0.14096019440282243,0.1258136262290609
CV,2,0.09098831147697986,0.08728438651727992,0.11590118185297278,0.1016769877074986
CV,3,0.07992048921253908,0.07759151007929307,0.10706017047855682,0.09365878025631978
CV,4,0.0882858873954435,0.08704194326576897,0.12607396673049576,0.11198998329937342
CV,5,0.1575734657436437,0.15131557160913642,0.17809330905223805,0.15923615878657185
CV,6,0.25709751054208896,0.24199009634975263,0.26342196365438997,0.23682541379907524
CV,7,0.37511933642671424,0.33380342450736994,0.354560629293454,0.32059165046955507
CV,8,0.43312704698488275,0.39309236435817996,0.4281556811941348,0.38862804860844885
CV,9,0.5473714030275,0.4531163562356916,0.4762950905012212,0.43360001308066903
CV,10,0.4967325891287902,0.4616589032727985,0.49985934128448795,0.4567142446406529
CV,11,0.47556375413071356,0.45204912731196617,0.506607604006267,0.46494875028817906
CV,12,0.4629189034519416,0.4474224524384608,0.5122566295390525,0.4705501698148528
CV,13,0.5158624875516351,0.4772476022473185,0.5200613985623088,0.4774815334012189
CV,14,0.5266076549963249,0.48633053620577466,0.5212678752504881,0.4791154922953516
CV,15,0.5781207895891362,0.493354839472978,0.5100786398027252,0.469804570501198
CV,16,0.5103124160727813,0.4745842442365605,0.5086773948848727,0.46851293723003623
CV,17,0.4972050303432111,0.47148890383852393,0.5218624544898125,0.4799807076441437
CV,18,0.4933245248754888,0.47068984558756677,0.5317387834091715,0.4885225593554979
CV,19,0.490292981999945,0.4629114157828457,0.5156942874735567,0.47326815757115925
CV,20,0.48192297880461116,0.440514241438611,0.46963143440396843,0.43038147534431237
CV,21,0.44901405442944387,0.3884019453220502,0.4008568798904248,0.36671201858537794
CV,22,0.37280716587917184,0.31237906980509234,0.31929725972835066,0.29192100727793563
CV,23,0.26713517470010106,0.23102642292219616,0.24131531027496364,0.21981510292812897
CZ,0,0.23515645265829077,0.21881015160190717,0.251984671900715,0.2297990208091257
CZ,1,0.162252054470084,0.1500435875124201,0.18021678366526053,0.16539999881216902
CZ,2,0.1260275764961922,0.11936632464909006,0.144627891978822,0.13475283788348247
CZ,3,0.11645051437186342,0.11223904406773544,0.13318115751006335,0.1236248540802226
CZ,4,0.13984389163885314,0.13088820144619193,0.1505807655906651,0.136929727760015
CZ,5,0.2089286969663491,0.18431991798176595,0.20612519904777757,0.18784096051005417
CZ,6,0.3111245909523682,0.2746748808754563,0.2979872935105634,0.27530923497187626
CZ,7,0.4170200720247934,0.3755099514613966,0.40156696376690504,0.3719925714589798
CZ,8,0.4979509563497249,0.46068340214561854,0.4899554583573797,0.4551771193977893
CZ,9,0.5449699280422893,0.5175239930104814,0.5545851463413949,0.5176823731534468
CZ,10,0.5646945866108851,0.5442062985734489,0.5873945923372421,0.5493765561390602
CZ,11,0.5729498514650261,0.5500345276172672,0.5883715773616955,0.5499721233452638
CZ,12,0.5869932497571204,0.5470293288788166,0.5727895759955413,0.5366265815184666
CZ,13,0.5963518598106485,0.5453923216898374,0.5680118169152663,0.5349291021473119
CZ,14,0.6010792356433086,0.5541588341365278,0.582941358183142,0.5505490535463108
CZ,15,0.6084266413090368,0.5688124251226043,0.599713278541659,0.56536265924982
CZ,16,0.6168740602344208,0.5885552363002717,0.6280235525492872,0.5907466564077822
CZ,17,0.6379791978736051,0.6165416775210538,0.6662904042676092,0.6266466369829942
CZ,18,0.6681016109299425,0.6435055039466233,0.6968315428500281,0.6534557139516196
CZ,19,0.7068713585388032,0.6580481895509755,0.6983937327834573,0.6514768890787043
CZ,20,0.7092273637481135,0.6369823622840362,0.6639831846393285,0.6176630908340437
CZ,21,0.6361370423380438,0.5711251067224129,0.5930152295371096,0.54983323570898
CZ,22,0.49711861178153416,0.4620104752017874,0.49062598432250143,0.451788848904587
CZ,23,0.349412555654457,0.330020274659326,0.36474479771233825,0.3335461703049466
DE,0,0.22478725198215171,0.20929595145824167,0.2347800837524754,0.21562331804815443
DE,1,0.16599711458762198,0.15499886424244866,0.18106533907417174,0.1671688180598381
DE,2,0.1318716730621574,0.12379105136424952,0.14768497260954383,0.13725039862924976
DE,3,0.11604886998791406,0.11107453458230813,0.13397999257501983,0.12395773942770351
DE,4,0.12628138933553096,0.12006527396627667,0.14298414944601573,0.13067627215517097
DE,5,0.17070663310995268,0.1545758703623377,0.17635319185982354,0.16198791106176566
DE,6,0.24033535607796094,0.21329246089027698,0.2342667511860514,0.21573608522526275
DE,7,0.3187221354412973,0.2816391275700431,0.30433253027460916,0.27836663002521767
DE,8,0.38194380210249185,0.34283555696300694,0.36757159511171067,0.3355469880273015
DE,9,0.4187261416669211,0.3882970473191961,0.4185501383608,0.3835705818797146
DE,10,0.43762032672631884,0.4137088304773139,0.4498718886557276,0.41403867473612715
DE,11,0.4457117035544919,0.42372174560588977,0.4609044156108784,0.42563157527365875
DE,12,0.4547238308190889,0.42570585036208797,0.4572883173982635,0.4238754891163789
DE,13,0.46146413355141175,0.42322729004627363,0.4515103350893802,0.41893811541440684
DE,14,0.4681201825167366,0.42371681347931606,0.45236212582094437,0.41902280309786355
DE,15,0.47461899296985954,0.42835321492642375,0.45600543268641786,0.421972707823268
DE,16,0.47655761339629404,0.43827224417187804,0.4689553992280817,0.43431519851192824
DE,17,0.4724699009910621,0.44893688376757057,0.4894034999627374,0.4542714621819937
DE,18,0.4767088239615015,0.4582238241920378,0.5059652947446011,0.4670758613092586
DE,19,0.4972688028334857,0.46584365800655236,0.5068104777119818,0.46407179227677003
DE,20,0.5054316672391168,0.4548155064348987,0.48738643495000317,0.4443201353066069
DE,21,0.48210066908107213,0.4205704771510485,0.4459268875047687,0.4058854589878304
DE,22,0.40843514319873303,0.36339276314211183,0.3848800852594844,0.3501311049934927
DE,23,0.30992171244373884,0.28583189879188836,0.30773453176341814,0.2807516177047149
DK,0,0.261754462563267,0.24410580750849925,0.28198623202983936,0.254651532270552
DK,1,0.18280374484806752,0.1708524428208463,0.20938239465649963,0.19031196861847077
DK,2,0.13990066163978412,0.13415327972958865,0.16989140078402212,0.155841623626729
DK,3,0.12223146306116722,0.11984464970514498,0.15218809962867497,0.13969007764882477
DK,4,0.139486938716738,0.13491526599995604,0.16666279113209775,0.1509870557195613
DK,5,0.2142882871034179,0.1917063201590518,0.22194325124424533,0.20127263058862935
DK,6,0.3340541172998928,0.2958662862748343,0.3238266340559816,0.296413132443725
DK,7,0.4769899262016287,0.418651160720977,0.4490731423255332,0.41081813329429556
DK,8,0.5913717315953814,0.5285314955494375,0.5594682338241663,0.5127915271141047
DK,9,0.6415391915881273,0.5954480089731032,0.6396200317882773,0.5888469568592387
DK,10,0.6469555600804555,0.6201882825505173,0.6785019283912063,0.6267273281889825
DK,11,0.6453646429540664,0.6222999867284913,0.6787144511415977,0.6281478605493372
DK,12,0.6604495037231592,0.6168951534675395,0.6575043601673233,0.6110946824328896
DK,13,0.6677180865755404,0.6089212317789472,0.6417787526135089,0.6000702674294761
DK,14,0.6682930904632529,0.608133966479052,0.6412169945961506,0.6018093339746766
DK,15,0.666393588775103,0.6082176277465229,0.6361469745502695,0.5966166906172135
DK,16,0.6560903918010467,0.6113048888686025,0.6425975645468688,0.6016739866370447
DK,17,0.630145211769975,0.6137486661348488,0.6683293736600003,0.6251740723453164
DK,18,0.6461533277744973,0.6266454648178057,0.7008938677022396,0.6524658096761162
DK,19,0.7004700119023308,0.6605039584777637,0.7118010273028895,0.658059257873571
DK,20,0.7263593833061992,0.6510553613764389,0.6840135522848828,0.6297006380531723
DK,21,0.6866292446233042,0.5948280357226379,0.617740187402272,0.566020770129518
DK,22,0.551974248508115,0.4911947374197139,0.5183214509941022,0.4718558555345124
DK,23,0.3882698699085221,0.3596168906289644,0.39408398996039196,0.3565877780133281
DO,0,0.3684373183840169,0.3563857167089407,0.3954275289323287,0.3644120230501255
DO,1,0.2660391178699391,0.2612144956487556,0.3182677018295429,0.29221010178629886
DO,2,0.19999476136861133,0.19604766510331958,0.24485978041926565,0.22358567988835018
DO,3,0.16474397544195427,0.1607404747328546,0.1899052125865243,0.171591622463811
DO,4,0.17523970941758996,0.17071002832332388,0.19668818464180027,0.1793311855789822
DO,5,0.25001256406288186,0.2363135310671404,0.25468875045005085,0.23669234687072385
DO,6,0.3557198187120951,0.32951821429421146,0.3423409758003588,0.32116356653429184
DO,7,0.46976066165309055,0.4242974299114718,0.43604348536987725,0.4121027175930168
DO,8,0.5389086756329722,0.5035527605224795,0.5206822576716525,0.4964535518433801
DO,9,0.5946303210183386,0.5709092306367162,0.5915189913174668,0.5683300678620904
DO,10,0.6070768099844323,0.5996175763911297,0.6409940333903024,0.6177328863094447
DO,11,0.6525294111598193,0.6381852805782593,0.6655467139745453,0.6414937108184872
DO,12,0.6693097324844975,0.6442558054732184,0.663702075014656,0.6385941543693473
DO,13,0.6716079016120133,0.6427935118543414,0.6636836999436238,0.6384533490345015
DO,14,0.6710723589890852,0.6405807941419823,0.660430449156364,0.6347242441555413
DO,15,0.6617434222862861,0.6296094555841627,0.6497703452427243,0.6244795433951807
DO,16,0.645941024145964,0.6183251042429546,0.6456092200916407,0.6208877430316663
DO,17,0.667457585556401,0.6387258547377668,0.6645109631802387,0.6365101939470508
DO,18,0.6787393485310531,0.6526121410617813,0.6929732514325863,0.6595757139288688
DO,19,0.7155602363887265,0.6750377791216138,0.7071044334125293,0.6706348407448299
DO,20,0.7343435389562177,0.6679706496048169,0.6920816535839985,0.6553775324384147
DO,21,0.681639023837899,0.6216249654802642,0.6415526220573552,0.605947734002254
DO,22,0.6096694378341944,0.5606638619360549,0.5766358467368484,0.5419954389848791
DO,23,0.49417894851439265,0.468206776417078,0.48933752760619337,0.4556191549430994
DZ,0,0.35781543802801014,0.31743401986045505,0.33982033251570243,0.3089077992579892
DZ,1,0.26340727476655157,0.23656716676097203,0.26890622975266726,0.2415737626932257
DZ,2,0.18319147040295208,0.167288067293193,0.20786707056590809,0.1839549358342724
DZ,3,0.13365212033579288,0.12454651813444939,0.1647703855421757,0.14379837716302227
DZ,4,0.12032103297917189,0.10986049235860483,0.13373887653895933,0.11588898727199436
DZ,5,0.13329729768696433,0.11595214220538644,0.12450429265523373,0.10896524601193917
DZ,6,0.1577860923155991,0.14093000626678642,0.14761328646424587,0.13291278270745613
DZ,7,0.19572139588141382,0.17860610746849176,0.18749131009029973,0.1726723462598883
DZ,8,0.23947847326200764,0.22337546512916673,0.23512847891839986,0.2192198193929088
DZ,9,0.27967728558071364,0.26729588475587085,0.28705420791978803,0.2699829352602492
DZ,10,0.31714292633599056,0.30599280205992724,0.3347100164328631,0.31610758032244096
DZ,11,0.3523256084361063,0.33959865340812406,0.3751969667768676,0.35244509012818875
DZ,12,0.3873016969691994,0.3679231170081103,0.4003678828120481,0.37369404447231713
DZ,13,0.4440326174684467,0.39228915688003363,0.40560881148421646,0.3772835763397575
DZ,14,0.4419391050498372,0.3965168064556497,0.40926270341583043,0.38007805290042074
DZ,15,0.413511122467787,0.3903983247982491,0.4149941359043382,0.38493797658807816
DZ,16,0.4153951532288868,0.3915846741380172,0.42172643417123806,0.3917936243315506
DZ,17,0.41848102637578655,0.39471344557238464,0.43015881605874573,0.40054903530405706
DZ,18,0.429107239761648,0.408507542583153,0.4520054065118072,0.4215189873620077
DZ,19,0.45372343884482874,0.43125386272862715,0.47720015926020976,0.44477401289656987
DZ,20,0.48523390673095274,0.45276551862041714,0.4896989972418064,0.4559824337621033
DZ,21,0.4972388165708509,0.45806623432797744,0.48288787088704477,0.44949973025519135
DZ,22,0.4876958163688921,0.43825629667671884,0.4536407914297725,0.42038142118100336
DZ,23,0.4420367757583737,0.3892123548429697,0.40515966825659466,0.37201210263710227
EC,0,0.29860095398621644,0.285206890977716,0.3250429365423655,0.29038643613503784
EC,1,0.21007300826826533,0.20533656548290694,0.26250703747246434,0.23337992177020495
EC,2,0.15382320162208055,0.15068152527448375,0.20190096676085417,0.17938782700557973
EC,3,0.1249242433156523,0.12079109675203857,0.15154731608144603,0.1347287083253275
EC,4,0.11788153320157094,0.11435104724195934,0.14162393805510265,0.1267614700970518
EC,5,0.14164646634591951,0.13706480887804787,0.16409178449611742,0.14862749230989528
EC,6,0.20401802017343526,0.18848869722185824,0.20641048202818368,0.18916600132954733
EC,7,0.2834323722280897,0.2517022184929903,0.2626019737037563,0.24072644019049227
EC,8,0.3699406639197389,0.3240659243580877,0.3363928917498613,0.3098499871840844
EC,9,0.4318751091560338,0.39270692685124664,0.4151920477480354,0.38546480489588236
EC,10,0.46617147334269093,0.4369940876052796,0.470641625179567,0.43898462418279266
EC,11,0.48876734335676664,0.4605553710273011,0.49625132961656976,0.4631757046796072
EC,12,0.4864133997922202,0.46218809395368293,0.49991192451743177,0.4649743515918158
EC,13,0.48605611585914665,0.464373165579207,0.5102361528874587,0.4731526230828583
EC,14,0.5267292900472891,0.4851716319475795,0.5220645106926087,0.4827969160967786
EC,15,0.5521887300128805,0.49508280608257005,0.524555257026018,0.48410178460772024
EC,16,0.5466352296703029,0.48926595751270446,0.5215763909490972,0.4802533876659349
EC,17,0.5203649993405853,0.48280710735544824,0.5268988211979851,0.48398628122966386
EC,18,0.5263696272007982,0.48878561984429,0.5387731884325802,0.49372470894523557
EC,19,0.5603652997055611,0.5076818818228382,0.5513619545929128,0.5027021191276949
EC,20,0.5900870498518552,0.5212989737873789,0.5577881776471639,0.5085881069390431
EC,21,0.5837395426954165,0.5039628563373215,0.5309298079899466,0.48446575846375384
EC,22,0.5182341721296408,0.4541756493349776,0.47968665245351066,0.43651291068977044
EC,23,0.4135724290740333,0.37765844422500816,0.40392310647515256,0.36449898140115167
EE,0,0.2874348711210358,0.2689359655689073,0.3002119506536155,0.2746191160597833
EE,1,0.20391142625565725,0.1887947972406679,0.21212180694432797,0.19122195872975578
EE,2,0.15496633461741416,0.1423271106754259,0.16440653344230943,0.14806702125403032
EE,3,0.12993440577162188,0.1221084019846178,0.14517638920467743,0.1344145976051712
EE,4,0.12961062917872426,0.12483026963921076,0.14884777034249297,0.13864327683445607
EE,5,0.16965790327248653,0.1578516369085225,0.1863695382292338,0.16936725361647548
EE,6,0.25540131608744976,0.22715743477158712,0.2567973766525602,0.23145099606319092
EE,7,0.37036150726081496,0.3240018018409989,0.3550667642876655,0.3218479598033191
EE,8,0.4812169126088005,0.42535144582107637,0.45888027923347124,0.4169565249832859
EE,9,0.5534904316158935,0.5006980454285541,0.5409161302283179,0.4938727920535232
EE,10,0.5825229284030136,0.5449985464103643,0.5951379415262511,0.5458673218557106
EE,11,0.5899871484181692,0.5626570145306844,0.620532628044222,0.5707231561454716
EE,12,0.598230735066152,0.564537859047576,0.6159904121440682,0.5663872232166419
EE,13,0.6113340992282396,0.5561990488286694,0.5956769345829377,0.5477189622891889
EE,14,0.6193086276824437,0.5529787249194199,0.5851210930033023,0.5397459338883017
EE,15,0.6174225906729425,0.5567267263829402,0.5926126925211634,0.5511471135514091
EE,16,0.6062843488025698,0.5650470380295334,0.6042235778656189,0.5634630575382553
EE,17,0.5994000201786409,0.5708416450373514,0.6171094798729904,0.5758191253378693
EE,18,0.6047493102681202,0.5802252016344579,0.631993849869553,0.5896891701476591
EE,19,0.6184975696838124,0.5896377566787319,0.6395727270185012,0.595256763966347
EE,20,0.6326472555975802,0.5853078529704354,0.621024160044257,0.5769623949651668
EE,21,0.6140363867025839,0.5486067070909587,0.5720240757033389,0.5312983204867808
EE,22,0.5289119392174393,0.4765044638994315,0.4990561667403382,0.463138131617835
EE,23,0.40608616584074386,0.3767595998143864,0.40653458539713305,0.3754069231448811
EG,0,0.5421426474047434,0.4938671284026148,0.5203770956426529,0.4837988107248147
EG,1,0.48518077483162264,0.4377114850562358,0.46451456017389153,0.4268970023374957
EG,2,0.41413836530782683,0.37109689786240696,0.4002671508646499,0.36497811794186974
EG,3,0.33335061662663595,0.3011041844281873,0.3374514768932973,0.3062670232446519
EG,4,0.2742165012481414,0.24849492725162048,0.28581599238630734,0.26044835158523216
EG,5,0.2404592197052436,0.22215601673933033,0.25312149184170235,0.2328537186759647
EG,6,0.2304826408709266,0.21449346617125362,0.23649295701131115,0.21845866508744732
EG,7,0.23941765415646452,0.22223551493033586,0.2424437130375962,0.2229691447179687
EG,8,0.2737162219511059,0.24968382343175818,0.27005600639012795,0.24757172430246085
EG,9,0.3188772954668908,0.29041771257758553,0.3131389731054916,0.2869477029686606
EG,10,0.3647607171691597,0.3374990947010487,0.3637530191353253,0.33497252556947565
EG,11,0.40502277596535385,0.37839781621669616,0.4101568777073409,0.37983102143119446
EG,12,0.4207541081125007,0.4014953840541868,0.44761436001930616,0.4166841506197489
EG,13,0.47828176308666004,0.4433346784977067,0.47554765951137834,0.44139909053349696
EG,14,0.5057027459840711,0.4647372765615172,0.4935160062909499,0.45640183839323295
EG,15,0.5088926778131883,0.46993918785429367,0.5006294978798034,0.4638368729764806
EG,16,0.517250426743922,0.47843978790218616,0.5076313783808519,0.4723773306725931
EG,17,0.5207484555284047,0.4867926475748073,0.5214476735938011,0.4871662035756913
EG,18,0.5345602272716016,0.5001975135531133,0.5406154789016592,0.5065010492419564
EG,19,0.5499827455294961,0.5187163128179387,0.5563976562097823,0.522058029645221
EG,20,0.5579055458428033,0.5312056913268055,0.5739561999984767,0.5371821457221707
EG,21,0.577769054755586,0.5481526131562018,0.5887853472286815,0.5496619218808193
EG,22,0.5868593503858431,0.5508746007124975,0.5880660404336334,0.5488506375254575
EG,23,0.5766633915295479,0.5347167637782236,0.5653393106497216,0.5276474461844466
ES,0,0.2478793369684573,0.22928581326580139,0.26780308368815153,0.24093397539645375
ES,1,0.16923160432895026,0.16089841538050764,0.19873918078019576,0.17743748784554259
ES,2,0.12752305009783577,0.1238448684075829,0.1625334444755587,0.14428075860977738
ES,3,0.1157487129716222,0.11381992117802303,0.15803742170928003,0.13948252421858717
ES,4,0.14530250818383775,0.13978626297973643,0.18098462326267176,0.16019499982629276
ES,5,0.22819829832485122,0.20629873289346076,0.24108478787742335,0.2148803439596547
ES,6,0.35250025255340767,0.30346971296021447,0.3356728014158398,0.29954307636682115
ES,7,0.4763113333186638,0.4041940813206319,0.436710805862728,0.39033398087202736
ES,8,0.5612951644358739,0.49282906085582756,0.5313655238686406,0.47819037295624783
ES,9,0.5927997258043836,0.5459928767043832,0.5957427740835108,0.5401276594772239
ES,10,0.6098236970396684,0.5709836243615445,0.627351873512145,0.5723286864219485
ES,11,0.614418061621348,0.5754503264139351,0.6306777390504502,0.5786860606121766
ES,12,0.5856645831180763,0.557463467821141,0.6195685049127332,0.5694973776931476
ES,13,0.6024790470186548,0.5546749739956497,0.6075478620688642,0.5571454976238724
ES,14,0.6514918770386565,0.5669920447302208,0.6015040425374862,0.5507269239363021
ES,15,0.6624954454465732,0.5760433328887204,0.6087682694670211,0.5584105651470573
ES,16,0.6473341565379535,0.5894762121683569,0.6307171395569346,0.5801868280873521
ES,17,0.6289166966586237,0.5985677205071231,0.6580218945810554,0.6036599202282028
ES,18,0.6203482803977856,0.6000468685657566,0.6743783464470677,0.6148666999487405
ES,19,0.6256416692402937,0.597778265643697,0.6710785064014083,0.6086764166660277
ES,20,0.6550739380574475,0.5863807018103769,0.6361549499774167,0.5752463399603566
ES,21,0.6435311769017772,0.5381992487761816,0.5660770626441504,0.5111218819293296
ES,22,0.5302415443185732,0.44852325463377785,0.4667576470748236,0.42154525959705347
ES,23,0.37386076893208636,0.33298802952421763,0.3608326440598453,0.3264841804066728
ET,0,0.26662811458183133,0.24245590505698128,0.26237529690832245,0.2391095163395547
ET,1,0.18235829407170348,0.1745158849222665,0.19480092476834474,0.17796616969292306
ET,2,0.13148889475938993,0.12595050767993396,0.14377414858638682,0.1312757431259117
ET,3,0.10195349825591275,0.09653562955692675,0.11622980408648179,0.10498476690114338
ET,4,0.08440010098682633,0.07955462738571017,0.10024587093470301,0.09007359357180686
ET,5,0.08564115807480956,0.08059606623564573,0.09970925263162042,0.08981055759824835
ET,6,0.11642270224590782,0.10613338310772652,0.11457681319448555,0.10396029435456085
ET,7,0.14761497436462737,0.13459105486425108,0.14178070287693742,0.12963087801656187
ET,8,0.1879527099180415,0.16839344107087795,0.17591414843469746,0.16274708475493682
ET,9,0.23138470014995852,0.20474273823203715,0.21380201698679402,0.19942989292436597
ET,10,0.25392639988892235,0.23464109404646066,0.24872377788277297,0.23238408298355626
ET,11,0.27069556937107064,0.25586367895184486,0.2747822890318024,0.2558995063150679
ET,12,0.26256426744352707,0.25482186624804515,0.28845855378610236,0.26724024445803635
ET,13,0.27825260799939516,0.26596584476435386,0.29371231283452803,0.27145506998006874
ET,14,0.32055866382116277,0.28933938361287026,0.3050794523875163,0.28228153762581043
ET,15,0.35145727491561307,0.3116454406172214,0.3261912129970463,0.30057828509666856
ET,16,0.37652755309822566,0.33583974380293935,0.354524979180611,0.3252033412020203
ET,17,0.38802563080638297,0.3548927850630483,0.38480149373423017,0.3518326959258474
ET,18,0.3927356187451311,0.3646990333143003,0.4088754060818968,0.37340653347939134
ET,19,0.40944440596850856,0.3808471473294249,0.4247258959272954,0.38828151509934
ET,20,0.4159321753437419,0.38781178218921786,0.4260961556798357,0.3911835042992574
ET,21,0.4121630505574209,0.3824766938329962,0.4140801615625621,0.3808061010235506
ET,22,0.4039142051036082,0.35920187338118587,0.3811162985565287,0.3499254496178065
ET,23,0.3512762476920783,0.30904701697684095,0.3289418491122957,0.30109625785667216
FI,0,0.19824728090359697,0.1843431378498326,0.2048358791103901,0.18770033331653804
FI,1,0.1523744390291503,0.13946991844319193,0.15652407150758035,0.14252767788350376
FI,2,0.12332941264558636,0.11285391312559777,0.12739040425152434,0.11526329104193293
FI,3,0.10718151599772911,0.0995983957563327,0.1163907567179462,0.1059417678258343
FI,4,0.10684391104943562,0.10050490394132176,0.11759958539880082,0.10761216742564766
FI,5,0.1285348182634607,0.1185765182328812,0.1346439813679568,0.12319888896972533
FI,6,0.1717187978094558,0.15545982988063006,0.17260485763490063,0.1584296707446092
FI,7,0.23005823338076162,0.2056491057481097,0.22480039577831748,0.20649309902145077
FI,8,0.28643739321106937,0.25488034824798467,0.27459261629864845,0.2503795653108631
FI,9,0.32432852204563856,0.2927807499472459,0.31485083616975323,0.2863018901399144
FI,10,0.33982147821048053,0.3176725069682265,0.346278424689229,0.3166703300616903
FI,11,0.3484085771904493,0.3307376440266059,0.36465270198373545,0.33562335365146173
FI,12,0.3589284687445739,0.336344898540691,0.366858479287072,0.3387936657175902
FI,13,0.367397876901645,0.3347018750898268,0.3597005066046745,0.33221398063279617
FI,14,0.3708242172556249,0.3328105514421044,0.35507182028703377,0.3267316186372402
FI,15,0.3688873804407694,0.3345667894154709,0.3579913350872704,0.3300202557305294
FI,16,0.3683949352015398,0.3397333984275812,0.36388251228118956,0.3370102655466438
FI,17,0.3678435100527033,0.3465080425377466,0.37502428167967344,0.3484711181685138
FI,18,0.3699371233988858,0.3529466917968019,0.38679139189070944,0.3600346832593155
FI,19,0.3762789708782471,0.3554423520332364,0.38793066153125655,0.35933445682953385
FI,20,0.38104834881406574,0.3479082484088693,0.3730743669078723,0.3424140865085073
FI,21,0.3694122722226758,0.32777539674333933,0.34731259936911124,0.3175571523466419
FI,22,0.3248238307843943,0.2914276980431652,0.31002254259314116,0.283972721811312
FI,23,0.25931885672290345,0.23974924798540154,0.26155516272705676,0.23974612205039936
FJ,0,0.3808267955774066,0.36165811155713756,0.39290293931240156,0.3631097097242487
FJ,1,0.2898877115049539,0.2747789136097973,0.3117041370407538,0.2857744299442969
FJ,2,0.2205645692019419,0.2080731295976054,0.24107003320040413,0.21826073876121385
FJ,3,0.1729819781913972,0.164672456655053,0.1972480248568487,0.1758047106730425
FJ,4,0.15527931099666373,0.14925566521008612,0.18937007784773774,0.1667233311710352
FJ,5,0.18670467559592602,0.18059874294831949,0.21937674793075432,0.19201733731170328
FJ,6,0.2699521861048151,0.25716923073934167,0.2972579982970813,0.26301751495479475
FJ,7,0.381408438218143,0.35493774741957806,0.39116250207951675,0.35095787865603256
FJ,8,0.5170673742035246,0.4417152341165807,0.47118664994879683,0.42648010263108294
FJ,9,0.5963087738293265,0.5031144991811792,0.5365819612592624,0.48743961204219066
FJ,10,0.6167296301582771,0.5525654418043897,0.6001855842778758,0.5454357349402311
FJ,11,0.6430873612154349,0.5848352353083079,0.6438723449336303,0.5861050687039627
FJ,12,0.6334489218054726,0.5891245757214727,0.6556511320676786,0.5990948714698294
FJ,13,0.6162734039904151,0.5781777335840331,0.6406915953956421,0.5873349822556014
FJ,14,0.636041088422187,0.5669018806817495,0.6057087059588232,0.5554424102255349
FJ,15,0.6231776242481507,0.5504791661485502,0.5775818698275643,0.5299330092473403
FJ,16,0.5914169424954437,0.5275554446905074,0.5533964928970313,0.5101303442208456
FJ,17,0.5379667236737783,0.5114707750655318,0.5536274601467365,0.5144856287384914
FJ,18,0.5248331856987322,0.5154639437789661,0.5819916338651602,0.5438550188907159
FJ,19,0.5500898095692783,0.5370994251651255,0.5973695527674043,0.56082344352432
FJ,20,0.5932513140715062,0.553447878824765,0.5840775906043643,0.5492937009158649
FJ,21,0.6023563021479422,0.5414555202470756,0.5601849802637986,0.5257662078834602
FJ,22,0.5674013576937972,0.5095663748069579,0.523606364165089,0.4892358827789388
FJ,23,0.48648844786867407,0.4473108632496149,0.46773754753882973,0.4349063204469484
FR,0,0.1920399143307758,0.17912893724281476,0.20948691878998513,0.19033864892124433
FR,1,0.14309169596894064,0.13647961829335387,0.1671021447344225,0.1521587786665894
FR,2,0.11864979063178688,0.11535569209140262,0.1441104379926162,0.13115677689532498
FR,3,0.11759313104973794,0.11557919674049169,0.1469096700112226,0.1330393104292812
FR,4,0.15925563394497688,0.1493415154472765,0.17884319359310039,0.16245043994780264
FR,5,0.25254849137199337,0.22299760877086752,0.24701305848261448,0.22659226183664588
FR,6,0.3583338489113976,0.31582458709773026,0.3412639286864326,0.31238160944304305
FR,7,0.4612053032040529,0.40897631896015635,0.4343994639844207,0.3970794669669953
FR,8,0.5256419422560775,0.4809259154849468,0.5103005903798881,0.4688908770306583
FR,9,0.5524022200721557,0.5175421597645466,0.5552504887874621,0.5127353144264384
FR,10,0.5403118880247981,0.5222270431150251,0.5703956138009938,0.528439756587822
FR,11,0.5399696024542704,0.5178909221344364,0.564109786226079,0.525567752699958
FR,12,0.5707100966670455,0.5246979572304639,0.5601559857946601,0.5240937407690588
FR,13,0.5913537694659357,0.5387496807940494,0.5693713666292288,0.532656381538796
FR,14,0.5934804395853851,0.5444425637819307,0.5735497695487571,0.5356398696869322
FR,15,0.6001127790969438,0.5506494866317934,0.5807630447412404,0.5419325128606907
FR,16,0.6050703782391872,0.5641719069236929,0.5978090432854375,0.5584029262772703
FR,17,0.5886205902500967,0.5685149389230538,0.6194601373890588,0.5769688684741501
FR,18,0.582497504355492,0.5621469898755549,0.6285312508904218,0.581034985137432
FR,19,0.6142326192283535,0.5652680284175339,0.6111629039925385,0.5626397138406612
FR,20,0.6074021707838886,0.5360254268360473,0.5641124885695145,0.5178144478589961
FR,21,0.527850807098701,0.46552401652110803,0.4855587135758741,0.4442852018617327
FR,22,0.3990491275072438,0.36028960724356,0.38016593492343026,0.34690471580317517
FR,23,0.27604728050706445,0.2542508009389484,0.2776450901969023,0.2537965613000853
GB,0,0.3089393182304682,0.274417029839511,0.3106479228821999,0.28156480444080245
GB,1,0.22148462210364478,0.2061570359092973,0.2410137632957478,0.21397568597970754
GB,2,0.17297612481364938,0.1674984207750591,0.19936861116702884,0.17669696008451335
GB,3,0.15009451259259085,0.1479135514606214,0.1852448411623809,0.16872630091313898
GB,4,0.1570916712771843,0.15414907016608176,0.1910461025484468,0.17904035402099852
GB,5,0.21520066786017514,0.20250191019507366,0.23481587559657222,0.220988944709248
GB,6,0.32141200882845194,0.28773472448808807,0.31815193922932244,0.294568182996893
GB,7,0.43448335299159085,0.3896417321876818,0.4154836180773391,0.38204707586009407
GB,8,0.5336681084170611,0.48553086438535065,0.5116759889562434,0.47216788316391906
GB,9,0.5897922785869032,0.5497832201598288,0.5816471334921074,0.5399546296114348
GB,10,0.6118245201908286,0.5827603443822883,0.6211906687037747,0.5804358656646705
GB,11,0.6229755181282849,0.5977766076526128,0.6369979267816654,0.5999283125639951
GB,12,0.6297732375962707,0.6013386947591489,0.6418457645551783,0.606435844182813
GB,13,0.6460816567420413,0.6075656322648877,0.6446821178215751,0.6070664335519398
GB,14,0.6648344149569384,0.618083520293574,0.6468686990220468,0.6086441156933419
GB,15,0.6836785360081438,0.6265760216795053,0.6542398119866255,0.6187829794348256
GB,16,0.6832746865646397,0.6391780088867781,0.6703851021621527,0.6371816249608847
GB,17,0.6682257712219097,0.6483283403099648,0.6944156749277703,0.6591458879953943
GB,18,0.6741393015129054,0.6566137720143989,0.7129482718247062,0.6701307004573738
GB,19,0.6974533086313979,0.665845357188125,0.7158196386799864,0.6664313697613932
GB,20,0.706869498722656,0.6506360097258664,0.6852187722969986,0.6336101571412004
GB,21,0.6706724009892864,0.5937789888535898,0.6161511521036349,0.5671770289810498
GB,22,0.5600271736687499,0.494416924029915,0.514398482606674,0.47274577566533516
GB,23,0.42517900238139245,0.38171497158407325,0.40589381313698314,0.37249383535635666
GF,0,0.240328714742055,0.22145639679864768,0.2771826117936248,0.23548096539864885
GF,1,0.18090848710246912,0.16675440560742208,0.22041180437195348,0.187880964786648
GF,2,0.1427747971881905,0.13426716082881962,0.19018918795627718,0.1636722370725739
GF,3,0.13303294567880292,0.12754640734634995,0.1835782787352784,0.15953769359261868
GF,4,0.16564531519922124,0.15614310213054003,0.20531824687108222,0.18076584670160034
GF,5,0.24101012441016714,0.21458406120212573,0.255892967973496,0.22484884939732908
GF,6,0.33949310186359893,0.2872393061568777,0.31919815786562744,0.2765347351510953
GF,7,0.4390248498177306,0.35166719329072177,0.3829197145097191,0.32905671311866636
GF,8,0.48064113243101036,0.4015173746193567,0.4400758017918033,0.37965826091813654
GF,9,0.5005824049144763,0.436548225642174,0.4930030055883504,0.42967353279204823
GF,10,0.5134143208534865,0.464159209850932,0.5351657268089145,0.4690624389500334
GF,11,0.4977586517747648,0.46381718232685887,0.5506931402973753,0.4832724873486767
GF,12,0.5119727541907735,0.4644247611230118,0.5392882291187359,0.47331895910077454
GF,13,0.5397422257065732,0.4558291444010231,0.5073209345294856,0.4451455752819628
GF,14,0.5403484414154247,0.44758893234958375,0.49129708481607837,0.43112163379537716
GF,15,0.5253586616087725,0.4498709563170067,0.5015609400750523,0.440896595213558
GF,16,0.49244270759521375,0.4443449367571776,0.5110188112461748,0.45017047440765007
GF,17,0.47535616591858504,0.4336189675853891,0.5095285054368545,0.4458319651114405
GF,18,0.48309320482357654,0.43356654479654605,0.5007212336825346,0.4318880047753219
GF,19,0.5163983507635291,0.4348507804319678,0.4848241457317261,0.41373591379090435
GF,20,0.531950798528051,0.42107627540905795,0.46228982505787386,0.39333015156700235
GF,21,0.49329743072518206,0.39427456296587154,0.4382156469482881,0.3736300539125814
GF,22,0.4247240410176621,0.3517080061507675,0.39537511924001134,0.33687516680280777
GF,23,0.32820018054533245,0.2899167798599517,0.3424306883683327,0.29138145496072265
GH,0,0.29430913952351734,0.26264415098036203,0.2754747150290934,0.25558748802964026
GH,1,0.23578486687820294,0.2143813952902049,0.22955469262201642,0.21166272673311098
GH,2,0.18987205760010184,0.1775700201088451,0.19479630901570819,0.1798143479835096
GH,3,0.16419455809294145,0.15682246508094816,0.17479276579325873,0.16188656106769522
GH,4,0.1596020144391622,0.15167299686176056,0.1667239553493238,0.15509275591886176
GH,5,0.16637388717960822,0.16234370828511405,0.18385484911796177,0.17303212042217947
GH,6,0.24195881950139742,0.22380417930228377,0.23426216947247655,0.2218685899965069
GH,7,0.3113976512691613,0.28903736310444667,0.30145631453729105,0.2848468621933182
GH,8,0.3675928009154529,0.3477347231750751,0.3662924873376038,0.34588791434180555
GH,9,0.4065532880761293,0.3898688020684723,0.41502113132040297,0.3917292084927461
GH,10,0.4384186515199744,0.41659654020936787,0.44160735284321184,0.41655729304326555
GH,11,0.4607138095369901,0.43067780642079656,0.4530494663416252,0.4271387147204467
GH,12,0.4682939243505919,0.4387512847449761,0.4646381437329646,0.4374510191110368
GH,13,0.476946845995686,0.446379368338594,0.4783958044985156,0.4489992025317899
GH,14,0.48786452135016967,0.4556901468603647,0.4875716126661449,0.45601466061168977
GH,15,0.4922340693879283,0.4590031706821107,0.49142105744660003,0.4592541282218777
GH,16,0.4990790147214387,0.46630001649318814,0.4977238536958107,0.46511764369356046
GH,17,0.49231574199670847,0.4679207784219572,0.5049757223226137,0.47226025113636844
GH,18,0.49585414247787657,0.4778390669949329,0.5206280502656797,0.4853599506349242
GH,19,0.5321656002972085,0.49179332570547374,0.5270462324948844,0.49007116051371896
GH,20,0.5339550795188792,0.4820478261353782,0.510902301313882,0.47526942420661655
GH,21,0.48229678563574835,0.4409943440639474,0.4666161144195526,0.4344158861928885
GH,22,0.4053321578094296,0.3790516736970186,0.4013085500152018,0.3740257348546186
GH,23,0.3176386776667053,0.3044458214062171,0.3326344540891852,0.3100273297796606
GR,0,0.40326634188145144,0.3721661324663464,0.40019294623548546,0.36343758773449975
GR,1,0.2640863640070852,0.2520563570975462,0.28792900708516256,0.2600337467467876
GR,2,0.17818366786776135,0.17047260905810965,0.21268720801211938,0.1917480055845543
GR,3,0.13102270065283753,0.12791669032251027,0.1695340362446126,0.1543202658837769
GR,4,0.11691174735668981,0.11508045784531051,0.15343386775670037,0.13868914464651455
GR,5,0.14388365354280327,0.13666629583471734,0.16667023006180484,0.14829091559113938
GR,6,0.21820778311570507,0.1896952855762682,0.2081265328124351,0.18804149721188618
GR,7,0.3152516876327327,0.2687854944865867,0.28243898336476436,0.26028351451457327
GR,8,0.4081465622054589,0.3592858293102385,0.37691287618751884,0.3484180485233592
GR,9,0.4765314018739764,0.4395990956148027,0.4662087619543045,0.43145017731771046
GR,10,0.5182870838179828,0.49686081952101563,0.538497523013143,0.49973690074869204
GR,11,0.5495628017839169,0.531413366672835,0.5837092612350322,0.5421980958155659
GR,12,0.5741316472948408,0.5507237468410059,0.5991675101158102,0.5565148927247787
GR,13,0.6003321843994571,0.5585078774497919,0.5935743874677822,0.552908199305687
GR,14,0.6290310506099572,0.5661992865498232,0.5935145031227991,0.5542156495465369
GR,15,0.6482679975177763,0.5820501440234189,0.6083332392714488,0.568938735667837
GR,16,0.6502079074532529,0.5950235716915067,0.6216280277640897,0.5812454870160239
GR,17,0.6363721496867634,0.6025069481537859,0.6403696182459689,0.6001699512221139
GR,18,0.6286956236771156,0.6102052176300972,0.6662929359118035,0.6265061026164017
GR,19,0.6401152692948595,0.6261031750291149,0.691512749118315,0.6482082897691382
GR,20,0.6758166854821975,0.6469584368243565,0.6970870784281362,0.6480564688849955
GR,21,0.7060801070777286,0.6384577716164339,0.671734462480536,0.6209445618412875
GR,22,0.6798863007739449,0.5876377938718804,0.6124830204435369,0.5632971964169231
GR,23,0.5701554566775562,0.4989533936717141,0.5203954093505413,0.4756723618284331
GT,0,0.37696654431556204,0.3680846622785594,0.40933653049011814,0.38043640491053865
GT,1,0.2445422538765322,0.24141768658622664,0.2976664096110996,0.2732253896330549
GT,2,0.16627493688449876,0.1626862671686269,0.19549879627427877,0.17476682648155945
GT,3,0.1308788742908533,0.1278394659509104,0.15801060239155712,0.13833508867230737
GT,4,0.13671814571173996,0.13563049388411777,0.17546157543426294,0.15593929564326772
GT,5,0.19739176117030044,0.1925621117448843,0.22552746760660144,0.20542229162785394
GT,6,0.31044414271034165,0.2857683535810891,0.3011745454004913,0.2787771299361844
GT,7,0.43597683426618744,0.3906102408992367,0.4014313009138921,0.37505479604446723
GT,8,0.5618671578416493,0.4988832423566221,0.5138692045882952,0.48344582420337645
GT,9,0.6225667754199277,0.5816995448308874,0.6081745753982362,0.574412502429196
GT,10,0.6601476826413692,0.6336139130782917,0.670294758634066,0.6343346521760275
GT,11,0.6840659401208374,0.656980259654627,0.6975034921613104,0.6611864184642908
GT,12,0.6711639829758488,0.656553837490669,0.7108796812368485,0.6736032479448458
GT,13,0.6561093009441556,0.645464770132273,0.7072931038867408,0.6690177949929259
GT,14,0.699898316821047,0.6558140959106634,0.6843977849803681,0.6450751946865497
GT,15,0.7233589165166174,0.6453656747792709,0.6624240625589622,0.6230275153311658
GT,16,0.7132662460276809,0.6421326008555871,0.6600917890285187,0.621747915502767
GT,17,0.6871645944106123,0.6461184828434522,0.6749990879550556,0.6379916139568435
GT,18,0.6862408171000476,0.6582268289070042,0.700410522128942,0.6636042829348257
GT,19,0.682527443801206,0.6629771792923238,0.7203896348580583,0.6834367617116651
GT,20,0.6941728685907728,0.6675929652663689,0.7112487439897263,0.6747581303710811
GT,21,0.7071590758287041,0.6572792647769011,0.6759048889862265,0.6398811431272137
GT,22,0.6779407689036261,0.5989364124868892,0.6030723881466513,0.5684807665306076
GT,23,0.5469931052674467,0.5003202201226467,0.5087755397772556,0.47659758756551324
HN,0,0.3634105960042956,0.3525919699999626,0.39103730366054806,0.363396653623428
HN,1,0.25162618103225515,0.24626613080729035,0.29121944951208545,0.26843442047276744
HN,2,0.17729576105862024,0.16974016749427387,0.19960905920292094,0.17994483991663876
HN,3,0.13711865554455066,0.13183699285741848,0.15990922387860626,0.14100685086420234
HN,4,0.13405038411051373,0.1324213970926682,0.16641715219658715,0.14786169116763653
HN,5,0.1884654042409432,0.1813649919750074,0.20489598860587932,0.18641802844985045
HN,6,0.28398323711192114,0.25190029525825824,0.2664612471824598,0.2459077538662219
HN,7,0.3717296873964579,0.32927665288261165,0.3410322324153108,0.3175846940950632
HN,8,0.46129472471181054,0.41331045808436506,0.42661666658809727,0.4004955917753994
HN,9,0.5105517720463836,0.4813141697726547,0.5058678425000422,0.4771734843049947
HN,10,0.5431120842191755,0.5247435574431306,0.5575044177378164,0.5270502131608948
HN,11,0.5676200250746426,0.5482231418758509,0.5828855280384372,0.5517000525473046
HN,12,0.5510894022627688,0.543054672375311,0.6018873705243764,0.5701937638714607
HN,13,0.5945803368526629,0.571915890423622,0.6084889028683893,0.5758139233927111
HN,14,0.6257930198173045,0.5758280606790177,0.5959303873809498,0.5625522622414636
HN,15,0.6295468476222921,0.5638870389111892,0.578371144860739,0.5450819160808139
HN,16,0.6025970233901745,0.5576205355521091,0.5770477819627472,0.5441927014488706
HN,17,0.5894570211374931,0.5599989409666728,0.5965844000827499,0.5625662017879809
HN,18,0.6084279888001628,0.5800198427601932,0.6244411482986462,0.5881327984430527
HN,19,0.62271388883753,0.5958644407770672,0.6484770863773989,0.6100196099309279
HN,20,0.6484992667460773,0.6111332532127755,0.6499577771083483,0.6110861170444716
HN,21,0.6586102342760329,0.6040146067881117,0.6273332990101588,0.5889391442105107
HN,22,0.6205111217860796,0.5524618266108317,0.5655825430787984,0.5292878186622875
HN,23,0.5065649920353383,0.4647464118390695,0.4810917030433919,0.44869491508050763
HU,0,0.22559610384537435,0.21252700162626798,0.24353032562889282,0.21965695065477675
HU,1,0.15486263129112396,0.1462458152645023,0.18124448054269351,0.16448730709256726
HU,2,0.12132734351228812,0.11845791564404144,0.15728976665091846,0.14543929706964068
HU,3,0.12173516249503946,0.11965068617585593,0.1543975759774911,0.14173848214118764
HU,4,0.16590111226035398,0.1535783812666156,0.17849859110656854,0.16151757627400137
HU,5,0.2570966917144119,0.2221762707422519,0.24058397004037435,0.22026350157397556
HU,6,0.366914823069477,0.3211198720257162,0.33909488611704264,0.31462603393825056
HU,7,0.4678670426240012,0.4242277425883785,0.44589997395732656,0.41444071735646826
HU,8,0.5400412049076851,0.505666783302408,0.5363564395714865,0.4998174695799445
HU,9,0.5802022599040002,0.5562751685378127,0.5989248922219654,0.5605412985575067
HU,10,0.6007862658491975,0.5807730776248806,0.630023885041648,0.5899479811364687
HU,11,0.6111674849203519,0.585278576881987,0.628563500708428,0.5868434466563188
HU,12,0.6287461766431228,0.5829133522069363,0.6123039029027799,0.5714955281388393
HU,13,0.6475528344019432,0.5849287099104253,0.6094209652977524,0.5703469040965813
HU,14,0.6580985350372167,0.5994299834614542,0.6300949835963165,0.5911648841523072
HU,15,0.6588118373375337,0.6131526642476764,0.6472455775286986,0.6073470303646016
HU,16,0.6590954250332873,0.6277794262790984,0.6713970236100575,0.6301908653157282
HU,17,0.6687224646080827,0.6478437278044743,0.7026241695101137,0.660228587873026
HU,18,0.6869058750699293,0.6651578244322998,0.7252149518109887,0.6792021582439322
HU,19,0.7204612770367445,0.676233330849641,0.7184481093528787,0.6692483308035593
HU,20,0.7262661022406149,0.6467614080470852,0.6749530136888324,0.6266987787904121
HU,21,0.6483477133569154,0.5698297315370089,0.5938114382941362,0.5495877747190693
HU,22,0.4988492210142296,0.4566808285488032,0.48403044722514316,0.444330033543545
HU,23,0.3429687974396385,0.32433513247112916,0.35437151523002963,0.32186247340403934
ID,0,0.5837783984815377,0.5389422850602488,0.5630562547370389,0.525553181688908
ID,1,0.5088278137940705,0.4666295256583019,0.48960103368923535,0.45722793901294473
ID,2,0.4061840508703891,0.38218358831338867,0.41270918349671093,0.38371229396709816
ID,3,0.3242079632218325,0.30719822911520145,0.3445021228308976,0.316408296576894
ID,4,0.2670172996497781,0.2517491228668309,0.2897836210397791,0.26520008307128035
ID,5,0.24178505951291726,0.2250469673189449,0.2619968748324083,0.24191520283283885
ID,6,0.2595114804352434,0.2422100116032652,0.2652357837208063,0.24666154257801245
ID,7,0.2996836211880368,0.2798497883608872,0.30144812023583734,0.28193427840507335
ID,8,0.36571840491302465,0.3382712672788738,0.3604673285335506,0.33600900233765557
ID,9,0.44207819740599863,0.40079585610545976,0.425666169769339,0.3943495413273521
ID,10,0.5068234571227841,0.45640580955069654,0.485530592143431,0.44855406051871205
ID,11,0.530502135796824,0.4950411633877607,0.5322079541522979,0.4931454181611222
ID,12,0.5407706355004882,0.5159618098639139,0.5585014029576505,0.5200002406762663
ID,13,0.5378534111529398,0.5193945742970867,0.5626787034704789,0.5276965446932868
ID,14,0.5551584200357608,0.5198306190312559,0.5495865815216893,0.517461237872661
ID,15,0.5565278012250416,0.5070161589702178,0.5314853661897276,0.49887873798496085
ID,16,0.5360761054887497,0.48934994255678854,0.5127010563528516,0.4780244208305194
ID,17,0.5148850153011498,0.48140341762014677,0.5105709424392283,0.4752039046102769
ID,18,0.5151068743374209,0.4876473383460099,0.524481725734122,0.4908873717337708
ID,19,0.5443142870568706,0.5176718175890678,0.5587164122507702,0.5272139173228474
ID,20,0.5868226968119713,0.5566018105945297,0.5971744090604004,0.5648136798790486
ID,21,0.6194438158862531,0.5850564645444405,0.6271372417426301,0.5910178157267005
ID,22,0.6400125333564577,0.6003154274305618,0.635426526067201,0.5953506066297012
ID,23,0.6317528780490937,0.5864357674459442,0.6141769496265497,0.5737894444718935
IE,0,0.0933092149278817,0.08344331411155595,0.11087043534669237,0.08938063778224345
IE,1,0.07421878806809604,0.0708773869022429,0.10221527800914389,0.08474949946865418
IE,2,0.06547839199382954,0.06355833356420015,0.09447558459683755,0.0801528650368271
IE,3,0.06506798034960361,0.06245019809786061,0.09017090278642646,0.07754302260865142
IE,4,0.0773514914519485,0.07113202478067573,0.09866360233413711,0.08432826362014557
IE,5,0.10984533939508904,0.09631568324951456,0.12289746961959876,0.10361514042852377
IE,6,0.1504196433598973,0.1305587102934997,0.15547060634308943,0.1301098097022751
IE,7,0.18949529769129472,0.16009469073286514,0.18256131165766312,0.15294346540532466
IE,8,0.214203778271631,0.1763500864643948,0.20008279712864166,0.16790116392568558
IE,9,0.22347694552721772,0.1816375418458633,0.20674667248351902,0.17440832415087118
IE,10,0.2260546304963813,0.18822570840522074,0.2134349796090846,0.18214050314438263
IE,11,0.2293051025276037,0.1988182083834722,0.22460913125948412,0.19562012418892716
IE,12,0.23444189174491495,0.21032140234772848,0.24168951216199083,0.21557032008366736
IE,13,0.24199748797839105,0.2194335811988101,0.2527275615987527,0.22894387996800614
IE,14,0.24514110804505634,0.22239718337830497,0.2564577470560102,0.23289468506936908
IE,15,0.24372706495167207,0.2218012400144332,0.25627392748805244,0.23080345323093598
IE,16,0.23896660554536722,0.21941275662955254,0.2565436792525396,0.22823127197781184
IE,17,0.2410961715370805,0.2219072955669804,0.25917635276183926,0.22669311948297902
IE,18,0.25314392989689605,0.22395009273548575,0.2568631545869598,0.21959393417373896
IE,19,0.2638288355187394,0.21569655225878465,0.2413626295160795,0.20140091992774958
IE,20,0.2586617797136712,0.1952270856828929,0.21265213630620122,0.17278162271417355
IE,21,0.22789685065981446,0.16252178894356725,0.17517842489760677,0.13816632989724661
IE,22,0.17760159709282636,0.12529742219850498,0.14154654671584255,0.1092437037738762
IE,23,0.1286031817859346,0.09978293208930689,0.12066266501464597,0.09399516011365158
IL,0,0.31847313755770007,0.2969282058949401,0.3186787481376986,0.29154715817353033
IL,1,0.23770638972153682,0.2226282618980791,0.2446096265561365,0.2245951052027275
IL,2,0.18687081030888322,0.17466404977451308,0.20010285739697892,0.18526358289984451
IL,3,0.15428061969203208,0.14749410062861604,0.17840859007279858,0.16699571859538515
IL,4,0.14922372049895918,0.14253449629986292,0.17345543298761706,0.16122226768152792
IL,5,0.17707663714884783,0.16390396704622495,0.1919891855779091,0.174894887543978
IL,6,0.24234636802071954,0.21660325924129983,0.23967476928327802,0.2173538895252747
IL,7,0.32604615759236155,0.28889767780089665,0.3129413749094445,0.2845416493088144
IL,8,0.41076584065381155,0.36381990781585655,0.39251078750513624,0.35556010279925426
IL,9,0.475714452020715,0.4265941488070041,0.46451952713490385,0.42052126326336076
IL,10,0.5186525795112142,0.4738919346959112,0.5217154865263552,0.47368090405763424
IL,11,0.5369289762086316,0.5009495781218324,0.557140964289444,0.5067964844499506
IL,12,0.5453828944660545,0.511695924262066,0.5659165498792589,0.5154667015852145
IL,13,0.5624382937809215,0.5148824809675533,0.5576009319841986,0.5098228715938373
IL,14,0.5729363365655359,0.5141368617893419,0.550122862478087,0.5054251522691305
IL,15,0.5708090706202485,0.5142665075800554,0.5497875153270716,0.5075863224859805
IL,16,0.5582994988668474,0.5092124016352612,0.5426008688705466,0.501266475608652
IL,17,0.5370784853173864,0.5033310532803791,0.5439087619661027,0.5035619397709584
IL,18,0.5266078248292778,0.5026492660971096,0.551280173387207,0.5122209081265812
IL,19,0.5345732329024875,0.5055337300928606,0.5554732097747157,0.5154390742428054
IL,20,0.5499438109132132,0.5062930036630293,0.5466226821293216,0.5045204464663043
IL,21,0.5416809472775993,0.4870209662856879,0.5179075331413395,0.47631666931328975
IL,22,0.4982556035280973,0.44546474896435234,0.469572330142758,0.43093380819196647
IL,23,0.41656554750010166,0.38016185337464736,0.4021164660448746,0.3680250028613778
IN,0,0.39031361938401055,0.36870117413369075,0.3982716445605577,0.3596073534175444
IN,1,0.25576399671816813,0.2510578989792033,0.29740080999848084,0.26601017723823484
IN,2,0.17257510023056052,0.17121906583185187,0.22691664583875717,0.2058910123964283
IN,3,0.13414105616750585,0.13350260457773203,0.1888231608342369,0.17526717370927003
IN,4,0.14196885447706575,0.14086028142593537,0.1868097850451446,0.17495665103741254
IN,5,0.20804068423890051,0.19824471135488886,0.2226022008481412,0.20640552303786305
IN,6,0.3204762019387654,0.28097386621427034,0.2926505715894799,0.2673848268612418
IN,7,0.42432836661335205,0.3731731862405106,0.3888394695587021,0.35633466071148784
IN,8,0.5173884075000036,0.47588134271334337,0.50230039069117,0.46653535304390165
IN,9,0.616882261430816,0.5761583954787832,0.6107603669430339,0.5703751013957803
IN,10,0.6883910750751085,0.6488703880276085,0.6915567262737268,0.6475082412752298
IN,11,0.7224694377273974,0.6830890506973915,0.729617518029085,0.6840304064440047
IN,12,0.7193516177432007,0.6825762383343011,0.7320011178321937,0.6852896721155445
IN,13,0.7142894279072618,0.6668933705530712,0.7068041638513786,0.6596633774926127
IN,14,0.7240348424533055,0.6566461588211056,0.687530683543477,0.6420115863760582
IN,15,0.7082220205100974,0.6474947878412464,0.6782133686731904,0.6363948489977436
IN,16,0.689554573448683,0.6470010135537202,0.6850647407984284,0.644909094547297
IN,17,0.6836517976258661,0.6514122023935829,0.7015229422286189,0.6590972048324438
IN,18,0.7107317948871095,0.6766517372365359,0.7270049269407163,0.6807468844563187
IN,19,0.7285157585985529,0.6936144862289388,0.7455719006715693,0.6968941993812247
IN,20,0.7236305914640572,0.689959948743937,0.7414499902452464,0.691254121224609
IN,21,0.7361071170387734,0.6681941127328508,0.7018956932002128,0.6517060571387295
IN,22,0.6928082999778239,0.5988350035128351,0.6220188433157186,0.5747859176992309
IN,23,0.5554453834037295,0.4927456666186439,0.51345462504885,0.4706972474157685
IR,0,0.07093853639564467,0.05305166446630173,0.06891872722541816,0.05048465669999119
IR,1,0.051066138645478716,0.0420337386114909,0.05601609530403004,0.04255744913783189
IR,2,0.034510739390922855,0.030524467455505144,0.045331860572164234,0.03651132342085078
IR,3,0.02492941621446477,0.02342106130581501,0.04178398014730428,0.034336348385972056
IR,4,0.02085731740036708,0.019671096160533134,0.03939528022027234,0.03232840120466431
IR,5,0.023162786812081542,0.021183969335347802,0.037972946975419246,0.03088283132929737
IR,6,0.032132431899945184,0.026460668158270216,0.03848554706202726,0.03061080627361573
IR,7,0.0442582795964365,0.032949944269380665,0.044334949711711195,0.0336259410440374
IR,8,0.058162554191916065,0.04104119405644992,0.05402605933820276,0.039103923856184594
IR,9,0.07100155258978001,0.04884766679842187,0.06510322473400923,0.04579008493845748
IR,10,0.08228519935490289,0.055992344666322566,0.0763864961414625,0.05262661230037276
IR,11,0.08974004561819604,0.06062603667289202,0.08338021600214414,0.05657159253289334
IR,12,0.09345161839428454,0.06150967798992974,0.08529243762079919,0.057292113782045
IR,13,0.0949595047887569,0.06295283693875905,0.0847852624072754,0.05691120126665666
IR,14,0.09251228349915379,0.06476510249022899,0.0876651161612299,0.06151819475863911
IR,15,0.08920276620415186,0.06488417184472531,0.08854292759832764,0.06348532746647552
IR,16,0.08723876829175586,0.06464243028848465,0.09109102682012966,0.06522667548244246
IR,17,0.0894550245021158,0.064104717911692,0.09134637402056756,0.0650192076458826
IR,18,0.0916055629548442,0.06366316834433983,0.09081003278611866,0.06397196703401907
IR,19,0.09331886396174324,0.06466491817690315,0.09093402699143505,0.06355943921569783
IR,20,0.09630717065754414,0.06648497739711423,0.09134283840919942,0.06387563647465565
IR,21,0.09843690986299827,0.06857700216031536,0.09157277903174095,0.06456455300432666
IR,22,0.09703993037314684,0.06828147495508148,0.08936730744009075,0.06368380430923631
IR,23,0.08883127032494155,0.06288090461014628,0.08151915920449407,0.05867714350020525
IT,0,0.2994621958717405,0.2724704106070667,0.29966573013738684,0.27146229929184973
IT,1,0.19784079257967105,0.18601827373040644,0.22402951636981402,0.20232685967646785
IT,2,0.13831396599966977,0.1337659234278184,0.1760885983355864,0.1574838621871216
IT,3,0.1128675578416464,0.11068109997229819,0.1557890257761226,0.1372140806204355
IT,4,0.11439588873786873,0.11340150833525309,0.16305428356725776,0.1425412849491156
IT,5,0.17154786160971755,0.1599504216865365,0.1975393199678738,0.17631092020091482
IT,6,0.2796592322094633,0.24348685423814626,0.2664212432417188,0.2431086853966727
IT,7,0.39674193521693824,0.3434412368223921,0.36466924784722726,0.3327267927644107
IT,8,0.5019928738869605,0.4378539523114334,0.461691241859666,0.41922739436893813
IT,9,0.5631016996258537,0.5119315935493973,0.54826536480649,0.49886357255660624
IT,10,0.5928646836803689,0.5566540104900604,0.6078344129141979,0.5554572579108766
IT,11,0.6032412616495416,0.5740087426866765,0.6351883293329907,0.5830653020913408
IT,12,0.5986309469709759,0.5745569705373655,0.6368588882694937,0.5873540490569743
IT,13,0.6347938564652805,0.5841977487057591,0.6326402704567351,0.5851301657581212
IT,14,0.6792665045277365,0.601505449476896,0.63533883357668,0.58657293054687
IT,15,0.6862347153329637,0.6066659528462248,0.6378407673589089,0.5868763653702749
IT,16,0.6716485837458402,0.608243462366289,0.6439022284558488,0.5936118534239345
IT,17,0.6543000078409321,0.61239231627001,0.6558894062743252,0.608396590314823
IT,18,0.6233659975399081,0.6044538762141445,0.6676183693906909,0.6193702642668043
IT,19,0.6007957854173788,0.5903871348011887,0.6658493434966386,0.6133553761566395
IT,20,0.6352290811278819,0.590358368257538,0.6416886453915095,0.5868852905691578
IT,21,0.6521919337060333,0.5609798529679101,0.5903651660419706,0.5377488109474241
IT,22,0.5747407359976642,0.4891472350678039,0.509269397681081,0.4622695654246055
IT,23,0.43737907529690706,0.38602492782898085,0.4031095423287261,0.36521774934721585
JM,0,0.4557762206984984,0.42913271320038326,0.4555914025833139,0.4251662307231879
JM,1,0.3498303415546608,0.3367314256930805,0.37527431385806564,0.3502492501859746
JM,2,0.2671717425768139,0.258446750189261,0.29466564486707825,0.2743516119149154
JM,3,0.21408522587312626,0.20725559206118818,0.23642051533061276,0.21832385428486364
JM,4,0.19725516566895632,0.1936728121418701,0.2305896047687932,0.21171335084269988
JM,5,0.23804594206590285,0.22968621094315203,0.25993767163829984,0.23871086601841418
JM,6,0.32922189273248564,0.2989261737971682,0.3137916099335719,0.2897858704654015
JM,7,0.4079105621535017,0.3660674504340622,0.3790192670513465,0.352382222778733
JM,8,0.47788597868152877,0.4355806559002811,0.45190711332295935,0.42371866136411673
JM,9,0.5317801920108924,0.49884140532364557,0.5238917999251099,0.49493212709547485
JM,10,0.5638186682542958,0.539469226171298,0.5771886404241647,0.5462810064261499
JM,11,0.5816506275088619,0.5594234807955918,0.6030036973289601,0.5698632051134609
JM,12,0.580488678003543,0.5597303087271487,0.6043144934676283,0.5696511775656217
JM,13,0.5808868023564332,0.5571646468615931,0.5994012047898081,0.5639616530673454
JM,14,0.5987489902728323,0.5589847719260126,0.5896270430540358,0.5532598866669253
JM,15,0.6109322065107755,0.5505372085508812,0.5718119897454804,0.5351404313613553
JM,16,0.5868901956647548,0.5345927241983506,0.5572792095850273,0.520694774399489
JM,17,0.5619672778822702,0.5284765723659371,0.5647905910883598,0.5268643381905908
JM,18,0.5748701145507583,0.544585265353443,0.5931641555868895,0.5536626711102843
JM,19,0.6193821629251236,0.576690240122229,0.6218244513344714,0.5813319717077384
JM,20,0.6482047366201852,0.600912740505528,0.6419182914869707,0.6015569102982852
JM,21,0.6536435716579344,0.6023928877295386,0.632263002743663,0.593640067325753
JM,22,0.6271080449267077,0.575284054295114,0.5987666604119208,0.5614522445684409
JM,23,0.5543912139239718,0.5147202820113189,0.5355041807482842,0.5006112158228548
JO,0,0.45033633104237486,0.40056987592589327,0.4376924362370943,0.39264352553551124
JO,1,0.3790145563360537,0.33462326973427614,0.37082457260844304,0.33136045432637107
JO,2,0.3045322755706083,0.2642705598886178,0.2994368805940274,0.26613908337230263
JO,3,0.23560710890863254,0.20425012371579143,0.2435180304077885,0.2135228306757439
JO,4,0.19791032966637623,0.17463304688918344,0.20972186123334172,0.1833372414256608
JO,5,0.18585210246493547,0.1663178169712404,0.19571548904406944,0.17273749983912484
JO,6,0.19674994325076095,0.1768421656640506,0.19927039672532834,0.17836131996868346
JO,7,0.2345042809001675,0.20762591719435017,0.2277644180992398,0.20659790082325571
JO,8,0.2821658165842351,0.24857763510656303,0.27103762616759625,0.2464406035838002
JO,9,0.32497689106916505,0.2925782751753125,0.3202838032651336,0.2904048516902368
JO,10,0.3620719089689448,0.3334083784810831,0.3681802387845062,0.3336212765504445
JO,11,0.3893477884053424,0.3651083586818821,0.41001829802628154,0.3726671848226982
JO,12,0.4186254635859959,0.39392612985632824,0.44120358361906364,0.4017290610704479
JO,13,0.46250905858851027,0.42165296427772614,0.4586788350059087,0.41764940147537977
JO,14,0.4776182080099683,0.42635009286648184,0.45992049531175133,0.41867622963800877
JO,15,0.47690236899425636,0.42564576697192175,0.4588249172692803,0.4167877133732847
JO,16,0.4794511001626736,0.4271937425743348,0.46281067410163884,0.4183368625906106
JO,17,0.46852847235565376,0.42686198002458053,0.47612465869194687,0.43107374821046957
JO,18,0.48184529046190644,0.44502058924629445,0.49802147170995253,0.453158144614418
JO,19,0.5007000270465953,0.4649026050554573,0.5210597055022714,0.4758167809798532
JO,20,0.5190746687304161,0.48016110594969424,0.5345138244140671,0.48673640680698477
JO,21,0.5382998294353397,0.49030129728724225,0.5381149036056907,0.4870988161412543
JO,22,0.5389482611452484,0.4817440245203291,0.5217615715858661,0.4703960453604773
JO,23,0.5085874844627206,0.45375428440477544,0.4896608741365917,0.4410270235883878
JP,0,0.575555853400475,0.5290538794387011,0.5562491366379466,0.5191509792628677
JP,1,0.41435237946132714,0.3970145890404195,0.4385774335676079,0.40983426696988384
JP,2,0.29275525965368665,0.2834143003989594,0.3257465534326568,0.3031038033801715
JP,3,0.22162661118077928,0.21629555865651715,0.25742717698531126,0.2344921775474594
JP,4,0.19626838091900825,0.19458196092212998,0.24801352907722043,0.22568541674761283
JP,5,0.23356771574608917,0.22903440600494465,0.26754699075520777,0.24414673034108952
JP,6,0.32612135902005157,0.28830060455173767,0.3035551761094876,0.2763519679202238
JP,7,0.41721506629877847,0.3465713525474216,0.3558928028494079,0.3256664484987814
JP,8,0.46449703715661367,0.40456858788652916,0.4179776268128492,0.3862029955865462
JP,9,0.4888449151573532,0.45418607642872294,0.4800337671343493,0.44552511180116405
JP,10,0.5170605169330251,0.49626582267188446,0.5346047645140117,0.49843664912913715
JP,11,0.5277780710063358,0.5161287527735802,0.5688896848222391,0.532751043280421
JP,12,0.598015998045217,0.5569253507487378,0.5833457121057829,0.5490403790607336
JP,13,0.5531797907939869,0.5346118570406143,0.5715524673559924,0.5407976751650189
JP,14,0.5514070616791575,0.5224767969380902,0.5522160133137206,0.5243644039854076
JP,15,0.5732371515894298,0.5188615445805019,0.5374569973579085,0.5053513588994355
JP,16,0.5818660414397183,0.526221874600162,0.5454948501865896,0.5101153820670802
JP,17,0.5993972294166492,0.5609755770041941,0.5847855897249854,0.5517346784467883
JP,18,0.6088065374067272,0.5945044263310637,0.639115749598451,0.6055622849745596
JP,19,0.6276952864699735,0.6213972638286234,0.6891298984172504,0.6508891321137501
JP,20,0.6996700383796817,0.6785774370631167,0.7264168499270703,0.6831948275621259
JP,21,0.751588924986162,0.7006393159910893,0.7343471457622212,0.6873574023731909
JP,22,0.7606350695694015,0.6830530721115435,0.7101985907855736,0.6635897143668805
JP,23,0.6994954720860115,0.627875249915955,0.6520632605617974,0.608190827994909
KE,0,0.23334325760402608,0.22675241246030547,0.2674845491179822,0.24618035368813204
KE,1,0.1731528632013836,0.16640125412468865,0.1956686338286866,0.1800310397864626
KE,2,0.14076210173270234,0.13273989722965046,0.1532928145501666,0.13987027460399787
KE,3,0.12770118909472594,0.12103123134138574,0.14086621117518272,0.1286723639787
KE,4,0.1405720572813454,0.13386062389329773,0.15408583536960413,0.14138482791656884
KE,5,0.19497141748135696,0.17795879167862003,0.19128432228007158,0.1764271659053261
KE,6,0.2720131037696702,0.2422586597603288,0.2544323066091982,0.2371840935603848
KE,7,0.3479359981363528,0.31213051922761825,0.3291941614299876,0.3071185155255472
KE,8,0.4079828922078863,0.37202566400160564,0.3965509424032274,0.3682337503959189
KE,9,0.4433502106281669,0.4130952944432136,0.4466067783438996,0.41155001259644036
KE,10,0.4664139217222918,0.4390436784557103,0.4781980895086125,0.43907176616292526
KE,11,0.4777614653160611,0.45209139753315286,0.49367240815820496,0.4551948457333896
KE,12,0.4743877743536842,0.4500974529449235,0.4914945297232647,0.45755488802034583
KE,13,0.49907164341270627,0.45295758435976935,0.4801575177240637,0.44852583470161206
KE,14,0.5103422526234253,0.45363167774357316,0.47692659032793033,0.4418465436899819
KE,15,0.5154917310495433,0.4663120124264343,0.4937735151068645,0.45458959442477764
KE,16,0.5155121908782235,0.48079528052720866,0.5199695895855879,0.47852660982720757
KE,17,0.5198270382681728,0.4925960572586492,0.5496547106393908,0.5074426406736211
KE,18,0.5472232378773612,0.5185390892491437,0.5762680303770058,0.5324317446818254
KE,19,0.5791775575595384,0.5365397057347965,0.5802308468929777,0.5336992087884656
KE,20,0.5729303416281062,0.5189761048092797,0.5544926018244004,0.5055978106249023
KE,21,0.5489611339697775,0.4750997612298459,0.5029830652316776,0.4550379203508616
KE,22,0.4636220204579852,0.4062572303663868,0.4331913008854975,0.3909948061700407
KE,23,0.3429205437053623,0.3189000062566122,0.35494859286637,0.32292477524876395
KH,0,0.6117192184356338,0.5783031287575938,0.6140100913977569,0.5771913024424264
KH,1,0.5370128412427613,0.5105833890422383,0.5462031565272695,0.508794625217907
KH,2,0.4850382032703388,0.4598920659676919,0.49411801936206645,0.45974844006118465
KH,3,0.4443231854289131,0.4223888112937577,0.45556654060000823,0.4279944663517476
KH,4,0.4191030837303532,0.4006570710196461,0.43416298854711055,0.41373621847141095
KH,5,0.42230469119557856,0.40027071026998085,0.4315024582281646,0.4144384823671019
KH,6,0.4620432822470872,0.4302185028816969,0.4563864224699316,0.4374151451449057
KH,7,0.5155490085225889,0.47738316159425764,0.5018442531595265,0.4754390869527736
KH,8,0.5837251971971351,0.5360717780375668,0.5603114063737744,0.526894780475429
KH,9,0.6315377539825919,0.5902381005307771,0.6183305083843207,0.5799182025065485
KH,10,0.6571602296685386,0.6317585392437315,0.6704450744313343,0.6317475835669321
KH,11,0.6840135053367059,0.6613647219983168,0.7043458177214789,0.6681595844491571
KH,12,0.7021747359030293,0.6772270444004603,0.7204240957906084,0.6850035416309945
KH,13,0.721056498300876,0.6827604040692017,0.7185184002185754,0.6803855182833463
KH,14,0.7314620214326255,0.6796874770013432,0.7098457140754372,0.669967059810311
KH,15,0.7328605147425337,0.6796031092898419,0.7085593686001386,0.668505560897794
KH,16,0.7204699799887755,0.6788826693637514,0.7143353367939397,0.6748247584287962
KH,17,0.7050791132399667,0.6764174807892235,0.7206780718043291,0.6823213409036186
KH,18,0.7146361348276562,0.6865662380675065,0.7345387864883859,0.6969644552362838
KH,19,0.7314423980291561,0.699522238621842,0.7460247429857586,0.7059238296565615
KH,20,0.7542977454198495,0.7147555534871393,0.7571881936925713,0.7137475658420835
KH,21,0.7736121138257771,0.7222164073528623,0.7568932321418949,0.7116987284027467
KH,22,0.7542407908311258,0.6985934775560946,0.730902617687114,0.688565900405472
KH,23,0.6910751092090007,0.6466509551674626,0.6808020585271035,0.6426268582984523
KR,0,0.4969366730124857,0.4574562189401701,0.4863856744154343,0.45498194734327024
KR,1,0.3694013248364373,0.3503809977820716,0.38845758386704426,0.361203679973218
KR,2,0.2755530980813503,0.26497529155524396,0.3060319463376211,0.27782551985509163
KR,3,0.21869898100351712,0.2137680907911281,0.2574714057299218,0.2320673584128928
KR,4,0.20376847121412553,0.200432399009799,0.23922639887990882,0.21838814001938625
KR,5,0.23513233420563165,0.22559490861493667,0.25522779624372255,0.234877918766283
KR,6,0.3042104674608962,0.27649419471186143,0.2987480676605897,0.27553601473297673
KR,7,0.3962459361491509,0.3484357841392967,0.36476553034548975,0.33594986872347615
KR,8,0.4869757153920852,0.4205784111459917,0.43781335990311754,0.4029887579420901
KR,9,0.5421077181104383,0.48463512549293714,0.5066690026003086,0.46824042938168453
KR,10,0.5577864606878349,0.5286631943829827,0.5595939552404039,0.5210477634923971
KR,11,0.5463703419023531,0.5386968953102875,0.5977705270178021,0.5611708689258219
KR,12,0.5821159303203993,0.56735378175434,0.6130771437488479,0.5802669047082047
KR,13,0.6051773011539006,0.5793905623718945,0.6141187063716075,0.5826167429913599
KR,14,0.6220027091061694,0.5756980313004673,0.6009947840669719,0.5645320149941583
KR,15,0.6325515822185901,0.5666136167376651,0.5877074960753532,0.5483748818281845
KR,16,0.6282237251003128,0.5681911398797016,0.5893210923525952,0.5549504254477647
KR,17,0.6049428484925558,0.5808229880641564,0.6156748178568717,0.5836422010100621
KR,18,0.6144914731023052,0.6015700160630323,0.6516723645978343,0.6178334238894053
KR,19,0.6506066901062267,0.6332097448115032,0.6837417402869382,0.646082312330225
KR,20,0.6721912247823688,0.6469309380826906,0.693623026350555,0.6513892822751322
KR,21,0.696234787035544,0.6472377119890197,0.6826091813906933,0.6381971319666631
KR,22,0.6876471565549651,0.6204343847556902,0.6462285816256821,0.6024890079663389
KR,23,0.6248728240686356,0.5559411975652232,0.5773155911329598,0.5388530282760062
KW,0,0.6738902824282401,0.6250200530758454,0.6544661251539684,0.6141992352785218
KW,1,0.5891459711753689,0.5438754325202483,0.5781731761768598,0.5401205064685277
KW,2,0.49407069610007565,0.45372705721511974,0.496094425514946,0.4602841888929329
KW,3,0.4070619595220478,0.37204779316656134,0.4192845581902325,0.38517743247465913
KW,4,0.35017500559218817,0.31672186251687173,0.3577140730554588,0.3263436944174271
KW,5,0.32399095271233413,0.2932469982847789,0.3266508664245671,0.29637031113747647
KW,6,0.322070759100043,0.29814153232929824,0.3257342075806303,0.29596147015719476
KW,7,0.34825393018608997,0.3206201052278146,0.3467307009019044,0.3174211688504264
KW,8,0.39519009327396554,0.3578532427978886,0.3834979923892798,0.35500237284223685
KW,9,0.44260597972372406,0.40100016264162464,0.42935806705469864,0.39814826230468886
KW,10,0.4871189019343314,0.44957685317017954,0.4830200294740517,0.44736088834819926
KW,11,0.5258712668954364,0.4961841856688064,0.5389938355684356,0.5008168546553939
KW,12,0.5627939973721058,0.5359699573744839,0.5836515853425631,0.5441453227961413
KW,13,0.6033796193748644,0.5705852027999324,0.6117793661339253,0.5706209028606435
KW,14,0.6333705313416698,0.5895223468145596,0.6284379993086091,0.5844073911170329
KW,15,0.6429758319318066,0.59548231141202,0.6339444409060482,0.5883209625770829
KW,16,0.6568781089454869,0.6012667980959583,0.6351292217065095,0.5925884477119787
KW,17,0.6539154774844718,0.6085803038809066,0.6469442417166718,0.6078490424732292
KW,18,0.6670551729707171,0.633498692488708,0.6731142089397474,0.6362808205886711
KW,19,0.6957693044548009,0.666543928514472,0.7087579962119601,0.6733746634349824
KW,20,0.7178890284663141,0.6895805056332798,0.7361252298239802,0.6996655287754994
KW,21,0.7345358629742849,0.7033475554182579,0.7456091350132551,0.7050274967093921
KW,22,0.7399026518054891,0.7022670625357548,0.7393853865750734,0.6960826291503659
KW,23,0.7233589499658968,0.6770506005614171,0.7086734665683795,0.6661409501220839
KZ,0,0.5461727922107806,0.4530961227143257,0.5001971525180542,0.4317383936884761
KZ,1,0.4261271707893464,0.36996849478017246,0.4177798965492886,0.35932709951687014
KZ,2,0.3125597917120074,0.2891157560229254,0.3441726320146891,0.2997460934113706
KZ,3,0.22204924547110944,0.21127142160829893,0.2683896374401282,0.23740121283052076
KZ,4,0.16625846624092921,0.15892266166179073,0.2068299670014094,0.18280380754027228
KZ,5,0.14981187902943735,0.13863098990752007,0.17304193524471556,0.1520786503593596
KZ,6,0.17190783764707945,0.1541696007784241,0.18029673734802426,0.15736206299863145
KZ,7,0.23471013305320165,0.20416935255920288,0.23033541033167237,0.20333100397610668
KZ,8,0.3363484064707286,0.2781100550982202,0.30874455210922896,0.2757485833224049
KZ,9,0.42411317779988966,0.3592944644847054,0.3999821858115665,0.3564373072107611
KZ,10,0.4826857107038216,0.42544047037811306,0.4794487674167026,0.42496132444369794
KZ,11,0.5259086570422925,0.4698198168035585,0.5309244190254886,0.47074265500275736
KZ,12,0.5494908479749826,0.4965126353299486,0.5603092659110269,0.49604549416262866
KZ,13,0.555585228866853,0.5063216008124026,0.5755593503777418,0.5081848393015526
KZ,14,0.5872233584440162,0.5241269600485581,0.5873702372246066,0.5200489125015427
KZ,15,0.5992913261654162,0.5279527108417307,0.586009800502979,0.5238377610345125
KZ,16,0.6023824564354349,0.5198410485526597,0.5731806038014804,0.5117967716374745
KZ,17,0.5916952056770016,0.511509657340537,0.5667337879842202,0.5025823788990107
KZ,18,0.5870877845527493,0.5228794841813976,0.586374108127504,0.5202680088891525
KZ,19,0.6082275011675352,0.5560411739666296,0.6320644158342474,0.5635771083305463
KZ,20,0.6412462663470339,0.5889746580403282,0.6710126252169982,0.5978614811052542
KZ,21,0.6685548080510186,0.6027655548831855,0.6820649242948202,0.6033532775228643
KZ,22,0.671599780671827,0.5842089746209461,0.6510746111949576,0.5725510019629768
KZ,23,0.6326386832278507,0.5261848716634884,0.5817794924707899,0.5075433074303238
LC,0,0.39406703295295764,0.3750184926455756,0.4143491423605703,0.37744447670343145
LC,1,0.2869076028864146,0.27602932799225677,0.3261808988025933,0.29264605332924654
LC,2,0.21415713449432108,0.2074159298955622,0.2621193991442632,0.23327543659582686
LC,3,0.1770189483657789,0.1733587438618448,0.22063581506185345,0.19593925959543132
LC,4,0.17722082986167673,0.17370801545738573,0.21589303294414108,0.1927338903375024
LC,5,0.24231700068715845,0.22953651519461768,0.2621831390684428,0.23818140077570746
LC,6,0.3656876665776529,0.32624326937926995,0.3376609450641463,0.3119146835295353
LC,7,0.45212457013590607,0.4103726236400769,0.4244509572242271,0.39541816685010933
LC,8,0.534779462476232,0.48978114109825205,0.508859832015649,0.4775620741596306
LC,9,0.5899453138797623,0.5487715571342724,0.5779393386176541,0.5451166961646746
LC,10,0.6138983234893498,0.5849686837771388,0.6219928350859605,0.5885314681848693
LC,11,0.6174260065511517,0.5937327707773057,0.6398660012108586,0.6056394369192992
LC,12,0.6013343877566076,0.5782851470027186,0.6305596428665612,0.5940680137855762
LC,13,0.6002974061094543,0.5650851783053247,0.5989486764551978,0.5600982402978004
LC,14,0.609922027321342,0.559439710549304,0.586370494490856,0.5466559262447256
LC,15,0.6155062028182607,0.566668928118352,0.594492081552709,0.5544398091273239
LC,16,0.6207521353788692,0.5705392623114696,0.6037874906248181,0.5640009357095059
LC,17,0.5982331440342653,0.5640202463703872,0.610564422415415,0.5711900635216841
LC,18,0.6007893939929548,0.5728443242536254,0.6281607740497936,0.587212695189769
LC,19,0.6424167063137624,0.6031321813738544,0.6483297697202722,0.6048957415373655
LC,20,0.6766902120173534,0.619837556515233,0.6554236634377639,0.6108901383344166
LC,21,0.6928481681149928,0.6123978541778441,0.6329564656622106,0.5892815800853656
LC,22,0.6372499027142134,0.5586355637286791,0.5755434763421883,0.5343936956315589
LC,23,0.520271251712127,0.4774960298750692,0.5045925364244147,0.46578917082506255
LK,0,0.4585370984232962,0.4306655373457018,0.46335201974090495,0.4226891414192303
LK,1,0.3118534652274706,0.3061232083434372,0.3603214095655963,0.3266960019147816
LK,2,0.22107665761075088,0.21842874180221816,0.27655484140380426,0.2533406676809908
LK,3,0.17603242441040798,0.17363597774680153,0.22308285475833686,0.2070652554760294
LK,4,0.18590788718594015,0.18219494424347038,0.2184470125747699,0.20471633959290422
LK,5,0.26246592245458383,0.24827798074696408,0.2702069351062796,0.25253212917826123
LK,6,0.3822701518646425,0.3475195633728071,0.36144139746220716,0.3356664941631979
LK,7,0.4908314626494507,0.44972131497972306,0.4682976510051296,0.43463107193271716
LK,8,0.6121215935739563,0.5547760196677157,0.5795747564693675,0.5412612252497451
LK,9,0.6994391019932307,0.6436207785098274,0.676964313353351,0.635175943066346
LK,10,0.7397420098196662,0.698926816790071,0.7449726980921397,0.7006384074004792
LK,11,0.7514565317523944,0.7191359789434558,0.7716485912571407,0.7263305856169007
LK,12,0.7288273791228455,0.7063787806949509,0.7651652849560937,0.7182492732160095
LK,13,0.7269550868034972,0.6889020511076728,0.7307342419575659,0.6823664005447501
LK,14,0.7384470357783528,0.666094494669358,0.6967016939744481,0.6488590143638666
LK,15,0.7254698380645929,0.6437027329307227,0.6690002364515095,0.6250284774286989
LK,16,0.6809744965232454,0.6314300060550793,0.661608917834961,0.6241437342186982
LK,17,0.6462768834369667,0.6293760187056324,0.6825191480813425,0.6475191676163167
LK,18,0.6899033933040231,0.6702929271274352,0.722991777464763,0.6838868281396075
LK,19,0.7317364562155009,0.7072810197045867,0.7549831756631546,0.7112831260121816
LK,20,0.7419623194904672,0.714007704365597,0.7611514371135186,0.7151767273777948
LK,21,0.7634636305415698,0.7026738866217774,0.7324435825131183,0.6856391434736936
LK,22,0.7393354233832252,0.6456053612755341,0.6655943240411736,0.6197348001466403
LK,23,0.6221482731655308,0.5502543338909306,0.5694762219549295,0.5263962244116309
LY,0,0.4903886941604482,0.44249334514416894,0.46181747936023887,0.4277090959822303
LY,1,0.4548760593732178,0.4025343822331644,0.422341017469927,0.38677023222424206
LY,2,0.3857811925674113,0.3419505439662962,0.36836484463180563,0.3339724225385248
LY,3,0.3004415502048959,0.2695330778631648,0.3121443101799937,0.28018028479032653
LY,4,0.24020153946392778,0.21962028967640912,0.26702664039663887,0.23848192797965284
LY,5,0.21088114769149224,0.19616167455966702,0.23015374875404596,0.20569287205272216
LY,6,0.20827813358701955,0.19171640429313236,0.21250327576919278,0.1910889100402323
LY,7,0.2243062287810265,0.20684886003618766,0.22187577415127788,0.20225761820713606
LY,8,0.2538881191982401,0.2310663070080956,0.24550304456102523,0.22606629197497735
LY,9,0.2823588577667188,0.25823330196227484,0.2747257445895962,0.2550014930346642
LY,10,0.30965301578394394,0.2896201347117628,0.3112511207486124,0.2902279701742828
LY,11,0.34208643869324684,0.3235512498056322,0.34979201679802724,0.3268835848202298
LY,12,0.3647591668027672,0.3473924766592263,0.38471782748212835,0.3585911582843792
LY,13,0.40029937165470825,0.3760740787141673,0.4059506601833785,0.3767250718747955
LY,14,0.42794704918283927,0.3876195429510851,0.41101084002467375,0.38027796371982076
LY,15,0.4306477743436287,0.39113507028451866,0.4114803442883408,0.3811860759056933
LY,16,0.41190760973848295,0.38597616947641306,0.4116034772665884,0.3830914804378973
LY,17,0.4140006838958735,0.3886885706497991,0.41560196061280696,0.38881494605258216
LY,18,0.41980641508179123,0.3948564636830587,0.4224457735019427,0.3963955174771369
LY,19,0.4311699637696331,0.410032886153421,0.44372530903747054,0.41617978418668633
LY,20,0.4573285665607377,0.4337160902979711,0.4695059904133114,0.4399863380855525
LY,21,0.4733312532188329,0.44844228697254945,0.48759115117861856,0.457207925644756
LY,22,0.48832006716899823,0.4601835752004385,0.49345979710589927,0.46310431283154024
LY,23,0.4973584246998437,0.4620839035056789,0.4854251748841841,0.4536374074882205
MA,0,0.3345962084308846,0.2883941081566552,0.30303896641813044,0.27348167424116065
MA,1,0.2540504993859262,0.2205189773240964,0.24361552736981232,0.21940582556260982
MA,2,0.1807656933483572,0.16083931204525811,0.19351815837680508,0.17252540716327913
MA,3,0.1260337416009482,0.11544118170336735,0.1553057391557437,0.13545825329420996
MA,4,0.09707816644805738,0.08950621149538308,0.12033023104541082,0.1007635436436871
MA,5,0.09274909512452559,0.08207998853687726,0.10034314874610417,0.0822733026952852
MA,6,0.10687313870111512,0.09662383979752615,0.1104435384596266,0.09389414040450922
MA,7,0.14279963705762277,0.13037006036763288,0.14657267161609067,0.1292156369521056
MA,8,0.20195662252488783,0.18126540307678501,0.20105990372731702,0.181507158724342
MA,9,0.25376146653601594,0.23401445931885814,0.25777416723759256,0.23754296808820527
MA,10,0.30417104864696426,0.2822474524808851,0.3052751045981034,0.2840213221638592
MA,11,0.34457311845910843,0.3204595447603813,0.34363806941440905,0.3193133239304848
MA,12,0.3621043757063546,0.3404450566749158,0.3692554728365986,0.3427725512779269
MA,13,0.38784600577792877,0.3598381058351504,0.38432356168203163,0.35814584097641683
MA,14,0.42103995035411257,0.3842653329561439,0.4015270060337987,0.3749353597895016
MA,15,0.423183210902789,0.39190788798610904,0.415855518669642,0.3872556928095401
MA,16,0.41350576952515217,0.38585460661482707,0.418326353416993,0.38700927140561725
MA,17,0.4069000473504953,0.37896609279657884,0.41572123079558093,0.38222237637598844
MA,18,0.40778396788879995,0.38112467751125667,0.4276696699459812,0.39188913251189644
MA,19,0.4430344530102967,0.4092407183814585,0.45178375193609316,0.4135881038311032
MA,20,0.4659076714736676,0.42664864071154934,0.46522679361887265,0.4267633764368956
MA,21,0.4597799006120796,0.4193323497634564,0.45414628310717825,0.41698304016460425
MA,22,0.43759437697850867,0.3948497494457641,0.41912369292615315,0.38322514274541297
MA,23,0.4022645175982089,0.3523173254711928,0.36647812230873694,0.3323586380234677
MG,0,0.21842253990229502,0.20986266269648654,0.23568661196222992,0.22244395776970427
MG,1,0.1456419234707858,0.1406089577790465,0.16317661394669383,0.15544099775383033
MG,2,0.1109353191922188,0.10470293949605385,0.12132432698398936,0.11471781341156523
MG,3,0.09924402951390947,0.0946212337087067,0.11417156403449495,0.10509795140063402
MG,4,0.108748791513534,0.10579524395834086,0.13265995266713673,0.11893230558642676
MG,5,0.15637783045312237,0.14942927336043707,0.17307451805801782,0.15468138073218093
MG,6,0.23648489800435288,0.22443638366445817,0.24555767023595984,0.22430618433156324
MG,7,0.34915003357768176,0.3294185708243822,0.35502492859314944,0.32519452941184857
MG,8,0.5084820743250452,0.44170061149479806,0.4773106688365923,0.4322001830277384
MG,9,0.6098755968680195,0.5269850326414351,0.5810839568649383,0.5202589744602516
MG,10,0.6736271347197237,0.5850197952402091,0.6507143165070345,0.577197699440692
MG,11,0.6991614543099842,0.610043744059556,0.6783803985734606,0.5997766657326381
MG,12,0.6215548413870717,0.5891194963679958,0.6782728684420015,0.6018127235139054
MG,13,0.6157945458243048,0.578900243323171,0.6609595526292653,0.5898050618298536
MG,14,0.6759906337184598,0.5855397386448499,0.647215665690547,0.5778584722870127
MG,15,0.6827959610726554,0.5806998711568666,0.6370293424377823,0.5687734976535735
MG,16,0.6544812124602873,0.5724474138470714,0.6248392714015369,0.562004243400788
MG,17,0.5925638499368536,0.553938184379574,0.6069369419383897,0.5559180899639269
MG,18,0.5749064712470666,0.5466789880227134,0.594207689027387,0.5532962884155268
MG,19,0.5604719843512477,0.5371492244708873,0.5815968224678528,0.5443299509137459
MG,20,0.5557989554269286,0.5216520556490317,0.552187128033062,0.5160605562621546
MG,21,0.5191361646952668,0.4766619910392231,0.49657071346562187,0.46215395816081817
MG,22,0.44500578473127955,0.39925855700864876,0.41529610789948385,0.3852890539083691
MG,23,0.3312872392370614,0.3036274284880439,0.32266163924252783,0.30074710195323856
MM,0,0.2821949549498476,0.27085905170407093,0.3018306713069609,0.278124205044191
MM,1,0.21602006885318237,0.20588827495602052,0.23038577026101867,0.21035214823803358
MM,2,0.1705383375337071,0.16085543420426593,0.18090986279113158,0.16519793032417623
MM,3,0.1401757995677587,0.1349484838577562,0.15818915645817364,0.14738389436636282
MM,4,0.1322393508807681,0.1274956206656056,0.14903161035236673,0.14053904019752672
MM,5,0.1628674581032668,0.1490312165503123,0.15922678697854775,0.14909437089177097
MM,6,0.2134558852041323,0.1867314145530401,0.19382881172773764,0.17891294839794522
MM,7,0.2555386861881134,0.23158154848856363,0.24426212121570948,0.2254480928910246
MM,8,0.3037708396422506,0.28278339639478417,0.30092041921764073,0.2795550679446039
MM,9,0.3476429894324731,0.32896911816940066,0.35443442862835384,0.33060238683827836
MM,10,0.3783198810264177,0.36051973383670405,0.39312299877037393,0.36762351907977986
MM,11,0.4020245215094621,0.3802807664569913,0.41305759987417284,0.3866852745667356
MM,12,0.42235986447253226,0.3903488869356134,0.41277820090615963,0.38556350869218625
MM,13,0.41955178722821646,0.38210968628663095,0.4006405461531252,0.3727228771479788
MM,14,0.4138267079988414,0.3718072621830495,0.38779390907962696,0.35894673316670633
MM,15,0.41055259989944864,0.3731726159284437,0.3927499430703879,0.36396095946407475
MM,16,0.3887582104380587,0.37296602139724516,0.4111204457076725,0.38214563783211536
MM,17,0.39988355688257604,0.38693501008714026,0.4427379430614891,0.4105926550510151
MM,18,0.45936625451573476,0.434414707959226,0.47543157769893335,0.439753666394959
MM,19,0.5159611072999203,0.47257488142894416,0.5026020671771673,0.46531360531752475
MM,20,0.542258269043799,0.4890593138132027,0.5138792045629244,0.47614489613965616
MM,21,0.5281082109498039,0.4738552110518706,0.4952238958204741,0.45933160341610346
MM,22,0.4659053367403051,0.4258137932105317,0.449155630314761,0.4169250772311143
MM,23,0.37241849955251627,0.3508109560374959,0.38042557677822453,0.35289230752304623
MN,0,0.4488428861962202,0.40854610216149395,0.4402605493221452,0.4038916599682987
MN,1,0.3190043714880769,0.2964376769099896,0.33606532095264446,0.30102100347993666
MN,2,0.22394884063814374,0.21177834441050197,0.25134835969422403,0.22210294032913533
MN,3,0.16233475791564403,0.15654174864558418,0.19029656743935694,0.1705405639111333
MN,4,0.13116891957624224,0.12707191665756526,0.15994202210449066,0.14800189194424082
MN,5,0.143308953578775,0.13673158597153903,0.16556752057178345,0.15180147192613838
MN,6,0.20232501261254077,0.1874503516895925,0.21595785895395875,0.19292859380445873
MN,7,0.3248415713936471,0.27941949905929053,0.3051679743597502,0.27147172685640175
MN,8,0.4512957533145891,0.3802347208494846,0.409712749391144,0.3665530164101221
MN,9,0.5372741108224948,0.4728604152412197,0.5084420401642975,0.460241093560648
MN,10,0.586417718471592,0.5427481262983012,0.5871714446721428,0.5387782833304747
MN,11,0.5965964590864054,0.5756145530583077,0.6325821390740389,0.587707097510231
MN,12,0.6132273065646843,0.5938391666904697,0.6536591382893496,0.6098443524197382
MN,13,0.6583801284986007,0.6123354096398084,0.6538611531152224,0.6076209008801755
MN,14,0.6746950732326895,0.6099087965738225,0.6427698493728254,0.595579510713879
MN,15,0.6702816349831993,0.6035189988227936,0.6305178877555021,0.5874163582786673
MN,16,0.6438608211119655,0.5939808124892462,0.6257287841111847,0.5881957955758457
MN,17,0.6296212365025547,0.5966351593087743,0.6336328572246831,0.5985984002980391
MN,18,0.6453226973349929,0.6222292424810871,0.6711657907752302,0.6330238155447597
MN,19,0.6738450635527177,0.6505065633966164,0.7077759065940856,0.6641154524061906
MN,20,0.7036250515786265,0.6713647424295452,0.7218217810577416,0.6748622370930337
MN,21,0.7183470219189197,0.6668460098049006,0.7023608869776572,0.6555777079258754
MN,22,0.684885378956463,0.6162663190361846,0.6413111894137379,0.5987540908499771
MN,23,0.5919731151012677,0.5261767475977852,0.5483041130438581,0.5104150442065042
MR,0,0.20807537923188346,0.17487459683670134,0.18630185806500377,0.16622371443396697
MR,1,0.16349672858013362,0.13991486244769097,0.1544722117543719,0.13665995826250274
MR,2,0.11795305642150222,0.1061829903748815,0.12605031635137143,0.11003515465177964
MR,3,0.08441684139660387,0.07770047003297077,0.098762617425481,0.08445585840634988
MR,4,0.06281631532799031,0.05780616535485083,0.07955332747439978,0.06746117566772125
MR,5,0.06739922167781412,0.06351636192276111,0.07903633818428471,0.0686645404596791
MR,6,0.087164812395955,0.081947366169196,0.09218658580991744,0.08233621993087563
MR,7,0.11152336638446679,0.10292578854552419,0.11317418711658966,0.1031207136083383
MR,8,0.1386109887437188,0.12696547125400204,0.13812329237592547,0.12678111345809817
MR,9,0.16353826452958228,0.14943610089387213,0.16226370299026616,0.14913845653467736
MR,10,0.18825330647437202,0.17088816418378247,0.18519901315830767,0.1698920491824024
MR,11,0.20859345622661193,0.18928646037013971,0.2033528463766385,0.18610183629375612
MR,12,0.2250964977454679,0.20281617154903467,0.21750585386163857,0.1989951969031196
MR,13,0.2188592154410958,0.20386378952479295,0.2302859855893265,0.21038072715107314
MR,14,0.23787617215681883,0.2159643598709951,0.23836480413493544,0.21672598110241625
MR,15,0.25058927490147925,0.22313950691882176,0.24250346746558452,0.21903410111788563
MR,16,0.2382581524607407,0.21796581644286941,0.24213976173613994,0.21716439632273943
MR,17,0.24531654225413993,0.22778759213908434,0.2537862073125144,0.22732689384788057
MR,18,0.26702222311270934,0.23814652200012038,0.2694099278866056,0.2423495503764852
MR,19,0.2976697788820303,0.25392504169099545,0.27728618665746224,0.25098902402709494
MR,20,0.26772054583096394,0.24432916702470492,0.2723273687654634,0.24711551531107148
MR,21,0.24708560528088283,0.23358709229138347,0.260914076294074,0.23655364653672253
MR,22,0.24471902713174187,0.22190857642517045,0.24154620837271193,0.2179344161239908
MR,23,0.23845780205366413,0.20427077267676053,0.21596642948335668,0.1937089672304785
MU,0,0.43180622234089105,0.4034113082561055,0.4349582848102287,0.39819931607296416
MU,1,0.3016941988092521,0.29148433264753,0.3386145242727302,0.31082000504211194
MU,2,0.20664224555509653,0.20026580215347003,0.24765594717171635,0.22690968450420682
MU,3,0.15706711786088956,0.15138294377581588,0.18863536931172975,0.17272134151239066
MU,4,0.14691756619677074,0.14212927620901253,0.17593664618938337,0.1607674688829372
MU,5,0.19349800083900048,0.18154100032771542,0.20223327009011252,0.18249036572260519
MU,6,0.2771310108498398,0.24329791916170757,0.2548418248896883,0.2306587198521809
MU,7,0.35995940137730403,0.32291626102006515,0.33710386389787694,0.31050561005352445
MU,8,0.45760558700884857,0.41510292063329457,0.4368087506091579,0.4050086445518004
MU,9,0.5534475410256792,0.49831875297519546,0.5340168499099449,0.4943393719698168
MU,10,0.6008923522679308,0.5539709335380651,0.6053386733907303,0.5570207758136101
MU,11,0.6220323660122775,0.5817981479062825,0.6421805241627452,0.5888452301200499
MU,12,0.6027552699694022,0.5809922665181371,0.6502798753117587,0.5966065041246341
MU,13,0.6299744980342733,0.5883895304151013,0.6413953571385456,0.5898419056105986
MU,14,0.6536062513010408,0.5827127154841556,0.6189155021665954,0.5691991920754413
MU,15,0.6540028985246572,0.5706403557924631,0.597993421312034,0.550945418570538
MU,16,0.633282900360861,0.5650321151331905,0.5931572610365878,0.5479259012894392
MU,17,0.595440161315687,0.5646712904774439,0.6077688867248171,0.5625844412485224
MU,18,0.5958004814512708,0.5752847669215108,0.63608624378594,0.5917437381762303
MU,19,0.6090553475957372,0.5926908297802745,0.6642698597087108,0.6198371841629152
MU,20,0.6547118018020137,0.6251001484055915,0.6801369925515459,0.6322430965942947
MU,21,0.7056532398393445,0.6336268315493031,0.6648407364631602,0.6140926266092063
MU,22,0.6784852164293951,0.5869651578048272,0.6109062893601174,0.5608710621352156
MU,23,0.5717571436053134,0.5062903719492639,0.5291438661069188,0.48383837414028963
MX,0,0.44209923559936964,0.43044531305664185,0.4668949452327012,0.44319900418651065
MX,1,0.3100560319660359,0.30126741761627024,0.3348322974253521,0.3148454764688119
MX,2,0.22653282341257833,0.2197327059173389,0.24932380892781705,0.23129826718189544
MX,3,0.19000571084634524,0.18734491070219644,0.22176629513293974,0.2036812984051247
MX,4,0.21414886237954875,0.21127015557329193,0.24397273831400132,0.22402893388159484
MX,5,0.3028966949669105,0.2877389576528328,0.30888244012693233,0.2872657418458547
MX,6,0.4344125273458678,0.3916573388791723,0.40294503225949363,0.379749497201164
MX,7,0.5503802398304508,0.5018892227425249,0.5102869044626346,0.48543538187803914
MX,8,0.6369149319319913,0.5978343049223758,0.6117126893606832,0.5858849886718349
MX,9,0.6814565069178865,0.6632521721492429,0.6910405894610522,0.66464561755195
MX,10,0.7166037845678023,0.704604349667378,0.7436336542372951,0.7171645221025778
MX,11,0.7475432540867452,0.7355201403446985,0.7768366310190451,0.750505408166797
MX,12,0.7568148868532334,0.744160151385528,0.7814963594301227,0.755538982152827
MX,13,0.7507065950678746,0.7315913795025607,0.7555698468686457,0.7295447857567366
MX,14,0.7553273986945588,0.7131752870184087,0.7249348075071314,0.6983948518602716
MX,15,0.7677128280387611,0.7086792435656742,0.7187094807058776,0.6910683942476535
MX,16,0.7736349683367719,0.7239685845759639,0.7377119659517497,0.7087872812652116
MX,17,0.7783991340536933,0.7531450937130807,0.7809152853327836,0.7509165744945135
MX,18,0.7852972484339211,0.7709217128461239,0.8196711011991598,0.7886348487925907
MX,19,0.796135347200371,0.7835289760852824,0.8352736817430804,0.8034660940319728
MX,20,0.8106810875326581,0.7899873162890197,0.8270748810120238,0.7949083096626254
MX,21,0.8176853226797175,0.7660664651423087,0.7787030107814862,0.7469319668376336
MX,22,0.7548990764409413,0.6907470178192429,0.6958316242187648,0.6657657750080722
MX,23,0.61217573046042,0.580410001592295,0.5945001569336833,0.5672762171071916
MY,0,0.34970279174540964,0.3109718728591763,0.35047863335544077,0.3091077872634039
MY,1,0.27065156777797594,0.24652778111442647,0.2851573269437045,0.25057183376339276
MY,2,0.21080631370651237,0.19601160368987847,0.23950164901361198,0.21023242317952492
MY,3,0.1730497714015205,0.16428558904988283,0.21573060548867712,0.19090238958952221
MY,4,0.16487262861593918,0.15833361224738018,0.2119654829392573,0.1884068575910855
MY,5,0.19161871936479943,0.17818274209950397,0.2215070227784362,0.19657898732605208
MY,6,0.25045097324657406,0.21916840160966283,0.2468857207797196,0.21775343308044517
MY,7,0.31822109397352794,0.2652687084238059,0.2930282067326542,0.25598326826051304
MY,8,0.38117676042850646,0.31445984904733787,0.348935646938432,0.30312584885351757
MY,9,0.4161400713005421,0.3561358928778283,0.39953322117492823,0.3478462324797063
MY,10,0.4359731579700174,0.3830972001340166,0.43567669521894115,0.3804159128365432
MY,11,0.4429668924223572,0.3991948316308951,0.4570942391373549,0.40068219909749586
MY,12,0.4352692545427349,0.400895697789392,0.4637631149703224,0.4085829761953343
MY,13,0.46522608487017414,0.4101946210472242,0.4561594143901031,0.4025773463517336
MY,14,0.48214435829320695,0.4104286214228111,0.44809468888285253,0.397645882255633
MY,15,0.4793838980425405,0.4131163184810688,0.45288219122061796,0.4048692859787583
MY,16,0.452496081107663,0.41332903483968264,0.4713605665071872,0.42265862453577674
MY,17,0.4874897252045388,0.44475341930396656,0.49327362100654615,0.44039009754304853
MY,18,0.522732863999902,0.46508701027606497,0.5150421754045481,0.45684998102326674
MY,19,0.5417352039108275,0.4759879596496205,0.5256878975169924,0.46413286902370243
MY,20,0.5552816065471822,0.47984499750663107,0.5280016196584808,0.4658390494046707
MY,21,0.5205423101139944,0.453911412878079,0.5117311287526014,0.4503893430740808
MY,22,0.48169446124513854,0.41971484565439693,0.47586809658161583,0.41922855147468546
MY,23,0.43712986081638644,0.3760176338278527,0.41939748525494597,0.37014847727869277
NE,0,0.14037876210982608,0.1276444130927248,0.13903703938700387,0.12498539997607744
NE,1,0.0945490700176042,0.08770536169293087,0.10232955488626497,0.09046110492583942
NE,2,0.05805021514299601,0.054932981902055845,0.07367762301975343,0.0634533257700475
NE,3,0.03752179084528661,0.03570412566594877,0.05787967120269424,0.04867227952958279
NE,4,0.038999363644070195,0.03676890929484452,0.05488723598029519,0.046335096560536936
NE,5,0.07100520132793893,0.05969845070526649,0.06453925624310405,0.05586101239833559
NE,6,0.08962887947281455,0.07877655214088404,0.08652020028275943,0.07673059259233544
NE,7,0.12112878798440928,0.10686528000033792,0.11521877040001527,0.10348531760014527
NE,8,0.15152227880287691,0.1342996079780139,0.14391221384927458,0.13046339636280202
NE,9,0.16691791669857017,0.1535176936229299,0.16784380308146046,0.15277391180183544
NE,10,0.18092522051375062,0.16650833778629195,0.1836483670534899,0.16747749570557863
NE,11,0.18876681014205904,0.1717835461957033,0.1896138519672643,0.17303140338101003
NE,12,0.16598796387839496,0.15729026879460775,0.18502935997058406,0.1684787133672419
NE,13,0.1820930060190923,0.16130824849027678,0.17317923913702427,0.15671928317525222
NE,14,0.18433899183103242,0.15750674435805898,0.16576148998148568,0.14848357067004622
NE,15,0.17547873865874294,0.15380832930856864,0.1669636554367175,0.14852209768067212
NE,16,0.18859544408753176,0.16467778357043847,0.17738244830735198,0.15783380331774552
NE,17,0.17511471944531837,0.1643213787382525,0.1916586805861964,0.1714556533113048
NE,18,0.18352727794546633,0.1750411059185937,0.2088686870243131,0.1876761591525444
NE,19,0.21607591060444267,0.19642574838806884,0.22268747118447468,0.2008350485233286
NE,20,0.2500100394824525,0.21437787470703015,0.22856184139668165,0.20671387616667586
NE,21,0.23889250691907618,0.20926815930700365,0.22331853642852956,0.2022266829278481
NE,22,0.21285226958657893,0.19127245682449412,0.20471819707771485,0.18539025829558578
NE,23,0.1895186070466736,0.16637728267540178,0.17464257832255184,0.15781515796635595
NG,0,0.20506022194935308,0.18617706651177918,0.2063875823734057,0.1908440500310612
NG,1,0.1520681732581188,0.14111141733067578,0.1639121217705095,0.15192374147145224
NG,2,0.1252933473951994,0.12018698916261751,0.1455053311492092,0.1348176187917622
NG,3,0.11874662096646248,0.11666663056533177,0.15216826147824958,0.13933794283346962
NG,4,0.14601505738236317,0.14378626215031887,0.18228774129973968,0.16647718541828868
NG,5,0.23474025179698488,0.22154736005811765,0.24496290940745313,0.225754070174473
NG,6,0.3523514857905815,0.3134406606750002,0.32940330693961406,0.3037187925824677
NG,7,0.4445097246366601,0.39743689530056825,0.4172085389556278,0.3850195199584476
NG,8,0.5032648781395351,0.462457204651157,0.4902646625947688,0.45375921178901424
NG,9,0.5262155799588141,0.49702510615575557,0.5375514454813928,0.49842177294404943
NG,10,0.5399248129791344,0.5116467458303318,0.554698355933251,0.5144875878432303
NG,11,0.5534106261928767,0.517262984572848,0.5517295199289487,0.5135853272820411
NG,12,0.549836317926328,0.5112392805601995,0.5465595344388289,0.5104554532790118
NG,13,0.5629683950066675,0.5191522448620589,0.5516918823883663,0.5153135355823973
NG,14,0.573733116614643,0.5275741879091495,0.5593053801556463,0.5203089335331528
NG,15,0.5787768744734599,0.535936878865868,0.573388486868649,0.5328514226750449
NG,16,0.5885860542088814,0.55040406974292,0.5931742851523358,0.551609230566275
NG,17,0.5893213709398089,0.561609977599319,0.6158309111024792,0.5716257091603807
NG,18,0.613752728364932,0.5756217775753584,0.6204747671880179,0.5739989346150678
NG,19,0.6071032353170099,0.5599531896803033,0.601564110391327,0.5554106936139804
NG,20,0.5784122883320361,0.5219241246172112,0.5534410865326179,0.5104955349912668
NG,21,0.5014111532880808,0.45265815791746006,0.47684613640752227,0.4392793242078113
NG,22,0.3916412422194614,0.35839182852581264,0.3769416950004865,0.3472392670904346
NG,23,0.2876147670211173,0.26167987649658275,0.2794602712200628,0.2581560568821631
NI,0,0.3325131113609788,0.3207316829539325,0.37729203096683317,0.3361123188685902
NI,1,0.21947618443455233,0.21505240085034602,0.28451197257288036,0.2535770359062246
NI,2,0.15098737711081342,0.14698086594981316,0.1998031975425483,0.17893085843942272
NI,3,0.12077342676653714,0.11776200455517923,0.1657164999681549,0.14840284951965932
NI,4,0.132290547056519,0.13008631954232666,0.17600020042976355,0.15650839103654154
NI,5,0.1994752901331371,0.1843373326295983,0.21208774015159831,0.18795179614703322
NI,6,0.2963297304257749,0.2514366620367853,0.27227327810142715,0.24251791565799252
NI,7,0.38602795219440394,0.3296482358122123,0.35378848477130975,0.3186297073799619
NI,8,0.4860580342140319,0.41761245576209655,0.44451577947989684,0.4027122563524845
NI,9,0.5398258114866195,0.4889783057512334,0.5258969366695521,0.47843209184526575
NI,10,0.5706921534527735,0.5364140460996164,0.5842948984415618,0.535357360597194
NI,11,0.5843825486725013,0.5578429372192375,0.6132759589786264,0.5650877436532108
NI,12,0.5703963780572037,0.5569140294371038,0.6259859479550779,0.5767115048613933
NI,13,0.6197518513888166,0.574992976482488,0.6211988338856749,0.570252401799102
NI,14,0.6535497830184509,0.56704284849792,0.6002146519041726,0.5485195554607424
NI,15,0.6431801425085103,0.5533946321609085,0.5836999947287356,0.5330668979901181
NI,16,0.6136413789089186,0.547869328614364,0.5835566769862006,0.5348471148404762
NI,17,0.5818548676796433,0.5490249504123793,0.5993837927699137,0.5511776321085928
NI,18,0.5914988661089277,0.5634603757506781,0.622273088804901,0.5724249234228828
NI,19,0.6063923524021744,0.5773451631254684,0.6393874977195703,0.5847889841829034
NI,20,0.6397482547894257,0.5854170787084163,0.6309505715877414,0.5725750058728895
NI,21,0.6648633448852994,0.5674484593503905,0.6012842943435455,0.5416728372314632
NI,22,0.6268354017195847,0.51481052418397,0.5404371184083578,0.4849852839728947
NI,23,0.4888246326722421,0.43359331673492035,0.46153997427979465,0.41295446547434544
NL,0,0.13247059247882786,0.12429169781857151,0.1424805742778043,0.13139882549521809
NL,1,0.10680274882275369,0.10071418355143762,0.11673795069598895,0.10847722259728751
NL,2,0.09504106344290929,0.08980087903917519,0.10367401884200429,0.0969062167500043
NL,3,0.09666012902016606,0.09216057725754094,0.10574570125640903,0.09889481582751251
NL,4,0.12026078000941565,0.1123055658040453,0.1261547604422843,0.11781058785847134
NL,5,0.17031870782585323,0.15484351487918047,0.16974844191294808,0.15732320050700774
NL,6,0.234422528282319,0.20912711416824725,0.22623139863266337,0.20720059053144704
NL,7,0.29572352424197124,0.26282512018528587,0.28147965423777205,0.25685939512247735
NL,8,0.3317191767739986,0.3042723837479144,0.3281008164988624,0.3001797462606801
NL,9,0.34835534291089054,0.32649908210572726,0.3558807022173902,0.3270768498045074
NL,10,0.3514208112676897,0.3337632259246736,0.3648673300692286,0.33653367373271365
NL,11,0.3568059040024658,0.333978682565421,0.361676196510444,0.33455268359486573
NL,12,0.3617312509047998,0.3324026200719673,0.3561485758995281,0.32934548511048584
NL,13,0.3642702697817785,0.331008405205947,0.354395441986137,0.3276195528363403
NL,14,0.3687532882390427,0.3314791370823321,0.3513629558398254,0.32551564687984896
NL,15,0.3573620723912017,0.32972701196823606,0.35148134546208787,0.3269469543713792
NL,16,0.34310360441775223,0.3299634651406915,0.3596619370422919,0.335785863298861
NL,17,0.3512666631003137,0.33655547927002044,0.37192747638772,0.3454745775410837
NL,18,0.3712176754998492,0.347005745963904,0.37559638484999963,0.34595925695460816
NL,19,0.3785343532284063,0.3432083889431658,0.3667239938280298,0.33627912289605505
NL,20,0.3637024420337759,0.32229659447727577,0.3404446798791455,0.31192968013104017
NL,21,0.3122529136162873,0.28134202904610384,0.2966293112143922,0.2716930501068001
NL,22,0.23989250295904424,0.2231725656192143,0.23850723306649424,0.21914083764402462
NL,23,0.17617280146348116,0.16489018028032124,0.18260426566554144,0.16872981426367842
NO,0,0.3316857177124457,0.30241862968326955,0.33858724597111284,0.3088534046398983
NO,1,0.23670440826293376,0.21698908995381141,0.2567024129189286,0.2332175241175145
NO,2,0.17854342936240988,0.16698523765950812,0.20109438885968423,0.18248735585266737
NO,3,0.14699466657956115,0.14126121573428346,0.16990417873786923,0.15422833618938178
NO,4,0.1444006036713011,0.14065039141673238,0.1726400339795612,0.156401163006399
NO,5,0.19220413031802766,0.1772032348728079,0.21023333114839543,0.1895715166492433
NO,6,0.28899190838011035,0.25674912071934763,0.2899533457154661,0.2626903383639558
NO,7,0.4126355794411324,0.3566288103006977,0.39092154994586326,0.35364387531386066
NO,8,0.5171064101337832,0.4520404626918227,0.48491860756186106,0.43942156793796533
NO,9,0.5712787378037795,0.5217659779352798,0.5589021370571517,0.5097601149754936
NO,10,0.5782024851045615,0.5513654111885378,0.6032134349240826,0.5538110559676909
NO,11,0.5848702392330768,0.5614297497030952,0.6166173586437744,0.5687218483214326
NO,12,0.6018263818222269,0.5630105662424378,0.6081976848265026,0.5630734603966464
NO,13,0.6113486494645053,0.5585276370650218,0.5967993481458653,0.5541427055140473
NO,14,0.6146462268872476,0.5578909123855711,0.5951092707364958,0.5531203004188198
NO,15,0.6115136864884451,0.5556031940810197,0.5886703142162549,0.5475773326357923
NO,16,0.6082053820942209,0.559211924040067,0.5943289470919492,0.5532309495422759
NO,17,0.6137565339406303,0.578055521367811,0.6234378526027438,0.580052039647421
NO,18,0.625929985033443,0.6018882719577552,0.6637215912896753,0.6151490886827667
NO,19,0.6551570398502663,0.6219079562316483,0.684989034829317,0.6306777208166015
NO,20,0.6839221598311533,0.6257011433851046,0.6737707731606579,0.6175950942007616
NO,21,0.6761716473343621,0.5974969390544668,0.6287082477872719,0.5745914323131418
NO,22,0.6000562812203033,0.5290215577691424,0.553196346692052,0.5039950051255646
NO,23,0.46544382824666847,0.41915476671750634,0.4469786813740615,0.40694449152740464
NP,0,0.3666217731901646,0.3473960359746224,0.38244872424575554,0.34426880642618024
NP,1,0.23693311509987713,0.23074192768034382,0.28871250117605324,0.2534739923611568
NP,2,0.15922705560798858,0.15522195630634525,0.20970222636399297,0.18086565374673771
NP,3,0.11660630137495051,0.11345978235268327,0.15768936555165325,0.1383754506127236
NP,4,0.10661590575227119,0.10385542321423274,0.14046353512650303,0.12580175905167418
NP,5,0.14699325721791429,0.13978348352980247,0.16229427295771498,0.14603518238070914
NP,6,0.2438407199633141,0.20651883027947324,0.215024943767814,0.19347436923541003
NP,7,0.34402370812230304,0.2842867665656998,0.2923723395905898,0.26316858336143995
NP,8,0.4143040090731939,0.3659007189762102,0.38247832873063636,0.34702047131515623
NP,9,0.4492270966789085,0.4267951998293022,0.4723148212487141,0.43343050936832955
NP,10,0.5033114485501402,0.48494111363801845,0.5450413561052427,0.5035021366595671
NP,11,0.5726137385303344,0.5359784921077181,0.5887422852768437,0.5458706516818888
NP,12,0.6038958546033842,0.554528696191755,0.5985781184241484,0.5544996473667831
NP,13,0.6054176296573148,0.5477975891503267,0.5841514045554074,0.537993929938584
NP,14,0.5952029856773049,0.5289794283631926,0.5575841657456951,0.5099519351733044
NP,15,0.56648283758183,0.5065175750459983,0.5350913219202837,0.4897266341307024
NP,16,0.5438281992725084,0.49417334617570413,0.5281206555487645,0.48658794868987304
NP,17,0.5339144239600148,0.4993903732511515,0.5513237474090591,0.5078208971189382
NP,18,0.5359028729260589,0.5121372146563842,0.5849388625161057,0.5361310166433967
NP,19,0.5715795694017374,0.5440072199857766,0.6173763870423323,0.5634267479710897
NP,20,0.6316310227489337,0.5832793644819322,0.6338259204219197,0.5783805651789851
NP,21,0.6737704355533293,0.58943105240728,0.6188389969076803,0.5649885377879655
NP,22,0.6489719775424811,0.5468343499618049,0.5676750692217059,0.5184582490977618
NP,23,0.5270758570484164,0.4613268065339099,0.48320244528005696,0.44002907136131075
NZ,0,0.272071261980158,0.26491580926537955,0.31200982776158503,0.28495708789900065
NZ,1,0.20637422277842618,0.19853580621941472,0.23466696655800945,0.21081310145835952
NZ,2,0.16828241076250955,0.16224681095565358,0.1968693409681423,0.17446106938578176
NZ,3,0.1509299366749746,0.14930581194919718,0.20189912975364566,0.17619454586325908
NZ,4,0.16155574752114576,0.16060392101178947,0.23057886978746953,0.19662604848730791
NZ,5,0.22850552894424964,0.2170203244060852,0.27557504354492107,0.2322585377353774
NZ,6,0.3470629659309548,0.30074985958321165,0.3573555858622626,0.30633174951965053
NZ,7,0.4833056781951889,0.40833273929964653,0.451849366707125,0.39575397870172124
NZ,8,0.597795904537981,0.49927328939535354,0.5313193994412699,0.4726127525871348
NZ,9,0.6593588451612563,0.5672675092966885,0.5954839908738193,0.5357408288047668
NZ,10,0.678377853366556,0.6117711812634556,0.6548268204033398,0.5947805060451693
NZ,11,0.6854379867900539,0.6372427353457654,0.6943672347897637,0.6363870007391904
NZ,12,0.6977239918433281,0.6481506440777614,0.7035705567752192,0.650156901472688
NZ,13,0.7100382227045133,0.6457945667876858,0.6909740778567418,0.6427289709319987
NZ,14,0.7130673226876322,0.6385492716313931,0.6719367318719325,0.6275627782226308
NZ,15,0.7002527275416012,0.6402780165891833,0.6762050285149748,0.634547788376827
NZ,16,0.6751063660840324,0.6424163245869983,0.6822402430487492,0.6413240457216678
NZ,17,0.6386150953720204,0.6275826929031142,0.690048622091909,0.648684528415795
NZ,18,0.6492954906121395,0.63842698395676,0.7020038266268684,0.6596251438604104
NZ,19,0.6888193671870875,0.6509258258540124,0.6833137750519926,0.6415038966160972
NZ,20,0.7051855407924708,0.6225990688888461,0.6334823404050341,0.5932421395790453
NZ,21,0.6396757503315493,0.5615653629283843,0.5691525903258473,0.5311620719024396
NZ,22,0.5084488050083341,0.4686946066223442,0.4934372140021021,0.4587096463300921
NZ,23,0.3759777795692004,0.3609059534215045,0.40809821935463925,0.37698999758321716
OM,0,0.5365422184655342,0.48881863892902844,0.5227518195546973,0.4800090404179568
OM,1,0.42199426526498574,0.39143714294911774,0.4338808780809274,0.3979145184268514
OM,2,0.3097083687022324,0.29007828169476935,0.33546861723366156,0.30786406097668484
OM,3,0.22717685203980478,0.21057170658593913,0.2500297273695422,0.22868972877432545
OM,4,0.18415528504655956,0.1684757394067765,0.2006456841611671,0.18223989805871438
OM,5,0.20371913006856943,0.17961865975087918,0.1963041563314395,0.17646464638113843
OM,6,0.24302425449609333,0.2133539911343267,0.22431390934563397,0.20128274919218245
OM,7,0.2788011721123346,0.25788422974370434,0.27821940631530195,0.25313878153290253
OM,8,0.3502176856513426,0.320166311610394,0.3419605797881214,0.31638160083147887
OM,9,0.4157468077282867,0.3824142825697892,0.40672946264367693,0.38071980992568444
OM,10,0.46824647589012697,0.43585083512083034,0.4656271163208388,0.4363229376276319
OM,11,0.5094156637041016,0.48109959356194676,0.5193545055354271,0.48465625129636825
OM,12,0.5244199946690914,0.505810798075824,0.5640033050701746,0.5243399068649331
OM,13,0.5857597171249813,0.5489840539386044,0.5866722262941267,0.5452263703679961
OM,14,0.6151407564510417,0.5568539081164472,0.5811114847795209,0.5405488131456231
OM,15,0.5859937717383538,0.5330769473472426,0.5593593722630595,0.5201567679713354
OM,16,0.550560238646256,0.5101874186043079,0.5411300295864812,0.5039019822918734
OM,17,0.5575654133433893,0.5237853527689044,0.5618641516157059,0.524572923259582
OM,18,0.5915548366912475,0.5594386808515207,0.6177810977194353,0.5759872361394438
OM,19,0.6581014369582793,0.617332920977381,0.6616987247313052,0.6168490828780706
OM,20,0.673604165165193,0.6303586610918241,0.6810952808971732,0.635887620974218
OM,21,0.6761046607037048,0.6315010325202699,0.6738266663036862,0.628726925891133
OM,22,0.6553910569361172,0.6048120657146857,0.6406862713897591,0.5942153740558729
OM,23,0.6135668587684532,0.5598024780012391,0.5919966130352167,0.5456167037837497
PA,0,0.39440978451513803,0.3764280397067991,0.39679635606025115,0.37331137312466683
PA,1,0.28662786990770156,0.2804727663697827,0.3155557460310442,0.2953050064341576
PA,2,0.20371675018184318,0.20062493556197203,0.23774285312568835,0.21992377620790723
PA,3,0.15437433389435232,0.15177557570918554,0.17810700240384317,0.1614503293884461
PA,4,0.14395306455593065,0.14149555495792224,0.16823467584230017,0.1517543762883436
PA,5,0.17869375216801153,0.17371556035767594,0.19674015211945386,0.180133811777157
PA,6,0.2603889913651051,0.23944097941556336,0.25441751853391104,0.2357608379207788
PA,7,0.35930432338548873,0.32486827781071226,0.3392692129361391,0.31651127821972636
PA,8,0.4653831123766193,0.41762189789661047,0.43415738835904755,0.407929241411569
PA,9,0.5365096390993355,0.5005581861626467,0.5210211037530641,0.49391406933027393
PA,10,0.5814635121663326,0.5588621872293965,0.5858051826214997,0.5586277751521576
PA,11,0.6066784976660619,0.5902257325640783,0.6216626445446563,0.5946563130694769
PA,12,0.6024489839537562,0.5919220191337996,0.6319447018454178,0.6050355677438494
PA,13,0.620531364833048,0.6036776200984716,0.6400203032588166,0.6117395238474163
PA,14,0.6519786843279476,0.619567935076288,0.6458280813241608,0.6156205164015076
PA,15,0.6644994801190749,0.6137467561226735,0.6319431004394332,0.6012676468485026
PA,16,0.642209462543619,0.5912365117813247,0.6088154877933318,0.5792505581584146
PA,17,0.6042141184202555,0.5764886292724213,0.6036197798265494,0.574284373368154
PA,18,0.6015660364816007,0.5805079500994244,0.6217405693765355,0.5900595131158248
PA,19,0.629740294454056,0.6044963850124919,0.6440589281484944,0.6103276520929702
PA,20,0.6504951042098889,0.6152449294419668,0.6473132956330104,0.6142369717780082
PA,21,0.6461597596845529,0.5953453448930076,0.6155035911281452,0.5849876948654368
PA,22,0.5971476539161317,0.5495059930659669,0.5636475271029597,0.5349986095945082
PA,23,0.5066209033214281,0.4718267320174993,0.48517027533952645,0.45856968361842465
PE,0,0.40958635431107693,0.3896575265679316,0.41190578175038467,0.38348501945285157
PE,1,0.2781910551129922,0.272186031290644,0.3204382918515084,0.2959321739262783
PE,2,0.1867553814945105,0.18329507177408821,0.2296437779722436,0.20944383430072222
PE,3,0.13655381424058843,0.1325659581289595,0.15675543446277151,0.13939627897640475
PE,4,0.12135773856801119,0.1195913866896782,0.1441511351796127,0.12808283639610119
PE,5,0.1494960903241216,0.147349961919771,0.17654708304049982,0.16124529829879553
PE,6,0.2284934456010819,0.2173912171690171,0.23072136602201504,0.21521077256791152
PE,7,0.31964743101181126,0.2968151303144803,0.3092689383435057,0.29119137553167385
PE,8,0.4313817180878937,0.39310400178623645,0.4060329376272089,0.38502138309556455
PE,9,0.5236583946821853,0.4845818909426976,0.5002520176618399,0.4778624125257144
PE,10,0.5790080870590503,0.5514528567964136,0.5722331890578183,0.5485220706332645
PE,11,0.611826802446884,0.5890331790220671,0.6101901412405116,0.5842849229877386
PE,12,0.6094968632962848,0.5926180054784881,0.6199303344129928,0.5916047337991497
PE,13,0.5820110395286497,0.5775656563841479,0.633548883732699,0.6033853049848492
PE,14,0.6246410918433701,0.604355281610858,0.645345082190246,0.6136879755317318
PE,15,0.6698201347590259,0.6223906615233602,0.6417932009318074,0.6097541075877859
PE,16,0.679766135980922,0.6202149906848622,0.6340419462542896,0.6024954341582812
PE,17,0.6646842371873202,0.6208855437965402,0.641748478605736,0.6099147670391147
PE,18,0.6626661731310666,0.629520083685557,0.6613641326770116,0.6280921432911444
PE,19,0.6757631466129294,0.6451520432697314,0.6863726110165705,0.6505665575437704
PE,20,0.6873762161777843,0.654915056304617,0.6967132315386192,0.6606778946383364
PE,21,0.6930531009126327,0.6422915858172207,0.665809788933866,0.6318110209561638
PE,22,0.6454440655984307,0.5913186471559079,0.607820263172211,0.5754668874546337
PE,23,0.546986225717253,0.5029610880822631,0.515036696009907,0.4840776505175565
PH,0,0.5424947311037461,0.5074728357660719,0.5425044330916702,0.509085686427362
PH,1,0.41942228449465807,0.3998993837309977,0.438616058645741,0.4098916436701118
PH,2,0.33183490811093763,0.316667201534706,0.3503654587254005,0.32405592138958933
PH,3,0.2754258479820191,0.2648385100434538,0.29742147039059275,0.27432909269325995
PH,4,0.2611803055629552,0.24944460857619727,0.27581534375546585,0.2572101239588984
PH,5,0.28891928582733767,0.2688225494998989,0.28721313406003796,0.27140174263626954
PH,6,0.34333473277034243,0.31195855132756123,0.3263743315360389,0.3074836378723059
PH,7,0.40197942733360326,0.370850633408977,0.3896777656465667,0.36548132495309826
PH,8,0.4807801512181498,0.44260414803659326,0.4642430269775082,0.4353055737405289
PH,9,0.5459955415060846,0.509650449863553,0.5379047725522988,0.5059403565642651
PH,10,0.5920173740690571,0.5623512168254783,0.5955968883638433,0.5620052951650748
PH,11,0.604200336395098,0.5880072534855031,0.6324001982945853,0.5988807384128817
PH,12,0.623519048652161,0.6030980296426177,0.6427799556298498,0.610933698571284
PH,13,0.6421108286417074,0.6063187549649173,0.6351074490718978,0.6023353526488006
PH,14,0.6436991886126795,0.5905198534284838,0.6131300683941509,0.5773416332107659
PH,15,0.6254109263454999,0.5730946969591996,0.5961460376451596,0.5593000787822701
PH,16,0.6045277124796474,0.5676146840911414,0.5970671098547204,0.5631319719344781
PH,17,0.6005955718264384,0.5788817971062573,0.6250826071660235,0.5923593081625227
PH,18,0.6362587228902645,0.6161417635695522,0.6667618521007079,0.6322740234579046
PH,19,0.6857007283568882,0.6635942715403385,0.7154845723933732,0.6766491073626956
PH,20,0.7488975495118886,0.7071062387896391,0.7449858818004943,0.701327935566017
PH,21,0.7781639613685845,0.7149385103230913,0.744665994485543,0.6991387215636617
PH,22,0.7456291675990393,0.682107060960143,0.7086867000289822,0.6645939186327611
PH,23,0.6434031447180386,0.6026257441046952,0.6374703667661745,0.5981518602022623
PK,0,0.6078794822060546,0.5322546849289604,0.5615689747802093,0.5105321100613797
PK,1,0.4790755870981728,0.4406417735955208,0.4755127370854612,0.43328305010368995
PK,2,0.36250167282799695,0.3467917950912017,0.3919090284322087,0.3614725831726208
PK,3,0.2679607026025782,0.2622243422299116,0.3141043229212105,0.2919980092305209
PK,4,0.21392657595767547,0.2065633216923794,0.25704748070929684,0.2388920730908809
PK,5,0.22571361026585635,0.19765394954646082,0.23475938000750626,0.21482549909086535
PK,6,0.256285385466901,0.2259552218435194,0.2507456942892428,0.22607916475204476
PK,7,0.30242098914410787,0.27457083295766826,0.2925595048926609,0.2649014570309521
PK,8,0.3657465880240422,0.3330591049364189,0.3545030464053344,0.32685133183974674
PK,9,0.4479557926548271,0.40816667059427686,0.4340366363947019,0.4028201736957483
PK,10,0.524328343045858,0.4835309505651075,0.5181662715009573,0.48046230458726213
PK,11,0.5877294136608118,0.5407549031842532,0.5829206109216386,0.5382407388226063
PK,12,0.6308712980259782,0.5809324575202577,0.6267539000001603,0.5758179554051844
PK,13,0.6147452834793785,0.5861554610979364,0.6517833794931919,0.597011978632534
PK,14,0.6616601689203676,0.6135387248277182,0.6646272694858966,0.610160506657625
PK,15,0.7016072790551158,0.6258285802267418,0.6670807786660018,0.6134414086453165
PK,16,0.696057394112393,0.62046570220298,0.6640223964799794,0.6088674764101889
PK,17,0.6659086376074592,0.6094977793265494,0.6645818848666623,0.6066251968857487
PK,18,0.666613260096278,0.6188849065637888,0.6844836394484526,0.6258775849961046
PK,19,0.7017738887261193,0.6548610787438331,0.7094702394333767,0.6535065030401701
PK,20,0.7111266750239129,0.666757478234628,0.7242970114918041,0.6707646747989521
PK,21,0.71267544723514,0.6683226661759312,0.7241201638873821,0.6700871329100159
PK,22,0.710834718984712,0.6500357272901975,0.6961307023311835,0.641192295621403
PK,23,0.6661269909362366,0.5978235957844314,0.6363401312334513,0.5815604996791123
PL,0,0.2697439611241038,0.24881147826424063,0.28265834589051636,0.25625357715619107
PL,1,0.18222804830160147,0.1670405637075836,0.20445171589753242,0.18497334872458554
PL,2,0.13367325280247647,0.12668242005703625,0.16223425329454963,0.14833049502615414
PL,3,0.11556682939790831,0.11273677703079983,0.14352296543986162,0.13128120123317202
PL,4,0.13282144056113182,0.12657402197704565,0.15297427824967916,0.13789474971627325
PL,5,0.1944622772464171,0.17227887651856827,0.1972186990817641,0.1777961331416333
PL,6,0.2960284831996507,0.256593593457737,0.2828926712260094,0.2584691092149583
PL,7,0.41158680876433273,0.3609747245619548,0.3904541532177044,0.3579162052115575
PL,8,0.5011112654499787,0.45712696006340814,0.49095814781599695,0.4518493159829805
PL,9,0.5596506210592967,0.5298794610000602,0.5705386972432608,0.5281006710144167
PL,10,0.593547769138966,0.5702323053571383,0.6156970862477226,0.5721103856938242
PL,11,0.6127843344204272,0.5859221183975186,0.626230479113995,0.5835370680683843
PL,12,0.629668205594318,0.5875659527690639,0.6170669414660923,0.5777799210266449
PL,13,0.6416132076021585,0.5894835812370969,0.6157102626395492,0.5795965402090594
PL,14,0.648035374111517,0.5985560602018486,0.629421802718762,0.5944751285830832
PL,15,0.6505796933751745,0.6081426093172018,0.6389291642192949,0.6044739776518149
PL,16,0.6545441235573056,0.6207841642655311,0.6572398184154333,0.621155215651031
PL,17,0.6659228091923306,0.6414386056993863,0.6872701944717715,0.648593992885962
PL,18,0.6830223992113023,0.6622686266839148,0.7173517959996611,0.6743523502853748
PL,19,0.7100492279255105,0.6761922919506014,0.7249290135536294,0.6767452965133804
PL,20,0.7298292922690554,0.665416206169593,0.6981120893320012,0.6485477728394314
PL,21,0.6880619997338187,0.6085655393923447,0.6323737228124074,0.5845551480341856
PL,22,0.5630199602365815,0.506471957458802,0.530860077114962,0.487300380732574
PL,23,0.4030594407739342,0.372461608352914,0.40151444958714533,0.3661125192947158
PS,0,0.5630273100706915,0.48963129046487325,0.5174844900315755,0.4683534762120119
PS,1,0.4635257969792773,0.4075238577443146,0.43921785159152127,0.3946017290340904
PS,2,0.3467128006444758,0.3094490002414385,0.3526828157418629,0.31382738564477697
PS,3,0.2496112411966509,0.22222920694934492,0.27127161614314343,0.23896445968078345
PS,4,0.19311514234323965,0.17627381701407108,0.2158680504257294,0.19033524258488202
PS,5,0.17329597329889038,0.16105922340142917,0.192955042907244,0.17290974336537746
PS,6,0.1815647128004459,0.1692139313040553,0.19667211329097326,0.17947622973188165
PS,7,0.22713266292361997,0.20377483806118216,0.22788016756607726,0.20888331079463332
PS,8,0.2947142913264384,0.2578146056201335,0.28055558906745337,0.2560196776253154
PS,9,0.35668626175311186,0.3174641436888707,0.34174010768414254,0.31164349349421644
PS,10,0.40598349565529085,0.3728133901259388,0.4035632412477779,0.36999730169317524
PS,11,0.4360551399078295,0.4117015245565129,0.4554306145512859,0.4186996757442501
PS,12,0.46511940816976666,0.44268470832142753,0.49293244834396793,0.4530828101931362
PS,13,0.5087254521557252,0.4719002063351687,0.5120510507284162,0.46991804563295597
PS,14,0.5200415327793109,0.4762609579304371,0.5107097565787225,0.46784758938849497
PS,15,0.5104949698746585,0.4642705722109649,0.4967340228533646,0.45454538332864725
PS,16,0.5166617366123832,0.4595836125763044,0.4864124629278984,0.44618082645326756
PS,17,0.5124564146703394,0.4616159061461942,0.4964897896972614,0.4576153745260461
PS,18,0.5155631900304869,0.48102268716670016,0.5275514788915999,0.4886348241938344
PS,19,0.5356213630315786,0.5066586709266514,0.5621086447430687,0.520597742914874
PS,20,0.5588196458104076,0.5323588161762923,0.5911883227226848,0.5449875497432126
PS,21,0.5932730695555273,0.5587212804274054,0.609005277900392,0.5586915450348536
PS,22,0.6182304045656114,0.565144216590664,0.6042831308165137,0.552537934034364
PS,23,0.6139070521226636,0.5431435060527591,0.5755509818257448,0.5239626189840546
PT,0,0.25358407280100237,0.22893688433098516,0.2695241852329737,0.23696044366180788
PT,1,0.17807398496320057,0.17002908767585123,0.20826925439100324,0.18008887866605378
PT,2,0.13460360040295435,0.13278619683309492,0.1774079059204516,0.1550357640856494
PT,3,0.11769200402732609,0.11678590104505376,0.16151259579766258,0.14441208247282544
PT,4,0.13555093636970847,0.13332789807571943,0.17420250081241134,0.15764977555279738
PT,5,0.2062941312298256,0.19044388180957353,0.22752519385679648,0.20440448589342702
PT,6,0.30915194477115365,0.2798400359689354,0.3123544169545356,0.2806174166509535
PT,7,0.43558332124120863,0.38535725453862174,0.41854690820382584,0.37870793647967904
PT,8,0.5342668016264517,0.47452302573695654,0.511005085966569,0.465238454312364
PT,9,0.5917833118520931,0.5380035925534331,0.5765153456630617,0.5275775066347542
PT,10,0.6110690721850123,0.5725631953341307,0.6142150747712094,0.5655600798286735
PT,11,0.5974681912690464,0.5764434052488585,0.6278545139278792,0.5834674608042245
PT,12,0.619428415052503,0.578961687491811,0.6273749765104084,0.5859903665701407
PT,13,0.6579956163028039,0.6006549627449095,0.6301293318030712,0.5891327229537794
PT,14,0.6673148606328599,0.6113173852330827,0.642361494024184,0.6033713158360686
PT,15,0.6656261945015975,0.6213946627082767,0.6548717811535034,0.6190756171127486
PT,16,0.6591767292464561,0.6266249647699929,0.6640977854748,0.6286216665125083
PT,17,0.6554082764593409,0.6313274146780328,0.6789214140949148,0.639155921695196
PT,18,0.652114121687429,0.6373493578792736,0.6987176143870742,0.6524625588355001
PT,19,0.6821312735737606,0.6461052217559831,0.694410703473923,0.643434254802169
PT,20,0.7114276993278708,0.6241293598010269,0.648474369945759,0.5962732090085117
PT,21,0.6462583586182212,0.549472539741751,0.5663454652558492,0.5165923404379742
PT,22,0.5151104854130977,0.44661906923037314,0.46548293347880687,0.4214448634059628
PT,23,0.37205013627696915,0.3247501498581252,0.3590426887312208,0.3224720128300827
PY,0,0.2449730843702247,0.23252422307183482,0.2751984884081968,0.24159853488334096
PY,1,0.1781068997110669,0.17035830406420366,0.2179537127482003,0.18915899960830432
PY,2,0.13904921994519842,0.13520381227330505,0.19487791652365438,0.17017168019271933
PY,3,0.13319048496742553,0.13110438848116834,0.19074886281291267,0.16821701996132848
PY,4,0.17259560407955532,0.16917497946933868,0.21108122298495763,0.1857375494200123
PY,5,0.2594667954821867,0.24054308643372202,0.2691377538233374,0.2390025564452148
PY,6,0.37128288957447875,0.319789312393921,0.3481034363010362,0.31236592072964975
PY,7,0.4667161749918095,0.3974568658616609,0.4281368484763449,0.3850686017653126
PY,8,0.5212801252400406,0.460040026954173,0.49842537392402764,0.44980201683482235
PY,9,0.5621859661161382,0.5103301357875526,0.55416579493256,0.5044718868394809
PY,10,0.5904603606815138,0.5485058925988963,0.5974398927660837,0.5479053688165485
PY,11,0.5856007461893153,0.5625674380839867,0.6249065528576091,0.5756704455625502
PY,12,0.6139432012665064,0.5769884195716788,0.6315477992211634,0.5825410591650704
PY,13,0.6435878836930026,0.5800076589687884,0.6181946611556699,0.5698745603671324
PY,14,0.6496310426715428,0.582481817785765,0.6181493313407761,0.570509604763251
PY,15,0.6494022488936234,0.5897158818022514,0.6286837942915932,0.5805517961588004
PY,16,0.6387250654766788,0.5950710280124819,0.6427000426052493,0.5952056272374177
PY,17,0.6254548526026508,0.5920681914575956,0.646547274969737,0.6008075670561922
PY,18,0.6185000538307195,0.5828284259147911,0.6329488706392494,0.5859127830993531
PY,19,0.6135976626255399,0.5620634530559622,0.6003590333371599,0.5511740871418441
PY,20,0.6018724394220503,0.5252599162132162,0.5540060331853959,0.5046874513570131
PY,21,0.5565493679341945,0.46905848443053316,0.4918402000102137,0.44636934152937546
PY,22,0.4577131041240279,0.393147776870372,0.41528502668893436,0.3745141033402534
PY,23,0.3421873740509111,0.31378614711204605,0.3456347239363383,0.30875710439425647
RO,0,0.35915997850543063,0.3392695630019134,0.3709408904199573,0.3398898640958694
RO,1,0.24806133251049886,0.23549178919544644,0.2680193015446018,0.24527107903140014
RO,2,0.18237347493092498,0.17239407725734354,0.20596085983162152,0.19011427888724586
RO,3,0.14807373253583384,0.14367160385234415,0.17993457519896133,0.1688267899165929
RO,4,0.14816130210791748,0.14444417061696385,0.17584817409645973,0.16410566770050078
RO,5,0.19539010001821555,0.179372496496841,0.20416187460766133,0.18632413302681733
RO,6,0.28494610225920713,0.25223904569613415,0.27174493481087886,0.24902733595142953
RO,7,0.39607224946545244,0.34963430151997815,0.37120422942368414,0.34393206958257827
RO,8,0.49632238329150724,0.4490927080578922,0.47668273279520834,0.4419723992149501
RO,9,0.5607512487408209,0.5243374331989218,0.561755301770761,0.5218618548220025
RO,10,0.6039039106125158,0.575252382461009,0.6196583187757054,0.5781383899380521
RO,11,0.6224478467398612,0.6016030945415217,0.652717862492413,0.6099632564531078
RO,12,0.6448103995252588,0.6166348238607618,0.6589774234293526,0.6147780695480227
RO,13,0.6663547718765624,0.6167645127253437,0.6474545336157017,0.6049475832502978
RO,14,0.6804489008252861,0.6146384194826848,0.6403479082247592,0.6008134758865831
RO,15,0.6778179352192358,0.6196091496066337,0.6502128127697082,0.6118091033973678
RO,16,0.6690779346424974,0.6273703450566704,0.6609397570225786,0.6221354455420738
RO,17,0.6632773965074066,0.638306195419534,0.6817575645417132,0.6424678243766684
RO,18,0.6729808616485661,0.6562417920367268,0.7099586281325385,0.6710016994701575
RO,19,0.6952494333023289,0.6746919806133708,0.7267810353062283,0.6848106353075448
RO,20,0.7234885032590492,0.6780273610315298,0.7138942453156919,0.6680761303824649
RO,21,0.7175528968846738,0.6399112546306559,0.6650699564251937,0.6198739324911157
RO,22,0.6340390866723191,0.5653247229121411,0.5875107207436093,0.5457936379002891
RO,23,0.4995482867606957,0.4626436926006034,0.4887764275470778,0.45103225969983346
RU,0,0.3752578966807025,0.31645285785613836,0.3607409028713815,0.3069311331982433
RU,1,0.2938037626004551,0.2615081877301013,0.3047791540116224,0.26389719169300835
RU,2,0.22827965959804333,0.20542836412225549,0.24333638769162003,0.2162558647922065
RU,3,0.18137047862682742,0.16312072618668005,0.19558315966937947,0.17546502458065621
RU,4,0.15453003052818112,0.13600645923269913,0.16013391366554042,0.1406772491477246
RU,5,0.1450276906099564,0.12446293656533973,0.14331752840257073,0.1235045631473008
RU,6,0.1539389144776202,0.13166267051343142,0.15030670254072637,0.13008925589789236
RU,7,0.1793268960369194,0.1537797096282928,0.17477743258383394,0.15384414650590708
RU,8,0.2132818108313941,0.18455264597493692,0.2096170446597958,0.1854294814350053
RU,9,0.2510507619869632,0.21928034840395827,0.25014632601671966,0.2198443855349104
RU,10,0.28992964571810526,0.25132066000475123,0.2869604523060602,0.250542915843389
RU,11,0.3227300193227111,0.2809838559912065,0.3222288424203444,0.2794089144006751
RU,12,0.3464410924739626,0.3065695389525972,0.3552144669390484,0.30688846907890427
RU,13,0.3678974775944779,0.32456768302730465,0.37757185422101874,0.32702877681779907
RU,14,0.3832189184235432,0.33490060846912295,0.3859933692030754,0.33699003230442853
RU,15,0.4001539982001017,0.34332488216483087,0.3918963441028843,0.341876866362597
RU,16,0.41489757803491484,0.3510177914643809,0.40162785536592766,0.34610931042650567
RU,17,0.42461063393318776,0.36057913076073317,0.41379994632821904,0.3546858083177667
RU,18,0.433067391719973,0.37553970566016753,0.4334973655538465,0.3735222163821312
RU,19,0.4412057781845514,0.389724155990146,0.45493857937973914,0.3934078216987214
RU,20,0.45200596190884723,0.3988106416743536,0.46810027464100723,0.4044333334913264
RU,21,0.4567426102403438,0.3970026039217123,0.46231039344717195,0.3985966788173377
RU,22,0.45309831639644244,0.38235638630478885,0.43894940874382965,0.3758669271386095
RU,23,0.4298299543375987,0.35708247485746675,0.40586957370045856,0.34473865844435014
RW,0,0.2623389997001849,0.250997841847249,0.2759109157808848,0.25532237966509425
RW,1,0.1817189299017501,0.17318521208738452,0.19348419735963138,0.17924433890133057
RW,2,0.13696737378538332,0.13021313075192828,0.149832054155713,0.1379502229966105
RW,3,0.11478086960734263,0.10882294408166757,0.1273810169411291,0.1163942973068475
RW,4,0.11100781268217998,0.10650397725900858,0.12810956830621253,0.11672639427741735
RW,5,0.1486990073036389,0.14295571751177696,0.16272032995821517,0.1493322956663838
RW,6,0.24188014764436183,0.2176466522412917,0.22506972409350232,0.20914875609975514
RW,7,0.3161172777002247,0.2942064458529305,0.30730408166297385,0.28849460134302246
RW,8,0.41190101517263633,0.3806795642587469,0.3986770518404992,0.3743674761330617
RW,9,0.4974128006107275,0.4563765155567363,0.4815371010269829,0.45039168131302365
RW,10,0.5353430239994338,0.503715526729378,0.5404491906030545,0.504779950891733
RW,11,0.5458449336886747,0.5213623126826366,0.5664238654816236,0.5303273959607959
RW,12,0.5405801277737958,0.5175439297581285,0.5587727178783144,0.5255994380631679
RW,13,0.5322454902121464,0.5050943820631003,0.5348102199160384,0.5045068014522717
RW,14,0.5459649901134808,0.5042725607001041,0.5248869964959977,0.49476842789760844
RW,15,0.5589621602528115,0.5105753758017376,0.5303856320988645,0.49947034610382857
RW,16,0.5571991244494745,0.5157246821602575,0.5383294886628724,0.5054302720640403
RW,17,0.5288614877698082,0.5051812200563022,0.5484335532369133,0.5144066324088827
RW,18,0.5296295418526314,0.5072807795816721,0.5571685020931723,0.5221823575977419
RW,19,0.5451133188973974,0.5199620823282668,0.5604262361840227,0.5247043826736184
RW,20,0.5378375894285663,0.5123814253168171,0.5529114767291302,0.5142957294270547
RW,21,0.5443458277438936,0.4943103980390928,0.5210008161484848,0.48146130209872884
RW,22,0.5096624782439798,0.4414209143204954,0.4603483669139485,0.4246852959163756
RW,23,0.3855298971853571,0.35027941159267906,0.37557112215169935,0.34670222632099346
SA,0,0.6051137454770288,0.5671571130203321,0.6005507505704872,0.5619623986025326
SA,1,0.5418154056949814,0.5041249124487062,0.5393746740035288,0.5016873724964941
SA,2,0.4770506897363813,0.43689949002548334,0.4760556783337992,0.43940186703839534
SA,3,0.41495250543847967,0.3767369206536061,0.42063179696723996,0.3850565664110089
SA,4,0.3718140487017411,0.333185159037196,0.37876011728209824,0.34341228663924195
SA,5,0.3622297207604246,0.32157501109784037,0.35769719989925136,0.3228101152541925
SA,6,0.3622337701801335,0.32851522187215154,0.35476793633918047,0.32226754208437414
SA,7,0.3595299843104646,0.3344213214191619,0.36179786999847385,0.33162931832081916
SA,8,0.3736709409389402,0.34627509958475133,0.3727779816542031,0.34526400082614156
SA,9,0.3981592188258656,0.368515657045712,0.39461608935016224,0.36757482657462054
SA,10,0.4259949983313573,0.39768822073349314,0.42764509396730555,0.3993194860304569
SA,11,0.45371260783540984,0.429963057794582,0.4668517119932887,0.43700907238943704
SA,12,0.48076161438258636,0.4610103255681549,0.5040043016380336,0.4721696069684845
SA,13,0.5488948544086111,0.508228431157532,0.5327995711229019,0.49829243894408864
SA,14,0.573761268299239,0.5299100214180855,0.5553697477667118,0.5179392545756829
SA,15,0.5691993988184171,0.5354775245057658,0.5686295814770014,0.530948556178793
SA,16,0.5845419236234572,0.5476133266503875,0.5790631430324611,0.5457996449898764
SA,17,0.599872104701313,0.5683280975288887,0.6020234973811486,0.5710063464703455
SA,18,0.6216308447805612,0.5939765790199228,0.6349265520472724,0.6037345163242458
SA,19,0.6664528938303449,0.634388045935087,0.6652012322393793,0.6333779756468517
SA,20,0.6723582140168816,0.6424499053268453,0.679803077846339,0.6470339531525876
SA,21,0.6814648963495139,0.6460732211314397,0.6821819799657717,0.6465750887517558
SA,22,0.6798421857930016,0.6408069923518269,0.6736514500030233,0.6351963782692405
SA,23,0.649557439894846,0.6125978643935451,0.6454342402509227,0.6064489067808311
SE,0,0.26817600674454445,0.24109599338471324,0.2781873668006453,0.2490672883283588
SE,1,0.19589691429299572,0.17930049399908787,0.214615873673966,0.19143791667509735
SE,2,0.15297240403100063,0.14333375420005026,0.17419314642391026,0.15478462804899035
SE,3,0.13316028152276566,0.12737176235024164,0.15501246196587876,0.13765569370479416
SE,4,0.14323801603178118,0.13648710624038787,0.16298426690648055,0.14528341550017757
SE,5,0.19435219255182556,0.17708340109851065,0.20334668108870793,0.18518210425577572
SE,6,0.27739496823970444,0.2491948563249127,0.2744724014353692,0.25211157272296747
SE,7,0.37935584217900137,0.3345386855375078,0.3610484377076649,0.32940361642046734
SE,8,0.46819189275369594,0.41467587140507295,0.44233077316783914,0.40201976291844654
SE,9,0.5169806302962546,0.47239104435872903,0.508506435925346,0.4634606977206689
SE,10,0.5311409646695318,0.4987219706781803,0.546309078496407,0.5003845695982133
SE,11,0.5274105417197751,0.5012610973769448,0.5556762718696844,0.5112650709797016
SE,12,0.5350317740923318,0.49908905734010534,0.5418634634700765,0.5000291961135548
SE,13,0.549803709605458,0.49713821008035314,0.5322721378481416,0.4917032200081673
SE,14,0.5589779019019722,0.5020439833612286,0.5362737451165749,0.4938649742737827
SE,15,0.5664622691357223,0.5074509942023664,0.5402455902494476,0.49718578728964036
SE,16,0.5629358975687043,0.5179119305684206,0.556756131982419,0.513897408857243
SE,17,0.5574864532592184,0.5317886543226858,0.5843596478444478,0.5407348672120664
SE,18,0.571230329032355,0.5454294324699631,0.6094049034955615,0.5607455907855825
SE,19,0.6007023563764122,0.5608792742985088,0.6167690251775376,0.5614024158142347
SE,20,0.6203359270698057,0.5528253306549389,0.5986482652031404,0.5415107956788131
SE,21,0.6007883881333153,0.5178836710952119,0.5517332224541072,0.4972731106755447
SE,22,0.5054734889163743,0.4393427445603203,0.4739112273328166,0.42592723000490973
SE,23,0.3755998925607491,0.334643883754328,0.3741784870491238,0.3355522700755715
SK,0,0.2137953237166811,0.19774628239575934,0.2370225722675353,0.2128259769148479
SK,1,0.14270824622823297,0.13130645172287997,0.16642406254028363,0.1484988185580277
SK,2,0.10828488635347992,0.10228621519458445,0.13293155276627766,0.12054010221600518
SK,3,0.10273340832712075,0.09897481750400844,0.12622899021465794,0.11453540958861577
SK,4,0.1355857977642089,0.12696522293458992,0.15035982717990531,0.13473240234920467
SK,5,0.22091824514954334,0.19105102498341678,0.21571273035446778,0.1952151041106547
SK,6,0.33973125382033864,0.29247520060348026,0.3175045429526417,0.29060273267404174
SK,7,0.45424852365971974,0.3998499983270039,0.4276829730500253,0.39081002375093177
SK,8,0.5312144514961727,0.4865839358090076,0.5211737844306922,0.4763339644307339
SK,9,0.5717423473994058,0.54075916952519,0.5896076536036232,0.541614329647097
SK,10,0.5908621555875283,0.5666306373778165,0.6249462645829819,0.5768186337519811
SK,11,0.6072305740297281,0.5764596661046092,0.6263503047201001,0.5798146688160496
SK,12,0.6286955205245129,0.5743149702167172,0.607466646602033,0.5642330525682688
SK,13,0.6434016125876342,0.5724416100971513,0.6007128347944549,0.5577428274225404
SK,14,0.6397105386842602,0.5792356753332409,0.6134588916617179,0.5690055665993559
SK,15,0.6346752016247852,0.5882011888137616,0.6257362287530002,0.5817616909101079
SK,16,0.6334702321334732,0.6034541958959125,0.649821021045076,0.6061425562389146
SK,17,0.6438258813912218,0.6234005105070551,0.682834328199892,0.6384361608996375
SK,18,0.67230984036374,0.6447739542926546,0.7075551220958664,0.6583057814892679
SK,19,0.7130033004939145,0.6557917313729017,0.7033269945567319,0.6474270821648477
SK,20,0.7243197930064859,0.631278513351574,0.6642222747208896,0.6071572656720986
SK,21,0.6420812847897505,0.5618569590718502,0.5893349301979519,0.5366024713201095
SK,22,0.4902052666153715,0.4481941116518108,0.4833749115170627,0.43766738938392297
SK,23,0.3319389613408864,0.3110415493202964,0.3529032042803267,0.31824958093000777
SN,0,0.2349371711589142,0.19809734537574897,0.20396362641822965,0.18606653153228195
SN,1,0.17130693999540286,0.14836054036341084,0.16166809144931316,0.14573433485507198
SN,2,0.1141695678670188,0.10649800472747299,0.12799532303074804,0.1132099953116202
SN,3,0.07874428292498045,0.07652213602672177,0.10175573388486964,0.08826553326596905
SN,4,0.06739680662850746,0.06506411504631175,0.08828094845785518,0.07673389516324337
SN,5,0.0907433252446028,0.08508322581035323,0.09461236963788447,0.08430363055126525
SN,6,0.12221072490031154,0.10913212327862887,0.11497887456730183,0.10453087132297993
SN,7,0.15031968687563665,0.13726134948219293,0.14666969276214184,0.13463636046467553
SN,8,0.18842866491383847,0.17371541793412254,0.18482831736278085,0.17137694903153514
SN,9,0.21736561279833386,0.20483255721868918,0.21894984968836032,0.2054598304390736
SN,10,0.24651823310206208,0.23236876482772167,0.2483430489453384,0.23456001841926857
SN,11,0.268221929515703,0.25414966425060775,0.27047733438023086,0.25527442884806695
SN,12,0.27954331391857973,0.26208430511423725,0.27978145686921685,0.2631639856586072
SN,13,0.27484503328776866,0.25975414654897433,0.28523827512153843,0.2659469244300079
SN,14,0.3033222805033082,0.27313656033443795,0.2875222446948968,0.2653406670763588
SN,15,0.3061971993836067,0.2732025796170425,0.2877471245421848,0.2632496172759931
SN,16,0.2821351881103068,0.2621353604135208,0.2876673946561518,0.26146259474404937
SN,17,0.27990566688262125,0.2648593655257168,0.2974155368408755,0.2697198379518684
SN,18,0.3018673037524071,0.2754952948629449,0.31259003831599336,0.2831359157994163
SN,19,0.34517287235801175,0.2973792608847906,0.3223827911094379,0.2924977141789403
SN,20,0.3145727836051653,0.28652554609577496,0.3189937812073138,0.29076781657592776
SN,21,0.2819060975396922,0.27060928742967755,0.3020912569715274,0.2772707168013512
SN,22,0.27097625116064683,0.2566442036818142,0.27708415390010344,0.2549214251670956
SN,23,0.27508282388540184,0.2392746860767728,0.24485249549853375,0.22455624606302071
SR,0,0.3116507296330842,0.2904904940784352,0.3467665850776355,0.29104948186479174
SR,1,0.2172396310376707,0.2106725390358901,0.28450954750123564,0.23667269091087778
SR,2,0.1624409971141354,0.1594411004157187,0.24777582470223683,0.20964320372949868
SR,3,0.14102891035484158,0.13901639295812368,0.21564338391388108,0.1881372189548186
SR,4,0.16083273285133243,0.15272861429651352,0.1953675831249395,0.17560928784146906
SR,5,0.21249290641454918,0.19205431239579135,0.21839812221443106,0.19728748940189728
SR,6,0.27776677882558515,0.24534056178452363,0.27109743320350854,0.24320090668386923
SR,7,0.35004394744680817,0.29982043291130295,0.32754539706849967,0.2930039982526373
SR,8,0.3900160632274277,0.34384336714615155,0.37799926903450043,0.33834721262440093
SR,9,0.4300299848322889,0.3871012795100516,0.43074007726610886,0.38695424165078923
SR,10,0.4644933082217005,0.4260186294369318,0.4780991887182193,0.4303258699926713
SR,11,0.49009274118602786,0.4522737249436383,0.5085034552730686,0.4560947182236387
SR,12,0.5219395727187769,0.46732448785857533,0.5171527786127736,0.4601076285070783
SR,13,0.5423326301060631,0.4677843489667012,0.5081987876476337,0.4487130720236726
SR,14,0.5389598057219207,0.46432896706644405,0.5065062017938743,0.44763989511100766
SR,15,0.5251964879288373,0.4602510837136812,0.5090321629594422,0.4527478317675727
SR,16,0.5130610444639472,0.45618727292808997,0.5155917524799554,0.46031150648385866
SR,17,0.4893207088620714,0.45415529019014045,0.5335355172501699,0.4743760711192363
SR,18,0.5094793038008607,0.472704146935668,0.5492138460747445,0.4838223548156631
SR,19,0.5670415645204134,0.4950079033177749,0.5513901106879993,0.48153988770019435
SR,20,0.6169931600911608,0.502029840052741,0.5449307298729107,0.47405679413382473
SR,21,0.6221375393122585,0.4863621012855003,0.5215140633169706,0.45219473952130906
SR,22,0.5538330320643355,0.4398406141471298,0.4717280056958255,0.4066265900036879
SR,23,0.437326877614522,0.3774177059685758,0.4145106348600526,0.353732520025628
SV,0,0.32842719801526227,0.3204429613884638,0.3700105924882772,0.34035549781593555
SV,1,0.21770710226758366,0.21435086080387836,0.27136201620743383,0.2461444609363629
SV,2,0.15162680146758728,0.14902926518680654,0.18670682545583847,0.164658717949752
SV,3,0.12621974904356248,0.12417085372473378,0.1582195249504458,0.13830820061593752
SV,4,0.14470593709534654,0.14237429494063022,0.17467168744988806,0.15639073636722123
SV,5,0.21469282729475073,0.20270248295154658,0.21957974874057565,0.20120059169453297
SV,6,0.3207184180683503,0.2864620950720513,0.2971163194209932,0.2767918007699761
SV,7,0.43373825644222985,0.38848941982239893,0.40051715548832806,0.37673047097922663
SV,8,0.5367761167144156,0.49043696984707275,0.5055772215698048,0.4789365149205194
SV,9,0.59437169118841,0.563385675813878,0.5884787353569239,0.559259301927129
SV,10,0.6232525490199969,0.6038773709826603,0.6375144197833909,0.6057458018913697
SV,11,0.6360675242421342,0.617806958140037,0.6542927452523271,0.620992742483593
SV,12,0.6052626984706185,0.59808719660422,0.666712055209586,0.632098251122422
SV,13,0.6570716893445687,0.6306030103370788,0.6691812944234373,0.6330113698753762
SV,14,0.6948972680079268,0.634939558561654,0.6518994401214442,0.6157061130678573
SV,15,0.6839432857304871,0.6145376858971594,0.6274264715339518,0.5929910110175001
SV,16,0.6470473259877553,0.5985408789592538,0.6183103243359486,0.5855881819368833
SV,17,0.6242399862663801,0.5968895904143589,0.6297666629065474,0.5971797407907462
SV,18,0.6319881562782149,0.6126380966364449,0.6594654455614193,0.6252639361634259
SV,19,0.6451722271647207,0.6265274442619221,0.6813999057885586,0.6460314088177161
SV,20,0.6765608018008906,0.6403114818132368,0.6709448976583259,0.6349115142090491
SV,21,0.6884782498776876,0.6213856400690766,0.633235384148649,0.5967809667395463
SV,22,0.6285216755695451,0.5518456906596616,0.5580694875130013,0.5220110426592849
SV,23,0.4832852310793394,0.44782685909500053,0.4643144050726664,0.4305739672318621
TH,0,0.5565304701138759,0.5199167080067952,0.5481829940371475,0.5163062315041157
TH,1,0.4388206573305771,0.41798957259396996,0.4512919859050196,0.4197701000431496
TH,2,0.3565900547209137,0.3400498771016509,0.3713285108140878,0.34108537752453927
TH,3,0.29458320497881213,0.2818931432341287,0.3117598788472977,0.2881065338560691
TH,4,0.255278030448237,0.24755745569484586,0.28240990533890664,0.2668924051906655
TH,5,0.26152232015344146,0.2501520108646793,0.2775187048622231,0.2657564857100835
TH,6,0.3222325343653894,0.29389089114669337,0.30883799348765634,0.29450618731764594
TH,7,0.387108006431557,0.35625002395780775,0.3719546369111834,0.35022379981302465
TH,8,0.4647191813284559,0.4296117434277013,0.4486220432573235,0.41957816120692115
TH,9,0.5478404005670091,0.5035983619182748,0.5259068217818375,0.4920869072745174
TH,10,0.5878517098003299,0.5588028528939409,0.5911581505419209,0.5571051543437073
TH,11,0.6064394337840867,0.5897537044309583,0.629605640588683,0.5983620581235745
TH,12,0.6164281163910907,0.601563954392293,0.6443963033267867,0.6156606059232775
TH,13,0.6381038749837862,0.6087914081954244,0.638684169040916,0.6086045905539088
TH,14,0.6498131464691883,0.6017375102970253,0.6237348984264169,0.5908298322780724
TH,15,0.6478840743719055,0.5931205555752622,0.6122224466395986,0.5776972052754265
TH,16,0.6292721782113091,0.5914835684974676,0.6166220658540491,0.5827698080674082
TH,17,0.6122271231523113,0.5939501390809264,0.6330085956065951,0.6007033608219094
TH,18,0.6325777728863425,0.6160240046770967,0.6663868520891341,0.634005120091875
TH,19,0.6906503343202972,0.660289612215694,0.702309430478158,0.6663524861230525
TH,20,0.732211930160318,0.6927117072105862,0.7305224610877129,0.6905853969684658
TH,21,0.7561375392018597,0.7064426251700554,0.7373769739115585,0.6953991465719991
TH,22,0.7319249626500541,0.6776151142201998,0.7054636367020117,0.6657084669855317
TH,23,0.6517209377123818,0.6090816371806806,0.6391628949973087,0.6041827604152157
TN,0,0.4085504343006615,0.3574541537761875,0.3739835745196042,0.3391569871422694
TN,1,0.3146262744887561,0.27829709961842053,0.30259242689725246,0.2720276714542493
TN,2,0.23205179328207137,0.20524754010373894,0.23944118159204197,0.2129506391158446
TN,3,0.16702990372880266,0.14982085509219406,0.18917326329879158,0.1673189640092122
TN,4,0.12653839780459225,0.11623704605942213,0.15520221810302975,0.13720451049057758
TN,5,0.11865438468645989,0.10878044539853106,0.1308913646667358,0.11612441925166693
TN,6,0.13512809352188448,0.1204844626096948,0.13148806122345358,0.11875957319111453
TN,7,0.17127281766311353,0.15686880228484681,0.16893927448795795,0.15465654154697694
TN,8,0.23825033041838495,0.21640307647098492,0.23297809014313828,0.2145653730881441
TN,9,0.3046392549609414,0.28096897438073914,0.30559955241798625,0.28309993277474094
TN,10,0.35599579078890553,0.3355551034050816,0.36730866906253823,0.34098055347068723
TN,11,0.4014393874927548,0.3782323254044261,0.40929034756376065,0.3796943845609451
TN,12,0.4274088628562411,0.40324289184132656,0.4358780413995029,0.4043327602582641
TN,13,0.44996055018437836,0.42111068824469117,0.45561586015201405,0.42136485936997353
TN,14,0.49524350312776794,0.4443392815827041,0.4678043460189843,0.43108643773648175
TN,15,0.5034267874141375,0.4501693559441605,0.47661440937528327,0.4382427861701897
TN,16,0.48761777268755685,0.448188696919436,0.48319049053935553,0.4441311890813117
TN,17,0.4743383373722318,0.4422980781689843,0.4851713036579903,0.4463557467585381
TN,18,0.46146116133017145,0.4353855144608393,0.49016258963836556,0.45158075039681544
TN,19,0.4845955337610069,0.45883903541646576,0.5106505797107954,0.46977114731826847
TN,20,0.5197477943537139,0.4856276725843578,0.5352893106964773,0.49194650929624734
TN,21,0.5467561215828018,0.4979179680990984,0.5375440961337792,0.4933615555131556
TN,22,0.5331242941583751,0.47973914641482196,0.5065069323860287,0.4634638349729567
TN,23,0.48002385068438763,0.42809237915020876,0.4465654489652324,0.4071234664627321
TR,0,0.3696135663578258,0.3435876144902509,0.3720757286223429,0.3419680140707811
TR,1,0.25037374397060747,0.23894002842678783,0.27025820883017276,0.24743617860670486
TR,2,0.17146079934507125,0.16469988794649362,0.1985082322425405,0.1810875080514416
TR,3,0.1250842714466074,0.1202996026550595,0.15400694403353957,0.14024003253681047
TR,4,0.1082649373769319,0.10022659878440769,0.1300546113122267,0.11775240142088726
TR,5,0.11816199120922995,0.10856042116087386,0.13000216472561246,0.11659678375195075
TR,6,0.16371105025204352,0.14567664001247563,0.157896131402988,0.1417768175349374
TR,7,0.240050360062478,0.21004108157434917,0.22420605277525377,0.20444761443578657
TR,8,0.32854921575417634,0.2918014127595081,0.3120650102405708,0.28702218069798735
TR,9,0.39832551804827243,0.36574725702346583,0.3941618259119797,0.3631037447151213
TR,10,0.44716161480833766,0.4199522557156939,0.45604521230664746,0.42043596343018846
TR,11,0.46902694213600116,0.4468385849601954,0.49254776495543307,0.45472564651064196
TR,12,0.4924289957585452,0.4628200988692631,0.5031522710178075,0.4649981583633756
TR,13,0.507354860343254,0.46475781425350315,0.4952333212518276,0.45791684059280696
TR,14,0.5153403665234552,0.4640678631697226,0.48842623929689144,0.45276142714349865
TR,15,0.5214639189922756,0.4706397110020215,0.49582876638350054,0.4608473201844155
TR,16,0.5180862376038409,0.4768568039089666,0.506305555313125,0.47025801394653766
TR,17,0.5090396431451418,0.4829367131418137,0.5250859833834643,0.48710573907797633
TR,18,0.5268407225402277,0.5059205547197871,0.5591465747313922,0.519398479005669
TR,19,0.5894480945708652,0.551983959616813,0.5995569810543258,0.5575798539728803
TR,20,0.6275325754370991,0.5788226991968982,0.6188497529666496,0.574195355252755
TR,21,0.6246250174410901,0.571501437579011,0.6028012742684938,0.5575804670642605
TR,22,0.5875811970894366,0.528722950690021,0.5535147439653595,0.5110548700632481
TR,23,0.5054557682238237,0.4531922481972247,0.47525205744449334,0.43830482942394516
TW,0,0.5665713212225341,0.5149006019171888,0.53412532331426,0.5050353945972981
TW,1,0.44491058658710275,0.4177121926464315,0.4429341177650283,0.41524142041903245
TW,2,0.33521296062759454,0.31877844055061183,0.35074676869992627,0.3219628336857122
TW,3,0.255763516333589,0.24566820398967398,0.27944383291396907,0.253199203089465
TW,4,0.20911460901056547,0.2026056524825605,0.23658932657189374,0.21621648661483336
TW,5,0.19873243973666424,0.19401145714781148,0.2304908770003225,0.2156377638453344
TW,6,0.24362132627897026,0.22977681476084352,0.2501718290509799,0.23640934883793266
TW,7,0.3096930713034372,0.28383190812298764,0.2973413680483058,0.2794322224141021
TW,8,0.3961839236661644,0.35210422126471713,0.3642458098577431,0.3392061015254581
TW,9,0.47205327519734847,0.4218000993826396,0.43740415953177675,0.4065457556348017
TW,10,0.5180103575913875,0.4806691934446105,0.501044173797546,0.46774800956433543
TW,11,0.5363294373202269,0.5160846819149831,0.5483934027653199,0.5166235090425563
TW,12,0.533402058202431,0.5235751259530872,0.5707119410876923,0.5430863506637994
TW,13,0.5424218093193297,0.5303585352311756,0.5714154375858392,0.5462803629110324
TW,14,0.5557061531813193,0.5296468395060215,0.5554901941741799,0.5273658715304799
TW,15,0.5618606760553662,0.5165787243297765,0.534493394436669,0.5032487694821144
TW,16,0.5617847660960115,0.5087293991519559,0.5239368772279812,0.49343422735037057
TW,17,0.555592737357104,0.519777430368585,0.5411129648485138,0.5117664280897319
TW,18,0.5607979472203974,0.5405944646723729,0.5754273936208026,0.5457432536661134
TW,19,0.5852544215256011,0.5700453487047884,0.6163567350179898,0.5844313432351371
TW,20,0.6215701541838974,0.6005156350942594,0.6457259558436996,0.6096050286535887
TW,21,0.6522397384415668,0.6196075408320336,0.6589074271265818,0.6198316614187052
TW,22,0.6639178113223384,0.6197545181160905,0.6495904284032867,0.6112695565054518
TW,23,0.6415085472125661,0.5841411371135412,0.6061539063032045,0.571947263921362
UA,0,0.3139499890482974,0.29746192299658447,0.34201588870060584,0.3079786670167362
UA,1,0.22168837761755483,0.21066027304369475,0.2516423006957798,0.2284820994179946
UA,2,0.1666270304217073,0.15635167029089392,0.18578630551041259,0.16991377454291148
UA,3,0.1372908231774964,0.130061335451534,0.1562717440813236,0.14510906197103898
UA,4,0.137031898014277,0.12950319284846082,0.15335756675641093,0.1434641790964571
UA,5,0.17412902583240722,0.1571248378590063,0.1805590768835745,0.1683402956380417
UA,6,0.24227514902717076,0.21515897134698656,0.24013529840210238,0.2202755400494351
UA,7,0.3389212919084951,0.29886000415359815,0.3343261237190509,0.30100723173552857
UA,8,0.4412459662183758,0.3873405888491434,0.4316457700774829,0.38433745890110943
UA,9,0.5172664173505773,0.45662126634223155,0.5077724660507679,0.44912656091498143
UA,10,0.563034733787841,0.5055919908061681,0.5625972954074797,0.4994671346286804
UA,11,0.5894622831534848,0.5401187022327386,0.6033524351136801,0.5400307924474586
UA,12,0.6029180738104271,0.5591301813401103,0.6216820148858533,0.560706657681948
UA,13,0.6192688569640108,0.5597250664253852,0.6147245008630426,0.5562269816890394
UA,14,0.6261918146449942,0.5494033793138006,0.5970596917517735,0.5382556995883276
UA,15,0.6234789672158194,0.5474264423007821,0.5978923531922076,0.5400880599163188
UA,16,0.6143133381689259,0.5513118905180984,0.6064540537720869,0.5507302425203098
UA,17,0.6050662942707233,0.5590034853792389,0.6217079626404769,0.5661870007533684
UA,18,0.6124186815644013,0.5740298296698315,0.6455569148460208,0.5856542374046885
UA,19,0.6316338844951721,0.5877576443258385,0.6593889962807475,0.5917267628361991
UA,20,0.6533594376349227,0.5815203854458789,0.6384941807066356,0.5677959818562336
UA,21,0.6430653179946582,0.5394831273253412,0.582034412763836,0.5137983961684105
UA,22,0.565148425948355,0.4763438494423643,0.510913837519133,0.4517219604614675
UA,23,0.4395558904011656,0.39708301220184367,0.43397077805077366,0.3866482726728715
UG,0,0.24138931585918766,0.23365444445262326,0.27674220149515216,0.250468865149678
UG,1,0.1590353306958476,0.15520573868551782,0.1864253172609939,0.1686102029244713
UG,2,0.11699760477580184,0.11307542347614152,0.13858984760364076,0.12585987002678758
UG,3,0.1000819848559392,0.09681410922435592,0.1192903654753472,0.10843958284179618
UG,4,0.10822097430114182,0.10466833979057569,0.12543219870280817,0.11340726211074366
UG,5,0.15627157588551935,0.14482932936757234,0.15725628119075186,0.14171825744246627
UG,6,0.23943897062349473,0.20570363280666412,0.21151932223267378,0.19327238223655488
UG,7,0.31220457446030825,0.27281034047209146,0.2816738017190972,0.2618116451676975
UG,8,0.36528890862134117,0.3341553196350441,0.34979463333147903,0.32828867878488466
UG,9,0.39551692083544837,0.37732732145066056,0.40643936024545535,0.3817137549934639
UG,10,0.4219954192176084,0.4074757197899737,0.4454604045134565,0.4167566595298813
UG,11,0.4380867976207208,0.4229187474851581,0.4613554131610535,0.4309746087690989
UG,12,0.43583982812165434,0.4167025917369391,0.45267975361069285,0.4231695138793228
UG,13,0.45513344111965576,0.4128667513243226,0.4315667258699183,0.4020050649474266
UG,14,0.4713370061887362,0.41445036904402327,0.4294579721323258,0.3970446490017475
UG,15,0.48033212748927373,0.42912552130717696,0.4513205099170768,0.4143549339594903
UG,16,0.48430187692626187,0.4418175582520796,0.4815034028290363,0.4388928932206832
UG,17,0.48309645607258533,0.4459749764220922,0.5140732582680092,0.4665551181205255
UG,18,0.506889059471758,0.4759513901980115,0.5451944474510179,0.4945086701512124
UG,19,0.5438572096736437,0.5099006651668179,0.5626196509408422,0.5114434108061084
UG,20,0.5643621179609416,0.5185193480263998,0.5590898532991962,0.5082133684539455
UG,21,0.5715286862608716,0.4977394118154462,0.5275630416803622,0.4783836568875174
UG,22,0.5244437131676629,0.44312916413239,0.4677377133570827,0.42245127295488777
UG,23,0.3884683354818629,0.3479836804441622,0.38133275939979633,0.344455572145848
US,0,0.217761942114342,0.21216897584840794,0.23498761119933276,0.22201369900828444
US,1,0.1881363191054832,0.18112320481081967,0.19670208405072295,0.1857607207339348
US,2,0.17914720228063863,0.1737538380947994,0.19334947758683602,0.18216227935221474
US,3,0.201533829801484,0.19590177642200712,0.2181940574819342,0.20454249329115534
US,4,0.25464804414332143,0.23920148527818244,0.2599934888090825,0.24190902572932055
US,5,0.3239338091069899,0.29521330234878,0.3150630887914699,0.29257002999307524
US,6,0.39473721368882775,0.35983989006135797,0.3783179190532836,0.3532056132876299
US,7,0.45145455922018757,0.42010470581663095,0.43996449993129577,0.4142493727777951
US,8,0.48901444452045567,0.46478558799979236,0.48909357230431383,0.4632907652427421
US,9,0.5124380296100454,0.4923535451704397,0.5203367024644365,0.49419159364852416
US,10,0.5236591955953642,0.5032784797419549,0.5318555817223006,0.5053666202021273
US,11,0.5314742961134479,0.510637093091262,0.5395852977798007,0.5128935078213432
US,12,0.536397414478552,0.5124940532205416,0.5386768309490971,0.5129104776330222
US,13,0.5375686138119807,0.5058388287326936,0.5274764566083455,0.503108884262871
US,14,0.5296238276841836,0.4969494835311827,0.5157279286632637,0.49244017009622104
US,15,0.5171780721061471,0.48928460562165565,0.5093972082729652,0.4853663329563481
US,16,0.5101585015469334,0.48688234441720096,0.509815352687339,0.4837883167514278
US,17,0.5142608291790034,0.48885657537218746,0.5123560893972094,0.48524639233158195
US,18,0.5142288895389494,0.4839591563213123,0.505118337168817,0.47944672841831887
US,19,0.49785703043403584,0.4609329237570937,0.477890431189352,0.4544766898143583
US,20,0.45290255239293997,0.4241542872527046,0.4412362474185002,0.41964337086347187
US,21,0.39120623083490047,0.371016047643892,0.3884621476445753,0.3683759178041875
US,22,0.32338361646198066,0.3110233113359428,0.33069396192403794,0.3128110828798087
US,23,0.2640662207853278,0.25687490181466516,0.28247631145721036,0.26685831880574323
UY,0,0.37398426497345,0.358739915248541,0.39513701838217447,0.36066302877366324
UY,1,0.2638551355642194,0.2568860172848476,0.3080743794750909,0.27648749384303223
UY,2,0.1927062868353978,0.1896196300127119,0.24964377170584973,0.2221685481314524
UY,3,0.1522872218826659,0.14924425259002713,0.19791538050662247,0.1753690371796248
UY,4,0.14074218820568854,0.13752865204114373,0.16509093685326515,0.14589174301072313
UY,5,0.1764585082353925,0.16913458432226255,0.18875519383507888,0.16908229881020168
UY,6,0.25720328393350955,0.2391674968814305,0.2609230595990095,0.2369072985835019
UY,7,0.3747078492894645,0.33373566971769525,0.3592981860216838,0.3280097763778913
UY,8,0.4852505881081001,0.42686842707526457,0.4566698636468572,0.4191309698996207
UY,9,0.5538866978688085,0.4994322794302955,0.5345477645518742,0.4941220582186193
UY,10,0.6014436095702778,0.5554555778627613,0.5949926141159625,0.553752456554527
UY,11,0.6059054563798718,0.5827444388127829,0.6339104651608315,0.5919323149277854
UY,12,0.623005855566105,0.5972329938809331,0.6478112216910897,0.6049616727311532
UY,13,0.6558363663799075,0.6076016681114158,0.6414402372021354,0.5987718070341117
UY,14,0.6665433488440852,0.6155387480010681,0.6449197821971225,0.6047506821206028
UY,15,0.6610600241084678,0.6177079171661538,0.6481946203012017,0.6117208245206215
UY,16,0.6402935801612067,0.6103099051992937,0.6475901331059812,0.6150331486084712
UY,17,0.6371733056648049,0.6098033531994995,0.6481999997938644,0.6171002616246781
UY,18,0.6660337496474499,0.6285237316709085,0.665569323026994,0.6315916231847719
UY,19,0.6894030844991432,0.6458324759592512,0.6813408909415272,0.6431709085026797
UY,20,0.6946937999811459,0.6460811527602068,0.6768572877584608,0.6365800525029712
UY,21,0.6909139012086597,0.6181748729530703,0.639028933568128,0.5998048432079186
UY,22,0.6282994791005223,0.5551076579374725,0.5677639044486089,0.5307826000220397
UY,23,0.5097483959328991,0.46956161557759707,0.4877610140518299,0.45224758532597314
UZ,0,0.3348674615222767,0.30595058222363136,0.3517326685140553,0.30527539528059655
UZ,1,0.23901491046197154,0.23063632499045175,0.28337650119975893,0.25014949534809394
UZ,2,0.1719960588269889,0.16799467964768236,0.21594984958385663,0.1949354565797437
UZ,3,0.13702748955657046,0.13249732212961485,0.16866230347297664,0.15312151036660027
UZ,4,0.14691915274633277,0.131340227132509,0.154540827181906,0.13694097578189596
UZ,5,0.1848156587318435,0.1559378805601026,0.1727746750894933,0.15233647348177923
UZ,6,0.23620880740270672,0.20656314850349,0.22607594984086038,0.20260822423374536
UZ,7,0.31153542106382126,0.27614256641127954,0.30239890582417955,0.27350824419053743
UZ,8,0.4071678995249652,0.3520993412950552,0.3840091774177972,0.3459624283192719
UZ,9,0.4575707849780107,0.40577692837763746,0.44959597053616257,0.4022853908337651
UZ,10,0.48148058250631,0.4363455987809366,0.4887587837561448,0.4367449745592272
UZ,11,0.48304187544436855,0.4471390524596683,0.5069326842442416,0.45360747137605506
UZ,12,0.49578913689588144,0.4556419869905526,0.5148880159203938,0.4614322332493893
UZ,13,0.5320112798138437,0.46977732170829456,0.5169023387401235,0.4635952092770165
UZ,14,0.530955235833789,0.46229031160503586,0.5045239069605801,0.45426213601094
UZ,15,0.5157048285866644,0.4464826375684424,0.48537287159382636,0.4365071386431205
UZ,16,0.4951010791885594,0.4360742586703477,0.48010696710814316,0.42880336850615747
UZ,17,0.4844599039041345,0.4447370978374301,0.5029240183417616,0.44806364684237804
UZ,18,0.5147137862417275,0.4767355791053067,0.5471961307599624,0.4887859620932609
UZ,19,0.5593773529537108,0.5103283283614521,0.5831795680619788,0.5190941713750427
UZ,20,0.5985085050917154,0.5276364160733081,0.5902076881946724,0.5210969916742754
UZ,21,0.5963321894564327,0.5064135194746955,0.5593747848778273,0.49045900611340315
UZ,22,0.5463594852324907,0.4515823821890409,0.496365238752058,0.43228025216948524
UZ,23,0.44851989967077394,0.3827332670734464,0.42362895966313074,0.3670006028636328
VN,0,0.41550665233223066,0.38096451149008775,0.40689819314676157,0.3749167085634655
VN,1,0.29791133478131904,0.2863112028388407,0.3279215616267403,0.2971348828056598
VN,2,0.22794709237349384,0.2203346416704901,0.2650703140316304,0.23623096663358534
VN,3,0.1857005638051186,0.17876831711439006,0.2169201967359102,0.1938605530261768
VN,4,0.1643352807735916,0.15758078319197352,0.18727911526563495,0.17123727786879922
VN,5,0.18267045294992412,0.16838118491930634,0.18510967819046467,0.17096484196229422
VN,6,0.23232592172866312,0.2051784900249372,0.21597391930745075,0.20057151361527326
VN,7,0.2899030476489617,0.25892990585298004,0.27167746944085114,0.25140594546860967
VN,8,0.36727641249048143,0.3230383393518595,0.33760379720981276,0.3105303041909191
VN,9,0.424762352021971,0.3864317296921482,0.4068984372077127,0.37449046892775995
VN,10,0.451639945294932,0.4315860852226536,0.4690609997938906,0.4345934601712976
VN,11,0.46630585662657864,0.4546136375131111,0.509779635972817,0.4760938351309169
VN,12,0.5085659289208824,0.4841038462289984,0.5244275212543004,0.4926124655097071
VN,13,0.5335684214858877,0.49127880242632943,0.5192086256827458,0.48603000858945844
VN,14,0.5376612865852846,0.4834240977152645,0.5070157690130022,0.47016705070956805
VN,15,0.5237137925369518,0.4723826429678348,0.49719523707724045,0.4584367519481113
VN,16,0.5171553138427296,0.4656179264776119,0.4915401469535367,0.45421044235627867
VN,17,0.47989975120264705,0.45262877920007705,0.49256995839483325,0.45686935274200813
VN,18,0.4826944053452485,0.4625414152543853,0.5136750232020952,0.47743324078151894
VN,19,0.4964627825985442,0.4790672613698843,0.541216184027012,0.501090171916813
VN,20,0.5549422950756598,0.5168575847568324,0.5623288463698154,0.5181892503835217
VN,21,0.5879551096404099,0.5334519242638509,0.5658541326618793,0.5203245705203031
VN,22,0.5876809899692778,0.5163153393585029,0.5398700179197206,0.49720776808247563
VN,23,0.5236511252935359,0.4630077813634138,0.4851413348384661,0.4481943983612434
ZA,0,0.2962400266991963,0.28405580739615216,0.32385243950655856,0.2977031196856816
ZA,1,0.21518204104924293,0.2046663182146004,0.23493736678034993,0.21725043659246704
ZA,2,0.17183136772328966,0.1630438348817497,0.1877142832284905,0.1744005353354957
ZA,3,0.1513824109782748,0.14562938381360718,0.172968712955836,0.16188307623432427
ZA,4,0.1602988337711137,0.15471509962320018,0.1801927822835637,0.16788303541879707
ZA,5,0.21683035970129796,0.20327149597984018,0.2234168511887463,0.2072768006685748
ZA,6,0.3233146530756152,0.2910702216557498,0.3081784634034366,0.2884408498645178
ZA,7,0.4343603992535236,0.3948625444782341,0.41429728917477693,0.3894936682800254
ZA,8,0.5394367783431832,0.4871188503835837,0.5121484401554848,0.47769299740550697
ZA,9,0.5857375533110349,0.5453628058507796,0.5830304492996182,0.5409518032532467
ZA,10,0.6108852576816606,0.5795146445065036,0.6253920184912881,0.581063133969596
ZA,11,0.6282652665128153,0.6016538465365483,0.6509359827350681,0.6071002608959644
ZA,12,0.641219828051961,0.6106119125293039,0.6544894970978812,0.6121434988776362
ZA,13,0.6531089909109531,0.6082406306233162,0.6403961296519403,0.6016079324704614
ZA,14,0.6617028942000563,0.6037960707196204,0.6309119279063635,0.593714785350893
ZA,15,0.6705463079767441,0.613099400640117,0.6409609200284898,0.6031327964658965
ZA,16,0.6601588890015473,0.6246523018742951,0.6564104634249637,0.6188457912406803
ZA,17,0.6533038980266324,0.6350557015536281,0.6807755259047263,0.6437701106140852
ZA,18,0.6749598632363382,0.6549671531914252,0.7069243269640916,0.6693693381465927
ZA,19,0.6933598776200526,0.6639577625195278,0.7105032985530239,0.6683681852250236
ZA,20,0.7011358911037983,0.6449024856318238,0.676754628099047,0.6293723671331991
ZA,21,0.6688338145036296,0.5877843346059486,0.6107526391063408,0.5636116376286107
ZA,22,0.560470837867765,0.5022086997146473,0.5253448935302676,0.4834707862369876
ZA,23,0.40904097230008607,0.38976531529041397,0.43031768342945803,0.39545967522035136
ZM,0,0.28481940121570665,0.2731279829521656,0.30272490984791345,0.2775384578834505
ZM,1,0.19334078922831052,0.18351809893746107,0.21578784775271745,0.19649983262359644
ZM,2,0.14549342407313318,0.13583365721147483,0.1653439804762863,0.14830665127972176
ZM,3,0.12481255566833294,0.11727229142121916,0.14324595024976464,0.12664296826942975
ZM,4,0.1259231186615574,0.11941681686109934,0.1465210356914682,0.12911670237360473
ZM,5,0.17105708455274102,0.15934871498842845,0.18057423179077248,0.1622393345281094
ZM,6,0.26162139795408995,0.23095662954371682,0.23953651272100923,0.2204968591725419
ZM,7,0.34447800502677123,0.3065957981494013,0.31388717031397845,0.2944724692248352
ZM,8,0.40809497728108013,0.3751947577155013,0.38552278454456695,0.36462907541632517
ZM,9,0.436137569808822,0.41886269556333094,0.44437546025004615,0.42098805525394734
ZM,10,0.4672595549551123,0.4515396915908952,0.4834295744740188,0.4579618571172984
ZM,11,0.4706486020184866,0.46025895998381455,0.4987313647221335,0.47331666303996417
ZM,12,0.47610733664381555,0.45761828925091,0.48830330429468194,0.4640795065221829
ZM,13,0.47183865077605613,0.44402651800466414,0.46496448861891165,0.44117444100640096
ZM,14,0.482599638466477,0.44150584344915256,0.4551705928799907,0.4287901670039548
ZM,15,0.4968280981741475,0.45040589739952713,0.46605236615191015,0.43617775288982924
ZM,16,0.4967451892157008,0.46009167171240023,0.48134710372337697,0.44970859796001034
ZM,17,0.48518993072380256,0.4599156144231519,0.5037172303659717,0.4709477597122449
ZM,18,0.4964306716057728,0.47699721974018905,0.529208016067974,0.4956298758810827
ZM,19,0.5182694013740123,0.5011498285814497,0.5468399370545792,0.512236127172591
ZM,20,0.528424424552496,0.5062527103411388,0.5466683215490599,0.5099017208331212
ZM,21,0.5501262575153802,0.497544411237079,0.5230677350767772,0.48450219543294204
ZM,22,0.5369259597976096,0.4601555661081726,0.4732173297366331,0.43614302063188365
ZM,23,0.42345444494937046,0.3801567425700463,0.3983892358842418,0.36624631650731965
