country,tau_ms,phi,tier,year,perturbation,region,ob_star,uncovered_share,lcoe_gen,lcoe_store,lcoe_anc,lcoe_elec,lcoe_gen_floor,ldes_energy_share,P_li,E_li,P_ld,E_ld
AE,50,0.0,local,2025,P_mix,Asia-Pacific,1.927,0.3303548527816178,159.70571612367127,63.28757615501411,5.780334897755169,228.77362717644053,82.88743763913779,0.37,110.3,495.4,66.8,2312.1
AE,500,1.0,global,2025,P_mix,Asia-Pacific,1.68,0.12307425761577748,137.737279158247,44.500343815420756,5.041008493082929,187.27863146675068,81.97007365524847,0.514,60.9,230.5,66.1,1981.3
AF,50,0.0,local,2025,P_mix,Asia-Pacific,1.72,0.3306886869534125,183.44299698527402,80.31197238223986,5.159630451418774,268.91459981893263,106.66054403266324,0.214,149.9,748.9,51.3,2774.3
AF,500,1.0,global,2025,P_mix,Asia-Pacific,1.441,0.13561786273230378,149.74916105270768,67.23714134069102,4.321934949735746,221.30823734313446,103.94591505492029,0.283,107.6,473.7,64.2,2815.2
AR,50,0.0,local,2025,P_mix,Latin America,1.774,0.26772102643208007,78.67487865701737,75.39156918447038,5.320786786435072,159.38723462792285,44.358972731772674,0.861,23.7,70.8,144.7,4694.8
AR,500,1.0,global,2025,P_mix,Latin America,1.825,0.13207835537287702,82.09901503586306,56.18247238202974,5.475486885401103,143.7569743032939,44.98176148759864,0.743,32.7,107.2,119.9,3044.9
AT,50,0.0,local,2025,P_mix,Europe,2.952,0.32503286462567155,232.22623859995704,136.7425479039463,8.855348274481875,377.8241347783852,78.67321467270389,1.0,-0.0,-0.0,343.2,8251.6
AT,500,1.0,global,2025,P_mix,Europe,2.382,0.1551341939853171,189.3296482027084,89.16836942484166,7.144979197642433,285.6429968251925,79.49483530974298,0.96,4.9,13.5,218.8,5362.6
AU,50,0.0,local,2025,P_mix,Asia-Pacific,2.06,0.24301394083629319,120.95574986789529,45.692760880039394,6.179053092501171,172.82756384043586,58.72538140901512,0.487,64.9,253.4,74.5,1866.8
AU,500,1.0,global,2025,P_mix,Asia-Pacific,1.794,0.10618427893882401,107.6471559635276,31.113623263083895,5.381517718084992,144.14229694469648,60.0093662806895,0.371,68.0,235.2,43.5,986.3
BD,50,0.0,local,2025,P_mix,Asia-Pacific,2.17,0.37004531615512554,219.73407052329134,98.88171475755372,6.511032854165695,325.12681813501075,101.2438773286364,0.074,238.0,1339.2,31.6,1727.6
BD,500,1.0,global,2025,P_mix,Asia-Pacific,1.679,0.14613736771661642,168.2855088385121,68.31102188983536,5.0374589741461495,241.63398970249364,100.22047407365912,0.169,145.3,765.3,35.8,1811.8
BE,50,0.0,local,2025,P_mix,Europe,3.294,0.2392762094147944,171.28631088959477,57.79557504893751,9.881424320679148,238.96331025921143,52.00251664058235,0.677,51.1,156.9,106.7,3061.1
BE,500,1.0,global,2025,P_mix,Europe,2.955,0.12008870360916664,158.25075835280254,49.72030789782324,8.865901442145974,216.83696769277174,53.548111058573205,0.709,38.8,108.3,92.1,2769.5
BF,50,0.0,local,2025,P_mix,Africa/MENA,2.062,0.3464687030066489,200.00030289948265,80.12170169765469,6.185345218179446,286.3073498153168,97.0036251064818,0.261,168.2,767.2,112.5,1836.7
BF,500,1.0,global,2025,P_mix,Africa/MENA,1.998,0.14625025346827653,189.0224161097444,73.47548562942791,5.993062874554753,268.49096461372704,94.62060722521014,0.26,156.5,606.5,111.6,2006.0
BG,50,0.0,local,2025,P_mix,Europe,1.961,0.3238179964540611,152.31056436922015,83.47036353265848,5.882054015849305,241.66298191772796,77.68233543528322,0.828,29.6,107.7,127.4,5462.3
BG,500,1.0,global,2025,P_mix,Europe,1.794,0.13376251087233973,140.77007892941012,61.15607088040207,5.381114501207629,207.30726431101982,78.48006889529215,0.822,22.6,66.7,104.4,3915.6
BH,50,0.0,local,2025,P_mix,Asia-Pacific,2.389,0.3565678083402503,182.89345966939115,102.89557581166878,7.16846571054869,292.9575011916086,76.54083888561624,0.251,166.8,805.8,61.5,4395.1
BH,500,1.0,global,2025,P_mix,Asia-Pacific,2.072,0.13767516766080018,158.50960119287805,54.071646590100556,6.215397395628541,218.79664517860712,76.5081897921902,0.314,99.8,506.0,62.9,1509.7
BI,50,0.0,local,2025,P_mix,Africa/MENA,1.516,0.3856460581753022,260.41482848471776,113.46285731646473,4.548656124051379,378.4263419252339,171.752813171183,0.179,204.1,919.0,60.5,4722.6
BI,500,1.0,global,2025,P_mix,Africa/MENA,1.493,0.12490429915563286,234.96108052660895,80.74492849145831,4.477958887495616,320.1839679055629,157.41172692499794,0.218,135.6,599.9,52.9,3518.3
BO,50,0.0,local,2025,P_mix,Latin America,2.153,0.37828645526423654,212.72103883535758,90.501969478017,6.459545390796851,309.6825537041714,98.79381255146643,0.05,262.8,1399.1,25.5,668.2
BO,500,1.0,global,2025,P_mix,Latin America,1.963,0.13926518617560574,187.56514083863348,69.5249988437225,5.887510017937127,262.9776497002931,95.5744314322303,0.102,196.3,927.1,34.0,1018.1
BR,50,0.0,local,2025,P_mix,Latin America,2.341,0.2048572640861751,114.41563306389577,36.17319043738805,7.023970652262838,157.61279415354664,48.86792900837477,0.506,45.1,178.0,61.7,1569.5
BR,500,1.0,global,2025,P_mix,Latin America,2.016,0.09969569582244903,99.70420383601964,27.691016298240466,6.047758803912367,133.44297893817247,49.45842273249392,0.471,43.4,151.6,47.9,1089.5
BY,50,0.0,local,2025,P_mix,Europe,2.266,0.3265719294954285,209.3839943613539,174.29696181872853,6.798398632189279,390.4793548122717,92.39705069806692,0.89,21.5,63.3,166.2,13539.6
BY,500,1.0,global,2025,P_mix,Europe,2.134,0.14592836240758641,200.79393498792626,137.62353780349275,6.402311819088048,344.81978461050704,94.08817033369401,0.867,19.6,57.5,138.5,10555.7
CA,50,0.0,local,2025,P_mix,North America,1.889,0.2032881241507928,124.05663646989284,35.99620437438395,5.667689495586695,165.72053033986347,65.66519032129047,0.692,27.4,95.1,93.2,1601.2
CA,500,1.0,global,2025,P_mix,North America,1.628,0.09768843104420115,109.3090095458958,30.461249042124475,4.8854804279010455,144.65573901592134,67.12278013947045,0.651,28.9,82.1,74.9,1374.8
CH,50,0.0,local,2025,P_mix,Europe,2.781,0.4008103081549989,364.87630253837267,150.05727752654442,8.344497055220648,523.2780771201377,131.1797344251298,0.312,193.9,789.6,136.9,7744.1
CH,500,1.0,global,2025,P_mix,Europe,2.308,0.15636888770299393,299.4962782342774,122.31811555580902,6.923702099056579,428.7380958891429,129.77000192213112,0.328,142.9,515.9,78.6,7358.0
CL,50,0.0,local,2025,P_mix,Latin America,2.114,0.30438166197899624,114.20606211961233,90.75813671363407,6.341626054861343,211.30582488810774,54.02686683113301,0.708,55.6,221.1,117.0,5649.2
CL,500,1.0,global,2025,P_mix,Latin America,1.868,0.14186130009386172,101.5269036859921,74.40542070932207,5.603770929354192,181.53609532466837,54.35281257884642,0.593,54.6,230.1,96.8,4366.6
CN,50,0.0,local,2025,P_mix,Asia-Pacific,1.676,0.1528429622483963,96.74956531410656,21.330304367639066,5.028453382571088,123.1083230643167,57.721266134899125,0.883,5.9,16.5,61.6,1089.2
CN,500,1.0,global,2025,P_mix,Asia-Pacific,1.525,0.0751304155176177,88.6847214677736,18.667870921684617,4.575830307538083,111.9284226969963,58.14336339462397,0.908,4.3,10.6,55.2,957.7
CO,50,0.0,local,2025,P_mix,Latin America,1.451,0.39936833745914996,155.37898195038284,102.04339036806955,4.35207706724101,261.7744493856934,107.10677652283762,0.259,165.6,770.3,84.3,4196.2
CO,500,1.0,global,2025,P_mix,Latin America,1.469,0.14102121437141144,150.25120888920165,78.34148713372545,4.4065135904190935,232.9992096133462,102.29257607366995,0.275,119.0,500.1,83.7,3426.1
CR,50,0.0,local,2025,P_mix,North America,2.043,0.3774366881851279,321.24721888035464,106.31598581386439,6.130365768221797,433.6935704624408,157.20785562858978,0.062,308.1,1361.4,28.7,2068.9
CR,500,1.0,global,2025,P_mix,North America,1.666,0.13605492682298242,250.5916968362794,68.55669649609801,4.999486870575233,324.14788020295265,150.37045000226956,0.245,145.7,557.5,51.6,2566.3
CU,50,0.0,local,2025,P_mix,North America,3.06,0.2802185804990554,181.9972402892662,77.42407243117509,9.180992648496966,268.60230536893823,59.46979175037056,0.264,178.4,757.1,69.9,2127.0
CU,500,1.0,global,2025,P_mix,North America,2.383,0.12500457932089568,143.20930905167194,60.18251951704259,7.149603209717685,210.54143177843224,60.091156747142016,0.327,114.9,469.0,48.4,2358.1
CV,50,0.0,local,2025,P_mix,Africa/MENA,2.483,0.2807157623905271,137.65771231622907,79.92285210591123,7.448828853534607,225.0293932756749,55.441351260570904,0.275,157.2,672.8,79.9,2693.2
CV,500,1.0,global,2025,P_mix,Africa/MENA,2.113,0.13617263617485081,119.03285093236994,58.81634292946079,6.339688442450502,184.18888230428124,56.327460890030686,0.31,108.1,483.3,71.3,1909.0
CZ,50,0.0,local,2025,P_mix,Europe,2.68,0.32593337000025135,285.86273257118495,103.94530685803176,8.040551651479602,397.84859108069634,106.65788056417065,0.685,47.0,205.6,128.9,6814.0
CZ,500,1.0,global,2025,P_mix,Europe,2.437,0.14567130231331657,260.7188086291268,75.44740333558151,7.311336857566657,343.47754882227497,106.97857876400695,0.666,40.4,153.1,98.6,4840.5
DE,50,0.0,local,2025,P_mix,Europe,1.591,0.2258122553835261,84.47955378929196,80.41873792501858,4.7741478702133815,169.67243958452391,53.085632925012085,0.911,15.6,41.8,127.8,5529.4
DE,500,1.0,global,2025,P_mix,Europe,1.434,0.10831655839053576,78.61544137290952,71.67328187422333,4.302012466654926,154.59073571378778,54.822324655445094,0.996,1.1,1.1,114.2,5136.0
DK,50,0.0,local,2025,P_mix,Europe,1.52,0.2457446036541914,86.73963181054519,103.85449117767065,4.559757184622086,195.15388017283794,57.06858608814343,0.935,13.3,28.6,136.0,7644.2
DK,500,1.0,global,2025,P_mix,Europe,1.405,0.1221494344722089,82.20653851764688,86.69078404620858,4.214792803656887,173.11211536751236,58.51286813884804,0.963,5.6,11.9,114.2,6447.9
DO,50,0.0,local,2025,P_mix,North America,2.443,0.3371808287815529,187.04817540688873,90.66803136687348,7.330267358829047,285.04647413259124,76.55171343031387,0.515,117.0,408.6,167.2,3930.1
DO,500,1.0,global,2025,P_mix,North America,1.885,0.12766406137583225,143.89404498820966,74.21172668428322,5.65526400132398,223.76103567381682,76.33279982394544,0.577,54.6,214.7,103.6,4333.1
DZ,50,0.0,local,2025,P_mix,Africa/MENA,2.043,0.3474048932950463,140.01659764238312,79.64185468776398,6.127603797090268,225.78605612723737,68.550416579905,0.749,62.9,194.9,161.6,4162.2
DZ,500,1.0,global,2025,P_mix,Africa/MENA,1.924,0.15271110171511487,132.917728037852,53.82613907003375,5.771773658313866,192.5156407661996,69.0867673820117,0.744,51.3,133.5,143.2,2344.7
EC,50,0.0,local,2025,P_mix,Latin America,1.461,0.4863183276737578,233.40842771091997,122.8173945908109,4.382125081426747,360.6079473831576,159.79125883480674,0.204,259.2,1011.2,91.8,4558.0
EC,500,1.0,global,2025,P_mix,Latin America,1.811,0.13628779968703073,185.42356989168596,75.25077791547055,5.434490745890215,266.1088385530467,102.35930755714926,0.267,150.5,633.6,101.8,2192.9
EE,50,0.0,local,2025,P_mix,Europe,2.403,0.2952413474458667,169.2752052258461,83.44766517268043,7.2079976956084995,259.930868094135,70.45307686306982,0.935,12.6,31.8,151.7,5565.3
EE,500,1.0,global,2025,P_mix,Europe,2.106,0.15008167767075828,149.61799452768017,66.53879425411402,6.318495637873982,222.47528441966818,71.03810927597105,0.926,9.3,33.4,122.9,4380.1
EG,50,0.0,local,2025,P_mix,Africa/MENA,2.503,0.2621075827759032,95.05462909568739,96.53409624796713,7.508862726922044,199.09758807057656,37.97697436452597,0.807,33.9,119.7,128.0,6582.5
EG,500,1.0,global,2025,P_mix,Africa/MENA,1.99,0.13513535546007696,76.05016341810318,81.03570128023624,5.9702740472539535,163.0561387455934,38.21440832506654,0.875,16.8,56.1,116.8,5653.6
ES,50,0.0,local,2025,P_mix,Europe,1.937,0.2560762052872978,143.94778126973785,75.21020868042143,5.811563306934758,224.96955325709405,74.3076038238983,0.404,81.3,340.6,74.3,4120.7
ES,500,1.0,global,2025,P_mix,Europe,1.763,0.12215812234985397,131.84173790700208,52.10116877563625,5.289020291946228,189.23192697458458,74.78232108946244,0.518,45.1,182.4,77.8,2809.9
ET,50,0.0,local,2025,P_mix,Africa/MENA,2.462,0.2756629447061178,144.12077565140848,70.68085701314234,7.386957864965396,222.18859052951623,58.53049859737525,0.3,137.5,613.8,80.9,2175.7
ET,500,1.0,global,2025,P_mix,Africa/MENA,2.149,0.1343252019046349,126.1817093416698,61.8247354704583,6.4465456367440055,194.4529904488721,58.72061555996442,0.428,91.3,331.2,95.9,2625.2
FI,50,0.0,local,2025,P_mix,Europe,3.37,0.30904391670813924,243.4543223062697,200.0645414190032,10.110207401810067,453.6290711270829,72.24015669431826,1.0,-0.0,-0.0,389.3,13483.0
FI,500,1.0,global,2025,P_mix,Europe,2.803,0.16271868115496937,204.02481325119615,149.76439434662242,8.409224713815952,362.1984323116345,72.78607250772895,1.0,-0.0,0.0,291.9,10087.3
FJ,50,0.0,local,2025,P_mix,Asia-Pacific,1.844,0.33152985590979456,183.38792795844762,94.65364853285503,5.531650998222434,283.5732274895251,99.45742854206371,0.522,116.6,431.9,140.1,4532.3
FJ,500,1.0,global,2025,P_mix,Asia-Pacific,1.573,0.13411610840534502,153.86126880899198,72.4707509902124,4.718528454934259,231.0505482541386,97.82367762226563,0.671,60.4,177.3,121.7,4091.6
FR,50,0.0,local,2025,P_mix,Europe,1.777,0.23658974820506037,122.23298135056058,77.5414761683034,5.3316261884737886,205.10608370733777,68.77806715790263,0.772,34.0,87.4,110.3,5206.5
FR,500,1.0,global,2025,P_mix,Europe,1.638,0.11246670168894778,114.46340483699028,64.61396879314646,4.913332685261729,183.99070631539848,69.88946943100794,0.747,29.3,71.6,90.3,4360.1
GB,50,0.0,local,2025,P_mix,Europe,1.683,0.23379289720825705,104.01513426173064,66.40787334763405,5.04907110044434,175.472078709809,61.80253685826101,0.911,14.8,31.9,118.1,4412.4
GB,500,1.0,global,2025,P_mix,Europe,1.544,0.11112174990304202,97.69155423971576,58.73754446189383,4.631106355376744,161.06020505698635,63.28394129383052,0.917,9.8,21.2,92.7,4093.9
GF,50,0.0,local,2025,P_mix,Latin America,2.112,0.30734952696708207,290.75343620474536,169.36648295747457,6.33504407143405,466.45496323365404,137.68812004756697,0.428,114.0,389.8,101.6,12064.7
GF,500,1.0,global,2025,P_mix,Latin America,1.958,0.1491679805117121,264.6156789433229,140.3504046766491,5.873347367690632,410.83943098766264,135.16092053348234,0.478,89.5,274.5,97.4,10069.1
GH,50,0.0,local,2025,P_mix,Africa/MENA,1.586,0.2723404424305911,204.47210954702155,103.96492601424463,4.757019728528453,313.1940552897946,128.94971298149818,0.419,115.0,374.0,82.7,6369.3
GH,500,1.0,global,2025,P_mix,Africa/MENA,1.633,0.12425579408918011,205.57856112245298,62.62952852406688,4.900034348453733,273.10812399497354,125.86354288760872,0.256,116.9,428.9,56.4,2654.3
GR,50,0.0,local,2025,P_mix,Europe,2.626,0.39591904027154334,250.2695449552187,92.56392083387964,7.876508188259659,350.70997397735795,95.32252324510702,0.053,283.1,1298.0,20.4,1294.5
GR,500,1.0,global,2025,P_mix,Europe,2.238,0.1465885800199803,211.18936976094918,62.58455954504875,6.712848048911159,280.48677735490907,94.38141674987186,0.11,183.9,785.5,34.9,1054.4
GT,50,0.0,local,2025,P_mix,North America,1.651,0.3884325141655141,151.30284195478328,90.53420567599615,4.951767434216088,246.78881506499553,91.66596208212432,0.191,221.7,907.1,72.6,2451.3
GT,500,1.0,global,2025,P_mix,North America,1.599,0.1428746152622048,144.1229304974963,59.879136929964176,4.796034238088204,208.7981016655487,90.15131461297491,0.21,154.4,608.5,66.5,1321.1
HN,50,0.0,local,2025,P_mix,North America,2.276,0.3510187030708151,148.59516056922126,90.06298381642725,6.827415529244714,245.4855599148932,65.29344519872484,0.1,235.1,1143.2,44.2,1651.9
HN,500,1.0,global,2025,P_mix,North America,1.734,0.14213626336419646,114.68204369133859,62.928338546147735,5.202543990339906,182.81292622782624,66.1303646279283,0.216,143.9,607.8,49.5,1857.3
HU,50,0.0,local,2025,P_mix,Europe,3.372,0.3505398119499637,328.74249939991574,86.50671447907524,10.11713225228604,425.366346131277,97.4809336881905,0.669,56.9,204.1,147.9,4945.3
HU,500,1.0,global,2025,P_mix,Europe,2.851,0.15560185650485917,278.79782147321566,61.08294172366566,8.553708843509133,348.43447204039046,97.78138112034696,0.68,39.0,137.8,108.2,3477.9
ID,50,0.0,local,2025,P_mix,Asia-Pacific,1.612,0.4029730414584512,204.06479428622347,99.57258652998017,4.835096318031472,308.4724771342351,126.61472338733364,0.181,207.0,1026.9,60.5,2952.4
ID,500,1.0,global,2025,P_mix,Asia-Pacific,1.528,0.14596359084179106,184.08032969200192,76.45950561532082,4.58282013613251,265.12265544345524,120.50243576481435,0.236,149.1,655.0,66.0,2661.2
IE,50,0.0,local,2025,P_mix,Europe,3.415,0.29685655547968776,173.70507207386234,80.6987293115901,10.2442402952802,264.64804168073266,50.869093383301,0.885,16.2,62.1,161.6,5038.1
IE,500,1.0,global,2025,P_mix,Europe,3.111,0.15613169644258515,157.49995227667995,73.42428851122851,9.333361785730629,240.2576025736391,50.62483033202689,0.825,24.1,88.3,128.4,4637.5
IL,50,0.0,local,2025,P_mix,Asia-Pacific,2.226,0.4333625672927844,285.85521050864264,105.96103987155422,6.676598401884427,398.4928487820813,128.44349471190048,0.102,256.0,1217.7,44.7,2686.4
IL,500,1.0,global,2025,P_mix,Asia-Pacific,2.071,0.12764054710834566,240.10785232934944,79.87807453861427,6.212682399819123,326.1986092677828,115.94404970854755,0.164,183.6,846.4,70.7,1920.7
IN,50,0.0,local,2025,P_mix,Asia-Pacific,2.114,0.25369347586967333,148.09645874629524,61.98260298562675,6.3431919970206865,216.42225372894265,70.04192470408637,0.177,126.0,643.6,40.3,1797.6
IN,500,1.0,global,2025,P_mix,Asia-Pacific,1.723,0.11316295058010603,122.09621423030696,40.90536295508982,5.168726045294821,168.1703032306916,70.86632943612094,0.167,90.1,457.8,29.2,977.1
IR,50,0.0,local,2025,P_mix,Asia-Pacific,4.469,0.424916332259805,312.0640436690439,145.02840613461728,13.406158248033515,470.4986080516947,69.83299120346092,0.134,367.7,1923.7,78.7,2237.9
IR,500,1.0,global,2025,P_mix,Asia-Pacific,3.768,0.20541359132293624,264.85376132443264,117.11903388490386,11.30545816884554,393.27825337818194,70.28121037702563,0.147,283.3,1458.3,67.0,2245.3
IT,50,0.0,local,2025,P_mix,Europe,2.824,0.4053403736686198,298.5761012647862,131.01257495030853,8.470552860566904,438.0592290756615,105.74614414653601,0.112,298.4,1256.4,46.9,4616.1
IT,500,1.0,global,2025,P_mix,Europe,2.137,0.14605161801482835,223.31371636708585,100.66124107245189,6.4122703244286265,330.38722776396634,104.47799534417709,0.294,141.2,531.9,67.0,5451.3
JM,50,0.0,local,2025,P_mix,North America,1.91,0.43659564045215055,177.1545155319197,91.09507002121605,5.730018722694776,273.9796042758306,92.75075219052997,0.249,193.8,890.6,92.9,2433.7
JM,500,1.0,global,2025,P_mix,North America,1.502,0.1286643431348342,132.5584330487513,65.61692818846608,4.505922720898861,202.6812839581162,88.2561294941438,0.19,152.6,632.4,51.8,1931.2
JO,50,0.0,local,2025,P_mix,Asia-Pacific,1.77,0.2720028796650129,119.31773862878718,97.72116497646728,5.308794872872101,222.34769847812657,67.426454488852,0.799,30.5,114.0,147.3,6489.1
JO,500,1.0,global,2025,P_mix,Asia-Pacific,1.585,0.12561164556375592,106.99359958646892,68.27700778129353,4.754640395657613,180.02524776342008,67.5089537901871,0.761,30.0,97.0,118.4,4228.1
JP,50,0.0,local,2025,P_mix,Asia-Pacific,1.823,0.39527122238421186,172.98421342969522,111.86460720887328,5.468715451799456,290.3175360903679,94.89479656842008,0.52,105.7,498.4,125.8,6034.0
JP,500,1.0,global,2025,P_mix,Asia-Pacific,1.742,0.14118141574195014,165.73501995067826,72.65609353277455,5.2257032835903825,243.61681676704316,95.1460564960403,0.607,55.9,243.2,113.1,3938.4
KE,50,0.0,local,2025,P_mix,Africa/MENA,2.126,0.3186854661270788,108.69260405716679,92.90302729456911,6.37658578510332,207.97221713683925,51.13674043769094,0.432,114.8,493.3,100.5,4598.8
KE,500,1.0,global,2025,P_mix,Africa/MENA,1.799,0.13537968378626952,94.51777264606328,67.82608597756573,5.395887772420756,167.73974639604975,52.54989167630105,0.514,76.5,284.9,96.1,3439.4
KH,50,0.0,local,2025,P_mix,Asia-Pacific,1.957,0.3387863073390799,241.23952476017504,73.3287426018982,5.869523724350778,320.437791086424,123.30107318214732,0.174,182.4,903.9,57.6,1231.2
KH,500,1.0,global,2025,P_mix,Asia-Pacific,1.699,0.14502746729165314,204.7497871085825,50.248941006584154,5.097254828913577,260.0959829440802,120.50591581992146,0.283,121.7,478.9,70.2,1102.6
KR,50,0.0,local,2025,P_mix,Asia-Pacific,1.972,0.40966770923541956,228.92046958862076,95.8781864100205,5.91657619949102,330.7152321981323,116.07412557704257,0.436,131.3,612.7,143.5,3733.7
KR,500,1.0,global,2025,P_mix,Asia-Pacific,1.75,0.1365323276675476,200.05344916733915,76.91772512054762,5.251029737565678,282.22220402545247,114.29383901761057,0.595,67.7,249.0,143.7,3874.2
KW,50,0.0,local,2025,P_mix,Asia-Pacific,2.8,0.3016177364076474,148.578189573028,58.198609941120985,8.398623834417815,215.17542334856677,53.07233393314401,0.485,79.6,444.4,86.5,1949.0
KW,500,1.0,global,2025,P_mix,Asia-Pacific,2.223,0.13539450924188967,119.26560425374123,51.092463739648665,6.67027744838154,177.02834544177142,53.640469310319176,0.66,34.1,202.6,91.3,2501.6
KZ,50,0.0,local,2025,P_mix,Asia-Pacific,2.913,0.4257089814572089,268.9793894950744,109.71933741772104,8.738056535190774,387.4367834479862,92.34755637428584,0.203,237.8,1201.2,114.3,2306.9
KZ,500,1.0,global,2025,P_mix,Asia-Pacific,2.613,0.15218035855958814,240.10106633200851,79.82645558359513,7.8397417320698475,327.7672636476735,91.87843472566206,0.157,197.6,886.4,45.7,1994.3
LC,50,0.0,local,2025,P_mix,North America,2.646,0.22420061647943867,110.37477382660612,39.84395751424634,7.938689602337938,158.15742094319037,41.71019879430764,0.307,93.6,386.3,57.1,838.9
LC,500,1.0,global,2025,P_mix,North America,2.173,0.11030264391791625,93.07426541987019,34.34264432761362,6.519735576731991,133.93664532421582,42.827319140996636,0.398,63.3,243.9,59.3,1064.1
LK,50,0.0,local,2025,P_mix,Asia-Pacific,2.383,0.28436395503227174,127.22039689810632,87.7712855451186,7.150019338068274,222.14170178129316,53.37904313940431,0.341,142.6,569.7,69.9,4057.1
LK,500,1.0,global,2025,P_mix,Asia-Pacific,1.946,0.13267302691982882,106.62340168875266,57.85362226105021,5.838074619078363,170.3150985688812,54.790359140143494,0.409,95.8,347.5,60.4,2614.3
LY,50,0.0,local,2025,P_mix,Africa/MENA,1.539,0.23936209288760585,76.7833792520031,54.29545464351435,4.6183471162624565,135.69718101177992,49.87718158838335,0.852,25.1,53.7,128.4,3035.0
LY,500,1.0,global,2025,P_mix,Africa/MENA,1.602,0.11173996115880198,80.67840675650982,36.00769915383319,4.8070225314814,121.49312844182438,50.35034029577146,0.79,26.4,51.7,106.6,1633.1
MA,50,0.0,local,2025,P_mix,Africa/MENA,1.887,0.3531222553779846,123.38810951244763,93.76012234159573,5.661229202370045,222.80946105641345,65.38585796568263,0.787,54.1,186.8,160.8,5537.4
MA,500,1.0,global,2025,P_mix,Africa/MENA,2.04,0.15539361364295048,134.22214241552803,69.27216348582508,6.1186231423814545,209.61292904373457,65.80997356373547,0.826,38.4,101.6,177.2,3530.6
MG,50,0.0,local,2025,P_mix,Africa/MENA,1.383,0.3528751741248755,183.0240600718858,93.91896356194725,4.147644091657855,281.09066772549085,132.38170105289572,0.308,149.7,632.2,83.1,4148.3
MG,500,1.0,global,2025,P_mix,Africa/MENA,1.325,0.11855766023651812,165.3429795559729,58.431075005324786,3.975100088592348,227.74915464989007,124.78401238032036,0.395,89.3,329.1,76.5,2573.2
MM,50,0.0,local,2025,P_mix,Asia-Pacific,1.71,0.3380571800556593,183.86963054782524,115.90630716315444,5.131223516404254,304.90716122738394,107.50046063672947,0.465,111.8,487.7,103.9,6702.1
MM,500,1.0,global,2025,P_mix,Asia-Pacific,1.639,0.14261679464490623,173.7944498876975,78.23044866344307,4.916074404191179,256.94097295533174,106.05684674312286,0.502,75.6,283.6,110.0,4228.9
MN,50,0.0,local,2025,P_mix,Asia-Pacific,1.865,0.2864831171661198,119.13275955182534,78.92324680017447,5.594967611915491,203.6509739639153,63.878525032804724,0.861,26.3,74.6,136.3,5095.6
MN,500,1.0,global,2025,P_mix,Asia-Pacific,1.618,0.1351533076195177,104.94973743580998,71.92875910089515,4.854789153332576,181.7332856900377,64.85332366932985,0.87,15.9,50.1,118.5,4827.9
MR,50,0.0,local,2025,P_mix,Africa/MENA,2.091,0.26107399466817743,104.9693848253011,94.75202624589494,6.273584303745171,205.99499537494123,50.19589109337585,0.607,110.0,237.2,130.1,5565.8
MR,500,1.0,global,2025,P_mix,Africa/MENA,1.971,0.136697235475991,100.33453405789125,80.8416839999933,5.912601668690069,187.0888197265746,50.9088247509767,0.55,120.2,259.3,113.4,4358.3
MU,50,0.0,local,2025,P_mix,Africa/MENA,2.601,0.28472292165536717,151.09074074697602,73.34789035525014,7.801876981522408,232.24050808374855,58.097842777377195,0.127,200.2,951.9,42.3,1137.9
MU,500,1.0,global,2025,P_mix,Africa/MENA,2.022,0.12883125200352477,119.96425268747689,64.77153347269783,6.065792581942659,190.80157874211736,59.33153057916944,0.262,118.6,523.0,40.5,2620.5
MX,50,0.0,local,2025,P_mix,North America,2.211,0.2528756885918554,94.65836632896813,62.5301703142388,6.633409586715379,163.8219462299223,42.80982431050513,0.723,45.8,210.3,107.7,3264.9
MX,500,1.0,global,2025,P_mix,North America,1.881,0.11920743640725157,83.02118661525286,47.20189356169417,5.643761394832695,135.86684157177973,44.13077421625177,0.88,17.9,55.2,101.0,2748.5
MY,50,0.0,local,2025,P_mix,Asia-Pacific,1.777,0.36593373329113765,349.3108249046046,105.04543177643548,5.330074393846898,459.68633107488694,196.6074762340207,0.199,201.3,977.7,74.8,3519.5
MY,500,1.0,global,2025,P_mix,Asia-Pacific,1.626,0.1534220926272581,301.77725050623854,76.62294029836988,4.878157660230229,383.2783484648386,185.58886665339764,0.211,153.8,732.0,59.7,2390.7
NE,50,0.0,local,2025,P_mix,Africa/MENA,2.029,0.3905928794481973,145.81866000358588,80.11673792610522,6.088399788846451,232.02379771853757,71.85073174927655,0.572,164.4,354.6,169.3,2991.2
NE,500,1.0,global,2025,P_mix,Africa/MENA,1.922,0.16102558605789744,138.46110199145787,68.47395021545118,5.765910198861371,212.7009624057704,72.04123748864531,0.464,163.0,344.6,142.7,2307.3
NG,50,0.0,local,2025,P_mix,Africa/MENA,1.549,0.2749753748452402,275.20875547026566,65.58206442162285,4.6474908809639786,345.43831077285245,177.64989486962642,0.197,135.9,617.2,75.3,1768.1
NG,500,1.0,global,2025,P_mix,Africa/MENA,1.471,0.13300193299244228,254.61505906730744,54.40526748851366,4.413882631461232,313.43420918728236,173.05516276246118,0.205,112.6,484.0,67.1,1535.5
NI,50,0.0,local,2025,P_mix,North America,2.696,0.31067546444445077,169.65621961976015,70.6022407022465,8.08893219545352,248.34739251746015,62.92161271241097,0.189,204.2,853.1,58.7,1108.6
NI,500,1.0,global,2025,P_mix,North America,2.08,0.14508035392928895,131.4570764809338,50.99770937188223,6.24088061150029,188.69566646431636,63.19159971047647,0.406,97.4,360.4,64.6,1868.5
NL,50,0.0,local,2025,P_mix,Europe,1.956,0.214550438676483,97.38627385865094,62.466992341610776,5.866829384316116,165.72009558457782,49.79841792518981,0.828,25.9,71.2,116.6,3850.5
NL,500,1.0,global,2025,P_mix,Europe,1.794,0.10819115399212914,91.85533418983684,55.893150471574096,5.380774983580697,153.12925964499163,51.21306938320189,0.85,18.7,47.3,102.1,3564.0
NO,50,0.0,local,2025,P_mix,Europe,3.772,0.3438560913624297,335.043072734815,159.2076197133323,11.316086183668908,505.5667786318162,88.82304375297457,0.638,76.0,264.3,114.4,11685.7
NO,500,1.0,global,2025,P_mix,Europe,2.833,0.16800140683156747,253.9394075809264,141.49075710931646,8.498606160596617,403.9287708508395,89.64037259132209,0.727,45.9,143.5,102.0,10877.2
NP,50,0.0,local,2025,P_mix,Asia-Pacific,1.569,0.48826321040718734,547.0334275592578,133.86247262189994,4.706492389181485,685.6023925703394,348.68860862286056,0.082,316.4,1580.4,42.9,3402.9
NP,500,1.0,global,2025,P_mix,Asia-Pacific,1.537,0.13786891531773457,369.6259987373235,95.79977179923385,4.611232756917437,470.0370032934748,240.47322151511733,0.121,212.6,930.8,31.7,3374.9
NZ,50,0.0,local,2025,P_mix,Asia-Pacific,2.253,0.28184638788963823,144.54835634119195,68.65177252955603,6.758355805886341,219.9584846766343,64.16428514253138,0.652,61.0,211.4,103.6,3812.7
NZ,500,1.0,global,2025,P_mix,Asia-Pacific,1.813,0.13146357514080134,117.96956093616544,45.63109748183182,5.438081140947713,169.03873955894497,65.07969881942911,0.794,30.3,69.6,96.1,2552.2
OM,50,0.0,local,2025,P_mix,Asia-Pacific,2.363,0.25819657831221227,130.82687747908597,59.03222925658961,7.088146458396368,196.94725319407198,55.37140559113878,0.262,129.6,628.5,62.4,1304.0
OM,500,1.0,global,2025,P_mix,Asia-Pacific,2.042,0.11586034790709453,114.35811415721933,46.956000990367116,6.124648960063979,167.4387641076504,56.01534793401045,0.285,100.1,461.8,51.5,1196.1
PA,50,0.0,local,2025,P_mix,North America,1.671,0.41640660126562357,209.7358174187579,93.89220943082519,5.012246966435521,308.64027381601863,125.53400829403579,0.195,228.0,917.3,96.1,2396.0
PA,500,1.0,global,2025,P_mix,North America,1.562,0.13489245587101695,182.41776679980043,77.94858930489322,4.686958925729211,265.0533150304229,116.76084836059378,0.211,178.6,652.1,82.4,2488.5
PE,50,0.0,local,2025,P_mix,Latin America,2.916,0.23192598672455386,136.84256712659453,64.33468801298228,8.748618832312868,209.9258739718897,46.924858568932706,0.628,50.4,231.3,91.8,3516.4
PE,500,1.0,global,2025,P_mix,Latin America,2.346,0.1095428421389312,111.71315931188177,58.64876564732746,7.03888856486538,177.4008135240746,47.61255627891222,0.702,32.9,132.6,93.5,3485.0
PH,50,0.0,local,2025,P_mix,Asia-Pacific,2.848,0.28605319752800706,138.19846202724173,97.72229071614358,8.5446695546881,244.46542229807343,48.520938513561426,0.444,116.4,570.0,99.0,4709.0
PH,500,1.0,global,2025,P_mix,Asia-Pacific,2.193,0.12457951957624806,107.03208075748675,63.74430791732116,6.580150628704973,177.35653930351287,48.79770394187038,0.803,28.9,107.1,109.2,3887.5
PK,50,0.0,local,2025,P_mix,Asia-Pacific,2.679,0.27455532685296813,162.50415290079064,61.16993198937414,8.038244863023177,231.71232975318796,60.64911768798976,0.335,107.8,564.5,69.0,1790.1
PK,500,1.0,global,2025,P_mix,Asia-Pacific,2.183,0.12295109168262401,135.0930026727075,47.013526617267274,6.548824568555636,188.65535385853042,61.88576343365206,0.333,92.5,422.1,52.3,1399.0
PL,50,0.0,local,2025,P_mix,Europe,1.727,0.29872914580980114,132.83895846801306,115.43843746832782,5.179684873091523,253.45708080943243,76.93844030441589,0.956,8.5,21.6,152.1,8555.5
PL,500,1.0,global,2025,P_mix,Europe,1.646,0.1360846051206581,129.28398267746599,73.66575294530557,4.9371347034870405,207.8868703262586,78.55810532340986,0.932,10.8,23.4,115.2,5168.3
PS,50,0.0,local,2025,P_mix,Asia-Pacific,2.035,0.42202819672577085,444.3173883381578,116.81803631341998,6.105787475897904,567.2412121274756,218.30962349675428,0.128,295.1,1386.5,80.0,2329.8
PS,500,1.0,global,2025,P_mix,Asia-Pacific,1.761,0.15035062699327126,350.25938395070784,94.09943032525638,5.2818902097255425,449.64070448568975,198.93979430267663,0.219,175.2,814.3,116.6,2829.0
PT,50,0.0,local,2025,P_mix,Europe,1.816,0.3663578694075282,171.84868808402408,97.21351473736893,5.448314811209904,274.5105176326029,94.6248669756263,0.698,54.4,251.4,136.9,5861.6
PT,500,1.0,global,2025,P_mix,Europe,1.738,0.15206218867824195,163.28164089923317,65.49234520180333,5.2146111478111985,233.9885972488477,93.93699909979071,0.563,55.4,251.8,97.1,3444.1
PY,50,0.0,local,2025,P_mix,Latin America,1.746,0.31096727067492586,158.69328905665677,101.18879703830723,5.237127520266218,265.11921361523025,90.90476894589136,0.452,91.9,420.0,90.3,5905.6
PY,500,1.0,global,2025,P_mix,Latin America,1.559,0.14586072289294005,140.72607676374813,87.09500124684098,4.677338257712524,232.49841626830164,90.26035899693774,0.518,78.1,240.5,78.3,5622.7
RO,50,0.0,local,2025,P_mix,Europe,2.249,0.3195827774445626,182.39105772174938,88.73207724216202,6.747667478704978,277.87080244261637,81.09071392330398,0.884,22.1,57.9,138.2,6063.4
RO,500,1.0,global,2025,P_mix,Europe,2.03,0.1384556795500023,166.4278046669735,69.86438555695528,6.088906408245712,242.3810966321745,81.9988649069693,0.825,22.3,62.2,106.6,4708.5
RU,50,0.0,local,2025,P_mix,Europe,2.275,0.34351214802443375,180.82717589816525,146.37272649712705,6.824843697738432,334.0247460930307,79.48629327207287,0.878,24.9,92.5,175.5,10716.7
RU,500,1.0,global,2025,P_mix,Europe,2.091,0.15409975106656484,169.16990358908123,111.16210036997865,6.274463044557059,286.6064670036169,80.88496293041285,0.849,26.2,87.6,143.6,7903.0
RW,50,0.0,local,2025,P_mix,Africa/MENA,1.85,0.35755886965834144,341.51780850966696,91.19152489191964,5.549681456957622,438.2590148585443,184.61481680980356,0.109,246.4,1100.2,71.6,1561.2
RW,500,1.0,global,2025,P_mix,Africa/MENA,1.726,0.1304097897798523,298.0131766049286,64.26882940564299,5.177424189624264,367.45943020019587,172.68037098572438,0.133,178.5,756.8,61.7,1023.8
SA,50,0.0,local,2025,P_mix,Asia-Pacific,2.341,0.26726137710851466,130.2588640196884,61.629861884364345,7.022535658363632,198.91126156241637,55.646081567939014,0.772,35.1,134.7,126.8,3325.0
SA,500,1.0,global,2025,P_mix,Asia-Pacific,2.017,0.13059408476232875,112.67408068790365,45.79623713809443,6.0511766739424955,164.5214944999406,55.86058055771142,0.732,33.7,110.2,102.1,2296.1
SE,50,0.0,local,2025,P_mix,Europe,2.718,0.33983180276437597,263.22197664758255,221.59036313431739,8.153837146514098,492.966176928414,96.84592857981484,0.863,37.8,126.7,214.2,16927.8
SE,500,1.0,global,2025,P_mix,Europe,2.438,0.16332793194716066,239.34913092274303,156.69584973186346,7.314694341655807,403.3596749962623,98.16505779046464,0.913,12.1,62.6,178.0,11817.9
SK,50,0.0,local,2025,P_mix,Europe,3.668,0.39249475156635594,428.35408372316635,169.45797182560892,11.002838484612141,608.8148940333875,116.79370309458803,0.544,110.4,464.6,252.2,9868.8
SK,500,1.0,global,2025,P_mix,Europe,3.047,0.16210571799112763,354.0011815247056,133.7444507938122,9.140410902772885,496.88604322129066,116.18772458598553,0.604,64.5,240.3,231.2,8043.8
SN,50,0.0,local,2025,P_mix,Africa/MENA,2.292,0.2747452451872686,169.28869047244623,74.5189875368261,6.877269254795828,250.68494726406817,73.8470536198913,0.469,125.9,396.0,111.8,3163.9
SN,500,1.0,global,2025,P_mix,Africa/MENA,1.994,0.14383746144219142,147.28173152770447,64.44140765179789,5.982286524491193,217.70542570399354,73.85891544549385,0.519,108.1,273.0,92.8,3098.5
SR,50,0.0,local,2025,P_mix,Latin America,1.839,0.2765876462340733,323.3633867583788,130.75956806296094,5.518120207201846,459.64107502854165,175.8008386640509,0.311,129.7,517.3,89.4,8041.9
SR,500,1.0,global,2025,P_mix,Latin America,1.731,0.14430131767224433,299.95356016807267,103.8093230174294,5.194157401746506,408.9570405872485,173.24478465008391,0.281,111.1,464.6,70.8,6112.9
SV,50,0.0,local,2025,P_mix,North America,1.531,0.42058466338873446,141.0076514685383,79.50507194743417,4.591528702376332,225.10425211834882,92.13117935790756,0.204,192.7,887.2,79.3,1560.5
SV,500,1.0,global,2025,P_mix,North America,1.365,0.13759123471248766,122.64465144299898,66.19885617069065,4.096425896911141,192.93993351060078,89.81828637652949,0.162,156.9,678.0,56.5,1704.2
TH,50,0.0,local,2025,P_mix,Asia-Pacific,2.05,0.3411320480416655,163.12685182101592,104.11702261231477,6.150895364680798,273.39476979801145,79.56249073478513,0.238,152.3,820.5,54.8,4582.6
TH,500,1.0,global,2025,P_mix,Asia-Pacific,1.741,0.13800358108690108,138.72094926149782,81.00350052395119,5.223831891396434,224.94828167684545,79.66620221257647,0.286,108.3,519.5,47.8,4074.0
TN,50,0.0,local,2025,P_mix,Africa/MENA,2.012,0.29650483330906663,109.17071914106225,87.88151825546942,6.034543020358274,203.08678041688992,54.272901248409205,0.764,43.6,163.1,134.5,5475.1
TN,500,1.0,global,2025,P_mix,Africa/MENA,1.811,0.13971874241952445,100.29118158039066,69.52379805437583,5.432674793771094,175.24765442853757,55.38221155555604,0.846,24.7,68.7,127.6,4375.6
TR,50,0.0,local,2025,P_mix,Asia-Pacific,2.947,0.3635053860690239,209.4904656087835,87.94038170884996,8.839924066658066,306.2707713842915,71.0946600997157,0.419,124.3,591.2,116.5,3466.6
TR,500,1.0,global,2025,P_mix,Asia-Pacific,2.388,0.14167641563158748,171.0253347523952,63.95287257101625,7.164439215201506,242.14264653861295,71.6142588199425,0.285,120.8,533.2,62.5,2215.8
TW,50,0.0,local,2025,P_mix,Asia-Pacific,1.401,0.48790439022560905,371.5452425083692,170.76770948752932,4.202405503420798,546.5153574993194,265.2375470710246,0.211,217.0,1240.0,114.4,7813.6
TW,500,1.0,global,2025,P_mix,Asia-Pacific,1.338,0.13607702269429842,283.1480617900528,128.40467879886768,4.015108192807851,415.5678487817283,211.56196659700075,0.203,181.8,799.4,53.3,6806.6
UA,50,0.0,local,2025,P_mix,Europe,2.449,0.349768517707887,205.41419105554468,108.8699047550412,7.347026184770502,321.6311219953564,83.87646343823181,0.259,164.7,788.0,67.8,4952.3
UA,500,1.0,global,2025,P_mix,Europe,2.099,0.14076086530934237,177.47272046966341,87.88051520886434,6.295752592192464,271.6489882707202,84.56783420448525,0.437,78.1,364.6,80.4,5111.1
UG,50,0.0,local,2025,P_mix,Africa/MENA,1.565,0.37724511091252116,228.53845221593414,95.40728990501353,4.6960894527449755,328.6418315736926,145.99708194379477,0.31,137.8,636.2,98.5,4121.5
UG,500,1.0,global,2025,P_mix,Africa/MENA,1.455,0.13976386784046624,196.02229911649164,68.23252146590222,4.364487586063567,268.6193081684574,134.73904685334742,0.446,90.4,322.2,110.8,3070.9
US,50,0.0,local,2025,P_mix,North America,1.688,0.15902107306946267,101.11748137428295,27.31325050086004,5.0645036663790455,133.49523554152205,59.897763750605954,1.0,0.0,0.0,71.1,1615.8
US,500,1.0,global,2025,P_mix,North America,1.501,0.07564937071476334,90.66720184792811,22.305362005910318,4.504058293774449,117.47662214761289,60.390338624113326,0.866,6.1,13.2,57.6,1242.5
UY,50,0.0,local,2025,P_mix,Latin America,1.944,0.26751848207590667,129.06314383293184,69.32473529560508,5.8313301694391075,204.21920929797602,66.3981322011198,0.616,56.1,200.0,107.9,3891.1
UY,500,1.0,global,2025,P_mix,Latin America,1.717,0.13395465194159678,114.9664634848921,64.6919219596384,5.150759652346382,184.80914509687688,66.96087834297626,0.66,35.0,135.9,104.6,3878.1
UZ,50,0.0,local,2025,P_mix,Asia-Pacific,2.795,0.3876544664543107,278.5721297587658,122.26712025832065,8.38506958785283,409.22431960493924,99.66719781156927,0.157,260.5,1239.2,69.0,3764.9
UZ,500,1.0,global,2025,P_mix,Asia-Pacific,2.312,0.15010529136129652,227.31665793320545,82.86469700668623,6.937362690782679,317.1187176306744,98.3010409280881,0.194,161.8,726.8,50.5,3070.3
VN,50,0.0,local,2025,P_mix,Asia-Pacific,2.268,0.3370260912498137,172.47266820085326,85.60415265450256,6.805366453790645,264.88218730914645,76.0308806463105,0.354,127.4,639.2,108.4,3126.6
VN,500,1.0,global,2025,P_mix,Asia-Pacific,1.87,0.13194243733038905,142.2340850972154,72.91635082391832,5.609025766675017,220.7594616878087,76.07421913210301,0.25,116.3,595.9,51.6,2910.4
ZA,50,0.0,local,2025,P_mix,Africa/MENA,1.662,0.23144384740013127,112.81888439207982,68.53005995631052,4.9850030004330765,186.33394734882341,67.89497481683271,0.682,37.4,121.4,110.3,4214.4
ZA,500,1.0,global,2025,P_mix,Africa/MENA,1.449,0.10781369347697778,98.52150646883082,47.673413285574206,4.345823591397052,150.5407433458021,68.01116363572343,0.644,34.8,102.3,85.6,2705.6
ZM,50,0.0,local,2025,P_mix,Africa/MENA,2.092,0.3031658211238034,145.53510996498844,67.102483684532,6.275568889412401,218.91316253893282,69.57223123334172,0.375,113.5,413.9,109.8,2476.6
ZM,500,1.0,global,2025,P_mix,Africa/MENA,1.875,0.12255463345268021,130.80441596084248,52.539643277049535,5.624959294089935,188.969018531982,69.76286002546371,0.312,103.7,360.0,74.5,1862.9
AE,50,0.0,local,2030,P_mix,Asia-Pacific,1.83,0.33264623858188086,131.41244067259933,53.38419258884475,5.49037178894116,190.28700505038523,71.80521414084929,0.384,93.6,478.1,64.1,3562.9
AE,500,1.0,global,2030,P_mix,Asia-Pacific,1.655,0.12436054831715282,116.93004203283158,35.42621999601108,4.965001216369733,157.32126324521238,70.65257606421741,0.473,70.1,251.6,62.1,2294.3
AF,50,0.0,local,2030,P_mix,Asia-Pacific,1.765,0.34046886074189614,167.2701640320786,69.42272380828385,5.296391335252683,241.98927917561514,94.74573541350591,0.255,132.9,720.5,56.5,4520.4
AF,500,1.0,global,2030,P_mix,Asia-Pacific,1.416,0.137352874669302,130.67756009833073,62.496965102123276,4.248773467806382,197.42329866826037,92.26961222232367,0.315,100.9,436.7,64.1,5261.3
AR,50,0.0,local,2030,P_mix,Latin America,1.738,0.27774244349398186,65.68904330032103,56.22271141915582,5.21261645821387,127.12437117769072,37.80579896501481,0.849,28.0,80.7,141.5,5308.7
AR,500,1.0,global,2030,P_mix,Latin America,1.732,0.1367008597826299,66.12000490787932,47.29594412446515,5.196511191318543,118.61246022366304,38.17176706075848,0.733,35.2,122.0,122.7,3957.2
AT,50,0.0,local,2030,P_mix,Europe,2.566,0.3329590408247673,170.2071391992738,151.41372882115883,7.6968917164889765,329.31775973692163,66.34125000146769,1.0,0.0,0.0,235.8,19447.5
AT,500,1.0,global,2030,P_mix,Europe,2.193,0.15264920922464084,146.79106743374282,129.04555813862623,6.579707172039457,282.4163327444086,66.92899710987126,1.0,-0.0,-0.0,166.3,17345.5
AU,50,0.0,local,2030,P_mix,Asia-Pacific,1.945,0.2568499424026672,96.10048171973256,57.84643817146976,5.8346504524541585,159.78157034365645,49.41194806930256,0.531,65.0,252.1,82.0,5539.0
AU,500,1.0,global,2030,P_mix,Asia-Pacific,1.673,0.11046189897642789,84.06365827593986,39.25664782131408,5.018849866164422,128.33915596341836,50.24875849106691,0.486,56.5,195.3,58.8,3446.6
BD,50,0.0,local,2030,P_mix,Asia-Pacific,2.114,0.37208563352418317,185.39991119293347,78.35906395063616,6.342977911905998,270.10195305547563,87.68747760177324,0.073,237.8,1315.1,31.4,1992.8
BD,500,1.0,global,2030,P_mix,Asia-Pacific,1.657,0.1450236898542954,143.27359535929637,54.62894387165132,4.971857635918217,202.8743968668659,86.45074287178535,0.182,143.9,706.2,37.5,2543.4
BE,50,0.0,local,2030,P_mix,Europe,2.844,0.25062539871965406,120.24151240592036,73.86560154030694,8.5307080453588,202.63782199158612,42.2854158529089,0.745,46.4,144.7,120.5,8115.4
BE,500,1.0,global,2030,P_mix,Europe,2.446,0.11909919014209193,106.46497986351328,66.42524225468645,7.33665143444291,180.22687355264262,43.53415757099885,0.804,30.7,79.4,104.9,7774.7
BF,50,0.0,local,2030,P_mix,Africa/MENA,1.905,0.35914927194484875,160.82486673246376,71.03560464080277,5.715751668471886,237.57622304173844,84.41139996664381,0.229,178.3,789.6,82.6,3441.7
BF,500,1.0,global,2030,P_mix,Africa/MENA,1.832,0.14625657002977063,150.17824114614302,63.78222503083301,5.496234831357203,219.45670100833325,81.9715200063928,0.244,147.5,616.0,84.8,3538.3
BG,50,0.0,local,2030,P_mix,Europe,1.752,0.3369700458112633,115.23989363993047,71.38875295550666,5.2549121871145665,191.8835587825517,65.78981124889617,0.891,19.5,72.3,144.6,7826.4
BG,500,1.0,global,2030,P_mix,Europe,1.587,0.13521263001570022,105.16530497967311,55.95266776608556,4.760088234551843,165.87806098031052,66.27942579907302,0.834,24.6,69.3,113.5,5983.8
BH,50,0.0,local,2030,P_mix,Asia-Pacific,2.056,0.36841268580368175,135.40301097053825,88.71691190554697,6.168314866130845,230.28823774221604,65.85413386434557,0.519,92.0,447.3,94.4,8859.3
BH,500,1.0,global,2030,P_mix,Asia-Pacific,1.839,0.14071863333538043,120.50659465474436,61.10340074918638,5.515969607492756,187.12596501142352,65.54056851095638,0.445,71.9,370.0,66.3,5617.8
BI,50,0.0,local,2030,P_mix,Africa/MENA,1.435,0.40047245752196936,225.6962610600741,92.09269346785838,4.305967556621535,322.094922084554,157.24428349187724,0.176,229.5,938.3,48.0,6332.3
BI,500,1.0,global,2030,P_mix,Africa/MENA,1.328,0.12658945015351616,189.44087709808858,67.01982506720117,3.9826293522649587,260.44333151755467,142.7003572328556,0.235,142.9,570.3,55.5,5040.6
BO,50,0.0,local,2030,P_mix,Latin America,2.15,0.3868245968429334,194.5004084173481,73.91079390999586,6.450625796687411,274.8618281240314,90.45652990004317,0.049,257.6,1397.1,24.7,751.8
BO,500,1.0,global,2030,P_mix,Latin America,1.947,0.14406030045102022,170.74042706564032,55.94782052390736,5.840905145810482,232.52915273535817,87.69553149897037,0.095,188.6,930.4,32.4,1124.7
BR,50,0.0,local,2030,P_mix,Latin America,2.202,0.2168525201243478,92.4446653641612,41.78782919688502,6.605945923534377,140.83844048458062,41.98248052628659,0.638,31.6,135.3,76.8,4018.7
BR,500,1.0,global,2030,P_mix,Latin America,1.999,0.10346079070173593,84.57549204338852,32.54739039116227,5.997300908607987,123.12018334315877,42.3067776649309,0.518,38.1,159.7,55.8,2776.5
BY,50,0.0,local,2030,P_mix,Europe,2.104,0.3302319129979338,164.64236030724868,109.08866966725337,6.311784727997716,280.04281470249975,78.25474128272977,0.925,14.5,42.9,172.9,13568.8
BY,500,1.0,global,2030,P_mix,Europe,1.986,0.14317366616393837,157.35721426645108,89.67998821480762,5.957869469068516,252.9950719503272,79.23497573255148,0.862,23.1,59.1,136.5,11048.7
CA,50,0.0,local,2030,P_mix,North America,1.879,0.21894500490110233,105.12765844894183,32.14384995665353,5.638101258061085,142.90960966365645,55.93779907657859,0.746,24.9,80.7,100.9,2306.5
CA,500,1.0,global,2030,P_mix,North America,1.559,0.1042352131677788,88.84678293109127,30.48417826505963,4.676106061685022,124.00706725783593,57.000492563085075,0.714,25.5,75.2,85.6,2408.3
CH,50,0.0,local,2030,P_mix,Europe,2.566,0.41587453353800546,291.23274435586967,124.83207979541075,7.698904717060892,423.76372886834133,113.4834453960034,0.452,144.7,564.2,224.5,10738.5
CH,500,1.0,global,2030,P_mix,Europe,2.106,0.1560264353735097,235.61610584734098,103.6382862933936,6.319397860501488,345.5737900012361,111.85374511076164,0.421,109.8,409.8,89.7,11511.9
CL,50,0.0,local,2030,P_mix,Latin America,1.79,0.3124782702037069,82.2428337998782,93.48460880134814,5.369573042977071,181.09701564420342,45.949370541170644,0.842,30.1,114.0,143.0,11123.3
CL,500,1.0,global,2030,P_mix,Latin America,1.72,0.14697236156454077,79.2387019523382,69.80467955216064,5.160679759791899,154.20406126429071,46.06294459677933,0.732,38.0,144.7,122.7,7462.0
CN,50,0.0,local,2030,P_mix,Asia-Pacific,1.666,0.17105004698506676,85.11699623217197,23.268072008493032,4.999482439127676,113.38455067979268,51.075484673783585,0.882,9.9,21.4,71.0,2008.6
CN,500,1.0,global,2030,P_mix,Asia-Pacific,1.451,0.07373244540889357,74.58197413759777,19.87601792853992,4.354200884904969,98.81219295104266,51.38621949861564,0.833,8.9,27.3,56.6,1746.4
CO,50,0.0,local,2030,P_mix,Latin America,1.442,0.42131808905916973,134.60407602635797,77.81907107458693,4.32456308555057,216.74771018649545,93.37642210106976,0.167,194.3,960.9,64.7,3738.0
CO,500,1.0,global,2030,P_mix,Latin America,1.392,0.14922355768749435,123.3442039701583,72.20793538387804,4.175845966067737,199.7279853201041,88.61261045481609,0.377,104.3,418.4,104.4,6043.7
CR,50,0.0,local,2030,P_mix,North America,2.039,0.3863414664084558,296.4996909947182,102.34073630144539,6.116112978943827,404.95654027510744,145.4353567447928,0.095,281.8,1278.9,33.4,5782.3
CR,500,1.0,global,2030,P_mix,North America,1.644,0.14271311820614488,229.61632714132077,62.46262024392318,4.931735537508465,297.01068292275244,139.67678846217495,0.18,178.5,743.2,39.0,3307.6
CU,50,0.0,local,2030,P_mix,North America,3.13,0.2821484374365408,160.05654094611643,70.897417424536,9.38862086593396,240.34257923658637,51.14378668549867,0.266,161.5,776.6,71.5,3867.2
CU,500,1.0,global,2030,P_mix,North America,2.401,0.12667351623862946,123.70758038659297,48.392828124037344,7.203642765869673,179.3040512765,51.518759775003055,0.297,107.3,520.9,48.7,2722.0
CV,50,0.0,local,2030,P_mix,Africa/MENA,2.57,0.29731461077278865,119.01515430418334,73.8876821182098,7.710062063836179,200.6128984862293,46.30902578427505,0.39,131.1,564.2,90.8,5497.4
CV,500,1.0,global,2030,P_mix,Africa/MENA,2.14,0.14195694730191855,100.23136781187706,65.48475389067568,6.419173176372705,172.13529487892544,46.84312062843356,0.411,91.4,415.2,70.2,5817.8
CZ,50,0.0,local,2030,P_mix,Europe,2.604,0.3337632039567089,239.81724816400836,103.85066341225631,7.812819762505152,351.48073133876983,92.08605424955263,0.655,53.8,252.6,129.0,12071.7
CZ,500,1.0,global,2030,P_mix,Europe,2.398,0.14217073308647968,220.84572932334714,71.75966510166909,7.195228909435431,299.8006233344517,92.08007087880519,0.63,47.6,192.1,94.1,8045.0
DE,50,0.0,local,2030,P_mix,Europe,1.415,0.236421905994648,62.84066985085709,69.51395924695618,4.244351723304121,136.59898082111738,44.417150566827104,0.941,12.6,27.3,139.7,7965.7
DE,500,1.0,global,2030,P_mix,Europe,1.376,0.10781778386549934,63.00589496700087,56.11531079411832,4.127831737769428,123.24903749888863,45.79103435140085,0.986,2.3,4.6,121.3,6408.2
DK,50,0.0,local,2030,P_mix,Europe,1.47,0.25400290631622674,70.20919476928975,73.39727484874182,4.408903957975627,148.0153735760072,47.773230334683994,0.95,10.6,22.8,145.5,8513.9
DK,500,1.0,global,2030,P_mix,Europe,1.401,0.11855954856302572,68.64893086387227,56.90342142915523,4.202516217090434,129.75486851011794,49.00559140119205,0.99,1.7,3.1,123.3,6505.1
DO,50,0.0,local,2030,P_mix,North America,2.452,0.3554936224606276,164.2185299166981,83.80572110548698,7.357159409272679,255.38141043145774,66.96274504113217,0.463,121.3,501.0,140.5,6484.5
DO,500,1.0,global,2030,P_mix,North America,1.676,0.13511589067726787,111.26840947398051,68.37806415088058,5.029270237825405,184.6757438626865,66.37249792452475,0.485,72.8,325.6,97.6,6386.0
DZ,50,0.0,local,2030,P_mix,Africa/MENA,1.869,0.35575449830096456,108.96166837140294,69.38136738451347,5.607204315944023,183.9502400718604,58.29732370991228,0.53,99.7,420.4,110.4,5469.9
DZ,500,1.0,global,2030,P_mix,Africa/MENA,1.829,0.15231727758619737,107.02552511155412,48.83457176953639,5.485727074818577,161.3458239559091,58.52944759292061,0.696,51.7,167.4,119.9,3863.7
EC,50,0.0,local,2030,P_mix,Latin America,1.311,0.4997084308130297,198.59907214858217,117.27453735778677,3.9344392557877703,319.80804876215666,151.43129114760058,0.165,248.6,1122.2,67.9,8685.7
EC,500,1.0,global,2030,P_mix,Latin America,1.626,0.14033820775140515,159.3080271467183,80.60515775528278,4.877341951824874,244.79052685382595,97.9886352363172,0.22,159.4,691.7,73.3,5966.7
EE,50,0.0,local,2030,P_mix,Europe,2.303,0.29945744064238855,136.61494332059945,63.868427753358695,6.90797725979175,207.3913483337499,59.32920948470981,0.922,13.1,45.7,153.9,6609.1
EE,500,1.0,global,2030,P_mix,Europe,2.093,0.14652620748966477,125.17057573685365,53.747948545404995,6.278735898039864,185.19726018029849,59.80689955884094,0.942,6.8,26.2,129.7,5666.7
EG,50,0.0,local,2030,P_mix,Africa/MENA,2.045,0.2718451636374274,68.077042954191,79.06079402684266,6.135822697717747,153.27365967875141,33.285044064023964,0.855,25.7,87.0,138.7,9070.8
EG,500,1.0,global,2030,P_mix,Africa/MENA,1.683,0.13669413083800674,56.5629137371444,65.82556012070745,5.049191201165739,127.43766505901758,33.607113387240446,0.876,20.0,54.3,113.6,7720.1
ES,50,0.0,local,2030,P_mix,Europe,1.922,0.2640242092311828,122.38605307299885,57.39292660362827,5.764673345567252,185.5436530221944,63.69106057003592,0.432,74.9,332.0,81.5,4897.0
ES,500,1.0,global,2030,P_mix,Europe,1.737,0.11952345272651224,110.98791606862994,45.114136746262474,5.209543467302254,161.31159628219467,63.91418946703081,0.519,46.3,196.6,78.6,4025.4
ET,50,0.0,local,2030,P_mix,Africa/MENA,2.318,0.27638950707072385,117.80716863988025,55.61285423158182,6.952784762188148,180.3728076336502,50.831647750938714,0.265,138.0,659.8,62.3,2492.8
ET,500,1.0,global,2030,P_mix,Africa/MENA,1.928,0.13255424593383888,98.07749541391543,52.10236661871467,5.783229480918035,155.96309151354814,50.87684782569628,0.48,72.8,292.7,93.7,4027.7
FI,50,0.0,local,2030,P_mix,Europe,3.378,0.3173080824988425,204.9545224020851,158.0399085391601,10.13319732983806,373.12762827108327,60.67814009658559,1.0,-0.0,-0.0,402.5,16823.6
FI,500,1.0,global,2030,P_mix,Europe,2.852,0.16081074773365572,174.1798010181711,116.34717051662132,8.555016845333558,299.081988380126,61.07988008691574,1.0,-0.0,0.0,307.8,12129.3
FJ,50,0.0,local,2030,P_mix,Asia-Pacific,1.867,0.34276332036908647,162.27906388717267,74.33030927324235,5.599984133034657,242.20935729344967,86.93545911847059,0.519,110.9,459.0,149.7,5076.1
FJ,500,1.0,global,2030,P_mix,Asia-Pacific,1.58,0.14023094839833727,134.64958508247466,58.12740407094885,4.740767267117173,197.51775642054068,85.20746378951914,0.623,64.8,231.7,124.6,4771.8
FR,50,0.0,local,2030,P_mix,Europe,1.609,0.24851284184835307,93.35944125747227,63.47401876591365,4.828036283621014,161.66149630700693,58.01081585127599,0.826,25.8,78.3,124.9,6891.4
FR,500,1.0,global,2030,P_mix,Europe,1.57,0.1131911547581846,92.23524255123256,47.93569812069798,4.709433119217727,144.88037379114826,58.75563377777861,0.782,24.1,71.0,100.8,4951.6
GB,50,0.0,local,2030,P_mix,Europe,1.473,0.24549118663343708,76.2540738574575,108.4069149360642,4.418902731992088,189.07989152551377,51.76901041884759,0.994,1.2,2.5,139.9,14541.6
GB,500,1.0,global,2030,P_mix,Europe,1.416,0.11255905817641028,74.89383182255014,87.64655507424726,4.249137081383963,166.78952397818136,52.876970350523656,0.967,4.2,10.2,111.1,11727.9
GF,50,0.0,local,2030,P_mix,Latin America,1.944,0.3106322543793058,243.04387522099464,120.79146764079206,5.831269680431357,369.66661254221805,125.03822762816382,0.415,95.1,443.7,93.1,14119.6
GF,500,1.0,global,2030,P_mix,Latin America,1.739,0.1469341007347071,212.9311010946029,107.1241910456502,5.217979651849751,325.27327179210283,122.4215780637169,0.397,86.4,390.1,81.1,12561.0
GH,50,0.0,local,2030,P_mix,Africa/MENA,1.604,0.2723889959957272,187.41371434952836,71.83866264567084,4.812551807957561,264.06492880315676,116.82807073763281,0.428,93.3,376.9,89.8,6651.3
GH,500,1.0,global,2030,P_mix,Africa/MENA,1.456,0.12525859684476248,165.7006932518636,59.71066780279583,4.367045451139729,229.77840650579915,113.83029678013955,0.429,80.8,282.0,74.3,5713.4
GR,50,0.0,local,2030,P_mix,Europe,2.407,0.40326640560373084,196.44284746879134,112.46522666415072,7.220666979065223,316.1287411120073,81.61691213775774,0.188,205.1,952.1,59.3,9486.0
GR,500,1.0,global,2030,P_mix,Europe,2.141,0.14534277842367055,172.48874185392214,70.79836493671104,6.423000009793945,249.7101068004271,80.56456870196514,0.178,150.4,687.9,49.5,4985.9
GT,50,0.0,local,2030,P_mix,North America,1.69,0.40933141277401247,132.63005257016852,75.39033505813812,5.070582463134881,213.09097009144148,78.47030604537504,0.125,241.8,1081.5,61.1,2315.7
GT,500,1.0,global,2030,P_mix,North America,1.476,0.1516101318234783,113.64958810450776,64.55769531126757,4.429434314107663,182.636717729883,76.97343275361555,0.231,135.6,593.5,54.6,4562.7
HN,50,0.0,local,2030,P_mix,North America,2.305,0.3682680883537998,127.39207954581178,85.31760786380799,6.9155760621391416,219.62526347175893,55.263109711097435,0.096,249.5,1185.2,42.5,3629.1
HN,500,1.0,global,2030,P_mix,North America,1.758,0.14890039323364804,97.88770333960896,53.110581770305764,5.275167608791368,156.2734527187061,55.668962921561004,0.267,133.5,555.7,53.4,2979.8
HU,50,0.0,local,2030,P_mix,Europe,2.604,0.35865533352921786,217.41958155339304,254.4371012221445,7.811241676296976,479.66792445183455,83.5025686939688,0.865,24.9,89.0,154.4,37310.1
HU,500,1.0,global,2030,P_mix,Europe,2.338,0.1523923175262936,195.25219706507045,178.30535223453293,7.014736055961736,380.5722853555651,83.50372508989635,0.802,27.5,96.6,118.6,25624.0
ID,50,0.0,local,2030,P_mix,Asia-Pacific,1.543,0.40654598227108624,169.73256975081273,74.7787887850374,4.629648849405953,249.14100738525613,109.98624859372973,0.176,202.9,1033.2,61.4,2791.9
ID,500,1.0,global,2030,P_mix,Asia-Pacific,1.478,0.14477286351760837,154.20425155802624,56.463481942085615,4.433790192368969,215.10152369248084,104.33798953100784,0.231,142.3,639.5,64.1,2691.3
IE,50,0.0,local,2030,P_mix,Europe,2.618,0.2928710620277608,117.63330690150379,111.31010037491644,7.852864465025289,236.79627174144554,44.93900566808937,0.899,15.6,57.9,167.2,13952.4
IE,500,1.0,global,2030,P_mix,Europe,2.501,0.14248448859858862,112.58058950878774,85.9201240208874,7.5017350393622255,206.00244856903737,45.02182051941344,0.861,20.2,65.4,127.5,10615.6
IL,50,0.0,local,2030,P_mix,Asia-Pacific,2.277,0.4378142890418365,280.75448297189246,86.45394036562044,6.83058477049664,374.03900810800957,123.30766357716038,0.118,238.2,1175.2,47.0,3857.9
IL,500,1.0,global,2030,P_mix,Asia-Pacific,1.916,0.12933164916491463,214.59056647662152,71.28074813907222,5.747790929808528,291.61910554550224,112.00332567616691,0.173,166.1,736.7,49.2,4648.1
IN,50,0.0,local,2030,P_mix,Asia-Pacific,1.847,0.25968316478308,110.74778977752563,69.06187733183296,5.541117577245931,185.35078468660453,59.95963173510392,0.486,56.7,298.1,88.5,6987.7
IN,500,1.0,global,2030,P_mix,Asia-Pacific,1.659,0.11748202189792684,99.98832557598102,48.52319865727233,4.977000625144861,153.48852485839822,60.2702308720752,0.341,60.0,323.5,55.2,4193.4
IR,50,0.0,local,2030,P_mix,Asia-Pacific,4.208,0.392921062529285,248.80916520741653,106.61557752935775,12.624093759984758,368.048836496759,59.127214183741074,0.131,321.9,1698.5,74.2,2604.9
IR,500,1.0,global,2030,P_mix,Asia-Pacific,3.477,0.17426786438184413,206.04717384991835,103.97120822948642,10.432170345757237,320.450552425162,59.25339608753148,0.203,223.6,1164.6,70.8,6357.8
IT,50,0.0,local,2030,P_mix,Europe,2.938,0.4235342903703881,265.3700214765363,108.00325126317728,8.814041838523739,382.1873145782373,90.32292777985623,0.113,295.2,1299.7,51.9,6066.2
IT,500,1.0,global,2030,P_mix,Europe,2.348,0.14932971384281973,209.02702998130115,75.83863576162278,7.042720416947139,291.9083861598711,89.03961151644447,0.187,188.2,748.3,49.3,5160.1
JM,50,0.0,local,2030,P_mix,North America,1.836,0.4456007649728151,146.9707770837937,77.7909713537934,5.508426074786062,230.27017451237316,80.04325106033237,0.208,199.1,978.0,79.0,3272.7
JM,500,1.0,global,2030,P_mix,North America,1.405,0.13315981354168308,106.23533881165856,57.175199811513295,4.214316421242231,167.6248550444141,75.62460541134047,0.191,140.9,647.4,50.5,3068.5
JO,50,0.0,local,2030,P_mix,Asia-Pacific,1.685,0.27030680000768065,99.46165135759097,65.32841731309878,5.056060570571,169.84612924126077,59.01530448617138,0.777,36.4,127.0,134.1,6602.9
JO,500,1.0,global,2030,P_mix,Asia-Pacific,1.489,0.12275602578000137,87.75412755026515,52.32591493803703,4.468067607757386,144.54811009605956,58.920859253276205,0.901,13.2,32.9,128.5,5371.8
JP,50,0.0,local,2030,P_mix,Asia-Pacific,1.793,0.40138444401924306,145.26607281555195,80.06193047475121,5.378553233992933,230.7065565242961,81.02517526318637,0.549,92.2,467.6,144.4,6206.1
JP,500,1.0,global,2030,P_mix,Asia-Pacific,1.694,0.13965053439914188,137.11166504056192,55.77337088547765,5.08083778111921,197.96587370715878,80.95810432095233,0.469,77.6,365.8,110.1,3762.2
KE,50,0.0,local,2030,P_mix,Africa/MENA,2.051,0.3408338690467727,87.32089844770115,72.27963561628643,6.151645837916422,165.752179901904,42.58416401810107,0.315,137.1,668.7,75.0,4875.3
KE,500,1.0,global,2030,P_mix,Africa/MENA,1.741,0.14136830539286085,75.93082645740132,57.514401294980104,5.22377821876824,138.6690059711497,43.606843520610965,0.486,83.1,312.7,90.7,4777.3
KH,50,0.0,local,2030,P_mix,Asia-Pacific,1.854,0.3480989265786331,201.32937571716522,88.11200767094117,5.561306761045576,295.002690149152,108.60543269832873,0.21,173.1,858.6,62.3,6272.5
KH,500,1.0,global,2030,P_mix,Asia-Pacific,1.65,0.1458863739096406,174.96381476140948,60.426659924645456,4.949108467071811,240.3395831531267,106.05777743133314,0.263,124.6,513.0,52.7,4522.9
KR,50,0.0,local,2030,P_mix,Asia-Pacific,1.919,0.42231057686348183,191.8757871715419,111.22796851950085,5.757076763691341,308.8608324547341,99.98604936883682,0.348,155.8,778.9,127.3,9228.7
KR,500,1.0,global,2030,P_mix,Asia-Pacific,1.698,0.13575817451068395,166.4490114519139,93.83967179650179,5.092811673829089,265.38149492224477,98.04938142947312,0.41,108.2,463.7,102.4,9296.5
KW,50,0.0,local,2030,P_mix,Asia-Pacific,2.139,0.31265346102085056,98.23882105959389,84.42401392467953,6.4176475063785094,189.08048249065192,45.92281874095811,0.678,48.8,250.0,110.6,9364.6
KW,500,1.0,global,2030,P_mix,Asia-Pacific,2.123,0.13751623232111798,98.40362302398422,41.624936542949015,6.368849396611741,146.397408963545,46.3523080368342,0.87,14.0,64.7,112.4,3777.6
KZ,50,0.0,local,2030,P_mix,Asia-Pacific,2.856,0.42747306765681414,224.8421639252031,89.47920591819769,8.568967671072288,322.890337514473,78.71735752402537,0.221,213.2,1119.2,119.5,3275.2
KZ,500,1.0,global,2030,P_mix,Asia-Pacific,2.32,0.14943968608982297,181.078391107471,79.93002337760346,6.960474824570386,267.96888930964485,78.04570622176553,0.228,148.4,691.7,53.9,6365.2
LC,50,0.0,local,2030,P_mix,North America,2.301,0.24162941507631983,81.9554921306371,73.20242792548413,6.9035634610099645,162.06148351713117,35.6144298202688,0.653,47.3,172.3,102.1,8232.0
LC,500,1.0,global,2030,P_mix,North America,2.015,0.11718658935203556,73.41521399119193,52.642655653875316,6.04503187054903,132.10290151561625,36.43415728651443,0.554,51.2,189.1,75.1,5345.2
LK,50,0.0,local,2030,P_mix,Asia-Pacific,2.276,0.29408212757145746,101.31062489406338,78.3742024666188,6.82898338657674,186.5138107472589,44.506166947134474,0.532,87.6,369.4,90.5,7788.3
LK,500,1.0,global,2030,P_mix,Asia-Pacific,1.977,0.13858826924347492,89.69497524520348,53.82610798433613,5.931033739237194,149.4521169687768,45.36897572432623,0.472,77.9,329.0,65.4,4670.3
LY,50,0.0,local,2030,P_mix,Africa/MENA,1.548,0.25059796533873424,66.78142759761988,42.94865947307989,4.643084568040213,114.37317163873998,43.14896268999515,0.673,52.5,152.9,106.4,3291.2
LY,500,1.0,global,2030,P_mix,Africa/MENA,1.438,0.11135958140616006,62.56019343197724,30.287603629636788,4.314269173005482,97.16206623461952,43.502288051532545,0.698,33.5,95.2,92.9,2030.1
MA,50,0.0,local,2030,P_mix,Africa/MENA,1.622,0.36094913074201523,90.55962514114515,79.12643984492216,4.867259945546517,174.55332493161382,55.817621919293195,0.797,54.0,179.3,151.0,8020.3
MA,500,1.0,global,2030,P_mix,Africa/MENA,1.679,0.15472448103594866,93.98377595044907,56.754793810281186,5.03787489094516,155.7764446516754,55.9663219025373,0.773,39.7,137.7,132.5,5148.3
MG,50,0.0,local,2030,P_mix,Africa/MENA,1.381,0.37244786221145065,169.021970997781,71.82424668880512,4.1439385977914105,244.99015628437752,122.36327856392349,0.224,182.1,784.4,57.2,4141.1
MG,500,1.0,global,2030,P_mix,Africa/MENA,1.281,0.12476793029392776,146.99061358081897,54.13551591619439,3.8419486170836343,204.968078114097,114.77817240491717,0.401,85.7,350.0,69.6,4438.5
MM,50,0.0,local,2030,P_mix,Asia-Pacific,1.694,0.3511218320054372,158.57564890403518,82.13776938120243,5.083085653432483,245.79650393867013,93.59018894180134,0.248,156.3,811.8,65.6,5642.1
MM,500,1.0,global,2030,P_mix,Asia-Pacific,1.448,0.14933334904897902,133.54316881323692,72.65241079039009,4.3438386693961775,210.53941827302322,92.22937059386722,0.66,53.4,185.5,119.9,7619.0
MN,50,0.0,local,2030,P_mix,Asia-Pacific,1.813,0.2934408746559426,97.4311964802105,58.37279756503319,5.439579308926108,161.2435733541698,53.73459468841462,0.861,26.3,77.9,142.0,5679.9
MN,500,1.0,global,2030,P_mix,Asia-Pacific,1.591,0.1356310135728857,86.42279715268005,50.0227884142521,4.773731528082066,141.21931709501422,54.31147309664593,0.849,20.3,58.8,120.6,4958.1
MR,50,0.0,local,2030,P_mix,Africa/MENA,1.963,0.26502549750797877,84.06762223267523,65.60942183059319,5.888190254351796,155.56523431762022,42.83198330957984,0.729,67.6,145.9,148.4,5991.9
MR,500,1.0,global,2030,P_mix,Africa/MENA,1.852,0.13359409737700872,80.19491783350698,54.034794627408964,5.5551639917447435,139.78487645266068,43.30830806400011,0.63,83.5,180.0,116.1,4491.3
MU,50,0.0,local,2030,P_mix,Africa/MENA,2.368,0.29543520218404606,116.58465320096708,75.5840829463338,7.104594881410394,199.27333102871128,49.22926154706625,0.249,153.2,743.8,51.5,5344.4
MU,500,1.0,global,2030,P_mix,Africa/MENA,2.049,0.13322923200018613,102.40703757382657,51.3462700716603,6.14789556413466,159.9012032096215,49.97175204369654,0.218,126.7,603.3,39.4,2745.9
MX,50,0.0,local,2030,P_mix,North America,2.33,0.2728875705036457,83.51198307176321,45.5326524994683,6.988615399603557,136.03325097083504,35.84915392961858,0.782,40.2,168.7,120.6,3382.9
MX,500,1.0,global,2030,P_mix,North America,1.862,0.12462695080771367,68.7592214568305,40.05006380143422,5.584593614671254,114.39387887293597,36.93691584443703,0.811,30.9,99.9,96.7,3525.3
MY,50,0.0,local,2030,P_mix,Asia-Pacific,1.654,0.3697183410874385,289.52374485636244,81.00126098246393,4.962683286704101,375.48768912553044,175.02048476398733,0.176,193.9,981.5,57.8,4280.9
MY,500,1.0,global,2030,P_mix,Asia-Pacific,1.5,0.1477760964120794,247.05434376622426,58.923606080041836,4.49914180029934,310.47709164656544,164.73431249696623,0.234,137.8,627.9,58.4,3323.4
NE,50,0.0,local,2030,P_mix,Africa/MENA,1.885,0.39601914028307966,115.22233113590994,69.75373174788793,5.65548389950143,190.63154678329929,61.120675003283644,0.433,143.2,522.6,134.3,4038.3
NE,500,1.0,global,2030,P_mix,Africa/MENA,1.704,0.15586121214565798,103.80071849633434,68.01284123959721,5.111994742279377,176.9255544782109,60.91597726294863,0.502,144.1,310.7,122.5,5367.7
NG,50,0.0,local,2030,P_mix,Africa/MENA,1.493,0.2813119960680001,243.36876883054774,81.73281519192645,4.478525999386456,329.5801100218606,163.02379546120017,0.215,127.6,603.0,58.0,7282.4
NG,500,1.0,global,2030,P_mix,Africa/MENA,1.386,0.1327612708018412,220.30206480699403,63.46119717558329,4.156595604716905,287.91985758729425,159.0018027423661,0.214,108.4,475.7,50.7,5416.0
NI,50,0.0,local,2030,P_mix,North America,2.718,0.32393168009651363,145.7621176469241,90.31420958208477,8.154869598822465,244.2311968278313,53.62272782435579,0.172,213.6,949.0,54.4,5944.5
NI,500,1.0,global,2030,P_mix,North America,2.115,0.15044018871601794,113.6203597271164,60.31126312030703,6.345675670029546,180.27729851745298,53.71549018668343,0.386,101.6,400.0,63.4,5150.7
NL,50,0.0,local,2030,P_mix,Europe,1.611,0.22781657376891398,65.57160419738051,66.11441291300068,4.834291552823266,136.52030866320445,40.69154920481822,0.915,14.6,37.2,138.4,7362.5
NL,500,1.0,global,2030,P_mix,Europe,1.589,0.10748011923650126,66.59266335221493,50.8600865140996,4.766453018599305,122.21920288491381,41.913345054926424,0.903,13.0,32.0,114.3,5457.7
NO,50,0.0,local,2030,P_mix,Europe,2.423,0.3483941978315366,178.58689887071907,348.3157469021032,7.267611020561707,534.1702567933838,73.71895593976821,0.924,19.9,54.7,155.1,52855.2
NO,500,1.0,global,2030,P_mix,Europe,2.159,0.16588364606556955,160.36110593169656,265.2066117070163,6.475649343116823,432.0433669818297,74.29113163862914,0.892,19.3,62.5,127.8,39865.1
NP,50,0.0,local,2030,P_mix,Asia-Pacific,1.48,0.49717593667264376,553.1563010620023,134.607672926793,4.438651366756958,692.2026253555521,373.8678184131583,0.09,309.8,1528.6,45.2,8986.2
NP,500,1.0,global,2030,P_mix,Asia-Pacific,1.451,0.1363234128305886,401.74834278202565,83.2668275650326,4.352089883181515,489.3672602302399,276.9347740274624,0.137,214.7,959.3,42.5,4985.2
NZ,50,0.0,local,2030,P_mix,Asia-Pacific,2.182,0.2965661290678121,116.4142131715406,61.579065390507985,6.54539236530349,184.5386709273521,53.35702124840101,0.64,58.9,257.6,105.9,5623.9
NZ,500,1.0,global,2030,P_mix,Asia-Pacific,1.721,0.13325240690916634,92.93422363037246,42.26900667133811,5.162075246051499,140.36530554776206,54.009803732398844,0.717,43.2,118.4,88.6,3861.2
OM,50,0.0,local,2030,P_mix,Asia-Pacific,2.312,0.2635714374001758,109.89245291118922,52.38919163584019,6.936702621722932,169.21834716875236,47.52652329381302,0.225,135.0,676.7,48.3,2189.7
OM,500,1.0,global,2030,P_mix,Asia-Pacific,2.054,0.11782970679921637,98.34009880630633,36.252491830285884,6.163218893715047,140.75580953030726,47.867892006848464,0.274,99.8,473.3,49.2,1088.4
PA,50,0.0,local,2030,P_mix,North America,1.56,0.42521409070232546,174.8905975304172,90.43476869096287,4.679992812244135,270.0053590336242,112.10952957418357,0.197,225.2,936.2,68.9,5640.8
PA,500,1.0,global,2030,P_mix,North America,1.562,0.14167788460657998,162.38730945915208,80.12805109259831,4.68603759108484,247.20139814283522,103.96031165099446,0.236,168.1,636.4,86.2,5896.7
PE,50,0.0,local,2030,P_mix,Latin America,2.297,0.23936813380953356,93.31110340808465,76.29942569760856,6.890388936977682,176.5009180426709,40.626634110880815,0.819,27.6,94.7,123.8,8889.6
PE,500,1.0,global,2030,P_mix,Latin America,2.208,0.11457074913260581,90.42343976041234,51.06140966445392,6.622770723086906,148.10762014795316,40.96024619055449,0.747,31.3,121.2,107.7,4937.5
PH,50,0.0,local,2030,P_mix,Asia-Pacific,2.733,0.299760172483165,112.74709419646076,76.5881122667351,8.198192979652132,197.533399442848,41.25802886427441,0.287,155.6,801.9,55.8,5023.9
PH,500,1.0,global,2030,P_mix,Asia-Pacific,2.007,0.12464843180105231,83.37422195332464,56.607181084456336,6.019855346446312,146.00125838422727,41.54961397994823,0.795,33.1,107.8,114.6,5761.2
PK,50,0.0,local,2030,P_mix,Asia-Pacific,2.492,0.28014412198508504,129.09123331235182,80.67853967208713,7.477381870407476,217.24715485484643,51.79268715293673,0.444,88.4,452.7,82.6,7801.8
PK,500,1.0,global,2030,P_mix,Asia-Pacific,2.038,0.1251427900936357,107.18356160476637,65.03747533639925,6.114719269666879,178.3357562108325,52.58633645037585,0.393,88.2,389.9,64.0,6068.5
PL,50,0.0,local,2030,P_mix,Europe,1.685,0.3084547868823597,109.62982712763223,75.44543765126485,5.055850229342437,190.13111500823953,65.05127060017183,0.951,9.8,27.0,156.0,8594.3
PL,500,1.0,global,2030,P_mix,Europe,1.588,0.1352802963772374,104.99984096699934,55.040534435584334,4.763947386928417,164.8043227895121,66.12153689297878,0.967,4.0,12.4,124.7,6095.6
PS,50,0.0,local,2030,P_mix,Asia-Pacific,2.008,0.4226521713203668,401.7161578262262,98.199881429748,6.0240975252980755,505.94013678127226,200.0546087472319,0.14,288.9,1345.7,91.3,3341.9
PS,500,1.0,global,2030,P_mix,Asia-Pacific,1.696,0.14594228770340587,310.9383569719981,85.66809090820166,5.086582460570997,401.69303034077075,183.3873879263284,0.252,174.6,767.6,142.1,4672.7
PT,50,0.0,local,2030,P_mix,Europe,1.767,0.38675743342358815,143.92390486398864,70.68576161141002,5.301292259448355,219.910958734847,81.44650275080195,0.681,62.0,284.5,145.8,6028.1
PT,500,1.0,global,2030,P_mix,Europe,1.73,0.15833664683955925,139.45318683528794,47.919970827157215,5.191006125565074,192.56416378801023,80.59315485017316,0.488,69.5,322.0,85.4,3367.3
PY,50,0.0,local,2030,P_mix,Latin America,1.765,0.32428719259987127,138.81804697438218,69.56932255179576,5.2940487285095035,213.68141825468743,78.6645840036299,0.409,110.1,477.0,86.8,5588.7
PY,500,1.0,global,2030,P_mix,Latin America,1.56,0.15025345431538747,121.5250064870108,60.958027321749995,4.681095949921575,187.16412975868235,77.88240688959596,0.744,38.3,106.5,117.9,6368.7
RO,50,0.0,local,2030,P_mix,Europe,2.179,0.3293384224760482,150.46976863924505,79.57589079289642,6.537555626815234,236.58321505895665,69.04863708787106,0.946,11.7,25.9,155.7,9266.9
RO,500,1.0,global,2030,P_mix,Europe,1.969,0.13937523046690087,137.00403853861351,60.73493525524457,5.905523896583278,203.64449769044137,69.59790914632259,0.835,21.9,62.1,116.1,6772.3
RU,50,0.0,local,2030,P_mix,Europe,1.853,0.3396265482010703,125.30068154317165,159.7794916244721,5.559499741388781,290.6396729090325,67.61436498162564,0.96,11.0,26.2,175.4,21908.6
RU,500,1.0,global,2030,P_mix,Europe,1.905,0.15004544259347033,130.2592096756198,119.78435588139565,5.715081376527456,255.7586469335429,68.3765642658792,0.912,15.8,43.5,146.3,15889.7
RW,50,0.0,local,2030,P_mix,Africa/MENA,1.494,0.3681433463759,259.44212845788417,121.1909501731777,4.483270560678733,385.11634919174054,173.6068289520799,0.207,177.0,800.4,56.8,12131.9
RW,500,1.0,global,2030,P_mix,Africa/MENA,1.344,0.1339824971159544,219.18359520953575,105.37146991147034,4.0321212765278265,328.58718639753386,163.0781270038681,0.36,98.8,389.1,72.2,12392.6
SA,50,0.0,local,2030,P_mix,Asia-Pacific,1.83,0.27549406013494904,88.4007666826264,73.61449507986849,5.491066998414944,167.50632876090984,48.2970432020646,0.74,38.8,164.3,124.0,7924.2
SA,500,1.0,global,2030,P_mix,Asia-Pacific,1.609,0.13117603336446196,77.9388410980649,53.18440918840495,4.826896278089286,135.95014656455913,48.44034547739424,0.688,39.3,134.0,94.6,5435.8
SE,50,0.0,local,2030,P_mix,Europe,2.389,0.34645109355855597,192.88523599330892,193.13177303347584,7.1659044023975875,393.18291342918235,80.75124582827493,0.937,16.3,51.6,177.2,27106.6
SE,500,1.0,global,2030,P_mix,Europe,2.211,0.16079810343650167,180.49229122723554,108.68088713890414,6.631524899723759,295.80470326586345,81.65194006950962,0.986,2.4,8.0,208.3,13024.2
SK,50,0.0,local,2030,P_mix,Europe,3.343,0.4016909910924273,336.66868434445234,244.3596843544556,10.029121400745213,591.0574900996531,100.70733144762882,0.653,81.4,379.7,317.7,29781.2
SK,500,1.0,global,2030,P_mix,Europe,2.925,0.1583408783979564,292.18255784206883,163.80708007055603,8.77517645529154,464.7648143679164,99.8894641027573,0.667,52.1,223.1,244.4,19484.1
SN,50,0.0,local,2030,P_mix,Africa/MENA,2.182,0.2769720188163681,139.38090137030298,57.42413436060599,6.545423919090359,203.35045964999932,63.88321203938441,0.512,99.6,351.2,105.5,4070.8
SN,500,1.0,global,2030,P_mix,Africa/MENA,1.936,0.13858934901950656,123.30076505821344,49.59146891516615,5.806507170823545,178.69874114420315,63.704785733033994,0.524,86.7,269.0,99.5,3544.6
SR,50,0.0,local,2030,P_mix,Latin America,1.696,0.28191475930723076,270.722215718498,104.36771455095229,5.0874539350782095,380.1773842045285,159.64108127949152,0.327,120.9,508.2,87.6,10969.7
SR,500,1.0,global,2030,P_mix,Latin America,1.591,0.14574560037732012,251.32885155036584,90.27803491499847,4.774398395807782,346.3812848611721,157.9228401452925,0.315,111.2,423.3,74.7,9570.4
SV,50,0.0,local,2030,P_mix,North America,1.538,0.4411451861570167,122.04199011161582,81.18970874122675,4.612770589638456,207.844469442481,79.37224781073355,0.105,225.8,1116.9,53.9,3307.3
SV,500,1.0,global,2030,P_mix,North America,1.353,0.1445258192337082,104.4178217723228,58.163839003627686,4.059529893353878,166.64119066930436,77.1649608566292,0.149,165.8,717.0,53.2,2549.8
TH,50,0.0,local,2030,P_mix,Asia-Pacific,1.957,0.35360720281794833,133.6566350714493,76.92247292995283,5.87070382646531,216.44981182786745,68.3001420386367,0.213,160.4,853.7,50.0,4841.8
TH,500,1.0,global,2030,P_mix,Asia-Pacific,1.635,0.13985486880327086,111.2416850247962,60.262988838172845,4.906159938560835,176.41083380152986,68.02164202830359,0.344,95.4,457.1,58.7,4927.3
TN,50,0.0,local,2030,P_mix,Africa/MENA,1.899,0.30078046204731096,87.59331589482966,63.68424247110174,5.6970808201374945,156.97463918606888,46.12536770685007,0.87,27.0,80.5,150.6,6331.0
TN,500,1.0,global,2030,P_mix,Africa/MENA,1.779,0.1380823906135354,83.4686628072097,47.4463532228257,5.338354429442384,136.2533704594778,46.90696201072237,0.857,21.8,63.3,126.2,4372.7
TR,50,0.0,local,2030,P_mix,Asia-Pacific,3.096,0.3705556463204043,188.10449357208714,92.84451089841725,9.288353756531118,290.23735822703554,60.75495136255603,0.371,137.1,690.9,111.9,7265.9
TR,500,1.0,global,2030,P_mix,Asia-Pacific,2.53,0.14446669455456462,153.9992936807464,59.31971994989784,7.590575370241382,220.9095890008856,60.864672110824245,0.315,108.2,536.4,68.7,3952.3
TW,50,0.0,local,2030,P_mix,Asia-Pacific,1.366,0.49267419519402506,325.5601570002185,119.3766195374158,4.097364443135012,449.0341409807694,238.3679764286157,0.234,206.8,1193.4,134.0,7397.5
TW,500,1.0,global,2030,P_mix,Asia-Pacific,1.313,0.13336183026324386,249.1245290047539,105.4729398575792,3.938685261662701,358.5361541239958,189.7520460161777,0.223,177.4,764.3,62.6,9668.6
UA,50,0.0,local,2030,P_mix,Europe,1.898,0.36071350335608776,134.75782046222662,110.3109346472616,5.694132560140472,250.76288766962873,70.99825251990741,0.564,81.8,403.4,103.3,12533.5
UA,500,1.0,global,2030,P_mix,Europe,1.765,0.14183499877008224,125.90196104595026,79.05504131996166,5.2946012799957645,210.2516036459077,71.33792766698258,0.486,70.1,338.4,86.9,8301.7
UG,50,0.0,local,2030,P_mix,Africa/MENA,1.428,0.38032972151296396,189.54295096959166,89.43648790139983,4.28446450055257,283.2639033715441,132.7187686665242,0.32,134.9,622.0,84.9,7769.0
UG,500,1.0,global,2030,P_mix,Africa/MENA,1.295,0.13764258203226706,158.6101829351449,67.18948253626385,3.884103460820155,229.6837689322289,122.50717665099411,0.58,73.2,229.0,112.3,6480.5
US,50,0.0,local,2030,P_mix,North America,1.577,0.17182420961639627,80.74675064450967,29.58719972844309,4.732164601259421,115.06611497421217,51.190157643514695,0.878,6.6,21.9,86.2,2721.1
US,500,1.0,global,2030,P_mix,North America,1.369,0.07614096607732815,70.63673232977558,27.593363534905606,4.106398233872911,102.33649409855411,51.604882166887705,0.865,7.0,18.2,69.2,2795.2
UY,50,0.0,local,2030,P_mix,Latin America,1.663,0.28206689504078203,94.1729013990819,73.73616839504099,4.989639750618165,172.89870954474105,56.6210625050125,0.727,37.6,155.9,123.7,8011.1
UY,500,1.0,global,2030,P_mix,Latin America,1.574,0.140651044613179,89.56490091110363,59.37244161908681,4.720500089226338,153.65784261941678,56.920812976268536,0.62,44.7,175.0,105.6,5899.0
UZ,50,0.0,local,2030,P_mix,Asia-Pacific,2.973,0.3967145866214626,258.16935166644265,88.36495179078759,8.918011239842206,355.4523146970725,86.847620413297,0.27,195.2,986.4,128.6,3867.3
UZ,500,1.0,global,2030,P_mix,Asia-Pacific,2.274,0.15272623384555759,194.42328417275468,64.92083934543155,6.823068442391075,266.16719196057727,85.48497753510236,0.224,149.0,670.0,51.5,4105.6
VN,50,0.0,local,2030,P_mix,Asia-Pacific,2.345,0.3470508106916281,154.48671597610013,67.70676342809737,7.036339067219091,229.2298184714166,65.86665928131167,0.441,114.1,526.7,127.0,4045.3
VN,500,1.0,global,2030,P_mix,Asia-Pacific,1.907,0.13384712145607255,124.91818462659747,63.827858677975925,5.720156006139041,194.46619931071245,65.51474356251754,0.329,106.9,513.5,69.5,4825.2
ZA,50,0.0,local,2030,P_mix,Africa/MENA,1.671,0.23545327078214578,99.10693049426014,49.98342901774781,5.012525469979528,154.10288498198747,59.31556722523638,0.71,35.2,110.5,120.7,4514.3
ZA,500,1.0,global,2030,P_mix,Africa/MENA,1.443,0.1067661504082502,85.3906107519243,38.785571293857124,4.328555466321006,128.50473751210245,59.181829654016724,0.642,36.9,103.5,88.3,3440.1
ZM,50,0.0,local,2030,P_mix,Africa/MENA,2.062,0.3197683688026044,123.11465533936357,58.334539290087704,6.1857434901427,187.63493811959398,59.708904290431555,0.36,123.1,440.5,112.0,3339.7
ZM,500,1.0,global,2030,P_mix,Africa/MENA,1.784,0.1250973322477598,106.2621289784048,45.44337445963506,5.3519797822102,157.05748322025005,59.564198653150655,0.366,87.2,322.2,83.5,2879.7
AE,50,0.0,local,2035,P_mix,Asia-Pacific,1.796,0.335729632486153,118.06002569213106,51.94275606830415,5.3891897120376155,175.39197147247285,65.72046931012196,0.36,98.6,507.6,63.8,3858.9
AE,500,1.0,global,2035,P_mix,Asia-Pacific,1.649,0.1257891548038919,106.12753467887083,33.516671559854,4.946948808850711,144.59115504757554,64.359389259696,0.441,77.6,271.0,58.8,2305.4
AF,50,0.0,local,2035,P_mix,Asia-Pacific,1.873,0.3473239690493548,165.37302403324406,63.37227742934869,5.620431748690664,234.36573321128344,88.27063369558901,0.197,159.0,834.6,47.1,3773.2
AF,500,1.0,global,2035,P_mix,Asia-Pacific,1.478,0.14001164529643353,126.89109971540496,58.120845029428764,4.433780319623736,189.44572506445746,85.85750120757451,0.286,103.8,490.0,59.1,5182.4
AR,50,0.0,local,2035,P_mix,Latin America,1.711,0.2862062028757014,58.59113302462801,54.88054590176963,5.131636167638492,118.60331509403612,34.252895827330406,0.791,38.4,123.7,135.0,5584.4
AR,500,1.0,global,2035,P_mix,Latin America,1.733,0.14061813330878703,59.705614024861404,46.079258126406884,5.1976708024224365,110.98254295369073,34.460982406023646,0.681,46.5,156.5,117.4,4132.8
AT,50,0.0,local,2035,P_mix,Europe,2.576,0.3402327705505113,153.45140188224468,135.50209498882543,7.728456932687342,296.68195380375744,59.56612162767905,1.0,-0.0,-0.0,220.7,19338.1
AT,500,1.0,global,2035,P_mix,Europe,2.207,0.15347397164752513,132.33746546908674,114.62193371837016,6.619521462579461,253.57892065003637,59.97599655074675,1.0,-0.0,-0.0,155.6,17134.6
AU,50,0.0,local,2035,P_mix,Asia-Pacific,1.998,0.26770151463495434,89.03384447217046,52.95248376851747,5.993719124353979,147.9800473650419,44.5635719450401,0.516,68.3,273.4,81.8,5353.6
AU,500,1.0,global,2035,P_mix,Asia-Pacific,1.687,0.11483517272244369,76.10736509628158,37.034000769344594,5.061148086948392,118.20251395257456,45.11270790073068,0.47,58.3,210.9,58.9,3489.6
BD,50,0.0,local,2035,P_mix,Asia-Pacific,2.056,0.37617928064733996,164.87670054556628,73.51710926989828,6.16705804325973,244.56086785872427,80.20519641084012,0.077,234.1,1283.9,29.9,2554.3
BD,500,1.0,global,2035,P_mix,Asia-Pacific,1.639,0.14733059743938243,129.1131029236002,49.726463312974126,4.917368454330762,183.75693469090504,78.76963306047716,0.172,146.1,715.0,37.3,2393.2
BE,50,0.0,local,2035,P_mix,Europe,2.781,0.2612806518340416,103.73217029638143,71.72489425601772,8.344073109488958,183.8011376618881,37.295515847678885,0.764,43.4,142.6,129.2,8656.4
BE,500,1.0,global,2035,P_mix,Europe,2.449,0.12021259639893658,93.92312378465422,60.92657638002615,7.348020382252286,162.19772054693266,38.34629692025829,0.79,32.8,94.0,106.4,7645.9
BF,50,0.0,local,2035,P_mix,Africa/MENA,1.822,0.36940677771011377,140.746565269639,66.22369866187117,5.464588502563848,212.43485243407403,77.26834245813997,0.191,184.3,851.6,65.7,3520.3
BF,500,1.0,global,2035,P_mix,Africa/MENA,1.751,0.14839738297071942,130.7963001925872,57.755892400841326,5.253695954864803,193.80588854829335,74.68816314244813,0.242,146.7,602.5,78.3,3567.2
BG,50,0.0,local,2035,P_mix,Europe,1.733,0.34656698299463,102.43309062690943,67.05627933360398,5.199456867301894,174.6888268278153,59.10218696365346,0.836,28.5,121.4,141.9,7738.7
BG,500,1.0,global,2035,P_mix,Europe,1.566,0.13757093795978154,93.02623570587153,53.12445710566125,4.6986423907975645,150.84933520233037,59.39560492286001,0.794,28.8,95.9,115.0,6020.4
BH,50,0.0,local,2035,P_mix,Asia-Pacific,2.07,0.37745658923873926,123.96327614699466,79.88155648220759,6.210777216655521,210.0556098458578,59.87814656170264,0.479,101.4,497.2,89.6,8383.9
BH,500,1.0,global,2035,P_mix,Asia-Pacific,1.916,0.14376545842857402,113.73054416548256,49.439081108739984,5.749131841640285,168.91875711586283,59.34663561291741,0.324,97.2,483.1,56.0,3764.1
BI,50,0.0,local,2035,P_mix,Africa/MENA,1.51,0.4094276976121948,225.78005026984385,80.24516568717935,4.5291915375888,310.554407494612,149.54990204943434,0.13,233.6,1071.8,41.8,4870.0
BI,500,1.0,global,2035,P_mix,Africa/MENA,1.324,0.1291739438916685,178.49415709315838,59.975287121014354,3.9706504635817446,242.4400946777545,134.86013845611606,0.205,163.5,591.6,43.8,4775.0
BO,50,0.0,local,2035,P_mix,Latin America,2.145,0.39135771596444274,184.26218131276667,68.81692346860699,6.434619316594383,259.513724097968,85.90819701061517,0.045,254.6,1383.5,21.8,1084.7
BO,500,1.0,global,2035,P_mix,Latin America,1.951,0.14847567809879594,162.6291094437389,51.98178201367878,5.852965317822579,220.46385677524026,83.35729016633243,0.084,190.9,957.5,28.3,1103.0
BR,50,0.0,local,2035,P_mix,Latin America,2.23,0.2279479443322278,85.90123177242131,39.280874899210474,6.68894440843307,131.87105108006483,38.52681074645581,0.592,37.4,161.6,77.5,3922.4
BR,500,1.0,global,2035,P_mix,Latin America,1.926,0.1073321884120102,74.57473256416105,34.75428593293526,5.776998682078403,115.10601717917471,38.7267178001145,0.574,36.1,142.0,66.2,3512.7
BY,50,0.0,local,2035,P_mix,Europe,2.032,0.33584140938864554,143.4724728497154,99.14626609187992,6.095887365699077,248.7146263072944,70.60783651795475,0.919,16.9,48.6,171.8,13443.9
BY,500,1.0,global,2035,P_mix,Europe,1.916,0.1442731842879452,136.4619001310516,78.9329187361447,5.747792178534817,221.14261104573112,71.22486124707318,0.85,23.7,68.8,132.3,10536.5
CA,50,0.0,local,2035,P_mix,North America,1.868,0.2317042688351344,94.99345593863535,31.740533673714133,5.6040826195014635,132.33807223185093,50.85227809172774,0.648,37.6,125.2,95.3,2330.2
CA,500,1.0,global,2035,P_mix,North America,1.553,0.11017544524607632,80.21379411733264,29.46372388889368,4.6592270725220555,114.3367450787484,51.64834823595287,0.633,35.5,113.3,82.0,2337.1
CH,50,0.0,local,2035,P_mix,Europe,2.562,0.42597485555876435,265.25324347580806,116.44857769254482,7.68567447051861,389.3874956388715,103.53804776404111,0.456,145.8,570.2,220.7,10988.2
CH,500,1.0,global,2035,P_mix,Europe,2.077,0.15797768426409575,211.36984281938135,96.08204792732987,6.232305687512867,313.6841964342241,101.74557543425011,0.478,82.3,367.9,119.8,11591.2
CL,50,0.0,local,2035,P_mix,Latin America,1.772,0.31819057569623854,73.99143400440346,88.65629051622054,5.317170648034552,167.96489516865853,41.74669513292025,0.846,30.4,113.9,146.2,11627.9
CL,500,1.0,global,2035,P_mix,Latin America,1.714,0.15183037747313785,71.56889986779079,67.6765341610242,5.140967673792119,144.3864017026071,41.76386883308272,0.701,45.0,175.4,121.1,7892.7
CN,50,0.0,local,2035,P_mix,Asia-Pacific,1.66,0.18786527893656288,79.03740259785258,23.517994036634214,4.9799321842704245,107.53532881875722,47.613541514179325,0.773,18.1,53.8,72.3,2014.2
CN,500,1.0,global,2035,P_mix,Asia-Pacific,1.324,0.07662343430274825,63.35160205334643,27.169525671104484,3.971425958749676,94.49255368320058,47.85555821362315,0.832,11.2,35.9,68.6,2946.2
CO,50,0.0,local,2035,P_mix,Latin America,1.449,0.4342258514406024,123.4720821587001,72.24825495373902,4.346402195509878,200.06673930794898,85.22364701057013,0.123,212.7,1072.5,48.4,3398.9
CO,500,1.0,global,2035,P_mix,Latin America,1.386,0.15495981626663097,111.39029191494602,67.66226890623454,4.156964455459638,183.2095252766402,80.38819656154341,0.35,108.1,471.2,101.2,5969.3
CR,50,0.0,local,2035,P_mix,North America,2.017,0.3914874125597653,281.24853435174936,110.66033354224761,6.050160929555029,397.959028823552,139.4583735671476,0.139,255.8,1162.0,43.2,9655.1
CR,500,1.0,global,2035,P_mix,North America,1.668,0.1476462910217612,223.7743714113297,61.17719176354271,5.00409713824739,289.95566031311984,134.15469278222454,0.202,162.9,717.3,47.9,4080.5
CU,50,0.0,local,2035,P_mix,North America,2.892,0.287129893107005,135.37613982211067,78.59046510550709,8.67727580065138,222.64388072826915,46.80367765144036,0.293,147.3,720.8,49.9,7325.4
CU,500,1.0,global,2035,P_mix,North America,2.424,0.1290063329595506,113.97806749167576,42.924903846344684,7.272669570494793,164.17564090851525,47.016325870523936,0.283,107.9,529.0,44.5,2475.3
CV,50,0.0,local,2035,P_mix,Africa/MENA,2.595,0.309252116577345,107.94565155155459,68.43393313202485,7.783645516080714,184.16323019966015,41.60479225134669,0.318,139.0,679.1,67.6,5355.3
CV,500,1.0,global,2035,P_mix,Africa/MENA,2.123,0.14639929148977027,89.00751422605894,60.40413935789297,6.367867344321999,155.77952092827394,41.93280548098599,0.381,89.8,462.5,65.5,5730.6
CZ,50,0.0,local,2035,P_mix,Europe,2.573,0.34069970214130846,216.57843365469273,96.95194689032392,7.7179186803983315,321.248299225415,84.18530019165031,0.626,57.8,291.9,125.1,12304.0
CZ,500,1.0,global,2035,P_mix,Europe,2.37,0.14290715791210912,198.91833078257565,67.78718690773715,7.109362357883534,273.81488004819636,83.93931302235416,0.569,54.0,252.6,89.2,8138.6
DE,50,0.0,local,2035,P_mix,Europe,1.415,0.24734167547363572,56.40471531110698,63.95196516069415,4.245930830430267,124.60261130223141,39.853250721979684,0.939,13.1,28.3,143.8,7848.9
DE,500,1.0,global,2035,P_mix,Europe,1.355,0.10875989302138547,55.600550235869456,52.489358698194636,4.06449527734285,112.15440421140694,41.038711900448895,0.967,5.6,12.2,126.4,6343.3
DK,50,0.0,local,2035,P_mix,Europe,1.459,0.26352648189471484,62.440419658967606,68.91698778778132,4.376049436626013,135.7334568833749,42.80601983357164,0.956,8.7,21.4,151.4,8648.9
DK,500,1.0,global,2035,P_mix,Europe,1.399,0.11952929233246788,61.32437983178025,53.33620459990503,4.197284463098257,118.85786889478354,43.831467967634445,0.985,1.9,5.2,130.1,6482.5
DO,50,0.0,local,2035,P_mix,North America,2.469,0.36685985237552204,153.14350643859737,82.35907636915842,7.407234077072326,242.9098168848281,62.02457145749854,0.384,139.9,648.5,118.9,6817.9
DO,500,1.0,global,2035,P_mix,North America,1.687,0.14049403059182466,103.1682727225749,66.31347175081301,5.061601851987742,174.54334632537564,61.14760252155714,0.431,83.0,405.4,92.5,6564.6
DZ,50,0.0,local,2035,P_mix,Africa/MENA,1.87,0.36230396921729024,98.43171234104493,67.76032594584512,5.610972145434158,171.8030104323242,52.62815950056426,0.555,85.9,401.1,115.7,6253.9
DZ,500,1.0,global,2035,P_mix,Africa/MENA,1.727,0.15324875939595503,90.99584738502163,48.60132520049838,5.1823412868379535,144.77951387235797,52.6764886844471,0.527,72.3,292.9,93.0,4116.4
EC,50,0.0,local,2035,P_mix,Latin America,1.29,0.50732190586709,188.0559253662999,106.34417361703505,3.8698071010725603,298.2699060844075,145.7870538153012,0.132,259.1,1212.9,57.3,8153.6
EC,500,1.0,global,2035,P_mix,Latin America,1.578,0.1442327052624635,149.89771298492147,74.91589260392257,4.733558085906014,229.54716367475004,95.00108180645513,0.217,159.9,711.0,73.3,6030.7
EE,50,0.0,local,2035,P_mix,Europe,2.273,0.3051234895794189,120.81285919310484,59.41604880911258,6.819585823575559,187.048493825793,53.146714031569076,0.886,18.2,75.2,151.5,6479.7
EE,500,1.0,global,2035,P_mix,Europe,2.087,0.1461106537263627,111.75547468969084,50.323288534667334,6.261391711224491,168.34015493558266,53.54503272300552,0.956,4.8,20.9,132.8,5735.8
EG,50,0.0,local,2035,P_mix,Africa/MENA,2.006,0.2813263178466749,61.5436195572185,74.96998090274737,6.018859731214953,142.53246019118083,30.675388182602962,0.809,36.0,120.8,137.1,9254.3
EG,500,1.0,global,2035,P_mix,Africa/MENA,1.683,0.13802631545581448,52.21341950450561,62.194968184451014,5.050177955149884,119.4585656441065,31.01677998372007,0.848,23.4,71.1,116.4,7850.5
ES,50,0.0,local,2035,P_mix,Europe,1.902,0.27155341089236723,110.31145229439952,54.2606615832316,5.706754916250955,170.27886879388205,57.98993679241518,0.409,80.2,364.0,81.4,4921.2
ES,500,1.0,global,2035,P_mix,Europe,1.712,0.1207724998908534,99.32720815791285,42.976273763337005,5.137031910852122,147.44051383210197,58.00657454438688,0.449,57.8,245.8,74.5,3967.3
ET,50,0.0,local,2035,P_mix,Africa/MENA,2.257,0.2800884723302535,105.24242134906524,52.61061593775868,6.772347840602854,164.62538512742677,46.62006020338906,0.338,119.8,564.4,75.1,3161.9
ET,500,1.0,global,2035,P_mix,Africa/MENA,1.82,0.13295094588250062,84.76459132838615,52.74662154776605,5.460148243481885,142.97136111963408,46.572686792657244,0.452,73.1,321.6,85.6,4871.2
FI,50,0.0,local,2035,P_mix,Europe,3.448,0.32483076020428814,186.63688297339627,143.4917811521474,10.345303444433398,340.47396756997705,54.12220646089126,1.0,-0.0,-0.0,393.4,16485.0
FI,500,1.0,global,2035,P_mix,Europe,2.914,0.16056668358670614,158.8135844494708,105.73269872285161,8.742213908702633,273.288497081025,54.498867028880746,1.0,-0.0,-0.0,304.3,11785.9
FJ,50,0.0,local,2035,P_mix,Asia-Pacific,1.896,0.3511423211059096,151.82106152326028,69.64273094209194,5.688710632241036,227.15250309759324,80.06439666458373,0.516,115.8,473.4,148.1,5082.8
FJ,500,1.0,global,2035,P_mix,Asia-Pacific,1.595,0.14475286365881956,124.7724083955133,55.433114756157195,4.786002552256741,184.9915257039272,78.21082857760672,0.547,79.6,304.2,110.5,4801.7
FR,50,0.0,local,2035,P_mix,Europe,1.592,0.2591718990860129,83.3811592103619,60.62461389209858,4.7765558137951745,148.78232891625564,52.36900548898576,0.809,26.6,96.1,128.9,7064.7
FR,500,1.0,global,2035,P_mix,Europe,1.559,0.11592618471695643,82.46068789250933,45.42726707793524,4.677917415466153,132.56587238591072,52.882948052830706,0.746,26.4,96.1,103.2,4919.5
GB,50,0.0,local,2035,P_mix,Europe,1.463,0.2560338533204903,67.95402659877765,101.29713946610968,4.389104319419111,173.64027038430643,46.44730791527724,0.965,5.7,17.7,146.1,14768.6
GB,500,1.0,global,2035,P_mix,Europe,1.378,0.11514841040663715,65.22602874528972,82.59078794525465,4.133185632835009,151.95000232337938,47.34316423664979,0.946,7.8,18.9,115.5,12076.6
GF,50,0.0,local,2035,P_mix,Latin America,1.884,0.31598176845446774,223.6229862390663,116.83526366629982,5.651584594426409,346.10983449979256,118.70457700992604,0.426,94.2,440.4,94.9,15456.0
GF,500,1.0,global,2035,P_mix,Latin America,1.76,0.14825536201589815,204.24018960333422,95.18058605290406,5.280089004333164,304.7008646605714,116.04360614132992,0.372,88.4,425.6,78.9,12024.2
GH,50,0.0,local,2035,P_mix,Africa/MENA,1.621,0.27421052723441,179.51174099945237,66.90203689516598,4.864010880261101,251.27778877487944,110.71834258920327,0.42,90.7,395.0,92.1,6687.7
GH,500,1.0,global,2035,P_mix,Africa/MENA,1.49,0.12657366501176068,160.4619657387702,52.748609330640626,4.469564856432937,217.68013992584378,107.703079086875,0.407,77.8,307.4,74.9,5193.1
GR,50,0.0,local,2035,P_mix,Europe,2.382,0.4082723349587389,175.7629516621298,104.53993595981996,7.146431743167966,287.44931936511773,73.78351517741447,0.187,200.3,965.5,59.7,9833.0
GR,500,1.0,global,2035,P_mix,Europe,2.171,0.1463823694741076,157.62099442257662,61.82329279584359,6.511958234196593,225.9562454526168,72.6145602077974,0.173,151.8,699.6,51.8,4305.3
GT,50,0.0,local,2035,P_mix,North America,1.711,0.42184946356232045,121.06479734946512,72.15922816393278,5.131914448400552,198.3559399617985,70.77171603310559,0.097,256.4,1174.1,55.0,2214.5
GT,500,1.0,global,2035,P_mix,North America,1.479,0.15761407904785044,102.42958437974809,60.980192131377635,4.438281035342503,167.84805754646823,69.23598363696922,0.22,139.1,628.8,56.0,4605.5
HN,50,0.0,local,2035,P_mix,North America,2.339,0.3796972314888411,116.31915346454294,78.79451265633374,7.018418550715885,202.13208467159257,49.72024080240041,0.086,251.8,1225.8,37.7,3565.4
HN,500,1.0,global,2035,P_mix,North America,1.763,0.15373810274003538,87.8759405891486,48.6424124525149,5.290150742990014,141.80850378465354,49.833706934869255,0.334,114.7,494.2,67.1,3132.1
HU,50,0.0,local,2035,P_mix,Europe,2.374,0.3658816522178738,180.05499273531782,244.84789271995814,7.122258988035123,432.0251444433111,75.84180512298026,0.891,21.7,70.9,160.9,40258.4
HU,500,1.0,global,2035,P_mix,Europe,2.181,0.15319536991606234,164.9591494998749,170.47594154331557,6.544014912424374,341.9791059556149,75.62290965444751,0.815,26.7,95.4,123.7,27345.9
ID,50,0.0,local,2035,P_mix,Asia-Pacific,1.499,0.4105101677722821,151.08106840747587,70.62420361168141,4.496086603258105,226.20135862241537,100.80837964597549,0.135,207.5,1132.3,45.7,2823.0
ID,500,1.0,global,2035,P_mix,Asia-Pacific,1.454,0.1449116482262179,138.4931188985702,51.5591889249721,4.36143519671327,194.41374302025557,95.2620726793811,0.205,144.8,662.4,53.3,2680.3
IE,50,0.0,local,2035,P_mix,Europe,2.201,0.2970470211280533,91.09599385793231,111.89416207799101,6.602929215569563,209.59308515149286,41.38890069113387,0.892,18.6,71.5,166.0,15764.1
IE,500,1.0,global,2035,P_mix,Europe,2.098,0.1390563404273382,87.08599277832367,88.63816728241616,6.294217811088385,182.0183778718282,41.50761638320123,0.843,22.5,80.7,128.6,12340.8
IL,50,0.0,local,2035,P_mix,Asia-Pacific,2.324,0.4400141256051262,279.91517717679,83.46723925348674,6.971875736486076,370.3542921667628,120.44757584185098,0.128,241.5,1187.3,54.5,4332.3
IL,500,1.0,global,2035,P_mix,Asia-Pacific,1.945,0.13205720974974494,213.33973454338013,62.117487800875466,5.836153756524098,281.2933761007797,109.66455483025551,0.174,165.1,756.4,50.6,3913.6
IN,50,0.0,local,2035,P_mix,Asia-Pacific,1.841,0.2657665783264423,100.74558932697998,66.50760828251111,5.522813463218683,172.77601107270974,54.725145072127305,0.427,70.3,363.7,83.2,7202.0
IN,500,1.0,global,2035,P_mix,Asia-Pacific,1.588,0.12129401486365299,86.91518308525127,51.92049853127067,4.762525289908967,143.5982069064309,54.749430897140314,0.386,57.9,289.5,64.2,5581.7
IR,50,0.0,local,2035,P_mix,Asia-Pacific,4.062,0.3827420606249863,216.90514474976567,95.08772997096592,12.185229778927742,324.1781044996593,53.401983061049506,0.13,296.5,1586.1,73.3,2971.1
IR,500,1.0,global,2035,P_mix,Asia-Pacific,3.295,0.16729598364823486,175.9884804899836,91.82405269635827,9.885898102314922,277.69843128865676,53.40591578081502,0.213,197.1,1038.4,65.6,6904.5
IT,50,0.0,local,2035,P_mix,Europe,2.953,0.43468617083996414,240.22690164372145,108.26887297916042,8.859038799422548,357.35481342230446,81.34976279572699,0.115,295.1,1311.5,51.4,7729.6
IT,500,1.0,global,2035,P_mix,Europe,2.322,0.15229895600513885,185.823771976303,77.81786522748689,6.96710846214221,270.6087456659321,80.01473193048326,0.184,186.0,747.9,46.7,6781.7
JM,50,0.0,local,2035,P_mix,North America,1.778,0.45174723990744065,129.35921153674605,75.4862098237657,5.334714538036721,210.18013589854849,72.74571710317964,0.14,222.9,1130.9,58.2,3288.9
JM,500,1.0,global,2035,P_mix,North America,1.379,0.1373618426421119,94.13079625967849,53.25698016735961,4.136725363521888,151.52450179055998,68.26471761195558,0.186,141.6,654.6,46.0,3251.6
JO,50,0.0,local,2035,P_mix,Asia-Pacific,1.59,0.27272764877634736,86.89372088297551,70.3024369644906,4.7709714981454665,161.9671293456116,54.63901068163089,0.679,49.4,216.8,123.8,8002.0
JO,500,1.0,global,2035,P_mix,Asia-Pacific,1.444,0.1237225991387029,78.59793997569491,49.78044135080348,4.332173354887955,132.71055468138633,54.428528272314075,0.862,19.8,49.7,128.5,5439.4
JP,50,0.0,local,2035,P_mix,Asia-Pacific,1.789,0.4065321024081905,130.75874791320072,73.99426314852784,5.3658735950107355,210.11888465673928,73.10575562278349,0.471,116.5,563.7,122.4,5933.0
JP,500,1.0,global,2035,P_mix,Asia-Pacific,1.711,0.1407323384420086,124.5701850940178,50.94028801819124,5.132917938583312,180.6433910507924,72.80664911334958,0.374,98.1,453.9,84.3,3514.6
KE,50,0.0,local,2035,P_mix,Africa/MENA,2.073,0.3562664780411014,78.50724657325443,67.26946837267454,6.219895961370367,151.99661090729933,37.865864828367904,0.273,148.0,745.0,64.9,4710.7
KE,500,1.0,global,2035,P_mix,Africa/MENA,1.783,0.14622414504256576,68.89919253241594,52.02743911113321,5.3494105136045444,126.2760421571537,38.63931868223165,0.43,95.8,369.0,81.9,4343.6
KH,50,0.0,local,2035,P_mix,Asia-Pacific,1.853,0.35548817399811344,186.54599341925288,79.86785523660835,5.558769676701637,271.97261833256283,100.6765908296864,0.216,169.2,847.4,63.7,6219.4
KH,500,1.0,global,2035,P_mix,Asia-Pacific,1.636,0.1471808445013826,160.67614732256467,58.217472185936636,4.909072567596937,223.80269207609823,98.19134578482186,0.24,127.8,554.6,47.4,4884.4
KR,50,0.0,local,2035,P_mix,Asia-Pacific,1.914,0.43060894590841337,174.0353022683706,101.26906632597193,5.741203691616716,281.0455722859593,90.94014684890708,0.327,163.7,825.3,121.7,8882.8
KR,500,1.0,global,2035,P_mix,Asia-Pacific,1.705,0.13735086188425064,151.452414166471,82.86433839529009,5.114532111537987,239.43128467329905,88.8365216193322,0.398,107.8,491.9,97.1,8727.7
KW,50,0.0,local,2035,P_mix,Asia-Pacific,2.14,0.32203323270518025,89.585111465909,77.3163240989508,6.421156875902887,173.3225924407627,41.854659462736976,0.63,58.4,300.2,108.2,9066.0
KW,500,1.0,global,2035,P_mix,Asia-Pacific,2.099,0.14062480537190392,88.54390535594973,40.36479658283026,6.296523229949401,135.20522516872938,42.18704614705028,0.687,39.0,174.3,94.4,3603.8
KZ,50,0.0,local,2035,P_mix,Asia-Pacific,2.723,0.42997219466272063,193.2826375244605,89.81316290356892,8.168597514311061,291.2643979423405,70.98500220601073,0.214,209.6,1074.0,98.6,5381.5
KZ,500,1.0,global,2035,P_mix,Asia-Pacific,2.233,0.1501874571075347,156.61399802746382,72.67841054295985,6.697521044239938,235.9899296146636,70.15162639712366,0.262,132.5,622.5,61.6,6704.0
LC,50,0.0,local,2035,P_mix,North America,2.292,0.2553395333319037,74.29985054676959,69.27861853858332,6.874825935742957,150.45329502109584,32.42257385476921,0.638,52.3,193.6,103.9,8441.0
LC,500,1.0,global,2035,P_mix,North America,2.026,0.12288022175583561,66.98111203714615,49.93953002324848,6.077838844316425,122.99848090471106,33.06164267572623,0.512,60.7,230.0,74.7,5319.0
LK,50,0.0,local,2035,P_mix,Asia-Pacific,2.384,0.3021616733607405,95.32017922248951,71.37359883346407,7.153447485170762,173.84722554112435,39.97520611708863,0.47,97.3,453.0,84.0,7281.5
LK,500,1.0,global,2035,P_mix,Asia-Pacific,2.05,0.1428213482272316,83.1523369229439,50.101076561772295,6.1508417479785,139.4042552326947,40.556564611797796,0.388,84.2,434.4,58.9,4231.9
LY,50,0.0,local,2035,P_mix,Africa/MENA,1.578,0.262659292501429,62.061682773092244,41.55401822282751,4.735146049780327,108.35084704570008,39.319811123442335,0.689,50.1,150.2,111.4,3465.9
LY,500,1.0,global,2035,P_mix,Africa/MENA,1.437,0.11407025880327236,56.88799971476983,31.78215435558012,4.310291761064153,92.9804458314141,39.5945352669525,0.572,52.9,164.0,84.3,2241.1
MA,50,0.0,local,2035,P_mix,Africa/MENA,1.709,0.3669035813353089,86.22194608156016,74.2026091642432,5.128355696892496,165.55291094269586,50.438357542441445,0.849,46.3,129.5,156.1,8502.5
MA,500,1.0,global,2035,P_mix,Africa/MENA,1.509,0.1554782416014007,76.09206804347353,58.99868450500042,4.527942848819564,139.61869539729352,50.41499236014694,0.6,60.4,268.7,113.3,5767.9
MG,50,0.0,local,2035,P_mix,Africa/MENA,1.386,0.3834113630398085,161.9426015286317,67.71476726079219,4.157840237270744,233.81520902669465,116.84619342295852,0.224,185.8,808.6,58.1,4251.9
MG,500,1.0,global,2035,P_mix,Africa/MENA,1.279,0.12930296887926176,139.66924591308555,51.144668576196196,3.8356580623984473,194.64957255168017,109.24011758161035,0.388,93.3,379.4,72.0,4382.6
MM,50,0.0,local,2035,P_mix,Asia-Pacific,1.719,0.3601099851967387,147.79997288253463,75.17848417791038,5.157685079599718,228.13614214004474,85.96878479482817,0.223,165.3,867.7,61.3,5318.4
MM,500,1.0,global,2035,P_mix,Asia-Pacific,1.449,0.1542242769631909,122.61453558420922,62.448046968405244,4.3468149367679345,189.4093974893824,84.62371002758572,0.433,80.4,373.8,92.6,6077.1
MN,50,0.0,local,2035,P_mix,Asia-Pacific,1.813,0.3000255775725711,87.54890836322596,54.00586637020778,5.438923488003942,146.99369822143768,48.29020405765395,0.866,26.1,75.7,147.0,5533.6
MN,500,1.0,global,2035,P_mix,Asia-Pacific,1.604,0.13664072180571882,78.05252800270061,45.76955453416963,4.8109839621288595,128.6330664989991,48.671453875411935,0.799,29.0,84.7,118.4,4657.3
MR,50,0.0,local,2035,P_mix,Africa/MENA,1.929,0.2718088572858108,74.90494231545259,60.65967544485387,5.787211986556279,141.35182974686273,38.8295482295054,0.722,69.6,153.6,147.8,5883.4
MR,500,1.0,global,2035,P_mix,Africa/MENA,1.812,0.13394588657566606,70.97563102805455,47.30563234319589,5.436030965435932,123.71729433668636,39.16955117401345,0.725,55.6,119.8,123.2,4380.5
MU,50,0.0,local,2035,P_mix,Africa/MENA,2.397,0.3045313321267359,106.70786981513298,70.12591191869919,7.191857680041247,184.02563941387342,44.51194999781505,0.263,149.5,732.5,55.1,5550.3
MU,500,1.0,global,2035,P_mix,Africa/MENA,2.063,0.13662794582489232,92.81474044215159,49.089882666552974,6.189989645335242,148.09461275403982,44.98298660907922,0.221,123.6,606.2,39.9,3096.3
MX,50,0.0,local,2035,P_mix,North America,2.357,0.28660507459131135,75.76075581978074,44.33237630336842,7.0720179199011195,127.16515004305028,32.13824823884513,0.747,50.0,205.4,119.2,3422.7
MX,500,1.0,global,2035,P_mix,North America,1.909,0.1280707871817538,63.09805771439664,38.36958128205581,5.728128252435506,107.19576724888796,33.04642717500364,0.771,38.2,131.0,97.4,3449.5
MY,50,0.0,local,2035,P_mix,Asia-Pacific,1.596,0.37508648679290063,261.00235836844934,72.4348390215711,4.78940783587468,338.2266052258952,163.48724141642268,0.174,186.2,958.0,54.3,4238.6
MY,500,1.0,global,2035,P_mix,Asia-Pacific,1.419,0.1472846285008811,217.74266071982134,58.45896028687109,4.256493734084769,280.4581147407772,153.4662149103158,0.25,133.6,578.1,56.1,4512.1
NE,50,0.0,local,2035,P_mix,Africa/MENA,1.878,0.40353748590224975,103.39577450142733,61.83394901422709,5.635068836380094,170.8647923520345,55.0458800967449,0.271,170.5,743.6,92.4,2857.1
NE,500,1.0,global,2035,P_mix,Africa/MENA,1.658,0.15635144011772686,90.40686985338256,57.0782664065562,4.97315292386281,152.45828918380158,54.53695346039794,0.407,136.8,392.9,103.8,4244.7
NG,50,0.0,local,2035,P_mix,Africa/MENA,1.515,0.2875226400623128,235.17327417215833,74.34575720493667,4.544261641991009,314.0632930190861,155.25510591141096,0.21,128.2,614.3,57.8,7192.2
NG,500,1.0,global,2035,P_mix,Africa/MENA,1.407,0.13384635243298185,213.1252330534895,57.287070106261275,4.219949057353927,274.6322522171047,151.5126582028892,0.2,109.2,491.9,48.5,5239.3
NI,50,0.0,local,2035,P_mix,North America,2.799,0.3334322964392175,136.2328185036345,81.89089995221096,8.396620854244999,226.52033931009046,48.674158641363455,0.173,202.5,966.6,54.4,5786.1
NI,500,1.0,global,2035,P_mix,North America,2.138,0.15511996191786287,104.10641080777549,54.83502377412213,6.414184266728977,165.35561884862662,48.69196447058072,0.37,97.8,433.2,64.8,4852.2
NL,50,0.0,local,2035,P_mix,Europe,1.58,0.24042819572415583,56.95799453861533,63.35176637121222,4.738987623094701,125.04874853292226,36.05706475854084,0.899,18.0,48.6,142.1,7609.2
NL,500,1.0,global,2035,P_mix,Europe,1.536,0.10901779810236799,57.03383414023257,49.61134771844738,4.607500036741877,111.25268189542183,37.135431591161215,0.885,16.7,41.5,118.7,5730.0
NO,50,0.0,local,2035,P_mix,Europe,2.421,0.3530520762757962,158.0520944115642,308.3738455017007,7.262179413674889,473.68811932693984,65.29118274630443,0.911,21.8,67.6,157.4,52018.2
NO,500,1.0,global,2035,P_mix,Europe,2.117,0.1655759221349426,139.15509569779502,236.75835294472162,6.3518213531682175,382.2652699956849,65.72371354322837,0.879,22.4,71.0,129.1,39562.8
NP,50,0.0,local,2035,P_mix,Asia-Pacific,1.349,0.5023022794343074,520.219106653988,159.99830986618437,4.046666599183648,684.2640831193561,385.66491251757753,0.11,270.9,1393.0,49.5,16927.5
NP,500,1.0,global,2035,P_mix,Asia-Pacific,1.43,0.13833573639047042,423.41706251210377,71.9954668000662,4.289696609782323,499.7022259219522,296.1167893877629,0.119,226.0,1006.6,38.2,3931.9
NZ,50,0.0,local,2035,P_mix,Asia-Pacific,2.281,0.3074572607719392,108.32610334205488,55.78231153164765,6.842043926704487,170.95045880040703,47.49725571883179,0.543,77.4,362.7,95.4,4881.3
NZ,500,1.0,global,2035,P_mix,Asia-Pacific,1.718,0.135590820686109,82.45880853360391,39.26499196710964,5.152603694778993,126.87640419549254,48.00998490364608,0.566,63.7,226.1,73.4,3397.2
OM,50,0.0,local,2035,P_mix,Asia-Pacific,2.3,0.2696012692510764,99.27510136977267,48.657892460731894,6.898721918654832,154.8317157491594,43.17108409660196,0.186,145.0,741.5,38.7,1998.3
OM,500,1.0,global,2035,P_mix,Asia-Pacific,2.05,0.12026296968664434,88.81315105692717,33.67485716297357,6.148515844764984,128.6365240646657,43.33394593064864,0.234,108.9,512.2,40.1,988.8
PA,50,0.0,local,2035,P_mix,North America,1.553,0.43044673527349775,162.1056532862398,84.49433351850124,4.658027327506176,251.25801413224718,104.40405898586339,0.158,232.3,1035.6,55.7,5549.2
PA,500,1.0,global,2035,P_mix,North America,1.561,0.14690843573592474,150.49702153402006,75.63093880462762,4.681511761009959,230.80947209965765,96.44129666880458,0.197,180.4,722.5,70.9,5984.2
PE,50,0.0,local,2035,P_mix,Latin America,2.129,0.24555908364116394,80.06905338447132,79.70218390032302,6.388250208485173,166.1594874932795,37.60140137190603,0.84,26.1,84.6,133.4,10528.1
PE,500,1.0,global,2035,P_mix,Latin America,1.998,0.1186151389430547,75.44666153710233,57.98480006169736,5.994449829779408,139.42591142857907,37.75825822861805,0.814,23.1,82.0,124.7,6804.5
PH,50,0.0,local,2035,P_mix,Asia-Pacific,2.75,0.3100837568102227,102.45539766125498,71.12067861824185,8.24952148702664,181.8255977665235,37.25866930186587,0.303,150.2,782.7,56.5,5366.0
PH,500,1.0,global,2035,P_mix,Asia-Pacific,1.948,0.12587567998332175,73.15387005598862,55.417415508107126,5.845163468647637,134.41644903274337,37.545846466932026,0.743,42.2,139.9,111.7,6129.8
PK,50,0.0,local,2035,P_mix,Asia-Pacific,2.451,0.28686678372354846,115.02834974456283,75.13316022913405,7.353738445287705,197.51524841898456,46.926478525330175,0.409,98.4,493.0,78.2,7848.8
PK,500,1.0,global,2035,P_mix,Asia-Pacific,2.037,0.12793940606767204,96.6885262940688,59.1317792929479,6.110257813722644,161.93056340073935,47.47190506933543,0.361,95.3,424.9,61.9,5787.4
PL,50,0.0,local,2035,P_mix,Europe,1.664,0.3172035189266892,97.74684669308644,70.57616490267674,4.991048292012405,173.31405988777556,58.75329648654292,0.929,13.0,43.0,158.0,8612.7
PL,500,1.0,global,2035,P_mix,Europe,1.562,0.13722063466893825,92.96174874103808,51.814411671783,4.686639124496474,149.46279953731755,59.506447758141924,0.922,10.2,33.1,126.1,6056.6
PS,50,0.0,local,2035,P_mix,Asia-Pacific,1.981,0.42425528082200914,377.83099742043447,96.21376467408521,5.943808971073622,479.98857106559325,190.70145049708054,0.155,278.8,1328.8,100.7,4303.0
PS,500,1.0,global,2035,P_mix,Asia-Pacific,1.64,0.14512331514804847,287.3790904180685,88.25741192763347,4.919824494649067,380.556326840351,175.23740373094333,0.26,171.9,728.9,134.6,6733.0
PT,50,0.0,local,2035,P_mix,Europe,1.761,0.399268985859118,130.41853961304733,66.04156981130674,5.282548678487059,201.74265810284115,74.0656911374073,0.667,64.4,310.4,140.1,6088.8
PT,500,1.0,global,2035,P_mix,Europe,1.74,0.16261349161894853,127.15802275278827,45.2902492585764,5.220810648568108,177.66908265993277,73.06797620844375,0.513,64.9,311.4,92.5,3459.1
PY,50,0.0,local,2035,P_mix,Latin America,1.767,0.3345005566464188,127.0811636671658,65.61863434584983,5.301281384549014,198.0010793975646,71.91534712959395,0.384,114.6,529.4,83.5,5606.7
PY,500,1.0,global,2035,P_mix,Latin America,1.564,0.15475968645563706,111.04705919232087,56.238591983412626,4.691173038426078,171.97682421415956,71.01447225420047,0.727,44.0,122.3,119.0,6198.7
RO,50,0.0,local,2035,P_mix,Europe,2.148,0.33735250684642976,133.94005433909075,75.15587443966785,6.444467230405693,215.5403960091643,62.35118414776641,0.906,18.5,52.4,154.6,9433.4
RO,500,1.0,global,2035,P_mix,Europe,1.935,0.1417455346644501,121.29129430362151,58.006147404070504,5.805750657759102,185.10319236545112,62.67473482082189,0.819,24.3,72.9,120.3,6967.9
RU,50,0.0,local,2035,P_mix,Europe,1.8,0.34124892885185215,109.7393015995264,148.31856649382271,5.39997513037558,263.4578432237247,60.96655944703972,0.95,13.6,33.5,173.3,22549.1
RU,500,1.0,global,2035,P_mix,Europe,1.835,0.14996475555922248,112.75557960249463,110.43016704261927,5.505230034528912,228.6909766796428,61.444614791001975,0.895,17.8,53.0,144.1,16169.5
RW,50,0.0,local,2035,P_mix,Africa/MENA,1.469,0.3743217817463563,246.19823984258014,108.36699712046014,4.406672108739179,358.9719090717794,167.60827701770174,0.199,171.5,836.9,55.5,11701.4
RW,500,1.0,global,2035,P_mix,Africa/MENA,1.318,0.1370009692436037,207.95507585061793,91.76718132864762,3.952529637194092,303.67478681645963,157.83948124794665,0.348,92.9,416.4,72.6,11581.3
SA,50,0.0,local,2035,P_mix,Asia-Pacific,1.731,0.2834575281645483,76.13734407890036,72.88223895723857,5.1922862790398225,154.21186931517877,43.99064688685438,0.741,40.0,160.2,127.9,8816.1
SA,500,1.0,global,2035,P_mix,Asia-Pacific,1.626,0.13318329575294555,71.66217518657382,49.10346464792604,4.876750475412964,125.64239030991283,44.08397080055961,0.633,46.9,168.9,93.8,5193.9
SE,50,0.0,local,2035,P_mix,Europe,2.384,0.35289998475131035,171.62230871182848,186.86451642709144,7.153353431568836,365.64017857048873,71.97560291978556,0.935,17.0,53.0,167.6,29608.7
SE,500,1.0,global,2035,P_mix,Europe,2.227,0.160524966593997,161.7703316847099,104.05208065195755,6.681735515415617,272.50414785208307,72.63247608865301,0.884,21.7,77.4,139.3,14929.2
SK,50,0.0,local,2035,P_mix,Europe,3.343,0.4084250224533385,306.8455013532153,219.7261663497881,10.028528181763866,536.6001958847672,91.79178513289438,0.645,83.9,398.4,290.1,29803.2
SK,500,1.0,global,2035,P_mix,Europe,2.921,0.15855638749174059,265.2389182131887,144.75523436126656,8.762093707055351,418.75624628151064,90.81354083200954,0.648,56.6,248.6,215.8,19095.3
SN,50,0.0,local,2035,P_mix,Africa/MENA,2.134,0.2826008093581016,124.84427136919082,56.15660891823418,6.401348579235233,187.40222886666027,58.50842357225874,0.394,111.5,503.8,84.8,4029.8
SN,500,1.0,global,2035,P_mix,Africa/MENA,1.934,0.13778520642408673,112.5085927153464,46.14209475913353,5.800583271279579,164.45127074575947,58.18824803657751,0.474,88.3,317.9,89.2,3472.6
SR,50,0.0,local,2035,P_mix,Latin America,1.665,0.28870894924648216,252.29226679478484,98.28165724545993,4.995045324951331,355.5689693651961,151.52551201159014,0.316,119.8,544.3,85.0,11422.6
SR,500,1.0,global,2035,P_mix,Latin America,1.561,0.148726606827158,234.46252611624848,86.4585637326852,4.681565727309339,325.602655576243,150.24622515617287,0.322,104.6,423.8,75.1,10403.1
SV,50,0.0,local,2035,P_mix,North America,1.557,0.4530650577840501,111.76030225685003,76.31765520838498,4.670563840546684,192.74852130578168,71.78595951518038,0.081,240.4,1197.5,44.2,3220.0
SV,500,1.0,global,2035,P_mix,North America,1.361,0.1497282089495962,94.72430509708306,55.12055457617999,4.083757189565312,153.92861686282836,69.58614386216655,0.126,175.3,780.4,47.5,2473.4
TH,50,0.0,local,2035,P_mix,Asia-Pacific,1.924,0.3628164153445125,119.12836261001539,70.42730810581706,5.771572137814674,195.32724285364708,61.92161845963962,0.199,163.5,868.9,45.4,4851.3
TH,500,1.0,global,2035,P_mix,Asia-Pacific,1.591,0.14189763014501652,97.60990110584844,55.92880483717293,4.77378423938018,158.31249018240155,61.341210376019504,0.387,86.5,410.0,66.9,5240.5
TN,50,0.0,local,2035,P_mix,Africa/MENA,1.823,0.30636398796218955,75.83917665362495,63.30600337913394,5.469831858310641,144.61501189106954,41.59497693063276,0.836,34.1,107.9,145.5,7005.7
TN,500,1.0,global,2035,P_mix,Africa/MENA,1.751,0.13843215974260728,73.88400758690578,44.22145376362699,5.252975413285262,123.35843676381803,42.19551879114748,0.802,29.8,93.9,121.3,4234.0
TR,50,0.0,local,2035,P_mix,Asia-Pacific,3.159,0.3760061557114828,174.40046744444047,89.12658500323965,9.478168082128429,273.0052205298086,55.20068833974844,0.36,136.7,735.9,114.5,7630.2
TR,500,1.0,global,2035,P_mix,Asia-Pacific,2.611,0.14709939647980114,143.78948274911883,55.924834294885635,7.833287940437361,207.54760498444185,55.068631656003255,0.346,101.6,510.1,75.7,4250.7
TW,50,0.0,local,2035,P_mix,Asia-Pacific,1.34,0.4961870564801451,299.79204246341226,111.36558084864745,4.019171917109256,415.176795229169,223.77149968670713,0.231,207.5,1183.0,129.8,7865.7
TW,500,1.0,global,2035,P_mix,Asia-Pacific,1.329,0.1334936709087251,236.0230727016221,89.28271316170438,3.986742651518187,329.29252851484466,177.60595052084116,0.188,189.4,836.5,54.3,8093.3
UA,50,0.0,local,2035,P_mix,Europe,1.84,0.3687139412002175,117.72591012489997,102.806416631965,5.519389339769732,226.0517160966347,63.98855174609491,0.594,76.6,378.5,107.9,13097.6
UA,500,1.0,global,2035,P_mix,Europe,1.67,0.1441274784830121,106.99864507592012,76.63534440462644,5.008633712088742,188.6426231926353,64.08852267495844,0.544,65.9,301.5,93.7,9235.9
UG,50,0.0,local,2035,P_mix,Africa/MENA,1.424,0.3838694696067932,178.77413380528225,81.02490749968433,4.272421558527249,264.0714628634938,125.53124593836188,0.288,136.5,675.3,76.3,7492.6
UG,500,1.0,global,2035,P_mix,Africa/MENA,1.275,0.13800610362590576,147.5465367483128,62.20668457017735,3.8249346595389353,213.57815597802912,115.7247507852311,0.465,83.8,319.7,92.4,6363.1
US,50,0.0,local,2035,P_mix,North America,1.589,0.1849617956819893,74.38660074886526,29.355525058281476,4.768072147226555,108.51019795437327,46.80294159902798,0.788,13.9,48.6,88.7,2742.3
US,500,1.0,global,2035,P_mix,North America,1.37,0.08046182648176663,64.51250896643074,27.3661467740368,4.111402284414748,95.99005802488229,47.073361717227954,0.794,10.0,37.4,74.6,2832.3
UY,50,0.0,local,2035,P_mix,Latin America,1.676,0.29273296425169765,86.02824672253823,70.59820917152885,5.027766669175501,161.6542225632426,51.33188494006587,0.688,45.7,189.3,123.2,8278.8
UY,500,1.0,global,2035,P_mix,Latin America,1.581,0.14578132725977416,81.40252020766432,58.14056894334349,4.743688529866355,144.28677768087417,51.48052176812577,0.558,54.9,225.2,103.6,6179.1
UZ,50,0.0,local,2035,P_mix,Asia-Pacific,3.074,0.40334251101022084,245.30126123706987,86.52813140904145,9.222416972299278,341.0518096184106,79.79511075259293,0.243,211.2,1075.7,123.3,4137.5
UZ,500,1.0,global,2035,P_mix,Asia-Pacific,2.389,0.15632288347421214,187.25786305404105,59.26300996175552,7.168151777576409,253.68902479337297,78.37077207537376,0.251,136.4,670.1,72.1,3640.2
VN,50,0.0,local,2035,P_mix,Asia-Pacific,2.36,0.3547854543001649,142.66296676336486,63.09789706554318,7.080550929868639,212.8414147587767,60.44570606570532,0.392,119.9,615.1,114.0,3784.0
VN,500,1.0,global,2035,P_mix,Asia-Pacific,1.947,0.1358851130924898,116.48051506947631,58.062236874245976,5.842210069702724,180.384962013425,59.81324550799853,0.327,109.3,534.5,72.1,4514.9
ZA,50,0.0,local,2035,P_mix,Africa/MENA,1.675,0.2405733849347442,91.99633196792968,48.095165890082555,5.024733957771959,145.1162318157842,54.92609125641479,0.687,38.0,125.1,122.0,4658.9
ZA,500,1.0,global,2035,P_mix,Africa/MENA,1.435,0.10743602429929158,78.35495757065166,38.98189903243612,4.3059813102589635,121.64283791334672,54.59031421058768,0.583,42.9,132.5,90.0,3702.5
ZM,50,0.0,local,2035,P_mix,Africa/MENA,1.895,0.33175084775617786,102.72845834907862,63.34910931448404,5.685298403763634,171.7628660673263,54.207422928446285,0.454,95.2,369.8,98.4,6007.2
ZM,500,1.0,global,2035,P_mix,Africa/MENA,1.782,0.12828972758215457,95.88967338369754,42.30337846614415,5.347273170760574,143.54032502060227,53.79733014653068,0.352,89.0,341.1,84.9,2719.7
AE,50,0.0,local,2040,P_mix,Asia-Pacific,1.768,0.3400656981197704,105.64655088546449,49.80513556901714,5.303862220274738,160.75554867475637,59.7563887396713,0.339,103.3,530.8,64.4,4160.7
AE,500,1.0,global,2040,P_mix,Asia-Pacific,1.626,0.12780633352034448,94.61176928326249,33.370952005851386,4.876895351461497,132.85961664057538,58.199999670841464,0.43,81.9,283.0,62.6,2595.7
AF,50,0.0,local,2040,P_mix,Asia-Pacific,1.996,0.3555203407622708,163.4370537531702,58.61014094522534,5.988547666927078,228.03574236532262,81.87480312920442,0.16,172.2,945.5,42.0,3281.5
AF,500,1.0,global,2040,P_mix,Asia-Pacific,1.587,0.14376205439700981,126.20424601239858,51.665387530276355,4.761356914722932,182.6309904573979,79.5178233470506,0.279,107.5,519.3,57.3,4790.9
AR,50,0.0,local,2040,P_mix,Latin America,1.682,0.29605192651645307,51.763874194292384,53.133607965837086,5.045105379242,109.94258753937146,30.780649938814026,0.681,56.1,215.3,121.5,5738.2
AR,500,1.0,global,2040,P_mix,Latin America,1.727,0.14544449447528188,53.226860178354514,44.820927861915436,5.179828425534094,103.22761646580403,30.82738797831846,0.536,69.4,270.5,100.6,4106.2
AT,50,0.0,local,2040,P_mix,Europe,2.607,0.34902001546699524,138.06182208916618,118.91894337092275,7.820523629210058,264.80128908929896,52.96134707917693,1.0,-0.0,-0.0,200.9,19188.7
AT,500,1.0,global,2040,P_mix,Europe,2.204,0.1553733472071871,117.23438338444132,101.45433521357216,6.611353401844264,225.30007199985775,53.196846209312405,0.993,0.9,2.5,153.2,16867.6
AU,50,0.0,local,2040,P_mix,Asia-Pacific,1.908,0.2801943867388935,76.27709061357409,54.80203168300667,5.724593549188933,136.80371584576972,39.973365772517305,0.561,67.4,257.9,92.0,6545.6
AU,500,1.0,global,2040,P_mix,Asia-Pacific,1.706,0.12032611947074674,68.610464184101,35.628726503402426,5.1167110847549395,109.35590177225839,40.22728450812286,0.41,66.9,262.7,56.3,3520.4
BD,50,0.0,local,2040,P_mix,Asia-Pacific,2.018,0.38153112378716025,146.746088169003,66.83605472966332,6.053468045722642,219.63561094438896,72.72496710676108,0.073,235.7,1277.4,27.1,2664.8
BD,500,1.0,global,2040,P_mix,Asia-Pacific,1.621,0.15140255868281727,115.25480121368967,45.09705266311008,4.861596355172645,165.2134502319724,71.12157784822712,0.151,150.9,745.0,34.9,2168.7
BE,50,0.0,local,2040,P_mix,Europe,2.652,0.27381450690406944,86.54855486544756,71.07123792334247,7.954603900266205,165.57439668905621,32.64092943554952,0.768,45.4,148.9,133.2,9699.1
BE,500,1.0,global,2040,P_mix,Europe,2.396,0.12201586411789232,80.20957821306607,57.626910614220364,7.187738312535959,145.0242271398224,33.47767046826366,0.76,36.2,121.8,106.3,7911.7
BF,50,0.0,local,2040,P_mix,Africa/MENA,1.736,0.3808304148781697,121.78892651407331,61.12879372620423,5.206759766479247,188.12448000675678,70.17162226197303,0.167,184.5,905.0,54.5,3609.2
BF,500,1.0,global,2040,P_mix,Africa/MENA,1.66,0.15157138470521245,112.0050519671978,52.531982738635755,4.979981874810081,169.51701658064366,67.47316844690491,0.19,151.6,673.0,56.7,3573.9
BG,50,0.0,local,2040,P_mix,Europe,1.722,0.35732339055238477,90.36374276308008,61.97118827582366,5.16474570697291,157.49967674587668,52.488785250983554,0.782,42.8,169.9,135.6,7606.7
BG,500,1.0,global,2040,P_mix,Europe,1.549,0.14080500514197566,81.46671767126426,50.48666033635099,4.647102202718552,136.6004802103338,52.591947056989405,0.748,35.2,127.8,117.7,6057.4
BH,50,0.0,local,2040,P_mix,Asia-Pacific,2.092,0.38760772416404105,112.81638470897813,71.14963389595007,6.276684266258991,190.2427028711872,53.921647126063725,0.381,121.8,625.3,77.5,7468.2
BH,500,1.0,global,2040,P_mix,Asia-Pacific,1.929,0.14778625792412944,102.55619722238454,43.2602374027257,5.786929013440783,151.60336363855103,53.16612506435771,0.231,116.0,587.0,44.0,2883.5
BI,50,0.0,local,2040,P_mix,Africa/MENA,1.574,0.4195943552470656,223.24990278934496,73.52982350533865,4.72288823726639,301.50261453195003,141.80934943226328,0.111,246.2,1155.7,39.6,4420.7
BI,500,1.0,global,2040,P_mix,Africa/MENA,1.303,0.13308685607327342,165.66265792559216,57.33562403883273,3.908233934260629,226.9065158986855,127.16433615195002,0.176,165.7,671.4,37.5,5012.5
BO,50,0.0,local,2040,P_mix,Latin America,2.096,0.39651646960133397,170.4343523743759,67.13845291206013,6.287776517283278,243.8605818037193,81.31698951413169,0.046,244.6,1319.8,17.2,2649.7
BO,500,1.0,global,2040,P_mix,Latin America,1.97,0.15356524886677592,155.5597736975686,48.00714642857478,5.908929133735501,209.47584925987888,78.97866272051245,0.076,191.5,995.1,26.4,1003.4
BR,50,0.0,local,2040,P_mix,Latin America,2.248,0.24084481353421774,79.24513895452543,37.18605804661202,6.744689245105459,123.17588624624291,35.247793964132406,0.458,53.0,247.9,68.6,3718.0
BR,500,1.0,global,2040,P_mix,Latin America,1.945,0.1119203252812761,68.71908552027051,32.53247902574203,5.833638651510073,107.0852031975226,35.33939430880708,0.466,46.7,202.7,61.3,3307.2
BY,50,0.0,local,2040,P_mix,Europe,1.902,0.34289055906785004,120.16374921729317,97.72033864940065,5.705047359762971,223.58913522645682,63.18812534219823,0.887,21.8,75.7,168.1,14984.3
BY,500,1.0,global,2040,P_mix,Europe,1.838,0.14649202331174732,116.6735784853137,70.238605785274,5.512779762676282,192.424964033264,63.492602738408145,0.777,34.2,121.5,126.6,9995.4
CA,50,0.0,local,2040,P_mix,North America,1.859,0.24644517096053392,85.39919094672156,31.197573834282526,5.576317709506308,122.17308249051038,45.94386227373819,0.565,46.8,178.5,90.4,2354.8
CA,500,1.0,global,2040,P_mix,North America,1.555,0.11714350393590439,72.23614256959861,28.321707968703468,4.665130004683156,105.22298054298524,46.452816425533776,0.561,44.0,154.0,80.4,2223.9
CH,50,0.0,local,2040,P_mix,Europe,2.24,0.4373382209627441,209.9657126826999,137.09353065178888,6.721462061170463,353.7807053956592,93.71430386953831,0.517,117.9,505.4,167.5,19548.7
CH,500,1.0,global,2040,P_mix,Europe,2.093,0.1611568409291545,192.09056770976815,85.81643061707696,6.278848869061494,284.1858471959066,91.77983339730275,0.467,89.8,387.9,124.4,11060.1
CL,50,0.0,local,2040,P_mix,Latin America,1.744,0.3248662200198411,65.94090814544066,83.87764223062928,5.232587818783302,155.05113819485325,37.80590623366173,0.835,32.1,126.9,150.0,12169.3
CL,500,1.0,global,2040,P_mix,Latin America,1.704,0.15733545888495673,64.34198974208034,65.27674118479506,5.111787856796845,134.73051878367224,37.7609506954765,0.709,49.5,179.3,125.0,8479.2
CN,50,0.0,local,2040,P_mix,Asia-Pacific,1.637,0.20808125338987354,72.2229506713969,24.51310455702372,4.9102426543791085,101.64629788279974,44.125895045320924,0.667,30.2,98.1,72.4,2149.7
CN,500,1.0,global,2040,P_mix,Asia-Pacific,1.324,0.08187127593461596,58.616076569102695,27.916220536713766,3.9714306513573443,90.5037277571738,44.278308031693086,0.81,18.3,45.2,74.1,3270.7
CO,50,0.0,local,2040,P_mix,Latin America,1.456,0.4478194113430852,112.23985349228165,66.64488992150308,4.367711621110448,183.25245503489518,77.09290120011124,0.105,221.1,1146.3,44.2,3135.0
CO,500,1.0,global,2040,P_mix,Latin America,1.387,0.16111158277998336,100.11984731013322,62.64407141335459,4.160031597072623,166.92395032056044,72.20126456293276,0.334,112.5,513.5,99.9,5869.0
CR,50,0.0,local,2040,P_mix,North America,2.102,0.39731909227807705,280.73031321249186,103.65372324995654,6.304596923132526,390.6886333855809,133.58362951759008,0.138,256.9,1216.3,46.4,10044.0
CR,500,1.0,global,2040,P_mix,North America,1.699,0.15321360827627153,218.8286622387848,59.780287628386205,5.098307076260888,283.7072569434319,128.76548565956955,0.222,154.8,700.9,55.8,4905.5
CU,50,0.0,local,2040,P_mix,North America,2.702,0.2946825458754986,115.14702281230412,81.17702551029964,8.104574234934343,204.4286225575381,42.62297542391627,0.369,121.5,616.0,59.0,10161.9
CU,500,1.0,global,2040,P_mix,North America,2.383,0.13262663117059018,101.66886166966391,41.22950493416583,7.149596627946181,150.04796323177592,42.66067036800207,0.257,109.9,576.1,45.2,2550.9
CV,50,0.0,local,2040,P_mix,Africa/MENA,2.637,0.32236936491704904,98.19358042066285,62.665141399339085,7.912155867351005,168.77087768735294,37.23141280337477,0.306,138.0,719.4,63.0,5335.9
CV,500,1.0,global,2040,P_mix,Africa/MENA,2.137,0.15156362923407216,79.84778877789714,54.691373666421676,6.410267655958302,140.9494301002771,37.368699591044034,0.367,91.5,492.4,63.2,5577.0
CZ,50,0.0,local,2040,P_mix,Europe,2.539,0.34899079194639115,194.00702447004457,89.81322941579779,7.615505321957014,291.4357592077994,76.42579826345239,0.603,62.3,323.4,124.6,12566.7
CZ,500,1.0,global,2040,P_mix,Europe,2.339,0.14479536542353863,177.65376821318003,63.663028140711866,7.016850202038094,248.33364655593,75.95449372493924,0.542,58.2,288.9,91.4,8300.2
DE,50,0.0,local,2040,P_mix,Europe,1.411,0.26013305102603945,50.02884379896661,59.159939295809906,4.232792178203642,113.42157527298016,35.4580440234595,0.904,16.4,49.5,145.9,7758.1
DE,500,1.0,global,2040,P_mix,Europe,1.335,0.1107306784030249,48.60263059914791,48.748533398900335,4.003921873597139,101.35508587164537,36.41626794941663,0.956,6.8,17.2,132.3,6264.9
DK,50,0.0,local,2040,P_mix,Europe,1.452,0.2752117325538893,55.15900597691175,65.12939341435658,4.355727015701206,124.64412640696955,37.990676948816144,0.928,12.8,39.9,156.2,8812.7
DK,500,1.0,global,2040,P_mix,Europe,1.399,0.12176388574142362,54.26725203340919,50.096653877778834,4.197142270946037,108.56104818213406,38.78871517584565,0.95,5.2,21.5,133.9,6485.8
DO,50,0.0,local,2040,P_mix,North America,2.511,0.37897359797312047,143.89273250749918,78.79666455724954,7.5326165312146385,230.22201359596338,57.30786848549264,0.327,159.0,777.2,104.6,6958.3
DO,500,1.0,global,2040,P_mix,North America,1.713,0.1470400217169843,96.20132675772031,62.43489035565493,5.138105065743636,163.77432217911885,56.1693419228263,0.41,91.5,445.1,91.9,6693.0
DZ,50,0.0,local,2040,P_mix,Africa/MENA,1.895,0.36969735896649525,89.22134575111492,64.9572654110311,5.684151831118036,159.86276299326408,47.08952983768109,0.523,91.4,441.4,107.3,6807.9
DZ,500,1.0,global,2040,P_mix,Africa/MENA,1.664,0.1551315725595862,78.14886887615636,49.69856329460243,4.990836036406732,132.8382682071655,46.97541752889609,0.481,76.0,340.8,86.9,4995.6
EC,50,0.0,local,2040,P_mix,Latin America,1.274,0.5155666749044593,178.01160560977,94.97918315154351,3.8221475253253696,276.8129362866389,139.7211419210851,0.119,260.5,1270.7,54.4,7606.0
EC,500,1.0,global,2040,P_mix,Latin America,1.516,0.14863547773907745,139.0808672805399,70.75342619113057,4.5470311474363605,214.38132461910683,91.76154468984963,0.173,187.0,804.9,60.7,6088.9
EE,50,0.0,local,2040,P_mix,Europe,2.243,0.31267594906076246,105.54731255026847,55.368880904124936,6.730462763427319,167.6466562178207,47.046087138525664,0.856,25.0,100.6,151.4,6390.1
EE,500,1.0,global,2040,P_mix,Europe,2.053,0.1470667023087299,97.20668322381583,47.65396977717952,6.158951077140706,151.01960407813607,47.3489797238056,0.874,14.7,68.2,131.4,5650.7
EG,50,0.0,local,2040,P_mix,Africa/MENA,1.984,0.2930701727537259,55.59750725809152,70.9768634997502,5.952396898853815,132.52676765669554,28.02106858942695,0.793,38.8,138.1,138.8,9650.5
EG,500,1.0,global,2040,P_mix,Africa/MENA,1.682,0.13958582545752493,47.63374055821388,58.21158744165079,5.044759379089925,110.8900873789546,28.326667524908085,0.812,30.0,94.1,117.5,7951.5
ES,50,0.0,local,2040,P_mix,Europe,1.896,0.2810828052107083,99.45660265907507,50.07432427621703,5.687622200368274,155.21854913566037,52.459498445221065,0.404,81.3,381.4,81.1,4925.0
ES,500,1.0,global,2040,P_mix,Europe,1.687,0.12338592514973652,88.15247068269213,40.66938401424489,5.059531540581996,133.881386237519,52.269149807030395,0.396,65.7,298.3,71.9,3905.6
ET,50,0.0,local,2040,P_mix,Africa/MENA,2.185,0.285044466155733,92.64242241828498,50.78215372780258,6.55360472593321,149.97818087202077,42.40830487610467,0.337,118.1,577.6,73.1,3673.3
ET,500,1.0,global,2040,P_mix,Africa/MENA,1.714,0.13405912242490442,72.46422393516241,52.325741686983484,5.142770561217701,129.93273618336357,42.27150894984007,0.414,79.0,357.2,77.9,5669.8
FI,50,0.0,local,2040,P_mix,Europe,3.504,0.33381346912747123,166.82224446576345,130.45270721411043,10.51228281450732,307.78723449438115,47.60780719356534,1.0,-0.0,-0.0,389.4,16222.2
FI,500,1.0,global,2040,P_mix,Europe,3.018,0.16103870913370485,144.64797243742672,95.52382161893709,9.054162209236267,249.22595626560008,47.92756163232996,1.0,-0.0,0.0,297.5,11523.6
FJ,50,0.0,local,2040,P_mix,Asia-Pacific,1.921,0.3611164173330814,140.87301026885868,65.53432517202107,5.7619948663521585,212.16933030723192,73.34595753885684,0.438,132.6,597.6,127.3,4954.2
FJ,500,1.0,global,2040,P_mix,Asia-Pacific,1.614,0.14987105879928714,115.23427829992755,52.10732094356283,4.842498202965263,172.18409744645564,71.38935739575385,0.506,91.6,348.1,103.0,4853.2
FR,50,0.0,local,2040,P_mix,Europe,1.571,0.2715592763227561,73.82748820699116,57.713240748826806,4.7129480976752784,136.25367705349325,46.99446292018856,0.747,36.0,144.7,127.1,7185.1
FR,500,1.0,global,2040,P_mix,Europe,1.543,0.11997810462149257,72.96960091221285,43.20284103640397,4.6293632471060695,120.80180519572292,47.287022221357226,0.665,34.8,146.3,101.3,4879.8
GB,50,0.0,local,2040,P_mix,Europe,1.454,0.26822221991767065,60.089280881167554,92.95319984902565,4.3627660844236065,157.40524681461682,41.319621349197085,0.956,7.8,23.9,151.5,14930.2
GB,500,1.0,global,2040,P_mix,Europe,1.348,0.11879158095929557,56.59432070596046,76.70850775294805,4.043498351124666,137.3463268100332,41.989126091929194,0.922,10.9,32.3,119.5,12355.2
GF,50,0.0,local,2040,P_mix,Latin America,1.938,0.323202466467966,218.10140448899136,101.72765178662029,5.813457985630849,325.64251426124247,112.54991694860838,0.397,100.8,493.7,89.8,14584.6
GF,500,1.0,global,2040,P_mix,Latin America,1.827,0.1507262646939116,200.91116759999468,80.3079193623825,5.4812953207114905,286.7003822830887,109.96187352330969,0.335,96.8,485.1,73.6,10653.1
GH,50,0.0,local,2040,P_mix,Africa/MENA,1.641,0.277688410603754,171.8195394824138,62.04276340886498,4.921782994753966,238.78408588603276,104.73005798846933,0.411,93.4,412.8,95.1,6717.3
GH,500,1.0,global,2040,P_mix,Africa/MENA,1.518,0.12836519673353958,154.41533566017713,47.86198932345182,4.5540574851443685,206.83138246877334,101.72159848479583,0.394,78.0,330.4,77.2,4937.8
GR,50,0.0,local,2040,P_mix,Europe,2.367,0.4140773386079719,156.26812304183147,95.50698612001732,7.100657969444767,258.8757671312935,66.02266594769567,0.193,199.4,956.3,60.8,10162.0
GR,500,1.0,global,2040,P_mix,Europe,2.198,0.14820227637841243,142.34140297309602,53.82464279563046,6.594726619467675,202.76077238819417,64.7523746714095,0.153,160.2,730.4,47.1,3662.7
GT,50,0.0,local,2040,P_mix,North America,1.739,0.43494432854955145,109.79418553815303,68.18883808070939,5.217385176246232,183.20040879510864,63.13173083598959,0.077,272.0,1258.0,47.9,2153.4
GT,500,1.0,global,2040,P_mix,North America,1.49,0.16419216325952946,91.71883196047341,56.50895158141644,4.4693034869340496,152.6970870288239,61.56585622028952,0.199,149.0,677.3,53.5,4493.1
HN,50,0.0,local,2040,P_mix,North America,2.345,0.39197600979815234,103.93904991064723,73.58362595741545,7.035613471051719,184.5582893391144,44.31982385259275,0.077,252.3,1256.3,32.2,3924.4
HN,500,1.0,global,2040,P_mix,North America,1.76,0.15912890350883194,77.6722066571826,46.98466360542085,5.278729143556173,129.9355994061596,44.142560384253514,0.374,110.4,463.3,78.1,3558.0
HU,50,0.0,local,2040,P_mix,Europe,2.332,0.3745225421006141,159.4300100629013,218.79247980869448,6.996584614806056,385.2190744864018,68.36050109028275,0.864,26.0,96.4,160.3,40413.3
HU,500,1.0,global,2040,P_mix,Europe,2.031,0.1548385098208792,138.0041165274137,160.12169081197166,6.094217328569198,304.22002466795453,67.93527819255567,0.82,27.3,97.5,128.3,29010.4
ID,50,0.0,local,2040,P_mix,Asia-Pacific,1.508,0.415875941924559,138.20613743334846,62.80434350926853,4.524849170335596,205.53533011295255,91.63143271564432,0.165,196.7,1043.5,49.4,3079.6
ID,500,1.0,global,2040,P_mix,Asia-Pacific,1.428,0.1454773040717696,123.08434441871657,46.70736824373988,4.2847837009784895,174.07649636343493,86.17775342354518,0.184,148.2,686.7,45.6,2611.6
IE,50,0.0,local,2040,P_mix,Europe,1.731,0.30394576969606574,65.21605118595384,112.70939738507732,5.192458006370622,183.11790657740178,37.67929433763733,0.902,17.8,67.2,168.9,18198.5
IE,500,1.0,global,2040,P_mix,Europe,1.782,0.1388436318728476,67.4054425944107,85.67752485305832,5.346131844131287,158.4290992916003,37.824792518952485,0.861,21.3,72.2,134.0,13460.7
IL,50,0.0,local,2040,P_mix,Asia-Pacific,2.383,0.442671658663553,279.9669778616373,79.51065100023366,7.148429215430598,366.6260580773016,117.49447441850569,0.147,237.0,1169.7,67.7,4860.2
IL,500,1.0,global,2040,P_mix,Asia-Pacific,1.999,0.13561569576867913,214.59590713582728,54.21527643143513,5.996558041757963,274.8077416090204,107.35954141098345,0.163,162.4,774.8,42.3,3569.3
IN,50,0.0,local,2040,P_mix,Asia-Pacific,1.845,0.2734478320848993,91.83860839961842,62.96110818206432,5.535716388664828,160.33543297034757,49.77058177384478,0.409,76.2,390.7,84.7,7507.4
IN,500,1.0,global,2040,P_mix,Asia-Pacific,1.59,0.1256225044411827,78.79947613933356,49.765708742766094,4.770194662844863,133.33537954494452,49.55739652708783,0.382,62.1,303.2,65.9,5986.2
IR,50,0.0,local,2040,P_mix,Asia-Pacific,3.909,0.37667385539402864,187.51203955279325,83.7008178311225,11.725911701767696,282.9387690856834,47.97376382883518,0.139,272.1,1465.2,72.3,3339.1
IR,500,1.0,global,2040,P_mix,Asia-Pacific,3.112,0.16567586232790674,149.06967641541766,78.15427153406098,9.335251284829521,236.55919923430818,47.90540882097088,0.22,166.4,912.5,63.2,7043.6
IT,50,0.0,local,2040,P_mix,Europe,2.768,0.4466674198479879,200.56033824435255,121.418271258909,8.303989753800245,330.28259925706175,72.4568590005431,0.157,268.5,1161.8,54.2,13800.2
IT,500,1.0,global,2040,P_mix,Europe,2.42,0.15605915416463265,171.99597254609307,71.4538059752663,7.259139374208057,250.70891789556742,71.0811421353337,0.173,185.3,776.3,45.9,6861.6
JM,50,0.0,local,2040,P_mix,North America,1.756,0.4587982483588119,115.07048883338386,71.41205013333567,5.268858017369806,191.75139698408933,65.51921979337766,0.104,236.5,1231.8,45.0,3406.6
JM,500,1.0,global,2040,P_mix,North America,1.362,0.14274180881956583,83.11388523062598,48.88602735366344,4.087284308763366,136.08719689305278,61.004235784938174,0.207,140.3,635.2,51.0,3326.3
JO,50,0.0,local,2040,P_mix,Asia-Pacific,1.697,0.2771478576412072,85.46716307635668,69.24069397683975,5.090875065977573,159.79873211917405,50.36491485375604,0.635,60.6,254.1,120.6,8842.4
JO,500,1.0,global,2040,P_mix,Asia-Pacific,1.392,0.12560096217104355,69.68166244164436,49.00959514850295,4.176156302735798,122.8674138928831,50.056791980699536,0.727,37.0,128.6,111.5,5905.2
JP,50,0.0,local,2040,P_mix,Asia-Pacific,1.806,0.4128617450495445,117.71185906117873,66.37860589346117,5.417640107143618,189.5081050617835,65.18254631161203,0.473,112.5,561.0,116.8,5853.4
JP,500,1.0,global,2040,P_mix,Asia-Pacific,1.717,0.14283960239697893,111.0036225518929,47.50457096187957,5.150460853925972,163.65865436769846,64.65651853306264,0.365,98.2,461.3,80.5,3720.9
KE,50,0.0,local,2040,P_mix,Africa/MENA,2.106,0.37238483574547276,70.05466530204383,61.85659267264382,6.317342683227199,138.22860065791485,33.26778464371167,0.261,152.0,778.0,61.2,4702.8
KE,500,1.0,global,2040,P_mix,Africa/MENA,1.814,0.15164335729035458,61.290144309868595,47.23733720856306,5.443126477310163,113.97060799574183,33.78029771971569,0.335,112.3,473.0,67.2,3841.0
KH,50,0.0,local,2040,P_mix,Asia-Pacific,1.823,0.36425437529525545,169.16062196361057,74.52643502676293,5.4700507576277655,249.15710774800127,92.77461734393759,0.189,173.6,915.2,54.3,6455.1
KH,500,1.0,global,2040,P_mix,Asia-Pacific,1.642,0.14898578372034635,148.3706133340164,53.50573654077287,4.926929590779442,206.80327946556872,90.34264277595098,0.223,130.5,589.4,44.5,4870.9
KR,50,0.0,local,2040,P_mix,Asia-Pacific,1.908,0.43983306542147865,156.35306455788202,91.6133548985605,5.723482353801429,253.68990181024395,81.95346201462571,0.299,174.6,890.3,113.0,8513.5
KR,500,1.0,global,2040,P_mix,Asia-Pacific,1.667,0.14039759725593148,132.8872514354635,73.8309380783275,5.001639009010168,211.71982852280115,79.70622301773959,0.379,111.9,527.5,95.2,8259.0
KW,50,0.0,local,2040,P_mix,Asia-Pacific,2.157,0.3330551607375984,81.38542758827109,69.7297815485934,6.471605098166144,157.58681423503063,37.727314794593994,0.572,71.3,365.1,103.9,8592.8
KW,500,1.0,global,2040,P_mix,Asia-Pacific,2.086,0.1445540620110138,79.14815850605349,38.40265189111912,6.258830113440622,123.80964051061325,37.93751726992189,0.637,51.6,207.1,90.7,3624.7
KZ,50,0.0,local,2040,P_mix,Asia-Pacific,2.672,0.43357181925262467,169.3402737739516,82.4166348969626,8.01659930144331,259.77350797235755,63.37111313900809,0.19,215.7,1066.8,71.6,6231.4
KZ,500,1.0,global,2040,P_mix,Asia-Pacific,2.197,0.15240154114913035,137.0942149071481,64.59354271298926,6.5916282101986905,208.2793858303361,62.394696971091605,0.25,133.0,642.8,59.1,6402.4
LC,50,0.0,local,2040,P_mix,North America,2.274,0.27076403091386925,66.68020741265532,65.40717748067075,6.822446258618867,138.90983115194493,29.32095243480337,0.572,62.5,263.2,100.2,8545.2
LC,500,1.0,global,2040,P_mix,North America,2.011,0.12970302495154093,59.83725845066856,49.60696884711761,6.031990194616537,115.47621749240271,29.759958083522317,0.469,65.3,300.2,78.7,5577.9
LK,50,0.0,local,2040,P_mix,Asia-Pacific,2.51,0.31166521877380293,89.76704865660336,64.3272130914721,7.529412527138033,161.62367427521352,35.76655482737572,0.41,108.3,548.9,76.4,6696.8
LK,500,1.0,global,2040,P_mix,Asia-Pacific,2.175,0.14738999201907188,78.48392342923871,45.047618199790634,6.524145636310531,130.05568726533988,36.08928791799136,0.367,91.0,481.3,57.7,3791.3
LY,50,0.0,local,2040,P_mix,Africa/MENA,1.617,0.2771971480253516,57.305881481904436,40.76142536031719,4.8512064371337225,102.91851327935535,35.438121769002414,0.653,58.6,179.6,110.6,3669.5
LY,500,1.0,global,2040,P_mix,Africa/MENA,1.496,0.11826858435005126,53.28018184105983,30.7918608566897,4.488838377659393,88.56088107540893,35.60844300358275,0.596,50.0,158.1,90.7,2366.0
MA,50,0.0,local,2040,P_mix,Africa/MENA,1.808,0.3737300572103781,81.55447802752835,68.58643597433235,5.425122225622585,155.5660362274833,45.09823445581582,0.8,53.6,175.0,143.5,8637.1
MA,500,1.0,global,2040,P_mix,Africa/MENA,1.61,0.15684732408878746,72.32955017496027,55.86571324841018,4.8314144958688265,133.0266779192393,44.912033672627324,0.712,42.3,183.6,125.8,6521.3
MG,50,0.0,local,2040,P_mix,Africa/MENA,1.403,0.3950002503553882,156.31609368991778,62.61142148246502,4.209973986909068,223.13748915929185,111.38982866116328,0.229,174.9,815.5,56.0,4556.7
MG,500,1.0,global,2040,P_mix,Africa/MENA,1.275,0.1344936391583417,132.44392520400473,48.51394669758998,3.8263955155970018,184.7842674171917,103.83970344739004,0.325,106.7,475.7,66.1,4171.8
MM,50,0.0,local,2040,P_mix,Asia-Pacific,1.759,0.3702581243644821,137.88430711432576,67.42062679540423,5.2768780536151985,210.5818119633452,78.38970640217528,0.188,179.0,947.6,53.9,4712.3
MM,500,1.0,global,2040,P_mix,Asia-Pacific,1.463,0.15947818188384133,112.7711289275876,55.19038973700828,4.388384203758669,172.34990286835458,77.09292784642608,0.313,99.1,505.6,74.1,5216.2
MN,50,0.0,local,2040,P_mix,Asia-Pacific,1.805,0.3079558451075446,77.72663408726525,50.30630488105217,5.415195274792718,133.44813424311013,43.06029430687904,0.8,35.5,129.5,141.7,5319.9
MN,500,1.0,global,2040,P_mix,Asia-Pacific,1.587,0.13797762037545405,68.65673514725451,43.547654814723955,4.760218448685406,116.96460841066387,43.269065834288405,0.775,31.5,102.0,120.1,4739.8
MR,50,0.0,local,2040,P_mix,Africa/MENA,1.879,0.28071495110236816,65.57864601551306,55.37479564042295,5.636856070980531,126.59029772691653,34.901713928686114,0.649,67.6,229.5,133.9,5654.1
MR,500,1.0,global,2040,P_mix,Africa/MENA,1.781,0.1354201348722982,62.513178728021146,43.14417204609234,5.342949294383368,111.00030006849686,35.10037731056331,0.697,63.5,136.8,117.2,4218.7
MU,50,0.0,local,2040,P_mix,Africa/MENA,2.319,0.3151920566298656,92.6677546314502,68.6236276834191,6.95554432563374,168.24692664050303,39.9685848984968,0.303,139.2,678.3,58.0,6986.9
MU,500,1.0,global,2040,P_mix,Africa/MENA,2.085,0.14083620563381863,83.78621156106776,45.88848027768366,6.255319629309168,135.93001146806057,40.18318000977393,0.238,120.3,590.5,42.9,3405.7
MX,50,0.0,local,2040,P_mix,North America,2.324,0.30133682333741857,66.3843742626388,45.44456447736821,6.971725629230234,118.80066436923724,28.56582909013681,0.625,70.8,333.7,104.4,3699.7
MX,500,1.0,global,2040,P_mix,North America,1.959,0.13225774617312297,57.289012875164126,36.320665553899076,5.877406186479619,99.48708461554283,29.241987566021223,0.707,50.0,181.6,94.6,3259.3
MY,50,0.0,local,2040,P_mix,Asia-Pacific,1.53,0.38228241747184755,232.36887671769313,65.84962236794435,4.588546380530566,302.807045466168,151.9231957883089,0.192,172.7,898.3,57.5,4662.7
MY,500,1.0,global,2040,P_mix,Asia-Pacific,1.287,0.14804521980309265,183.0439399854925,70.76702495492977,3.862070478355529,257.67303541877783,142.18586197067523,0.226,141.5,612.7,47.8,8141.6
NE,50,0.0,local,2040,P_mix,Africa/MENA,1.869,0.41277304867884435,91.67484200240891,56.650065102636866,5.608379987100596,153.93328709214637,49.038140539654925,0.242,161.7,801.5,81.2,2798.1
NE,500,1.0,global,2040,P_mix,Africa/MENA,1.626,0.1586458061929526,78.4619771884037,50.62345729181521,4.879350200947099,133.964784681166,48.24124563133881,0.25,142.9,562.7,67.6,3669.5
NG,50,0.0,local,2040,P_mix,Africa/MENA,1.538,0.2952996017335526,226.7932658430671,67.10868018801827,4.614946652844931,298.5168926839303,147.42961267163852,0.213,127.8,623.9,60.6,7059.4
NG,500,1.0,global,2040,P_mix,Africa/MENA,1.426,0.1359721679169562,205.45384715474108,52.00058031745182,4.279135626102638,261.7335630982955,144.03879552319677,0.181,115.4,531.4,47.8,4979.1
NI,50,0.0,local,2040,P_mix,North America,2.858,0.34422674533442243,125.5737015444678,75.04958762284242,8.572774826628772,209.196063993939,43.94389357611842,0.157,205.1,1016.2,51.8,5683.8
NI,500,1.0,global,2040,P_mix,North America,2.173,0.1606756077230998,95.43949453550879,49.33983381792423,6.520118946164514,151.29944729959752,43.913076735348994,0.356,95.6,465.5,66.6,4501.0
NL,50,0.0,local,2040,P_mix,Europe,1.548,0.25502839967800384,49.135439312988694,60.221187873766176,4.644835810110246,114.00146299686511,31.735528222141856,0.867,26.4,71.3,142.9,7832.3
NL,500,1.0,global,2040,P_mix,Europe,1.49,0.11174319741409766,48.60278723265934,47.80887153887219,4.470094455003455,100.881753226535,32.61863103021791,0.865,20.2,55.9,123.8,5933.0
NO,50,0.0,local,2040,P_mix,Europe,2.419,0.3589173295343731,137.96331503020696,269.62202413177533,7.256294119696562,414.84163328167875,57.038749844380966,0.9,23.2,81.0,160.1,51202.7
NO,500,1.0,global,2040,P_mix,Europe,2.065,0.16580882049203424,118.39036443246913,209.07620803663576,6.194823786519354,333.66139625562425,57.33352643061512,0.88,21.5,72.3,132.8,39362.0
NP,50,0.0,local,2040,P_mix,Asia-Pacific,1.36,0.5082990737092863,536.9000175689899,131.69274009377776,4.078895031488497,672.6716526942562,394.88637002732173,0.1,286.2,1444.2,49.2,14070.6
NP,500,1.0,global,2040,P_mix,Asia-Pacific,1.304,0.14166165408974368,408.8385012031701,93.71530519626064,3.91062490919495,506.46443130862576,313.63670310738263,0.157,194.4,842.3,43.8,11072.2
NZ,50,0.0,local,2040,P_mix,Asia-Pacific,2.409,0.3201765626442591,100.76631414476401,49.2282584965895,7.226288163639875,157.22086080499338,41.83322552169338,0.502,85.7,415.7,92.8,4145.9
NZ,500,1.0,global,2040,P_mix,Asia-Pacific,1.833,0.13879008268899923,77.35889882734014,33.95671332475386,5.499063675345822,116.81467582743986,42.20294766225353,0.489,72.1,295.9,69.8,2516.7
OM,50,0.0,local,2040,P_mix,Asia-Pacific,2.298,0.27726187301781086,89.27765907049044,44.41266430541065,6.894781706708755,140.58510508260983,38.845751555972484,0.191,145.3,739.8,38.7,2002.3
OM,500,1.0,global,2040,P_mix,Asia-Pacific,2.033,0.12342195549621532,78.96945750148102,31.535075617801926,6.0994431678956245,116.60397628717855,38.840983673953914,0.188,118.6,563.1,30.0,959.3
PA,50,0.0,local,2040,P_mix,North America,1.558,0.4364080838724803,150.67485794708006,76.98061999124893,4.6738735969880025,232.32935153531696,96.71305063374817,0.134,236.2,1107.3,46.2,5366.1
PA,500,1.0,global,2040,P_mix,North America,1.56,0.1528011275237859,138.774483784187,70.65146435623342,4.679811406070523,214.1057595464909,88.96158738630292,0.15,205.6,835.4,51.6,5958.9
PE,50,0.0,local,2040,P_mix,Latin America,2.124,0.2526961413467918,73.9294194713237,75.47230827873345,6.37121041512077,155.77293816517795,34.81100826423833,0.834,28.2,96.1,140.0,10932.2
PE,500,1.0,global,2040,P_mix,Latin America,1.88,0.12318462024926592,65.4628754601276,59.10182319334032,5.639097196304258,130.20379584977218,34.82625312950647,0.812,25.5,93.2,131.1,7797.1
PH,50,0.0,local,2040,P_mix,Asia-Pacific,2.882,0.3218942026901503,96.06735160666683,64.04303753254334,8.646478585434188,168.75686772464437,33.33172597055887,0.308,147.9,782.5,59.6,5216.0
PH,500,1.0,global,2040,P_mix,Asia-Pacific,1.863,0.12767358441276289,62.550740433219346,56.82108724018073,5.589010766927839,124.96083844032792,33.57521198743457,0.753,44.5,136.6,116.5,7279.4
PK,50,0.0,local,2040,P_mix,Asia-Pacific,2.413,0.2953918980711215,101.66567924066726,69.30306374914088,7.240361012261812,178.20910400206995,42.124562187642056,0.388,106.0,522.5,76.6,7928.9
PK,500,1.0,global,2040,P_mix,Asia-Pacific,2.02,0.13197863162358825,85.70190168847203,53.96228103217564,6.060093070586605,145.7242757912343,42.42603241744089,0.347,97.7,436.3,63.4,5734.7
PL,50,0.0,local,2040,P_mix,Europe,1.642,0.3272447378264921,86.55165191126707,65.67100415970299,4.926773951799359,157.1494300227694,52.702835217144305,0.898,18.3,67.8,158.7,8618.2
PL,500,1.0,global,2040,P_mix,Europe,1.54,0.14023198106168389,81.86838197133157,48.18888882180087,4.620038106303066,134.67730889943553,53.16084851744356,0.906,13.5,43.0,128.9,6012.8
PS,50,0.0,local,2040,P_mix,Asia-Pacific,1.944,0.4267197428302408,352.1565584553761,95.10459625313489,5.83333064257588,453.09448535108686,181.1091707463387,0.18,270.3,1259.4,115.3,5875.4
PS,500,1.0,global,2040,P_mix,Asia-Pacific,1.599,0.14603713126100004,266.8998028611761,85.24335347492729,4.797616792396083,356.9407731284995,166.89524053954946,0.275,168.9,709.2,129.4,7959.1
PT,50,0.0,local,2040,P_mix,Europe,1.762,0.41260694904677053,117.76480439666965,60.70448637628974,5.286958452245336,183.75624922520473,66.82375441024448,0.653,70.6,333.8,131.1,6135.2
PT,500,1.0,global,2040,P_mix,Europe,1.731,0.16728933071862212,113.70779658433683,43.642039139665265,5.1927524695960185,162.5425881935981,65.6922107784484,0.497,67.0,339.5,92.8,3646.6
PY,50,0.0,local,2040,P_mix,Latin America,1.791,0.3459913662176428,117.02112748262762,60.16021086165986,5.372357510105171,182.55369585439266,65.3462435788287,0.389,115.6,528.0,85.7,5629.1
PY,500,1.0,global,2040,P_mix,Latin America,1.565,0.16051211990753328,100.72954169706689,51.653818380063946,4.696422980043196,157.07978305717404,64.34442263299307,0.65,56.0,181.2,112.6,5906.1
RO,50,0.0,local,2040,P_mix,Europe,2.119,0.34653832790251365,118.080623826853,70.35070385512101,6.356092414413159,194.78742009638717,55.732649619328214,0.86,27.3,89.5,151.9,9567.8
RO,500,1.0,global,2040,P_mix,Europe,1.903,0.1448091767131896,106.26004561374137,54.93023439530185,5.709077392729586,166.8993574017728,55.83741731145296,0.79,29.5,93.9,122.8,7120.2
RU,50,0.0,local,2040,P_mix,Europe,1.746,0.3448856864122429,94.94403839666884,136.19618889397185,5.238350900308833,236.37857819094955,54.37438625450111,0.931,17.2,47.5,170.5,23209.7
RU,500,1.0,global,2040,P_mix,Europe,1.757,0.151051918503994,95.99540299346326,103.17862931149811,5.272325151681457,204.4463574566428,54.622239845838145,0.84,27.2,87.9,139.3,16823.9
RW,50,0.0,local,2040,P_mix,Africa/MENA,1.476,0.38148451448433635,238.0887834438833,92.61390346126458,4.426533162071876,335.12922006721976,161.36021671581184,0.172,175.4,914.1,50.4,10347.9
RW,500,1.0,global,2040,P_mix,Africa/MENA,1.302,0.14066269831827502,198.55936217729445,77.95028536359847,3.907470767995013,280.41711830888795,152.4459482617018,0.309,99.4,470.3,69.1,10359.8
SA,50,0.0,local,2040,P_mix,Asia-Pacific,1.64,0.29366330815044045,64.83857994489298,70.75387821739504,4.9195719474315585,140.51203010971957,39.53915948647361,0.716,47.4,182.6,127.1,9564.3
SA,500,1.0,global,2040,P_mix,Asia-Pacific,1.623,0.13573398136659984,64.21594463999072,45.48885589066506,4.86906113927893,114.57386166993473,39.56570443650268,0.579,53.9,205.2,89.0,5149.5
SE,50,0.0,local,2040,P_mix,Europe,2.373,0.3604867885182118,150.67249465894804,178.17331006589149,7.119665633634514,335.965470358474,63.48858320557011,0.923,19.7,66.8,167.8,31938.5
SE,500,1.0,global,2040,P_mix,Europe,2.17,0.16108285482388907,138.69390026755235,111.10396857138745,6.5106111876673465,256.3084800266072,63.908239765694205,0.862,24.6,104.8,131.9,18606.9
SK,50,0.0,local,2040,P_mix,Europe,3.294,0.41622808791085514,273.5625420944611,199.52235430444557,9.880806326449836,482.96570272535644,83.05877062750348,0.654,82.0,394.1,285.1,30335.1
SK,500,1.0,global,2040,P_mix,Europe,2.875,0.1601291564449281,235.6224582686883,130.8208204917673,8.6250610370154,375.0683397974709,81.95505768277638,0.654,55.4,251.7,210.6,19243.3
SN,50,0.0,local,2040,P_mix,Africa/MENA,2.106,0.290119123893862,112.16462800134775,53.76345354166091,6.318516077009861,172.24659762001855,53.255207378261964,0.372,113.5,545.3,80.5,4342.3
SN,500,1.0,global,2040,P_mix,Africa/MENA,1.921,0.1386108511590114,101.4092791785217,42.43650290122759,5.761655096203897,149.60743717595315,52.80216056945281,0.402,86.6,409.4,75.4,3254.4
SR,50,0.0,local,2040,P_mix,Latin America,1.638,0.29716467429225424,234.84703792038178,91.03541477035539,4.91297042813759,330.7954231188748,143.40430581997597,0.318,118.9,558.5,85.2,11884.3
SR,500,1.0,global,2040,P_mix,Latin America,1.525,0.1530591162928587,217.35712006321583,82.0449263302606,4.573555194084011,303.97560158756045,142.57428466876527,0.318,105.6,452.1,72.9,11174.9
SV,50,0.0,local,2040,P_mix,North America,1.574,0.46569855125039633,101.10310053528045,71.31869939465598,4.721268915725483,177.14306884566196,64.24317424402282,0.07,245.5,1265.8,41.7,3174.7
SV,500,1.0,global,2040,P_mix,North America,1.376,0.15540217029407163,85.40765602751752,51.40853265802016,4.12850203787888,140.94469072341656,62.061969627655344,0.1,179.6,863.6,38.5,2347.8
TH,50,0.0,local,2040,P_mix,Asia-Pacific,1.898,0.37328765741294795,105.38563355380886,63.562354581845014,5.694680270765937,174.6426684064198,55.517937027025376,0.2,162.4,864.0,45.6,4844.3
TH,500,1.0,global,2040,P_mix,Asia-Pacific,1.534,0.1442287493790172,83.81117701519898,52.14889265602639,4.603097250497133,140.56316692172248,54.6226849798671,0.384,85.2,413.3,68.5,5474.1
TN,50,0.0,local,2040,P_mix,Africa/MENA,1.743,0.31354604196939206,64.69111566168777,62.50532560156174,5.22957830721709,132.4260195704666,37.110706749955135,0.813,41.0,127.7,142.1,7829.7
TN,500,1.0,global,2040,P_mix,Africa/MENA,1.719,0.13956502635036414,64.48348111808741,41.33238745112042,5.156242986375071,110.97211155558291,37.517712773706634,0.778,33.7,109.2,119.5,4225.2
TR,50,0.0,local,2040,P_mix,Asia-Pacific,3.234,0.38232207212552693,161.26634682088678,84.29940688561697,9.701731869585329,255.26748557608911,49.86728627074911,0.394,130.3,699.4,123.8,8334.5
TR,500,1.0,global,2040,P_mix,Asia-Pacific,2.51,0.15073515295719822,124.34754014199608,62.2806074572401,7.530540285613467,194.15868788484968,49.53729829168553,0.401,89.4,453.2,72.2,7190.4
TW,50,0.0,local,2040,P_mix,Asia-Pacific,1.311,0.500418248265466,274.0281046927676,103.36820208935447,3.9336826408637267,381.3299894229858,208.9859272169947,0.212,212.1,1232.8,116.8,8269.3
TW,500,1.0,global,2040,P_mix,Asia-Pacific,1.364,0.13492882773139467,225.55744289331585,75.2512111142195,4.093329961697783,304.90198396923313,165.31096564697293,0.166,203.8,896.4,53.4,6482.4
UA,50,0.0,local,2040,P_mix,Europe,1.765,0.37773090746990223,101.05622359390294,95.73879894603009,5.296402338276339,202.09142487820935,57.240491076509194,0.594,78.9,391.7,108.6,13663.8
UA,500,1.0,global,2040,P_mix,Europe,1.552,0.14794006901392415,88.6645832951633,74.1532500818894,4.657378447278441,167.47521182433115,57.11233323564778,0.61,61.4,257.5,102.4,10363.3
UG,50,0.0,local,2040,P_mix,Africa/MENA,1.415,0.3885029161525103,167.40859746840917,73.46732038922578,4.245473406842788,245.12139126447772,118.29677029556815,0.266,135.9,729.0,74.9,7214.9
UG,500,1.0,global,2040,P_mix,Africa/MENA,1.256,0.13916821445593444,136.7764119629783,56.95682551321614,3.767324531186005,197.50056200738047,108.91794229358719,0.44,82.2,345.0,84.3,6509.0
US,50,0.0,local,2040,P_mix,North America,1.615,0.201624447269958,68.93218747665973,28.37929234910786,4.845642539364468,102.15712236513205,42.67680926730148,0.731,20.6,73.2,90.6,2689.4
US,500,1.0,global,2040,P_mix,North America,1.374,0.0870389383087132,58.7930870733719,26.80247158917071,4.1232707001989,89.71882936274152,42.77654174187689,0.632,22.3,92.3,70.6,2789.1
UY,50,0.0,local,2040,P_mix,Latin America,1.683,0.30444531744431275,77.7442647169174,67.24386660010519,5.049583002339253,150.03771431936184,46.18852567483413,0.626,58.0,244.3,118.8,8563.2
UY,500,1.0,global,2040,P_mix,Latin America,1.597,0.151723024470567,73.78062841683061,55.715069411983926,4.7905881040239215,134.28628593283847,46.20348910075841,0.543,57.5,246.0,105.6,6517.7
UZ,50,0.0,local,2040,P_mix,Asia-Pacific,2.904,0.41097560097278646,211.81057387460143,104.99505961452306,8.711901207430058,325.51753469655455,72.93835254718817,0.256,205.8,1025.6,106.2,10339.1
UZ,500,1.0,global,2040,P_mix,Asia-Pacific,2.447,0.16107607238807337,174.923776684335,61.71869029275867,7.3420909000605725,243.9845578771543,71.47437115613462,0.25,141.0,695.9,72.7,4989.2
VN,50,0.0,local,2040,P_mix,Asia-Pacific,2.388,0.36366142745554403,131.78460170494898,57.883290079752214,7.164113906726453,196.83200569142764,55.1853041788807,0.35,131.0,679.1,100.1,3600.7
VN,500,1.0,global,2040,P_mix,Asia-Pacific,2.002,0.13836437199856225,108.67173349414698,51.652596211143006,6.004600523877127,166.3289302291671,54.294236425229585,0.339,101.7,528.6,75.6,4254.6
ZA,50,0.0,local,2040,P_mix,Africa/MENA,1.678,0.24722196844162822,85.08668662224933,46.19991985359956,5.033343044853349,136.31994952070224,50.713821329494756,0.624,45.9,163.5,119.3,4782.2
ZA,500,1.0,global,2040,P_mix,Africa/MENA,1.437,0.10908939183888759,72.10899067230865,38.20581045350677,4.311835212003248,114.62663633781867,50.17051009155377,0.548,46.0,156.8,91.1,3953.5
ZM,50,0.0,local,2040,P_mix,Africa/MENA,1.769,0.3447858758031699,86.2531888731211,63.619446073392055,5.308070200257205,155.18070514677035,48.74833166426941,0.526,86.5,323.0,100.3,7554.7
ZM,500,1.0,global,2040,P_mix,Africa/MENA,1.776,0.13280129456708653,85.39022367362095,39.23530460923507,5.329264087631293,129.9547923704873,48.06867642671529,0.318,98.7,382.5,80.1,2515.4
AE,50,0.0,local,2045,P_mix,Asia-Pacific,1.751,0.3411416300963886,98.20282260429447,46.235586803435936,5.254058895021137,149.69246830275154,56.072547662543485,0.315,109.9,559.9,62.9,4261.3
AE,500,1.0,global,2045,P_mix,Asia-Pacific,1.618,0.12840425077452877,88.27192456115466,31.16900930822399,4.854979350986924,124.29591322036558,54.54519052272219,0.394,86.6,312.7,60.5,2578.0
AF,50,0.0,local,2045,P_mix,Asia-Pacific,2.009,0.3571126944736323,155.05301033574764,53.09860701935793,6.028058235548475,214.17967559065406,77.16564983797304,0.157,173.7,962.8,41.9,3243.7
AF,500,1.0,global,2045,P_mix,Asia-Pacific,1.601,0.14481129206180693,119.92379797929236,46.56361226820956,4.80200209216303,171.28941233966492,74.92112394641224,0.248,114.9,574.2,51.8,4562.7
AR,50,0.0,local,2045,P_mix,Latin America,1.675,0.29965502953106654,48.299542903230794,49.04837313614536,5.026447554712755,102.3743635940889,28.827243720833252,0.661,59.0,235.4,121.2,5742.6
AR,500,1.0,global,2045,P_mix,Latin America,1.723,0.1470481682429741,49.70408874031886,41.66196479464053,5.169586253291041,96.53563978825044,28.84413934017018,0.501,72.5,304.4,99.0,4063.0
AT,50,0.0,local,2045,P_mix,Europe,2.618,0.3520633953459513,129.62421803767586,105.38290567591314,7.854571832962333,242.86169554655132,49.50908367545794,0.963,6.1,22.7,192.0,19154.3
AT,500,1.0,global,2045,P_mix,Europe,2.207,0.15634835149423842,109.70160629371429,89.92658643616734,6.620280697402846,206.24847342728447,49.71161102130477,0.913,12.9,35.9,142.8,16854.1
AU,50,0.0,local,2045,P_mix,Asia-Pacific,1.905,0.2842920416815476,71.33217053763977,49.952063105845184,5.71408338412919,126.99831702761415,37.45071557886125,0.539,71.8,279.2,90.4,6557.0
AU,500,1.0,global,2045,P_mix,Asia-Pacific,1.6,0.1222453259237712,60.225837763825076,36.68080167428349,4.799035008003662,101.70567444611221,37.64871750052824,0.486,58.8,227.9,65.2,4634.4
BD,50,0.0,local,2045,P_mix,Asia-Pacific,2.017,0.3839505221702345,137.5819227174149,60.086443240319255,6.050798621467366,203.7191645792015,68.21343660122504,0.072,236.6,1280.7,26.7,2644.8
BD,500,1.0,global,2045,P_mix,Asia-Pacific,1.613,0.15294532006594794,107.5206140371653,41.40233085082113,4.83983321035334,153.76277809833977,66.64730541157356,0.131,153.1,796.8,31.4,2074.1
BE,50,0.0,local,2045,P_mix,Europe,2.242,0.2784883053176137,68.32746352413852,77.57308976715782,6.726272778189357,152.62682606948573,30.474885175202427,0.806,40.1,125.9,141.3,12988.2
BE,500,1.0,global,2045,P_mix,Europe,1.911,0.1227386354531945,59.76979769230573,68.13355241224713,5.73388470290023,133.63723480745307,31.271886751789268,0.833,28.1,83.3,118.6,11849.0
BF,50,0.0,local,2045,P_mix,Africa/MENA,1.713,0.3851897607823487,112.44343758315456,56.15374280072321,5.139203855925884,173.73638423980367,65.63863240421907,0.122,193.7,997.3,39.5,3625.8
BF,500,1.0,global,2045,P_mix,Africa/MENA,1.642,0.15321945751907323,103.39680155599281,48.150400939909595,4.925128800802513,156.4723312967049,62.981176170953255,0.17,156.9,704.9,52.6,3598.9
BG,50,0.0,local,2045,P_mix,Europe,1.713,0.3605157597184405,84.00958993845188,56.87107988600364,5.139654474351832,146.02032429880734,49.03613094480235,0.728,51.7,222.9,128.8,7561.0
BG,500,1.0,global,2045,P_mix,Europe,1.545,0.14209836569988837,75.85623315827355,46.681859649281364,4.634432340366264,127.17252514792118,49.10389941237889,0.708,40.6,155.8,115.3,6090.4
BH,50,0.0,local,2045,P_mix,Asia-Pacific,2.095,0.39085694468700405,105.78287050861302,63.68985497702695,6.284588784868531,175.75731427050852,50.4963208237143,0.364,123.0,655.1,75.7,7323.0
BH,500,1.0,global,2045,P_mix,Asia-Pacific,1.919,0.1492701951026588,95.42874385315227,39.48426880183193,5.75690865708806,140.66992131207226,49.729159973204155,0.219,117.9,603.8,42.9,2895.7
BI,50,0.0,local,2045,P_mix,Africa/MENA,1.581,0.4208446084250244,212.02277950654073,66.3385821929982,4.742023382703961,283.1033850822429,134.13437412384258,0.106,246.4,1179.5,37.9,4380.1
BI,500,1.0,global,2045,P_mix,Africa/MENA,1.3,0.13416703202236394,156.2345803095648,52.2242615560353,3.900260955946318,212.3591028215464,120.1724054422849,0.17,160.9,698.8,36.8,5119.4
BO,50,0.0,local,2045,P_mix,Latin America,2.1,0.39649700279170635,161.8508182318378,60.71598016623138,6.3003561994857,228.86715459755487,77.06746084215831,0.046,243.8,1313.5,16.4,2842.2
BO,500,1.0,global,2045,P_mix,Latin America,1.989,0.15544229380115757,148.93719273885307,43.832316483327816,5.966953970345753,198.7364631925266,74.88101641760593,0.073,193.4,1015.9,25.9,940.8
BR,50,0.0,local,2045,P_mix,Latin America,2.247,0.2463223642615251,74.47287957223713,34.26657247099566,6.740402175409968,115.47985421864277,33.14618815057917,0.414,60.0,280.2,65.4,3672.6
BR,500,1.0,global,2045,P_mix,Latin America,1.943,0.1141556576810099,64.55513137368273,29.915023424504366,5.829756221487963,100.29991101967506,33.22015308414017,0.423,52.6,228.3,59.1,3245.7
BY,50,0.0,local,2045,P_mix,Europe,1.885,0.34618589049402565,111.5095800898685,88.88571342988432,5.6558057121360665,206.05109923188888,59.14784865254181,0.879,22.7,84.1,169.4,15284.0
BY,500,1.0,global,2045,P_mix,Europe,1.829,0.14784290259533178,108.61305463044742,63.54102514114636,5.485702126715822,177.63978189830962,59.39789590551749,0.77,36.2,126.8,127.7,10043.3
CA,50,0.0,local,2045,P_mix,North America,1.833,0.25159499199776736,78.9944911686143,30.437136924856997,5.497876025041984,114.9295041185133,43.10455027112649,0.429,62.0,275.4,78.3,2314.9
CA,500,1.0,global,2045,P_mix,North America,1.538,0.11952604158694029,66.9598956649674,27.02002738220964,4.6126195401027426,98.5925425872798,43.550022985513365,0.396,62.6,250.7,65.4,2072.5
CH,50,0.0,local,2045,P_mix,Europe,2.231,0.43969287332062124,195.95012775366413,122.86971690190808,6.693722900550036,325.51356755612227,87.82114108916731,0.502,119.6,536.1,167.6,19573.4
CH,500,1.0,global,2045,P_mix,Europe,2.082,0.1623065193513937,178.90836028395807,78.0320016600637,6.245041253604807,263.18540319762656,85.94420101581619,0.453,91.5,417.4,124.8,11133.1
CL,50,0.0,local,2045,P_mix,Latin America,1.737,0.32649104323552813,61.62959405661662,75.80880813446386,5.211771621017676,142.65017381209816,35.47522716157459,0.802,38.0,158.8,146.2,12191.0
CL,500,1.0,global,2045,P_mix,Latin America,1.702,0.15886362508666854,60.276414091385355,59.82643787939935,5.105013843166619,125.20786581395133,35.42189068031764,0.694,52.9,195.3,124.8,8592.1
CN,50,0.0,local,2045,P_mix,Asia-Pacific,1.564,0.21419685511512773,65.02781220145773,26.357073845138185,4.692996428787415,96.07788247538335,41.56905711832794,0.699,29.2,96.0,78.3,2877.9
CN,500,1.0,global,2045,P_mix,Asia-Pacific,1.323,0.0836193710290844,55.15858393859264,26.247133894502774,3.968325374376825,85.37404320747225,41.69913910896576,0.742,22.2,66.8,73.4,3287.5
CO,50,0.0,local,2045,P_mix,Latin America,1.453,0.45075252467690946,104.61321954933177,60.403303504986155,4.3582569806837475,169.37478003500166,72.01036103170745,0.095,225.4,1180.7,39.4,3094.0
CO,500,1.0,global,2045,P_mix,Latin America,1.383,0.16309792810580806,93.08778660718848,56.93170041037645,4.150336269342559,154.16982328690753,67.2869236848134,0.299,120.9,562.1,92.4,5765.5
CR,50,0.0,local,2045,P_mix,North America,2.117,0.3980054194474426,268.3095049830562,93.45649904201856,6.349742977969589,368.1157470030443,126.76552700508725,0.14,257.9,1220.2,48.5,10263.8
CR,500,1.0,global,2045,P_mix,North America,1.71,0.15475865818833034,208.9973944881686,54.344921875575395,5.130522597341301,268.4728389610853,122.20824907572174,0.241,144.5,676.2,60.5,5176.4
CU,50,0.0,local,2045,P_mix,North America,2.601,0.2967572365162808,104.110655639618,76.28995567334111,7.802654704379323,188.20326601733845,40.02893614445781,0.385,120.3,601.7,63.0,11219.4
CU,500,1.0,global,2045,P_mix,North America,2.314,0.1335095043902968,92.63714317394063,39.88927307052782,6.942080006024053,139.46849625049248,40.032876210107226,0.259,107.2,586.5,44.9,3158.2
CV,50,0.0,local,2045,P_mix,Africa/MENA,2.63,0.32653775457440787,91.71988432427419,56.99059299389396,7.890685289631293,156.60116260779944,34.87145195543344,0.272,142.5,782.8,57.4,5224.8
CV,500,1.0,global,2045,P_mix,Africa/MENA,2.136,0.1529096625019465,74.70938123088419,49.208597655968305,6.40782657586509,130.32580546271757,34.97724868785084,0.319,100.2,552.1,56.9,5344.6
CZ,50,0.0,local,2045,P_mix,Europe,2.372,0.35195748767531515,170.07042314177227,92.41210777152718,7.116266763739135,269.5987976770386,71.69647883706298,0.59,64.8,355.9,118.3,15567.8
CZ,500,1.0,global,2045,P_mix,Europe,2.209,0.14601444551445397,157.311218521915,66.6833378710541,6.627956914937659,230.6225133079068,71.20348874056985,0.519,67.0,314.9,89.0,10505.2
DE,50,0.0,local,2045,P_mix,Europe,1.408,0.265153027042564,46.73989238734138,54.56719216916799,4.223309388620364,105.53039394512973,33.20137462338033,0.88,20.0,64.5,147.3,7789.5
DE,500,1.0,global,2045,P_mix,Europe,1.334,0.1118643472458554,45.49813753730189,44.769015279088926,4.002089981790605,94.26924279818142,34.10578303660122,0.9,13.7,44.8,128.5,6220.0
DK,50,0.0,local,2045,P_mix,Europe,1.455,0.2798823630677321,51.72738875933738,59.43304366569286,4.365054761442437,115.52548718647267,35.55102392959036,0.921,13.8,44.9,157.6,8832.3
DK,500,1.0,global,2045,P_mix,Europe,1.402,0.12287454085180975,50.89624927067704,45.88419789417565,4.205145956151997,100.98559312100468,36.309975778284816,0.923,8.3,34.0,133.8,6444.9
DO,50,0.0,local,2045,P_mix,North America,2.492,0.38219604342924085,134.44958824890116,72.78632825805533,7.476426319882532,214.71234282683903,53.94940677393577,0.296,170.4,845.2,89.9,7290.0
DO,500,1.0,global,2045,P_mix,North America,1.707,0.14916662668881583,90.1642429165324,57.11778148359816,5.122214390261289,152.40423879039184,52.80777182303733,0.396,97.0,471.4,91.5,6707.8
DZ,50,0.0,local,2045,P_mix,Africa/MENA,1.886,0.37217460182187484,83.09809541086979,59.45283840206402,5.658299948653471,148.20923376158726,44.058160312256454,0.469,102.0,507.8,97.5,6778.2
DZ,500,1.0,global,2045,P_mix,Africa/MENA,1.651,0.15587007506984343,72.52234028138517,46.02098602108034,4.95349207309774,123.49681837556324,43.921947917460734,0.434,82.8,387.5,82.2,5020.9
EC,50,0.0,local,2045,P_mix,Latin America,1.271,0.5164700328422175,168.00972114005194,85.0398998658156,3.8132321989248235,256.8628532047924,132.1789854712419,0.108,262.8,1307.4,47.9,7581.4
EC,500,1.0,global,2045,P_mix,Latin America,1.483,0.15059297174109193,129.72155555302248,66.52611723068046,4.450491853615375,200.69816463731834,87.44306909424581,0.158,192.6,859.1,59.5,6441.7
EE,50,0.0,local,2045,P_mix,Europe,2.24,0.31582499425477906,98.4688206772934,51.268655848031436,6.718705486811847,156.45618201213668,43.967764714755305,0.827,30.0,126.9,149.6,6378.8
EE,500,1.0,global,2045,P_mix,Europe,2.047,0.14794307627985254,90.61855596237848,44.309273864886805,6.141514872362919,141.0693446996282,44.26524620342389,0.803,23.4,120.7,125.2,5598.7
EG,50,0.0,local,2045,P_mix,Africa/MENA,1.979,0.2971674164114534,52.08242507915346,64.48994834322039,5.937425471448498,122.50979889382235,26.315660885145,0.778,41.9,151.5,138.6,9687.5
EG,500,1.0,global,2045,P_mix,Africa/MENA,1.678,0.1401723731345051,44.63507627871284,52.763743309864076,5.032831212245258,102.43165080082217,26.60634207448431,0.794,32.6,106.3,117.7,7919.8
ES,50,0.0,local,2045,P_mix,Europe,1.888,0.2839546540116844,92.84881299566091,45.98103183751484,5.66302689941758,144.49287173259333,49.18684723458215,0.386,86.0,400.3,81.2,4924.4
ES,500,1.0,global,2045,P_mix,Europe,1.687,0.12460949167472944,82.60495990373425,37.14440306049624,5.060804472067443,124.81016743629793,48.967487497094424,0.407,65.6,287.6,75.6,3927.9
ET,50,0.0,local,2045,P_mix,Africa/MENA,2.138,0.28808313533085994,85.07610692822755,48.26863674287725,6.413436078796309,139.7581797499011,39.79587816092892,0.288,125.8,679.0,66.7,3661.1
ET,500,1.0,global,2045,P_mix,Africa/MENA,1.684,0.1350950038633308,66.7811082662855,48.37646048088884,5.053413098752244,120.21098184592658,39.64515088788699,0.36,87.8,416.6,71.3,5710.7
FI,50,0.0,local,2045,P_mix,Europe,2.95,0.3370813812682846,131.09186241078325,145.23376413297456,8.850320664591813,285.1759472083496,44.43630938772225,1.0,-0.0,-0.0,290.7,25831.4
FI,500,1.0,global,2045,P_mix,Europe,2.384,0.16132418787426034,106.72427255718446,117.9343102802888,7.152425750698995,231.81100858817226,44.764228085872304,1.0,-0.0,-0.0,198.3,22232.7
FJ,50,0.0,local,2045,P_mix,Asia-Pacific,1.923,0.36342245322143296,132.4737333343738,60.06341280952787,5.769197703598802,198.30634384750047,68.88673614967502,0.413,143.9,633.8,119.3,4908.8
FJ,500,1.0,global,2045,P_mix,Asia-Pacific,1.609,0.1512117213081834,107.78813710446067,48.08389932173105,4.8276180002195055,160.69965442641123,66.98218692918107,0.411,107.4,445.4,85.2,4773.9
FR,50,0.0,local,2045,P_mix,Europe,1.524,0.27601606074439694,67.09048728567498,54.76575672022521,4.571193678509243,126.42743768440944,44.030394687337804,0.615,53.4,253.9,113.1,7343.6
FR,500,1.0,global,2045,P_mix,Europe,1.423,0.12169690875536472,63.00281700659033,45.19331725381789,4.268580552046254,112.46471481245446,44.278993617483785,0.62,40.7,186.8,99.5,6044.7
GB,50,0.0,local,2045,P_mix,Europe,1.452,0.2727794654818196,56.139650932216895,83.41214121212752,4.355005823819896,143.9067979681643,38.6724977210078,0.911,15.0,52.5,148.0,14954.6
GB,500,1.0,global,2045,P_mix,Europe,1.351,0.12020789755200417,53.09766556970265,68.50985565936148,4.05337108873754,125.66089231780167,39.298893000867864,0.91,13.0,37.9,120.9,12330.5
GF,50,0.0,local,2045,P_mix,Latin America,1.867,0.32563715816302985,198.74560258576574,98.67165161409125,5.600536611434637,303.01779081129166,106.46065709845738,0.404,101.2,501.3,91.6,16618.5
GF,500,1.0,global,2045,P_mix,Latin America,1.726,0.15201125711932892,179.48746189623643,83.0015500191965,5.177874430502821,267.6668863459357,103.99294013710204,0.367,92.9,454.3,80.1,13575.6
GH,50,0.0,local,2045,P_mix,Africa/MENA,1.636,0.27884795712900723,162.06140589380638,56.60992125288701,4.908243074021937,223.57957022071534,99.05463326677322,0.362,103.0,483.7,84.9,6656.3
GH,500,1.0,global,2045,P_mix,Africa/MENA,1.515,0.12906010327261042,145.7124082179152,43.99017737720058,4.54521734597358,194.2478029410894,96.17520821990843,0.363,85.1,365.6,72.6,4966.4
GR,50,0.0,local,2045,P_mix,Europe,2.35,0.4154443001202281,145.007171933175,85.90044048910396,7.05049750297986,237.9581099252588,61.700825454610175,0.189,199.4,973.1,60.8,10292.3
GR,500,1.0,global,2045,P_mix,Europe,2.144,0.1492270800061922,129.6530938277119,51.47881272198265,6.433000120323592,187.5649066700181,60.46312361386539,0.157,153.9,724.5,46.8,4505.0
GT,50,0.0,local,2045,P_mix,North America,1.737,0.43792925434856017,102.28850260423066,62.22467336680651,5.211021626588444,169.72419759762562,58.88778243539761,0.065,275.9,1304.4,41.2,2107.5
GT,500,1.0,global,2045,P_mix,North America,1.485,0.1662861367933097,85.17484546203812,51.50857460919838,4.4538451302133355,141.13726520144985,57.37167075090353,0.201,150.5,681.6,55.3,4555.9
HN,50,0.0,local,2045,P_mix,North America,2.339,0.3958764691110484,96.88009539772915,66.46602592483862,7.015582300393878,170.36170362296167,41.42782077788029,0.076,253.5,1262.4,32.4,3958.5
HN,500,1.0,global,2045,P_mix,North America,1.717,0.16084728270504411,70.76291771861266,44.74034161639235,5.152250093421291,120.65550942842629,41.20311500928512,0.276,114.1,590.1,69.3,3435.7
HU,50,0.0,local,2045,P_mix,Europe,2.329,0.3776488479270494,149.15149517980248,191.3656434027154,6.986996867365902,347.50413544988373,64.04103136632702,0.853,28.5,105.6,160.6,40434.3
HU,500,1.0,global,2045,P_mix,Europe,1.915,0.15602309559839492,121.79691947164848,147.4817738583558,5.745614924949675,275.02430825495395,63.59471756944216,0.821,28.4,98.9,130.3,30756.9
ID,50,0.0,local,2045,P_mix,Asia-Pacific,1.509,0.41747325924076234,129.63355562789985,56.559153581677506,4.52798351783797,190.72069272741535,85.88826910513853,0.169,194.9,1036.6,49.8,3102.4
ID,500,1.0,global,2045,P_mix,Asia-Pacific,1.421,0.145692792106158,114.66563311853483,42.78019822497051,4.264382786964346,161.7102141304697,80.66745330816862,0.145,160.9,750.0,36.3,2481.0
IE,50,0.0,local,2045,P_mix,Europe,1.351,0.3076299488706046,47.71584642233837,113.81803900832028,4.052052500014682,165.58593793067334,35.32716796401221,0.937,14.6,49.6,176.4,21465.6
IE,500,1.0,global,2045,P_mix,Europe,1.328,0.13959144560773706,47.137598251724775,92.3146815872959,3.9845992436941056,143.43687908271477,35.48984128804638,0.949,11.4,26.4,148.3,17336.3
IL,50,0.0,local,2045,P_mix,Asia-Pacific,2.341,0.44224635283566316,262.17274673450027,78.64337265323354,7.022440328018739,347.8385597157525,112.00070110462592,0.146,230.6,1166.2,62.0,6842.6
IL,500,1.0,global,2045,P_mix,Asia-Pacific,2.006,0.13686133399739453,205.65086928327804,49.54962531635442,6.018767361258989,261.2192619608914,102.50481050671142,0.157,164.2,798.4,40.9,3619.7
IN,50,0.0,local,2045,P_mix,Asia-Pacific,1.798,0.27641021564758567,84.0306678475474,59.21136172770624,5.394755266223888,148.63678484147752,46.72908984786938,0.4,78.7,402.6,85.5,8078.4
IN,500,1.0,global,2045,P_mix,Asia-Pacific,1.592,0.1273863190029013,74.02100015616554,45.582786299960226,4.776940554290846,124.38072701041662,46.486448375211765,0.369,68.9,315.5,67.4,6040.1
IR,50,0.0,local,2045,P_mix,Asia-Pacific,3.892,0.37779537301174904,174.9135819795992,76.5663587371091,11.675777118677345,263.15571783538564,44.942682667296395,0.121,279.4,1506.9,60.8,3554.0
IR,500,1.0,global,2045,P_mix,Asia-Pacific,3.112,0.16664768491499063,139.62625005539533,69.55801338699816,9.335950204319321,218.52021364671282,44.86728624284957,0.221,164.6,907.3,64.4,6990.5
IT,50,0.0,local,2045,P_mix,Europe,2.566,0.4488808323843698,173.57135487072233,121.59870202428432,7.699350808074296,302.8694077030809,67.63090520126663,0.212,230.1,1033.2,67.5,18072.2
IT,500,1.0,global,2045,P_mix,Europe,2.286,0.15711253985515314,151.51612708641167,72.41764708895556,6.857188661023028,230.79096283639026,66.28786281511202,0.199,174.2,723.6,48.4,9365.4
JM,50,0.0,local,2045,P_mix,North America,1.745,0.4602337095519698,107.00400309947894,65.15384937039677,5.236355159581818,177.39420762945753,61.304476017259674,0.09,242.0,1268.1,38.6,3513.4
JM,500,1.0,global,2045,P_mix,North America,1.363,0.14461916736880606,77.69015396300865,44.37764439187371,4.08888659802486,126.15668495290721,57.00096011506194,0.208,137.8,641.7,51.9,3329.1
JO,50,0.0,local,2045,P_mix,Asia-Pacific,1.706,0.279349806010561,80.86693159066341,62.97351570262866,5.116596340267298,148.95704363355938,47.41448780368642,0.618,64.0,274.4,119.5,8884.5
JO,500,1.0,global,2045,P_mix,Asia-Pacific,1.399,0.12643076935582598,65.87756661679138,45.31738697221826,4.195910355295929,115.39086394430556,47.10126840553902,0.714,39.4,139.2,111.6,6007.2
JP,50,0.0,local,2045,P_mix,Asia-Pacific,1.783,0.4148146998168694,108.65370767416411,61.72245512798138,5.350088441647625,175.7262512437931,60.926305532644264,0.417,127.9,641.6,110.0,5737.6
JP,500,1.0,global,2045,P_mix,Asia-Pacific,1.708,0.1435084165793659,103.13804501809655,44.1491775261884,5.124258097585931,152.41148064187087,60.382230785770915,0.342,100.0,498.0,78.4,3757.9
KE,50,0.0,local,2045,P_mix,Africa/MENA,2.094,0.3783342440019167,65.02919996576449,56.15677746132466,6.2830553949371595,127.4690328220263,31.049797850659143,0.252,158.2,795.7,60.7,4660.1
KE,500,1.0,global,2045,P_mix,Africa/MENA,1.799,0.15352667226637542,56.702308442346336,43.269903237672736,5.397419055284107,105.36963073530318,31.516345791328202,0.318,113.9,494.8,66.6,3812.9
KH,50,0.0,local,2045,P_mix,Asia-Pacific,1.808,0.36661805710032586,157.8267995452513,68.003264652942,5.424644313595191,231.25470851178852,87.28321550025356,0.164,178.9,974.3,46.4,6606.2
KH,500,1.0,global,2045,P_mix,Asia-Pacific,1.624,0.14948368349996147,138.01073941358155,50.091170430873554,4.872622337011969,192.97453218146708,84.971128399547,0.211,128.4,625.2,42.5,5251.1
KR,50,0.0,local,2045,P_mix,Asia-Pacific,1.898,0.44232432393327425,145.64830749602314,83.31831013659081,5.692829378782633,234.6594470113966,76.75356020972238,0.286,180.7,921.4,111.0,8537.8
KR,500,1.0,global,2045,P_mix,Asia-Pacific,1.642,0.14129225991983577,122.470824495136,67.42478754524144,4.926787840085615,194.82239988046305,74.57444594955876,0.316,128.8,627.7,76.5,8333.3
KW,50,0.0,local,2045,P_mix,Asia-Pacific,2.158,0.33700716154925386,76.2641430043467,62.72501986692641,6.473906291572878,145.46306916284598,35.34070755872091,0.562,74.1,378.8,103.8,8535.0
KW,500,1.0,global,2045,P_mix,Asia-Pacific,2.059,0.14591443844025534,73.13048897978838,36.639566262212234,6.176265411237516,115.94632065323815,35.52170321893706,0.495,68.7,328.9,76.8,3451.0
KZ,50,0.0,local,2045,P_mix,Asia-Pacific,2.678,0.4342349644875001,158.67707044554297,73.64924284333657,8.034581900631588,240.36089518951115,59.2477887740756,0.178,218.6,1089.5,64.9,6170.5
KZ,500,1.0,global,2045,P_mix,Asia-Pacific,2.147,0.1535738917624779,125.16261006784526,60.354324039934504,6.441396601328789,191.95833070910854,58.29292208557357,0.26,131.1,625.4,59.4,7164.7
LC,50,0.0,local,2045,P_mix,North America,2.062,0.27601296179565843,56.748605572383724,65.48170552173869,6.186237952745749,128.41654904686817,27.520088625363652,0.613,59.6,246.0,106.9,10158.8
LC,500,1.0,global,2045,P_mix,North America,1.985,0.13211696322006392,55.428945203238,45.76571146577587,5.956469676462972,107.15112634547684,27.917012029255787,0.421,72.7,356.5,74.2,5538.1
LK,50,0.0,local,2045,P_mix,Asia-Pacific,2.484,0.3149653759524713,83.23403809511781,59.20570110483267,7.453442542534966,149.89318174248544,33.50158170004889,0.346,115.6,651.4,66.3,6644.7
LK,500,1.0,global,2045,P_mix,Asia-Pacific,2.169,0.1488784783405457,73.25929776224152,41.289443232266855,6.5069879699234745,121.05572896443184,33.77567229301498,0.334,97.8,522.4,53.7,3741.5
LY,50,0.0,local,2045,P_mix,Africa/MENA,1.611,0.28232452076121545,53.463000605230334,38.56560320185719,4.831820657595399,96.86042446468292,33.19432015001773,0.571,69.7,242.4,103.5,3606.8
LY,500,1.0,global,2045,P_mix,Africa/MENA,1.496,0.1198241914153112,49.886926910864595,29.205386187333715,4.489044880495886,83.58135797869421,33.33911438106658,0.539,57.8,193.2,86.7,2335.2
MA,50,0.0,local,2045,P_mix,Africa/MENA,1.813,0.3759467043494035,76.44698666791028,62.325682328564376,5.438248534870407,144.21091753134507,42.17184237409917,0.702,72.6,271.7,127.7,8383.7
MA,500,1.0,global,2045,P_mix,Africa/MENA,1.597,0.15737424271375658,66.99133448313039,52.0033437679554,4.789593731406191,123.78427198249199,41.96055338296644,0.598,55.3,276.7,116.1,6391.2
MG,50,0.0,local,2045,P_mix,Africa/MENA,1.401,0.39621199278908087,147.68349516158995,57.08171748472757,4.202191394529074,208.9674040408466,105.43319993981926,0.234,172.5,812.7,57.5,4725.7
MG,500,1.0,global,2045,P_mix,Africa/MENA,1.272,0.13582340655089628,124.92212680343049,44.57651243747397,3.8150249654715593,173.31366420637602,98.23431925142582,0.316,108.5,496.2,66.2,4194.3
MM,50,0.0,local,2045,P_mix,Asia-Pacific,1.762,0.37276005142955243,129.75374630639755,60.784708826257166,5.2866239224615095,195.82507905511625,73.63134670225391,0.182,180.5,966.4,52.9,4661.4
MM,500,1.0,global,2045,P_mix,Asia-Pacific,1.453,0.16103854267507112,105.17906411126093,50.72973399193084,4.357807554788569,160.26660565798034,72.40732601582086,0.261,106.7,577.4,66.9,5144.9
MN,50,0.0,local,2045,P_mix,Asia-Pacific,1.802,0.3110651477495768,72.6037454982971,46.68321213387345,5.4070839036117855,124.69404153578233,40.28257012054109,0.774,40.4,152.3,139.9,5296.9
MN,500,1.0,global,2045,P_mix,Asia-Pacific,1.568,0.13842914970789347,63.44808799006854,41.07395986669423,4.704258794554005,109.22630665131678,40.462115772746536,0.703,40.2,151.9,113.6,4805.0
MR,50,0.0,local,2045,P_mix,Africa/MENA,1.857,0.2851413462014033,60.7145707943754,51.28604998318317,5.571076213959124,117.5716969915177,32.694528918261796,0.572,79.0,311.8,122.8,5507.0
MR,500,1.0,global,2045,P_mix,Africa/MENA,1.755,0.13660341214654229,57.66515464848857,40.047254089389824,5.263720792673812,102.9761295305522,32.86562315125951,0.593,68.0,219.1,104.8,4102.5
MU,50,0.0,local,2045,P_mix,Africa/MENA,2.134,0.31890446763085845,79.88845629325317,68.59596460939242,6.401061606072924,154.88548250871852,37.441503242583934,0.4,108.8,556.3,76.4,9319.0
MU,500,1.0,global,2045,P_mix,Africa/MENA,1.963,0.1421916728234366,73.82426260488226,46.266409460777,5.888947614273773,125.97961967993304,37.60821157210418,0.275,109.8,557.4,49.0,4751.3
MX,50,0.0,local,2045,P_mix,North America,2.306,0.30622768916161197,61.62047166718405,42.46272126993815,6.917113672736168,111.00030660985837,26.725224385163003,0.507,89.2,464.5,88.9,3339.1
MX,500,1.0,global,2045,P_mix,North America,1.95,0.1332412493328738,53.33969696811392,33.93668098633809,5.850756756061476,93.12713471051347,27.350152736833607,0.679,55.0,204.2,93.1,3234.0
MY,50,0.0,local,2045,P_mix,Asia-Pacific,1.518,0.384608637648421,217.04562273812937,60.0332669481874,4.555057282317542,281.6339469686343,142.9481185104003,0.195,173.6,894.8,58.9,4833.9
MY,500,1.0,global,2045,P_mix,Asia-Pacific,1.266,0.14852880047402586,169.2370629385008,66.50297653291972,3.7992992922058515,239.53933876362635,133.63284905115478,0.238,136.3,596.9,47.9,9189.9
NE,50,0.0,local,2045,P_mix,Africa/MENA,1.862,0.417106387341346,85.26964334614104,51.93444307579895,5.587068566122743,142.79115498806274,45.785894160942284,0.24,159.8,814.0,81.4,2793.6
NE,500,1.0,global,2045,P_mix,Africa/MENA,1.617,0.16036331014137153,72.67708184424247,46.30829555358374,4.849936610210343,123.83531400803653,44.955483556984376,0.245,139.2,574.7,69.4,3655.8
NG,50,0.0,local,2045,P_mix,Africa/MENA,1.54,0.2978520795937953,214.66514080206758,60.33039543624809,4.619910617603433,279.61544685591906,139.39564543789268,0.207,131.4,638.5,60.5,7030.8
NG,500,1.0,global,2045,P_mix,Africa/MENA,1.427,0.136857630914438,194.40671878512248,46.81533350812276,4.282083154035622,245.50413544728087,136.20010059956837,0.16,122.6,575.7,42.4,4846.7
NI,50,0.0,local,2045,P_mix,North America,2.857,0.34713116568380303,117.68688623508581,67.84167548532666,8.569952060258908,194.0985137806714,41.197506849832884,0.137,211.4,1058.9,44.7,5707.4
NI,500,1.0,global,2045,P_mix,North America,2.16,0.16227333309051112,88.92296650301712,45.3555658564725,6.481288049441961,140.75982040893157,41.15985857657091,0.32,100.6,508.7,64.1,4453.6
NL,50,0.0,local,2045,P_mix,Europe,1.544,0.2601365951642154,45.81189525060973,55.273186337251836,4.632580141173246,105.7176617290348,29.667200903949137,0.824,32.7,101.4,139.5,7838.2
NL,500,1.0,global,2045,P_mix,Europe,1.494,0.11284839490059306,45.58152764270371,43.670820520168526,4.482766364689409,93.73511452756165,30.50450811026999,0.856,20.9,61.1,125.0,5880.0
NO,50,0.0,local,2045,P_mix,Europe,2.302,0.36104405516634736,122.39087526970474,240.98842758990915,6.904669217932977,370.2839720775469,53.177438950368234,0.88,27.4,102.5,158.2,52683.6
NO,500,1.0,global,2045,P_mix,Europe,2.027,0.16613849050989868,108.36401816657278,184.76788804980632,6.081150960987639,299.21305717736675,53.45896797913455,0.86,23.4,92.6,137.3,39737.6
NP,50,0.0,local,2045,P_mix,Asia-Pacific,1.361,0.5085809901015798,516.4234811261508,115.74962579326069,4.083448511996881,636.2565554314084,379.4024679941003,0.1,286.9,1438.2,49.4,13903.5
NP,500,1.0,global,2045,P_mix,Asia-Pacific,1.301,0.14367638398749352,396.0408660608867,84.33407747110247,3.9017213033916196,484.27666483538076,304.51242049243,0.144,198.7,877.9,38.2,11314.7
NZ,50,0.0,local,2045,P_mix,Asia-Pacific,2.223,0.3238087580114811,86.8494428392792,52.793427831109526,6.668316693978939,146.31118736436767,39.07257865438434,0.523,86.1,416.4,95.0,6018.8
NZ,500,1.0,global,2045,P_mix,Asia-Pacific,1.838,0.13965809277662636,72.44325224189146,31.55851999415915,5.512694424569117,109.51446666061973,39.42350872144707,0.478,74.2,309.7,70.0,2507.7
OM,50,0.0,local,2045,P_mix,Asia-Pacific,2.295,0.28019386940858754,83.50742029147297,40.283940672034085,6.886129908569339,130.6774908720764,36.38070501148419,0.187,147.9,746.6,38.4,1960.5
OM,500,1.0,global,2045,P_mix,Asia-Pacific,2.005,0.12450661748746739,72.87616269422226,29.657540662257443,6.015022910586073,108.54872626706579,36.34707487113551,0.143,128.3,622.8,21.2,980.8
PA,50,0.0,local,2045,P_mix,North America,1.552,0.4372870495916692,141.33066750052618,69.80082048896814,4.656496970899645,215.78798496039394,91.05385553803157,0.126,240.3,1137.1,43.5,5393.9
PA,500,1.0,global,2045,P_mix,North America,1.562,0.1545633001245021,130.68670642694443,63.820319674662564,4.684798723171114,199.1918248247781,83.68771903511985,0.147,200.5,846.1,48.9,6137.7
PE,50,0.0,local,2045,P_mix,Latin America,2.125,0.255515005373234,69.7239328521907,68.45946193768405,6.375246289074975,144.55864107894973,32.8099949511004,0.811,33.8,114.3,139.7,10958.1
PE,500,1.0,global,2045,P_mix,Latin America,1.875,0.12485934174318174,61.500128771344784,53.9223700375436,5.624361550975714,121.0468603598641,32.80379197564686,0.75,35.2,144.4,124.3,7695.3
PH,50,0.0,local,2045,P_mix,Asia-Pacific,2.871,0.32538402499605823,89.55253340867675,58.39221732160871,8.613897208174699,156.55864793846015,31.18885606982498,0.288,153.1,819.1,57.3,5213.5
PH,500,1.0,global,2045,P_mix,Asia-Pacific,1.843,0.12787627076942085,57.9325922439175,52.362039744206776,5.530065719120479,115.82469770724477,31.4277958995743,0.739,47.3,146.3,116.7,7426.6
PK,50,0.0,local,2045,P_mix,Asia-Pacific,2.408,0.29903907233263327,94.97238763257856,62.361199101042175,7.222970148980301,164.556556882601,39.445983718755734,0.377,110.5,537.7,76.2,7907.1
PK,500,1.0,global,2045,P_mix,Asia-Pacific,2.016,0.13353889515524722,80.02540753961758,48.53960239312218,6.047584853862139,134.6125947866019,39.69786756535281,0.329,99.6,457.9,62.1,5652.4
PL,50,0.0,local,2045,P_mix,Europe,1.641,0.33143223706717406,80.99673764814028,59.90638696885526,4.921975710446614,145.82510032744216,49.36842992310734,0.865,24.4,93.7,155.1,8591.7
PL,500,1.0,global,2045,P_mix,Europe,1.541,0.1418967454372224,76.69886378438392,44.17878691409123,4.623245229623129,125.50089592809826,49.76949738223335,0.892,15.8,51.0,129.2,5986.3
PS,50,0.0,local,2045,P_mix,Asia-Pacific,1.949,0.42761509852144963,334.59468375471386,86.04665264015901,5.847557794957162,426.48889418983,171.65867982181976,0.171,280.5,1304.7,111.3,5548.7
PS,500,1.0,global,2045,P_mix,Asia-Pacific,1.607,0.14680459933123027,254.40649773681537,76.00349474030153,4.821814385352997,335.2318068624699,158.28471032166647,0.264,171.5,739.4,120.4,7762.2
PT,50,0.0,local,2045,P_mix,Europe,1.763,0.4157289227623714,110.31799912520114,55.37902143412354,5.288147062534252,170.98516762185892,62.58411376649556,0.609,80.6,381.9,123.1,6008.1
PT,500,1.0,global,2045,P_mix,Europe,1.719,0.16848360736937873,105.63297247511305,41.28453446527925,5.155760899762539,152.07326784015484,61.46501429884665,0.431,75.2,411.6,87.2,3611.1
PY,50,0.0,local,2045,P_mix,Latin America,1.714,0.34954324491122213,104.98390435802548,59.52593385276944,5.141116898135312,169.65095510893025,61.26134054417418,0.406,108.1,526.2,88.4,6909.7
PY,500,1.0,global,2045,P_mix,Latin America,1.561,0.1627220785743415,94.09274210925123,47.47817634028459,4.682917541035261,146.25383599057108,60.27828247117704,0.6,62.7,223.0,108.9,5810.9
RO,50,0.0,local,2045,P_mix,Europe,1.968,0.34978704138011385,102.59858889580224,71.95022880136413,5.903898144155443,180.4527158413218,52.134328738734816,0.816,36.1,127.9,145.7,11494.0
RO,500,1.0,global,2045,P_mix,Europe,1.866,0.14623639679793599,97.40345110793145,52.096709858008396,5.59801977347306,155.0981807394129,52.1988783798997,0.722,38.5,141.8,116.6,7488.7
RU,50,0.0,local,2045,P_mix,Europe,1.742,0.3472893633001011,88.56294669694658,120.7630913696435,5.225344944938536,214.55138301152863,50.8461820014764,0.915,20.6,60.1,169.3,23266.6
RU,500,1.0,global,2045,P_mix,Europe,1.747,0.15207119398439872,89.16789931611787,92.11673387833184,5.2398843465083305,186.52451754095804,51.051450806659126,0.808,33.7,108.9,137.1,16866.1
RW,50,0.0,local,2045,P_mix,Africa/MENA,1.472,0.38222524579541645,225.40709002705862,82.71087108882428,4.417453310131349,312.53541442601426,153.0794379943464,0.162,178.2,947.0,49.2,10301.2
RW,500,1.0,global,2045,P_mix,Africa/MENA,1.3,0.14166571146138066,188.24989155198494,69.25169587101732,3.9013274475011057,261.40291487050337,144.75833732379664,0.286,105.9,502.1,65.4,10241.4
SA,50,0.0,local,2045,P_mix,Asia-Pacific,1.598,0.29734171789972935,59.1320588534594,65.26971383902998,4.793828976147345,129.19560166863673,37.00511166398456,0.659,57.2,233.3,120.0,9781.0
SA,500,1.0,global,2045,P_mix,Asia-Pacific,1.443,0.13679566606583937,53.418033681734364,48.37983509628191,4.329306685248862,106.12717546326515,37.016111977290024,0.615,51.0,191.4,95.8,6804.2
SE,50,0.0,local,2045,P_mix,Europe,2.371,0.36333194381144934,140.55536287542995,157.3602694499599,7.112724440667048,305.02835676605696,59.28334383593017,0.906,24.3,85.4,165.7,32128.6
SE,500,1.0,global,2045,P_mix,Europe,1.994,0.16161229082209672,118.97038965120974,110.20499249465949,5.982435197382566,235.15781734325182,59.65984706525262,0.839,27.2,140.8,125.9,21515.2
SK,50,0.0,local,2045,P_mix,Europe,3.283,0.4183016079084013,255.55986359034642,178.25527352637263,9.847996237048367,443.6631333537675,77.8513285663914,0.649,81.2,416.6,284.9,30422.9
SK,500,1.0,global,2045,P_mix,Europe,2.848,0.16105955992988466,218.60341904549708,119.15307037988845,8.543213240819139,346.29970266620467,76.76388715232513,0.616,61.8,322.2,209.5,19325.6
SN,50,0.0,local,2045,P_mix,Africa/MENA,2.099,0.2936776647082782,104.90410316580746,49.21278710881436,6.2973567117732205,160.41424698639506,49.975302956723304,0.346,118.2,591.5,76.4,4241.8
SN,500,1.0,global,2045,P_mix,Africa/MENA,1.895,0.13955511301611606,93.81393628489919,39.978167883457466,5.684590205035785,139.4766943733924,49.509603806687274,0.324,101.6,505.9,62.2,3210.0
SR,50,0.0,local,2045,P_mix,Latin America,1.636,0.30056512048185524,221.89396562786607,81.37897494514682,4.908719647324425,308.18166022033733,135.61212387560875,0.315,118.6,573.9,85.2,11928.8
SR,500,1.0,global,2045,P_mix,Latin America,1.517,0.15488176856618105,204.64515439123716,74.18940654924704,4.551679963618041,283.38624090410224,134.88106986452152,0.291,110.3,509.7,68.1,11261.0
SV,50,0.0,local,2045,P_mix,North America,1.572,0.4681162412469317,94.20081656558388,64.65886878448659,4.715414088363618,163.57509943843408,59.931629418111676,0.065,249.0,1287.5,39.3,3166.8
SV,500,1.0,global,2045,P_mix,North America,1.381,0.15732679108879735,79.88711140676524,46.530613483214026,4.143280097765409,130.5610049877447,57.84338219121408,0.099,178.3,874.1,38.2,2312.8
TH,50,0.0,local,2045,P_mix,Asia-Pacific,1.876,0.3766089409082357,97.40188336259936,57.7834463538195,5.628261671799989,160.81359138821887,51.917566582213915,0.192,165.1,882.1,45.6,4900.7
TH,500,1.0,global,2045,P_mix,Asia-Pacific,1.5,0.14509083529927022,76.50360313530491,48.206045124438866,4.500665989559845,129.21031424930362,50.99485496997761,0.338,92.0,464.5,63.6,5554.7
TN,50,0.0,local,2045,P_mix,Africa/MENA,1.734,0.3166322209621999,60.17870791134603,57.4441142849021,5.200635612846519,122.82345780909465,34.71424209919226,0.805,42.5,135.9,142.9,7917.6
TN,500,1.0,global,2045,P_mix,Africa/MENA,1.713,0.1399034557418257,60.085679874581494,38.424705750689846,5.137738101440783,103.64812372671213,35.084902356776816,0.734,39.4,137.9,116.3,4173.5
TR,50,0.0,local,2045,P_mix,Asia-Pacific,3.23,0.38439773404742594,151.0308539261517,76.96231608205285,9.690891467961304,237.68406147616585,46.754476951517695,0.383,135.9,722.8,125.1,8327.9
TR,500,1.0,global,2045,P_mix,Asia-Pacific,2.407,0.15201758366072873,111.67924816793092,61.17041599488001,7.219803146005041,180.06946730881597,46.40538498465587,0.397,94.4,458.9,70.8,8501.0
TW,50,0.0,local,2045,P_mix,Asia-Pacific,1.284,0.501413635854834,252.7472535932081,97.6489689716227,3.8512953949646906,354.24751795979546,196.87966853204088,0.19,224.5,1250.6,91.2,10013.1
TW,500,1.0,global,2045,P_mix,Asia-Pacific,1.342,0.13552722866152495,208.90280273997212,71.26017354583914,4.027001272604668,284.18997755841593,155.62657317328353,0.145,203.4,974.3,41.3,7315.1
UA,50,0.0,local,2045,P_mix,Europe,1.767,0.38013954150198953,94.63716968571403,85.09822734590627,5.3007400151140605,185.03613704673435,53.56073081260773,0.591,81.1,396.2,109.8,13614.6
UA,500,1.0,global,2045,P_mix,Europe,1.48,0.1492878358027709,79.04906619308774,69.98255477485031,4.440994800575695,153.47261576851372,53.39956681519228,0.647,58.9,235.1,107.8,11309.6
UG,50,0.0,local,2045,P_mix,Africa/MENA,1.416,0.3900533014397003,158.22097009327032,65.71390235003223,4.247624795948117,228.18249723925064,111.74784334355454,0.255,137.2,751.2,71.3,7165.5
UG,500,1.0,global,2045,P_mix,Africa/MENA,1.247,0.14026091082565154,128.20934968325207,52.32707640272107,3.7395426863270136,184.27596877230016,102.85430099677144,0.37,93.5,415.9,75.4,6484.8
US,50,0.0,local,2045,P_mix,North America,1.613,0.20710170707904596,64.68734264600775,26.86484142360649,4.838978671604615,96.39116274121885,40.10392297796024,0.641,28.2,108.5,86.0,2672.8
US,500,1.0,global,2045,P_mix,North America,1.368,0.08926660813928892,54.952062826770856,25.630030235096392,4.104120429536943,84.68621349140419,40.16845784881448,0.513,32.5,136.7,66.7,2775.7
UY,50,0.0,local,2045,P_mix,Latin America,1.678,0.3084988511355579,72.59682639413974,61.254652072189415,5.033378800798932,138.88485726712807,43.26924076285504,0.582,65.7,286.0,113.9,8557.7
UY,500,1.0,global,2045,P_mix,Latin America,1.597,0.15378247144394783,69.07310251549406,51.05876271990536,4.789803234552749,124.92166846995215,43.26259292900404,0.523,60.3,267.2,104.8,6549.9
UZ,50,0.0,local,2045,P_mix,Asia-Pacific,2.885,0.4128582869348676,197.62836973565996,96.39805643875684,8.6548659017292,302.681292076146,68.50309593919043,0.229,216.6,1097.6,97.6,10611.4
UZ,500,1.0,global,2045,P_mix,Asia-Pacific,2.278,0.16240833932471213,152.8273270314543,68.14837998885949,6.835096587633624,227.81080360794743,67.0776155415086,0.297,124.2,619.7,71.8,8772.2
VN,50,0.0,local,2045,P_mix,Asia-Pacific,2.374,0.36660426945113694,123.05457376141575,53.85554012733885,7.122773635013483,184.0328875237681,51.82864712554494,0.311,139.9,756.3,92.5,3493.2
VN,500,1.0,global,2045,P_mix,Asia-Pacific,1.997,0.13926843304492303,101.71201329060773,47.712697016308475,5.991565461660371,155.41627576857658,50.92759844223845,0.29,108.8,610.6,68.2,4115.4
ZA,50,0.0,local,2045,P_mix,Africa/MENA,1.674,0.24938122520222789,79.92855501386741,42.851442875320174,5.022892421371325,127.8028903105589,47.738562749495856,0.567,54.3,199.2,113.4,4780.2
ZA,500,1.0,global,2045,P_mix,Africa/MENA,1.434,0.10956461150123303,67.66243482047247,35.8873444614168,4.302993414951875,107.85277269684116,47.17351036515298,0.508,50.8,180.7,90.0,4017.4
ZM,50,0.0,local,2045,P_mix,Africa/MENA,1.705,0.34933391547445103,77.75655829860366,60.22222798345923,5.114176746683209,143.0929630287461,45.61236078653277,0.478,90.3,384.8,94.4,8027.3
ZM,500,1.0,global,2045,P_mix,Africa/MENA,1.708,0.1347140885013484,76.70506143459897,39.08788400193894,5.124747063685192,120.9176925002231,44.90273987070135,0.306,101.9,415.1,77.1,3106.5
AE,50,0.0,local,2050,P_mix,Asia-Pacific,1.738,0.3423277731886049,91.03941231449595,42.192815138950664,5.213560152359776,138.4457876058064,52.38612943208648,0.303,114.3,578.3,62.9,4379.0
AE,500,1.0,global,2050,P_mix,Asia-Pacific,1.591,0.12911676736909042,80.94973991294256,30.88024870444829,4.771803177155976,116.60179179454683,50.89254747585109,0.308,89.4,416.3,61.6,2558.3
AF,50,0.0,local,2050,P_mix,Asia-Pacific,2.017,0.35880996920485575,146.09920751772836,47.95064894978717,6.050995054891371,200.10085152240688,72.43397467312155,0.151,174.4,999.4,41.3,3229.8
AF,500,1.0,global,2050,P_mix,Asia-Pacific,1.617,0.14596675415027707,113.66989240753175,41.56961970992722,4.850590229740185,160.09010234719912,70.30271803455581,0.218,122.6,641.4,46.9,4290.5
AR,50,0.0,local,2050,P_mix,Latin America,1.67,0.303355946986627,44.876089504159246,44.596984595829,5.00994261667502,94.48301671666327,26.87221767059399,0.594,72.6,296.1,110.0,5698.4
AR,500,1.0,global,2050,P_mix,Latin America,1.727,0.14874748364892795,46.378934326511455,38.138101574090314,5.180641138894476,89.69767703949624,26.857062523582567,0.483,76.9,321.1,98.6,4032.7
AT,50,0.0,local,2050,P_mix,Europe,2.277,0.35520685989131917,104.85847431933396,108.26059427696643,6.829896857077213,219.9489654533776,46.05859056744541,0.904,21.1,61.0,168.7,24332.9
AT,500,1.0,global,2050,P_mix,Europe,1.979,0.15737212749965812,91.48088772893625,89.32669399240444,5.9368531083721745,186.74443482971287,46.22695865588932,0.862,20.6,68.7,136.7,20006.0
AU,50,0.0,local,2050,P_mix,Asia-Pacific,1.891,0.288553284876323,66.06208253279311,45.36807584122512,5.673878237271703,117.10403661128994,34.92959124439681,0.484,80.2,333.5,84.9,6575.1
AU,500,1.0,global,2050,P_mix,Asia-Pacific,1.594,0.12425331576541247,55.91596943471149,33.24791086803824,4.783322718440886,93.94720302119062,35.06932694660657,0.455,63.7,251.3,63.0,4676.0
BD,50,0.0,local,2050,P_mix,Asia-Pacific,2.009,0.38646623496318827,127.95657424222797,53.80796481748119,6.026043630633182,187.79058269034235,63.70178283729892,0.077,233.7,1271.7,28.7,2797.7
BD,500,1.0,global,2050,P_mix,Asia-Pacific,1.612,0.15452872163218448,100.2275068457758,37.17336890712311,4.836305479033878,142.2371812319328,62.171945473839806,0.125,154.6,815.1,30.8,2022.9
BE,50,0.0,local,2050,P_mix,Europe,1.774,0.2832488957218024,50.24802501505799,82.25325917368943,5.323055090109417,137.82433927885685,28.31908978835528,0.82,38.3,123.3,145.8,16962.5
BE,500,1.0,global,2050,P_mix,Europe,1.601,0.1235735379107637,46.52177958011843,69.34072384794754,4.801543447606938,120.6640468756729,29.06676577297463,0.852,26.0,75.8,124.6,14505.8
BF,50,0.0,local,2050,P_mix,Africa/MENA,1.695,0.38960529954981016,103.57487319460803,50.551537929336995,5.084264979862229,159.21067610380723,61.114953845746356,0.114,196.9,1027.3,38.3,3630.8
BF,500,1.0,global,2050,P_mix,Africa/MENA,1.625,0.15496066614317797,95.05219131597796,43.51048752221904,4.874313031902034,143.43699187009904,58.50190007937626,0.16,157.0,736.3,51.0,3598.2
BG,50,0.0,local,2050,P_mix,Europe,1.7,0.3637988546570679,77.47964538116003,51.770976607866665,5.099578592461723,134.35020058148842,45.580028217836485,0.657,63.8,296.6,119.5,7533.2
BG,500,1.0,global,2050,P_mix,Europe,1.54,0.14352566267531333,70.22140707854814,42.676330730729845,4.618719905498558,117.51645771477654,45.610954018850535,0.638,51.1,208.3,108.1,6096.9
BH,50,0.0,local,2050,P_mix,Asia-Pacific,2.098,0.3941954437799924,98.75881858581029,56.218534754909555,6.29425486560822,161.27160820632807,47.07093406342396,0.342,127.2,690.1,73.4,7132.5
BH,500,1.0,global,2050,P_mix,Asia-Pacific,1.834,0.15083537755239265,84.89322022533764,39.043715125178196,5.50165722264443,129.4385925731603,46.291444626497054,0.243,109.0,578.7,46.0,4195.6
BI,50,0.0,local,2050,P_mix,Africa/MENA,1.588,0.42217952188580815,200.71633068801174,58.95210558499132,4.763840490543606,264.43227676354667,126.39990639051052,0.103,246.3,1200.2,36.5,4337.8
BI,500,1.0,global,2050,P_mix,Africa/MENA,1.303,0.1353489726692064,147.4445172785953,46.4452314674144,3.910106112246928,197.79985485825665,113.12571555292165,0.159,160.8,737.6,35.7,5013.7
BO,50,0.0,local,2050,P_mix,Latin America,2.06,0.396537844876445,149.85713467361464,57.115259181122745,6.1793280280253065,213.1517218827627,72.75409267510774,0.057,233.9,1267.3,19.0,4182.4
BO,500,1.0,global,2050,P_mix,Latin America,1.991,0.15737187826995552,140.81866292864655,40.634823754317665,5.974011583126658,187.42749826609088,70.71562934011524,0.068,195.4,1034.0,23.3,1293.7
BR,50,0.0,local,2050,P_mix,Latin America,2.247,0.2519175188892104,69.77706761732773,31.21080232431925,6.742466817897652,107.73033675954464,31.0466789834725,0.38,66.8,308.1,63.3,3628.1
BR,500,1.0,global,2050,P_mix,Latin America,1.942,0.11647898442500297,60.40034564152462,27.240720667524428,5.826082760862248,93.4671490699113,31.10169291480455,0.35,60.8,278.2,54.0,3121.8
BY,50,0.0,local,2050,P_mix,Europe,1.87,0.3495943958564787,103.0489812407108,79.51619639608552,5.609627321572301,188.1748049583686,55.11006810261379,0.856,26.0,105.2,168.4,15538.5
BY,500,1.0,global,2050,P_mix,Europe,1.82,0.14926427659795963,100.63690624659354,56.7603349718811,5.458989668396875,162.8562308868715,55.30523724703107,0.764,38.0,131.0,129.1,10099.6
CA,50,0.0,local,2050,P_mix,North America,1.762,0.2568626298077334,70.96113923172693,31.18473848565917,5.287181792427759,107.43305950981386,40.264062416024785,0.364,72.7,337.8,74.4,2897.2
CA,500,1.0,global,2050,P_mix,North America,1.426,0.1219698900612487,57.96533467169737,29.530319956517307,4.278776114443578,91.77443074265827,40.64152911111271,0.37,68.6,302.8,63.5,3141.0
CH,50,0.0,local,2050,P_mix,Europe,2.23,0.44213285842814437,182.7129557559858,107.7592617775993,6.690900198063315,297.1631177316484,81.92303741529709,0.489,122.3,561.2,164.7,19565.9
CH,500,1.0,global,2050,P_mix,Europe,2.079,0.16357035244889034,166.5438815161999,69.34720668741238,6.237241955723546,242.12833015933577,80.10457957144334,0.445,94.7,429.2,123.1,11232.1
CL,50,0.0,local,2050,P_mix,Latin America,1.731,0.32821558554801816,57.388472244084205,67.56796507997439,5.1934804638115075,130.1499177878701,33.15029640178911,0.782,41.6,180.9,144.9,12244.9
CL,500,1.0,global,2050,P_mix,Latin America,1.702,0.16041975519652132,56.31556491862761,54.07095975493772,5.10592819057611,115.49245286414143,33.08834132601076,0.689,54.4,203.9,126.3,8704.5
CN,50,0.0,local,2050,P_mix,Asia-Pacific,1.551,0.2204790517074298,60.5152605316261,25.05214941526075,4.653901815462494,90.22131176234934,39.00937080187124,0.629,36.5,128.6,75.8,2959.6
CN,500,1.0,global,2050,P_mix,Asia-Pacific,1.321,0.08545368678472033,51.6586483263215,24.340342358716978,3.962245196618966,79.96123588165744,39.113163695979075,0.655,28.8,98.0,70.0,3296.8
CO,50,0.0,local,2050,P_mix,Latin America,1.447,0.45372888722552024,96.83535948340817,54.243793042944155,4.340141544445782,155.41929407079814,66.93470143202931,0.082,232.9,1225.7,33.7,3056.4
CO,500,1.0,global,2050,P_mix,Latin America,1.375,0.16517034365740593,85.77889820872139,51.13783554948267,4.125061096528366,141.04179485473242,62.383729259849765,0.232,135.3,668.1,76.3,5573.6
CR,50,0.0,local,2050,P_mix,North America,2.077,0.3987619945911139,248.9032542806156,89.45460424541828,6.229673276844169,344.58753180287806,119.86339084866327,0.155,252.6,1236.8,63.1,11890.6
CR,500,1.0,global,2050,P_mix,North America,1.706,0.1563395999255022,197.11714033103905,50.75360567524959,5.117260862762612,252.98800686905128,115.5601476751506,0.242,144.5,691.3,61.7,5769.0
CU,50,0.0,local,2050,P_mix,North America,2.466,0.29898479107205506,92.31612355968048,71.8876487144794,7.397631315049886,171.60140358920978,37.43743894286968,0.417,107.7,564.5,70.4,12974.1
CU,500,1.0,global,2050,P_mix,North America,2.206,0.13445151323488405,82.508944184798,38.902854027505164,6.617433169837371,128.02923138214055,37.405263672723514,0.292,104.7,540.4,46.3,4462.2
CV,50,0.0,local,2050,P_mix,Africa/MENA,2.626,0.33080432442660634,85.3943916635449,51.001263491479996,7.878177256498597,144.27383241152347,32.518077043685864,0.247,148.8,835.1,53.1,5125.7
CV,500,1.0,global,2050,P_mix,Africa/MENA,2.124,0.15431726291139236,69.211980535468,44.518829844720706,6.371104300778181,120.10191468096687,32.59025936540439,0.286,102.5,605.9,56.5,5274.7
CZ,50,0.0,local,2050,P_mix,Europe,2.132,0.3550315669351695,142.7709943558987,96.54657430574012,6.395803597786167,245.71337225942497,66.96781358576307,0.568,73.4,400.2,110.3,20195.7
CZ,500,1.0,global,2050,P_mix,Europe,2.054,0.147314921197417,136.51551625883354,68.80551164233461,6.162989743171759,211.4840176443399,66.45257672710805,0.526,65.5,332.2,90.0,13441.1
DE,50,0.0,local,2050,P_mix,Europe,1.405,0.2702759002760652,43.4844490898339,49.51217084255729,4.216001976500965,97.21262190889216,30.94243029216279,0.852,23.8,82.8,146.4,7794.7
DE,500,1.0,global,2050,P_mix,Europe,1.334,0.11308207011559904,42.395248343759434,40.68246267632625,4.00155433313477,87.07926535322046,31.784085493509338,0.853,20.4,71.0,125.0,6185.6
DK,50,0.0,local,2050,P_mix,Europe,1.453,0.28465027570465234,48.10152889838131,53.83902921419813,4.35867243504713,106.29923054762658,33.10746307403663,0.854,22.7,91.9,151.4,8813.9
DK,500,1.0,global,2050,P_mix,Europe,1.398,0.12406883141466078,47.28783717394208,42.162295655579705,4.1947203415927365,93.6448531711145,33.81953979510368,0.801,22.8,104.3,125.1,6354.6
DO,50,0.0,local,2050,P_mix,North America,2.471,0.3855041042686244,125.01366326781631,66.13517482791858,7.41320315094048,198.56204124667536,50.590949980356086,0.259,182.1,928.4,69.1,7852.0
DO,500,1.0,global,2050,P_mix,North America,1.686,0.1513899917895905,83.37861067571917,52.40463564242023,5.058720556303618,140.84196687444302,49.44646165826756,0.35,113.3,556.9,84.2,6687.3
DZ,50,0.0,local,2050,P_mix,Africa/MENA,1.878,0.3747404851690151,77.03972747403796,53.68050407736294,5.633056398633538,136.35328795003446,41.02909079308641,0.434,107.6,555.2,92.6,6807.5
DZ,500,1.0,global,2050,P_mix,Africa/MENA,1.639,0.15668806024684628,67.0004943349014,41.99910599431795,4.918004342067872,113.91760467128721,40.87053793047026,0.381,90.7,445.0,75.5,5046.4
EC,50,0.0,local,2050,P_mix,Latin America,1.268,0.5174030416008317,157.88133215740487,75.02520957047692,3.803423995595246,236.70996572347704,124.5309481721583,0.1,266.3,1347.2,41.9,7556.6
EC,500,1.0,global,2050,P_mix,Latin America,1.457,0.15267962775565405,120.81981698839783,61.135999832878476,4.370641017121906,186.3264578383982,82.9305013944786,0.162,191.0,884.7,63.3,6809.7
EE,50,0.0,local,2050,P_mix,Europe,2.23,0.3191066319524813,91.16305765200721,47.23729706998721,6.6896335735418795,145.0899882955363,40.8825341402398,0.757,42.1,197.1,141.0,6314.5
EE,500,1.0,global,2050,P_mix,Europe,2.045,0.1488689878495673,84.18822687476158,40.623802414578755,6.134710234675605,130.94673952401595,41.169781613595426,0.753,30.1,163.0,121.0,5562.5
EG,50,0.0,local,2050,P_mix,Africa/MENA,1.976,0.30136950052943173,48.61591643273324,57.84045077004586,5.92673069579778,112.38309789857688,24.60846574345117,0.769,44.1,160.1,139.2,9731.2
EG,500,1.0,global,2050,P_mix,Africa/MENA,1.672,0.14083062899955004,41.595714160013735,47.41312441632642,5.016099355856569,94.02493793219672,24.877326708918904,0.766,37.0,126.8,116.7,7890.2
ES,50,0.0,local,2050,P_mix,Europe,1.876,0.28697546594935336,86.14438176362115,41.76652022194277,5.628466274558987,133.53936826012293,45.915375998430754,0.351,93.0,444.0,77.0,4898.3
ES,500,1.0,global,2050,P_mix,Europe,1.661,0.1259345429067042,75.87278308079992,35.253635924447394,4.9843638153446275,116.11078282059192,45.666479750467644,0.381,69.6,315.1,74.4,4287.5
ET,50,0.0,local,2050,P_mix,Africa/MENA,2.121,0.2912458989479889,78.85227599051014,43.59868605275294,6.362023184271487,128.81298522753457,37.182641609411135,0.26,133.8,724.9,60.0,3634.9
ET,500,1.0,global,2050,P_mix,Africa/MENA,1.671,0.13619276666728233,61.847656624276915,43.51378974179865,5.012370621944869,110.37381698802042,37.017009289077315,0.338,92.7,446.2,68.7,5730.2
FI,50,0.0,local,2050,P_mix,Europe,2.566,0.34043813882794566,105.87211799790123,141.9138843869979,7.698876386074296,255.4848787709734,41.254897216977014,1.0,0.0,0.0,222.4,32754.3
FI,500,1.0,global,2050,P_mix,Europe,2.323,0.16166286545249878,96.58089556289221,105.38578642521523,6.967747838630541,208.93442982673798,41.58340591522124,1.0,-0.0,-0.0,166.7,24262.4
FJ,50,0.0,local,2050,P_mix,Asia-Pacific,1.898,0.3658411476329371,122.26612062032305,56.09493701416266,5.6936706186566415,184.05472825314234,64.42212527346928,0.307,160.4,818.5,97.1,4827.5
FJ,500,1.0,global,2050,P_mix,Asia-Pacific,1.607,0.15259739074660203,100.5410539493822,43.52766932295628,4.820636148302733,148.8893594206412,62.56916153158405,0.354,116.8,512.8,74.3,4738.6
FR,50,0.0,local,2050,P_mix,Europe,1.522,0.28062666038974754,62.51481209486007,49.278378438303,4.5663772473059305,116.359567780469,41.07072765291744,0.607,55.1,263.7,114.0,7360.9
FR,500,1.0,global,2050,P_mix,Europe,1.423,0.1234812116242707,58.75184904861694,40.82821291154743,4.270432449490242,103.85049440965462,41.27346568071597,0.556,49.1,236.2,95.4,5895.4
GB,50,0.0,local,2050,P_mix,Europe,1.447,0.2774668326994264,52.11450587794098,74.2545021749123,4.339838341821467,130.70884639467477,36.025193871208614,0.839,28.9,101.9,142.0,15037.0
GB,500,1.0,global,2050,P_mix,Europe,1.354,0.12169768550424864,49.561227849746764,60.402874315208386,4.062088461976929,114.02619062693208,36.6027684874394,0.896,16.1,45.1,122.3,12317.2
GF,50,0.0,local,2050,P_mix,Latin America,1.86,0.32820016899427973,186.6140249830814,87.30090486971969,5.57914079865548,279.4940706514566,100.34557204295021,0.382,105.5,560.8,89.4,16788.7
GF,500,1.0,global,2050,P_mix,Latin America,1.64,0.1534074719364323,160.67448269730428,81.41470861936014,4.918673632851198,247.00786494951564,97.99866469540508,0.394,92.8,437.0,84.9,16268.7
GH,50,0.0,local,2050,P_mix,Africa/MENA,1.632,0.2801686862576676,152.33108706708498,51.66415043940618,4.895292671045491,208.89053017753668,93.35361374903412,0.315,110.1,574.6,80.1,6550.1
GH,500,1.0,global,2050,P_mix,Africa/MENA,1.513,0.12989567174079733,137.05601584322469,40.197131574551946,4.537980359280051,181.7911277770567,90.6059557284881,0.34,87.7,400.4,72.2,5002.0
GR,50,0.0,local,2050,P_mix,Europe,2.272,0.4168839040431237,130.36706889295598,79.3578691329493,6.8160595788973515,216.5409976048026,57.379370316792,0.217,185.9,906.7,64.3,12030.7
GR,500,1.0,global,2050,P_mix,Europe,2.035,0.15032397414730914,114.30864748077244,51.25890034841656,6.104748974990613,171.6722968041796,56.1736352874108,0.199,136.7,648.7,51.2,6733.0
GT,50,0.0,local,2050,P_mix,North America,1.733,0.4409930177082295,94.699744973438,56.20974387343949,5.198740040605094,156.1082288874826,54.64770938753212,0.059,279.1,1340.5,37.9,2078.9
GT,500,1.0,global,2050,P_mix,North America,1.474,0.1684572434754992,78.39006680649845,46.41939803266406,4.422136276242241,129.23160111540477,53.18022460839537,0.183,153.9,716.6,52.2,4579.6
HN,50,0.0,local,2050,P_mix,North America,2.339,0.3998472226488612,90.14610673855597,58.97908601979716,7.01798036735919,156.14317312571234,38.535063659266264,0.076,252.7,1267.8,32.6,3948.4
HN,500,1.0,global,2050,P_mix,North America,1.707,0.1626521905542046,65.32889736376923,40.70837347654713,5.122440825857188,111.15971166617355,38.260411150481346,0.272,114.2,599.9,70.9,3470.7
HU,50,0.0,local,2050,P_mix,Europe,2.319,0.3808745218474772,138.4995731064344,164.2740650215559,6.957119599857206,309.7307577278475,59.72280817593421,0.845,30.1,115.2,162.5,40527.6
HU,500,1.0,global,2050,P_mix,Europe,1.906,0.15731630891205675,112.93138789285466,127.28386396333912,5.717552320316108,245.9328041765099,59.25510510410749,0.791,31.8,126.1,131.0,30834.1
ID,50,0.0,local,2050,P_mix,Asia-Pacific,1.51,0.41915707607555747,121.03366353571987,50.38422506987072,4.529902686868316,175.9477912924589,80.15646597878336,0.172,194.1,1028.4,50.3,3130.5
ID,500,1.0,global,2050,P_mix,Asia-Pacific,1.421,0.1459450293478822,106.76727159066279,38.068490277269696,4.261623185341603,149.0973850532741,75.15958141811018,0.128,165.0,781.8,30.2,2410.8
IE,50,0.0,local,2050,P_mix,Europe,1.347,0.3114537742008341,44.42557889749054,98.96575158225457,4.042231959373755,147.43356243911884,32.97107588875694,0.918,18.6,66.4,174.6,21363.1
IE,500,1.0,global,2050,P_mix,Europe,1.319,0.14041187421619616,43.73497312798014,81.05716287201713,3.9584214130002464,128.75055741299752,33.145768399755625,0.864,22.3,88.9,140.7,17258.7
IL,50,0.0,local,2050,P_mix,Asia-Pacific,2.234,0.44189193972276086,237.6302398777044,82.55929488144527,6.702481260251088,326.8920160194008,106.36221004613513,0.145,213.9,1127.5,46.7,11777.2
IL,500,1.0,global,2050,P_mix,Asia-Pacific,1.989,0.13821738432472028,193.91039669570048,47.03565493946382,5.966945119822054,246.91299675498638,97.49229771773872,0.168,162.9,776.4,44.4,4540.1
IN,50,0.0,local,2050,P_mix,Asia-Pacific,1.795,0.279549797585777,78.42469814349253,52.840990047603405,5.384862419009672,136.6505506101056,43.691755911889594,0.371,85.0,439.8,81.9,8081.3
IN,500,1.0,global,2050,P_mix,Asia-Pacific,1.592,0.12928139334764815,69.13047149363717,40.89874017817255,4.776408578659901,114.80562025046963,43.419948495925944,0.338,75.9,347.6,65.3,6002.7
IR,50,0.0,local,2050,P_mix,Asia-Pacific,3.756,0.3790241160296318,157.44638218494944,73.97213089342588,11.268001687397902,242.6865147657732,41.91862582724937,0.118,278.7,1456.5,43.5,6262.2
IR,500,1.0,global,2050,P_mix,Asia-Pacific,3.111,0.16770214843686643,130.1472901284258,61.12667633172135,9.332548359615002,200.60651481976214,41.83657617836158,0.226,162.2,897.8,66.2,6965.4
IT,50,0.0,local,2050,P_mix,Europe,2.543,0.45115450507166976,159.73788237661066,107.33266792878723,7.630294903254554,274.7008452086525,62.804079423645064,0.221,223.7,1017.4,71.5,18699.6
IT,500,1.0,global,2050,P_mix,Europe,2.279,0.15829830300477965,140.13006656401168,64.31689839612284,6.836219192528704,211.28318415266324,61.49454659842972,0.191,167.3,756.8,48.5,9527.9
JM,50,0.0,local,2050,P_mix,North America,1.737,0.4617444329576986,99.14997285474263,58.4387502588405,5.210509180682486,162.7992322942656,57.08653573953933,0.081,247.2,1295.5,33.8,3616.5
JM,500,1.0,global,2050,P_mix,North America,1.364,0.14662915785037886,72.3015045762923,39.84172325819803,4.093283967235644,116.23651180172595,52.99034112098543,0.213,136.2,641.1,53.5,3347.5
JO,50,0.0,local,2050,P_mix,Asia-Pacific,1.714,0.28169071219806585,76.2351967392383,56.52064480274385,5.143477031511969,137.89931857349413,44.465171870415645,0.615,65.2,279.8,120.7,8978.1
JO,500,1.0,global,2050,P_mix,Asia-Pacific,1.404,0.12733449645399245,61.99232608145882,41.41996783552155,4.212714857016983,107.62500877399735,44.14658588501442,0.68,45.2,166.1,108.6,6078.7
JP,50,0.0,local,2050,P_mix,Asia-Pacific,1.767,0.41686583282094236,100.13500128028691,56.303858615883,5.300959533733889,161.73981942990378,56.669929647484224,0.364,132.5,729.9,103.3,5613.5
JP,500,1.0,global,2050,P_mix,Asia-Pacific,1.701,0.14425391612425084,95.41310161539563,40.47825109802893,5.1016498690631655,140.99300258248775,56.107203001516375,0.328,104.4,518.6,78.1,3809.9
KE,50,0.0,local,2050,P_mix,Africa/MENA,2.074,0.38431750661639996,59.787451665814785,50.59255077793783,6.221949023333721,116.60195146708634,28.827358489244062,0.219,165.0,862.0,54.5,4553.5
KE,500,1.0,global,2050,P_mix,Africa/MENA,1.775,0.1554601231665692,51.914092266426465,39.61082552377369,5.3259599998484095,96.85087779004859,29.24210410962742,0.284,121.5,538.1,63.2,3799.0
KH,50,0.0,local,2050,P_mix,Asia-Pacific,1.807,0.36911245029987433,147.81817681303278,59.92251834359473,5.422208476586977,213.16290363321446,81.78485433637033,0.162,179.3,981.1,45.8,6627.5
KH,500,1.0,global,2050,P_mix,Asia-Pacific,1.597,0.1500188868171839,127.14343524347845,46.68470324350054,4.79240430189122,178.62054278887018,79.5905941366241,0.193,131.3,676.8,39.8,5717.7
KR,50,0.0,local,2050,P_mix,Asia-Pacific,1.801,0.44489342991200703,128.88796589598104,80.81796511030089,5.4039626639576674,215.10989367023961,71.55191879226724,0.276,183.6,945.7,99.1,10821.5
KR,500,1.0,global,2050,P_mix,Asia-Pacific,1.609,0.1422793215552038,111.70901349224265,61.18266116286229,4.826126294198758,177.7178009493037,69.44017210647121,0.307,129.8,648.6,72.3,8888.3
KW,50,0.0,local,2050,P_mix,Asia-Pacific,2.159,0.3410862983421987,71.12386356832127,55.72478326553716,6.475553875246552,133.32420070910499,32.950322831935374,0.553,76.9,391.9,103.9,8485.2
KW,500,1.0,global,2050,P_mix,Asia-Pacific,1.993,0.14731749412299464,65.96979079240282,35.59472908905306,5.979340242281993,107.54386012373786,33.098864483028194,0.448,74.5,373.7,73.4,3954.3
KZ,50,0.0,local,2050,P_mix,Asia-Pacific,2.629,0.4349663745422922,144.94061761559766,67.8577599330192,7.88819313429474,220.6865706829116,55.123124579235004,0.172,211.4,1107.0,55.5,7284.8
KZ,500,1.0,global,2050,P_mix,Asia-Pacific,2.128,0.1548487663857152,115.33426461567487,54.48559085280945,6.38500931662107,176.20486478510537,54.1898651496612,0.254,134.7,647.3,62.6,7258.9
LC,50,0.0,local,2050,P_mix,North America,1.958,0.28138206258895015,50.36161723295689,61.032527427592804,5.875048526973668,117.26919318752334,25.71635808712153,0.598,62.0,275.2,107.8,10894.2
LC,500,1.0,global,2050,P_mix,North America,1.822,0.13463023561077928,47.490268114777734,45.194893310380785,5.465626690028528,98.15078811518705,26.066691419715244,0.463,70.4,327.0,80.8,6855.3
LK,50,0.0,local,2050,P_mix,Asia-Pacific,2.488,0.3184157654585618,77.72586945234987,52.769375370126866,7.462806756869524,137.95805157934626,31.245296301208793,0.326,120.5,687.2,64.1,6595.5
LK,500,1.0,global,2050,P_mix,Asia-Pacific,2.148,0.15040239777832734,67.58292143880193,38.07613312049083,6.442820192809456,112.10187475210222,31.468946555839945,0.27,108.4,613.7,46.4,3656.3
LY,50,0.0,local,2050,P_mix,Africa/MENA,1.607,0.2875800088147782,49.73143559610548,35.89189408664886,4.82084727848838,90.44417696124273,30.94773556798869,0.507,78.0,299.1,98.0,3535.3
LY,500,1.0,global,2050,P_mix,Africa/MENA,1.491,0.1214499788174435,46.31862149946133,27.813310432025975,4.473213135202591,78.60514506668989,31.0639936659514,0.473,60.5,244.6,85.1,2283.1
MA,50,0.0,local,2050,P_mix,Africa/MENA,1.78,0.378263939748807,69.87005055954553,57.35861147684415,5.341180706895052,132.56984274328474,39.2441602674191,0.626,77.8,360.6,124.3,8357.4
MA,500,1.0,global,2050,P_mix,Africa/MENA,1.596,0.15797787152956497,62.25615038600321,47.25547311406767,4.788169360153562,114.29979286022446,39.00623330333067,0.57,59.3,301.8,115.4,6394.0
MG,50,0.0,local,2050,P_mix,Africa/MENA,1.399,0.3975085614919317,139.11142801246643,51.23380515183869,4.1981265794218645,194.543359743727,99.40964764689717,0.233,170.3,820.0,58.0,4831.3
MG,500,1.0,global,2050,P_mix,Africa/MENA,1.269,0.1372298934140919,117.42385164428777,40.44968665352646,3.805764956531622,161.67930325434585,92.562614600852,0.305,108.4,521.3,65.7,4230.1
MM,50,0.0,local,2050,P_mix,Asia-Pacific,1.769,0.37536155350383243,121.81892851753587,53.881262424605765,5.3066835463077,181.00687448844934,68.86726565914911,0.18,180.8,975.6,52.6,4602.9
MM,500,1.0,global,2050,P_mix,Asia-Pacific,1.451,0.16265421659734303,98.27233101891323,45.45731325151976,4.353809960587106,148.0834542310201,67.71471325702609,0.236,111.9,618.7,63.4,5064.9
MN,50,0.0,local,2050,P_mix,Asia-Pacific,1.797,0.31432804288769683,67.41369689555968,43.093591924527765,5.391647706717532,115.89893652680499,37.51007144526588,0.729,47.5,196.0,135.4,5257.7
MN,500,1.0,global,2050,P_mix,Asia-Pacific,1.566,0.138898915455782,58.98460672260633,37.735517424689995,4.69882221471788,101.41894636201421,37.65918608572914,0.671,43.6,178.8,112.2,4785.1
MR,50,0.0,local,2050,P_mix,Africa/MENA,1.834,0.2896609940948585,55.906038851625766,47.05128579920755,5.50141410146401,108.45873875229732,30.486364680354768,0.507,89.4,398.6,112.6,5386.3
MR,500,1.0,global,2050,P_mix,Africa/MENA,1.733,0.13785986483795973,53.06741353249795,37.44109793122182,5.198243846139566,95.70675530985933,30.62615862388311,0.502,88.8,305.7,94.3,3955.4
MU,50,0.0,local,2050,P_mix,Africa/MENA,2.013,0.32273007725634284,70.26879018857258,64.93164099221683,6.037729489333984,141.2381606701234,34.91484190176447,0.442,99.1,514.8,84.1,10841.0
MU,500,1.0,global,2050,P_mix,Africa/MENA,1.862,0.14359908142805763,65.242234819945,44.69783797103617,5.587246342079606,115.52731913306077,35.03097813778942,0.329,100.5,497.7,59.0,6008.0
MX,50,0.0,local,2050,P_mix,North America,2.301,0.3111799405418149,57.25437894363215,38.76626617026004,6.902519900905783,102.92316501479796,24.884120480168075,0.44,101.3,548.0,79.7,3076.5
MX,500,1.0,global,2050,P_mix,North America,1.905,0.13434571764568978,48.4754413076557,32.24159908548869,5.7145397829119835,86.43158017605637,25.448475196170964,0.47,80.2,376.3,71.2,2969.3
MY,50,0.0,local,2050,P_mix,Asia-Pacific,1.5,0.3870474290666328,201.0380444857393,54.95270324605579,4.501346694113122,260.4920944259082,133.98526584188116,0.195,171.1,911.7,61.0,5152.4
MY,500,1.0,global,2050,P_mix,Asia-Pacific,1.244,0.14906689929363892,155.6373177614019,61.41215562876923,3.7324631068672214,220.78193649703834,125.09486093115102,0.255,132.7,573.7,49.3,10362.3
NE,50,0.0,local,2050,P_mix,Africa/MENA,1.859,0.4215070332431438,79.05272998358694,47.00250122259813,5.575984352234715,131.6312155584198,42.532075947400045,0.234,159.9,829.6,79.7,2785.3
NE,500,1.0,global,2050,P_mix,Africa/MENA,1.616,0.16217418987354756,67.34665027868691,41.4909612465957,4.848945017368054,113.68655654265066,41.66678527234066,0.213,143.9,624.6,62.7,3483.6
NG,50,0.0,local,2050,P_mix,Africa/MENA,1.541,0.300553013496956,202.36614520359322,53.57163731387528,4.623162832814956,260.5609453502834,131.31668893460326,0.196,136.3,668.0,59.2,6961.0
NG,500,1.0,global,2050,P_mix,Africa/MENA,1.428,0.1378117181413742,183.2330542825961,41.840015581202806,4.284101425673974,229.3571712894729,128.31142595119832,0.144,126.9,624.4,39.8,4720.2
NI,50,0.0,local,2050,P_mix,North America,2.85,0.3501432740062141,109.58082544324853,60.61454958072166,8.548797597067006,178.7441726210372,38.45482041153154,0.12,215.3,1101.6,39.0,5806.7
NI,500,1.0,global,2050,P_mix,North America,2.135,0.16395854732104218,81.99335693551429,41.779702951696216,6.404060724736956,130.17712061194746,38.410015360471974,0.247,111.1,611.2,54.7,4395.5
NL,50,0.0,local,2050,P_mix,Europe,1.542,0.26536014173726435,42.57569452748381,50.07702907770533,4.626621452360872,97.27934505755002,27.606988144075903,0.804,36.1,117.8,139.0,7857.0
NL,500,1.0,global,2050,P_mix,Europe,1.494,0.11404975922196399,42.40200632941352,39.640789407410836,4.480827342081936,86.52362307890628,28.388957948363817,0.788,30.4,98.6,119.5,5782.4
NO,50,0.0,local,2050,P_mix,Europe,2.166,0.36331804641066756,106.79378384558837,211.44638344613247,6.4972616217594,324.7374289134802,49.31021254612983,0.881,27.0,104.3,161.1,54541.1
NO,500,1.0,global,2050,P_mix,Europe,2.013,0.16652452053098607,99.81636150698088,158.35225677966687,6.039850883111639,264.2084691697594,49.578887014951256,0.806,31.0,149.7,132.0,39756.9
NP,50,0.0,local,2050,P_mix,Asia-Pacific,1.362,0.5089377606274726,494.545581733631,100.38879428654447,4.085563602285975,599.0199396224615,363.14126755259946,0.1,290.2,1446.3,49.5,13699.8
NP,500,1.0,global,2050,P_mix,Asia-Pacific,1.302,0.1458186347766396,383.49736851953054,73.50515036788305,3.907161709471696,460.90968059688527,294.45725339946455,0.141,201.4,902.7,38.0,11194.3
NZ,50,0.0,local,2050,P_mix,Asia-Pacific,2.099,0.3275429515473763,76.21270475947863,51.97596860304502,6.297046776502558,134.4857201390262,36.30878448157606,0.523,86.9,435.9,94.3,7335.8
NZ,500,1.0,global,2050,P_mix,Asia-Pacific,1.7,0.1406175074501318,62.28226288050451,34.51846839252635,5.100267261469368,101.90099853450025,36.634705411042084,0.501,73.2,310.9,73.5,4091.4
OM,50,0.0,local,2050,P_mix,Asia-Pacific,2.294,0.283283726090143,77.79545847837555,36.10232189714277,6.881461958166951,120.77924233368527,33.91523150951136,0.181,148.7,758.6,37.8,1901.0
OM,500,1.0,global,2050,P_mix,Asia-Pacific,1.98,0.1256487873727762,67.01296707229628,27.454799640711812,5.938864270595315,100.4066309836034,33.85140526148735,0.135,131.3,642.8,20.3,1091.9
PA,50,0.0,local,2050,P_mix,North America,1.54,0.438270998101056,131.4122937968241,63.02300995428441,4.61863951674038,199.05394326784887,85.35779420791545,0.123,235.7,1171.4,44.2,5558.8
PA,500,1.0,global,2050,P_mix,North America,1.564,0.15642301746924114,122.58620936883405,56.65822308843409,4.692516097157347,183.93694855442547,78.37130880153693,0.127,208.4,901.5,39.7,6100.9
PE,50,0.0,local,2050,P_mix,Latin America,1.917,0.258504657937945,59.06175508441188,67.32679182421832,5.749900082073769,132.13844699070395,30.815364219221564,0.764,41.2,165.1,132.8,12774.6
PE,500,1.0,global,2050,P_mix,Latin America,1.742,0.12661472770399693,53.62772598118344,52.63875626292675,5.225566808874125,111.4920490529843,30.787698986134096,0.757,34.6,139.0,128.7,8891.7
PH,50,0.0,local,2050,P_mix,Asia-Pacific,2.862,0.3289805780832925,83.1425575888459,52.450496666279946,8.586578340147353,144.1796325952732,29.048552623145937,0.262,155.1,871.0,53.4,5205.0
PH,500,1.0,global,2050,P_mix,Asia-Pacific,1.758,0.12815962637426198,51.45514011275437,49.82602744353572,5.272750009479907,106.55391756577,29.276074166369995,0.572,62.6,281.5,104.7,7674.2
PK,50,0.0,local,2050,P_mix,Asia-Pacific,2.394,0.3028215350136926,88.02629623050164,55.986101522319665,7.182771320067509,151.19516907288883,36.76559880915475,0.349,115.1,588.1,74.3,7893.7
PK,500,1.0,global,2050,P_mix,Asia-Pacific,2.011,0.13515449537543361,74.32818228590088,43.20248836682109,6.032296754858342,123.56296740758032,36.96511559682695,0.313,103.0,478.5,60.9,5593.7
PL,50,0.0,local,2050,P_mix,Europe,1.638,0.335717648872421,75.4023926890388,54.174670484608136,4.913293541643927,134.49035671529086,46.03982565866186,0.827,30.3,126.3,151.6,8569.7
PL,500,1.0,global,2050,P_mix,Europe,1.538,0.14364754284823653,71.34578996146664,40.540759778428246,4.6145925202212705,116.50114226011615,46.38272370669386,0.839,22.3,82.7,127.0,5957.7
PS,50,0.0,local,2050,P_mix,Asia-Pacific,1.955,0.4285796524123475,316.96105350761184,76.9509148127534,5.865621185216214,399.77758950558143,162.1112462767712,0.155,294.7,1376.4,101.9,5161.2
PS,500,1.0,global,2050,P_mix,Asia-Pacific,1.603,0.14770840079202308,239.73671751977452,68.60194604355797,4.808781156488594,313.14744471982107,149.5618388848649,0.215,194.4,869.0,92.0,7918.8
PT,50,0.0,local,2050,P_mix,Europe,1.759,0.4189102498659285,102.64070491996132,50.16670310015017,5.277839530143016,158.0852475502545,58.34245490058309,0.553,86.1,452.7,115.2,5860.6
PT,500,1.0,global,2050,P_mix,Europe,1.705,0.16974072788535674,97.58097328853619,38.39422641890668,5.114613651850061,141.08981335929292,57.236565612285716,0.397,82.6,451.7,82.3,3772.6
PY,50,0.0,local,2050,P_mix,Latin America,1.618,0.35321717306821987,92.5210082952487,58.54847582339484,4.854613652157029,155.92409777080056,57.17510079559413,0.436,98.5,514.8,92.4,8643.2
PY,500,1.0,global,2050,P_mix,Latin America,1.565,0.1650226603596592,87.97508033564132,42.63561782570795,4.695309266248111,135.3060074275974,56.21040618221485,0.515,77.7,295.4,96.9,5590.0
RO,50,0.0,local,2050,P_mix,Europe,1.858,0.35313348876818296,90.18084227912951,69.23042622687832,5.574386960917575,164.9856554669254,48.53314431419654,0.77,47.0,173.3,137.3,13019.2
RO,500,1.0,global,2050,P_mix,Europe,1.791,0.14775203157874306,86.94380707900487,50.400756998713014,5.371756295625631,142.7163203733435,48.55607866079412,0.653,49.9,200.1,108.3,8431.0
RU,50,0.0,local,2050,P_mix,Europe,1.736,0.34981933772658014,82.15754710448714,105.2581803301732,5.20916707335457,192.6248945080149,47.31517300994131,0.894,24.3,78.1,167.9,23322.5
RU,500,1.0,global,2050,P_mix,Europe,1.736,0.15313374934208687,82.40987930799535,81.03442464618009,5.20723816971652,168.651542123892,47.478073763129764,0.793,37.9,119.7,138.2,16939.4
RW,50,0.0,local,2050,P_mix,Africa/MENA,1.474,0.3830656041603418,213.32635923800544,72.03228262352542,4.423147404160309,289.78178926569115,144.68861632602685,0.156,180.0,967.3,47.5,10203.4
RW,500,1.0,global,2050,P_mix,Africa/MENA,1.297,0.14280224259137234,177.58726972470748,61.066429996827765,3.8903757176748,242.54407543921005,136.94353652107938,0.241,117.1,576.6,58.0,10089.4
SA,50,0.0,local,2050,P_mix,Asia-Pacific,1.599,0.3011635533059797,55.11223760945241,57.98458615285748,4.79719538775625,117.89401915006616,34.46528637343826,0.624,63.1,267.9,116.7,9679.2
SA,500,1.0,global,2050,P_mix,Asia-Pacific,1.454,0.13790574114809695,50.08765924921752,43.01369083630183,4.360690288005304,97.46204037352466,34.45853014624115,0.59,55.2,211.4,94.7,6658.6
SE,50,0.0,local,2050,P_mix,Europe,2.37,0.36629003252441117,130.5556559631929,136.10582487585822,7.110590789095815,273.77207162814693,55.08219773949081,0.899,25.8,93.1,166.0,32326.9
SE,500,1.0,global,2050,P_mix,Europe,1.988,0.1622052689962026,110.17512823668713,97.16192720696625,5.964663317583314,213.3017187612367,55.41392147578558,0.811,33.4,174.6,124.2,21904.8
SK,50,0.0,local,2050,P_mix,Europe,2.718,0.4204653867369929,197.44147331640215,196.18647006504295,8.154072495197376,401.7820158766425,72.64154449179544,0.723,59.0,322.5,223.2,45650.7
SK,500,1.0,global,2050,P_mix,Europe,2.235,0.1620589450659372,159.95707935788892,148.75719903416922,6.7048727654954705,315.4191511575536,71.5705211504047,0.743,37.1,189.1,139.1,36303.0
SN,50,0.0,local,2050,P_mix,Africa/MENA,2.094,0.29737747738297876,97.77363708632005,44.43052079396182,6.281560089300746,148.4857179695826,46.69555127850596,0.33,121.5,622.5,74.1,4185.2
SN,500,1.0,global,2050,P_mix,Africa/MENA,1.883,0.14058231816473038,87.00910858439879,36.61358738232707,5.647887129411128,129.270583096137,46.21680989230595,0.299,107.5,543.0,59.2,3223.5
SR,50,0.0,local,2050,P_mix,Latin America,1.631,0.30409529532062624,208.38812757141187,72.07644593584534,4.892034196084556,285.35660770334175,127.79231658163704,0.295,123.2,630.1,81.4,11931.8
SR,500,1.0,global,2050,P_mix,Latin America,1.512,0.1568692212459196,192.25691219354047,65.40488959920881,4.536391317338902,262.19819311008814,127.14307391782904,0.277,112.6,551.2,65.2,11308.4
SV,50,0.0,local,2050,P_mix,North America,1.572,0.4705873011921334,87.43307607508993,57.74817864634485,4.715752566505246,149.89700728794003,55.6219234419363,0.058,252.3,1320.4,34.2,3159.0
SV,500,1.0,global,2050,P_mix,North America,1.384,0.15934612252899552,74.21685576347184,41.765999127891355,4.152043419047057,120.13489831041024,53.62433501273841,0.092,181.1,898.6,36.3,2235.3
TH,50,0.0,local,2050,P_mix,Asia-Pacific,1.86,0.38003570416627325,89.88408549252907,51.5187410366863,5.581007624938282,146.98383415415367,48.3160523330354,0.187,164.9,896.1,45.7,4939.9
TH,500,1.0,global,2050,P_mix,Asia-Pacific,1.471,0.1459736388134307,69.69337195690093,43.969732740300365,4.4142672701438475,118.07737196734513,47.36462544640842,0.313,95.6,500.0,63.1,5678.5
TN,50,0.0,local,2050,P_mix,Africa/MENA,1.714,0.31982984367793965,55.37501570454517,52.447610245782315,5.140835676210843,112.96346162653833,32.3147942429622,0.76,50.1,176.8,137.7,8014.7
TN,500,1.0,global,2050,P_mix,Africa/MENA,1.703,0.14032666893125642,55.596735364571316,35.7111549361037,5.109428020283848,96.41731832095887,32.64361596475638,0.704,41.3,160.6,116.8,4162.8
TR,50,0.0,local,2050,P_mix,Asia-Pacific,2.783,0.3865480044580101,121.47170748472148,87.99814436650517,8.349525526777638,217.81937737800425,43.6450096817424,0.473,108.7,570.4,97.2,16577.4
TR,500,1.0,global,2050,P_mix,Asia-Pacific,2.417,0.15340357943405394,104.59464581569192,53.914953842592524,7.250585285124291,165.76018494340872,43.27704938397915,0.391,96.3,472.2,71.0,8465.8
TW,50,0.0,local,2050,P_mix,Asia-Pacific,1.283,0.5024779004982259,237.0790563215134,85.95393821126665,3.849509067008312,326.8825035997884,184.76048674884285,0.184,226.3,1271.7,87.7,9965.8
TW,500,1.0,global,2050,P_mix,Asia-Pacific,1.328,0.13617121718390438,193.80108003294416,64.97857701803204,3.9849092412096496,262.76456629218586,145.9012501680824,0.147,205.9,970.6,42.0,8001.4
UA,50,0.0,local,2050,P_mix,Europe,1.763,0.382636070258875,87.95487119227909,74.85302665223686,5.289434731849765,168.09733257636572,49.885219679147376,0.626,75.0,354.4,117.2,13853.1
UA,500,1.0,global,2050,P_mix,Europe,1.426,0.15071768974091698,70.8586749326095,64.16546028908652,4.277946287007828,139.30208150870388,49.69113928415242,0.655,60.6,239.0,109.1,12032.1
UG,50,0.0,local,2050,P_mix,Africa/MENA,1.41,0.3916968899376549,148.3251474083292,58.52762783499438,4.231446387523792,211.08422163084737,105.15918233939408,0.209,150.1,836.1,58.5,7094.1
UG,500,1.0,global,2050,P_mix,Africa/MENA,1.239,0.14151023885310596,119.83081436536617,47.224001713507114,3.7157513580610093,170.77056743693427,96.74825047596575,0.315,103.5,482.1,68.8,6427.5
US,50,0.0,local,2050,P_mix,North America,1.595,0.21272625924671024,59.87002313780388,25.990727848523793,4.785103470496842,90.64585445682451,37.53525300358093,0.396,49.9,229.4,70.6,2567.9
US,500,1.0,global,2050,P_mix,North America,1.369,0.09161874705988982,51.41196462712203,23.608900804094937,4.106254895494205,79.12712032671116,37.56120791493232,0.495,35.0,148.0,66.6,2785.7
UY,50,0.0,local,2050,P_mix,Latin America,1.675,0.3126742385934118,67.56912339435708,55.12064998030326,5.023561941232812,127.71333531589316,40.3513229366743,0.552,70.2,319.2,112.2,8569.8
UY,500,1.0,global,2050,P_mix,Latin America,1.594,0.15593198904163583,64.26837586723533,46.394349891376976,4.781563532948479,115.44428929156079,40.32261126996171,0.49,65.9,299.6,102.5,6586.5
UZ,50,0.0,local,2050,P_mix,Asia-Pacific,2.883,0.4148373935722926,184.68213344655237,85.96037269546585,8.64886916293005,279.2913753049483,64.05998170423953,0.203,232.0,1157.9,82.7,10890.1
UZ,500,1.0,global,2050,P_mix,Asia-Pacific,2.273,0.16379149313142533,142.45574939909181,61.279261230967776,6.818940346174372,210.55395097623395,62.673557253957135,0.285,127.8,648.1,70.7,9010.2
VN,50,0.0,local,2050,P_mix,Asia-Pacific,2.291,0.36965969246107017,111.03701153339233,52.82494334234862,6.87216501377173,170.73411988951267,48.47250232388603,0.29,144.7,785.1,78.7,5038.3
VN,500,1.0,global,2050,P_mix,Asia-Pacific,1.996,0.1402128885858365,94.94411069828223,43.233018480006905,5.988817040232591,144.16594621852173,47.56070024870647,0.249,116.5,684.2,60.7,4004.0
ZA,50,0.0,local,2050,P_mix,Africa/MENA,1.669,0.2516974772137681,74.69089749488751,39.85226535922643,5.0056318560424655,119.54879471015639,44.7641174838251,0.535,60.5,222.8,114.5,4795.5
ZA,500,1.0,global,2050,P_mix,Africa/MENA,1.432,0.11011525052320956,63.25528452881784,33.35714811205016,4.295609874908782,100.90804251577678,44.17669646745636,0.452,58.1,218.9,86.4,4067.5
ZM,50,0.0,local,2050,P_mix,Africa/MENA,1.67,0.3539549919172086,70.92657402144167,55.0955802918742,5.0095284711569805,131.03168278447282,42.475000050290596,0.381,103.9,509.2,83.3,7963.7
ZM,500,1.0,global,2050,P_mix,Africa/MENA,1.514,0.1366873508596431,63.18631697061175,43.36355928260098,4.542052357433082,111.09192861064581,41.73420647642279,0.402,78.0,379.0,85.9,5655.9
