country,tau_ms,phi,tier,year,perturbation,region,ob_star,uncovered_share,lcoe_gen,lcoe_store,lcoe_anc,lcoe_elec,lcoe_gen_floor,ldes_energy_share,P_li,E_li,P_ld,E_ld
AE,50,1.0,t50p100,2025,P_mix,Asia-Pacific,1.927,0.3303548527816178,159.70571612367127,63.28757615501411,5.780334897755169,228.77362717644053,82.88743763913779,0.37,110.3,495.4,66.8,2312.1
AE,100,1.0,t100p100,2025,P_mix,Asia-Pacific,1.764,0.21463371481716137,145.72406881531458,62.5943868146113,5.292869465743524,213.6113250956694,82.59644589298995,0.471,70.7,366.2,90.0,2694.6
AE,150,1.0,t150p100,2025,P_mix,Asia-Pacific,1.655,0.18674634389596168,136.31166154157106,62.82593869046838,4.965513283152752,204.10311351519218,82.3550278300873,0.453,64.6,363.3,80.4,2871.9
AE,200,1.0,t200p100,2025,P_mix,Asia-Pacific,1.677,0.18236261002740708,138.1135017762948,56.601986388230536,5.029886705733298,199.74537487025864,82.37571332503369,0.437,66.9,372.4,79.2,2267.5
AE,300,1.0,t300p100,2025,P_mix,Asia-Pacific,1.68,0.12307425761577748,137.737279158247,44.500343815420756,5.041008493082929,187.27863146675068,81.97007365524847,0.514,60.9,230.5,66.1,1981.3
AE,500,1.0,t500p100,2025,P_mix,Asia-Pacific,1.68,0.12307425761577748,137.737279158247,44.500343815420756,5.041008493082929,187.27863146675068,81.97007365524847,0.514,60.9,230.5,66.1,1981.3
AF,50,1.0,t50p100,2025,P_mix,Asia-Pacific,1.72,0.3306886869534125,183.44299698527402,80.31197238223986,5.159630451418774,268.91459981893263,106.66054403266324,0.214,149.9,748.9,51.3,2774.3
AF,100,1.0,t100p100,2025,P_mix,Asia-Pacific,1.684,0.21784636276822972,177.99756839125467,70.00352149632353,5.051280635406137,253.05237052298432,105.71432151894875,0.166,153.4,792.5,39.6,1765.5
AF,150,1.0,t150p100,2025,P_mix,Asia-Pacific,1.634,0.18874229614958168,171.29325964971648,69.89893139753705,4.903297571000943,246.09548861825448,104.80289468628919,0.132,157.3,781.1,33.9,1862.9
AF,200,1.0,t200p100,2025,P_mix,Asia-Pacific,1.642,0.18903040222336376,172.16807252920373,69.71924627739898,4.92703845844154,246.81435726504426,104.83056341942692,0.12,161.1,807.3,32.1,1735.8
AF,300,1.0,t300p100,2025,P_mix,Asia-Pacific,1.441,0.13561786273230378,149.74916105270768,67.23714134069102,4.321934949735746,221.30823734313446,103.94591505492029,0.283,107.6,473.7,64.2,2815.2
AF,500,1.0,t500p100,2025,P_mix,Asia-Pacific,1.441,0.13561786273230378,149.74916105270768,67.23714134069102,4.321934949735746,221.30823734313446,103.94591505492029,0.283,107.6,473.7,64.2,2815.2
AR,50,1.0,t50p100,2025,P_mix,Latin America,1.774,0.26772102643208007,78.67487865701737,75.39156918447038,5.320786786435072,159.38723462792285,44.358972731772674,0.861,23.7,70.8,144.7,4694.8
AR,100,1.0,t100p100,2025,P_mix,Latin America,1.669,0.192725639197092,73.99471542038371,69.50259420923315,5.006142374897662,148.50345200451454,44.342355777623446,0.767,35.1,124.8,133.1,4012.3
AR,150,1.0,t150p100,2025,P_mix,Latin America,1.657,0.18749663771840433,73.50587882880482,66.19098779579797,4.970917458603616,144.66778408320644,44.361556658870384,0.801,31.6,102.3,131.5,3842.7
AR,200,1.0,t200p100,2025,P_mix,Latin America,1.869,0.13399736163781595,83.971227349007,58.78587005409825,5.607355890715676,148.3644532938209,44.925574006123256,0.738,34.3,111.0,120.5,3251.8
AR,300,1.0,t300p100,2025,P_mix,Latin America,1.838,0.13213401278289796,82.67886381235647,55.876345659192104,5.5148608752216415,144.07007034677022,44.97603784557816,0.768,27.9,96.1,123.4,3040.8
AR,500,1.0,t500p100,2025,P_mix,Latin America,1.825,0.13207835537287702,82.09901503586306,56.18247238202974,5.475486885401103,143.7569743032939,44.98176148759864,0.743,32.7,107.2,119.9,3044.9
AT,50,1.0,t50p100,2025,P_mix,Europe,2.952,0.32503286462567155,232.22623859995704,136.7425479039463,8.855348274481875,377.8241347783852,78.67321467270389,1.0,-0.0,-0.0,343.2,8251.6
AT,100,1.0,t100p100,2025,P_mix,Europe,2.505,0.1996484459521665,196.69814390261033,99.3415733652286,7.513588328104756,303.5533055959437,78.53696608590705,0.959,5.1,18.1,250.8,5875.2
AT,150,1.0,t150p100,2025,P_mix,Europe,2.525,0.19913280041223075,198.324150733763,100.65086417329174,7.57598035889861,306.55099526595336,78.53405421021775,0.955,5.6,20.7,251.3,5974.7
AT,200,1.0,t200p100,2025,P_mix,Europe,2.529,0.1572334443380358,200.92894764483611,96.03620149766579,7.5869246529262275,304.55207379542816,79.45074855884022,0.946,6.2,20.0,234.4,5763.5
AT,300,1.0,t300p100,2025,P_mix,Europe,2.382,0.1551341939853171,189.3296482027084,89.16836942484166,7.144979197642433,285.6429968251925,79.49483530974298,0.96,4.9,13.5,218.8,5362.6
AT,500,1.0,t500p100,2025,P_mix,Europe,2.382,0.1551341939853171,189.3296482027084,89.16836942484166,7.144979197642433,285.6429968251925,79.49483530974298,0.96,4.9,13.5,218.8,5362.6
AU,50,1.0,t50p100,2025,P_mix,Asia-Pacific,2.06,0.24301394083629319,120.95574986789529,45.692760880039394,6.179053092501171,172.82756384043586,58.72538140901512,0.487,64.9,253.4,74.5,1866.8
AU,100,1.0,t100p100,2025,P_mix,Asia-Pacific,1.95,0.17036547594749935,114.57887522555487,45.40215822900359,5.8507105556998775,165.83174401025832,58.75126147571757,0.493,64.6,248.4,77.5,1825.7
AU,150,1.0,t150p100,2025,P_mix,Asia-Pacific,1.909,0.14608318532434247,112.56380097192175,42.09859394782523,5.727386961886653,160.3897818816336,58.960814969018,0.35,79.4,313.4,62.2,1364.5
AU,200,1.0,t200p100,2025,P_mix,Asia-Pacific,1.876,0.12344960556388385,111.6275168023437,42.19695484891365,5.62669641802777,159.4511680692851,59.5167262506072,0.326,78.5,303.1,39.5,1706.7
AU,300,1.0,t300p100,2025,P_mix,Asia-Pacific,1.794,0.10618427893882401,107.6471559635276,31.113623263083895,5.381517718084992,144.14229694469648,60.0093662806895,0.371,68.0,235.2,43.5,986.3
AU,500,1.0,t500p100,2025,P_mix,Asia-Pacific,1.794,0.10618427893882401,107.6471559635276,31.113623263083895,5.381517718084992,144.14229694469648,60.0093662806895,0.371,68.0,235.2,43.5,986.3
BD,50,1.0,t50p100,2025,P_mix,Asia-Pacific,2.17,0.37004531615512554,219.73407052329134,98.88171475755372,6.511032854165695,325.12681813501075,101.2438773286364,0.074,238.0,1339.2,31.6,1727.6
BD,100,1.0,t100p100,2025,P_mix,Asia-Pacific,2.041,0.2619600754750621,206.05134502731707,84.42006395885885,6.123994846800973,296.59540383297684,100.93967263947961,0.133,198.9,1061.1,51.6,1552.9
BD,150,1.0,t150p100,2025,P_mix,Asia-Pacific,1.955,0.211816973423587,196.96245801204947,84.55216790948614,5.864350382674324,287.3789763042099,100.75922062601668,0.116,184.8,1036.6,38.2,1898.3
BD,200,1.0,t200p100,2025,P_mix,Asia-Pacific,2.026,0.172999884924051,203.53069514885064,76.97036684005458,6.079493747543541,286.5805557364488,100.4346925586139,0.175,176.1,842.4,77.1,1621.4
BD,300,1.0,t300p100,2025,P_mix,Asia-Pacific,1.7,0.14635351381340894,170.36901225518264,72.3733061885918,5.099451199777316,247.84176964355174,100.22785133974149,0.157,149.8,806.7,35.3,1986.8
BD,500,1.0,t500p100,2025,P_mix,Asia-Pacific,1.679,0.14613736771661642,168.2855088385121,68.31102188983536,5.0374589741461495,241.63398970249364,100.22047407365912,0.169,145.3,765.3,35.8,1811.8
BE,50,1.0,t50p100,2025,P_mix,Europe,3.294,0.2392762094147944,171.28631088959477,57.79557504893751,9.881424320679148,238.96331025921143,52.00251664058235,0.677,51.1,156.9,106.7,3061.1
BE,100,1.0,t100p100,2025,P_mix,Europe,3.186,0.15254667785955564,164.04192716594102,48.741205612242375,9.557113211036656,222.34024598922002,51.49314135250585,0.562,60.2,225.6,102.7,1936.8
BE,150,1.0,t150p100,2025,P_mix,Europe,3.083,0.12415358078207098,163.73723175592903,49.14025475854781,9.25043608745244,222.12792260192933,53.10146360927458,0.6,51.8,174.3,85.5,2451.9
BE,200,1.0,t200p100,2025,P_mix,Europe,2.98,0.12108099212075255,159.31087732564959,49.453617796451205,8.94102602639381,217.7055211484946,53.45389114919094,0.676,44.0,124.1,90.7,2671.3
BE,300,1.0,t300p100,2025,P_mix,Europe,2.955,0.12008870360916667,158.25075835280254,49.72030789782324,8.865901442145974,216.83696769277174,53.548111058573205,0.709,38.8,108.3,92.1,2769.5
BE,500,1.0,t500p100,2025,P_mix,Europe,2.955,0.12008870360916664,158.25075835280254,49.72030789782324,8.865901442145974,216.83696769277174,53.548111058573205,0.709,38.8,108.3,92.1,2769.5
BF,50,1.0,t50p100,2025,P_mix,Africa/MENA,2.062,0.3464687030066489,200.00030289948265,80.12170169765469,6.185345218179446,286.3073498153168,97.0036251064818,0.261,168.2,767.2,112.5,1836.7
BF,100,1.0,t100p100,2025,P_mix,Africa/MENA,1.963,0.24686211797494226,189.11998123221824,81.38789250299659,5.888351011164077,276.3962247463789,96.35294204115279,0.089,232.9,1140.0,41.0,919.1
BF,150,1.0,t150p100,2025,P_mix,Africa/MENA,1.848,0.20294762749008965,177.34694300847124,63.84555243896923,5.544967450891553,246.73746289833204,95.95021679340422,0.259,155.4,597.2,87.0,1475.6
BF,200,1.0,t200p100,2025,P_mix,Africa/MENA,1.95,0.15579348908148213,184.71164362485302,68.43871167162825,5.849039628338137,258.9993949248194,94.73947281701076,0.232,170.2,665.3,85.4,1553.0
BF,300,1.0,t300p100,2025,P_mix,Africa/MENA,1.998,0.14625025346827653,189.0224161097444,73.47548562942791,5.993062874554753,268.49096461372704,94.62060722521014,0.26,156.5,606.5,111.6,2006.0
BF,500,1.0,t500p100,2025,P_mix,Africa/MENA,1.998,0.14625025346827653,189.0224161097444,73.47548562942791,5.993062874554753,268.49096461372704,94.62060722521014,0.26,156.5,606.5,111.6,2006.0
BG,50,1.0,t50p100,2025,P_mix,Europe,1.961,0.3238179964540611,152.31056436922015,83.47036353265848,5.882054015849305,241.66298191772796,77.68233543528322,0.828,29.6,107.7,127.4,5462.3
BG,100,1.0,t100p100,2025,P_mix,Europe,1.809,0.19851786916021724,140.75855289347072,84.97293747744794,5.427477078717495,231.15896744963615,77.8033057636045,0.77,34.8,130.3,127.4,5478.5
BG,150,1.0,t150p100,2025,P_mix,Europe,1.761,0.19699682819228256,137.04294096789377,85.96183684047654,5.283365968267386,228.2881437766377,77.81570032683271,0.784,31.8,125.6,130.0,5570.6
BG,200,1.0,t200p100,2025,P_mix,Europe,1.754,0.1403222611539104,137.4898370172897,77.0733623392477,5.262747098196496,219.8259464547339,78.37532439915634,0.778,26.4,98.1,110.7,5140.8
BG,300,1.0,t300p100,2025,P_mix,Europe,1.794,0.13376251087233973,140.77007892941012,61.15607088040207,5.381114501207629,207.30726431101982,78.48006889529215,0.822,22.6,66.7,104.4,3915.6
BG,500,1.0,t500p100,2025,P_mix,Europe,1.794,0.13376251087233973,140.77007892941012,61.15607088040207,5.381114501207629,207.30726431101982,78.48006889529215,0.822,22.6,66.7,104.4,3915.6
BH,50,1.0,t50p100,2025,P_mix,Asia-Pacific,2.389,0.3565678083402503,182.89345966939115,102.89557581166878,7.16846571054869,292.9575011916086,76.54083888561624,0.251,166.8,805.8,61.5,4395.1
BH,100,1.0,t100p100,2025,P_mix,Asia-Pacific,2.203,0.23782759935704967,168.60783766452462,89.69510204598113,6.609046413183456,264.9119861236892,76.53502205470615,0.249,131.2,748.9,61.8,3577.4
BH,150,1.0,t150p100,2025,P_mix,Asia-Pacific,2.116,0.20250490643754362,161.89875221227481,81.17172557813758,6.346598512179099,249.41707630259148,76.52859334094849,0.319,107.5,592.9,68.0,3511.5
BH,200,1.0,t200p100,2025,P_mix,Asia-Pacific,2.147,0.20249467192755102,164.32966823800336,79.92756967548534,6.441883099011886,250.69912101250057,76.52871018252843,0.319,107.8,592.8,69.9,3372.2
BH,300,1.0,t300p100,2025,P_mix,Asia-Pacific,2.072,0.13767516766080018,158.50960119287805,54.071646590100556,6.215397395628541,218.79664517860712,76.5081897921902,0.314,99.8,506.0,62.9,1509.7
BH,500,1.0,t500p100,2025,P_mix,Asia-Pacific,2.072,0.13767516766080018,158.50960119287805,54.071646590100556,6.215397395628541,218.79664517860712,76.5081897921902,0.314,99.8,506.0,62.9,1509.7
BI,50,1.0,t50p100,2025,P_mix,Africa/MENA,1.516,0.3856460581753022,260.41482848471776,113.46285731646473,4.548656124051379,378.4263419252339,171.752813171183,0.179,204.1,919.0,60.5,4722.6
BI,100,1.0,t100p100,2025,P_mix,Africa/MENA,1.45,0.2549512087623152,243.1243432138948,106.56029201145333,4.3505660152806644,354.0352012406288,167.65014645907664,0.212,166.3,774.1,66.6,4811.8
BI,150,1.0,t150p100,2025,P_mix,Africa/MENA,1.484,0.22549621526214594,245.3586603713154,98.78367649877988,4.451182020979816,348.5935188910752,165.3664077641826,0.184,193.4,855.8,62.0,3683.1
BI,200,1.0,t200p100,2025,P_mix,Africa/MENA,1.553,0.17313939198944642,251.56652103958507,80.4526415922473,4.659970702035994,336.6791333338684,161.9537141701382,0.153,172.3,773.3,52.6,2572.3
BI,300,1.0,t300p100,2025,P_mix,Africa/MENA,1.493,0.12490429915563286,234.96108052660895,80.74492849145831,4.477958887495616,320.1839679055629,157.41172692499794,0.218,135.6,599.9,52.9,3518.3
BI,500,1.0,t500p100,2025,P_mix,Africa/MENA,1.493,0.12490429915563286,234.96108052660895,80.74492849145831,4.477958887495616,320.1839679055629,157.41172692499794,0.218,135.6,599.9,52.9,3518.3
BO,50,1.0,t50p100,2025,P_mix,Latin America,2.153,0.37828645526423654,212.72103883535758,90.501969478017,6.459545390796851,309.6825537041714,98.79381255146643,0.05,262.8,1399.1,25.5,668.2
BO,100,1.0,t100p100,2025,P_mix,Latin America,2.0,0.24772977844426727,195.70642601013682,77.23690318645049,6.001359747694109,278.94468894428144,97.83104208275445,0.059,215.6,1164.0,24.8,701.6
BO,150,1.0,t150p100,2025,P_mix,Latin America,1.935,0.23876808594558077,188.88360149493417,85.6519397780078,5.804867031990516,280.3404083049325,97.61650031981794,0.085,207.6,1079.7,30.2,1815.1
BO,200,1.0,t200p100,2025,P_mix,Latin America,1.998,0.20794147872649696,195.00823120282726,73.40312846022044,5.994856550045036,274.40621621309276,97.58777190491524,0.053,216.0,1141.6,24.2,456.2
BO,300,1.0,t300p100,2025,P_mix,Latin America,1.957,0.13925154749110114,187.0362893734392,69.99452722082663,5.870910242959767,262.90172683722557,95.5744245610268,0.094,200.4,949.9,31.6,972.6
BO,500,1.0,t500p100,2025,P_mix,Latin America,1.963,0.13926518617560574,187.56514083863348,69.5249988437225,5.887510017937127,262.9776497002931,95.5744314322303,0.102,196.3,927.1,34.0,1018.1
BR,50,1.0,t50p100,2025,P_mix,Latin America,2.341,0.2048572640861751,114.41563306389577,36.17319043738805,7.023970652262838,157.61279415354664,48.86792900837477,0.506,45.1,178.0,61.7,1569.5
BR,100,1.0,t100p100,2025,P_mix,Latin America,2.341,0.2048572640861751,114.41563306389577,36.17319043738805,7.023970652262838,157.61279415354664,48.86792900837477,0.506,45.1,178.0,61.7,1569.5
BR,150,1.0,t150p100,2025,P_mix,Latin America,2.15,0.11967586377194633,104.65968404834871,34.12367582295589,6.449583813648589,145.2329436849532,48.68206402413214,0.479,45.6,171.9,57.2,1463.5
BR,200,1.0,t200p100,2025,P_mix,Latin America,2.078,0.10231348381523414,102.11940429295639,28.205053627002957,6.234396677378565,136.55885459733793,49.13999360844124,0.555,39.4,127.5,57.1,1145.4
BR,300,1.0,t300p100,2025,P_mix,Latin America,2.016,0.09969569582244903,99.70420383601964,27.691016298240466,6.047758803912367,133.44297893817247,49.45842273249392,0.471,43.4,151.6,47.9,1089.5
BR,500,1.0,t500p100,2025,P_mix,Latin America,2.016,0.09969569582244903,99.70420383601964,27.691016298240466,6.047758803912367,133.44297893817247,49.45842273249392,0.471,43.4,151.6,47.9,1089.5
BY,50,1.0,t50p100,2025,P_mix,Europe,2.266,0.3265719294954285,209.3839943613539,174.29696181872853,6.798398632189279,390.4793548122717,92.39705069806692,0.89,21.5,63.3,166.2,13539.6
BY,100,1.0,t100p100,2025,P_mix,Europe,1.959,0.18824992988043715,181.63489667913424,151.61332901132525,5.877732781996454,339.125958472456,92.70661158779627,0.891,22.0,57.0,171.7,11416.8
BY,150,1.0,t150p100,2025,P_mix,Europe,1.96,0.18911924068790525,181.69123413778402,152.29835025947014,5.880548039325109,339.8701324365793,92.69097008786758,0.894,21.3,56.0,172.0,11482.3
BY,200,1.0,t200p100,2025,P_mix,Europe,2.184,0.1484609556110366,205.09620511252305,148.61375308503762,6.551850206029915,360.2618084035906,93.91066584081786,0.881,18.6,52.7,151.1,11431.3
BY,300,1.0,t300p100,2025,P_mix,Europe,2.134,0.14592836240758641,200.79393498792626,137.62353780349275,6.402311819088048,344.81978461050704,94.08817033369401,0.867,19.6,57.5,138.5,10555.7
BY,500,1.0,t500p100,2025,P_mix,Europe,2.134,0.14592836240758641,200.79393498792626,137.62353780349275,6.402311819088048,344.81978461050704,94.08817033369401,0.867,19.6,57.5,138.5,10555.7
CA,50,1.0,t50p100,2025,P_mix,North America,1.889,0.2032881241507928,124.05663646989284,35.99620437438395,5.667689495586695,165.72053033986347,65.66519032129047,0.692,27.4,95.1,93.2,1601.2
CA,100,1.0,t100p100,2025,P_mix,North America,1.78,0.12650039862615906,117.38972752779577,33.99535729491308,5.340679332234467,156.7257641549433,65.9408964057846,0.673,29.1,94.1,83.8,1533.5
CA,150,1.0,t150p100,2025,P_mix,North America,1.765,0.12576005596741444,116.38364958254033,33.60731052339965,5.294668948372345,155.28562905431232,65.94386771904888,0.668,31.2,94.1,82.7,1502.7
CA,200,1.0,t200p100,2025,P_mix,North America,1.741,0.11092274197949757,116.08020499982432,35.12822517715351,5.224386778752742,156.43281695573054,66.65674456105477,0.61,32.7,105.6,82.9,1583.0
CA,300,1.0,t300p100,2025,P_mix,North America,1.628,0.09768843104420115,109.3090095458958,30.461249042124475,4.8854804279010455,144.65573901592134,67.12278013947045,0.651,28.9,82.1,74.9,1374.8
CA,500,1.0,t500p100,2025,P_mix,North America,1.628,0.09768843104420115,109.3090095458958,30.461249042124475,4.8854804279010455,144.65573901592134,67.12278013947045,0.651,28.9,82.1,74.9,1374.8
CH,50,1.0,t50p100,2025,P_mix,Europe,2.781,0.4008103081549989,364.87630253837267,150.05727752654442,8.344497055220648,523.2780771201377,131.1797344251298,0.312,193.9,789.6,136.9,7744.1
CH,100,1.0,t100p100,2025,P_mix,Europe,2.278,0.2516937383006845,297.7696078950522,116.9880651207328,6.83379460856687,421.5914676243519,130.71929650406892,0.396,116.1,515.0,133.0,6299.0
CH,150,1.0,t150p100,2025,P_mix,Europe,2.447,0.1749783703595124,318.1819480664859,116.25304729299381,7.342154154813806,441.77714951429357,130.00896250232276,0.353,125.0,545.5,134.5,6040.3
CH,200,1.0,t200p100,2025,P_mix,Europe,2.318,0.15619630908376034,300.82717251072097,126.65195994054737,6.954733262265185,434.43386571353363,129.7650799102286,0.326,144.6,530.7,74.4,7734.5
CH,300,1.0,t300p100,2025,P_mix,Europe,2.308,0.15636888770299393,299.4962782342774,122.31811555580902,6.923702099056579,428.7380958891429,129.77000192213112,0.328,142.9,515.9,78.6,7358.0
CH,500,1.0,t500p100,2025,P_mix,Europe,2.308,0.15636888770299393,299.4962782342774,122.31811555580902,6.923702099056579,428.7380958891429,129.77000192213112,0.328,142.9,515.9,78.6,7358.0
CL,50,1.0,t50p100,2025,P_mix,Latin America,2.114,0.30438166197899624,114.20606211961233,90.75813671363407,6.341626054861343,211.30582488810774,54.02686683113301,0.708,55.6,221.1,117.0,5649.2
CL,100,1.0,t100p100,2025,P_mix,Latin America,2.114,0.30438166197899624,114.20606211961233,90.75813671363407,6.341626054861343,211.30582488810774,54.02686683113301,0.708,55.6,221.1,117.0,5649.2
CL,150,1.0,t150p100,2025,P_mix,Latin America,1.712,0.1967109405759761,92.41193502502017,77.72167337183762,5.135369856878721,175.26897825373655,53.98555757453557,0.633,72.0,252.9,108.4,4354.5
CL,200,1.0,t200p100,2025,P_mix,Latin America,1.996,0.15189620197362186,108.3444118637042,86.3614899210959,5.987593399694961,200.69349518449505,54.284453518114944,0.569,60.2,279.5,103.3,5138.5
CL,300,1.0,t300p100,2025,P_mix,Latin America,1.868,0.14186130009386172,101.5269036859921,74.40542070932207,5.603770929354192,181.53609532466837,54.35281257884642,0.593,54.6,230.1,96.8,4366.6
CL,500,1.0,t500p100,2025,P_mix,Latin America,1.868,0.14186130009386172,101.5269036859921,74.40542070932207,5.603770929354192,181.53609532466837,54.35281257884642,0.593,54.6,230.1,96.8,4366.6
CN,50,1.0,t50p100,2025,P_mix,Asia-Pacific,1.676,0.1528429622483963,96.74956531410656,21.330304367639066,5.028453382571088,123.1083230643167,57.721266134899125,0.883,5.9,16.5,61.6,1089.2
CN,100,1.0,t100p100,2025,P_mix,Asia-Pacific,1.546,0.09941413186334068,88.21609973484813,28.17423706480267,4.638778763962132,121.02911556361295,57.051287131982015,0.816,10.0,32.3,61.2,1635.4
CN,150,1.0,t150p100,2025,P_mix,Asia-Pacific,1.461,0.0792416765761534,84.25392006267424,25.747336207829115,4.381763284915263,114.38301955541861,57.68494182654383,0.953,2.4,5.7,59.6,1581.5
CN,200,1.0,t200p100,2025,P_mix,Asia-Pacific,1.524,0.07636293238510984,88.38616426710475,20.379092917183176,4.57061892144155,113.33587610572947,58.01369516006039,0.972,1.3,3.1,55.2,1160.4
CN,300,1.0,t300p100,2025,P_mix,Asia-Pacific,1.525,0.0751304155176177,88.6847214677736,18.667870921684617,4.575830307538083,111.9284226969963,58.14336339462397,0.908,4.3,10.6,55.2,957.7
CN,500,1.0,t500p100,2025,P_mix,Asia-Pacific,1.525,0.0751304155176177,88.6847214677736,18.667870921684617,4.575830307538083,111.9284226969963,58.14336339462397,0.908,4.3,10.6,55.2,957.7
CO,50,1.0,t50p100,2025,P_mix,Latin America,1.451,0.39936833745914996,155.37898195038284,102.04339036806955,4.35207706724101,261.7744493856934,107.10677652283762,0.259,165.6,770.3,84.3,4196.2
CO,100,1.0,t100p100,2025,P_mix,Latin America,1.451,0.39936833745914996,155.37898195038284,102.04339036806955,4.35207706724101,261.7744493856934,107.10677652283762,0.259,165.6,770.3,84.3,4196.2
CO,150,1.0,t150p100,2025,P_mix,Latin America,1.417,0.2344024850156502,148.43422310591367,77.37982642460373,4.25198580025222,230.0660353307696,104.72816472983685,0.262,140.2,616.3,80.1,2777.5
CO,200,1.0,t200p100,2025,P_mix,Latin America,1.396,0.22463968436224926,146.31339741261945,72.17019790701,4.187557507173045,222.6711528268025,104.82009894454698,0.281,133.5,565.4,80.6,2548.9
CO,300,1.0,t300p100,2025,P_mix,Latin America,1.469,0.14102121437141138,150.25120888920165,78.34148713372545,4.4065135904190935,232.9992096133462,102.29257607366995,0.275,119.0,500.1,83.7,3426.1
CO,500,1.0,t500p100,2025,P_mix,Latin America,1.469,0.14102121437141144,150.25120888920165,78.34148713372545,4.4065135904190935,232.9992096133462,102.29257607366995,0.275,119.0,500.1,83.7,3426.1
CR,50,1.0,t50p100,2025,P_mix,North America,2.043,0.3774366881851279,321.24721888035464,106.31598581386439,6.130365768221797,433.6935704624408,157.20785562858978,0.062,308.1,1361.4,28.7,2068.9
CR,100,1.0,t100p100,2025,P_mix,North America,1.833,0.23990052505165013,286.78228328251316,87.27481112680609,5.4990243060691375,379.5561187153883,156.45445481992027,0.092,250.0,1081.2,32.6,1760.2
CR,150,1.0,t150p100,2025,P_mix,North America,1.84,0.2180348795078284,286.985544920271,86.6628978862492,5.5186294252093635,379.16707223172955,156.00914075294128,0.088,241.2,1053.7,32.1,1868.3
CR,200,1.0,t200p100,2025,P_mix,North America,1.837,0.2058886888373081,285.8645876930151,94.07979170079854,5.511491733359129,385.4558711271728,155.60102501620904,0.094,245.2,1031.7,32.6,2625.0
CR,300,1.0,t300p100,2025,P_mix,North America,1.666,0.13605492682298242,250.5916968362794,68.55669649609801,4.999486870575233,324.14788020295265,150.37045000226956,0.245,145.7,557.5,51.6,2566.3
CR,500,1.0,t500p100,2025,P_mix,North America,1.666,0.13605492682298242,250.5916968362794,68.55669649609801,4.999486870575233,324.14788020295265,150.37045000226956,0.245,145.7,557.5,51.6,2566.3
CU,50,1.0,t50p100,2025,P_mix,North America,3.06,0.2802185804990554,181.9972402892662,77.42407243117509,9.180992648496966,268.60230536893823,59.46979175037056,0.264,178.4,757.1,69.9,2127.0
CU,100,1.0,t100p100,2025,P_mix,North America,2.733,0.17774824182970933,162.2804398172902,76.47716798273913,8.19800766516641,246.95561546519576,59.385321328799634,0.295,135.8,646.7,67.4,2735.3
CU,150,1.0,t150p100,2025,P_mix,North America,2.627,0.17072813273976029,155.695535029596,69.121471224117,7.882323463263909,232.69932971697688,59.25747747674591,0.335,119.8,565.7,60.5,2572.4
CU,200,1.0,t200p100,2025,P_mix,North America,2.587,0.155046083001271,153.8681147940686,69.14216771996537,7.759539497919363,230.76982201195327,59.48862616215554,0.402,105.4,454.2,69.9,3014.5
CU,300,1.0,t300p100,2025,P_mix,North America,2.383,0.12500457932089568,143.20930905167194,60.18251951704259,7.149603209717685,210.54143177843224,60.091156747142016,0.327,114.9,469.0,48.4,2358.1
CU,500,1.0,t500p100,2025,P_mix,North America,2.383,0.12500457932089568,143.20930905167194,60.18251951704259,7.149603209717685,210.54143177843224,60.091156747142016,0.327,114.9,469.0,48.4,2358.1
CV,50,1.0,t50p100,2025,P_mix,Africa/MENA,2.483,0.2807157623905271,137.65771231622907,79.92285210591123,7.448828853534607,225.0293932756749,55.441351260570904,0.275,157.2,672.8,79.9,2693.2
CV,100,1.0,t100p100,2025,P_mix,Africa/MENA,2.483,0.2807157623905271,137.65771231622907,79.92285210591123,7.448828853534607,225.0293932756749,55.441351260570904,0.275,157.2,672.8,79.9,2693.2
CV,150,1.0,t150p100,2025,P_mix,Africa/MENA,2.165,0.1598651163845487,120.9101345028854,67.62812070288084,6.494369269843349,195.0326244756096,55.85306108061916,0.294,116.4,537.8,71.6,2435.4
CV,200,1.0,t200p100,2025,P_mix,Africa/MENA,2.087,0.1356884756400724,117.47961325648713,56.86855007896055,6.260461557707371,180.60862489315508,56.29598337451141,0.319,104.7,471.4,69.6,1818.0
CV,300,1.0,t300p100,2025,P_mix,Africa/MENA,2.113,0.13617263617485081,119.03285093236994,58.81634292946079,6.339688442450502,184.18888230428124,56.327460890030686,0.31,108.1,483.3,71.3,1909.0
CV,500,1.0,t500p100,2025,P_mix,Africa/MENA,2.113,0.13617263617485081,119.03285093236994,58.81634292946079,6.339688442450502,184.18888230428124,56.327460890030686,0.31,108.1,483.3,71.3,1909.0
CZ,50,1.0,t50p100,2025,P_mix,Europe,2.68,0.32593337000025135,285.86273257118495,103.94530685803176,8.040551651479602,397.84859108069634,106.65788056417065,0.685,47.0,205.6,128.9,6814.0
CZ,100,1.0,t100p100,2025,P_mix,Europe,2.318,0.19668462894431324,247.28880270734348,78.86034023166638,6.952910209089148,333.102053148099,106.69868958644564,0.588,65.2,232.5,118.6,4449.5
CZ,150,1.0,t150p100,2025,P_mix,Europe,2.336,0.19603201772440382,249.2254584591506,79.1334882730189,7.007661191186925,335.36660792335636,106.69413874029134,0.586,63.4,240.7,119.5,4433.7
CZ,200,1.0,t200p100,2025,P_mix,Europe,2.498,0.14794852270347075,267.2116733489489,73.71600767120017,7.494503859668982,348.4221848798181,106.96305386681793,0.64,45.6,177.5,100.9,4523.2
CZ,300,1.0,t300p100,2025,P_mix,Europe,2.437,0.14567130231331657,260.7188086291268,75.44740333558151,7.311336857566657,343.47754882227497,106.97857876400695,0.666,40.4,153.1,98.6,4840.5
CZ,500,1.0,t500p100,2025,P_mix,Europe,2.437,0.14567130231331657,260.7188086291268,75.44740333558151,7.311336857566657,343.47754882227497,106.97857876400695,0.666,40.4,153.1,98.6,4840.5
DE,50,1.0,t50p100,2025,P_mix,Europe,1.591,0.2258122553835261,84.47955378929196,80.41873792501858,4.7741478702133815,169.67243958452391,53.085632925012085,0.911,15.6,41.8,127.8,5529.4
DE,100,1.0,t100p100,2025,P_mix,Europe,1.408,0.14001975356117363,74.15227768678774,89.88422019259737,4.2243049078952435,168.26080278728037,52.66116862080442,0.9,15.0,41.6,125.4,6431.0
DE,150,1.0,t150p100,2025,P_mix,Europe,1.444,0.11061190675207436,78.66611162364045,75.1573251761182,4.332823340244428,158.15626014000307,54.46756452747686,0.96,6.3,13.5,115.5,5364.1
DE,200,1.0,t200p100,2025,P_mix,Europe,1.432,0.10983527443831403,78.29554085043358,72.91285363861918,4.295063764487905,155.50345825354069,54.687575186513186,0.99,1.4,3.0,117.2,5202.8
DE,300,1.0,t300p100,2025,P_mix,Europe,1.434,0.10831655839053579,78.61544137290952,71.67328187422333,4.302012466654926,154.59073571378778,54.822324655445094,0.996,1.1,1.1,114.2,5136.0
DE,500,1.0,t500p100,2025,P_mix,Europe,1.434,0.10831655839053576,78.61544137290952,71.67328187422333,4.302012466654926,154.59073571378778,54.822324655445094,0.996,1.1,1.1,114.2,5136.0
DK,50,1.0,t50p100,2025,P_mix,Europe,1.52,0.2457446036541914,86.73963181054519,103.85449117767065,4.559757184622086,195.15388017283794,57.06858608814343,0.935,13.3,28.6,136.0,7644.2
DK,100,1.0,t100p100,2025,P_mix,Europe,1.516,0.15190358289585268,86.2030193859688,89.57068181736726,4.547723131980234,180.3214243353163,56.865611791388794,0.858,23.5,55.7,125.4,6305.1
DK,150,1.0,t150p100,2025,P_mix,Europe,1.438,0.1254949415678714,83.68342790458136,72.93501050080886,4.313521595425044,160.93196000081528,58.200771263092875,0.969,4.6,10.0,121.4,5108.5
DK,200,1.0,t200p100,2025,P_mix,Europe,1.41,0.12344041533290026,82.38211359009352,82.81900299713588,4.230786159512982,169.43190274674237,58.416174075489245,0.96,6.1,13.1,116.7,6054.2
DK,300,1.0,t300p100,2025,P_mix,Europe,1.405,0.12214943447220887,82.20653851764688,86.69078404620858,4.214792803656887,173.11211536751236,58.51286813884804,0.963,5.6,11.9,114.2,6447.9
DK,500,1.0,t500p100,2025,P_mix,Europe,1.405,0.1221494344722089,82.20653851764688,86.69078404620858,4.214792803656887,173.11211536751236,58.51286813884804,0.963,5.6,11.9,114.2,6447.9
DO,50,1.0,t50p100,2025,P_mix,North America,2.443,0.3371808287815529,187.04817540688873,90.66803136687348,7.330267358829047,285.04647413259124,76.55171343031387,0.515,117.0,408.6,167.2,3930.1
DO,100,1.0,t100p100,2025,P_mix,North America,2.132,0.2008535679986758,163.13910210384094,80.31779035210837,6.39475543634936,249.8516478922987,76.53417103796549,0.26,130.5,703.9,99.4,2451.0
DO,150,1.0,t150p100,2025,P_mix,North America,2.225,0.1948607704885356,170.1754877682191,76.30717773851491,6.673794781272907,253.15646028800694,76.49717739856575,0.475,107.3,374.5,135.1,3205.9
DO,200,1.0,t200p100,2025,P_mix,North America,2.196,0.19272340441447888,167.96786326868747,74.984034736953,6.586802728992326,249.5387007346328,76.50200112842155,0.482,103.8,369.5,127.9,3211.5
DO,300,1.0,t300p100,2025,P_mix,North America,1.885,0.12766406137583228,143.89404498820966,74.21172668428322,5.65526400132398,223.76103567381682,76.33279982394544,0.577,54.6,214.7,103.6,4333.1
DO,500,1.0,t500p100,2025,P_mix,North America,1.885,0.12766406137583225,143.89404498820966,74.21172668428322,5.65526400132398,223.76103567381682,76.33279982394544,0.577,54.6,214.7,103.6,4333.1
DZ,50,1.0,t50p100,2025,P_mix,Africa/MENA,2.043,0.3474048932950463,140.01659764238312,79.64185468776398,6.127603797090268,225.78605612723737,68.550416579905,0.749,62.9,194.9,161.6,4162.2
DZ,100,1.0,t100p100,2025,P_mix,Africa/MENA,1.843,0.24323766723797638,126.56661339407884,81.36694254969494,5.529734635403687,213.46329057917748,68.66511057352287,0.596,92.6,302.1,124.3,4188.1
DZ,150,1.0,t150p100,2025,P_mix,Africa/MENA,1.951,0.23879613344612996,134.08042401983428,72.49141696536941,5.852832444960407,212.42467343016412,68.72591618539329,0.77,59.8,153.6,158.8,3738.0
DZ,200,1.0,t200p100,2025,P_mix,Africa/MENA,1.945,0.1527082691356426,134.38504374142872,53.04550339127156,5.835323410928035,193.26587054362832,69.08873816132945,0.759,50.8,124.8,148.1,2252.7
DZ,300,1.0,t300p100,2025,P_mix,Africa/MENA,1.936,0.15280266488349903,133.74257326562622,53.444402777779956,5.807669407522377,192.99464545092854,69.08584005783553,0.753,50.2,128.5,147.7,2281.3
DZ,500,1.0,t500p100,2025,P_mix,Africa/MENA,1.924,0.15271110171511487,132.917728037852,53.82613907003375,5.771773658313866,192.5156407661996,69.0867673820117,0.744,51.3,133.5,143.2,2344.7
EC,50,1.0,t50p100,2025,P_mix,Latin America,1.461,0.4863183276737578,233.40842771091997,122.8173945908109,4.382125081426747,360.6079473831576,159.79125883480674,0.204,259.2,1011.2,91.8,4558.0
EC,100,1.0,t100p100,2025,P_mix,Latin America,1.556,0.3387944153519978,223.16085646158297,103.73101601115889,4.669470529203437,331.56134300194526,143.37440726903054,0.203,237.0,996.4,78.1,3132.7
EC,150,1.0,t150p100,2025,P_mix,Latin America,1.598,0.2748903620401245,211.6804926858927,86.84389920499997,4.794942171372039,303.31933406226466,132.43986170451885,0.193,236.6,899.0,93.5,1829.1
EC,200,1.0,t200p100,2025,P_mix,Latin America,1.569,0.26351941956195707,205.0399720876083,78.7693934083966,4.707092422720964,288.5164579187259,130.6793793326988,0.291,189.7,693.0,114.8,1932.4
EC,300,1.0,t300p100,2025,P_mix,Latin America,1.811,0.13628779968703073,185.42356989168596,75.25077791547055,5.434490745890215,266.1088385530467,102.35930755714926,0.267,150.5,633.6,101.8,2192.9
EC,500,1.0,t500p100,2025,P_mix,Latin America,1.811,0.13628779968703073,185.42356989168596,75.25077791547055,5.434490745890215,266.1088385530467,102.35930755714926,0.267,150.5,633.6,101.8,2192.9
EE,50,1.0,t50p100,2025,P_mix,Europe,2.403,0.2952413474458667,169.2752052258461,83.44766517268043,7.2079976956084995,259.930868094135,70.45307686306982,0.935,12.6,31.8,151.7,5565.3
EE,100,1.0,t100p100,2025,P_mix,Europe,1.823,0.16968513824749243,127.10880734218661,80.05785678032217,5.469798945180961,212.63646306768976,69.714888215867,0.912,13.4,40.9,143.7,5310.0
EE,150,1.0,t150p100,2025,P_mix,Europe,2.128,0.1533290091649326,150.76047817705455,70.6032705110638,6.384820829266958,227.74856951738528,70.8369814322711,0.953,5.5,22.3,130.5,4721.9
EE,200,1.0,t200p100,2025,P_mix,Europe,2.123,0.1510998837111998,150.5123154855854,71.03615485710955,6.36964529086812,227.91811563356305,70.8888683494044,0.934,7.9,30.8,127.3,4754.0
EE,300,1.0,t300p100,2025,P_mix,Europe,2.106,0.15008167767075828,149.61799452768017,66.53879425411402,6.318495637873982,222.47528441966818,71.03810927597105,0.926,9.3,33.4,122.9,4380.1
EE,500,1.0,t500p100,2025,P_mix,Europe,2.106,0.15008167767075828,149.61799452768017,66.53879425411402,6.318495637873982,222.47528441966818,71.03810927597105,0.926,9.3,33.4,122.9,4380.1
EG,50,1.0,t50p100,2025,P_mix,Africa/MENA,2.503,0.2621075827759032,95.05462909568739,96.53409624796713,7.508862726922044,199.09758807057656,37.97697436452597,0.807,33.9,119.7,128.0,6582.5
EG,100,1.0,t100p100,2025,P_mix,Africa/MENA,2.217,0.17428030902017116,81.62081910989384,88.1582683799014,6.649659453481789,176.42874694327705,36.82330787653663,0.798,30.2,123.1,131.0,5776.1
EG,150,1.0,t150p100,2025,P_mix,Africa/MENA,1.751,0.15818939560471096,64.60752466338292,89.28137474849856,5.253620467970225,159.1425198798517,36.89314353250838,0.869,22.6,65.6,139.0,6067.7
EG,200,1.0,t200p100,2025,P_mix,Africa/MENA,2.348,0.14261301986903802,89.10754460160551,85.61312917948669,7.044483323201271,181.76515710429348,37.94779851694449,0.861,17.1,75.5,130.1,5819.8
EG,300,1.0,t300p100,2025,P_mix,Africa/MENA,1.99,0.13513535546007696,76.05016341810318,81.03570128023624,5.9702740472539535,163.0561387455934,38.21440832506654,0.875,16.8,56.1,116.8,5653.6
EG,500,1.0,t500p100,2025,P_mix,Africa/MENA,1.99,0.13513535546007696,76.05016341810318,81.03570128023624,5.9702740472539535,163.0561387455934,38.21440832506654,0.875,16.8,56.1,116.8,5653.6
ES,50,1.0,t50p100,2025,P_mix,Europe,1.937,0.2560762052872978,143.94778126973785,75.21020868042143,5.811563306934758,224.96955325709405,74.3076038238983,0.404,81.3,340.6,74.3,4120.7
ES,100,1.0,t100p100,2025,P_mix,Europe,1.779,0.1655952453514629,132.29766034452555,69.60699904434894,5.336988216942553,207.24164760581704,74.36647129435617,0.41,68.4,300.8,82.9,3728.7
ES,150,1.0,t150p100,2025,P_mix,Europe,1.713,0.13412655662715312,127.87961216262553,54.457183847377884,5.1388371550362075,187.4756331650396,74.65479541648804,0.394,69.5,278.6,71.6,2576.1
ES,200,1.0,t200p100,2025,P_mix,Europe,1.763,0.12215812234985399,131.84173790700208,52.10116877563625,5.289020291946228,189.23192697458458,74.78232108946244,0.518,45.1,182.4,77.8,2809.9
ES,300,1.0,t300p100,2025,P_mix,Europe,1.763,0.12215812234985401,131.84173790700208,52.10116877563625,5.289020291946228,189.23192697458458,74.78232108946244,0.518,45.1,182.4,77.8,2809.9
ES,500,1.0,t500p100,2025,P_mix,Europe,1.763,0.12215812234985397,131.84173790700208,52.10116877563625,5.289020291946228,189.23192697458458,74.78232108946244,0.518,45.1,182.4,77.8,2809.9
ET,50,1.0,t50p100,2025,P_mix,Africa/MENA,2.462,0.2756629447061178,144.12077565140848,70.68085701314234,7.386957864965396,222.18859052951623,58.53049859737525,0.3,137.5,613.8,80.9,2175.7
ET,100,1.0,t100p100,2025,P_mix,Africa/MENA,2.379,0.18421226432737947,138.78045554219915,63.788339468517805,7.137678849001426,209.70647385971841,58.33007836782206,0.376,113.4,468.1,90.7,2168.8
ET,150,1.0,t150p100,2025,P_mix,Africa/MENA,2.349,0.15969506884865023,137.3629620381681,64.39259694761934,7.048141703053499,208.80370068884093,58.467735677898574,0.221,149.7,668.0,54.8,1634.0
ET,200,1.0,t200p100,2025,P_mix,Africa/MENA,2.131,0.1400720679146177,124.93885827127276,53.98130359918166,6.393732655681021,185.31389452613544,58.622497216987036,0.539,77.6,235.9,108.4,2231.4
ET,300,1.0,t300p100,2025,P_mix,Africa/MENA,2.149,0.1343252019046349,126.1817093416698,61.8247354704583,6.4465456367440055,194.4529904488721,58.72061555996442,0.428,91.3,331.2,95.9,2625.2
ET,500,1.0,t500p100,2025,P_mix,Africa/MENA,2.149,0.1343252019046349,126.1817093416698,61.8247354704583,6.4465456367440055,194.4529904488721,58.72061555996442,0.428,91.3,331.2,95.9,2625.2
FI,50,1.0,t50p100,2025,P_mix,Europe,3.37,0.30904391670813924,243.4543223062697,200.0645414190032,10.110207401810067,453.6290711270829,72.24015669431826,1.0,-0.0,-0.0,389.3,13483.0
FI,100,1.0,t100p100,2025,P_mix,Europe,2.917,0.19653295338118754,209.73201878451567,160.85894321803588,8.752157617682727,379.3431196202343,71.89039364217281,0.954,8.3,26.8,317.0,10638.4
FI,150,1.0,t150p100,2025,P_mix,Europe,2.773,0.16666034062439655,200.99762367991266,149.95345382807358,8.318981025096686,359.27005853308293,72.483982019028,1.0,-0.0,-0.0,289.8,10129.9
FI,200,1.0,t200p100,2025,P_mix,Europe,2.8,0.1647172757086301,203.51712880299755,148.39948589983806,8.398826374395785,360.3154410772314,72.69484558822322,0.981,3.5,9.0,287.3,9964.5
FI,300,1.0,t300p100,2025,P_mix,Europe,2.803,0.16271868115496937,204.02481325119615,149.76439434662242,8.409224713815952,362.1984323116345,72.78607250772895,1.0,-0.0,0.0,291.9,10087.3
FI,500,1.0,t500p100,2025,P_mix,Europe,2.803,0.16271868115496937,204.02481325119615,149.76439434662242,8.409224713815952,362.1984323116345,72.78607250772895,1.0,-0.0,0.0,291.9,10087.3
FJ,50,1.0,t50p100,2025,P_mix,Asia-Pacific,1.844,0.33152985590979456,183.38792795844762,94.65364853285503,5.531650998222434,283.5732274895251,99.45742854206371,0.522,116.6,431.9,140.1,4532.3
FJ,100,1.0,t100p100,2025,P_mix,Asia-Pacific,1.822,0.22378171561646648,180.92327214384514,79.41506844938165,5.465931148285822,265.80427174151265,99.3005220348878,0.244,162.5,744.7,74.2,2373.8
FJ,150,1.0,t150p100,2025,P_mix,Asia-Pacific,1.739,0.20919342446041186,172.23411810680832,84.12659478435162,5.216138939268923,261.5768518304289,99.05839555586007,0.201,162.4,820.3,56.9,2683.6
FJ,200,1.0,t200p100,2025,P_mix,Asia-Pacific,1.6,0.16021895833869476,157.53358448095378,74.61999585413477,4.8010896205129985,236.95466995560156,98.43614487503858,0.575,73.9,267.2,117.2,3888.1
FJ,300,1.0,t300p100,2025,P_mix,Asia-Pacific,1.573,0.13411610840534502,153.86126880899198,72.4707509902124,4.71852845493426,231.0505482541386,97.82367762226563,0.671,60.4,177.3,121.7,4091.6
FJ,500,1.0,t500p100,2025,P_mix,Asia-Pacific,1.573,0.13411610840534502,153.86126880899198,72.4707509902124,4.718528454934259,231.0505482541386,97.82367762226563,0.671,60.4,177.3,121.7,4091.6
FR,50,1.0,t50p100,2025,P_mix,Europe,1.777,0.23658974820506037,122.23298135056058,77.5414761683034,5.3316261884737886,205.10608370733777,68.77806715790263,0.772,34.0,87.4,110.3,5206.5
FR,100,1.0,t100p100,2025,P_mix,Europe,1.676,0.16036331837801435,115.29655644436598,74.61382901371728,5.028281873193403,194.93866733127666,68.78883842552533,0.748,37.2,92.2,110.0,4908.0
FR,150,1.0,t150p100,2025,P_mix,Europe,1.598,0.11742104563029372,111.29394443754406,69.56317010060015,4.7937611762761385,185.65087571442035,69.64924222028039,0.817,18.0,50.2,101.3,4817.4
FR,200,1.0,t200p100,2025,P_mix,Europe,1.643,0.1124209031684845,114.85543984934046,64.70434482921314,4.930152876363451,184.48993755491705,69.88958115274089,0.746,28.7,72.1,90.5,4366.0
FR,300,1.0,t300p100,2025,P_mix,Europe,1.638,0.11246670168894778,114.46340483699028,64.61396879314646,4.913332685261729,183.99070631539848,69.88946943100794,0.747,29.3,71.6,90.3,4360.1
FR,500,1.0,t500p100,2025,P_mix,Europe,1.638,0.11246670168894778,114.46340483699028,64.61396879314646,4.913332685261729,183.99070631539848,69.88946943100794,0.747,29.3,71.6,90.3,4360.1
GB,50,1.0,t50p100,2025,P_mix,Europe,1.683,0.23379289720825705,104.01513426173064,66.40787334763405,5.04907110044434,175.472078709809,61.80253685826101,0.911,14.8,31.9,118.1,4412.4
GB,100,1.0,t100p100,2025,P_mix,Europe,1.554,0.1545260817725973,95.7244903275741,67.76249127068853,4.661619998092621,168.14860159635526,61.60379247991557,0.836,27.8,60.0,109.7,4464.1
GB,150,1.0,t150p100,2025,P_mix,Europe,1.643,0.11910060627017259,103.17505458403802,51.239437939289054,4.929102715264487,159.34359523859158,62.795437959443184,0.886,11.1,32.4,98.1,3283.5
GB,200,1.0,t200p100,2025,P_mix,Europe,1.552,0.111544968397164,98.237168024357,59.17667873361199,4.656646155849782,162.07049291381878,63.288361238881734,0.935,7.6,16.4,95.8,4126.0
GB,300,1.0,t300p100,2025,P_mix,Europe,1.544,0.111121749903042,97.69155423971579,58.73754446189383,4.631106355376744,161.06020505698638,63.28394129383054,0.917,9.8,21.2,92.7,4093.9
GB,500,1.0,t500p100,2025,P_mix,Europe,1.544,0.11112174990304202,97.69155423971576,58.73754446189383,4.631106355376744,161.06020505698635,63.28394129383052,0.917,9.8,21.2,92.7,4093.9
GF,50,1.0,t50p100,2025,P_mix,Latin America,2.112,0.30734952696708207,290.75343620474536,169.36648295747457,6.33504407143405,466.45496323365404,137.68812004756697,0.428,114.0,389.8,101.6,12064.7
GF,100,1.0,t100p100,2025,P_mix,Latin America,1.835,0.1868193661730057,253.54997766309603,171.64012077735393,5.503922067140529,430.6940205075905,138.20143594156553,0.505,72.7,297.4,123.4,12577.5
GF,150,1.0,t150p100,2025,P_mix,Latin America,1.901,0.16466703277463163,259.98346126930585,134.0739390040227,5.701746708285366,399.75914698161387,136.79148227937807,0.359,109.5,406.4,74.1,9114.4
GF,200,1.0,t200p100,2025,P_mix,Latin America,1.881,0.15911243704064298,257.5198052448894,136.15944267164144,5.643918187780157,399.323166104311,136.88352489009597,0.4,90.3,366.3,88.0,9388.9
GF,300,1.0,t300p100,2025,P_mix,Latin America,1.958,0.1491679805117121,264.6156789433229,140.3504046766491,5.873347367690632,410.83943098766264,135.16092053348234,0.478,89.5,274.5,97.4,10069.1
GF,500,1.0,t500p100,2025,P_mix,Latin America,1.958,0.1491679805117121,264.6156789433229,140.3504046766491,5.873347367690632,410.83943098766264,135.16092053348234,0.478,89.5,274.5,97.4,10069.1
GH,50,1.0,t50p100,2025,P_mix,Africa/MENA,1.586,0.2723404424305911,204.47210954702155,103.96492601424463,4.757019728528453,313.1940552897946,128.94971298149818,0.419,115.0,374.0,82.7,6369.3
GH,100,1.0,t100p100,2025,P_mix,Africa/MENA,1.586,0.2723404424305911,204.47210954702155,103.96492601424463,4.757019728528453,313.1940552897946,128.94971298149818,0.419,115.0,374.0,82.7,6369.3
GH,150,1.0,t150p100,2025,P_mix,Africa/MENA,1.617,0.16264706713082389,206.5488533295462,77.62295330943041,4.849766643864484,289.0215732828411,127.76832484766392,0.287,124.9,444.8,61.9,3857.0
GH,200,1.0,t200p100,2025,P_mix,Africa/MENA,1.603,0.14010507180526469,203.030151628105,62.424311471453336,4.810408404130546,270.2648715036889,126.6192812987171,0.327,108.1,371.8,65.0,2818.2
GH,300,1.0,t300p100,2025,P_mix,Africa/MENA,1.633,0.12425579408918011,205.57856112245298,62.62952852406688,4.900034348453733,273.10812399497354,125.86354288760872,0.256,116.9,428.9,56.4,2654.3
GH,500,1.0,t500p100,2025,P_mix,Africa/MENA,1.633,0.12425579408918011,205.57856112245298,62.62952852406688,4.900034348453733,273.10812399497354,125.86354288760872,0.256,116.9,428.9,56.4,2654.3
GR,50,1.0,t50p100,2025,P_mix,Europe,2.626,0.39591904027154334,250.2695449552187,92.56392083387964,7.876508188259659,350.70997397735795,95.32252324510702,0.053,283.1,1298.0,20.4,1294.5
GR,100,1.0,t100p100,2025,P_mix,Europe,2.565,0.2490332475813308,243.60987637968807,84.42477290473165,7.695322125256505,335.7299714096763,94.97063504858863,0.04,262.8,1232.6,16.7,968.2
GR,150,1.0,t150p100,2025,P_mix,Europe,2.536,0.2479291458943663,240.89931854101636,83.20415937216656,7.608753129305835,331.7122310424887,94.98244237147217,0.043,257.3,1206.3,17.1,991.1
GR,200,1.0,t200p100,2025,P_mix,Europe,2.455,0.1549428440098092,231.87263805530927,73.44724534094009,7.365701630694998,312.68558502694435,94.44014284628213,0.083,226.9,995.5,27.2,1034.8
GR,300,1.0,t300p100,2025,P_mix,Europe,2.238,0.1465885800199803,211.18936976094918,62.58455954504875,6.712848048911159,280.48677735490907,94.38141674987186,0.11,183.9,785.5,34.9,1054.4
GR,500,1.0,t500p100,2025,P_mix,Europe,2.238,0.1465885800199803,211.18936976094918,62.58455954504875,6.712848048911159,280.48677735490907,94.38141674987186,0.11,183.9,785.5,34.9,1054.4
GT,50,1.0,t50p100,2025,P_mix,North America,1.651,0.3884325141655141,151.30284195478328,90.53420567599615,4.951767434216088,246.78881506499553,91.66596208212432,0.191,221.7,907.1,72.6,2451.3
GT,100,1.0,t100p100,2025,P_mix,North America,1.542,0.24309505739842613,140.62504830678884,75.84342595140825,4.626918010764155,221.0953922689612,91.17843539455595,0.119,214.6,886.4,51.9,1484.1
GT,150,1.0,t150p100,2025,P_mix,North America,1.514,0.24226308262185686,138.02462690372542,72.6214662019456,4.542259394561296,215.18835250023233,91.16033338099767,0.134,207.4,832.0,55.0,1422.1
GT,200,1.0,t200p100,2025,P_mix,North America,1.471,0.23051487509293958,133.87833293616092,68.21003456684888,4.412334934461724,206.50070243747152,91.02550118568453,0.138,183.6,766.1,51.5,1450.7
GT,300,1.0,t300p100,2025,P_mix,North America,1.599,0.14287461526220477,144.1229304974963,59.879136929964176,4.796034238088204,208.7981016655487,90.15131461297491,0.21,154.4,608.5,66.5,1321.1
GT,500,1.0,t500p100,2025,P_mix,North America,1.599,0.1428746152622048,144.1229304974963,59.879136929964176,4.796034238088204,208.7981016655487,90.15131461297491,0.21,154.4,608.5,66.5,1321.1
HN,50,1.0,t50p100,2025,P_mix,North America,2.276,0.3510187030708151,148.59516056922126,90.06298381642725,6.827415529244714,245.4855599148932,65.29344519872484,0.1,235.1,1143.2,44.2,1651.9
HN,100,1.0,t100p100,2025,P_mix,North America,2.127,0.2231573364581712,139.3897199950767,85.46241970316508,6.382382709872751,231.23452240811451,65.51928629074116,0.151,189.3,899.5,56.8,2346.1
HN,150,1.0,t150p100,2025,P_mix,North America,2.12,0.22318517357780068,138.92042430392712,85.04121746118832,6.360986698059225,230.32262846317468,65.51833743638183,0.152,188.1,892.5,56.7,2344.6
HN,200,1.0,t200p100,2025,P_mix,North America,2.022,0.2153090102959373,132.5280612441181,79.65416500708982,6.065719682650165,218.24794593385812,65.54608596067624,0.144,174.3,822.5,51.3,2287.6
HN,300,1.0,t300p100,2025,P_mix,North America,1.734,0.14213626336419646,114.68204369133859,62.928338546147735,5.202543990339906,182.81292622782624,66.1303646279283,0.216,143.9,607.8,49.5,1857.3
HN,500,1.0,t500p100,2025,P_mix,North America,1.734,0.14213626336419646,114.68204369133859,62.928338546147735,5.202543990339906,182.81292622782624,66.1303646279283,0.216,143.9,607.8,49.5,1857.3
HU,50,1.0,t50p100,2025,P_mix,Europe,3.372,0.3505398119499637,328.74249939991574,86.50671447907524,10.11713225228604,425.366346131277,97.4809336881905,0.669,56.9,204.1,147.9,4945.3
HU,100,1.0,t100p100,2025,P_mix,Europe,2.857,0.21176477023125964,278.6907798449973,85.17410302031868,8.570757007251679,372.4356398725677,97.54941585995223,0.678,49.2,180.8,138.5,5075.5
HU,150,1.0,t150p100,2025,P_mix,Europe,2.871,0.21145562094493214,280.0355723186006,85.66792612622632,8.612354280105261,374.31585272493214,97.54669741077296,0.689,47.8,177.2,142.4,5093.0
HU,200,1.0,t200p100,2025,P_mix,Europe,3.073,0.16748378726576213,300.35435026647053,71.53149052796127,9.219447526888327,381.1052883213202,97.73503761168787,0.621,52.1,199.7,114.6,4025.7
HU,300,1.0,t300p100,2025,P_mix,Europe,2.851,0.15560185650485917,278.79782147321566,61.08294172366566,8.553708843509133,348.43447204039046,97.78138112034696,0.68,39.0,137.8,108.2,3477.9
HU,500,1.0,t500p100,2025,P_mix,Europe,2.851,0.15560185650485917,278.79782147321566,61.08294172366566,8.553708843509133,348.43447204039046,97.78138112034696,0.68,39.0,137.8,108.2,3477.9
ID,50,1.0,t50p100,2025,P_mix,Asia-Pacific,1.612,0.4029730414584512,204.06479428622347,99.57258652998017,4.835096318031472,308.4724771342351,126.61472338733364,0.181,207.0,1026.9,60.5,2952.4
ID,100,1.0,t100p100,2025,P_mix,Asia-Pacific,1.606,0.2781387704596983,200.08422183428974,97.84343921883587,4.81650451177745,302.7441655649031,124.62412607215764,0.198,181.9,921.0,59.4,3381.6
ID,150,1.0,t150p100,2025,P_mix,Asia-Pacific,1.627,0.25011915218246605,201.69709723531395,95.69450099107922,4.880635710517956,302.2722339369111,123.97796672305343,0.139,207.6,1026.6,52.2,2700.2
ID,200,1.0,t200p100,2025,P_mix,Asia-Pacific,1.671,0.18521303283009546,204.00675492422533,87.9563337772674,5.0142777334008795,296.9773664348936,122.05551772609526,0.178,186.1,900.8,70.0,2416.7
ID,300,1.0,t300p100,2025,P_mix,Asia-Pacific,1.528,0.14596359084179106,184.08032969200192,76.45950561532082,4.58282013613251,265.12265544345524,120.50243576481435,0.236,149.1,655.0,66.0,2661.2
ID,500,1.0,t500p100,2025,P_mix,Asia-Pacific,1.528,0.14596359084179106,184.08032969200192,76.45950561532082,4.58282013613251,265.12265544345524,120.50243576481435,0.236,149.1,655.0,66.0,2661.2
IE,50,1.0,t50p100,2025,P_mix,Europe,3.415,0.29685655547968776,173.70507207386234,80.6987293115901,10.2442402952802,264.64804168073266,50.869093383301,0.885,16.2,62.1,161.6,5038.1
IE,100,1.0,t100p100,2025,P_mix,Europe,3.316,0.19091626166461573,161.50977864057998,84.33455653021048,9.949124900720427,255.7934600715109,48.70069888123038,0.813,30.2,98.4,150.8,5289.7
IE,150,1.0,t150p100,2025,P_mix,Europe,3.151,0.17199294935974854,158.51470548043304,64.71071073799942,9.453798185330642,232.67921440376315,50.301911159812214,0.838,26.9,84.9,139.9,3699.2
IE,200,1.0,t200p100,2025,P_mix,Europe,3.236,0.16126283805968356,164.08096472295986,75.29565931473525,9.707226603354226,249.08385064104934,50.708911441171786,0.787,29.6,121.0,129.0,4633.7
IE,300,1.0,t300p100,2025,P_mix,Europe,3.16,0.1556679934420234,159.7223985244184,73.13779771301903,9.47952230670611,242.33971854414355,50.54760989741793,0.828,24.3,83.3,125.2,4673.6
IE,500,1.0,t500p100,2025,P_mix,Europe,3.111,0.15613169644258515,157.49995227667995,73.42428851122851,9.333361785730629,240.2576025736391,50.62483033202689,0.825,24.1,88.3,128.4,4637.5
IL,50,1.0,t50p100,2025,P_mix,Asia-Pacific,2.226,0.4333625672927844,285.85521050864264,105.96103987155422,6.676598401884427,398.4928487820813,128.44349471190048,0.102,256.0,1217.7,44.7,2686.4
IL,100,1.0,t100p100,2025,P_mix,Asia-Pacific,2.181,0.2740041507824736,268.639748045153,93.0245317908209,6.544061101704102,368.208340937678,123.15276884037533,0.116,232.6,1145.9,54.1,1798.2
IL,150,1.0,t150p100,2025,P_mix,Asia-Pacific,1.991,0.2385802131516989,244.71027517575615,86.60214934972427,5.973663291516247,337.28608781699666,122.89457736425717,0.16,174.6,879.1,62.9,2523.4
IL,200,1.0,t200p100,2025,P_mix,Asia-Pacific,2.043,0.1559363262760765,238.1389492472229,84.29935414431446,6.127690416236203,328.5659938077736,116.58827375624531,0.156,193.5,883.6,50.2,2376.5
IL,300,1.0,t300p100,2025,P_mix,Asia-Pacific,2.071,0.12764054710834566,240.10785232934944,79.87807453861427,6.212682399819123,326.1986092677828,115.94404970854755,0.164,183.6,846.4,70.7,1920.7
IL,500,1.0,t500p100,2025,P_mix,Asia-Pacific,2.071,0.12764054710834566,240.10785232934944,79.87807453861427,6.212682399819123,326.1986092677828,115.94404970854755,0.164,183.6,846.4,70.7,1920.7
IN,50,1.0,t50p100,2025,P_mix,Asia-Pacific,2.114,0.25369347586967333,148.09645874629524,61.98260298562675,6.3431919970206865,216.42225372894265,70.04192470408637,0.177,126.0,643.6,40.3,1797.6
IN,100,1.0,t100p100,2025,P_mix,Asia-Pacific,1.936,0.16960622035796943,136.04676788181487,59.592299177694144,5.808486312861646,201.44755337237066,70.26620734935813,0.167,112.5,603.4,35.4,1873.0
IN,150,1.0,t150p100,2025,P_mix,Asia-Pacific,1.965,0.147228550327405,138.46233898965224,56.38363110790031,5.895827107282817,200.74179720483536,70.45440943406409,0.193,110.8,557.9,45.5,1662.9
IN,200,1.0,t200p100,2025,P_mix,Asia-Pacific,1.833,0.12995742307560473,129.43031079806826,58.254375188299086,5.499699580594763,193.18438556696213,70.60220775772146,0.155,114.4,633.3,33.0,1638.0
IN,300,1.0,t300p100,2025,P_mix,Asia-Pacific,1.723,0.11316295058010603,122.09621423030696,40.90536295508982,5.168726045294821,168.1703032306916,70.86632943612094,0.167,90.1,457.8,29.2,977.1
IN,500,1.0,t500p100,2025,P_mix,Asia-Pacific,1.723,0.11316295058010603,122.09621423030696,40.90536295508982,5.168726045294821,168.1703032306916,70.86632943612094,0.167,90.1,457.8,29.2,977.1
IR,50,1.0,t50p100,2025,P_mix,Asia-Pacific,4.469,0.424916332259805,312.0640436690439,145.02840613461728,13.406158248033515,470.4986080516947,69.83299120346092,0.134,367.7,1923.7,78.7,2237.9
IR,100,1.0,t100p100,2025,P_mix,Asia-Pacific,4.451,0.27888281068417203,308.7960343859074,145.02360594247372,13.353462739343998,467.1731030677251,69.37437286796444,0.141,350.4,1902.7,86.0,2308.5
IR,150,1.0,t150p100,2025,P_mix,Asia-Pacific,4.052,0.2560590173257368,282.1182658146707,128.36254594092975,12.155183368953985,422.63599512455437,69.62912625454233,0.199,293.8,1558.8,96.8,2411.2
IR,200,1.0,t200p100,2025,P_mix,Asia-Pacific,4.172,0.23264268728268525,291.99774420173367,140.03987614308105,12.51468614367231,444.552306488487,69.99721947067125,0.19,319.3,1628.3,105.3,2963.8
IR,300,1.0,t300p100,2025,P_mix,Asia-Pacific,3.768,0.20541359132293624,264.85376132443264,117.11903388490386,11.30545816884554,393.27825337818194,70.28121037702563,0.147,283.3,1458.3,67.0,2245.3
IR,500,1.0,t500p100,2025,P_mix,Asia-Pacific,3.768,0.20541359132293624,264.85376132443264,117.11903388490386,11.30545816884554,393.27825337818194,70.28121037702563,0.147,283.3,1458.3,67.0,2245.3
IT,50,1.0,t50p100,2025,P_mix,Europe,2.824,0.4053403736686198,298.5761012647862,131.01257495030853,8.470552860566904,438.0592290756615,105.74614414653601,0.112,298.4,1256.4,46.9,4616.1
IT,100,1.0,t100p100,2025,P_mix,Europe,2.491,0.25666311002662867,262.4519449784023,119.79316955388882,7.471997510433187,389.7171120427243,105.37421002025492,0.15,234.8,977.8,49.7,5052.7
IT,150,1.0,t150p100,2025,P_mix,Europe,2.499,0.2527152637131953,263.4081354706549,117.13637941250535,7.495582382192215,388.0400972653525,105.42535137621304,0.16,228.6,952.1,52.8,4909.6
IT,200,1.0,t200p100,2025,P_mix,Europe,2.425,0.1526773158051483,253.53779062243285,101.86170884967922,7.274504601044646,362.67400407315677,104.55878627914721,0.209,207.0,760.5,52.5,4457.7
IT,300,1.0,t300p100,2025,P_mix,Europe,2.137,0.14605161801482835,223.31371636708585,100.66124107245189,6.4122703244286265,330.38722776396634,104.47799534417709,0.294,141.2,531.9,67.0,5451.3
IT,500,1.0,t500p100,2025,P_mix,Europe,2.137,0.14605161801482835,223.31371636708585,100.66124107245189,6.4122703244286265,330.38722776396634,104.47799534417709,0.294,141.2,531.9,67.0,5451.3
JM,50,1.0,t50p100,2025,P_mix,North America,1.91,0.43659564045215055,177.1545155319197,91.09507002121605,5.730018722694776,273.9796042758306,92.75075219052997,0.249,193.8,890.6,92.9,2433.7
JM,100,1.0,t100p100,2025,P_mix,North America,1.682,0.2569995418212814,152.37151627109932,97.99352022088495,5.044849687366079,255.40988617935034,90.61014245044014,0.147,207.9,985.6,66.8,2911.1
JM,150,1.0,t150p100,2025,P_mix,North America,1.68,0.2571095736411167,152.20995765875222,97.12411170103282,5.038665565125151,254.37273492491016,90.62515999013631,0.171,197.2,931.0,75.5,3009.5
JM,200,1.0,t200p100,2025,P_mix,North America,1.677,0.23849951715723922,151.69881624356236,80.61910695179562,5.029910334974835,237.34783353033282,90.47804402520521,0.172,188.0,817.8,54.4,2304.0
JM,300,1.0,t300p100,2025,P_mix,North America,1.5,0.1286643205951489,132.40650353357583,66.58254215193831,4.500671332343684,203.48971701785783,88.25783561357716,0.193,152.2,630.1,51.8,2032.5
JM,500,1.0,t500p100,2025,P_mix,North America,1.502,0.1286643431348342,132.5584330487513,65.61692818846608,4.505922720898861,202.6812839581162,88.2561294941438,0.19,152.6,632.4,51.8,1931.2
JO,50,1.0,t50p100,2025,P_mix,Asia-Pacific,1.77,0.2720028796650129,119.31773862878718,97.72116497646728,5.308794872872101,222.34769847812657,67.426454488852,0.799,30.5,114.0,147.3,6489.1
JO,100,1.0,t100p100,2025,P_mix,Asia-Pacific,1.609,0.1829378256918298,108.46152496484808,86.42038129860944,4.827551655282179,199.70945791873967,67.40157291502351,0.801,26.5,106.9,146.7,5508.4
JO,150,1.0,t150p100,2025,P_mix,Asia-Pacific,1.604,0.1711632942446697,108.11504289006916,84.53309046281201,4.811603952667038,197.45973730554823,67.40894135528869,0.755,32.9,129.2,141.3,5276.9
JO,200,1.0,t200p100,2025,P_mix,Asia-Pacific,1.628,0.14075967761960842,109.84295824682046,84.64832265821153,4.882924825382892,199.3742057304149,67.48596108370798,0.814,25.6,82.3,137.9,5568.9
JO,300,1.0,t300p100,2025,P_mix,Asia-Pacific,1.585,0.12561164556375592,106.99359958646892,68.27700778129353,4.754640395657613,180.02524776342008,67.5089537901871,0.761,30.0,97.0,118.4,4228.1
JO,500,1.0,t500p100,2025,P_mix,Asia-Pacific,1.585,0.12561164556375592,106.99359958646892,68.27700778129353,4.754640395657613,180.02524776342008,67.5089537901871,0.761,30.0,97.0,118.4,4228.1
JP,50,1.0,t50p100,2025,P_mix,Asia-Pacific,1.823,0.39527122238421186,172.98421342969522,111.86460720887328,5.468715451799456,290.3175360903679,94.89479656842008,0.52,105.7,498.4,125.8,6034.0
JP,100,1.0,t100p100,2025,P_mix,Asia-Pacific,1.618,0.24810797495437437,153.61343845286808,99.24389155825953,4.853180908153687,257.7105109192813,94.95634390722158,0.544,83.0,385.5,89.3,5928.8
JP,150,1.0,t150p100,2025,P_mix,Asia-Pacific,1.848,0.21437029216292514,175.5902110614943,99.38463902035681,5.544794419875501,280.5196445017266,95.00273469044319,0.448,102.0,492.5,114.6,5071.1
JP,200,1.0,t200p100,2025,P_mix,Asia-Pacific,1.822,0.14719235969859212,173.35132962206987,80.45185440849457,5.46738348455504,259.27056751511947,95.11935468498291,0.419,97.2,446.5,108.2,3639.9
JP,300,1.0,t300p100,2025,P_mix,Asia-Pacific,1.742,0.14118141574195014,165.73501995067826,72.65609353277455,5.2257032835903825,243.61681676704316,95.1460564960403,0.607,55.9,243.2,113.1,3938.4
JP,500,1.0,t500p100,2025,P_mix,Asia-Pacific,1.742,0.14118141574195014,165.73501995067826,72.65609353277455,5.2257032835903825,243.61681676704316,95.1460564960403,0.607,55.9,243.2,113.1,3938.4
KE,50,1.0,t50p100,2025,P_mix,Africa/MENA,2.126,0.3186854661270788,108.69260405716679,92.90302729456911,6.37658578510332,207.97221713683925,51.13674043769094,0.432,114.8,493.3,100.5,4598.8
KE,100,1.0,t100p100,2025,P_mix,Africa/MENA,2.007,0.2204493664370997,101.78761882275543,72.37518007408075,6.021622433599557,180.18442133043573,50.711059990144044,0.49,93.3,381.7,106.1,3231.0
KE,150,1.0,t150p100,2025,P_mix,Africa/MENA,1.967,0.18271770559743783,100.66891723551466,84.46093430396326,5.89988482320248,191.02973636268038,51.18858431250047,0.542,85.6,331.2,114.4,4492.8
KE,200,1.0,t200p100,2025,P_mix,Africa/MENA,1.989,0.14621645612405468,103.41528020924436,86.00112540398324,5.965947259484584,195.38235287271215,52.00277963143344,0.459,89.4,381.5,98.9,4587.1
KE,300,1.0,t300p100,2025,P_mix,Africa/MENA,1.799,0.13537968378626952,94.51777264606328,67.82608597756573,5.395887772420756,167.73974639604975,52.54989167630105,0.514,76.5,284.9,96.1,3439.4
KE,500,1.0,t500p100,2025,P_mix,Africa/MENA,1.799,0.13537968378626952,94.51777264606328,67.82608597756573,5.395887772420756,167.73974639604975,52.54989167630105,0.514,76.5,284.9,96.1,3439.4
KH,50,1.0,t50p100,2025,P_mix,Asia-Pacific,1.957,0.3387863073390799,241.23952476017504,73.3287426018982,5.869523724350778,320.437791086424,123.30107318214732,0.174,182.4,903.9,57.6,1231.2
KH,100,1.0,t100p100,2025,P_mix,Asia-Pacific,1.867,0.22819247095640496,228.45685360035964,71.17431795309128,5.601943348821881,305.2331149022728,122.34514312702149,0.177,162.6,805.0,50.2,1648.3
KH,150,1.0,t150p100,2025,P_mix,Asia-Pacific,1.909,0.19051271775387452,232.59179077941374,66.40248828040933,5.726516128950835,304.7207951887739,121.84989208544881,0.149,166.2,858.5,48.8,973.8
KH,200,1.0,t200p100,2025,P_mix,Asia-Pacific,1.77,0.1531937024251054,214.08743718875118,62.92964442015968,5.311065598206167,282.328147207117,120.92908658164194,0.277,126.4,541.4,77.9,1870.1
KH,300,1.0,t300p100,2025,P_mix,Asia-Pacific,1.686,0.14528139863638848,203.13648238251145,50.580631718029544,5.056940948180245,258.7740550487212,120.50950434112389,0.291,119.9,467.0,69.4,1203.6
KH,500,1.0,t500p100,2025,P_mix,Asia-Pacific,1.699,0.14502746729165314,204.7497871085825,50.248941006584154,5.097254828913577,260.0959829440802,120.50591581992146,0.283,121.7,478.9,70.2,1102.6
KR,50,1.0,t50p100,2025,P_mix,Asia-Pacific,1.972,0.40966770923541956,228.92046958862076,95.8781864100205,5.91657619949102,330.7152321981323,116.07412557704257,0.436,131.3,612.7,143.5,3733.7
KR,100,1.0,t100p100,2025,P_mix,Asia-Pacific,1.888,0.25452481595700627,218.1558834210454,83.9242983458953,5.665368732561779,307.74555049950243,115.52075092686819,0.373,122.2,602.9,122.9,2973.7
KR,150,1.0,t150p100,2025,P_mix,Asia-Pacific,1.874,0.2185090157682086,216.09800178016937,74.07571651241499,5.621107329141078,295.7948256217254,115.3320809192891,0.456,96.9,464.6,137.1,2614.0
KR,200,1.0,t200p100,2025,P_mix,Asia-Pacific,1.815,0.14283004250376946,207.79413302299335,92.4957945110281,5.446469240847775,305.73639677486926,114.4562415580533,0.636,53.8,232.6,170.4,5097.4
KR,300,1.0,t300p100,2025,P_mix,Asia-Pacific,1.75,0.1365323276675476,200.05344916733915,76.91772512054762,5.251029737565678,282.22220402545247,114.29383901761057,0.595,67.7,249.0,143.7,3874.2
KR,500,1.0,t500p100,2025,P_mix,Asia-Pacific,1.75,0.1365323276675476,200.05344916733915,76.91772512054762,5.251029737565678,282.22220402545247,114.29383901761057,0.595,67.7,249.0,143.7,3874.2
KW,50,1.0,t50p100,2025,P_mix,Asia-Pacific,2.8,0.3016177364076474,148.578189573028,58.198609941120985,8.398623834417815,215.17542334856677,53.07233393314401,0.485,79.6,444.4,86.5,1949.0
KW,100,1.0,t100p100,2025,P_mix,Asia-Pacific,2.521,0.20285012256109994,132.4350834619813,67.13862932572654,7.561839681406387,207.13555246911426,52.54081905000818,0.521,62.9,396.7,93.9,2956.0
KW,150,1.0,t150p100,2025,P_mix,Asia-Pacific,2.116,0.17391708600384925,111.5760139138181,77.60519097199578,6.348083045329058,195.52928793114293,52.728995407164525,0.541,63.8,344.0,89.8,4200.3
KW,200,1.0,t200p100,2025,P_mix,Asia-Pacific,2.336,0.1489428506336431,124.90086433698504,63.21410504734354,7.007405473930636,195.1223748582592,53.47237210761477,0.614,46.8,249.0,94.7,3312.2
KW,300,1.0,t300p100,2025,P_mix,Asia-Pacific,2.223,0.13539450924188967,119.26560425374123,51.092463739648665,6.67027744838154,177.02834544177142,53.640469310319176,0.66,34.1,202.6,91.3,2501.6
KW,500,1.0,t500p100,2025,P_mix,Asia-Pacific,2.223,0.13539450924188967,119.26560425374123,51.092463739648665,6.67027744838154,177.02834544177142,53.640469310319176,0.66,34.1,202.6,91.3,2501.6
KZ,50,1.0,t50p100,2025,P_mix,Asia-Pacific,2.913,0.4257089814572089,268.9793894950744,109.71933741772104,8.738056535190774,387.4367834479862,92.34755637428584,0.203,237.8,1201.2,114.3,2306.9
KZ,100,1.0,t100p100,2025,P_mix,Asia-Pacific,2.649,0.2615033001882537,244.18636045158152,93.25443882192505,7.945803851127545,345.3866031246341,92.19445824235828,0.209,200.0,1024.5,88.7,2059.5
KZ,150,1.0,t150p100,2025,P_mix,Asia-Pacific,2.595,0.20913406673664905,238.77220759308008,87.94711893147407,7.785561703300743,334.5048882278549,92.00577300357861,0.192,189.7,978.9,77.4,1959.0
KZ,200,1.0,t200p100,2025,P_mix,Asia-Pacific,2.762,0.15922383505267063,253.8623601346502,91.30537691042682,8.286402178521485,353.4541392235985,91.9080517691987,0.196,199.9,1003.2,88.1,1984.2
KZ,300,1.0,t300p100,2025,P_mix,Asia-Pacific,2.613,0.15218035855958814,240.10106633200851,79.82645558359513,7.8397417320698475,327.7672636476735,91.87843472566206,0.157,197.6,886.4,45.7,1994.3
KZ,500,1.0,t500p100,2025,P_mix,Asia-Pacific,2.613,0.15218035855958814,240.10106633200851,79.82645558359513,7.8397417320698475,327.7672636476735,91.87843472566206,0.157,197.6,886.4,45.7,1994.3
LC,50,1.0,t50p100,2025,P_mix,North America,2.646,0.22420061647943867,110.37477382660612,39.84395751424634,7.938689602337938,158.15742094319037,41.71019879430764,0.307,93.6,386.3,57.1,838.9
LC,100,1.0,t100p100,2025,P_mix,North America,2.646,0.22420061647943867,110.37477382660612,39.84395751424634,7.938689602337938,158.15742094319037,41.71019879430764,0.307,93.6,386.3,57.1,838.9
LC,150,1.0,t150p100,2025,P_mix,North America,2.386,0.1333288523827898,99.77499518592899,38.734674974029325,7.158905938411142,145.66857609836944,41.8115544655724,0.277,79.3,388.1,56.5,792.5
LC,200,1.0,t200p100,2025,P_mix,North America,2.428,0.13365236805211478,101.47115563375745,38.46061836136785,7.2845630814486855,147.21633707657398,41.788843544578604,0.281,80.4,390.6,57.0,746.3
LC,300,1.0,t300p100,2025,P_mix,North America,2.173,0.11030264391791625,93.07426541987019,34.34264432761362,6.519735576731991,133.93664532421582,42.827319140996636,0.398,63.3,243.9,59.3,1064.1
LC,500,1.0,t500p100,2025,P_mix,North America,2.173,0.11030264391791625,93.07426541987019,34.34264432761362,6.519735576731991,133.93664532421582,42.827319140996636,0.398,63.3,243.9,59.3,1064.1
LK,50,1.0,t50p100,2025,P_mix,Asia-Pacific,2.383,0.28436395503227174,127.22039689810632,87.7712855451186,7.150019338068274,222.14170178129316,53.37904313940431,0.341,142.6,569.7,69.9,4057.1
LK,100,1.0,t100p100,2025,P_mix,Asia-Pacific,2.272,0.19995722570874208,121.65365646229716,76.15102922134528,6.816487712597167,204.6211733962396,53.54091209061084,0.284,122.8,621.9,57.8,2988.1
LK,150,1.0,t150p100,2025,P_mix,Asia-Pacific,2.217,0.17339341059046282,119.27214557221065,76.1725730712078,6.651949191983459,202.0966678354019,53.791216136745845,0.384,105.1,448.5,74.2,3631.7
LK,200,1.0,t200p100,2025,P_mix,Asia-Pacific,2.113,0.1464575272677843,114.78824498480391,66.4194293255672,6.339277197510076,187.54695150788118,54.3223973688471,0.353,105.5,446.5,63.4,2880.1
LK,300,1.0,t300p100,2025,P_mix,Asia-Pacific,1.946,0.13267302691982882,106.62340168875266,57.85362226105021,5.838074619078363,170.3150985688812,54.790359140143494,0.409,95.8,347.5,60.4,2614.3
LK,500,1.0,t500p100,2025,P_mix,Asia-Pacific,1.946,0.13267302691982882,106.62340168875266,57.85362226105021,5.838074619078363,170.3150985688812,54.790359140143494,0.409,95.8,347.5,60.4,2614.3
LY,50,1.0,t50p100,2025,P_mix,Africa/MENA,1.539,0.23936209288760585,76.7833792520031,54.29545464351435,4.6183471162624565,135.69718101177992,49.87718158838335,0.852,25.1,53.7,128.4,3035.0
LY,100,1.0,t100p100,2025,P_mix,Africa/MENA,1.568,0.15086244507663402,77.61011831422165,46.77010133549118,4.703991834387135,129.08421148409997,49.4963348449348,0.794,25.5,69.7,131.1,2238.0
LY,150,1.0,t150p100,2025,P_mix,Africa/MENA,1.537,0.15031194131831616,76.10412972986926,49.163982325829124,4.612246188640549,129.88035824433894,49.50134486574365,0.867,19.2,41.4,135.8,2549.8
LY,200,1.0,t200p100,2025,P_mix,Africa/MENA,1.543,0.11797601248768633,77.50897858603112,41.324794721118394,4.630251201159466,123.46402450830898,50.21907573823767,0.806,25.5,52.3,107.6,2109.7
LY,300,1.0,t300p100,2025,P_mix,Africa/MENA,1.608,0.11114398072894661,80.985633821655,35.0919270908482,4.824891603758275,120.90245251626148,50.35489321163552,0.781,27.3,54.0,103.9,1569.6
LY,500,1.0,t500p100,2025,P_mix,Africa/MENA,1.602,0.11173996115880198,80.67840675650982,36.00769915383319,4.8070225314814,121.49312844182438,50.35034029577146,0.79,26.4,51.7,106.6,1633.1
MA,50,1.0,t50p100,2025,P_mix,Africa/MENA,1.887,0.3531222553779846,123.38810951244763,93.76012234159573,5.661229202370045,222.80946105641345,65.38585796568263,0.787,54.1,186.8,160.8,5537.4
MA,100,1.0,t100p100,2025,P_mix,Africa/MENA,1.893,0.24702301153652365,123.85003380326702,81.26112680314607,5.6776745356439235,210.78883514205702,65.44054243990966,0.688,63.7,253.1,149.7,4194.6
MA,150,1.0,t150p100,2025,P_mix,Africa/MENA,1.8,0.18165823637634446,118.19969189214552,85.88662725135447,5.401326411458816,209.48764555495882,65.6503696803364,0.655,56.1,243.1,134.8,4880.8
MA,200,1.0,t200p100,2025,P_mix,Africa/MENA,2.069,0.15601296993586117,136.13702209735123,67.46919942134984,6.206722305223676,209.81294382392477,65.80140792642325,0.824,39.5,104.8,182.1,3285.4
MA,300,1.0,t300p100,2025,P_mix,Africa/MENA,2.066,0.15606696160274294,135.9286709810163,67.46280702963291,6.19726971111926,209.58874772176847,65.80091426574364,0.824,39.3,104.3,181.6,3293.9
MA,500,1.0,t500p100,2025,P_mix,Africa/MENA,2.04,0.15539361364295048,134.22214241552803,69.27216348582508,6.1186231423814545,209.61292904373457,65.80997356373547,0.826,38.4,101.6,177.2,3530.6
MG,50,1.0,t50p100,2025,P_mix,Africa/MENA,1.383,0.3528751741248755,183.0240600718858,93.91896356194725,4.147644091657855,281.09066772549085,132.38170105289572,0.308,149.7,632.2,83.1,4148.3
MG,100,1.0,t100p100,2025,P_mix,Africa/MENA,1.36,0.22346735802805978,175.298504170106,86.69902516065352,4.080552974802316,266.07808230556185,128.8784916548711,0.228,137.4,642.8,56.2,3822.8
MG,150,1.0,t150p100,2025,P_mix,Africa/MENA,1.309,0.2088694891161288,169.27728509347457,87.21741268649232,3.9274157083393653,260.42211348830625,129.30432961351892,0.313,119.6,511.2,64.8,4424.2
MG,200,1.0,t200p100,2025,P_mix,Africa/MENA,1.423,0.14547932078537174,178.89879831588974,71.09022109497954,4.270179184747259,254.25919859561654,125.68474804633672,0.277,120.1,514.5,78.4,2758.2
MG,300,1.0,t300p100,2025,P_mix,Africa/MENA,1.325,0.11855766023651812,165.3429795559729,58.431075005324786,3.975100088592348,227.74915464989007,124.78401238032036,0.395,89.3,329.1,76.5,2573.2
MG,500,1.0,t500p100,2025,P_mix,Africa/MENA,1.325,0.11855766023651812,165.3429795559729,58.431075005324786,3.975100088592348,227.74915464989007,124.78401238032036,0.395,89.3,329.1,76.5,2573.2
MM,50,1.0,t50p100,2025,P_mix,Asia-Pacific,1.71,0.3380571800556593,183.86963054782524,115.90630716315444,5.131223516404254,304.90716122738394,107.50046063672947,0.465,111.8,487.7,103.9,6702.1
MM,100,1.0,t100p100,2025,P_mix,Asia-Pacific,1.73,0.2340217548215373,185.35040844323746,98.81084920343525,5.191397818181574,289.3526554648543,107.110116543618,0.217,150.7,778.3,59.9,4227.9
MM,150,1.0,t150p100,2025,P_mix,Asia-Pacific,1.62,0.18429051666462046,172.56183531110045,98.46388817185539,4.858573797083653,275.8842972800395,106.55091958138851,0.278,131.7,636.7,63.4,4862.0
MM,200,1.0,t200p100,2025,P_mix,Asia-Pacific,1.57,0.15776716724052306,166.8363517830155,105.99908206702636,4.708588382761393,277.54402223280323,106.29705012684053,0.329,107.3,524.5,71.3,6054.3
MM,300,1.0,t300p100,2025,P_mix,Asia-Pacific,1.639,0.14261679464490623,173.7944498876975,78.23044866344307,4.916074404191179,256.94097295533174,106.05684674312286,0.502,75.6,283.6,110.0,4228.9
MM,500,1.0,t500p100,2025,P_mix,Asia-Pacific,1.639,0.14261679464490623,173.7944498876975,78.23044866344307,4.916074404191179,256.94097295533174,106.05684674312286,0.502,75.6,283.6,110.0,4228.9
MN,50,1.0,t50p100,2025,P_mix,Asia-Pacific,1.865,0.2864831171661198,119.13275955182534,78.92324680017447,5.594967611915491,203.6509739639153,63.878525032804724,0.861,26.3,74.6,136.3,5095.6
MN,100,1.0,t100p100,2025,P_mix,Asia-Pacific,1.653,0.19762899802597358,105.23831385059238,77.9170459230348,4.958190446648364,188.11355022027556,63.67543662329334,0.814,33.9,99.0,133.4,4900.4
MN,150,1.0,t150p100,2025,P_mix,Asia-Pacific,1.791,0.1425961162131966,115.68265486415896,73.48108543847728,5.37293757971336,194.53667788234958,64.59184746586817,0.859,19.5,55.6,127.2,4823.0
MN,200,1.0,t200p100,2025,P_mix,Asia-Pacific,1.73,0.13785567162879744,111.99712006475585,65.03280679267931,5.189021002539238,182.21894785997438,64.75043366173504,0.941,7.5,20.8,137.2,4126.6
MN,300,1.0,t300p100,2025,P_mix,Asia-Pacific,1.618,0.1351533076195177,104.94973743580998,71.92875910089515,4.854789153332576,181.7332856900377,64.85332366932985,0.87,15.9,50.1,118.5,4827.9
MN,500,1.0,t500p100,2025,P_mix,Asia-Pacific,1.618,0.1351533076195177,104.94973743580998,71.92875910089515,4.854789153332576,181.7332856900377,64.85332366932985,0.87,15.9,50.1,118.5,4827.9
MR,50,1.0,t50p100,2025,P_mix,Africa/MENA,2.091,0.26107399466817743,104.9693848253011,94.75202624589494,6.273584303745171,205.99499537494123,50.19589109337585,0.607,110.0,237.2,130.1,5565.8
MR,100,1.0,t100p100,2025,P_mix,Africa/MENA,1.962,0.19059385408819984,98.17826762346587,97.5041448465476,5.887475859805626,201.5698883298191,50.02734786247138,0.589,121.6,262.3,133.4,5618.3
MR,150,1.0,t150p100,2025,P_mix,Africa/MENA,1.902,0.16617862692120147,95.3035101947105,83.59797663905164,5.705280727264888,184.60676756102703,50.11331505876633,0.584,108.0,232.9,133.5,4526.6
MR,200,1.0,t200p100,2025,P_mix,Africa/MENA,1.947,0.13626157890546134,99.08144646166905,81.7454563689616,5.842066088245032,186.66896891887566,50.880002878279875,0.523,134.2,289.5,107.6,4324.1
MR,300,1.0,t300p100,2025,P_mix,Africa/MENA,1.971,0.136697235475991,100.33453405789125,80.8416839999933,5.912601668690069,187.0888197265746,50.9088247509767,0.55,120.2,259.3,113.4,4358.3
MR,500,1.0,t500p100,2025,P_mix,Africa/MENA,1.971,0.136697235475991,100.33453405789125,80.8416839999933,5.912601668690069,187.0888197265746,50.9088247509767,0.55,120.2,259.3,113.4,4358.3
MU,50,1.0,t50p100,2025,P_mix,Africa/MENA,2.601,0.28472292165536717,151.09074074697602,73.34789035525014,7.801876981522408,232.24050808374855,58.097842777377195,0.127,200.2,951.9,42.3,1137.9
MU,100,1.0,t100p100,2025,P_mix,Africa/MENA,2.601,0.28472292165536717,151.09074074697602,73.34789035525014,7.801876981522408,232.24050808374855,58.097842777377195,0.127,200.2,951.9,42.3,1137.9
MU,150,1.0,t150p100,2025,P_mix,Africa/MENA,2.419,0.1792198775878497,141.01989509754387,66.25799720102133,7.258113354373319,214.53600565293848,58.28783109838308,0.097,176.8,922.5,35.5,798.0
MU,200,1.0,t200p100,2025,P_mix,Africa/MENA,1.979,0.1543813073700635,115.75946056476481,57.37474067805961,5.935816720896289,179.0700179637207,58.505576911049886,0.48,78.2,330.2,78.6,2489.4
MU,300,1.0,t300p100,2025,P_mix,Africa/MENA,2.022,0.12883125200352477,119.96425268747689,64.77153347269783,6.065792581942659,190.80157874211736,59.33153057916944,0.262,118.6,523.0,40.5,2620.5
MU,500,1.0,t500p100,2025,P_mix,Africa/MENA,2.022,0.12883125200352477,119.96425268747689,64.77153347269783,6.065792581942659,190.80157874211736,59.33153057916944,0.262,118.6,523.0,40.5,2620.5
MX,50,1.0,t50p100,2025,P_mix,North America,2.211,0.2528756885918554,94.65836632896813,62.5301703142388,6.633409586715379,163.8219462299223,42.80982431050513,0.723,45.8,210.3,107.7,3264.9
MX,100,1.0,t100p100,2025,P_mix,North America,2.091,0.16932269327025357,89.34745433623857,52.227863012464674,6.271874936599114,147.84719228530236,42.737198320804104,0.854,26.8,90.1,125.4,2712.9
MX,150,1.0,t150p100,2025,P_mix,North America,2.091,0.1693226932702535,89.34745433623857,52.227863012464674,6.271874936599114,147.84719228530236,42.737198320804104,0.854,26.8,90.1,125.4,2712.9
MX,200,1.0,t200p100,2025,P_mix,North America,1.892,0.16161653488616376,81.19404521121844,54.63739277501489,5.674932005029793,141.50636999126314,42.922476501527306,0.843,27.2,92.7,126.6,2905.6
MX,300,1.0,t300p100,2025,P_mix,North America,1.881,0.11920743640725157,83.02118661525286,47.20189356169417,5.643761394832695,135.86684157177973,44.13077421625177,0.88,17.9,55.2,101.0,2748.5
MX,500,1.0,t500p100,2025,P_mix,North America,1.881,0.11920743640725157,83.02118661525286,47.20189356169417,5.643761394832695,135.86684157177973,44.13077421625177,0.88,17.9,55.2,101.0,2748.5
MY,50,1.0,t50p100,2025,P_mix,Asia-Pacific,1.777,0.36593373329113765,349.3108249046046,105.04543177643548,5.330074393846898,459.68633107488694,196.6074762340207,0.199,201.3,977.7,74.8,3519.5
MY,100,1.0,t100p100,2025,P_mix,Asia-Pacific,1.815,0.26187319005491505,352.1049396947327,94.08352862514404,5.443673997586227,451.632142317463,194.0444669450412,0.141,211.6,1089.8,59.6,2160.3
MY,150,1.0,t150p100,2025,P_mix,Asia-Pacific,1.668,0.20328792557582495,318.2195724063263,80.21728879162556,5.003756769457258,403.440617967409,190.78839384163956,0.181,172.9,858.3,60.2,2072.3
MY,200,1.0,t200p100,2025,P_mix,Asia-Pacific,1.599,0.16152237220793833,298.41689216637894,75.59359373016062,4.796463643274834,378.80694953981435,186.64806888599654,0.212,155.6,750.6,57.0,2239.5
MY,300,1.0,t300p100,2025,P_mix,Asia-Pacific,1.626,0.1534220926272581,301.77725050623854,76.62294029836988,4.878157660230229,383.2783484648386,185.58886665339764,0.211,153.8,732.0,59.7,2390.7
MY,500,1.0,t500p100,2025,P_mix,Asia-Pacific,1.626,0.1534220926272581,301.77725050623854,76.62294029836988,4.878157660230229,383.2783484648386,185.58886665339764,0.211,153.8,732.0,59.7,2390.7
NE,50,1.0,t50p100,2025,P_mix,Africa/MENA,2.029,0.3905928794481973,145.81866000358588,80.11673792610522,6.088399788846451,232.02379771853757,71.85073174927655,0.572,164.4,354.6,169.3,2991.2
NE,100,1.0,t100p100,2025,P_mix,Africa/MENA,2.015,0.27024911478384345,144.79893241916614,76.68699723316841,6.043800287428818,227.52972993976334,71.8747768951019,0.599,143.5,309.5,174.0,2903.2
NE,150,1.0,t150p100,2025,P_mix,Africa/MENA,2.045,0.21878590853401048,147.05798401194352,74.02302693043909,6.133989729102062,227.21500067148466,71.92283840038533,0.51,161.9,349.1,164.1,2532.3
NE,200,1.0,t200p100,2025,P_mix,Africa/MENA,1.945,0.18120071477343613,140.03598797712922,63.542508110315005,5.835386748257781,209.41388283570203,71.99316550129534,0.492,155.8,336.0,136.8,1995.4
NE,300,1.0,t300p100,2025,P_mix,Africa/MENA,1.922,0.16102558605789744,138.46110199145787,68.47395021545118,5.765910198861371,212.7009624057704,72.04123748864531,0.464,163.0,344.6,142.7,2307.3
NE,500,1.0,t500p100,2025,P_mix,Africa/MENA,1.922,0.16102558605789744,138.46110199145787,68.47395021545118,5.765910198861371,212.7009624057704,72.04123748864531,0.464,163.0,344.6,142.7,2307.3
NG,50,1.0,t50p100,2025,P_mix,Africa/MENA,1.549,0.2749753748452402,275.20875547026566,65.58206442162285,4.6474908809639786,345.43831077285245,177.64989486962642,0.197,135.9,617.2,75.3,1768.1
NG,100,1.0,t100p100,2025,P_mix,Africa/MENA,1.549,0.2749753748452402,275.20875547026566,65.58206442162285,4.6474908809639786,345.43831077285245,177.64989486962642,0.197,135.9,617.2,75.3,1768.1
NG,150,1.0,t150p100,2025,P_mix,Africa/MENA,1.488,0.16048566424646407,261.21835955611806,59.57704831342411,4.46534820580713,325.2607560753493,175.49696967623305,0.188,118.6,553.1,62.0,1740.4
NG,200,1.0,t200p100,2025,P_mix,Africa/MENA,1.473,0.13770005674394242,255.89855355552598,60.3408623503494,4.417500284720674,320.65691619059606,173.78508459227461,0.204,112.3,509.3,66.2,1978.6
NG,300,1.0,t300p100,2025,P_mix,Africa/MENA,1.471,0.13300193299244228,254.61505906730744,54.40526748851366,4.413882631461232,313.43420918728236,173.05516276246118,0.205,112.6,484.0,67.1,1535.5
NG,500,1.0,t500p100,2025,P_mix,Africa/MENA,1.471,0.13300193299244228,254.61505906730744,54.40526748851366,4.413882631461232,313.43420918728236,173.05516276246118,0.205,112.6,484.0,67.1,1535.5
NI,50,1.0,t50p100,2025,P_mix,North America,2.696,0.31067546444445077,169.65621961976015,70.6022407022465,8.08893219545352,248.34739251746015,62.92161271241097,0.189,204.2,853.1,58.7,1108.6
NI,100,1.0,t100p100,2025,P_mix,North America,2.519,0.19954916316771085,158.09300080842414,65.91999553188059,7.557365946596768,231.57036228690146,62.75718362412338,0.19,169.6,772.5,56.4,1206.1
NI,150,1.0,t150p100,2025,P_mix,North America,2.432,0.19711108775700162,152.64524506692987,62.40274984820229,7.296350665623742,222.3443455807559,62.76229805652308,0.172,165.5,768.4,47.4,1030.0
NI,200,1.0,t200p100,2025,P_mix,North America,2.44,0.19221874234771738,153.25585124607068,60.22396598116848,7.319133514335046,220.79895074157417,62.817210922265964,0.207,159.5,691.2,56.5,1086.9
NI,300,1.0,t300p100,2025,P_mix,North America,2.08,0.14508035392928895,131.4570764809338,50.99770937188223,6.24088061150029,188.69566646431636,63.19159971047647,0.406,97.4,360.4,64.6,1868.5
NI,500,1.0,t500p100,2025,P_mix,North America,2.08,0.14508035392928895,131.4570764809338,50.99770937188223,6.24088061150029,188.69566646431636,63.19159971047647,0.406,97.4,360.4,64.6,1868.5
NL,50,1.0,t50p100,2025,P_mix,Europe,1.956,0.214550438676483,97.38627385865094,62.466992341610776,5.866829384316116,165.72009558457782,49.79841792518981,0.828,25.9,71.2,116.6,3850.5
NL,100,1.0,t100p100,2025,P_mix,Europe,1.826,0.13801402406084745,90.14516589535864,64.77817908055103,5.479155503479195,160.40250047938886,49.35714956700126,0.762,33.3,95.6,110.4,4000.7
NL,150,1.0,t150p100,2025,P_mix,Europe,1.797,0.11147613155680133,91.30144005137369,59.795402432922195,5.389884936710691,156.48672742100658,50.81821288772865,0.859,17.9,47.5,108.1,3848.5
NL,200,1.0,t200p100,2025,P_mix,Europe,1.801,0.10866186336289663,92.13312070307204,55.85944468493153,5.402681346541275,153.39524673454483,51.1596639483778,0.861,16.1,44.5,102.7,3577.0
NL,300,1.0,t300p100,2025,P_mix,Europe,1.794,0.10819115399212914,91.85533418983684,55.893150471574096,5.380774983580697,153.12925964499163,51.21306938320189,0.85,18.7,47.3,102.1,3564.0
NL,500,1.0,t500p100,2025,P_mix,Europe,1.794,0.10819115399212914,91.85533418983684,55.893150471574096,5.380774983580697,153.12925964499163,51.21306938320189,0.85,18.7,47.3,102.1,3564.0
NO,50,1.0,t50p100,2025,P_mix,Europe,3.772,0.3438560913624297,335.043072734815,159.2076197133323,11.316086183668908,505.5667786318162,88.82304375297457,0.638,76.0,264.3,114.4,11685.7
NO,100,1.0,t100p100,2025,P_mix,Europe,2.46,0.20854929606442305,217.40388513523334,122.44194179074269,7.381301505056852,347.2271284310329,88.35998027703958,0.66,62.7,237.5,119.7,8420.7
NO,150,1.0,t150p100,2025,P_mix,Europe,3.249,0.17438841503718494,290.46963261983325,140.23185754825016,9.745797124183333,440.44728729226676,89.41381466860044,0.682,55.5,192.5,112.2,10376.2
NO,200,1.0,t200p100,2025,P_mix,Europe,3.049,0.1673752215631038,273.522801380269,144.50935448347903,9.148353102181355,427.18050896592933,89.69575124348404,0.69,51.1,179.8,105.3,10928.4
NO,300,1.0,t300p100,2025,P_mix,Europe,2.833,0.16800140683156747,253.9394075809264,141.49075710931646,8.498606160596617,403.9287708508395,89.64037259132209,0.727,45.9,143.5,102.0,10877.2
NO,500,1.0,t500p100,2025,P_mix,Europe,2.833,0.16800140683156747,253.9394075809264,141.49075710931646,8.498606160596617,403.9287708508395,89.64037259132209,0.727,45.9,143.5,102.0,10877.2
NP,50,1.0,t50p100,2025,P_mix,Asia-Pacific,1.569,0.48826321040718734,547.0334275592578,133.86247262189994,4.706492389181485,685.6023925703394,348.68860862286056,0.082,316.4,1580.4,42.9,3402.9
NP,100,1.0,t100p100,2025,P_mix,Asia-Pacific,1.618,0.3047644291584057,471.5533876206166,127.52027554495932,4.8545458431663855,603.9282090087423,291.4093735160068,0.08,291.1,1431.0,35.2,3688.2
NP,150,1.0,t150p100,2025,P_mix,Asia-Pacific,1.714,0.2249596863632641,447.97391807585643,118.32800805833655,5.141800897959796,571.4437270321528,261.3717996666932,0.088,289.1,1389.7,40.6,2970.5
NP,200,1.0,t200p100,2025,P_mix,Asia-Pacific,1.613,0.18350546407773508,396.35199994806123,118.9513053163154,4.837524281964381,520.140829546341,245.79845609815595,0.135,247.7,1137.4,52.5,4173.3
NP,300,1.0,t300p100,2025,P_mix,Asia-Pacific,1.526,0.1375545811575018,367.3982321371959,94.98848324633713,4.579310045025335,466.9660254285584,240.69012265481823,0.132,209.2,905.9,35.4,3380.4
NP,500,1.0,t500p100,2025,P_mix,Asia-Pacific,1.537,0.13786891531773457,369.6259987373235,95.79977179923385,4.611232756917437,470.0370032934748,240.47322151511733,0.121,212.6,930.8,31.7,3374.9
NZ,50,1.0,t50p100,2025,P_mix,Asia-Pacific,2.253,0.28184638788963823,144.54835634119195,68.65177252955603,6.758355805886341,219.9584846766343,64.16428514253138,0.652,61.0,211.4,103.6,3812.7
NZ,100,1.0,t100p100,2025,P_mix,Asia-Pacific,2.002,0.17890229046557832,128.23369210112776,69.50915434039857,6.006543257721309,203.74938969924764,64.04700004596731,0.642,58.1,188.4,101.3,4034.8
NZ,150,1.0,t150p100,2025,P_mix,Asia-Pacific,2.002,0.17890229046557832,128.23369210112776,69.50915434039857,6.006543257721309,203.74938969924764,64.04700004596731,0.642,58.1,188.4,101.3,4034.8
NZ,200,1.0,t200p100,2025,P_mix,Asia-Pacific,1.964,0.14850006078493175,126.92046907386919,47.639211664419925,5.891134810193316,180.4508155484824,64.63294755414213,0.73,36.3,115.3,102.1,2432.0
NZ,300,1.0,t300p100,2025,P_mix,Asia-Pacific,1.813,0.13146357514080131,117.96956093616544,45.63109748183182,5.438081140947713,169.03873955894497,65.07969881942911,0.794,30.3,69.6,96.1,2552.2
NZ,500,1.0,t500p100,2025,P_mix,Asia-Pacific,1.813,0.13146357514080134,117.96956093616544,45.63109748183182,5.438081140947713,169.03873955894497,65.07969881942911,0.794,30.3,69.6,96.1,2552.2
OM,50,1.0,t50p100,2025,P_mix,Asia-Pacific,2.363,0.25819657831221227,130.82687747908597,59.03222925658961,7.088146458396368,196.94725319407198,55.37140559113878,0.262,129.6,628.5,62.4,1304.0
OM,100,1.0,t100p100,2025,P_mix,Asia-Pacific,2.291,0.17642888538137322,126.88760559035204,53.22292030560406,6.873483504109078,186.9840094000652,55.381353071334374,0.419,94.1,396.2,88.2,1630.9
OM,150,1.0,t150p100,2025,P_mix,Asia-Pacific,2.041,0.14934397158241414,113.39015083583199,54.189666317915076,6.122232519090909,173.70204967283797,55.56313835626894,0.505,67.1,278.5,90.8,2320.9
OM,200,1.0,t200p100,2025,P_mix,Asia-Pacific,2.06,0.14835862317650494,114.42875123770153,51.38313860870787,6.179799059376294,171.99168890578568,55.549743675282606,0.473,70.8,308.8,89.2,1932.8
OM,300,1.0,t300p100,2025,P_mix,Asia-Pacific,2.042,0.11586034790709453,114.35811415721933,46.956000990367116,6.124648960063979,167.4387641076504,56.01534793401045,0.285,100.1,461.8,51.5,1196.1
OM,500,1.0,t500p100,2025,P_mix,Asia-Pacific,2.042,0.11586034790709453,114.35811415721933,46.956000990367116,6.124648960063979,167.4387641076504,56.01534793401045,0.285,100.1,461.8,51.5,1196.1
PA,50,1.0,t50p100,2025,P_mix,North America,1.671,0.41640660126562357,209.7358174187579,93.89220943082519,5.012246966435521,308.64027381601863,125.53400829403579,0.195,228.0,917.3,96.1,2396.0
PA,100,1.0,t100p100,2025,P_mix,North America,1.559,0.2494694504240119,191.18343066093442,88.34680628897284,4.678386522795476,284.20862347270275,122.59574731334695,0.201,199.5,807.3,75.0,2757.1
PA,150,1.0,t150p100,2025,P_mix,North America,1.626,0.23040830608032764,197.8743450497407,88.7473644810985,4.878003522692901,291.4997130535321,121.69385126263934,0.161,198.2,885.8,82.9,2347.6
PA,200,1.0,t200p100,2025,P_mix,North America,1.729,0.21559925781414904,210.54975482680328,85.7828604808831,5.186857033052966,301.51947234073936,121.77880756212434,0.241,172.1,682.1,119.9,2629.5
PA,300,1.0,t300p100,2025,P_mix,North America,1.562,0.13488819879292308,182.40139810129654,77.9634378212782,4.686560966701613,265.0513968892763,116.76028503455252,0.211,178.6,652.0,82.4,2490.7
PA,500,1.0,t500p100,2025,P_mix,North America,1.562,0.13489245587101695,182.41776679980043,77.94858930489322,4.686958925729211,265.0533150304229,116.76084836059378,0.211,178.6,652.1,82.4,2488.5
PE,50,1.0,t50p100,2025,P_mix,Latin America,2.916,0.23192598672455386,136.84256712659453,64.33468801298228,8.748618832312868,209.9258739718897,46.924858568932706,0.628,50.4,231.3,91.8,3516.4
PE,100,1.0,t100p100,2025,P_mix,Latin America,2.492,0.16053427047630373,116.20058220917298,68.5250631650077,7.4768321171610115,192.2024774913417,46.624257595325524,0.778,26.1,122.4,121.2,4117.7
PE,150,1.0,t150p100,2025,P_mix,Latin America,2.665,0.14176572681714883,124.60170305825785,60.96322041961398,7.995919299857852,193.56084277772968,46.74948497559474,0.591,53.8,236.3,86.6,3235.5
PE,200,1.0,t200p100,2025,P_mix,Latin America,2.543,0.13658457021444645,119.057937089606,57.052762471462785,7.628564147897618,183.73926370896638,46.82058174305999,0.543,57.1,282.3,77.7,2769.7
PE,300,1.0,t300p100,2025,P_mix,Latin America,2.346,0.1095428421389312,111.71315931188177,58.64876564732746,7.03888856486538,177.4008135240746,47.61255627891222,0.702,32.9,132.6,93.5,3485.0
PE,500,1.0,t500p100,2025,P_mix,Latin America,2.346,0.1095428421389312,111.71315931188177,58.64876564732746,7.03888856486538,177.4008135240746,47.61255627891222,0.702,32.9,132.6,93.5,3485.0
PH,50,1.0,t50p100,2025,P_mix,Asia-Pacific,2.848,0.28605319752800706,138.19846202724173,97.72229071614358,8.5446695546881,244.46542229807343,48.520938513561426,0.444,116.4,570.0,99.0,4709.0
PH,100,1.0,t100p100,2025,P_mix,Asia-Pacific,2.54,0.18854159527047895,121.37582434088371,85.96801408245163,7.620704736889563,214.9645431602249,47.78133854996575,0.412,97.2,538.4,67.2,4246.0
PH,150,1.0,t150p100,2025,P_mix,Asia-Pacific,2.664,0.1712044163680304,127.83680373051575,71.06869426697394,7.991484976669092,206.8969829741588,47.98988076824162,0.225,143.0,807.3,45.6,1762.0
PH,200,1.0,t200p100,2025,P_mix,Asia-Pacific,2.159,0.12575766423775103,105.14351632832711,62.10327608679227,6.477273201201958,173.72406561632135,48.69804610471667,0.796,30.1,115.2,118.2,3582.4
PH,300,1.0,t300p100,2025,P_mix,Asia-Pacific,2.193,0.12457951957624806,107.03208075748675,63.74430791732116,6.580150628704973,177.35653930351287,48.79770394187038,0.803,28.9,107.1,109.2,3887.5
PH,500,1.0,t500p100,2025,P_mix,Asia-Pacific,2.193,0.12457951957624806,107.03208075748675,63.74430791732116,6.580150628704973,177.35653930351287,48.79770394187038,0.803,28.9,107.1,109.2,3887.5
PK,50,1.0,t50p100,2025,P_mix,Asia-Pacific,2.679,0.27455532685296813,162.50415290079064,61.16993198937414,8.038244863023177,231.71232975318796,60.64911768798976,0.335,107.8,564.5,69.0,1790.1
PK,100,1.0,t100p100,2025,P_mix,Asia-Pacific,2.638,0.1704965159162692,159.64597038537,61.156955536934895,7.91430119510916,228.71722711741404,60.515502171193766,0.329,102.9,571.3,67.3,1799.4
PK,150,1.0,t150p100,2025,P_mix,Asia-Pacific,2.576,0.14873012934873037,157.4293053461237,53.8399619808623,7.728828570025299,218.9980958970113,61.107309051988096,0.323,97.8,542.6,69.9,1245.2
PK,200,1.0,t200p100,2025,P_mix,Asia-Pacific,2.399,0.13974177832999388,146.51055569339155,53.639912284679355,7.19651743827233,207.34698541634324,61.075606479137925,0.405,74.7,414.7,74.4,1834.3
PK,300,1.0,t300p100,2025,P_mix,Asia-Pacific,2.183,0.12295109168262401,135.0930026727075,47.013526617267274,6.548824568555636,188.65535385853042,61.88576343365206,0.333,92.5,422.1,52.3,1399.0
PK,500,1.0,t500p100,2025,P_mix,Asia-Pacific,2.183,0.12295109168262401,135.0930026727075,47.013526617267274,6.548824568555636,188.65535385853042,61.88576343365206,0.333,92.5,422.1,52.3,1399.0
PL,50,1.0,t50p100,2025,P_mix,Europe,1.727,0.29872914580980114,132.83895846801306,115.43843746832782,5.179684873091523,253.45708080943243,76.93844030441589,0.956,8.5,21.6,152.1,8555.5
PL,100,1.0,t100p100,2025,P_mix,Europe,1.703,0.17329189261347605,131.0073779747571,96.42934494180427,5.107925406456842,232.54464832301824,76.9435930735123,0.962,7.1,15.3,158.3,6768.9
PL,150,1.0,t150p100,2025,P_mix,Europe,1.737,0.14056615390532443,136.03179207466917,84.54567025568103,5.210324140716331,225.78778647106654,78.32437391657176,0.933,9.2,25.6,127.7,6006.2
PL,200,1.0,t200p100,2025,P_mix,Europe,1.655,0.13836093939791502,129.7404828979312,84.126345850281,4.963539375754898,218.83036812396708,78.41610980160632,0.942,6.7,21.3,121.6,6073.7
PL,300,1.0,t300p100,2025,P_mix,Europe,1.646,0.13608460512065806,129.283982677466,73.66575294530557,4.937134703487042,207.88687032625865,78.55810532340989,0.932,10.8,23.4,115.2,5168.3
PL,500,1.0,t500p100,2025,P_mix,Europe,1.646,0.1360846051206581,129.28398267746599,73.66575294530557,4.9371347034870405,207.8868703262586,78.55810532340986,0.932,10.8,23.4,115.2,5168.3
PS,50,1.0,t50p100,2025,P_mix,Asia-Pacific,2.035,0.42202819672577085,444.3173883381578,116.81803631341998,6.105787475897904,567.2412121274756,218.30962349675428,0.128,295.1,1386.5,80.0,2329.8
PS,100,1.0,t100p100,2025,P_mix,Asia-Pacific,1.898,0.2806397727470305,401.02829820204596,91.15431827188998,5.694883524253505,497.8774999981895,211.25715556471138,0.115,258.0,1179.3,52.3,1398.9
PS,150,1.0,t150p100,2025,P_mix,Asia-Pacific,1.682,0.25786941857754136,354.54145292050924,83.2611470784435,5.046391737293536,442.8489917362462,210.76928112837396,0.199,199.4,880.5,77.5,1930.3
PS,200,1.0,t200p100,2025,P_mix,Asia-Pacific,1.801,0.17751313976635247,361.9281588514399,91.06632739398614,5.403791620257293,458.3982778656834,200.93011589936526,0.196,190.0,891.5,94.1,2427.0
PS,300,1.0,t300p100,2025,P_mix,Asia-Pacific,1.761,0.15035062699327126,350.25938395070784,94.09943032525638,5.2818902097255425,449.64070448568975,198.93979430267663,0.219,175.2,814.3,116.6,2829.0
PS,500,1.0,t500p100,2025,P_mix,Asia-Pacific,1.761,0.15035062699327126,350.25938395070784,94.09943032525638,5.2818902097255425,449.64070448568975,198.93979430267663,0.219,175.2,814.3,116.6,2829.0
PT,50,1.0,t50p100,2025,P_mix,Europe,1.816,0.3663578694075282,171.84868808402408,97.21351473736893,5.448314811209904,274.5105176326029,94.6248669756263,0.698,54.4,251.4,136.9,5861.6
PT,100,1.0,t100p100,2025,P_mix,Europe,1.85,0.24928603681467681,174.64038668514812,75.71773704390267,5.550748123211558,255.9088718522624,94.38748587142037,0.68,52.2,229.9,129.2,4091.6
PT,150,1.0,t150p100,2025,P_mix,Europe,1.778,0.1831967659965034,167.27986132714904,70.44431177789396,5.3352505229242775,243.05942362796725,94.06110956274007,0.425,89.2,408.6,89.7,3154.4
PT,200,1.0,t200p100,2025,P_mix,Europe,1.78,0.15290767792325474,167.22988017685853,64.40789314700021,5.3406157800745335,236.97838910393332,93.93853839895098,0.541,59.0,274.1,97.9,3221.8
PT,300,1.0,t300p100,2025,P_mix,Europe,1.78,0.15290977688954469,167.2180866953039,64.34651589458376,5.340208124061243,236.90481071394893,93.9390841015391,0.552,57.4,265.5,99.4,3241.8
PT,500,1.0,t500p100,2025,P_mix,Europe,1.738,0.15206218867824195,163.28164089923317,65.49234520180333,5.2146111478111985,233.9885972488477,93.93699909979071,0.563,55.4,251.8,97.1,3444.1
PY,50,1.0,t50p100,2025,P_mix,Latin America,1.746,0.31096727067492586,158.69328905665677,101.18879703830723,5.237127520266218,265.11921361523025,90.90476894589136,0.452,91.9,420.0,90.3,5905.6
PY,100,1.0,t100p100,2025,P_mix,Latin America,1.639,0.2026075680187723,148.7256096212449,81.01791672436791,4.917486526741619,234.66101287235443,90.73269981267762,0.556,72.4,251.9,106.9,4677.7
PY,150,1.0,t150p100,2025,P_mix,Latin America,1.639,0.2026075680187723,148.7256096212449,81.01791672436791,4.917486526741619,234.66101287235443,90.73269981267762,0.556,72.4,251.9,106.9,4677.7
PY,200,1.0,t200p100,2025,P_mix,Latin America,1.492,0.1651358754683691,135.03249571546425,80.26855684854206,4.475747486941236,219.77680005094757,90.509459778134,0.561,65.8,238.9,100.8,4770.2
PY,300,1.0,t300p100,2025,P_mix,Latin America,1.559,0.14586072289294005,140.72607676374813,87.09500124684098,4.677338257712524,232.49841626830164,90.26035899693774,0.518,78.1,240.5,78.3,5622.7
PY,500,1.0,t500p100,2025,P_mix,Latin America,1.559,0.14586072289294005,140.72607676374813,87.09500124684098,4.677338257712524,232.49841626830164,90.26035899693774,0.518,78.1,240.5,78.3,5622.7
RO,50,1.0,t50p100,2025,P_mix,Europe,2.249,0.3195827774445626,182.39105772174938,88.73207724216202,6.747667478704978,277.87080244261637,81.09071392330398,0.884,22.1,57.9,138.2,6063.4
RO,100,1.0,t100p100,2025,P_mix,Europe,2.131,0.19174191458337445,173.13378941812087,91.05276038875425,6.392037983341595,270.5785877902168,81.25755347636904,0.789,31.6,101.2,134.1,6096.2
RO,150,1.0,t150p100,2025,P_mix,Europe,2.129,0.1916281078601771,173.037432516784,86.03893011268339,6.3883354850600425,265.4646981145275,81.25939828369428,0.812,31.4,89.1,133.8,5695.2
RO,200,1.0,t200p100,2025,P_mix,Europe,2.092,0.14492331229803088,171.24569398086993,70.55274458169322,6.274878634794912,248.07331719735808,81.87203479823161,0.818,21.2,78.6,123.4,4492.6
RO,300,1.0,t300p100,2025,P_mix,Europe,2.03,0.1384556795500023,166.4278046669735,69.86438555695528,6.088906408245712,242.3810966321745,81.9988649069693,0.825,22.3,62.2,106.6,4708.5
RO,500,1.0,t500p100,2025,P_mix,Europe,2.03,0.1384556795500023,166.4278046669735,69.86438555695528,6.088906408245712,242.3810966321745,81.9988649069693,0.825,22.3,62.2,106.6,4708.5
RU,50,1.0,t50p100,2025,P_mix,Europe,2.275,0.34351214802443375,180.82717589816525,146.37272649712705,6.824843697738432,334.0247460930307,79.48629327207287,0.878,24.9,92.5,175.5,10716.7
RU,100,1.0,t100p100,2025,P_mix,Europe,2.222,0.20686442715834996,176.906122230856,108.19259792259938,6.666147977200932,291.7648681306563,79.61394924140468,0.853,27.3,101.3,175.6,7165.5
RU,150,1.0,t150p100,2025,P_mix,Europe,2.171,0.18983357627895825,173.38424016177242,105.47889331173621,6.511776566314943,285.3749100398236,79.87877274168738,0.814,35.9,126.9,161.5,6944.2
RU,200,1.0,t200p100,2025,P_mix,Europe,2.189,0.15881313751073733,176.73614064258254,91.79971342367308,6.5682752907935225,275.10412935704915,80.72262480698973,0.811,31.4,116.4,159.3,5782.5
RU,300,1.0,t300p100,2025,P_mix,Europe,2.091,0.15409975106656484,169.16990358908123,111.16210036997865,6.274463044557059,286.6064670036169,80.88496293041285,0.849,26.2,87.6,143.6,7903.0
RU,500,1.0,t500p100,2025,P_mix,Europe,2.091,0.15409975106656484,169.16990358908123,111.16210036997865,6.274463044557059,286.6064670036169,80.88496293041285,0.849,26.2,87.6,143.6,7903.0
RW,50,1.0,t50p100,2025,P_mix,Africa/MENA,1.85,0.35755886965834144,341.51780850966696,91.19152489191964,5.549681456957622,438.2590148585443,184.61481680980356,0.109,246.4,1100.2,71.6,1561.2
RW,100,1.0,t100p100,2025,P_mix,Africa/MENA,1.85,0.35755886965834144,341.51780850966696,91.19152489191964,5.549681456957622,438.2590148585443,184.61481680980356,0.109,246.4,1100.2,71.6,1561.2
RW,150,1.0,t150p100,2025,P_mix,Africa/MENA,1.671,0.21318048226975664,300.16915629872085,73.96132932361871,5.013998557483967,379.14448417982356,179.59866931992784,0.101,200.0,920.2,41.5,1348.4
RW,200,1.0,t200p100,2025,P_mix,Africa/MENA,1.813,0.1707341683410611,320.1326254471063,73.13619383267607,5.440400084713451,398.7092193644959,176.53074431784154,0.125,208.5,914.2,78.3,805.4
RW,300,1.0,t300p100,2025,P_mix,Africa/MENA,1.726,0.1304097897798523,298.0131766049286,64.26882940564299,5.177424189624264,367.45943020019587,172.68037098572438,0.133,178.5,756.8,61.7,1023.8
RW,500,1.0,t500p100,2025,P_mix,Africa/MENA,1.726,0.1304097897798523,298.0131766049286,64.26882940564299,5.177424189624264,367.45943020019587,172.68037098572438,0.133,178.5,756.8,61.7,1023.8
SA,50,1.0,t50p100,2025,P_mix,Asia-Pacific,2.341,0.26726137710851466,130.2588640196884,61.629861884364345,7.022535658363632,198.91126156241637,55.646081567939014,0.772,35.1,134.7,126.8,3325.0
SA,100,1.0,t100p100,2025,P_mix,Asia-Pacific,2.408,0.1836860596521519,133.56550773530233,55.66477128082362,7.223808964966715,196.45408798109264,55.46887039083693,0.755,33.5,142.4,133.3,2668.0
SA,150,1.0,t150p100,2025,P_mix,Asia-Pacific,2.265,0.16633753073273008,125.77506192223274,61.03591380653483,6.795178622230896,193.60615435099848,55.52836897211952,0.727,37.2,156.6,115.6,3303.4
SA,200,1.0,t200p100,2025,P_mix,Asia-Pacific,2.18,0.1365991836509277,121.56812015354643,47.8734294455088,6.538831066211623,175.98038066526686,55.77516176326828,0.728,31.3,130.4,106.5,2350.4
SA,300,1.0,t300p100,2025,P_mix,Asia-Pacific,2.017,0.13059408476232875,112.67408068790365,45.79623713809443,6.0511766739424955,164.5214944999406,55.86058055771142,0.732,33.7,110.2,102.1,2296.1
SA,500,1.0,t500p100,2025,P_mix,Asia-Pacific,2.017,0.13059408476232875,112.67408068790365,45.79623713809443,6.0511766739424955,164.5214944999406,55.86058055771142,0.732,33.7,110.2,102.1,2296.1
SE,50,1.0,t50p100,2025,P_mix,Europe,2.718,0.33983180276437597,263.22197664758255,221.59036313431739,8.153837146514098,492.966176928414,96.84592857981484,0.863,37.8,126.7,214.2,16927.8
SE,100,1.0,t100p100,2025,P_mix,Europe,2.634,0.1955550882035852,254.882729822064,161.0322404725998,7.90323396542546,423.8182042600892,96.75130368293812,0.862,29.8,91.2,245.7,11171.0
SE,150,1.0,t150p100,2025,P_mix,Europe,2.722,0.1688705176007732,266.4461366580133,158.523783278195,8.165195055144062,433.1351149913523,97.89581321397283,0.869,23.3,96.2,212.5,11359.2
SE,200,1.0,t200p100,2025,P_mix,Europe,2.52,0.1658771106270083,247.26360012628703,159.28472414784673,7.559498041690989,414.10782231582476,98.12699153936516,0.881,17.4,94.9,177.8,11891.2
SE,300,1.0,t300p100,2025,P_mix,Europe,2.438,0.16332793194716066,239.34913092274303,156.69584973186346,7.314694341655807,403.3596749962623,98.16505779046464,0.913,12.1,62.6,178.0,11817.9
SE,500,1.0,t500p100,2025,P_mix,Europe,2.438,0.16332793194716066,239.34913092274303,156.69584973186346,7.314694341655807,403.3596749962623,98.16505779046464,0.913,12.1,62.6,178.0,11817.9
SK,50,1.0,t50p100,2025,P_mix,Europe,3.668,0.39249475156635594,428.35408372316635,169.45797182560892,11.002838484612141,608.8148940333875,116.79370309458803,0.544,110.4,464.6,252.2,9868.8
SK,100,1.0,t100p100,2025,P_mix,Europe,2.955,0.22857562074276716,344.6017193726559,132.06544702540222,8.864492053411897,485.53165845147,116.6231693693109,0.524,93.9,399.5,190.6,7567.6
SK,150,1.0,t150p100,2025,P_mix,Europe,3.006,0.22736752465216858,350.557667633324,135.81253216274763,9.0167248975362,495.3869246936078,116.63580899394393,0.533,93.7,404.6,196.3,7817.2
SK,200,1.0,t200p100,2025,P_mix,Europe,3.098,0.16692344109525817,360.0255249820766,135.11411364160298,9.293556974002163,504.43319559768173,116.21778162738327,0.599,66.7,257.2,232.2,8073.0
SK,300,1.0,t300p100,2025,P_mix,Europe,3.047,0.16210571799112763,354.0011815247056,133.7444507938122,9.140410902772885,496.88604322129066,116.18772458598553,0.604,64.5,240.3,231.2,8043.8
SK,500,1.0,t500p100,2025,P_mix,Europe,3.047,0.16210571799112763,354.0011815247056,133.7444507938122,9.140410902772885,496.88604322129066,116.18772458598553,0.604,64.5,240.3,231.2,8043.8
SN,50,1.0,t50p100,2025,P_mix,Africa/MENA,2.292,0.2747452451872686,169.28869047244623,74.5189875368261,6.877269254795828,250.68494726406817,73.8470536198913,0.469,125.9,396.0,111.8,3163.9
SN,100,1.0,t100p100,2025,P_mix,Africa/MENA,2.121,0.20064755746222088,156.6076745579177,69.67119606099403,6.362076845782508,232.64094746469425,73.84742986642843,0.458,119.4,406.6,97.6,2874.2
SN,150,1.0,t150p100,2025,P_mix,Africa/MENA,1.955,0.17148676844148256,144.3940708438722,66.47422784970554,5.86573120210087,216.73402989567865,73.84965277243987,0.48,111.8,339.0,101.1,2870.3
SN,200,1.0,t200p100,2025,P_mix,Africa/MENA,1.972,0.1436506776370478,145.62870659311508,66.26259155495389,5.915158657429494,217.80645680549847,73.85873229801048,0.536,103.6,260.7,97.7,3277.8
SN,300,1.0,t300p100,2025,P_mix,Africa/MENA,1.994,0.14383746144219142,147.28173152770447,64.44140765179789,5.982286524491193,217.70542570399354,73.85891544549385,0.519,108.1,273.0,92.8,3098.5
SN,500,1.0,t500p100,2025,P_mix,Africa/MENA,1.994,0.14383746144219142,147.28173152770447,64.44140765179789,5.982286524491193,217.70542570399354,73.85891544549385,0.519,108.1,273.0,92.8,3098.5
SR,50,1.0,t50p100,2025,P_mix,Latin America,1.839,0.2765876462340733,323.3633867583788,130.75956806296094,5.518120207201846,459.64107502854165,175.8008386640509,0.311,129.7,517.3,89.4,8041.9
SR,100,1.0,t100p100,2025,P_mix,Latin America,1.689,0.18762993083481216,298.3713856137975,124.2100713806582,5.067418870749808,427.6488758652055,176.64104343301315,0.349,107.2,415.0,93.9,7933.9
SR,150,1.0,t150p100,2025,P_mix,Latin America,1.771,0.1497946950450314,310.3611552936994,92.56236387068367,5.312899646830062,408.2364188112132,175.24958643565256,0.227,126.6,521.9,68.7,4789.6
SR,200,1.0,t200p100,2025,P_mix,Latin America,1.742,0.14985877478860324,305.3045241572825,95.95997816946482,5.2251474926831385,406.48964981943044,175.28951551212893,0.238,128.5,505.7,68.2,5172.8
SR,300,1.0,t300p100,2025,P_mix,Latin America,1.731,0.14430131767224433,299.95356016807267,103.8093230174294,5.194157401746506,408.9570405872485,173.24478465008391,0.281,111.1,464.6,70.8,6112.9
SR,500,1.0,t500p100,2025,P_mix,Latin America,1.731,0.14430131767224433,299.95356016807267,103.8093230174294,5.194157401746506,408.9570405872485,173.24478465008391,0.281,111.1,464.6,70.8,6112.9
SV,50,1.0,t50p100,2025,P_mix,North America,1.531,0.42058466338873446,141.0076514685383,79.50507194743417,4.591528702376332,225.10425211834882,92.13117935790756,0.204,192.7,887.2,79.3,1560.5
SV,100,1.0,t100p100,2025,P_mix,North America,1.448,0.26429477134207735,131.97002576508447,76.40055376424674,4.3453562949047635,212.715935824236,91.11107362116321,0.123,197.6,887.6,55.8,1548.8
SV,150,1.0,t150p100,2025,P_mix,North America,1.436,0.26058342916819494,130.7996661412545,70.92363857209547,4.306872277999745,206.0301769913497,91.10996869542794,0.128,168.0,828.5,39.8,1627.5
SV,200,1.0,t200p100,2025,P_mix,North America,1.409,0.24229393602688465,128.26097109173077,80.48838903557106,4.226529747332745,212.9758898746346,91.03991602520209,0.191,148.5,699.8,57.3,2940.4
SV,300,1.0,t300p100,2025,P_mix,North America,1.365,0.1375912347124876,122.64465144299898,66.19885617069065,4.096425896911141,192.93993351060078,89.81828637652949,0.162,156.9,678.0,56.5,1704.2
SV,500,1.0,t500p100,2025,P_mix,North America,1.365,0.13759123471248766,122.64465144299898,66.19885617069065,4.096425896911141,192.93993351060078,89.81828637652949,0.162,156.9,678.0,56.5,1704.2
TH,50,1.0,t50p100,2025,P_mix,Asia-Pacific,2.05,0.3411320480416655,163.12685182101592,104.11702261231477,6.150895364680798,273.39476979801145,79.56249073478513,0.238,152.3,820.5,54.8,4582.6
TH,100,1.0,t100p100,2025,P_mix,Asia-Pacific,1.922,0.22875519191017202,152.98493091794933,97.75753713431494,5.766182257569324,256.50865030983357,79.59422235593999,0.31,119.6,652.7,61.7,4794.4
TH,150,1.0,t150p100,2025,P_mix,Asia-Pacific,1.78,0.18635705528666868,141.72979360315952,81.35792956004367,5.340386477147978,228.42810964035118,79.61771729984434,0.338,98.1,561.6,63.3,3764.0
TH,200,1.0,t200p100,2025,P_mix,Asia-Pacific,1.739,0.14504696891158192,138.55393586336234,75.71082279771271,5.218100458987217,219.48285912006222,79.6576859447362,0.417,88.1,427.0,70.0,3805.7
TH,300,1.0,t300p100,2025,P_mix,Asia-Pacific,1.741,0.13800358108690108,138.72094926149782,81.00350052395119,5.223831891396434,224.94828167684545,79.66620221257647,0.286,108.3,519.5,47.8,4074.0
TH,500,1.0,t500p100,2025,P_mix,Asia-Pacific,1.741,0.13800358108690108,138.72094926149782,81.00350052395119,5.223831891396434,224.94828167684545,79.66620221257647,0.286,108.3,519.5,47.8,4074.0
TN,50,1.0,t50p100,2025,P_mix,Africa/MENA,2.012,0.29650483330906663,109.17071914106225,87.88151825546942,6.034543020358274,203.08678041688992,54.272901248409205,0.764,43.6,163.1,134.5,5475.1
TN,100,1.0,t100p100,2025,P_mix,Africa/MENA,1.981,0.20203906552771822,107.25566117211449,76.61591335663445,5.943083204460361,189.8146577332093,54.14142330614658,0.761,45.0,151.5,137.0,4457.2
TN,150,1.0,t150p100,2025,P_mix,Africa/MENA,1.981,0.20203906552771822,107.25566117211449,76.61591335663445,5.943083204460361,189.8146577332093,54.14142330614658,0.761,45.0,151.5,137.0,4457.2
TN,200,1.0,t200p100,2025,P_mix,Africa/MENA,1.751,0.14273894489215128,97.01155857381892,79.15396366305592,5.253642965314971,181.4191652021898,55.39673663453908,0.827,28.9,81.1,124.5,5224.8
TN,300,1.0,t300p100,2025,P_mix,Africa/MENA,1.814,0.1396171360427271,100.48416150891526,69.71796156702375,5.44295658010884,175.64507965604784,55.38395908363343,0.844,25.1,69.8,127.2,4392.0
TN,500,1.0,t500p100,2025,P_mix,Africa/MENA,1.811,0.13971874241952445,100.29118158039066,69.52379805437583,5.432674793771094,175.24765442853757,55.38221155555604,0.846,24.7,68.7,127.6,4375.6
TR,50,1.0,t50p100,2025,P_mix,Asia-Pacific,2.947,0.3635053860690239,209.4904656087835,87.94038170884996,8.839924066658066,306.2707713842915,71.0946600997157,0.419,124.3,591.2,116.5,3466.6
TR,100,1.0,t100p100,2025,P_mix,Asia-Pacific,2.623,0.22581957954659634,186.92327608952317,79.88650452457844,7.870141998549379,274.679922612651,71.25282216914655,0.282,141.3,689.5,86.3,2597.5
TR,150,1.0,t150p100,2025,P_mix,Asia-Pacific,2.592,0.22313007753900732,184.64140356327596,78.92774160167698,7.776305574996621,271.34545073994957,71.23231016935308,0.276,139.5,689.7,83.6,2549.3
TR,200,1.0,t200p100,2025,P_mix,Asia-Pacific,2.695,0.1485965602259799,192.94992599299744,67.64923655547292,8.08429169989685,268.6834542483672,71.60179264515888,0.327,124.2,538.1,83.9,2251.8
TR,300,1.0,t300p100,2025,P_mix,Asia-Pacific,2.388,0.14167641563158748,171.0253347523952,63.95287257101625,7.164439215201506,242.14264653861295,71.6142588199425,0.285,120.8,533.2,62.5,2215.8
TR,500,1.0,t500p100,2025,P_mix,Asia-Pacific,2.388,0.14167641563158748,171.0253347523952,63.95287257101625,7.164439215201506,242.14264653861295,71.6142588199425,0.285,120.8,533.2,62.5,2215.8
TW,50,1.0,t50p100,2025,P_mix,Asia-Pacific,1.401,0.48790439022560905,371.5452425083692,170.76770948752932,4.202405503420798,546.5153574993194,265.2375470710246,0.211,217.0,1240.0,114.4,7813.6
TW,100,1.0,t100p100,2025,P_mix,Asia-Pacific,1.342,0.30510119714692147,322.3787357831215,155.93199848141117,4.0251775240858185,482.33591178861843,240.27169027011197,0.25,172.9,954.6,106.7,8002.5
TW,150,1.0,t150p100,2025,P_mix,Asia-Pacific,1.391,0.23877297570173753,317.95190803189814,135.24126995073885,4.1734549686313445,457.36663295126834,228.55301692844301,0.299,156.5,807.5,131.3,6522.9
TW,200,1.0,t200p100,2025,P_mix,Asia-Pacific,1.549,0.14742894504289936,336.06411677661947,125.03110509915527,4.646577728349974,465.74179960412465,216.97524700353463,0.166,232.3,1020.1,70.4,5094.6
TW,300,1.0,t300p100,2025,P_mix,Asia-Pacific,1.396,0.1386577165638037,297.13545872225865,140.83208215822071,4.187707083000035,442.1552479634794,212.86263783477912,0.209,186.7,799.8,60.8,7832.4
TW,500,1.0,t500p100,2025,P_mix,Asia-Pacific,1.338,0.13607702269429842,283.1480617900528,128.40467879886768,4.015108192807851,415.5678487817283,211.56196659700075,0.203,181.8,799.4,53.3,6806.6
UA,50,1.0,t50p100,2025,P_mix,Europe,2.449,0.349768517707887,205.41419105554468,108.8699047550412,7.347026184770502,321.6311219953564,83.87646343823181,0.259,164.7,788.0,67.8,4952.3
UA,100,1.0,t100p100,2025,P_mix,Europe,2.068,0.21030785564550397,173.9144727911433,103.45722267376301,6.205365676086951,283.5770611409933,84.07939928246697,0.366,110.3,521.9,86.7,5628.4
UA,150,1.0,t150p100,2025,P_mix,Europe,2.171,0.20708413032930095,182.51094629058346,97.65465196510004,6.514412208424641,286.6800104641082,84.04946161737574,0.279,121.5,627.3,69.5,4794.3
UA,200,1.0,t200p100,2025,P_mix,Europe,2.169,0.14531551977548096,183.30754357523824,88.99560513283078,6.5067372591586565,278.8098859672277,84.51588082055461,0.37,96.7,462.3,74.8,4772.1
UA,300,1.0,t300p100,2025,P_mix,Europe,2.099,0.14076086530934237,177.47272046966341,87.88051520886434,6.295752592192464,271.6489882707202,84.56783420448525,0.437,78.1,364.6,80.4,5111.1
UA,500,1.0,t500p100,2025,P_mix,Europe,2.099,0.14076086530934237,177.47272046966341,87.88051520886434,6.295752592192464,271.6489882707202,84.56783420448525,0.437,78.1,364.6,80.4,5111.1
UG,50,1.0,t50p100,2025,P_mix,Africa/MENA,1.565,0.37724511091252116,228.53845221593414,95.40728990501353,4.6960894527449755,328.6418315736926,145.99708194379477,0.31,137.8,636.2,98.5,4121.5
UG,100,1.0,t100p100,2025,P_mix,Africa/MENA,1.437,0.2635555817507709,206.53798501477027,78.93383531061812,4.310822085934519,289.7826424113229,143.73452271806866,0.368,117.2,514.4,108.0,3119.6
UG,150,1.0,t150p100,2025,P_mix,Africa/MENA,1.434,0.23550290368207563,202.4557059612996,108.37037384055225,4.301276342326342,315.1273561441782,141.2062535734223,0.425,119.1,441.5,113.7,6066.7
UG,200,1.0,t200p100,2025,P_mix,Africa/MENA,1.472,0.18749017972844134,203.44481899042825,95.93516759223024,4.416122156279517,303.796108738938,138.2059724284155,0.355,115.8,468.7,94.1,5062.4
UG,300,1.0,t300p100,2025,P_mix,Africa/MENA,1.455,0.13976386784046624,196.02229911649164,68.23252146590222,4.364487586063567,268.6193081684574,134.73904685334742,0.446,90.4,322.2,110.8,3070.9
UG,500,1.0,t500p100,2025,P_mix,Africa/MENA,1.455,0.13976386784046624,196.02229911649164,68.23252146590222,4.364487586063567,268.6193081684574,134.73904685334742,0.446,90.4,322.2,110.8,3070.9
US,50,1.0,t50p100,2025,P_mix,North America,1.688,0.15902107306946267,101.11748137428295,27.31325050086004,5.0645036663790455,133.49523554152205,59.897763750605954,1.0,0.0,0.0,71.1,1615.8
US,100,1.0,t100p100,2025,P_mix,North America,1.525,0.10078521828833964,91.20704912945065,30.34207908514867,4.5763676806261815,126.1254958952255,59.790027044093044,0.922,2.8,11.3,76.2,1769.0
US,150,1.0,t150p100,2025,P_mix,North America,1.525,0.10078521828833964,91.20704912945065,30.34207908514867,4.5763676806261815,126.1254958952255,59.790027044093044,0.922,2.8,11.3,76.2,1769.0
US,200,1.0,t200p100,2025,P_mix,North America,1.529,0.0825966970397528,92.17765741030013,27.389730492522425,4.585771981112455,124.153159883935,60.30238166438828,0.976,1.1,2.4,69.3,1631.0
US,300,1.0,t300p100,2025,P_mix,North America,1.501,0.07564937071476334,90.66720184792811,22.305362005910318,4.504058293774449,117.47662214761289,60.390338624113326,0.866,6.1,13.2,57.6,1242.5
US,500,1.0,t500p100,2025,P_mix,North America,1.501,0.07564937071476334,90.66720184792811,22.305362005910318,4.504058293774449,117.47662214761289,60.390338624113326,0.866,6.1,13.2,57.6,1242.5
UY,50,1.0,t50p100,2025,P_mix,Latin America,1.944,0.26751848207590667,129.06314383293184,69.32473529560508,5.8313301694391075,204.21920929797602,66.3981322011198,0.616,56.1,200.0,107.9,3891.1
UY,100,1.0,t100p100,2025,P_mix,Latin America,1.974,0.17282382003113272,131.17567148461106,60.81802973605918,5.923244251327457,197.91694547199768,66.43774893558384,0.418,74.7,317.0,85.2,2795.8
UY,150,1.0,t150p100,2025,P_mix,Latin America,1.974,0.17282382003113272,131.17567148461106,60.81802973605918,5.923244251327457,197.91694547199768,66.43774893558384,0.418,74.7,317.0,85.2,2795.8
UY,200,1.0,t200p100,2025,P_mix,Latin America,1.744,0.1342750714130229,116.78724269330787,67.46643547328067,5.2334728454416,189.48715101203015,66.94631622768277,0.565,46.9,196.0,97.4,3905.2
UY,300,1.0,t300p100,2025,P_mix,Latin America,1.717,0.13395465194159678,114.9664634848921,64.6919219596384,5.150759652346382,184.80914509687688,66.96087834297626,0.66,35.0,135.9,104.6,3878.1
UY,500,1.0,t500p100,2025,P_mix,Latin America,1.717,0.13395465194159678,114.9664634848921,64.6919219596384,5.150759652346382,184.80914509687688,66.96087834297626,0.66,35.0,135.9,104.6,3878.1
UZ,50,1.0,t50p100,2025,P_mix,Asia-Pacific,2.795,0.3876544664543107,278.5721297587658,122.26712025832065,8.38506958785283,409.22431960493924,99.66719781156927,0.157,260.5,1239.2,69.0,3764.9
UZ,100,1.0,t100p100,2025,P_mix,Asia-Pacific,2.556,0.24696556418480534,253.69290616424942,101.1790761661883,7.66846758235726,362.540449912795,99.24782367780433,0.149,216.8,1083.3,51.8,2917.5
UZ,150,1.0,t150p100,2025,P_mix,Asia-Pacific,2.431,0.20221227483015808,240.20401713387793,100.5214281185968,7.292696339779325,348.01814159225404,98.81284203085889,0.171,197.9,958.4,52.5,3482.7
UZ,200,1.0,t200p100,2025,P_mix,Asia-Pacific,2.549,0.1643615733737732,250.65560825988587,95.63894808936756,7.6456672010154145,353.9402235502688,98.35202147953719,0.14,217.5,1040.8,45.2,2680.1
UZ,300,1.0,t300p100,2025,P_mix,Asia-Pacific,2.312,0.15010529136129652,227.31665793320545,82.86469700668623,6.937362690782679,317.1187176306744,98.3010409280881,0.194,161.8,726.8,50.5,3070.3
UZ,500,1.0,t500p100,2025,P_mix,Asia-Pacific,2.312,0.15010529136129652,227.31665793320545,82.86469700668623,6.937362690782679,317.1187176306744,98.3010409280881,0.194,161.8,726.8,50.5,3070.3
VN,50,1.0,t50p100,2025,P_mix,Asia-Pacific,2.268,0.3370260912498137,172.47266820085326,85.60415265450256,6.805366453790645,264.88218730914645,76.0308806463105,0.354,127.4,639.2,108.4,3126.6
VN,100,1.0,t100p100,2025,P_mix,Asia-Pacific,2.072,0.2304161093691958,157.58871010866397,78.5629584689811,6.217391142231243,242.3690597198763,76.03930965751196,0.337,114.4,590.6,88.6,2997.5
VN,150,1.0,t150p100,2025,P_mix,Asia-Pacific,2.046,0.18758409389419722,155.58608331862595,83.51168059792381,6.137379431261447,245.23514334781123,76.05171803105293,0.286,120.3,613.9,74.3,3502.3
VN,200,1.0,t200p100,2025,P_mix,Asia-Pacific,1.941,0.1385344364485603,147.6538838824013,81.92562726083126,5.823148664151419,235.40265980738394,76.06909546619931,0.258,120.6,628.2,57.6,3499.8
VN,300,1.0,t300p100,2025,P_mix,Asia-Pacific,1.87,0.13194243733038905,142.2340850972154,72.91635082391832,5.609025766675017,220.7594616878087,76.07421913210301,0.25,116.3,595.9,51.6,2910.4
VN,500,1.0,t500p100,2025,P_mix,Asia-Pacific,1.87,0.13194243733038905,142.2340850972154,72.91635082391832,5.609025766675017,220.7594616878087,76.07421913210301,0.25,116.3,595.9,51.6,2910.4
ZA,50,1.0,t50p100,2025,P_mix,Africa/MENA,1.662,0.23144384740013127,112.81888439207982,68.53005995631052,4.9850030004330765,186.33394734882341,67.89497481683271,0.682,37.4,121.4,110.3,4214.4
ZA,100,1.0,t100p100,2025,P_mix,Africa/MENA,1.662,0.23144384740013127,112.81888439207982,68.53005995631052,4.9850030004330765,186.33394734882341,67.89497481683271,0.682,37.4,121.4,110.3,4214.4
ZA,150,1.0,t150p100,2025,P_mix,Africa/MENA,1.638,0.15924049864665782,111.21818704966158,58.27651702851061,4.9150056150127215,174.40970969318494,67.88487893683127,0.469,62.6,226.8,91.5,2936.6
ZA,200,1.0,t200p100,2025,P_mix,Africa/MENA,1.469,0.11328342018603112,99.85459964564787,54.27936928326059,4.405842935398676,158.53981186430715,67.99239176914426,0.707,27.2,84.4,96.5,3286.5
ZA,300,1.0,t300p100,2025,P_mix,Africa/MENA,1.449,0.10781369347697778,98.52150646883082,47.673413285574206,4.345823591397052,150.5407433458021,68.01116363572343,0.644,34.8,102.3,85.6,2705.6
ZA,500,1.0,t500p100,2025,P_mix,Africa/MENA,1.449,0.10781369347697778,98.52150646883082,47.673413285574206,4.345823591397052,150.5407433458021,68.01116363572343,0.644,34.8,102.3,85.6,2705.6
ZM,50,1.0,t50p100,2025,P_mix,Africa/MENA,2.092,0.3031658211238034,145.53510996498844,67.102483684532,6.275568889412401,218.91316253893282,69.57223123334172,0.375,113.5,413.9,109.8,2476.6
ZM,100,1.0,t100p100,2025,P_mix,Africa/MENA,1.878,0.20654476212957565,130.69903615516617,57.472877446818025,5.635106039437248,193.80701964142142,69.58114110389576,0.318,105.0,432.6,81.4,1898.6
ZM,150,1.0,t150p100,2025,P_mix,Africa/MENA,1.931,0.20485464755945185,134.37992126239533,57.32245367580596,5.793045648790403,197.49542058699168,69.5902964050287,0.318,112.1,420.7,84.1,1876.6
ZM,200,1.0,t200p100,2025,P_mix,Africa/MENA,1.767,0.12496666751065524,123.26177014039965,51.46022078851834,5.302308396947387,180.0242993258654,69.74043807676094,0.472,72.7,234.4,92.4,2226.3
ZM,300,1.0,t300p100,2025,P_mix,Africa/MENA,1.875,0.12255463345268021,130.80441596084248,52.539643277049535,5.624959294089935,188.969018531982,69.76286002546371,0.312,103.7,360.0,74.5,1862.9
ZM,500,1.0,t500p100,2025,P_mix,Africa/MENA,1.875,0.12255463345268021,130.80441596084248,52.539643277049535,5.624959294089935,188.969018531982,69.76286002546371,0.312,103.7,360.0,74.5,1862.9
AE,50,1.0,t50p100,2030,P_mix,Asia-Pacific,1.83,0.33264623858188086,131.41244067259933,53.38419258884475,5.49037178894116,190.28700505038523,71.80521414084929,0.384,93.6,478.1,64.1,3562.9
AE,100,1.0,t100p100,2030,P_mix,Asia-Pacific,1.763,0.21372467771433487,125.99945297058292,46.113630569492095,5.288881929656985,177.40196546973203,71.47037198772634,0.482,68.0,353.4,95.9,2647.9
AE,150,1.0,t150p100,2030,P_mix,Asia-Pacific,1.643,0.18267847807011503,116.82313153036512,47.71659352359262,4.928719130952385,169.46844418491014,71.10760124068449,0.462,68.1,347.5,84.3,3204.8
AE,200,1.0,t200p100,2030,P_mix,Asia-Pacific,1.66,0.18014343100613855,118.08390764296377,44.545791652348164,4.97942477892674,167.60912407423865,71.14310159440667,0.457,67.5,345.9,85.8,2668.7
AE,300,1.0,t300p100,2030,P_mix,Asia-Pacific,1.655,0.12436054831715282,116.93004203283158,35.42621999601108,4.965001216369733,157.32126324521238,70.65257606421741,0.473,70.1,251.6,62.1,2294.3
AE,500,1.0,t500p100,2030,P_mix,Asia-Pacific,1.655,0.12436054831715282,116.93004203283158,35.42621999601108,4.965001216369733,157.32126324521238,70.65257606421741,0.473,70.1,251.6,62.1,2294.3
AF,50,1.0,t50p100,2030,P_mix,Asia-Pacific,1.765,0.34046886074189614,167.2701640320786,69.42272380828385,5.296391335252683,241.98927917561514,94.74573541350591,0.255,132.9,720.5,56.5,4520.4
AF,100,1.0,t100p100,2030,P_mix,Asia-Pacific,1.616,0.21996503805453005,151.84654801576548,66.37165672569044,4.8485477985590695,223.066752540015,93.95383173961439,0.284,128.5,626.4,65.3,4461.1
AF,150,1.0,t150p100,2030,P_mix,Asia-Pacific,1.609,0.18947900452226937,149.7278249652372,62.489657221375325,4.827968912383207,217.0454510989957,93.03777282898525,0.3,104.2,551.5,71.6,4336.1
AF,200,1.0,t200p100,2030,P_mix,Asia-Pacific,1.571,0.18989393362079096,146.2859881244436,60.858652917429076,4.714078531203353,211.85871957307606,93.09517469181928,0.263,114.4,578.8,58.9,4106.9
AF,300,1.0,t300p100,2030,P_mix,Asia-Pacific,1.416,0.137352874669302,130.67756009833073,62.496965102123276,4.248773467806382,197.42329866826037,92.26961222232367,0.315,100.9,436.7,64.1,5261.3
AF,500,1.0,t500p100,2030,P_mix,Asia-Pacific,1.416,0.137352874669302,130.67756009833073,62.496965102123276,4.248773467806382,197.42329866826037,92.26961222232367,0.315,100.9,436.7,64.1,5261.3
AR,50,1.0,t50p100,2030,P_mix,Latin America,1.738,0.27774244349398186,65.68904330032103,56.22271141915582,5.21261645821387,127.12437117769072,37.80579896501481,0.849,28.0,80.7,141.5,5308.7
AR,100,1.0,t100p100,2030,P_mix,Latin America,1.623,0.1980707024018728,61.32250001738492,55.985461316758624,4.868218399190624,122.17617973333417,37.78949195926352,0.801,33.7,107.7,142.7,5031.3
AR,150,1.0,t150p100,2030,P_mix,Latin America,1.601,0.19518543435320043,60.549745872391185,54.34303127087546,4.804407759306766,119.6971849025734,37.80887191876945,0.801,31.4,109.0,137.5,4886.7
AR,200,1.0,t200p100,2030,P_mix,Latin America,1.821,0.13762387546925128,69.47519569537516,46.35219458304173,5.463804797122957,121.29119507553985,38.14660201548064,0.796,28.6,87.8,129.0,3927.6
AR,300,1.0,t300p100,2030,P_mix,Latin America,1.731,0.13667992631180667,66.07394783666176,47.476756626364846,5.193102276250431,118.74380673927705,38.170217524216596,0.744,33.2,116.3,124.6,3993.9
AR,500,1.0,t500p100,2030,P_mix,Latin America,1.732,0.1367008597826299,66.12000490787932,47.29594412446515,5.196511191318543,118.61246022366304,38.17176706075848,0.733,35.2,122.0,122.7,3957.2
AT,50,1.0,t50p100,2030,P_mix,Europe,2.566,0.3329590408247673,170.2071391992738,151.41372882115883,7.6968917164889765,329.31775973692163,66.34125000146769,1.0,0.0,0.0,235.8,19447.5
AT,100,1.0,t100p100,2030,P_mix,Europe,2.398,0.20504014176464602,158.71227705475667,133.39930130924665,7.1938164420608235,299.30539480606416,66.18695861912624,1.0,-0.0,-0.0,207.8,17132.1
AT,150,1.0,t150p100,2030,P_mix,Europe,2.408,0.20484664981846876,159.36687182842897,132.7257073034587,7.223844892495837,299.3164240243835,66.1836767815903,1.0,-0.0,-0.0,209.2,16991.2
AT,200,1.0,t200p100,2030,P_mix,Europe,2.279,0.15543888329374894,152.3862109689595,126.76659001586225,6.8356087644232035,285.98840974924497,66.87899332188503,1.0,-0.0,0.0,177.8,16718.0
AT,300,1.0,t300p100,2030,P_mix,Europe,2.193,0.15264920922464084,146.79106743374285,129.04555813862623,6.579707172039459,282.4163327444086,66.92899710987128,1.0,-0.0,-0.0,166.3,17345.5
AT,500,1.0,t500p100,2030,P_mix,Europe,2.193,0.15264920922464084,146.79106743374282,129.04555813862623,6.579707172039457,282.4163327444086,66.92899710987126,1.0,-0.0,-0.0,166.3,17345.5
AU,50,1.0,t50p100,2030,P_mix,Asia-Pacific,1.945,0.2568499424026672,96.10048171973256,57.84643817146976,5.8346504524541585,159.78157034365645,49.41194806930256,0.531,65.0,252.1,82.0,5539.0
AU,100,1.0,t100p100,2030,P_mix,Asia-Pacific,1.902,0.18563237753972628,94.01361433756306,51.560065910557846,5.706948591880315,151.2806288400012,49.42060340511369,0.478,69.4,287.0,79.6,4315.3
AU,150,1.0,t150p100,2030,P_mix,Asia-Pacific,1.919,0.15080750077533153,94.99397864745498,49.956829067797756,5.756134005404737,150.70694172065748,49.50926015182765,0.384,83.0,319.2,64.2,4092.7
AU,200,1.0,t200p100,2030,P_mix,Asia-Pacific,1.786,0.12403763492176323,89.06695251132709,46.52793477239281,5.357010507845447,140.95189779156536,49.878725670345474,0.478,60.5,232.7,62.3,4287.5
AU,300,1.0,t300p100,2030,P_mix,Asia-Pacific,1.673,0.11046189897642789,84.06365827593986,39.25664782131408,5.018849866164422,128.33915596341836,50.24875849106691,0.486,56.5,195.3,58.8,3446.6
AU,500,1.0,t500p100,2030,P_mix,Asia-Pacific,1.673,0.11046189897642789,84.06365827593986,39.25664782131408,5.018849866164422,128.33915596341836,50.24875849106691,0.486,56.5,195.3,58.8,3446.6
BD,50,1.0,t50p100,2030,P_mix,Asia-Pacific,2.114,0.37208563352418317,185.39991119293347,78.35906395063616,6.342977911905998,270.10195305547563,87.68747760177324,0.073,237.8,1315.1,31.4,1992.8
BD,100,1.0,t100p100,2030,P_mix,Asia-Pacific,2.007,0.2605665556033222,175.29537717465288,74.95332215063198,6.019906541310395,256.26860586659524,87.3578564575995,0.124,202.1,1076.2,49.7,2809.1
BD,150,1.0,t150p100,2030,P_mix,Asia-Pacific,1.906,0.19916445469154148,165.9567906097899,66.44246199048736,5.719433510892993,238.11868611117023,87.04889581829144,0.127,182.7,980.4,42.5,2332.4
BD,200,1.0,t200p100,2030,P_mix,Asia-Pacific,1.874,0.16567854105984836,162.40353956880753,73.38193879143967,5.620601270048235,241.40607963029547,86.68300690581468,0.128,182.0,947.3,42.9,3670.1
BD,300,1.0,t300p100,2030,P_mix,Asia-Pacific,1.658,0.14500726807837985,143.33845810629714,54.59812242095937,4.974094843760478,202.91067537101694,86.4509800930522,0.184,143.7,704.5,37.9,2543.1
BD,500,1.0,t500p100,2030,P_mix,Asia-Pacific,1.657,0.1450236898542954,143.27359535929637,54.62894387165132,4.971857635918217,202.8743968668659,86.45074287178535,0.182,143.9,706.2,37.5,2543.4
BE,50,1.0,t50p100,2030,P_mix,Europe,2.844,0.25062539871965406,120.24151240592036,73.86560154030694,8.5307080453588,202.63782199158612,42.2854158529089,0.745,46.4,144.7,120.5,8115.4
BE,100,1.0,t100p100,2030,P_mix,Europe,2.657,0.16065285031300805,110.89570168406617,74.63024358682839,7.972130657351894,193.49807592824646,41.73126600043698,0.666,52.2,191.1,117.9,7957.8
BE,150,1.0,t150p100,2030,P_mix,Europe,2.752,0.12347901555402513,118.53031748134536,56.53297225263211,8.254854093389739,183.31814382736718,43.0765884437346,0.65,48.0,169.8,95.4,5673.7
BE,200,1.0,t200p100,2030,P_mix,Europe,2.521,0.12052784040684525,109.52101268786267,64.37519843525779,7.564187975532194,181.46039909865266,43.43665693216245,0.778,32.9,92.2,103.3,7378.7
BE,300,1.0,t300p100,2030,P_mix,Europe,2.446,0.11909919014209193,106.46497986351328,66.42524225468645,7.33665143444291,180.22687355264262,43.53415757099885,0.804,30.7,79.4,104.9,7774.7
BE,500,1.0,t500p100,2030,P_mix,Europe,2.446,0.11909919014209193,106.46497986351328,66.42524225468645,7.33665143444291,180.22687355264262,43.53415757099885,0.804,30.7,79.4,104.9,7774.7
BF,50,1.0,t50p100,2030,P_mix,Africa/MENA,1.905,0.35914927194484875,160.82486673246376,71.03560464080277,5.715751668471886,237.57622304173844,84.41139996664381,0.229,178.3,789.6,82.6,3441.7
BF,100,1.0,t100p100,2030,P_mix,Africa/MENA,1.838,0.25426245169321987,153.99602370803774,62.54522963682411,5.513322697708314,222.05457604257018,83.7948541115044,0.156,190.6,885.2,58.7,1891.9
BF,150,1.0,t150p100,2030,P_mix,Africa/MENA,1.71,0.20634318091875528,142.56648216832514,50.418151285655654,5.128725232012362,198.11335868599315,83.39293433685457,0.219,151.4,633.3,66.0,1637.3
BF,200,1.0,t200p100,2030,P_mix,Africa/MENA,1.796,0.15598174518052554,147.46093756348532,56.211828261612844,5.388427876047162,209.0611937011453,82.09867940460948,0.227,156.8,645.5,73.6,2296.9
BF,300,1.0,t300p100,2030,P_mix,Africa/MENA,1.832,0.14625657002977063,150.17824114614302,63.78222503083301,5.496234831357203,219.45670100833325,81.9715200063928,0.244,147.5,616.0,84.8,3538.3
BF,500,1.0,t500p100,2030,P_mix,Africa/MENA,1.832,0.14625657002977063,150.17824114614302,63.78222503083301,5.496234831357203,219.45670100833325,81.9715200063928,0.244,147.5,616.0,84.8,3538.3
BG,50,1.0,t50p100,2030,P_mix,Europe,1.752,0.3369700458112633,115.23989363993047,71.38875295550666,5.2549121871145665,191.8835587825517,65.78981124889617,0.891,19.5,72.3,144.6,7826.4
BG,100,1.0,t100p100,2030,P_mix,Europe,1.693,0.20413225634490353,111.45004882027608,64.21548391443706,5.079813380965192,180.74534611567833,65.8193759073291,0.755,39.1,150.2,132.0,6301.3
BG,150,1.0,t150p100,2030,P_mix,Europe,1.688,0.20410357743752086,111.1280943031041,63.010670237259326,5.064229653088065,179.20299419345147,65.83119363594054,0.757,38.8,150.9,132.0,6103.1
BG,200,1.0,t200p100,2030,P_mix,Europe,1.592,0.1420163121716193,105.40087315443087,67.45778677853808,4.775796656991356,177.6344565899603,66.20939754635472,0.808,25.9,90.3,122.5,7516.8
BG,300,1.0,t300p100,2030,P_mix,Europe,1.587,0.13521263001570022,105.16530497967311,55.95266776608556,4.760088234551843,165.87806098031052,66.27942579907302,0.834,24.6,69.3,113.5,5983.8
BG,500,1.0,t500p100,2030,P_mix,Europe,1.587,0.13521263001570022,105.16530497967311,55.95266776608556,4.760088234551843,165.87806098031052,66.27942579907302,0.834,24.6,69.3,113.5,5983.8
BH,50,1.0,t50p100,2030,P_mix,Asia-Pacific,2.056,0.36841268580368175,135.40301097053825,88.71691190554697,6.168314866130845,230.28823774221604,65.85413386434557,0.519,92.0,447.3,94.4,8859.3
BH,100,1.0,t100p100,2030,P_mix,Asia-Pacific,1.958,0.24360237225806738,128.84371513997317,83.78672499182521,5.873952518352418,218.50439265015078,65.8042679460297,0.306,111.0,666.7,66.9,7130.0
BH,150,1.0,t150p100,2030,P_mix,Asia-Pacific,1.835,0.2028422000551656,120.5905161146538,73.59769870505001,5.503820022883517,199.6920348425873,65.73099171844359,0.415,87.3,476.7,83.4,6482.6
BH,200,1.0,t200p100,2030,P_mix,Asia-Pacific,1.758,0.2036091095659147,115.58476241353706,78.5785495024375,5.2752619364387945,199.43857385241336,65.73214589505217,0.449,81.3,441.0,88.0,7464.9
BH,300,1.0,t300p100,2030,P_mix,Asia-Pacific,1.839,0.14071863333538043,120.50659465474436,61.10340074918638,5.515969607492756,187.12596501142352,65.54056851095638,0.445,71.9,370.0,66.3,5617.8
BH,500,1.0,t500p100,2030,P_mix,Asia-Pacific,1.839,0.14071863333538043,120.50659465474436,61.10340074918638,5.515969607492756,187.12596501142352,65.54056851095638,0.445,71.9,370.0,66.3,5617.8
BI,50,1.0,t50p100,2030,P_mix,Africa/MENA,1.435,0.40047245752196936,225.6962610600741,92.09269346785838,4.305967556621535,322.094922084554,157.24428349187724,0.176,229.5,938.3,48.0,6332.3
BI,100,1.0,t100p100,2030,P_mix,Africa/MENA,1.377,0.26370506304392677,211.09771377667843,84.2761813729883,4.131025093706065,299.5049202433728,153.30169315478295,0.212,197.7,782.6,53.5,6155.6
BI,150,1.0,t150p100,2030,P_mix,Africa/MENA,1.452,0.23440648584664656,218.5328955160037,76.27326731884382,4.357236173281139,299.16339900812864,150.46204990406216,0.129,210.9,1027.1,42.4,3439.6
BI,200,1.0,t200p100,2030,P_mix,Africa/MENA,1.364,0.1776257856134905,200.22878140594136,76.17078796916975,4.091470957153089,280.4910403322642,146.81427547900563,0.216,162.5,678.4,58.2,5642.3
BI,300,1.0,t300p100,2030,P_mix,Africa/MENA,1.328,0.12658945015351616,189.44087709808858,67.01982506720117,3.9826293522649587,260.44333151755467,142.7003572328556,0.235,142.9,570.3,55.5,5040.6
BI,500,1.0,t500p100,2030,P_mix,Africa/MENA,1.328,0.12658945015351616,189.44087709808858,67.01982506720117,3.9826293522649587,260.44333151755467,142.7003572328556,0.235,142.9,570.3,55.5,5040.6
BO,50,1.0,t50p100,2030,P_mix,Latin America,2.15,0.3868245968429334,194.5004084173481,73.91079390999586,6.450625796687411,274.8618281240314,90.45652990004317,0.049,257.6,1397.1,24.7,751.8
BO,100,1.0,t100p100,2030,P_mix,Latin America,2.011,0.25680417762235774,180.41445829486048,64.14945369464513,6.033838638261739,250.59775062776734,89.70133398206121,0.049,221.3,1194.1,19.5,830.2
BO,150,1.0,t150p100,2030,P_mix,Latin America,1.915,0.24272558289403404,171.63110011543108,73.44130278688677,5.7463376226869975,250.81874052500484,89.6037326998424,0.11,188.6,1028.7,35.2,3284.6
BO,200,1.0,t200p100,2030,P_mix,Latin America,1.977,0.2131544246901498,176.92987921635134,62.29926421197174,5.931343153931356,245.16048658225444,89.48894438812587,0.05,207.5,1124.0,20.4,1054.3
BO,300,1.0,t300p100,2030,P_mix,Latin America,1.947,0.14406030045102022,170.74042706564032,55.94782052390736,5.840905145810482,232.52915273535817,87.69553149897037,0.095,188.6,930.4,32.4,1124.7
BO,500,1.0,t500p100,2030,P_mix,Latin America,1.947,0.14406030045102022,170.74042706564032,55.94782052390736,5.840905145810482,232.52915273535817,87.69553149897037,0.095,188.6,930.4,32.4,1124.7
BR,50,1.0,t50p100,2030,P_mix,Latin America,2.202,0.2168525201243478,92.4446653641612,41.78782919688502,6.605945923534377,140.83844048458062,41.98248052628659,0.638,31.6,135.3,76.8,4018.7
BR,100,1.0,t100p100,2030,P_mix,Latin America,2.202,0.2168525201243478,92.4446653641612,41.78782919688502,6.605945923534377,140.83844048458062,41.98248052628659,0.638,31.6,135.3,76.8,4018.7
BR,150,1.0,t150p100,2030,P_mix,Latin America,2.032,0.12380671505955289,85.01874118897773,37.5984977421797,6.097093865576858,128.71433279673428,41.83242528164727,0.572,37.7,145.7,73.1,3309.2
BR,200,1.0,t200p100,2030,P_mix,Latin America,2.002,0.10459849045988824,84.37640093928574,36.55098290496194,6.0074539831791265,126.93483782742679,42.13585381205078,0.764,18.6,68.7,79.9,3613.6
BR,300,1.0,t300p100,2030,P_mix,Latin America,1.999,0.10346079070173592,84.57549204338852,32.54739039116227,5.997300908607987,123.12018334315877,42.3067776649309,0.518,38.1,159.7,55.8,2776.5
BR,500,1.0,t500p100,2030,P_mix,Latin America,1.999,0.10346079070173593,84.57549204338852,32.54739039116227,5.997300908607987,123.12018334315877,42.3067776649309,0.518,38.1,159.7,55.8,2776.5
BY,50,1.0,t50p100,2030,P_mix,Europe,2.104,0.3302319129979338,164.64236030724868,109.08866966725337,6.311784727997716,280.04281470249975,78.25474128272977,0.925,14.5,42.9,172.9,13568.8
BY,100,1.0,t100p100,2030,P_mix,Europe,1.851,0.18695117349895912,144.97787499158736,104.06119792810661,5.55207351848396,254.59114643817793,78.33715161133608,0.921,15.8,40.9,174.1,12725.0
BY,150,1.0,t150p100,2030,P_mix,Europe,1.852,0.18785792319072742,145.0899743325226,102.98515242061832,5.556444404741033,253.63157115788192,78.33605293093082,0.928,15.7,37.0,174.0,12578.3
BY,200,1.0,t200p100,2030,P_mix,Europe,2.022,0.1452709536495792,159.98725992908288,96.91044496702285,6.066592915516269,262.96429781162203,79.11554087627516,0.949,9.0,19.4,163.3,11984.6
BY,300,1.0,t300p100,2030,P_mix,Europe,1.986,0.14317366616393837,157.35721426645108,89.67998821480762,5.957869469068516,252.9950719503272,79.23497573255148,0.862,23.1,59.1,136.5,11048.7
BY,500,1.0,t500p100,2030,P_mix,Europe,1.986,0.14317366616393837,157.35721426645108,89.67998821480762,5.957869469068516,252.9950719503272,79.23497573255148,0.862,23.1,59.1,136.5,11048.7
CA,50,1.0,t50p100,2030,P_mix,North America,1.879,0.21894500490110233,105.12765844894183,32.14384995665353,5.638101258061085,142.90960966365645,55.93779907657859,0.746,24.9,80.7,100.9,2306.5
CA,100,1.0,t100p100,2030,P_mix,North America,1.794,0.1344363976371919,100.60560988993451,26.682815978379313,5.38214236379659,132.6705682321104,56.077451926949934,0.646,35.9,107.6,85.1,1519.5
CA,150,1.0,t150p100,2030,P_mix,North America,1.782,0.13453165947646406,99.93501154094399,27.171968720874567,5.346011787149248,132.45299204896781,56.08012974148395,0.653,35.2,105.4,86.1,1594.4
CA,200,1.0,t200p100,2030,P_mix,North America,1.751,0.12046166525574306,99.05923753524385,28.939872123990845,5.252418861842778,133.2515285210775,56.57921053567101,0.573,39.9,129.4,81.6,1797.5
CA,300,1.0,t300p100,2030,P_mix,North America,1.559,0.1042352131677788,88.84678293109127,30.48417826505963,4.676106061685022,124.00706725783593,57.000492563085075,0.714,25.5,75.2,85.6,2408.3
CA,500,1.0,t500p100,2030,P_mix,North America,1.559,0.1042352131677788,88.84678293109127,30.48417826505963,4.676106061685022,124.00706725783593,57.000492563085075,0.714,25.5,75.2,85.6,2408.3
CH,50,1.0,t50p100,2030,P_mix,Europe,2.566,0.41587453353800546,291.23274435586967,124.83207979541075,7.698904717060892,423.76372886834133,113.4834453960034,0.452,144.7,564.2,224.5,10738.5
CH,100,1.0,t100p100,2030,P_mix,Europe,2.19,0.26432004008505094,247.53630658219436,123.90570518282381,6.571446738903392,378.0134585039215,113.00539276234154,0.448,108.2,498.3,170.3,12468.6
CH,150,1.0,t150p100,2030,P_mix,Europe,2.382,0.17556623011446815,267.20789604079437,89.22381573047241,7.146936269825825,363.57864804109255,112.1632623907422,0.389,114.5,511.2,158.6,6949.0
CH,200,1.0,t200p100,2030,P_mix,Europe,2.083,0.155716115370029,232.96641692923615,107.8921361604901,6.248842699927848,347.10739578965416,111.8445901663969,0.496,82.7,337.9,118.7,12210.7
CH,300,1.0,t300p100,2030,P_mix,Europe,2.106,0.15602643537350966,235.61610584734098,103.6382862933936,6.319397860501488,345.5737900012361,111.85374511076164,0.421,109.8,409.8,89.7,11511.9
CH,500,1.0,t500p100,2030,P_mix,Europe,2.106,0.1560264353735097,235.61610584734098,103.6382862933936,6.319397860501488,345.5737900012361,111.85374511076164,0.421,109.8,409.8,89.7,11511.9
CL,50,1.0,t50p100,2030,P_mix,Latin America,1.79,0.3124782702037069,82.2428337998782,93.48460880134814,5.369573042977071,181.09701564420342,45.949370541170644,0.842,30.1,114.0,143.0,11123.3
CL,100,1.0,t100p100,2030,P_mix,Latin America,1.79,0.3124782702037069,82.2428337998782,93.48460880134814,5.369573042977071,181.09701564420342,45.949370541170644,0.842,30.1,114.0,143.0,11123.3
CL,150,1.0,t150p100,2030,P_mix,Latin America,1.591,0.20122947252635137,73.01146976001418,90.7060527605131,4.772645454821746,168.49016797534904,45.89371059581952,0.752,45.4,167.8,137.8,10335.2
CL,200,1.0,t200p100,2030,P_mix,Latin America,1.891,0.15742503647131287,87.03980011037122,71.46546323904009,5.673379942481321,164.17864329189263,46.025368118904815,0.79,31.2,118.1,133.7,7705.4
CL,300,1.0,t300p100,2030,P_mix,Latin America,1.72,0.14697236156454077,79.2387019523382,69.80467955216064,5.160679759791899,154.20406126429071,46.06294459677933,0.732,38.0,144.7,122.7,7462.0
CL,500,1.0,t500p100,2030,P_mix,Latin America,1.72,0.14697236156454077,79.2387019523382,69.80467955216064,5.160679759791899,154.20406126429071,46.06294459677933,0.732,38.0,144.7,122.7,7462.0
CN,50,1.0,t50p100,2030,P_mix,Asia-Pacific,1.666,0.17105004698506676,85.11699623217197,23.268072008493032,4.999482439127676,113.38455067979268,51.075484673783585,0.882,9.9,21.4,71.0,2008.6
CN,100,1.0,t100p100,2030,P_mix,Asia-Pacific,1.518,0.11643635619498627,76.85938085969815,25.175651991400763,4.555149303353824,106.59018215445275,50.619228311424685,0.792,14.7,45.7,74.2,2060.2
CN,150,1.0,t150p100,2030,P_mix,Asia-Pacific,1.41,0.075829755414501,72.20151781312954,24.899714566795733,4.231263414016783,101.33249579394206,51.19146038553139,0.868,6.7,23.6,71.8,2266.0
CN,200,1.0,t200p100,2030,P_mix,Asia-Pacific,1.476,0.07562148857186872,75.76144475347216,19.062466145307795,4.4281841600931955,99.25209505887317,51.326757434504,0.909,4.4,14.4,65.5,1528.5
CN,300,1.0,t300p100,2030,P_mix,Asia-Pacific,1.451,0.0737324454088936,74.58197413759777,19.87601792853992,4.354200884904969,98.81219295104266,51.38621949861564,0.833,8.9,27.3,56.6,1746.4
CN,500,1.0,t500p100,2030,P_mix,Asia-Pacific,1.451,0.07373244540889357,74.58197413759777,19.87601792853992,4.354200884904969,98.81219295104266,51.38621949861564,0.833,8.9,27.3,56.6,1746.4
CO,50,1.0,t50p100,2030,P_mix,Latin America,1.442,0.42131808905916973,134.60407602635797,77.81907107458693,4.32456308555057,216.74771018649545,93.37642210106976,0.167,194.3,960.9,64.7,3738.0
CO,100,1.0,t100p100,2030,P_mix,Latin America,1.442,0.42131808905916973,134.60407602635797,77.81907107458693,4.32456308555057,216.74771018649545,93.37642210106976,0.167,194.3,960.9,64.7,3738.0
CO,150,1.0,t150p100,2030,P_mix,Latin America,1.371,0.24529120603286725,124.86951057985523,64.1360262426134,4.112272727773504,193.11780955024213,91.09525475037978,0.196,160.7,739.8,62.3,3209.0
CO,200,1.0,t200p100,2030,P_mix,Latin America,1.371,0.23716811478415428,125.01411505561337,58.22408409446168,4.114101917118333,187.35230106719334,91.16019795385479,0.164,163.1,761.7,57.8,2189.7
CO,300,1.0,t300p100,2030,P_mix,Latin America,1.392,0.14922355768749435,123.3442039701583,72.20793538387804,4.175845966067737,199.7279853201041,88.61261045481609,0.377,104.3,418.4,104.4,6043.7
CO,500,1.0,t500p100,2030,P_mix,Latin America,1.392,0.14922355768749435,123.3442039701583,72.20793538387804,4.175845966067737,199.7279853201041,88.61261045481609,0.377,104.3,418.4,104.4,6043.7
CR,50,1.0,t50p100,2030,P_mix,North America,2.039,0.3863414664084558,296.4996909947182,102.34073630144539,6.116112978943827,404.95654027510744,145.4353567447928,0.095,281.8,1278.9,33.4,5782.3
CR,100,1.0,t100p100,2030,P_mix,North America,1.855,0.24527185699654697,269.83815219059744,94.88868446352336,5.564422340004461,370.29125899412526,145.48041236049343,0.164,215.2,970.7,50.2,6633.4
CR,150,1.0,t150p100,2030,P_mix,North America,1.894,0.2252574207918081,274.4971752056598,80.41764428849736,5.682571504804865,360.597390998962,144.91529493657572,0.091,238.2,1109.0,28.7,3704.6
CR,200,1.0,t200p100,2030,P_mix,North America,1.871,0.21230992902978912,270.3883630565031,84.01766472988203,5.6126685041337305,360.0186962905188,144.52396192151463,0.116,226.0,1003.3,36.2,4887.5
CR,300,1.0,t300p100,2030,P_mix,North America,1.644,0.14271311820614488,229.61632714132077,62.46262024392318,4.931735537508465,297.01068292275244,139.67678846217495,0.18,178.5,743.2,39.0,3307.6
CR,500,1.0,t500p100,2030,P_mix,North America,1.644,0.14271311820614488,229.61632714132077,62.46262024392318,4.931735537508465,297.01068292275244,139.67678846217495,0.18,178.5,743.2,39.0,3307.6
CU,50,1.0,t50p100,2030,P_mix,North America,3.13,0.2821484374365408,160.05654094611643,70.897417424536,9.38862086593396,240.34257923658637,51.14378668549867,0.266,161.5,776.6,71.5,3867.2
CU,100,1.0,t100p100,2030,P_mix,North America,2.775,0.17492331886048532,141.71724937095703,65.06956228668862,8.326165187021962,215.1129768446676,51.0621322737575,0.254,133.2,726.1,54.4,3819.1
CU,150,1.0,t150p100,2030,P_mix,North America,2.721,0.1732357332558644,138.86965084235388,61.7076895752616,8.164178610612819,208.74151902822828,51.02888758282438,0.278,126.8,670.2,55.5,3647.7
CU,200,1.0,t200p100,2030,P_mix,North America,2.645,0.16270774809341357,135.15607945592794,68.27228397630213,7.93397266981812,211.36233610204818,51.1053233029448,0.321,114.4,586.6,59.1,5260.7
CU,300,1.0,t300p100,2030,P_mix,North America,2.401,0.12667351623862946,123.70758038659297,48.392828124037344,7.203642765869673,179.3040512765,51.518759775003055,0.297,107.3,520.9,48.7,2722.0
CU,500,1.0,t500p100,2030,P_mix,North America,2.401,0.12667351623862946,123.70758038659297,48.392828124037344,7.203642765869673,179.3040512765,51.518759775003055,0.297,107.3,520.9,48.7,2722.0
CV,50,1.0,t50p100,2030,P_mix,Africa/MENA,2.57,0.29731461077278865,119.01515430418334,73.8876821182098,7.710062063836179,200.6128984862293,46.30902578427505,0.39,131.1,564.2,90.8,5497.4
CV,100,1.0,t100p100,2030,P_mix,Africa/MENA,2.57,0.29731461077278865,119.01515430418334,73.8876821182098,7.710062063836179,200.6128984862293,46.30902578427505,0.39,131.1,564.2,90.8,5497.4
CV,150,1.0,t150p100,2030,P_mix,Africa/MENA,2.218,0.16739827837965393,103.23845770400004,61.23843413883392,6.654722256198011,171.131614099032,46.540691134561015,0.414,94.8,445.9,76.2,4772.1
CV,200,1.0,t200p100,2030,P_mix,Africa/MENA,2.112,0.1414839639637319,98.8777170010224,64.87707159712453,6.335670330577378,170.09045892872433,46.81953692752115,0.422,87.5,404.5,70.1,5818.0
CV,300,1.0,t300p100,2030,P_mix,Africa/MENA,2.14,0.14195694730191855,100.23136781187706,65.48475389067568,6.419173176372705,172.13529487892544,46.84312062843356,0.411,91.4,415.2,70.2,5817.8
CV,500,1.0,t500p100,2030,P_mix,Africa/MENA,2.14,0.14195694730191855,100.23136781187706,65.48475389067568,6.419173176372705,172.13529487892544,46.84312062843356,0.411,91.4,415.2,70.2,5817.8
CZ,50,1.0,t50p100,2030,P_mix,Europe,2.604,0.3337632039567089,239.81724816400836,103.85066341225631,7.812819762505152,351.48073133876983,92.08605424955263,0.655,53.8,252.6,129.0,12071.7
CZ,100,1.0,t100p100,2030,P_mix,Europe,2.258,0.2018436789994062,207.92362495557995,107.3527613269619,6.773811756850603,322.0501980393925,92.08565240034883,0.63,59.5,223.4,125.3,12871.5
CZ,150,1.0,t150p100,2030,P_mix,Europe,2.27,0.20159996193643506,209.02525752597003,106.49966352816149,6.809699391201159,322.3346204453327,92.08567611488962,0.635,59.2,219.9,125.9,12744.3
CZ,200,1.0,t200p100,2030,P_mix,Europe,2.444,0.14550230596723682,225.04465125537715,75.50115580005595,7.331995989248501,307.8778030446816,92.08051324034221,0.584,55.3,252.3,96.4,8165.1
CZ,300,1.0,t300p100,2030,P_mix,Europe,2.398,0.14217073308647968,220.84572932334714,71.75966510166909,7.195228909435431,299.8006233344517,92.08007087880519,0.63,47.6,192.1,94.1,8045.0
CZ,500,1.0,t500p100,2030,P_mix,Europe,2.398,0.14217073308647968,220.84572932334714,71.75966510166909,7.195228909435431,299.8006233344517,92.08007087880519,0.63,47.6,192.1,94.1,8045.0
DE,50,1.0,t50p100,2030,P_mix,Europe,1.415,0.236421905994648,62.84066985085709,69.51395924695618,4.244351723304121,136.59898082111738,44.417150566827104,0.941,12.6,27.3,139.7,7965.7
DE,100,1.0,t100p100,2030,P_mix,Europe,1.38,0.14592271759353498,60.76314065363627,60.81097091844262,4.138962316662579,125.71307388874146,44.04230046430972,0.927,13.2,29.0,136.3,6607.4
DE,150,1.0,t150p100,2030,P_mix,Europe,1.396,0.11005763127129439,63.51180801344674,61.06390310987603,4.18852710486336,128.76423822818614,45.489839093820514,0.971,4.9,10.5,129.0,6988.5
DE,200,1.0,t200p100,2030,P_mix,Europe,1.383,0.1100435214927604,63.13873458054305,60.18969501208913,4.148613748972907,127.47704334160508,45.65771006966455,0.997,0.4,0.9,128.3,6954.9
DE,300,1.0,t300p100,2030,P_mix,Europe,1.376,0.10781778386549934,63.00589496700087,56.11531079411832,4.127831737769428,123.24903749888863,45.79103435140085,0.986,2.3,4.6,121.3,6408.2
DE,500,1.0,t500p100,2030,P_mix,Europe,1.376,0.10781778386549934,63.00589496700087,56.11531079411832,4.127831737769428,123.24903749888863,45.79103435140085,0.986,2.3,4.6,121.3,6408.2
DK,50,1.0,t50p100,2030,P_mix,Europe,1.47,0.25400290631622674,70.20919476928975,73.39727484874182,4.408903957975627,148.0153735760072,47.773230334683994,0.95,10.6,22.8,145.5,8513.9
DK,100,1.0,t100p100,2030,P_mix,Europe,1.41,0.1563794286516915,67.00712645286377,64.82800039707496,4.23059839382355,136.0657252437623,47.51606289362569,0.896,15.9,43.4,143.1,7000.6
DK,150,1.0,t150p100,2030,P_mix,Europe,1.436,0.12221608612722876,69.88717668391247,62.50722607901761,4.3072793489527,136.7016821118828,48.67609297333274,0.967,5.2,11.3,132.9,7130.5
DK,200,1.0,t200p100,2030,P_mix,Europe,1.403,0.12125653206765002,68.52320480208463,63.06849077438154,4.208171165040314,135.7998667415065,48.85010764629505,0.976,4.0,8.0,126.9,7385.3
DK,300,1.0,t300p100,2030,P_mix,Europe,1.401,0.11855954856302572,68.64893086387227,56.90342142915523,4.202516217090434,129.75486851011794,49.00559140119205,0.99,1.7,3.1,123.3,6505.1
DK,500,1.0,t500p100,2030,P_mix,Europe,1.401,0.11855954856302572,68.64893086387227,56.90342142915523,4.202516217090434,129.75486851011794,49.00559140119205,0.99,1.7,3.1,123.3,6505.1
DO,50,1.0,t50p100,2030,P_mix,North America,2.452,0.3554936224606276,164.2185299166981,83.80572110548698,7.357159409272679,255.38141043145774,66.96274504113217,0.463,121.3,501.0,140.5,6484.5
DO,100,1.0,t100p100,2030,P_mix,North America,2.294,0.20835894689593587,153.67881471859147,63.744730987257675,6.882680031440244,224.30622573728934,66.9850177619398,0.21,156.4,813.1,78.7,2342.5
DO,150,1.0,t150p100,2030,P_mix,North America,2.253,0.20258712411178598,150.67801888688436,73.24882203950077,6.759385278371079,230.6862262047562,66.87502458353521,0.438,97.2,459.1,141.5,5177.9
DO,200,1.0,t200p100,2030,P_mix,North America,2.233,0.20183431591990858,149.32153645238873,70.70195816627232,6.6979649084572275,226.72145952711827,66.88070413619809,0.417,101.0,486.8,132.0,4769.9
DO,300,1.0,t300p100,2030,P_mix,North America,1.676,0.13511589067726787,111.26840947398051,68.37806415088058,5.029270237825405,184.6757438626865,66.37249792452475,0.485,72.8,325.6,97.6,6386.0
DO,500,1.0,t500p100,2030,P_mix,North America,1.676,0.13511589067726787,111.26840947398051,68.37806415088058,5.029270237825405,184.6757438626865,66.37249792452475,0.485,72.8,325.6,97.6,6386.0
DZ,50,1.0,t50p100,2030,P_mix,Africa/MENA,1.869,0.35575449830096456,108.96166837140294,69.38136738451347,5.607204315944023,183.9502400718604,58.29732370991228,0.53,99.7,420.4,110.4,5469.9
DZ,100,1.0,t100p100,2030,P_mix,Africa/MENA,1.786,0.2464109974724542,104.16564573599096,57.47943022756289,5.357757504094171,167.00283346764806,58.32606962319092,0.621,88.2,281.0,124.5,4187.0
DZ,150,1.0,t150p100,2030,P_mix,Africa/MENA,1.758,0.2431406616807833,102.58574507832778,64.62801075723233,5.2739330591862785,172.48768889474638,58.35440681199411,0.511,97.3,385.1,108.5,4978.6
DZ,200,1.0,t200p100,2030,P_mix,Africa/MENA,1.832,0.15224911940223768,107.24734998312172,49.198977206515565,5.49708185056559,161.94340904020288,58.52960874436655,0.688,53.0,173.4,118.2,3911.8
DZ,300,1.0,t300p100,2030,P_mix,Africa/MENA,1.832,0.15224911940223765,107.24734998312172,49.198977206515565,5.49708185056559,161.94340904020288,58.52960874436655,0.688,53.0,173.4,118.2,3911.8
DZ,500,1.0,t500p100,2030,P_mix,Africa/MENA,1.829,0.15231727758619737,107.02552511155412,48.83457176953639,5.485727074818577,161.3458239559091,58.52944759292061,0.696,51.7,167.4,119.9,3863.7
EC,50,1.0,t50p100,2030,P_mix,Latin America,1.311,0.4997084308130297,198.59907214858217,117.27453735778677,3.9344392557877703,319.80804876215666,151.43129114760058,0.165,248.6,1122.2,67.9,8685.7
EC,100,1.0,t100p100,2030,P_mix,Latin America,1.333,0.3471993214462894,181.93572599087173,119.34251245249855,3.9976297338304883,305.2758681772008,136.53269920264188,0.343,199.4,772.8,127.6,10277.7
EC,150,1.0,t150p100,2030,P_mix,Latin America,1.337,0.2791107010940457,168.4808956151913,101.25932210113717,4.009569660884464,273.74978737721295,126.05908603520287,0.253,188.8,785.0,82.1,8337.0
EC,200,1.0,t200p100,2030,P_mix,Latin America,1.341,0.2690265434655387,166.8528500016645,87.93194268080272,4.0233516425072935,258.80814432497453,124.41332363706915,0.258,182.5,743.0,86.0,6389.5
EC,300,1.0,t300p100,2030,P_mix,Latin America,1.626,0.14033820775140515,159.3080271467183,80.60515775528278,4.877341951824874,244.79052685382595,97.9886352363172,0.22,159.4,691.7,73.3,5966.7
EC,500,1.0,t500p100,2030,P_mix,Latin America,1.626,0.14033820775140515,159.3080271467183,80.60515775528278,4.877341951824874,244.79052685382595,97.9886352363172,0.22,159.4,691.7,73.3,5966.7
EE,50,1.0,t50p100,2030,P_mix,Europe,2.303,0.29945744064238855,136.61494332059945,63.868427753358695,6.90797725979175,207.3913483337499,59.32920948470981,0.922,13.1,45.7,153.9,6609.1
EE,100,1.0,t100p100,2030,P_mix,Europe,1.775,0.17028032819990255,104.1351968627855,63.39564953583048,5.323559057810908,172.8544054564269,58.68359629259352,0.892,18.2,53.8,146.5,6609.3
EE,150,1.0,t150p100,2030,P_mix,Europe,2.054,0.14855741121084862,122.47954263889913,53.735833266633094,6.162131032474405,182.37750693800663,59.6284996181184,0.914,10.2,40.6,136.4,5399.3
EE,200,1.0,t200p100,2030,P_mix,Europe,2.083,0.14733013675649506,124.33764823894454,53.97904806692902,6.24987175395149,184.56656805982504,59.6832958181892,0.947,5.1,27.4,132.6,5642.3
EE,300,1.0,t300p100,2030,P_mix,Europe,2.093,0.14652620748966477,125.17057573685365,53.747948545404995,6.278735898039864,185.19726018029849,59.80689955884094,0.942,6.8,26.2,129.7,5666.7
EE,500,1.0,t500p100,2030,P_mix,Europe,2.093,0.14652620748966477,125.17057573685365,53.747948545404995,6.278735898039864,185.19726018029849,59.80689955884094,0.942,6.8,26.2,129.7,5666.7
EG,50,1.0,t50p100,2030,P_mix,Africa/MENA,2.045,0.2718451636374274,68.077042954191,79.06079402684266,6.135822697717747,153.27365967875141,33.285044064023964,0.855,25.7,87.0,138.7,9070.8
EG,100,1.0,t100p100,2030,P_mix,Africa/MENA,1.86,0.18137666003034394,60.669126935900714,69.93433975849427,5.581339170232156,136.18480586462715,32.60998395840761,0.803,29.7,121.5,135.3,7410.7
EG,150,1.0,t150p100,2030,P_mix,Africa/MENA,1.6,0.16049225103194692,52.27366058572916,67.48290859067737,4.8012852536920345,124.55785443009856,32.66229217199657,0.884,21.2,57.7,145.2,7256.8
EG,200,1.0,t200p100,2030,P_mix,Africa/MENA,1.872,0.1427143598509676,62.51771905958056,67.42256054504988,5.616365765013548,135.55664536964397,33.39404252249404,0.93,9.2,33.1,130.4,7819.0
EG,300,1.0,t300p100,2030,P_mix,Africa/MENA,1.683,0.13669413083800674,56.5629137371444,65.82556012070745,5.049191201165739,127.43766505901758,33.607113387240446,0.876,20.0,54.3,113.6,7720.1
EG,500,1.0,t500p100,2030,P_mix,Africa/MENA,1.683,0.13669413083800674,56.5629137371444,65.82556012070745,5.049191201165739,127.43766505901758,33.607113387240446,0.876,20.0,54.3,113.6,7720.1
ES,50,1.0,t50p100,2030,P_mix,Europe,1.922,0.2640242092311828,122.38605307299885,57.39292660362827,5.764673345567252,185.5436530221944,63.69106057003592,0.432,74.9,332.0,81.5,4897.0
ES,100,1.0,t100p100,2030,P_mix,Europe,1.764,0.17460450822310156,112.37943846352724,56.25840310314384,5.290726938436026,173.9285685051071,63.7224939622836,0.374,76.2,342.9,81.9,4623.0
ES,150,1.0,t150p100,2030,P_mix,Europe,1.707,0.13142428735541525,109.01042204948308,53.33602276859301,5.120692684317241,167.46713750239337,63.86465392661081,0.459,58.8,250.6,79.0,4924.0
ES,200,1.0,t200p100,2030,P_mix,Europe,1.737,0.11952345272651224,110.98791606862994,45.114136746262474,5.209543467302254,161.31159628219467,63.91418946703081,0.519,46.3,196.6,78.6,4025.4
ES,300,1.0,t300p100,2030,P_mix,Europe,1.737,0.11952345272651224,110.98791606862994,45.114136746262474,5.209543467302254,161.31159628219467,63.91418946703081,0.519,46.3,196.6,78.6,4025.4
ES,500,1.0,t500p100,2030,P_mix,Europe,1.737,0.11952345272651224,110.98791606862994,45.114136746262474,5.209543467302254,161.31159628219467,63.91418946703081,0.519,46.3,196.6,78.6,4025.4
ET,50,1.0,t50p100,2030,P_mix,Africa/MENA,2.318,0.27638950707072385,117.80716863988025,55.61285423158182,6.952784762188148,180.3728076336502,50.831647750938714,0.265,138.0,659.8,62.3,2492.8
ET,100,1.0,t100p100,2030,P_mix,Africa/MENA,2.127,0.18276195866462588,108.00782663185018,57.79860602059328,6.381207210789468,172.18763986323293,50.77777122605996,0.408,101.5,438.4,86.1,3991.6
ET,150,1.0,t150p100,2030,P_mix,Africa/MENA,2.262,0.1574309985733495,114.94143091935705,49.332880599353544,6.785724441496823,171.06003596020741,50.81613551080329,0.273,123.1,585.7,64.5,1997.8
ET,200,1.0,t200p100,2030,P_mix,Africa/MENA,1.771,0.13622324617968154,90.088431336389,60.955686618010304,5.314405520315795,156.35852347471507,50.855226040994374,0.651,62.2,166.9,108.3,6027.1
ET,300,1.0,t300p100,2030,P_mix,Africa/MENA,1.928,0.13255424593383888,98.07749541391543,52.10236661871467,5.783229480918035,155.96309151354814,50.87684782569628,0.48,72.8,292.7,93.7,4027.7
ET,500,1.0,t500p100,2030,P_mix,Africa/MENA,1.928,0.13255424593383888,98.07749541391543,52.10236661871467,5.783229480918035,155.96309151354814,50.87684782569628,0.48,72.8,292.7,93.7,4027.7
FI,50,1.0,t50p100,2030,P_mix,Europe,3.378,0.3173080824988425,204.9545224020851,158.0399085391601,10.13319732983806,373.12762827108327,60.67814009658559,1.0,-0.0,-0.0,402.5,16823.6
FI,100,1.0,t100p100,2030,P_mix,Europe,2.945,0.197927340817602,177.62221781780633,124.75542466514459,8.834905444406434,311.2125479273574,60.313792468576196,0.981,3.5,11.2,333.2,12841.4
FI,150,1.0,t150p100,2030,P_mix,Europe,2.792,0.16291561535934013,169.79323487844871,123.76428932195604,8.377055729277634,301.9345799296824,60.806531685718575,1.0,-0.0,-0.0,296.0,13600.6
FI,200,1.0,t200p100,2030,P_mix,Europe,2.88,0.1625894396971924,175.62839966426566,126.21546616694306,8.638949033823023,310.48281486503174,60.98950195561431,1.0,-0.0,-0.0,308.9,13714.9
FI,300,1.0,t300p100,2030,P_mix,Europe,2.852,0.16081074773365572,174.1798010181711,116.34717051662132,8.555016845333558,299.081988380126,61.07988008691574,1.0,-0.0,0.0,307.8,12129.3
FI,500,1.0,t500p100,2030,P_mix,Europe,2.852,0.16081074773365572,174.1798010181711,116.34717051662132,8.555016845333558,299.081988380126,61.07988008691574,1.0,-0.0,0.0,307.8,12129.3
FJ,50,1.0,t50p100,2030,P_mix,Asia-Pacific,1.867,0.34276332036908647,162.27906388717267,74.33030927324235,5.599984133034657,242.20935729344967,86.93545911847059,0.519,110.9,459.0,149.7,5076.1
FJ,100,1.0,t100p100,2030,P_mix,Asia-Pacific,1.835,0.23237142305802244,159.34277093597717,65.97542100814094,5.505404662195243,230.82359660631334,86.82891488258399,0.159,183.6,933.1,48.3,2422.3
FJ,150,1.0,t150p100,2030,P_mix,Asia-Pacific,1.765,0.21361332024254084,152.84981054151214,66.47552225737576,5.296464781204141,224.62179758009202,86.57650915603492,0.253,154.5,730.0,70.1,3523.3
FJ,200,1.0,t200p100,2030,P_mix,Asia-Pacific,1.615,0.1605471047973672,138.5754478088374,57.08865794615813,4.845218713829299,200.50932446882481,85.80135758163813,0.532,80.0,318.6,114.8,4156.7
FJ,300,1.0,t300p100,2030,P_mix,Asia-Pacific,1.58,0.1402309483983372,134.64958508247466,58.12740407094885,4.740767267117173,197.51775642054068,85.20746378951914,0.623,64.8,231.7,124.6,4771.8
FJ,500,1.0,t500p100,2030,P_mix,Asia-Pacific,1.58,0.14023094839833727,134.64958508247466,58.12740407094885,4.740767267117173,197.51775642054068,85.20746378951914,0.623,64.8,231.7,124.6,4771.8
FR,50,1.0,t50p100,2030,P_mix,Europe,1.609,0.24851284184835307,93.35944125747227,63.47401876591365,4.828036283621014,161.66149630700693,58.01081585127599,0.826,25.8,78.3,124.9,6891.4
FR,100,1.0,t100p100,2030,P_mix,Europe,1.581,0.1693942339066704,91.61943629214974,57.50519034395941,4.741910289865179,153.86653692597434,57.96362479988305,0.723,37.0,123.6,116.2,5742.3
FR,150,1.0,t150p100,2030,P_mix,Europe,1.597,0.11826844567161265,93.51427268119043,48.624490879988876,4.7907350419238455,146.92949860310316,58.5594518562464,0.837,14.0,55.8,120.1,4803.3
FR,200,1.0,t200p100,2030,P_mix,Europe,1.569,0.11319451874520912,92.18610007885201,48.784275765646164,4.706940182252298,145.67731602675045,58.75543124158039,0.8,23.6,62.4,103.0,5099.7
FR,300,1.0,t300p100,2030,P_mix,Europe,1.57,0.1131911547581846,92.23524255123256,47.93569812069798,4.709433119217727,144.88037379114826,58.75563377777861,0.782,24.1,71.0,100.8,4951.6
FR,500,1.0,t500p100,2030,P_mix,Europe,1.57,0.1131911547581846,92.23524255123256,47.93569812069798,4.709433119217727,144.88037379114826,58.75563377777861,0.782,24.1,71.0,100.8,4951.6
GB,50,1.0,t50p100,2030,P_mix,Europe,1.473,0.24549118663343708,76.2540738574575,108.4069149360642,4.418902731992088,189.07989152551377,51.76901041884759,0.994,1.2,2.5,139.9,14541.6
GB,100,1.0,t100p100,2030,P_mix,Europe,1.334,0.16483549375823472,68.772388274296,106.15763225242644,4.000566289822385,178.9305868165448,51.57199003245311,0.941,8.5,25.6,137.7,14024.1
GB,150,1.0,t150p100,2030,P_mix,Europe,1.421,0.12058193200565079,74.50211217696099,93.85417154375347,4.262358358043969,172.61864207875846,52.43724664986917,0.991,1.3,2.8,120.5,12598.2
GB,200,1.0,t200p100,2030,P_mix,Europe,1.422,0.11339258609518083,75.17241365388001,89.56778731956248,4.266049782124026,169.0062507555665,52.86324644091638,0.965,3.6,11.3,113.0,11995.5
GB,300,1.0,t300p100,2030,P_mix,Europe,1.416,0.11255905817641029,74.89383182255014,87.64655507424726,4.249137081383963,166.78952397818136,52.876970350523656,0.967,4.2,10.2,111.1,11727.9
GB,500,1.0,t500p100,2030,P_mix,Europe,1.416,0.11255905817641028,74.89383182255014,87.64655507424726,4.249137081383963,166.78952397818136,52.876970350523656,0.967,4.2,10.2,111.1,11727.9
GF,50,1.0,t50p100,2030,P_mix,Latin America,1.944,0.3106322543793058,243.04387522099464,120.79146764079206,5.831269680431357,369.66661254221805,125.03822762816382,0.415,95.1,443.7,93.1,14119.6
GF,100,1.0,t100p100,2030,P_mix,Latin America,1.758,0.19048094882470906,220.84280606108126,113.93318030511881,5.27450043740207,340.05048680360215,125.60970011210605,0.381,93.1,464.0,99.3,12747.5
GF,150,1.0,t150p100,2030,P_mix,Latin America,1.735,0.16034561755546628,215.23022300068422,98.07117308813154,5.205780620644245,318.50717670946,124.03339980203528,0.354,90.2,411.1,72.7,11109.5
GF,200,1.0,t200p100,2030,P_mix,Latin America,1.722,0.15780102032378787,214.08381997707832,98.75172819302703,5.167286844967233,318.0028350150726,124.29181487317064,0.355,92.4,420.5,78.6,11013.7
GF,300,1.0,t300p100,2030,P_mix,Latin America,1.739,0.1469341007347071,212.9311010946029,107.1241910456502,5.217979651849751,325.27327179210283,122.4215780637169,0.397,86.4,390.1,81.1,12561.0
GF,500,1.0,t500p100,2030,P_mix,Latin America,1.739,0.1469341007347071,212.9311010946029,107.1241910456502,5.217979651849751,325.27327179210283,122.4215780637169,0.397,86.4,390.1,81.1,12561.0
GH,50,1.0,t50p100,2030,P_mix,Africa/MENA,1.604,0.2723889959957272,187.41371434952836,71.83866264567084,4.812551807957561,264.06492880315676,116.82807073763281,0.428,93.3,376.9,89.8,6651.3
GH,100,1.0,t100p100,2030,P_mix,Africa/MENA,1.604,0.2723889959957272,187.41371434952836,71.83866264567084,4.812551807957561,264.06492880315676,116.82807073763281,0.428,93.3,376.9,89.8,6651.3
GH,150,1.0,t150p100,2030,P_mix,Africa/MENA,1.484,0.16425889106383706,171.67202862737142,65.64305734423698,4.451929125793044,241.7670150974014,115.6838016351788,0.41,93.0,339.0,80.8,6084.7
GH,200,1.0,t200p100,2030,P_mix,Africa/MENA,1.495,0.13946161446514907,171.14372039244338,58.443710934296575,4.483645586913497,234.07107691365346,114.51198611145688,0.422,82.7,301.4,79.7,5249.0
GH,300,1.0,t300p100,2030,P_mix,Africa/MENA,1.456,0.12525859684476248,165.7006932518636,59.71066780279583,4.367045451139729,229.77840650579915,113.83029678013955,0.429,80.8,282.0,74.3,5713.4
GH,500,1.0,t500p100,2030,P_mix,Africa/MENA,1.456,0.12525859684476248,165.7006932518636,59.71066780279583,4.367045451139729,229.77840650579915,113.83029678013955,0.429,80.8,282.0,74.3,5713.4
GR,50,1.0,t50p100,2030,P_mix,Europe,2.407,0.40326640560373084,196.44284746879134,112.46522666415072,7.220666979065223,316.1287411120073,81.61691213775774,0.188,205.1,952.1,59.3,9486.0
GR,100,1.0,t100p100,2030,P_mix,Europe,2.267,0.2501500794516974,184.20651392856706,107.05674662696012,6.800816648976005,298.06407720450323,81.25782098079495,0.175,172.0,873.4,55.5,9425.3
GR,150,1.0,t150p100,2030,P_mix,Europe,2.257,0.249680625626577,183.38588913404894,107.96076693982376,6.77008484350118,298.1167409173739,81.26303881261717,0.183,168.6,858.8,57.0,9655.4
GR,200,1.0,t200p100,2030,P_mix,Europe,2.403,0.1543682578215916,193.72472655692695,73.10932211533732,7.208332518064,274.0423811903283,80.62532884191535,0.131,203.7,883.7,38.5,3979.7
GR,300,1.0,t300p100,2030,P_mix,Europe,2.141,0.14534277842367055,172.48874185392214,70.79836493671104,6.423000009793945,249.7101068004271,80.56456870196514,0.178,150.4,687.9,49.5,4985.9
GR,500,1.0,t500p100,2030,P_mix,Europe,2.141,0.14534277842367055,172.48874185392214,70.79836493671104,6.423000009793945,249.7101068004271,80.56456870196514,0.178,150.4,687.9,49.5,4985.9
GT,50,1.0,t50p100,2030,P_mix,North America,1.69,0.40933141277401247,132.63005257016852,75.39033505813812,5.070582463134881,213.09097009144148,78.47030604537504,0.125,241.8,1081.5,61.1,2315.7
GT,100,1.0,t100p100,2030,P_mix,North America,1.574,0.25520759484588373,122.85488139752199,71.2038853019829,4.720505729706236,198.77927242921112,78.07736401487271,0.098,230.5,983.6,45.0,2696.7
GT,150,1.0,t150p100,2030,P_mix,North America,1.573,0.25519749844635736,122.78364406404845,71.11964887951375,4.717811614342518,198.6211045579047,78.07665127457182,0.098,230.2,982.4,45.0,2692.6
GT,200,1.0,t200p100,2030,P_mix,North America,1.521,0.24463005181101521,118.52102713702988,62.20014755107525,4.563795990881077,185.2849706789862,77.90950386948509,0.141,190.9,808.9,56.4,2371.4
GT,300,1.0,t300p100,2030,P_mix,North America,1.476,0.15161013182347824,113.64958810450776,64.55769531126757,4.429434314107663,182.636717729883,76.97343275361555,0.231,135.6,593.5,54.6,4562.7
GT,500,1.0,t500p100,2030,P_mix,North America,1.476,0.1516101318234783,113.64958810450776,64.55769531126757,4.429434314107663,182.636717729883,76.97343275361555,0.231,135.6,593.5,54.6,4562.7
HN,50,1.0,t50p100,2030,P_mix,North America,2.305,0.3682680883537998,127.39207954581178,85.31760786380799,6.9155760621391416,219.62526347175893,55.263109711097435,0.096,249.5,1185.2,42.5,3629.1
HN,100,1.0,t100p100,2030,P_mix,North America,2.201,0.2321033679374362,121.81866526063135,70.29370792494956,6.602837851053182,198.7152110366341,55.348322043619675,0.162,191.1,899.5,61.4,2998.2
HN,150,1.0,t150p100,2030,P_mix,North America,2.201,0.2321033679374362,121.81866526063135,70.29370792494956,6.602837851053182,198.7152110366341,55.348322043619675,0.162,191.1,899.5,61.4,2998.2
HN,200,1.0,t200p100,2030,P_mix,North America,2.105,0.22620025432773117,116.5246491914982,70.95211402230785,6.314181628008575,193.79094484181465,55.36330250999536,0.184,173.2,787.6,63.6,3899.3
HN,300,1.0,t300p100,2030,P_mix,North America,1.758,0.14890039323364804,97.88770333960896,53.110581770305764,5.275167608791367,156.2734527187061,55.668962921561004,0.267,133.5,555.7,53.4,2979.8
HN,500,1.0,t500p100,2030,P_mix,North America,1.758,0.14890039323364804,97.88770333960896,53.110581770305764,5.275167608791368,156.2734527187061,55.668962921561004,0.267,133.5,555.7,53.4,2979.8
HU,50,1.0,t50p100,2030,P_mix,Europe,2.604,0.35865533352921786,217.41958155339304,254.4371012221445,7.811241676296976,479.66792445183455,83.5025686939688,0.865,24.9,89.0,154.4,37310.1
HU,100,1.0,t100p100,2030,P_mix,Europe,2.285,0.2161593955693882,190.80442677734948,235.35382838529432,6.855024742084934,433.01327990472873,83.50273002194182,0.827,31.1,106.4,162.1,33871.4
HU,150,1.0,t150p100,2030,P_mix,Europe,2.285,0.2161660201271043,190.78294352420525,235.3684313681701,6.8542529781482235,433.00562787052354,83.50272923939336,0.827,31.2,106.3,162.1,33875.9
HU,200,1.0,t200p100,2030,P_mix,Europe,2.304,0.1653754760690451,192.3978635049213,215.45892518119823,6.9122083157905685,414.7689970019101,83.50350049436405,0.825,26.3,94.9,135.0,31339.0
HU,300,1.0,t300p100,2030,P_mix,Europe,2.338,0.1523923175262936,195.25219706507045,178.30535223453293,7.014736055961736,380.5722853555651,83.50372508989635,0.802,27.5,96.6,118.6,25624.0
HU,500,1.0,t500p100,2030,P_mix,Europe,2.338,0.1523923175262936,195.25219706507045,178.30535223453293,7.014736055961736,380.5722853555651,83.50372508989635,0.802,27.5,96.6,118.6,25624.0
ID,50,1.0,t50p100,2030,P_mix,Asia-Pacific,1.543,0.40654598227108624,169.73256975081273,74.7787887850374,4.629648849405953,249.14100738525613,109.98624859372973,0.176,202.9,1033.2,61.4,2791.9
ID,100,1.0,t100p100,2030,P_mix,Asia-Pacific,1.533,0.27846809641140163,165.94588571487432,72.88449027588194,4.597888476578047,243.4282644673343,108.27527889826847,0.145,198.6,1000.9,45.1,3082.7
ID,150,1.0,t150p100,2030,P_mix,Asia-Pacific,1.58,0.24325446648688467,169.85024533034365,72.05673440872977,4.740800550583489,246.6477802896569,107.48200236525791,0.147,200.5,985.3,49.9,2927.6
ID,200,1.0,t200p100,2030,P_mix,Asia-Pacific,1.648,0.17316569037569857,173.70842734494133,68.53142839937323,4.9439001155784075,247.18375585989293,105.40772868625302,0.18,182.8,884.5,63.3,2822.4
ID,300,1.0,t300p100,2030,P_mix,Asia-Pacific,1.478,0.14477286351760837,154.20425155802624,56.463481942085615,4.433790192368969,215.10152369248084,104.33798953100784,0.231,142.3,639.5,64.1,2691.3
ID,500,1.0,t500p100,2030,P_mix,Asia-Pacific,1.478,0.14477286351760837,154.20425155802624,56.463481942085615,4.433790192368969,215.10152369248084,104.33798953100784,0.231,142.3,639.5,64.1,2691.3
IE,50,1.0,t50p100,2030,P_mix,Europe,2.618,0.2928710620277608,117.63330690150379,111.31010037491644,7.852864465025289,236.79627174144554,44.93900566808937,0.899,15.6,57.9,167.2,13952.4
IE,100,1.0,t100p100,2030,P_mix,Europe,2.484,0.19064070214116016,107.9738446501819,112.08501281174206,7.452109267638434,227.51096672956237,43.46709398870556,0.845,25.1,84.5,158.5,14035.4
IE,150,1.0,t150p100,2030,P_mix,Europe,2.577,0.1574518667487724,114.92171408523444,93.97206947316056,7.731999204128511,216.62578276252353,44.58939184468788,0.863,22.6,69.1,140.7,11593.5
IE,200,1.0,t200p100,2030,P_mix,Europe,2.505,0.14667561377266905,112.99195884020368,90.61318774882757,7.513975978746904,211.11912256777816,45.11271761839455,0.87,19.9,63.5,136.0,11206.7
IE,300,1.0,t300p100,2030,P_mix,Europe,2.519,0.14205874114446868,113.30772872428585,85.72349045144738,7.5555308989443954,206.5867500746776,44.98998028323159,0.862,19.9,64.4,126.8,10608.3
IE,500,1.0,t500p100,2030,P_mix,Europe,2.501,0.14248448859858862,112.58058950878774,85.9201240208874,7.5017350393622255,206.00244856903737,45.02182051941344,0.861,20.2,65.4,127.5,10615.6
IL,50,1.0,t50p100,2030,P_mix,Asia-Pacific,2.277,0.4378142890418365,280.75448297189246,86.45394036562044,6.83058477049664,374.03900810800957,123.30766357716038,0.118,238.2,1175.2,47.0,3857.9
IL,100,1.0,t100p100,2030,P_mix,Asia-Pacific,2.162,0.2779029980657504,256.87357749150345,79.728384982306,6.4856154099547805,343.0875778837642,118.81998604044291,0.136,204.8,1022.1,45.9,4001.5
IL,150,1.0,t150p100,2030,P_mix,Asia-Pacific,2.015,0.2429722981760487,238.7499880038758,86.3269652053819,6.046164719873591,331.12311792913135,118.46352145473806,0.153,180.0,893.6,52.0,5938.0
IL,200,1.0,t200p100,2030,P_mix,Asia-Pacific,2.148,0.1568532030492584,241.5966626489606,65.86930721092635,6.445151176222337,313.9111210361093,112.45507950547365,0.13,206.4,949.2,41.2,2300.0
IL,300,1.0,t300p100,2030,P_mix,Asia-Pacific,1.916,0.12933164916491463,214.59056647662152,71.28074813907222,5.747790929808528,291.61910554550224,112.00332567616691,0.173,166.1,736.7,49.2,4648.1
IL,500,1.0,t500p100,2030,P_mix,Asia-Pacific,1.916,0.12933164916491463,214.59056647662152,71.28074813907222,5.747790929808528,291.61910554550224,112.00332567616691,0.173,166.1,736.7,49.2,4648.1
IN,50,1.0,t50p100,2030,P_mix,Asia-Pacific,1.847,0.25968316478308,110.74778977752563,69.06187733183296,5.541117577245931,185.35078468660453,59.95963173510392,0.486,56.7,298.1,88.5,6987.7
IN,100,1.0,t100p100,2030,P_mix,Asia-Pacific,1.746,0.1704891209302259,104.7894652599373,65.9509996092728,5.237065856698938,175.97753072590905,60.02758116506999,0.362,71.3,381.0,71.1,6235.2
IN,150,1.0,t150p100,2030,P_mix,Asia-Pacific,1.809,0.1489365258487611,108.72571771266007,60.76369949524176,5.4255534804220105,174.91497068832382,60.118687303513575,0.375,62.8,381.0,70.4,5463.6
IN,200,1.0,t200p100,2030,P_mix,Asia-Pacific,1.624,0.12943545330221493,97.73481762816753,58.380014373294536,4.8731090350339965,160.98794103649607,60.16784167491082,0.557,36.2,202.6,88.1,6011.4
IN,300,1.0,t300p100,2030,P_mix,Asia-Pacific,1.659,0.11748202189792684,99.98832557598102,48.52319865727233,4.977000625144861,153.48852485839822,60.2702308720752,0.341,60.0,323.5,55.2,4193.4
IN,500,1.0,t500p100,2030,P_mix,Asia-Pacific,1.659,0.11748202189792684,99.98832557598102,48.52319865727233,4.977000625144861,153.48852485839822,60.2702308720752,0.341,60.0,323.5,55.2,4193.4
IR,50,1.0,t50p100,2030,P_mix,Asia-Pacific,4.208,0.392921062529285,248.80916520741653,106.61557752935775,12.624093759984758,368.048836496759,59.127214183741074,0.131,321.9,1698.5,74.2,2604.9
IR,100,1.0,t100p100,2030,P_mix,Asia-Pacific,4.11,0.25766296667301586,242.45658933411156,99.85817738219026,12.328658365785515,354.6434250820872,58.99829052128893,0.144,298.5,1640.7,72.7,2070.9
IR,150,1.0,t150p100,2030,P_mix,Asia-Pacific,3.834,0.22653627679149135,226.43703661464392,100.05931352707755,11.50090236896678,337.99725251068827,59.065896574944844,0.195,254.8,1392.0,83.6,3759.8
IR,200,1.0,t200p100,2030,P_mix,Asia-Pacific,3.872,0.20286177385057524,229.11944665387873,104.2819144094471,11.615384828249336,345.0167458915751,59.176544740036206,0.188,259.9,1438.9,96.8,3818.3
IR,300,1.0,t300p100,2030,P_mix,Asia-Pacific,3.477,0.17426786438184413,206.04717384991835,103.97120822948642,10.432170345757237,320.450552425162,59.25339608753148,0.203,223.6,1164.6,70.8,6357.8
IR,500,1.0,t500p100,2030,P_mix,Asia-Pacific,3.477,0.17426786438184413,206.04717384991835,103.97120822948642,10.432170345757237,320.450552425162,59.25339608753148,0.203,223.6,1164.6,70.8,6357.8
IT,50,1.0,t50p100,2030,P_mix,Europe,2.938,0.4235342903703881,265.3700214765363,108.00325126317728,8.814041838523739,382.1873145782373,90.32292777985623,0.113,295.2,1299.7,51.9,6066.2
IT,100,1.0,t100p100,2030,P_mix,Europe,2.704,0.26870284392029026,243.3331956968492,84.47456887980293,8.112130012277643,335.91989458892976,89.98864490407581,0.128,252.3,1080.5,54.6,3874.5
IT,150,1.0,t150p100,2030,P_mix,Europe,2.718,0.2655662774080153,244.67082369065054,82.9976352434929,8.152540084777286,335.8209990189207,90.03481901825026,0.124,250.7,1090.9,52.5,3624.1
IT,200,1.0,t200p100,2030,P_mix,Europe,2.48,0.1562510638074313,221.04574796027995,93.89000286622145,7.440083394168917,322.37583422067036,89.13035093135757,0.194,206.3,834.9,51.8,7365.5
IT,300,1.0,t300p100,2030,P_mix,Europe,2.348,0.14932971384281973,209.02702998130115,75.83863576162278,7.042720416947139,291.9083861598711,89.03961151644447,0.187,188.2,748.3,49.3,5160.1
IT,500,1.0,t500p100,2030,P_mix,Europe,2.348,0.14932971384281973,209.02702998130115,75.83863576162278,7.042720416947139,291.9083861598711,89.03961151644447,0.187,188.2,748.3,49.3,5160.1
JM,50,1.0,t50p100,2030,P_mix,North America,1.836,0.4456007649728151,146.9707770837937,77.7909713537934,5.508426074786062,230.27017451237316,80.04325106033237,0.208,199.1,978.0,79.0,3272.7
JM,100,1.0,t100p100,2030,P_mix,North America,1.642,0.25842274022216055,128.15425422969867,76.77568786973626,4.924821110337123,209.85476320977202,78.06634070060235,0.136,206.2,1024.3,62.3,3131.4
JM,150,1.0,t150p100,2030,P_mix,North America,1.642,0.25842274022216055,128.15425422969867,76.77568786973626,4.924821110337123,209.85476320977202,78.06634070060235,0.136,206.2,1024.3,62.3,3131.4
JM,200,1.0,t200p100,2030,P_mix,North America,1.6,0.2452823255822792,124.79231863706924,67.6177657894256,4.800804726284829,197.21088915277969,77.98212534274965,0.142,198.2,899.6,51.8,2725.7
JM,300,1.0,t300p100,2030,P_mix,North America,1.405,0.13315981354168308,106.23533881165856,57.175199811513295,4.214316421242231,167.6248550444141,75.62460541134047,0.191,140.9,647.4,50.5,3068.5
JM,500,1.0,t500p100,2030,P_mix,North America,1.405,0.13315981354168308,106.23533881165856,57.175199811513295,4.214316421242231,167.6248550444141,75.62460541134047,0.191,140.9,647.4,50.5,3068.5
JO,50,1.0,t50p100,2030,P_mix,Asia-Pacific,1.685,0.27030680000768065,99.46165135759097,65.32841731309878,5.056060570571,169.84612924126077,59.01530448617138,0.777,36.4,127.0,134.1,6602.9
JO,100,1.0,t100p100,2030,P_mix,Asia-Pacific,1.491,0.181383955377783,88.01665671451494,66.03071696673315,4.471980561783777,158.51935424303184,59.04541991976391,0.851,21.9,75.8,147.2,6855.9
JO,150,1.0,t150p100,2030,P_mix,Asia-Pacific,1.506,0.16954151447034682,88.9308737278572,67.04705412191933,4.519207974831797,160.4971358246083,59.03526075130487,0.794,33.2,105.6,134.1,7042.1
JO,200,1.0,t200p100,2030,P_mix,Asia-Pacific,1.482,0.1388598440179763,87.36270075073779,59.03810533395947,4.445356921360987,150.84616300605822,58.95771855637021,0.874,14.8,54.9,138.0,6102.9
JO,300,1.0,t300p100,2030,P_mix,Asia-Pacific,1.489,0.12275602578000137,87.75412755026515,52.32591493803703,4.468067607757386,144.54811009605956,58.920859253276205,0.901,13.2,32.9,128.5,5371.8
JO,500,1.0,t500p100,2030,P_mix,Asia-Pacific,1.489,0.12275602578000137,87.75412755026515,52.32591493803703,4.468067607757386,144.54811009605956,58.920859253276205,0.901,13.2,32.9,128.5,5371.8
JP,50,1.0,t50p100,2030,P_mix,Asia-Pacific,1.793,0.40138444401924306,145.26607281555195,80.06193047475121,5.378553233992933,230.7065565242961,81.02517526318637,0.549,92.2,467.6,144.4,6206.1
JP,100,1.0,t100p100,2030,P_mix,Asia-Pacific,1.602,0.24727778742477682,129.75651662425193,67.74199738065487,4.8051557106689735,202.30366971557578,81.01080866296445,0.539,78.9,393.0,92.9,5911.1
JP,150,1.0,t150p100,2030,P_mix,Asia-Pacific,1.825,0.2087308579607282,147.82392171162843,74.13460294306135,5.475148320015055,227.43367297470485,80.9972149089954,0.45,94.6,491.5,126.3,5470.3
JP,200,1.0,t200p100,2030,P_mix,Asia-Pacific,1.821,0.14525270623716208,147.4653636409668,66.42099927197131,5.464027400679694,219.3503903136178,80.96520359101203,0.414,99.6,450.7,113.8,4718.2
JP,300,1.0,t300p100,2030,P_mix,Asia-Pacific,1.694,0.13965053439914188,137.11166504056192,55.77337088547765,5.08083778111921,197.96587370715878,80.95810432095233,0.469,77.6,365.8,110.1,3762.2
JP,500,1.0,t500p100,2030,P_mix,Asia-Pacific,1.694,0.13965053439914188,137.11166504056192,55.77337088547765,5.08083778111921,197.96587370715878,80.95810432095233,0.469,77.6,365.8,110.1,3762.2
KE,50,1.0,t50p100,2030,P_mix,Africa/MENA,2.051,0.3408338690467727,87.32089844770115,72.27963561628643,6.151645837916422,165.752179901904,42.58416401810107,0.315,137.1,668.7,75.0,4875.3
KE,100,1.0,t100p100,2030,P_mix,Africa/MENA,1.894,0.23502401003467063,79.96741391005773,65.85163701234765,5.682143124107654,151.50119404651304,42.22037996761069,0.484,95.6,393.5,108.2,5143.6
KE,150,1.0,t150p100,2030,P_mix,Africa/MENA,1.991,0.19187637653171188,84.81476535891552,61.835127269662834,5.973626997473156,152.62351962605152,42.594607293755494,0.472,96.7,415.0,98.7,4554.2
KE,200,1.0,t200p100,2030,P_mix,Africa/MENA,1.992,0.15001456939217678,86.13614895633513,63.569554473604754,5.97718297225652,155.6828864021964,43.232480596365086,0.27,129.4,625.1,65.4,4001.5
KE,300,1.0,t300p100,2030,P_mix,Africa/MENA,1.741,0.14136830539286085,75.93082645740132,57.514401294980104,5.22377821876824,138.6690059711497,43.606843520610965,0.486,83.1,312.7,90.7,4777.3
KE,500,1.0,t500p100,2030,P_mix,Africa/MENA,1.741,0.14136830539286085,75.93082645740132,57.514401294980104,5.22377821876824,138.6690059711497,43.606843520610965,0.486,83.1,312.7,90.7,4777.3
KH,50,1.0,t50p100,2030,P_mix,Asia-Pacific,1.854,0.3480989265786331,201.32937571716522,88.11200767094117,5.561306761045576,295.002690149152,108.60543269832873,0.21,173.1,858.6,62.3,6272.5
KH,100,1.0,t100p100,2030,P_mix,Asia-Pacific,1.765,0.2344173773972562,190.4604507805394,77.44060524604079,5.295782175180125,273.1968382017603,107.89366583458161,0.167,163.8,845.5,44.9,5066.9
KH,150,1.0,t150p100,2030,P_mix,Asia-Pacific,1.894,0.18781207476444847,203.2499279560331,65.8308354471613,5.68227450607831,274.7630379092727,107.30734377859645,0.184,159.6,809.5,58.7,3127.9
KH,200,1.0,t200p100,2030,P_mix,Asia-Pacific,1.677,0.1497534722147001,178.36569613943777,62.67966413715907,5.032193278808881,246.0775535554057,106.33476473800518,0.253,123.8,582.8,61.5,4254.4
KH,300,1.0,t300p100,2030,P_mix,Asia-Pacific,1.65,0.1458863739096406,174.96381476140948,60.426659924645456,4.949108467071811,240.3395831531267,106.05777743133314,0.263,124.6,513.0,52.7,4522.9
KH,500,1.0,t500p100,2030,P_mix,Asia-Pacific,1.65,0.1458863739096406,174.96381476140948,60.426659924645456,4.949108467071811,240.3395831531267,106.05777743133314,0.263,124.6,513.0,52.7,4522.9
KR,50,1.0,t50p100,2030,P_mix,Asia-Pacific,1.919,0.42231057686348183,191.8757871715419,111.22796851950085,5.757076763691341,308.8608324547341,99.98604936883682,0.348,155.8,778.9,127.3,9228.7
KR,100,1.0,t100p100,2030,P_mix,Asia-Pacific,1.854,0.26140238461246174,184.41291161866152,100.36294594771434,5.561895932903618,290.3377534992795,99.46945098038957,0.315,146.8,720.2,112.7,8219.0
KR,150,1.0,t150p100,2030,P_mix,Asia-Pacific,1.678,0.21945005099638865,166.50493439998922,120.31953466046636,5.033671776963567,291.85814083741917,99.2346790440292,0.529,84.1,407.7,133.2,13457.5
KR,200,1.0,t200p100,2030,P_mix,Asia-Pacific,1.726,0.14197232918475067,169.59493430115234,92.31561408288945,5.178861733980714,267.0894101180225,98.2425924919184,0.431,112.3,477.5,105.6,8860.9
KR,300,1.0,t300p100,2030,P_mix,Asia-Pacific,1.698,0.13575817451068395,166.4490114519139,93.83967179650179,5.092811673829089,265.38149492224477,98.04938142947312,0.41,108.2,463.7,102.4,9296.5
KR,500,1.0,t500p100,2030,P_mix,Asia-Pacific,1.698,0.13575817451068395,166.4490114519139,93.83967179650179,5.092811673829089,265.38149492224477,98.04938142947312,0.41,108.2,463.7,102.4,9296.5
KW,50,1.0,t50p100,2030,P_mix,Asia-Pacific,2.139,0.31265346102085056,98.23882105959389,84.42401392467953,6.4176475063785094,189.08048249065192,45.92281874095811,0.678,48.8,250.0,110.6,9364.6
KW,100,1.0,t100p100,2030,P_mix,Asia-Pacific,2.0,0.20954886437128337,91.19788962715808,81.18001689897181,5.99968544942002,178.37759197554993,45.601335467999,0.572,61.2,335.3,102.9,8373.7
KW,150,1.0,t150p100,2030,P_mix,Asia-Pacific,1.945,0.17544933629834894,89.0074444398412,66.33531372176125,5.8346440738404635,161.1774022354429,45.76497382534685,0.694,44.1,202.1,114.1,6677.5
KW,200,1.0,t200p100,2030,P_mix,Asia-Pacific,2.004,0.1538209785687071,92.71434604071212,64.74935709213695,6.01287503494798,163.47657816779704,46.2579109836004,0.656,43.7,217.8,101.7,6595.9
KW,300,1.0,t300p100,2030,P_mix,Asia-Pacific,2.123,0.13751623232111798,98.40362302398422,41.624936542949015,6.368849396611741,146.397408963545,46.3523080368342,0.87,14.0,64.7,112.4,3777.6
KW,500,1.0,t500p100,2030,P_mix,Asia-Pacific,2.123,0.13751623232111798,98.40362302398422,41.624936542949015,6.368849396611741,146.397408963545,46.3523080368342,0.87,14.0,64.7,112.4,3777.6
KZ,50,1.0,t50p100,2030,P_mix,Asia-Pacific,2.856,0.42747306765681414,224.8421639252031,89.47920591819769,8.568967671072288,322.890337514473,78.71735752402537,0.221,213.2,1119.2,119.5,3275.2
KZ,100,1.0,t100p100,2030,P_mix,Asia-Pacific,2.586,0.25656943976017366,203.10061317320998,86.87266975987437,7.759196227481959,297.7324791605663,78.52641197055607,0.221,189.9,966.4,92.5,4591.6
KZ,150,1.0,t150p100,2030,P_mix,Asia-Pacific,2.376,0.20178386672803733,185.8612319163597,86.65873946649513,7.127171471149462,279.6471428540043,78.23351774349204,0.216,163.2,860.0,66.2,6008.5
KZ,200,1.0,t200p100,2030,P_mix,Asia-Pacific,2.673,0.15989968118336698,208.8433304715457,81.75307096922776,8.020313705405172,298.61671514617865,78.11789094887887,0.197,184.4,959.0,84.6,4017.7
KZ,300,1.0,t300p100,2030,P_mix,Asia-Pacific,2.32,0.14943968608982297,181.078391107471,79.93002337760346,6.960474824570386,267.96888930964485,78.04570622176553,0.228,148.4,691.7,53.9,6365.2
KZ,500,1.0,t500p100,2030,P_mix,Asia-Pacific,2.32,0.14943968608982297,181.078391107471,79.93002337760346,6.960474824570386,267.96888930964485,78.04570622176553,0.228,148.4,691.7,53.9,6365.2
LC,50,1.0,t50p100,2030,P_mix,North America,2.301,0.24162941507631983,81.9554921306371,73.20242792548413,6.9035634610099645,162.06148351713117,35.6144298202688,0.653,47.3,172.3,102.1,8232.0
LC,100,1.0,t100p100,2030,P_mix,North America,2.301,0.24162941507631983,81.9554921306371,73.20242792548413,6.9035634610099645,162.06148351713117,35.6144298202688,0.653,47.3,172.3,102.1,8232.0
LC,150,1.0,t150p100,2030,P_mix,North America,2.11,0.13893385959432722,75.24732711494035,64.6186757819931,6.329858106058654,146.1958610029921,35.66303976525968,0.594,48.8,190.0,95.9,6846.1
LC,200,1.0,t200p100,2030,P_mix,North America,2.114,0.1392382524713922,75.38007512745114,63.65255857085803,6.341475290250481,145.37410898855964,35.660507221407336,0.601,48.3,185.6,97.1,6693.8
LC,300,1.0,t300p100,2030,P_mix,North America,2.015,0.11718658935203556,73.41521399119193,52.642655653875316,6.04503187054903,132.10290151561625,36.43415728651443,0.554,51.2,189.1,75.1,5345.2
LC,500,1.0,t500p100,2030,P_mix,North America,2.015,0.11718658935203556,73.41521399119193,52.642655653875316,6.04503187054903,132.10290151561625,36.43415728651443,0.554,51.2,189.1,75.1,5345.2
LK,50,1.0,t50p100,2030,P_mix,Asia-Pacific,2.276,0.29408212757145746,101.31062489406338,78.3742024666188,6.82898338657674,186.5138107472589,44.506166947134474,0.532,87.6,369.4,90.5,7788.3
LK,100,1.0,t100p100,2030,P_mix,Asia-Pacific,2.172,0.21035051224788223,96.85268037175976,69.371983876089,6.516098670504036,172.7407629183528,44.59079823799013,0.557,72.5,336.7,92.8,6585.3
LK,150,1.0,t150p100,2030,P_mix,Asia-Pacific,2.023,0.17614705421503932,90.54756802139266,67.87207618297656,6.069779602297417,164.48942380666665,44.75330602800847,0.725,41.5,167.7,116.0,7123.3
LK,200,1.0,t200p100,2030,P_mix,Asia-Pacific,1.929,0.14727740925369656,86.98308497188314,69.42176886021035,5.787931863939708,162.1927856960332,45.08505992294615,0.716,37.9,156.9,102.8,7764.3
LK,300,1.0,t300p100,2030,P_mix,Asia-Pacific,1.977,0.13858826924347492,89.69497524520348,53.82610798433613,5.931033739237194,149.4521169687768,45.36897572432623,0.472,77.9,329.0,65.4,4670.3
LK,500,1.0,t500p100,2030,P_mix,Asia-Pacific,1.977,0.13858826924347492,89.69497524520348,53.82610798433613,5.931033739237194,149.4521169687768,45.36897572432623,0.472,77.9,329.0,65.4,4670.3
LY,50,1.0,t50p100,2030,P_mix,Africa/MENA,1.548,0.25059796533873424,66.78142759761988,42.94865947307989,4.643084568040213,114.37317163873998,43.14896268999515,0.673,52.5,152.9,106.4,3291.2
LY,100,1.0,t100p100,2030,P_mix,Africa/MENA,1.505,0.15675070234595223,64.64759347555736,40.707642051571256,4.514721349753802,109.86995687688243,42.95786282297312,0.698,44.4,118.9,112.3,3070.5
LY,150,1.0,t150p100,2030,P_mix,Africa/MENA,1.536,0.1564519329968986,66.00997983466486,38.743425449387935,4.60941009026567,109.36281537431846,42.962100491384284,0.76,37.7,88.0,117.0,2889.9
LY,200,1.0,t200p100,2030,P_mix,Africa/MENA,1.409,0.12112120960417722,61.12918592175586,36.58462353352377,4.22595722409567,101.9397666793753,43.39550734674351,0.714,36.7,101.3,92.6,3002.4
LY,300,1.0,t300p100,2030,P_mix,Africa/MENA,1.438,0.11135958140616006,62.56019343197724,30.287603629636788,4.314269173005482,97.16206623461952,43.502288051532545,0.698,33.5,95.2,92.9,2030.1
LY,500,1.0,t500p100,2030,P_mix,Africa/MENA,1.438,0.11135958140616006,62.56019343197724,30.287603629636788,4.314269173005482,97.16206623461952,43.502288051532545,0.698,33.5,95.2,92.9,2030.1
MA,50,1.0,t50p100,2030,P_mix,Africa/MENA,1.622,0.36094913074201523,90.55962514114515,79.12643984492216,4.867259945546517,174.55332493161382,55.817621919293195,0.797,54.0,179.3,151.0,8020.3
MA,100,1.0,t100p100,2030,P_mix,Africa/MENA,1.59,0.25030511066892464,88.77070786395282,66.57387822669665,4.770212266077017,160.11479835672648,55.828149511441126,0.668,68.8,267.4,138.9,5573.6
MA,150,1.0,t150p100,2030,P_mix,Africa/MENA,1.628,0.1788206534594667,91.01718793765748,62.72685692978157,4.883859557077001,158.62790442451603,55.90897130063952,0.638,53.8,258.5,128.5,5340.5
MA,200,1.0,t200p100,2030,P_mix,Africa/MENA,1.673,0.1548889697713986,93.60493677501206,58.414710827397386,5.017723698563912,157.03737130097338,55.96458218801603,0.78,31.7,137.4,138.2,5351.6
MA,300,1.0,t300p100,2030,P_mix,Africa/MENA,1.673,0.1548889697713986,93.60493677501206,58.414710827397386,5.017723698563912,157.03737130097338,55.96458218801603,0.78,31.7,137.4,138.2,5351.6
MA,500,1.0,t500p100,2030,P_mix,Africa/MENA,1.679,0.15472448103594866,93.98377595044907,56.754793810281186,5.03787489094516,155.7764446516754,55.9663219025373,0.773,39.7,137.7,132.5,5148.3
MG,50,1.0,t50p100,2030,P_mix,Africa/MENA,1.381,0.37244786221145065,169.021970997781,71.82424668880512,4.1439385977914105,244.99015628437752,122.36327856392349,0.224,182.1,784.4,57.2,4141.1
MG,100,1.0,t100p100,2030,P_mix,Africa/MENA,1.32,0.23578256886782256,157.16890642213917,69.4850234956386,3.958938950853117,230.61286886863087,119.09926501008903,0.234,138.2,662.6,49.3,5023.2
MG,150,1.0,t150p100,2030,P_mix,Africa/MENA,1.303,0.22438040436702913,155.60083087568577,67.8538581329628,3.909575351953151,227.36426436060174,119.39979424973949,0.263,129.6,611.0,59.3,4926.5
MG,200,1.0,t200p100,2030,P_mix,Africa/MENA,1.31,0.15192558485346372,151.52450836721076,73.3548815969495,3.93047291627013,228.8098628804304,115.65364646578121,0.21,145.7,668.0,50.9,5530.1
MG,300,1.0,t300p100,2030,P_mix,Africa/MENA,1.281,0.12476793029392776,146.99061358081897,54.13551591619439,3.8419486170836343,204.968078114097,114.77817240491717,0.401,85.7,350.0,69.6,4438.5
MG,500,1.0,t500p100,2030,P_mix,Africa/MENA,1.281,0.12476793029392776,146.99061358081897,54.13551591619439,3.8419486170836343,204.968078114097,114.77817240491717,0.401,85.7,350.0,69.6,4438.5
MM,50,1.0,t50p100,2030,P_mix,Asia-Pacific,1.694,0.3511218320054372,158.57564890403518,82.13776938120243,5.083085653432483,245.79650393867013,93.59018894180134,0.248,156.3,811.8,65.6,5642.1
MM,100,1.0,t100p100,2030,P_mix,Asia-Pacific,1.608,0.24154345901406382,150.03996949575335,86.62440048887039,4.824456640196935,241.48882662482066,93.29960699343881,0.276,133.3,700.7,70.5,7136.1
MM,150,1.0,t150p100,2030,P_mix,Asia-Pacific,1.633,0.18492637435352266,151.4134234891404,77.37423041383305,4.897861848310961,233.6855157512844,92.74256492638057,0.257,139.2,693.4,58.2,5906.3
MM,200,1.0,t200p100,2030,P_mix,Asia-Pacific,1.527,0.16038600875936393,141.2624513449839,75.00025123647411,4.581323366703111,220.84402594816112,92.50326163724283,0.297,111.0,560.8,63.3,6454.9
MM,300,1.0,t300p100,2030,P_mix,Asia-Pacific,1.448,0.14933334904897902,133.54316881323692,72.65241079039009,4.3438386693961775,210.53941827302322,92.22937059386722,0.66,53.4,185.5,119.9,7619.0
MM,500,1.0,t500p100,2030,P_mix,Asia-Pacific,1.448,0.14933334904897902,133.54316881323692,72.65241079039009,4.3438386693961775,210.53941827302322,92.22937059386722,0.66,53.4,185.5,119.9,7619.0
MN,50,1.0,t50p100,2030,P_mix,Asia-Pacific,1.813,0.2934408746559426,97.4311964802105,58.37279756503319,5.439579308926108,161.2435733541698,53.73459468841462,0.861,26.3,77.9,142.0,5679.9
MN,100,1.0,t100p100,2030,P_mix,Asia-Pacific,1.655,0.2029609700216808,88.63384812157128,55.873401128755795,4.96637720318115,149.47362645350822,53.5403440951673,0.757,39.2,146.6,133.1,4939.8
MN,150,1.0,t150p100,2030,P_mix,Asia-Pacific,1.756,0.14061097659412058,95.06251934626725,53.355985003489266,5.268778922793181,153.6872832725497,54.127827760063305,0.806,22.6,89.1,128.1,5123.8
MN,200,1.0,t200p100,2030,P_mix,Asia-Pacific,1.652,0.13781458233480437,89.5726622167476,55.96078297827704,4.954986384543524,150.48843157956816,54.23183149170202,0.935,8.7,24.2,140.3,5791.5
MN,300,1.0,t300p100,2030,P_mix,Asia-Pacific,1.591,0.1356310135728857,86.42279715268005,50.0227884142521,4.773731528082066,141.21931709501422,54.31147309664593,0.849,20.3,58.8,120.6,4958.1
MN,500,1.0,t500p100,2030,P_mix,Asia-Pacific,1.591,0.1356310135728857,86.42279715268005,50.0227884142521,4.773731528082066,141.21931709501422,54.31147309664593,0.849,20.3,58.8,120.6,4958.1
MR,50,1.0,t50p100,2030,P_mix,Africa/MENA,1.963,0.26502549750797877,84.06762223267523,65.60942183059319,5.888190254351796,155.56523431762022,42.83198330957984,0.729,67.6,145.9,148.4,5991.9
MR,100,1.0,t100p100,2030,P_mix,Africa/MENA,1.827,0.1941108579598573,78.13750320241746,70.39413215541191,5.480842356795,154.01247771462437,42.769431110645826,0.718,73.3,158.1,151.8,6576.9
MR,150,1.0,t150p100,2030,P_mix,Africa/MENA,1.686,0.16590063790308948,72.1501111535788,70.50336953495457,5.056748933920346,147.7102296224537,42.804247608340305,0.682,76.9,165.7,146.8,6632.3
MR,200,1.0,t200p100,2030,P_mix,Africa/MENA,1.844,0.1332056065752986,79.83950894713091,53.88729750170429,5.531593206887355,139.25839965572257,43.30009779879883,0.65,77.0,166.0,117.2,4577.6
MR,300,1.0,t300p100,2030,P_mix,Africa/MENA,1.852,0.13359409737700872,80.19491783350698,54.034794627408964,5.5551639917447435,139.78487645266068,43.30830806400011,0.63,83.5,180.0,116.1,4491.3
MR,500,1.0,t500p100,2030,P_mix,Africa/MENA,1.852,0.13359409737700872,80.19491783350698,54.034794627408964,5.5551639917447435,139.78487645266068,43.30830806400011,0.63,83.5,180.0,116.1,4491.3
MU,50,1.0,t50p100,2030,P_mix,Africa/MENA,2.368,0.29543520218404606,116.58465320096708,75.5840829463338,7.104594881410394,199.27333102871128,49.22926154706625,0.249,153.2,743.8,51.5,5344.4
MU,100,1.0,t100p100,2030,P_mix,Africa/MENA,2.368,0.29543520218404606,116.58465320096708,75.5840829463338,7.104594881410394,199.27333102871128,49.22926154706625,0.249,153.2,743.8,51.5,5344.4
MU,150,1.0,t150p100,2030,P_mix,Africa/MENA,2.303,0.18182204419114742,113.5679833762172,67.28285746193002,6.909280192049927,187.76012103019715,49.311062897793214,0.207,139.2,708.1,45.7,4445.6
MU,200,1.0,t200p100,2030,P_mix,Africa/MENA,1.888,0.15392998453456122,93.41571257895004,49.04210170063325,5.663820349362484,148.12163462894577,49.480230736554674,0.409,82.5,418.6,76.3,3043.1
MU,300,1.0,t300p100,2030,P_mix,Africa/MENA,2.049,0.13322923200018613,102.40703757382657,51.3462700716603,6.14789556413466,159.9012032096215,49.97175204369654,0.218,126.7,603.3,39.4,2745.9
MU,500,1.0,t500p100,2030,P_mix,Africa/MENA,2.049,0.13322923200018613,102.40703757382657,51.3462700716603,6.14789556413466,159.9012032096215,49.97175204369654,0.218,126.7,603.3,39.4,2745.9
MX,50,1.0,t50p100,2030,P_mix,North America,2.33,0.2728875705036457,83.51198307176321,45.5326524994683,6.988615399603557,136.03325097083504,35.84915392961858,0.782,40.2,168.7,120.6,3382.9
MX,100,1.0,t100p100,2030,P_mix,North America,2.105,0.18159389825597996,75.30763045858376,44.467951171529464,6.315892570393116,126.09147420050633,35.77054056220124,0.826,35.1,116.1,126.1,3458.3
MX,150,1.0,t150p100,2030,P_mix,North America,2.105,0.18159389825597996,75.30763045858376,44.467951171529464,6.315892570393116,126.09147420050633,35.77054056220124,0.826,35.1,116.1,126.1,3458.3
MX,200,1.0,t200p100,2030,P_mix,North America,1.979,0.17594288750244366,71.06905035334515,42.00072192134699,5.9384027412042135,119.00817501589636,35.903114078248166,0.835,32.0,105.7,131.8,3017.8
MX,300,1.0,t300p100,2030,P_mix,North America,1.862,0.12462695080771367,68.7592214568305,40.05006380143422,5.584593614671254,114.39387887293597,36.93691584443703,0.811,30.9,99.9,96.7,3525.3
MX,500,1.0,t500p100,2030,P_mix,North America,1.862,0.12462695080771367,68.7592214568305,40.05006380143422,5.584593614671254,114.39387887293597,36.93691584443703,0.811,30.9,99.9,96.7,3525.3
MY,50,1.0,t50p100,2030,P_mix,Asia-Pacific,1.654,0.3697183410874385,289.52374485636244,81.00126098246393,4.962683286704101,375.48768912553044,175.02048476398733,0.176,193.9,981.5,57.8,4280.9
MY,100,1.0,t100p100,2030,P_mix,Asia-Pacific,1.643,0.2670544231314303,283.88470104398004,93.50153112028866,4.929719814115066,382.31595197838374,172.75912937149815,0.15,189.9,986.6,48.7,6516.6
MY,150,1.0,t150p100,2030,P_mix,Asia-Pacific,1.505,0.1996410529391618,255.1966688595341,65.95422495291643,4.515401737118598,325.66629554956916,169.55080658385637,0.195,152.7,762.7,47.5,3746.3
MY,200,1.0,t200p100,2030,P_mix,Asia-Pacific,1.474,0.15407832113977746,244.09024275867463,55.90773560927662,4.421992210157423,304.4199705781087,165.5974713374624,0.252,130.4,603.1,57.3,3068.0
MY,300,1.0,t300p100,2030,P_mix,Asia-Pacific,1.5,0.1477760964120794,247.05434376622426,58.923606080041836,4.49914180029934,310.47709164656544,164.73431249696623,0.234,137.8,627.9,58.4,3323.4
MY,500,1.0,t500p100,2030,P_mix,Asia-Pacific,1.5,0.1477760964120794,247.05434376622426,58.923606080041836,4.49914180029934,310.47709164656544,164.73431249696623,0.234,137.8,627.9,58.4,3323.4
NE,50,1.0,t50p100,2030,P_mix,Africa/MENA,1.885,0.39601914028307966,115.22233113590994,69.75373174788793,5.65548389950143,190.63154678329929,61.120675003283644,0.433,143.2,522.6,134.3,4038.3
NE,100,1.0,t100p100,2030,P_mix,Africa/MENA,1.797,0.27248880137012055,109.80106338653448,65.86677805255682,5.391804753682851,181.05964619277415,61.093308309171675,0.44,187.4,469.6,120.8,3732.8
NE,150,1.0,t150p100,2030,P_mix,Africa/MENA,1.826,0.21542601370893738,111.44412651144319,63.168575947560974,5.476778070798672,180.08948052980284,61.045449571334316,0.607,126.1,271.9,153.0,4275.3
NE,200,1.0,t200p100,2030,P_mix,Africa/MENA,1.705,0.1735888427096245,103.9603752371466,62.57101579235055,5.115578009060061,171.64696903855722,60.96693768701718,0.525,143.8,310.1,129.1,4338.6
NE,300,1.0,t300p100,2030,P_mix,Africa/MENA,1.704,0.15586121214565798,103.80071849633434,68.01284123959721,5.111994742279377,176.9255544782109,60.91597726294863,0.502,144.1,310.7,122.5,5367.7
NE,500,1.0,t500p100,2030,P_mix,Africa/MENA,1.704,0.15586121214565798,103.80071849633434,68.01284123959721,5.111994742279377,176.9255544782109,60.91597726294863,0.502,144.1,310.7,122.5,5367.7
NG,50,1.0,t50p100,2030,P_mix,Africa/MENA,1.493,0.2813119960680001,243.36876883054774,81.73281519192645,4.478525999386456,329.5801100218606,163.02379546120017,0.215,127.6,603.0,58.0,7282.4
NG,100,1.0,t100p100,2030,P_mix,Africa/MENA,1.493,0.2813119960680001,243.36876883054774,81.73281519192645,4.478525999386456,329.5801100218606,163.02379546120017,0.215,127.6,603.0,58.0,7282.4
NG,150,1.0,t150p100,2030,P_mix,Africa/MENA,1.326,0.1600600072460424,214.09881891818773,65.04051586815251,3.9785549119284442,283.11788969826864,161.43963599166142,0.308,89.5,399.0,75.0,5756.8
NG,200,1.0,t200p100,2030,P_mix,Africa/MENA,1.382,0.1351289316119879,220.6212185350419,64.86460484423132,4.144934290632201,289.63075766990545,159.68013222814614,0.235,105.5,451.1,54.7,5731.9
NG,300,1.0,t300p100,2030,P_mix,Africa/MENA,1.386,0.1327612708018412,220.30206480699403,63.46119717558329,4.156595604716905,287.91985758729425,159.0018027423661,0.214,108.4,475.7,50.7,5416.0
NG,500,1.0,t500p100,2030,P_mix,Africa/MENA,1.386,0.1327612708018412,220.30206480699403,63.46119717558329,4.156595604716905,287.91985758729425,159.0018027423661,0.214,108.4,475.7,50.7,5416.0
NI,50,1.0,t50p100,2030,P_mix,North America,2.718,0.32393168009651363,145.7621176469241,90.31420958208477,8.154869598822465,244.2311968278313,53.62272782435579,0.172,213.6,949.0,54.4,5944.5
NI,100,1.0,t100p100,2030,P_mix,North America,2.571,0.20792675187386325,137.5855476821663,70.89725134435466,7.714378693069109,216.19717771959006,53.50484588179908,0.159,174.1,873.2,50.7,3622.9
NI,150,1.0,t150p100,2030,P_mix,North America,2.557,0.20732224684245862,136.79742393133702,69.82523120806927,7.6697864376299645,214.29244157703624,53.50765306586871,0.164,168.8,847.1,49.0,3690.6
NI,200,1.0,t200p100,2030,P_mix,North America,2.479,0.20204138108737052,132.7262365977455,73.58832377747902,7.437819314211452,213.75237968943597,53.53433485973965,0.183,157.1,789.7,52.2,4681.1
NI,300,1.0,t300p100,2030,P_mix,North America,2.115,0.15044018871601794,113.6203597271164,60.31126312030703,6.345675670029546,180.27729851745298,53.71549018668343,0.386,101.6,400.0,63.4,5150.7
NI,500,1.0,t500p100,2030,P_mix,North America,2.115,0.15044018871601794,113.6203597271164,60.31126312030703,6.345675670029546,180.27729851745298,53.71549018668343,0.386,101.6,400.0,63.4,5150.7
NL,50,1.0,t50p100,2030,P_mix,Europe,1.611,0.22781657376891398,65.57160419738051,66.11441291300068,4.834291552823266,136.52030866320445,40.69154920481822,0.915,14.6,37.2,138.4,7362.5
NL,100,1.0,t100p100,2030,P_mix,Europe,1.577,0.147163155789364,63.52924243511719,61.99477767780733,4.729867182801263,130.25388729572578,40.294519896535355,0.824,25.8,75.8,129.7,6558.7
NL,150,1.0,t150p100,2030,P_mix,Europe,1.598,0.11064204417282095,66.42111198628257,51.73718031552061,4.795251051119193,122.95354335292238,41.554307341707165,0.947,7.9,17.1,127.3,5441.0
NL,200,1.0,t200p100,2030,P_mix,Europe,1.573,0.10809618684944655,65.87456391790552,54.19192635370253,4.719222457470302,124.78571272907834,41.876324656171114,0.905,13.6,31.4,118.1,5914.4
NL,300,1.0,t300p100,2030,P_mix,Europe,1.589,0.10748011923650126,66.5926633522149,50.8600865140996,4.766453018599303,122.2192028849138,41.91334505492641,0.903,13.0,32.0,114.3,5457.7
NL,500,1.0,t500p100,2030,P_mix,Europe,1.589,0.10748011923650126,66.59266335221493,50.8600865140996,4.766453018599305,122.21920288491381,41.913345054926424,0.903,13.0,32.0,114.3,5457.7
NO,50,1.0,t50p100,2030,P_mix,Europe,2.423,0.3483941978315366,178.58689887071907,348.3157469021032,7.267611020561707,534.1702567933838,73.71895593976821,0.924,19.9,54.7,155.1,52855.2
NO,100,1.0,t100p100,2030,P_mix,Europe,1.863,0.21045058614157028,136.4908369671604,228.98316043889793,5.588749033809444,371.0627464398677,73.26729263102685,0.843,29.7,110.0,157.3,32926.4
NO,150,1.0,t150p100,2030,P_mix,Europe,2.212,0.1702225719390349,163.91207232863874,282.45151211235225,6.63677211422976,453.0003565552207,74.09267766352862,0.894,20.4,61.4,138.4,42440.2
NO,200,1.0,t200p100,2030,P_mix,Europe,2.157,0.1659876773389428,160.185353132964,270.9728406331,6.471334429817427,437.6295281958814,74.25919099230579,0.895,17.6,65.9,136.4,40606.1
NO,300,1.0,t300p100,2030,P_mix,Europe,2.159,0.16588364606556955,160.36110593169656,265.2066117070163,6.475649343116823,432.0433669818297,74.29113163862914,0.892,19.3,62.5,127.8,39865.1
NO,500,1.0,t500p100,2030,P_mix,Europe,2.159,0.16588364606556955,160.36110593169656,265.2066117070163,6.475649343116823,432.0433669818297,74.29113163862914,0.892,19.3,62.5,127.8,39865.1
NP,50,1.0,t50p100,2030,P_mix,Asia-Pacific,1.48,0.49717593667264376,553.1563010620023,134.607672926793,4.438651366756958,692.2026253555521,373.8678184131583,0.09,309.8,1528.6,45.2,8986.2
NP,100,1.0,t100p100,2030,P_mix,Asia-Pacific,1.567,0.3065556646609011,509.04595552060323,103.85672444115245,4.702343993169244,617.605023954925,324.76098490033354,0.095,297.5,1405.6,48.0,4782.9
NP,150,1.0,t150p100,2030,P_mix,Asia-Pacific,1.641,0.2194128113664045,486.04218123279264,96.64982737962006,4.923054035953111,587.6150626483658,296.18333112934926,0.095,303.2,1413.8,48.1,3512.8
NP,200,1.0,t200p100,2030,P_mix,Asia-Pacific,1.531,0.17936484866935734,432.3448389412064,95.69191821254363,4.592854044316745,532.6296111980668,282.402729176336,0.146,245.3,1096.7,57.6,5582.4
NP,300,1.0,t300p100,2030,P_mix,Asia-Pacific,1.452,0.13621787103532507,402.14343575983844,83.04057263340174,4.355694987141042,489.5397033803813,276.97768343310554,0.136,215.0,960.9,42.2,4942.0
NP,500,1.0,t500p100,2030,P_mix,Asia-Pacific,1.451,0.1363234128305886,401.74834278202565,83.2668275650326,4.352089883181515,489.3672602302399,276.9347740274624,0.137,214.7,959.3,42.5,4985.2
NZ,50,1.0,t50p100,2030,P_mix,Asia-Pacific,2.182,0.2965661290678121,116.4142131715406,61.579065390507985,6.54539236530349,184.5386709273521,53.35702124840101,0.64,58.9,257.6,105.9,5623.9
NZ,100,1.0,t100p100,2030,P_mix,Asia-Pacific,1.915,0.18543794134536154,101.84331285124249,61.131712131940205,5.7437899689166825,168.71881495209936,53.1930903126931,0.71,47.8,163.0,119.3,5937.3
NZ,150,1.0,t150p100,2030,P_mix,Asia-Pacific,1.915,0.18543794134536154,101.84331285124249,61.131712131940205,5.7437899689166825,168.71881495209936,53.1930903126931,0.71,47.8,163.0,119.3,5937.3
NZ,200,1.0,t200p100,2030,P_mix,Asia-Pacific,1.846,0.15071610327756438,99.06066848965413,46.486619458604025,5.539416053148288,151.08670400140645,53.64861613889059,0.741,39.9,122.6,100.0,4292.1
NZ,300,1.0,t300p100,2030,P_mix,Asia-Pacific,1.721,0.13325240690916632,92.93422363037246,42.26900667133811,5.162075246051499,140.36530554776206,54.009803732398844,0.717,43.2,118.4,88.6,3861.2
NZ,500,1.0,t500p100,2030,P_mix,Asia-Pacific,1.721,0.13325240690916634,92.93422363037246,42.26900667133811,5.162075246051499,140.36530554776206,54.009803732398844,0.717,43.2,118.4,88.6,3861.2
OM,50,1.0,t50p100,2030,P_mix,Asia-Pacific,2.312,0.2635714374001758,109.89245291118922,52.38919163584019,6.936702621722932,169.21834716875236,47.52652329381302,0.225,135.0,676.7,48.3,2189.7
OM,100,1.0,t100p100,2030,P_mix,Asia-Pacific,2.274,0.17704683906593108,108.03958201187955,46.46893378033548,6.821992328402326,161.33050812061734,47.5108634593769,0.222,131.7,640.3,48.5,1476.2
OM,150,1.0,t150p100,2030,P_mix,Asia-Pacific,2.05,0.14721821199258261,97.60616372288209,46.684246698855965,6.148615807376966,150.43902622911503,47.62348150250833,0.346,95.8,431.2,62.9,2781.8
OM,200,1.0,t200p100,2030,P_mix,Asia-Pacific,2.029,0.14735000072130458,96.61060384092293,47.57887095185706,6.086589291761625,150.2760640845416,47.618099009089626,0.309,101.9,472.7,58.3,2722.3
OM,300,1.0,t300p100,2030,P_mix,Asia-Pacific,2.054,0.11782970679921637,98.34009880630633,36.252491830285884,6.163218893715047,140.75580953030726,47.867892006848464,0.274,99.8,473.3,49.2,1088.4
OM,500,1.0,t500p100,2030,P_mix,Asia-Pacific,2.054,0.11782970679921637,98.34009880630633,36.252491830285884,6.163218893715047,140.75580953030726,47.867892006848464,0.274,99.8,473.3,49.2,1088.4
PA,50,1.0,t50p100,2030,P_mix,North America,1.56,0.42521409070232546,174.8905975304172,90.43476869096287,4.679992812244135,270.0053590336242,112.10952957418357,0.197,225.2,936.2,68.9,5640.8
PA,100,1.0,t100p100,2030,P_mix,North America,1.576,0.25252563893506635,172.6736084179527,70.09453841300208,4.7266821644083965,247.49482899536315,109.59501976979102,0.192,200.1,831.8,68.8,3171.6
PA,150,1.0,t150p100,2030,P_mix,North America,1.611,0.23352851955156817,175.14556359691522,71.76052333460528,4.831636755287879,251.73772368680838,108.74921220344055,0.155,198.5,886.1,71.1,3056.7
PA,200,1.0,t200p100,2030,P_mix,North America,1.635,0.2210848634826417,177.8939210875355,74.76025240021399,4.906307666997899,257.5604811547474,108.77462227907073,0.133,205.2,931.5,67.6,3285.0
PA,300,1.0,t300p100,2030,P_mix,North America,1.562,0.14167788460657998,162.38730945915208,80.12805109259831,4.68603759108484,247.20139814283522,103.96031165099446,0.236,168.1,636.4,86.2,5896.7
PA,500,1.0,t500p100,2030,P_mix,North America,1.562,0.14167788460657998,162.38730945915208,80.12805109259831,4.68603759108484,247.20139814283522,103.96031165099446,0.236,168.1,636.4,86.2,5896.7
PE,50,1.0,t50p100,2030,P_mix,Latin America,2.297,0.23936813380953356,93.31110340808465,76.29942569760856,6.890388936977682,176.5009180426709,40.626634110880815,0.819,27.6,94.7,123.8,8889.6
PE,100,1.0,t100p100,2030,P_mix,Latin America,1.743,0.16500085842133158,70.42872065680491,85.8921179768477,5.229295591672133,161.55013422532474,40.40432564318912,0.853,18.4,72.4,141.8,10261.1
PE,150,1.0,t150p100,2030,P_mix,Latin America,1.915,0.14334085422661177,77.47954688653213,79.94639401317698,5.7438457790023705,163.16978667871152,40.46742367445096,0.833,21.4,81.2,123.4,9621.6
PE,200,1.0,t200p100,2030,P_mix,Latin America,1.932,0.13884676376495497,78.30706817471645,70.76488297966812,5.79655094464879,154.86850209903332,40.52775637916566,0.824,23.0,85.5,118.2,8202.7
PE,300,1.0,t300p100,2030,P_mix,Latin America,2.208,0.11457074913260581,90.42343976041234,51.06140966445392,6.622770723086906,148.10762014795316,40.96024619055449,0.747,31.3,121.2,107.7,4937.5
PE,500,1.0,t500p100,2030,P_mix,Latin America,2.208,0.11457074913260581,90.42343976041234,51.06140966445392,6.622770723086906,148.10762014795316,40.96024619055449,0.747,31.3,121.2,107.7,4937.5
PH,50,1.0,t50p100,2030,P_mix,Asia-Pacific,2.733,0.299760172483165,112.74709419646076,76.5881122667351,8.198192979652132,197.533399442848,41.25802886427441,0.287,155.6,801.9,55.8,5023.9
PH,100,1.0,t100p100,2030,P_mix,Asia-Pacific,2.488,0.1941032108201104,101.43051832899252,64.21823870022823,7.463555261995154,173.1123122912159,40.770322494487935,0.384,99.9,578.4,66.2,4596.2
PH,150,1.0,t150p100,2030,P_mix,Asia-Pacific,2.707,0.17138615759016573,110.72169320533673,55.565377724315034,8.12145502613403,174.4085259557858,40.899700675203306,0.248,138.0,761.0,53.7,2026.5
PH,200,1.0,t200p100,2030,P_mix,Asia-Pacific,1.982,0.12547644730478769,82.22342428744493,59.14746360986474,5.947454796793619,147.31834269410328,41.474930250048665,0.808,30.3,102.4,119.5,6118.8
PH,300,1.0,t300p100,2030,P_mix,Asia-Pacific,2.007,0.12464843180105231,83.37422195332462,56.607181084456336,6.019855346446311,146.00125838422727,41.54961397994822,0.795,33.1,107.8,114.6,5761.2
PH,500,1.0,t500p100,2030,P_mix,Asia-Pacific,2.007,0.12464843180105231,83.37422195332464,56.607181084456336,6.019855346446312,146.00125838422727,41.54961397994823,0.795,33.1,107.8,114.6,5761.2
PK,50,1.0,t50p100,2030,P_mix,Asia-Pacific,2.492,0.28014412198508504,129.09123331235182,80.67853967208713,7.477381870407476,217.24715485484643,51.79268715293673,0.444,88.4,452.7,82.6,7801.8
PK,100,1.0,t100p100,2030,P_mix,Asia-Pacific,2.353,0.17204363825753802,121.65191313331766,69.92007167630071,7.059154134964073,198.63113894458243,51.69964168827577,0.345,102.9,532.9,70.5,5701.7
PK,150,1.0,t150p100,2030,P_mix,Asia-Pacific,2.139,0.14725876604226365,111.58404872867091,79.2897781624773,6.41783645350545,197.29166334465367,52.159656702247325,0.415,89.2,415.4,78.9,7890.4
PK,200,1.0,t200p100,2030,P_mix,Asia-Pacific,2.187,0.13832765929593957,113.98125369883601,64.9501156033834,6.562054255937252,185.49342355815665,52.10925538860367,0.468,65.4,358.0,81.7,6024.0
PK,300,1.0,t300p100,2030,P_mix,Asia-Pacific,2.038,0.1251427900936357,107.18356160476637,65.03747533639925,6.114719269666879,178.3357562108325,52.58633645037585,0.393,88.2,389.9,64.0,6068.5
PK,500,1.0,t500p100,2030,P_mix,Asia-Pacific,2.038,0.1251427900936357,107.18356160476637,65.03747533639925,6.114719269666879,178.3357562108325,52.58633645037585,0.393,88.2,389.9,64.0,6068.5
PL,50,1.0,t50p100,2030,P_mix,Europe,1.685,0.3084547868823597,109.62982712763223,75.44543765126485,5.055850229342437,190.13111500823953,65.05127060017183,0.951,9.8,27.0,156.0,8594.3
PL,100,1.0,t100p100,2030,P_mix,Europe,1.66,0.17887218736079316,107.71595473466562,64.9260054723716,4.979276022730409,177.62123622976762,64.89856411430598,0.886,17.5,54.7,151.8,6739.7
PL,150,1.0,t150p100,2030,P_mix,Europe,1.663,0.13931466158866598,109.65321184361622,63.290519901899074,4.987726399280292,177.93145814479558,65.95382528967814,0.942,7.5,24.2,142.0,6956.2
PL,200,1.0,t200p100,2030,P_mix,Europe,1.606,0.13847812658263312,105.97788150659872,61.544332513963965,4.817863338460407,172.3400773590231,65.99059005716711,0.971,3.4,11.1,131.2,7023.8
PL,300,1.0,t300p100,2030,P_mix,Europe,1.588,0.1352802963772374,104.99984096699934,55.040534435584334,4.763947386928417,164.8043227895121,66.12153689297878,0.967,4.0,12.4,124.7,6095.6
PL,500,1.0,t500p100,2030,P_mix,Europe,1.588,0.1352802963772374,104.99984096699934,55.040534435584334,4.763947386928417,164.8043227895121,66.12153689297878,0.967,4.0,12.4,124.7,6095.6
PS,50,1.0,t50p100,2030,P_mix,Asia-Pacific,2.008,0.4226521713203668,401.7161578262262,98.199881429748,6.0240975252980755,505.94013678127226,200.0546087472319,0.14,288.9,1345.7,91.3,3341.9
PS,100,1.0,t100p100,2030,P_mix,Asia-Pacific,1.849,0.27564906670669537,359.58395971994486,95.07198719399814,5.5470516581428475,460.20299857208585,194.47301839640656,0.144,243.0,1089.1,65.9,5360.3
PS,150,1.0,t150p100,2030,P_mix,Asia-Pacific,1.665,0.2514157893007891,322.8864874448237,93.04476348365579,4.996318641871352,420.9275695703508,193.87463686096288,0.257,184.4,826.3,138.3,5514.8
PS,200,1.0,t200p100,2030,P_mix,Asia-Pacific,1.788,0.17151191187488551,330.39439741905574,76.50927973739448,5.363075570546308,412.2667527269965,184.81618974393783,0.213,194.6,887.3,115.5,2862.4
PS,300,1.0,t300p100,2030,P_mix,Asia-Pacific,1.696,0.14594228770340587,310.9383569719981,85.66809090820166,5.086582460570997,401.69303034077075,183.3873879263284,0.252,174.6,767.6,142.1,4672.7
PS,500,1.0,t500p100,2030,P_mix,Asia-Pacific,1.696,0.14594228770340587,310.9383569719981,85.66809090820166,5.086582460570997,401.69303034077075,183.3873879263284,0.252,174.6,767.6,142.1,4672.7
PT,50,1.0,t50p100,2030,P_mix,Europe,1.767,0.38675743342358815,143.92390486398864,70.68576161141002,5.301292259448355,219.910958734847,81.44650275080195,0.681,62.0,284.5,145.8,6028.1
PT,100,1.0,t100p100,2030,P_mix,Europe,1.77,0.26566284814132063,143.62606732169343,58.19593361522049,5.308835311849862,207.13083624876379,81.1624728692027,0.712,46.7,219.6,137.7,4696.3
PT,150,1.0,t150p100,2030,P_mix,Europe,1.792,0.19079289305107405,144.68846389364768,51.924214418706214,5.374867424702506,201.98754573705642,80.75834385905208,0.453,85.2,399.3,94.8,3206.0
PT,200,1.0,t200p100,2030,P_mix,Europe,1.777,0.1590085864954451,143.2258702205261,47.71008828003145,5.331273940152241,196.2672324407098,80.59567290764802,0.446,79.1,361.6,83.4,3055.6
PT,300,1.0,t300p100,2030,P_mix,Europe,1.777,0.1590085864954451,143.2258702205261,47.71008828003145,5.331273940152241,196.2672324407098,80.59567290764802,0.446,79.1,361.6,83.4,3055.6
PT,500,1.0,t500p100,2030,P_mix,Europe,1.73,0.15833664683955925,139.45318683528794,47.919970827157215,5.191006125565074,192.56416378801023,80.59315485017316,0.488,69.5,322.0,85.4,3367.3
PY,50,1.0,t50p100,2030,P_mix,Latin America,1.765,0.32428719259987127,138.81804697438218,69.56932255179576,5.2940487285095035,213.68141825468743,78.6645840036299,0.409,110.1,477.0,86.8,5588.7
PY,100,1.0,t100p100,2030,P_mix,Latin America,1.679,0.21167573249721283,131.85871377175522,61.453426118013844,5.03646680977386,198.3486066995429,78.54239018265794,0.744,42.8,127.0,141.1,5772.2
PY,150,1.0,t150p100,2030,P_mix,Latin America,1.679,0.21167573249721283,131.85871377175522,61.453426118013844,5.03646680977386,198.3486066995429,78.54239018265794,0.744,42.8,127.0,141.1,5772.2
PY,200,1.0,t200p100,2030,P_mix,Latin America,1.48,0.1701270399930296,115.79680729567188,57.300200332465096,4.440784466587191,177.53779209472415,78.22726468731094,0.576,60.7,242.4,108.0,4964.3
PY,300,1.0,t300p100,2030,P_mix,Latin America,1.56,0.15025345431538747,121.5250064870108,60.958027321749995,4.681095949921575,187.16412975868235,77.88240688959596,0.744,38.3,106.5,117.9,6368.7
PY,500,1.0,t500p100,2030,P_mix,Latin America,1.56,0.15025345431538747,121.5250064870108,60.958027321749995,4.681095949921575,187.16412975868235,77.88240688959596,0.744,38.3,106.5,117.9,6368.7
RO,50,1.0,t50p100,2030,P_mix,Europe,2.179,0.3293384224760482,150.46976863924505,79.57589079289642,6.537555626815234,236.58321505895665,69.04863708787106,0.946,11.7,25.9,155.7,9266.9
RO,100,1.0,t100p100,2030,P_mix,Europe,2.066,0.19531014429606394,142.79324745761696,72.14870904871778,6.198090861520467,221.14004736785523,69.11478904453547,0.819,27.0,92.3,142.8,7810.0
RO,150,1.0,t150p100,2030,P_mix,Europe,2.061,0.19603676421393268,142.4571337775794,71.18641603188189,6.182964835618643,219.82651464507995,69.1207879544695,0.822,27.0,92.6,142.3,7662.6
RO,200,1.0,t200p100,2030,P_mix,Europe,2.021,0.14517071296144518,140.48747759713783,65.66068042030845,6.06275492592222,212.2109129433685,69.51665339289683,0.803,26.4,86.8,129.7,7081.7
RO,300,1.0,t300p100,2030,P_mix,Europe,1.969,0.13937523046690087,137.00403853861351,60.73493525524457,5.905523896583278,203.64449769044137,69.59790914632259,0.835,21.9,62.1,116.1,6772.3
RO,500,1.0,t500p100,2030,P_mix,Europe,1.969,0.13937523046690087,137.00403853861351,60.73493525524457,5.905523896583278,203.64449769044137,69.59790914632259,0.835,21.9,62.1,116.1,6772.3
RU,50,1.0,t50p100,2030,P_mix,Europe,1.853,0.3396265482010703,125.30068154317165,159.7794916244721,5.559499741388781,290.6396729090325,67.61436498162564,0.96,11.0,26.2,175.4,21908.6
RU,100,1.0,t100p100,2030,P_mix,Europe,1.831,0.19930471735710908,123.73200105098341,144.86106682599902,5.493125855727177,274.0861937327096,67.57464017794854,0.955,8.4,27.3,177.2,19447.5
RU,150,1.0,t150p100,2030,P_mix,Europe,1.732,0.1797757281963089,117.37612557473183,129.45343341932335,5.196001358655629,252.02556035271078,67.76910790017615,0.946,12.7,30.5,167.2,17106.8
RU,200,1.0,t200p100,2030,P_mix,Europe,1.882,0.15622490296399677,128.44919361400403,130.80110163910192,5.6466949599598575,264.8969902130658,68.24303129077671,0.916,15.3,42.4,163.1,17323.0
RU,300,1.0,t300p100,2030,P_mix,Europe,1.905,0.15004544259347033,130.2592096756198,119.78435588139565,5.715081376527456,255.7586469335429,68.3765642658792,0.912,15.8,43.5,146.3,15889.7
RU,500,1.0,t500p100,2030,P_mix,Europe,1.905,0.15004544259347033,130.2592096756198,119.78435588139565,5.715081376527456,255.7586469335429,68.3765642658792,0.912,15.8,43.5,146.3,15889.7
RW,50,1.0,t50p100,2030,P_mix,Africa/MENA,1.494,0.3681433463759,259.44212845788417,121.1909501731777,4.483270560678733,385.11634919174054,173.6068289520799,0.207,177.0,800.4,56.8,12131.9
RW,100,1.0,t100p100,2030,P_mix,Africa/MENA,1.494,0.3681433463759,259.44212845788417,121.1909501731777,4.483270560678733,385.11634919174054,173.6068289520799,0.207,177.0,800.4,56.8,12131.9
RW,150,1.0,t150p100,2030,P_mix,Africa/MENA,1.491,0.21882527085888315,252.7041513454639,106.74431656137259,4.4730553595666205,363.9215232664031,169.48425474211854,0.19,158.5,752.6,58.0,10186.7
RW,200,1.0,t200p100,2030,P_mix,Africa/MENA,1.457,0.17290889420941047,242.66451744243727,123.15679865257275,4.370809384468341,370.1921254794784,166.55806471776847,0.277,130.4,559.4,73.2,13959.0
RW,300,1.0,t300p100,2030,P_mix,Africa/MENA,1.344,0.1339824971159544,219.18359520953575,105.37146991147034,4.0321212765278265,328.58718639753386,163.0781270038681,0.36,98.8,389.1,72.2,12392.6
RW,500,1.0,t500p100,2030,P_mix,Africa/MENA,1.344,0.1339824971159544,219.18359520953575,105.37146991147034,4.0321212765278265,328.58718639753386,163.0781270038681,0.36,98.8,389.1,72.2,12392.6
SA,50,1.0,t50p100,2030,P_mix,Asia-Pacific,1.83,0.27549406013494904,88.4007666826264,73.61449507986849,5.491066998414944,167.50632876090984,48.2970432020646,0.74,38.8,164.3,124.0,7924.2
SA,100,1.0,t100p100,2030,P_mix,Asia-Pacific,1.758,0.18752851533123935,84.71935225896114,80.33417738538614,5.273397334119825,170.3269269784671,48.19626526763569,0.766,35.7,127.9,128.8,9165.8
SA,150,1.0,t150p100,2030,P_mix,Asia-Pacific,1.726,0.16713441664678533,83.25572386499577,69.53415095963761,5.1783329549766055,157.96820777961,48.233123239970254,0.67,45.1,195.8,111.8,7283.1
SA,200,1.0,t200p100,2030,P_mix,Asia-Pacific,1.608,0.13714533805226325,77.83521841667184,61.693148520122726,4.824978506241535,144.35334544303612,48.39517004023005,0.764,32.5,105.0,105.5,6814.2
SA,300,1.0,t300p100,2030,P_mix,Asia-Pacific,1.609,0.13117603336446196,77.9388410980649,53.18440918840495,4.826896278089286,135.95014656455913,48.44034547739424,0.688,39.3,134.0,94.6,5435.8
SA,500,1.0,t500p100,2030,P_mix,Asia-Pacific,1.609,0.13117603336446196,77.9388410980649,53.18440918840495,4.826896278089286,135.95014656455913,48.44034547739424,0.688,39.3,134.0,94.6,5435.8
SE,50,1.0,t50p100,2030,P_mix,Europe,2.389,0.34645109355855597,192.88523599330892,193.13177303347584,7.1659044023975875,393.18291342918235,80.75124582827493,0.937,16.3,51.6,177.2,27106.6
SE,100,1.0,t100p100,2030,P_mix,Europe,2.155,0.197416036249217,173.4626160083347,128.77076706900075,6.464297747090974,308.6976808244264,80.50183769136943,0.909,18.5,59.5,203.9,15953.3
SE,150,1.0,t150p100,2030,P_mix,Europe,2.308,0.16532181410949034,187.8530110012541,117.14693927898199,6.9231569752142645,311.9231072554504,81.40203017515996,0.936,14.0,38.9,222.2,13815.1
SE,200,1.0,t200p100,2030,P_mix,Europe,2.296,0.16398985303035626,187.26080118148508,110.78020292257057,6.889122241458137,304.9301263455138,81.54629629935961,0.965,5.7,21.1,203.4,13367.4
SE,300,1.0,t300p100,2030,P_mix,Europe,2.211,0.16079810343650167,180.49229122723554,108.68088713890414,6.631524899723759,295.80470326586345,81.65194006950962,0.986,2.4,8.0,208.3,13024.2
SE,500,1.0,t500p100,2030,P_mix,Europe,2.211,0.16079810343650167,180.49229122723554,108.68088713890414,6.631524899723759,295.80470326586345,81.65194006950962,0.986,2.4,8.0,208.3,13024.2
SK,50,1.0,t50p100,2030,P_mix,Europe,3.343,0.4016909910924273,336.66868434445234,244.3596843544556,10.029121400745213,591.0574900996531,100.70733144762882,0.653,81.4,379.7,317.7,29781.2
SK,100,1.0,t100p100,2030,P_mix,Europe,2.715,0.23466633573070803,272.97376581606585,234.18668125221055,8.146187785515886,515.3066348537923,100.52816348086866,0.617,79.2,355.7,216.5,30540.2
SK,150,1.0,t150p100,2030,P_mix,Europe,2.747,0.23381711851564457,276.22076562146265,231.83135536623988,8.242216856354363,516.2943378440569,100.53876418278499,0.623,78.5,353.5,221.2,30071.2
SK,200,1.0,t200p100,2030,P_mix,Europe,2.954,0.16454356581556534,295.2268516490038,173.43143319213297,8.861342043843207,477.51962688498,99.94880578640733,0.659,59.2,246.5,252.6,20671.4
SK,300,1.0,t300p100,2030,P_mix,Europe,2.925,0.1583408783979564,292.18255784206883,163.80708007055603,8.77517645529154,464.7648143679164,99.8894641027573,0.667,52.1,223.1,244.4,19484.1
SK,500,1.0,t500p100,2030,P_mix,Europe,2.925,0.1583408783979564,292.18255784206883,163.80708007055603,8.77517645529154,464.7648143679164,99.8894641027573,0.667,52.1,223.1,244.4,19484.1
SN,50,1.0,t50p100,2030,P_mix,Africa/MENA,2.182,0.2769720188163681,139.38090137030298,57.42413436060599,6.545423919090359,203.35045964999932,63.88321203938441,0.512,99.6,351.2,105.5,4070.8
SN,100,1.0,t100p100,2030,P_mix,Africa/MENA,2.038,0.2021883107678876,130.1953220032175,58.25048290198323,6.1154134589625375,194.56121836416332,63.86910200441515,0.362,116.7,528.9,85.5,3393.3
SN,150,1.0,t150p100,2030,P_mix,Africa/MENA,1.874,0.16964803838380688,119.63063752994151,50.64958087737756,5.6216496587665485,175.9018680660856,63.841031436414426,0.429,101.1,379.0,86.6,3197.9
SN,200,1.0,t200p100,2030,P_mix,Africa/MENA,1.94,0.13835277684214975,123.57746087188944,49.94113317511432,5.819500043856423,179.33809409086018,63.70519457372373,0.518,89.5,272.9,99.2,3563.2
SN,300,1.0,t300p100,2030,P_mix,Africa/MENA,1.936,0.13858934901950656,123.30076505821344,49.59146891516615,5.806507170823545,178.69874114420315,63.704785733033994,0.524,86.7,269.0,99.5,3544.6
SN,500,1.0,t500p100,2030,P_mix,Africa/MENA,1.936,0.13858934901950656,123.30076505821344,49.59146891516615,5.806507170823545,178.69874114420315,63.704785733033994,0.524,86.7,269.0,99.5,3544.6
SR,50,1.0,t50p100,2030,P_mix,Latin America,1.696,0.28191475930723076,270.722215718498,104.36771455095229,5.0874539350782095,380.1773842045285,159.64108127949152,0.327,120.9,508.2,87.6,10969.7
SR,100,1.0,t100p100,2030,P_mix,Latin America,1.631,0.19278379411379343,262.004231698817,89.16741480696787,4.892976587376239,356.0646230931611,160.64100881339596,0.334,101.1,459.4,95.7,8762.9
SR,150,1.0,t150p100,2030,P_mix,Latin America,1.58,0.15037069058365862,252.2425702137839,86.83208148247978,4.740184493655501,343.81483618991916,159.6409826778239,0.31,102.8,425.6,76.3,9016.5
SR,200,1.0,t200p100,2030,P_mix,Latin America,1.58,0.15037069058365862,252.2425702137839,86.83208148247978,4.740184493655501,343.81483618991916,159.6409826778239,0.31,102.8,425.6,76.3,9016.5
SR,300,1.0,t300p100,2030,P_mix,Latin America,1.591,0.14574560037732012,251.32885155036584,90.27803491499847,4.774398395807782,346.3812848611721,157.9228401452925,0.315,111.2,423.3,74.7,9570.4
SR,500,1.0,t500p100,2030,P_mix,Latin America,1.591,0.14574560037732012,251.32885155036584,90.27803491499847,4.774398395807782,346.3812848611721,157.9228401452925,0.315,111.2,423.3,74.7,9570.4
SV,50,1.0,t50p100,2030,P_mix,North America,1.538,0.4411451861570167,122.04199011161582,81.18970874122675,4.612770589638456,207.844469442481,79.37224781073355,0.105,225.8,1116.9,53.9,3307.3
SV,100,1.0,t100p100,2030,P_mix,North America,1.473,0.2750646500709794,115.6295709736791,64.13352029976492,4.419745893570334,184.18283716701433,78.48612143645552,0.087,221.9,1012.1,44.7,1428.9
SV,150,1.0,t150p100,2030,P_mix,North America,1.47,0.2736482361580281,115.34544656788393,59.22491520105349,4.408876416827117,178.97923818576456,78.48628697845861,0.164,182.8,824.4,63.8,1679.1
SV,200,1.0,t200p100,2030,P_mix,North America,1.416,0.25621595080075055,111.015743714348,64.7288027581065,4.247979438475959,179.99252591093048,78.40132843546212,0.181,166.2,754.7,64.8,3117.0
SV,300,1.0,t300p100,2030,P_mix,North America,1.353,0.1445258192337082,104.4178217723228,58.163839003627686,4.059529893353878,166.64119066930436,77.1649608566292,0.149,165.8,717.0,53.2,2549.8
SV,500,1.0,t500p100,2030,P_mix,North America,1.353,0.1445258192337082,104.4178217723228,58.163839003627686,4.059529893353878,166.64119066930436,77.1649608566292,0.149,165.8,717.0,53.2,2549.8
TH,50,1.0,t50p100,2030,P_mix,Asia-Pacific,1.957,0.35360720281794833,133.6566350714493,76.92247292995283,5.87070382646531,216.44981182786745,68.3001420386367,0.213,160.4,853.7,50.0,4841.8
TH,100,1.0,t100p100,2030,P_mix,Asia-Pacific,1.763,0.2316176944578655,120.29124733925484,79.85220826876316,5.28962344224538,205.4330790502634,68.22295499064461,0.35,109.5,581.9,69.6,6981.6
TH,150,1.0,t150p100,2030,P_mix,Asia-Pacific,1.631,0.1859684526534925,111.1285679045193,66.97060360340555,4.891688238335472,182.99085974626033,68.15350600245979,0.355,94.2,519.8,66.3,5457.6
TH,200,1.0,t200p100,2030,P_mix,Asia-Pacific,1.597,0.14355918764420347,108.65096861758633,63.219289934984154,4.790736025919281,176.66099457848978,68.03816868415606,0.393,82.3,439.9,67.0,5425.7
TH,300,1.0,t300p100,2030,P_mix,Asia-Pacific,1.635,0.13985486880327086,111.2416850247962,60.262988838172845,4.906159938560835,176.41083380152986,68.02164202830359,0.344,95.4,457.1,58.7,4927.3
TH,500,1.0,t500p100,2030,P_mix,Asia-Pacific,1.635,0.13985486880327086,111.2416850247962,60.262988838172845,4.906159938560835,176.41083380152986,68.02164202830359,0.344,95.4,457.1,58.7,4927.3
TN,50,1.0,t50p100,2030,P_mix,Africa/MENA,1.899,0.30078046204731096,87.59331589482966,63.68424247110174,5.6970808201374945,156.97463918606888,46.12536770685007,0.87,27.0,80.5,150.6,6331.0
TN,100,1.0,t100p100,2030,P_mix,Africa/MENA,1.798,0.20345385734305535,82.80891814320475,63.61026985502231,5.39530877904267,151.81449677726974,46.04495583173842,0.742,48.3,163.5,132.5,6041.1
TN,150,1.0,t150p100,2030,P_mix,Africa/MENA,1.798,0.20345385734305535,82.80891814320475,63.61026985502231,5.3953087790426695,151.81449677726974,46.04495583173842,0.742,48.3,163.5,132.5,6041.1
TN,200,1.0,t200p100,2030,P_mix,Africa/MENA,1.681,0.14222744302607856,78.83348173026593,55.30595361643323,5.043607875731709,139.18304322243085,46.89112457151194,0.859,22.3,66.1,125.9,5639.5
TN,300,1.0,t300p100,2030,P_mix,Africa/MENA,1.779,0.1380823906135354,83.4686628072097,47.4463532228257,5.338354429442384,136.2533704594778,46.90696201072237,0.857,21.8,63.3,126.2,4372.7
TN,500,1.0,t500p100,2030,P_mix,Africa/MENA,1.779,0.1380823906135354,83.4686628072097,47.4463532228257,5.338354429442384,136.2533704594778,46.90696201072237,0.857,21.8,63.3,126.2,4372.7
TR,50,1.0,t50p100,2030,P_mix,Asia-Pacific,3.096,0.3705556463204043,188.10449357208714,92.84451089841725,9.288353756531118,290.23735822703554,60.75495136255603,0.371,137.1,690.9,111.9,7265.9
TR,100,1.0,t100p100,2030,P_mix,Asia-Pacific,2.403,0.22547172222236425,146.03785061225005,108.24908691281519,7.208216927633221,261.4951544526985,60.77974015421359,0.536,98.2,393.2,105.0,12110.6
TR,150,1.0,t150p100,2030,P_mix,Asia-Pacific,2.45,0.22355726861651398,148.91702270296187,100.21391466133643,7.350659151015348,256.48159651531364,60.777007739119114,0.503,101.3,428.3,102.6,10608.3
TR,200,1.0,t200p100,2030,P_mix,Asia-Pacific,2.756,0.15414291241748265,167.72743563849778,64.68751011771596,8.268421722432151,240.6833674786459,60.855907427939385,0.363,109.5,543.7,91.9,4255.6
TR,300,1.0,t300p100,2030,P_mix,Asia-Pacific,2.53,0.14446669455456462,153.9992936807464,59.31971994989784,7.590575370241382,220.9095890008856,60.864672110824245,0.315,108.2,536.4,68.7,3952.3
TR,500,1.0,t500p100,2030,P_mix,Asia-Pacific,2.53,0.14446669455456462,153.9992936807464,59.31971994989784,7.590575370241382,220.9095890008856,60.864672110824245,0.315,108.2,536.4,68.7,3952.3
TW,50,1.0,t50p100,2030,P_mix,Asia-Pacific,1.366,0.49267419519402506,325.5601570002185,119.3766195374158,4.097364443135012,449.0341409807694,238.3679764286157,0.234,206.8,1193.4,134.0,7397.5
TW,100,1.0,t100p100,2030,P_mix,Asia-Pacific,1.304,0.30564277112665367,282.14868991867087,106.15833840132552,3.9133322981758787,392.2203606181723,216.29803074749518,0.24,181.5,963.0,110.3,7421.3
TW,150,1.0,t150p100,2030,P_mix,Asia-Pacific,1.344,0.23174943718519408,275.0346551975155,93.97153321554485,4.031982826600751,373.0381712396611,204.63975197239807,0.306,156.9,788.2,137.9,6111.9
TW,200,1.0,t200p100,2030,P_mix,Asia-Pacific,1.505,0.14209798833712298,292.7672975785208,104.69905818257828,4.515597873906806,401.98195363500594,194.50400971503532,0.173,228.4,1028.6,70.6,7315.2
TW,300,1.0,t300p100,2030,P_mix,Asia-Pacific,1.374,0.13454851625007433,261.43542037036997,97.72062673726498,4.122415244582876,363.2784623522178,190.2540657789726,0.179,198.6,888.1,57.2,7584.9
TW,500,1.0,t500p100,2030,P_mix,Asia-Pacific,1.313,0.13336183026324386,249.1245290047539,105.4729398575792,3.938685261662701,358.5361541239958,189.7520460161777,0.223,177.4,764.3,62.6,9668.6
UA,50,1.0,t50p100,2030,P_mix,Europe,1.898,0.36071350335608776,134.75782046222662,110.3109346472616,5.694132560140472,250.76288766962873,70.99825251990741,0.564,81.8,403.4,103.3,12533.5
UA,100,1.0,t100p100,2030,P_mix,Europe,1.869,0.21506755722514764,132.82759584281487,93.96415845412832,5.60592511153158,232.3976794084748,71.08243146323024,0.454,90.1,450.9,97.3,9641.0
UA,150,1.0,t150p100,2030,P_mix,Europe,1.848,0.21301681292277894,131.3661627475666,94.80460575332248,5.54490183840809,231.7156703392972,71.07402434302489,0.463,89.3,436.0,95.4,9919.5
UA,200,1.0,t200p100,2030,P_mix,Europe,1.783,0.1478254701485433,127.10297943991665,84.27909634619135,5.347719743642161,216.7297955297502,71.30308927895554,0.522,69.6,314.9,93.1,9167.8
UA,300,1.0,t300p100,2030,P_mix,Europe,1.765,0.14183499877008224,125.90196104595026,79.05504131996166,5.2946012799957645,210.2516036459077,71.33792766698258,0.486,70.1,338.4,86.9,8301.7
UA,500,1.0,t500p100,2030,P_mix,Europe,1.765,0.14183499877008224,125.90196104595026,79.05504131996166,5.2946012799957645,210.2516036459077,71.33792766698258,0.486,70.1,338.4,86.9,8301.7
UG,50,1.0,t50p100,2030,P_mix,Africa/MENA,1.428,0.38032972151296396,189.54295096959166,89.43648790139983,4.28446450055257,283.2639033715441,132.7187686665242,0.32,134.9,622.0,84.9,7769.0
UG,100,1.0,t100p100,2030,P_mix,Africa/MENA,1.396,0.26582739900492797,182.69587334445356,77.60702698326585,4.186936865798057,264.4898371935175,130.90419980070286,0.406,110.3,476.6,108.4,6419.0
UG,150,1.0,t150p100,2030,P_mix,Africa/MENA,1.341,0.23586887781798177,172.26303692622736,82.62670203360834,4.02444175679686,258.9141807166326,128.4126201866076,0.377,115.2,501.3,95.6,7329.7
UG,200,1.0,t200p100,2030,P_mix,Africa/MENA,1.426,0.1831881211709217,179.06224984054276,72.51582018932639,4.277313827122956,255.85538385699212,125.58974422574752,0.315,117.5,509.0,82.9,5900.1
UG,300,1.0,t300p100,2030,P_mix,Africa/MENA,1.295,0.13764258203226706,158.6101829351449,67.18948253626385,3.884103460820155,229.6837689322289,122.50717665099411,0.58,73.2,229.0,112.3,6480.5
UG,500,1.0,t500p100,2030,P_mix,Africa/MENA,1.295,0.13764258203226706,158.6101829351449,67.18948253626385,3.884103460820155,229.6837689322289,122.50717665099411,0.58,73.2,229.0,112.3,6480.5
US,50,1.0,t50p100,2030,P_mix,North America,1.577,0.17182420961639627,80.74675064450967,29.58719972844309,4.732164601259421,115.06611497421217,51.190157643514695,0.878,6.6,21.9,86.2,2721.1
US,100,1.0,t100p100,2030,P_mix,North America,1.528,0.11340521397844855,78.05333997188801,26.152809001904995,4.5831466060575385,108.78929557985056,51.09154038541463,0.637,20.7,81.4,76.0,1908.7
US,150,1.0,t150p100,2030,P_mix,North America,1.528,0.11340521397844855,78.05333997188801,26.152809001904995,4.5831466060575385,108.78929557985056,51.09154038541463,0.637,20.7,81.4,76.0,1908.7
US,200,1.0,t200p100,2030,P_mix,North America,1.421,0.08912426419539354,73.28877169817592,32.30400287559463,4.2639932894602355,109.85676786323079,51.56347587084513,0.882,7.7,17.4,83.8,3240.6
US,300,1.0,t300p100,2030,P_mix,North America,1.369,0.07614096607732815,70.63673232977558,27.593363534905606,4.106398233872911,102.33649409855411,51.604882166887705,0.865,7.0,18.2,69.2,2795.2
US,500,1.0,t500p100,2030,P_mix,North America,1.369,0.07614096607732815,70.63673232977558,27.593363534905606,4.106398233872911,102.33649409855411,51.604882166887705,0.865,7.0,18.2,69.2,2795.2
UY,50,1.0,t50p100,2030,P_mix,Latin America,1.663,0.28206689504078203,94.1729013990819,73.73616839504099,4.989639750618165,172.89870954474105,56.6210625050125,0.727,37.6,155.9,123.7,8011.1
UY,100,1.0,t100p100,2030,P_mix,Latin America,1.651,0.1809983140971666,93.43072730252067,73.51754651269667,4.952026005238449,171.90029982045579,56.60151655323666,0.69,43.1,155.8,121.9,7977.2
UY,150,1.0,t150p100,2030,P_mix,Latin America,1.651,0.1809983140971666,93.43072730252067,73.51754651269667,4.952026005238449,171.90029982045579,56.60151655323666,0.69,43.1,155.8,121.9,7977.2
UY,200,1.0,t200p100,2030,P_mix,Latin America,1.565,0.1406347959749271,89.09378937194533,60.828116349049985,4.696181366603687,154.618087087599,56.91461790989905,0.632,42.6,172.8,109.3,6084.8
UY,300,1.0,t300p100,2030,P_mix,Latin America,1.574,0.140651044613179,89.56490091110363,59.37244161908681,4.720500089226338,153.65784261941678,56.920812976268536,0.62,44.7,175.0,105.6,5899.0
UY,500,1.0,t500p100,2030,P_mix,Latin America,1.574,0.140651044613179,89.56490091110363,59.37244161908681,4.720500089226338,153.65784261941678,56.920812976268536,0.62,44.7,175.0,105.6,5899.0
UZ,50,1.0,t50p100,2030,P_mix,Asia-Pacific,2.973,0.3967145866214626,258.16935166644265,88.36495179078759,8.918011239842206,355.4523146970725,86.847620413297,0.27,195.2,986.4,128.6,3867.3
UZ,100,1.0,t100p100,2030,P_mix,Asia-Pacific,2.586,0.24907722192606124,223.59059486007004,88.15374773542872,7.757526814749848,319.5018694102487,86.46722088086565,0.173,208.0,1053.4,61.7,4801.2
UZ,150,1.0,t150p100,2030,P_mix,Asia-Pacific,2.534,0.20147426347931638,217.94767090053787,73.13203142615293,7.602633440822066,298.6823357675129,86.0021751398444,0.3,145.0,716.7,93.6,4238.3
UZ,200,1.0,t200p100,2030,P_mix,Asia-Pacific,2.531,0.17132488798169546,216.69675471786442,78.14287720031808,7.5941937637352215,302.43382568191777,85.60359195178715,0.161,204.3,983.5,53.8,3818.2
UZ,300,1.0,t300p100,2030,P_mix,Asia-Pacific,2.274,0.15272623384555759,194.42328417275468,64.92083934543155,6.823068442391075,266.16719196057727,85.48497753510236,0.224,149.0,670.0,51.5,4105.6
UZ,500,1.0,t500p100,2030,P_mix,Asia-Pacific,2.274,0.15272623384555759,194.42328417275468,64.92083934543155,6.823068442391075,266.16719196057727,85.48497753510236,0.224,149.0,670.0,51.5,4105.6
VN,50,1.0,t50p100,2030,P_mix,Asia-Pacific,2.345,0.3470508106916281,154.48671597610013,67.70676342809737,7.036339067219091,229.2298184714166,65.86665928131167,0.441,114.1,526.7,127.0,4045.3
VN,100,1.0,t100p100,2030,P_mix,Asia-Pacific,2.151,0.2362710219680293,141.56166595223198,60.506334682492515,6.452745359538168,208.52074599426268,65.81462217921657,0.409,104.1,504.6,103.0,3616.8
VN,150,1.0,t150p100,2030,P_mix,Asia-Pacific,2.103,0.186183955064878,138.18151628231297,69.95505077164064,6.309412711904946,214.44597976585854,65.70255708027389,0.349,109.5,542.0,89.6,5177.9
VN,200,1.0,t200p100,2030,P_mix,Asia-Pacific,1.929,0.13657540135705257,126.41957177430017,68.27584327820388,5.786127536483253,200.48154258898728,65.54620736089258,0.366,99.7,490.4,78.2,5556.6
VN,300,1.0,t300p100,2030,P_mix,Asia-Pacific,1.907,0.13384712145607255,124.91818462659747,63.827858677975925,5.720156006139041,194.46619931071245,65.51474356251754,0.329,106.9,513.5,69.5,4825.2
VN,500,1.0,t500p100,2030,P_mix,Asia-Pacific,1.907,0.13384712145607255,124.91818462659747,63.827858677975925,5.720156006139041,194.46619931071245,65.51474356251754,0.329,106.9,513.5,69.5,4825.2
ZA,50,1.0,t50p100,2030,P_mix,Africa/MENA,1.671,0.23545327078214578,99.10693049426014,49.98342901774781,5.012525469979528,154.10288498198747,59.31556722523638,0.71,35.2,110.5,120.7,4514.3
ZA,100,1.0,t100p100,2030,P_mix,Africa/MENA,1.671,0.23545327078214578,99.10693049426014,49.98342901774781,5.012525469979528,154.10288498198747,59.31556722523638,0.71,35.2,110.5,120.7,4514.3
ZA,150,1.0,t150p100,2030,P_mix,Africa/MENA,1.576,0.16318872873654677,93.49317330793053,47.677466058697256,4.727661860105746,145.8983012267335,59.32732251657226,0.537,54.2,190.5,104.8,3844.8
ZA,200,1.0,t200p100,2030,P_mix,Africa/MENA,1.466,0.11314430664115492,86.79463062369956,43.554429637550044,4.397990807236189,134.7470510684858,59.20519238982458,0.719,28.0,81.9,102.3,4107.9
ZA,300,1.0,t300p100,2030,P_mix,Africa/MENA,1.443,0.1067661504082502,85.3906107519243,38.785571293857124,4.328555466321006,128.50473751210245,59.181829654016724,0.642,36.9,103.5,88.3,3440.1
ZA,500,1.0,t500p100,2030,P_mix,Africa/MENA,1.443,0.1067661504082502,85.3906107519243,38.785571293857124,4.328555466321006,128.50473751210245,59.181829654016724,0.642,36.9,103.5,88.3,3440.1
ZM,50,1.0,t50p100,2030,P_mix,Africa/MENA,2.062,0.3197683688026044,123.11465533936357,58.334539290087704,6.1857434901427,187.63493811959398,59.708904290431555,0.36,123.1,440.5,112.0,3339.7
ZM,100,1.0,t100p100,2030,P_mix,Africa/MENA,1.831,0.21562694136331548,109.30451504724797,50.82190501552077,5.491838159447016,165.61825822221576,59.70925136926504,0.312,103.6,448.6,80.9,2889.4
ZM,150,1.0,t150p100,2030,P_mix,Africa/MENA,1.899,0.21458171329518896,113.35258650479535,49.939115080733515,5.695579115484615,168.9872807010135,59.70556331837586,0.285,116.6,469.3,79.4,2556.0
ZM,200,1.0,t200p100,2030,P_mix,Africa/MENA,1.689,0.12828532773164314,100.64892998218427,46.23647461474799,5.067547296596531,151.9529518935288,59.58440489531228,0.492,67.8,231.7,93.7,3497.5
ZM,300,1.0,t300p100,2030,P_mix,Africa/MENA,1.784,0.1250973322477598,106.2621289784048,45.44337445963506,5.3519797822102,157.05748322025005,59.564198653150655,0.366,87.2,322.2,83.5,2879.7
ZM,500,1.0,t500p100,2030,P_mix,Africa/MENA,1.784,0.1250973322477598,106.2621289784048,45.44337445963506,5.3519797822102,157.05748322025005,59.564198653150655,0.366,87.2,322.2,83.5,2879.7
AE,50,1.0,t50p100,2035,P_mix,Asia-Pacific,1.796,0.335729632486153,118.06002569213106,51.94275606830415,5.3891897120376155,175.39197147247285,65.72046931012196,0.36,98.6,507.6,63.8,3858.9
AE,100,1.0,t100p100,2035,P_mix,Asia-Pacific,1.745,0.21405614545955334,114.06206418191938,44.36427684152208,5.235407948635536,163.66174897207696,65.35998644287868,0.392,83.8,436.8,85.3,2507.3
AE,150,1.0,t150p100,2035,P_mix,Asia-Pacific,1.623,0.1804816433067341,105.32960929429717,46.32920907372996,4.86989674316037,156.5287151111875,64.88614534316123,0.404,76.4,397.9,80.4,3302.1
AE,200,1.0,t200p100,2035,P_mix,Asia-Pacific,1.639,0.17924040684455664,106.4027905306003,43.758948008745016,4.916011568310981,155.0777501076563,64.93238820865363,0.4,75.4,399.0,81.5,2803.3
AE,300,1.0,t300p100,2035,P_mix,Asia-Pacific,1.649,0.1257891548038919,106.12753467887083,33.516671559854,4.946948808850711,144.59115504757554,64.359389259696,0.441,77.6,271.0,58.8,2305.4
AE,500,1.0,t500p100,2035,P_mix,Asia-Pacific,1.649,0.1257891548038919,106.12753467887083,33.516671559854,4.946948808850711,144.59115504757554,64.359389259696,0.441,77.6,271.0,58.8,2305.4
AF,50,1.0,t50p100,2035,P_mix,Asia-Pacific,1.873,0.3473239690493548,165.37302403324406,63.37227742934869,5.620431748690664,234.36573321128344,88.27063369558901,0.197,159.0,834.6,47.1,3773.2
AF,100,1.0,t100p100,2035,P_mix,Asia-Pacific,1.73,0.2227505968102135,151.48161364774464,62.82179929251307,5.1898170288212135,219.49322996907895,87.56471344163248,0.237,137.4,726.0,57.9,4277.4
AF,150,1.0,t150p100,2035,P_mix,Asia-Pacific,1.674,0.1909977229299045,145.05714037678266,60.75997707658334,5.02311542861065,210.84023288197665,86.63376888607809,0.285,113.1,595.9,69.1,4655.5
AF,200,1.0,t200p100,2035,P_mix,Asia-Pacific,1.636,0.19129873877915554,141.8967997108654,58.13680460771566,4.909252157499664,204.94285647608075,86.71186271870074,0.308,103.8,552.1,71.6,4470.1
AF,300,1.0,t300p100,2035,P_mix,Asia-Pacific,1.478,0.14001164529643353,126.89109971540496,58.120845029428764,4.433780319623736,189.44572506445746,85.85750120757451,0.286,103.8,490.0,59.1,5182.4
AF,500,1.0,t500p100,2035,P_mix,Asia-Pacific,1.478,0.14001164529643353,126.89109971540496,58.120845029428764,4.433780319623736,189.44572506445746,85.85750120757451,0.286,103.8,490.0,59.1,5182.4
AR,50,1.0,t50p100,2035,P_mix,Latin America,1.711,0.2862062028757014,58.59113302462801,54.88054590176963,5.131636167638492,118.60331509403612,34.252895827330406,0.791,38.4,123.7,135.0,5584.4
AR,100,1.0,t100p100,2035,P_mix,Latin America,1.588,0.20279353705072412,54.37840164257884,55.32380144244014,4.763994415549545,114.46619750056851,34.24336611211509,0.642,59.3,228.0,123.1,5123.1
AR,150,1.0,t150p100,2035,P_mix,Latin America,1.574,0.20105857775393687,53.89885664166067,54.17151462538543,4.720588354465643,112.79095962151175,34.253478122492204,0.648,57.3,223.2,120.5,5021.9
AR,200,1.0,t200p100,2035,P_mix,Latin America,1.801,0.1410438561970006,62.04875922036384,45.56615387764726,5.4034111954016595,113.01832429341276,34.44977088167959,0.756,34.2,113.9,127.7,4155.3
AR,300,1.0,t300p100,2035,P_mix,Latin America,1.732,0.14059432318790344,59.67492207062287,46.14211107669345,5.195041801133878,111.0120749484502,34.46069792408456,0.679,46.7,157.6,117.3,4139.3
AR,500,1.0,t500p100,2035,P_mix,Latin America,1.733,0.14061813330878703,59.705614024861404,46.079258126406884,5.1976708024224365,110.98254295369073,34.460982406023646,0.681,46.5,156.5,117.4,4132.8
AT,50,1.0,t50p100,2035,P_mix,Europe,2.576,0.3402327705505113,153.45140188224468,135.50209498882543,7.728456932687342,296.68195380375744,59.56612162767905,1.0,-0.0,-0.0,220.7,19338.1
AT,100,1.0,t100p100,2035,P_mix,Europe,2.411,0.2094223181511853,143.27768853426932,118.04805382918451,7.233956742170995,268.5596991056248,59.418805077594335,0.98,2.7,9.7,196.0,16668.1
AT,150,1.0,t150p100,2035,P_mix,Europe,2.418,0.2093789112053724,143.64508136962166,117.69332603082654,7.252561973160684,268.5909693736089,59.41834702048908,0.982,2.9,8.1,194.8,16642.1
AT,200,1.0,t200p100,2035,P_mix,Europe,2.296,0.15672387843348767,137.60192114882292,112.71537572785655,6.887388662325195,257.2046855390047,59.93646992866298,1.0,-0.0,-0.0,168.3,16468.4
AT,300,1.0,t300p100,2035,P_mix,Europe,2.207,0.15347397164752513,132.33746546908674,114.62193371837016,6.619521462579461,253.57892065003637,59.97599655074675,1.0,-0.0,-0.0,155.6,17134.6
AT,500,1.0,t500p100,2035,P_mix,Europe,2.207,0.15347397164752513,132.33746546908674,114.62193371837016,6.619521462579461,253.57892065003637,59.97599655074675,1.0,-0.0,-0.0,155.6,17134.6
AU,50,1.0,t50p100,2035,P_mix,Asia-Pacific,1.998,0.26770151463495434,89.03384447217046,52.95248376851747,5.993719124353979,147.9800473650419,44.5635719450401,0.516,68.3,273.4,81.8,5353.6
AU,100,1.0,t100p100,2035,P_mix,Asia-Pacific,1.863,0.19678337112014793,83.02396359220421,52.45743125902345,5.5891417557758,141.07053660700345,44.56353079955836,0.452,74.9,329.4,80.9,4870.3
AU,150,1.0,t150p100,2035,P_mix,Asia-Pacific,1.809,0.15594048424637838,80.66248415556474,53.819639585553105,5.425579898753069,139.9077036398709,44.601214429135716,0.457,74.3,281.2,77.1,5530.9
AU,200,1.0,t200p100,2035,P_mix,Asia-Pacific,1.824,0.1265153058247723,81.82388014093057,42.423002671962664,5.47269874494423,129.71958155783744,44.853855814658615,0.456,61.6,252.1,60.8,4138.5
AU,300,1.0,t300p100,2035,P_mix,Asia-Pacific,1.687,0.11483517272244369,76.10736509628158,37.034000769344594,5.061148086948392,118.20251395257456,45.11270790073068,0.47,58.3,210.9,58.9,3489.6
AU,500,1.0,t500p100,2035,P_mix,Asia-Pacific,1.687,0.11483517272244369,76.10736509628158,37.034000769344594,5.061148086948392,118.20251395257456,45.11270790073068,0.47,58.3,210.9,58.9,3489.6
BD,50,1.0,t50p100,2035,P_mix,Asia-Pacific,2.056,0.37617928064733996,164.87670054556628,73.51710926989828,6.16705804325973,244.56086785872427,80.20519641084012,0.077,234.1,1283.9,29.9,2554.3
BD,100,1.0,t100p100,2035,P_mix,Asia-Pacific,1.992,0.2613716490373691,159.0509854181212,69.32346398024133,5.975595157147826,234.35004455551035,79.85028163824101,0.104,205.7,1123.3,40.9,2775.3
BD,150,1.0,t150p100,2035,P_mix,Asia-Pacific,1.886,0.19471609181273022,149.8135252007209,60.73870220215413,5.658033908694853,216.21026131156984,79.43405480682866,0.122,185.3,989.1,42.1,2204.9
BD,200,1.0,t200p100,2035,P_mix,Asia-Pacific,1.837,0.1638835142346338,145.1365658507906,65.95819596918709,5.510375299843215,216.6051371198209,79.01634169359748,0.129,179.5,923.5,42.1,3633.4
BD,300,1.0,t300p100,2035,P_mix,Asia-Pacific,1.639,0.1473305974393824,129.1131029236002,49.726463312974126,4.917368454330762,183.75693469090504,78.76963306047716,0.172,146.1,715.0,37.3,2393.2
BD,500,1.0,t500p100,2035,P_mix,Asia-Pacific,1.639,0.14733059743938243,129.1131029236002,49.726463312974126,4.917368454330762,183.75693469090504,78.76963306047716,0.172,146.1,715.0,37.3,2393.2
BE,50,1.0,t50p100,2035,P_mix,Europe,2.781,0.2612806518340416,103.73217029638143,71.72489425601772,8.344073109488958,183.8011376618881,37.295515847678885,0.764,43.4,142.6,129.2,8656.4
BE,100,1.0,t100p100,2035,P_mix,Europe,2.608,0.1673553109035425,95.9233274291101,72.08669938510631,7.825424818048811,175.83545163226523,36.773720146617634,0.67,51.3,202.8,122.6,8435.9
BE,150,1.0,t150p100,2035,P_mix,Europe,2.67,0.12490785482150975,101.23916937257549,55.74851143658401,8.008952047053638,164.99663285621313,37.92225329023562,0.661,47.6,175.1,98.1,6261.3
BE,200,1.0,t200p100,2035,P_mix,Europe,2.484,0.12170012294459044,95.04906387458452,61.43148270998024,7.451079575990964,163.9316261605557,38.26924524367642,0.767,35.0,105.8,105.3,7673.3
BE,300,1.0,t300p100,2035,P_mix,Europe,2.449,0.12021259639893658,93.92312378465424,60.92657638002615,7.348020382252286,162.19772054693266,38.3462969202583,0.79,32.8,94.0,106.4,7645.9
BE,500,1.0,t500p100,2035,P_mix,Europe,2.449,0.12021259639893658,93.92312378465422,60.92657638002615,7.348020382252286,162.19772054693266,38.34629692025829,0.79,32.8,94.0,106.4,7645.9
BF,50,1.0,t50p100,2035,P_mix,Africa/MENA,1.822,0.36940677771011377,140.746565269639,66.22369866187117,5.464588502563848,212.43485243407403,77.26834245813997,0.191,184.3,851.6,65.7,3520.3
BF,100,1.0,t100p100,2035,P_mix,Africa/MENA,1.794,0.2607609185221186,137.5301786057504,55.53205000249116,5.38203006584238,198.44425867408398,76.66076383255476,0.126,194.9,956.9,47.3,1251.5
BF,150,1.0,t150p100,2035,P_mix,Africa/MENA,1.637,0.21067070642886607,124.83207829980574,45.9542588919263,4.911351139210003,175.69768833094207,76.25116272172222,0.202,148.8,649.9,55.8,1640.6
BF,200,1.0,t200p100,2035,P_mix,Africa/MENA,1.707,0.15817134668731597,127.72100361141568,51.57819019117419,5.120348629222732,184.41954243181257,74.83143015838195,0.193,157.7,685.5,59.3,2283.9
BF,300,1.0,t300p100,2035,P_mix,Africa/MENA,1.751,0.14839738297071942,130.7963001925872,57.755892400841326,5.253695954864803,193.80588854829335,74.68816314244813,0.242,146.7,602.5,78.3,3567.2
BF,500,1.0,t500p100,2035,P_mix,Africa/MENA,1.751,0.14839738297071942,130.7963001925872,57.755892400841326,5.253695954864803,193.80588854829335,74.68816314244813,0.242,146.7,602.5,78.3,3567.2
BG,50,1.0,t50p100,2035,P_mix,Europe,1.733,0.34656698299463,102.43309062690943,67.05627933360398,5.199456867301894,174.6888268278153,59.10218696365346,0.836,28.5,121.4,141.9,7738.7
BG,100,1.0,t100p100,2035,P_mix,Europe,1.692,0.20854804618914782,100.01516053671513,59.452816273237644,5.076628693515851,164.54460550346863,59.103294671398764,0.73,42.3,174.2,130.4,6179.9
BG,150,1.0,t150p100,2035,P_mix,Europe,1.687,0.20899048006664858,99.70746093996058,58.95258178766257,5.060464328162535,163.7205070557857,59.10967125194496,0.719,45.4,183.4,129.7,6020.9
BG,200,1.0,t200p100,2035,P_mix,Europe,1.583,0.14471990950022345,93.95187606854898,62.99161908007893,4.7490295812654875,161.6925247298934,59.35015214846065,0.787,29.3,106.1,126.9,7461.4
BG,300,1.0,t300p100,2035,P_mix,Europe,1.566,0.13757093795978154,93.02623570587153,53.12445710566125,4.6986423907975645,150.84933520233037,59.39560492286001,0.794,28.8,95.9,115.0,6020.4
BG,500,1.0,t500p100,2035,P_mix,Europe,1.566,0.13757093795978154,93.02623570587153,53.12445710566125,4.6986423907975645,150.84933520233037,59.39560492286001,0.794,28.8,95.9,115.0,6020.4
BH,50,1.0,t50p100,2035,P_mix,Asia-Pacific,2.07,0.37745658923873926,123.96327614699466,79.88155648220759,6.210777216655521,210.0556098458578,59.87814656170264,0.479,101.4,497.2,89.6,8383.9
BH,100,1.0,t100p100,2035,P_mix,Asia-Pacific,1.955,0.2485669410803344,116.89154295234461,77.56647513077515,5.863513247307628,200.32153133042738,59.80623119049888,0.273,120.3,710.6,64.5,7050.9
BH,150,1.0,t150p100,2035,P_mix,Asia-Pacific,1.777,0.20508394548127037,106.02934012303339,70.85769957485873,5.330841586468669,182.2178812843608,59.6693815056342,0.406,88.9,491.0,88.1,6905.4
BH,200,1.0,t200p100,2035,P_mix,Asia-Pacific,1.766,0.20548114155020283,105.353501563127,71.25898223822956,5.296798690273077,181.90928249162965,59.67009946400014,0.378,93.2,524.4,82.6,6864.3
BH,300,1.0,t300p100,2035,P_mix,Asia-Pacific,1.916,0.14376545842857402,113.73054416548256,49.439081108739984,5.749131841640285,168.91875711586283,59.34663561291741,0.324,97.2,483.1,56.0,3764.1
BH,500,1.0,t500p100,2035,P_mix,Asia-Pacific,1.916,0.14376545842857402,113.73054416548256,49.439081108739984,5.749131841640285,168.91875711586283,59.34663561291741,0.324,97.2,483.1,56.0,3764.1
BI,50,1.0,t50p100,2035,P_mix,Africa/MENA,1.51,0.4094276976121948,225.78005026984385,80.24516568717935,4.5291915375888,310.554407494612,149.54990204943434,0.13,233.6,1071.8,41.8,4870.0
BI,100,1.0,t100p100,2035,P_mix,Africa/MENA,1.463,0.26915233899359264,213.34429632027522,69.23495473054494,4.389129004968596,286.96838005578877,145.82230056038316,0.157,213.8,905.0,48.8,3915.1
BI,150,1.0,t150p100,2035,P_mix,Africa/MENA,1.488,0.23935802822019453,212.38770117773933,71.71901399506349,4.463767815190107,288.57048298799293,142.74109449980037,0.124,216.2,1071.6,44.3,3382.4
BI,200,1.0,t200p100,2035,P_mix,Africa/MENA,1.427,0.18062216591521754,198.0761488558638,69.7088791263809,4.279903013908342,272.06493099615307,138.84156828707,0.132,201.8,852.2,36.8,4742.1
BI,300,1.0,t300p100,2035,P_mix,Africa/MENA,1.324,0.1291739438916685,178.49415709315838,59.975287121014354,3.9706504635817446,242.4400946777545,134.86013845611606,0.205,163.5,591.6,43.8,4775.0
BI,500,1.0,t500p100,2035,P_mix,Africa/MENA,1.324,0.1291739438916685,178.49415709315838,59.975287121014354,3.9706504635817446,242.4400946777545,134.86013845611606,0.205,163.5,591.6,43.8,4775.0
BO,50,1.0,t50p100,2035,P_mix,Latin America,2.145,0.39135771596444274,184.26218131276667,68.81692346860699,6.434619316594383,259.513724097968,85.90819701061517,0.045,254.6,1383.5,21.8,1084.7
BO,100,1.0,t100p100,2035,P_mix,Latin America,2.033,0.2620124241182993,173.48849032533278,59.36465837496385,6.099189087651967,238.95233778794858,85.33355229627162,0.045,223.0,1208.5,17.5,844.5
BO,150,1.0,t150p100,2035,P_mix,Latin America,1.84,0.24449868887427562,156.96074789757589,75.61723269752419,5.520781813126377,238.09876240822643,85.2926740508281,0.14,165.3,957.1,41.6,5311.6
BO,200,1.0,t200p100,2035,P_mix,Latin America,1.968,0.2169566636385439,167.480490513467,57.73210693685515,5.902536089631973,231.11513353995414,85.12298169984226,0.052,204.9,1107.1,19.4,1299.2
BO,300,1.0,t300p100,2035,P_mix,Latin America,1.951,0.14847567809879592,162.6291094437389,51.98178201367878,5.852965317822579,220.46385677524026,83.35729016633243,0.084,190.9,957.5,28.3,1103.0
BO,500,1.0,t500p100,2035,P_mix,Latin America,1.951,0.14847567809879594,162.6291094437389,51.98178201367878,5.852965317822579,220.46385677524026,83.35729016633243,0.084,190.9,957.5,28.3,1103.0
BR,50,1.0,t50p100,2035,P_mix,Latin America,2.23,0.2279479443322278,85.90123177242131,39.280874899210474,6.68894440843307,131.87105108006483,38.52681074645581,0.592,37.4,161.6,77.5,3922.4
BR,100,1.0,t100p100,2035,P_mix,Latin America,2.23,0.2279479443322278,85.90123177242131,39.280874899210474,6.68894440843307,131.87105108006483,38.52681074645581,0.592,37.4,161.6,77.5,3922.4
BR,150,1.0,t150p100,2035,P_mix,Latin America,2.047,0.12858117713022763,78.62301188099698,35.69988437883126,6.139523379227247,120.4624196390555,38.41813461302909,0.491,45.2,188.7,70.1,3213.0
BR,200,1.0,t200p100,2035,P_mix,Latin America,2.013,0.1078238077902863,77.7455341505849,34.32178439698812,6.038324722796434,118.10564327036947,38.62604499741778,0.713,23.4,90.5,79.6,3533.7
BR,300,1.0,t300p100,2035,P_mix,Latin America,1.926,0.1073321884120102,74.57473256416105,34.75428593293526,5.776998682078403,115.10601717917471,38.7267178001145,0.574,36.1,142.0,66.2,3512.7
BR,500,1.0,t500p100,2035,P_mix,Latin America,1.926,0.1073321884120102,74.57473256416105,34.75428593293526,5.776998682078403,115.10601717917471,38.7267178001145,0.574,36.1,142.0,66.2,3512.7
BY,50,1.0,t50p100,2035,P_mix,Europe,2.032,0.33584140938864554,143.4724728497154,99.14626609187992,6.095887365699077,248.7146263072944,70.60783651795475,0.919,16.9,48.6,171.8,13443.9
BY,100,1.0,t100p100,2035,P_mix,Europe,1.799,0.18919393414443214,127.01681241077851,92.28468261677324,5.396799477971102,224.69829450552288,70.60674364273201,0.915,16.8,45.6,172.9,12176.4
BY,150,1.0,t150p100,2035,P_mix,Europe,1.8,0.1897490696486816,127.07142291641647,91.81207706428455,5.39907422449169,224.28257420519273,70.60733986948287,0.912,17.7,47.8,171.8,12095.7
BY,200,1.0,t200p100,2035,P_mix,Europe,1.952,0.146043028158034,138.83217976731245,85.24393580252773,5.8549088408665195,229.93102441070667,71.13629786937835,0.925,13.7,29.6,158.0,11385.5
BY,300,1.0,t300p100,2035,P_mix,Europe,1.916,0.1442731842879452,136.4619001310516,78.9329187361447,5.747792178534817,221.14261104573112,71.22486124707318,0.85,23.7,68.8,132.3,10536.5
BY,500,1.0,t500p100,2035,P_mix,Europe,1.916,0.1442731842879452,136.4619001310516,78.9329187361447,5.747792178534817,221.14261104573112,71.22486124707318,0.85,23.7,68.8,132.3,10536.5
CA,50,1.0,t50p100,2035,P_mix,North America,1.868,0.2317042688351344,94.99345593863535,31.740533673714133,5.6040826195014635,132.33807223185093,50.85227809172774,0.648,37.6,125.2,95.3,2330.2
CA,100,1.0,t100p100,2035,P_mix,North America,1.795,0.14161968797305613,91.42753655356651,26.498523188391296,5.386247913629614,123.31230765558742,50.92275997297532,0.618,40.0,124.4,87.7,1543.6
CA,150,1.0,t150p100,2035,P_mix,North America,1.795,0.14161968797305613,91.42753655356651,26.498523188391296,5.386247913629614,123.31230765558742,50.92275997297532,0.618,40.0,124.4,87.7,1543.6
CA,200,1.0,t200p100,2035,P_mix,North America,1.739,0.12865494531196453,89.18953485647978,29.446048691615342,5.216340014285044,123.85192356238018,51.29431820715254,0.442,53.7,204.5,76.4,1740.6
CA,300,1.0,t300p100,2035,P_mix,North America,1.553,0.11017544524607632,80.21379411733264,29.46372388889368,4.6592270725220555,114.3367450787484,51.64834823595287,0.633,35.5,113.3,82.0,2337.1
CA,500,1.0,t500p100,2035,P_mix,North America,1.553,0.11017544524607632,80.21379411733264,29.46372388889368,4.6592270725220555,114.3367450787484,51.64834823595287,0.633,35.5,113.3,82.0,2337.1
CH,50,1.0,t50p100,2035,P_mix,Europe,2.562,0.42597485555876435,265.25324347580806,116.44857769254482,7.68567447051861,389.3874956388715,103.53804776404111,0.456,145.8,570.2,220.7,10988.2
CH,100,1.0,t100p100,2035,P_mix,Europe,2.012,0.2725641718663723,207.32708275716047,133.771884463534,6.0347675917306125,347.1337348124251,103.06631346065078,0.53,89.0,414.5,141.2,17613.6
CH,150,1.0,t150p100,2035,P_mix,Europe,2.382,0.17843603485060394,243.19950265134298,84.58638309773524,7.144524025449103,334.93040977452733,102.11996003584991,0.396,112.8,517.2,164.7,7148.7
CH,200,1.0,t200p100,2035,P_mix,Europe,2.161,0.15758252593192199,219.86206772274326,91.21422838349444,6.4836905378870116,317.55998664412476,101.73005625638434,0.459,90.6,403.5,132.2,10092.1
CH,300,1.0,t300p100,2035,P_mix,Europe,2.077,0.15797768426409575,211.36984281938135,96.08204792732987,6.232305687512867,313.6841964342241,101.74557543425011,0.478,82.3,367.9,119.8,11591.2
CH,500,1.0,t500p100,2035,P_mix,Europe,2.077,0.15797768426409575,211.36984281938135,96.08204792732987,6.232305687512867,313.6841964342241,101.74557543425011,0.478,82.3,367.9,119.8,11591.2
CL,50,1.0,t50p100,2035,P_mix,Latin America,1.772,0.31819057569623854,73.99143400440346,88.65629051622054,5.317170648034552,167.96489516865853,41.74669513292025,0.846,30.4,113.9,146.2,11627.9
CL,100,1.0,t100p100,2035,P_mix,Latin America,1.772,0.31819057569623854,73.99143400440346,88.65629051622054,5.317170648034552,167.96489516865853,41.74669513292025,0.846,30.4,113.9,146.2,11627.9
CL,150,1.0,t150p100,2035,P_mix,Latin America,1.603,0.20403803971039072,66.8772814240433,85.92405171237063,4.807638604380583,157.60897174079452,41.7318897658655,0.772,45.1,154.7,142.2,10844.4
CL,200,1.0,t200p100,2035,P_mix,Latin America,1.874,0.16123410483784612,78.25603167434518,69.3154223585008,5.622293537766841,153.19374757061283,41.756641385943155,0.761,37.7,141.5,135.0,8122.2
CL,300,1.0,t300p100,2035,P_mix,Latin America,1.714,0.15183037747313785,71.56889986779079,67.6765341610242,5.140967673792119,144.3864017026071,41.76386883308272,0.701,45.0,175.4,121.1,7892.7
CL,500,1.0,t500p100,2035,P_mix,Latin America,1.714,0.15183037747313785,71.56889986779079,67.6765341610242,5.140967673792119,144.3864017026071,41.76386883308272,0.701,45.0,175.4,121.1,7892.7
CN,50,1.0,t50p100,2035,P_mix,Asia-Pacific,1.66,0.18786527893656288,79.03740259785258,23.517994036634214,4.9799321842704245,107.53532881875722,47.613541514179325,0.773,18.1,53.8,72.3,2014.2
CN,100,1.0,t100p100,2035,P_mix,Asia-Pacific,1.456,0.13069838653049967,68.87711850245061,28.830846845726317,4.368652534474321,102.07661788265126,47.298647323577,0.71,22.3,78.7,78.9,2629.7
CN,150,1.0,t150p100,2035,P_mix,Asia-Pacific,1.323,0.077823150852501,63.14254171642606,30.87317943104684,3.968463353811049,97.98418450128395,47.73324288540156,0.88,7.2,25.8,82.5,3375.7
CN,200,1.0,t200p100,2035,P_mix,Asia-Pacific,1.326,0.07899999087420602,63.39260386650642,27.119954730568395,3.977931204805398,94.49048980188022,47.80822035579239,0.897,5.7,22.8,78.9,2809.8
CN,300,1.0,t300p100,2035,P_mix,Asia-Pacific,1.324,0.07662343430274828,63.35160205334643,27.169525671104484,3.971425958749676,94.49255368320058,47.85555821362315,0.832,11.2,35.9,68.6,2946.2
CN,500,1.0,t500p100,2035,P_mix,Asia-Pacific,1.324,0.07662343430274825,63.35160205334643,27.169525671104484,3.971425958749676,94.49255368320058,47.85555821362315,0.832,11.2,35.9,68.6,2946.2
CO,50,1.0,t50p100,2035,P_mix,Latin America,1.449,0.4342258514406024,123.4720821587001,72.24825495373902,4.346402195509878,200.06673930794898,85.22364701057013,0.123,212.7,1072.5,48.4,3398.9
CO,100,1.0,t100p100,2035,P_mix,Latin America,1.449,0.4342258514406024,123.4720821587001,72.24825495373902,4.346402195509878,200.06673930794898,85.22364701057013,0.123,212.7,1072.5,48.4,3398.9
CO,150,1.0,t150p100,2035,P_mix,Latin America,1.376,0.2518524560414324,114.18462627097897,60.36222491051147,4.12866662111555,178.67551780260598,82.96961470829068,0.175,170.5,793.4,58.0,3125.5
CO,200,1.0,t200p100,2035,P_mix,Latin America,1.375,0.24520054494057644,114.12145571107025,54.90310605329396,4.123729828703273,173.14829159306748,83.02298679951824,0.164,168.5,781.5,58.4,2207.3
CO,300,1.0,t300p100,2035,P_mix,Latin America,1.386,0.15495981626663097,111.39029191494602,67.66226890623454,4.156964455459638,183.2095252766402,80.38819656154341,0.35,108.1,471.2,101.2,5969.3
CO,500,1.0,t500p100,2035,P_mix,Latin America,1.386,0.15495981626663097,111.39029191494602,67.66226890623454,4.156964455459638,183.2095252766402,80.38819656154341,0.35,108.1,471.2,101.2,5969.3
CR,50,1.0,t50p100,2035,P_mix,North America,2.017,0.3914874125597653,281.24853435174936,110.66033354224761,6.050160929555029,397.959028823552,139.4583735671476,0.139,255.8,1162.0,43.2,9655.1
CR,100,1.0,t100p100,2035,P_mix,North America,1.934,0.24876398458509383,270.82106968126135,90.25922170948168,5.801754469292879,366.88204586003593,140.0375030249782,0.154,223.1,1043.2,52.3,6713.2
CR,150,1.0,t150p100,2035,P_mix,North America,1.918,0.22945608287831906,267.33259456484154,85.92831574838289,5.752847571143703,359.0137578843681,139.4088360201556,0.129,224.1,1029.3,36.5,6397.6
CR,200,1.0,t200p100,2035,P_mix,North America,1.915,0.21720997895859032,266.2099223122148,84.41613200832764,5.745115643508294,356.3711699640508,139.0102160674618,0.123,225.7,1016.5,36.9,6180.4
CR,300,1.0,t300p100,2035,P_mix,North America,1.668,0.1476462910217612,223.7743714113297,61.17719176354271,5.00409713824739,289.95566031311984,134.15469278222454,0.202,162.9,717.3,47.9,4080.5
CR,500,1.0,t500p100,2035,P_mix,North America,1.668,0.1476462910217612,223.7743714113297,61.17719176354271,5.00409713824739,289.95566031311984,134.15469278222454,0.202,162.9,717.3,47.9,4080.5
CU,50,1.0,t50p100,2035,P_mix,North America,2.892,0.287129893107005,135.37613982211067,78.59046510550709,8.67727580065138,222.64388072826915,46.80367765144036,0.293,147.3,720.8,49.9,7325.4
CU,100,1.0,t100p100,2035,P_mix,North America,2.658,0.17649463625537642,124.26621844403317,66.91384332476721,7.974324700957132,199.15438646975753,46.74987153299049,0.27,121.7,679.7,45.7,5756.5
CU,150,1.0,t150p100,2035,P_mix,North America,2.626,0.17622729957608338,122.7560141259274,65.60739101139953,7.878676975453019,196.24208211277997,46.74237102563862,0.277,118.4,667.5,46.2,5609.5
CU,200,1.0,t200p100,2035,P_mix,North America,2.617,0.1689857145165471,122.39449529374807,65.56139019444885,7.851172439319182,195.8070579275161,46.76798130714397,0.305,112.2,622.2,53.1,5773.2
CU,300,1.0,t300p100,2035,P_mix,North America,2.424,0.1290063329595506,113.97806749167576,42.924903846344684,7.272669570494793,164.17564090851525,47.016325870523936,0.283,107.9,529.0,44.5,2475.3
CU,500,1.0,t500p100,2035,P_mix,North America,2.424,0.1290063329595506,113.97806749167576,42.924903846344684,7.272669570494793,164.17564090851525,47.016325870523936,0.283,107.9,529.0,44.5,2475.3
CV,50,1.0,t50p100,2035,P_mix,Africa/MENA,2.595,0.309252116577345,107.94565155155459,68.43393313202485,7.783645516080714,184.16323019966015,41.60479225134669,0.318,139.0,679.1,67.6,5355.3
CV,100,1.0,t100p100,2035,P_mix,Africa/MENA,2.595,0.309252116577345,107.94565155155459,68.43393313202485,7.783645516080714,184.16323019966015,41.60479225134669,0.318,139.0,679.1,67.6,5355.3
CV,150,1.0,t150p100,2035,P_mix,Africa/MENA,2.216,0.17246963590360223,92.49938143003106,56.35381896988287,6.648911139426677,155.50211153934063,41.735878021378056,0.339,102.7,538.3,59.1,4554.4
CV,200,1.0,t200p100,2035,P_mix,Africa/MENA,2.102,0.14594579469560506,88.12799621640146,59.69540154310445,6.30719697930683,154.1305947388127,41.917826495132076,0.398,86.5,444.0,66.1,5732.3
CV,300,1.0,t300p100,2035,P_mix,Africa/MENA,2.123,0.14639929148977027,89.00751422605894,60.40413935789297,6.367867344321999,155.77952092827394,41.93280548098599,0.381,89.8,462.5,65.5,5730.6
CV,500,1.0,t500p100,2035,P_mix,Africa/MENA,2.123,0.14639929148977027,89.00751422605894,60.40413935789297,6.367867344321999,155.77952092827394,41.93280548098599,0.381,89.8,462.5,65.5,5730.6
CZ,50,1.0,t50p100,2035,P_mix,Europe,2.573,0.34069970214130846,216.57843365469273,96.95194689032392,7.7179186803983315,321.248299225415,84.18530019165031,0.626,57.8,291.9,125.1,12304.0
CZ,100,1.0,t100p100,2035,P_mix,Europe,2.236,0.20628676947326657,188.2090031609372,99.85119187431069,6.707317744597404,294.7675127798453,84.18074571427707,0.623,59.2,237.7,127.9,13107.4
CZ,150,1.0,t150p100,2035,P_mix,Europe,2.236,0.20628676947326657,188.2090031609372,99.85119187431069,6.707317744597404,294.7675127798453,84.18074571427707,0.623,59.2,237.7,127.9,13107.4
CZ,200,1.0,t200p100,2035,P_mix,Europe,2.419,0.1464800719917554,203.11140747589823,71.66789301315052,7.25760630572116,282.0369067947699,83.95801546129037,0.542,57.9,311.7,97.1,8237.9
CZ,300,1.0,t300p100,2035,P_mix,Europe,2.37,0.14290715791210912,198.91833078257565,67.78718690773715,7.109362357883534,273.81488004819636,83.93931302235416,0.569,54.0,252.6,89.2,8138.6
CZ,500,1.0,t500p100,2035,P_mix,Europe,2.37,0.14290715791210912,198.91833078257565,67.78718690773715,7.109362357883534,273.81488004819636,83.93931302235416,0.569,54.0,252.6,89.2,8138.6
DE,50,1.0,t50p100,2035,P_mix,Europe,1.415,0.24734167547363572,56.40471531110698,63.95196516069415,4.245930830430267,124.60261130223141,39.853250721979684,0.939,13.1,28.3,143.8,7848.9
DE,100,1.0,t100p100,2035,P_mix,Europe,1.378,0.15175685477702902,54.48749993874868,56.32940847861641,4.134826460938177,114.95173487830326,39.53309802974342,0.906,17.6,39.0,138.3,6481.6
DE,150,1.0,t150p100,2035,P_mix,Europe,1.38,0.1114314356345592,56.25102427996232,57.24696711091709,4.1389240713986295,117.63691546227804,40.772207928632476,0.986,2.3,4.9,137.6,7010.6
DE,200,1.0,t200p100,2035,P_mix,Europe,1.363,0.11163465761066195,55.73992907674468,56.451591330352215,4.0876454494948895,116.27916585659177,40.90858399935282,0.993,1.4,2.5,134.7,6959.7
DE,300,1.0,t300p100,2035,P_mix,Europe,1.355,0.10875989302138547,55.600550235869456,52.489358698194636,4.06449527734285,112.15440421140694,41.038711900448895,0.967,5.6,12.2,126.4,6343.3
DE,500,1.0,t500p100,2035,P_mix,Europe,1.355,0.10875989302138547,55.600550235869456,52.489358698194636,4.06449527734285,112.15440421140694,41.038711900448895,0.967,5.6,12.2,126.4,6343.3
DK,50,1.0,t50p100,2035,P_mix,Europe,1.459,0.26352648189471484,62.440419658967606,68.91698778778132,4.376049436626013,135.7334568833749,42.80601983357164,0.956,8.7,21.4,151.4,8648.9
DK,100,1.0,t100p100,2035,P_mix,Europe,1.403,0.16188694301420414,59.68922578191197,60.56495378054834,4.208864653351288,124.4630442158116,42.5453636773885,0.897,17.3,44.3,145.4,7050.9
DK,150,1.0,t150p100,2035,P_mix,Europe,1.438,0.12327932008698672,62.596078191633765,59.486244288113085,4.313709123190437,126.39603160293728,43.53289227717158,0.966,5.7,12.2,139.9,7289.1
DK,200,1.0,t200p100,2035,P_mix,Europe,1.405,0.12256284580073917,61.36393044072985,59.43560890503301,4.214213140365649,125.01375248612851,43.68355021222704,0.973,4.3,9.3,133.7,7464.0
DK,300,1.0,t300p100,2035,P_mix,Europe,1.399,0.11952929233246788,61.32437983178025,53.33620459990503,4.197284463098257,118.85786889478354,43.831467967634445,0.985,1.9,5.2,130.1,6482.5
DK,500,1.0,t500p100,2035,P_mix,Europe,1.399,0.11952929233246788,61.32437983178025,53.33620459990503,4.197284463098257,118.85786889478354,43.831467967634445,0.985,1.9,5.2,130.1,6482.5
DO,50,1.0,t50p100,2035,P_mix,North America,2.469,0.36685985237552204,153.14350643859737,82.35907636915842,7.407234077072326,242.9098168848281,62.02457145749854,0.384,139.9,648.5,118.9,6817.9
DO,100,1.0,t100p100,2035,P_mix,North America,2.382,0.21370225947776086,148.00751590851687,61.16625034661254,7.147068333627822,216.32083458875726,62.12652894843184,0.179,170.3,901.5,62.7,2455.4
DO,150,1.0,t150p100,2035,P_mix,North America,2.306,0.207953427360827,142.86461313276212,69.98430167969033,6.917993224861616,219.76690803731407,61.95349221476847,0.349,111.4,615.2,124.7,4846.9
DO,200,1.0,t200p100,2035,P_mix,North America,2.311,0.20781202260290588,143.21061567708966,67.06883319244875,6.934352624773242,217.21380149431167,61.95702328381622,0.365,111.7,577.5,124.2,4566.5
DO,300,1.0,t300p100,2035,P_mix,North America,1.687,0.14049403059182466,103.1682727225749,66.31347175081301,5.061601851987742,174.54334632537564,61.14760252155714,0.431,83.0,405.4,92.5,6564.6
DO,500,1.0,t500p100,2035,P_mix,North America,1.687,0.14049403059182466,103.1682727225749,66.31347175081301,5.061601851987742,174.54334632537564,61.14760252155714,0.431,83.0,405.4,92.5,6564.6
DZ,50,1.0,t50p100,2035,P_mix,Africa/MENA,1.87,0.36230396921729024,98.43171234104493,67.76032594584512,5.610972145434158,171.8030104323242,52.62815950056426,0.555,85.9,401.1,115.7,6253.9
DZ,100,1.0,t100p100,2035,P_mix,Africa/MENA,1.821,0.2494677475905072,95.81699146312847,56.19702563831168,5.461698994535874,157.47571609597603,52.6303215678787,0.483,102.7,419.7,106.0,4123.4
DZ,150,1.0,t150p100,2035,P_mix,Africa/MENA,1.758,0.24676366695525287,92.53529893328607,63.305213058939586,5.274017361907847,161.11452935413348,52.636515534608186,0.514,98.3,385.5,108.1,5631.4
DZ,200,1.0,t200p100,2035,P_mix,Africa/MENA,1.727,0.15324875939595503,90.99584738502163,48.60132520049838,5.1823412868379535,144.77951387235797,52.6764886844471,0.527,72.3,292.9,93.0,4116.4
DZ,300,1.0,t300p100,2035,P_mix,Africa/MENA,1.727,0.15324875939595503,90.99584738502163,48.60132520049838,5.1823412868379535,144.77951387235797,52.6764886844471,0.527,72.3,292.9,93.0,4116.4
DZ,500,1.0,t500p100,2035,P_mix,Africa/MENA,1.727,0.15324875939595503,90.99584738502163,48.60132520049838,5.1823412868379535,144.77951387235797,52.6764886844471,0.527,72.3,292.9,93.0,4116.4
EC,50,1.0,t50p100,2035,P_mix,Latin America,1.29,0.50732190586709,188.0559253662999,106.34417361703505,3.8698071010725603,298.2699060844075,145.7870538153012,0.132,259.1,1212.9,57.3,8153.6
EC,100,1.0,t100p100,2035,P_mix,Latin America,1.286,0.3521394341702152,169.91004260722244,110.08860546132516,3.8577217600763323,283.85636982862394,132.1324241413361,0.322,206.9,819.6,117.7,10296.2
EC,150,1.0,t150p100,2035,P_mix,Latin America,1.292,0.28168767982244064,157.5826881590484,93.55540192678659,3.876037396300629,255.01412748213562,121.96684813421716,0.183,213.1,911.8,63.8,7962.5
EC,200,1.0,t200p100,2035,P_mix,Latin America,1.313,0.27295867440617083,158.22474186924313,80.76451192255351,3.9391176019529603,242.92837139374961,120.50267942556283,0.241,180.3,776.6,83.8,6254.1
EC,300,1.0,t300p100,2035,P_mix,Latin America,1.578,0.1442327052624635,149.89771298492147,74.91589260392257,4.733558085906014,229.54716367475004,95.00108180645513,0.217,159.9,711.0,73.3,6030.7
EC,500,1.0,t500p100,2035,P_mix,Latin America,1.578,0.1442327052624635,149.89771298492147,74.91589260392257,4.733558085906014,229.54716367475004,95.00108180645513,0.217,159.9,711.0,73.3,6030.7
EE,50,1.0,t50p100,2035,P_mix,Europe,2.273,0.3051234895794189,120.81285919310484,59.41604880911258,6.819585823575559,187.048493825793,53.146714031569076,0.886,18.2,75.2,151.5,6479.7
EE,100,1.0,t100p100,2035,P_mix,Europe,1.753,0.17292629391682776,92.20910494693838,59.297731097329844,5.259136427381807,156.76597247165006,52.599379890688425,0.844,27.5,86.0,142.7,6532.8
EE,150,1.0,t150p100,2035,P_mix,Europe,2.033,0.14847154235128654,108.51504184248756,50.49068019862236,6.098040194969957,165.10376223607986,53.385204937807856,0.853,18.5,79.1,134.4,5242.7
EE,200,1.0,t200p100,2035,P_mix,Europe,2.069,0.1472557952114585,110.54841030577319,50.661453380636026,6.207245987496396,167.41710967390563,53.4287237182753,0.933,7.2,33.5,134.9,5646.7
EE,300,1.0,t300p100,2035,P_mix,Europe,2.087,0.1461106537263627,111.75547468969084,50.323288534667334,6.261391711224491,168.34015493558266,53.54503272300552,0.956,4.8,20.9,132.8,5735.8
EE,500,1.0,t500p100,2035,P_mix,Europe,2.087,0.1461106537263627,111.75547468969084,50.323288534667334,6.261391711224491,168.34015493558266,53.54503272300552,0.956,4.8,20.9,132.8,5735.8
EG,50,1.0,t50p100,2035,P_mix,Africa/MENA,2.006,0.2813263178466749,61.5436195572185,74.96998090274737,6.018859731214953,142.53246019118083,30.675388182602962,0.809,36.0,120.8,137.1,9254.3
EG,100,1.0,t100p100,2035,P_mix,Africa/MENA,1.844,0.1875463055164181,55.76248546535669,65.59036630444595,5.531071779072203,126.88392354887482,30.245034430584052,0.782,35.8,135.9,138.8,7395.8
EG,150,1.0,t150p100,2035,P_mix,Africa/MENA,1.626,0.16373127533534718,49.248703781651294,63.17852410325264,4.876559209313853,117.3037870942178,30.297204443405626,0.839,31.8,83.3,142.1,7244.0
EG,200,1.0,t200p100,2035,P_mix,Africa/MENA,1.855,0.14357739716419038,57.22460945494398,60.27138123718135,5.564111916329069,123.06010260845439,30.853769828212673,0.845,22.0,80.2,124.7,7243.8
EG,300,1.0,t300p100,2035,P_mix,Africa/MENA,1.683,0.13802631545581448,52.21341950450561,62.194968184451014,5.050177955149884,119.4585656441065,31.01677998372007,0.848,23.4,71.1,116.4,7850.5
EG,500,1.0,t500p100,2035,P_mix,Africa/MENA,1.683,0.13802631545581448,52.21341950450561,62.194968184451014,5.050177955149884,119.4585656441065,31.01677998372007,0.848,23.4,71.1,116.4,7850.5
ES,50,1.0,t50p100,2035,P_mix,Europe,1.902,0.27155341089236723,110.31145229439952,54.2606615832316,5.706754916250955,170.27886879388205,57.98993679241518,0.409,80.2,364.0,81.4,4921.2
ES,100,1.0,t100p100,2035,P_mix,Europe,1.756,0.18195251270237864,101.85635871837854,53.70847586950925,5.269158032250513,160.8339926201383,57.992012060534634,0.372,78.1,352.9,86.2,4789.7
ES,150,1.0,t150p100,2035,P_mix,Europe,1.694,0.13230159240506334,98.26232983992955,49.832300509972754,5.082302491901075,153.1769328418034,58.002645452439516,0.438,59.2,273.9,79.0,4919.8
ES,200,1.0,t200p100,2035,P_mix,Europe,1.712,0.1207724998908534,99.32720815791285,42.976273763337005,5.137031910852122,147.44051383210197,58.00657454438688,0.449,57.8,245.8,74.5,3967.3
ES,300,1.0,t300p100,2035,P_mix,Europe,1.712,0.12077249989085338,99.32720815791285,42.976273763337005,5.137031910852122,147.44051383210197,58.00657454438688,0.449,57.8,245.8,74.5,3967.3
ES,500,1.0,t500p100,2035,P_mix,Europe,1.712,0.1207724998908534,99.32720815791285,42.976273763337005,5.137031910852122,147.44051383210197,58.00657454438688,0.449,57.8,245.8,74.5,3967.3
ET,50,1.0,t50p100,2035,P_mix,Africa/MENA,2.257,0.2800884723302535,105.24242134906524,52.61061593775868,6.772347840602854,164.62538512742677,46.62006020338906,0.338,119.8,564.4,75.1,3161.9
ET,100,1.0,t100p100,2035,P_mix,Africa/MENA,2.034,0.18375494217939797,94.93077414085163,57.3230073994012,6.1009317220801345,158.35471326233298,46.680135985107384,0.423,95.7,430.3,87.6,4774.6
ET,150,1.0,t150p100,2035,P_mix,Africa/MENA,2.161,0.15777438689404658,100.76675121540755,47.96432276134746,6.482070184281203,155.21314416103624,46.63637465377828,0.244,124.3,642.5,57.2,2216.2
ET,200,1.0,t200p100,2035,P_mix,Africa/MENA,1.698,0.13572772612603728,79.13097770486166,58.864153002954694,5.09495037067792,143.09008107849428,46.59376752339181,0.609,63.1,198.0,98.1,6561.9
ET,300,1.0,t300p100,2035,P_mix,Africa/MENA,1.82,0.13295094588250062,84.76459132838615,52.74662154776605,5.460148243481885,142.97136111963408,46.572686792657244,0.452,73.1,321.6,85.6,4871.2
ET,500,1.0,t500p100,2035,P_mix,Africa/MENA,1.82,0.13295094588250062,84.76459132838615,52.74662154776605,5.460148243481885,142.97136111963408,46.572686792657244,0.452,73.1,321.6,85.6,4871.2
FI,50,1.0,t50p100,2035,P_mix,Europe,3.448,0.32483076020428814,186.63688297339627,143.4917811521474,10.345303444433398,340.47396756997705,54.12220646089126,1.0,-0.0,-0.0,393.4,16485.0
FI,100,1.0,t100p100,2035,P_mix,Europe,3.004,0.19986497452233298,161.64862622469423,114.81803473342931,9.011099149209596,285.4777601073331,53.81650680390347,0.974,4.1,17.7,328.3,12704.9
FI,150,1.0,t150p100,2035,P_mix,Europe,2.839,0.16256373007624558,153.98286625201004,113.54149508979923,8.516266541751579,276.04062788356083,54.24308838753458,1.0,-0.0,-0.0,295.1,13449.6
FI,200,1.0,t200p100,2035,P_mix,Europe,2.945,0.1625398360413905,160.20523754059363,116.3332976111558,8.836286559245842,285.37482171099526,54.39114150489984,1.0,-0.0,-0.0,310.1,13587.2
FI,300,1.0,t300p100,2035,P_mix,Europe,2.914,0.16056668358670614,158.8135844494708,105.73269872285161,8.742213908702633,273.288497081025,54.498867028880746,1.0,-0.0,-0.0,304.3,11785.9
FI,500,1.0,t500p100,2035,P_mix,Europe,2.914,0.16056668358670614,158.8135844494708,105.73269872285161,8.742213908702633,273.288497081025,54.498867028880746,1.0,-0.0,-0.0,304.3,11785.9
FJ,50,1.0,t50p100,2035,P_mix,Asia-Pacific,1.896,0.3511423211059096,151.82106152326028,69.64273094209194,5.688710632241036,227.15250309759324,80.06439666458373,0.516,115.8,473.4,148.1,5082.8
FJ,100,1.0,t100p100,2035,P_mix,Asia-Pacific,1.791,0.2388480977636871,143.29511496971708,67.8902526652807,5.372546824993894,216.55791445999168,80.01518812442183,0.161,185.3,938.2,38.0,3949.7
FJ,150,1.0,t150p100,2035,P_mix,Asia-Pacific,1.791,0.2174851547219561,142.80193263670733,61.86708457085805,5.371890539037766,210.04090774660318,79.74953971918795,0.203,174.1,828.7,56.2,3187.6
FJ,200,1.0,t200p100,2035,P_mix,Asia-Pacific,1.632,0.16167724105147274,128.6767371736634,53.70445654848204,4.896814481131835,187.27800820327727,78.83292556996456,0.472,93.5,380.1,100.9,4123.4
FJ,300,1.0,t300p100,2035,P_mix,Asia-Pacific,1.595,0.14475286365881956,124.7724083955133,55.433114756157195,4.786002552256741,184.9915257039272,78.21082857760672,0.547,79.6,304.2,110.5,4801.7
FJ,500,1.0,t500p100,2035,P_mix,Asia-Pacific,1.595,0.14475286365881956,124.7724083955133,55.433114756157195,4.786002552256741,184.9915257039272,78.21082857760672,0.547,79.6,304.2,110.5,4801.7
FR,50,1.0,t50p100,2035,P_mix,Europe,1.592,0.2591718990860129,83.3811592103619,60.62461389209858,4.7765558137951745,148.78232891625564,52.36900548898576,0.809,26.6,96.1,128.9,7064.7
FR,100,1.0,t100p100,2035,P_mix,Europe,1.574,0.17696429940839198,82.31711417553642,54.857232683059685,4.721380635200654,141.89572749379678,52.30490011447991,0.699,39.1,148.9,121.1,5760.0
FR,150,1.0,t150p100,2035,P_mix,Europe,1.605,0.12090340912277654,84.64469594011344,45.23460161110045,4.815617499118227,134.6949150503321,52.73136578368983,0.814,16.7,71.8,121.7,4657.5
FR,200,1.0,t200p100,2035,P_mix,Europe,1.555,0.1160118700357079,82.22742348947813,46.65560083344356,4.664667199118192,133.54769152203988,52.88314470002658,0.74,29.5,97.5,103.7,5099.1
FR,300,1.0,t300p100,2035,P_mix,Europe,1.559,0.11592618471695643,82.46068789250933,45.42726707793524,4.677917415466153,132.56587238591072,52.882948052830706,0.746,26.4,96.1,103.2,4919.5
FR,500,1.0,t500p100,2035,P_mix,Europe,1.559,0.11592618471695643,82.46068789250933,45.42726707793524,4.677917415466153,132.56587238591072,52.882948052830706,0.746,26.4,96.1,103.2,4919.5
GB,50,1.0,t50p100,2035,P_mix,Europe,1.463,0.2560338533204903,67.95402659877765,101.29713946610968,4.389104319419111,173.64027038430643,46.44730791527724,0.965,5.7,17.7,146.1,14768.6
GB,100,1.0,t100p100,2035,P_mix,Europe,1.328,0.1727408894235474,61.435479433408645,98.28427133532975,3.98471970398475,163.7044704727231,46.25330060629309,0.934,10.4,31.0,142.8,14174.1
GB,150,1.0,t150p100,2035,P_mix,Europe,1.421,0.1233192599431189,66.68584846998448,86.99677764271534,4.26160086732565,157.9442269800255,46.944223928577024,0.958,6.1,15.2,125.9,12661.7
GB,200,1.0,t200p100,2035,P_mix,Europe,1.392,0.11623703263841018,65.88367490617169,84.60942745598264,4.1771282288720455,154.67023059102638,47.31744248413627,0.954,7.0,16.1,119.7,12366.0
GB,300,1.0,t300p100,2035,P_mix,Europe,1.378,0.11514841040663715,65.22602874528972,82.59078794525465,4.133185632835009,151.95000232337938,47.34316423664979,0.946,7.8,18.9,115.5,12076.6
GB,500,1.0,t500p100,2035,P_mix,Europe,1.378,0.11514841040663715,65.22602874528972,82.59078794525465,4.133185632835009,151.95000232337938,47.34316423664979,0.946,7.8,18.9,115.5,12076.6
GF,50,1.0,t50p100,2035,P_mix,Latin America,1.884,0.31598176845446774,223.6229862390663,116.83526366629982,5.651584594426409,346.10983449979256,118.70457700992604,0.426,94.2,440.4,94.9,15456.0
GF,100,1.0,t100p100,2035,P_mix,Latin America,1.755,0.19587094670703287,209.52011627401984,105.27804850911062,5.264402994496182,320.06256777762667,119.398220364058,0.379,97.9,461.6,103.4,12956.5
GF,150,1.0,t150p100,2035,P_mix,Latin America,1.67,0.16034165862558183,196.87406687610155,95.88352151495866,5.010284364283967,297.7678727553442,117.88197189736036,0.376,84.5,387.0,78.4,12448.8
GF,200,1.0,t200p100,2035,P_mix,Latin America,1.672,0.15934396791232674,197.41584053711253,94.93435055748006,5.017154020979637,297.3673451155722,118.04451669907056,0.386,85.2,374.0,82.6,12248.8
GF,300,1.0,t300p100,2035,P_mix,Latin America,1.76,0.14825536201589815,204.24018960333422,95.18058605290406,5.280089004333164,304.7008646605714,116.04360614132992,0.372,88.4,425.6,78.9,12024.2
GF,500,1.0,t500p100,2035,P_mix,Latin America,1.76,0.14825536201589815,204.24018960333422,95.18058605290406,5.280089004333164,304.7008646605714,116.04360614132992,0.372,88.4,425.6,78.9,12024.2
GH,50,1.0,t50p100,2035,P_mix,Africa/MENA,1.621,0.27421052723441,179.51174099945237,66.90203689516598,4.864010880261101,251.27778877487944,110.71834258920327,0.42,90.7,395.0,92.1,6687.7
GH,100,1.0,t100p100,2035,P_mix,Africa/MENA,1.621,0.27421052723441,179.51174099945237,66.90203689516598,4.864010880261101,251.27778877487944,110.71834258920327,0.42,90.7,395.0,92.1,6687.7
GH,150,1.0,t150p100,2035,P_mix,Africa/MENA,1.497,0.1657431094578277,164.05191610857614,60.90428210589385,4.491095729593733,229.44729394406372,109.58478241350076,0.434,85.1,321.5,86.5,6248.9
GH,200,1.0,t200p100,2035,P_mix,Africa/MENA,1.517,0.13944898605032888,164.41082463309476,50.80701999191689,4.552448116364288,219.77029274137593,108.3444470517539,0.411,78.9,310.5,76.4,4770.0
GH,300,1.0,t300p100,2035,P_mix,Africa/MENA,1.49,0.12657366501176068,160.4619657387702,52.748609330640626,4.469564856432937,217.68013992584378,107.703079086875,0.407,77.8,307.4,74.9,5193.1
GH,500,1.0,t500p100,2035,P_mix,Africa/MENA,1.49,0.12657366501176068,160.4619657387702,52.748609330640626,4.469564856432937,217.68013992584378,107.703079086875,0.407,77.8,307.4,74.9,5193.1
GR,50,1.0,t50p100,2035,P_mix,Europe,2.382,0.4082723349587389,175.7629516621298,104.53993595981996,7.146431743167966,287.44931936511773,73.78351517741447,0.187,200.3,965.5,59.7,9833.0
GR,100,1.0,t100p100,2035,P_mix,Europe,2.277,0.25137665474321497,167.1706227778264,97.56166777965213,6.831183569449928,271.56347412692844,73.41507708507729,0.182,169.0,859.8,57.7,9537.7
GR,150,1.0,t150p100,2035,P_mix,Europe,2.275,0.2513272232728541,167.02239027299842,97.6801288179406,6.825045645743773,271.5275647366828,73.41594427745267,0.184,168.5,857.4,57.8,9574.3
GR,200,1.0,t200p100,2035,P_mix,Europe,2.394,0.15653288631719406,173.99394951797316,67.39173125033156,7.180921514260503,248.56660228256527,72.69009242300213,0.133,197.5,881.9,39.3,4093.4
GR,300,1.0,t300p100,2035,P_mix,Europe,2.171,0.1463823694741076,157.62099442257662,61.82329279584359,6.511958234196593,225.9562454526168,72.6145602077974,0.173,151.8,699.6,51.8,4305.3
GR,500,1.0,t500p100,2035,P_mix,Europe,2.171,0.1463823694741076,157.62099442257662,61.82329279584359,6.511958234196593,225.9562454526168,72.6145602077974,0.173,151.8,699.6,51.8,4305.3
GT,50,1.0,t50p100,2035,P_mix,North America,1.711,0.42184946356232045,121.06479734946512,72.15922816393278,5.131914448400552,198.3559399617985,70.77171603310559,0.097,256.4,1174.1,55.0,2214.5
GT,100,1.0,t100p100,2035,P_mix,North America,1.591,0.26297025964538173,112.05550127217114,67.55549347116086,4.7723602421964575,184.38335498552848,70.44030348844632,0.089,238.5,1029.7,42.6,2757.7
GT,150,1.0,t150p100,2035,P_mix,North America,1.591,0.26297025964538173,112.05550127217114,67.55549347116086,4.7723602421964575,184.38335498552848,70.44030348844632,0.089,238.5,1029.7,42.6,2757.7
GT,200,1.0,t200p100,2035,P_mix,North America,1.546,0.2541391899401069,108.65898500127881,59.93328709981701,4.639235935631337,173.23150803672715,70.26522460308446,0.129,199.6,867.3,56.6,2371.1
GT,300,1.0,t300p100,2035,P_mix,North America,1.479,0.1576140790478505,102.42958437974809,60.980192131377635,4.438281035342503,167.84805754646823,69.23598363696922,0.22,139.1,628.8,56.0,4605.5
GT,500,1.0,t500p100,2035,P_mix,North America,1.479,0.15761407904785044,102.42958437974809,60.980192131377635,4.438281035342503,167.84805754646823,69.23598363696922,0.22,139.1,628.8,56.0,4605.5
HN,50,1.0,t50p100,2035,P_mix,North America,2.339,0.3796972314888411,116.31915346454294,78.79451265633374,7.018418550715885,202.13208467159257,49.72024080240041,0.086,251.8,1225.8,37.7,3565.4
HN,100,1.0,t100p100,2035,P_mix,North America,2.23,0.23840845046524747,110.93607218409349,65.73880265745754,6.691026579753483,183.3659014213045,49.73948505291116,0.139,200.0,956.9,54.8,2898.1
HN,150,1.0,t150p100,2035,P_mix,North America,2.23,0.23840845046524747,110.93607218409349,65.73880265745754,6.691026579753483,183.3659014213045,49.73948505291116,0.139,200.0,956.9,54.8,2898.1
HN,200,1.0,t200p100,2035,P_mix,North America,2.131,0.23382886331397312,105.99005918371093,66.54423849186169,6.392169409036807,178.9264670846094,49.74370314741779,0.138,187.2,887.1,51.9,3672.3
HN,300,1.0,t300p100,2035,P_mix,North America,1.763,0.15373810274003533,87.8759405891486,48.6424124525149,5.290150742990015,141.80850378465354,49.833706934869255,0.334,114.7,494.2,67.1,3132.1
HN,500,1.0,t500p100,2035,P_mix,North America,1.763,0.15373810274003538,87.8759405891486,48.6424124525149,5.290150742990014,141.80850378465354,49.833706934869255,0.334,114.7,494.2,67.1,3132.1
HU,50,1.0,t50p100,2035,P_mix,Europe,2.374,0.3658816522178738,180.05499273531782,244.84789271995814,7.122258988035123,432.0251444433111,75.84180512298026,0.891,21.7,70.9,160.9,40258.4
HU,100,1.0,t100p100,2035,P_mix,Europe,2.067,0.22063037910607444,156.70005117232893,226.89088294377848,6.1999482041214415,389.79088232022883,75.82323884649337,0.831,31.4,109.4,166.0,36510.8
HU,150,1.0,t150p100,2035,P_mix,Europe,2.067,0.22063037910607444,156.70005117232893,226.89088294377848,6.1999482041214415,389.79088232022883,75.82323884649337,0.831,31.4,109.4,166.0,36510.8
HU,200,1.0,t200p100,2035,P_mix,Europe,2.256,0.16631523859301192,170.66900191296716,195.88567545681644,6.766520034567095,373.32119740435076,75.66769966294196,0.815,28.9,103.8,138.3,31570.9
HU,300,1.0,t300p100,2035,P_mix,Europe,2.181,0.15319536991606234,164.9591494998749,170.47594154331557,6.544014912424374,341.9791059556149,75.62290965444751,0.815,26.7,95.4,123.7,27345.9
HU,500,1.0,t500p100,2035,P_mix,Europe,2.181,0.15319536991606234,164.9591494998749,170.47594154331557,6.544014912424374,341.9791059556149,75.62290965444751,0.815,26.7,95.4,123.7,27345.9
ID,50,1.0,t50p100,2035,P_mix,Asia-Pacific,1.499,0.4105101677722821,151.08106840747587,70.62420361168141,4.496086603258105,226.20135862241537,100.80837964597549,0.135,207.5,1132.3,45.7,2823.0
ID,100,1.0,t100p100,2035,P_mix,Asia-Pacific,1.543,0.28047867470283566,153.21255233698474,64.16331315072667,4.629781584149647,222.00564707186106,99.27847537874203,0.096,220.5,1089.1,29.3,2225.5
ID,150,1.0,t150p100,2035,P_mix,Asia-Pacific,1.555,0.24144944367490734,153.0136095714638,64.72583851367818,4.66507589517592,222.40452398031795,98.39943422765704,0.143,199.0,981.4,46.7,2761.0
ID,200,1.0,t200p100,2035,P_mix,Asia-Pacific,1.634,0.16757509553407707,157.1034929884674,62.373056481606156,4.902222153331568,224.37877162340507,96.14221147548314,0.159,190.1,925.0,51.8,2640.5
ID,300,1.0,t300p100,2035,P_mix,Asia-Pacific,1.454,0.1449116482262179,138.4931188985702,51.5591889249721,4.36143519671327,194.41374302025557,95.2620726793811,0.205,144.8,662.4,53.3,2680.3
ID,500,1.0,t500p100,2035,P_mix,Asia-Pacific,1.454,0.1449116482262179,138.4931188985702,51.5591889249721,4.36143519671327,194.41374302025557,95.2620726793811,0.205,144.8,662.4,53.3,2680.3
IE,50,1.0,t50p100,2035,P_mix,Europe,2.201,0.2970470211280533,91.09599385793231,111.89416207799101,6.602929215569563,209.59308515149286,41.38890069113387,0.892,18.6,71.5,166.0,15764.1
IE,100,1.0,t100p100,2035,P_mix,Europe,1.945,0.1953648476316962,78.41229156982449,116.54151403675371,5.835477993824225,200.7892836004024,40.311500610305906,0.876,21.9,74.6,165.7,16575.5
IE,150,1.0,t150p100,2035,P_mix,Europe,2.087,0.15344911291117366,85.81351737930346,99.35987859090413,6.261951951004638,191.43534792121224,41.11186961385197,0.903,14.5,50.6,151.7,13989.1
IE,200,1.0,t200p100,2035,P_mix,Europe,2.19,0.1417288672105736,91.28136905767508,88.93921974806538,6.570247186242538,186.790835991983,41.67942231251611,0.875,19.2,61.0,139.0,12290.5
IE,300,1.0,t300p100,2035,P_mix,Europe,2.103,0.1388792618837609,87.28630625173521,88.5594804759538,6.3095251884059715,182.155311916095,41.50215918566759,0.844,22.1,80.2,128.6,12332.8
IE,500,1.0,t500p100,2035,P_mix,Europe,2.098,0.1390563404273382,87.08599277832367,88.63816728241616,6.294217811088385,182.0183778718282,41.50761638320123,0.843,22.5,80.7,128.6,12340.8
IL,50,1.0,t50p100,2035,P_mix,Asia-Pacific,2.324,0.4400141256051262,279.91517717679,83.46723925348674,6.971875736486076,370.3542921667628,120.44757584185098,0.128,241.5,1187.3,54.5,4332.3
IL,100,1.0,t100p100,2035,P_mix,Asia-Pacific,2.217,0.28009653677286456,258.0860257396796,74.39435835534432,6.649513094242108,339.12989718926605,116.43831153434012,0.13,203.5,1044.0,44.0,4162.3
IL,150,1.0,t150p100,2035,P_mix,Asia-Pacific,2.059,0.2461887457924581,238.88265158745602,82.7317051790094,6.177675837449733,327.7920326039152,116.00607957089123,0.15,185.8,920.3,55.5,6346.6
IL,200,1.0,t200p100,2035,P_mix,Asia-Pacific,2.211,0.15902902814660066,243.3777710882882,59.992456853016805,6.633451360350466,310.00367930165544,110.0683902845844,0.134,201.4,943.7,42.9,2213.6
IL,300,1.0,t300p100,2035,P_mix,Asia-Pacific,1.945,0.13205720974974494,213.33973454338013,62.117487800875466,5.836153756524098,281.2933761007797,109.66455483025551,0.174,165.1,756.4,50.6,3913.6
IL,500,1.0,t500p100,2035,P_mix,Asia-Pacific,1.945,0.13205720974974494,213.33973454338013,62.117487800875466,5.836153756524098,281.2933761007797,109.66455483025551,0.174,165.1,756.4,50.6,3913.6
IN,50,1.0,t50p100,2035,P_mix,Asia-Pacific,1.841,0.2657665783264423,100.74558932697998,66.50760828251111,5.522813463218683,172.77601107270974,54.725145072127305,0.427,70.3,363.7,83.2,7202.0
IN,100,1.0,t100p100,2035,P_mix,Asia-Pacific,1.755,0.17282849222092297,96.03854035393407,62.970655166112515,5.264382524884943,164.27357804493153,54.72923361854286,0.366,75.7,383.2,74.9,6590.8
IN,150,1.0,t150p100,2035,P_mix,Asia-Pacific,1.816,0.1513876231383339,99.39817190890844,58.652118049148854,5.447760194131233,163.49805015218854,54.737085536174085,0.358,68.2,403.0,72.0,5803.9
IN,200,1.0,t200p100,2035,P_mix,Asia-Pacific,1.609,0.130850870600864,88.08728972760079,56.389251292893604,4.8275103634935,149.3040513839879,54.7408186176457,0.417,53.6,306.9,77.2,5998.2
IN,300,1.0,t300p100,2035,P_mix,Asia-Pacific,1.588,0.12129401486365299,86.91518308525127,51.92049853127067,4.762525289908967,143.5982069064309,54.749430897140314,0.386,57.9,289.5,64.2,5581.7
IN,500,1.0,t500p100,2035,P_mix,Asia-Pacific,1.588,0.12129401486365299,86.91518308525127,51.92049853127067,4.762525289908967,143.5982069064309,54.749430897140314,0.386,57.9,289.5,64.2,5581.7
IR,50,1.0,t50p100,2035,P_mix,Asia-Pacific,4.062,0.3827420606249863,216.90514474976567,95.08772997096592,12.185229778927742,324.1781044996593,53.401983061049506,0.13,296.5,1586.1,73.3,2971.1
IR,100,1.0,t100p100,2035,P_mix,Asia-Pacific,3.918,0.25256687303548764,209.2126274261677,87.19485284971854,11.75398963395516,308.1614699098414,53.39785909504027,0.158,259.9,1477.7,75.0,2472.0
IR,150,1.0,t150p100,2035,P_mix,Asia-Pacific,3.669,0.21894915816554902,195.9440872782929,88.45286648326811,11.008118649569498,295.40507241113056,53.399884262499846,0.186,229.0,1304.9,76.4,4035.8
IR,200,1.0,t200p100,2035,P_mix,Asia-Pacific,3.704,0.19746060707111635,197.79594695500495,91.86387276808317,11.11137120071912,300.77119092380724,53.403655601624585,0.192,226.8,1314.5,92.0,4226.8
IR,300,1.0,t300p100,2035,P_mix,Asia-Pacific,3.295,0.16729598364823486,175.9884804899836,91.82405269635827,9.885898102314922,277.69843128865676,53.40591578081502,0.213,197.1,1038.4,65.6,6904.5
IR,500,1.0,t500p100,2035,P_mix,Asia-Pacific,3.295,0.16729598364823486,175.9884804899836,91.82405269635827,9.885898102314922,277.69843128865676,53.40591578081502,0.213,197.1,1038.4,65.6,6904.5
IT,50,1.0,t50p100,2035,P_mix,Europe,2.953,0.43468617083996414,240.22690164372145,108.26887297916042,8.859038799422548,357.35481342230446,81.34976279572699,0.115,295.1,1311.5,51.4,7729.6
IT,100,1.0,t100p100,2035,P_mix,Europe,2.717,0.27571868038315195,220.1735629816606,86.59528322798964,8.15024223083089,314.9190884404811,81.0430745783669,0.122,248.7,1106.8,47.5,5547.1
IT,150,1.0,t150p100,2035,P_mix,Europe,2.665,0.27317391487894366,216.08538638112438,90.7794729859219,7.994656013856064,314.85951538090234,81.08618532427653,0.13,242.2,1072.5,45.7,6633.7
IT,200,1.0,t200p100,2035,P_mix,Europe,2.508,0.15973520376592565,200.92427215326313,93.89668603013014,7.524102431468098,302.3450606148614,80.11225550821986,0.193,198.6,854.6,53.4,8772.2
IT,300,1.0,t300p100,2035,P_mix,Europe,2.322,0.1522989560051389,185.82377197630296,77.81786522748689,6.967108462142206,270.608745665932,80.01473193048325,0.184,186.0,747.9,46.7,6781.7
IT,500,1.0,t500p100,2035,P_mix,Europe,2.322,0.15229895600513885,185.823771976303,77.81786522748689,6.96710846214221,270.6087456659321,80.01473193048326,0.184,186.0,747.9,46.7,6781.7
JM,50,1.0,t50p100,2035,P_mix,North America,1.778,0.45174723990744065,129.35921153674605,75.4862098237657,5.334714538036721,210.18013589854849,72.74571710317964,0.14,222.9,1130.9,58.2,3288.9
JM,100,1.0,t100p100,2035,P_mix,North America,1.596,0.2602876031141619,113.14159186677293,73.49694729625028,4.789265676352362,191.4278048393756,70.87198717671365,0.123,205.1,1044.5,49.6,3841.6
JM,150,1.0,t150p100,2035,P_mix,North America,1.596,0.2602876031141619,113.14159186677293,73.49694729625028,4.789265676352362,191.4278048393756,70.87198717671365,0.123,205.1,1044.5,49.6,3841.6
JM,200,1.0,t200p100,2035,P_mix,North America,1.6,0.25049780448018316,113.27341619023443,64.00044464537709,4.799360784372734,182.07322161998422,70.80531425709803,0.128,206.9,945.0,48.7,2752.2
JM,300,1.0,t300p100,2035,P_mix,North America,1.379,0.1373618426421119,94.13079625967849,53.25698016735961,4.136725363521888,151.52450179055998,68.26471761195558,0.186,141.6,654.6,46.0,3251.6
JM,500,1.0,t500p100,2035,P_mix,North America,1.379,0.1373618426421119,94.13079625967849,53.25698016735961,4.136725363521888,151.52450179055998,68.26471761195558,0.186,141.6,654.6,46.0,3251.6
JO,50,1.0,t50p100,2035,P_mix,Asia-Pacific,1.59,0.27272764877634736,86.89372088297551,70.3024369644906,4.7709714981454665,161.9671293456116,54.63901068163089,0.679,49.4,216.8,123.8,8002.0
JO,100,1.0,t100p100,2035,P_mix,Asia-Pacific,1.505,0.18264570260230503,82.36436996949024,65.51369832111621,4.51586654438506,152.3939348349915,54.71665459549542,0.683,46.1,192.0,125.5,7270.3
JO,150,1.0,t150p100,2035,P_mix,Asia-Pacific,1.511,0.17046359582012344,82.60912689845557,63.24258371499208,4.53156473757037,150.38327535101803,54.68914051711003,0.685,46.1,185.3,121.9,6985.1
JO,200,1.0,t200p100,2035,P_mix,Asia-Pacific,1.408,0.13928891281840336,76.78201151102964,55.78502984022121,4.225384668932216,136.7924260201831,54.51480813729061,0.78,23.1,113.7,124.8,6191.2
JO,300,1.0,t300p100,2035,P_mix,Asia-Pacific,1.444,0.1237225991387029,78.59793997569491,49.78044135080348,4.332173354887955,132.71055468138633,54.428528272314075,0.862,19.8,49.7,128.5,5439.4
JO,500,1.0,t500p100,2035,P_mix,Asia-Pacific,1.444,0.1237225991387029,78.59793997569491,49.78044135080348,4.332173354887955,132.71055468138633,54.428528272314075,0.862,19.8,49.7,128.5,5439.4
JP,50,1.0,t50p100,2035,P_mix,Asia-Pacific,1.789,0.4065321024081905,130.75874791320072,73.99426314852784,5.3658735950107355,210.11888465673928,73.10575562278349,0.471,116.5,563.7,122.4,5933.0
JP,100,1.0,t100p100,2035,P_mix,Asia-Pacific,1.593,0.2480995717160205,116.36517724086103,62.80405687963651,4.778819501231266,183.9480536217288,73.05057904627657,0.538,79.6,396.8,95.9,5917.4
JP,150,1.0,t150p100,2035,P_mix,Asia-Pacific,1.847,0.20715987771877958,134.77273805402268,67.03654935809193,5.539644430317222,207.34893184243182,72.98631153099382,0.418,101.1,525.4,111.1,5310.2
JP,200,1.0,t200p100,2035,P_mix,Asia-Pacific,1.843,0.14624349738116998,134.2610186957196,59.8134661226164,5.5297645901961205,199.60424940853213,72.83909640588749,0.353,115.8,522.1,90.5,4404.9
JP,300,1.0,t300p100,2035,P_mix,Asia-Pacific,1.711,0.1407323384420086,124.5701850940178,50.94028801819124,5.132917938583312,180.6433910507924,72.80664911334958,0.374,98.1,453.9,84.3,3514.6
JP,500,1.0,t500p100,2035,P_mix,Asia-Pacific,1.711,0.1407323384420086,124.5701850940178,50.94028801819124,5.132917938583312,180.6433910507924,72.80664911334958,0.374,98.1,453.9,84.3,3514.6
KE,50,1.0,t50p100,2035,P_mix,Africa/MENA,2.073,0.3562664780411014,78.50724657325443,67.26946837267454,6.219895961370367,151.99661090729933,37.865864828367904,0.273,148.0,745.0,64.9,4710.7
KE,100,1.0,t100p100,2035,P_mix,Africa/MENA,1.908,0.24515365934992425,71.6663064978299,61.49844011477643,5.724469721495564,138.8892163341019,37.55787521875791,0.42,108.1,477.6,99.1,4849.0
KE,150,1.0,t150p100,2035,P_mix,Africa/MENA,2.015,0.19860972018419118,76.29215637571221,57.16416398470828,6.045980247314651,139.50230060773512,37.85597368247963,0.404,110.7,501.7,86.9,4181.8
KE,200,1.0,t200p100,2035,P_mix,Africa/MENA,2.019,0.15383691609693173,77.45838637255926,59.168011279215584,6.057344539350169,142.683742191125,38.36254609723844,0.249,136.4,659.1,62.7,3930.4
KE,300,1.0,t300p100,2035,P_mix,Africa/MENA,1.783,0.14622414504256576,68.89919253241594,52.02743911113321,5.3494105136045444,126.2760421571537,38.63931868223165,0.43,95.8,369.0,81.9,4343.6
KE,500,1.0,t500p100,2035,P_mix,Africa/MENA,1.783,0.14622414504256576,68.89919253241594,52.02743911113321,5.3494105136045444,126.2760421571537,38.63931868223165,0.43,95.8,369.0,81.9,4343.6
KH,50,1.0,t50p100,2035,P_mix,Asia-Pacific,1.853,0.35548817399811344,186.54599341925288,79.86785523660835,5.558769676701637,271.97261833256283,100.6765908296864,0.216,169.2,847.4,63.7,6219.4
KH,100,1.0,t100p100,2035,P_mix,Asia-Pacific,1.745,0.239738177574729,174.65362807132735,72.2765413517823,5.234082804244841,252.1642522273545,100.10557796087024,0.172,156.9,856.6,47.3,5276.0
KH,150,1.0,t150p100,2035,P_mix,Asia-Pacific,1.884,0.18873308375750444,187.37824940143244,60.81750610178852,5.651633397494316,253.84738890071526,99.46412101915938,0.194,157.5,790.1,62.1,3230.1
KH,200,1.0,t200p100,2035,P_mix,Asia-Pacific,1.667,0.14868393519723144,164.039499197469,58.83908120568715,5.001403500865342,227.87998390402151,98.39607972187424,0.237,123.5,610.1,56.2,4452.4
KH,300,1.0,t300p100,2035,P_mix,Asia-Pacific,1.636,0.1471808445013827,160.67614732256465,58.217472185936636,4.909072567596937,223.8026920760982,98.19134578482182,0.24,127.8,554.6,47.4,4884.4
KH,500,1.0,t500p100,2035,P_mix,Asia-Pacific,1.636,0.1471808445013826,160.67614732256467,58.217472185936636,4.909072567596937,223.80269207609823,98.19134578482186,0.24,127.8,554.6,47.4,4884.4
KR,50,1.0,t50p100,2035,P_mix,Asia-Pacific,1.914,0.43060894590841337,174.0353022683706,101.26906632597193,5.741203691616716,281.0455722859593,90.94014684890708,0.327,163.7,825.3,121.7,8882.8
KR,100,1.0,t100p100,2035,P_mix,Asia-Pacific,1.857,0.2664821118363686,167.99679598001194,91.25291626896399,5.5723418168939745,264.8220540658699,90.44498785269425,0.315,149.1,727.8,114.3,7978.8
KR,150,1.0,t150p100,2035,P_mix,Asia-Pacific,1.667,0.22159471169709957,150.31893709020636,109.16742945222407,5.00084242929369,264.4872089717241,90.17616884487828,0.513,84.8,438.2,134.2,13153.8
KR,200,1.0,t200p100,2035,P_mix,Asia-Pacific,1.685,0.1433967313985467,150.06834109680577,83.13863591624639,5.055207338016011,238.26218435106816,89.05767720045814,0.357,126.6,614.6,84.2,8154.9
KR,300,1.0,t300p100,2035,P_mix,Asia-Pacific,1.705,0.13735086188425064,151.452414166471,82.86433839529009,5.114532111537987,239.43128467329905,88.8365216193322,0.398,107.8,491.9,97.1,8727.7
KR,500,1.0,t500p100,2035,P_mix,Asia-Pacific,1.705,0.13735086188425064,151.452414166471,82.86433839529009,5.114532111537987,239.43128467329905,88.8365216193322,0.398,107.8,491.9,97.1,8727.7
KW,50,1.0,t50p100,2035,P_mix,Asia-Pacific,2.14,0.32203323270518025,89.585111465909,77.3163240989508,6.421156875902887,173.3225924407627,41.854659462736976,0.63,58.4,300.2,108.2,9066.0
KW,100,1.0,t100p100,2035,P_mix,Asia-Pacific,2.027,0.21513465725588266,84.39491720072833,74.7829062653636,6.080277600853691,165.2581010669456,41.64032766639428,0.54,68.8,371.6,102.8,8190.5
KW,150,1.0,t150p100,2035,P_mix,Asia-Pacific,1.976,0.17803895191805372,82.55800159249137,63.12794126333645,5.928843793736577,151.6147866495644,41.7744189919669,0.723,43.5,179.4,124.4,6960.8
KW,200,1.0,t200p100,2035,P_mix,Asia-Pacific,2.007,0.1580397391709065,84.51353810115421,59.99895878724522,6.019666089955024,150.53216297835445,42.118717303364114,0.576,57.8,291.8,97.3,6222.0
KW,300,1.0,t300p100,2035,P_mix,Asia-Pacific,2.099,0.14062480537190392,88.54390535594973,40.36479658283026,6.296523229949401,135.20522516872938,42.18704614705028,0.687,39.0,174.3,94.4,3603.8
KW,500,1.0,t500p100,2035,P_mix,Asia-Pacific,2.099,0.14062480537190392,88.54390535594973,40.36479658283026,6.296523229949401,135.20522516872938,42.18704614705028,0.687,39.0,174.3,94.4,3603.8
KZ,50,1.0,t50p100,2035,P_mix,Asia-Pacific,2.723,0.42997219466272063,193.2826375244605,89.81316290356892,8.168597514311061,291.2643979423405,70.98500220601073,0.214,209.6,1074.0,98.6,5381.5
KZ,100,1.0,t100p100,2035,P_mix,Asia-Pacific,2.574,0.2557292190042017,182.2074677418019,78.7383070703076,7.722476703253008,268.6682515153625,70.7833023303456,0.197,192.4,983.2,78.2,4584.5
KZ,150,1.0,t150p100,2035,P_mix,Asia-Pacific,2.34,0.1992633738794396,164.75393758963762,78.77671761375598,7.021154012945276,250.55180921633888,70.39609327150754,0.214,163.1,842.7,63.9,6094.0
KZ,200,1.0,t200p100,2035,P_mix,Asia-Pacific,2.626,0.1630075648635729,184.52323617432796,72.81035764952662,7.877850505403653,265.21144432925826,70.26913091880539,0.189,179.5,945.3,79.6,3811.6
KZ,300,1.0,t300p100,2035,P_mix,Asia-Pacific,2.233,0.1501874571075347,156.61399802746382,72.67841054295985,6.697521044239938,235.9899296146636,70.15162639712366,0.262,132.5,622.5,61.6,6704.0
KZ,500,1.0,t500p100,2035,P_mix,Asia-Pacific,2.233,0.1501874571075347,156.61399802746382,72.67841054295985,6.697521044239938,235.9899296146636,70.15162639712366,0.262,132.5,622.5,61.6,6704.0
LC,50,1.0,t50p100,2035,P_mix,North America,2.292,0.2553395333319037,74.29985054676959,69.27861853858332,6.874825935742957,150.45329502109584,32.42257385476921,0.638,52.3,193.6,103.9,8441.0
LC,100,1.0,t100p100,2035,P_mix,North America,2.292,0.2553395333319037,74.29985054676959,69.27861853858332,6.874825935742957,150.45329502109584,32.42257385476921,0.638,52.3,193.6,103.9,8441.0
LC,150,1.0,t150p100,2035,P_mix,North America,2.083,0.1443079455180736,67.61765994697924,61.83706035609457,6.248781431499845,135.70350173457365,32.462806079016374,0.513,60.7,260.8,89.5,6933.0
LC,200,1.0,t200p100,2035,P_mix,North America,2.083,0.14430794551807363,67.61765994697924,61.83706035609457,6.248781431499844,135.70350173457365,32.462806079016374,0.513,60.7,260.8,89.5,6933.0
LC,300,1.0,t300p100,2035,P_mix,North America,2.026,0.12288022175583561,66.98111203714615,49.93953002324848,6.077838844316425,122.99848090471106,33.06164267572623,0.512,60.7,230.0,74.7,5319.0
LC,500,1.0,t500p100,2035,P_mix,North America,2.026,0.12288022175583561,66.98111203714615,49.93953002324848,6.077838844316425,122.99848090471106,33.06164267572623,0.512,60.7,230.0,74.7,5319.0
LK,50,1.0,t50p100,2035,P_mix,Asia-Pacific,2.384,0.3021616733607405,95.32017922248951,71.37359883346407,7.153447485170762,173.84722554112435,39.97520611708863,0.47,97.3,453.0,84.0,7281.5
LK,100,1.0,t100p100,2035,P_mix,Asia-Pacific,2.242,0.21728775106893228,89.72649585326708,65.41849397833616,6.726208110932156,161.8711979425354,40.01950030691195,0.466,88.3,450.5,83.1,6299.9
LK,150,1.0,t150p100,2035,P_mix,Asia-Pacific,2.061,0.17844367531575875,82.71777452828168,62.85861153479528,6.182457193940555,151.75884325701753,40.138300323059674,0.597,56.9,283.6,104.3,6632.5
LK,200,1.0,t200p100,2035,P_mix,Asia-Pacific,1.969,0.14924418219992644,79.45594721268719,63.8907974317672,5.9060420718437845,149.25278671629817,40.35999722630627,0.681,42.1,190.4,101.5,7613.8
LK,300,1.0,t300p100,2035,P_mix,Asia-Pacific,2.05,0.1428213482272316,83.1523369229439,50.101076561772295,6.1508417479785,139.4042552326947,40.556564611797796,0.388,84.2,434.4,58.9,4231.9
LK,500,1.0,t500p100,2035,P_mix,Asia-Pacific,2.05,0.1428213482272316,83.1523369229439,50.101076561772295,6.1508417479785,139.4042552326947,40.556564611797796,0.388,84.2,434.4,58.9,4231.9
LY,50,1.0,t50p100,2035,P_mix,Africa/MENA,1.578,0.262659292501429,62.061682773092244,41.55401822282751,4.735146049780327,108.35084704570008,39.319811123442335,0.689,50.1,150.2,111.4,3465.9
LY,100,1.0,t100p100,2035,P_mix,Africa/MENA,1.591,0.16296425742133566,62.36512795916518,37.908323064477685,4.771832916048624,105.04528393969149,39.208284776329094,0.648,51.6,150.0,111.6,2782.4
LY,150,1.0,t150p100,2035,P_mix,Africa/MENA,1.603,0.16265746929036062,62.855337771737496,37.96580311841828,4.808880617935057,105.63002150809083,39.21203878755944,0.701,43.6,122.7,115.8,2928.2
LY,200,1.0,t200p100,2035,P_mix,Africa/MENA,1.466,0.12463783620336708,57.9436499855909,35.723873951074445,4.399300548742084,98.06682448540744,39.513315362478934,0.686,37.5,120.9,94.8,3102.1
LY,300,1.0,t300p100,2035,P_mix,Africa/MENA,1.437,0.11407025880327236,56.88799971476983,31.78215435558012,4.310291761064153,92.9804458314141,39.5945352669525,0.572,52.9,164.0,84.3,2241.1
LY,500,1.0,t500p100,2035,P_mix,Africa/MENA,1.437,0.11407025880327236,56.88799971476983,31.78215435558012,4.310291761064153,92.9804458314141,39.5945352669525,0.572,52.9,164.0,84.3,2241.1
MA,50,1.0,t50p100,2035,P_mix,Africa/MENA,1.709,0.3669035813353089,86.22194608156016,74.2026091642432,5.128355696892496,165.55291094269586,50.438357542441445,0.849,46.3,129.5,156.1,8502.5
MA,100,1.0,t100p100,2035,P_mix,Africa/MENA,1.529,0.25353405779610944,77.12904719593871,65.46084982506531,4.587568799646284,147.1774658206503,50.43785754355477,0.811,47.4,146.0,157.6,6745.0
MA,150,1.0,t150p100,2035,P_mix,Africa/MENA,1.533,0.1782630057134141,77.31249490196981,64.07638159953966,4.59973164395449,145.98860814546396,50.42413398415291,0.594,60.5,296.7,118.1,6397.1
MA,200,1.0,t200p100,2035,P_mix,Africa/MENA,1.513,0.1554613512589779,76.27065631145173,59.70243890425361,4.538559064550524,140.5116542802559,50.41511318461056,0.605,59.9,266.3,114.1,5897.8
MA,300,1.0,t300p100,2035,P_mix,Africa/MENA,1.513,0.1554613512589779,76.27065631145173,59.70243890425361,4.538559064550524,140.5116542802559,50.41511318461056,0.605,59.9,266.3,114.1,5897.8
MA,500,1.0,t500p100,2035,P_mix,Africa/MENA,1.509,0.1554782416014007,76.09206804347353,58.99868450500042,4.527942848819564,139.61869539729352,50.41499236014694,0.6,60.4,268.7,113.3,5767.9
MG,50,1.0,t50p100,2035,P_mix,Africa/MENA,1.386,0.3834113630398085,161.9426015286317,67.71476726079219,4.157840237270744,233.81520902669465,116.84619342295852,0.224,185.8,808.6,58.1,4251.9
MG,100,1.0,t100p100,2035,P_mix,Africa/MENA,1.314,0.2422012023326614,149.45190432859897,67.75258215866326,3.941713800124838,221.14620028738705,113.74638944400245,0.213,138.0,731.7,46.6,5421.2
MG,150,1.0,t150p100,2035,P_mix,Africa/MENA,1.312,0.23277650568482375,149.4883797015341,65.07398025815925,3.934651150050724,218.49701110974402,113.97837368601853,0.244,129.5,664.2,56.3,5194.6
MG,200,1.0,t200p100,2035,P_mix,Africa/MENA,1.282,0.15553727577429693,141.15549740863437,70.68511688856289,3.846314901586313,215.6869291987836,110.09667774504287,0.248,133.1,613.8,53.1,6602.0
MG,300,1.0,t300p100,2035,P_mix,Africa/MENA,1.279,0.12930296887926176,139.66924591308555,51.144668576196196,3.8356580623984473,194.64957255168017,109.24011758161035,0.388,93.3,379.4,72.0,4382.6
MG,500,1.0,t500p100,2035,P_mix,Africa/MENA,1.279,0.12930296887926176,139.66924591308555,51.144668576196196,3.8356580623984473,194.64957255168017,109.24011758161035,0.388,93.3,379.4,72.0,4382.6
MM,50,1.0,t50p100,2035,P_mix,Asia-Pacific,1.719,0.3601099851967387,147.79997288253463,75.17848417791038,5.157685079599718,228.13614214004474,85.96878479482817,0.223,165.3,867.7,61.3,5318.4
MM,100,1.0,t100p100,2035,P_mix,Asia-Pacific,1.649,0.24678943312876592,141.3961507296784,77.79023675385478,4.946555490175533,224.13294297370874,85.75430984884855,0.221,150.1,804.0,57.6,6423.2
MM,150,1.0,t150p100,2035,P_mix,Asia-Pacific,1.674,0.18663058208469377,142.54285412846045,70.3413806446377,5.0208131148293385,217.90504788792748,85.17117697975044,0.213,151.1,785.6,50.6,5344.7
MM,200,1.0,t200p100,2035,P_mix,Asia-Pacific,1.548,0.1629601008398904,131.4683546957292,66.83247554189616,4.644088866869573,202.94491910449497,84.92625257471514,0.248,123.8,631.5,53.8,5836.8
MM,300,1.0,t300p100,2035,P_mix,Asia-Pacific,1.449,0.15422427696319088,122.61453558420922,62.448046968405244,4.3468149367679345,189.4093974893824,84.62371002758572,0.433,80.4,373.8,92.6,6077.1
MM,500,1.0,t500p100,2035,P_mix,Asia-Pacific,1.449,0.1542242769631909,122.61453558420922,62.448046968405244,4.3468149367679345,189.4093974893824,84.62371002758572,0.433,80.4,373.8,92.6,6077.1
MN,50,1.0,t50p100,2035,P_mix,Asia-Pacific,1.813,0.3000255775725711,87.54890836322596,54.00586637020778,5.438923488003942,146.99369822143768,48.29020405765395,0.866,26.1,75.7,147.0,5533.6
MN,100,1.0,t100p100,2035,P_mix,Asia-Pacific,1.707,0.2076412853076482,82.1541877957186,50.7925270263677,5.1204947390681745,138.06720956115444,48.132568422872026,0.754,38.6,152.3,135.8,4628.1
MN,150,1.0,t150p100,2035,P_mix,Asia-Pacific,1.759,0.14082468768440612,85.37932926503719,50.82166355074147,5.277294865084386,141.47828768086302,48.535849207473724,0.833,20.7,72.7,136.8,5267.3
MN,200,1.0,t200p100,2035,P_mix,Asia-Pacific,1.638,0.13872808385945182,79.60584306889426,52.497678986730214,4.912788917538296,137.01631097316275,48.611396340298924,0.877,15.6,51.9,142.4,5608.4
MN,300,1.0,t300p100,2035,P_mix,Asia-Pacific,1.604,0.13664072180571882,78.05252800270061,45.76955453416963,4.8109839621288595,128.6330664989991,48.671453875411935,0.799,29.0,84.7,118.4,4657.3
MN,500,1.0,t500p100,2035,P_mix,Asia-Pacific,1.604,0.13664072180571882,78.05252800270061,45.76955453416963,4.8109839621288595,128.6330664989991,48.671453875411935,0.799,29.0,84.7,118.4,4657.3
MR,50,1.0,t50p100,2035,P_mix,Africa/MENA,1.929,0.2718088572858108,74.90494231545259,60.65967544485387,5.787211986556279,141.35182974686273,38.8295482295054,0.722,69.6,153.6,147.8,5883.4
MR,100,1.0,t100p100,2035,P_mix,Africa/MENA,1.794,0.19910278788613836,69.60254384397061,64.48012263518757,5.381634952216688,139.46430143137488,38.800036306049556,0.696,72.5,173.1,145.4,6494.2
MR,150,1.0,t150p100,2035,P_mix,Africa/MENA,1.657,0.16881222949027921,64.30578645635447,61.63537329965851,4.969569352082768,130.91072910809575,38.819733804139744,0.728,61.0,136.0,138.9,6468.4
MR,200,1.0,t200p100,2035,P_mix,Africa/MENA,1.813,0.13385419810175606,71.02534529083107,47.2629139695953,5.439971271013073,123.72823053143945,39.16859579900197,0.724,56.0,120.7,122.8,4374.7
MR,300,1.0,t300p100,2035,P_mix,Africa/MENA,1.812,0.13394588657566606,70.97563102805455,47.30563234319589,5.436030965435932,123.71729433668636,39.16955117401345,0.725,55.6,119.8,123.2,4380.5
MR,500,1.0,t500p100,2035,P_mix,Africa/MENA,1.812,0.13394588657566606,70.97563102805455,47.30563234319589,5.436030965435932,123.71729433668636,39.16955117401345,0.725,55.6,119.8,123.2,4380.5
MU,50,1.0,t50p100,2035,P_mix,Africa/MENA,2.397,0.3045313321267359,106.70786981513298,70.12591191869919,7.191857680041247,184.02563941387342,44.51194999781505,0.263,149.5,732.5,55.1,5550.3
MU,100,1.0,t100p100,2035,P_mix,Africa/MENA,2.397,0.3045313321267359,106.70786981513298,70.12591191869919,7.191857680041247,184.02563941387342,44.51194999781505,0.263,149.5,732.5,55.1,5550.3
MU,150,1.0,t150p100,2035,P_mix,Africa/MENA,2.276,0.1842865184649968,101.40609409414523,65.90376602995104,6.828466658313697,174.13832678240996,44.551478026483075,0.221,129.8,708.5,47.6,5273.8
MU,200,1.0,t200p100,2035,P_mix,Africa/MENA,1.851,0.1558736265434109,82.67224845491678,48.226941992768296,5.552070904965062,136.45126135265014,44.67103349543958,0.379,83.5,460.3,76.5,3287.2
MU,300,1.0,t300p100,2035,P_mix,Africa/MENA,2.063,0.13662794582489232,92.81474044215159,49.089882666552974,6.189989645335242,148.09461275403982,44.98298660907922,0.221,123.6,606.2,39.9,3096.3
MU,500,1.0,t500p100,2035,P_mix,Africa/MENA,2.063,0.13662794582489232,92.81474044215159,49.089882666552974,6.189989645335242,148.09461275403982,44.98298660907922,0.221,123.6,606.2,39.9,3096.3
MX,50,1.0,t50p100,2035,P_mix,North America,2.357,0.28660507459131135,75.76075581978074,44.33237630336842,7.0720179199011195,127.16515004305028,32.13824823884513,0.747,50.0,205.4,119.2,3422.7
MX,100,1.0,t100p100,2035,P_mix,North America,2.146,0.19022693763164933,68.8216428742365,42.59366025085078,6.438880826119913,117.85418395120719,32.06534399350373,0.736,52.3,192.3,116.7,3234.3
MX,150,1.0,t150p100,2035,P_mix,North America,2.146,0.19022693763164933,68.82164287423649,42.59366025085078,6.438880826119913,117.85418395120719,32.06534399350373,0.736,52.3,192.3,116.7,3234.3
MX,200,1.0,t200p100,2035,P_mix,North America,2.017,0.18583895362919053,64.86341362465213,41.23641838164725,6.050083578792178,112.14991558509153,32.1632318528738,0.759,43.9,168.8,125.2,2991.8
MX,300,1.0,t300p100,2035,P_mix,North America,1.909,0.1280707871817538,63.09805771439664,38.36958128205581,5.728128252435506,107.19576724888796,33.04642717500364,0.771,38.2,131.0,97.4,3449.5
MX,500,1.0,t500p100,2035,P_mix,North America,1.909,0.1280707871817538,63.09805771439664,38.36958128205581,5.728128252435506,107.19576724888796,33.04642717500364,0.771,38.2,131.0,97.4,3449.5
MY,50,1.0,t50p100,2035,P_mix,Asia-Pacific,1.596,0.37508648679290063,261.00235836844934,72.4348390215711,4.78940783587468,338.2266052258952,163.48724141642268,0.174,186.2,958.0,54.3,4238.6
MY,100,1.0,t100p100,2035,P_mix,Asia-Pacific,1.581,0.2721911753044476,255.36289707001936,83.90597817265103,4.744291354051286,344.0131665967217,161.47589472047815,0.15,184.2,967.2,48.0,6456.8
MY,150,1.0,t150p100,2035,P_mix,Asia-Pacific,1.399,0.19992305304551436,221.33964547477024,66.1675893759314,4.196385889401489,291.70362074010313,158.2359091668327,0.28,131.5,599.1,59.9,5712.7
MY,200,1.0,t200p100,2035,P_mix,Asia-Pacific,1.396,0.15203806192439462,215.2926686607342,56.26874920924414,4.187571794910306,275.74898966488865,154.2368794171417,0.261,126.2,565.0,54.0,4307.0
MY,300,1.0,t300p100,2035,P_mix,Asia-Pacific,1.419,0.1472846285008811,217.74266071982134,58.45896028687109,4.256493734084769,280.4581147407772,153.4662149103158,0.25,133.6,578.1,56.1,4512.1
MY,500,1.0,t500p100,2035,P_mix,Asia-Pacific,1.419,0.1472846285008811,217.74266071982134,58.45896028687109,4.256493734084769,280.4581147407772,153.4662149103158,0.25,133.6,578.1,56.1,4512.1
NE,50,1.0,t50p100,2035,P_mix,Africa/MENA,1.878,0.40353748590224975,103.39577450142733,61.83394901422709,5.635068836380094,170.8647923520345,55.0458800967449,0.271,170.5,743.6,92.4,2857.1
NE,100,1.0,t100p100,2035,P_mix,Africa/MENA,1.783,0.27710534043164736,98.0308783626672,57.13004984690895,5.348842943550967,160.50977115312713,54.982477180898684,0.268,185.7,684.2,82.9,2498.2
NE,150,1.0,t150p100,2035,P_mix,Africa/MENA,1.695,0.21729351221383178,92.98642370931547,56.512373092793425,5.084135089812747,154.58293189192165,54.868579650235255,0.571,140.5,307.7,136.1,3855.3
NE,200,1.0,t200p100,2035,P_mix,Africa/MENA,1.673,0.172761409612083,91.46310282935656,53.07837296195693,5.019527003393273,149.56100279470678,54.66437540879427,0.335,146.0,492.4,95.6,2996.6
NE,300,1.0,t300p100,2035,P_mix,Africa/MENA,1.658,0.15635144011772686,90.40686985338256,57.0782664065562,4.97315292386281,152.45828918380158,54.53695346039794,0.407,136.8,392.9,103.8,4244.7
NE,500,1.0,t500p100,2035,P_mix,Africa/MENA,1.658,0.15635144011772686,90.40686985338256,57.0782664065562,4.97315292386281,152.45828918380158,54.53695346039794,0.407,136.8,392.9,103.8,4244.7
NG,50,1.0,t50p100,2035,P_mix,Africa/MENA,1.515,0.2875226400623128,235.17327417215833,74.34575720493667,4.544261641991009,314.0632930190861,155.25510591141096,0.21,128.2,614.3,57.8,7192.2
NG,100,1.0,t100p100,2035,P_mix,Africa/MENA,1.515,0.2875226400623128,235.17327417215833,74.34575720493667,4.544261641991009,314.0632930190861,155.25510591141096,0.21,128.2,614.3,57.8,7192.2
NG,150,1.0,t150p100,2035,P_mix,Africa/MENA,1.327,0.16158927628753844,204.3268716537573,61.68675766916167,3.980204972521999,269.99383429544093,154.00729841630925,0.262,98.8,468.3,71.4,5708.8
NG,200,1.0,t200p100,2035,P_mix,Africa/MENA,1.395,0.13576782763883133,212.3168603227226,58.75230865242887,4.184126035710904,275.25329501086236,152.23025681633132,0.212,111.7,484.7,51.7,5455.0
NG,300,1.0,t300p100,2035,P_mix,Africa/MENA,1.407,0.13384635243298185,213.1252330534895,57.287070106261275,4.219949057353927,274.6322522171047,151.5126582028892,0.2,109.2,491.9,48.5,5239.3
NG,500,1.0,t500p100,2035,P_mix,Africa/MENA,1.407,0.13384635243298185,213.1252330534895,57.287070106261275,4.219949057353927,274.6322522171047,151.5126582028892,0.2,109.2,491.9,48.5,5239.3
NI,50,1.0,t50p100,2035,P_mix,North America,2.799,0.3334322964392175,136.2328185036345,81.89089995221096,8.396620854244999,226.52033931009046,48.674158641363455,0.173,202.5,966.6,54.4,5786.1
NI,100,1.0,t100p100,2035,P_mix,North America,2.639,0.21385592841960788,128.3745202423631,65.5539878951229,7.917691662025538,201.84619979951157,48.640888931580825,0.143,179.9,918.9,45.1,3510.6
NI,150,1.0,t150p100,2035,P_mix,North America,2.639,0.21385592841960788,128.3745202423631,65.5539878951229,7.917691662025538,201.84619979951157,48.640888931580825,0.143,179.9,918.9,45.1,3510.6
NI,200,1.0,t200p100,2035,P_mix,North America,2.552,0.209099175913213,124.16095242427764,67.26415621742416,7.656736815318272,199.08184545702008,48.647728955190445,0.16,165.4,845.9,45.1,4413.3
NI,300,1.0,t300p100,2035,P_mix,North America,2.138,0.15511996191786287,104.10641080777549,54.83502377412213,6.414184266728977,165.35561884862662,48.69196447058072,0.37,97.8,433.2,64.8,4852.2
NI,500,1.0,t500p100,2035,P_mix,North America,2.138,0.15511996191786287,104.10641080777549,54.83502377412213,6.414184266728977,165.35561884862662,48.69196447058072,0.37,97.8,433.2,64.8,4852.2
NL,50,1.0,t50p100,2035,P_mix,Europe,1.58,0.24042819572415583,56.95799453861533,63.35176637121222,4.738987623094701,125.04874853292226,36.05706475854084,0.899,18.0,48.6,142.1,7609.2
NL,100,1.0,t100p100,2035,P_mix,Europe,1.546,0.15485338015748407,55.17653172997631,59.74726952850269,4.637292003022532,119.56109326150153,35.695314222619956,0.798,31.9,94.3,134.1,6742.1
NL,150,1.0,t150p100,2035,P_mix,Europe,1.542,0.11228235469287737,56.71542996025516,51.13195450410229,4.624531571617436,112.47191603597489,36.792113373173414,0.935,10.7,23.0,134.4,5785.4
NL,200,1.0,t200p100,2035,P_mix,Europe,1.522,0.1098452065714592,56.462386628262585,52.99834918575652,4.565564075245433,114.02629988926454,37.10103660645371,0.903,12.8,35.6,126.5,6225.7
NL,300,1.0,t300p100,2035,P_mix,Europe,1.536,0.10901779810236799,57.03383414023257,49.61134771844738,4.607500036741877,111.25268189542183,37.135431591161215,0.885,16.7,41.5,118.7,5730.0
NL,500,1.0,t500p100,2035,P_mix,Europe,1.536,0.10901779810236799,57.03383414023257,49.61134771844738,4.607500036741877,111.25268189542183,37.135431591161215,0.885,16.7,41.5,118.7,5730.0
NO,50,1.0,t50p100,2035,P_mix,Europe,2.421,0.3530520762757962,158.0520944115642,308.3738455017007,7.262179413674889,473.68811932693984,65.29118274630443,0.911,21.8,67.6,157.4,52018.2
NO,100,1.0,t100p100,2035,P_mix,Europe,1.827,0.21303713821626538,118.50611255974849,202.6933086700403,5.480383119840131,326.6798043496289,64.87107377442248,0.827,31.6,127.7,155.0,32226.1
NO,150,1.0,t150p100,2035,P_mix,Europe,2.154,0.16990794846137797,141.15612934771355,251.9971234785955,6.46314905086286,399.61640187717194,65.52044285387628,0.89,21.0,66.8,141.4,42088.1
NO,200,1.0,t200p100,2035,P_mix,Europe,2.099,0.16642407143038548,137.81852016819445,243.7360089491582,6.296430186508632,387.85095930386126,65.66507501194866,0.891,19.6,67.3,139.7,40624.2
NO,300,1.0,t300p100,2035,P_mix,Europe,2.117,0.1655759221349426,139.15509569779502,236.75835294472162,6.3518213531682175,382.2652699956849,65.72371354322837,0.879,22.4,71.0,129.1,39562.8
NO,500,1.0,t500p100,2035,P_mix,Europe,2.117,0.1655759221349426,139.15509569779502,236.75835294472162,6.3518213531682175,382.2652699956849,65.72371354322837,0.879,22.4,71.0,129.1,39562.8
NP,50,1.0,t50p100,2035,P_mix,Asia-Pacific,1.349,0.5023022794343074,520.219106653988,159.99830986618437,4.046666599183648,684.2640831193561,385.66491251757753,0.11,270.9,1393.0,49.5,16927.5
NP,100,1.0,t100p100,2035,P_mix,Asia-Pacific,1.425,0.3067918932547204,487.2762259980689,132.3260510438768,4.275802594953854,623.8780796368995,341.8840429442193,0.104,269.0,1291.0,39.1,12789.7
NP,150,1.0,t150p100,2035,P_mix,Asia-Pacific,1.578,0.2179378831541084,497.32179609298066,101.63312397713956,4.734836120110236,603.6897561902305,315.1039128771806,0.099,291.7,1361.8,44.6,6382.4
NP,200,1.0,t200p100,2035,P_mix,Asia-Pacific,1.473,0.17848756862393897,444.6210610204179,93.70321889159482,4.4193735455757555,542.7436534575885,301.8217784275303,0.149,237.5,1067.0,57.6,6944.1
NP,300,1.0,t300p100,2035,P_mix,Asia-Pacific,1.43,0.13833573639047042,423.41706251210377,71.9954668000662,4.289696609782323,499.7022259219522,296.1167893877629,0.119,226.0,1006.6,38.2,3931.9
NP,500,1.0,t500p100,2035,P_mix,Asia-Pacific,1.43,0.13833573639047042,423.41706251210377,71.9954668000662,4.289696609782323,499.7022259219522,296.1167893877629,0.119,226.0,1006.6,38.2,3931.9
NZ,50,1.0,t50p100,2035,P_mix,Asia-Pacific,2.281,0.3074572607719392,108.32610334205488,55.78231153164765,6.842043926704487,170.95045880040703,47.49725571883179,0.543,77.4,362.7,95.4,4881.3
NZ,100,1.0,t100p100,2035,P_mix,Asia-Pacific,1.934,0.1905281269362913,91.59587448065317,56.657953970239305,5.803158518073475,154.05698696896593,47.3513902103749,0.711,49.7,174.0,124.2,5766.2
NZ,150,1.0,t150p100,2035,P_mix,Asia-Pacific,1.934,0.1905281269362913,91.59587448065317,56.657953970239305,5.803158518073475,154.05698696896593,47.3513902103749,0.711,49.7,174.0,124.2,5766.2
NZ,200,1.0,t200p100,2035,P_mix,Asia-Pacific,1.844,0.1534697001358676,87.99246435217536,43.444147098574106,5.53277602010907,136.96938747085855,47.71156325451989,0.726,43.2,140.3,100.8,4195.8
NZ,300,1.0,t300p100,2035,P_mix,Asia-Pacific,1.718,0.135590820686109,82.45880853360391,39.26499196710964,5.152603694778993,126.87640419549254,48.00998490364608,0.566,63.7,226.1,73.4,3397.2
NZ,500,1.0,t500p100,2035,P_mix,Asia-Pacific,1.718,0.135590820686109,82.45880853360391,39.26499196710964,5.152603694778993,126.87640419549254,48.00998490364608,0.566,63.7,226.1,73.4,3397.2
OM,50,1.0,t50p100,2035,P_mix,Asia-Pacific,2.3,0.2696012692510764,99.27510136977267,48.657892460731894,6.898721918654832,154.8317157491594,43.17108409660196,0.186,145.0,741.5,38.7,1998.3
OM,100,1.0,t100p100,2035,P_mix,Asia-Pacific,2.251,0.17895540949804317,97.16139355544077,45.39629643325713,6.753970409614781,149.31166039831268,43.15745598342773,0.173,144.0,719.8,36.5,1605.7
OM,150,1.0,t150p100,2035,P_mix,Asia-Pacific,2.026,0.14758759833957485,87.5573274604561,44.213901151013566,6.078327116653311,137.849555728123,43.214518952378256,0.275,111.1,517.9,51.5,2582.6
OM,200,1.0,t200p100,2035,P_mix,Asia-Pacific,2.038,0.1478917548916746,88.05474871283506,43.61502132255557,6.113019009377383,137.78278904476804,43.21338535562829,0.3,108.7,485.7,55.3,2606.7
OM,300,1.0,t300p100,2035,P_mix,Asia-Pacific,2.05,0.12026296968664434,88.81315105692717,33.67485716297357,6.148515844764984,128.6365240646657,43.33394593064864,0.234,108.9,512.2,40.1,988.8
OM,500,1.0,t500p100,2035,P_mix,Asia-Pacific,2.05,0.12026296968664434,88.81315105692717,33.67485716297357,6.148515844764984,128.6365240646657,43.33394593064864,0.234,108.9,512.2,40.1,988.8
PA,50,1.0,t50p100,2035,P_mix,North America,1.553,0.43044673527349775,162.1056532862398,84.49433351850124,4.658027327506176,251.25801413224718,104.40405898586339,0.158,232.3,1035.6,55.7,5549.2
PA,100,1.0,t100p100,2035,P_mix,North America,1.562,0.2548114062654577,159.5680058349647,67.0095018229165,4.686738506338859,231.26424616422008,102.14011659866269,0.142,209.1,964.0,53.3,3050.1
PA,150,1.0,t150p100,2035,P_mix,North America,1.593,0.23593072250725924,161.42372093878646,67.70556354457267,4.780197738923089,233.9094822222822,101.3077678509295,0.144,201.5,921.9,62.9,3269.0
PA,200,1.0,t200p100,2035,P_mix,North America,1.619,0.22528468941045837,163.99071798558987,69.56731377222779,4.856119265034757,238.4141510228524,101.30973460620869,0.119,208.2,972.2,57.1,3377.4
PA,300,1.0,t300p100,2035,P_mix,North America,1.561,0.14690843573592474,150.49702153402006,75.63093880462762,4.681511761009959,230.80947209965765,96.44129666880458,0.197,180.4,722.5,70.9,5984.2
PA,500,1.0,t500p100,2035,P_mix,North America,1.561,0.14690843573592474,150.49702153402006,75.63093880462762,4.681511761009959,230.80947209965765,96.44129666880458,0.197,180.4,722.5,70.9,5984.2
PE,50,1.0,t50p100,2035,P_mix,Latin America,2.129,0.24555908364116394,80.06905338447132,79.70218390032302,6.388250208485173,166.1594874932795,37.60140137190603,0.84,26.1,84.6,133.4,10528.1
PE,100,1.0,t100p100,2035,P_mix,Latin America,1.735,0.16894227653744054,65.00981653129924,81.50217227867833,5.204752169130065,151.7167409791076,37.47141905250311,0.824,25.8,91.2,144.5,10541.9
PE,150,1.0,t150p100,2035,P_mix,Latin America,1.845,0.14593295325889802,69.1882068726625,78.19965610547995,5.535025175490548,152.92288815363298,37.50021256219332,0.839,22.7,79.1,130.1,10400.2
PE,200,1.0,t200p100,2035,P_mix,Latin America,1.941,0.14139489899927152,72.85765588645216,66.63094328258578,5.8229132728386315,145.31151244187657,37.5367032648252,0.829,24.7,86.1,123.3,8386.5
PE,300,1.0,t300p100,2035,P_mix,Latin America,1.998,0.1186151389430547,75.44666153710233,57.98480006169736,5.994449829779408,139.42591142857907,37.75825822861805,0.814,23.1,82.0,124.7,6804.5
PE,500,1.0,t500p100,2035,P_mix,Latin America,1.998,0.1186151389430547,75.44666153710233,57.98480006169736,5.994449829779408,139.42591142857907,37.75825822861805,0.814,23.1,82.0,124.7,6804.5
PH,50,1.0,t50p100,2035,P_mix,Asia-Pacific,2.75,0.3100837568102227,102.45539766125498,71.12067861824185,8.24952148702664,181.8255977665235,37.25866930186587,0.303,150.2,782.7,56.5,5366.0
PH,100,1.0,t100p100,2035,P_mix,Asia-Pacific,2.563,0.19901565223569664,94.57936311845675,58.892840729634834,7.688166874816924,161.1603707229085,36.90581824970133,0.405,102.8,555.3,70.6,4620.2
PH,150,1.0,t150p100,2035,P_mix,Asia-Pacific,2.7,0.1728863531155289,99.93562297923285,52.26186671124554,8.098688004600026,160.2961776950784,37.0191898696933,0.231,134.2,794.8,54.5,2004.8
PH,200,1.0,t200p100,2035,P_mix,Asia-Pacific,1.936,0.12654051077262618,72.58659940688877,56.920748618362666,5.807331589559294,135.3146796148107,37.49739357266317,0.742,40.5,143.9,112.0,6386.7
PH,300,1.0,t300p100,2035,P_mix,Asia-Pacific,1.948,0.12587567998332172,73.15387005598862,55.417415508107126,5.845163468647637,134.41644903274337,37.545846466932026,0.743,42.2,139.9,111.7,6129.8
PH,500,1.0,t500p100,2035,P_mix,Asia-Pacific,1.948,0.12587567998332175,73.15387005598862,55.417415508107126,5.845163468647637,134.41644903274337,37.545846466932026,0.743,42.2,139.9,111.7,6129.8
PK,50,1.0,t50p100,2035,P_mix,Asia-Pacific,2.451,0.28686678372354846,115.02834974456283,75.13316022913405,7.353738445287705,197.51524841898456,46.926478525330175,0.409,98.4,493.0,78.2,7848.8
PK,100,1.0,t100p100,2035,P_mix,Asia-Pacific,2.337,0.17534283951138613,109.50820731553478,65.22333633864268,7.0102745587542925,181.74181821293178,46.86330316925309,0.334,106.3,545.4,71.9,5786.4
PK,150,1.0,t150p100,2035,P_mix,Asia-Pacific,2.11,0.148336217421399,99.59919316819169,73.76004603008427,6.329308157668866,179.68854735594485,47.20856878212494,0.386,95.8,449.8,77.7,7909.4
PK,200,1.0,t200p100,2035,P_mix,Asia-Pacific,2.153,0.13940555098077265,101.5318079980923,60.53696755661594,6.458599340676342,168.52737489538458,47.161219937569285,0.4,79.4,427.6,72.5,5887.9
PK,300,1.0,t300p100,2035,P_mix,Asia-Pacific,2.037,0.12793940606767204,96.6885262940688,59.1317792929479,6.110257813722644,161.93056340073935,47.47190506933543,0.361,95.3,424.9,61.9,5787.4
PK,500,1.0,t500p100,2035,P_mix,Asia-Pacific,2.037,0.12793940606767204,96.6885262940688,59.1317792929479,6.110257813722644,161.93056340073935,47.47190506933543,0.361,95.3,424.9,61.9,5787.4
PL,50,1.0,t50p100,2035,P_mix,Europe,1.664,0.3172035189266892,97.74684669308644,70.57616490267674,4.991048292012405,173.31405988777556,58.75329648654292,0.929,13.0,43.0,158.0,8612.7
PL,100,1.0,t100p100,2035,P_mix,Europe,1.645,0.18439595891139918,96.3486204212711,61.35625549336168,4.935275006565827,162.6401509211986,58.56732621369012,0.853,23.9,74.8,153.5,6743.0
PL,150,1.0,t150p100,2035,P_mix,Europe,1.634,0.14094568932160725,97.04132615362508,60.54860650891713,4.90293052518259,162.4928631877248,59.37754511625119,0.875,18.3,59.3,143.1,6999.0
PL,200,1.0,t200p100,2035,P_mix,Europe,1.584,0.1408566033750987,94.1161981863412,57.642089601326084,4.7529467660051505,156.51123455367244,59.40495622178757,0.959,6.3,15.9,136.1,7018.4
PL,300,1.0,t300p100,2035,P_mix,Europe,1.562,0.13722063466893825,92.96174874103808,51.814411671783,4.686639124496474,149.46279953731755,59.506447758141924,0.922,10.2,33.1,126.1,6056.6
PL,500,1.0,t500p100,2035,P_mix,Europe,1.562,0.13722063466893825,92.96174874103808,51.814411671783,4.686639124496474,149.46279953731755,59.506447758141924,0.922,10.2,33.1,126.1,6056.6
PS,50,1.0,t50p100,2035,P_mix,Asia-Pacific,1.981,0.42425528082200914,377.83099742043447,96.21376467408521,5.943808971073622,479.98857106559325,190.70145049708054,0.155,278.8,1328.8,100.7,4303.0
PS,100,1.0,t100p100,2035,P_mix,Asia-Pacific,1.837,0.27432717305197657,341.67213940242976,89.82773009206832,5.509813150466328,437.00968264496436,186.03469667942056,0.16,236.2,1083.8,77.3,5642.7
PS,150,1.0,t150p100,2035,P_mix,Asia-Pacific,1.73,0.24963036016799994,320.58969160874045,87.28549877416597,5.1890028051216035,413.06419318802807,185.34757273149697,0.249,207.8,863.0,158.6,4800.8
PS,200,1.0,t200p100,2035,P_mix,Asia-Pacific,1.794,0.1706745996040184,316.87037784530173,71.48690764701784,5.38115387977496,393.73843937209455,176.65563088778595,0.206,202.5,926.4,110.4,2738.2
PS,300,1.0,t300p100,2035,P_mix,Asia-Pacific,1.64,0.14512331514804847,287.3790904180685,88.25741192763347,4.919824494649067,380.556326840351,175.23740373094333,0.26,171.9,728.9,134.6,6733.0
PS,500,1.0,t500p100,2035,P_mix,Asia-Pacific,1.64,0.14512331514804847,287.3790904180685,88.25741192763347,4.919824494649067,380.556326840351,175.23740373094333,0.26,171.9,728.9,134.6,6733.0
PT,50,1.0,t50p100,2035,P_mix,Europe,1.761,0.399268985859118,130.41853961304733,66.04156981130674,5.282548678487059,201.74265810284115,74.0656911374073,0.667,64.4,310.4,140.1,6088.8
PT,100,1.0,t100p100,2035,P_mix,Europe,1.715,0.27561225819648927,126.46831531633023,57.61860137063681,5.144412188268631,189.23132887523568,73.75088388410808,0.685,53.4,251.0,136.2,5112.9
PT,150,1.0,t150p100,2035,P_mix,Europe,1.803,0.1955002779364839,132.1287938490287,48.60205627824407,5.409666265546363,186.1405163928191,73.27372190621662,0.458,83.4,403.8,98.0,3184.5
PT,200,1.0,t200p100,2035,P_mix,Europe,1.775,0.16304838744426417,129.71902084228748,45.54029172800679,5.325776978846804,180.5850895491411,73.07047667833935,0.473,73.7,348.2,88.9,3287.8
PT,300,1.0,t300p100,2035,P_mix,Europe,1.775,0.16304838744426417,129.71902084228748,45.54029172800679,5.325776978846804,180.5850895491411,73.07047667833935,0.473,73.7,348.2,88.9,3287.8
PT,500,1.0,t500p100,2035,P_mix,Europe,1.74,0.16261349161894853,127.15802275278827,45.2902492585764,5.220810648568108,177.66908265993277,73.06797620844375,0.513,64.9,311.4,92.5,3459.1
PY,50,1.0,t50p100,2035,P_mix,Latin America,1.767,0.3345005566464188,127.0811636671658,65.61863434584983,5.301281384549014,198.0010793975646,71.91534712959395,0.384,114.6,529.4,83.5,5606.7
PY,100,1.0,t100p100,2035,P_mix,Latin America,1.662,0.21786247532264677,119.41527705215479,60.379791065826645,4.987395298044498,184.78246341602593,71.83024599973616,0.655,60.6,194.3,129.7,6094.1
PY,150,1.0,t150p100,2035,P_mix,Latin America,1.662,0.21786247532264677,119.41527705215479,60.379791065826645,4.987395298044498,184.78246341602593,71.83024599973616,0.655,60.6,194.3,129.7,6094.1
PY,200,1.0,t200p100,2035,P_mix,Latin America,1.457,0.1749362203311579,104.09793750357392,56.14791637728928,4.370984621754459,164.61683850261767,71.44701698478416,0.569,64.8,259.2,111.8,5308.3
PY,300,1.0,t300p100,2035,P_mix,Latin America,1.564,0.15475968645563706,111.04705919232087,56.238591983412626,4.691173038426078,171.97682421415956,71.01447225420047,0.727,44.0,122.3,119.0,6198.7
PY,500,1.0,t500p100,2035,P_mix,Latin America,1.564,0.15475968645563706,111.04705919232087,56.238591983412626,4.691173038426078,171.97682421415956,71.01447225420047,0.727,44.0,122.3,119.0,6198.7
RO,50,1.0,t50p100,2035,P_mix,Europe,2.148,0.33735250684642976,133.94005433909075,75.15587443966785,6.444467230405693,215.5403960091643,62.35118414776641,0.906,18.5,52.4,154.6,9433.4
RO,100,1.0,t100p100,2035,P_mix,Europe,2.033,0.19901210801047364,126.8077052693496,68.72902723879753,6.098880415210638,201.63561292335777,62.37589359176005,0.785,33.9,118.8,142.1,8016.1
RO,150,1.0,t150p100,2035,P_mix,Europe,2.03,0.19979105190479218,126.64631559917761,68.04194432815554,6.0907703100285895,200.77903023736172,62.379457352373684,0.791,33.4,116.3,141.9,7914.2
RO,200,1.0,t200p100,2035,P_mix,Europe,1.988,0.14706383019441252,124.5131537387693,62.29932931772895,5.964821317074314,192.77730437357258,62.62374702609278,0.778,29.6,107.2,129.7,7255.5
RO,300,1.0,t300p100,2035,P_mix,Europe,1.935,0.1417455346644501,121.29129430362151,58.006147404070504,5.805750657759102,185.10319236545112,62.67473482082189,0.819,24.3,72.9,120.3,6967.9
RO,500,1.0,t500p100,2035,P_mix,Europe,1.935,0.1417455346644501,121.29129430362151,58.006147404070504,5.805750657759102,185.10319236545112,62.67473482082189,0.819,24.3,72.9,120.3,6967.9
RU,50,1.0,t50p100,2035,P_mix,Europe,1.8,0.34124892885185215,109.7393015995264,148.31856649382271,5.39997513037558,263.4578432237247,60.96655944703972,0.95,13.6,33.5,173.3,22549.1
RU,100,1.0,t100p100,2035,P_mix,Europe,1.775,0.19773218911821538,108.08769230468963,135.40834210365583,5.325163697578347,248.8211981059238,60.89260261830623,0.929,11.2,44.6,176.0,20058.4
RU,150,1.0,t150p100,2035,P_mix,Europe,1.673,0.17669373477544542,102.0925222038947,120.10450645992579,5.018184392470553,227.21521305629105,61.033541746937914,0.923,15.3,45.3,160.7,17597.2
RU,200,1.0,t200p100,2035,P_mix,Europe,1.808,0.15735855819021816,110.87611039624521,121.50415566998332,5.422912762977156,237.8031788292057,61.337577373478474,0.885,19.2,60.6,159.6,17752.5
RU,300,1.0,t300p100,2035,P_mix,Europe,1.835,0.14996475555922248,112.75557960249463,110.43016704261927,5.505230034528912,228.6909766796428,61.444614791001975,0.895,17.8,53.0,144.1,16169.5
RU,500,1.0,t500p100,2035,P_mix,Europe,1.835,0.14996475555922248,112.75557960249463,110.43016704261927,5.505230034528912,228.6909766796428,61.444614791001975,0.895,17.8,53.0,144.1,16169.5
RW,50,1.0,t50p100,2035,P_mix,Africa/MENA,1.469,0.3743217817463563,246.19823984258014,108.36699712046014,4.406672108739179,358.9719090717794,167.60827701770174,0.199,171.5,836.9,55.5,11701.4
RW,100,1.0,t100p100,2035,P_mix,Africa/MENA,1.469,0.3743217817463563,246.19823984258014,108.36699712046014,4.406672108739179,358.9719090717794,167.60827701770174,0.199,171.5,836.9,55.5,11701.4
RW,150,1.0,t150p100,2035,P_mix,Africa/MENA,1.403,0.2219451029758535,230.20648824915105,105.98846001679487,4.208845656802306,340.4037939227482,164.08761951897077,0.228,141.8,705.3,63.0,12166.4
RW,200,1.0,t200p100,2035,P_mix,Africa/MENA,1.451,0.1745444361228813,233.81571051429486,107.478556777795,4.3520774140150555,345.6463447061049,161.1752422610868,0.237,133.9,631.8,67.0,12881.7
RW,300,1.0,t300p100,2035,P_mix,Africa/MENA,1.318,0.1370009692436037,207.95507585061793,91.76718132864762,3.952529637194092,303.67478681645963,157.83948124794665,0.348,92.9,416.4,72.6,11581.3
RW,500,1.0,t500p100,2035,P_mix,Africa/MENA,1.318,0.1370009692436037,207.95507585061793,91.76718132864762,3.952529637194092,303.67478681645963,157.83948124794665,0.348,92.9,416.4,72.6,11581.3
SA,50,1.0,t50p100,2035,P_mix,Asia-Pacific,1.731,0.2834575281645483,76.13734407890036,72.88223895723857,5.1922862790398225,154.21186931517877,43.99064688685438,0.741,40.0,160.2,127.9,8816.1
SA,100,1.0,t100p100,2035,P_mix,Asia-Pacific,1.644,0.19169514978367966,72.2200771901382,80.70798402537461,4.931314721770205,157.859375937283,43.93559198603296,0.73,43.3,153.5,129.3,10232.1
SA,150,1.0,t150p100,2035,P_mix,Asia-Pacific,1.683,0.16900433084673785,73.99686658774202,67.32507073566478,5.04970246448588,146.37163978789266,43.96112470476537,0.639,50.8,219.6,113.3,7691.4
SA,200,1.0,t200p100,2035,P_mix,Asia-Pacific,1.6,0.13873739804410598,70.51403654823604,57.4617069172135,4.801308659603337,132.77705212505288,44.059260639615644,0.689,42.5,149.3,101.2,6705.1
SA,300,1.0,t300p100,2035,P_mix,Asia-Pacific,1.626,0.13318329575294555,71.66217518657382,49.10346464792604,4.876750475412964,125.64239030991283,44.08397080055961,0.633,46.9,168.9,93.8,5193.9
SA,500,1.0,t500p100,2035,P_mix,Asia-Pacific,1.626,0.13318329575294555,71.66217518657382,49.10346464792604,4.876750475412964,125.64239030991283,44.08397080055961,0.633,46.9,168.9,93.8,5193.9
SE,50,1.0,t50p100,2035,P_mix,Europe,2.384,0.35289998475131035,171.62230871182848,186.86451642709144,7.153353431568836,365.64017857048873,71.97560291978556,0.935,17.0,53.0,167.6,29608.7
SE,100,1.0,t100p100,2035,P_mix,Europe,2.109,0.20035591562713814,151.17154212404756,115.57681535147186,6.326205472226665,273.07456294774613,71.68825425654657,0.906,16.8,65.8,196.9,15719.1
SE,150,1.0,t150p100,2035,P_mix,Europe,2.372,0.16518039348417277,171.74208046998527,107.429795330995,7.116217808864451,286.28809360984474,72.40169641352927,0.88,25.2,79.4,160.1,14989.5
SE,200,1.0,t200p100,2035,P_mix,Europe,2.273,0.16427443504235617,164.82611756352648,113.12101383127701,6.8193122669155075,284.766443661719,72.51146938813513,0.897,20.9,67.0,145.0,16524.3
SE,300,1.0,t300p100,2035,P_mix,Europe,2.227,0.160524966593997,161.7703316847099,104.05208065195755,6.681735515415617,272.50414785208307,72.63247608865301,0.884,21.7,77.4,139.3,14929.2
SE,500,1.0,t500p100,2035,P_mix,Europe,2.227,0.160524966593997,161.7703316847099,104.05208065195755,6.681735515415617,272.50414785208307,72.63247608865301,0.884,21.7,77.4,139.3,14929.2
SK,50,1.0,t50p100,2035,P_mix,Europe,3.343,0.4084250224533385,306.8455013532153,219.7261663497881,10.028528181763866,536.6001958847672,91.79178513289438,0.645,83.9,398.4,290.1,29803.2
SK,100,1.0,t100p100,2035,P_mix,Europe,2.693,0.23948923470748587,246.7796422784247,210.38243136038875,8.080044540540715,465.2421181793542,91.62559972543538,0.63,75.5,343.4,200.1,30761.8
SK,150,1.0,t150p100,2035,P_mix,Europe,2.713,0.23904130103436455,248.59308164810588,209.28163335079537,8.138936305996868,466.0136513048981,91.63104574179029,0.628,76.5,348.5,202.6,30456.7
SK,200,1.0,t200p100,2035,P_mix,Europe,2.963,0.16528917989749914,269.2694369397402,154.04032202647517,8.887662341092321,432.19742130730776,90.89097670647304,0.636,64.9,274.0,224.4,20353.3
SK,300,1.0,t300p100,2035,P_mix,Europe,2.921,0.15855638749174059,265.23891821318864,144.75523436126656,8.76209370705535,418.7562462815105,90.81354083200952,0.648,56.6,248.6,215.8,19095.3
SK,500,1.0,t500p100,2035,P_mix,Europe,2.921,0.15855638749174059,265.2389182131887,144.75523436126656,8.762093707055351,418.75624628151064,90.81354083200954,0.648,56.6,248.6,215.8,19095.3
SN,50,1.0,t50p100,2035,P_mix,Africa/MENA,2.134,0.2826008093581016,124.84427136919082,56.15660891823418,6.401348579235233,187.40222886666027,58.50842357225874,0.394,111.5,503.8,84.8,4029.8
SN,100,1.0,t100p100,2035,P_mix,Africa/MENA,2.037,0.20615400740559123,119.10385323721673,54.979837718250764,6.109645423164789,180.19333637863227,58.48319091594063,0.312,117.3,605.9,73.2,3393.8
SN,150,1.0,t150p100,2035,P_mix,Africa/MENA,1.822,0.17065860221660853,106.49694899110978,49.97247329211168,5.467023155441359,161.93644543866282,58.43963668881436,0.316,107.9,513.8,69.5,3241.8
SN,200,1.0,t200p100,2035,P_mix,Africa/MENA,1.934,0.13778520642408673,112.5085927153464,46.14209475913353,5.800583271279579,164.45127074575947,58.18824803657751,0.474,88.3,317.9,89.2,3472.6
SN,300,1.0,t300p100,2035,P_mix,Africa/MENA,1.934,0.13778520642408673,112.5085927153464,46.14209475913353,5.800583271279579,164.45127074575947,58.18824803657751,0.474,88.3,317.9,89.2,3472.6
SN,500,1.0,t500p100,2035,P_mix,Africa/MENA,1.934,0.13778520642408673,112.5085927153464,46.14209475913353,5.800583271279579,164.45127074575947,58.18824803657751,0.474,88.3,317.9,89.2,3472.6
SR,50,1.0,t50p100,2035,P_mix,Latin America,1.665,0.28870894924648216,252.29226679478484,98.28165724545993,4.995045324951331,355.5689693651961,151.52551201159014,0.316,119.8,544.3,85.0,11422.6
SR,100,1.0,t100p100,2035,P_mix,Latin America,1.603,0.1985756159889685,244.7210618065254,84.60145427475561,4.807994489712669,334.1305105709937,152.6963450125431,0.322,101.2,495.1,92.6,9189.2
SR,150,1.0,t150p100,2035,P_mix,Latin America,1.542,0.15310188788191753,234.24970349724165,83.08000072193279,4.626623766783473,321.9563279859579,151.89242651132773,0.317,101.4,425.3,78.8,9706.8
SR,200,1.0,t200p100,2035,P_mix,Latin America,1.542,0.15310188788191753,234.24970349724165,83.08000072193279,4.626623766783473,321.9563279859579,151.89242651132773,0.317,101.4,425.3,78.8,9706.8
SR,300,1.0,t300p100,2035,P_mix,Latin America,1.561,0.148726606827158,234.4625261162485,86.4585637326852,4.68156572730934,325.602655576243,150.2462251561729,0.322,104.6,423.8,75.1,10403.1
SR,500,1.0,t500p100,2035,P_mix,Latin America,1.561,0.148726606827158,234.46252611624848,86.4585637326852,4.681565727309339,325.602655576243,150.24622515617287,0.322,104.6,423.8,75.1,10403.1
SV,50,1.0,t50p100,2035,P_mix,North America,1.557,0.4530650577840501,111.76030225685003,76.31765520838498,4.670563840546684,192.74852130578168,71.78595951518038,0.081,240.4,1197.5,44.2,3220.0
SV,100,1.0,t100p100,2035,P_mix,North America,1.491,0.28160900214774426,105.82294483656842,60.6441140544749,4.473500685727992,170.94055957677134,70.96653310516746,0.08,229.5,1051.6,44.3,1375.8
SV,150,1.0,t150p100,2035,P_mix,North America,1.484,0.2810597188725012,105.27966558560662,58.02998442227604,4.450567124439937,167.7602171323226,70.96601128031858,0.095,212.5,986.9,45.1,1431.2
SV,200,1.0,t200p100,2035,P_mix,North America,1.435,0.2655062064548548,101.67474899643965,61.11340154606603,4.30368476832643,167.0918353108321,70.87513686740888,0.168,176.5,796.3,64.4,3036.4
SV,300,1.0,t300p100,2035,P_mix,North America,1.361,0.1497282089495962,94.72430509708306,55.12055457617999,4.083757189565312,153.92861686282836,69.58614386216655,0.126,175.3,780.4,47.5,2473.4
SV,500,1.0,t500p100,2035,P_mix,North America,1.361,0.1497282089495962,94.72430509708306,55.12055457617999,4.083757189565312,153.92861686282836,69.58614386216655,0.126,175.3,780.4,47.5,2473.4
TH,50,1.0,t50p100,2035,P_mix,Asia-Pacific,1.924,0.3628164153445125,119.12836261001539,70.42730810581706,5.771572137814674,195.32724285364708,61.92161845963962,0.199,163.5,868.9,45.4,4851.3
TH,100,1.0,t100p100,2035,P_mix,Asia-Pacific,1.707,0.23494802223750727,105.4236290332581,74.79398080111616,5.119874508624781,185.33748434299903,61.77317169922714,0.338,113.0,589.6,69.7,7257.9
TH,150,1.0,t150p100,2035,P_mix,Asia-Pacific,1.607,0.187712335348925,99.03416094033933,62.03638765922667,4.8214393162487825,165.89198791581478,61.62111837014112,0.356,96.0,513.3,71.7,5496.9
TH,200,1.0,t200p100,2035,P_mix,Asia-Pacific,1.536,0.14398580991433504,94.27217488458928,59.71637334907982,4.6084896831302355,158.59703791679937,61.36859233710384,0.379,85.1,445.0,66.0,5743.6
TH,300,1.0,t300p100,2035,P_mix,Asia-Pacific,1.591,0.14189763014501652,97.60990110584844,55.92880483717293,4.77378423938018,158.31249018240155,61.341210376019504,0.387,86.5,410.0,66.9,5240.5
TH,500,1.0,t500p100,2035,P_mix,Asia-Pacific,1.591,0.14189763014501652,97.60990110584844,55.92880483717293,4.77378423938018,158.31249018240155,61.341210376019504,0.387,86.5,410.0,66.9,5240.5
TN,50,1.0,t50p100,2035,P_mix,Africa/MENA,1.823,0.30636398796218955,75.83917665362495,63.30600337913394,5.469831858310641,144.61501189106954,41.59497693063276,0.836,34.1,107.9,145.5,7005.7
TN,100,1.0,t100p100,2035,P_mix,Africa/MENA,1.77,0.20587487496051363,73.53627030665153,60.520348172265805,5.311050793869024,139.36766927278637,41.53769554880134,0.755,46.3,155.8,134.4,6365.3
TN,150,1.0,t150p100,2035,P_mix,Africa/MENA,1.77,0.20587487496051363,73.53627030665153,60.520348172265805,5.311050793869024,139.36766927278637,41.53769554880134,0.755,46.3,155.8,134.4,6365.3
TN,200,1.0,t200p100,2035,P_mix,Africa/MENA,1.647,0.14308332557692952,69.44264804743482,52.37390892883417,4.93960132353065,126.75615829979964,42.17505229620352,0.813,30.6,92.1,122.5,5705.1
TN,300,1.0,t300p100,2035,P_mix,Africa/MENA,1.751,0.13843215974260728,73.88400758690578,44.22145376362699,5.252975413285262,123.35843676381803,42.19551879114748,0.802,29.8,93.9,121.3,4234.0
TN,500,1.0,t500p100,2035,P_mix,Africa/MENA,1.751,0.13843215974260728,73.88400758690578,44.22145376362699,5.252975413285262,123.35843676381803,42.19551879114748,0.802,29.8,93.9,121.3,4234.0
TR,50,1.0,t50p100,2035,P_mix,Asia-Pacific,3.159,0.3760061557114828,174.40046744444047,89.12658500323965,9.478168082128429,273.0052205298086,55.20068833974844,0.36,136.7,735.9,114.5,7630.2
TR,100,1.0,t100p100,2035,P_mix,Asia-Pacific,2.452,0.22647156605689886,135.31219238944507,102.93484449019208,7.3566415661494045,245.60367844578656,55.17960519324452,0.459,108.1,491.4,97.7,12395.1
TR,150,1.0,t150p100,2035,P_mix,Asia-Pacific,2.528,0.22506678096873306,139.5251054590593,94.27140629815965,7.585420604061366,241.3819323612803,55.18155659727903,0.456,106.6,491.6,96.0,10857.3
TR,200,1.0,t200p100,2035,P_mix,Asia-Pacific,2.85,0.1581972694330468,157.01611680277057,60.33413320219539,8.551386293610465,225.90163629857642,55.084442947019795,0.354,110.1,572.3,93.4,4146.4
TR,300,1.0,t300p100,2035,P_mix,Asia-Pacific,2.611,0.14709939647980114,143.78948274911883,55.924834294885635,7.833287940437361,207.54760498444185,55.068631656003255,0.346,101.6,510.1,75.7,4250.7
TR,500,1.0,t500p100,2035,P_mix,Asia-Pacific,2.611,0.14709939647980114,143.78948274911883,55.924834294885635,7.833287940437361,207.54760498444185,55.068631656003255,0.346,101.6,510.1,75.7,4250.7
TW,50,1.0,t50p100,2035,P_mix,Asia-Pacific,1.34,0.4961870564801451,299.79204246341226,111.36558084864745,4.019171917109256,415.176795229169,223.77149968670713,0.231,207.5,1183.0,129.8,7865.7
TW,100,1.0,t100p100,2035,P_mix,Asia-Pacific,1.29,0.30686645354931835,262.3732359190393,95.53641122993095,3.8714317939887946,361.7810789429591,203.31488442577887,0.221,187.5,997.6,102.9,6994.6
TW,150,1.0,t150p100,2035,P_mix,Asia-Pacific,1.329,0.22912235942972733,254.59225524378954,85.01778615145143,3.986412710318135,343.5964541055591,191.5950056436618,0.252,180.9,877.1,104.1,5868.3
TW,200,1.0,t200p100,2035,P_mix,Asia-Pacific,1.511,0.1425107502883773,275.4552635781306,96.36429844026404,4.533382086370838,376.3529441047655,182.2846111336563,0.151,242.2,1108.2,60.1,7066.8
TW,300,1.0,t300p100,2035,P_mix,Asia-Pacific,1.373,0.1341041788860176,244.1059497023626,87.92708980933455,4.11926486650956,336.15230437820674,177.77877190199078,0.174,204.6,896.5,56.9,7268.3
TW,500,1.0,t500p100,2035,P_mix,Asia-Pacific,1.329,0.1334936709087251,236.0230727016221,89.28271316170438,3.986742651518187,329.29252851484466,177.60595052084116,0.188,189.4,836.5,54.3,8093.3
UA,50,1.0,t50p100,2035,P_mix,Europe,1.84,0.3687139412002175,117.72591012489997,102.806416631965,5.519389339769732,226.0517160966347,63.98855174609491,0.594,76.6,378.5,107.9,13097.6
UA,100,1.0,t100p100,2035,P_mix,Europe,1.825,0.21907059305866677,116.84170530196499,87.96100287112658,5.476171629773097,210.2788798028647,64.00915449766849,0.48,88.4,432.9,101.1,10099.2
UA,150,1.0,t150p100,2035,P_mix,Europe,1.816,0.21755251484624075,116.23432473494697,88.04933958431064,5.447848025396473,209.73151234465405,64.00747094619328,0.484,87.6,424.5,97.8,10259.1
UA,200,1.0,t200p100,2035,P_mix,Europe,1.646,0.15108572973432974,105.4484436122153,84.38138275943732,4.937006362211041,194.76683273386368,64.07634660105457,0.595,61.0,268.6,103.8,10657.7
UA,300,1.0,t300p100,2035,P_mix,Europe,1.67,0.1441274784830121,106.99864507592012,76.63534440462644,5.008633712088742,188.6426231926353,64.08852267495844,0.544,65.9,301.5,93.7,9235.9
UA,500,1.0,t500p100,2035,P_mix,Europe,1.67,0.1441274784830121,106.99864507592012,76.63534440462644,5.008633712088742,188.6426231926353,64.08852267495844,0.544,65.9,301.5,93.7,9235.9
UG,50,1.0,t50p100,2035,P_mix,Africa/MENA,1.424,0.3838694696067932,178.77413380528225,81.02490749968433,4.272421558527249,264.0714628634938,125.53124593836188,0.288,136.5,675.3,76.3,7492.6
UG,100,1.0,t100p100,2035,P_mix,Africa/MENA,1.38,0.2685963254836875,171.1614682023516,72.38352752469953,4.141297256525021,247.68629298357615,123.9911971539852,0.35,119.1,547.3,98.2,6329.6
UG,150,1.0,t150p100,2035,P_mix,Africa/MENA,1.325,0.23689790682815448,160.99473690556903,76.24862330990234,3.975702329219371,241.2190625446907,121.48399722157721,0.333,122.8,552.2,84.6,7315.1
UG,200,1.0,t200p100,2035,P_mix,Africa/MENA,1.418,0.1818322000715329,168.3096158328624,65.91672689403589,4.25364404461955,238.47998677151782,118.70500733066054,0.273,122.8,560.6,72.0,5682.8
UG,300,1.0,t300p100,2035,P_mix,Africa/MENA,1.275,0.13800610362590576,147.5465367483128,62.20668457017735,3.8249346595389353,213.57815597802912,115.7247507852311,0.465,83.8,319.7,92.4,6363.1
UG,500,1.0,t500p100,2035,P_mix,Africa/MENA,1.275,0.13800610362590576,147.5465367483128,62.20668457017735,3.8249346595389353,213.57815597802912,115.7247507852311,0.465,83.8,319.7,92.4,6363.1
US,50,1.0,t50p100,2035,P_mix,North America,1.589,0.1849617956819893,74.38660074886526,29.355525058281476,4.768072147226555,108.51019795437327,46.80294159902798,0.788,13.9,48.6,88.7,2742.3
US,100,1.0,t100p100,2035,P_mix,North America,1.555,0.12479903537873635,72.65913430654048,25.639467820286118,4.664314108594232,102.96291623542083,46.73300250469578,0.603,26.2,104.8,77.9,1868.9
US,150,1.0,t150p100,2035,P_mix,North America,1.555,0.12479903537873635,72.65913430654048,25.639467820286118,4.664314108594232,102.96291623542083,46.73300250469578,0.603,26.2,104.8,77.9,1868.9
US,200,1.0,t200p100,2035,P_mix,North America,1.454,0.09514565528200032,68.42192071530687,30.23608627257922,4.361462660152698,103.01946964803878,47.06351472896358,0.781,13.7,40.6,83.5,3085.5
US,300,1.0,t300p100,2035,P_mix,North America,1.37,0.08046182648176663,64.51250896643074,27.3661467740368,4.111402284414748,95.99005802488229,47.073361717227954,0.794,10.0,37.4,74.6,2832.3
US,500,1.0,t500p100,2035,P_mix,North America,1.37,0.08046182648176663,64.51250896643074,27.3661467740368,4.111402284414748,95.99005802488229,47.073361717227954,0.794,10.0,37.4,74.6,2832.3
UY,50,1.0,t50p100,2035,P_mix,Latin America,1.676,0.29273296425169765,86.02824672253823,70.59820917152885,5.027766669175501,161.6542225632426,51.33188494006587,0.688,45.7,189.3,123.2,8278.8
UY,100,1.0,t100p100,2035,P_mix,Latin America,1.668,0.18734196822699992,85.57104447588463,70.5134194986502,5.003450792046551,161.08791476658138,51.30721657855087,0.659,46.4,183.0,124.1,8277.1
UY,150,1.0,t150p100,2035,P_mix,Latin America,1.668,0.18734196822699992,85.57104447588463,70.5134194986502,5.003450792046551,161.08791476658138,51.30721657855087,0.659,46.4,183.0,124.1,8277.1
UY,200,1.0,t200p100,2035,P_mix,Latin America,1.579,0.14564599059980052,81.26261458433784,58.91165095663974,4.735758374170856,144.91002391514843,51.47810012492383,0.579,51.9,212.3,107.9,6320.7
UY,300,1.0,t300p100,2035,P_mix,Latin America,1.581,0.14578132725977416,81.40252020766432,58.14056894334349,4.743688529866355,144.28677768087417,51.48052176812577,0.558,54.9,225.2,103.6,6179.1
UY,500,1.0,t500p100,2035,P_mix,Latin America,1.581,0.14578132725977416,81.40252020766432,58.14056894334349,4.743688529866355,144.28677768087417,51.48052176812577,0.558,54.9,225.2,103.6,6179.1
UZ,50,1.0,t50p100,2035,P_mix,Asia-Pacific,3.074,0.40334251101022084,245.30126123706987,86.52813140904145,9.222416972299278,341.0518096184106,79.79511075259293,0.243,211.2,1075.7,123.3,4137.5
UZ,100,1.0,t100p100,2035,P_mix,Asia-Pacific,2.823,0.251609746609449,224.2786820174329,75.55229473879169,8.469568502410187,308.30054525863477,79.44159680163557,0.239,175.4,948.6,98.8,3844.5
UZ,150,1.0,t150p100,2035,P_mix,Asia-Pacific,2.734,0.20250894050513232,215.79449912497265,66.26167536954485,8.201439418042293,290.25761391255975,78.93535078132098,0.277,157.6,782.5,100.5,3317.6
UZ,200,1.0,t200p100,2035,P_mix,Asia-Pacific,2.546,0.17675650745640992,200.0185966257468,70.80146551232664,7.639085010015686,278.45914714808913,78.55074123281834,0.183,185.5,939.6,60.1,3918.6
UZ,300,1.0,t300p100,2035,P_mix,Asia-Pacific,2.389,0.15632288347421214,187.25786305404105,59.26300996175552,7.168151777576409,253.68902479337297,78.37077207537376,0.251,136.4,670.1,72.1,3640.2
UZ,500,1.0,t500p100,2035,P_mix,Asia-Pacific,2.389,0.15632288347421214,187.25786305404105,59.26300996175552,7.168151777576409,253.68902479337297,78.37077207537376,0.251,136.4,670.1,72.1,3640.2
VN,50,1.0,t50p100,2035,P_mix,Asia-Pacific,2.36,0.3547854543001649,142.66296676336486,63.09789706554318,7.080550929868639,212.8414147587767,60.44570606570532,0.392,119.9,615.1,114.0,3784.0
VN,100,1.0,t100p100,2035,P_mix,Asia-Pacific,2.162,0.24127898050467253,130.52809287742616,56.34435962015955,6.485800677442998,193.35825317502872,60.37562640402643,0.336,117.0,608.1,83.1,3385.6
VN,150,1.0,t150p100,2035,P_mix,Asia-Pacific,2.137,0.1872300542547369,128.579959483105,63.415244271999384,6.411755734085645,198.40695948919,60.16134962825829,0.385,104.0,505.5,97.2,5099.2
VN,200,1.0,t200p100,2035,P_mix,Asia-Pacific,1.956,0.13711599711578498,117.10605012913084,61.73859059833572,5.868962657827731,184.71360338529428,59.860348560715934,0.351,104.6,525.0,76.2,5184.1
VN,300,1.0,t300p100,2035,P_mix,Asia-Pacific,1.947,0.13588511309248977,116.48051506947631,58.062236874245976,5.842210069702724,180.384962013425,59.81324550799853,0.327,109.3,534.5,72.1,4514.9
VN,500,1.0,t500p100,2035,P_mix,Asia-Pacific,1.947,0.1358851130924898,116.48051506947631,58.062236874245976,5.842210069702724,180.384962013425,59.81324550799853,0.327,109.3,534.5,72.1,4514.9
ZA,50,1.0,t50p100,2035,P_mix,Africa/MENA,1.675,0.2405733849347442,91.99633196792968,48.095165890082555,5.024733957771959,145.1162318157842,54.92609125641479,0.687,38.0,125.1,122.0,4658.9
ZA,100,1.0,t100p100,2035,P_mix,Africa/MENA,1.675,0.2405733849347442,91.99633196792968,48.095165890082555,5.024733957771959,145.1162318157842,54.92609125641479,0.687,38.0,125.1,122.0,4658.9
ZA,150,1.0,t150p100,2035,P_mix,Africa/MENA,1.589,0.16709880313129574,87.34351987928883,44.97897592908628,4.767935618335421,137.09043142671052,54.95681582406652,0.515,57.2,206.2,106.2,3806.1
ZA,200,1.0,t200p100,2035,P_mix,Africa/MENA,1.47,0.11377317068475219,80.32785789391627,41.97884022670719,4.409914789060342,126.71661290968382,54.64585716702637,0.725,28.3,80.9,105.8,4306.1
ZA,300,1.0,t300p100,2035,P_mix,Africa/MENA,1.435,0.10743602429929158,78.35495757065166,38.98189903243612,4.3059813102589635,121.64283791334672,54.59031421058768,0.583,42.9,132.5,90.0,3702.5
ZA,500,1.0,t500p100,2035,P_mix,Africa/MENA,1.435,0.10743602429929158,78.35495757065166,38.98189903243612,4.3059813102589635,121.64283791334672,54.59031421058768,0.583,42.9,132.5,90.0,3702.5
ZM,50,1.0,t50p100,2035,P_mix,Africa/MENA,1.895,0.33175084775617786,102.72845834907862,63.34910931448404,5.685298403763634,171.7628660673263,54.207422928446285,0.454,95.2,369.8,98.4,6007.2
ZM,100,1.0,t100p100,2035,P_mix,Africa/MENA,1.762,0.22281580683362034,95.5141010707586,50.955848354757556,5.284747063751509,151.75469648926767,54.22062773404838,0.355,89.8,428.4,86.4,3696.0
ZM,150,1.0,t150p100,2035,P_mix,Africa/MENA,1.781,0.22179075680575047,96.54900352858398,52.937335017553934,5.342726382540849,154.82906492867875,54.213334138216524,0.35,90.1,431.8,87.7,4003.6
ZM,200,1.0,t200p100,2035,P_mix,Africa/MENA,1.674,0.13211215878672905,90.13822555521263,42.84528916631405,5.0207337005448744,138.00424842207156,53.8595935961095,0.483,69.4,245.2,93.4,3383.5
ZM,300,1.0,t300p100,2035,P_mix,Africa/MENA,1.782,0.12828972758215457,95.88967338369754,42.30337846614415,5.347273170760574,143.54032502060227,53.79733014653068,0.352,89.0,341.1,84.9,2719.7
ZM,500,1.0,t500p100,2035,P_mix,Africa/MENA,1.782,0.12828972758215457,95.88967338369754,42.30337846614415,5.347273170760574,143.54032502060227,53.79733014653068,0.352,89.0,341.1,84.9,2719.7
AE,50,1.0,t50p100,2040,P_mix,Asia-Pacific,1.768,0.3400656981197704,105.64655088546449,49.80513556901714,5.303862220274738,160.75554867475637,59.7563887396713,0.339,103.3,530.8,64.4,4160.7
AE,100,1.0,t100p100,2040,P_mix,Asia-Pacific,1.733,0.21523103103534272,102.95760278314687,42.37411305380998,5.200122805669072,150.5318386426259,59.3972142374625,0.336,94.4,500.0,79.6,2450.9
AE,150,1.0,t150p100,2040,P_mix,Asia-Pacific,1.612,0.17895283220387773,94.82133593622147,44.26731583668663,4.837172139974663,143.92582391288275,58.807914950521976,0.375,82.1,431.4,80.7,3382.3
AE,200,1.0,t200p100,2040,P_mix,Asia-Pacific,1.623,0.17871850845264836,95.52096358242964,42.56274045456492,4.868703808410939,142.9524078454055,58.85814829241336,0.366,82.1,434.4,81.0,2997.1
AE,300,1.0,t300p100,2040,P_mix,Asia-Pacific,1.626,0.12780633352034448,94.61176928326249,33.370952005851386,4.876895351461497,132.85961664057538,58.199999670841464,0.43,81.9,283.0,62.6,2595.7
AE,500,1.0,t500p100,2040,P_mix,Asia-Pacific,1.626,0.12780633352034448,94.61176928326249,33.370952005851386,4.876895351461497,132.85961664057538,58.199999670841464,0.43,81.9,283.0,62.6,2595.7
AF,50,1.0,t50p100,2040,P_mix,Asia-Pacific,1.996,0.3555203407622708,163.4370537531702,58.61014094522534,5.988547666927078,228.03574236532262,81.87480312920442,0.16,172.2,945.5,42.0,3281.5
AF,100,1.0,t100p100,2040,P_mix,Asia-Pacific,1.864,0.22654932417373494,151.47125292428345,58.486601188134145,5.590617676471792,215.5484717888894,81.281494294496,0.202,144.8,825.2,52.2,4006.9
AF,150,1.0,t150p100,2040,P_mix,Asia-Pacific,1.748,0.19319662724719108,140.43460978739597,58.40467830180496,5.244147626511969,204.0834357157129,80.33790414905027,0.282,118.6,625.5,71.3,5002.0
AF,200,1.0,t200p100,2040,P_mix,Asia-Pacific,1.696,0.19338994945028362,136.42410286704134,55.61050208245378,5.08758984642569,197.1221947959208,80.44522474402304,0.273,115.3,621.2,65.2,4648.0
AF,300,1.0,t300p100,2040,P_mix,Asia-Pacific,1.587,0.14376205439700981,126.20424601239858,51.665387530276355,4.761356914722932,182.6309904573979,79.5178233470506,0.279,107.5,519.3,57.3,4790.9
AF,500,1.0,t500p100,2040,P_mix,Asia-Pacific,1.587,0.14376205439700981,126.20424601239858,51.665387530276355,4.761356914722932,182.6309904573979,79.5178233470506,0.279,107.5,519.3,57.3,4790.9
AR,50,1.0,t50p100,2040,P_mix,Latin America,1.682,0.29605192651645307,51.763874194292384,53.133607965837086,5.045105379242,109.94258753937146,30.780649938814026,0.681,56.1,215.3,121.5,5738.2
AR,100,1.0,t100p100,2040,P_mix,Latin America,1.583,0.2083304405182212,48.72840792136368,52.81249331302682,4.749670690772406,106.29057192516291,30.77797036499734,0.658,60.7,220.9,125.7,5472.3
AR,150,1.0,t150p100,2040,P_mix,Latin America,1.572,0.207471530001352,48.39942283751688,52.15164634242422,4.717331892450305,105.2684010723914,30.779744105969492,0.654,61.8,221.1,123.4,5387.7
AR,200,1.0,t200p100,2040,P_mix,Latin America,1.775,0.14556475557914925,54.70078557066758,44.73791122124656,5.323600814798148,104.7622976067123,30.825443608739697,0.617,55.2,213.8,113.3,4231.3
AR,300,1.0,t300p100,2040,P_mix,Latin America,1.727,0.14544449447528188,53.226860178354514,44.820927861915436,5.179828425534094,103.22761646580403,30.82738797831846,0.536,69.4,270.5,100.6,4106.2
AR,500,1.0,t500p100,2040,P_mix,Latin America,1.727,0.14544449447528188,53.226860178354514,44.820927861915436,5.179828425534094,103.22761646580403,30.82738797831846,0.536,69.4,270.5,100.6,4106.2
AT,50,1.0,t50p100,2040,P_mix,Europe,2.607,0.34902001546699524,138.06182208916618,118.91894337092275,7.820523629210058,264.80128908929896,52.96134707917693,1.0,-0.0,-0.0,200.9,19188.7
AT,100,1.0,t100p100,2040,P_mix,Europe,2.408,0.21455305369491887,127.27416895926018,104.8763051346518,7.225396593790218,239.3758706877022,52.84450506231495,0.968,5.0,16.0,191.7,16358.4
AT,150,1.0,t150p100,2040,P_mix,Europe,2.408,0.21455305369491887,127.27416895926018,104.8763051346518,7.225396593790218,239.3758706877022,52.84450506231495,0.968,5.0,16.0,191.7,16358.4
AT,200,1.0,t200p100,2040,P_mix,Europe,2.303,0.15905183830720213,122.47101468475564,99.6772980785449,6.910000953868355,229.0583137171689,53.1712001933345,0.967,4.7,13.0,160.0,16195.7
AT,300,1.0,t300p100,2040,P_mix,Europe,2.204,0.1553733472071871,117.23438338444132,101.45433521357216,6.611353401844264,225.30007199985775,53.196846209312405,0.993,0.9,2.5,153.2,16867.6
AT,500,1.0,t500p100,2040,P_mix,Europe,2.204,0.1553733472071871,117.23438338444132,101.45433521357216,6.611353401844264,225.30007199985775,53.196846209312405,0.993,0.9,2.5,153.2,16867.6
AU,50,1.0,t50p100,2040,P_mix,Asia-Pacific,1.908,0.2801943867388935,76.27709061357409,54.80203168300667,5.724593549188933,136.80371584576972,39.973365772517305,0.561,67.4,257.9,92.0,6545.6
AU,100,1.0,t100p100,2040,P_mix,Asia-Pacific,1.85,0.20895825499014092,73.92155225963049,51.41155324988878,5.548673607181861,130.88177911670113,39.967147552498474,0.476,74.1,320.3,88.6,5460.2
AU,150,1.0,t150p100,2040,P_mix,Asia-Pacific,1.81,0.16235617391586202,72.37280181258599,51.408486983607794,5.431263927038553,129.21255272323233,39.97566834431922,0.476,71.8,285.1,82.3,5893.4
AU,200,1.0,t200p100,2040,P_mix,Asia-Pacific,1.738,0.13025215877945456,69.68537620334521,44.427845156111616,5.213117295197146,119.32633865465397,40.101942229966575,0.535,54.5,214.1,73.4,5308.1
AU,300,1.0,t300p100,2040,P_mix,Asia-Pacific,1.706,0.12032611947074674,68.610464184101,35.628726503402426,5.1167110847549395,109.35590177225839,40.22728450812286,0.41,66.9,262.7,56.3,3520.4
AU,500,1.0,t500p100,2040,P_mix,Asia-Pacific,1.706,0.12032611947074674,68.610464184101,35.628726503402426,5.1167110847549395,109.35590177225839,40.22728450812286,0.41,66.9,262.7,56.3,3520.4
BD,50,1.0,t50p100,2040,P_mix,Asia-Pacific,2.018,0.38153112378716025,146.746088169003,66.83605472966332,6.053468045722642,219.63561094438896,72.72496710676108,0.073,235.7,1277.4,27.1,2664.8
BD,100,1.0,t100p100,2040,P_mix,Asia-Pacific,1.957,0.26323873270862497,141.59267441606636,64.90901934287209,5.86987799570432,212.3715717546428,72.36573290945033,0.103,205.7,1111.2,39.0,3290.2
BD,150,1.0,t150p100,2040,P_mix,Asia-Pacific,1.87,0.19147517686170898,134.3311013479524,54.7105524002165,5.610678227211567,194.65233197538043,71.82613005489335,0.119,186.0,987.7,42.3,2053.7
BD,200,1.0,t200p100,2040,P_mix,Asia-Pacific,1.795,0.16359255613179094,128.100687272666,59.014367547216416,5.385544355784365,192.50059917566676,71.35807198491204,0.129,177.2,908.5,40.9,3597.0
BD,300,1.0,t300p100,2040,P_mix,Asia-Pacific,1.621,0.15140255868281727,115.25480121368967,45.09705266311008,4.861596355172645,165.2134502319724,71.12157784822712,0.151,150.9,745.0,34.9,2168.7
BD,500,1.0,t500p100,2040,P_mix,Asia-Pacific,1.621,0.15140255868281727,115.25480121368967,45.09705266311008,4.861596355172645,165.2134502319724,71.12157784822712,0.151,150.9,745.0,34.9,2168.7
BE,50,1.0,t50p100,2040,P_mix,Europe,2.652,0.27381450690406944,86.54855486544756,71.07123792334247,7.954603900266205,165.57439668905621,32.64092943554952,0.768,45.4,148.9,133.2,9699.1
BE,100,1.0,t100p100,2040,P_mix,Europe,2.584,0.17504980097482986,83.12868940985591,68.57391071482218,7.752550569675898,159.45515069435396,32.168260753439654,0.655,58.4,225.1,126.1,8757.3
BE,150,1.0,t150p100,2040,P_mix,Europe,2.578,0.12699731851542984,85.36094136136391,55.230890646623855,7.734665013438893,148.32649702142666,33.10845700998615,0.673,49.8,180.8,105.3,6924.4
BE,200,1.0,t200p100,2040,P_mix,Europe,2.368,0.12365512609776852,79.12707234538227,60.91825211267781,7.1026794103205315,147.1480038683806,33.42136161899901,0.755,38.2,123.7,107.2,8546.7
BE,300,1.0,t300p100,2040,P_mix,Europe,2.396,0.12201586411789231,80.20957821306607,57.626910614220364,7.187738312535959,145.0242271398224,33.47767046826366,0.76,36.2,121.8,106.3,7911.7
BE,500,1.0,t500p100,2040,P_mix,Europe,2.396,0.12201586411789232,80.20957821306607,57.626910614220364,7.187738312535959,145.0242271398224,33.47767046826366,0.76,36.2,121.8,106.3,7911.7
BF,50,1.0,t50p100,2040,P_mix,Africa/MENA,1.736,0.3808304148781697,121.78892651407331,61.12879372620423,5.206759766479247,188.12448000675678,70.17162226197303,0.167,184.5,905.0,54.5,3609.2
BF,100,1.0,t100p100,2040,P_mix,Africa/MENA,1.747,0.26813285078845256,121.6270759882288,49.61715517961574,5.2423353853461965,176.48656655319073,69.60280126003245,0.137,183.1,924.0,47.3,1289.1
BF,150,1.0,t150p100,2040,P_mix,Africa/MENA,1.565,0.2157790261286861,108.2955409913097,41.70418333162303,4.69610353760264,154.69582786053536,69.18216780624563,0.179,149.3,678.7,43.5,1664.8
BF,200,1.0,t200p100,2040,P_mix,Africa/MENA,1.629,0.16133316376863274,110.18895201319262,46.389805639901546,4.887954735330189,161.46671238842433,67.62887013871827,0.2,150.7,660.6,58.5,2326.7
BF,300,1.0,t300p100,2040,P_mix,Africa/MENA,1.66,0.15157138470521245,112.0050519671978,52.531982738635755,4.979981874810081,169.51701658064366,67.47316844690491,0.19,151.6,673.0,56.7,3573.9
BF,500,1.0,t500p100,2040,P_mix,Africa/MENA,1.66,0.15157138470521245,112.0050519671978,52.531982738635755,4.979981874810081,169.51701658064366,67.47316844690491,0.19,151.6,673.0,56.7,3573.9
BG,50,1.0,t50p100,2040,P_mix,Europe,1.722,0.35732339055238477,90.36374276308008,61.97118827582366,5.16474570697291,157.49967674587668,52.488785250983554,0.782,42.8,169.9,135.6,7606.7
BG,100,1.0,t100p100,2040,P_mix,Europe,1.692,0.213964156018972,88.82377893105472,55.077183317623536,5.077285113729367,148.97824736240764,52.483035879274404,0.715,46.8,189.3,132.9,6076.5
BG,150,1.0,t150p100,2040,P_mix,Europe,1.691,0.21450302011356476,88.73723013010425,54.67658735223492,5.072179197687987,148.48599668002717,52.48467769270813,0.717,46.9,188.5,133.0,5991.1
BG,200,1.0,t200p100,2040,P_mix,Europe,1.571,0.14821505012208683,82.60842487685508,58.8157173067742,4.713798268899622,146.1379404525289,52.574433714240584,0.744,36.6,136.8,128.6,7421.5
BG,300,1.0,t300p100,2040,P_mix,Europe,1.549,0.14080500514197566,81.46671767126426,50.48666033635099,4.647102202718552,136.6004802103338,52.591947056989405,0.748,35.2,127.8,117.7,6057.4
BG,500,1.0,t500p100,2040,P_mix,Europe,1.549,0.14080500514197566,81.46671767126426,50.48666033635099,4.647102202718552,136.6004802103338,52.591947056989405,0.748,35.2,127.8,117.7,6057.4
BH,50,1.0,t50p100,2040,P_mix,Asia-Pacific,2.092,0.38760772416404105,112.81638470897813,71.14963389595007,6.276684266258991,190.2427028711872,53.921647126063725,0.381,121.8,625.3,77.5,7468.2
BH,100,1.0,t100p100,2040,P_mix,Asia-Pacific,1.95,0.2546792744779536,105.01302573864135,72.40461168845862,5.849887183411834,183.26752461051183,53.8538722779578,0.243,133.6,766.8,63.0,7103.6
BH,150,1.0,t150p100,2040,P_mix,Asia-Pacific,1.865,0.20841816321362605,100.01654106569912,60.877820446233976,5.594887558725397,166.48924907065847,53.629249926418986,0.362,96.9,545.1,85.4,5843.6
BH,200,1.0,t200p100,2040,P_mix,Asia-Pacific,1.865,0.20841816321362605,100.01654106569912,60.877820446233976,5.594887558725397,166.48924907065847,53.629249926418986,0.362,96.9,545.1,85.4,5843.6
BH,300,1.0,t300p100,2040,P_mix,Asia-Pacific,1.929,0.14778625792412944,102.55619722238454,43.2602374027257,5.786929013440783,151.60336363855103,53.16612506435771,0.231,116.0,587.0,44.0,2883.5
BH,500,1.0,t500p100,2040,P_mix,Asia-Pacific,1.929,0.14778625792412944,102.55619722238454,43.2602374027257,5.786929013440783,151.60336363855103,53.16612506435771,0.231,116.0,587.0,44.0,2883.5
BI,50,1.0,t50p100,2040,P_mix,Africa/MENA,1.574,0.4195943552470656,223.24990278934496,73.52982350533865,4.72288823726639,301.50261453195003,141.80934943226328,0.111,246.2,1155.7,39.6,4420.7
BI,100,1.0,t100p100,2040,P_mix,Africa/MENA,1.531,0.27557041067494087,211.9864788301688,62.990803654210325,4.5938681450275745,279.5711506294067,138.4365890385584,0.132,215.6,989.2,46.0,3404.1
BI,150,1.0,t150p100,2040,P_mix,Africa/MENA,1.472,0.2445929980513224,198.9958661480019,74.61152387504697,4.416030771873905,278.02342079492274,135.18646705232973,0.117,218.9,1098.8,35.9,5375.0
BI,200,1.0,t200p100,2040,P_mix,Africa/MENA,1.492,0.18410460048568666,195.53391953985818,64.72668425002922,4.476952673603526,264.73755646349093,131.0270180156753,0.105,216.7,978.0,34.7,4155.3
BI,300,1.0,t300p100,2040,P_mix,Africa/MENA,1.303,0.13308685607327342,165.66265792559216,57.33562403883273,3.908233934260629,226.9065158986855,127.16433615195002,0.176,165.7,671.4,37.5,5012.5
BI,500,1.0,t500p100,2040,P_mix,Africa/MENA,1.303,0.13308685607327342,165.66265792559216,57.33562403883273,3.908233934260629,226.9065158986855,127.16433615195002,0.176,165.7,671.4,37.5,5012.5
BO,50,1.0,t50p100,2040,P_mix,Latin America,2.096,0.39651646960133397,170.4343523743759,67.13845291206013,6.287776517283278,243.8605818037193,81.31698951413169,0.046,244.6,1319.8,17.2,2649.7
BO,100,1.0,t100p100,2040,P_mix,Latin America,1.983,0.267634339791494,160.5406973902711,60.41656370696321,5.949232777303559,226.90649387453786,80.955328224542,0.071,204.2,1126.9,23.9,2691.3
BO,150,1.0,t150p100,2040,P_mix,Latin America,1.827,0.24667546977626495,147.97292737247113,70.73365444694413,5.481414948645019,224.18799676806032,80.98616621373431,0.152,161.4,928.1,44.1,5974.9
BO,200,1.0,t200p100,2040,P_mix,Latin America,1.933,0.22122513841936925,156.1049063804542,55.232520507481766,5.799354062005711,217.13678094994168,80.75291043351051,0.065,193.6,1053.1,21.1,2266.3
BO,300,1.0,t300p100,2040,P_mix,Latin America,1.97,0.15356524886677594,155.5597736975686,48.00714642857478,5.908929133735501,209.47584925987888,78.97866272051245,0.076,191.5,995.1,26.4,1003.4
BO,500,1.0,t500p100,2040,P_mix,Latin America,1.97,0.15356524886677592,155.5597736975686,48.00714642857478,5.908929133735501,209.47584925987888,78.97866272051245,0.076,191.5,995.1,26.4,1003.4
BR,50,1.0,t50p100,2040,P_mix,Latin America,2.248,0.24084481353421774,79.24513895452543,37.18605804661202,6.744689245105459,123.17588624624291,35.247793964132406,0.458,53.0,247.9,68.6,3718.0
BR,100,1.0,t100p100,2040,P_mix,Latin America,2.248,0.24084481353421774,79.24513895452543,37.18605804661202,6.744689245105459,123.17588624624291,35.247793964132406,0.458,53.0,247.9,68.6,3718.0
BR,150,1.0,t150p100,2040,P_mix,Latin America,2.08,0.13415552660482147,73.17774692081905,33.299713593362625,6.238892146294738,112.7163526604764,35.18785637171784,0.493,46.4,192.0,74.5,3162.8
BR,200,1.0,t200p100,2040,P_mix,Latin America,2.021,0.11193957157159508,71.31807050681259,32.696037063916414,6.0618529025705215,110.07596047329953,35.29518366071061,0.537,36.9,176.3,71.8,3304.7
BR,300,1.0,t300p100,2040,P_mix,Latin America,1.945,0.11192032528127609,68.71908552027051,32.53247902574203,5.833638651510073,107.0852031975226,35.33939430880708,0.466,46.7,202.7,61.3,3307.2
BR,500,1.0,t500p100,2040,P_mix,Latin America,1.945,0.1119203252812761,68.71908552027051,32.53247902574203,5.833638651510073,107.0852031975226,35.33939430880708,0.466,46.7,202.7,61.3,3307.2
BY,50,1.0,t50p100,2040,P_mix,Europe,1.902,0.34289055906785004,120.16374921729317,97.72033864940065,5.705047359762971,223.58913522645682,63.18812534219823,0.887,21.8,75.7,168.1,14984.3
BY,100,1.0,t100p100,2040,P_mix,Europe,1.73,0.19259580286032954,109.22001336903568,84.10816097451718,5.1885377418162655,198.5167120853691,63.15074813205631,0.832,30.0,104.8,160.9,12072.7
BY,150,1.0,t150p100,2040,P_mix,Europe,1.73,0.19261687975626432,109.22519102081556,84.08447399877232,5.188781327630275,198.49844634721816,63.15077710397497,0.832,30.0,105.1,160.8,12067.8
BY,200,1.0,t200p100,2040,P_mix,Europe,1.877,0.14793862069637345,119.09503472234475,75.02091605464145,5.631675450323604,199.74762622730978,63.44206219243408,0.901,14.4,46.7,156.3,10822.9
BY,300,1.0,t300p100,2040,P_mix,Europe,1.838,0.14649202331174732,116.6735784853137,70.238605785274,5.512779762676282,192.424964033264,63.492602738408145,0.777,34.2,121.5,126.6,9995.4
BY,500,1.0,t500p100,2040,P_mix,Europe,1.838,0.14649202331174732,116.6735784853137,70.238605785274,5.512779762676282,192.424964033264,63.492602738408145,0.777,34.2,121.5,126.6,9995.4
CA,50,1.0,t50p100,2040,P_mix,North America,1.859,0.24644517096053392,85.39919094672156,31.197573834282526,5.576317709506308,122.17308249051038,45.94386227373819,0.565,46.8,178.5,90.4,2354.8
CA,100,1.0,t100p100,2040,P_mix,North America,1.778,0.1500420019559053,81.70721628802063,27.563309516579086,5.332874742052808,114.60340054665252,45.96426143879511,0.41,60.3,242.9,76.2,1452.0
CA,150,1.0,t150p100,2040,P_mix,North America,1.778,0.15004200195590528,81.70721628802063,27.563309516579086,5.332874742052808,114.60340054665252,45.96426143879511,0.41,60.3,242.9,76.2,1452.0
CA,200,1.0,t200p100,2040,P_mix,North America,1.737,0.13807070435153795,80.25903638210478,28.94102175592622,5.2116139756974,114.41167211372839,46.20010428038173,0.392,60.3,244.3,76.9,1711.2
CA,300,1.0,t300p100,2040,P_mix,North America,1.555,0.11714350393590439,72.23614256959861,28.321707968703468,4.665130004683156,105.22298054298524,46.452816425533776,0.561,44.0,154.0,80.4,2223.9
CA,500,1.0,t500p100,2040,P_mix,North America,1.555,0.11714350393590439,72.23614256959861,28.321707968703468,4.665130004683156,105.22298054298524,46.452816425533776,0.561,44.0,154.0,80.4,2223.9
CH,50,1.0,t50p100,2040,P_mix,Europe,2.24,0.4373382209627441,209.9657126826999,137.09353065178888,6.721462061170463,353.7807053956592,93.71430386953831,0.517,117.9,505.4,167.5,19548.7
CH,100,1.0,t100p100,2040,P_mix,Europe,2.043,0.2816925458598067,190.5590720008986,118.88467258123201,6.1289063573027,315.5726509394333,93.27556707103784,0.536,87.9,431.3,152.0,16934.1
CH,150,1.0,t150p100,2040,P_mix,Europe,2.221,0.1823036605417312,204.8358405549723,94.56237693628482,6.663515541233501,306.0617330324906,92.21971763438945,0.464,96.1,434.7,142.1,12023.2
CH,200,1.0,t200p100,2040,P_mix,Europe,2.124,0.16075544731874372,194.91979711115184,87.78934418796557,6.372994728234007,289.08213602735145,91.75582536461597,0.455,93.7,420.7,127.0,11147.2
CH,300,1.0,t300p100,2040,P_mix,Europe,2.093,0.1611568409291545,192.09056770976815,85.81643061707696,6.278848869061494,284.1858471959066,91.77983339730275,0.467,89.8,387.9,124.4,11060.1
CH,500,1.0,t500p100,2040,P_mix,Europe,2.093,0.1611568409291545,192.09056770976815,85.81643061707696,6.278848869061494,284.1858471959066,91.77983339730275,0.467,89.8,387.9,124.4,11060.1
CL,50,1.0,t50p100,2040,P_mix,Latin America,1.744,0.3248662200198411,65.94090814544066,83.87764223062928,5.232587818783302,155.05113819485325,37.80590623366173,0.835,32.1,126.9,150.0,12169.3
CL,100,1.0,t100p100,2040,P_mix,Latin America,1.744,0.3248662200198411,65.94090814544066,83.87764223062928,5.232587818783302,155.05113819485325,37.80590623366173,0.835,32.1,126.9,150.0,12169.3
CL,150,1.0,t150p100,2040,P_mix,Latin America,1.608,0.20720214816108748,60.91042930995438,80.56579866522331,4.824653494531562,146.30088146970925,37.87448946063743,0.799,43.2,136.9,148.0,11364.8
CL,200,1.0,t200p100,2040,P_mix,Latin America,1.848,0.16551794079371207,69.838862068345,66.87949240616712,5.544690915600314,142.2630453901124,37.7868828748502,0.734,43.0,166.8,138.1,8582.7
CL,300,1.0,t300p100,2040,P_mix,Latin America,1.704,0.15733545888495673,64.34198974208034,65.27674118479506,5.111787856796845,134.73051878367224,37.7609506954765,0.709,49.5,179.3,125.0,8479.2
CL,500,1.0,t500p100,2040,P_mix,Latin America,1.704,0.15733545888495673,64.34198974208034,65.27674118479506,5.111787856796845,134.73051878367224,37.7609506954765,0.709,49.5,179.3,125.0,8479.2
CN,50,1.0,t50p100,2040,P_mix,Asia-Pacific,1.637,0.20808125338987354,72.2229506713969,24.51310455702372,4.9102426543791085,101.64629788279974,44.125895045320924,0.667,30.2,98.1,72.4,2149.7
CN,100,1.0,t100p100,2040,P_mix,Asia-Pacific,1.455,0.1472849035402898,63.978927201619264,29.10466262317215,4.366165256660833,97.44975508145224,43.96003594047368,0.583,37.2,136.2,75.9,2697.2
CN,150,1.0,t150p100,2040,P_mix,Asia-Pacific,1.358,0.08246461195556148,60.03735065164964,30.16335422510606,4.073749250330125,94.27445412708582,44.21284691009223,0.806,16.0,47.3,84.1,3464.4
CN,200,1.0,t200p100,2040,P_mix,Asia-Pacific,1.332,0.08472289255510994,58.944287165600585,27.652895638840253,3.9964020534764013,90.59358485791724,44.24801587292195,0.801,13.1,50.7,80.3,3047.9
CN,300,1.0,t300p100,2040,P_mix,Asia-Pacific,1.324,0.08187127593461596,58.616076569102695,27.916220536713766,3.9714306513573443,90.5037277571738,44.278308031693086,0.81,18.3,45.2,74.1,3270.7
CN,500,1.0,t500p100,2040,P_mix,Asia-Pacific,1.324,0.08187127593461596,58.616076569102695,27.916220536713766,3.9714306513573443,90.5037277571738,44.278308031693086,0.81,18.3,45.2,74.1,3270.7
CO,50,1.0,t50p100,2040,P_mix,Latin America,1.456,0.4478194113430852,112.23985349228165,66.64488992150308,4.367711621110448,183.25245503489518,77.09290120011124,0.105,221.1,1146.3,44.2,3135.0
CO,100,1.0,t100p100,2040,P_mix,Latin America,1.456,0.4478194113430852,112.23985349228165,66.64488992150308,4.367711621110448,183.25245503489518,77.09290120011124,0.105,221.1,1146.3,44.2,3135.0
CO,150,1.0,t150p100,2040,P_mix,Latin America,1.375,0.25894554624657673,102.96999946299228,57.27847876510114,4.1249504033265865,164.37342863142,74.88817274987244,0.134,182.0,897.4,48.4,3050.7
CO,200,1.0,t200p100,2040,P_mix,Latin America,1.375,0.25360041550908213,103.00185976152441,52.652033805782615,4.123891628974114,159.77778519628114,74.9305770097174,0.13,180.8,869.6,48.4,2274.1
CO,300,1.0,t300p100,2040,P_mix,Latin America,1.387,0.16111158277998336,100.11984731013322,62.64407141335459,4.160031597072623,166.92395032056044,72.20126456293276,0.334,112.5,513.5,99.9,5869.0
CO,500,1.0,t500p100,2040,P_mix,Latin America,1.387,0.16111158277998336,100.11984731013322,62.64407141335459,4.160031597072623,166.92395032056044,72.20126456293276,0.334,112.5,513.5,99.9,5869.0
CR,50,1.0,t50p100,2040,P_mix,North America,2.102,0.39731909227807705,280.73031321249186,103.65372324995654,6.304596923132526,390.6886333855809,133.58362951759008,0.138,256.9,1216.3,46.4,10044.0
CR,100,1.0,t100p100,2040,P_mix,North America,2.024,0.2528315886752681,272.829035865771,86.5896951158674,6.0729960999047155,365.49172708154316,134.77484492541558,0.166,225.5,1042.6,65.0,7367.6
CR,150,1.0,t150p100,2040,P_mix,North America,2.034,0.23393991154232874,272.74573835810503,79.5723553087658,6.101460460934747,358.41955412780555,134.10514094341266,0.128,228.5,1069.3,39.9,6407.6
CR,200,1.0,t200p100,2040,P_mix,North America,1.971,0.2225540842800646,263.53368504784555,83.30282066256427,5.91432576273552,352.75083147314535,133.67560172706195,0.144,214.4,994.4,42.9,7727.7
CR,300,1.0,t300p100,2040,P_mix,North America,1.699,0.15321360827627153,218.8286622387848,59.780287628386205,5.098307076260888,283.7072569434319,128.76548565956955,0.222,154.8,700.9,55.8,4905.5
CR,500,1.0,t500p100,2040,P_mix,North America,1.699,0.15321360827627153,218.8286622387848,59.780287628386205,5.098307076260888,283.7072569434319,128.76548565956955,0.222,154.8,700.9,55.8,4905.5
CU,50,1.0,t50p100,2040,P_mix,North America,2.702,0.2946825458754986,115.14702281230412,81.17702551029964,8.104574234934343,204.4286225575381,42.62297542391627,0.369,121.5,616.0,59.0,10161.9
CU,100,1.0,t100p100,2040,P_mix,North America,2.547,0.18033677197131506,108.5537084594489,66.75233781701802,7.642350554023132,182.94839683049005,42.61269135408994,0.315,113.4,619.0,50.6,7432.6
CU,150,1.0,t150p100,2040,P_mix,North America,2.548,0.1803417817580306,108.57826844245422,66.66837628385154,7.644083793607028,182.89072851991278,42.61266806098902,0.314,113.5,620.4,50.4,7409.0
CU,200,1.0,t200p100,2040,P_mix,North America,2.605,0.17624239936239303,111.00622398547777,62.15211215210709,7.814615082672419,180.97295122025727,42.61485286650202,0.304,114.9,629.6,55.8,6235.0
CU,300,1.0,t300p100,2040,P_mix,North America,2.383,0.13262663117059018,101.66886166966391,41.22950493416583,7.149596627946181,150.04796323177592,42.66067036800207,0.257,109.9,576.1,45.2,2550.9
CU,500,1.0,t500p100,2040,P_mix,North America,2.383,0.13262663117059018,101.66886166966391,41.22950493416583,7.149596627946181,150.04796323177592,42.66067036800207,0.257,109.9,576.1,45.2,2550.9
CV,50,1.0,t50p100,2040,P_mix,Africa/MENA,2.637,0.32236936491704904,98.19358042066285,62.665141399339085,7.912155867351005,168.77087768735294,37.23141280337477,0.306,138.0,719.4,63.0,5335.9
CV,100,1.0,t100p100,2040,P_mix,Africa/MENA,2.637,0.32236936491704904,98.19358042066285,62.665141399339085,7.912155867351005,168.77087768735294,37.23141280337477,0.306,138.0,719.4,63.0,5335.9
CV,150,1.0,t150p100,2040,P_mix,Africa/MENA,2.246,0.17827799189568158,83.70467888990852,51.537248796061924,6.73651410160648,141.9784417875769,37.276554740654646,0.344,103.2,552.7,62.7,4427.4
CV,200,1.0,t200p100,2040,P_mix,Africa/MENA,2.163,0.15114507886263512,80.81648491479702,52.86878969181598,6.489133752227761,140.17440835884074,37.36237593517887,0.341,96.7,522.9,57.2,5117.9
CV,300,1.0,t300p100,2040,P_mix,Africa/MENA,2.137,0.15156362923407216,79.84778877789714,54.691373666421676,6.410267655958302,140.9494301002771,37.368699591044034,0.367,91.5,492.4,63.2,5577.0
CV,500,1.0,t500p100,2040,P_mix,Africa/MENA,2.137,0.15156362923407216,79.84778877789714,54.691373666421676,6.410267655958302,140.9494301002771,37.368699591044034,0.367,91.5,492.4,63.2,5577.0
CZ,50,1.0,t50p100,2040,P_mix,Europe,2.539,0.34899079194639115,194.00702447004457,89.81322941579779,7.615505321957014,291.4357592077994,76.42579826345239,0.603,62.3,323.4,124.6,12566.7
CZ,100,1.0,t100p100,2040,P_mix,Europe,2.203,0.21164971107941608,168.42312332909262,92.91584941539044,6.609225839488392,267.9481985839715,76.44910043297757,0.543,66.9,330.7,122.1,13199.2
CZ,150,1.0,t150p100,2040,P_mix,Europe,2.203,0.21164971107941608,168.42312332909262,92.91584941539044,6.609225839488392,267.9481985839715,76.44910043297757,0.543,66.9,330.7,122.1,13199.2
CZ,200,1.0,t200p100,2040,P_mix,Europe,2.399,0.14863130339214423,182.3336230667289,66.78294744395153,7.198057931113916,256.31462844179435,75.99284062938044,0.509,65.4,355.3,95.7,8325.6
CZ,300,1.0,t300p100,2040,P_mix,Europe,2.339,0.14479536542353863,177.65376821318003,63.663028140711866,7.016850202038094,248.33364655593,75.95449372493924,0.542,58.2,288.9,91.4,8300.2
CZ,500,1.0,t500p100,2040,P_mix,Europe,2.339,0.14479536542353863,177.65376821318003,63.663028140711866,7.016850202038094,248.33364655593,75.95449372493924,0.542,58.2,288.9,91.4,8300.2
DE,50,1.0,t50p100,2040,P_mix,Europe,1.411,0.26013305102603945,50.02884379896661,59.159939295809906,4.232792178203642,113.42157527298016,35.4580440234595,0.904,16.4,49.5,145.9,7758.1
DE,100,1.0,t100p100,2040,P_mix,Europe,1.373,0.15893221120768608,48.30759381472366,52.69249867375065,4.119707730967476,105.1198002194418,35.177927879397686,0.868,20.4,60.3,141.9,6408.3
DE,150,1.0,t150p100,2040,P_mix,Europe,1.363,0.11400282187013039,49.31475765425478,53.760736695995455,4.088364439265362,107.16385878951559,36.18666465784748,0.971,3.8,11.4,144.9,7020.9
DE,200,1.0,t200p100,2040,P_mix,Europe,1.341,0.11435470448926888,48.67721206760225,52.905869684620605,4.023632461653782,105.60671421387663,36.29348296459095,0.958,5.2,16.7,139.2,6957.0
DE,300,1.0,t300p100,2040,P_mix,Europe,1.335,0.1107306784030249,48.60263059914791,48.748533398900335,4.003921873597139,101.35508587164537,36.41626794941663,0.956,6.8,17.2,132.3,6264.9
DE,500,1.0,t500p100,2040,P_mix,Europe,1.335,0.1107306784030249,48.60263059914791,48.748533398900335,4.003921873597139,101.35508587164537,36.41626794941663,0.956,6.8,17.2,132.3,6264.9
DK,50,1.0,t50p100,2040,P_mix,Europe,1.452,0.2752117325538893,55.15900597691175,65.12939341435658,4.355727015701206,124.64412640696955,37.990676948816144,0.928,12.8,39.9,156.2,8812.7
DK,100,1.0,t100p100,2040,P_mix,Europe,1.391,0.1686352324408667,52.497760670387635,57.51705504738943,4.173505608612463,114.18832132638951,37.736449110349675,0.884,20.4,55.6,149.4,7238.1
DK,150,1.0,t150p100,2040,P_mix,Europe,1.442,0.12542433880499435,55.5700231834375,56.79069734031064,4.325504217585612,116.68622474133375,38.54118760826596,0.949,7.1,20.2,148.5,7464.7
DK,200,1.0,t200p100,2040,P_mix,Europe,1.413,0.12526515796221754,54.61966930086883,56.011988967473876,4.238490025434657,114.87014829377736,38.65976017857987,0.944,9.0,21.2,139.6,7531.8
DK,300,1.0,t300p100,2040,P_mix,Europe,1.399,0.12176388574142362,54.26725203340919,50.096653877778834,4.197142270946037,108.56104818213406,38.78871517584565,0.95,5.2,21.5,133.9,6485.8
DK,500,1.0,t500p100,2040,P_mix,Europe,1.399,0.12176388574142362,54.26725203340919,50.096653877778834,4.197142270946037,108.56104818213406,38.78871517584565,0.95,5.2,21.5,133.9,6485.8
DO,50,1.0,t50p100,2040,P_mix,North America,2.511,0.37897359797312047,143.89273250749918,78.79666455724954,7.5326165312146385,230.22201359596338,57.30786848549264,0.327,159.0,777.2,104.6,6958.3
DO,100,1.0,t100p100,2040,P_mix,North America,2.494,0.2197883849741188,143.5273272837359,57.722288606229576,7.481959999031693,208.73157588899718,57.54935630595887,0.172,175.3,929.4,61.2,2624.9
DO,150,1.0,t150p100,2040,P_mix,North America,2.35,0.21386673479827817,134.67554320480832,67.68096122822544,7.050099014898069,209.40660344793184,57.30793691842432,0.263,147.1,758.1,85.1,5416.0
DO,200,1.0,t200p100,2040,P_mix,North America,2.355,0.2140056393664575,134.95856894383138,65.97951843002716,7.064708802964498,208.00279617682304,57.309610080687094,0.275,143.6,731.9,89.3,5144.9
DO,300,1.0,t300p100,2040,P_mix,North America,1.713,0.14704002171698421,96.20132675772028,62.43489035565493,5.138105065743635,163.77432217911885,56.169341922826284,0.41,91.5,445.1,91.9,6693.0
DO,500,1.0,t500p100,2040,P_mix,North America,1.713,0.1470400217169843,96.20132675772031,62.43489035565493,5.138105065743636,163.77432217911885,56.1693419228263,0.41,91.5,445.1,91.9,6693.0
DZ,50,1.0,t50p100,2040,P_mix,Africa/MENA,1.895,0.36969735896649525,89.22134575111492,64.9572654110311,5.684151831118036,159.86276299326408,47.08952983768109,0.523,91.4,441.4,107.3,6807.9
DZ,100,1.0,t100p100,2040,P_mix,Africa/MENA,1.863,0.2529802166466352,87.76117362158202,57.274291069563944,5.590358983078712,150.62582367422468,47.095995384494735,0.512,94.3,396.9,108.5,5430.5
DZ,150,1.0,t150p100,2040,P_mix,Africa/MENA,1.79,0.25070918668553344,84.28047538677991,60.211115119365935,5.3703821993084455,149.8619727054543,47.08071358364332,0.51,91.8,397.8,106.4,6123.6
DZ,200,1.0,t200p100,2040,P_mix,Africa/MENA,1.665,0.15499042503503785,78.22306344940779,49.80940909164353,4.995657928162442,133.02813046921375,46.97463151456007,0.474,78.2,346.0,85.9,4995.0
DZ,300,1.0,t300p100,2040,P_mix,Africa/MENA,1.664,0.1551315725595862,78.14886887615636,49.69856329460243,4.990836036406732,132.8382682071655,46.97541752889609,0.481,76.0,340.8,86.9,4995.6
DZ,500,1.0,t500p100,2040,P_mix,Africa/MENA,1.664,0.1551315725595862,78.14886887615636,49.69856329460243,4.990836036406732,132.8382682071655,46.97541752889609,0.481,76.0,340.8,86.9,4995.6
EC,50,1.0,t50p100,2040,P_mix,Latin America,1.274,0.5155666749044593,178.01160560977,94.97918315154351,3.8221475253253696,276.8129362866389,139.7211419210851,0.119,260.5,1270.7,54.4,7606.0
EC,100,1.0,t100p100,2040,P_mix,Latin America,1.267,0.3576589354580998,161.3616989115134,97.67178106237533,3.799989469412935,262.8334694433017,127.39116795745417,0.259,208.9,945.8,87.4,9840.8
EC,150,1.0,t150p100,2040,P_mix,Latin America,1.291,0.28480077235092516,151.9556464154763,81.48798647461514,3.8728513529200743,237.3164842430115,117.70834914764077,0.157,222.6,976.7,57.8,6963.9
EC,200,1.0,t200p100,2040,P_mix,Latin America,1.276,0.27723442128242043,148.5178029100879,75.07846343448497,3.827680460104448,227.42394680467737,116.40297913428903,0.188,203.0,874.9,69.0,6149.5
EC,300,1.0,t300p100,2040,P_mix,Latin America,1.516,0.14863547773907745,139.0808672805399,70.75342619113057,4.5470311474363605,214.38132461910683,91.76154468984963,0.173,187.0,804.9,60.7,6088.9
EC,500,1.0,t500p100,2040,P_mix,Latin America,1.516,0.14863547773907745,139.0808672805399,70.75342619113057,4.5470311474363605,214.38132461910683,91.76154468984963,0.173,187.0,804.9,60.7,6088.9
EE,50,1.0,t50p100,2040,P_mix,Europe,2.243,0.31267594906076246,105.54731255026847,55.368880904124936,6.730462763427319,167.6466562178207,47.046087138525664,0.856,25.0,100.6,151.4,6390.1
EE,100,1.0,t100p100,2040,P_mix,Europe,1.737,0.17678157049865537,80.9537113065823,55.534400473184434,5.209754014572576,141.6978657943393,46.61662205939501,0.809,34.3,114.4,144.7,6441.6
EE,150,1.0,t150p100,2040,P_mix,Europe,2.012,0.14950050423264574,95.05225156229933,47.79197368264485,6.037269981266411,148.8814952262106,47.23273194204255,0.783,28.7,132.3,133.7,5064.8
EE,200,1.0,t200p100,2040,P_mix,Europe,2.041,0.14847499344683898,96.4264021693517,47.3285040241223,6.122401988576037,149.87730818205006,47.249299710771666,0.859,17.3,77.2,130.5,5526.9
EE,300,1.0,t300p100,2040,P_mix,Europe,2.053,0.1470667023087299,97.20668322381583,47.65396977717952,6.158951077140706,151.01960407813607,47.3489797238056,0.874,14.7,68.2,131.4,5650.7
EE,500,1.0,t500p100,2040,P_mix,Europe,2.053,0.1470667023087299,97.20668322381583,47.65396977717952,6.158951077140706,151.01960407813607,47.3489797238056,0.874,14.7,68.2,131.4,5650.7
EG,50,1.0,t50p100,2040,P_mix,Africa/MENA,1.984,0.2930701727537259,55.59750725809152,70.9768634997502,5.952396898853815,132.52676765669554,28.02106858942695,0.793,38.8,138.1,138.8,9650.5
EG,100,1.0,t100p100,2040,P_mix,Africa/MENA,1.823,0.1948302675578625,50.64184910651924,62.635327928849456,5.468036284641093,118.74521332000978,27.78429758161894,0.767,39.9,147.5,144.7,7659.4
EG,150,1.0,t150p100,2040,P_mix,Africa/MENA,1.662,0.16787391417562153,46.2472471036124,58.75087943191043,4.984537018771556,109.9826635542944,27.834428912523283,0.803,37.9,108.4,142.3,7191.4
EG,200,1.0,t200p100,2040,P_mix,Africa/MENA,1.777,0.14495155864534534,50.13965317142495,58.22610365935493,5.3297409268106275,113.69549775759053,28.222564957634354,0.75,35.5,146.5,118.4,7534.8
EG,300,1.0,t300p100,2040,P_mix,Africa/MENA,1.682,0.13958582545752493,47.63374055821388,58.21158744165079,5.044759379089925,110.8900873789546,28.326667524908085,0.812,30.0,94.1,117.5,7951.5
EG,500,1.0,t500p100,2040,P_mix,Africa/MENA,1.682,0.13958582545752493,47.63374055821388,58.21158744165079,5.044759379089925,110.8900873789546,28.326667524908085,0.812,30.0,94.1,117.5,7951.5
ES,50,1.0,t50p100,2040,P_mix,Europe,1.896,0.2810828052107083,99.45660265907507,50.07432427621703,5.687622200368274,155.21854913566037,52.459498445221065,0.404,81.3,381.4,81.1,4925.0
ES,100,1.0,t100p100,2040,P_mix,Europe,1.766,0.19009849044463203,92.58907020185046,50.3511970850889,5.2965387130196016,148.23680599995896,52.443156872008046,0.367,80.3,366.6,89.3,4856.6
ES,150,1.0,t150p100,2040,P_mix,Europe,1.682,0.134339459493776,88.01211320154508,46.94101501746227,5.046849668774813,139.99997788778217,52.31706052951099,0.42,63.4,294.9,83.2,4942.2
ES,200,1.0,t200p100,2040,P_mix,Europe,1.687,0.12338592514973652,88.15247068269213,40.66938401424489,5.059531540581996,133.881386237519,52.269149807030395,0.396,65.7,298.3,71.9,3905.6
ES,300,1.0,t300p100,2040,P_mix,Europe,1.687,0.1233859251497365,88.15247068269213,40.66938401424489,5.059531540581996,133.881386237519,52.269149807030395,0.396,65.7,298.3,71.9,3905.6
ES,500,1.0,t500p100,2040,P_mix,Europe,1.687,0.12338592514973652,88.15247068269213,40.66938401424489,5.059531540581996,133.881386237519,52.269149807030395,0.396,65.7,298.3,71.9,3905.6
ET,50,1.0,t50p100,2040,P_mix,Africa/MENA,2.185,0.285044466155733,92.64242241828498,50.78215372780258,6.55360472593321,149.97818087202077,42.40830487610467,0.337,118.1,577.6,73.1,3673.3
ET,100,1.0,t100p100,2040,P_mix,Africa/MENA,1.969,0.1854238622069922,83.88144154712771,55.191357643642036,5.908126380902025,144.98092557167178,42.59291498144361,0.402,99.1,464.6,83.2,5227.4
ET,150,1.0,t150p100,2040,P_mix,Africa/MENA,2.079,0.15868273340236816,88.27988099156573,45.29016595984289,6.238076460455182,139.8081234118638,42.45533773970019,0.238,123.8,664.2,54.1,2440.0
ET,200,1.0,t200p100,2040,P_mix,Africa/MENA,1.64,0.1359197351168015,69.42628197966545,55.875375849041504,4.9206282692054675,130.22228609791242,42.327693648890055,0.582,66.4,217.0,93.3,7014.1
ET,300,1.0,t300p100,2040,P_mix,Africa/MENA,1.714,0.13405912242490442,72.46422393516241,52.325741686983484,5.142770561217701,129.93273618336357,42.27150894984007,0.414,79.0,357.2,77.9,5669.8
ET,500,1.0,t500p100,2040,P_mix,Africa/MENA,1.714,0.13405912242490442,72.46422393516241,52.325741686983484,5.142770561217701,129.93273618336357,42.27150894984007,0.414,79.0,357.2,77.9,5669.8
FI,50,1.0,t50p100,2040,P_mix,Europe,3.504,0.33381346912747123,166.82224446576345,130.45270721411043,10.51228281450732,307.78723449438115,47.60780719356534,1.0,-0.0,-0.0,389.4,16222.2
FI,100,1.0,t100p100,2040,P_mix,Europe,3.083,0.20265893654063796,146.00949686966624,104.34154399981809,9.249583868471987,259.6006247379563,47.35656185594046,0.965,5.4,25.2,320.3,12506.3
FI,150,1.0,t150p100,2040,P_mix,Europe,2.922,0.16291004214483157,139.4351931379871,101.53958929726767,8.766231300809059,249.74101373606385,47.71783507188073,1.0,-0.0,0.0,285.6,13127.2
FI,200,1.0,t200p100,2040,P_mix,Europe,3.031,0.16333964478001148,144.9779259841024,104.7186514876824,9.09292590651282,258.78950337829764,47.83210403603853,1.0,-0.0,-0.0,300.8,13357.1
FI,300,1.0,t300p100,2040,P_mix,Europe,3.018,0.16103870913370485,144.64797243742672,95.52382161893709,9.054162209236267,249.22595626560008,47.92756163232996,1.0,-0.0,0.0,297.5,11523.6
FI,500,1.0,t500p100,2040,P_mix,Europe,3.018,0.16103870913370485,144.64797243742672,95.52382161893709,9.054162209236267,249.22595626560008,47.92756163232996,1.0,-0.0,0.0,297.5,11523.6
FJ,50,1.0,t50p100,2040,P_mix,Asia-Pacific,1.921,0.3611164173330814,140.87301026885868,65.53432517202107,5.7619948663521585,212.16933030723192,73.34595753885684,0.438,132.6,597.6,127.3,4954.2
FJ,100,1.0,t100p100,2040,P_mix,Asia-Pacific,1.771,0.24651938737955606,130.00745335218014,66.34799670695956,5.314371256927109,201.66982131606682,73.39012297045664,0.189,177.6,902.8,41.5,5151.9
FJ,150,1.0,t150p100,2040,P_mix,Asia-Pacific,1.816,0.22235585115893747,132.77864744897008,57.96620264586315,5.448598108139854,196.1934482029731,73.10796914013942,0.205,172.3,834.5,55.6,3489.9
FJ,200,1.0,t200p100,2040,P_mix,Asia-Pacific,1.643,0.16417772324206453,118.41820453426858,50.658406124859376,4.930335749160278,174.00694640828823,72.05485217985651,0.381,115.3,484.5,79.9,4092.0
FJ,300,1.0,t300p100,2040,P_mix,Asia-Pacific,1.614,0.14987105879928714,115.23427829992755,52.10732094356283,4.842498202965263,172.18409744645564,71.38935739575385,0.506,91.6,348.1,103.0,4853.2
FJ,500,1.0,t500p100,2040,P_mix,Asia-Pacific,1.614,0.14987105879928714,115.23427829992755,52.10732094356283,4.842498202965263,172.18409744645564,71.38935739575385,0.506,91.6,348.1,103.0,4853.2
FR,50,1.0,t50p100,2040,P_mix,Europe,1.571,0.2715592763227561,73.82748820699116,57.713240748826806,4.7129480976752784,136.25367705349325,46.99446292018856,0.747,36.0,144.7,127.1,7185.1
FR,100,1.0,t100p100,2040,P_mix,Europe,1.489,0.18567175621809778,69.8661221684137,56.07607358520418,4.46570663091359,130.40790238453144,46.935095345115016,0.664,44.0,184.3,124.4,6584.5
FR,150,1.0,t150p100,2040,P_mix,Europe,1.584,0.12488752505357081,74.75102154649177,43.69031698467735,4.75223007773145,123.19356860890058,47.18901672928399,0.652,33.5,167.8,112.4,4534.5
FR,200,1.0,t200p100,2040,P_mix,Europe,1.536,0.1201581400771492,72.60977084129887,44.683058889367494,4.606530695152411,121.89936042581876,47.28706415722475,0.636,40.3,161.7,100.1,5072.8
FR,300,1.0,t300p100,2040,P_mix,Europe,1.543,0.11997810462149257,72.96960091221285,43.20284103640397,4.6293632471060695,120.80180519572292,47.287022221357226,0.665,34.8,146.3,101.3,4879.8
FR,500,1.0,t500p100,2040,P_mix,Europe,1.543,0.11997810462149257,72.96960091221285,43.20284103640397,4.6293632471060695,120.80180519572292,47.287022221357226,0.665,34.8,146.3,101.3,4879.8
GB,50,1.0,t50p100,2040,P_mix,Europe,1.454,0.26822221991767065,60.089280881167554,92.95319984902565,4.3627660844236065,157.40524681461682,41.319621349197085,0.956,7.8,23.9,151.5,14930.2
GB,100,1.0,t100p100,2040,P_mix,Europe,1.325,0.1815472313171011,54.516548102165075,90.72713721174638,3.9757223195858526,149.21940763349733,41.13708935374842,0.93,11.0,35.7,150.8,14374.1
GB,150,1.0,t150p100,2040,P_mix,Europe,1.421,0.12710476974681548,59.21373287991061,79.7239289894829,4.2638256300896415,143.20148749948316,41.662397586365906,0.954,8.1,17.6,132.6,12734.5
GB,200,1.0,t200p100,2040,P_mix,Europe,1.362,0.12000036390998446,57.16559810061837,79.02208414564862,4.086422727377638,140.27410497364463,41.96746292371689,0.928,9.5,30.0,125.4,12698.0
GB,300,1.0,t300p100,2040,P_mix,Europe,1.348,0.11879158095929557,56.59432070596046,76.70850775294805,4.043498351124666,137.3463268100332,41.989126091929194,0.922,10.9,32.3,119.5,12355.2
GB,500,1.0,t500p100,2040,P_mix,Europe,1.348,0.11879158095929557,56.59432070596046,76.70850775294805,4.043498351124666,137.3463268100332,41.989126091929194,0.922,10.9,32.3,119.5,12355.2
GF,50,1.0,t50p100,2040,P_mix,Latin America,1.938,0.323202466467966,218.10140448899136,101.72765178662029,5.813457985630849,325.64251426124247,112.54991694860838,0.397,100.8,493.7,89.8,14584.6
GF,100,1.0,t100p100,2040,P_mix,Latin America,1.707,0.20327397432108157,193.5555235917063,104.79003135105442,5.121207905843311,303.466762848604,113.38468998936347,0.391,99.4,471.8,103.7,14987.1
GF,150,1.0,t150p100,2040,P_mix,Latin America,1.772,0.16210505234799918,198.3720622915607,78.19088679885856,5.314630835854523,281.8775799262738,111.97695667962562,0.325,97.3,441.5,72.0,10538.0
GF,200,1.0,t200p100,2040,P_mix,Latin America,1.704,0.16194759342197468,190.91747913822854,85.3999674050163,5.111782579207863,281.4292291224527,112.0455396018512,0.331,99.9,449.4,71.3,11992.2
GF,300,1.0,t300p100,2040,P_mix,Latin America,1.827,0.1507262646939116,200.91116759999468,80.3079193623825,5.4812953207114905,286.7003822830887,109.96187352330969,0.335,96.8,485.1,73.6,10653.1
GF,500,1.0,t500p100,2040,P_mix,Latin America,1.827,0.1507262646939116,200.91116759999468,80.3079193623825,5.4812953207114905,286.7003822830887,109.96187352330969,0.335,96.8,485.1,73.6,10653.1
GH,50,1.0,t50p100,2040,P_mix,Africa/MENA,1.641,0.277688410603754,171.8195394824138,62.04276340886498,4.921782994753966,238.78408588603276,104.73005798846933,0.411,93.4,412.8,95.1,6717.3
GH,100,1.0,t100p100,2040,P_mix,Africa/MENA,1.641,0.277688410603754,171.8195394824138,62.04276340886498,4.921782994753966,238.78408588603276,104.73005798846933,0.411,93.4,412.8,95.1,6717.3
GH,150,1.0,t150p100,2040,P_mix,Africa/MENA,1.507,0.16750982237232903,156.20765591910944,56.56030745032666,4.5213090132293745,217.2892723826655,103.64763089320772,0.413,82.8,350.6,86.4,6324.2
GH,200,1.0,t200p100,2040,P_mix,Africa/MENA,1.535,0.14000823588579372,157.24380067175807,45.98336601756699,4.606472951981648,207.83363964130672,102.40620251820742,0.373,79.5,357.2,72.5,4487.6
GH,300,1.0,t300p100,2040,P_mix,Africa/MENA,1.518,0.12836519673353958,154.41533566017713,47.86198932345182,4.5540574851443685,206.83138246877334,101.72159848479583,0.394,78.0,330.4,77.2,4937.8
GH,500,1.0,t500p100,2040,P_mix,Africa/MENA,1.518,0.12836519673353958,154.41533566017713,47.86198932345182,4.5540574851443685,206.83138246877334,101.72159848479583,0.394,78.0,330.4,77.2,4937.8
GR,50,1.0,t50p100,2040,P_mix,Europe,2.367,0.4140773386079719,156.26812304183147,95.50698612001732,7.100657969444767,258.8757671312935,66.02266594769567,0.193,199.4,956.3,60.8,10162.0
GR,100,1.0,t100p100,2040,P_mix,Europe,2.284,0.2533134775042331,149.97666732257835,87.7946008545688,6.851665177942947,244.62293335509008,65.66724880488347,0.185,166.8,860.0,58.3,9547.5
GR,150,1.0,t150p100,2040,P_mix,Europe,2.284,0.2533134775042331,149.97666732257835,87.7946008545688,6.851665177942947,244.62293335509008,65.66724880488347,0.185,166.8,860.0,58.3,9547.5
GR,200,1.0,t200p100,2040,P_mix,Europe,2.36,0.15940002510351617,153.04294539247147,63.0479590646755,7.080226404864765,223.17113086201172,64.84663200345562,0.125,192.3,917.4,38.6,4314.3
GR,300,1.0,t300p100,2040,P_mix,Europe,2.198,0.14820227637841246,142.34140297309602,53.82464279563046,6.594726619467675,202.76077238819417,64.75237467140951,0.153,160.2,730.4,47.1,3662.7
GR,500,1.0,t500p100,2040,P_mix,Europe,2.198,0.14820227637841243,142.34140297309602,53.82464279563046,6.594726619467675,202.76077238819417,64.7523746714095,0.153,160.2,730.4,47.1,3662.7
GT,50,1.0,t50p100,2040,P_mix,North America,1.739,0.43494432854955145,109.79418553815303,68.18883808070939,5.217385176246232,183.20040879510864,63.13173083598959,0.077,272.0,1258.0,47.9,2153.4
GT,100,1.0,t100p100,2040,P_mix,North America,1.616,0.27130743728786727,101.62757796510193,63.52189820548397,4.8483505265113696,169.99782669709728,62.88380599302179,0.082,246.3,1074.7,42.0,2789.1
GT,150,1.0,t150p100,2040,P_mix,North America,1.616,0.27130743728786727,101.62757796510193,63.52189820548397,4.8483505265113696,169.99782669709728,62.88380599302179,0.082,246.3,1074.7,42.0,2789.1
GT,200,1.0,t200p100,2040,P_mix,North America,1.576,0.26403509954292437,98.83271696288274,57.14095003663727,4.728815132059871,160.7024821315799,62.70030496190995,0.094,219.4,967.4,43.8,2349.7
GT,300,1.0,t300p100,2040,P_mix,North America,1.49,0.16419216325952943,91.71883196047341,56.50895158141644,4.4693034869340496,152.6970870288239,61.56585622028952,0.199,149.0,677.3,53.5,4493.1
GT,500,1.0,t500p100,2040,P_mix,North America,1.49,0.16419216325952946,91.71883196047341,56.50895158141644,4.4693034869340496,152.6970870288239,61.56585622028952,0.199,149.0,677.3,53.5,4493.1
HN,50,1.0,t50p100,2040,P_mix,North America,2.345,0.39197600979815234,103.93904991064723,73.58362595741545,7.035613471051719,184.5582893391144,44.31982385259275,0.077,252.3,1256.3,32.2,3924.4
HN,100,1.0,t100p100,2040,P_mix,North America,2.26,0.24513058366817164,100.10237850365432,61.10319415794284,6.779324120383345,167.98489678198052,44.29750373020681,0.101,210.9,1055.8,41.9,2729.4
HN,150,1.0,t150p100,2040,P_mix,North America,2.26,0.24513058366817164,100.10237850365432,61.10319415794284,6.779324120383345,167.98489678198052,44.29750373020681,0.101,210.9,1055.8,41.9,2729.4
HN,200,1.0,t200p100,2040,P_mix,North America,2.174,0.24173214653967384,96.27112891065234,61.252480171704384,6.520813693321737,164.04442277567844,44.291004208223775,0.107,197.2,975.7,41.6,3422.1
HN,300,1.0,t300p100,2040,P_mix,North America,1.76,0.15912890350883194,77.6722066571826,46.98466360542085,5.278729143556173,129.9355994061596,44.142560384253514,0.374,110.4,463.3,78.1,3558.0
HN,500,1.0,t500p100,2040,P_mix,North America,1.76,0.15912890350883194,77.6722066571826,46.98466360542085,5.278729143556173,129.9355994061596,44.142560384253514,0.374,110.4,463.3,78.1,3558.0
HU,50,1.0,t50p100,2040,P_mix,Europe,2.332,0.3745225421006141,159.4300100629013,218.79247980869448,6.996584614806056,385.2190744864018,68.36050109028275,0.864,26.0,96.4,160.3,40413.3
HU,100,1.0,t100p100,2040,P_mix,Europe,1.846,0.22610326443424683,126.18024524866613,215.43782846549968,5.537943902023449,347.1560176161892,68.3540213557758,0.824,33.3,119.2,169.1,39243.4
HU,150,1.0,t150p100,2040,P_mix,Europe,1.846,0.22610326443424683,126.18024524866613,215.43782846549968,5.537943902023449,347.1560176161892,68.3540213557758,0.824,33.3,119.2,169.1,39243.4
HU,200,1.0,t200p100,2040,P_mix,Europe,2.085,0.16814639417987517,141.86543516763905,184.5773853289902,6.256208793876016,332.6990292905053,68.02782955701853,0.83,27.0,100.1,145.6,33629.1
HU,300,1.0,t300p100,2040,P_mix,Europe,2.031,0.1548385098208792,138.0041165274137,160.12169081197166,6.094217328569198,304.22002466795453,67.93527819255567,0.82,27.3,97.5,128.3,29010.4
HU,500,1.0,t500p100,2040,P_mix,Europe,2.031,0.1548385098208792,138.0041165274137,160.12169081197166,6.094217328569198,304.22002466795453,67.93527819255567,0.82,27.3,97.5,128.3,29010.4
ID,50,1.0,t50p100,2040,P_mix,Asia-Pacific,1.508,0.415875941924559,138.20613743334846,62.80434350926853,4.524849170335596,205.53533011295255,91.63143271564432,0.165,196.7,1043.5,49.4,3079.6
ID,100,1.0,t100p100,2040,P_mix,Asia-Pacific,1.568,0.28359026130997345,141.61794058237936,55.91012873364517,4.704892184005365,202.2329615000299,90.30043731745023,0.079,228.5,1124.5,30.0,1366.5
ID,150,1.0,t150p100,2040,P_mix,Asia-Pacific,1.53,0.24077253753907904,136.7146740556824,57.78709300151046,4.590611626166045,199.09237868335887,89.34409084603573,0.132,198.4,992.4,41.8,2567.9
ID,200,1.0,t200p100,2040,P_mix,Asia-Pacific,1.614,0.163180998791252,140.28079032610057,56.56966244775091,4.842834605769789,201.69328737962127,86.90000903126172,0.149,196.0,941.9,49.1,2461.1
ID,300,1.0,t300p100,2040,P_mix,Asia-Pacific,1.428,0.1454773040717696,123.08434441871657,46.70736824373988,4.2847837009784895,174.07649636343493,86.17775342354518,0.184,148.2,686.7,45.6,2611.6
ID,500,1.0,t500p100,2040,P_mix,Asia-Pacific,1.428,0.1454773040717696,123.08434441871657,46.70736824373988,4.2847837009784895,174.07649636343493,86.17775342354518,0.184,148.2,686.7,45.6,2611.6
IE,50,1.0,t50p100,2040,P_mix,Europe,1.731,0.30394576969606574,65.21605118595384,112.70939738507732,5.192458006370622,183.11790657740178,37.67929433763733,0.902,17.8,67.2,168.9,18198.5
IE,100,1.0,t100p100,2040,P_mix,Europe,1.395,0.20256142677148678,51.529585718344684,119.4825612246932,4.184472255375408,175.19661919841332,36.94342983310428,0.901,19.5,62.9,175.1,19452.3
IE,150,1.0,t150p100,2040,P_mix,Europe,1.67,0.15248202068424596,62.54450869372638,99.35759126921266,5.008859777976689,166.91095974091573,37.460327179886,0.918,12.3,45.2,159.8,15854.6
IE,200,1.0,t200p100,2040,P_mix,Europe,1.774,0.14067984754287963,67.3120582284477,89.9865858398307,5.3228063319757375,162.62145040025413,37.93791509419552,0.881,17.0,64.7,145.1,14137.4
IE,300,1.0,t300p100,2040,P_mix,Europe,1.782,0.1388436318728476,67.4054425944107,85.67752485305832,5.346131844131287,158.4290992916003,37.824792518952485,0.861,21.3,72.2,134.0,13460.7
IE,500,1.0,t500p100,2040,P_mix,Europe,1.782,0.1388436318728476,67.4054425944107,85.67752485305832,5.346131844131287,158.4290992916003,37.824792518952485,0.861,21.3,72.2,134.0,13460.7
IL,50,1.0,t50p100,2040,P_mix,Asia-Pacific,2.383,0.442671658663553,279.9669778616373,79.51065100023366,7.148429215430598,366.6260580773016,117.49447441850569,0.147,237.0,1169.7,67.7,4860.2
IL,100,1.0,t100p100,2040,P_mix,Asia-Pacific,2.269,0.2826408027592189,258.7049117679542,70.20143186731465,6.806256806278297,335.7126004415472,114.02959914588415,0.134,209.3,1052.0,48.4,4490.0
IL,150,1.0,t150p100,2040,P_mix,Asia-Pacific,2.107,0.24996422438489563,239.22655744053438,78.77066491627889,6.320322289645429,324.31754464645866,113.55111961574706,0.154,189.4,952.2,59.8,6800.3
IL,200,1.0,t200p100,2040,P_mix,Asia-Pacific,2.262,0.16203113298799698,243.45484391624402,56.39236742268336,6.784502363289056,306.6317137022164,107.65189436748261,0.124,199.0,991.0,40.4,2319.7
IL,300,1.0,t300p100,2040,P_mix,Asia-Pacific,1.999,0.13561569576867913,214.59590713582728,54.21527643143513,5.996558041757963,274.8077416090204,107.35954141098345,0.163,162.4,774.8,42.3,3569.3
IL,500,1.0,t500p100,2040,P_mix,Asia-Pacific,1.999,0.13561569576867913,214.59590713582728,54.21527643143513,5.996558041757963,274.8077416090204,107.35954141098345,0.163,162.4,774.8,42.3,3569.3
IN,50,1.0,t50p100,2040,P_mix,Asia-Pacific,1.845,0.2734478320848993,91.83860839961842,62.96110818206432,5.535716388664828,160.33543297034757,49.77058177384478,0.409,76.2,390.7,84.7,7507.4
IN,100,1.0,t100p100,2040,P_mix,Asia-Pacific,1.765,0.1761165822136361,87.79696791122305,59.57199543613238,5.294353710105947,152.66331705746137,49.74939683967558,0.352,83.1,411.3,75.2,6870.4
IN,150,1.0,t150p100,2040,P_mix,Asia-Pacific,1.831,0.15438484712535697,90.94887586175221,55.620961320132274,5.49285413122387,152.06269131310836,49.67301535175916,0.348,74.3,430.7,72.7,6063.3
IN,200,1.0,t200p100,2040,P_mix,Asia-Pacific,1.614,0.1331338914558135,80.11810791913408,53.127427333606605,4.841978859105491,138.08751411184616,49.63968880314477,0.39,61.6,342.3,76.7,6127.3
IN,300,1.0,t300p100,2040,P_mix,Asia-Pacific,1.59,0.1256225044411827,78.79947613933356,49.765708742766094,4.770194662844863,133.33537954494452,49.55739652708783,0.382,62.1,303.2,65.9,5986.2
IN,500,1.0,t500p100,2040,P_mix,Asia-Pacific,1.59,0.1256225044411827,78.79947613933356,49.765708742766094,4.770194662844863,133.33537954494452,49.55739652708783,0.382,62.1,303.2,65.9,5986.2
IR,50,1.0,t50p100,2040,P_mix,Asia-Pacific,3.909,0.37667385539402864,187.51203955279325,83.7008178311225,11.725911701767696,282.9387690856834,47.97376382883518,0.139,272.1,1465.2,72.3,3339.1
IR,100,1.0,t100p100,2040,P_mix,Asia-Pacific,3.738,0.25052824950893554,179.6396747106245,75.51920686206442,11.214125772571654,266.3730073452606,48.057158895970325,0.132,250.6,1409.6,49.1,2847.5
IR,150,1.0,t150p100,2040,P_mix,Asia-Pacific,3.314,0.2150015518531092,159.14247373194405,86.34266038021578,9.941839192897769,255.42697330505757,48.022042192846435,0.19,205.4,1201.3,71.4,6263.8
IR,200,1.0,t200p100,2040,P_mix,Asia-Pacific,3.53,0.19611085369794173,169.2598376378874,79.59338901221915,10.59084641400143,259.44407306410795,47.945130451741846,0.212,196.5,1149.9,87.5,4809.9
IR,300,1.0,t300p100,2040,P_mix,Asia-Pacific,3.112,0.16567586232790674,149.06967641541766,78.15427153406098,9.335251284829521,236.55919923430818,47.90540882097088,0.22,166.4,912.5,63.2,7043.6
IR,500,1.0,t500p100,2040,P_mix,Asia-Pacific,3.112,0.16567586232790674,149.06967641541766,78.15427153406098,9.335251284829521,236.55919923430818,47.90540882097088,0.22,166.4,912.5,63.2,7043.6
IT,50,1.0,t50p100,2040,P_mix,Europe,2.768,0.4466674198479879,200.56033824435255,121.418271258909,8.303989753800245,330.28259925706175,72.4568590005431,0.157,268.5,1161.8,54.2,13800.2
IT,100,1.0,t100p100,2040,P_mix,Europe,2.375,0.2831078260031749,171.50247847933292,113.2284308875992,7.125869460315088,291.85677882724724,72.20275901816052,0.219,189.7,865.1,62.3,14526.6
IT,150,1.0,t150p100,2040,P_mix,Europe,2.433,0.28115654642834265,175.7610647879469,108.67395670304032,7.2989203623537495,291.733941853341,72.2412587323811,0.199,201.7,910.5,57.5,13298.0
IT,200,1.0,t200p100,2040,P_mix,Europe,2.552,0.16401800896310123,181.63319754850437,92.46777644602724,7.654501775484983,281.75547577001663,71.18681380291271,0.187,199.2,869.2,49.9,10414.1
IT,300,1.0,t300p100,2040,P_mix,Europe,2.42,0.15605915416463265,171.99597254609307,71.4538059752663,7.259139374208057,250.70891789556742,71.0811421353337,0.173,185.3,776.3,45.9,6861.6
IT,500,1.0,t500p100,2040,P_mix,Europe,2.42,0.15605915416463265,171.99597254609307,71.4538059752663,7.259139374208057,250.70891789556742,71.0811421353337,0.173,185.3,776.3,45.9,6861.6
JM,50,1.0,t50p100,2040,P_mix,North America,1.756,0.4587982483588119,115.07048883338386,71.41205013333567,5.268858017369806,191.75139698408933,65.51921979337766,0.104,236.5,1231.8,45.0,3406.6
JM,100,1.0,t100p100,2040,P_mix,North America,1.64,0.2630354276647326,104.6117510157833,65.33355971207114,4.918955380325304,174.86426610817975,63.801199397461446,0.148,192.3,962.1,51.8,4120.5
JM,150,1.0,t150p100,2040,P_mix,North America,1.64,0.2630354276647326,104.6117510157833,65.33355971207114,4.918955380325304,174.86426610817975,63.801199397461446,0.148,192.3,962.1,51.8,4120.5
JM,200,1.0,t200p100,2040,P_mix,North America,1.616,0.25626644975898133,102.99894402043725,59.14713554290609,4.848097879595633,166.99417744293896,63.735683506267236,0.124,211.0,966.7,47.9,2736.5
JM,300,1.0,t300p100,2040,P_mix,North America,1.362,0.14274180881956583,83.11388523062595,48.88602735366344,4.087284308763365,136.08719689305278,61.00423578493817,0.207,140.3,635.2,51.0,3326.3
JM,500,1.0,t500p100,2040,P_mix,North America,1.362,0.14274180881956583,83.11388523062598,48.88602735366344,4.087284308763366,136.08719689305278,61.004235784938174,0.207,140.3,635.2,51.0,3326.3
JO,50,1.0,t50p100,2040,P_mix,Asia-Pacific,1.697,0.2771478576412072,85.46716307635668,69.24069397683975,5.090875065977573,159.79873211917405,50.36491485375604,0.635,60.6,254.1,120.6,8842.4
JO,100,1.0,t100p100,2040,P_mix,Asia-Pacific,1.614,0.18511576135264837,81.51435788621407,63.9971958608594,4.842324435554542,150.35387818262802,50.501174985941894,0.637,52.5,233.5,120.5,7954.5
JO,150,1.0,t150p100,2040,P_mix,Asia-Pacific,1.613,0.1722435628546597,81.37210595626318,63.65690775669262,4.83839263750377,149.86740635045956,50.45401151956416,0.656,44.6,211.1,126.5,7931.7
JO,200,1.0,t200p100,2040,P_mix,Asia-Pacific,1.472,0.14065642474202686,73.86114629895471,57.65537021055981,4.415002577581987,135.93151908709652,50.18874508069285,0.686,35.0,176.7,117.0,7259.1
JO,300,1.0,t300p100,2040,P_mix,Asia-Pacific,1.392,0.12560096217104355,69.68166244164436,49.00959514850295,4.176156302735798,122.8674138928831,50.056791980699536,0.727,37.0,128.6,111.5,5905.2
JO,500,1.0,t500p100,2040,P_mix,Asia-Pacific,1.392,0.12560096217104355,69.68166244164436,49.00959514850295,4.176156302735798,122.8674138928831,50.056791980699536,0.727,37.0,128.6,111.5,5905.2
JP,50,1.0,t50p100,2040,P_mix,Asia-Pacific,1.806,0.4128617450495445,117.71185906117873,66.37860589346117,5.417640107143618,189.5081050617835,65.18254631161203,0.473,112.5,561.0,116.8,5853.4
JP,100,1.0,t100p100,2040,P_mix,Asia-Pacific,1.575,0.24968943044203776,102.56677231940746,58.61931774199037,4.726210268674379,165.91230033007224,65.10508408770535,0.52,83.5,421.2,97.4,5967.8
JP,150,1.0,t150p100,2040,P_mix,Asia-Pacific,1.846,0.20668434398490104,119.95173415024134,61.68991013277383,5.537393935193582,187.17903821820875,64.98638288376411,0.38,108.6,574.1,103.7,5195.2
JP,200,1.0,t200p100,2040,P_mix,Asia-Pacific,1.839,0.1482154602539012,119.03311731363755,55.57717609635617,5.518032869932322,180.12832627992603,64.71497367961346,0.347,115.5,530.3,92.6,4456.4
JP,300,1.0,t300p100,2040,P_mix,Asia-Pacific,1.717,0.14283960239697893,111.0036225518929,47.50457096187957,5.150460853925972,163.65865436769846,64.65651853306264,0.365,98.2,461.3,80.5,3720.9
JP,500,1.0,t500p100,2040,P_mix,Asia-Pacific,1.717,0.14283960239697893,111.0036225518929,47.50457096187957,5.150460853925972,163.65865436769846,64.65651853306264,0.365,98.2,461.3,80.5,3720.9
KE,50,1.0,t50p100,2040,P_mix,Africa/MENA,2.106,0.37238483574547276,70.05466530204383,61.85659267264382,6.317342683227199,138.22860065791485,33.26778464371167,0.261,152.0,778.0,61.2,4702.8
KE,100,1.0,t100p100,2040,P_mix,Africa/MENA,1.939,0.2556869533241103,64.04343733875751,56.50335867740621,5.81666431808415,126.36346033424788,33.03101253736329,0.4,110.8,520.1,97.4,4624.8
KE,150,1.0,t150p100,2040,P_mix,Africa/MENA,2.054,0.20581118396076575,68.26158356719164,52.21098607014201,6.160871541557821,126.63344117889147,33.2395748426516,0.365,119.2,560.4,80.8,3854.9
KE,200,1.0,t200p100,2040,P_mix,Africa/MENA,2.045,0.15835071050498503,68.69504067091951,54.602554771429176,6.133907458386401,129.4315029007351,33.5976901201849,0.183,152.0,774.6,48.1,3579.2
KE,300,1.0,t300p100,2040,P_mix,Africa/MENA,1.814,0.15164335729035458,61.290144309868595,47.23733720856306,5.443126477310163,113.97060799574183,33.78029771971569,0.335,112.3,473.0,67.2,3841.0
KE,500,1.0,t500p100,2040,P_mix,Africa/MENA,1.814,0.15164335729035458,61.290144309868595,47.23733720856306,5.443126477310163,113.97060799574183,33.78029771971569,0.335,112.3,473.0,67.2,3841.0
KH,50,1.0,t50p100,2040,P_mix,Asia-Pacific,1.823,0.36425437529525545,169.16062196361057,74.52643502676293,5.4700507576277655,249.15710774800127,92.77461734393759,0.189,173.6,915.2,54.3,6455.1
KH,100,1.0,t100p100,2040,P_mix,Asia-Pacific,1.732,0.24633350042864793,159.95478346036342,65.82741430837187,5.195930130971302,230.9781278997066,92.35388819429465,0.137,171.4,913.8,35.8,5188.8
KH,150,1.0,t150p100,2040,P_mix,Asia-Pacific,1.863,0.1912374001658064,170.79578150575261,56.515718982695596,5.590372882449123,232.9018733708973,91.655307309802,0.157,168.8,840.6,44.6,3492.7
KH,200,1.0,t200p100,2040,P_mix,Asia-Pacific,1.652,0.14939814276234942,149.52691316764142,54.823796164854066,4.956891125353765,209.30760045784928,90.49638738452418,0.221,129.3,635.3,49.5,4711.8
KH,300,1.0,t300p100,2040,P_mix,Asia-Pacific,1.642,0.14898578372034632,148.3706133340164,53.50573654077287,4.926929590779442,206.80327946556872,90.34264277595098,0.223,130.5,589.4,44.5,4870.9
KH,500,1.0,t500p100,2040,P_mix,Asia-Pacific,1.642,0.14898578372034635,148.3706133340164,53.50573654077287,4.926929590779442,206.80327946556872,90.34264277595098,0.223,130.5,589.4,44.5,4870.9
KR,50,1.0,t50p100,2040,P_mix,Asia-Pacific,1.908,0.43983306542147865,156.35306455788202,91.6133548985605,5.723482353801429,253.68990181024395,81.95346201462571,0.299,174.6,890.3,113.0,8513.5
KR,100,1.0,t100p100,2040,P_mix,Asia-Pacific,1.858,0.2724937933301679,151.4587181551039,82.65417139702657,5.575077596072889,239.68796714820334,81.50131484903035,0.297,156.1,768.2,109.6,7707.2
KR,150,1.0,t150p100,2040,P_mix,Asia-Pacific,1.653,0.2247537240428622,134.2169964813374,98.4649610602303,4.958109026892227,237.64006656845993,81.21059606799254,0.456,97.6,520.3,122.4,12823.3
KR,200,1.0,t200p100,2040,P_mix,Asia-Pacific,1.672,0.14628676030817334,133.70551540294838,72.59018611423785,5.016850961174271,211.3125524783605,79.95384939937654,0.391,120.5,566.6,96.0,7640.1
KR,300,1.0,t300p100,2040,P_mix,Asia-Pacific,1.667,0.14039759725593148,132.8872514354635,73.8309380783275,5.001639009010168,211.71982852280115,79.70622301773959,0.379,111.9,527.5,95.2,8259.0
KR,500,1.0,t500p100,2040,P_mix,Asia-Pacific,1.667,0.14039759725593148,132.8872514354635,73.8309380783275,5.001639009010168,211.71982852280115,79.70622301773959,0.379,111.9,527.5,95.2,8259.0
KW,50,1.0,t50p100,2040,P_mix,Asia-Pacific,2.157,0.3330551607375984,81.38542758827109,69.7297815485934,6.471605098166144,157.58681423503063,37.727314794593994,0.572,71.3,365.1,103.9,8592.8
KW,100,1.0,t100p100,2040,P_mix,Asia-Pacific,2.049,0.22163834667437993,77.04710584064598,68.8459331542986,6.145855900539665,152.03889489548425,37.609296615893946,0.505,77.7,416.4,102.1,8062.6
KW,150,1.0,t150p100,2040,P_mix,Asia-Pacific,1.983,0.18183124059115868,74.75688797018195,61.650989517539976,5.948618111561627,142.35649559928353,37.70130469035449,0.681,53.0,217.5,125.7,7416.4
KW,200,1.0,t200p100,2040,P_mix,Asia-Pacific,2.054,0.16292852346049505,77.84023826947062,53.86473274485269,6.162088119069721,137.86705913339304,37.896360827061045,0.495,74.0,371.9,92.8,5513.5
KW,300,1.0,t300p100,2040,P_mix,Asia-Pacific,2.086,0.1445540620110138,79.14815850605349,38.40265189111912,6.258830113440622,123.80964051061325,37.93751726992189,0.637,51.6,207.1,90.7,3624.7
KW,500,1.0,t500p100,2040,P_mix,Asia-Pacific,2.086,0.1445540620110138,79.14815850605349,38.40265189111912,6.258830113440622,123.80964051061325,37.93751726992189,0.637,51.6,207.1,90.7,3624.7
KZ,50,1.0,t50p100,2040,P_mix,Asia-Pacific,2.672,0.43357181925262467,169.3402737739516,82.4166348969626,8.01659930144331,259.77350797235755,63.37111313900809,0.19,215.7,1066.8,71.6,6231.4
KZ,100,1.0,t100p100,2040,P_mix,Asia-Pacific,2.556,0.2557110055772805,161.52831505159523,71.01084696759789,7.6690099858005665,240.20817200499368,63.1874187218446,0.192,182.1,986.3,70.2,4718.1
KZ,150,1.0,t150p100,2040,P_mix,Asia-Pacific,2.313,0.19764500776205926,145.0161734919624,70.40008160374639,6.938645134763925,222.35490023047274,62.69934721062673,0.221,156.1,812.5,60.6,6246.5
KZ,200,1.0,t200p100,2040,P_mix,Asia-Pacific,2.51,0.16732665754166856,157.03096687811436,68.47694384936,7.529286595494172,233.03719732296855,62.56806599927622,0.165,182.9,918.2,53.9,5093.3
KZ,300,1.0,t300p100,2040,P_mix,Asia-Pacific,2.197,0.15240154114913035,137.0942149071481,64.59354271298926,6.5916282101986905,208.2793858303361,62.394696971091605,0.25,133.0,642.8,59.1,6402.4
KZ,500,1.0,t500p100,2040,P_mix,Asia-Pacific,2.197,0.15240154114913035,137.0942149071481,64.59354271298926,6.5916282101986905,208.2793858303361,62.394696971091605,0.25,133.0,642.8,59.1,6402.4
LC,50,1.0,t50p100,2040,P_mix,North America,2.274,0.27076403091386925,66.68020741265532,65.40717748067075,6.822446258618867,138.90983115194493,29.32095243480337,0.572,62.5,263.2,100.2,8545.2
LC,100,1.0,t100p100,2040,P_mix,North America,2.274,0.27076403091386925,66.68020741265532,65.40717748067075,6.822446258618867,138.90983115194493,29.32095243480337,0.572,62.5,263.2,100.2,8545.2
LC,150,1.0,t150p100,2040,P_mix,North America,2.056,0.15080297632702988,60.338706182512745,59.413717712511136,6.16896734815356,125.92139124317747,29.343017774558078,0.454,68.1,332.1,87.6,7143.4
LC,200,1.0,t200p100,2040,P_mix,North America,2.056,0.15080297632702988,60.338706182512745,59.413717712511136,6.16896734815356,125.92139124317747,29.343017774558078,0.454,68.1,332.1,87.6,7143.4
LC,300,1.0,t300p100,2040,P_mix,North America,2.011,0.12970302495154093,59.83725845066856,49.60696884711761,6.031990194616537,115.47621749240271,29.759958083522317,0.469,65.3,300.2,78.7,5577.9
LC,500,1.0,t500p100,2040,P_mix,North America,2.011,0.12970302495154093,59.83725845066856,49.60696884711761,6.031990194616537,115.47621749240271,29.759958083522317,0.469,65.3,300.2,78.7,5577.9
LK,50,1.0,t50p100,2040,P_mix,Asia-Pacific,2.51,0.31166521877380293,89.76704865660336,64.3272130914721,7.529412527138033,161.62367427521352,35.76655482737572,0.41,108.3,548.9,76.4,6696.8
LK,100,1.0,t100p100,2040,P_mix,Asia-Pacific,2.34,0.22498286354890246,83.70985580919557,60.726890931524395,7.019143669096596,151.45589040981656,35.77780698993875,0.405,101.5,537.4,77.7,6041.7
LK,150,1.0,t150p100,2040,P_mix,Asia-Pacific,2.079,0.18119492536554907,74.51436099959952,59.595214551399444,6.235584745116567,140.34516029611552,35.849578208983395,0.44,85.2,449.0,87.5,6254.9
LK,200,1.0,t200p100,2040,P_mix,Asia-Pacific,2.025,0.15191574723326456,72.8681340671513,58.43478304890562,6.07637128490616,137.37928840096308,35.976142989233324,0.464,70.7,395.6,79.5,6723.7
LK,300,1.0,t300p100,2040,P_mix,Asia-Pacific,2.175,0.14738999201907188,78.48392342923871,45.047618199790634,6.524145636310531,130.05568726533988,36.08928791799136,0.367,91.0,481.3,57.7,3791.3
LK,500,1.0,t500p100,2040,P_mix,Asia-Pacific,2.175,0.14738999201907188,78.48392342923871,45.047618199790634,6.524145636310531,130.05568726533988,36.08928791799136,0.367,91.0,481.3,57.7,3791.3
LY,50,1.0,t50p100,2040,P_mix,Africa/MENA,1.617,0.2771971480253516,57.305881481904436,40.76142536031719,4.8512064371337225,102.91851327935535,35.438121769002414,0.653,58.6,179.6,110.6,3669.5
LY,100,1.0,t100p100,2040,P_mix,Africa/MENA,1.669,0.17105600860855377,59.045927600460274,36.08118309629704,5.005796443016631,100.13290713977395,35.386533355445934,0.584,62.0,196.0,108.2,2615.1
LY,150,1.0,t150p100,2040,P_mix,Africa/MENA,1.661,0.17060418341263972,58.79046989997346,37.35005869083181,4.9837448292086295,101.12427342001389,35.389333873244524,0.569,62.7,209.7,105.0,2876.7
LY,200,1.0,t200p100,2040,P_mix,Africa/MENA,1.54,0.1293730537398028,54.74846528506094,34.5365504906938,4.618760002923245,93.90377577867798,35.56049583681132,0.732,32.9,105.5,106.6,3200.6
LY,300,1.0,t300p100,2040,P_mix,Africa/MENA,1.496,0.11826858435005126,53.28018184105983,30.7918608566897,4.488838377659393,88.56088107540893,35.60844300358275,0.596,50.0,158.1,90.7,2366.0
LY,500,1.0,t500p100,2040,P_mix,Africa/MENA,1.496,0.11826858435005126,53.28018184105983,30.7918608566897,4.488838377659393,88.56088107540893,35.60844300358275,0.596,50.0,158.1,90.7,2366.0
MA,50,1.0,t50p100,2040,P_mix,Africa/MENA,1.808,0.3737300572103781,81.55447802752835,68.58643597433235,5.425122225622585,155.5660362274833,45.09823445581582,0.8,53.6,175.0,143.5,8637.1
MA,100,1.0,t100p100,2040,P_mix,Africa/MENA,1.621,0.2573369980340621,73.12168690527415,60.87536015680514,4.863452229799211,138.8604992918785,45.10480423180359,0.754,58.2,193.9,144.8,6817.8
MA,150,1.0,t150p100,2040,P_mix,Africa/MENA,1.604,0.17843607595207492,72.1693227650837,60.84326416003068,4.812592963010882,137.82517988812526,44.98779970783107,0.532,71.1,351.8,104.6,6797.3
MA,200,1.0,t200p100,2040,P_mix,Africa/MENA,1.61,0.15684732408878746,72.32955017496027,55.86571324841018,4.8314144958688265,133.0266779192393,44.912033672627324,0.712,42.3,183.6,125.8,6521.3
MA,300,1.0,t300p100,2040,P_mix,Africa/MENA,1.61,0.15684732408878746,72.32955017496027,55.86571324841018,4.8314144958688265,133.0266779192393,44.912033672627324,0.712,42.3,183.6,125.8,6521.3
MA,500,1.0,t500p100,2040,P_mix,Africa/MENA,1.61,0.15684732408878746,72.32955017496027,55.86571324841018,4.8314144958688265,133.0266779192393,44.912033672627324,0.712,42.3,183.6,125.8,6521.3
MG,50,1.0,t50p100,2040,P_mix,Africa/MENA,1.403,0.3950002503553882,156.31609368991778,62.61142148246502,4.209973986909068,223.13748915929185,111.38982866116328,0.229,174.9,815.5,56.0,4556.7
MG,100,1.0,t100p100,2040,P_mix,Africa/MENA,1.323,0.24913992602585422,143.56936558253184,64.21406190126162,3.9690771479192812,211.75250463171272,108.5159296975088,0.218,140.5,749.0,48.3,5861.1
MG,150,1.0,t150p100,2040,P_mix,Africa/MENA,1.32,0.24134075401641092,143.48575039066108,62.45822103156806,3.9606193299172743,209.90459075214642,108.68432821110738,0.231,136.3,712.3,56.6,5536.3
MG,200,1.0,t200p100,2040,P_mix,Africa/MENA,1.289,0.15964217475879947,134.9720042481136,64.17858834281137,3.8658047223789276,203.0163973133039,104.74300742619158,0.243,137.4,638.8,52.4,6493.3
MG,300,1.0,t300p100,2040,P_mix,Africa/MENA,1.275,0.1344936391583417,132.44392520400473,48.51394669758998,3.8263955155970018,184.7842674171917,103.83970344739004,0.325,106.7,475.7,66.1,4171.8
MG,500,1.0,t500p100,2040,P_mix,Africa/MENA,1.275,0.1344936391583417,132.44392520400473,48.51394669758998,3.8263955155970018,184.7842674171917,103.83970344739004,0.325,106.7,475.7,66.1,4171.8
MM,50,1.0,t50p100,2040,P_mix,Asia-Pacific,1.759,0.3702581243644821,137.88430711432576,67.42062679540423,5.2768780536151985,210.5818119633452,78.38970640217528,0.188,179.0,947.6,53.9,4712.3
MM,100,1.0,t100p100,2040,P_mix,Asia-Pacific,1.698,0.25275390752724763,132.91470530662863,68.90170358466173,5.0938130045831915,206.91022189587358,78.28008518591352,0.181,163.0,892.0,48.6,5686.8
MM,150,1.0,t150p100,2040,P_mix,Asia-Pacific,1.71,0.18921802729793757,132.80774285171117,64.58929399369457,5.129512618636235,202.52654946404195,77.67272608075992,0.178,162.0,876.5,47.0,4941.0
MM,200,1.0,t200p100,2040,P_mix,Asia-Pacific,1.579,0.16636479977888888,122.27902171843094,58.01066420560813,4.738378965036793,185.0280648890759,77.4182622078318,0.22,135.2,669.7,47.8,5146.4
MM,300,1.0,t300p100,2040,P_mix,Asia-Pacific,1.463,0.15947818188384133,112.7711289275876,55.19038973700828,4.388384203758669,172.34990286835458,77.09292784642608,0.313,99.1,505.6,74.1,5216.2
MM,500,1.0,t500p100,2040,P_mix,Asia-Pacific,1.463,0.15947818188384133,112.7711289275876,55.19038973700828,4.388384203758669,172.34990286835458,77.09292784642608,0.313,99.1,505.6,74.1,5216.2
MN,50,1.0,t50p100,2040,P_mix,Asia-Pacific,1.805,0.3079558451075446,77.72663408726525,50.30630488105217,5.415195274792718,133.44813424311013,43.06029430687904,0.8,35.5,129.5,141.7,5319.9
MN,100,1.0,t100p100,2040,P_mix,Asia-Pacific,1.745,0.21328951537048627,74.95781626502622,47.00271884969442,5.2351120792937476,127.1956471940144,42.954848986808145,0.713,45.8,188.0,134.8,4345.2
MN,150,1.0,t150p100,2040,P_mix,Asia-Pacific,1.726,0.14170410162049904,74.54457404673106,49.90353106577841,5.178478225426839,129.6265833379363,43.18522013709144,0.82,21.9,83.3,142.2,5650.8
MN,200,1.0,t200p100,2040,P_mix,Asia-Pacific,1.644,0.140396877919253,71.09371572934833,48.43672611919285,4.933485879703364,124.46392772824453,43.231328190376516,0.832,20.8,77.5,143.3,5358.9
MN,300,1.0,t300p100,2040,P_mix,Asia-Pacific,1.587,0.13797762037545405,68.65673514725451,43.547654814723955,4.760218448685406,116.96460841066387,43.269065834288405,0.775,31.5,102.0,120.1,4739.8
MN,500,1.0,t500p100,2040,P_mix,Asia-Pacific,1.587,0.13797762037545405,68.65673514725451,43.547654814723955,4.760218448685406,116.96460841066387,43.269065834288405,0.775,31.5,102.0,120.1,4739.8
MR,50,1.0,t50p100,2040,P_mix,Africa/MENA,1.879,0.28071495110236816,65.57864601551306,55.37479564042295,5.636856070980531,126.59029772691653,34.901713928686114,0.649,67.6,229.5,133.9,5654.1
MR,100,1.0,t100p100,2040,P_mix,Africa/MENA,1.755,0.20533705600116164,61.24376532960524,58.50406379821029,5.266331119241478,125.014160247057,34.887911874268895,0.666,64.6,206.0,137.7,6385.8
MR,150,1.0,t150p100,2040,P_mix,Africa/MENA,1.612,0.17266128481121948,56.24795791971518,56.67686500585835,4.835398667497527,117.76022159307107,34.89761348808839,0.712,65.1,150.2,137.5,6371.5
MR,200,1.0,t200p100,2040,P_mix,Africa/MENA,1.781,0.1354201348722982,62.513178728021146,43.14417204609234,5.342949294383368,111.00030006849686,35.10037731056331,0.697,63.5,136.8,117.2,4218.7
MR,300,1.0,t300p100,2040,P_mix,Africa/MENA,1.781,0.1354201348722982,62.513178728021146,43.14417204609234,5.342949294383368,111.00030006849686,35.10037731056331,0.697,63.5,136.8,117.2,4218.7
MR,500,1.0,t500p100,2040,P_mix,Africa/MENA,1.781,0.1354201348722982,62.513178728021146,43.14417204609234,5.342949294383368,111.00030006849686,35.10037731056331,0.697,63.5,136.8,117.2,4218.7
MU,50,1.0,t50p100,2040,P_mix,Africa/MENA,2.319,0.3151920566298656,92.6677546314502,68.6236276834191,6.95554432563374,168.24692664050303,39.9685848984968,0.303,139.2,678.3,58.0,6986.9
MU,100,1.0,t100p100,2040,P_mix,Africa/MENA,2.319,0.3151920566298656,92.6677546314502,68.6236276834191,6.95554432563374,168.24692664050303,39.9685848984968,0.303,139.2,678.3,58.0,6986.9
MU,150,1.0,t150p100,2040,P_mix,Africa/MENA,2.177,0.1873022785743972,87.04459094737928,66.46777928258376,6.531835421690186,160.04420565165321,39.97862101286163,0.276,116.9,638.1,57.9,7006.9
MU,200,1.0,t200p100,2040,P_mix,Africa/MENA,1.887,0.1587118672083323,75.5569368536395,45.11537389309672,5.66116923089542,126.33347997763161,40.03957509764563,0.437,75.2,403.8,89.9,3541.5
MU,300,1.0,t300p100,2040,P_mix,Africa/MENA,2.085,0.14083620563381863,83.78621156106776,45.88848027768366,6.255319629309168,135.93001146806057,40.18318000977393,0.238,120.3,590.5,42.9,3405.7
MU,500,1.0,t500p100,2040,P_mix,Africa/MENA,2.085,0.14083620563381863,83.78621156106776,45.88848027768366,6.255319629309168,135.93001146806057,40.18318000977393,0.238,120.3,590.5,42.9,3405.7
MX,50,1.0,t50p100,2040,P_mix,North America,2.324,0.30133682333741857,66.3843742626388,45.44456447736821,6.971725629230234,118.80066436923724,28.56582909013681,0.625,70.8,333.7,104.4,3699.7
MX,100,1.0,t100p100,2040,P_mix,North America,2.171,0.1994712095484643,61.88497584597474,41.71941043708405,6.514385441898996,110.11877172495778,28.499223632644807,0.584,78.4,332.7,99.7,2988.8
MX,150,1.0,t150p100,2040,P_mix,North America,2.171,0.1994712095484643,61.88497584597474,41.71941043708405,6.514385441898996,110.11877172495778,28.499223632644807,0.584,78.4,332.7,99.7,2988.8
MX,200,1.0,t200p100,2040,P_mix,North America,2.022,0.19621289706403106,57.75490401062409,41.50801180192277,6.065316690615103,105.32823250316196,28.56647408039988,0.564,75.9,343.8,102.7,2810.2
MX,300,1.0,t300p100,2040,P_mix,North America,1.959,0.13225774617312297,57.289012875164126,36.320665553899076,5.877406186479619,99.48708461554283,29.241987566021223,0.707,50.0,181.6,94.6,3259.3
MX,500,1.0,t500p100,2040,P_mix,North America,1.959,0.13225774617312297,57.289012875164126,36.320665553899076,5.877406186479619,99.48708461554283,29.241987566021223,0.707,50.0,181.6,94.6,3259.3
MY,50,1.0,t50p100,2040,P_mix,Asia-Pacific,1.53,0.38228241747184755,232.36887671769313,65.84962236794435,4.588546380530566,302.807045466168,151.9231957883089,0.192,172.7,898.3,57.5,4662.7
MY,100,1.0,t100p100,2040,P_mix,Asia-Pacific,1.529,0.27845113059143844,229.66810864095632,73.4730624245317,4.587583946551949,307.72875501204,150.18893037166762,0.142,181.9,964.4,41.6,6197.6
MY,150,1.0,t150p100,2040,P_mix,Asia-Pacific,1.341,0.20131372956951202,197.06834038450776,71.41823653396284,4.023955785473367,272.51053270394397,146.92135119570582,0.214,144.9,715.5,49.7,7512.0
MY,200,1.0,t200p100,2040,P_mix,Asia-Pacific,1.284,0.15146902142077626,183.40637329506936,64.98596993565062,3.851314337735245,252.2436575684552,142.8652848442292,0.257,129.6,575.6,52.3,7153.3
MY,300,1.0,t300p100,2040,P_mix,Asia-Pacific,1.287,0.14804521980309265,183.0439399854925,70.76702495492977,3.862070478355529,257.67303541877783,142.18586197067523,0.226,141.5,612.7,47.8,8141.6
MY,500,1.0,t500p100,2040,P_mix,Asia-Pacific,1.287,0.14804521980309265,183.0439399854925,70.76702495492977,3.862070478355529,257.67303541877783,142.18586197067523,0.226,141.5,612.7,47.8,8141.6
NE,50,1.0,t50p100,2040,P_mix,Africa/MENA,1.869,0.41277304867884435,91.67484200240891,56.650065102636866,5.608379987100596,153.93328709214637,49.038140539654925,0.242,161.7,801.5,81.2,2798.1
NE,100,1.0,t100p100,2040,P_mix,Africa/MENA,1.737,0.28286348162402924,85.03454645182472,51.97743833787045,5.21108284827673,142.22306763797192,48.954055574041675,0.245,167.3,728.5,69.5,2582.6
NE,150,1.0,t150p100,2040,P_mix,Africa/MENA,1.597,0.22069867926127465,77.89829482474504,47.9836990563449,4.790532970063393,130.67252685115332,48.78264818019673,0.617,103.7,277.4,136.1,3399.3
NE,200,1.0,t200p100,2040,P_mix,Africa/MENA,1.678,0.17332870947606122,81.2595876226809,44.49234502151849,5.032822491290543,130.78475513548992,48.437782832577504,0.272,138.2,561.7,76.8,2172.9
NE,300,1.0,t300p100,2040,P_mix,Africa/MENA,1.626,0.1586458061929526,78.4619771884037,50.62345729181521,4.879350200947099,133.964784681166,48.24124563133881,0.25,142.9,562.7,67.6,3669.5
NE,500,1.0,t500p100,2040,P_mix,Africa/MENA,1.626,0.1586458061929526,78.4619771884037,50.62345729181521,4.879350200947099,133.964784681166,48.24124563133881,0.25,142.9,562.7,67.6,3669.5
NG,50,1.0,t50p100,2040,P_mix,Africa/MENA,1.538,0.2952996017335526,226.7932658430671,67.10868018801827,4.614946652844931,298.5168926839303,147.42961267163852,0.213,127.8,623.9,60.6,7059.4
NG,100,1.0,t100p100,2040,P_mix,Africa/MENA,1.538,0.2952996017335526,226.7932658430671,67.10868018801827,4.614946652844931,298.5168926839303,147.42961267163852,0.213,127.8,623.9,60.6,7059.4
NG,150,1.0,t150p100,2040,P_mix,Africa/MENA,1.346,0.1640221891310539,197.23955021549142,56.4656730063632,4.036896061201363,257.74211928305596,146.5776283748021,0.213,109.5,558.4,64.9,5303.4
NG,200,1.0,t200p100,2040,P_mix,Africa/MENA,1.415,0.1373938344818623,204.84122310957392,53.22364508235756,4.2447221921728,262.3095903841043,144.7735897679935,0.188,118.3,531.5,50.5,5133.5
NG,300,1.0,t300p100,2040,P_mix,Africa/MENA,1.426,0.1359721679169562,205.45384715474108,52.00058031745182,4.279135626102638,261.7335630982955,144.03879552319677,0.181,115.4,531.4,47.8,4979.1
NG,500,1.0,t500p100,2040,P_mix,Africa/MENA,1.426,0.1359721679169562,205.45384715474108,52.00058031745182,4.279135626102638,261.7335630982955,144.03879552319677,0.181,115.4,531.4,47.8,4979.1
NI,50,1.0,t50p100,2040,P_mix,North America,2.858,0.34422674533442243,125.5737015444678,75.04958762284242,8.572774826628772,209.196063993939,43.94389357611842,0.157,205.1,1016.2,51.8,5683.8
NI,100,1.0,t100p100,2040,P_mix,North America,2.715,0.2205699291766332,119.56664708421488,60.27119620744041,8.146222191685455,187.98406548334074,44.03267340519567,0.112,185.0,993.1,34.0,3429.5
NI,150,1.0,t150p100,2040,P_mix,North America,2.715,0.2205699291766332,119.56664708421488,60.27119620744041,8.146222191685455,187.98406548334074,44.03267340519567,0.112,185.0,993.1,34.0,3429.5
NI,200,1.0,t200p100,2040,P_mix,North America,2.645,0.21688045147219118,116.43311509050938,60.68571541418445,7.935423196289516,185.05425370098334,44.01773372778072,0.151,163.7,885.3,43.1,4160.3
NI,300,1.0,t300p100,2040,P_mix,North America,2.173,0.1606756077230998,95.43949453550879,49.33983381792423,6.520118946164514,151.29944729959752,43.913076735348994,0.356,95.6,465.5,66.6,4501.0
NI,500,1.0,t500p100,2040,P_mix,North America,2.173,0.1606756077230998,95.43949453550879,49.33983381792423,6.520118946164514,151.29944729959752,43.913076735348994,0.356,95.6,465.5,66.6,4501.0
NL,50,1.0,t50p100,2040,P_mix,Europe,1.548,0.25502839967800384,49.135439312988694,60.221187873766176,4.644835810110246,114.00146299686511,31.735528222141856,0.867,26.4,71.3,142.9,7832.3
NL,100,1.0,t100p100,2040,P_mix,Europe,1.523,0.16404344317548283,47.8168844665417,57.09107276007232,4.568635574119316,109.47659280073333,31.39901422916193,0.787,32.3,108.4,140.8,6937.7
NL,150,1.0,t150p100,2040,P_mix,Europe,1.491,0.11529533974732385,48.18686739694222,49.61086582891851,4.4739824213860375,102.27171564724678,32.311392530247026,0.924,11.1,31.4,140.7,6072.6
NL,200,1.0,t200p100,2040,P_mix,Europe,1.484,0.11284371944941228,48.33886304768724,50.5067236194198,4.450594091246728,103.29618075835378,32.58364752433341,0.869,18.2,55.1,128.2,6396.0
NL,300,1.0,t300p100,2040,P_mix,Europe,1.49,0.11174319741409768,48.60278723265933,47.80887153887219,4.470094455003453,100.88175322653495,32.618631030217905,0.865,20.2,55.9,123.8,5933.0
NL,500,1.0,t500p100,2040,P_mix,Europe,1.49,0.11174319741409766,48.60278723265934,47.80887153887219,4.470094455003455,100.881753226535,32.61863103021791,0.865,20.2,55.9,123.8,5933.0
NO,50,1.0,t50p100,2040,P_mix,Europe,2.419,0.3589173295343731,137.96331503020696,269.62202413177533,7.256294119696562,414.84163328167875,57.038749844380966,0.9,23.2,81.0,160.1,51202.7
NO,100,1.0,t100p100,2040,P_mix,Europe,1.78,0.2163953911947724,100.84962586653052,178.8358676470263,5.3386971530497584,285.02419066660656,56.67091968810441,0.813,34.0,143.7,156.6,31759.8
NO,150,1.0,t150p100,2040,P_mix,Europe,2.086,0.17059022249594574,119.24159114554256,222.63867856509503,6.259181459255849,348.1394511698934,57.152005540219754,0.878,25.2,76.0,145.6,41782.0
NO,200,1.0,t200p100,2040,P_mix,Europe,2.023,0.1675351300626641,115.8610942291429,217.2955504619967,6.069324430291288,339.2259691214309,57.2688586150848,0.876,22.2,82.2,144.0,40694.0
NO,300,1.0,t300p100,2040,P_mix,Europe,2.065,0.16580882049203424,118.39036443246913,209.07620803663576,6.194823786519354,333.66139625562425,57.33352643061512,0.88,21.5,72.3,132.8,39362.0
NO,500,1.0,t500p100,2040,P_mix,Europe,2.065,0.16580882049203424,118.39036443246913,209.07620803663576,6.194823786519354,333.66139625562425,57.33352643061512,0.88,21.5,72.3,132.8,39362.0
NP,50,1.0,t50p100,2040,P_mix,Asia-Pacific,1.36,0.5082990737092863,536.9000175689899,131.69274009377776,4.078895031488497,672.6716526942562,394.88637002732173,0.1,286.2,1444.2,49.2,14070.6
NP,100,1.0,t100p100,2040,P_mix,Asia-Pacific,1.349,0.30731065019737014,482.0178809920106,134.00734067016236,4.048452846922893,620.0736745090958,357.1867322291119,0.112,259.4,1269.4,38.3,16263.8
NP,150,1.0,t150p100,2040,P_mix,Asia-Pacific,1.432,0.21694692021623668,476.2025604314743,129.48093031548066,4.2949766641911395,609.9784674111461,332.6229204468726,0.118,254.8,1217.9,43.6,15546.0
NP,200,1.0,t200p100,2040,P_mix,Asia-Pacific,1.426,0.17854960237907963,456.3013843039207,87.99106081540558,4.278318088180218,548.5707632075065,319.9631548420061,0.142,236.9,1073.8,50.5,7764.7
NP,300,1.0,t300p100,2040,P_mix,Asia-Pacific,1.304,0.14166165408974368,408.8385012031701,93.71530519626064,3.91062490919495,506.46443130862576,313.63670310738263,0.157,194.4,842.3,43.8,11072.2
NP,500,1.0,t500p100,2040,P_mix,Asia-Pacific,1.304,0.14166165408974368,408.8385012031701,93.71530519626064,3.91062490919495,506.46443130862576,313.63670310738263,0.157,194.4,842.3,43.8,11072.2
NZ,50,1.0,t50p100,2040,P_mix,Asia-Pacific,2.409,0.3201765626442591,100.76631414476401,49.2282584965895,7.226288163639875,157.22086080499338,41.83322552169338,0.502,85.7,415.7,92.8,4145.9
NZ,100,1.0,t100p100,2040,P_mix,Asia-Pacific,1.929,0.19647184309264548,80.47219419700762,53.72439246592569,5.787127833511187,139.9837144964445,41.71613096103814,0.587,68.0,296.6,110.3,5537.8
NZ,150,1.0,t150p100,2040,P_mix,Asia-Pacific,1.929,0.19647184309264548,80.47219419700762,53.72439246592569,5.787127833511187,139.9837144964445,41.71613096103814,0.587,68.0,296.6,110.3,5537.8
NZ,200,1.0,t200p100,2040,P_mix,Asia-Pacific,1.847,0.15704298177136802,77.53518227427847,40.28712942854118,5.54076044443829,123.36307214725797,41.98079833181007,0.711,47.8,158.9,101.8,4053.8
NZ,300,1.0,t300p100,2040,P_mix,Asia-Pacific,1.833,0.13879008268899923,77.35889882734014,33.95671332475386,5.499063675345822,116.81467582743986,42.20294766225353,0.489,72.1,295.9,69.8,2516.7
NZ,500,1.0,t500p100,2040,P_mix,Asia-Pacific,1.833,0.13879008268899923,77.35889882734014,33.95671332475386,5.499063675345822,116.81467582743986,42.20294766225353,0.489,72.1,295.9,69.8,2516.7
OM,50,1.0,t50p100,2040,P_mix,Asia-Pacific,2.298,0.27726187301781086,89.27765907049044,44.41266430541065,6.894781706708755,140.58510508260983,38.845751555972484,0.191,145.3,739.8,38.7,2002.3
OM,100,1.0,t100p100,2040,P_mix,Asia-Pacific,2.227,0.181561100518291,86.51406439136932,43.74843987406041,6.681259951472244,136.94376421690197,38.846294719743334,0.159,147.8,742.4,31.5,2027.7
OM,150,1.0,t150p100,2040,P_mix,Asia-Pacific,2.022,0.14896321463489884,78.53417227862114,40.57465661796201,6.0652697360251775,125.17409863260832,38.844524166251546,0.253,118.0,549.2,47.7,2447.7
OM,200,1.0,t200p100,2040,P_mix,Asia-Pacific,2.027,0.1491241916024261,78.73043594543927,40.364793452451515,6.080426297183455,125.17565569507423,38.84453100693384,0.26,117.5,539.5,48.8,2439.2
OM,300,1.0,t300p100,2040,P_mix,Asia-Pacific,2.033,0.12342195549621532,78.96945750148102,31.535075617801926,6.0994431678956245,116.60397628717855,38.840983673953914,0.188,118.6,563.1,30.0,959.3
OM,500,1.0,t500p100,2040,P_mix,Asia-Pacific,2.033,0.12342195549621532,78.96945750148102,31.535075617801926,6.0994431678956245,116.60397628717855,38.840983673953914,0.188,118.6,563.1,30.0,959.3
PA,50,1.0,t50p100,2040,P_mix,North America,1.558,0.4364080838724803,150.67485794708006,76.98061999124893,4.6738735969880025,232.32935153531696,96.71305063374817,0.134,236.2,1107.3,46.2,5366.1
PA,100,1.0,t100p100,2040,P_mix,North America,1.579,0.2577693732171774,149.59977225034226,61.08505563253923,4.737043459539114,215.4218713424206,94.74249509939925,0.132,215.3,994.3,47.3,2937.3
PA,150,1.0,t150p100,2040,P_mix,North America,1.577,0.2390382563706046,148.12403175297575,63.27796813142516,4.7312025628499805,216.13320244725088,93.92370953384962,0.14,197.6,952.2,60.1,3469.9
PA,200,1.0,t200p100,2040,P_mix,North America,1.601,0.23002278777445645,150.32083123852826,64.44144644119098,4.8028466380591475,219.56512431777836,93.89483523001266,0.122,205.3,982.6,56.9,3534.9
PA,300,1.0,t300p100,2040,P_mix,North America,1.56,0.1528011275237859,138.774483784187,70.65146435623342,4.679811406070523,214.1057595464909,88.96158738630292,0.15,205.6,835.4,51.6,5958.9
PA,500,1.0,t500p100,2040,P_mix,North America,1.56,0.1528011275237859,138.774483784187,70.65146435623342,4.679811406070523,214.1057595464909,88.96158738630292,0.15,205.6,835.4,51.6,5958.9
PE,50,1.0,t50p100,2040,P_mix,Latin America,2.124,0.2526961413467918,73.9294194713237,75.47230827873345,6.37121041512077,155.77293816517795,34.81100826423833,0.834,28.2,96.1,140.0,10932.2
PE,100,1.0,t100p100,2040,P_mix,Latin America,1.736,0.17374703356031085,60.42006176835282,76.72247295897068,5.209366377741457,142.35190110506494,34.79505417003211,0.801,31.4,112.7,149.8,10773.4
PE,150,1.0,t150p100,2040,P_mix,Latin America,1.856,0.14934018290805748,64.57754247185017,72.67686185225183,5.567414484597515,142.8218188086995,34.79759373970079,0.855,22.1,72.4,137.5,10629.3
PE,200,1.0,t200p100,2040,P_mix,Latin America,1.95,0.14492572289294392,67.84972178326477,62.62847824411687,5.848796049631964,136.3269960770136,34.80189147005768,0.802,29.4,111.6,125.9,8529.1
PE,300,1.0,t300p100,2040,P_mix,Latin America,1.88,0.12318462024926592,65.4628754601276,59.10182319334032,5.639097196304258,130.20379584977218,34.82625312950647,0.812,25.5,93.2,131.1,7797.1
PE,500,1.0,t500p100,2040,P_mix,Latin America,1.88,0.12318462024926592,65.4628754601276,59.10182319334032,5.639097196304258,130.20379584977218,34.82625312950647,0.812,25.5,93.2,131.1,7797.1
PH,50,1.0,t50p100,2040,P_mix,Asia-Pacific,2.882,0.3218942026901503,96.06735160666683,64.04303753254334,8.646478585434188,168.75686772464437,33.33172597055887,0.308,147.9,782.5,59.6,5216.0
PH,100,1.0,t100p100,2040,P_mix,Asia-Pacific,2.621,0.20511874951008255,86.72268871557459,56.12349276658517,7.862247274767034,150.7084287569268,33.09080178407775,0.337,114.7,656.7,64.5,4544.7
PH,150,1.0,t150p100,2040,P_mix,Asia-Pacific,2.691,0.1752615396814768,89.31817602842672,48.91085809385879,8.073943486759076,146.30297760904458,33.18756547215271,0.217,133.5,827.6,55.6,1989.3
PH,200,1.0,t200p100,2040,P_mix,Asia-Pacific,1.848,0.12827440963762904,62.01692386594961,58.8187081408637,5.54526638305349,126.3808983898668,33.551277566470795,0.747,45.0,141.6,117.1,7642.8
PH,300,1.0,t300p100,2040,P_mix,Asia-Pacific,1.863,0.12767358441276289,62.550740433219346,56.82108724018073,5.589010766927839,124.96083844032792,33.57521198743457,0.753,44.5,136.6,116.5,7279.4
PH,500,1.0,t500p100,2040,P_mix,Asia-Pacific,1.863,0.12767358441276289,62.550740433219346,56.82108724018073,5.589010766927839,124.96083844032792,33.57521198743457,0.753,44.5,136.6,116.5,7279.4
PK,50,1.0,t50p100,2040,P_mix,Asia-Pacific,2.413,0.2953918980711215,101.66567924066726,69.30306374914088,7.240361012261812,178.20910400206995,42.124562187642056,0.388,106.0,522.5,76.6,7928.9
PK,100,1.0,t100p100,2040,P_mix,Asia-Pacific,2.327,0.1797054736635113,97.9313242225624,60.49599191822336,6.98029715238221,165.40761329316797,42.08903521641944,0.331,107.8,550.6,77.2,5864.0
PK,150,1.0,t150p100,2040,P_mix,Asia-Pacific,2.097,0.15075626866395456,88.69027450686399,67.48692272252184,6.290945492100836,162.46814272148669,42.29425034037909,0.385,97.5,456.1,81.8,7916.5
PK,200,1.0,t200p100,2040,P_mix,Asia-Pacific,2.124,0.14158478841485386,89.78079672342675,55.63203903675082,6.373089826969838,151.7859255871474,42.262450001954925,0.352,90.2,477.7,66.8,5779.9
PK,300,1.0,t300p100,2040,P_mix,Asia-Pacific,2.02,0.13197863162358825,85.70190168847203,53.96228103217564,6.060093070586605,145.7242757912343,42.42603241744089,0.347,97.7,436.3,63.4,5734.7
PK,500,1.0,t500p100,2040,P_mix,Asia-Pacific,2.02,0.13197863162358825,85.70190168847203,53.96228103217564,6.060093070586605,145.7242757912343,42.42603241744089,0.347,97.7,436.3,63.4,5734.7
PL,50,1.0,t50p100,2040,P_mix,Europe,1.642,0.3272447378264921,86.55165191126707,65.67100415970299,4.926773951799359,157.1494300227694,52.702835217144305,0.898,18.3,67.8,158.7,8618.2
PL,100,1.0,t100p100,2040,P_mix,Europe,1.633,0.19082994850680474,85.76494751102433,57.39745359503786,4.898305681305699,148.0607067873679,52.52731439669714,0.83,27.8,92.5,154.9,6743.3
PL,150,1.0,t150p100,2040,P_mix,Europe,1.61,0.1436616422102995,85.45327693473808,57.962164276536704,4.830234353724414,148.24567556499917,53.07399435113206,0.87,20.0,64.6,147.0,7344.0
PL,200,1.0,t200p100,2040,P_mix,Europe,1.565,0.14409107172439606,83.06787980448662,53.43429240337038,4.693777811530041,141.19595001938706,53.09233828693433,0.934,11.5,28.3,137.5,6981.5
PL,300,1.0,t300p100,2040,P_mix,Europe,1.54,0.14023198106168389,81.86838197133157,48.18888882180087,4.620038106303066,134.67730889943553,53.16084851744356,0.906,13.5,43.0,128.9,6012.8
PL,500,1.0,t500p100,2040,P_mix,Europe,1.54,0.14023198106168389,81.86838197133157,48.18888882180087,4.620038106303066,134.67730889943553,53.16084851744356,0.906,13.5,43.0,128.9,6012.8
PS,50,1.0,t50p100,2040,P_mix,Asia-Pacific,1.944,0.4267197428302408,352.1565584553761,95.10459625313489,5.83333064257588,453.09448535108686,181.1091707463387,0.18,270.3,1259.4,115.3,5875.4
PS,100,1.0,t100p100,2040,P_mix,Asia-Pacific,1.855,0.2739283013988252,328.9251138007673,79.52107669603957,5.563520966451662,414.0097114632585,177.36525976132884,0.163,248.3,1090.3,79.8,4939.9
PS,150,1.0,t150p100,2040,P_mix,Asia-Pacific,1.744,0.24865579846406702,307.93252365904004,94.51226704501116,5.2305202713466565,407.67531097539785,176.61676526478212,0.24,215.4,901.9,150.9,7595.6
PS,200,1.0,t200p100,2040,P_mix,Asia-Pacific,1.806,0.17038383934367263,303.7217257313933,65.64365001906158,5.417207935229152,374.782583685684,168.19830216756012,0.202,206.5,940.8,106.6,2631.9
PS,300,1.0,t300p100,2040,P_mix,Asia-Pacific,1.599,0.14603713126100004,266.8998028611761,85.24335347492729,4.797616792396083,356.9407731284995,166.89524053954946,0.275,168.9,709.2,129.4,7959.1
PS,500,1.0,t500p100,2040,P_mix,Asia-Pacific,1.599,0.14603713126100004,266.8998028611761,85.24335347492729,4.797616792396083,356.9407731284995,166.89524053954946,0.275,168.9,709.2,129.4,7959.1
PT,50,1.0,t50p100,2040,P_mix,Europe,1.762,0.41260694904677053,117.76480439666965,60.70448637628974,5.286958452245336,183.75624922520473,66.82375441024448,0.653,70.6,333.8,131.1,6135.2
PT,100,1.0,t100p100,2040,P_mix,Europe,1.664,0.2858485491143562,110.64680807472809,56.40588343187861,4.991924721269699,172.0446162278764,66.49547874987877,0.59,73.3,352.2,123.4,5309.8
PT,150,1.0,t150p100,2040,P_mix,Europe,1.809,0.20055947156577503,119.30403867112965,45.76572383673929,5.427577910043288,170.49734041791223,65.94324797274702,0.445,87.2,428.5,100.4,3104.1
PT,200,1.0,t200p100,2040,P_mix,Europe,1.758,0.16749120338192097,115.49704829699813,43.98898637469882,5.274210285028395,164.76024495672533,65.69536028446933,0.455,71.3,385.3,88.9,3490.1
PT,300,1.0,t300p100,2040,P_mix,Europe,1.758,0.16749120338192097,115.49704829699813,43.98898637469882,5.274210285028395,164.76024495672533,65.69536028446933,0.455,71.3,385.3,88.9,3490.1
PT,500,1.0,t500p100,2040,P_mix,Europe,1.731,0.16728933071862212,113.70779658433683,43.642039139665265,5.1927524695960185,162.5425881935981,65.6922107784484,0.497,67.0,339.5,92.8,3646.6
PY,50,1.0,t50p100,2040,P_mix,Latin America,1.791,0.3459913662176428,117.02112748262762,60.16021086165986,5.372357510105171,182.55369585439266,65.3462435788287,0.389,115.6,528.0,85.7,5629.1
PY,100,1.0,t100p100,2040,P_mix,Latin America,1.635,0.2250680475810392,106.82349302728657,59.54781567293441,4.905476867204366,171.27678556742535,65.32911840322171,0.652,65.5,207.2,132.7,6731.4
PY,150,1.0,t150p100,2040,P_mix,Latin America,1.635,0.2250680475810392,106.82349302728657,59.54781567293441,4.905476867204366,171.27678556742535,65.32911840322171,0.652,65.5,207.2,132.7,6731.4
PY,200,1.0,t200p100,2040,P_mix,Latin America,1.461,0.18089509990355376,94.79937605361977,52.4341882684201,4.383678146392309,151.61724246843218,64.87659875187542,0.529,70.9,307.5,106.9,5265.2
PY,300,1.0,t300p100,2040,P_mix,Latin America,1.565,0.16051211990753328,100.72954169706689,51.653818380063946,4.696422980043196,157.07978305717404,64.34442263299307,0.65,56.0,181.2,112.6,5906.1
PY,500,1.0,t500p100,2040,P_mix,Latin America,1.565,0.16051211990753328,100.72954169706689,51.653818380063946,4.696422980043196,157.07978305717404,64.34442263299307,0.65,56.0,181.2,112.6,5906.1
RO,50,1.0,t50p100,2040,P_mix,Europe,2.119,0.34653832790251365,118.080623826853,70.35070385512101,6.356092414413159,194.78742009638717,55.732649619328214,0.86,27.3,89.5,151.9,9567.8
RO,100,1.0,t100p100,2040,P_mix,Europe,2.005,0.20345068494701363,111.76255498160204,64.60340774739218,6.015680632972005,182.38164336196627,55.735615868151406,0.762,39.0,140.3,142.4,8195.9
RO,150,1.0,t150p100,2040,P_mix,Europe,2.003,0.20405862824096965,111.65380271707829,64.34966200332738,6.009737239571672,182.01320195997735,55.736448167092874,0.763,39.4,140.3,142.3,8141.9
RO,200,1.0,t200p100,2040,P_mix,Europe,1.952,0.14975497406738728,108.95022936679739,59.11385865973471,5.8554671642980605,173.9195551908302,55.819745705904566,0.737,36.2,138.5,130.8,7412.8
RO,300,1.0,t300p100,2040,P_mix,Europe,1.903,0.1448091767131896,106.26004561374137,54.93023439530185,5.709077392729586,166.8993574017728,55.83741731145296,0.79,29.5,93.9,122.8,7120.2
RO,500,1.0,t500p100,2040,P_mix,Europe,1.903,0.1448091767131896,106.26004561374137,54.93023439530185,5.709077392729586,166.8993574017728,55.83741731145296,0.79,29.5,93.9,122.8,7120.2
RU,50,1.0,t50p100,2040,P_mix,Europe,1.746,0.3448856864122429,94.94403839666884,136.19618889397185,5.238350900308833,236.37857819094955,54.37438625450111,0.931,17.2,47.5,170.5,23209.7
RU,100,1.0,t100p100,2040,P_mix,Europe,1.717,0.19721436612219964,93.26699385252525,125.33360239531132,5.151889202983901,223.7524854508205,54.31036470961345,0.904,14.6,62.9,174.9,20728.9
RU,150,1.0,t150p100,2040,P_mix,Europe,1.611,0.17521351162231358,87.6252165329902,111.46558645392989,4.83284552572207,203.92364851264213,54.3935551425874,0.91,15.7,53.8,158.8,18332.7
RU,200,1.0,t200p100,2040,P_mix,Europe,1.732,0.15960858555365612,94.48009573898044,112.54907481631092,5.195357093491086,212.22452764878244,54.55645918392104,0.854,23.3,78.7,157.9,18351.2
RU,300,1.0,t300p100,2040,P_mix,Europe,1.757,0.151051918503994,95.99540299346326,103.17862931149811,5.272325151681457,204.4463574566428,54.622239845838145,0.84,27.2,87.9,139.3,16823.9
RU,500,1.0,t500p100,2040,P_mix,Europe,1.757,0.151051918503994,95.99540299346326,103.17862931149811,5.272325151681457,204.4463574566428,54.622239845838145,0.84,27.2,87.9,139.3,16823.9
RW,50,1.0,t50p100,2040,P_mix,Africa/MENA,1.476,0.38148451448433635,238.0887834438833,92.61390346126458,4.426533162071876,335.12922006721976,161.36021671581184,0.172,175.4,914.1,50.4,10347.9
RW,100,1.0,t100p100,2040,P_mix,Africa/MENA,1.476,0.38148451448433635,238.0887834438833,92.61390346126458,4.426533162071876,335.12922006721976,161.36021671581184,0.172,175.4,914.1,50.4,10347.9
RW,150,1.0,t150p100,2040,P_mix,Africa/MENA,1.423,0.2250219659937136,225.67391774921134,87.89161300757866,4.2699792127497505,317.83550996953977,158.55387567838918,0.197,149.4,771.7,57.8,10324.9
RW,200,1.0,t200p100,2040,P_mix,Africa/MENA,1.458,0.17655989091174243,226.98174616408144,91.27329055499301,4.375060545412171,322.6300972644866,155.6424720124848,0.19,144.9,727.5,58.8,11337.9
RW,300,1.0,t300p100,2040,P_mix,Africa/MENA,1.302,0.14066269831827502,198.55936217729445,77.95028536359847,3.907470767995013,280.41711830888795,152.4459482617018,0.309,99.4,470.3,69.1,10359.8
RW,500,1.0,t500p100,2040,P_mix,Africa/MENA,1.302,0.14066269831827502,198.55936217729445,77.95028536359847,3.907470767995013,280.41711830888795,152.4459482617018,0.309,99.4,470.3,69.1,10359.8
SA,50,1.0,t50p100,2040,P_mix,Asia-Pacific,1.64,0.29366330815044045,64.83857994489298,70.75387821739504,4.9195719474315585,140.51203010971957,39.53915948647361,0.716,47.4,182.6,127.1,9564.3
SA,100,1.0,t100p100,2040,P_mix,Asia-Pacific,1.628,0.19688006950846088,64.36715881361988,75.84462854765181,4.885212766753363,145.09700012802506,39.52775153520916,0.695,48.5,182.8,132.5,10466.8
SA,150,1.0,t150p100,2040,P_mix,Asia-Pacific,1.586,0.17201021309762848,62.708307163133355,66.77759887524293,4.75839277431702,134.24429881269333,39.53539155169908,0.666,48.8,198.2,123.4,8721.3
SA,200,1.0,t200p100,2040,P_mix,Asia-Pacific,1.587,0.14081708078968994,62.79780543718945,53.78262784153803,4.762217765944041,121.34265104467153,39.56001711194766,0.639,49.6,182.1,102.7,6688.8
SA,300,1.0,t300p100,2040,P_mix,Asia-Pacific,1.623,0.13573398136659984,64.21594463999072,45.48885589066506,4.86906113927893,114.57386166993473,39.56570443650268,0.579,53.9,205.2,89.0,5149.5
SA,500,1.0,t500p100,2040,P_mix,Asia-Pacific,1.623,0.13573398136659984,64.21594463999072,45.48885589066506,4.86906113927893,114.57386166993473,39.56570443650268,0.579,53.9,205.2,89.0,5149.5
SE,50,1.0,t50p100,2040,P_mix,Europe,2.373,0.3604867885182118,150.67249465894804,178.17331006589149,7.119665633634514,335.965470358474,63.48858320557011,0.923,19.7,66.8,167.8,31938.5
SE,100,1.0,t100p100,2040,P_mix,Europe,2.059,0.2044097724065183,130.12660703623723,103.06257577445089,6.175811594123061,239.36499440481117,63.211096251737715,0.89,21.6,78.6,189.9,15465.6
SE,150,1.0,t150p100,2040,P_mix,Europe,2.278,0.16601466042102453,145.1638480686786,116.02831531127418,6.834346080907642,268.0265094608604,63.7210259841273,0.849,29.8,120.8,147.3,19047.2
SE,200,1.0,t200p100,2040,P_mix,Europe,2.149,0.16578721771332686,137.1085053268181,121.97904649799386,6.447352561559484,265.53490438637147,63.79758390022987,0.857,26.0,112.1,131.3,20843.1
SE,300,1.0,t300p100,2040,P_mix,Europe,2.17,0.16108285482388907,138.69390026755235,111.10396857138745,6.5106111876673465,256.3084800266072,63.908239765694205,0.862,24.6,104.8,131.9,18606.9
SE,500,1.0,t500p100,2040,P_mix,Europe,2.17,0.16108285482388907,138.69390026755235,111.10396857138745,6.5106111876673465,256.3084800266072,63.908239765694205,0.862,24.6,104.8,131.9,18606.9
SK,50,1.0,t50p100,2040,P_mix,Europe,3.294,0.41622808791085514,273.5625420944611,199.52235430444557,9.880806326449836,482.96570272535644,83.05877062750348,0.654,82.0,394.1,285.1,30335.1
SK,100,1.0,t100p100,2040,P_mix,Europe,2.649,0.2449061117774218,219.69163608393887,189.35509975182717,7.946345113378169,416.9930809491442,82.94063482621989,0.647,69.1,336.4,196.2,31243.1
SK,150,1.0,t150p100,2040,P_mix,Europe,2.65,0.24487549543348255,219.8148021615046,189.30241674115686,7.950766685008691,417.0679855876701,82.94098325484846,0.646,69.4,338.1,196.3,31213.4
SK,200,1.0,t200p100,2040,P_mix,Europe,2.903,0.16712949127916155,238.2174110138765,141.41982969137484,8.71023417285158,388.34747487810296,82.04741903140633,0.608,67.9,339.9,216.5,20601.7
SK,300,1.0,t300p100,2040,P_mix,Europe,2.875,0.1601291564449281,235.6224582686883,130.8208204917673,8.6250610370154,375.0683397974709,81.95505768277638,0.654,55.4,251.7,210.6,19243.3
SK,500,1.0,t500p100,2040,P_mix,Europe,2.875,0.1601291564449281,235.6224582686883,130.8208204917673,8.6250610370154,375.0683397974709,81.95505768277638,0.654,55.4,251.7,210.6,19243.3
SN,50,1.0,t50p100,2040,P_mix,Africa/MENA,2.106,0.290119123893862,112.16462800134775,53.76345354166091,6.318516077009861,172.24659762001855,53.255207378261964,0.372,113.5,545.3,80.5,4342.3
SN,100,1.0,t100p100,2040,P_mix,Africa/MENA,2.034,0.2117009626234876,108.2895321422948,51.8869174148266,6.103241274107525,166.27969083122892,53.228863457374814,0.275,122.0,675.6,66.0,3423.6
SN,150,1.0,t150p100,2040,P_mix,Africa/MENA,1.799,0.17262178132799932,95.67357063699097,47.74934235926556,5.397210960513438,148.82012395676995,53.179450277346184,0.295,111.8,545.5,66.3,3499.0
SN,200,1.0,t200p100,2040,P_mix,Africa/MENA,1.921,0.1386108511590114,101.4092791785217,42.43650290122759,5.761655096203897,149.60743717595315,52.80216056945281,0.402,86.6,409.4,75.4,3254.4
SN,300,1.0,t300p100,2040,P_mix,Africa/MENA,1.921,0.1386108511590114,101.4092791785217,42.43650290122759,5.761655096203897,149.60743717595315,52.80216056945281,0.402,86.6,409.4,75.4,3254.4
SN,500,1.0,t500p100,2040,P_mix,Africa/MENA,1.921,0.1386108511590114,101.4092791785217,42.43650290122759,5.761655096203897,149.60743717595315,52.80216056945281,0.402,86.6,409.4,75.4,3254.4
SR,50,1.0,t50p100,2040,P_mix,Latin America,1.638,0.29716467429225424,234.84703792038178,91.03541477035539,4.91297042813759,330.7954231188748,143.40430581997597,0.318,118.9,558.5,85.2,11884.3
SR,100,1.0,t100p100,2040,P_mix,Latin America,1.574,0.20576595479872217,227.89834147048433,79.71377054088578,4.722172320455041,312.33428433182513,144.78400575300614,0.305,107.9,546.9,87.7,9615.2
SR,150,1.0,t150p100,2040,P_mix,Latin America,1.452,0.1572497255221464,209.35745295400835,85.03649537073967,4.356342875090962,298.750291199839,144.1742252321925,0.336,99.0,433.1,77.3,11861.5
SR,200,1.0,t200p100,2040,P_mix,Latin America,1.452,0.1572497255221464,209.35745295400835,85.03649537073967,4.356342875090962,298.750291199839,144.1742252321925,0.336,99.0,433.1,77.3,11861.5
SR,300,1.0,t300p100,2040,P_mix,Latin America,1.525,0.1530591162928587,217.35712006321583,82.0449263302606,4.573555194084011,303.97560158756045,142.57428466876527,0.318,105.6,452.1,72.9,11174.9
SR,500,1.0,t500p100,2040,P_mix,Latin America,1.525,0.1530591162928587,217.35712006321583,82.0449263302606,4.573555194084011,303.97560158756045,142.57428466876527,0.318,105.6,452.1,72.9,11174.9
SV,50,1.0,t50p100,2040,P_mix,North America,1.574,0.46569855125039633,101.10310053528045,71.31869939465598,4.721268915725483,177.14306884566196,64.24317424402282,0.07,245.5,1265.8,41.7,3174.7
SV,100,1.0,t100p100,2040,P_mix,North America,1.505,0.2887305663284466,95.59143584813691,57.37317860928149,4.515688281157603,157.480302738576,63.506223124616426,0.061,241.6,1140.8,36.0,1277.4
SV,150,1.0,t150p100,2040,P_mix,North America,1.498,0.2886559040841147,95.11505931727217,57.06393783077646,4.493230968314585,156.67222811636321,63.50556647633215,0.06,239.9,1135.7,35.0,1289.1
SV,200,1.0,t200p100,2040,P_mix,North America,1.464,0.2752342200163956,92.80060656001258,56.72743601972069,4.390682419627975,153.91872499936125,63.40741439997532,0.153,186.1,841.9,61.9,2876.5
SV,300,1.0,t300p100,2040,P_mix,North America,1.376,0.15540217029407163,85.40765602751752,51.40853265802016,4.12850203787888,140.94469072341656,62.061969627655344,0.1,179.6,863.6,38.5,2347.8
SV,500,1.0,t500p100,2040,P_mix,North America,1.376,0.15540217029407163,85.40765602751752,51.40853265802016,4.12850203787888,140.94469072341656,62.061969627655344,0.1,179.6,863.6,38.5,2347.8
TH,50,1.0,t50p100,2040,P_mix,Asia-Pacific,1.898,0.37328765741294795,105.38563355380886,63.562354581845014,5.694680270765937,174.6426684064198,55.517937027025376,0.2,162.4,864.0,45.6,4844.3
TH,100,1.0,t100p100,2040,P_mix,Asia-Pacific,1.653,0.23913029329392882,91.43216076966391,69.37742004342002,4.959374284569626,165.76895509765356,55.3086874613247,0.318,119.4,609.1,69.8,7445.6
TH,150,1.0,t150p100,2040,P_mix,Asia-Pacific,1.612,0.19061806543834903,88.74746092338897,56.07922720594401,4.835227202856989,149.66191533218998,55.06305528163243,0.334,102.3,537.4,71.1,5249.5
TH,200,1.0,t200p100,2040,P_mix,Asia-Pacific,1.526,0.14521158536793402,83.40415707355542,54.61071584044284,4.577969173242467,142.59284208724074,54.65577896048763,0.364,92.8,451.4,68.4,5672.2
TH,300,1.0,t300p100,2040,P_mix,Asia-Pacific,1.534,0.14422874937901717,83.81117701519898,52.14889265602639,4.603097250497133,140.56316692172248,54.6226849798671,0.384,85.2,413.3,68.5,5474.1
TH,500,1.0,t500p100,2040,P_mix,Asia-Pacific,1.534,0.1442287493790172,83.81117701519898,52.14889265602639,4.603097250497133,140.56316692172248,54.6226849798671,0.384,85.2,413.3,68.5,5474.1
TN,50,1.0,t50p100,2040,P_mix,Africa/MENA,1.743,0.31354604196939206,64.69111566168777,62.50532560156174,5.22957830721709,132.4260195704666,37.110706749955135,0.813,41.0,127.7,142.1,7829.7
TN,100,1.0,t100p100,2040,P_mix,Africa/MENA,1.734,0.2089840491049701,64.28783216403015,57.45816469015552,5.2024254049186895,126.94842225910438,37.071842742760424,0.671,59.8,226.6,123.8,6468.9
TN,150,1.0,t150p100,2040,P_mix,Africa/MENA,1.734,0.20898404910497007,64.28783216403015,57.45816469015552,5.202425404918688,126.94842225910438,37.071842742760424,0.671,59.8,226.6,123.8,6468.9
TN,200,1.0,t200p100,2040,P_mix,Africa/MENA,1.602,0.14451506856766058,60.075350182295885,51.19803210062809,4.8058495233405445,116.07923180626452,37.501392765541645,0.796,31.8,107.5,130.8,5996.8
TN,300,1.0,t300p100,2040,P_mix,Africa/MENA,1.719,0.13956502635036414,64.48348111808741,41.33238745112042,5.156242986375071,110.97211155558291,37.517712773706634,0.778,33.7,109.2,119.5,4225.2
TN,500,1.0,t500p100,2040,P_mix,Africa/MENA,1.719,0.13956502635036414,64.48348111808741,41.33238745112042,5.156242986375071,110.97211155558291,37.517712773706634,0.778,33.7,109.2,119.5,4225.2
TR,50,1.0,t50p100,2040,P_mix,Asia-Pacific,3.234,0.38232207212552693,161.26634682088678,84.29940688561697,9.701731869585329,255.26748557608911,49.86728627074911,0.394,130.3,699.4,123.8,8334.5
TR,100,1.0,t100p100,2040,P_mix,Asia-Pacific,2.548,0.2281795210333073,126.99570820012978,94.47584630637867,7.643531578271399,229.11508608477982,49.844384195839396,0.45,112.6,513.9,99.7,12543.3
TR,150,1.0,t150p100,2040,P_mix,Asia-Pacific,2.617,0.2270372121747667,130.44237098739282,87.98806562708995,7.850636905059296,226.2810735195421,49.84654336898335,0.441,109.2,526.1,98.2,11175.5
TR,200,1.0,t200p100,2040,P_mix,Asia-Pacific,2.936,0.1625182765804154,145.58584519964504,56.801133811109054,8.807379419881308,211.19435843063542,49.589953467091824,0.34,111.4,624.4,95.3,4050.0
TR,300,1.0,t300p100,2040,P_mix,Asia-Pacific,2.51,0.15073515295719822,124.34754014199608,62.2806074572401,7.530540285613467,194.15868788484968,49.53729829168553,0.401,89.4,453.2,72.2,7190.4
TR,500,1.0,t500p100,2040,P_mix,Asia-Pacific,2.51,0.15073515295719822,124.34754014199608,62.2806074572401,7.530540285613467,194.15868788484968,49.53729829168553,0.401,89.4,453.2,72.2,7190.4
TW,50,1.0,t50p100,2040,P_mix,Asia-Pacific,1.311,0.500418248265466,274.0281046927676,103.36820208935447,3.9336826408637267,381.3299894229858,208.9859272169947,0.212,212.1,1232.8,116.8,8269.3
TW,100,1.0,t100p100,2040,P_mix,Asia-Pacific,1.262,0.3086658985791127,240.081138156773,88.66643284908662,3.784934553978757,332.5325055598384,190.29217129083304,0.199,194.2,1050.0,88.6,7362.5
TW,150,1.0,t150p100,2040,P_mix,Asia-Pacific,1.332,0.22786332104220042,237.90541667243963,76.2108054845991,3.9965682759830496,318.11279043302176,178.58227377380743,0.164,211.7,1062.8,56.4,5426.9
TW,200,1.0,t200p100,2040,P_mix,Asia-Pacific,1.516,0.14440750781534092,257.70262653411305,87.31961189029535,4.548513469056188,349.57075189346455,169.96935039586853,0.147,247.0,1143.6,60.3,6791.9
TW,300,1.0,t300p100,2040,P_mix,Asia-Pacific,1.373,0.13495474041120434,226.9738611941325,77.30665694541324,4.11908409032465,308.39960222987037,165.30897856196225,0.166,205.8,907.1,54.0,6809.1
TW,500,1.0,t500p100,2040,P_mix,Asia-Pacific,1.364,0.13492882773139467,225.55744289331585,75.2512111142195,4.093329961697783,304.90198396923313,165.31096564697293,0.166,203.8,896.4,53.4,6482.4
UA,50,1.0,t50p100,2040,P_mix,Europe,1.765,0.37773090746990223,101.05622359390294,95.73879894603009,5.296402338276339,202.09142487820935,57.240491076509194,0.594,78.9,391.7,108.6,13663.8
UA,100,1.0,t100p100,2040,P_mix,Europe,1.749,0.22376596266911028,100.0552491316009,83.19634127753406,5.2457425652547975,188.49733297438974,57.22083073289804,0.472,91.0,459.1,97.0,10813.8
UA,150,1.0,t150p100,2040,P_mix,Europe,1.76,0.22257195984891412,100.71332673069536,82.72365659472328,5.280150256119919,188.71713358153855,57.22185270047822,0.476,94.7,447.5,96.8,10762.9
UA,200,1.0,t200p100,2040,P_mix,Europe,1.535,0.15519951529233056,87.69542901983151,81.15719269552278,4.605073407044451,173.45769512239875,57.12966196305312,0.614,64.4,271.5,105.5,11622.7
UA,300,1.0,t300p100,2040,P_mix,Europe,1.552,0.14794006901392415,88.6645832951633,74.1532500818894,4.657378447278441,167.47521182433115,57.11233323564778,0.61,61.4,257.5,102.4,10363.3
UA,500,1.0,t500p100,2040,P_mix,Europe,1.552,0.14794006901392415,88.6645832951633,74.1532500818894,4.657378447278441,167.47521182433115,57.11233323564778,0.61,61.4,257.5,102.4,10363.3
UG,50,1.0,t50p100,2040,P_mix,Africa/MENA,1.415,0.3885029161525103,167.40859746840917,73.46732038922578,4.245473406842788,245.12139126447772,118.29677029556815,0.266,135.9,729.0,74.9,7214.9
UG,100,1.0,t100p100,2040,P_mix,Africa/MENA,1.36,0.27209234440160573,159.25823665254543,67.48378229106193,4.081099799835828,230.8231187434432,117.07008732715941,0.267,132.8,667.7,83.0,6160.8
UG,150,1.0,t150p100,2040,P_mix,Africa/MENA,1.318,0.23822775513256395,151.08484894831886,69.71111741454087,3.953799916252063,224.74976627911178,114.63770459953088,0.333,118.9,563.4,85.6,7370.2
UG,200,1.0,t200p100,2040,P_mix,Africa/MENA,1.408,0.1816390714599415,157.4907418179457,59.815984140939634,4.2227128453786955,221.529438804264,111.88831510788243,0.249,124.8,594.2,68.1,5538.7
UG,300,1.0,t300p100,2040,P_mix,Africa/MENA,1.256,0.13916821445593444,136.7764119629783,56.95682551321614,3.767324531186005,197.50056200738047,108.91794229358719,0.44,82.2,345.0,84.3,6509.0
UG,500,1.0,t500p100,2040,P_mix,Africa/MENA,1.256,0.13916821445593444,136.7764119629783,56.95682551321614,3.767324531186005,197.50056200738047,108.91794229358719,0.44,82.2,345.0,84.3,6509.0
US,50,1.0,t50p100,2040,P_mix,North America,1.615,0.201624447269958,68.93218747665973,28.37929234910786,4.845642539364468,102.15712236513205,42.67680926730148,0.731,20.6,73.2,90.6,2689.4
US,100,1.0,t100p100,2040,P_mix,North America,1.587,0.13835965499921746,67.69042987208934,25.58451488176772,4.7615655227448,98.03651027660187,42.64800907311852,0.574,33.2,126.9,81.5,1896.1
US,150,1.0,t150p100,2040,P_mix,North America,1.587,0.13835965499921746,67.69042987208934,25.58451488176772,4.7615655227448,98.03651027660187,42.64800907311852,0.574,33.2,126.9,81.5,1896.1
US,200,1.0,t200p100,2040,P_mix,North America,1.467,0.10308932845001484,62.75312513967189,29.50870847358674,4.400974529221247,96.66280814247986,42.776747324717796,0.733,20.4,59.3,86.3,3144.7
US,300,1.0,t300p100,2040,P_mix,North America,1.374,0.0870389383087132,58.7930870733719,26.80247158917071,4.1232707001989,89.71882936274152,42.77654174187689,0.632,22.3,92.3,70.6,2789.1
US,500,1.0,t500p100,2040,P_mix,North America,1.374,0.0870389383087132,58.7930870733719,26.80247158917071,4.1232707001989,89.71882936274152,42.77654174187689,0.632,22.3,92.3,70.6,2789.1
UY,50,1.0,t50p100,2040,P_mix,Latin America,1.683,0.30444531744431275,77.7442647169174,67.24386660010519,5.049583002339253,150.03771431936184,46.18852567483413,0.626,58.0,244.3,118.8,8563.2
UY,100,1.0,t100p100,2040,P_mix,Latin America,1.687,0.19451859367948082,77.91897820334182,67.27362295116818,5.0614333135501015,150.2540344680601,46.183940423403136,0.624,55.6,211.3,125.8,8609.0
UY,150,1.0,t150p100,2040,P_mix,Latin America,1.687,0.19451859367948082,77.91897820334182,67.27362295116818,5.0614333135501015,150.2540344680601,46.183940423403136,0.624,55.6,211.3,125.8,8609.0
UY,200,1.0,t200p100,2040,P_mix,Latin America,1.594,0.15161881301048805,73.65022588624211,56.03263203840768,4.782134787665835,134.46499271231562,46.20335633964282,0.547,56.0,245.8,106.4,6574.8
UY,300,1.0,t300p100,2040,P_mix,Latin America,1.597,0.151723024470567,73.78062841683064,55.715069411983926,4.790588104023922,134.2862859328385,46.20348910075843,0.543,57.5,246.0,105.6,6517.7
UY,500,1.0,t500p100,2040,P_mix,Latin America,1.597,0.151723024470567,73.78062841683061,55.715069411983926,4.7905881040239215,134.28628593283847,46.20348910075841,0.543,57.5,246.0,105.6,6517.7
UZ,50,1.0,t50p100,2040,P_mix,Asia-Pacific,2.904,0.41097560097278646,211.81057387460143,104.99505961452306,8.711901207430058,325.51753469655455,72.93835254718817,0.256,205.8,1025.6,106.2,10339.1
UZ,100,1.0,t100p100,2040,P_mix,Asia-Pacific,2.838,0.2548433572034418,206.18392046037545,84.09380683942302,8.514416477548838,298.7921437773473,72.64758107759381,0.233,180.5,984.1,99.8,6641.3
UZ,150,1.0,t150p100,2040,P_mix,Asia-Pacific,2.483,0.204566366885616,179.01350512990842,94.06922521649277,7.447946075795369,280.53067642219656,72.1058544093148,0.267,158.4,791.6,66.9,11145.7
UZ,200,1.0,t200p100,2040,P_mix,Asia-Pacific,2.644,0.1827987430991151,189.62933487735566,68.93923040781438,7.931159743732533,266.4997250289026,71.7282242463499,0.228,170.3,853.1,77.1,5073.7
UZ,300,1.0,t300p100,2040,P_mix,Asia-Pacific,2.447,0.16107607238807337,174.923776684335,61.71869029275867,7.3420909000605725,243.9845578771543,71.47437115613462,0.25,141.0,695.9,72.7,4989.2
UZ,500,1.0,t500p100,2040,P_mix,Asia-Pacific,2.447,0.16107607238807337,174.923776684335,61.71869029275867,7.3420909000605725,243.9845578771543,71.47437115613462,0.25,141.0,695.9,72.7,4989.2
VN,50,1.0,t50p100,2040,P_mix,Asia-Pacific,2.388,0.36366142745554403,131.78460170494898,57.883290079752214,7.164113906726453,196.83200569142764,55.1853041788807,0.35,131.0,679.1,100.1,3600.7
VN,100,1.0,t100p100,2040,P_mix,Asia-Pacific,2.17,0.2473456243424521,119.6289859969464,52.8878416157029,6.509893650973355,179.02672126362265,55.12946558461521,0.307,122.4,656.4,74.9,3503.6
VN,150,1.0,t150p100,2040,P_mix,Asia-Pacific,2.144,0.18935962183568855,117.52198482228896,58.7119230024778,6.433026926261196,182.66693475102795,54.8056083874929,0.303,119.5,632.3,78.5,4806.3
VN,200,1.0,t200p100,2040,P_mix,Asia-Pacific,1.992,0.13861966052740154,108.24207330558495,55.12411611817066,5.975077215864212,169.34126663961982,54.34678217288761,0.352,103.5,527.3,79.1,4876.6
VN,300,1.0,t300p100,2040,P_mix,Asia-Pacific,2.002,0.13836437199856222,108.67173349414698,51.652596211143006,6.004600523877127,166.3289302291671,54.294236425229585,0.339,101.7,528.6,75.6,4254.6
VN,500,1.0,t500p100,2040,P_mix,Asia-Pacific,2.002,0.13836437199856225,108.67173349414698,51.652596211143006,6.004600523877127,166.3289302291671,54.294236425229585,0.339,101.7,528.6,75.6,4254.6
ZA,50,1.0,t50p100,2040,P_mix,Africa/MENA,1.678,0.24722196844162822,85.08668662224933,46.19991985359956,5.033343044853349,136.31994952070224,50.713821329494756,0.624,45.9,163.5,119.3,4782.2
ZA,100,1.0,t100p100,2040,P_mix,Africa/MENA,1.678,0.24722196844162822,85.08668662224933,46.19991985359956,5.033343044853349,136.31994952070224,50.713821329494756,0.624,45.9,163.5,119.3,4782.2
ZA,150,1.0,t150p100,2040,P_mix,Africa/MENA,1.604,0.17224535576557642,81.45817959831257,42.38953517714704,4.813337223977203,128.6610519994368,50.770292506747296,0.471,65.2,240.0,103.7,3748.3
ZA,200,1.0,t200p100,2040,P_mix,Africa/MENA,1.476,0.11480995042403956,74.1893926592066,40.32888233195685,4.4284452825262965,118.94672027368973,50.25876211135009,0.726,29.5,81.8,109.4,4522.3
ZA,300,1.0,t300p100,2040,P_mix,Africa/MENA,1.437,0.10908939183888759,72.10899067230865,38.20581045350677,4.311835212003248,114.62663633781867,50.17051009155377,0.548,46.0,156.8,91.1,3953.5
ZA,500,1.0,t500p100,2040,P_mix,Africa/MENA,1.437,0.10908939183888759,72.10899067230865,38.20581045350677,4.311835212003248,114.62663633781867,50.17051009155377,0.548,46.0,156.8,91.1,3953.5
ZM,50,1.0,t50p100,2040,P_mix,Africa/MENA,1.769,0.3447858758031699,86.2531888731211,63.619446073392055,5.308070200257205,155.18070514677035,48.74833166426941,0.526,86.5,323.0,100.3,7554.7
ZM,100,1.0,t100p100,2040,P_mix,Africa/MENA,1.717,0.23083310937029966,83.79090644620194,49.23442122002146,5.151764992197716,138.1770926584211,48.793514401240465,0.326,96.5,472.1,81.7,3993.7
ZM,150,1.0,t150p100,2040,P_mix,Africa/MENA,1.72,0.22965810702793904,83.89141390900478,51.90392679844926,5.159210274651033,140.95455098210508,48.781543749743236,0.372,86.9,424.1,90.7,4700.7
ZM,200,1.0,t200p100,2040,P_mix,Africa/MENA,1.664,0.13676216499197993,80.15121006520829,39.419382893951465,4.99125340268564,124.5618463618454,48.17499950338007,0.471,69.1,265.6,91.5,3269.9
ZM,300,1.0,t300p100,2040,P_mix,Africa/MENA,1.776,0.13280129456708653,85.39022367362095,39.23530460923507,5.329264087631293,129.9547923704873,48.06867642671529,0.318,98.7,382.5,80.1,2515.4
ZM,500,1.0,t500p100,2040,P_mix,Africa/MENA,1.776,0.13280129456708653,85.39022367362095,39.23530460923507,5.329264087631293,129.9547923704873,48.06867642671529,0.318,98.7,382.5,80.1,2515.4
AE,50,1.0,t50p100,2045,P_mix,Asia-Pacific,1.751,0.3411416300963886,98.20282260429447,46.235586803435936,5.254058895021137,149.69246830275154,56.072547662543485,0.315,109.9,559.9,62.9,4261.3
AE,100,1.0,t100p100,2045,P_mix,Asia-Pacific,1.727,0.21582270837049863,96.26184601474758,39.75719977990036,5.1817644945341215,141.20081028918207,55.73111984322371,0.3,104.2,543.5,75.8,2419.6
AE,150,1.0,t150p100,2045,P_mix,Asia-Pacific,1.608,0.17849741804863234,88.68464948793127,40.65360933183083,4.824712715747191,134.16297153550929,55.14399802405448,0.341,90.7,462.3,74.8,3363.5
AE,200,1.0,t200p100,2045,P_mix,Asia-Pacific,1.618,0.17855203045950488,89.31840942655245,39.341684304459825,4.855055901926123,133.5151496329384,55.19096663199132,0.337,89.7,460.9,76.1,3022.1
AE,300,1.0,t300p100,2045,P_mix,Asia-Pacific,1.618,0.12840425077452877,88.27192456115466,31.16900930822399,4.854979350986924,124.29591322036558,54.54519052272219,0.394,86.6,312.7,60.5,2578.0
AE,500,1.0,t500p100,2045,P_mix,Asia-Pacific,1.618,0.12840425077452877,88.27192456115466,31.16900930822399,4.854979350986924,124.29591322036558,54.54519052272219,0.394,86.6,312.7,60.5,2578.0
AF,50,1.0,t50p100,2045,P_mix,Asia-Pacific,2.009,0.3571126944736323,155.05301033574764,53.09860701935793,6.028058235548475,214.17967559065406,77.16564983797304,0.157,173.7,962.8,41.9,3243.7
AF,100,1.0,t100p100,2045,P_mix,Asia-Pacific,1.885,0.22748679460321233,144.46016307079978,52.799506244170594,5.655825030139858,202.91549434511023,76.6255120876119,0.196,147.7,842.3,51.1,3950.5
AF,150,1.0,t150p100,2045,P_mix,Asia-Pacific,1.755,0.19340853829152213,132.8964715160644,53.62616336913847,5.265752739486264,191.78838762468914,75.71366037727972,0.262,120.9,673.8,68.3,5004.2
AF,200,1.0,t200p100,2045,P_mix,Asia-Pacific,1.707,0.19348386701815234,129.39670249451436,50.46943468796052,5.119721871663514,184.9858590541384,75.82249919318593,0.267,114.8,643.1,64.1,4645.0
AF,300,1.0,t300p100,2045,P_mix,Asia-Pacific,1.601,0.14481129206180693,119.92379797929236,46.56361226820956,4.80200209216303,171.28941233966492,74.92112394641224,0.248,114.9,574.2,51.8,4562.7
AF,500,1.0,t500p100,2045,P_mix,Asia-Pacific,1.601,0.14481129206180693,119.92379797929236,46.56361226820956,4.80200209216303,171.28941233966492,74.92112394641224,0.248,114.9,574.2,51.8,4562.7
AR,50,1.0,t50p100,2045,P_mix,Latin America,1.675,0.29965502953106654,48.299542903230794,49.04837313614536,5.026447554712755,102.3743635940889,28.827243720833252,0.661,59.0,235.4,121.2,5742.6
AR,100,1.0,t100p100,2045,P_mix,Latin America,1.578,0.21042673517293445,45.48927393305628,48.88313049425888,4.734112366066659,99.10651679338181,28.82648556830767,0.621,68.0,251.9,122.0,5466.8
AR,150,1.0,t150p100,2045,P_mix,Latin America,1.569,0.20978234167367063,45.23339071788183,48.32786210694318,4.707395208300316,98.26864803312532,28.8270192216644,0.621,68.3,249.6,120.4,5397.7
AR,200,1.0,t200p100,2045,P_mix,Latin America,1.769,0.14707015349976993,51.03708483349079,41.46722746296119,5.308339842618264,97.81265213907024,28.84352905803235,0.529,69.6,287.6,101.7,4071.9
AR,300,1.0,t300p100,2045,P_mix,Latin America,1.723,0.1470481682429741,49.70408874031886,41.66196479464053,5.169586253291041,96.53563978825044,28.84413934017018,0.501,72.5,304.4,99.0,4063.0
AR,500,1.0,t500p100,2045,P_mix,Latin America,1.723,0.1470481682429741,49.70408874031886,41.66196479464053,5.169586253291041,96.53563978825044,28.84413934017018,0.501,72.5,304.4,99.0,4063.0
AT,50,1.0,t50p100,2045,P_mix,Europe,2.618,0.3520633953459513,129.62421803767586,105.38290567591314,7.854571832962333,242.86169554655132,49.50908367545794,0.963,6.1,22.7,192.0,19154.3
AT,100,1.0,t100p100,2045,P_mix,Europe,2.412,0.21639927785431334,119.18114645447956,93.57656079456177,7.236641915867436,219.99434916490878,49.407369263286355,0.909,13.9,50.2,182.7,16309.0
AT,150,1.0,t150p100,2045,P_mix,Europe,2.412,0.21639927785431334,119.18114645447956,93.57656079456177,7.236641915867436,219.99434916490878,49.407369263286355,0.909,13.9,50.2,182.7,16309.0
AT,200,1.0,t200p100,2045,P_mix,Europe,2.304,0.16015528363148088,114.48507364237105,88.88357547809187,6.9121456566484385,210.28079477711137,49.688655012175694,0.892,13.4,55.1,152.7,16134.0
AT,300,1.0,t300p100,2045,P_mix,Europe,2.207,0.15634835149423842,109.70160629371429,89.92658643616734,6.620280697402846,206.24847342728447,49.71161102130477,0.913,12.9,35.9,142.8,16854.1
AT,500,1.0,t500p100,2045,P_mix,Europe,2.207,0.15634835149423842,109.70160629371429,89.92658643616734,6.620280697402846,206.24847342728447,49.71161102130477,0.913,12.9,35.9,142.8,16854.1
AU,50,1.0,t50p100,2045,P_mix,Asia-Pacific,1.905,0.2842920416815476,71.33217053763977,49.952063105845184,5.71408338412919,126.99831702761415,37.45071557886125,0.539,71.8,279.2,90.4,6557.0
AU,100,1.0,t100p100,2045,P_mix,Asia-Pacific,1.848,0.2130325364500041,69.21756550281347,47.096124002945146,5.545411342238379,121.859100847997,37.44585995393849,0.452,79.3,345.9,86.4,5460.6
AU,150,1.0,t150p100,2045,P_mix,Asia-Pacific,1.808,0.16477943085642205,67.69654092912235,47.64607194125577,5.422564182365694,120.76517705274382,37.452691375755265,0.467,69.0,303.4,87.0,5971.8
AU,200,1.0,t200p100,2045,P_mix,Asia-Pacific,1.628,0.13184342414265598,61.123043143290985,44.57619546592745,4.8830764471025985,110.58231505632105,37.55196778430041,0.552,55.2,208.9,77.6,6319.7
AU,300,1.0,t300p100,2045,P_mix,Asia-Pacific,1.6,0.1222453259237712,60.225837763825076,36.68080167428349,4.799035008003662,101.70567444611221,37.64871750052824,0.486,58.8,227.9,65.2,4634.4
AU,500,1.0,t500p100,2045,P_mix,Asia-Pacific,1.6,0.1222453259237712,60.225837763825076,36.68080167428349,4.799035008003662,101.70567444611221,37.64871750052824,0.486,58.8,227.9,65.2,4634.4
BD,50,1.0,t50p100,2045,P_mix,Asia-Pacific,2.017,0.3839505221702345,137.5819227174149,60.086443240319255,6.050798621467366,203.7191645792015,68.21343660122504,0.072,236.6,1280.7,26.7,2644.8
BD,100,1.0,t100p100,2045,P_mix,Asia-Pacific,1.957,0.264665834300949,132.85973494366488,58.67494073033175,5.87235150478356,197.4070271787802,67.87386696901834,0.099,206.9,1131.3,39.0,3214.0
BD,150,1.0,t150p100,2045,P_mix,Asia-Pacific,1.869,0.19140438087484513,125.85720323200191,49.7554748328018,5.60795678436136,181.22063484916507,67.32783867895004,0.112,187.9,1013.7,40.8,1966.0
BD,200,1.0,t200p100,2045,P_mix,Asia-Pacific,1.782,0.16417712456720132,119.17620052907058,53.541918564604096,5.346631707821372,178.06475080149605,66.86987642410398,0.114,180.9,942.3,35.0,3642.4
BD,300,1.0,t300p100,2045,P_mix,Asia-Pacific,1.613,0.1529453200659479,107.5206140371653,41.40233085082113,4.83983321035334,153.76277809833977,66.64730541157356,0.131,153.1,796.8,31.4,2074.1
BD,500,1.0,t500p100,2045,P_mix,Asia-Pacific,1.613,0.15294532006594794,107.5206140371653,41.40233085082113,4.83983321035334,153.76277809833977,66.64730541157356,0.131,153.1,796.8,31.4,2074.1
BE,50,1.0,t50p100,2045,P_mix,Europe,2.242,0.2784883053176137,68.32746352413852,77.57308976715782,6.726272778189357,152.62682606948573,30.474885175202427,0.806,40.1,125.9,141.3,12988.2
BE,100,1.0,t100p100,2045,P_mix,Europe,2.132,0.17794220336823036,64.05285567534789,76.4742246454498,6.396503811852488,146.92358413265015,30.04118697935832,0.733,46.4,166.6,141.1,12383.4
BE,150,1.0,t150p100,2045,P_mix,Europe,2.164,0.12798218635444078,66.90505067754262,63.84761689425251,6.490917545877411,137.24358511767255,30.92246213481845,0.726,45.8,160.7,113.9,10247.9
BE,200,1.0,t200p100,2045,P_mix,Europe,2.04,0.12449484781875954,63.69749501229884,65.90557262784587,6.121128056194227,135.72419569633894,31.21850797477066,0.801,33.4,102.6,115.4,11225.7
BE,300,1.0,t300p100,2045,P_mix,Europe,1.911,0.1227386354531945,59.76979769230573,68.13355241224713,5.73388470290023,133.63723480745307,31.271886751789268,0.833,28.1,83.3,118.6,11849.0
BE,500,1.0,t500p100,2045,P_mix,Europe,1.911,0.1227386354531945,59.76979769230573,68.13355241224713,5.73388470290023,133.63723480745307,31.271886751789268,0.833,28.1,83.3,118.6,11849.0
BF,50,1.0,t50p100,2045,P_mix,Africa/MENA,1.713,0.3851897607823487,112.44343758315456,56.15374280072321,5.139203855925884,173.73638423980367,65.63863240421907,0.122,193.7,997.3,39.5,3625.8
BF,100,1.0,t100p100,2045,P_mix,Africa/MENA,1.732,0.2713152999998248,112.7376443662257,45.804664714772336,5.196259152204766,163.73856823320278,65.0877724131935,0.116,188.5,973.4,40.5,1278.6
BF,150,1.0,t150p100,2045,P_mix,Africa/MENA,1.555,0.21834845216860577,100.54997010676009,38.26800147917772,4.663843983538606,143.4818155694764,64.67838791026827,0.18,150.6,680.3,44.6,1682.3
BF,200,1.0,t200p100,2045,P_mix,Africa/MENA,1.617,0.16313298001272333,102.08136766325538,42.63579244619872,4.850395253764243,149.56755536321836,63.13796855052171,0.191,149.2,685.2,56.8,2325.6
BF,300,1.0,t300p100,2045,P_mix,Africa/MENA,1.642,0.15321945751907323,103.39680155599281,48.150400939909595,4.925128800802513,156.4723312967049,62.981176170953255,0.17,156.9,704.9,52.6,3598.9
BF,500,1.0,t500p100,2045,P_mix,Africa/MENA,1.642,0.15321945751907323,103.39680155599281,48.150400939909595,4.925128800802513,156.4723312967049,62.981176170953255,0.17,156.9,704.9,52.6,3598.9
BG,50,1.0,t50p100,2045,P_mix,Europe,1.713,0.3605157597184405,84.00958993845188,56.87107988600364,5.139654474351832,146.02032429880734,49.03613094480235,0.728,51.7,222.9,128.8,7561.0
BG,100,1.0,t100p100,2045,P_mix,Europe,1.697,0.21569537786992568,83.20182856766901,50.58844503604479,5.090647502352868,138.88092110606667,49.032168420154974,0.714,47.9,191.3,134.9,6075.4
BG,150,1.0,t150p100,2045,P_mix,Europe,1.695,0.21617751806917246,83.12949299431783,50.336237747786626,5.086138372928394,138.55186911503287,49.03297171590038,0.714,47.9,191.3,135.0,6010.5
BG,200,1.0,t200p100,2045,P_mix,Europe,1.568,0.14960604233479005,76.96220350469932,54.08816383062665,4.703134094366516,135.75350142969248,49.09207474876326,0.689,45.6,176.7,124.1,7416.8
BG,300,1.0,t300p100,2045,P_mix,Europe,1.545,0.14209836569988837,75.85623315827355,46.681859649281364,4.634432340366264,127.17252514792118,49.10389941237889,0.708,40.6,155.8,115.3,6090.4
BG,500,1.0,t500p100,2045,P_mix,Europe,1.545,0.14209836569988837,75.85623315827355,46.681859649281364,4.634432340366264,127.17252514792118,49.10389941237889,0.708,40.6,155.8,115.3,6090.4
BH,50,1.0,t50p100,2045,P_mix,Asia-Pacific,2.095,0.39085694468700405,105.78287050861302,63.68985497702695,6.284588784868531,175.75731427050852,50.4963208237143,0.364,123.0,655.1,75.7,7323.0
BH,100,1.0,t100p100,2045,P_mix,Asia-Pacific,1.951,0.2568209616827391,98.37927310938514,65.32957280610358,5.851547298019215,169.56039321350792,50.43756878254416,0.246,132.0,772.0,64.6,7206.5
BH,150,1.0,t150p100,2045,P_mix,Asia-Pacific,1.799,0.20975996962103316,90.31262072155613,58.88456769724243,5.397061904484019,154.59425032328255,50.20099212491253,0.331,103.7,589.8,81.7,6594.7
BH,200,1.0,t200p100,2045,P_mix,Asia-Pacific,1.799,0.20975996962103316,90.31262072155613,58.88456769724243,5.397061904484019,154.59425032328255,50.20099212491253,0.331,103.7,589.8,81.7,6594.7
BH,300,1.0,t300p100,2045,P_mix,Asia-Pacific,1.919,0.1492701951026588,95.42874385315227,39.48426880183193,5.75690865708806,140.66992131207226,49.729159973204155,0.219,117.9,603.8,42.9,2895.7
BH,500,1.0,t500p100,2045,P_mix,Asia-Pacific,1.919,0.1492701951026588,95.42874385315227,39.48426880183193,5.75690865708806,140.66992131207226,49.729159973204155,0.219,117.9,603.8,42.9,2895.7
BI,50,1.0,t50p100,2045,P_mix,Africa/MENA,1.581,0.4208446084250244,212.02277950654073,66.3385821929982,4.742023382703961,283.1033850822429,134.13437412384258,0.106,246.4,1179.5,37.9,4380.1
BI,100,1.0,t100p100,2045,P_mix,Africa/MENA,1.538,0.2762436172657034,201.53101603391946,57.0776033516517,4.613544231351425,263.2221636169226,131.04741556247265,0.13,215.0,1000.1,46.3,3381.9
BI,150,1.0,t150p100,2045,P_mix,Africa/MENA,1.478,0.2452149060327906,188.95630359614816,67.09590743557423,4.43281788748103,260.48502891920344,127.88003594493952,0.117,218.4,1099.0,36.4,5457.2
BI,200,1.0,t200p100,2045,P_mix,Africa/MENA,1.5,0.18425006921647002,185.77048995813914,58.285424402191026,4.500699371102408,248.55661373143255,123.82774851676199,0.102,219.2,997.9,33.2,4083.6
BI,300,1.0,t300p100,2045,P_mix,Africa/MENA,1.3,0.13416703202236394,156.2345803095648,52.2242615560353,3.900260955946318,212.3591028215464,120.1724054422849,0.17,160.9,698.8,36.8,5119.4
BI,500,1.0,t500p100,2045,P_mix,Africa/MENA,1.3,0.13416703202236394,156.2345803095648,52.2242615560353,3.900260955946318,212.3591028215464,120.1724054422849,0.17,160.9,698.8,36.8,5119.4
BO,50,1.0,t50p100,2045,P_mix,Latin America,2.1,0.39649700279170635,161.8508182318378,60.71598016623138,6.3003561994857,228.86715459755487,77.06746084215831,0.046,243.8,1313.5,16.4,2842.2
BO,100,1.0,t100p100,2045,P_mix,Latin America,1.929,0.2682757036510419,148.09793754960987,59.78691441110999,5.785831629787314,213.67068359050717,76.78996574346597,0.098,188.4,1045.6,28.1,4621.9
BO,150,1.0,t150p100,2045,P_mix,Latin America,1.832,0.24624364752654004,140.7468490454704,63.45930321249379,5.495366124246562,209.70151838221076,76.83574444174134,0.15,163.7,932.9,44.0,6015.1
BO,200,1.0,t200p100,2045,P_mix,Latin America,1.925,0.22217553241644492,147.43580137438798,50.89259224579556,5.7747497251758375,204.1031433453594,76.5933460622306,0.072,190.2,1035.2,22.1,2699.9
BO,300,1.0,t300p100,2045,P_mix,Latin America,1.989,0.15544229380115757,148.93719273885307,43.832316483327816,5.966953970345753,198.7364631925266,74.88101641760593,0.073,193.4,1015.9,25.9,940.8
BO,500,1.0,t500p100,2045,P_mix,Latin America,1.989,0.15544229380115757,148.93719273885307,43.832316483327816,5.966953970345753,198.7364631925266,74.88101641760593,0.073,193.4,1015.9,25.9,940.8
BR,50,1.0,t50p100,2045,P_mix,Latin America,2.247,0.2463223642615251,74.47287957223713,34.26657247099566,6.740402175409968,115.47985421864277,33.14618815057917,0.414,60.0,280.2,65.4,3672.6
BR,100,1.0,t100p100,2045,P_mix,Latin America,2.247,0.2463223642615251,74.47287957223713,34.26657247099566,6.740402175409968,115.47985421864277,33.14618815057917,0.414,60.0,280.2,65.4,3672.6
BR,150,1.0,t150p100,2045,P_mix,Latin America,2.06,0.13686927059604223,68.188755916029,31.388941606709103,6.180257170001378,105.75795469273949,33.09996042576364,0.359,60.4,279.0,64.4,3006.5
BR,200,1.0,t200p100,2045,P_mix,Latin America,2.016,0.11413902947871055,66.9189105589185,30.239513299327207,6.049461335693624,103.20788519393933,33.185885575006736,0.485,42.4,206.2,69.2,3247.3
BR,300,1.0,t300p100,2045,P_mix,Latin America,1.943,0.1141556576810099,64.55513137368273,29.915023424504366,5.829756221487963,100.29991101967506,33.22015308414017,0.423,52.6,228.3,59.1,3245.7
BR,500,1.0,t500p100,2045,P_mix,Latin America,1.943,0.1141556576810099,64.55513137368273,29.915023424504366,5.829756221487963,100.29991101967506,33.22015308414017,0.423,52.6,228.3,59.1,3245.7
BY,50,1.0,t50p100,2045,P_mix,Europe,1.885,0.34618589049402565,111.5095800898685,88.88571342988432,5.6558057121360665,206.05109923188888,59.14784865254181,0.879,22.7,84.1,169.4,15284.0
BY,100,1.0,t100p100,2045,P_mix,Europe,1.716,0.19447630334018065,101.41232339053651,77.15444844478705,5.146711617251689,183.71348345257525,59.112884652758176,0.796,35.0,135.2,157.5,12336.4
BY,150,1.0,t150p100,2045,P_mix,Europe,1.716,0.19447630334018065,101.41232339053651,77.15444844478705,5.146711617251689,183.71348345257525,59.112884652758176,0.796,35.0,135.2,157.5,12336.4
BY,200,1.0,t200p100,2045,P_mix,Europe,1.87,0.1494045422339699,111.02316327737257,67.76181344052493,5.611397570218563,184.39637428811608,59.35588873613614,0.862,19.4,72.0,153.8,10754.9
BY,300,1.0,t300p100,2045,P_mix,Europe,1.829,0.14784290259533178,108.61305463044742,63.54102514114636,5.485702126715822,177.63978189830962,59.39789590551749,0.77,36.2,126.8,127.7,10043.3
BY,500,1.0,t500p100,2045,P_mix,Europe,1.829,0.14784290259533178,108.61305463044742,63.54102514114636,5.485702126715822,177.63978189830962,59.39789590551749,0.77,36.2,126.8,127.7,10043.3
CA,50,1.0,t50p100,2045,P_mix,North America,1.833,0.25159499199776736,78.9944911686143,30.437136924856997,5.497876025041984,114.9295041185133,43.10455027112649,0.429,62.0,275.4,78.3,2314.9
CA,100,1.0,t100p100,2045,P_mix,North America,1.74,0.1531208338603169,75.01577144857144,27.584906469893745,5.218953967984099,107.81963188644929,43.121153343424226,0.319,72.3,312.4,68.0,1604.4
CA,150,1.0,t150p100,2045,P_mix,North America,1.74,0.1531208338603169,75.01577144857144,27.584906469893745,5.218953967984099,107.81963188644929,43.121153343424226,0.319,72.3,312.4,68.0,1604.4
CA,200,1.0,t200p100,2045,P_mix,North America,1.732,0.1413844557216731,75.01932572888565,27.53079540859492,5.194707937740062,107.74482907522064,43.32447172854301,0.354,66.2,275.5,75.2,1663.5
CA,300,1.0,t300p100,2045,P_mix,North America,1.538,0.11952604158694029,66.9598956649674,27.02002738220964,4.6126195401027426,98.5925425872798,43.550022985513365,0.396,62.6,250.7,65.4,2072.5
CA,500,1.0,t500p100,2045,P_mix,North America,1.538,0.11952604158694029,66.9598956649674,27.02002738220964,4.6126195401027426,98.5925425872798,43.550022985513365,0.396,62.6,250.7,65.4,2072.5
CH,50,1.0,t50p100,2045,P_mix,Europe,2.231,0.43969287332062124,195.95012775366413,122.86971690190808,6.693722900550036,325.51356755612227,87.82114108916731,0.502,119.6,536.1,167.6,19573.4
CH,100,1.0,t100p100,2045,P_mix,Europe,2.038,0.2837614638737732,178.1175079957641,106.76734706605853,6.112874000974338,290.997729062797,87.41428727340423,0.528,91.5,444.2,154.9,16979.1
CH,150,1.0,t150p100,2045,P_mix,Europe,2.155,0.1832751682050213,186.14825849836708,91.25951025165837,6.465057081619309,283.8728258316448,86.37893965125353,0.468,95.4,437.5,137.0,13786.8
CH,200,1.0,t200p100,2045,P_mix,Europe,2.122,0.16197887150623105,182.3144406356812,79.34968869490812,6.365806406312433,268.02993573690173,85.91893736584389,0.448,96.4,434.4,128.3,11174.9
CH,300,1.0,t300p100,2045,P_mix,Europe,2.082,0.16230651935139367,178.90836028395807,78.0320016600637,6.245041253604807,263.18540319762656,85.94420101581619,0.453,91.5,417.4,124.8,11133.1
CH,500,1.0,t500p100,2045,P_mix,Europe,2.082,0.1623065193513937,178.90836028395807,78.0320016600637,6.245041253604807,263.18540319762656,85.94420101581619,0.453,91.5,417.4,124.8,11133.1
CL,50,1.0,t50p100,2045,P_mix,Latin America,1.737,0.32649104323552813,61.62959405661662,75.80880813446386,5.211771621017676,142.65017381209816,35.47522716157459,0.802,38.0,158.8,146.2,12191.0
CL,100,1.0,t100p100,2045,P_mix,Latin America,1.737,0.32649104323552813,61.62959405661662,75.80880813446386,5.211771621017676,142.65017381209816,35.47522716157459,0.802,38.0,158.8,146.2,12191.0
CL,150,1.0,t150p100,2045,P_mix,Latin America,1.604,0.20773545788681097,57.03588271556237,73.01195312147452,4.812073216433714,134.8599090534706,35.557989342792474,0.794,44.5,143.4,149.4,11438.6
CL,200,1.0,t200p100,2045,P_mix,Latin America,1.842,0.16630515864021472,65.30603221667847,61.16573123487809,5.526182085997957,131.99794553755453,35.45270380186093,0.72,46.1,179.2,139.1,8624.6
CL,300,1.0,t300p100,2045,P_mix,Latin America,1.702,0.15886362508666854,60.276414091385355,59.82643787939935,5.105013843166619,125.20786581395133,35.42189068031764,0.694,52.9,195.3,124.8,8592.1
CL,500,1.0,t500p100,2045,P_mix,Latin America,1.702,0.15886362508666854,60.276414091385355,59.82643787939935,5.105013843166619,125.20786581395133,35.42189068031764,0.694,52.9,195.3,124.8,8592.1
CN,50,1.0,t50p100,2045,P_mix,Asia-Pacific,1.564,0.21419685511512773,65.02781220145773,26.357073845138185,4.692996428787415,96.07788247538335,41.56905711832794,0.699,29.2,96.0,78.3,2877.9
CN,100,1.0,t100p100,2045,P_mix,Asia-Pacific,1.445,0.15205847379540438,59.89432287146649,27.949944582914263,4.336462242074326,92.18072969645509,41.43538178910763,0.537,43.3,161.1,74.7,2797.8
CN,150,1.0,t150p100,2045,P_mix,Asia-Pacific,1.364,0.08420983445839327,56.813045482924814,27.991958322692803,4.0926402536486375,88.89764405926627,41.645276859314926,0.787,18.2,54.2,84.5,3469.9
CN,200,1.0,t200p100,2045,P_mix,Asia-Pacific,1.337,0.08668101798621972,55.719694175391304,25.83156405839583,4.011155236494172,85.5624134702813,41.67355105215876,0.777,16.1,58.7,81.0,3052.4
CN,300,1.0,t300p100,2045,P_mix,Asia-Pacific,1.323,0.08361937102908439,55.15858393859264,26.247133894502774,3.968325374376825,85.37404320747225,41.69913910896576,0.742,22.2,66.8,73.4,3287.5
CN,500,1.0,t500p100,2045,P_mix,Asia-Pacific,1.323,0.0836193710290844,55.15858393859264,26.247133894502774,3.968325374376825,85.37404320747225,41.69913910896576,0.742,22.2,66.8,73.4,3287.5
CO,50,1.0,t50p100,2045,P_mix,Latin America,1.453,0.45075252467690946,104.61321954933177,60.403303504986155,4.3582569806837475,169.37478003500166,72.01036103170745,0.095,225.4,1180.7,39.4,3094.0
CO,100,1.0,t100p100,2045,P_mix,Latin America,1.453,0.45075252467690946,104.61321954933177,60.403303504986155,4.3582569806837475,169.37478003500166,72.01036103170745,0.095,225.4,1180.7,39.4,3094.0
CO,150,1.0,t150p100,2045,P_mix,Latin America,1.363,0.2606777811870123,95.2570817152753,52.665750469381074,4.088046228260155,152.01087841291655,69.90411291592676,0.097,194.9,988.9,34.1,2997.8
CO,200,1.0,t200p100,2045,P_mix,Latin America,1.365,0.25619998239225816,95.49584550780794,48.729655216649824,4.095959275203283,148.32145999966104,69.94394164458724,0.097,190.6,952.1,35.9,2266.7
CO,300,1.0,t300p100,2045,P_mix,Latin America,1.383,0.16309792810580803,93.08778660718848,56.93170041037645,4.150336269342559,154.16982328690753,67.2869236848134,0.299,120.9,562.1,92.4,5765.5
CO,500,1.0,t500p100,2045,P_mix,Latin America,1.383,0.16309792810580806,93.08778660718848,56.93170041037645,4.150336269342559,154.16982328690753,67.2869236848134,0.299,120.9,562.1,92.4,5765.5
CR,50,1.0,t50p100,2045,P_mix,North America,2.117,0.3980054194474426,268.3095049830562,93.45649904201856,6.349742977969589,368.1157470030443,126.76552700508725,0.14,257.9,1220.2,48.5,10263.8
CR,100,1.0,t100p100,2045,P_mix,North America,2.02,0.25354286859177494,258.62866328415606,81.64981274948289,6.059307596497598,346.3377836301365,128.04862230479017,0.161,231.8,1088.3,67.9,7896.8
CR,150,1.0,t150p100,2045,P_mix,North America,2.034,0.23477108658412815,259.10909969683433,75.13219081158188,6.1018862926757,340.3431768010919,127.39131176920714,0.134,229.3,1083.8,45.6,7101.6
CR,200,1.0,t200p100,2045,P_mix,North America,1.977,0.22460822403281816,251.01177896215123,77.15123433625425,5.92964474171078,334.09265804011625,126.99501735565899,0.142,215.6,1026.1,44.9,8155.4
CR,300,1.0,t300p100,2045,P_mix,North America,1.71,0.15475865818833034,208.9973944881686,54.344921875575395,5.130522597341301,268.4728389610853,122.20824907572174,0.241,144.5,676.2,60.5,5176.4
CR,500,1.0,t500p100,2045,P_mix,North America,1.71,0.15475865818833034,208.9973944881686,54.344921875575395,5.130522597341301,268.4728389610853,122.20824907572174,0.241,144.5,676.2,60.5,5176.4
CU,50,1.0,t50p100,2045,P_mix,North America,2.601,0.2967572365162808,104.110655639618,76.28995567334111,7.802654704379323,188.20326601733845,40.02893614445781,0.385,120.3,601.7,63.0,11219.4
CU,100,1.0,t100p100,2045,P_mix,North America,2.505,0.18150563596773256,100.27673085876049,61.318316764583834,7.5155119821742,169.11055960551855,40.027904058939725,0.325,113.4,610.7,54.0,7868.5
CU,150,1.0,t150p100,2045,P_mix,North America,2.505,0.18150563596773256,100.27673085876049,61.318316764583834,7.5155119821742,169.11055960551855,40.027904058939725,0.325,113.4,610.7,54.0,7868.5
CU,200,1.0,t200p100,2045,P_mix,North America,2.526,0.17818008888089873,101.12704853786008,59.17613969739227,7.579204813990231,167.8823930492426,40.02809701798495,0.314,115.3,616.8,59.1,7112.2
CU,300,1.0,t300p100,2045,P_mix,North America,2.314,0.1335095043902968,92.63714317394063,39.88927307052782,6.942080006024053,139.46849625049248,40.032876210107226,0.259,107.2,586.5,44.9,3158.2
CU,500,1.0,t500p100,2045,P_mix,North America,2.314,0.1335095043902968,92.63714317394063,39.88927307052782,6.942080006024053,139.46849625049248,40.032876210107226,0.259,107.2,586.5,44.9,3158.2
CV,50,1.0,t50p100,2045,P_mix,Africa/MENA,2.63,0.32653775457440787,91.71988432427419,56.99059299389396,7.890685289631293,156.60116260779944,34.87145195543344,0.272,142.5,782.8,57.4,5224.8
CV,100,1.0,t100p100,2045,P_mix,Africa/MENA,2.63,0.32653775457440787,91.71988432427419,56.99059299389396,7.890685289631293,156.60116260779944,34.87145195543344,0.272,142.5,782.8,57.4,5224.8
CV,150,1.0,t150p100,2045,P_mix,Africa/MENA,2.23,0.17992333902383065,77.84921337344817,47.213156020203094,6.690570764486256,131.7529401581375,34.90698302752025,0.299,111.7,614.9,58.0,4273.9
CV,200,1.0,t200p100,2045,P_mix,Africa/MENA,2.166,0.1524820904338699,75.74712148042872,47.60068298435565,6.4976168611830545,129.8454213259674,34.97303231263646,0.312,99.9,561.8,54.6,4965.4
CV,300,1.0,t300p100,2045,P_mix,Africa/MENA,2.136,0.1529096625019465,74.70938123088419,49.208597655968305,6.40782657586509,130.32580546271757,34.97724868785084,0.319,100.2,552.1,56.9,5344.6
CV,500,1.0,t500p100,2045,P_mix,Africa/MENA,2.136,0.1529096625019465,74.70938123088419,49.208597655968305,6.40782657586509,130.32580546271757,34.97724868785084,0.319,100.2,552.1,56.9,5344.6
CZ,50,1.0,t50p100,2045,P_mix,Europe,2.372,0.35195748767531515,170.07042314177227,92.41210777152718,7.116266763739135,269.5987976770386,71.69647883706298,0.59,64.8,355.9,118.3,15567.8
CZ,100,1.0,t100p100,2045,P_mix,Europe,2.198,0.21366411854684123,157.69267270863233,83.72415300678952,6.595465926482212,248.01229164190406,71.72776319355815,0.496,74.5,387.3,117.0,13169.7
CZ,150,1.0,t150p100,2045,P_mix,Europe,2.198,0.21366411854684123,157.69267270863233,83.72415300678952,6.595465926482212,248.01229164190406,71.72776319355815,0.496,74.5,387.3,117.0,13169.7
CZ,200,1.0,t200p100,2045,P_mix,Europe,2.277,0.1499576771833126,162.2372134221854,68.72618096853884,6.831519662747401,237.79491405347164,71.24500320486793,0.511,70.2,348.3,93.0,10611.8
CZ,300,1.0,t300p100,2045,P_mix,Europe,2.209,0.14601444551445397,157.311218521915,66.6833378710541,6.627956914937659,230.6225133079068,71.20348874056985,0.519,67.0,314.9,89.0,10505.2
CZ,500,1.0,t500p100,2045,P_mix,Europe,2.209,0.14601444551445397,157.311218521915,66.6833378710541,6.627956914937659,230.6225133079068,71.20348874056985,0.519,67.0,314.9,89.0,10505.2
DE,50,1.0,t50p100,2045,P_mix,Europe,1.408,0.265153027042564,46.73989238734138,54.56719216916799,4.223309388620364,105.53039394512973,33.20137462338033,0.88,20.0,64.5,147.3,7789.5
DE,100,1.0,t100p100,2045,P_mix,Europe,1.37,0.16180743655977609,45.155143982780494,48.78365499266353,4.111395862639211,98.05019483808323,32.94876885471756,0.844,22.4,74.3,142.9,6428.1
DE,150,1.0,t150p100,2045,P_mix,Europe,1.364,0.11537464355399875,46.23373382201641,49.452149278995066,4.092745865003134,99.77862896601461,33.88952210594758,0.941,7.3,25.5,144.8,7018.9
DE,200,1.0,t200p100,2045,P_mix,Europe,1.342,0.11572973044738852,45.598074988091476,48.564426396309294,4.02494978534108,98.18745116974185,33.98656685419548,0.936,7.9,27.1,139.5,6961.8
DE,300,1.0,t300p100,2045,P_mix,Europe,1.334,0.1118643472458554,45.49813753730189,44.769015279088926,4.002089981790605,94.26924279818142,34.10578303660122,0.9,13.7,44.8,128.5,6220.0
DE,500,1.0,t500p100,2045,P_mix,Europe,1.334,0.1118643472458554,45.49813753730189,44.769015279088926,4.002089981790605,94.26924279818142,34.10578303660122,0.9,13.7,44.8,128.5,6220.0
DK,50,1.0,t50p100,2045,P_mix,Europe,1.455,0.2798823630677321,51.72738875933738,59.43304366569286,4.365054761442437,115.52548718647267,35.55102392959036,0.921,13.8,44.9,157.6,8832.3
DK,100,1.0,t100p100,2045,P_mix,Europe,1.392,0.17132393321533673,49.17804715015307,52.848783198775834,4.176398222097565,106.20322857102646,35.32568821379335,0.878,21.7,59.1,151.2,7255.7
DK,150,1.0,t150p100,2045,P_mix,Europe,1.447,0.12663050555394795,52.20242281109268,52.28249557565963,4.340791560506437,108.82570994725874,36.078043889075154,0.941,9.7,24.0,151.2,7483.3
DK,200,1.0,t200p100,2045,P_mix,Europe,1.417,0.1265989288427967,51.29128473284486,51.215503014638365,4.252185197766752,106.75897294524998,36.18700668996011,0.937,9.4,25.2,141.6,7537.4
DK,300,1.0,t300p100,2045,P_mix,Europe,1.402,0.12287454085180975,50.89624927067704,45.88419789417565,4.205145956151997,100.98559312100468,36.309975778284816,0.923,8.3,34.0,133.8,6444.9
DK,500,1.0,t500p100,2045,P_mix,Europe,1.402,0.12287454085180975,50.89624927067704,45.88419789417565,4.205145956151997,100.98559312100468,36.309975778284816,0.923,8.3,34.0,133.8,6444.9
DO,50,1.0,t50p100,2045,P_mix,North America,2.492,0.38219604342924085,134.44958824890116,72.78632825805533,7.476426319882532,214.71234282683903,53.94940677393577,0.296,170.4,845.2,89.9,7290.0
DO,100,1.0,t100p100,2045,P_mix,North America,2.497,0.22178306770970993,135.35210709475206,53.205496995022905,7.490596068785899,196.04820015856086,54.20881296434262,0.169,180.8,946.0,61.5,2652.5
DO,150,1.0,t150p100,2045,P_mix,North America,2.335,0.2157512191804276,126.0041411876244,62.62009693149321,7.005090903899552,195.62932902301716,53.96252935881852,0.239,157.0,809.9,71.9,5782.9
DO,200,1.0,t200p100,2045,P_mix,North America,2.354,0.21592634473466438,127.01735835718186,60.72117599366301,7.061294763124716,194.7998291139696,53.96348514743549,0.252,152.9,769.3,76.2,5491.5
DO,300,1.0,t300p100,2045,P_mix,North America,1.707,0.14916662668881583,90.1642429165324,57.11778148359816,5.122214390261289,152.40423879039184,52.80777182303733,0.396,97.0,471.4,91.5,6707.8
DO,500,1.0,t500p100,2045,P_mix,North America,1.707,0.14916662668881583,90.1642429165324,57.11778148359816,5.122214390261289,152.40423879039184,52.80777182303733,0.396,97.0,471.4,91.5,6707.8
DZ,50,1.0,t50p100,2045,P_mix,Africa/MENA,1.886,0.37217460182187484,83.09809541086979,59.45283840206402,5.658299948653471,148.20923376158726,44.058160312256454,0.469,102.0,507.8,97.5,6778.2
DZ,100,1.0,t100p100,2045,P_mix,Africa/MENA,1.813,0.25441804200045726,79.88558881933237,54.86309272441722,5.438263180088825,140.18694472383842,44.06862237477822,0.367,116.3,569.9,87.4,5419.5
DZ,150,1.0,t150p100,2045,P_mix,Africa/MENA,1.779,0.2523785744418018,78.37772137119708,55.48203673014405,5.337758820544576,139.1975169218857,44.05091575299013,0.45,99.4,466.6,98.8,6069.2
DZ,200,1.0,t200p100,2045,P_mix,Africa/MENA,1.657,0.1557198665230747,72.75870925203967,45.9624995037791,4.9697815366015075,123.69099029242027,43.92066857437382,0.435,83.5,384.5,82.0,5026.2
DZ,300,1.0,t300p100,2045,P_mix,Africa/MENA,1.651,0.15587007506984343,72.52234028138517,46.02098602108034,4.95349207309774,123.49681837556324,43.921947917460734,0.434,82.8,387.5,82.2,5020.9
DZ,500,1.0,t500p100,2045,P_mix,Africa/MENA,1.651,0.15587007506984343,72.52234028138517,46.02098602108034,4.95349207309774,123.49681837556324,43.921947917460734,0.434,82.8,387.5,82.2,5020.9
EC,50,1.0,t50p100,2045,P_mix,Latin America,1.271,0.5164700328422175,168.00972114005194,85.0398998658156,3.8132321989248235,256.8628532047924,132.1789854712419,0.108,262.8,1307.4,47.9,7581.4
EC,100,1.0,t100p100,2045,P_mix,Latin America,1.273,0.358644742158204,153.95337110939096,86.20638007491762,3.819678895208401,243.97943007951696,120.91595288482335,0.251,202.3,961.1,83.0,9679.4
EC,150,1.0,t150p100,2045,P_mix,Latin America,1.28,0.2853046460933688,143.1352732516559,73.78865938700089,3.8390817514302586,220.76301439008702,111.85117889062708,0.131,227.2,1042.5,48.2,6988.9
EC,200,1.0,t200p100,2045,P_mix,Latin America,1.273,0.278864586915122,141.01461272915842,67.67903506052241,3.8186868628010835,212.51233465248194,110.7825421111288,0.161,203.1,929.0,57.8,6196.8
EC,300,1.0,t300p100,2045,P_mix,Latin America,1.483,0.15059297174109193,129.72155555302248,66.52611723068046,4.450491853615375,200.69816463731834,87.44306909424581,0.158,192.6,859.1,59.5,6441.7
EC,500,1.0,t500p100,2045,P_mix,Latin America,1.483,0.15059297174109193,129.72155555302248,66.52611723068046,4.450491853615375,200.69816463731834,87.44306909424581,0.158,192.6,859.1,59.5,6441.7
EE,50,1.0,t50p100,2045,P_mix,Europe,2.24,0.31582499425477906,98.4688206772934,51.268655848031436,6.718705486811847,156.45618201213668,43.967764714755305,0.827,30.0,126.9,149.6,6378.8
EE,100,1.0,t100p100,2045,P_mix,Europe,1.74,0.17834292096315268,75.8368266549026,51.087716671799534,5.219011099819247,132.14355442652138,43.592641520265424,0.792,37.3,129.2,144.0,6425.9
EE,150,1.0,t150p100,2045,P_mix,Europe,2.017,0.1505115473658175,89.08110762335171,44.337245904886494,6.051744446793362,139.47009797503156,44.159717122830266,0.768,31.4,145.3,134.6,5041.0
EE,200,1.0,t200p100,2045,P_mix,Europe,2.034,0.14947999815968427,89.84145145696343,44.155310133380745,6.101840851288317,140.0986024416325,44.17099051575274,0.786,26.9,131.8,124.5,5471.9
EE,300,1.0,t300p100,2045,P_mix,Europe,2.047,0.14794307627985254,90.61855596237848,44.309273864886805,6.141514872362919,141.0693446996282,44.26524620342389,0.803,23.4,120.7,125.2,5598.7
EE,500,1.0,t500p100,2045,P_mix,Europe,2.047,0.14794307627985254,90.61855596237848,44.309273864886805,6.141514872362919,141.0693446996282,44.26524620342389,0.803,23.4,120.7,125.2,5598.7
EG,50,1.0,t50p100,2045,P_mix,Africa/MENA,1.979,0.2971674164114534,52.08242507915346,64.48994834322039,5.937425471448498,122.50979889382235,26.315660885145,0.778,41.9,151.5,138.6,9687.5
EG,100,1.0,t100p100,2045,P_mix,Africa/MENA,1.82,0.19740608190132364,47.533112095604935,57.370095454033745,5.459172569664013,110.3623801193027,26.121053047346976,0.76,41.4,155.1,146.1,7676.0
EG,150,1.0,t150p100,2045,P_mix,Africa/MENA,1.665,0.16953942884080508,43.5604581005644,53.87439081525879,4.993881678438717,102.4287305942619,26.16829607035257,0.803,37.8,109.6,145.5,7185.0
EG,200,1.0,t200p100,2045,P_mix,Africa/MENA,1.768,0.14553711994428606,46.88567737482518,53.02541819897408,5.3045301882323335,105.2156257620316,26.516397707852057,0.738,37.8,157.5,118.9,7540.8
EG,300,1.0,t300p100,2045,P_mix,Africa/MENA,1.678,0.1401723731345051,44.63507627871284,52.763743309864076,5.032831212245258,102.43165080082217,26.60634207448431,0.794,32.6,106.3,117.7,7919.8
EG,500,1.0,t500p100,2045,P_mix,Africa/MENA,1.678,0.1401723731345051,44.63507627871284,52.763743309864076,5.032831212245258,102.43165080082217,26.60634207448431,0.794,32.6,106.3,117.7,7919.8
ES,50,1.0,t50p100,2045,P_mix,Europe,1.888,0.2839546540116844,92.84881299566091,45.98103183751484,5.66302689941758,144.49287173259333,49.18684723458215,0.386,86.0,400.3,81.2,4924.4
ES,100,1.0,t100p100,2045,P_mix,Europe,1.771,0.1927526624751748,87.07403172258364,46.10512427217756,5.312553188737662,138.49170918349887,49.17072561673875,0.356,82.8,379.3,89.4,4855.2
ES,150,1.0,t150p100,2045,P_mix,Europe,1.676,0.13523878996268104,82.16481139376488,43.24455073008728,5.028092928605832,130.43745505245798,49.02344441148601,0.398,68.3,314.1,83.9,4934.5
ES,200,1.0,t200p100,2045,P_mix,Europe,1.687,0.12460949167472944,82.60495990373425,37.14440306049624,5.060804472067443,124.81016743629793,48.967487497094424,0.407,65.6,287.6,75.6,3927.9
ES,300,1.0,t300p100,2045,P_mix,Europe,1.687,0.12460949167472947,82.60495990373427,37.14440306049624,5.060804472067443,124.81016743629795,48.96748749709443,0.407,65.6,287.6,75.6,3927.9
ES,500,1.0,t500p100,2045,P_mix,Europe,1.687,0.12460949167472944,82.60495990373425,37.14440306049624,5.060804472067443,124.81016743629793,48.967487497094424,0.407,65.6,287.6,75.6,3927.9
ET,50,1.0,t50p100,2045,P_mix,Africa/MENA,2.138,0.28808313533085994,85.07610692822755,48.26863674287725,6.413436078796309,139.7581797499011,39.79587816092892,0.288,125.8,679.0,66.7,3661.1
ET,100,1.0,t100p100,2045,P_mix,Africa/MENA,1.935,0.18692593244554465,77.37792660520462,51.46746819897356,5.803757774279842,134.64915257845803,39.99715164618825,0.34,112.3,555.6,73.1,5207.2
ET,150,1.0,t150p100,2045,P_mix,Africa/MENA,2.023,0.15988921238413076,80.5946123492655,43.22082076878223,6.068161063256689,129.8835941813044,39.84466373376645,0.18,139.1,785.1,40.3,2449.1
ET,200,1.0,t200p100,2045,P_mix,Africa/MENA,1.591,0.13675521987632114,63.15366396868824,52.278016037486985,4.771795545364481,120.20347555153971,39.7043398244746,0.414,85.1,356.0,75.8,6953.2
ET,300,1.0,t300p100,2045,P_mix,Africa/MENA,1.684,0.1350950038633308,66.7811082662855,48.37646048088884,5.053413098752244,120.21098184592658,39.64515088788699,0.36,87.8,416.6,71.3,5710.7
ET,500,1.0,t500p100,2045,P_mix,Africa/MENA,1.684,0.1350950038633308,66.7811082662855,48.37646048088884,5.053413098752244,120.21098184592658,39.64515088788699,0.36,87.8,416.6,71.3,5710.7
FI,50,1.0,t50p100,2045,P_mix,Europe,2.95,0.3370813812682846,131.09186241078325,145.23376413297456,8.850320664591813,285.1759472083496,44.43630938772225,1.0,-0.0,-0.0,290.7,25831.4
FI,100,1.0,t100p100,2045,P_mix,Europe,2.488,0.20380101561478065,110.02699155593812,123.62663520495036,7.463928584570905,241.1175553454594,44.22349047526336,0.957,6.3,34.0,210.3,22930.5
FI,150,1.0,t150p100,2045,P_mix,Europe,2.422,0.16329862097896258,107.94867096446917,116.27197743841383,7.265939347228182,231.4865877501112,44.57042612349241,1.0,-0.0,-0.0,204.3,21626.5
FI,200,1.0,t200p100,2045,P_mix,Europe,2.331,0.16386128265713418,104.13146963246942,128.89479177028593,6.992632755036401,240.01889415779175,44.674791289791514,1.0,-0.0,-0.0,192.0,25125.3
FI,300,1.0,t300p100,2045,P_mix,Europe,2.384,0.16132418787426034,106.72427255718446,117.9343102802888,7.152425750698995,231.81100858817226,44.764228085872304,1.0,-0.0,-0.0,198.3,22232.7
FI,500,1.0,t500p100,2045,P_mix,Europe,2.384,0.16132418787426034,106.72427255718446,117.9343102802888,7.152425750698995,231.81100858817226,44.764228085872304,1.0,-0.0,-0.0,198.3,22232.7
FJ,50,1.0,t50p100,2045,P_mix,Asia-Pacific,1.923,0.36342245322143296,132.4737333343738,60.06341280952787,5.769197703598802,198.30634384750047,68.88673614967502,0.413,143.9,633.8,119.3,4908.8
FJ,100,1.0,t100p100,2045,P_mix,Asia-Pacific,1.759,0.24852921399488195,121.25388865070906,60.59912845439924,5.27560942604835,187.12862653115667,68.9515914798492,0.19,174.5,910.1,41.4,5441.4
FJ,150,1.0,t150p100,2045,P_mix,Asia-Pacific,1.816,0.22354761069239096,124.73700077775592,52.65482603613619,5.449200757856827,182.84102757174895,68.67264007363265,0.204,171.8,838.0,56.0,3527.6
FJ,200,1.0,t200p100,2045,P_mix,Asia-Pacific,1.64,0.1647581830919673,110.89666693956731,46.5086462099031,4.919529188229143,162.32484233769955,67.62639026814249,0.359,116.9,512.9,76.8,4112.2
FJ,300,1.0,t300p100,2045,P_mix,Asia-Pacific,1.609,0.15121172130818342,107.78813710446067,48.08389932173105,4.8276180002195055,160.69965442641123,66.98218692918107,0.411,107.4,445.4,85.2,4773.9
FJ,500,1.0,t500p100,2045,P_mix,Asia-Pacific,1.609,0.1512117213081834,107.78813710446067,48.08389932173105,4.8276180002195055,160.69965442641123,66.98218692918107,0.411,107.4,445.4,85.2,4773.9
FR,50,1.0,t50p100,2045,P_mix,Europe,1.524,0.27601606074439694,67.09048728567498,54.76575672022521,4.571193678509243,126.42743768440944,44.030394687337804,0.615,53.4,253.9,113.1,7343.6
FR,100,1.0,t100p100,2045,P_mix,Europe,1.49,0.18887042057952017,65.53030853902726,51.39574027434199,4.470156001686898,121.39620481505614,43.978538006927494,0.628,48.9,213.2,122.5,6526.9
FR,150,1.0,t150p100,2045,P_mix,Europe,1.356,0.12659960338026557,59.92338389668871,50.87120592913759,4.067625165048188,114.86221499087449,44.19535832228951,0.702,29.8,153.8,121.8,7026.9
FR,200,1.0,t200p100,2045,P_mix,Europe,1.434,0.12189545514346134,63.497118521427616,45.664483824732784,4.302074641643847,113.46367698780425,44.27895176906916,0.608,45.2,191.7,99.2,6086.5
FR,300,1.0,t300p100,2045,P_mix,Europe,1.423,0.12169690875536472,63.00281700659033,45.19331725381789,4.268580552046254,112.46471481245446,44.278993617483785,0.62,40.7,186.8,99.5,6044.7
FR,500,1.0,t500p100,2045,P_mix,Europe,1.423,0.12169690875536472,63.00281700659033,45.19331725381789,4.268580552046254,112.46471481245446,44.278993617483785,0.62,40.7,186.8,99.5,6044.7
GB,50,1.0,t50p100,2045,P_mix,Europe,1.452,0.2727794654818196,56.139650932216895,83.41214121212752,4.355005823819896,143.9067979681643,38.6724977210078,0.911,15.0,52.5,148.0,14954.6
GB,100,1.0,t100p100,2045,P_mix,Europe,1.325,0.1847322699321238,51.020843846935506,82.09241851691132,3.974772917176953,137.0880352810238,38.50849714693079,0.911,14.6,47.3,153.7,14481.2
GB,150,1.0,t150p100,2045,P_mix,Europe,1.423,0.12862811865466928,55.50086168850129,71.3094460483602,4.269698838664633,131.08000657552614,38.996330035674895,0.903,14.1,41.7,129.3,12699.0
GB,200,1.0,t200p100,2045,P_mix,Europe,1.366,0.12149046879618913,53.64748591334904,70.6750637112484,4.097514637513214,128.42006426211066,39.27806779909962,0.909,12.9,39.3,126.4,12670.9
GB,300,1.0,t300p100,2045,P_mix,Europe,1.351,0.12020789755200417,53.09766556970265,68.50985565936148,4.05337108873754,125.66089231780167,39.298893000867864,0.91,13.0,37.9,120.9,12330.5
GB,500,1.0,t500p100,2045,P_mix,Europe,1.351,0.12020789755200417,53.09766556970265,68.50985565936148,4.05337108873754,125.66089231780167,39.298893000867864,0.91,13.0,37.9,120.9,12330.5
GF,50,1.0,t50p100,2045,P_mix,Latin America,1.867,0.32563715816302985,198.74560258576574,98.67165161409125,5.600536611434637,303.01779081129166,106.46065709845738,0.404,101.2,501.3,91.6,16618.5
GF,100,1.0,t100p100,2045,P_mix,Latin America,1.708,0.2058968180654478,183.2396194788555,93.97995555819428,5.123515254829855,282.3430902918796,107.29329983322629,0.384,102.0,493.3,103.8,15110.7
GF,150,1.0,t150p100,2045,P_mix,Latin America,1.594,0.16318515864764804,168.84001906488996,88.29817983661553,4.780554395785891,261.9187532972914,105.9542503357298,0.387,91.9,404.2,81.1,15189.5
GF,200,1.0,t200p100,2045,P_mix,Latin America,1.596,0.16316852204193655,169.1728647443133,87.79422579995509,4.787955851861223,261.7550463961296,105.99901292649847,0.395,90.9,392.3,82.9,15096.2
GF,300,1.0,t300p100,2045,P_mix,Latin America,1.726,0.15201125711932892,179.48746189623643,83.0015500191965,5.177874430502821,267.6668863459357,103.99294013710204,0.367,92.9,454.3,80.1,13575.6
GF,500,1.0,t500p100,2045,P_mix,Latin America,1.726,0.15201125711932892,179.48746189623643,83.0015500191965,5.177874430502821,267.6668863459357,103.99294013710204,0.367,92.9,454.3,80.1,13575.6
GH,50,1.0,t50p100,2045,P_mix,Africa/MENA,1.636,0.27884795712900723,162.06140589380638,56.60992125288701,4.908243074021937,223.57957022071534,99.05463326677322,0.362,103.0,483.7,84.9,6656.3
GH,100,1.0,t100p100,2045,P_mix,Africa/MENA,1.636,0.27884795712900723,162.06140589380638,56.60992125288701,4.908243074021937,223.57957022071534,99.05463326677322,0.362,103.0,483.7,84.9,6656.3
GH,150,1.0,t150p100,2045,P_mix,Africa/MENA,1.507,0.16812536454027305,147.75249432396808,51.30690213037471,4.521325188451542,203.58072164279434,98.03707198590455,0.397,86.4,368.0,84.1,6341.6
GH,200,1.0,t200p100,2045,P_mix,Africa/MENA,1.534,0.14026294822867819,148.53877029401073,42.14396600904634,4.601327133548176,195.28406343660527,96.84517052331628,0.336,86.9,400.9,66.8,4450.9
GH,300,1.0,t300p100,2045,P_mix,Africa/MENA,1.515,0.12906010327261042,145.7124082179152,43.99017737720058,4.54521734597358,194.2478029410894,96.17520821990843,0.363,85.1,365.6,72.6,4966.4
GH,500,1.0,t500p100,2045,P_mix,Africa/MENA,1.515,0.12906010327261042,145.7124082179152,43.99017737720058,4.54521734597358,194.2478029410894,96.17520821990843,0.363,85.1,365.6,72.6,4966.4
GR,50,1.0,t50p100,2045,P_mix,Europe,2.35,0.4154443001202281,145.007171933175,85.90044048910396,7.05049750297986,237.9581099252588,61.700825454610175,0.189,199.4,973.1,60.8,10292.3
GR,100,1.0,t100p100,2045,P_mix,Europe,2.273,0.2540135697963388,139.4959444271417,78.7000313160363,6.81959687063471,225.01557261381268,61.36547969329987,0.182,168.5,869.5,58.6,9632.7
GR,150,1.0,t150p100,2045,P_mix,Europe,2.273,0.2540135697963388,139.4959444271417,78.7000313160363,6.81959687063471,225.01557261381268,61.36547969329987,0.182,168.5,869.5,58.6,9632.7
GR,200,1.0,t200p100,2045,P_mix,Europe,2.338,0.1607333910139417,141.5704356345884,58.01419284198625,7.012869754303221,206.59749823087787,60.561698959709815,0.119,194.0,944.2,37.9,4492.0
GR,300,1.0,t300p100,2045,P_mix,Europe,2.144,0.1492270800061922,129.6530938277119,51.47881272198265,6.433000120323592,187.5649066700181,60.46312361386539,0.157,153.9,724.5,46.8,4505.0
GR,500,1.0,t500p100,2045,P_mix,Europe,2.144,0.1492270800061922,129.6530938277119,51.47881272198265,6.433000120323592,187.5649066700181,60.46312361386539,0.157,153.9,724.5,46.8,4505.0
GT,50,1.0,t50p100,2045,P_mix,North America,1.737,0.43792925434856017,102.28850260423066,62.22467336680651,5.211021626588444,169.72419759762562,58.88778243539761,0.065,275.9,1304.4,41.2,2107.5
GT,100,1.0,t100p100,2045,P_mix,North America,1.613,0.2736639597900633,94.6644570501353,57.823982638358075,4.840368725763937,157.3288084142573,58.67184655557092,0.071,251.7,1106.1,36.9,2773.5
GT,150,1.0,t150p100,2045,P_mix,North America,1.613,0.2736639597900633,94.6644570501353,57.823982638358075,4.840368725763937,157.3288084142573,58.67184655557092,0.071,251.7,1106.1,36.9,2773.5
GT,200,1.0,t200p100,2045,P_mix,North America,1.575,0.2674910795086972,92.1609403295794,52.48944034078682,4.725911273281375,149.3762919436476,58.50359962360575,0.08,224.5,1010.5,38.4,2353.1
GT,300,1.0,t300p100,2045,P_mix,North America,1.485,0.1662861367933097,85.17484546203812,51.50857460919838,4.4538451302133355,141.13726520144985,57.37167075090353,0.201,150.5,681.6,55.3,4555.9
GT,500,1.0,t500p100,2045,P_mix,North America,1.485,0.1662861367933097,85.17484546203812,51.50857460919838,4.4538451302133355,141.13726520144985,57.37167075090353,0.201,150.5,681.6,55.3,4555.9
HN,50,1.0,t50p100,2045,P_mix,North America,2.339,0.3958764691110484,96.88009539772915,66.46602592483862,7.015582300393878,170.36170362296167,41.42782077788029,0.076,253.5,1262.4,32.4,3958.5
HN,100,1.0,t100p100,2045,P_mix,North America,2.245,0.2474892886698766,92.95077764485102,55.75337476715876,6.735561897628028,155.4397143096378,41.4000104479408,0.082,216.1,1115.9,34.3,2661.0
HN,150,1.0,t150p100,2045,P_mix,North America,2.245,0.2474892886698766,92.95077764485102,55.75337476715876,6.735561897628028,155.4397143096378,41.4000104479408,0.082,216.1,1115.9,34.3,2661.0
HN,200,1.0,t200p100,2045,P_mix,North America,2.167,0.2447372949910485,89.70041973930954,55.685095691567945,6.501221339589379,151.88673677046685,41.39241615713464,0.095,200.4,1014.8,38.1,3368.1
HN,300,1.0,t300p100,2045,P_mix,North America,1.717,0.16084728270504414,70.76291771861266,44.74034161639235,5.152250093421291,120.65550942842629,41.20311500928512,0.276,114.1,590.1,69.3,3435.7
HN,500,1.0,t500p100,2045,P_mix,North America,1.717,0.16084728270504411,70.76291771861266,44.74034161639235,5.152250093421291,120.65550942842629,41.20311500928512,0.276,114.1,590.1,69.3,3435.7
HU,50,1.0,t50p100,2045,P_mix,Europe,2.329,0.3776488479270494,149.15149517980248,191.3656434027154,6.986996867365902,347.50413544988373,64.04103136632702,0.853,28.5,105.6,160.6,40434.3
HU,100,1.0,t100p100,2045,P_mix,Europe,1.836,0.22823899578042803,117.57696181080735,189.3147070009408,5.507991943285887,312.39966075503406,64.03983322132366,0.796,39.6,142.8,167.2,39343.4
HU,150,1.0,t150p100,2045,P_mix,Europe,1.836,0.22823899578042803,117.57696181080735,189.3147070009408,5.507991943285887,312.39966075503406,64.03983322132366,0.796,39.6,142.8,167.2,39343.4
HU,200,1.0,t200p100,2045,P_mix,Europe,2.082,0.16936748794643341,132.63436819401468,161.9244366541637,6.247146769981159,300.80595161815955,63.693573919865656,0.822,28.9,107.5,147.4,33657.1
HU,300,1.0,t300p100,2045,P_mix,Europe,1.915,0.15602309559839492,121.79691947164848,147.4817738583558,5.745614924949675,275.02430825495395,63.59471756944216,0.821,28.4,98.9,130.3,30756.9
HU,500,1.0,t500p100,2045,P_mix,Europe,1.915,0.15602309559839492,121.79691947164848,147.4817738583558,5.745614924949675,275.02430825495395,63.59471756944216,0.821,28.4,98.9,130.3,30756.9
ID,50,1.0,t50p100,2045,P_mix,Asia-Pacific,1.509,0.41747325924076234,129.63355562789985,56.559153581677506,4.52798351783797,190.72069272741535,85.88826910513853,0.169,194.9,1036.6,49.8,3102.4
ID,100,1.0,t100p100,2045,P_mix,Asia-Pacific,1.558,0.2847967519268667,131.89830634093192,51.265574722888466,4.673768869631946,187.8376499334523,84.66291981057167,0.06,235.0,1185.2,21.4,1325.2
ID,150,1.0,t150p100,2045,P_mix,Asia-Pacific,1.521,0.24105098931947408,127.31004207130904,52.68379443071111,4.561663531601662,184.55550003362183,83.72606255767099,0.103,205.9,1063.6,32.8,2424.4
ID,200,1.0,t200p100,2045,P_mix,Asia-Pacific,1.608,0.16261588451212863,130.7611698631357,51.70914176878337,4.823206352348296,187.29351798426737,81.33251636609205,0.117,207.9,1020.1,37.7,2295.2
ID,300,1.0,t300p100,2045,P_mix,Asia-Pacific,1.421,0.145692792106158,114.66563311853483,42.78019822497051,4.264382786964346,161.7102141304697,80.66745330816862,0.145,160.9,750.0,36.3,2481.0
ID,500,1.0,t500p100,2045,P_mix,Asia-Pacific,1.421,0.145692792106158,114.66563311853483,42.78019822497051,4.264382786964346,161.7102141304697,80.66745330816862,0.145,160.9,750.0,36.3,2481.0
IE,50,1.0,t50p100,2045,P_mix,Europe,1.351,0.3076299488706046,47.71584642233837,113.81803900832028,4.052052500014682,165.58593793067334,35.32716796401221,0.937,14.6,49.6,176.4,21465.6
IE,100,1.0,t100p100,2045,P_mix,Europe,1.282,0.20552567458010312,44.443042598007885,110.01497644470479,3.845286726772858,158.30330576948552,34.673390378334354,0.932,15.0,44.5,182.7,20356.4
IE,150,1.0,t150p100,2045,P_mix,Europe,1.341,0.15332049473080644,47.143304595955705,100.20904632176668,4.0243313047186815,151.37668222244108,35.14370539573475,0.927,13.0,46.3,165.0,18557.1
IE,200,1.0,t200p100,2045,P_mix,Europe,1.347,0.14134776829604073,47.956009127808066,95.20827094777562,4.042235268855286,147.20651534443897,35.59120580929595,0.933,12.1,39.2,152.6,17805.8
IE,300,1.0,t300p100,2045,P_mix,Europe,1.328,0.13959144560773706,47.137598251724775,92.3146815872959,3.9845992436941056,143.43687908271477,35.48984128804638,0.949,11.4,26.4,148.3,17336.3
IE,500,1.0,t500p100,2045,P_mix,Europe,1.328,0.13959144560773706,47.137598251724775,92.3146815872959,3.9845992436941056,143.43687908271477,35.48984128804638,0.949,11.4,26.4,148.3,17336.3
IL,50,1.0,t50p100,2045,P_mix,Asia-Pacific,2.341,0.44224635283566316,262.17274673450027,78.64337265323354,7.022440328018739,347.8385597157525,112.00070110462592,0.146,230.6,1166.2,62.0,6842.6
IL,100,1.0,t100p100,2045,P_mix,Asia-Pacific,2.279,0.2826939873109186,248.07677007815946,63.93483027892399,6.836979951967162,318.8485803090506,108.85366279600441,0.135,209.1,1065.0,50.5,4542.2
IL,150,1.0,t150p100,2045,P_mix,Asia-Pacific,2.102,0.25099408795315464,227.86304810036154,73.15940543756723,6.307260926540437,307.3297144644692,108.38130089475058,0.153,187.1,948.2,56.8,7608.6
IL,200,1.0,t200p100,2045,P_mix,Asia-Pacific,2.266,0.16271466055635264,232.78867904010443,52.1367888123745,6.798422311373123,291.72389016385205,102.72472128599753,0.115,198.5,1040.9,37.4,2369.1
IL,300,1.0,t300p100,2045,P_mix,Asia-Pacific,2.006,0.13686133399739453,205.65086928327804,49.54962531635442,6.018767361258989,261.2192619608914,102.50481050671142,0.157,164.2,798.4,40.9,3619.7
IL,500,1.0,t500p100,2045,P_mix,Asia-Pacific,2.006,0.13686133399739453,205.65086928327804,49.54962531635442,6.018767361258989,261.2192619608914,102.50481050671142,0.157,164.2,798.4,40.9,3619.7
IN,50,1.0,t50p100,2045,P_mix,Asia-Pacific,1.798,0.27641021564758567,84.0306678475474,59.21136172770624,5.394755266223888,148.63678484147752,46.72908984786938,0.4,78.7,402.6,85.5,8078.4
IN,100,1.0,t100p100,2045,P_mix,Asia-Pacific,1.762,0.17782969390689773,82.31022305305665,54.14628108185371,5.286745923992469,141.74325005890282,46.70749695735178,0.336,87.0,432.4,74.4,6918.3
IN,150,1.0,t150p100,2045,P_mix,Asia-Pacific,1.737,0.1559709247854837,80.99246182559583,55.208085281341255,5.212031086047293,141.41257819298437,46.61856030123128,0.389,68.7,385.5,83.4,7388.3
IN,200,1.0,t200p100,2045,P_mix,Asia-Pacific,1.616,0.13443456892018535,75.27223375161455,47.95473724402541,4.847837763839384,128.07480875947937,46.58091137851979,0.371,65.4,370.3,74.5,6049.8
IN,300,1.0,t300p100,2045,P_mix,Asia-Pacific,1.592,0.1273863190029013,74.02100015616554,45.582786299960226,4.776940554290846,124.38072701041662,46.486448375211765,0.369,68.9,315.5,67.4,6040.1
IN,500,1.0,t500p100,2045,P_mix,Asia-Pacific,1.592,0.1273863190029013,74.02100015616554,45.582786299960226,4.776940554290846,124.38072701041662,46.486448375211765,0.369,68.9,315.5,67.4,6040.1
IR,50,1.0,t50p100,2045,P_mix,Asia-Pacific,3.892,0.37779537301174904,174.9135819795992,76.5663587371091,11.675777118677345,263.15571783538564,44.942682667296395,0.121,279.4,1506.9,60.8,3554.0
IR,100,1.0,t100p100,2045,P_mix,Asia-Pacific,3.74,0.2513065945204157,168.4456480208756,68.17433482901347,11.219713157597297,247.83969600748642,45.04009478356784,0.126,250.9,1419.4,46.4,2875.8
IR,150,1.0,t150p100,2045,P_mix,Asia-Pacific,3.299,0.2155383271665306,148.44727596406042,78.12023985509911,9.896536362892347,236.46405218205186,44.99976674283902,0.181,207.2,1231.8,68.4,6303.7
IR,200,1.0,t200p100,2045,P_mix,Asia-Pacific,3.493,0.19699458554345278,156.89228869516768,73.15030255890666,10.479804346462254,240.52239560053658,44.912753189365766,0.153,225.9,1242.5,50.6,5413.4
IR,300,1.0,t300p100,2045,P_mix,Asia-Pacific,3.112,0.16664768491499063,139.62625005539533,69.55801338699816,9.335950204319321,218.52021364671282,44.86728624284957,0.221,164.6,907.3,64.4,6990.5
IR,500,1.0,t500p100,2045,P_mix,Asia-Pacific,3.112,0.16664768491499063,139.62625005539533,69.55801338699816,9.335950204319321,218.52021364671282,44.86728624284957,0.221,164.6,907.3,64.4,6990.5
IT,50,1.0,t50p100,2045,P_mix,Europe,2.566,0.4488808323843698,173.57135487072233,121.59870202428432,7.699350808074296,302.8694077030809,67.63090520126663,0.212,230.1,1033.2,67.5,18072.2
IT,100,1.0,t100p100,2045,P_mix,Europe,2.383,0.2845313577634822,160.58761633816113,100.40919317273,7.148248158262606,268.14505766915374,67.39593231071846,0.206,192.7,908.6,61.7,14319.8
IT,150,1.0,t150p100,2045,P_mix,Europe,2.434,0.28286476351094986,164.0959415945584,97.00237437237634,7.300809391944471,268.39912535887925,67.42921207158956,0.188,204.1,950.7,57.4,13225.3
IT,200,1.0,t200p100,2045,P_mix,Europe,2.468,0.16532760061232754,163.8418638388046,88.56390529684461,7.402868214213292,259.80863734986247,66.39664212483213,0.207,188.2,838.8,55.9,12135.0
IT,300,1.0,t300p100,2045,P_mix,Europe,2.286,0.15711253985515314,151.51612708641167,72.41764708895556,6.857188661023028,230.79096283639026,66.28786281511202,0.199,174.2,723.6,48.4,9365.4
IT,500,1.0,t500p100,2045,P_mix,Europe,2.286,0.15711253985515314,151.51612708641167,72.41764708895556,6.857188661023028,230.79096283639026,66.28786281511202,0.199,174.2,723.6,48.4,9365.4
JM,50,1.0,t50p100,2045,P_mix,North America,1.745,0.4602337095519698,107.00400309947894,65.15384937039677,5.236355159581818,177.39420762945753,61.304476017259674,0.09,242.0,1268.1,38.6,3513.4
JM,100,1.0,t100p100,2045,P_mix,North America,1.621,0.26397224826105675,96.81841715061547,60.087894460343094,4.863073632891853,161.76938524385042,59.72668180208621,0.119,201.5,1028.8,40.7,4250.6
JM,150,1.0,t150p100,2045,P_mix,North America,1.621,0.26397224826105675,96.81841715061547,60.087894460343094,4.863073632891853,161.76938524385042,59.72668180208621,0.119,201.5,1028.8,40.7,4250.6
JM,200,1.0,t200p100,2045,P_mix,North America,1.625,0.258394338773948,96.94179227198471,53.441794114762295,4.873974829675178,155.25756121642218,59.66903543392664,0.114,205.5,992.5,42.3,2777.1
JM,300,1.0,t300p100,2045,P_mix,North America,1.363,0.14461916736880606,77.69015396300865,44.37764439187371,4.08888659802486,126.15668495290721,57.00096011506194,0.208,137.8,641.7,51.9,3329.1
JM,500,1.0,t500p100,2045,P_mix,North America,1.363,0.14461916736880606,77.69015396300865,44.37764439187371,4.08888659802486,126.15668495290721,57.00096011506194,0.208,137.8,641.7,51.9,3329.1
JO,50,1.0,t50p100,2045,P_mix,Asia-Pacific,1.706,0.279349806010561,80.86693159066341,62.97351570262866,5.116596340267298,148.95704363355938,47.41448780368642,0.618,64.0,274.4,119.5,8884.5
JO,100,1.0,t100p100,2045,P_mix,Asia-Pacific,1.624,0.1864313512888205,77.2559942404488,58.295501408989466,4.87328557070818,140.42478122014643,47.55887570275637,0.635,54.8,237.1,121.6,8020.1
JO,150,1.0,t150p100,2045,P_mix,Asia-Pacific,1.623,0.17323806645709053,77.09254312233041,58.237816001077235,4.8680729797984394,140.1984321032061,47.50907193190175,0.63,49.0,233.8,125.3,7969.5
JO,200,1.0,t200p100,2045,P_mix,Asia-Pacific,1.478,0.14137983163750673,69.79212741636238,52.901644063233064,4.432603673309262,127.1263751529047,47.23552965265953,0.681,37.2,181.8,118.5,7364.7
JO,300,1.0,t300p100,2045,P_mix,Asia-Pacific,1.399,0.12643076935582598,65.87756661679138,45.31738697221826,4.195910355295929,115.39086394430556,47.10126840553902,0.714,39.4,139.2,111.6,6007.2
JO,500,1.0,t500p100,2045,P_mix,Asia-Pacific,1.399,0.12643076935582598,65.87756661679138,45.31738697221826,4.195910355295929,115.39086394430556,47.10126840553902,0.714,39.4,139.2,111.6,6007.2
JP,50,1.0,t50p100,2045,P_mix,Asia-Pacific,1.783,0.4148146998168694,108.65370767416411,61.72245512798138,5.350088441647625,175.7262512437931,60.926305532644264,0.417,127.9,641.6,110.0,5737.6
JP,100,1.0,t100p100,2045,P_mix,Asia-Pacific,1.561,0.25040790776729277,95.01506140375085,54.0769946846666,4.684171611527794,153.77622769994522,60.85284824103219,0.474,91.1,475.3,92.4,5968.0
JP,150,1.0,t150p100,2045,P_mix,Asia-Pacific,1.845,0.2070265880680798,112.02649782217607,56.10952644789466,5.534102410451212,173.67012668052195,60.728817166779905,0.353,114.9,613.3,97.5,5109.6
JP,200,1.0,t200p100,2045,P_mix,Asia-Pacific,1.831,0.1488590283898764,110.656502682486,51.38839337481919,5.492266283693066,167.53716234099826,60.4430832192348,0.317,114.5,594.4,87.9,4407.1
JP,300,1.0,t300p100,2045,P_mix,Asia-Pacific,1.708,0.1435084165793659,103.13804501809655,44.1491775261884,5.124258097585931,152.41148064187087,60.382230785770915,0.342,100.0,498.0,78.4,3757.9
JP,500,1.0,t500p100,2045,P_mix,Asia-Pacific,1.708,0.1435084165793659,103.13804501809655,44.1491775261884,5.124258097585931,152.41148064187087,60.382230785770915,0.342,100.0,498.0,78.4,3757.9
KE,50,1.0,t50p100,2045,P_mix,Africa/MENA,2.094,0.3783342440019167,65.02919996576449,56.15677746132466,6.2830553949371595,127.4690328220263,31.049797850659143,0.252,158.2,795.7,60.7,4660.1
KE,100,1.0,t100p100,2045,P_mix,Africa/MENA,1.903,0.25981080544102647,58.68984890149176,52.79491588845361,5.708771418702798,117.19353620864818,30.841933192077658,0.337,122.7,604.4,88.5,4577.8
KE,150,1.0,t150p100,2045,P_mix,Africa/MENA,2.022,0.20878159470530921,62.75476294612264,48.560993087997055,6.067352792780344,117.38310882690003,31.029065766933133,0.32,128.4,629.1,74.2,3792.6
KE,200,1.0,t200p100,2045,P_mix,Africa/MENA,2.038,0.16025838990814995,63.907580624717596,49.377930508515405,6.1149653592353665,119.40047649246837,31.353038097688447,0.183,153.6,779.7,48.8,3555.1
KE,300,1.0,t300p100,2045,P_mix,Africa/MENA,1.799,0.15352667226637542,56.702308442346336,43.269903237672736,5.397419055284107,105.36963073530318,31.516345791328202,0.318,113.9,494.8,66.6,3812.9
KE,500,1.0,t500p100,2045,P_mix,Africa/MENA,1.799,0.15352667226637542,56.702308442346336,43.269903237672736,5.397419055284107,105.36963073530318,31.516345791328202,0.318,113.9,494.8,66.6,3812.9
KH,50,1.0,t50p100,2045,P_mix,Asia-Pacific,1.808,0.36661805710032586,157.8267995452513,68.003264652942,5.424644313595191,231.25470851178852,87.28321550025356,0.164,178.9,974.3,46.4,6606.2
KH,100,1.0,t100p100,2045,P_mix,Asia-Pacific,1.714,0.24830586809401106,149.01487385966502,60.31434628646139,5.142797488859948,214.47201763498634,86.92635137731153,0.13,171.0,951.7,34.7,5349.8
KH,150,1.0,t150p100,2045,P_mix,Asia-Pacific,1.754,0.19213562718762356,151.28076005942668,60.08907632492071,5.262631315455467,216.63246769980285,86.23866141742087,0.169,156.9,820.0,39.1,6188.1
KH,200,1.0,t200p100,2045,P_mix,Asia-Pacific,1.643,0.14965505667328916,139.80331011462152,50.148493305972316,4.928298026437753,194.8801014470316,85.10238790226336,0.187,136.6,691.6,40.1,4806.6
KH,300,1.0,t300p100,2045,P_mix,Asia-Pacific,1.624,0.1494836834999615,138.01073941358152,50.091170430873554,4.872622337011969,192.97453218146705,84.97112839954698,0.211,128.4,625.2,42.5,5251.1
KH,500,1.0,t500p100,2045,P_mix,Asia-Pacific,1.624,0.14948368349996147,138.01073941358155,50.091170430873554,4.872622337011969,192.97453218146708,84.971128399547,0.211,128.4,625.2,42.5,5251.1
KR,50,1.0,t50p100,2045,P_mix,Asia-Pacific,1.898,0.44232432393327425,145.64830749602314,83.31831013659081,5.692829378782633,234.6594470113966,76.75356020972238,0.286,180.7,921.4,111.0,8537.8
KR,100,1.0,t100p100,2045,P_mix,Asia-Pacific,1.832,0.27436725549780716,139.86830900983156,76.77333652712431,5.496484979037943,222.13813051599382,76.34059378489171,0.296,155.4,774.9,108.9,8264.9
KR,150,1.0,t150p100,2045,P_mix,Asia-Pacific,1.642,0.2260146420700246,124.8788115709272,88.69763297854257,4.925692448680441,218.5021369981502,76.0576180133098,0.41,106.8,592.2,111.9,12830.6
KR,200,1.0,t200p100,2045,P_mix,Asia-Pacific,1.643,0.14715297668605165,122.93527567357643,67.1449193309894,4.929336818902407,195.00953182346822,74.8185487359027,0.358,127.7,645.1,90.7,7687.3
KR,300,1.0,t300p100,2045,P_mix,Asia-Pacific,1.642,0.14129225991983577,122.470824495136,67.42478754524144,4.926787840085615,194.82239988046305,74.57444594955876,0.316,128.8,627.7,76.5,8333.3
KR,500,1.0,t500p100,2045,P_mix,Asia-Pacific,1.642,0.14129225991983577,122.470824495136,67.42478754524144,4.926787840085615,194.82239988046305,74.57444594955876,0.316,128.8,627.7,76.5,8333.3
KW,50,1.0,t50p100,2045,P_mix,Asia-Pacific,2.158,0.33700716154925386,76.2641430043467,62.72501986692641,6.473906291572878,145.46306916284598,35.34070755872091,0.562,74.1,378.8,103.8,8535.0
KW,100,1.0,t100p100,2045,P_mix,Asia-Pacific,2.053,0.2239773743820706,72.3492843873091,62.71983427874785,6.158460304726985,141.22757897078392,35.24385031682844,0.494,83.2,431.9,103.3,8095.2
KW,150,1.0,t150p100,2045,P_mix,Asia-Pacific,1.972,0.1833739763812111,69.64251266764832,56.89735026520141,5.9145184771895165,132.45438141003925,35.32452198918892,0.592,64.6,300.3,117.3,7291.5
KW,200,1.0,t200p100,2045,P_mix,Asia-Pacific,2.057,0.16459630085849655,72.99859028576111,49.24257418234455,6.1711211279719915,128.41228559607765,35.48719370693213,0.456,79.8,422.5,90.9,5311.6
KW,300,1.0,t300p100,2045,P_mix,Asia-Pacific,2.059,0.14591443844025534,73.13048897978838,36.639566262212234,6.176265411237516,115.94632065323815,35.52170321893706,0.495,68.7,328.9,76.8,3451.0
KW,500,1.0,t500p100,2045,P_mix,Asia-Pacific,2.059,0.14591443844025534,73.13048897978838,36.639566262212234,6.176265411237516,115.94632065323815,35.52170321893706,0.495,68.7,328.9,76.8,3451.0
KZ,50,1.0,t50p100,2045,P_mix,Asia-Pacific,2.678,0.4342349644875001,158.67707044554297,73.64924284333657,8.034581900631588,240.36089518951115,59.2477887740756,0.178,218.6,1089.5,64.9,6170.5
KZ,100,1.0,t100p100,2045,P_mix,Asia-Pacific,2.535,0.25625148144043736,149.7861816099245,65.53925693928048,7.605376621090751,222.93081517029574,59.08432510543172,0.18,192.8,1012.5,66.3,4932.2
KZ,150,1.0,t150p100,2045,P_mix,Asia-Pacific,2.26,0.19739664790761002,132.44603148184336,66.32833982688123,6.781142844309101,205.5555141530337,58.59456194452352,0.22,158.3,802.3,54.4,7310.1
KZ,200,1.0,t200p100,2045,P_mix,Asia-Pacific,2.267,0.16890732823306623,132.57980526997227,74.86498847967604,6.802309256967812,214.2471030066161,58.47123392728757,0.232,152.6,754.4,63.5,9479.3
KZ,300,1.0,t300p100,2045,P_mix,Asia-Pacific,2.147,0.1535738917624779,125.16261006784526,60.354324039934504,6.441396601328789,191.95833070910854,58.29292208557357,0.26,131.1,625.4,59.4,7164.7
KZ,500,1.0,t500p100,2045,P_mix,Asia-Pacific,2.147,0.1535738917624779,125.16261006784526,60.354324039934504,6.441396601328789,191.95833070910854,58.29292208557357,0.26,131.1,625.4,59.4,7164.7
LC,50,1.0,t50p100,2045,P_mix,North America,2.062,0.27601296179565843,56.748605572383724,65.48170552173869,6.186237952745749,128.41654904686817,27.520088625363652,0.613,59.6,246.0,106.9,10158.8
LC,100,1.0,t100p100,2045,P_mix,North America,2.062,0.27601296179565843,56.748605572383724,65.48170552173869,6.186237952745749,128.41654904686817,27.520088625363652,0.613,59.6,246.0,106.9,10158.8
LC,150,1.0,t150p100,2045,P_mix,North America,1.979,0.15328997850619033,54.52047402944814,55.90230734601933,5.937800065584929,116.36058144105239,27.545794786243302,0.488,65.6,311.7,93.0,7769.9
LC,200,1.0,t200p100,2045,P_mix,North America,1.979,0.15328997850619028,54.52047402944814,55.90230734601933,5.937800065584929,116.36058144105239,27.545794786243302,0.488,65.6,311.7,93.0,7769.9
LC,300,1.0,t300p100,2045,P_mix,North America,1.985,0.13211696322006392,55.428945203238,45.76571146577587,5.956469676462972,107.15112634547684,27.917012029255787,0.421,72.7,356.5,74.2,5538.1
LC,500,1.0,t500p100,2045,P_mix,North America,1.985,0.13211696322006392,55.428945203238,45.76571146577587,5.956469676462972,107.15112634547684,27.917012029255787,0.421,72.7,356.5,74.2,5538.1
LK,50,1.0,t50p100,2045,P_mix,Asia-Pacific,2.484,0.3149653759524713,83.23403809511781,59.20570110483267,7.453442542534966,149.89318174248544,33.50158170004889,0.346,115.6,651.4,66.3,6644.7
LK,100,1.0,t100p100,2045,P_mix,Asia-Pacific,2.306,0.22754248078180317,77.27504332319465,56.58449192044876,6.917660053576138,140.77719529721955,33.512073182859254,0.361,109.9,603.3,72.7,6174.3
LK,150,1.0,t150p100,2045,P_mix,Asia-Pacific,2.071,0.18217828882612902,69.53713725922337,54.84973782431313,6.213164566365132,130.60003964990162,33.57571001852843,0.397,91.0,508.4,83.1,6245.4
LK,200,1.0,t200p100,2045,P_mix,Asia-Pacific,1.999,0.1529652101693622,67.31372922945735,53.57361409650157,5.995667717439786,126.88301104339872,33.681184015748705,0.373,85.0,503.8,67.0,6562.8
LK,300,1.0,t300p100,2045,P_mix,Asia-Pacific,2.169,0.1488784783405457,73.25929776224152,41.289443232266855,6.5069879699234745,121.05572896443184,33.77567229301498,0.334,97.8,522.4,53.7,3741.5
LK,500,1.0,t500p100,2045,P_mix,Asia-Pacific,2.169,0.1488784783405457,73.25929776224152,41.289443232266855,6.5069879699234745,121.05572896443184,33.77567229301498,0.334,97.8,522.4,53.7,3741.5
LY,50,1.0,t50p100,2045,P_mix,Africa/MENA,1.611,0.28232452076121545,53.463000605230334,38.56560320185719,4.831820657595399,96.86042446468292,33.19432015001773,0.571,69.7,242.4,103.5,3606.8
LY,100,1.0,t100p100,2045,P_mix,Africa/MENA,1.661,0.17401417673151098,55.07743600497385,34.21195162946813,4.983950609939869,94.27333824438185,33.15287829806862,0.471,78.8,281.7,94.7,2472.7
LY,150,1.0,t150p100,2045,P_mix,Africa/MENA,1.659,0.1734954086292621,55.01595330921703,35.1704092989535,4.978003698784196,95.16436630695473,33.15543135654188,0.488,74.8,271.7,95.8,2780.0
LY,200,1.0,t200p100,2045,P_mix,Africa/MENA,1.528,0.13101371398377404,50.86749844615759,33.1663118299427,4.582768378596249,88.61657865469654,33.29919444569801,0.579,47.5,198.6,95.5,3084.7
LY,300,1.0,t300p100,2045,P_mix,Africa/MENA,1.496,0.1198241914153112,49.886926910864595,29.205386187333715,4.489044880495886,83.58135797869421,33.33911438106658,0.539,57.8,193.2,86.7,2335.2
LY,500,1.0,t500p100,2045,P_mix,Africa/MENA,1.496,0.1198241914153112,49.886926910864595,29.205386187333715,4.489044880495886,83.58135797869421,33.33911438106658,0.539,57.8,193.2,86.7,2335.2
MA,50,1.0,t50p100,2045,P_mix,Africa/MENA,1.813,0.3759467043494035,76.44698666791028,62.325682328564376,5.438248534870407,144.21091753134507,42.17184237409917,0.702,72.6,271.7,127.7,8383.7
MA,100,1.0,t100p100,2045,P_mix,Africa/MENA,1.631,0.25884123024012284,68.8142731341304,55.620100162451514,4.894241518069762,129.32861481465167,42.180758477119426,0.677,71.1,262.3,133.6,6624.2
MA,150,1.0,t150p100,2045,P_mix,Africa/MENA,1.604,0.17867130521183783,67.44045621977328,55.49175441153987,4.811856959465229,127.74406759077839,42.046422070244745,0.5,76.0,384.1,100.5,6820.5
MA,200,1.0,t200p100,2045,P_mix,Africa/MENA,1.597,0.15737424271375658,66.99133448313039,52.0033437679554,4.789593731406191,123.78427198249199,41.96055338296644,0.598,55.3,276.7,116.1,6391.2
MA,300,1.0,t300p100,2045,P_mix,Africa/MENA,1.597,0.15737424271375658,66.99133448313039,52.0033437679554,4.789593731406191,123.78427198249199,41.96055338296644,0.598,55.3,276.7,116.1,6391.2
MA,500,1.0,t500p100,2045,P_mix,Africa/MENA,1.597,0.15737424271375658,66.99133448313039,52.0033437679554,4.789593731406191,123.78427198249199,41.96055338296644,0.598,55.3,276.7,116.1,6391.2
MG,50,1.0,t50p100,2045,P_mix,Africa/MENA,1.401,0.39621199278908087,147.68349516158995,57.08171748472757,4.202191394529074,208.9674040408466,105.43319993981926,0.234,172.5,812.7,57.5,4725.7
MG,100,1.0,t100p100,2045,P_mix,Africa/MENA,1.318,0.24956586436410383,135.45812766265857,58.397433040209656,3.955224396689512,197.81078509955776,102.74369851887778,0.218,141.6,755.4,50.0,6011.7
MG,150,1.0,t150p100,2045,P_mix,Africa/MENA,1.317,0.24248195775458692,135.49244411149058,56.98016260629821,3.9504818622520737,196.4230885800409,102.89310178043719,0.222,137.8,738.2,55.4,5639.0
MG,200,1.0,t200p100,2045,P_mix,Africa/MENA,1.29,0.1598911454634004,127.8212975685983,57.334023506793905,3.8694473011108,189.02476837650298,99.10043033683795,0.232,140.5,657.1,49.1,6456.9
MG,300,1.0,t300p100,2045,P_mix,Africa/MENA,1.272,0.13582340655089628,124.92212680343049,44.57651243747397,3.8150249654715593,173.31366420637602,98.23431925142582,0.316,108.5,496.2,66.2,4194.3
MG,500,1.0,t500p100,2045,P_mix,Africa/MENA,1.272,0.13582340655089628,124.92212680343049,44.57651243747397,3.8150249654715593,173.31366420637602,98.23431925142582,0.316,108.5,496.2,66.2,4194.3
MM,50,1.0,t50p100,2045,P_mix,Asia-Pacific,1.762,0.37276005142955243,129.75374630639755,60.784708826257166,5.2866239224615095,195.82507905511625,73.63134670225391,0.182,180.5,966.4,52.9,4661.4
MM,100,1.0,t100p100,2045,P_mix,Asia-Pacific,1.703,0.2542857946164881,125.30000654248495,61.81013073395669,5.110319819836591,192.22045709627824,73.55704395805802,0.174,165.5,912.7,47.8,5602.1
MM,150,1.0,t150p100,2045,P_mix,Asia-Pacific,1.709,0.18963215997109067,124.67195321289488,58.61266109944078,5.126318776630776,188.41093308896646,72.95993010495206,0.164,164.8,909.7,45.0,4940.8
MM,200,1.0,t200p100,2045,P_mix,Asia-Pacific,1.539,0.16730713445985937,111.88613307001353,54.87433394235405,4.615782963589893,171.37624997595745,72.71971014620345,0.225,126.7,670.7,49.4,5899.7
MM,300,1.0,t300p100,2045,P_mix,Asia-Pacific,1.453,0.16103854267507112,105.17906411126093,50.72973399193084,4.357807554788569,160.26660565798034,72.40732601582086,0.261,106.7,577.4,66.9,5144.9
MM,500,1.0,t500p100,2045,P_mix,Asia-Pacific,1.453,0.16103854267507112,105.17906411126093,50.72973399193084,4.357807554788569,160.26660565798034,72.40732601582086,0.261,106.7,577.4,66.9,5144.9
MN,50,1.0,t50p100,2045,P_mix,Asia-Pacific,1.802,0.3110651477495768,72.6037454982971,46.68321213387345,5.4070839036117855,124.69404153578233,40.28257012054109,0.774,40.4,152.3,139.9,5296.9
MN,100,1.0,t100p100,2045,P_mix,Asia-Pacific,1.564,0.21540712577143029,62.84533514910411,51.35233589979151,4.690509267539134,118.88818031643477,40.19521009202204,0.657,55.7,246.7,128.4,6023.6
MN,150,1.0,t150p100,2045,P_mix,Asia-Pacific,1.708,0.14214164510755162,68.9890531991076,47.04894776138978,5.124076144492095,121.16207710498949,40.39111710308847,0.73,33.3,141.9,134.6,5707.9
MN,200,1.0,t200p100,2045,P_mix,Asia-Pacific,1.642,0.14102197552842935,66.3706826883829,45.16703816768655,4.924805147254479,116.46252600332394,40.43044183710515,0.767,28.7,118.9,138.6,5320.0
MN,300,1.0,t300p100,2045,P_mix,Asia-Pacific,1.568,0.1384291497078934,63.44808799006854,41.07395986669423,4.704258794554005,109.22630665131678,40.462115772746536,0.703,40.2,151.9,113.6,4805.0
MN,500,1.0,t500p100,2045,P_mix,Asia-Pacific,1.568,0.13842914970789347,63.44808799006854,41.07395986669423,4.704258794554005,109.22630665131678,40.462115772746536,0.703,40.2,151.9,113.6,4805.0
MR,50,1.0,t50p100,2045,P_mix,Africa/MENA,1.857,0.2851413462014033,60.7145707943754,51.28604998318317,5.571076213959124,117.5716969915177,32.694528918261796,0.572,79.0,311.8,122.8,5507.0
MR,100,1.0,t100p100,2045,P_mix,Africa/MENA,1.735,0.20851277536402388,56.72243088311404,54.13309490949983,5.206346621486903,116.06187241410076,32.684587681321936,0.564,80.1,301.8,124.5,6201.7
MR,150,1.0,t150p100,2045,P_mix,Africa/MENA,1.586,0.17498196264658997,51.86217329748689,53.25277875398273,4.759028405504038,109.87398045697365,32.6929168383442,0.601,74.3,242.9,129.7,6274.5
MR,200,1.0,t200p100,2045,P_mix,Africa/MENA,1.755,0.13660341214654229,57.66515464848857,40.047254089389824,5.263720792673812,102.9761295305522,32.86562315125951,0.593,68.0,219.1,104.8,4102.5
MR,300,1.0,t300p100,2045,P_mix,Africa/MENA,1.755,0.13660341214654229,57.66515464848857,40.047254089389824,5.263720792673812,102.9761295305522,32.86562315125951,0.593,68.0,219.1,104.8,4102.5
MR,500,1.0,t500p100,2045,P_mix,Africa/MENA,1.755,0.13660341214654229,57.66515464848857,40.047254089389824,5.263720792673812,102.9761295305522,32.86562315125951,0.593,68.0,219.1,104.8,4102.5
MU,50,1.0,t50p100,2045,P_mix,Africa/MENA,2.134,0.31890446763085845,79.88845629325317,68.59596460939242,6.401061606072924,154.88548250871852,37.441503242583934,0.4,108.8,556.3,76.4,9319.0
MU,100,1.0,t100p100,2045,P_mix,Africa/MENA,2.134,0.31890446763085845,79.88845629325317,68.59596460939242,6.401061606072924,154.88548250871852,37.441503242583934,0.4,108.8,556.3,76.4,9319.0
MU,150,1.0,t150p100,2045,P_mix,Africa/MENA,2.052,0.188576858408518,76.85522192100254,64.24743747652988,6.156502036514855,147.2591614340473,37.45075765353411,0.304,113.8,608.5,63.8,8268.9
MU,200,1.0,t200p100,2045,P_mix,Africa/MENA,1.864,0.16002774820813226,69.9097091942487,42.36100084451984,5.5930358579076005,117.86374589667615,37.498262645004196,0.357,88.3,499.8,79.6,3394.3
MU,300,1.0,t300p100,2045,P_mix,Africa/MENA,1.963,0.1421916728234366,73.82426260488226,46.266409460777,5.888947614273773,125.97961967993304,37.60821157210418,0.275,109.8,557.4,49.0,4751.3
MU,500,1.0,t500p100,2045,P_mix,Africa/MENA,1.963,0.1421916728234366,73.82426260488226,46.266409460777,5.888947614273773,125.97961967993304,37.60821157210418,0.275,109.8,557.4,49.0,4751.3
MX,50,1.0,t50p100,2045,P_mix,North America,2.306,0.30622768916161197,61.62047166718405,42.46272126993815,6.917113672736168,111.00030660985837,26.725224385163003,0.507,89.2,464.5,88.9,3339.1
MX,100,1.0,t100p100,2045,P_mix,North America,2.115,0.20269753366202956,56.40643527014488,40.43059761869283,6.344996917228966,103.18202980606667,26.669722305292808,0.402,103.9,520.4,76.8,2711.9
MX,150,1.0,t150p100,2045,P_mix,North America,2.115,0.20269753366202956,56.40643527014488,40.43059761869283,6.344996917228966,103.18202980606667,26.669722305292808,0.402,103.9,520.4,76.8,2711.9
MX,200,1.0,t200p100,2045,P_mix,North America,1.992,0.19996816396981815,53.25021017080962,39.70842460233623,5.977053230650084,98.93568800379595,26.727322703641818,0.467,90.2,440.6,91.4,2732.6
MX,300,1.0,t300p100,2045,P_mix,North America,1.95,0.1332412493328738,53.33969696811392,33.93668098633809,5.850756756061476,93.12713471051347,27.350152736833607,0.679,55.0,204.2,93.1,3234.0
MX,500,1.0,t500p100,2045,P_mix,North America,1.95,0.1332412493328738,53.33969696811392,33.93668098633809,5.850756756061476,93.12713471051347,27.350152736833607,0.679,55.0,204.2,93.1,3234.0
MY,50,1.0,t50p100,2045,P_mix,Asia-Pacific,1.518,0.384608637648421,217.04562273812937,60.0332669481874,4.555057282317542,281.6339469686343,142.9481185104003,0.195,173.6,894.8,58.9,4833.9
MY,100,1.0,t100p100,2045,P_mix,Asia-Pacific,1.495,0.28068542189225393,211.32479512112835,69.5246941519876,4.484795384687544,285.3342846578035,141.36082719135152,0.148,179.7,947.3,41.6,7311.1
MY,150,1.0,t150p100,2045,P_mix,Asia-Pacific,1.341,0.2020981692658306,185.2817089580222,64.6185626765,4.0222798684845396,253.92255150300673,138.1915592769262,0.201,149.2,742.4,47.7,7616.9
MY,200,1.0,t200p100,2045,P_mix,Asia-Pacific,1.268,0.15153417970339633,170.247731276658,60.6955755560837,3.804501595458159,234.74780842819985,134.24707048084937,0.262,127.2,576.3,54.8,7776.6
MY,300,1.0,t300p100,2045,P_mix,Asia-Pacific,1.266,0.14852880047402586,169.2370629385008,66.50297653291972,3.7992992922058515,239.53933876362635,133.63284905115478,0.238,136.3,596.9,47.9,9189.9
MY,500,1.0,t500p100,2045,P_mix,Asia-Pacific,1.266,0.14852880047402586,169.2370629385008,66.50297653291972,3.7992992922058515,239.53933876362635,133.63284905115478,0.238,136.3,596.9,47.9,9189.9
NE,50,1.0,t50p100,2045,P_mix,Africa/MENA,1.862,0.417106387341346,85.26964334614104,51.93444307579895,5.587068566122743,142.79115498806274,45.785894160942284,0.24,159.8,814.0,81.4,2793.6
NE,100,1.0,t100p100,2045,P_mix,Africa/MENA,1.707,0.28592753804348553,77.9982322041504,49.368451365365516,5.120417602122916,132.48710117163884,45.69836189052973,0.181,178.1,857.5,61.9,2329.0
NE,150,1.0,t150p100,2045,P_mix,Africa/MENA,1.526,0.22326127774313165,69.45490251521143,47.11903281633418,4.577107799658843,121.15104313120445,45.52322485416776,0.297,152.8,590.4,88.5,2966.3
NE,200,1.0,t200p100,2045,P_mix,Africa/MENA,1.674,0.17474978624211568,75.58476687688561,40.80773572392053,5.021366992080959,121.4138695928871,45.15788250256637,0.259,140.0,581.5,74.7,2079.6
NE,300,1.0,t300p100,2045,P_mix,Africa/MENA,1.617,0.16036331014137153,72.67708184424247,46.30829555358374,4.849936610210343,123.83531400803653,44.955483556984376,0.245,139.2,574.7,69.4,3655.8
NE,500,1.0,t500p100,2045,P_mix,Africa/MENA,1.617,0.16036331014137153,72.67708184424247,46.30829555358374,4.849936610210343,123.83531400803653,44.955483556984376,0.245,139.2,574.7,69.4,3655.8
NG,50,1.0,t50p100,2045,P_mix,Africa/MENA,1.54,0.2978520795937953,214.66514080206758,60.33039543624809,4.619910617603433,279.61544685591906,139.39564543789268,0.207,131.4,638.5,60.5,7030.8
NG,100,1.0,t100p100,2045,P_mix,Africa/MENA,1.54,0.2978520795937953,214.66514080206758,60.33039543624809,4.619910617603433,279.61544685591906,139.39564543789268,0.207,131.4,638.5,60.5,7030.8
NG,150,1.0,t150p100,2045,P_mix,Africa/MENA,1.348,0.1651067212751237,186.9158818615117,51.13045854268143,4.043914768681849,242.090255172875,138.66455592171567,0.201,113.4,589.1,63.1,5217.9
NG,200,1.0,t200p100,2045,P_mix,Africa/MENA,1.415,0.13816311628933614,193.76538565248632,48.13550686940968,4.246067020034755,246.14695954193073,136.9022566564911,0.164,125.5,582.6,45.9,4975.4
NG,300,1.0,t300p100,2045,P_mix,Africa/MENA,1.427,0.136857630914438,194.40671878512248,46.81533350812276,4.282083154035622,245.50413544728087,136.20010059956837,0.16,122.6,575.7,42.4,4846.7
NG,500,1.0,t500p100,2045,P_mix,Africa/MENA,1.427,0.136857630914438,194.40671878512248,46.81533350812276,4.282083154035622,245.50413544728087,136.20010059956837,0.16,122.6,575.7,42.4,4846.7
NI,50,1.0,t50p100,2045,P_mix,North America,2.857,0.34713116568380303,117.68688623508581,67.84167548532666,8.569952060258908,194.0985137806714,41.197506849832884,0.137,211.4,1058.9,44.7,5707.4
NI,100,1.0,t100p100,2045,P_mix,North America,2.722,0.22251406252108025,112.45535075448227,54.43012485770407,8.16723685766924,175.05271246985558,41.30724480540198,0.11,185.1,1005.5,33.8,3428.7
NI,150,1.0,t150p100,2045,P_mix,North America,2.722,0.22251406252108025,112.45535075448227,54.43012485770407,8.16723685766924,175.05271246985558,41.30724480540198,0.11,185.1,1005.5,33.8,3428.7
NI,200,1.0,t200p100,2045,P_mix,North America,2.66,0.21941101421211925,109.84823820090506,54.50337637388754,7.981163646930047,172.33277822172263,41.290309180600865,0.146,164.2,899.5,42.6,4091.2
NI,300,1.0,t300p100,2045,P_mix,North America,2.16,0.16227333309051112,88.92296650301712,45.3555658564725,6.481288049441961,140.75982040893157,41.15985857657091,0.32,100.6,508.7,64.1,4453.6
NI,500,1.0,t500p100,2045,P_mix,North America,2.16,0.16227333309051112,88.92296650301712,45.3555658564725,6.481288049441961,140.75982040893157,41.15985857657091,0.32,100.6,508.7,64.1,4453.6
NL,50,1.0,t50p100,2045,P_mix,Europe,1.544,0.2601365951642154,45.81189525060973,55.273186337251836,4.632580141173246,105.7176617290348,29.667200903949137,0.824,32.7,101.4,139.5,7838.2
NL,100,1.0,t100p100,2045,P_mix,Europe,1.519,0.16723646193975658,44.60777159301175,52.51448624598576,4.558247059266635,101.68050489826413,29.358504056286986,0.741,40.1,139.8,136.2,6933.5
NL,150,1.0,t150p100,2045,P_mix,Europe,1.488,0.1165689233254399,44.9687688632717,45.85900324956688,4.465118032724655,95.29289014556323,30.2133797138385,0.858,17.7,67.5,136.9,6008.7
NL,200,1.0,t200p100,2045,P_mix,Europe,1.484,0.11408639273427593,45.226486251378425,46.21664916254363,4.453105686844215,95.89624110076628,30.468501826708227,0.862,19.6,59.6,129.6,6374.4
NL,300,1.0,t300p100,2045,P_mix,Europe,1.494,0.11284839490059306,45.58152764270371,43.670820520168526,4.482766364689409,93.73511452756165,30.50450811026999,0.856,20.9,61.1,125.0,5880.0
NL,500,1.0,t500p100,2045,P_mix,Europe,1.494,0.11284839490059306,45.58152764270371,43.670820520168526,4.482766364689409,93.73511452756165,30.50450811026999,0.856,20.9,61.1,125.0,5880.0
NO,50,1.0,t50p100,2045,P_mix,Europe,2.302,0.36104405516634736,122.39087526970474,240.98842758990915,6.904669217932977,370.2839720775469,53.177438950368234,0.88,27.4,102.5,158.2,52683.6
NO,100,1.0,t100p100,2045,P_mix,Europe,1.772,0.2176840850035376,93.63898027183508,157.93813760287512,5.315522741133607,256.8926406158438,52.848412940022264,0.802,35.5,157.6,158.3,31910.9
NO,150,1.0,t150p100,2045,P_mix,Europe,2.067,0.17104474864934793,110.15989227110961,195.16356346978782,6.201725042881977,311.5251807837794,53.28834711765229,0.848,27.0,110.2,144.9,41869.7
NO,200,1.0,t200p100,2045,P_mix,Europe,2.018,0.16820339064047,107.75411814680973,189.71077813495063,6.054218292091486,303.5191145738518,53.39456538306586,0.859,25.2,98.3,143.8,40673.2
NO,300,1.0,t300p100,2045,P_mix,Europe,2.027,0.16613849050989868,108.36401816657278,184.76788804980632,6.081150960987639,299.21305717736675,53.45896797913455,0.86,23.4,92.6,137.3,39737.6
NO,500,1.0,t500p100,2045,P_mix,Europe,2.027,0.16613849050989868,108.36401816657278,184.76788804980632,6.081150960987639,299.21305717736675,53.45896797913455,0.86,23.4,92.6,137.3,39737.6
NP,50,1.0,t50p100,2045,P_mix,Asia-Pacific,1.361,0.5085809901015798,516.4234811261508,115.74962579326069,4.083448511996881,636.2565554314084,379.4024679941003,0.1,286.9,1438.2,49.4,13903.5
NP,100,1.0,t100p100,2045,P_mix,Asia-Pacific,1.352,0.30691494730570995,466.7064966178513,116.8118002313232,4.055780777392102,587.5740776265667,345.21577143867296,0.112,258.1,1274.5,38.2,15947.8
NP,150,1.0,t150p100,2045,P_mix,Asia-Pacific,1.436,0.2164567348324084,463.1052007051125,113.8109187792985,4.308204431108338,581.2243239155193,322.4813548965967,0.116,259.6,1226.9,42.9,15366.0
NP,200,1.0,t200p100,2045,P_mix,Asia-Pacific,1.426,0.17872696282217965,442.8069993508421,78.54474739071601,4.277038115743425,525.6287848573015,310.5936777048395,0.141,236.9,1090.2,50.3,7657.1
NP,300,1.0,t300p100,2045,P_mix,Asia-Pacific,1.301,0.14367638398749352,396.0408660608867,84.33407747110247,3.9017213033916196,484.27666483538076,304.51242049243,0.144,198.7,877.9,38.2,11314.7
NP,500,1.0,t500p100,2045,P_mix,Asia-Pacific,1.301,0.14367638398749352,396.0408660608867,84.33407747110247,3.9017213033916196,484.27666483538076,304.51242049243,0.144,198.7,877.9,38.2,11314.7
NZ,50,1.0,t50p100,2045,P_mix,Asia-Pacific,2.223,0.3238087580114811,86.8494428392792,52.793427831109526,6.668316693978939,146.31118736436767,39.07257865438434,0.523,86.1,416.4,95.0,6018.8
NZ,100,1.0,t100p100,2045,P_mix,Asia-Pacific,1.925,0.19810808661349175,75.05650662325519,49.72677526518207,5.77636584960913,130.55964773804638,38.98117358425297,0.563,74.1,323.0,108.6,5574.8
NZ,150,1.0,t150p100,2045,P_mix,Asia-Pacific,1.925,0.19810808661349175,75.05650662325519,49.72677526518207,5.77636584960913,130.55964773804638,38.98117358425297,0.563,74.1,323.0,108.6,5574.8
NZ,200,1.0,t200p100,2045,P_mix,Asia-Pacific,1.677,0.15789423771423852,65.76973425420651,44.197604348259645,5.03027189733139,114.99761049979755,39.224361384380245,0.737,45.5,146.5,106.4,5791.5
NZ,300,1.0,t300p100,2045,P_mix,Asia-Pacific,1.838,0.13965809277662633,72.44325224189146,31.55851999415915,5.512694424569117,109.51446666061973,39.42350872144707,0.478,74.2,309.7,70.0,2507.7
NZ,500,1.0,t500p100,2045,P_mix,Asia-Pacific,1.838,0.13965809277662636,72.44325224189146,31.55851999415915,5.512694424569117,109.51446666061973,39.42350872144707,0.478,74.2,309.7,70.0,2507.7
OM,50,1.0,t50p100,2045,P_mix,Asia-Pacific,2.295,0.28019386940858754,83.50742029147297,40.283940672034085,6.886129908569339,130.6774908720764,36.38070501148419,0.187,147.9,746.6,38.4,1960.5
OM,100,1.0,t100p100,2045,P_mix,Asia-Pacific,2.211,0.18265325425556767,80.45054652247201,40.539483688855704,6.633390258286213,127.62342046961395,36.38435704365927,0.15,151.2,769.8,30.4,2096.9
OM,150,1.0,t150p100,2045,P_mix,Asia-Pacific,1.935,0.1496731975456122,70.36284480726863,40.074002422532416,5.803627104417724,116.24047433421876,36.371829310178434,0.24,119.7,583.1,46.4,3045.0
OM,200,1.0,t200p100,2045,P_mix,Asia-Pacific,1.936,0.14969972340388832,70.41494052318029,40.02215824144812,5.807923063062178,116.24502182769059,36.371835383467435,0.24,120.0,584.0,46.4,3025.2
OM,300,1.0,t300p100,2045,P_mix,Asia-Pacific,2.005,0.12450661748746739,72.87616269422226,29.657540662257443,6.015022910586073,108.54872626706579,36.34707487113551,0.143,128.3,622.8,21.2,980.8
OM,500,1.0,t500p100,2045,P_mix,Asia-Pacific,2.005,0.12450661748746739,72.87616269422226,29.657540662257443,6.015022910586073,108.54872626706579,36.34707487113551,0.143,128.3,622.8,21.2,980.8
PA,50,1.0,t50p100,2045,P_mix,North America,1.552,0.4372870495916692,141.33066750052618,69.80082048896814,4.656496970899645,215.78798496039394,91.05385553803157,0.126,240.3,1137.1,43.5,5393.9
PA,100,1.0,t100p100,2045,P_mix,North America,1.582,0.2582438523948991,141.15580516981808,55.14597467073516,4.7445816858593135,201.04636152641254,89.2528453607512,0.12,218.4,1019.4,41.8,2894.0
PA,150,1.0,t150p100,2045,P_mix,North America,1.576,0.23958720571540196,139.4320796240508,57.56209539999134,4.7280629047476035,201.72223792878975,88.47095465928058,0.126,203.2,986.6,53.4,3480.4
PA,200,1.0,t200p100,2045,P_mix,North America,1.597,0.23172816667621912,141.29073931378394,58.45744742454307,4.79247024337834,204.54065698170533,88.44545639631394,0.118,206.1,998.0,54.5,3551.9
PA,300,1.0,t300p100,2045,P_mix,North America,1.562,0.1545633001245021,130.68670642694443,63.820319674662564,4.684798723171114,199.1918248247781,83.68771903511985,0.147,200.5,846.1,48.9,6137.7
PA,500,1.0,t500p100,2045,P_mix,North America,1.562,0.1545633001245021,130.68670642694443,63.820319674662564,4.684798723171114,199.1918248247781,83.68771903511985,0.147,200.5,846.1,48.9,6137.7
PE,50,1.0,t50p100,2045,P_mix,Latin America,2.125,0.255515005373234,69.7239328521907,68.45946193768405,6.375246289074975,144.55864107894973,32.8099949511004,0.811,33.8,114.3,139.7,10958.1
PE,100,1.0,t100p100,2045,P_mix,Latin America,1.645,0.17570096364362794,53.99685462861872,72.70986434666244,4.936247976517512,131.64296695179866,32.81653690342739,0.746,40.0,158.0,144.5,11474.2
PE,150,1.0,t150p100,2045,P_mix,Latin America,1.706,0.15105062206171388,55.975512930701974,70.92574693761135,5.11728109872832,132.01854096704164,32.81557834175581,0.87,19.3,61.1,143.3,11953.5
PE,200,1.0,t200p100,2045,P_mix,Latin America,1.833,0.14663822605905022,60.135288864864,60.88987419239871,5.497866717767798,126.52302977503051,32.813794123375644,0.801,29.8,111.7,128.5,9538.9
PE,300,1.0,t300p100,2045,P_mix,Latin America,1.875,0.12485934174318174,61.500128771344784,53.9223700375436,5.624361550975714,121.0468603598641,32.80379197564686,0.75,35.2,144.4,124.3,7695.3
PE,500,1.0,t500p100,2045,P_mix,Latin America,1.875,0.12485934174318174,61.500128771344784,53.9223700375436,5.624361550975714,121.0468603598641,32.80379197564686,0.75,35.2,144.4,124.3,7695.3
PH,50,1.0,t50p100,2045,P_mix,Asia-Pacific,2.871,0.32538402499605823,89.55253340867675,58.39221732160871,8.613897208174699,156.55864793846015,31.18885606982498,0.288,153.1,819.1,57.3,5213.5
PH,100,1.0,t100p100,2045,P_mix,Asia-Pacific,2.584,0.20689896947699807,80.0469264783245,52.25108435065645,7.75121031173824,140.0492211407192,30.981068733396132,0.277,125.8,748.6,56.1,4515.5
PH,150,1.0,t150p100,2045,P_mix,Asia-Pacific,2.68,0.17609630269508464,83.2882016719165,44.85732782529577,8.041237224304695,136.18676672151696,31.072905579819214,0.214,134.8,834.2,56.5,2019.9
PH,200,1.0,t200p100,2045,P_mix,Asia-Pacific,1.834,0.12844456134093668,57.588472511414686,53.869196758033794,5.500694134954671,116.95836340440314,31.40793021673187,0.737,47.3,149.3,117.7,7744.1
PH,300,1.0,t300p100,2045,P_mix,Asia-Pacific,1.843,0.12787627076942085,57.9325922439175,52.362039744206776,5.530065719120479,115.82469770724477,31.4277958995743,0.739,47.3,146.3,116.7,7426.6
PH,500,1.0,t500p100,2045,P_mix,Asia-Pacific,1.843,0.12787627076942085,57.9325922439175,52.362039744206776,5.530065719120479,115.82469770724477,31.4277958995743,0.739,47.3,146.3,116.7,7426.6
PK,50,1.0,t50p100,2045,P_mix,Asia-Pacific,2.408,0.29903907233263327,94.97238763257856,62.361199101042175,7.222970148980301,164.556556882601,39.445983718755734,0.377,110.5,537.7,76.2,7907.1
PK,100,1.0,t100p100,2045,P_mix,Asia-Pacific,2.324,0.18185076757369426,91.61211702083337,54.87993793114784,6.97225004259351,153.46430499457472,39.418602227906845,0.314,111.8,576.9,76.1,5803.4
PK,150,1.0,t150p100,2045,P_mix,Asia-Pacific,2.096,0.15203768288681277,82.98185165229293,60.71308001350957,6.28781595214391,149.98274761794642,39.59173691653581,0.373,100.1,472.7,82.1,7858.4
PK,200,1.0,t200p100,2045,P_mix,Asia-Pacific,2.12,0.14275902771177645,83.8841374479108,50.12929291570637,6.360556387125122,140.3739867507423,39.56452816818367,0.333,94.7,500.1,65.1,5705.3
PK,300,1.0,t300p100,2045,P_mix,Asia-Pacific,2.016,0.13353889515524722,80.02540753961758,48.53960239312218,6.047584853862139,134.6125947866019,39.69786756535281,0.329,99.6,457.9,62.1,5652.4
PK,500,1.0,t500p100,2045,P_mix,Asia-Pacific,2.016,0.13353889515524722,80.02540753961758,48.53960239312218,6.047584853862139,134.6125947866019,39.69786756535281,0.329,99.6,457.9,62.1,5652.4
PL,50,1.0,t50p100,2045,P_mix,Europe,1.641,0.33143223706717406,80.99673764814028,59.90638696885526,4.921975710446614,145.82510032744216,49.36842992310734,0.865,24.4,93.7,155.1,8591.7
PL,100,1.0,t100p100,2045,P_mix,Europe,1.635,0.19361735041806177,80.44083994932696,52.89977361592561,4.9040242271996135,138.24463779245218,49.20907986333187,0.811,30.3,105.6,155.0,6735.7
PL,150,1.0,t150p100,2045,P_mix,Europe,1.612,0.14529500949840984,80.09121832300033,53.25165129893788,4.835168106807265,138.17803772874547,49.692926835517355,0.848,23.4,78.0,146.3,7372.4
PL,200,1.0,t200p100,2045,P_mix,Europe,1.565,0.14595166570139004,77.77415047141663,49.02743583128009,4.693872821293254,131.49545912398997,49.707876693166206,0.891,19.4,50.2,134.9,6950.2
PL,300,1.0,t300p100,2045,P_mix,Europe,1.541,0.1418967454372224,76.69886378438392,44.17878691409123,4.623245229623129,125.50089592809826,49.76949738223335,0.892,15.8,51.0,129.2,5986.3
PL,500,1.0,t500p100,2045,P_mix,Europe,1.541,0.1418967454372224,76.69886378438392,44.17878691409123,4.623245229623129,125.50089592809826,49.76949738223335,0.892,15.8,51.0,129.2,5986.3
PS,50,1.0,t50p100,2045,P_mix,Asia-Pacific,1.949,0.42761509852144963,334.59468375471386,86.04665264015901,5.847557794957162,426.48889418983,171.65867982181976,0.171,280.5,1304.7,111.3,5548.7
PS,100,1.0,t100p100,2045,P_mix,Asia-Pacific,1.846,0.2742916452794891,310.69297611942903,75.04285880855923,5.537692217267012,391.2735271452552,168.31540861949304,0.17,247.4,1112.1,88.5,5268.8
PS,150,1.0,t150p100,2045,P_mix,Asia-Pacific,1.749,0.249212389348222,293.1658365569403,87.27403706446151,5.248390735532229,385.688264356934,167.57470127300456,0.238,218.6,920.6,149.2,7836.7
PS,200,1.0,t200p100,2045,P_mix,Asia-Pacific,1.797,0.17047746571218425,286.7371275464038,62.29177388015386,5.392429859777668,354.4213312863353,159.52203459437774,0.203,207.1,956.2,108.6,2959.5
PS,300,1.0,t300p100,2045,P_mix,Asia-Pacific,1.607,0.14680459933123027,254.40649773681537,76.00349474030153,4.821814385352997,335.2318068624699,158.28471032166647,0.264,171.5,739.4,120.4,7762.2
PS,500,1.0,t500p100,2045,P_mix,Asia-Pacific,1.607,0.14680459933123027,254.40649773681537,76.00349474030153,4.821814385352997,335.2318068624699,158.28471032166647,0.264,171.5,739.4,120.4,7762.2
PT,50,1.0,t50p100,2045,P_mix,Europe,1.763,0.4157289227623714,110.31799912520114,55.37902143412354,5.288147062534252,170.98516762185892,62.58411376649556,0.609,80.6,381.9,123.1,6008.1
PT,100,1.0,t100p100,2045,P_mix,Europe,1.655,0.2885342633453715,103.06150120522597,52.45571918706783,4.965284330941586,160.4825047232354,62.26924441949242,0.541,81.4,406.4,118.3,5276.7
PT,150,1.0,t150p100,2045,P_mix,Europe,1.801,0.20162134190973371,111.16785918186974,43.0942301082129,5.403675704912484,159.66576499499513,61.7179112437152,0.377,97.7,510.4,92.1,2987.1
PT,200,1.0,t200p100,2045,P_mix,Europe,1.743,0.16854598065562537,107.14869108801281,41.51031691491362,5.22949544988807,153.8885034528145,61.46789424416043,0.418,75.2,437.9,86.6,3509.5
PT,300,1.0,t300p100,2045,P_mix,Europe,1.743,0.16854598065562537,107.14869108801281,41.51031691491362,5.22949544988807,153.8885034528145,61.46789424416043,0.418,75.2,437.9,86.6,3509.5
PT,500,1.0,t500p100,2045,P_mix,Europe,1.719,0.16848360736937873,105.63297247511305,41.28453446527925,5.155760899762539,152.07326784015484,61.46501429884665,0.431,75.2,411.6,87.2,3611.1
PY,50,1.0,t50p100,2045,P_mix,Latin America,1.714,0.34954324491122213,104.98390435802548,59.52593385276944,5.141116898135312,169.65095510893025,61.26134054417418,0.406,108.1,526.2,88.4,6909.7
PY,100,1.0,t100p100,2045,P_mix,Latin America,1.629,0.22748936472016998,99.77957977859676,55.12050617456608,4.8865344324441935,159.78662038560702,61.257879888930546,0.611,72.2,243.1,129.4,6760.7
PY,150,1.0,t150p100,2045,P_mix,Latin America,1.629,0.22748936472016998,99.77957977859676,55.12050617456608,4.8865344324441935,159.78662038560702,61.257879888930546,0.611,72.2,243.1,129.4,6760.7
PY,200,1.0,t200p100,2045,P_mix,Latin America,1.45,0.18308248679282982,88.18008024738099,48.76069696455322,4.3502861677891635,141.29106337972337,60.809848028131704,0.484,81.1,357.1,100.8,5293.1
PY,300,1.0,t300p100,2045,P_mix,Latin America,1.561,0.1627220785743415,94.09274210925123,47.47817634028459,4.682917541035261,146.25383599057108,60.27828247117704,0.6,62.7,223.0,108.9,5810.9
PY,500,1.0,t500p100,2045,P_mix,Latin America,1.561,0.1627220785743415,94.09274210925123,47.47817634028459,4.682917541035261,146.25383599057108,60.27828247117704,0.6,62.7,223.0,108.9,5810.9
RO,50,1.0,t50p100,2045,P_mix,Europe,1.968,0.34978704138011385,102.59858889580224,71.95022880136413,5.903898144155443,180.4527158413218,52.134328738734816,0.816,36.1,127.9,145.7,11494.0
RO,100,1.0,t100p100,2045,P_mix,Europe,1.988,0.20522467291386112,103.64807720766373,59.97840437379852,5.964099518857439,169.5905811003197,52.135989790217195,0.739,43.9,158.5,141.0,8434.6
RO,150,1.0,t150p100,2045,P_mix,Europe,1.985,0.20569872720131974,103.49645659306667,59.894978903084805,5.955334725632646,169.34677022178414,52.136342302105575,0.738,44.1,159.3,140.6,8418.1
RO,200,1.0,t200p100,2045,P_mix,Europe,1.942,0.15107329104583422,101.32623448332076,54.47506242535631,5.824707502545113,161.6260044112222,52.187805708207335,0.667,45.6,198.1,124.3,7359.1
RO,300,1.0,t300p100,2045,P_mix,Europe,1.866,0.14623639679793599,97.40345110793145,52.096709858008396,5.59801977347306,155.0981807394129,52.1988783798997,0.722,38.5,141.8,116.6,7488.7
RO,500,1.0,t500p100,2045,P_mix,Europe,1.866,0.14623639679793599,97.40345110793145,52.096709858008396,5.59801977347306,155.0981807394129,52.1988783798997,0.722,38.5,141.8,116.6,7488.7
RU,50,1.0,t50p100,2045,P_mix,Europe,1.742,0.3472893633001011,88.56294669694658,120.7630913696435,5.225344944938536,214.55138301152863,50.8461820014764,0.915,20.6,60.1,169.3,23266.6
RU,100,1.0,t100p100,2045,P_mix,Europe,1.707,0.19811537380715502,86.71991453384986,111.97943871280546,5.1222488818334915,203.82160212848882,50.790141128094895,0.85,22.8,104.5,170.3,20764.9
RU,150,1.0,t150p100,2045,P_mix,Europe,1.604,0.17587311889041946,81.55898355913453,99.8364041971833,4.810718332210046,186.20610608852786,50.860793291341714,0.881,19.0,75.0,157.7,18451.5
RU,200,1.0,t200p100,2045,P_mix,Europe,1.722,0.16100773098618829,87.83051225910114,100.37421024455118,5.16698144457344,193.3717039482258,50.99525508341661,0.842,25.6,87.6,158.3,18409.1
RU,300,1.0,t300p100,2045,P_mix,Europe,1.747,0.15207119398439872,89.16789931611787,92.11673387833184,5.2398843465083305,186.52451754095804,51.051450806659126,0.808,33.7,108.9,137.1,16866.1
RU,500,1.0,t500p100,2045,P_mix,Europe,1.747,0.15207119398439872,89.16789931611787,92.11673387833184,5.2398843465083305,186.52451754095804,51.051450806659126,0.808,33.7,108.9,137.1,16866.1
RW,50,1.0,t50p100,2045,P_mix,Africa/MENA,1.472,0.38222524579541645,225.40709002705862,82.71087108882428,4.417453310131349,312.53541442601426,153.0794379943464,0.162,178.2,947.0,49.2,10301.2
RW,100,1.0,t100p100,2045,P_mix,Africa/MENA,1.472,0.38222524579541645,225.40709002705862,82.71087108882428,4.417453310131349,312.53541442601426,153.0794379943464,0.162,178.2,947.0,49.2,10301.2
RW,150,1.0,t150p100,2045,P_mix,Africa/MENA,1.425,0.22536040799786203,214.58202679298955,77.89841061295746,4.274714743491007,296.755152149438,150.5939270823111,0.19,153.1,788.3,57.7,10180.9
RW,200,1.0,t200p100,2045,P_mix,Africa/MENA,1.456,0.17679992381923873,215.20651351202991,81.15184539185063,4.36840044861682,300.72675935249737,147.79312202032906,0.18,147.4,755.9,57.3,11267.5
RW,300,1.0,t300p100,2045,P_mix,Africa/MENA,1.3,0.14166571146138066,188.24989155198494,69.25169587101732,3.9013274475011057,261.40291487050337,144.75833732379664,0.286,105.9,502.1,65.4,10241.4
RW,500,1.0,t500p100,2045,P_mix,Africa/MENA,1.3,0.14166571146138066,188.24989155198494,69.25169587101732,3.9013274475011057,261.40291487050337,144.75833732379664,0.286,105.9,502.1,65.4,10241.4
SA,50,1.0,t50p100,2045,P_mix,Asia-Pacific,1.598,0.29734171789972935,59.1320588534594,65.26971383902998,4.793828976147345,129.19560166863673,37.00511166398456,0.659,57.2,233.3,120.0,9781.0
SA,100,1.0,t100p100,2045,P_mix,Asia-Pacific,1.615,0.19899515892554018,59.76093985955171,69.02850416202389,4.845379174324323,133.63482319589994,37.000782215079106,0.65,55.9,220.6,128.7,10511.6
SA,150,1.0,t150p100,2045,P_mix,Asia-Pacific,1.591,0.173403524897956,58.87960929152167,60.30684454567269,4.773508605323583,123.95996244251792,37.0039822862308,0.64,53.3,221.6,121.9,8625.0
SA,200,1.0,t200p100,2045,P_mix,Asia-Pacific,1.459,0.14178280985864897,53.98906006268135,53.582115622221735,4.37585118692594,111.94702687182904,37.01386844963208,0.654,50.0,176.4,106.1,7848.3
SA,300,1.0,t300p100,2045,P_mix,Asia-Pacific,1.443,0.13679566606583937,53.418033681734364,48.37983509628191,4.329306685248862,106.12717546326515,37.016111977290024,0.615,51.0,191.4,95.8,6804.2
SA,500,1.0,t500p100,2045,P_mix,Asia-Pacific,1.443,0.13679566606583937,53.418033681734364,48.37983509628191,4.329306685248862,106.12717546326515,37.016111977290024,0.615,51.0,191.4,95.8,6804.2
SE,50,1.0,t50p100,2045,P_mix,Europe,2.371,0.36333194381144934,140.55536287542995,157.3602694499599,7.112724440667048,305.02835676605696,59.28334383593017,0.906,24.3,85.4,165.7,32128.6
SE,100,1.0,t100p100,2045,P_mix,Europe,2.056,0.20626262558279296,121.36690329567739,92.4946091032622,6.168172444860235,220.02968484379983,59.02894465773668,0.879,24.4,88.6,188.9,15468.0
SE,150,1.0,t150p100,2045,P_mix,Europe,2.135,0.16666201322857283,127.02213665005985,112.9171296854462,6.40572298423265,246.3449893197387,59.48843103083811,0.824,36.3,160.9,144.1,21340.7
SE,200,1.0,t200p100,2045,P_mix,Europe,2.133,0.1666479416927325,127.02229839205854,109.7771224747613,6.398451557036317,243.19787242385615,59.55611162783891,0.838,30.4,135.0,130.1,21277.4
SE,300,1.0,t300p100,2045,P_mix,Europe,1.994,0.16161229082209672,118.97038965120974,110.20499249465949,5.982435197382566,235.15781734325182,59.65984706525262,0.839,27.2,140.8,125.9,21515.2
SE,500,1.0,t500p100,2045,P_mix,Europe,1.994,0.16161229082209672,118.97038965120974,110.20499249465949,5.982435197382566,235.15781734325182,59.65984706525262,0.839,27.2,140.8,125.9,21515.2
SK,50,1.0,t50p100,2045,P_mix,Europe,3.283,0.4183016079084013,255.55986359034642,178.25527352637263,9.847996237048367,443.6631333537675,77.8513285663914,0.649,81.2,416.6,284.9,30422.9
SK,100,1.0,t100p100,2045,P_mix,Europe,2.629,0.24653855760977,204.42014025982223,168.84710403528106,7.887823262861226,381.15506755796457,77.74773855125805,0.607,75.9,405.8,195.7,31226.4
SK,150,1.0,t150p100,2045,P_mix,Europe,2.629,0.24653855760977,204.42014025982223,168.84710403528106,7.887823262861226,381.15506755796457,77.74773855125805,0.607,75.9,405.8,195.7,31226.4
SK,200,1.0,t200p100,2045,P_mix,Europe,2.895,0.16816708271444952,222.51082592948384,127.29277837719944,8.685355302537456,358.4889596092207,76.85724469941128,0.597,71.3,360.4,217.6,20689.2
SK,300,1.0,t300p100,2045,P_mix,Europe,2.848,0.16105955992988466,218.60341904549708,119.15307037988845,8.543213240819139,346.29970266620467,76.76388715232513,0.616,61.8,322.2,209.5,19325.6
SK,500,1.0,t500p100,2045,P_mix,Europe,2.848,0.16105955992988466,218.60341904549708,119.15307037988845,8.543213240819139,346.29970266620467,76.76388715232513,0.616,61.8,322.2,209.5,19325.6
SN,50,1.0,t50p100,2045,P_mix,Africa/MENA,2.099,0.2936776647082782,104.90410316580746,49.21278710881436,6.2973567117732205,160.41424698639506,49.975302956723304,0.346,118.2,591.5,76.4,4241.8
SN,100,1.0,t100p100,2045,P_mix,Africa/MENA,2.032,0.21439859348834564,101.52059945230414,47.37309126466902,6.097416334460509,154.99110705143366,49.94931978576447,0.267,124.3,696.5,65.1,3392.6
SN,150,1.0,t150p100,2045,P_mix,Africa/MENA,1.794,0.17448469271750525,89.52116277655237,43.79346272881935,5.381799312313553,138.69642481768528,49.90217448561923,0.284,116.0,565.1,65.7,3474.3
SN,200,1.0,t200p100,2045,P_mix,Africa/MENA,1.895,0.13955511301611606,93.81393628489919,39.978167883457466,5.684590205035785,139.4766943733924,49.509603806687274,0.324,101.6,505.9,62.2,3210.0
SN,300,1.0,t300p100,2045,P_mix,Africa/MENA,1.895,0.13955511301611606,93.81393628489919,39.978167883457466,5.684590205035785,139.4766943733924,49.509603806687274,0.324,101.6,505.9,62.2,3210.0
SN,500,1.0,t500p100,2045,P_mix,Africa/MENA,1.895,0.13955511301611606,93.81393628489919,39.978167883457466,5.684590205035785,139.4766943733924,49.509603806687274,0.324,101.6,505.9,62.2,3210.0
SR,50,1.0,t50p100,2045,P_mix,Latin America,1.636,0.30056512048185524,221.89396562786607,81.37897494514682,4.908719647324425,308.18166022033733,135.61212387560875,0.315,118.6,573.9,85.2,11928.8
SR,100,1.0,t100p100,2045,P_mix,Latin America,1.573,0.20869805380869247,215.49351202624666,71.7426616817103,4.719239727798957,291.95541343575593,136.98828060600627,0.297,110.9,566.3,87.1,9641.7
SR,150,1.0,t150p100,2045,P_mix,Latin America,1.446,0.1590584923832089,197.27848143040177,76.29358342496111,4.3381611627869345,277.91022601814984,136.4254166876071,0.319,104.8,466.0,74.3,11924.9
SR,200,1.0,t200p100,2045,P_mix,Latin America,1.446,0.1590584923832089,197.27848143040177,76.29358342496111,4.3381611627869345,277.91022601814984,136.4254166876071,0.319,104.8,466.0,74.3,11924.9
SR,300,1.0,t300p100,2045,P_mix,Latin America,1.517,0.15488176856618105,204.64515439123716,74.18940654924704,4.551679963618041,283.38624090410224,134.88106986452152,0.291,110.3,509.7,68.1,11261.0
SR,500,1.0,t500p100,2045,P_mix,Latin America,1.517,0.15488176856618105,204.64515439123716,74.18940654924704,4.551679963618041,283.38624090410224,134.88106986452152,0.291,110.3,509.7,68.1,11261.0
SV,50,1.0,t50p100,2045,P_mix,North America,1.572,0.4681162412469317,94.20081656558388,64.65886878448659,4.715414088363618,163.57509943843408,59.931629418111676,0.065,249.0,1287.5,39.3,3166.8
SV,100,1.0,t100p100,2045,P_mix,North America,1.499,0.2903639929321897,88.78303948317112,52.63250711901137,4.495849169976777,145.91139577215927,59.243339440341764,0.051,249.4,1183.4,29.7,1245.9
SV,150,1.0,t150p100,2045,P_mix,North America,1.499,0.2903639929321897,88.78303948317112,52.63250711901137,4.495849169976777,145.91139577215927,59.243339440341764,0.051,249.4,1183.4,29.7,1245.9
SV,200,1.0,t200p100,2045,P_mix,North America,1.465,0.2785744716822116,86.65432897574122,51.851616743224994,4.39463365188336,142.90057937084958,59.15464348565527,0.145,189.6,862.6,60.7,2822.6
SV,300,1.0,t300p100,2045,P_mix,North America,1.381,0.15732679108879735,79.88711140676524,46.530613483214026,4.143280097765409,130.5610049877447,57.84338219121408,0.099,178.3,874.1,38.2,2312.8
SV,500,1.0,t500p100,2045,P_mix,North America,1.381,0.15732679108879735,79.88711140676524,46.530613483214026,4.143280097765409,130.5610049877447,57.84338219121408,0.099,178.3,874.1,38.2,2312.8
TH,50,1.0,t50p100,2045,P_mix,Asia-Pacific,1.876,0.3766089409082357,97.40188336259936,57.7834463538195,5.628261671799989,160.81359138821887,51.917566582213915,0.192,165.1,882.1,45.6,4900.7
TH,100,1.0,t100p100,2045,P_mix,Asia-Pacific,1.628,0.24081739927478493,84.19048108651457,63.0601127556697,4.884858133842198,152.13545197602645,51.704969998971784,0.298,124.0,640.6,67.7,7522.1
TH,150,1.0,t150p100,2045,P_mix,Asia-Pacific,1.597,0.19195937762016585,82.1497443298943,51.33562606024783,4.7900515926285765,138.27542198277072,51.450225164368746,0.318,104.2,562.2,72.0,5252.2
TH,200,1.0,t200p100,2045,P_mix,Asia-Pacific,1.492,0.14579620101881452,76.14556607475681,50.67924573893543,4.476906771938155,131.30171858563043,51.025565163907885,0.321,99.4,507.3,64.8,5753.3
TH,300,1.0,t300p100,2045,P_mix,Asia-Pacific,1.5,0.14509083529927022,76.50360313530491,48.206045124438866,4.500665989559845,129.21031424930362,50.99485496997762,0.338,92.0,464.5,63.6,5554.7
TH,500,1.0,t500p100,2045,P_mix,Asia-Pacific,1.5,0.14509083529927022,76.50360313530491,48.206045124438866,4.500665989559845,129.21031424930362,50.99485496997761,0.338,92.0,464.5,63.6,5554.7
TN,50,1.0,t50p100,2045,P_mix,Africa/MENA,1.734,0.3166322209621999,60.17870791134603,57.4441142849021,5.200635612846519,122.82345780909465,34.71424209919226,0.805,42.5,135.9,142.9,7917.6
TN,100,1.0,t100p100,2045,P_mix,Africa/MENA,1.734,0.2105343185578951,60.14519831401352,52.74488454924996,5.201906646332317,118.09198950959579,34.68643464973685,0.654,61.1,243.3,124.4,6461.1
TN,150,1.0,t150p100,2045,P_mix,Africa/MENA,1.734,0.2105343185578951,60.14519831401352,52.74488454924996,5.201906646332317,118.09198950959579,34.68643464973685,0.654,61.1,243.3,124.4,6461.1
TN,200,1.0,t200p100,2045,P_mix,Africa/MENA,1.592,0.145132525893636,55.81501616690892,47.47888856811295,4.774762941522737,108.0686676765446,35.068766879413644,0.759,36.7,132.9,128.5,6044.1
TN,300,1.0,t300p100,2045,P_mix,Africa/MENA,1.713,0.1399034557418257,60.085679874581494,38.424705750689846,5.137738101440783,103.64812372671213,35.084902356776816,0.734,39.4,137.9,116.3,4173.5
TN,500,1.0,t500p100,2045,P_mix,Africa/MENA,1.713,0.1399034557418257,60.085679874581494,38.424705750689846,5.137738101440783,103.64812372671213,35.084902356776816,0.734,39.4,137.9,116.3,4173.5
TR,50,1.0,t50p100,2045,P_mix,Asia-Pacific,3.23,0.38439773404742594,151.0308539261517,76.96231608205285,9.690891467961304,237.68406147616585,46.754476951517695,0.383,135.9,722.8,125.1,8327.9
TR,100,1.0,t100p100,2045,P_mix,Asia-Pacific,2.556,0.2290882988439446,119.45149467713776,84.69548570670624,7.6675961306028375,211.81457651444686,46.73622318227653,0.428,115.9,547.1,98.3,12511.4
TR,150,1.0,t150p100,2045,P_mix,Asia-Pacific,2.609,0.22812584530240648,121.93782705746507,80.02103947325142,7.826926220494144,209.78579275121066,46.73782157477663,0.387,118.9,603.0,90.5,11217.4
TR,200,1.0,t200p100,2045,P_mix,Asia-Pacific,2.937,0.16372958418643171,136.47155564340213,52.202879373750406,8.811668630045087,197.48610364719764,46.46278521348713,0.34,112.3,636.2,96.5,4062.9
TR,300,1.0,t300p100,2045,P_mix,Asia-Pacific,2.407,0.15201758366072873,111.67924816793092,61.17041599488001,7.219803146005041,180.06946730881597,46.40538498465587,0.397,94.4,458.9,70.8,8501.0
TR,500,1.0,t500p100,2045,P_mix,Asia-Pacific,2.407,0.15201758366072873,111.67924816793092,61.17041599488001,7.219803146005041,180.06946730881597,46.40538498465587,0.397,94.4,458.9,70.8,8501.0
TW,50,1.0,t50p100,2045,P_mix,Asia-Pacific,1.284,0.501413635854834,252.7472535932081,97.6489689716227,3.8512953949646906,354.24751795979546,196.87966853204088,0.19,224.5,1250.6,91.2,10013.1
TW,100,1.0,t100p100,2045,P_mix,Asia-Pacific,1.245,0.3093807649422275,223.50668265805587,82.23286991745613,3.7353296768140316,309.47488225232604,179.5075953097861,0.185,199.7,1089.2,79.7,7977.3
TW,150,1.0,t150p100,2045,P_mix,Asia-Pacific,1.333,0.22774590549478865,224.29025034135756,68.56342628291178,4.0004101826957426,296.8540868069651,168.2004395285904,0.151,219.7,1098.0,50.7,5331.2
TW,200,1.0,t200p100,2045,P_mix,Asia-Pacific,1.51,0.14509016189371027,241.752398760731,79.61368598177737,4.5297984670965965,325.895883209605,160.1080492985047,0.133,249.2,1214.0,51.5,6911.0
TW,300,1.0,t300p100,2045,P_mix,Asia-Pacific,1.353,0.1354762049366178,210.48558779574614,71.7225720881193,4.057725294019409,286.26588517788485,155.61841121130809,0.148,205.7,975.6,44.4,7290.1
TW,500,1.0,t500p100,2045,P_mix,Asia-Pacific,1.342,0.13552722866152495,208.90280273997212,71.26017354583914,4.027001272604668,284.18997755841593,155.62657317328353,0.145,203.4,974.3,41.3,7315.1
UA,50,1.0,t50p100,2045,P_mix,Europe,1.767,0.38013954150198953,94.63716968571403,85.09822734590627,5.3007400151140605,185.03613704673435,53.56073081260773,0.591,81.1,396.2,109.8,13614.6
UA,100,1.0,t100p100,2045,P_mix,Europe,1.599,0.22500062209253746,85.59069629279503,82.48242581650939,4.796100185217966,172.86922229452242,53.53768248415269,0.574,76.5,360.7,114.3,13114.0
UA,150,1.0,t150p100,2045,P_mix,Europe,1.543,0.22392486496509062,82.61583245122996,85.63527396338351,4.629326986741107,172.88043340135457,53.538559290270946,0.609,75.1,322.8,117.7,14044.5
UA,200,1.0,t200p100,2045,P_mix,Europe,1.538,0.1565441724438905,82.14270977090803,72.60322537159092,4.612888906829922,159.3588240493289,53.42164840515855,0.64,60.0,246.0,112.6,11706.9
UA,300,1.0,t300p100,2045,P_mix,Europe,1.48,0.1492878358027709,79.04906619308774,69.98255477485031,4.440994800575695,153.47261576851372,53.39956681519228,0.647,58.9,235.1,107.8,11309.6
UA,500,1.0,t500p100,2045,P_mix,Europe,1.48,0.1492878358027709,79.04906619308774,69.98255477485031,4.440994800575695,153.47261576851372,53.39956681519228,0.647,58.9,235.1,107.8,11309.6
UG,50,1.0,t50p100,2045,P_mix,Africa/MENA,1.416,0.3900533014397003,158.22097009327032,65.71390235003223,4.247624795948117,228.18249723925064,111.74784334355454,0.255,137.2,751.2,71.3,7165.5
UG,100,1.0,t100p100,2045,P_mix,Africa/MENA,1.354,0.2737478089850298,149.88357011486823,61.61518436263534,4.062663821606916,215.56141829911047,110.67878861971657,0.243,138.7,714.5,79.3,6128.8
UG,150,1.0,t150p100,2045,P_mix,Africa/MENA,1.308,0.2391245236966364,141.68971769786066,63.97921583072282,3.923437254135552,209.59237078271906,108.34100956897667,0.282,128.2,642.8,78.6,7326.7
UG,200,1.0,t200p100,2045,P_mix,Africa/MENA,1.401,0.1822219324878468,148.08467214304332,54.43942896129101,4.2023496206551805,206.7264507249895,105.71562495551346,0.227,129.2,635.9,63.5,5531.9
UG,300,1.0,t300p100,2045,P_mix,Africa/MENA,1.247,0.14026091082565154,128.20934968325207,52.32707640272107,3.7395426863270136,184.27596877230016,102.85430099677144,0.37,93.5,415.9,75.4,6484.8
UG,500,1.0,t500p100,2045,P_mix,Africa/MENA,1.247,0.14026091082565154,128.20934968325207,52.32707640272107,3.7395426863270136,184.27596877230016,102.85430099677144,0.37,93.5,415.9,75.4,6484.8
US,50,1.0,t50p100,2045,P_mix,North America,1.613,0.20710170707904596,64.68734264600775,26.86484142360649,4.838978671604615,96.39116274121885,40.10392297796024,0.641,28.2,108.5,86.0,2672.8
US,100,1.0,t100p100,2045,P_mix,North America,1.573,0.14268990577542517,63.04170510872982,24.995339990763096,4.718016618270415,92.75506171776334,40.08572470766787,0.361,50.1,228.5,67.9,1775.0
US,150,1.0,t150p100,2045,P_mix,North America,1.573,0.14268990577542517,63.04170510872982,24.995339990763096,4.718016618270415,92.75506171776334,40.08572470766787,0.361,50.1,228.5,67.9,1775.0
US,200,1.0,t200p100,2045,P_mix,North America,1.459,0.10575763259076292,58.61542406900893,28.734632029834398,4.377679984589549,91.72773608343287,40.16882751275723,0.626,24.8,98.7,86.9,3201.2
US,300,1.0,t300p100,2045,P_mix,North America,1.368,0.08926660813928892,54.952062826770856,25.630030235096392,4.104120429536943,84.68621349140419,40.16845784881448,0.513,32.5,136.7,66.7,2775.7
US,500,1.0,t500p100,2045,P_mix,North America,1.368,0.08926660813928892,54.952062826770856,25.630030235096392,4.104120429536943,84.68621349140419,40.16845784881448,0.513,32.5,136.7,66.7,2775.7
UY,50,1.0,t50p100,2045,P_mix,Latin America,1.678,0.3084988511355579,72.59682639413974,61.254652072189415,5.033378800798932,138.88485726712807,43.26924076285504,0.582,65.7,286.0,113.9,8557.7
UY,100,1.0,t100p100,2045,P_mix,Latin America,1.683,0.19707113941058269,72.80464304850356,61.57032064000485,5.047539002470226,139.42250269097863,43.271370273438386,0.561,65.0,263.1,120.0,8591.8
UY,150,1.0,t150p100,2045,P_mix,Latin America,1.683,0.19707113941058269,72.80464304850356,61.57032064000485,5.047539002470226,139.42250269097863,43.271370273438386,0.561,65.0,263.1,120.0,8591.8
UY,200,1.0,t200p100,2045,P_mix,Latin America,1.595,0.1537093581896862,69.01178018408233,51.21656374116568,4.785547337099963,125.01389126234798,43.26262514367072,0.525,59.4,266.9,105.3,6582.9
UY,300,1.0,t300p100,2045,P_mix,Latin America,1.597,0.15378247144394783,69.07310251549406,51.05876271990536,4.78980323455275,124.92166846995215,43.26259292900404,0.523,60.3,267.2,104.8,6549.9
UY,500,1.0,t500p100,2045,P_mix,Latin America,1.597,0.15378247144394783,69.07310251549406,51.05876271990536,4.789803234552749,124.92166846995215,43.26259292900404,0.523,60.3,267.2,104.8,6549.9
UZ,50,1.0,t50p100,2045,P_mix,Asia-Pacific,2.885,0.4128582869348676,197.62836973565996,96.39805643875684,8.6548659017292,302.681292076146,68.50309593919043,0.229,216.6,1097.6,97.6,10611.4
UZ,100,1.0,t100p100,2045,P_mix,Asia-Pacific,2.678,0.2557197280035307,182.7210989754993,88.43927631873835,8.034256079445525,279.1946313736832,68.22825803734301,0.194,197.8,1037.7,66.3,10312.4
UZ,150,1.0,t150p100,2045,P_mix,Asia-Pacific,2.484,0.2051133707160737,168.1348078623526,85.03829277109232,7.451111487031333,260.6242121204762,67.69519211529408,0.258,160.6,814.2,64.6,11440.6
UZ,200,1.0,t200p100,2045,P_mix,Asia-Pacific,2.595,0.1843738136946538,174.7053801651366,66.56275250906681,7.783547133910369,249.05167980811376,67.33641249656088,0.21,172.2,897.9,65.8,6193.0
UZ,300,1.0,t300p100,2045,P_mix,Asia-Pacific,2.278,0.16240833932471213,152.8273270314543,68.14837998885949,6.835096587633624,227.81080360794743,67.0776155415086,0.297,124.2,619.7,71.8,8772.2
UZ,500,1.0,t500p100,2045,P_mix,Asia-Pacific,2.278,0.16240833932471213,152.8273270314543,68.14837998885949,6.835096587633624,227.81080360794743,67.0776155415086,0.297,124.2,619.7,71.8,8772.2
VN,50,1.0,t50p100,2045,P_mix,Asia-Pacific,2.374,0.36660426945113694,123.05457376141575,53.85554012733885,7.122773635013483,184.0328875237681,51.82864712554494,0.311,139.9,756.3,92.5,3493.2
VN,100,1.0,t100p100,2045,P_mix,Asia-Pacific,2.169,0.2496778221080711,112.29552867486274,48.40509439745741,6.5058381906298814,167.20646126295,51.78219564541198,0.268,131.7,720.8,66.6,3353.4
VN,150,1.0,t150p100,2045,P_mix,Asia-Pacific,2.135,0.190520176100273,109.83871100883654,53.72584970552544,6.4047124039796595,169.96927311834162,51.44901320186701,0.262,129.6,699.7,68.9,4743.1
VN,200,1.0,t200p100,2045,P_mix,Asia-Pacific,1.985,0.13930280188696903,101.21283647597232,50.721477347671595,5.95643957862266,157.8907534022666,50.9765112900096,0.311,108.3,598.5,74.4,4732.3
VN,300,1.0,t300p100,2045,P_mix,Asia-Pacific,1.997,0.13926843304492303,101.71201329060773,47.712697016308475,5.991565461660371,155.41627576857658,50.92759844223845,0.29,108.8,610.6,68.2,4115.4
VN,500,1.0,t500p100,2045,P_mix,Asia-Pacific,1.997,0.13926843304492303,101.71201329060773,47.712697016308475,5.991565461660371,155.41627576857658,50.92759844223845,0.29,108.8,610.6,68.2,4115.4
ZA,50,1.0,t50p100,2045,P_mix,Africa/MENA,1.674,0.24938122520222789,79.92855501386741,42.851442875320174,5.022892421371325,127.8028903105589,47.738562749495856,0.567,54.3,199.2,113.4,4780.2
ZA,100,1.0,t100p100,2045,P_mix,Africa/MENA,1.674,0.24938122520222789,79.92855501386741,42.851442875320174,5.022892421371325,127.8028903105589,47.738562749495856,0.567,54.3,199.2,113.4,4780.2
ZA,150,1.0,t150p100,2045,P_mix,Africa/MENA,1.607,0.17397477578892395,76.80713534852273,39.14055080607584,4.820832783269472,120.76851893786804,47.79701275788644,0.45,68.4,255.4,103.1,3686.5
ZA,200,1.0,t200p100,2045,P_mix,Africa/MENA,1.471,0.11523810891590347,69.51665249232573,37.58598343187771,4.412173113044631,111.51480903724809,47.26694808515041,0.653,39.6,112.3,104.2,4543.2
ZA,300,1.0,t300p100,2045,P_mix,Africa/MENA,1.434,0.10956461150123303,67.66243482047247,35.8873444614168,4.302993414951875,107.85277269684116,47.17351036515298,0.508,50.8,180.7,90.0,4017.4
ZA,500,1.0,t500p100,2045,P_mix,Africa/MENA,1.434,0.10956461150123303,67.66243482047247,35.8873444614168,4.302993414951875,107.85277269684116,47.17351036515298,0.508,50.8,180.7,90.0,4017.4
ZM,50,1.0,t50p100,2045,P_mix,Africa/MENA,1.705,0.34933391547445103,77.75655829860366,60.22222798345923,5.114176746683209,143.0929630287461,45.61236078653277,0.478,90.3,384.8,94.4,8027.3
ZM,100,1.0,t100p100,2045,P_mix,Africa/MENA,1.632,0.23389941060293887,74.53179819885682,48.62530070444012,4.896919800464856,128.05401870376178,45.66041587516807,0.346,95.2,472.3,83.5,4910.5
ZM,150,1.0,t150p100,2045,P_mix,Africa/MENA,1.629,0.23273250576117846,74.3709524741327,51.23662906492202,4.887651435060518,130.49523297411523,45.6482751249293,0.338,95.0,483.4,83.4,5478.5
ZM,200,1.0,t200p100,2045,P_mix,Africa/MENA,1.597,0.1386827225406293,71.8925136888924,39.12183955991491,4.7915082978681465,115.80586154667544,45.012452793337964,0.376,79.2,381.1,78.0,3552.9
ZM,300,1.0,t300p100,2045,P_mix,Africa/MENA,1.708,0.1347140885013484,76.70506143459897,39.08788400193894,5.124747063685192,120.9176925002231,44.90273987070135,0.306,101.9,415.1,77.1,3106.5
ZM,500,1.0,t500p100,2045,P_mix,Africa/MENA,1.708,0.1347140885013484,76.70506143459897,39.08788400193894,5.124747063685192,120.9176925002231,44.90273987070135,0.306,101.9,415.1,77.1,3106.5
AE,50,1.0,t50p100,2050,P_mix,Asia-Pacific,1.738,0.3423277731886049,91.03941231449595,42.192815138950664,5.213560152359776,138.4457876058064,52.38612943208648,0.303,114.3,578.3,62.9,4379.0
AE,100,1.0,t100p100,2050,P_mix,Asia-Pacific,1.726,0.2164512904704409,89.8805460345391,36.54421650111475,5.179258170697137,131.60402070635098,52.06182607949101,0.28,108.5,571.9,73.7,2408.6
AE,150,1.0,t150p100,2050,P_mix,Asia-Pacific,1.603,0.17812458841021048,82.5066125729977,37.31389642584397,4.808270160253644,124.6287791590953,51.47793894050575,0.311,96.4,499.9,72.0,3357.2
AE,200,1.0,t200p100,2050,P_mix,Asia-Pacific,1.606,0.17843641683639705,82.72057096072514,36.86735598974619,4.816699498420661,124.40462644889199,51.52111169973229,0.293,96.2,524.2,72.3,3047.3
AE,300,1.0,t300p100,2050,P_mix,Asia-Pacific,1.591,0.12911676736909042,80.94973991294256,30.88024870444829,4.771803177155976,116.60179179454683,50.89254747585109,0.308,89.4,416.3,61.6,2558.3
AE,500,1.0,t500p100,2050,P_mix,Asia-Pacific,1.591,0.12911676736909042,80.94973991294256,30.88024870444829,4.771803177155976,116.60179179454683,50.89254747585109,0.308,89.4,416.3,61.6,2558.3
AF,50,1.0,t50p100,2050,P_mix,Asia-Pacific,2.017,0.35880996920485575,146.09920751772836,47.95064894978717,6.050995054891371,200.10085152240688,72.43397467312155,0.151,174.4,999.4,41.3,3229.8
AF,100,1.0,t100p100,2050,P_mix,Asia-Pacific,1.907,0.22846828598809654,137.1807915028223,47.104525582240534,5.720090323722799,190.00540740878563,71.94683146902189,0.192,149.7,861.2,50.2,3901.2
AF,150,1.0,t150p100,2050,P_mix,Asia-Pacific,1.769,0.19369522425638763,125.7459771446969,48.14821153711594,5.308226734543977,179.2024154163568,71.0666575297483,0.266,120.0,680.6,70.1,5049.9
AF,200,1.0,t200p100,2050,P_mix,Asia-Pacific,1.719,0.1937408253880851,122.3322630984882,45.135280113741196,5.15581270991183,172.62335592214123,71.18117161042896,0.271,113.9,649.1,65.2,4659.4
AF,300,1.0,t300p100,2050,P_mix,Asia-Pacific,1.617,0.14596675415027707,113.66989240753175,41.56961970992722,4.850590229740185,160.09010234719912,70.30271803455581,0.218,122.6,641.4,46.9,4290.5
AF,500,1.0,t500p100,2050,P_mix,Asia-Pacific,1.617,0.14596675415027707,113.66989240753175,41.56961970992722,4.850590229740185,160.09010234719912,70.30271803455581,0.218,122.6,641.4,46.9,4290.5
AR,50,1.0,t50p100,2050,P_mix,Latin America,1.67,0.303355946986627,44.876089504159246,44.596984595829,5.00994261667502,94.48301671666327,26.87221767059399,0.594,72.6,296.1,110.0,5698.4
AR,100,1.0,t100p100,2050,P_mix,Latin America,1.578,0.21262836696621287,42.393571364988226,44.73189585588733,4.732702849492524,91.85817007036808,26.872744421002622,0.604,73.0,267.9,121.4,5474.8
AR,150,1.0,t150p100,2050,P_mix,Latin America,1.569,0.21214299087073177,42.170989753435784,44.208716274803294,4.707922683266289,91.08762871150536,26.872354915678688,0.603,72.4,267.5,119.3,5419.0
AR,200,1.0,t200p100,2050,P_mix,Latin America,1.765,0.1487051012844501,47.41528259843916,38.009945754873876,5.296310038825725,90.72153839213877,26.85753793727193,0.477,77.9,333.9,96.3,3984.1
AR,300,1.0,t300p100,2050,P_mix,Latin America,1.727,0.14874748364892798,46.378934326511455,38.138101574090314,5.180641138894476,89.69767703949624,26.857062523582567,0.483,76.9,321.1,98.6,4032.7
AR,500,1.0,t500p100,2050,P_mix,Latin America,1.727,0.14874748364892795,46.378934326511455,38.138101574090314,5.180641138894476,89.69767703949624,26.857062523582567,0.483,76.9,321.1,98.6,4032.7
AT,50,1.0,t50p100,2050,P_mix,Europe,2.277,0.35520685989131917,104.85847431933396,108.26059427696643,6.829896857077213,219.9489654533776,46.05859056744541,0.904,21.1,61.0,168.7,24332.9
AT,100,1.0,t100p100,2050,P_mix,Europe,2.168,0.21833444527718934,99.68556523803132,94.06477961669557,6.505022403978827,200.25536725870572,45.97319995872331,0.846,24.3,97.9,175.2,19608.3
AT,150,1.0,t150p100,2050,P_mix,Europe,2.168,0.21833444527718934,99.68556523803132,94.06477961669557,6.505022403978827,200.25536725870572,45.97319995872331,0.846,24.3,97.9,175.2,19608.3
AT,200,1.0,t200p100,2050,P_mix,Europe,2.027,0.16136334440182337,93.67759249446506,91.03053715122199,6.0820099625169775,190.79013960820402,46.20722083906163,0.852,23.4,75.9,142.8,20176.8
AT,300,1.0,t300p100,2050,P_mix,Europe,1.979,0.15737212749965812,91.48088772893625,89.32669399240444,5.9368531083721745,186.74443482971287,46.22695865588932,0.862,20.6,68.7,136.7,20006.0
AT,500,1.0,t500p100,2050,P_mix,Europe,1.979,0.15737212749965812,91.48088772893625,89.32669399240444,5.9368531083721745,186.74443482971287,46.22695865588932,0.862,20.6,68.7,136.7,20006.0
AU,50,1.0,t50p100,2050,P_mix,Asia-Pacific,1.891,0.288553284876323,66.06208253279311,45.36807584122512,5.673878237271703,117.10403661128994,34.92959124439681,0.484,80.2,333.5,84.9,6575.1
AU,100,1.0,t100p100,2050,P_mix,Asia-Pacific,1.85,0.21722634783077324,64.59720846627104,42.6168960229723,5.548625407716389,112.76272989695974,34.92606026878478,0.439,82.9,364.1,85.9,5479.5
AU,150,1.0,t150p100,2050,P_mix,Asia-Pacific,1.805,0.16729628498899324,63.044847811914366,43.05442235221475,5.414501909147857,111.51377207327697,34.93110661133914,0.439,72.9,332.4,85.3,5977.3
AU,200,1.0,t200p100,2050,P_mix,Asia-Pacific,1.624,0.13352498863138648,56.831507977806005,40.0314346545058,4.871022483902768,101.73396511621456,35.00179366793111,0.522,59.0,232.6,76.3,6324.0
AU,300,1.0,t300p100,2050,P_mix,Asia-Pacific,1.594,0.12425331576541247,55.91596943471149,33.24791086803824,4.783322718440886,93.94720302119062,35.06932694660657,0.455,63.7,251.3,63.0,4676.0
AU,500,1.0,t500p100,2050,P_mix,Asia-Pacific,1.594,0.12425331576541247,55.91596943471149,33.24791086803824,4.783322718440886,93.94720302119062,35.06932694660657,0.455,63.7,251.3,63.0,4676.0
BD,50,1.0,t50p100,2050,P_mix,Asia-Pacific,2.009,0.38646623496318827,127.95657424222797,53.80796481748119,6.026043630633182,187.79058269034235,63.70178283729892,0.077,233.7,1271.7,28.7,2797.7
BD,100,1.0,t100p100,2050,P_mix,Asia-Pacific,1.958,0.26619028644717174,124.13258631000616,52.40560030392462,5.875481940454164,182.41366855438497,63.381653233578355,0.096,210.0,1148.1,39.2,3131.7
BD,150,1.0,t150p100,2050,P_mix,Asia-Pacific,1.872,0.19140873187105742,117.64619209948837,44.496685043625085,5.617455613140934,167.76033275625437,62.82890344034658,0.112,188.7,1016.3,40.9,1929.4
BD,200,1.0,t200p100,2050,P_mix,Asia-Pacific,1.773,0.1648820827080133,110.63290371866219,47.579249712088476,5.320461794335675,163.53261522508635,62.38156084671739,0.109,182.4,956.1,33.1,3649.0
BD,300,1.0,t300p100,2050,P_mix,Asia-Pacific,1.612,0.15452872163218445,100.2275068457758,37.17336890712311,4.836305479033878,142.2371812319328,62.171945473839806,0.125,154.6,815.1,30.8,2022.9
BD,500,1.0,t500p100,2050,P_mix,Asia-Pacific,1.612,0.15452872163218448,100.2275068457758,37.17336890712311,4.836305479033878,142.2371812319328,62.171945473839806,0.125,154.6,815.1,30.8,2022.9
BE,50,1.0,t50p100,2050,P_mix,Europe,1.774,0.2832488957218024,50.24802501505799,82.25325917368943,5.323055090109417,137.82433927885685,28.31908978835528,0.82,38.3,123.3,145.8,16962.5
BE,100,1.0,t100p100,2050,P_mix,Europe,1.704,0.1809183004179005,47.57794282507517,79.96813822415483,5.111528335653922,132.65760938488393,27.92390437897511,0.774,41.4,144.5,149.1,15974.1
BE,150,1.0,t150p100,2050,P_mix,Europe,1.595,0.12907508621236363,45.833747717353276,73.5619041439231,4.784312671769875,124.17996453304626,28.740020267360617,0.813,32.6,106.2,130.0,15233.7
BE,200,1.0,t200p100,2050,P_mix,Europe,1.618,0.12543928795955833,46.937422138628364,70.90027320187812,4.8528918048761485,122.69058714538265,29.016156155468906,0.834,28.2,86.0,123.8,14898.2
BE,300,1.0,t300p100,2050,P_mix,Europe,1.601,0.12357353791076373,46.52177958011843,69.34072384794754,4.801543447606938,120.6640468756729,29.06676577297463,0.852,26.0,75.8,124.6,14505.8
BE,500,1.0,t500p100,2050,P_mix,Europe,1.601,0.1235735379107637,46.52177958011843,69.34072384794754,4.801543447606938,120.6640468756729,29.06676577297463,0.852,26.0,75.8,124.6,14505.8
BF,50,1.0,t50p100,2050,P_mix,Africa/MENA,1.695,0.38960529954981016,103.57487319460803,50.551537929336995,5.084264979862229,159.21067610380723,61.114953845746356,0.114,196.9,1027.3,38.3,3630.8
BF,100,1.0,t100p100,2050,P_mix,Africa/MENA,1.715,0.2745642213875889,103.91400556512869,41.896123155937055,5.1457501045001495,150.9558788255659,60.5824244015963,0.106,192.2,1007.1,38.3,1290.9
BF,150,1.0,t150p100,2050,P_mix,Africa/MENA,1.534,0.221012306541121,92.34380580377011,35.25648547251244,4.602985256124452,132.203276532407,60.18516288808653,0.152,151.9,729.6,39.4,1750.7
BF,200,1.0,t200p100,2050,P_mix,Africa/MENA,1.587,0.16503149397262581,93.07187374301965,39.648565232623355,4.759988286749368,137.48042726239237,58.658888301537786,0.139,159.0,787.6,45.1,2317.4
BF,300,1.0,t300p100,2050,P_mix,Africa/MENA,1.625,0.15496066614317797,95.05219131597796,43.51048752221904,4.874313031902034,143.43699187009904,58.50190007937626,0.16,157.0,736.3,51.0,3598.2
BF,500,1.0,t500p100,2050,P_mix,Africa/MENA,1.625,0.15496066614317797,95.05219131597796,43.51048752221904,4.874313031902034,143.43699187009904,58.50190007937626,0.16,157.0,736.3,51.0,3598.2
BG,50,1.0,t50p100,2050,P_mix,Europe,1.7,0.3637988546570679,77.47964538116003,51.770976607866665,5.099578592461723,134.35020058148842,45.580028217836485,0.657,63.8,296.6,119.5,7533.2
BG,100,1.0,t100p100,2050,P_mix,Europe,1.698,0.21750803600971566,77.37022955666352,46.241718210992104,5.0925902186984775,128.7045379863541,45.57812011218755,0.685,52.4,216.0,133.6,6052.6
BG,150,1.0,t150p100,2050,P_mix,Europe,1.697,0.21788753449941287,77.32951811636894,46.096603742058456,5.089882326316573,128.51600418474396,45.5783728338159,0.687,52.2,214.8,133.9,6011.4
BG,200,1.0,t200p100,2050,P_mix,Europe,1.567,0.15106839911584077,71.48389524532172,48.88778770848627,4.702326533945869,125.07400948775386,45.6054432179154,0.664,50.0,196.8,122.7,7430.7
BG,300,1.0,t300p100,2050,P_mix,Europe,1.54,0.14352566267531333,70.22140707854814,42.676330730729845,4.618719905498558,117.51645771477654,45.610954018850535,0.638,51.1,208.3,108.1,6096.9
BG,500,1.0,t500p100,2050,P_mix,Europe,1.54,0.14352566267531333,70.22140707854814,42.676330730729845,4.618719905498558,117.51645771477654,45.610954018850535,0.638,51.1,208.3,108.1,6096.9
BH,50,1.0,t50p100,2050,P_mix,Asia-Pacific,2.098,0.3941954437799924,98.75881858581029,56.218534754909555,6.29425486560822,161.27160820632807,47.07093406342396,0.342,127.2,690.1,73.4,7132.5
BH,100,1.0,t100p100,2050,P_mix,Asia-Pacific,1.93,0.25900810083101766,90.77393291026199,59.29524900226981,5.79147814609283,155.86066005862463,47.021121700080094,0.279,125.7,730.0,74.1,7744.8
BH,150,1.0,t150p100,2050,P_mix,Asia-Pacific,1.805,0.2111961775818974,84.42034349825506,52.55408134314987,5.414779209021254,142.3892040504262,46.77218049312533,0.321,106.9,606.6,81.5,6571.0
BH,200,1.0,t200p100,2050,P_mix,Asia-Pacific,1.805,0.2111961775818974,84.42034349825506,52.55408134314987,5.414779209021254,142.3892040504262,46.77218049312533,0.321,106.9,606.6,81.5,6571.0
BH,300,1.0,t300p100,2050,P_mix,Asia-Pacific,1.834,0.15083537755239265,84.89322022533764,39.043715125178196,5.50165722264443,129.4385925731603,46.291444626497054,0.243,109.0,578.7,46.0,4195.6
BH,500,1.0,t500p100,2050,P_mix,Asia-Pacific,1.834,0.15083537755239265,84.89322022533764,39.043715125178196,5.50165722264443,129.4385925731603,46.291444626497054,0.243,109.0,578.7,46.0,4195.6
BI,50,1.0,t50p100,2050,P_mix,Africa/MENA,1.588,0.42217952188580815,200.71633068801174,58.95210558499132,4.763840490543606,264.43227676354667,126.39990639051052,0.103,246.3,1200.2,36.5,4337.8
BI,100,1.0,t100p100,2050,P_mix,Africa/MENA,1.541,0.2770282400369878,190.39882622653045,51.61583265075692,4.62158631184329,246.63624518913068,123.5931648005452,0.12,215.3,1034.5,45.9,3358.7
BI,150,1.0,t150p100,2050,P_mix,Africa/MENA,1.444,0.24594170670802706,174.00947466414752,64.25510345041496,4.331512089415745,242.59609020397824,120.51875031540233,0.138,206.3,1031.9,39.8,7444.1
BI,200,1.0,t200p100,2050,P_mix,Africa/MENA,1.507,0.18450691775781172,175.68223558964857,51.9231776850346,4.520716154633578,232.12612942931676,116.58478186663883,0.096,221.6,1028.3,30.8,4014.4
BI,300,1.0,t300p100,2050,P_mix,Africa/MENA,1.303,0.1353489726692064,147.4445172785953,46.4452314674144,3.910106112246928,197.79985485825665,113.12571555292165,0.159,160.8,737.6,35.7,5013.7
BI,500,1.0,t500p100,2050,P_mix,Africa/MENA,1.303,0.1353489726692064,147.4445172785953,46.4452314674144,3.910106112246928,197.79985485825665,113.12571555292165,0.159,160.8,737.6,35.7,5013.7
BO,50,1.0,t50p100,2050,P_mix,Latin America,2.06,0.396537844876445,149.85713467361464,57.115259181122745,6.1793280280253065,213.1517218827627,72.75409267510774,0.057,233.9,1267.3,19.0,4182.4
BO,100,1.0,t100p100,2050,P_mix,Latin America,1.935,0.2689782725395411,140.39667394748133,53.51142156485542,5.804950767568794,199.7130462799055,72.5570360037429,0.097,190.6,1055.6,28.2,4784.8
BO,150,1.0,t150p100,2050,P_mix,Latin America,1.837,0.24589769178274415,133.37755794086794,56.04715964600834,5.510321237626006,194.9350388245023,72.61512651755885,0.148,163.7,938.7,43.8,6066.0
BO,200,1.0,t200p100,2050,P_mix,Latin America,1.908,0.22318574608298644,138.05028170175288,47.20229642045903,5.723012937948903,190.9755910601608,72.36587608583814,0.084,181.9,1012.7,25.3,3462.6
BO,300,1.0,t300p100,2050,P_mix,Latin America,1.991,0.15737187826995552,140.8186629286465,40.634823754317665,5.974011583126659,187.42749826609082,70.7156293401152,0.068,195.4,1034.0,23.3,1293.7
BO,500,1.0,t500p100,2050,P_mix,Latin America,1.991,0.15737187826995552,140.81866292864655,40.634823754317665,5.974011583126658,187.42749826609088,70.71562934011524,0.068,195.4,1034.0,23.3,1293.7
BR,50,1.0,t50p100,2050,P_mix,Latin America,2.247,0.2519175188892104,69.77706761732773,31.21080232431925,6.742466817897652,107.73033675954464,31.0466789834725,0.38,66.8,308.1,63.3,3628.1
BR,100,1.0,t100p100,2050,P_mix,Latin America,2.247,0.2519175188892104,69.77706761732773,31.21080232431925,6.742466817897652,107.73033675954464,31.0466789834725,0.38,66.8,308.1,63.3,3628.1
BR,150,1.0,t150p100,2050,P_mix,Latin America,2.058,0.13967509275362622,63.83413403287426,28.74453067651518,6.1747736500937505,98.7534383594832,31.013671585470302,0.318,66.3,312.6,61.9,2936.3
BR,200,1.0,t200p100,2050,P_mix,Latin America,2.006,0.11640626866374222,62.332431619451164,27.9057798209251,6.0172080869615785,96.25541952733784,31.07708627586772,0.369,53.1,282.8,61.0,3102.2
BR,300,1.0,t300p100,2050,P_mix,Latin America,1.942,0.11647898442500294,60.40034564152462,27.240720667524428,5.826082760862248,93.4671490699113,31.10169291480455,0.35,60.8,278.2,54.0,3121.8
BR,500,1.0,t500p100,2050,P_mix,Latin America,1.942,0.11647898442500297,60.40034564152462,27.240720667524428,5.826082760862248,93.4671490699113,31.10169291480455,0.35,60.8,278.2,54.0,3121.8
BY,50,1.0,t50p100,2050,P_mix,Europe,1.87,0.3495943958564787,103.0489812407108,79.51619639608552,5.609627321572301,188.1748049583686,55.11006810261379,0.856,26.0,105.2,168.4,15538.5
BY,100,1.0,t100p100,2050,P_mix,Europe,1.697,0.19642738489481884,93.48918188284337,70.17453698912878,5.092056280960313,168.7557751529325,55.0794276758537,0.748,39.5,179.7,155.8,12609.0
BY,150,1.0,t150p100,2050,P_mix,Europe,1.697,0.19642738489481884,93.48918188284337,70.17453698912878,5.092056280960313,168.7557751529325,55.0794276758537,0.748,39.5,179.7,155.8,12609.0
BY,200,1.0,t200p100,2050,P_mix,Europe,1.862,0.15095455974479077,102.90451555541712,60.68254373234829,5.585349298359936,169.17240858612536,55.27202152905657,0.829,25.2,93.4,153.2,10710.4
BY,300,1.0,t300p100,2050,P_mix,Europe,1.82,0.14926427659795963,100.63690624659354,56.7603349718811,5.458989668396875,162.8562308868715,55.30523724703107,0.764,38.0,131.0,129.1,10099.6
BY,500,1.0,t500p100,2050,P_mix,Europe,1.82,0.14926427659795963,100.63690624659354,56.7603349718811,5.458989668396875,162.8562308868715,55.30523724703107,0.764,38.0,131.0,129.1,10099.6
CA,50,1.0,t50p100,2050,P_mix,North America,1.762,0.2568626298077334,70.96113923172693,31.18473848565917,5.287181792427759,107.43305950981386,40.264062416024785,0.364,72.7,337.8,74.4,2897.2
CA,100,1.0,t100p100,2050,P_mix,North America,1.69,0.15629458625660875,68.05963801142947,27.69857100312221,5.069355732107321,100.82756474665901,40.27709334760217,0.196,90.6,445.7,53.3,1733.6
CA,150,1.0,t150p100,2050,P_mix,North America,1.69,0.15629458625660875,68.05963801142947,27.69857100312221,5.069355732107321,100.82756474665901,40.27709334760217,0.196,90.6,445.7,53.3,1733.6
CA,200,1.0,t200p100,2050,P_mix,North America,1.594,0.14478026122961107,64.47398079998928,31.328860115282698,4.782125844950782,100.58496676022276,40.44685327639237,0.284,77.8,367.7,69.4,2861.5
CA,300,1.0,t300p100,2050,P_mix,North America,1.426,0.1219698900612487,57.96533467169737,29.530319956517307,4.278776114443578,91.77443074265827,40.64152911111271,0.37,68.6,302.8,63.5,3141.0
CA,500,1.0,t500p100,2050,P_mix,North America,1.426,0.1219698900612487,57.96533467169737,29.530319956517307,4.278776114443578,91.77443074265827,40.64152911111271,0.37,68.6,302.8,63.5,3141.0
CH,50,1.0,t50p100,2050,P_mix,Europe,2.23,0.44213285842814437,182.7129557559858,107.7592617775993,6.690900198063315,297.1631177316484,81.92303741529709,0.489,122.3,561.2,164.7,19565.9
CH,100,1.0,t100p100,2050,P_mix,Europe,2.03,0.28594800790189195,165.51789067664672,94.75526429825024,6.089150377129639,266.3623053520266,81.54728349212033,0.514,94.4,469.9,157.3,17036.9
CH,150,1.0,t150p100,2050,P_mix,Europe,2.168,0.18437507527208688,174.56035916387788,79.95372398576816,6.502638372873422,261.01672152251945,80.53363072998764,0.444,102.0,477.3,126.7,13772.0
CH,200,1.0,t200p100,2050,P_mix,Europe,2.124,0.16333052028577125,170.09991707021737,70.47973147952094,6.372509065790676,246.95215761552893,80.07830917810367,0.442,98.4,447.4,127.1,11228.6
CH,300,1.0,t300p100,2050,P_mix,Europe,2.079,0.16357035244889037,166.5438815161999,69.34720668741238,6.237241955723546,242.12833015933577,80.10457957144334,0.445,94.7,429.2,123.1,11232.1
CH,500,1.0,t500p100,2050,P_mix,Europe,2.079,0.16357035244889034,166.5438815161999,69.34720668741238,6.237241955723546,242.12833015933577,80.10457957144334,0.445,94.7,429.2,123.1,11232.1
CL,50,1.0,t50p100,2050,P_mix,Latin America,1.731,0.32821558554801816,57.388472244084205,67.56796507997439,5.1934804638115075,130.1499177878701,33.15029640178911,0.782,41.6,180.9,144.9,12244.9
CL,100,1.0,t100p100,2050,P_mix,Latin America,1.731,0.32821558554801816,57.388472244084205,67.56796507997439,5.1934804638115075,130.1499177878701,33.15029640178911,0.782,41.6,180.9,144.9,12244.9
CL,150,1.0,t150p100,2050,P_mix,Latin America,1.599,0.20835102050834484,53.175626799087546,65.35958462527059,4.798121859880415,123.33333328423853,33.247775912310544,0.779,47.6,158.3,149.4,11497.1
CL,200,1.0,t200p100,2050,P_mix,Latin America,1.839,0.16704485836303415,60.92986525945141,55.17576056540572,5.5183403497782955,121.62396617463543,33.124016315104235,0.701,50.6,198.2,138.2,8640.5
CL,300,1.0,t300p100,2050,P_mix,Latin America,1.702,0.16041975519652135,56.31556491862761,54.07095975493772,5.10592819057611,115.49245286414143,33.08834132601076,0.689,54.4,203.9,126.3,8704.5
CL,500,1.0,t500p100,2050,P_mix,Latin America,1.702,0.16041975519652132,56.31556491862761,54.07095975493772,5.10592819057611,115.49245286414143,33.08834132601076,0.689,54.4,203.9,126.3,8704.5
CN,50,1.0,t50p100,2050,P_mix,Asia-Pacific,1.551,0.2204790517074298,60.5152605316261,25.05214941526075,4.653901815462494,90.22131176234934,39.00937080187124,0.629,36.5,128.6,75.8,2959.6
CN,100,1.0,t100p100,2050,P_mix,Asia-Pacific,1.437,0.15694487559479872,55.929263125320595,26.307075747908293,4.312404335120749,86.54874320834963,38.90817658480616,0.47,50.5,200.5,70.7,2852.9
CN,150,1.0,t150p100,2050,P_mix,Asia-Pacific,1.366,0.08607006911612046,53.38108606419513,25.757289028955284,4.098707534822568,83.23708262797298,39.07164803343742,0.712,23.7,80.0,80.7,3471.5
CN,200,1.0,t200p100,2050,P_mix,Asia-Pacific,1.336,0.0887299942892027,52.246437160298406,23.884391819449487,4.009398203116087,80.14022718286398,39.09297693580998,0.682,24.4,91.5,75.4,3047.0
CN,300,1.0,t300p100,2050,P_mix,Asia-Pacific,1.321,0.08545368678472033,51.6586483263215,24.340342358716978,3.962245196618966,79.96123588165744,39.113163695979075,0.655,28.8,98.0,70.0,3296.8
CN,500,1.0,t500p100,2050,P_mix,Asia-Pacific,1.321,0.08545368678472033,51.6586483263215,24.340342358716978,3.962245196618966,79.96123588165744,39.113163695979075,0.655,28.8,98.0,70.0,3296.8
CO,50,1.0,t50p100,2050,P_mix,Latin America,1.447,0.45372888722552024,96.83535948340817,54.243793042944155,4.340141544445782,155.41929407079814,66.93470143202931,0.082,232.9,1225.7,33.7,3056.4
CO,100,1.0,t100p100,2050,P_mix,Latin America,1.447,0.45372888722552024,96.83535948340817,54.243793042944155,4.340141544445782,155.41929407079814,66.93470143202931,0.082,232.9,1225.7,33.7,3056.4
CO,150,1.0,t150p100,2050,P_mix,Latin America,1.356,0.26253430507448966,88.03025846219097,47.42779337791437,4.067499257521858,139.52555109762721,64.92706173165276,0.094,194.9,1012.5,34.1,3012.8
CO,200,1.0,t200p100,2050,P_mix,Latin America,1.364,0.2588403304923881,88.6311107901601,43.946227292920256,4.092999948946321,136.67033803202668,64.96294544028295,0.096,191.5,962.3,36.0,2307.4
CO,300,1.0,t300p100,2050,P_mix,Latin America,1.375,0.16517034365740596,85.77889820872139,51.13783554948267,4.125061096528366,141.04179485473242,62.383729259849765,0.232,135.3,668.1,76.3,5573.6
CO,500,1.0,t500p100,2050,P_mix,Latin America,1.375,0.16517034365740593,85.77889820872139,51.13783554948267,4.125061096528366,141.04179485473242,62.383729259849765,0.232,135.3,668.1,76.3,5573.6
CR,50,1.0,t50p100,2050,P_mix,North America,2.077,0.3987619945911139,248.9032542806156,89.45460424541828,6.229673276844169,344.58753180287806,119.86339084866327,0.155,252.6,1236.8,63.1,11890.6
CR,100,1.0,t100p100,2050,P_mix,North America,2.031,0.25436571007009157,246.15191567002668,74.27911531458709,6.091571004122501,326.5226019887363,121.2258293485088,0.158,242.1,1108.8,69.8,8195.8
CR,150,1.0,t150p100,2050,P_mix,North America,2.042,0.235679735346983,246.27642116400813,68.95828687795756,6.127116066015309,321.361824107981,120.58352665946987,0.122,236.1,1166.2,43.0,7379.7
CR,200,1.0,t200p100,2050,P_mix,North America,1.99,0.22669925093183568,239.20036794615424,69.46267849383183,5.969178981961161,314.6322254219472,120.21772273993619,0.145,211.6,1039.8,48.5,8501.4
CR,300,1.0,t300p100,2050,P_mix,North America,1.706,0.1563395999255022,197.11714033103905,50.75360567524959,5.117260862762612,252.98800686905128,115.5601476751506,0.242,144.5,691.3,61.7,5769.0
CR,500,1.0,t500p100,2050,P_mix,North America,1.706,0.1563395999255022,197.11714033103905,50.75360567524959,5.117260862762612,252.98800686905128,115.5601476751506,0.242,144.5,691.3,61.7,5769.0
CU,50,1.0,t50p100,2050,P_mix,North America,2.466,0.29898479107205506,92.31612355968048,71.8876487144794,7.397631315049886,171.60140358920978,37.43743894286968,0.417,107.7,564.5,70.4,12974.1
CU,100,1.0,t100p100,2050,P_mix,North America,2.26,0.18279045795406984,84.62047362152737,63.38046964311504,6.779487452730955,154.78043071737338,37.4455182098345,0.404,97.5,513.9,69.9,10978.8
CU,150,1.0,t150p100,2050,P_mix,North America,2.26,0.18279045795406984,84.62047362152737,63.38046964311504,6.779487452730955,154.78043071737338,37.4455182098345,0.404,97.5,513.9,69.9,10978.8
CU,200,1.0,t200p100,2050,P_mix,North America,2.187,0.18016737640466082,81.90836217533726,65.2203992932098,6.562438462324621,153.69119993087168,37.444173829093366,0.41,91.5,508.4,75.6,11406.6
CU,300,1.0,t300p100,2050,P_mix,North America,2.206,0.13445151323488405,82.508944184798,38.902854027505164,6.617433169837371,128.02923138214055,37.405263672723514,0.292,104.7,540.4,46.3,4462.2
CU,500,1.0,t500p100,2050,P_mix,North America,2.206,0.13445151323488405,82.508944184798,38.902854027505164,6.617433169837371,128.02923138214055,37.405263672723514,0.292,104.7,540.4,46.3,4462.2
CV,50,1.0,t50p100,2050,P_mix,Africa/MENA,2.626,0.33080432442660634,85.3943916635449,51.001263491479996,7.878177256498597,144.27383241152347,32.518077043685864,0.247,148.8,835.1,53.1,5125.7
CV,100,1.0,t100p100,2050,P_mix,Africa/MENA,2.626,0.33080432442660634,85.3943916635449,51.001263491479996,7.878177256498597,144.27383241152347,32.518077043685864,0.247,148.8,835.1,53.1,5125.7
CV,150,1.0,t150p100,2050,P_mix,Africa/MENA,2.23,0.18164700694337194,72.5790859038836,42.25845148847881,6.690801288496511,121.52833868085892,32.542777512464255,0.262,118.7,673.9,53.4,4055.2
CV,200,1.0,t200p100,2050,P_mix,Africa/MENA,2.148,0.1538915520891296,69.99954368420954,43.400646130393376,6.444091933189678,119.84428174779259,32.58777702581355,0.277,101.9,618.8,54.4,4945.6
CV,300,1.0,t300p100,2050,P_mix,Africa/MENA,2.124,0.15431726291139236,69.211980535468,44.518829844720706,6.371104300778181,120.10191468096687,32.59025936540439,0.286,102.5,605.9,56.5,5274.7
CV,500,1.0,t500p100,2050,P_mix,Africa/MENA,2.124,0.15431726291139236,69.211980535468,44.518829844720706,6.371104300778181,120.10191468096687,32.59025936540439,0.286,102.5,605.9,56.5,5274.7
CZ,50,1.0,t50p100,2050,P_mix,Europe,2.132,0.3550315669351695,142.7709943558987,96.54657430574012,6.395803597786167,245.71337225942497,66.96781358576307,0.568,73.4,400.2,110.3,20195.7
CZ,100,1.0,t100p100,2050,P_mix,Europe,2.021,0.21577540537418022,135.437113072493,86.18149900723282,6.0636601256433105,227.68227220536912,67.00760444985741,0.478,79.3,426.2,115.0,16712.5
CZ,150,1.0,t150p100,2050,P_mix,Europe,2.021,0.21577540537418022,135.437113072493,86.18149900723282,6.0636601256433105,227.68227220536912,67.00760444985741,0.478,79.3,426.2,115.0,16712.5
CZ,200,1.0,t200p100,2050,P_mix,Europe,2.013,0.1513835122633627,133.84431333603564,77.99960104572365,6.03831490056379,217.8822292823231,66.49751571760805,0.56,63.4,323.9,100.4,15807.8
CZ,300,1.0,t300p100,2050,P_mix,Europe,2.054,0.147314921197417,136.51551625883354,68.80551164233461,6.162989743171759,211.4840176443399,66.45257672710805,0.526,65.5,332.2,90.0,13441.1
CZ,500,1.0,t500p100,2050,P_mix,Europe,2.054,0.147314921197417,136.51551625883354,68.80551164233461,6.162989743171759,211.4840176443399,66.45257672710805,0.526,65.5,332.2,90.0,13441.1
DE,50,1.0,t50p100,2050,P_mix,Europe,1.405,0.2702759002760652,43.4844490898339,49.51217084255729,4.216001976500965,97.21262190889216,30.94243029216279,0.852,23.8,82.8,146.4,7794.7
DE,100,1.0,t100p100,2050,P_mix,Europe,1.367,0.16476583356387056,41.99808017572195,44.721848935183566,4.102013865388412,90.82194297629393,30.715215662791437,0.804,27.8,97.3,141.6,6430.1
DE,150,1.0,t150p100,2050,P_mix,Europe,1.363,0.11684150293325732,43.062755657039645,45.15182921911549,4.090496502270228,92.30508137842537,31.582539405526767,0.869,17.5,61.8,140.1,6994.2
DE,200,1.0,t200p100,2050,P_mix,Europe,1.342,0.117255946002771,42.502368889802675,44.26331250520803,4.026203133474893,90.79188452848561,31.66931782683317,0.906,10.8,41.9,139.7,6970.9
DE,300,1.0,t300p100,2050,P_mix,Europe,1.334,0.11308207011559904,42.395248343759434,40.68246267632625,4.00155433313477,87.07926535322046,31.784085493509338,0.853,20.4,71.0,125.0,6185.6
DE,500,1.0,t500p100,2050,P_mix,Europe,1.334,0.11308207011559904,42.395248343759434,40.68246267632625,4.00155433313477,87.07926535322046,31.784085493509338,0.853,20.4,71.0,125.0,6185.6
DK,50,1.0,t50p100,2050,P_mix,Europe,1.453,0.28465027570465234,48.10152889838131,53.83902921419813,4.35867243504713,106.29923054762658,33.10746307403663,0.854,22.7,91.9,151.4,8813.9
DK,100,1.0,t100p100,2050,P_mix,Europe,1.386,0.17413094266556822,45.62195519804334,48.989937639885746,4.158813905953692,98.77070674388277,32.909831670562426,0.816,23.9,101.3,152.2,7277.9
DK,150,1.0,t150p100,2050,P_mix,Europe,1.45,0.1279151551796626,48.71083647262095,47.71226220408821,4.348563405686291,100.77166208239547,33.60477835663532,0.888,14.5,51.2,149.6,7477.5
DK,200,1.0,t200p100,2050,P_mix,Europe,1.415,0.1280098044850702,47.69504626693463,46.4462498533818,4.245402134513273,98.38669825482971,33.703553695793424,0.829,21.0,84.2,132.4,7481.6
DK,300,1.0,t300p100,2050,P_mix,Europe,1.398,0.12406883141466078,47.28783717394208,42.162295655579705,4.1947203415927365,93.6448531711145,33.81953979510368,0.801,22.8,104.3,125.1,6354.6
DK,500,1.0,t500p100,2050,P_mix,Europe,1.398,0.12406883141466078,47.28783717394208,42.162295655579705,4.1947203415927365,93.6448531711145,33.81953979510368,0.801,22.8,104.3,125.1,6354.6
DO,50,1.0,t50p100,2050,P_mix,North America,2.471,0.3855041042686244,125.01366326781631,66.13517482791858,7.41320315094048,198.56204124667536,50.590949980356086,0.259,182.1,928.4,69.1,7852.0
DO,100,1.0,t100p100,2050,P_mix,North America,2.505,0.22389648672533416,127.44257051101849,48.279630255373704,7.515905049785664,183.23810581617786,50.869151353097195,0.164,180.8,970.8,60.9,2660.3
DO,150,1.0,t150p100,2050,P_mix,North America,2.337,0.21772026990571744,118.29313037674994,56.10452610335975,7.011043461612777,181.4086999417225,50.61720028884467,0.215,163.6,857.3,55.9,6165.9
DO,200,1.0,t200p100,2050,P_mix,North America,2.335,0.21790966232114417,118.17735333518993,55.71140149272905,7.004145931830437,180.8929007597494,50.61745763953789,0.215,163.0,853.3,56.2,6074.8
DO,300,1.0,t300p100,2050,P_mix,North America,1.686,0.1513899917895905,83.37861067571922,52.40463564242023,5.058720556303619,140.84196687444307,49.44646165826759,0.35,113.3,556.9,84.2,6687.3
DO,500,1.0,t500p100,2050,P_mix,North America,1.686,0.1513899917895905,83.37861067571917,52.40463564242023,5.058720556303618,140.84196687444302,49.44646165826756,0.35,113.3,556.9,84.2,6687.3
DZ,50,1.0,t50p100,2050,P_mix,Africa/MENA,1.878,0.3747404851690151,77.03972747403796,53.68050407736294,5.633056398633538,136.35328795003446,41.02909079308641,0.434,107.6,555.2,92.6,6807.5
DZ,100,1.0,t100p100,2050,P_mix,Africa/MENA,1.805,0.2559417643237374,74.07151019095666,49.92144147623393,5.414008392948793,129.40696006013937,41.04436388799845,0.357,117.0,587.9,87.7,5552.2
DZ,150,1.0,t150p100,2050,P_mix,Africa/MENA,1.755,0.2541079137152943,71.9939285123477,51.06361783951223,5.264715656411775,128.3222620082717,41.02439706767485,0.372,111.3,565.9,88.9,6067.3
DZ,200,1.0,t200p100,2050,P_mix,Africa/MENA,1.648,0.1565289635985508,67.33723172359723,41.83277660753082,4.942954154844958,114.11296248597301,40.868615981959536,0.391,89.1,432.2,76.6,5064.0
DZ,300,1.0,t300p100,2050,P_mix,Africa/MENA,1.639,0.15668806024684628,67.0004943349014,41.99910599431795,4.918004342067872,113.91760467128721,40.87053793047026,0.381,90.7,445.0,75.5,5046.4
DZ,500,1.0,t500p100,2050,P_mix,Africa/MENA,1.639,0.15668806024684628,67.0004943349014,41.99910599431795,4.918004342067872,113.91760467128721,40.87053793047026,0.381,90.7,445.0,75.5,5046.4
EC,50,1.0,t50p100,2050,P_mix,Latin America,1.268,0.5174030416008317,157.88133215740487,75.02520957047692,3.803423995595246,236.70996572347704,124.5309481721583,0.1,266.3,1347.2,41.9,7556.6
EC,100,1.0,t100p100,2050,P_mix,Latin America,1.268,0.3597018705861169,144.91015804001802,76.26792937138306,3.8038454911477046,224.98193290254878,114.28710107488786,0.213,215.1,1044.6,69.8,9568.6
EC,150,1.0,t150p100,2050,P_mix,Latin America,1.272,0.2859666499309681,134.6068197992613,65.4718890636364,3.8155854149120727,203.8942942778098,105.83446980889819,0.108,236.5,1109.2,36.9,6992.3
EC,200,1.0,t200p100,2050,P_mix,Latin America,1.264,0.28060037351497574,132.66547927834938,60.75797893394914,3.7913228910723187,197.21478110337083,104.97561122325854,0.132,209.5,998.5,47.6,6297.7
EC,300,1.0,t300p100,2050,P_mix,Latin America,1.457,0.15267962775565405,120.81981698839783,61.135999832878476,4.370641017121906,186.3264578383982,82.9305013944786,0.162,191.0,884.7,63.3,6809.7
EC,500,1.0,t500p100,2050,P_mix,Latin America,1.457,0.15267962775565405,120.81981698839783,61.135999832878476,4.370641017121906,186.3264578383982,82.9305013944786,0.162,191.0,884.7,63.3,6809.7
EE,50,1.0,t50p100,2050,P_mix,Europe,2.23,0.3191066319524813,91.16305765200721,47.23729706998721,6.6896335735418795,145.0899882955363,40.8825341402398,0.757,42.1,197.1,141.0,6314.5
EE,100,1.0,t100p100,2050,P_mix,Europe,1.741,0.17998614621377607,70.61548547919023,46.80266558121391,5.223065050660008,122.64121611106413,40.559796667820514,0.761,43.0,157.4,142.4,6397.5
EE,150,1.0,t150p100,2050,P_mix,Europe,2.019,0.1516455778758034,82.9461990881867,40.858890851105556,6.058119883628716,129.86320982292096,41.075218391932616,0.737,37.1,174.3,132.4,5008.2
EE,200,1.0,t200p100,2050,P_mix,Europe,2.034,0.15055834607857072,83.57643711627951,40.43815230973019,6.103084347460678,130.11767377347036,41.08239327433819,0.753,31.8,160.0,122.5,5447.6
EE,300,1.0,t300p100,2050,P_mix,Europe,2.045,0.1488689878495673,84.18822687476158,40.623802414578755,6.134710234675605,130.94673952401595,41.169781613595426,0.753,30.1,163.0,121.0,5562.5
EE,500,1.0,t500p100,2050,P_mix,Europe,2.045,0.1488689878495673,84.18822687476158,40.623802414578755,6.134710234675605,130.94673952401595,41.169781613595426,0.753,30.1,163.0,121.0,5562.5
EG,50,1.0,t50p100,2050,P_mix,Africa/MENA,1.976,0.30136950052943173,48.61591643273324,57.84045077004586,5.92673069579778,112.38309789857688,24.60846574345117,0.769,44.1,160.1,139.2,9731.2
EG,100,1.0,t100p100,2050,P_mix,Africa/MENA,1.805,0.20009731333525066,44.12971127917879,52.46639652785746,5.4142913301778695,102.01039913721414,24.451793552303645,0.714,49.5,200.0,141.8,7701.7
EG,150,1.0,t150p100,2050,P_mix,Africa/MENA,1.668,0.171324620381533,40.84882835105566,48.90112542354389,5.002832866037705,94.75278664063725,24.495418562768297,0.762,43.1,142.3,143.0,7090.0
EG,200,1.0,t200p100,2050,P_mix,Africa/MENA,1.759,0.1462186991853535,43.61870810531389,47.82280784541838,5.276221419771263,96.71773737050354,24.801105546024452,0.722,40.8,170.3,119.4,7553.1
EG,300,1.0,t300p100,2050,P_mix,Africa/MENA,1.672,0.14083062899955004,41.595714160013735,47.41312441632642,5.016099355856569,94.02493793219672,24.877326708918904,0.766,37.0,126.8,116.7,7890.2
EG,500,1.0,t500p100,2050,P_mix,Africa/MENA,1.672,0.14083062899955004,41.595714160013735,47.41312441632642,5.016099355856569,94.02493793219672,24.877326708918904,0.766,37.0,126.8,116.7,7890.2
ES,50,1.0,t50p100,2050,P_mix,Europe,1.876,0.28697546594935336,86.14438176362115,41.76652022194277,5.628466274558987,133.53936826012293,45.915375998430754,0.351,93.0,444.0,77.0,4898.3
ES,100,1.0,t100p100,2050,P_mix,Europe,1.769,0.1955075783110368,81.20862412845568,42.12212818791707,5.307764438711499,128.63851675508425,45.89990290611096,0.34,86.2,396.3,89.1,4938.8
ES,150,1.0,t150p100,2050,P_mix,Europe,1.662,0.13625091665167396,76.00812832874244,39.729160844188726,4.986226275951568,120.72351544888276,45.73085382947462,0.345,74.3,376.4,79.7,4898.9
ES,200,1.0,t200p100,2050,P_mix,Europe,1.661,0.1259345429067042,75.87278308079992,35.253635924447394,4.9843638153446275,116.11078282059192,45.666479750467644,0.381,69.6,315.1,74.4,4287.5
ES,300,1.0,t300p100,2050,P_mix,Europe,1.661,0.12593454290670417,75.87278308079992,35.253635924447394,4.9843638153446275,116.11078282059192,45.666479750467644,0.381,69.6,315.1,74.4,4287.5
ES,500,1.0,t500p100,2050,P_mix,Europe,1.661,0.1259345429067042,75.87278308079992,35.253635924447394,4.9843638153446275,116.11078282059192,45.666479750467644,0.381,69.6,315.1,74.4,4287.5
ET,50,1.0,t50p100,2050,P_mix,Africa/MENA,2.121,0.2912458989479889,78.85227599051014,43.59868605275294,6.362023184271487,128.81298522753457,37.182641609411135,0.26,133.8,724.9,60.0,3634.9
ET,100,1.0,t100p100,2050,P_mix,Africa/MENA,1.93,0.18849200258095414,72.16609981798084,46.30778752394655,5.788567003651338,124.26245434557872,37.40101813063225,0.337,114.0,563.0,74.1,5250.1
ET,150,1.0,t150p100,2050,P_mix,Africa/MENA,2.01,0.1611637805162371,74.85259692213738,39.03265865311186,6.031176317992351,119.91643189324158,37.23283467878509,0.174,141.6,804.7,39.3,2467.4
ET,200,1.0,t200p100,2050,P_mix,Africa/MENA,1.584,0.13764794152367968,58.73636856749793,46.640467186317956,4.752242342736225,110.12907809655208,37.079149797953605,0.397,88.0,374.9,75.1,6950.8
ET,300,1.0,t300p100,2050,P_mix,Africa/MENA,1.671,0.13619276666728233,61.847656624276915,43.51378974179865,5.012370621944869,110.37381698802042,37.017009289077315,0.338,92.7,446.2,68.7,5730.2
ET,500,1.0,t500p100,2050,P_mix,Africa/MENA,1.671,0.13619276666728233,61.847656624276915,43.51378974179865,5.012370621944869,110.37381698802042,37.017009289077315,0.338,92.7,446.2,68.7,5730.2
FI,50,1.0,t50p100,2050,P_mix,Europe,2.566,0.34043813882794566,105.87211799790123,141.9138843869979,7.698876386074296,255.4848787709734,41.254897216977014,1.0,0.0,0.0,222.4,32754.3
FI,100,1.0,t100p100,2050,P_mix,Europe,2.318,0.2050583215160543,95.19796347667857,114.67828995766912,6.952789076059674,216.82904251040736,41.07616199855897,0.93,10.4,58.3,182.5,25815.8
FI,150,1.0,t150p100,2050,P_mix,Europe,2.381,0.1637819937187101,98.58911275236953,103.16362095047046,7.143040932372621,208.8957746352126,41.40636194826756,1.0,-0.0,-0.0,185.1,22874.2
FI,200,1.0,t200p100,2050,P_mix,Europe,2.319,0.16443410232969638,96.24015474324577,112.5494800144978,6.957016487007841,215.7466512447514,41.500615208965286,1.0,-0.0,-0.0,178.8,25881.5
FI,300,1.0,t300p100,2050,P_mix,Europe,2.323,0.16166286545249878,96.58089556289221,105.38578642521523,6.967747838630541,208.93442982673798,41.58340591522124,1.0,-0.0,-0.0,166.7,24262.4
FI,500,1.0,t500p100,2050,P_mix,Europe,2.323,0.16166286545249878,96.58089556289221,105.38578642521523,6.967747838630541,208.93442982673798,41.58340591522124,1.0,-0.0,-0.0,166.7,24262.4
FJ,50,1.0,t50p100,2050,P_mix,Asia-Pacific,1.898,0.3658411476329371,122.26612062032305,56.09493701416266,5.6936706186566415,184.05472825314234,64.42212527346928,0.307,160.4,818.5,97.1,4827.5
FJ,100,1.0,t100p100,2050,P_mix,Asia-Pacific,1.763,0.2506495627633753,113.7405909715701,53.42363620389826,5.2896836802703255,172.45391085573868,64.50702793201287,0.191,174.3,911.3,41.7,5434.2
FJ,150,1.0,t150p100,2050,P_mix,Asia-Pacific,1.82,0.22486406107474993,116.88876337814476,47.07660548709382,5.459428072523132,169.42479693776173,64.23132340534171,0.206,171.8,834.1,56.3,3559.2
FJ,200,1.0,t200p100,2050,P_mix,Asia-Pacific,1.635,0.16544215647802532,103.29504959664513,42.25092456899062,4.9038333436488,150.44980750928454,63.1924307116357,0.272,134.3,622.2,58.3,4020.8
FJ,300,1.0,t300p100,2050,P_mix,Asia-Pacific,1.607,0.15259739074660203,100.5410539493822,43.52766932295628,4.820636148302733,148.8893594206412,62.56916153158405,0.354,116.8,512.8,74.3,4738.6
FJ,500,1.0,t500p100,2050,P_mix,Asia-Pacific,1.607,0.15259739074660203,100.5410539493822,43.52766932295628,4.820636148302733,148.8893594206412,62.56916153158405,0.354,116.8,512.8,74.3,4738.6
FR,50,1.0,t50p100,2050,P_mix,Europe,1.522,0.28062666038974754,62.51481209486007,49.278378438303,4.5663772473059305,116.359567780469,41.07072765291744,0.607,55.1,263.7,114.0,7360.9
FR,100,1.0,t100p100,2050,P_mix,Europe,1.49,0.19217393982185932,61.13506045715333,46.791300706486126,4.470365941629678,112.39672710526915,41.02688320513642,0.589,52.9,248.8,121.5,6463.5
FR,150,1.0,t150p100,2050,P_mix,Europe,1.355,0.12838083051767138,55.81541733159458,46.13349193853193,4.0637681706315325,106.01267744075804,41.20467629155186,0.676,34.4,172.7,122.3,7006.5
FR,200,1.0,t200p100,2050,P_mix,Europe,1.433,0.12372130606611695,59.126257917870696,41.21653106788494,4.297651401756058,104.6404403875117,41.27342056666906,0.597,46.7,202.7,100.1,6086.5
FR,300,1.0,t300p100,2050,P_mix,Europe,1.423,0.12348121162427068,58.75184904861694,40.82821291154743,4.270432449490242,103.85049440965462,41.27346568071597,0.556,49.1,236.2,95.4,5895.4
FR,500,1.0,t500p100,2050,P_mix,Europe,1.423,0.1234812116242707,58.75184904861694,40.82821291154743,4.270432449490242,103.85049440965462,41.27346568071597,0.556,49.1,236.2,95.4,5895.4
GB,50,1.0,t50p100,2050,P_mix,Europe,1.447,0.2774668326994264,52.11450587794098,74.2545021749123,4.339838341821467,130.70884639467477,36.025193871208614,0.839,28.9,101.9,142.0,15037.0
GB,100,1.0,t100p100,2050,P_mix,Europe,1.319,0.1880152709610531,47.32299114142304,73.7031545310669,3.9569147687836814,124.98306044127362,35.87870391959668,0.836,27.5,93.8,150.0,14627.2
GB,150,1.0,t150p100,2050,P_mix,Europe,1.426,0.13023116420120767,51.78767511005978,62.83838764842134,4.276836392502714,118.90289915098383,36.326623483313604,0.855,20.1,67.3,126.4,12660.8
GB,200,1.0,t200p100,2050,P_mix,Europe,1.37,0.12307036749113921,50.10768564330846,62.2525184261114,4.109068270855517,116.46927234027538,36.58324637634404,0.896,14.1,46.6,128.1,12641.4
GB,300,1.0,t300p100,2050,P_mix,Europe,1.354,0.12169768550424864,49.561227849746764,60.402874315208386,4.062088461976929,114.02619062693208,36.6027684874394,0.896,16.1,45.1,122.3,12317.2
GB,500,1.0,t500p100,2050,P_mix,Europe,1.354,0.12169768550424864,49.561227849746764,60.402874315208386,4.062088461976929,114.02619062693208,36.6027684874394,0.896,16.1,45.1,122.3,12317.2
GF,50,1.0,t50p100,2050,P_mix,Latin America,1.86,0.32820016899427973,186.6140249830814,87.30090486971969,5.57914079865548,279.4940706514566,100.34557204295021,0.382,105.5,560.8,89.4,16788.7
GF,100,1.0,t100p100,2050,P_mix,Latin America,1.707,0.20865664015341437,172.68845485618604,83.2386705375491,5.120551084684594,261.04767647841976,101.17375180926857,0.373,106.0,523.1,104.4,15256.8
GF,150,1.0,t150p100,2050,P_mix,Latin America,1.597,0.16437859054263337,159.51596098534537,76.93263512376122,4.789995706951161,241.23859181605775,99.90570184887163,0.387,93.4,406.9,82.4,15255.3
GF,200,1.0,t200p100,2050,P_mix,Latin America,1.599,0.16441212032951236,159.7400739731937,76.66886269410452,4.795695203326152,241.2046318706244,99.92716417574033,0.39,92.9,403.3,82.9,15188.2
GF,300,1.0,t300p100,2050,P_mix,Latin America,1.64,0.1534074719364323,160.67448269730428,81.41470861936014,4.918673632851198,247.00786494951564,97.99866469540508,0.394,92.8,437.0,84.9,16268.7
GF,500,1.0,t500p100,2050,P_mix,Latin America,1.64,0.1534074719364323,160.67448269730428,81.41470861936014,4.918673632851198,247.00786494951564,97.99866469540508,0.394,92.8,437.0,84.9,16268.7
GH,50,1.0,t50p100,2050,P_mix,Africa/MENA,1.632,0.2801686862576676,152.33108706708498,51.66415043940618,4.895292671045491,208.89053017753668,93.35361374903412,0.315,110.1,574.6,80.1,6550.1
GH,100,1.0,t100p100,2050,P_mix,Africa/MENA,1.632,0.2801686862576676,152.33108706708498,51.66415043940618,4.895292671045491,208.89053017753668,93.35361374903412,0.315,110.1,574.6,80.1,6550.1
GH,150,1.0,t150p100,2050,P_mix,Africa/MENA,1.505,0.16881517465751122,139.09495420433004,46.22421302513261,4.51599536712553,189.83516259658816,92.40152584093514,0.367,92.6,406.8,80.7,6325.6
GH,200,1.0,t200p100,2050,P_mix,Africa/MENA,1.533,0.14065437757778726,139.85975207360357,38.00474726395876,4.59778870067063,182.46228803823297,91.25675048085921,0.3,95.0,447.3,60.3,4414.0
GH,300,1.0,t300p100,2050,P_mix,Africa/MENA,1.513,0.12989567174079733,137.05601584322469,40.197131574551946,4.537980359280051,181.7911277770567,90.6059557284881,0.34,87.7,400.4,72.2,5002.0
GH,500,1.0,t500p100,2050,P_mix,Africa/MENA,1.513,0.12989567174079733,137.05601584322469,40.197131574551946,4.537980359280051,181.7911277770567,90.6059557284881,0.34,87.7,400.4,72.2,5002.0
GR,50,1.0,t50p100,2050,P_mix,Europe,2.272,0.4168839040431237,130.36706889295598,79.3578691329493,6.8160595788973515,216.5409976048026,57.379370316792,0.217,185.9,906.7,64.3,12030.7
GR,100,1.0,t100p100,2050,P_mix,Europe,2.108,0.25480236508129817,120.28227164672072,77.93417640494667,6.323632905238556,204.54008095690594,57.063213558970794,0.228,148.1,786.1,63.7,12957.4
GR,150,1.0,t150p100,2050,P_mix,Europe,2.108,0.25480236508129817,120.28227164672072,77.93417640494667,6.323632905238556,204.54008095690594,57.063213558970794,0.228,148.1,786.1,63.7,12957.4
GR,200,1.0,t200p100,2050,P_mix,Europe,2.287,0.16212513916542862,128.68146295624942,54.089527727144,6.859814255343811,189.6308049387372,56.276216016784886,0.135,187.9,906.2,41.3,5511.8
GR,300,1.0,t300p100,2050,P_mix,Europe,2.035,0.15032397414730916,114.30864748077244,51.25890034841656,6.104748974990613,171.6722968041796,56.1736352874108,0.199,136.7,648.7,51.2,6733.0
GR,500,1.0,t500p100,2050,P_mix,Europe,2.035,0.15032397414730914,114.30864748077244,51.25890034841656,6.104748974990613,171.6722968041796,56.1736352874108,0.199,136.7,648.7,51.2,6733.0
GT,50,1.0,t50p100,2050,P_mix,North America,1.733,0.4409930177082295,94.699744973438,56.20974387343949,5.198740040605094,156.1082288874826,54.64770938753212,0.059,279.1,1340.5,37.9,2078.9
GT,100,1.0,t100p100,2050,P_mix,North America,1.619,0.2761132203156284,88.15951233473459,51.53421534795755,4.856362090871589,144.55008977356374,54.46021776286803,0.072,248.8,1109.5,36.5,2763.0
GT,150,1.0,t150p100,2050,P_mix,North America,1.619,0.2761132203156284,88.15951233473459,51.53421534795755,4.856362090871589,144.55008977356374,54.46021776286803,0.072,248.8,1109.5,36.5,2763.0
GT,200,1.0,t200p100,2050,P_mix,North America,1.576,0.27096789347903505,85.56421664162346,47.519673494743685,4.726755857547225,137.81064599391436,54.30630598680248,0.072,228.4,1043.0,35.2,2357.6
GT,300,1.0,t300p100,2050,P_mix,North America,1.474,0.16845724347549917,78.39006680649845,46.41939803266406,4.422136276242241,129.23160111540477,53.18022460839537,0.183,153.9,716.6,52.2,4579.6
GT,500,1.0,t500p100,2050,P_mix,North America,1.474,0.1684572434754992,78.39006680649845,46.41939803266406,4.422136276242241,129.23160111540477,53.18022460839537,0.183,153.9,716.6,52.2,4579.6
HN,50,1.0,t50p100,2050,P_mix,North America,2.339,0.3998472226488612,90.14610673855597,58.97908601979716,7.01798036735919,156.14317312571234,38.535063659266264,0.076,252.7,1267.8,32.6,3948.4
HN,100,1.0,t100p100,2050,P_mix,North America,2.237,0.24993326560943782,86.1380608246464,49.96065314353058,6.711797071965936,142.81051104014293,38.50148919926257,0.08,216.0,1129.0,33.9,2684.4
HN,150,1.0,t150p100,2050,P_mix,North America,2.237,0.24993326560943782,86.1380608246464,49.96065314353058,6.711797071965936,142.81051104014293,38.50148919926257,0.08,216.0,1129.0,33.9,2684.4
HN,200,1.0,t200p100,2050,P_mix,North America,2.163,0.24777330488058277,83.24664700710163,49.911258327306726,6.487929500591554,139.6458348349999,38.49301090564156,0.089,201.1,1039.5,37.1,3353.8
HN,300,1.0,t300p100,2050,P_mix,North America,1.707,0.1626521905542046,65.32889736376923,40.70837347654713,5.122440825857188,111.15971166617355,38.260411150481346,0.272,114.2,599.9,70.9,3470.7
HN,500,1.0,t500p100,2050,P_mix,North America,1.707,0.1626521905542046,65.32889736376923,40.70837347654713,5.122440825857188,111.15971166617355,38.260411150481346,0.272,114.2,599.9,70.9,3470.7
HU,50,1.0,t50p100,2050,P_mix,Europe,2.319,0.3808745218474772,138.4995731064344,164.2740650215559,6.957119599857206,309.7307577278475,59.72280817593421,0.845,30.1,115.2,162.5,40527.6
HU,100,1.0,t100p100,2050,P_mix,Europe,1.828,0.23044197160015717,109.19835158417602,162.90359094154869,5.484835676026357,277.5867782017511,59.72741465791078,0.736,47.2,203.9,161.8,39316.5
HU,150,1.0,t150p100,2050,P_mix,Europe,1.828,0.23044197160015717,109.19835158417602,162.90359094154869,5.484835676026357,277.5867782017511,59.72741465791078,0.736,47.2,203.9,161.8,39316.5
HU,200,1.0,t200p100,2050,P_mix,Europe,2.075,0.17065401509300895,123.17234160724736,139.48997588184437,6.224961583415485,268.88727907250717,59.360530963951426,0.782,33.9,146.7,144.7,33694.1
HU,300,1.0,t300p100,2050,P_mix,Europe,1.906,0.15731630891205675,112.93138789285466,127.28386396333912,5.717552320316108,245.9328041765099,59.25510510410749,0.791,31.8,126.1,131.0,30834.1
HU,500,1.0,t500p100,2050,P_mix,Europe,1.906,0.15731630891205675,112.93138789285466,127.28386396333912,5.717552320316108,245.9328041765099,59.25510510410749,0.791,31.8,126.1,131.0,30834.1
ID,50,1.0,t50p100,2050,P_mix,Asia-Pacific,1.51,0.41915707607555747,121.03366353571987,50.38422506987072,4.529902686868316,175.9477912924589,80.15646597878336,0.172,194.1,1028.4,50.3,3130.5
ID,100,1.0,t100p100,2050,P_mix,Asia-Pacific,1.523,0.28612057362125465,120.4022805407053,48.38176512160248,4.570425375754471,173.35447103806226,79.03133995760489,0.061,229.4,1199.8,18.5,2170.0
ID,150,1.0,t150p100,2050,P_mix,Asia-Pacific,1.517,0.24144403650505342,118.47472981895271,46.94980831858351,4.5500400833555785,169.9745782208918,78.11451832194378,0.094,206.4,1089.6,29.7,2363.6
ID,200,1.0,t200p100,2050,P_mix,Asia-Pacific,1.557,0.16216435390736475,117.98377184414417,49.76016013905933,4.671004232997241,172.41493621620074,75.77627805002278,0.112,204.4,1051.6,31.5,3405.9
ID,300,1.0,t300p100,2050,P_mix,Asia-Pacific,1.421,0.1459450293478822,106.76727159066279,38.068490277269696,4.261623185341603,149.0973850532741,75.15958141811018,0.128,165.0,781.8,30.2,2410.8
ID,500,1.0,t500p100,2050,P_mix,Asia-Pacific,1.421,0.1459450293478822,106.76727159066279,38.068490277269696,4.261623185341603,149.0973850532741,75.15958141811018,0.128,165.0,781.8,30.2,2410.8
IE,50,1.0,t50p100,2050,P_mix,Europe,1.347,0.3114537742008341,44.42557889749054,98.96575158225457,4.042231959373755,147.43356243911884,32.97107588875694,0.918,18.6,66.4,174.6,21363.1
IE,100,1.0,t100p100,2050,P_mix,Europe,1.277,0.20858896431708607,41.355178951648305,96.22933149876758,3.8295299024461027,141.414040352862,32.397067007022855,0.899,22.3,71.2,179.0,20300.9
IE,150,1.0,t150p100,2050,P_mix,Europe,1.34,0.15426098069692679,43.97067758120294,87.33793309325377,4.019089327883449,135.32770000234018,32.82137369489026,0.904,17.1,64.6,163.5,18424.4
IE,200,1.0,t200p100,2050,P_mix,Europe,1.343,0.14210042997281555,44.630515888507134,83.77402481776907,4.028540616300892,132.4330813225771,33.23574475673603,0.886,19.7,75.5,152.8,17699.1
IE,300,1.0,t300p100,2050,P_mix,Europe,1.319,0.14041187421619616,43.73497312798014,81.05716287201713,3.9584214130002464,128.75055741299752,33.145768399755625,0.864,22.3,88.9,140.7,17258.7
IE,500,1.0,t500p100,2050,P_mix,Europe,1.319,0.14041187421619616,43.73497312798014,81.05716287201713,3.9584214130002464,128.75055741299752,33.145768399755625,0.864,22.3,88.9,140.7,17258.7
IL,50,1.0,t50p100,2050,P_mix,Asia-Pacific,2.234,0.44189193972276086,237.6302398777044,82.55929488144527,6.702481260251088,326.8920160194008,106.36221004613513,0.145,213.9,1127.5,46.7,11777.2
IL,100,1.0,t100p100,2050,P_mix,Asia-Pacific,2.204,0.2828286206257778,228.13565693648155,66.45204232773233,6.611229163414702,301.1989284276286,103.5218949294364,0.142,197.2,1029.5,46.8,7939.7
IL,150,1.0,t150p100,2050,P_mix,Asia-Pacific,2.119,0.25208560231178545,218.38259937752417,64.70025216901759,6.357053961972471,289.4399055085142,103.05839812775325,0.134,190.1,985.3,46.1,7852.5
IL,200,1.0,t200p100,2050,P_mix,Asia-Pacific,2.254,0.16342916448278472,220.07518365414126,49.449461231940866,6.761334041310623,276.28597892739276,97.64723158603815,0.116,200.5,1041.7,37.7,3187.5
IL,300,1.0,t300p100,2050,P_mix,Asia-Pacific,1.989,0.13821738432472028,193.91039669570048,47.03565493946382,5.966945119822054,246.91299675498638,97.49229771773872,0.168,162.9,776.4,44.4,4540.1
IL,500,1.0,t500p100,2050,P_mix,Asia-Pacific,1.989,0.13821738432472028,193.91039669570048,47.03565493946382,5.966945119822054,246.91299675498638,97.49229771773872,0.168,162.9,776.4,44.4,4540.1
IN,50,1.0,t50p100,2050,P_mix,Asia-Pacific,1.795,0.279549797585777,78.42469814349253,52.840990047603405,5.384862419009672,136.6505506101056,43.691755911889594,0.371,85.0,439.8,81.9,8081.3
IN,100,1.0,t100p100,2050,P_mix,Asia-Pacific,1.764,0.17967185543654218,77.02667303995295,48.38895692636331,5.2914357268049965,130.70706569312125,43.67057090937902,0.321,90.8,453.2,73.7,6938.2
IN,150,1.0,t150p100,2050,P_mix,Asia-Pacific,1.734,0.1577925393168019,75.55231350818481,49.62147393278002,5.202276572061535,130.37606401302637,43.568798656688124,0.345,77.0,439.8,78.8,7361.5
IN,200,1.0,t200p100,2050,P_mix,Asia-Pacific,1.619,0.1358369451211251,70.48530322053593,42.73874459455056,4.858080883514117,118.08212869860061,43.5266342269399,0.358,69.0,390.6,73.6,5997.7
IN,300,1.0,t300p100,2050,P_mix,Asia-Pacific,1.592,0.12928139334764815,69.13047149363717,40.89874017817255,4.776408578659901,114.80562025046963,43.419948495925944,0.338,75.9,347.6,65.3,6002.7
IN,500,1.0,t500p100,2050,P_mix,Asia-Pacific,1.592,0.12928139334764815,69.13047149363717,40.89874017817255,4.776408578659901,114.80562025046963,43.419948495925944,0.338,75.9,347.6,65.3,6002.7
IR,50,1.0,t50p100,2050,P_mix,Asia-Pacific,3.756,0.3790241160296318,157.44638218494944,73.97213089342588,11.268001687397902,242.6865147657732,41.91862582724937,0.118,278.7,1456.5,43.5,6262.2
IR,100,1.0,t100p100,2050,P_mix,Asia-Pacific,3.706,0.2521474978326642,155.77644721761365,62.26738784745018,11.118778512261658,229.16261357732552,42.03063683096795,0.125,246.7,1416.7,44.7,3463.1
IR,150,1.0,t150p100,2050,P_mix,Asia-Pacific,3.295,0.21611761078384537,138.34245943167167,69.16569256653703,9.88513231857498,217.3932843167837,41.985009903726144,0.179,206.7,1230.3,67.7,6377.1
IR,200,1.0,t200p100,2050,P_mix,Asia-Pacific,3.486,0.1979660249884302,146.0350853613621,64.74303639744402,10.458978105777053,221.23709986458317,41.887959956823714,0.151,224.0,1242.9,49.8,5489.4
IR,300,1.0,t300p100,2050,P_mix,Asia-Pacific,3.111,0.16770214843686643,130.1472901284258,61.12667633172135,9.332548359615002,200.60651481976214,41.83657617836158,0.226,162.2,897.8,66.2,6965.4
IR,500,1.0,t500p100,2050,P_mix,Asia-Pacific,3.111,0.16770214843686643,130.1472901284258,61.12667633172135,9.332548359615002,200.60651481976214,41.83657617836158,0.226,162.2,897.8,66.2,6965.4
IT,50,1.0,t50p100,2050,P_mix,Europe,2.543,0.45115450507166976,159.73788237661066,107.33266792878723,7.630294903254554,274.7008452086525,62.804079423645064,0.221,223.7,1017.4,71.5,18699.6
IT,100,1.0,t100p100,2050,P_mix,Europe,2.396,0.2860201020682784,149.98902584917616,87.23521380626597,7.189318169619931,244.41355782506207,62.58828263422336,0.198,196.1,938.8,61.5,14098.7
IT,150,1.0,t150p100,2050,P_mix,Europe,2.439,0.28464398630653887,152.72391548857848,84.90412667445386,7.317225795029532,244.9452679580619,62.61549927528066,0.183,205.7,973.7,57.8,13196.6
IT,200,1.0,t200p100,2050,P_mix,Europe,2.413,0.1667334027061106,148.660751715749,81.48879617964104,7.239248350465807,237.38879624585587,61.60615488741334,0.223,184.2,812.5,61.3,13454.4
IT,300,1.0,t300p100,2050,P_mix,Europe,2.279,0.15829830300477968,140.13006656401168,64.31689839612284,6.836219192528704,211.28318415266324,61.49454659842972,0.191,167.3,756.8,48.5,9527.9
IT,500,1.0,t500p100,2050,P_mix,Europe,2.279,0.15829830300477965,140.13006656401168,64.31689839612284,6.836219192528704,211.28318415266324,61.49454659842972,0.191,167.3,756.8,48.5,9527.9
JM,50,1.0,t50p100,2050,P_mix,North America,1.737,0.4617444329576986,99.14997285474263,58.4387502588405,5.210509180682486,162.7992322942656,57.08653573953933,0.081,247.2,1295.5,33.8,3616.5
JM,100,1.0,t100p100,2050,P_mix,North America,1.607,0.26503396606922663,89.43504557764655,54.148742574374324,4.82198267940784,148.4057708314287,55.642078076872956,0.106,206.4,1064.7,35.9,4400.5
JM,150,1.0,t150p100,2050,P_mix,North America,1.607,0.2650339660692266,89.43504557764655,54.148742574374324,4.82198267940784,148.4057708314287,55.642078076872956,0.106,206.4,1064.7,35.9,4400.5
JM,200,1.0,t200p100,2050,P_mix,North America,1.613,0.26047444389073915,89.66993800150668,48.710112865104406,4.838985740174042,143.21903660678512,55.59218986143265,0.091,211.4,1056.3,32.0,2957.1
JM,300,1.0,t300p100,2050,P_mix,North America,1.364,0.14662915785037886,72.3015045762923,39.84172325819803,4.093283967235644,116.23651180172595,52.99034112098543,0.213,136.2,641.1,53.5,3347.5
JM,500,1.0,t500p100,2050,P_mix,North America,1.364,0.14662915785037886,72.3015045762923,39.84172325819803,4.093283967235644,116.23651180172595,52.99034112098543,0.213,136.2,641.1,53.5,3347.5
JO,50,1.0,t50p100,2050,P_mix,Asia-Pacific,1.714,0.28169071219806585,76.2351967392383,56.52064480274385,5.143477031511969,137.89931857349413,44.465171870415645,0.615,65.2,279.8,120.7,8978.1
JO,100,1.0,t100p100,2050,P_mix,Asia-Pacific,1.626,0.18784433673418027,72.52786906392632,53.18588380881313,4.876608270657656,130.5903611433971,44.617815316635195,0.597,58.1,284.9,120.6,8058.5
JO,150,1.0,t150p100,2050,P_mix,Asia-Pacific,1.631,0.17427261465819185,72.6914847151718,52.90677601845752,4.893358232007716,130.49161896563703,44.56539738273786,0.615,50.8,251.2,126.9,8051.4
JO,200,1.0,t200p100,2050,P_mix,Asia-Pacific,1.482,0.1421771253711812,65.64002873367393,47.98334705738213,4.446831192090747,118.07020698314682,44.28323848930205,0.653,42.0,207.5,116.5,7439.1
JO,300,1.0,t300p100,2050,P_mix,Asia-Pacific,1.404,0.12733449645399245,61.99232608145882,41.41996783552155,4.212714857016983,107.62500877399735,44.14658588501442,0.68,45.2,166.1,108.6,6078.7
JO,500,1.0,t500p100,2050,P_mix,Asia-Pacific,1.404,0.12733449645399245,61.99232608145882,41.41996783552155,4.212714857016983,107.62500877399735,44.14658588501442,0.68,45.2,166.1,108.6,6078.7
JP,50,1.0,t50p100,2050,P_mix,Asia-Pacific,1.767,0.41686583282094236,100.13500128028691,56.303858615883,5.300959533733889,161.73981942990378,56.669929647484224,0.364,132.5,729.9,103.3,5613.5
JP,100,1.0,t100p100,2050,P_mix,Asia-Pacific,1.549,0.2512438759217173,87.67476126624187,49.16373003567558,4.647045638391429,141.4855369403089,56.600322928993414,0.418,100.8,545.2,85.3,5928.9
JP,150,1.0,t150p100,2050,P_mix,Asia-Pacific,1.835,0.2074573528315442,103.62465713612514,50.93696288627005,5.505022351700848,160.06664237409603,56.47097351245565,0.327,118.7,659.5,94.8,5045.2
JP,200,1.0,t200p100,2050,P_mix,Asia-Pacific,1.82,0.14958541571099776,102.22084433453479,47.0974430048245,5.459492271234964,154.77777961059425,56.170522416406925,0.292,121.7,645.5,85.2,4360.6
JP,300,1.0,t300p100,2050,P_mix,Asia-Pacific,1.701,0.14425391612425084,95.41310161539563,40.47825109802893,5.1016498690631655,140.99300258248775,56.107203001516375,0.328,104.4,518.6,78.1,3809.9
JP,500,1.0,t500p100,2050,P_mix,Asia-Pacific,1.701,0.14425391612425084,95.41310161539563,40.47825109802893,5.1016498690631655,140.99300258248775,56.107203001516375,0.328,104.4,518.6,78.1,3809.9
KE,50,1.0,t50p100,2050,P_mix,Africa/MENA,2.074,0.38431750661639996,59.787451665814785,50.59255077793783,6.221949023333721,116.60195146708634,28.827358489244062,0.219,165.0,862.0,54.5,4553.5
KE,100,1.0,t100p100,2050,P_mix,Africa/MENA,1.875,0.26397746615096385,53.71367985347232,48.40059703079618,5.6246961527000785,107.73897303696857,28.648843454959206,0.299,131.9,662.8,83.1,4581.6
KE,150,1.0,t150p100,2050,P_mix,Africa/MENA,1.976,0.21178719447543165,56.930043401503546,45.06185890227658,5.927546930087405,107.91944923386754,28.812952848606315,0.254,142.9,736.8,62.4,3771.7
KE,200,1.0,t200p100,2050,P_mix,Africa/MENA,2.024,0.16220725355095983,58.88462221489918,44.48029913884463,6.070763889611045,109.43568524335487,29.099116660920682,0.166,156.7,821.9,46.6,3461.9
KE,300,1.0,t300p100,2050,P_mix,Africa/MENA,1.775,0.1554601231665692,51.914092266426465,39.61082552377369,5.3259599998484095,96.85087779004859,29.24210410962742,0.284,121.5,538.1,63.2,3799.0
KE,500,1.0,t500p100,2050,P_mix,Africa/MENA,1.775,0.1554601231665692,51.914092266426465,39.61082552377369,5.3259599998484095,96.85087779004859,29.24210410962742,0.284,121.5,538.1,63.2,3799.0
KH,50,1.0,t50p100,2050,P_mix,Asia-Pacific,1.807,0.36911245029987433,147.81817681303278,59.92251834359473,5.422208476586977,213.16290363321446,81.78485433637033,0.162,179.3,981.1,45.8,6627.5
KH,100,1.0,t100p100,2050,P_mix,Asia-Pacific,1.709,0.25035840131951087,139.30076220845208,53.44778982246381,5.1283085550233105,197.8768605859392,81.48930239698825,0.118,173.0,985.0,31.0,5374.2
KH,150,1.0,t150p100,2050,P_mix,Asia-Pacific,1.705,0.19315265916300836,137.82235913015376,56.52752924427288,5.116221220417448,199.4661095948441,80.81493343963055,0.179,151.9,813.8,41.4,7322.7
KH,200,1.0,t200p100,2050,P_mix,Asia-Pacific,1.63,0.14999475640648818,129.91392095189212,45.4777154499043,4.890020951847357,180.28165735364377,79.70145050369149,0.182,137.1,712.7,39.2,5064.8
KH,300,1.0,t300p100,2050,P_mix,Asia-Pacific,1.597,0.15001888681718384,127.14343524347845,46.68470324350054,4.79240430189122,178.62054278887018,79.5905941366241,0.193,131.3,676.8,39.8,5717.7
KH,500,1.0,t500p100,2050,P_mix,Asia-Pacific,1.597,0.1500188868171839,127.14343524347845,46.68470324350054,4.79240430189122,178.62054278887018,79.5905941366241,0.193,131.3,676.8,39.8,5717.7
KR,50,1.0,t50p100,2050,P_mix,Asia-Pacific,1.801,0.44489342991200703,128.88796589598104,80.81796511030089,5.4039626639576674,215.10989367023961,71.55191879226724,0.276,183.6,945.7,99.1,10821.5
KR,100,1.0,t100p100,2050,P_mix,Asia-Pacific,1.722,0.27634184593227007,122.55496882541799,75.9251665230117,5.165508411000402,203.6456437594301,71.17690597372358,0.266,162.4,817.2,82.9,11198.7
KR,150,1.0,t150p100,2050,P_mix,Asia-Pacific,1.634,0.22737922774991,115.83054025475494,78.18566633288887,4.9010065409906085,198.91721312863444,70.90209283704174,0.335,129.8,710.5,88.0,12816.5
KR,200,1.0,t200p100,2050,P_mix,Asia-Pacific,1.631,0.14811855395231308,113.67976345905033,60.16276408099929,4.894298032719746,178.7368255727694,69.68094057558581,0.35,128.3,678.1,89.9,7695.7
KR,300,1.0,t300p100,2050,P_mix,Asia-Pacific,1.609,0.14227932155520387,111.70901349224265,61.18266116286229,4.826126294198758,177.7178009493037,69.44017210647121,0.307,129.8,648.6,72.3,8888.3
KR,500,1.0,t500p100,2050,P_mix,Asia-Pacific,1.609,0.1422793215552038,111.70901349224265,61.18266116286229,4.826126294198758,177.7178009493037,69.44017210647121,0.307,129.8,648.6,72.3,8888.3
KW,50,1.0,t50p100,2050,P_mix,Asia-Pacific,2.159,0.3410862983421987,71.12386356832127,55.72478326553716,6.475553875246552,133.32420070910499,32.950322831935374,0.553,76.9,391.9,103.9,8485.2
KW,100,1.0,t100p100,2050,P_mix,Asia-Pacific,2.046,0.2263651013002686,67.2643809502294,56.586517136193095,6.138212197703421,129.9891102841259,32.8749049969612,0.441,92.1,505.8,97.2,8016.1
KW,150,1.0,t150p100,2050,P_mix,Asia-Pacific,1.966,0.1850084902458571,64.75483706066152,51.6846657611131,5.897171863030317,122.33667468480493,32.94197891701942,0.528,74.0,369.9,110.7,7221.0
KW,200,1.0,t200p100,2050,P_mix,Asia-Pacific,2.062,0.16631040327794844,68.18498591711487,44.30277377172631,6.185269707217884,118.67302939605906,33.071307709127055,0.414,87.6,473.2,87.0,5104.3
KW,300,1.0,t300p100,2050,P_mix,Asia-Pacific,1.993,0.14731749412299464,65.96979079240282,35.59472908905306,5.979340242281993,107.54386012373786,33.098864483028194,0.448,74.5,373.7,73.4,3954.3
KW,500,1.0,t500p100,2050,P_mix,Asia-Pacific,1.993,0.14731749412299464,65.96979079240282,35.59472908905306,5.979340242281993,107.54386012373786,33.098864483028194,0.448,74.5,373.7,73.4,3954.3
KZ,50,1.0,t50p100,2050,P_mix,Asia-Pacific,2.629,0.4349663745422922,144.94061761559766,67.8577599330192,7.88819313429474,220.6865706829116,55.123124579235004,0.172,211.4,1107.0,55.5,7284.8
KZ,100,1.0,t100p100,2050,P_mix,Asia-Pacific,2.299,0.2568889389898396,126.42123923299259,71.18341870982228,6.898213753188069,204.50287169600296,54.97998920716246,0.213,172.5,909.5,62.7,9845.3
KZ,150,1.0,t150p100,2050,P_mix,Asia-Pacific,2.256,0.19724028486444006,122.95107828627268,58.75890088117242,6.769354441722449,188.47933360916758,54.488686924918326,0.214,159.5,826.0,52.4,7356.9
KZ,200,1.0,t200p100,2050,P_mix,Asia-Pacific,2.283,0.17057248569262926,124.14508253059086,64.22254970748357,6.849626705835673,195.21725894391008,54.37307222515802,0.218,156.3,785.7,60.8,8947.2
KZ,300,1.0,t300p100,2050,P_mix,Asia-Pacific,2.128,0.1548487663857152,115.33426461567487,54.48559085280945,6.38500931662107,176.20486478510537,54.1898651496612,0.254,134.7,647.3,62.6,7258.9
KZ,500,1.0,t500p100,2050,P_mix,Asia-Pacific,2.128,0.1548487663857152,115.33426461567487,54.48559085280945,6.38500931662107,176.20486478510537,54.1898651496612,0.254,134.7,647.3,62.6,7258.9
LC,50,1.0,t50p100,2050,P_mix,North America,1.958,0.28138206258895015,50.36161723295689,61.032527427592804,5.875048526973668,117.26919318752334,25.71635808712153,0.598,62.0,275.2,107.8,10894.2
LC,100,1.0,t100p100,2050,P_mix,North America,1.958,0.28138206258895015,50.36161723295689,61.032527427592804,5.875048526973668,117.26919318752334,25.71635808712153,0.598,62.0,275.2,107.8,10894.2
LC,150,1.0,t150p100,2050,P_mix,North America,1.849,0.15588729247531588,47.606027690984966,53.421777194400086,5.54776032325905,106.57556520864412,25.743376561202265,0.478,68.5,335.2,94.3,8695.0
LC,200,1.0,t200p100,2050,P_mix,North America,1.849,0.15588729247531588,47.606027690984966,53.421777194400086,5.54776032325905,106.57556520864412,25.743376561202265,0.478,68.5,335.2,94.3,8695.0
LC,300,1.0,t300p100,2050,P_mix,North America,1.822,0.13463023561077928,47.490268114777734,45.194893310380785,5.465626690028528,98.15078811518705,26.066691419715244,0.463,70.4,327.0,80.8,6855.3
LC,500,1.0,t500p100,2050,P_mix,North America,1.822,0.13463023561077928,47.490268114777734,45.194893310380785,5.465626690028528,98.15078811518705,26.066691419715244,0.463,70.4,327.0,80.8,6855.3
LK,50,1.0,t50p100,2050,P_mix,Asia-Pacific,2.488,0.3184157654585618,77.72586945234987,52.769375370126866,7.462806756869524,137.95805157934626,31.245296301208793,0.326,120.5,687.2,64.1,6595.5
LK,100,1.0,t100p100,2050,P_mix,Asia-Pacific,2.262,0.23016936212740183,70.7050929203104,52.336729515181936,6.786700709334873,129.82852314482722,31.25455031031138,0.297,121.2,704.1,64.9,6309.2
LK,150,1.0,t150p100,2050,P_mix,Asia-Pacific,2.068,0.18317696024803856,64.74943437413425,49.66855364209214,6.204304620961193,120.6222926371876,31.30863408384847,0.369,98.6,545.4,81.2,6269.4
LK,200,1.0,t200p100,2050,P_mix,Asia-Pacific,1.992,0.15408476794164827,62.54049542893363,47.928549787560655,5.976506972702759,116.44555218919703,31.393167805835255,0.333,94.4,557.6,62.6,6472.0
LK,300,1.0,t300p100,2050,P_mix,Asia-Pacific,2.148,0.15040239777832734,67.58292143880193,38.07613312049083,6.442820192809456,112.10187475210222,31.468946555839945,0.27,108.4,613.7,46.4,3656.3
LK,500,1.0,t500p100,2050,P_mix,Asia-Pacific,2.148,0.15040239777832734,67.58292143880193,38.07613312049083,6.442820192809456,112.10187475210222,31.468946555839945,0.27,108.4,613.7,46.4,3656.3
LY,50,1.0,t50p100,2050,P_mix,Africa/MENA,1.607,0.2875800088147782,49.73143559610548,35.89189408664886,4.82084727848838,90.44417696124273,30.94773556798869,0.507,78.0,299.1,98.0,3535.3
LY,100,1.0,t100p100,2050,P_mix,Africa/MENA,1.665,0.17709756654850203,51.47945905992287,31.85706664703746,4.995408289560158,88.33193399652048,30.916066961438833,0.433,86.8,315.6,90.7,2417.7
LY,150,1.0,t150p100,2050,P_mix,Africa/MENA,1.664,0.17648675849340037,51.4466824681339,32.71041993968205,4.991857431680857,89.1489598394968,30.91836045334176,0.454,80.3,302.6,93.3,2738.7
LY,200,1.0,t200p100,2050,P_mix,Africa/MENA,1.53,0.13271063878168363,47.472125748656616,30.884127139568438,4.589250126968495,82.94550301519357,31.03260299739758,0.525,53.8,240.4,92.3,3009.9
LY,300,1.0,t300p100,2050,P_mix,Africa/MENA,1.491,0.1214499788174435,46.31862149946133,27.813310432025975,4.473213135202591,78.60514506668989,31.0639936659514,0.473,60.5,244.6,85.1,2283.1
LY,500,1.0,t500p100,2050,P_mix,Africa/MENA,1.491,0.1214499788174435,46.31862149946133,27.813310432025975,4.473213135202591,78.60514506668989,31.0639936659514,0.473,60.5,244.6,85.1,2283.1
MA,50,1.0,t50p100,2050,P_mix,Africa/MENA,1.78,0.378263939748807,69.87005055954553,57.35861147684415,5.341180706895052,132.56984274328474,39.2441602674191,0.626,77.8,360.6,124.3,8357.4
MA,100,1.0,t100p100,2050,P_mix,Africa/MENA,1.642,0.2604240929628059,64.47468930023892,50.10596006011257,4.927314291462148,119.50796365181364,39.25547599751734,0.579,86.9,356.0,118.8,6366.8
MA,150,1.0,t150p100,2050,P_mix,Africa/MENA,1.602,0.178979488661077,62.622933113194264,50.20161413339252,4.8045034763362615,117.62905072292304,39.1026461454128,0.47,83.2,414.3,98.0,6866.4
MA,200,1.0,t200p100,2050,P_mix,Africa/MENA,1.596,0.15797787152956497,62.25615038600321,47.25547311406767,4.788169360153562,114.29979286022446,39.00623330333067,0.57,59.3,301.8,115.4,6394.0
MA,300,1.0,t300p100,2050,P_mix,Africa/MENA,1.596,0.15797787152956497,62.25615038600321,47.25547311406767,4.788169360153562,114.29979286022446,39.00623330333067,0.57,59.3,301.8,115.4,6394.0
MA,500,1.0,t500p100,2050,P_mix,Africa/MENA,1.596,0.15797787152956497,62.25615038600321,47.25547311406767,4.788169360153562,114.29979286022446,39.00623330333067,0.57,59.3,301.8,115.4,6394.0
MG,50,1.0,t50p100,2050,P_mix,Africa/MENA,1.399,0.3975085614919317,139.11142801246643,51.23380515183869,4.1981265794218645,194.543359743727,99.40964764689717,0.233,170.3,820.0,58.0,4831.3
MG,100,1.0,t100p100,2050,P_mix,Africa/MENA,1.311,0.25010774349267484,127.05927786107058,52.67165107783975,3.9336372008084393,183.66456613971874,96.90213258733522,0.201,147.5,798.4,46.8,6141.4
MG,150,1.0,t150p100,2050,P_mix,Africa/MENA,1.316,0.24369017573413448,127.7140921510683,51.02254251988414,3.948523003400829,182.6851576743533,97.03432805715185,0.222,137.9,748.8,56.3,5744.9
MG,200,1.0,t200p100,2050,P_mix,Africa/MENA,1.288,0.1602557759970527,120.29954064617044,50.729553156187954,3.8642866245338237,174.89338042689224,93.39333672797903,0.225,140.7,677.8,48.0,6448.9
MG,300,1.0,t300p100,2050,P_mix,Africa/MENA,1.269,0.1372298934140919,117.42385164428777,40.44968665352646,3.805764956531622,161.67930325434585,92.562614600852,0.305,108.4,521.3,65.7,4230.1
MG,500,1.0,t500p100,2050,P_mix,Africa/MENA,1.269,0.1372298934140919,117.42385164428777,40.44968665352646,3.805764956531622,161.67930325434585,92.562614600852,0.305,108.4,521.3,65.7,4230.1
MM,50,1.0,t50p100,2050,P_mix,Asia-Pacific,1.769,0.37536155350383243,121.81892851753587,53.881262424605765,5.3066835463077,181.00687448844934,68.86726565914911,0.18,180.8,975.6,52.6,4602.9
MM,100,1.0,t100p100,2050,P_mix,Asia-Pacific,1.71,0.2558935733949431,117.69088082380705,54.65317102830078,5.12984381710599,177.47389566921382,68.82717194899084,0.169,168.5,928.5,47.5,5517.7
MM,150,1.0,t150p100,2050,P_mix,Asia-Pacific,1.71,0.19010889076720675,116.7024338793133,52.51901569551293,5.13046997276712,174.35191954759335,68.24078563880761,0.157,167.4,934.8,44.9,4964.0
MM,200,1.0,t200p100,2050,P_mix,Asia-Pacific,1.539,0.16831759279399355,104.68747980025422,48.38092160781313,4.617628027338219,157.68602943540557,68.01380222516553,0.22,127.4,683.5,49.3,5838.4
MM,300,1.0,t300p100,2050,P_mix,Asia-Pacific,1.451,0.162654216597343,98.27233101891323,45.45731325151976,4.353809960587106,148.0834542310201,67.71471325702609,0.236,111.9,618.7,63.4,5064.9
MM,500,1.0,t500p100,2050,P_mix,Asia-Pacific,1.451,0.16265421659734303,98.27233101891323,45.45731325151976,4.353809960587106,148.0834542310201,67.71471325702609,0.236,111.9,618.7,63.4,5064.9
MN,50,1.0,t50p100,2050,P_mix,Asia-Pacific,1.797,0.31432804288769683,67.41369689555968,43.093591924527765,5.391647706717532,115.89893652680499,37.51007144526588,0.729,47.5,196.0,135.4,5257.7
MN,100,1.0,t100p100,2050,P_mix,Asia-Pacific,1.563,0.2176132033981661,58.526638586569966,46.926215658363795,4.689539774809763,110.14239401974352,37.44075627694875,0.637,61.3,269.3,127.6,6011.1
MN,150,1.0,t150p100,2050,P_mix,Asia-Pacific,1.697,0.14263941237149705,63.824701002374255,43.52320619358467,5.092252814322738,112.44016001028166,37.6010598822926,0.643,44.8,214.0,126.2,5662.7
MN,200,1.0,t200p100,2050,P_mix,Asia-Pacific,1.644,0.14168191308296454,61.852606821091335,41.579491743754815,4.930656761517398,108.36275532636354,37.63348970293535,0.741,32.4,137.8,138.0,5308.9
MN,300,1.0,t300p100,2050,P_mix,Asia-Pacific,1.566,0.13889891545578203,58.98460672260633,37.735517424689995,4.69882221471788,101.41894636201421,37.65918608572914,0.671,43.6,178.8,112.2,4785.1
MN,500,1.0,t500p100,2050,P_mix,Asia-Pacific,1.566,0.138898915455782,58.98460672260633,37.735517424689995,4.69882221471788,101.41894636201421,37.65918608572914,0.671,43.6,178.8,112.2,4785.1
MR,50,1.0,t50p100,2050,P_mix,Africa/MENA,1.834,0.2896609940948585,55.906038851625766,47.05128579920755,5.50141410146401,108.45873875229732,30.486364680354768,0.507,89.4,398.6,112.6,5386.3
MR,100,1.0,t100p100,2050,P_mix,Africa/MENA,1.724,0.2117856166146162,52.553908596805556,49.27619382827952,5.172722304085952,107.00282472917101,30.47944902549279,0.52,87.5,351.3,119.3,6126.2
MR,150,1.0,t150p100,2050,P_mix,Africa/MENA,1.571,0.17741418567323222,47.89046023463287,48.16933743585615,4.712657358644165,100.77245502913318,30.486277649778806,0.53,87.5,313.8,117.6,6134.0
MR,200,1.0,t200p100,2050,P_mix,Africa/MENA,1.733,0.13785986483795973,53.06741353249795,37.44109793122182,5.198243846139566,95.70675530985933,30.62615862388311,0.502,88.8,305.7,94.3,3955.4
MR,300,1.0,t300p100,2050,P_mix,Africa/MENA,1.733,0.13785986483795973,53.06741353249795,37.44109793122182,5.198243846139566,95.70675530985933,30.62615862388311,0.502,88.8,305.7,94.3,3955.4
MR,500,1.0,t500p100,2050,P_mix,Africa/MENA,1.733,0.13785986483795973,53.06741353249795,37.44109793122182,5.198243846139566,95.70675530985933,30.62615862388311,0.502,88.8,305.7,94.3,3955.4
MU,50,1.0,t50p100,2050,P_mix,Africa/MENA,2.013,0.32273007725634284,70.26879018857258,64.93164099221683,6.037729489333984,141.2381606701234,34.91484190176447,0.442,99.1,514.8,84.1,10841.0
MU,100,1.0,t100p100,2050,P_mix,Africa/MENA,2.013,0.32273007725634284,70.26879018857258,64.93164099221683,6.037729489333984,141.2381606701234,34.91484190176447,0.442,99.1,514.8,84.1,10841.0
MU,150,1.0,t150p100,2050,P_mix,Africa/MENA,1.904,0.18991128736126242,66.48782290529103,61.806442531002354,5.711630001977346,134.00589543827073,34.922337169392804,0.358,104.5,535.3,76.2,10026.0
MU,200,1.0,t200p100,2050,P_mix,Africa/MENA,1.85,0.16142745941619144,64.68469894652178,38.891571707409646,5.55145799445848,109.12772864838992,34.955519258773386,0.312,98.3,570.4,72.6,3277.8
MU,300,1.0,t300p100,2050,P_mix,Africa/MENA,1.862,0.14359908142805763,65.242234819945,44.69783797103617,5.587246342079606,115.52731913306077,35.03097813778942,0.329,100.5,497.7,59.0,6008.0
MU,500,1.0,t500p100,2050,P_mix,Africa/MENA,1.862,0.14359908142805763,65.242234819945,44.69783797103617,5.587246342079606,115.52731913306077,35.03097813778942,0.329,100.5,497.7,59.0,6008.0
MX,50,1.0,t50p100,2050,P_mix,North America,2.301,0.3111799405418149,57.25437894363215,38.76626617026004,6.902519900905783,102.92316501479796,24.884120480168075,0.44,101.3,548.0,79.7,3076.5
MX,100,1.0,t100p100,2050,P_mix,North America,2.061,0.2059870839332239,51.20073872604682,38.383975748208194,6.1840291694608105,95.76874364371582,24.838533578834,0.401,105.9,527.3,77.9,3123.1
MX,150,1.0,t150p100,2050,P_mix,North America,2.061,0.2059870839332239,51.20073872604682,38.383975748208194,6.1840291694608105,95.76874364371582,24.838533578834,0.401,105.9,527.3,77.9,3123.1
MX,200,1.0,t200p100,2050,P_mix,North America,1.971,0.20377858146625116,49.045259599143854,37.249093929556075,5.91216768192893,92.20652121062886,24.88694277856258,0.407,100.7,511.0,83.9,2731.3
MX,300,1.0,t300p100,2050,P_mix,North America,1.905,0.13434571764568978,48.4754413076557,32.24159908548869,5.7145397829119835,86.43158017605637,25.448475196170964,0.47,80.2,376.3,71.2,2969.3
MX,500,1.0,t500p100,2050,P_mix,North America,1.905,0.13434571764568978,48.4754413076557,32.24159908548869,5.7145397829119835,86.43158017605637,25.448475196170964,0.47,80.2,376.3,71.2,2969.3
MY,50,1.0,t50p100,2050,P_mix,Asia-Pacific,1.5,0.3870474290666328,201.0380444857393,54.95270324605579,4.501346694113122,260.4920944259082,133.98526584188116,0.195,171.1,911.7,61.0,5152.4
MY,100,1.0,t100p100,2050,P_mix,Asia-Pacific,1.455,0.28300274481113635,192.8410655640706,65.4406723858557,4.364893098890345,262.6466310488167,132.5400607953691,0.157,173.9,939.4,42.7,8731.7
MY,150,1.0,t150p100,2050,P_mix,Asia-Pacific,1.335,0.20296681160248403,172.7946860790204,58.69372129789881,4.003833883500209,235.4922412604194,129.47191949529233,0.187,149.2,791.5,48.2,7878.1
MY,200,1.0,t200p100,2050,P_mix,Asia-Pacific,1.252,0.15167400170068987,157.29026010670577,55.32251285196663,3.7554931835415846,216.368266142214,125.64815252177479,0.263,126.8,574.3,52.5,8517.4
MY,300,1.0,t300p100,2050,P_mix,Asia-Pacific,1.244,0.14906689929363892,155.6373177614019,61.41215562876923,3.7324631068672214,220.78193649703834,125.09486093115102,0.255,132.7,573.7,49.3,10362.3
MY,500,1.0,t500p100,2050,P_mix,Asia-Pacific,1.244,0.14906689929363892,155.6373177614019,61.41215562876923,3.7324631068672214,220.78193649703834,125.09486093115102,0.255,132.7,573.7,49.3,10362.3
NE,50,1.0,t50p100,2050,P_mix,Africa/MENA,1.859,0.4215070332431438,79.05272998358694,47.00250122259813,5.575984352234715,131.6312155584198,42.532075947400045,0.234,159.9,829.6,79.7,2785.3
NE,100,1.0,t100p100,2050,P_mix,Africa/MENA,1.701,0.28906549848318225,72.21044295402767,44.4803875144198,5.104334936303475,121.79516540475095,42.4406571209385,0.167,181.4,888.8,58.5,2205.1
NE,150,1.0,t150p100,2050,P_mix,Africa/MENA,1.512,0.2259160943829111,63.89770125926894,43.03389468326378,4.535843605463202,111.46743954799594,42.26184155620404,0.263,159.2,638.9,81.5,2887.6
NE,200,1.0,t200p100,2050,P_mix,Africa/MENA,1.67,0.17626409106096638,69.94162102359525,37.12411015873206,5.010756014647925,112.07648719697524,41.87489122547691,0.25,141.5,598.3,72.9,2007.9
NE,300,1.0,t300p100,2050,P_mix,Africa/MENA,1.616,0.16217418987354756,67.34665027868691,41.4909612465957,4.848945017368054,113.68655654265066,41.66678527234066,0.213,143.9,624.6,62.7,3483.6
NE,500,1.0,t500p100,2050,P_mix,Africa/MENA,1.616,0.16217418987354756,67.34665027868691,41.4909612465957,4.848945017368054,113.68655654265066,41.66678527234066,0.213,143.9,624.6,62.7,3483.6
NG,50,1.0,t50p100,2050,P_mix,Africa/MENA,1.541,0.300553013496956,202.36614520359322,53.57163731387528,4.623162832814956,260.5609453502834,131.31668893460326,0.196,136.3,668.0,59.2,6961.0
NG,100,1.0,t100p100,2050,P_mix,Africa/MENA,1.541,0.300553013496956,202.36614520359322,53.57163731387528,4.623162832814956,260.5609453502834,131.31668893460326,0.196,136.3,668.0,59.2,6961.0
NG,150,1.0,t150p100,2050,P_mix,Africa/MENA,1.35,0.16627455832669996,176.42667991994023,45.788766429222505,4.0495790118092545,226.265025360972,130.70001553651673,0.187,117.9,627.2,60.8,5129.9
NG,200,1.0,t200p100,2050,P_mix,Africa/MENA,1.416,0.1390258449920828,182.6830839810011,42.87848176925135,4.249053222677982,229.8106189729304,128.9814985178261,0.14,133.8,641.1,40.4,4794.9
NG,300,1.0,t300p100,2050,P_mix,Africa/MENA,1.428,0.1378117181413742,183.2330542825961,41.840015581202806,4.284101425673974,229.3571712894729,128.31142595119832,0.144,126.9,624.4,39.8,4720.2
NG,500,1.0,t500p100,2050,P_mix,Africa/MENA,1.428,0.1378117181413742,183.2330542825961,41.840015581202806,4.284101425673974,229.3571712894729,128.31142595119832,0.144,126.9,624.4,39.8,4720.2
NI,50,1.0,t50p100,2050,P_mix,North America,2.85,0.3501432740062141,109.58082544324853,60.61454958072166,8.548797597067006,178.7441726210372,38.45482041153154,0.12,215.3,1101.6,39.0,5806.7
NI,100,1.0,t100p100,2050,P_mix,North America,2.731,0.22451507842081211,105.39037177909695,48.48371610044082,8.19383186073718,162.06791974027496,38.58647830599299,0.109,185.7,1012.2,34.1,3441.6
NI,150,1.0,t150p100,2050,P_mix,North America,2.731,0.22451507842081211,105.39037177909695,48.48371610044082,8.19383186073718,162.06791974027496,38.58647830599299,0.109,185.7,1012.2,34.1,3441.6
NI,200,1.0,t200p100,2050,P_mix,North America,2.666,0.22196415365349972,102.80877370138667,48.83421140099085,7.996959955023411,159.63994505740092,38.56794617439792,0.139,169.9,919.5,42.2,4068.0
NI,300,1.0,t300p100,2050,P_mix,North America,2.135,0.16395854732104212,81.99335693551429,41.779702951696216,6.404060724736956,130.17712061194746,38.410015360471974,0.247,111.1,611.2,54.7,4395.5
NI,500,1.0,t500p100,2050,P_mix,North America,2.135,0.16395854732104218,81.99335693551429,41.779702951696216,6.404060724736956,130.17712061194746,38.410015360471974,0.247,111.1,611.2,54.7,4395.5
NL,50,1.0,t50p100,2050,P_mix,Europe,1.542,0.26536014173726435,42.57569452748381,50.07702907770533,4.626621452360872,97.27934505755002,27.606988144075903,0.804,36.1,117.8,139.0,7857.0
NL,100,1.0,t100p100,2050,P_mix,Europe,1.514,0.17054433206287536,41.36628157676349,47.92945531309613,4.541476720074733,93.83721360993437,27.325659114740695,0.664,51.4,197.8,128.5,6895.2
NL,150,1.0,t150p100,2050,P_mix,Europe,1.488,0.11797740176955132,41.84150689226526,42.04653864606928,4.4644878922930324,88.35253343062757,28.116219307815538,0.822,23.4,88.5,136.3,5971.8
NL,200,1.0,t200p100,2050,P_mix,Europe,1.481,0.11543743368503717,41.99459581175879,42.07577358102164,4.443441368178491,88.51381076095893,28.352751166585882,0.799,26.0,97.3,126.0,6300.0
NL,300,1.0,t300p100,2050,P_mix,Europe,1.494,0.11404975922196398,42.40200632941352,39.640789407410836,4.480827342081936,86.52362307890628,28.388957948363817,0.788,30.4,98.6,119.5,5782.4
NL,500,1.0,t500p100,2050,P_mix,Europe,1.494,0.11404975922196399,42.40200632941352,39.640789407410836,4.480827342081936,86.52362307890628,28.388957948363817,0.788,30.4,98.6,119.5,5782.4
NO,50,1.0,t50p100,2050,P_mix,Europe,2.166,0.36331804641066756,106.79378384558837,211.44638344613247,6.4972616217594,324.7374289134802,49.31021254612983,0.881,27.0,104.3,161.1,54541.1
NO,100,1.0,t100p100,2050,P_mix,Europe,1.761,0.21905569985579496,86.34943749244269,136.82882807237743,5.284243981192834,228.46250954601297,49.02277665439183,0.748,45.6,217.4,151.4,32003.0
NO,150,1.0,t150p100,2050,P_mix,Europe,2.034,0.1715559339153461,100.53997815178293,168.4664747621791,6.103093714245128,275.10954662820717,49.420826318191,0.805,37.3,153.6,145.4,42079.9
NO,200,1.0,t200p100,2050,P_mix,Europe,1.976,0.168904959470453,97.86501913103137,164.350305688429,5.92923374276953,268.1445585622299,49.51652610274047,0.804,32.4,162.5,142.8,40976.7
NO,300,1.0,t300p100,2050,P_mix,Europe,2.013,0.16652452053098607,99.81636150698088,158.35225677966687,6.039850883111639,264.2084691697594,49.578887014951256,0.806,31.0,149.7,132.0,39756.9
NO,500,1.0,t500p100,2050,P_mix,Europe,2.013,0.16652452053098607,99.81636150698088,158.35225677966687,6.039850883111639,264.2084691697594,49.578887014951256,0.806,31.0,149.7,132.0,39756.9
NP,50,1.0,t50p100,2050,P_mix,Asia-Pacific,1.362,0.5089377606274726,494.545581733631,100.38879428654447,4.085563602285975,599.0199396224615,363.14126755259946,0.1,290.2,1446.3,49.5,13699.8
NP,100,1.0,t100p100,2050,P_mix,Asia-Pacific,1.352,0.30657451600073504,449.53571072740857,100.67022912624286,4.057225332380602,554.2631651860321,332.39640929455675,0.109,261.1,1297.6,38.1,15649.2
NP,150,1.0,t150p100,2050,P_mix,Asia-Pacific,1.439,0.2160317594825423,448.1382601903684,98.78050926318414,4.317059193112926,551.2358286466655,311.41912131199695,0.105,263.9,1301.8,37.9,15036.7
NP,200,1.0,t200p100,2050,P_mix,Asia-Pacific,1.423,0.17904411608357393,427.3407975420095,69.80002887130703,4.269304667628769,501.41013108094535,300.2883355565445,0.135,238.2,1126.0,49.7,7612.4
NP,300,1.0,t300p100,2050,P_mix,Asia-Pacific,1.302,0.1458186347766396,383.49736851953054,73.50515036788305,3.907161709471696,460.90968059688527,294.45725339946455,0.141,201.4,902.7,38.0,11194.3
NP,500,1.0,t500p100,2050,P_mix,Asia-Pacific,1.302,0.1458186347766396,383.49736851953054,73.50515036788305,3.907161709471696,460.90968059688527,294.45725339946455,0.141,201.4,902.7,38.0,11194.3
NZ,50,1.0,t50p100,2050,P_mix,Asia-Pacific,2.099,0.3275429515473763,76.21270475947863,51.97596860304502,6.297046776502558,134.4857201390262,36.30878448157606,0.523,86.9,435.9,94.3,7335.8
NZ,100,1.0,t100p100,2050,P_mix,Asia-Pacific,1.85,0.19987328447773617,67.03668688076682,48.21170019122249,5.549469984911807,120.79785705690114,36.23950777084803,0.478,89.7,428.8,96.3,6165.2
NZ,150,1.0,t150p100,2050,P_mix,Asia-Pacific,1.85,0.19987328447773617,67.03668688076682,48.21170019122249,5.549469984911807,120.79785705690114,36.23950777084803,0.478,89.7,428.8,96.3,6165.2
NZ,200,1.0,t200p100,2050,P_mix,Asia-Pacific,1.597,0.15879721713926695,58.243042494811974,43.00751540008749,4.79243686265223,106.0429947575517,36.459348864063365,0.72,48.5,163.4,106.2,6616.6
NZ,300,1.0,t300p100,2050,P_mix,Asia-Pacific,1.7,0.1406175074501318,62.28226288050451,34.51846839252635,5.100267261469368,101.90099853450025,36.634705411042084,0.501,73.2,310.9,73.5,4091.4
NZ,500,1.0,t500p100,2050,P_mix,Asia-Pacific,1.7,0.1406175074501318,62.28226288050451,34.51846839252635,5.100267261469368,101.90099853450025,36.634705411042084,0.501,73.2,310.9,73.5,4091.4
OM,50,1.0,t50p100,2050,P_mix,Asia-Pacific,2.294,0.283283726090143,77.79545847837555,36.10232189714277,6.881461958166951,120.77924233368527,33.91523150951136,0.181,148.7,758.6,37.8,1901.0
OM,100,1.0,t100p100,2050,P_mix,Asia-Pacific,2.223,0.18380581224718381,75.40985678299454,36.1768940290287,6.669168226976417,118.25591903899965,33.921706972977255,0.142,154.7,794.0,29.2,1943.0
OM,150,1.0,t150p100,2050,P_mix,Asia-Pacific,1.91,0.15046965225642192,64.74423703982485,36.49786173920177,5.729934968758621,106.97203374778523,33.897891019443,0.231,120.5,606.7,45.0,3145.8
OM,200,1.0,t200p100,2050,P_mix,Asia-Pacific,1.91,0.15046965225642192,64.74423703982485,36.49786173920177,5.729934968758621,106.97203374778523,33.897891019443,0.231,120.5,606.7,45.0,3145.8
OM,300,1.0,t300p100,2050,P_mix,Asia-Pacific,1.98,0.1256487873727762,67.01296707229628,27.454799640711812,5.938864270595315,100.4066309836034,33.85140526148735,0.135,131.3,642.8,20.3,1091.9
OM,500,1.0,t500p100,2050,P_mix,Asia-Pacific,1.98,0.1256487873727762,67.01296707229628,27.454799640711812,5.938864270595315,100.4066309836034,33.85140526148735,0.135,131.3,642.8,20.3,1091.9
PA,50,1.0,t50p100,2050,P_mix,North America,1.54,0.438270998101056,131.4122937968241,63.02300995428441,4.61863951674038,199.05394326784887,85.35779420791545,0.123,235.7,1171.4,44.2,5558.8
PA,100,1.0,t100p100,2050,P_mix,North America,1.57,0.25885306858773616,131.42692817155967,50.36121174913587,4.709488330886782,186.4976282515823,83.72051416473863,0.109,219.6,1077.3,39.8,2880.5
PA,150,1.0,t150p100,2050,P_mix,North America,1.569,0.24022277934916206,130.17598065809176,52.13630294609871,4.7066101122478665,187.01889371643836,82.9743557806107,0.112,209.7,1037.2,46.5,3537.6
PA,200,1.0,t200p100,2050,P_mix,North America,1.591,0.23346910342009078,132.00032859473922,52.60055036762747,4.77384778038897,189.37472674275568,82.95216018637926,0.111,208.1,1030.7,50.4,3586.0
PA,300,1.0,t300p100,2050,P_mix,North America,1.564,0.15642301746924114,122.58620936883405,56.65822308843409,4.692516097157347,183.93694855442547,78.37130880153693,0.127,208.4,901.5,39.7,6100.9
PA,500,1.0,t500p100,2050,P_mix,North America,1.564,0.15642301746924114,122.58620936883405,56.65822308843409,4.692516097157347,183.93694855442547,78.37130880153693,0.127,208.4,901.5,39.7,6100.9
PE,50,1.0,t50p100,2050,P_mix,Latin America,1.917,0.258504657937945,59.06175508441188,67.32679182421832,5.749900082073769,132.13844699070395,30.815364219221564,0.764,41.2,165.1,132.8,12774.6
PE,100,1.0,t100p100,2050,P_mix,Latin America,1.647,0.17779904466265034,50.78708072216097,64.91776140691603,4.939623224181524,120.64446535325854,30.84470925244063,0.735,42.3,168.8,145.4,11519.2
PE,150,1.0,t150p100,2050,P_mix,Latin America,1.702,0.1528645791644155,52.50179305387066,63.080303275779976,5.1070548572795245,120.68915118693016,30.840745510517785,0.818,25.9,96.7,139.2,11943.0
PE,200,1.0,t200p100,2050,P_mix,Latin America,1.83,0.14845569126429042,56.41479685148519,54.57359436800047,5.4891211102372335,116.47751232972288,30.832693823937245,0.768,34.2,140.2,126.4,9548.8
PE,300,1.0,t300p100,2050,P_mix,Latin America,1.742,0.12661472770399693,53.62772598118344,52.63875626292675,5.225566808874125,111.4920490529843,30.787698986134096,0.757,34.6,139.0,128.7,8891.7
PE,500,1.0,t500p100,2050,P_mix,Latin America,1.742,0.12661472770399693,53.62772598118344,52.63875626292675,5.225566808874125,111.4920490529843,30.787698986134096,0.757,34.6,139.0,128.7,8891.7
PH,50,1.0,t50p100,2050,P_mix,Asia-Pacific,2.862,0.3289805780832925,83.1425575888459,52.450496666279946,8.586578340147353,144.1796325952732,29.048552623145937,0.262,155.1,871.0,53.4,5205.0
PH,100,1.0,t100p100,2050,P_mix,Asia-Pacific,2.57,0.20875754835957666,74.2046404024594,47.26849757108586,7.710264899377441,129.1834028729227,28.872408939587928,0.247,132.5,801.3,52.1,4509.9
PH,150,1.0,t150p100,2050,P_mix,Asia-Pacific,2.645,0.17706060449961764,76.57749152082982,41.457818643962646,7.933586390947107,125.96889655573959,28.95695127548262,0.183,138.1,908.1,51.3,2021.3
PH,200,1.0,t200p100,2050,P_mix,Asia-Pacific,1.773,0.12871121746600817,51.87138089004134,50.49408484857977,5.318361708173259,107.68382744679437,29.25978923753434,0.592,58.9,267.5,109.2,7838.4
PH,300,1.0,t300p100,2050,P_mix,Asia-Pacific,1.758,0.12815962637426193,51.45514011275437,49.82602744353572,5.272750009479907,106.55391756577,29.276074166369995,0.572,62.6,281.5,104.7,7674.2
PH,500,1.0,t500p100,2050,P_mix,Asia-Pacific,1.758,0.12815962637426198,51.45514011275437,49.82602744353572,5.272750009479907,106.55391756577,29.276074166369995,0.572,62.6,281.5,104.7,7674.2
PK,50,1.0,t50p100,2050,P_mix,Asia-Pacific,2.394,0.3028215350136926,88.02629623050164,55.986101522319665,7.182771320067509,151.19516907288883,36.76559880915475,0.349,115.1,588.1,74.3,7893.7
PK,100,1.0,t100p100,2050,P_mix,Asia-Pacific,2.322,0.1840931696619771,85.33943058075248,49.13460494555888,6.967296119492709,141.44133164580404,36.7457170402136,0.301,114.9,599.9,75.4,5756.5
PK,150,1.0,t150p100,2050,P_mix,Asia-Pacific,2.09,0.1534322605273639,77.10041194633483,54.03545854425231,6.2710652459269935,137.40693573651413,36.883882844183894,0.356,103.4,500.3,81.0,7813.0
PK,200,1.0,t200p100,2050,P_mix,Asia-Pacific,2.116,0.14401797814849274,78.00382656422023,44.58971587325337,6.3483099314238,128.9418523688974,36.86201244433834,0.316,98.6,518.8,64.0,5651.0
PK,300,1.0,t300p100,2050,P_mix,Asia-Pacific,2.011,0.13515449537543361,74.32818228590088,43.20248836682109,6.032296754858342,123.56296740758032,36.96511559682695,0.313,103.0,478.5,60.9,5593.7
PK,500,1.0,t500p100,2050,P_mix,Asia-Pacific,2.011,0.13515449537543361,74.32818228590088,43.20248836682109,6.032296754858342,123.56296740758032,36.96511559682695,0.313,103.0,478.5,60.9,5593.7
PL,50,1.0,t50p100,2050,P_mix,Europe,1.638,0.335717648872421,75.4023926890388,54.174670484608136,4.913293541643927,134.49035671529086,46.03982565866186,0.827,30.3,126.3,151.6,8569.7
PL,100,1.0,t100p100,2050,P_mix,Europe,1.629,0.19648498941004547,74.75783637926298,48.67083260248805,4.886220440647631,128.31488942239866,45.89917951144723,0.701,46.4,182.3,143.9,6667.3
PL,150,1.0,t150p100,2050,P_mix,Europe,1.604,0.14699031973085536,74.28215975210631,49.30497914770882,4.811373949474917,128.39851284929006,46.31659929086128,0.772,27.4,139.2,145.2,7343.4
PL,200,1.0,t200p100,2050,P_mix,Europe,1.565,0.14787264280149504,72.48212759605791,44.361326031337676,4.6935902630645865,121.53704389046017,46.3283692441862,0.826,28.4,88.3,128.6,6899.8
PL,300,1.0,t300p100,2050,P_mix,Europe,1.538,0.14364754284823653,71.34578996146664,40.540759778428246,4.6145925202212705,116.50114226011615,46.38272370669386,0.839,22.3,82.7,127.0,5957.7
PL,500,1.0,t500p100,2050,P_mix,Europe,1.538,0.14364754284823653,71.34578996146664,40.540759778428246,4.6145925202212705,116.50114226011615,46.38272370669386,0.839,22.3,82.7,127.0,5957.7
PS,50,1.0,t50p100,2050,P_mix,Asia-Pacific,1.955,0.4285796524123475,316.96105350761184,76.9509148127534,5.865621185216214,399.77758950558143,162.1112462767712,0.155,294.7,1376.4,101.9,5161.2
PS,100,1.0,t100p100,2050,P_mix,Asia-Pacific,1.845,0.27474645445423607,293.69790065556515,68.65896325803106,5.536140176935293,367.8930040905315,159.1530694322935,0.162,251.2,1162.7,85.1,5439.7
PS,150,1.0,t150p100,2050,P_mix,Asia-Pacific,1.619,0.2498227295585929,256.4219469747217,99.20646774240046,4.85577378012247,360.48418849724465,158.42291584365375,0.254,195.3,861.2,106.8,16355.1
PS,200,1.0,t200p100,2050,P_mix,Asia-Pacific,1.758,0.17067019287812074,265.0110917665807,62.05237673281965,5.274145074144047,332.3376135735444,150.74163947391366,0.187,205.7,966.8,79.8,5658.5
PS,300,1.0,t300p100,2050,P_mix,Asia-Pacific,1.603,0.14770840079202308,239.73671751977452,68.60194604355797,4.808781156488594,313.14744471982107,149.5618388848649,0.215,194.4,869.0,92.0,7918.8
PS,500,1.0,t500p100,2050,P_mix,Asia-Pacific,1.603,0.14770840079202308,239.73671751977452,68.60194604355797,4.808781156488594,313.14744471982107,149.5618388848649,0.215,194.4,869.0,92.0,7918.8
PT,50,1.0,t50p100,2050,P_mix,Europe,1.759,0.4189102498659285,102.64070491996132,50.16670310015017,5.277839530143016,158.0852475502545,58.34245490058309,0.553,86.1,452.7,115.2,5860.6
PT,100,1.0,t100p100,2050,P_mix,Europe,1.65,0.2912827633014984,95.74376526862318,47.98129351708829,4.948805176222016,148.67386396193348,58.04053414467721,0.511,87.0,442.1,115.8,5258.0
PT,150,1.0,t150p100,2050,P_mix,Europe,1.679,0.2027800443822732,96.51131878628098,46.772314403401715,5.0361489633824945,148.3197821530652,57.49114223269107,0.374,97.2,535.9,91.4,5095.1
PT,200,1.0,t200p100,2050,P_mix,Europe,1.718,0.16969634160666658,98.33570245990447,38.80183740018165,5.1539512820205395,142.29149114210665,57.2390174522681,0.39,81.7,470.1,81.4,3810.5
PT,300,1.0,t300p100,2050,P_mix,Europe,1.718,0.16969634160666658,98.33570245990447,38.80183740018165,5.1539512820205395,142.29149114210665,57.2390174522681,0.39,81.7,470.1,81.4,3810.5
PT,500,1.0,t500p100,2050,P_mix,Europe,1.705,0.16974072788535674,97.58097328853619,38.39422641890668,5.114613651850061,141.08981335929292,57.236565612285716,0.397,82.6,451.7,82.3,3772.6
PY,50,1.0,t50p100,2050,P_mix,Latin America,1.618,0.35321717306821987,92.5210082952487,58.54847582339484,4.854613652157029,155.92409777080056,57.17510079559413,0.436,98.5,514.8,92.4,8643.2
PY,100,1.0,t100p100,2050,P_mix,Latin America,1.618,0.22998324297808564,92.54091180858512,50.59312514728167,4.854829258464833,147.98886621433164,57.18486081496987,0.507,87.2,344.3,117.7,6630.9
PY,150,1.0,t150p100,2050,P_mix,Latin America,1.618,0.22998324297808564,92.54091180858512,50.59312514728167,4.854829258464833,147.98886621433164,57.18486081496987,0.507,87.2,344.3,117.7,6630.9
PY,200,1.0,t200p100,2050,P_mix,Latin America,1.439,0.18535196037057713,81.65153699883567,44.46771266726982,4.317040979205744,130.43629064531123,56.74132170076685,0.438,90.8,412.4,92.6,5313.2
PY,300,1.0,t300p100,2050,P_mix,Latin America,1.565,0.1650226603596592,87.97508033564132,42.63561782570795,4.695309266248111,135.3060074275974,56.21040618221485,0.515,77.7,295.4,96.9,5590.0
PY,500,1.0,t500p100,2050,P_mix,Latin America,1.565,0.1650226603596592,87.97508033564132,42.63561782570795,4.695309266248111,135.3060074275974,56.21040618221485,0.515,77.7,295.4,96.9,5590.0
RO,50,1.0,t50p100,2050,P_mix,Europe,1.858,0.35313348876818296,90.18084227912951,69.23042622687832,5.574386960917575,164.9856554669254,48.53314431419654,0.77,47.0,173.3,137.3,13019.2
RO,100,1.0,t100p100,2050,P_mix,Europe,1.836,0.20709806457065916,89.11367441832131,61.50616332132709,5.508362523218967,156.12820026286735,48.533665336669834,0.634,62.8,252.2,126.6,10427.6
RO,150,1.0,t150p100,2050,P_mix,Europe,1.834,0.20739526527740776,88.99086460524366,61.560566011520756,5.500763269675295,156.05219388643968,48.533736270292124,0.64,62.4,246.7,127.7,10446.6
RO,200,1.0,t200p100,2050,P_mix,Europe,1.87,0.15244165268446586,90.78460939391755,52.68549060826839,5.609519054498108,149.07961905668407,48.552081833710815,0.642,50.3,228.9,122.6,8322.8
RO,300,1.0,t300p100,2050,P_mix,Europe,1.791,0.14775203157874306,86.94380707900487,50.400756998713014,5.371756295625631,142.7163203733435,48.55607866079412,0.653,49.9,200.1,108.3,8431.0
RO,500,1.0,t500p100,2050,P_mix,Europe,1.791,0.14775203157874306,86.94380707900487,50.400756998713014,5.371756295625631,142.7163203733435,48.55607866079412,0.653,49.9,200.1,108.3,8431.0
RU,50,1.0,t50p100,2050,P_mix,Europe,1.736,0.34981933772658014,82.15754710448714,105.2581803301732,5.20916707335457,192.6248945080149,47.31517300994131,0.894,24.3,78.1,167.9,23322.5
RU,100,1.0,t100p100,2050,P_mix,Europe,1.7,0.1991222509159241,80.34873076153478,98.28008941555655,5.099515140766315,183.72833531785767,47.26845310403011,0.826,26.6,124.7,169.8,20844.0
RU,150,1.0,t150p100,2050,P_mix,Europe,1.598,0.17661272011713983,75.60438580534125,87.825057281502,4.792594813970676,168.22203790081392,47.3257527957195,0.863,21.4,89.1,157.6,18577.9
RU,200,1.0,t200p100,2050,P_mix,Europe,1.713,0.16247999993155926,81.22960823902663,88.07663914356996,5.137618683795445,174.44386606639202,47.43225212211606,0.805,31.1,114.7,155.4,18439.4
RU,300,1.0,t300p100,2050,P_mix,Europe,1.736,0.15313374934208687,82.40987930799535,81.03442464618009,5.20723816971652,168.651542123892,47.478073763129764,0.793,37.9,119.7,138.2,16939.4
RU,500,1.0,t500p100,2050,P_mix,Europe,1.736,0.15313374934208687,82.40987930799535,81.03442464618009,5.20723816971652,168.651542123892,47.478073763129764,0.793,37.9,119.7,138.2,16939.4
RW,50,1.0,t50p100,2050,P_mix,Africa/MENA,1.474,0.3830656041603418,213.32635923800544,72.03228262352542,4.423147404160309,289.78178926569115,144.68861632602685,0.156,180.0,967.3,47.5,10203.4
RW,100,1.0,t100p100,2050,P_mix,Africa/MENA,1.474,0.3830656041603418,213.32635923800544,72.03228262352542,4.423147404160309,289.78178926569115,144.68861632602685,0.156,180.0,967.3,47.5,10203.4
RW,150,1.0,t150p100,2050,P_mix,Africa/MENA,1.426,0.225818004456998,203.25816328601175,68.08170852507529,4.27886227224521,275.61873408333224,142.50855742969966,0.176,159.1,827.1,54.6,10002.5
RW,200,1.0,t200p100,2050,P_mix,Africa/MENA,1.454,0.1771411350297811,203.33569752373256,70.859205946744,4.362715510491176,278.55761898096773,139.82279869138583,0.166,153.0,797.9,53.2,11157.0
RW,300,1.0,t300p100,2050,P_mix,Africa/MENA,1.297,0.14280224259137234,177.58726972470748,61.066429996827765,3.8903757176748,242.54407543921005,136.94353652107938,0.241,117.1,576.6,58.0,10089.4
RW,500,1.0,t500p100,2050,P_mix,Africa/MENA,1.297,0.14280224259137234,177.58726972470748,61.066429996827765,3.8903757176748,242.54407543921005,136.94353652107938,0.241,117.1,576.6,58.0,10089.4
SA,50,1.0,t50p100,2050,P_mix,Asia-Pacific,1.599,0.3011635533059797,55.11223760945241,57.98458615285748,4.79719538775625,117.89401915006616,34.46528637343826,0.624,63.1,267.9,116.7,9679.2
SA,100,1.0,t100p100,2050,P_mix,Asia-Pacific,1.619,0.2012236628229445,55.805644082009735,61.47024496886033,4.857209144359988,122.13309819523005,34.46772153931783,0.615,61.7,250.3,126.9,10434.6
SA,150,1.0,t150p100,2050,P_mix,Asia-Pacific,1.595,0.17488975815756444,54.959277644186194,53.937501289429065,4.78381916543543,113.68059809905068,34.46573276093941,0.599,59.5,258.6,118.8,8518.3
SA,200,1.0,t200p100,2050,P_mix,Asia-Pacific,1.453,0.14283552034906435,50.07079641970217,48.10334146422558,4.359055516780251,102.533193400708,34.45984770803236,0.59,58.8,226.1,100.3,7781.7
SA,300,1.0,t300p100,2050,P_mix,Asia-Pacific,1.454,0.13790574114809695,50.08765924921752,43.01369083630183,4.360690288005304,97.46204037352466,34.45853014624115,0.59,55.2,211.4,94.7,6658.6
SA,500,1.0,t500p100,2050,P_mix,Asia-Pacific,1.454,0.13790574114809695,50.08765924921752,43.01369083630183,4.360690288005304,97.46204037352466,34.45853014624115,0.59,55.2,211.4,94.7,6658.6
SE,50,1.0,t50p100,2050,P_mix,Europe,2.37,0.36629003252441117,130.5556559631929,136.10582487585822,7.110590789095815,273.77207162814693,55.08219773949081,0.899,25.8,93.1,166.0,32326.9
SE,100,1.0,t100p100,2050,P_mix,Europe,2.051,0.2082092408084466,112.50619381145322,82.02424230613961,6.15315335299241,200.68358947058525,54.85294483522278,0.857,29.1,109.4,187.3,15446.4
SE,150,1.0,t150p100,2050,P_mix,Europe,2.097,0.1673820454776876,115.90654692502531,101.26668936352097,6.292425123214,223.46566141176027,55.26003630814271,0.83,35.7,156.0,147.7,22271.7
SE,200,1.0,t200p100,2050,P_mix,Europe,2.129,0.16758888810424727,117.77993234489577,96.21407077608528,6.387365547710774,220.38136866869183,55.31854947010556,0.826,32.8,150.3,130.1,21567.9
SE,300,1.0,t300p100,2050,P_mix,Europe,1.988,0.1622052689962026,110.17512823668713,97.16192720696625,5.964663317583314,213.3017187612367,55.41392147578558,0.811,33.4,174.6,124.2,21904.8
SE,500,1.0,t500p100,2050,P_mix,Europe,1.988,0.1622052689962026,110.17512823668713,97.16192720696625,5.964663317583314,213.3017187612367,55.41392147578558,0.811,33.4,174.6,124.2,21904.8
SK,50,1.0,t50p100,2050,P_mix,Europe,2.718,0.4204653867369929,197.44147331640215,196.18647006504295,8.154072495197376,401.7820158766425,72.64154449179544,0.723,59.0,322.5,223.2,45650.7
SK,100,1.0,t100p100,2050,P_mix,Europe,2.325,0.248226093349513,168.6526091110775,167.81719493663266,6.973728076850154,343.4435321245603,72.55198679351996,0.661,61.3,329.4,161.8,39701.9
SK,150,1.0,t150p100,2050,P_mix,Europe,2.325,0.248226093349513,168.6526091110775,167.81719493663266,6.973728076850154,343.4435321245603,72.55198679351996,0.661,61.3,329.4,161.8,39701.9
SK,200,1.0,t200p100,2050,P_mix,Europe,2.413,0.1693239725561515,172.89107805967728,146.6570056207768,7.237500032640946,326.7855837130951,71.66469524557206,0.679,49.5,275.1,153.3,34362.3
SK,300,1.0,t300p100,2050,P_mix,Europe,2.235,0.1620589450659372,159.95707935788892,148.75719903416922,6.7048727654954705,315.4191511575536,71.5705211504047,0.743,37.1,189.1,139.1,36303.0
SK,500,1.0,t500p100,2050,P_mix,Europe,2.235,0.1620589450659372,159.95707935788892,148.75719903416922,6.7048727654954705,315.4191511575536,71.5705211504047,0.743,37.1,189.1,139.1,36303.0
SN,50,1.0,t50p100,2050,P_mix,Africa/MENA,2.094,0.29737747738297876,97.77363708632005,44.43052079396182,6.281560089300746,148.4857179695826,46.69555127850596,0.33,121.5,622.5,74.1,4185.2
SN,100,1.0,t100p100,2050,P_mix,Africa/MENA,2.028,0.21719506376665193,94.6373867197095,42.962078527366906,6.083382312560015,143.68284755963643,46.670116322124045,0.247,130.3,742.6,61.6,3307.2
SN,150,1.0,t150p100,2050,P_mix,Africa/MENA,1.79,0.17647670590991618,83.46210895870774,39.617983398449304,5.370189526343432,128.45028188350048,46.62523094349912,0.273,119.1,583.5,64.8,3449.4
SN,200,1.0,t200p100,2050,P_mix,Africa/MENA,1.883,0.14058231816473038,87.00910858439879,36.61358738232707,5.647887129411128,129.270583096137,46.21680989230595,0.299,107.5,543.0,59.2,3223.5
SN,300,1.0,t300p100,2050,P_mix,Africa/MENA,1.883,0.14058231816473038,87.00910858439879,36.61358738232707,5.647887129411128,129.270583096137,46.21680989230595,0.299,107.5,543.0,59.2,3223.5
SN,500,1.0,t500p100,2050,P_mix,Africa/MENA,1.883,0.14058231816473038,87.00910858439879,36.61358738232707,5.647887129411128,129.270583096137,46.21680989230595,0.299,107.5,543.0,59.2,3223.5
SR,50,1.0,t50p100,2050,P_mix,Latin America,1.631,0.30409529532062624,208.38812757141187,72.07644593584534,4.892034196084556,285.35660770334175,127.79231658163704,0.295,123.2,630.1,81.4,11931.8
SR,100,1.0,t100p100,2050,P_mix,Latin America,1.569,0.21177073729364954,202.64343535424544,64.0443465825522,4.706772192186096,271.39455412898377,129.16076692047739,0.269,119.4,640.0,80.8,9577.6
SR,150,1.0,t150p100,2050,P_mix,Latin America,1.439,0.1610053663586423,185.15551011627872,67.24150198539351,4.3179284246700345,256.7149405263423,128.64190318098667,0.298,108.5,515.1,69.5,11979.7
SR,200,1.0,t200p100,2050,P_mix,Latin America,1.439,0.1610053663586423,185.15551011627872,67.24150198539351,4.3179284246700345,256.7149405263423,128.64190318098667,0.298,108.5,515.1,69.5,11979.7
SR,300,1.0,t300p100,2050,P_mix,Latin America,1.512,0.1568692212459196,192.25691219354047,65.40488959920881,4.536391317338902,262.19819311008814,127.14307391782904,0.277,112.6,551.2,65.2,11308.4
SR,500,1.0,t500p100,2050,P_mix,Latin America,1.512,0.1568692212459196,192.25691219354047,65.40488959920881,4.536391317338902,262.19819311008814,127.14307391782904,0.277,112.6,551.2,65.2,11308.4
SV,50,1.0,t50p100,2050,P_mix,North America,1.572,0.4705873011921334,87.43307607508993,57.74817864634485,4.715752566505246,149.89700728794003,55.6219234419363,0.058,252.3,1320.4,34.2,3159.0
SV,100,1.0,t100p100,2050,P_mix,North America,1.511,0.29210689996323697,83.08602358442133,46.528191044746755,4.533642626744694,134.14785725591278,54.97964689207082,0.045,247.1,1193.8,22.8,1271.9
SV,150,1.0,t150p100,2050,P_mix,North America,1.511,0.29210689996323697,83.08602358442133,46.528191044746755,4.533642626744694,134.14785725591278,54.97964689207082,0.045,247.1,1193.8,22.8,1271.9
SV,200,1.0,t200p100,2050,P_mix,North America,1.446,0.28195978977729197,79.36817503333357,47.857425291378114,4.337078830809787,131.56267915552147,54.899745747887025,0.089,202.9,1005.4,44.5,2671.6
SV,300,1.0,t300p100,2050,P_mix,North America,1.384,0.15934612252899547,74.21685576347184,41.765999127891355,4.152043419047057,120.13489831041024,53.62433501273841,0.092,181.1,898.6,36.3,2235.3
SV,500,1.0,t500p100,2050,P_mix,North America,1.384,0.15934612252899552,74.21685576347184,41.765999127891355,4.152043419047057,120.13489831041024,53.62433501273841,0.092,181.1,898.6,36.3,2235.3
TH,50,1.0,t50p100,2050,P_mix,Asia-Pacific,1.86,0.38003570416627325,89.88408549252907,51.5187410366863,5.581007624938282,146.98383415415367,48.3160523330354,0.187,164.9,896.1,45.7,4939.9
TH,100,1.0,t100p100,2050,P_mix,Asia-Pacific,1.596,0.24256161214277852,76.7658804201293,57.012956260323406,4.787929027413204,138.56676570786593,48.099635550532014,0.271,128.5,688.4,65.8,7664.0
TH,150,1.0,t150p100,2050,P_mix,Asia-Pacific,1.579,0.19337888322985,75.5313458061454,46.65637251901844,4.736947011784434,126.92466533694828,47.83545960187495,0.3,107.4,590.9,73.2,5273.8
TH,200,1.0,t200p100,2050,P_mix,Asia-Pacific,1.471,0.1464491647229638,69.69505679057094,45.836433766988584,4.4117332629732955,119.94322382053284,47.39297639014555,0.301,102.3,538.6,64.1,5828.4
TH,300,1.0,t300p100,2050,P_mix,Asia-Pacific,1.471,0.1459736388134307,69.69337195690093,43.969732740300365,4.4142672701438475,118.07737196734513,47.36462544640842,0.313,95.6,500.0,63.1,5678.5
TH,500,1.0,t500p100,2050,P_mix,Asia-Pacific,1.471,0.1459736388134307,69.69337195690093,43.969732740300365,4.4142672701438475,118.07737196734513,47.36462544640842,0.313,95.6,500.0,63.1,5678.5
TN,50,1.0,t50p100,2050,P_mix,Africa/MENA,1.714,0.31982984367793965,55.37501570454517,52.447610245782315,5.140835676210843,112.96346162653833,32.3147942429622,0.76,50.1,176.8,137.7,8014.7
TN,100,1.0,t100p100,2050,P_mix,Africa/MENA,1.73,0.21216492528403202,55.86861308917119,47.88982864165713,5.189675717155847,108.94811744798417,32.29601393270979,0.574,73.7,325.1,114.8,6258.0
TN,150,1.0,t150p100,2050,P_mix,Africa/MENA,1.73,0.21216492528403202,55.86861308917119,47.88982864165713,5.189675717155847,108.94811744798417,32.29601393270979,0.574,73.7,325.1,114.8,6258.0
TN,200,1.0,t200p100,2050,P_mix,Africa/MENA,1.578,0.14584008872254264,51.494666006834755,43.64592785408485,4.734676816649761,99.87527067756938,32.62820336062857,0.712,43.0,167.0,124.6,6115.6
TN,300,1.0,t300p100,2050,P_mix,Africa/MENA,1.703,0.14032666893125642,55.596735364571316,35.7111549361037,5.109428020283848,96.41731832095887,32.64361596475638,0.704,41.3,160.6,116.8,4162.8
TN,500,1.0,t500p100,2050,P_mix,Africa/MENA,1.703,0.14032666893125642,55.596735364571316,35.7111549361037,5.109428020283848,96.41731832095887,32.64361596475638,0.704,41.3,160.6,116.8,4162.8
TR,50,1.0,t50p100,2050,P_mix,Asia-Pacific,2.783,0.3865480044580101,121.47170748472148,87.99814436650517,8.349525526777638,217.81937737800425,43.6450096817424,0.473,108.7,570.4,97.2,16577.4
TR,100,1.0,t100p100,2050,P_mix,Asia-Pacific,2.543,0.230079593079862,110.95032053242551,75.70008479466276,7.628552550429516,194.27895787751777,43.6322564991096,0.363,126.3,648.8,90.0,12482.5
TR,150,1.0,t150p100,2050,P_mix,Asia-Pacific,2.615,0.22925838192255255,114.10046445211307,70.95472895150358,7.844971875742572,192.90016527935924,43.63322122476561,0.354,126.6,652.4,84.9,11265.7
TR,200,1.0,t200p100,2050,P_mix,Asia-Pacific,2.632,0.16498740566614079,114.07731092959993,60.476190328204446,7.896564605852834,182.45006586365722,43.33934436946703,0.375,104.7,551.9,78.6,9422.5
TR,300,1.0,t300p100,2050,P_mix,Asia-Pacific,2.417,0.15340357943405394,104.59464581569192,53.914953842592524,7.250585285124291,165.76018494340872,43.27704938397915,0.391,96.3,472.2,71.0,8465.8
TR,500,1.0,t500p100,2050,P_mix,Asia-Pacific,2.417,0.15340357943405394,104.59464581569192,53.914953842592524,7.250585285124291,165.76018494340872,43.27704938397915,0.391,96.3,472.2,71.0,8465.8
TW,50,1.0,t50p100,2050,P_mix,Asia-Pacific,1.283,0.5024779004982259,237.0790563215134,85.95393821126665,3.849509067008312,326.8825035997884,184.76048674884285,0.184,226.3,1271.7,87.7,9965.8
TW,100,1.0,t100p100,2050,P_mix,Asia-Pacific,1.247,0.31018571777520687,210.3490196807076,72.08559118063815,3.7413371483871147,286.17594800973285,168.6688566183259,0.176,203.5,1117.1,76.6,7708.7
TW,150,1.0,t150p100,2050,P_mix,Asia-Pacific,1.338,0.2277040729067944,211.17495992065838,60.38674499825608,4.015081765796279,275.5767866847107,157.78629595014812,0.149,222.9,1096.5,49.2,5271.7
TW,200,1.0,t200p100,2050,P_mix,Asia-Pacific,1.484,0.14587578516994545,222.84012172243084,74.22608251493894,4.450937688654054,301.51714192602384,150.19764641312022,0.133,245.5,1209.9,46.4,8364.6
TW,300,1.0,t300p100,2050,P_mix,Asia-Pacific,1.329,0.1361139863550558,193.85974760361356,65.7946922836952,3.9863012798536803,263.6407411671624,145.89445252170904,0.148,205.3,969.9,42.7,8224.5
TW,500,1.0,t500p100,2050,P_mix,Asia-Pacific,1.328,0.13617121718390438,193.80108003294416,64.97857701803204,3.9849092412096496,262.76456629218586,145.9012501680824,0.147,205.9,970.6,42.0,8001.4
UA,50,1.0,t50p100,2050,P_mix,Europe,1.763,0.382636070258875,87.95487119227909,74.85302665223686,5.289434731849765,168.09733257636572,49.885219679147376,0.626,75.0,354.4,117.2,13853.1
UA,100,1.0,t100p100,2050,P_mix,Europe,1.601,0.22630176592533874,79.820006256815,73.26769238009156,4.80268894919689,157.89038758610346,49.85957269010479,0.578,81.0,354.5,117.7,13292.8
UA,150,1.0,t150p100,2050,P_mix,Europe,1.575,0.22529669056656274,78.50549135746301,73.91275459058103,4.7235347293433305,157.14178067738737,49.8602185793881,0.568,83.8,367.3,113.1,13539.7
UA,200,1.0,t200p100,2050,P_mix,Europe,1.53,0.15795996796154688,76.0512830350265,65.05055468539838,4.588952158463154,145.69078987888804,49.71807097276183,0.616,65.3,273.6,109.9,11955.6
UA,300,1.0,t300p100,2050,P_mix,Europe,1.426,0.15071768974091698,70.8586749326095,64.16546028908652,4.277946287007828,139.30208150870388,49.69113928415242,0.655,60.6,239.0,109.1,12032.1
UA,500,1.0,t500p100,2050,P_mix,Europe,1.426,0.15071768974091698,70.8586749326095,64.16546028908652,4.277946287007828,139.30208150870388,49.69113928415242,0.655,60.6,239.0,109.1,12032.1
UG,50,1.0,t50p100,2050,P_mix,Africa/MENA,1.41,0.3916968899376549,148.3251474083292,58.52762783499438,4.231446387523792,211.08422163084737,105.15918233939408,0.209,150.1,836.1,58.5,7094.1
UG,100,1.0,t100p100,2050,P_mix,Africa/MENA,1.347,0.27556614082174624,140.39543897459797,55.56478980003537,4.0406142079156755,200.000842982549,104.2381913370189,0.203,147.9,798.9,69.6,6066.1
UG,150,1.0,t150p100,2050,P_mix,Africa/MENA,1.304,0.24013942196209853,132.99439692318919,57.23496984602878,3.9116814383386322,194.14104820755662,101.99787407509875,0.262,132.9,682.1,76.0,7307.3
UG,200,1.0,t200p100,2050,P_mix,Africa/MENA,1.391,0.18291122448422595,138.39629389961428,49.110803622557015,4.172899052011652,191.67999657418292,99.49650746971413,0.193,136.8,710.1,55.8,5487.0
UG,300,1.0,t300p100,2050,P_mix,Africa/MENA,1.239,0.14151023885310596,119.83081436536617,47.224001713507114,3.7157513580610093,170.77056743693427,96.74825047596575,0.315,103.5,482.1,68.8,6427.5
UG,500,1.0,t500p100,2050,P_mix,Africa/MENA,1.239,0.14151023885310596,119.83081436536617,47.224001713507114,3.7157513580610093,170.77056743693427,96.74825047596575,0.315,103.5,482.1,68.8,6427.5
US,50,1.0,t50p100,2050,P_mix,North America,1.595,0.21272625924671024,59.87002313780388,25.990727848523793,4.785103470496842,90.64585445682451,37.53525300358093,0.396,49.9,229.4,70.6,2567.9
US,100,1.0,t100p100,2050,P_mix,North America,1.564,0.14716793298044023,58.7055156322305,23.90653307832849,4.6929292982015856,87.30497800876057,37.528063114904164,0.245,63.5,312.7,57.6,1722.8
US,150,1.0,t150p100,2050,P_mix,North America,1.564,0.14716793298044023,58.7055156322305,23.90653307832849,4.6929292982015856,87.30497800876057,37.528063114904164,0.245,63.5,312.7,57.6,1722.8
US,200,1.0,t200p100,2050,P_mix,North America,1.448,0.10852686011810317,54.37211620482707,27.110635275928434,4.342655309740914,85.82540679049642,37.561431193629154,0.441,38.8,178.6,76.2,3168.1
US,300,1.0,t300p100,2050,P_mix,North America,1.369,0.09161874705988982,51.41196462712203,23.608900804094937,4.106254895494205,79.12712032671116,37.56120791493232,0.495,35.0,148.0,66.6,2785.7
US,500,1.0,t500p100,2050,P_mix,North America,1.369,0.09161874705988982,51.41196462712203,23.608900804094937,4.106254895494205,79.12712032671116,37.56120791493232,0.495,35.0,148.0,66.6,2785.7
UY,50,1.0,t50p100,2050,P_mix,Latin America,1.675,0.3126742385934118,67.56912339435708,55.12064998030326,5.023561941232812,127.71333531589316,40.3513229366743,0.552,70.2,319.2,112.2,8569.8
UY,100,1.0,t100p100,2050,P_mix,Latin America,1.633,0.1997217862460471,65.92786566157217,57.38872605059687,4.900378009669501,128.21696972183855,40.36088575094557,0.513,73.3,317.0,114.7,9113.1
UY,150,1.0,t150p100,2050,P_mix,Latin America,1.633,0.1997217862460471,65.92786566157217,57.38872605059687,4.900378009669501,128.21696972183855,40.36088575094557,0.513,73.3,317.0,114.7,9113.1
UY,200,1.0,t200p100,2050,P_mix,Latin America,1.594,0.15591323718702604,64.2570355884672,46.435064234142025,4.780716259171783,115.47281608178102,40.32264127693657,0.491,65.9,299.3,102.7,6593.6
UY,300,1.0,t300p100,2050,P_mix,Latin America,1.594,0.15593198904163583,64.26837586723533,46.394349891376976,4.781563532948479,115.44428929156079,40.32261126996171,0.49,65.9,299.6,102.5,6586.5
UY,500,1.0,t500p100,2050,P_mix,Latin America,1.594,0.15593198904163583,64.26837586723533,46.394349891376976,4.781563532948479,115.44428929156079,40.32261126996171,0.49,65.9,299.6,102.5,6586.5
UZ,50,1.0,t50p100,2050,P_mix,Asia-Pacific,2.883,0.4148373935722926,184.68213344655237,85.96037269546585,8.64886916293005,279.2913753049483,64.05998170423953,0.203,232.0,1157.9,82.7,10890.1
UZ,100,1.0,t100p100,2050,P_mix,Asia-Pacific,2.686,0.2566261067442334,171.3962150983856,78.8197626391308,8.059289295048558,258.27526703256495,63.80074302718797,0.185,204.5,1058.3,63.1,10623.0
UZ,150,1.0,t150p100,2050,P_mix,Asia-Pacific,2.472,0.20571670742481837,156.44570264457323,76.33630767267022,7.417205743249911,240.19921606049334,63.27680856916318,0.236,171.9,861.1,59.0,11849.9
UZ,200,1.0,t200p100,2050,P_mix,Asia-Pacific,2.559,0.18601609750334339,161.07040617113708,61.983790828881745,7.677768952244129,230.73196595226293,62.936410501409576,0.21,175.5,893.2,63.8,7174.6
UZ,300,1.0,t300p100,2050,P_mix,Asia-Pacific,2.273,0.16379149313142533,142.45574939909181,61.279261230967776,6.818940346174372,210.55395097623395,62.673557253957135,0.285,127.8,648.1,70.7,9010.2
UZ,500,1.0,t500p100,2050,P_mix,Asia-Pacific,2.273,0.16379149313142533,142.45574939909181,61.279261230967776,6.818940346174372,210.55395097623395,62.673557253957135,0.285,127.8,648.1,70.7,9010.2
VN,50,1.0,t50p100,2050,P_mix,Asia-Pacific,2.291,0.36965969246107017,111.03701153339233,52.82494334234862,6.87216501377173,170.73411988951267,48.47250232388603,0.29,144.7,785.1,78.7,5038.3
VN,100,1.0,t100p100,2050,P_mix,Asia-Pacific,2.083,0.25212863516084283,100.90804843752348,48.052216272503856,6.250033863553036,155.21029857358036,48.43560081776554,0.25,134.5,748.3,57.6,4864.8
VN,150,1.0,t150p100,2050,P_mix,Asia-Pacific,2.131,0.19176996433652876,102.46479606590734,48.34938085631371,6.39171699090954,157.20589391313058,48.092615589036114,0.244,137.4,737.1,65.0,4699.9
VN,200,1.0,t200p100,2050,P_mix,Asia-Pacific,1.978,0.14006223445369825,94.17320425800382,45.660933240687285,5.934533486353626,145.76867098504474,47.60603565952779,0.264,120.2,681.2,62.5,4617.0
VN,300,1.0,t300p100,2050,P_mix,Asia-Pacific,1.996,0.14021288858583653,94.94411069828223,43.233018480006905,5.988817040232591,144.16594621852173,47.56070024870647,0.249,116.5,684.2,60.7,4004.0
VN,500,1.0,t500p100,2050,P_mix,Asia-Pacific,1.996,0.1402128885858365,94.94411069828223,43.233018480006905,5.988817040232591,144.16594621852173,47.56070024870647,0.249,116.5,684.2,60.7,4004.0
ZA,50,1.0,t50p100,2050,P_mix,Africa/MENA,1.669,0.2516974772137681,74.69089749488751,39.85226535922643,5.0056318560424655,119.54879471015639,44.7641174838251,0.535,60.5,222.8,114.5,4795.5
ZA,100,1.0,t100p100,2050,P_mix,Africa/MENA,1.669,0.2516974772137681,74.69089749488751,39.85226535922643,5.0056318560424655,119.54879471015639,44.7641174838251,0.535,60.5,222.8,114.5,4795.5
ZA,150,1.0,t150p100,2050,P_mix,Africa/MENA,1.609,0.17584602092731189,72.1135877795157,35.89190359127331,4.826383716207101,112.8318750869961,44.82460907782156,0.411,74.9,286.9,99.7,3592.1
ZA,200,1.0,t200p100,2050,P_mix,Africa/MENA,1.466,0.11575399145431249,64.9073435835113,35.01205759081574,4.397959294411289,104.31736046873834,44.27554184004772,0.596,44.0,142.8,104.2,4550.7
ZA,300,1.0,t300p100,2050,P_mix,Africa/MENA,1.432,0.11011525052320956,63.25528452881784,33.35714811205016,4.295609874908782,100.90804251577678,44.17669646745636,0.452,58.1,218.9,86.4,4067.5
ZA,500,1.0,t500p100,2050,P_mix,Africa/MENA,1.432,0.11011525052320956,63.25528452881784,33.35714811205016,4.295609874908782,100.90804251577678,44.17669646745636,0.452,58.1,218.9,86.4,4067.5
ZM,50,1.0,t50p100,2050,P_mix,Africa/MENA,1.67,0.3539549919172086,70.92657402144167,55.0955802918742,5.0095284711569805,131.03168278447282,42.475000050290596,0.381,103.9,509.2,83.3,7963.7
ZM,100,1.0,t100p100,2050,P_mix,Africa/MENA,1.582,0.23704893522195933,67.2766558173659,45.593911890556925,4.746033164720887,117.6166008726437,42.52603394185663,0.309,104.2,530.5,77.1,5271.1
ZM,150,1.0,t150p100,2050,P_mix,Africa/MENA,1.567,0.23589308450184965,66.61272340329432,48.318398840161635,4.7005653568835495,119.6316876003395,42.51364570800789,0.342,97.0,496.4,83.8,6131.3
ZM,200,1.0,t200p100,2050,P_mix,Africa/MENA,1.481,0.1406998163826956,61.95956311950033,39.981210419108145,4.441820371469469,106.38259391007793,41.84741250511386,0.433,71.5,356.5,83.2,5010.0
ZM,300,1.0,t300p100,2050,P_mix,Africa/MENA,1.514,0.1366873508596431,63.18631697061175,43.36355928260098,4.542052357433082,111.09192861064581,41.73420647642279,0.402,78.0,379.0,85.9,5655.9
ZM,500,1.0,t500p100,2050,P_mix,Africa/MENA,1.514,0.1366873508596431,63.18631697061175,43.36355928260098,4.542052357433082,111.09192861064581,41.73420647642279,0.402,78.0,379.0,85.9,5655.9
