parameter,variant,country,corner,uncovered_pct,lcoe_elec,lcoe_gen,lcoe_store,lcoe_anc
lambda_inf,low_0.21,AE,national,33.53776786995029,120.62557223416637,78.02985806458297,39.2957141695834,3.2999999999999985
lambda_inf,low_0.21,AE,global,12.514285470334233,107.75854982650229,76.75913851231886,27.699411314183426,3.2999999999999985
lambda_inf,low_0.21,AF,national,33.77167310471895,148.27440250408048,100.73104905293613,44.24335345114436,3.3000000000000007
lambda_inf,low_0.21,AF,global,14.113215424598202,134.10022101755612,97.79221246821213,33.00800854934399,3.300000000000001
lambda_inf,low_0.21,AR,national,26.67669359122359,86.9597203336186,41.76032155390606,41.899398779712584,3.299999999999967
lambda_inf,low_0.21,AR,global,13.674742058172448,78.52230211950958,42.1025874772535,33.119714642256106,3.299999999999967
lambda_inf,low_0.21,AT,national,32.51014266263599,125.03546027457884,73.36704533879715,48.36841493578168,3.2999999999999963
lambda_inf,low_0.21,AT,global,15.983316466315905,116.1673417785268,73.95016745484241,38.91717432368441,3.2999999999999967
lambda_inf,low_0.21,AU,national,23.79737470075664,94.42414836876065,55.66025882945972,35.463889539300936,3.299999999999998
lambda_inf,low_0.21,AU,global,10.741908746875216,85.17739027478869,56.595525559770444,25.281864715018237,3.299999999999998
lambda_inf,low_0.21,BD,national,37.28010075432794,149.58001037135537,96.7122650782439,49.56774529311148,3.299999999999994
lambda_inf,low_0.21,BD,global,15.075903226435736,133.84768402273122,95.28458729416172,35.2630967285695,3.2999999999999945
lambda_inf,low_0.21,BE,national,23.398685128001013,94.40632907867666,48.77938919942937,42.32693987924738,3.2999999999999234
lambda_inf,low_0.21,BE,global,12.893279304481567,86.87947838278058,49.44936112976265,34.13011725301799,3.2999999999999257
lambda_inf,low_0.21,BF,national,34.26468620729168,146.15488010275823,92.16083855719333,50.69404154556489,3.300000000000005
lambda_inf,low_0.21,BF,global,15.346448238443486,132.15545825689992,89.67040919357262,39.18504906332729,3.3000000000000047
lambda_inf,low_0.21,BG,national,31.891598889871155,120.82774215908644,72.48656698751509,45.041175171571346,3.300000000000001
lambda_inf,low_0.21,BG,global,13.548788754020963,112.19915392193782,73.01626459456668,35.882889327371146,3.3000000000000007
lambda_inf,low_0.21,BH,national,35.4159808651349,122.72757437657599,72.4837312205964,46.94384315597961,3.29999999999999
lambda_inf,low_0.21,BH,global,14.113296191929075,108.5549246701299,72.13044246884608,33.124482201283826,3.2999999999999914
lambda_inf,low_0.21,BI,national,39.02816666527577,205.93189184890892,162.09926683229534,40.53262501661355,3.300000000000002
lambda_inf,low_0.21,BI,global,12.935708153981123,185.60947310878242,148.7694042021524,33.54006890662999,3.3000000000000025
lambda_inf,low_0.21,BO,national,38.78024817602176,140.84511409283044,90.68166172606935,46.86345236676109,3.3000000000000025
lambda_inf,low_0.21,BO,global,13.848486668280364,128.1636485242361,87.1841800436291,37.679468480607,3.300000000000004
lambda_inf,low_0.21,BR,national,19.696516315731397,84.70261704002488,46.702945199253065,34.69967184077181,3.300000000000008
lambda_inf,low_0.21,BR,global,10.125602340352453,76.57942657893011,47.077659612104696,26.2017669668254,3.3000000000000074
lambda_inf,low_0.21,BY,national,32.537537609649526,141.1475840988756,86.40737198050654,51.440212118369054,3.3
lambda_inf,low_0.21,BY,global,15.204600216493642,134.10473425880198,87.58855043584548,43.216183822956516,3.3000000000000007
lambda_inf,low_0.21,CA,national,19.717457986261355,96.47653215917465,62.455304381552594,30.72122777762206,3.300000000000005
lambda_inf,low_0.21,CA,global,9.993733437728313,90.43895241576553,63.40549514727852,23.733457268486994,3.3000000000000047
lambda_inf,low_0.21,CH,national,39.759230026291895,174.60234030454492,123.84645354637654,47.45588675816838,3.300000000000014
lambda_inf,low_0.21,CH,global,15.901946583998052,165.96910690698405,122.31890152349827,40.35020538348579,3.3000000000000123
lambda_inf,low_0.21,CL,national,30.910027477669644,100.04400345174358,51.00128571005848,45.74271774168509,3.300000000000002
lambda_inf,low_0.21,CL,global,14.478646768936846,89.08339951551804,51.15589016907368,34.62750934644436,3.300000000000004
lambda_inf,low_0.21,CN,national,15.153340685659208,86.21431177198941,55.92095532925748,26.993356442731933,3.299999999999998
lambda_inf,low_0.21,CN,global,8.160032138265095,82.31309187303643,56.14147871955233,22.87161315348411,3.299999999999999
lambda_inf,low_0.21,CO,national,39.39802545963039,146.4455414742474,100.00389740996346,43.141644064283945,3.300000000000007
lambda_inf,low_0.21,CO,global,13.837343184834044,131.1517611899129,95.39693535093916,32.454825838973726,3.300000000000005
lambda_inf,low_0.21,CR,national,38.259382340121604,195.69408802721748,147.99449487304776,44.39959315416971,3.299999999999992
lambda_inf,low_0.21,CR,global,13.648368018958653,177.829437866787,140.70937084039338,33.820067026393644,3.2999999999999914
lambda_inf,low_0.21,CU,national,28.918013886108124,100.18672949155042,56.999919283749804,39.886810207800615,3.299999999999996
lambda_inf,low_0.21,CU,global,12.86342052735239,90.58130590123547,57.45459941595327,29.826706485282205,3.2999999999999945
lambda_inf,low_0.21,CV,national,27.625940150216525,98.07147213817836,52.3158225256512,42.45564961252717,3.3000000000000043
lambda_inf,low_0.21,CV,global,14.087118297864695,88.72259339080787,52.85174862957919,32.57084476122867,3.3000000000000047
lambda_inf,low_0.21,CZ,national,32.473753877892044,154.7949343100275,101.29254757717514,50.20238673285235,3.300000000000006
lambda_inf,low_0.21,CZ,global,15.117752165041864,144.9525029366979,101.28653439981052,40.36596853688737,3.3000000000000065
lambda_inf,low_0.21,DE,national,22.109236724494927,97.14934706075061,49.18796389973434,44.661383161016275,3.299999999999999
lambda_inf,low_0.21,DE,global,11.669265873000972,88.70043754611162,50.13923919553934,35.26119835057226,3.299999999999999
lambda_inf,low_0.21,DK,national,24.193366826911692,99.49818720704526,52.88319049013362,43.314996716911644,3.300000000000005
lambda_inf,low_0.21,DK,global,13.008582192132515,91.19238609819135,53.60972663907348,34.282659459117866,3.3000000000000047
lambda_inf,low_0.21,DO,national,33.147659209062255,118.70949264475547,73.25283499398935,42.156657650766114,3.299999999999992
lambda_inf,low_0.21,DO,global,12.861851798612328,105.9115037737914,72.62839988224485,29.983103891546563,3.299999999999993
lambda_inf,low_0.21,DZ,national,34.96722720593735,115.72369991932771,64.33494010778593,48.08875981154182,3.2999999999999727
lambda_inf,low_0.21,DZ,global,15.982753971062918,105.35057488713791,64.61732830468074,37.43324658245721,3.299999999999974
lambda_inf,low_0.21,EC,national,49.146523167981215,196.1423845532002,141.73311920725348,51.10926534594674,3.300000000000001
lambda_inf,low_0.21,EC,global,13.646390923523699,123.94946506163046,81.90994885766563,38.739516203964826,3.300000000000001
lambda_inf,low_0.21,EE,national,29.55231299689684,123.46101680674221,65.68992295581673,54.4710938509255,3.299999999999983
lambda_inf,low_0.21,EE,global,15.428487097089102,115.0520429852791,66.01605799519065,45.73598499008846,3.2999999999999834
lambda_inf,low_0.21,EG,national,26.481652341420265,90.6053343525445,35.989307644214634,51.316026708329865,3.3000000000000105
lambda_inf,low_0.21,EG,global,14.326831718942284,77.40358000493764,36.005417958983855,38.098162045953764,3.3000000000000114
lambda_inf,low_0.21,ES,national,25.861346640718875,111.65142009693402,70.36414879593703,37.98727130099699,3.2999999999999914
lambda_inf,low_0.21,ES,global,12.8688591669401,105.00054672645064,70.56217541758507,31.138371308865555,3.2999999999999927
lambda_inf,low_0.21,ET,national,28.046290068244094,108.05960794808595,55.87881578726875,48.88079216081719,3.300000000000014
lambda_inf,low_0.21,ET,global,14.372733405918215,96.62893689877501,55.92019368300743,37.40874321576755,3.300000000000014
lambda_inf,low_0.21,FI,national,31.149722612331605,132.9162277767356,66.1672559160464,63.448971860689184,3.3000000000000296
lambda_inf,low_0.21,FI,global,17.033470021908567,120.35104783536882,66.43262022819113,50.618427607177644,3.3000000000000296
lambda_inf,low_0.21,FJ,national,33.44070349974947,137.42536225551373,92.95925035368114,41.16611190183261,3.3000000000000025
lambda_inf,low_0.21,FJ,global,13.398045747934272,124.54902109204154,90.9564799595062,30.292541132535334,3.300000000000002
lambda_inf,low_0.21,FR,national,23.26906471251111,105.99841889979575,65.09665682981131,37.60176206998444,3.3000000000000087
lambda_inf,low_0.21,FR,global,11.856343439525038,98.48053730130026,65.8158812609282,29.364656040372058,3.3000000000000087
lambda_inf,low_0.21,GB,national,22.97356160781365,99.35177481445103,57.74808947593175,38.30368533851929,3.3
lambda_inf,low_0.21,GB,global,11.619219542169464,90.65475725062612,58.741622652546475,28.613134598079643,3.3
lambda_inf,low_0.21,GF,national,31.300343336217633,175.3446551622276,130.93650460508115,41.108150557146466,3.3000000000000114
lambda_inf,low_0.21,GF,global,15.386100220247018,167.3103801138159,128.27151615015583,35.73886396366006,3.30000000000001
lambda_inf,low_0.21,GH,national,28.42478742416154,163.83441301478965,123.71170445391691,36.822708560872705,3.30000000000002
lambda_inf,low_0.21,GH,global,13.07664555017427,152.5440194182729,120.2791610478026,28.964858370470303,3.300000000000017
lambda_inf,low_0.21,GR,national,39.83400796677892,141.42190708798793,89.1382681464577,48.983638941530224,3.3000000000000047
lambda_inf,low_0.21,GR,global,15.06500887043258,126.69151683094638,87.9424364594556,35.44908037149079,3.300000000000004
lambda_inf,low_0.21,GT,national,38.178416889473525,131.833397592832,85.16764809525195,43.36574949758005,3.300000000000001
lambda_inf,low_0.21,GT,global,13.996343003274445,117.47038989891992,83.49287590959746,30.67751398932245,3.300000000000002
lambda_inf,low_0.21,HN,national,34.382239503896436,110.06516688565657,61.02447173070806,45.74069515494851,3.299999999999993
lambda_inf,low_0.21,HN,global,14.320398203566384,97.37422984859407,61.44295578908829,32.63127405950579,3.2999999999999936
lambda_inf,low_0.21,HU,national,34.87254425570626,143.9811090950296,91.8536223514699,48.82748674355973,3.3000000000000074
lambda_inf,low_0.21,HU,global,16.067552883220856,131.21209696277646,91.85478317424536,36.057313788531104,3.3000000000000065
lambda_inf,low_0.21,ID,national,40.757662853623636,172.0324305899265,123.19913454303338,45.53329604689313,3.2999999999999985
lambda_inf,low_0.21,ID,global,15.096897644664303,153.17640000730967,116.61504205491343,33.26135795239624,3.299999999999998
lambda_inf,low_0.21,IE,national,30.119792546866613,112.25007927417369,47.49136047190421,61.458718802269495,3.299999999999977
lambda_inf,low_0.21,IE,global,16.905086963831508,99.73797750826733,46.836285253585295,49.60169225468205,3.299999999999977
lambda_inf,low_0.21,IL,national,43.90719452985626,163.38289474298358,113.9125215132752,46.1703732297084,3.299999999999993
lambda_inf,low_0.21,IL,global,12.838101361785787,138.96432888881043,101.06317294085022,34.60115594796022,3.2999999999999945
lambda_inf,low_0.21,IN,national,25.364745867796568,105.45349260354322,66.36825881135482,35.78523379218841,3.300000000000004
lambda_inf,low_0.21,IN,global,11.280135533254128,95.8723613345989,66.77701321021684,25.795348124382066,3.300000000000004
lambda_inf,low_0.21,IR,national,44.32604799134583,161.53618881813412,65.48372141018753,92.7524674079466,3.2999999999999936
lambda_inf,low_0.21,IR,global,22.380829295183784,145.3408747870757,65.70076754715055,76.34010723992515,3.2999999999999945
lambda_inf,low_0.21,IT,national,39.771829704251886,148.7698369690947,97.63457985417831,47.83525711491641,3.300000000000008
lambda_inf,low_0.21,IT,global,14.456218799816861,133.2206682471271,96.25731842320134,33.66334982392574,3.3000000000000074
lambda_inf,low_0.21,JM,national,43.80583642463579,136.31392084751485,86.8651949350876,46.14872591242724,3.3000000000000065
lambda_inf,low_0.21,JM,global,12.963860564753274,117.91088875766873,81.50267196304311,33.10821679462561,3.300000000000005
lambda_inf,low_0.21,JO,national,28.004913321583803,114.08179458003782,64.82977573793987,45.95201884209795,3.300000000000001
lambda_inf,low_0.21,JO,global,13.511062372138118,104.37998461363445,64.72700942139936,36.35297519223508,3.3000000000000007
lambda_inf,low_0.21,JP,national,39.828894913356045,141.02659706570287,89.1524857768188,48.57411128888405,3.2999999999999945
lambda_inf,low_0.21,JP,global,14.804373676703724,126.5877366101838,89.07576501801535,34.211971592168446,3.2999999999999945
lambda_inf,low_0.21,KE,national,30.321182145518716,100.37594223776057,47.123960185962034,49.95198205179854,3.299999999999979
lambda_inf,low_0.21,KE,global,13.859560958667224,88.505734036252,47.9454866591783,37.26024737707371,3.299999999999979
lambda_inf,low_0.21,KH,national,33.95469871190313,162.33853651801135,118.56529966289511,40.473236855116255,3.300000000000001
lambda_inf,low_0.21,KH,global,14.747511715976055,146.7181505041161,115.33261155968042,28.08553894443567,3.300000000000001
lambda_inf,low_0.21,KR,national,40.823000302050666,158.67164545102736,109.57154168488721,45.80010376614017,3.299999999999999
lambda_inf,low_0.21,KR,global,14.148735444542204,143.35624513533233,107.42025732245195,32.635987812880394,3.300000000000001
lambda_inf,low_0.21,KW,national,30.007824449761074,99.16903649556025,49.928607779726626,45.940428715833626,3.300000000000005
lambda_inf,low_0.21,KW,global,13.877756062389091,88.16335156866867,50.312034019917455,34.55131754875122,3.300000000000005
lambda_inf,low_0.21,KZ,national,43.42845857133869,143.90081633910825,86.25109280924374,54.34972352986447,3.300000000000015
lambda_inf,low_0.21,KZ,global,15.623793825752438,131.164877955203,85.39248321749797,42.472394737704995,3.300000000000014
lambda_inf,low_0.21,LC,national,21.79782523562206,79.6771602699603,39.49898204936971,36.87817822059059,3.300000000000002
lambda_inf,low_0.21,LC,global,11.370022556846171,71.2005204051257,40.19408971869183,27.706430686433876,3.3000000000000016
lambda_inf,low_0.21,LK,national,28.262730705655386,95.21667289826483,50.7577537066822,41.158919191582605,3.30000000000002
lambda_inf,low_0.21,LK,global,13.200349820460586,85.12096329036542,51.84166380906314,29.979299481302256,3.3000000000000185
lambda_inf,low_0.21,LY,national,23.85976076409638,87.53733619680695,46.948553237962464,37.288782958844486,3.299999999999998
lambda_inf,low_0.21,LY,global,12.140954527144702,79.75661857714907,47.210577706365314,29.246040870783762,3.2999999999999963
lambda_inf,low_0.21,MA,national,35.81778490701038,119.31714585133753,61.42182781723654,54.59531803410099,3.299999999999996
lambda_inf,low_0.21,MA,global,16.379420967573765,108.45262974245122,61.59410726174608,43.55852248070514,3.299999999999996
lambda_inf,low_0.21,MG,national,35.38588063318905,162.39543577366817,120.57237033130858,38.52306544235956,3.3000000000000105
lambda_inf,low_0.21,MG,global,11.731473170308568,144.36172486637216,113.29130653778974,27.770418328582387,3.300000000000009
lambda_inf,low_0.21,MM,national,33.98517099228013,153.0308180197004,102.98280067589455,46.74801734380584,3.3000000000000025
lambda_inf,low_0.21,MM,global,14.596885241411819,138.96517236243236,101.23756168095503,34.42761068147735,3.3000000000000025
lambda_inf,low_0.21,MN,national,28.685192602238345,107.54128653771906,59.978855104862056,44.262431432857014,3.299999999999993
lambda_inf,low_0.21,MN,global,13.955518484967797,97.21511934156776,60.709180814655525,33.20593852691223,3.299999999999994
lambda_inf,low_0.21,MR,national,26.45861324979913,97.53457071549673,47.40391511686961,46.830655598627104,3.3000000000000145
lambda_inf,low_0.21,MR,global,14.942025016633345,91.37393692894935,47.87673251548669,40.197204413462636,3.300000000000015
lambda_inf,low_0.21,MU,national,28.322637380196085,102.61158702264093,54.619639827357034,44.69194719528391,3.2999999999999927
lambda_inf,low_0.21,MU,global,13.145329558166038,90.45655311561192,55.44941391475821,31.707139200853703,3.299999999999994
lambda_inf,low_0.21,MX,national,24.276234337896536,85.83536050208251,39.89557136321646,42.639789138866036,3.3000000000000167
lambda_inf,low_0.21,MX,global,12.61092287687304,74.49107645690412,40.5007372895816,30.6903391673225,3.300000000000017
lambda_inf,low_0.21,MY,national,36.86360790158299,247.5850610681313,194.17229520770846,50.11276586042285,3.300000000000009
lambda_inf,low_0.21,MY,global,16.19246923380116,223.18290370735664,183.58668988526514,36.29621382209152,3.3000000000000096
lambda_inf,low_0.21,NE,national,39.057799254580466,126.36179991191305,67.20019173975741,55.861608172155655,3.3000000000000043
lambda_inf,low_0.21,NE,global,17.335819489713085,115.30267000076097,67.00088576701758,45.00178423374339,3.3000000000000047
lambda_inf,low_0.21,NG,national,27.801004633067844,212.23585013998255,170.7909263321181,38.14492380786447,3.3000000000000065
lambda_inf,low_0.21,NG,global,13.88104125174023,199.10433856142132,166.2436865046585,29.560652056762834,3.3000000000000065
lambda_inf,low_0.21,NI,national,30.724433574755672,108.65761077455655,59.450157573069596,45.90745320148695,3.2999999999999883
lambda_inf,low_0.21,NI,global,14.52783392273918,96.7608474892664,59.61203413568211,33.84881335358431,3.2999999999999887
lambda_inf,low_0.21,NL,national,21.03138912659292,87.94353064574824,46.85351606861939,37.790014577128794,3.3000000000000584
lambda_inf,low_0.21,NL,global,11.713931150621391,81.01549525930778,47.446440712117294,30.26905454719044,3.3000000000000567
lambda_inf,low_0.21,NO,national,34.80875265750997,136.39534025315365,81.66924833821854,51.426091914935085,3.300000000000031
lambda_inf,low_0.21,NO,global,17.370834519219862,126.68546120782779,82.26520825500847,41.120252952819264,3.300000000000031
lambda_inf,low_0.21,NP,national,49.81194937903838,346.57534527176915,288.73807082264005,54.537274449129114,3.3000000000000047
lambda_inf,low_0.21,NP,global,14.173801613665999,213.23413484671372,170.61287085192563,39.321263994788076,3.3000000000000047
lambda_inf,low_0.21,NZ,national,27.779335001263654,105.22919231348419,59.81671626162388,42.11247605186032,3.2999999999999834
lambda_inf,low_0.21,NZ,global,13.690805585697266,96.06556285730159,60.370530601291335,32.395032256010275,3.2999999999999847
lambda_inf,low_0.21,OM,national,26.24665477407232,97.08341135328817,52.20639305125125,41.57701830203691,3.3000000000000105
lambda_inf,low_0.21,OM,global,12.1722238108014,85.97334926186804,52.59756231049025,30.07578695137777,3.3000000000000105
lambda_inf,low_0.21,PA,national,41.85622231638435,162.65854903259998,116.3813312470254,42.977217785574595,3.2999999999999927
lambda_inf,low_0.21,PA,global,13.305540012621602,144.0730972127981,107.51346707061288,33.25963014218523,3.299999999999993
lambda_inf,low_0.21,PE,national,23.297526317988535,84.35497964597229,45.414887727331845,35.640091918640444,3.2999999999999927
lambda_inf,low_0.21,PE,global,11.311044036480245,76.45512626279128,45.82647228424274,27.328653978548545,3.299999999999993
lambda_inf,low_0.21,PH,national,28.678224998675212,96.81161523279549,45.32283181502303,48.1887834177725,3.299999999999972
lambda_inf,low_0.21,PH,global,13.60499336917958,85.59231456370158,45.18802889083435,37.10428567286726,3.2999999999999714
lambda_inf,low_0.21,PK,national,27.382848230758484,103.8078715348224,56.96352637242744,43.54434516239496,3.3000000000000007
lambda_inf,low_0.21,PK,global,12.751140621960836,92.98093257063289,57.76550680728745,31.915425763345436,3.300000000000001
lambda_inf,low_0.21,PL,national,29.234076279977845,127.47167209432499,72.438764270323,51.732907824001984,3.2999999999999914
lambda_inf,low_0.21,PL,global,13.906385210735033,116.18786654486483,73.56567067709092,39.322195867773914,3.2999999999999914
lambda_inf,low_0.21,PS,national,42.975267270517584,263.34581364802085,209.1234070659867,50.92240658203417,3.2999999999999905
lambda_inf,low_0.21,PS,global,15.871357896579783,230.62535132998562,189.10695196404225,38.218399365943334,3.2999999999999914
lambda_inf,low_0.21,PT,national,36.22098348488828,137.9532781778946,88.79383853413141,45.859439643763196,3.2999999999999967
lambda_inf,low_0.21,PT,global,15.371297847266458,124.99312696151465,87.94853247410722,33.74459448740742,3.2999999999999967
lambda_inf,low_0.21,PY,national,30.871205635820907,129.4299056487577,85.07524085471557,41.054664794042125,3.2999999999999945
lambda_inf,low_0.21,PY,global,14.583591198625296,120.8779811506339,84.17584257847605,33.40213857215786,3.299999999999996
lambda_inf,low_0.21,RO,national,31.679878751295824,129.34130935598327,75.91815362167728,50.12315573430602,3.299999999999996
lambda_inf,low_0.21,RO,global,14.130217781597192,119.45021072095658,76.53394329864797,39.61626742230861,3.2999999999999945
lambda_inf,low_0.21,RU,national,34.96293673222465,137.2985296363561,74.13453262787819,59.86399700847791,3.2999999999999967
lambda_inf,low_0.21,RU,global,16.112484072357848,127.11388089025786,75.2396866051423,48.57419428511555,3.299999999999997
lambda_inf,low_0.21,RW,national,36.705858841180984,218.15199894882318,171.9426918191807,42.9093071296425,3.299999999999983
lambda_inf,low_0.21,RW,global,13.508066485296489,194.3074803232939,159.45112049250253,31.556359830791365,3.2999999999999834
lambda_inf,low_0.21,SA,national,26.914078967966443,99.26184104252644,52.448736597613625,43.513104444912834,3.2999999999999807
lambda_inf,low_0.21,SA,global,13.61460292873371,89.36126957213311,52.59497091815449,33.466298653978626,3.2999999999999816
lambda_inf,low_0.21,SE,national,34.0252629590261,158.3071580816735,90.09801989273868,64.90913818893482,3.2999999999999914
lambda_inf,low_0.21,SE,global,16.95244885894234,143.30159043971736,91.03889685853068,48.96269358118669,3.2999999999999914
lambda_inf,low_0.21,SK,national,39.32763108990857,166.65519980085435,110.01084963156269,53.34435016929166,3.299999999999996
lambda_inf,low_0.21,SK,global,16.693297042559887,154.25813214747748,109.16835231315201,41.789779834325444,3.2999999999999967
lambda_inf,low_0.21,SN,national,28.074093902918783,120.75948458287199,70.11697308360199,47.34251149927002,3.2999999999999927
lambda_inf,low_0.21,SN,global,15.682156922908733,111.19246828754747,69.94746568180041,37.94500260574704,3.2999999999999927
lambda_inf,low_0.21,SR,national,27.75436381497589,215.8496624120657,171.7304202768342,40.81924213523151,3.299999999999982
lambda_inf,low_0.21,SR,global,14.822004436956737,205.91631130666423,168.9939688209658,33.62234248569846,3.299999999999982
lambda_inf,low_0.21,SV,national,41.309068473254385,131.36463241441214,85.068305844534,42.99632656987814,3.2999999999999963
lambda_inf,low_0.21,SV,global,13.442538853375217,116.21764703222225,82.69585291426532,30.221794117956936,3.2999999999999967
lambda_inf,low_0.21,TH,national,33.84227440969197,123.08723256057687,75.24403826450478,44.54319429607208,3.3000000000000074
lambda_inf,low_0.21,TH,global,14.259949467775677,110.01137308251501,74.96563440909758,31.74573867341744,3.300000000000005
lambda_inf,low_0.21,TN,national,29.982783411976367,102.46731261834391,50.69145514821998,48.475857470124,3.2999999999999483
lambda_inf,low_0.21,TN,global,15.020069548353534,92.92957095529727,51.32546112193846,38.30410983335886,3.2999999999999488
lambda_inf,low_0.21,TR,national,36.64769234934081,120.87488598136996,66.93383892094758,50.64104706042238,3.3000000000000065
lambda_inf,low_0.21,TR,global,14.7459361850037,107.6860303659801,67.06530809926905,37.32072226671105,3.300000000000005
lambda_inf,low_0.21,TW,national,49.333643571418165,309.45032792220695,257.7067841292321,48.44354379297488,3.2999999999999985
lambda_inf,low_0.21,TW,global,14.024891989693897,241.77269685515287,203.41866829381274,35.054028561340154,3.3000000000000007
lambda_inf,low_0.21,UA,national,35.07168440870158,134.89362314150364,78.50747888480709,53.08614425669654,3.3000000000000034
lambda_inf,low_0.21,UA,global,14.531283059641634,122.1862109654151,78.87898921594194,40.00722174947316,3.300000000000002
lambda_inf,low_0.21,UG,national,38.49145312658357,189.31502354090262,138.69592961549282,47.319093925409845,3.299999999999983
lambda_inf,low_0.21,UG,global,14.609232364061292,165.32954166599797,126.82085231649083,35.20868934950711,3.299999999999985
lambda_inf,low_0.21,US,national,15.850540477863802,82.65198961897914,57.50440376835868,21.847585850620455,3.3000000000000105
lambda_inf,low_0.21,US,global,8.044591255848383,79.08096210112129,57.755572017627614,18.025390083493658,3.30000000000001
lambda_inf,low_0.21,UY,national,26.20914595977209,105.33276173610274,62.730678239784666,39.30208349631808,3.3000000000000047
lambda_inf,low_0.21,UY,global,13.435608668254012,98.43407760180237,63.087240870534984,32.046836731267376,3.3000000000000047
lambda_inf,low_0.21,UZ,national,39.1096117910017,153.03575901437966,93.59654447139346,56.13921454298621,3.300000000000016
lambda_inf,low_0.21,UZ,global,15.457103650501894,135.23006573139585,91.92595559786704,40.0041101335288,3.300000000000015
lambda_inf,low_0.21,VN,national,33.532718928048226,120.57299399873293,72.28811396838763,44.984880030345266,3.300000000000012
lambda_inf,low_0.21,VN,global,13.46494145902349,107.75420716223681,71.88531865700683,32.56888850522995,3.300000000000012
lambda_inf,low_0.21,ZA,national,23.760414369077303,102.04198881247436,65.12411396401342,33.61787484846094,3.299999999999998
lambda_inf,low_0.21,ZA,global,11.568689583097763,93.79706703437884,65.0115417749057,25.48552525947314,3.299999999999998
lambda_inf,low_0.21,ZM,national,29.59585619604298,112.35877439635281,65.69343689697644,43.36533749937638,3.299999999999999
lambda_inf,low_0.21,ZM,global,12.759609704666255,100.09582618782309,65.55638486902784,31.239441318795244,3.299999999999999
lambda_inf,mid_0.308,AE,national,33.81258966997641,121.02350671777837,78.0225556964807,39.70095102129768,3.2999999999999985
lambda_inf,mid_0.308,AE,global,12.7290884431845,107.80332478213664,76.75193591678307,27.751388865353558,3.2999999999999985
lambda_inf,mid_0.308,AF,national,34.16885768094966,148.9161802863195,101.00577467669973,44.610405609619754,3.300000000000001
lambda_inf,mid_0.308,AF,global,14.520288738807363,134.433022284957,98.13700360288175,32.996018682075245,3.3000000000000007
lambda_inf,mid_0.308,AR,national,27.054316753934067,87.19189227722082,41.747260304148064,42.14463197307279,3.299999999999967
lambda_inf,mid_0.308,AR,global,14.080872223654739,78.35822875365928,42.077790586172924,32.98043816748638,3.299999999999966
lambda_inf,mid_0.308,AT,national,32.842672777512085,125.89170578164669,73.179377982498,49.41232779914868,3.299999999999998
lambda_inf,mid_0.308,AT,global,16.279949596211164,116.69074298218003,73.7393195804574,39.651423401722624,3.299999999999998
lambda_inf,mid_0.308,AU,national,24.195208893938737,95.5787679264036,55.80823733079426,36.47053059560933,3.299999999999998
lambda_inf,mid_0.308,AU,global,11.094061409539698,85.14196517888954,56.77419181389581,25.067773364993723,3.2999999999999967
lambda_inf,mid_0.308,BD,national,37.57851938328084,149.3501424699964,96.8399126334929,49.21022983650349,3.2999999999999945
lambda_inf,mid_0.308,BD,global,15.372838959173576,134.38499656302812,95.4339682711763,35.651028291851816,3.2999999999999945
lambda_inf,mid_0.308,BE,national,23.74360554225879,94.75297486796897,48.620509349412394,42.83246551855665,3.299999999999924
lambda_inf,mid_0.308,BE,global,13.302852768728856,87.06233107137933,49.20430852130814,34.558022550071264,3.2999999999999243
lambda_inf,mid_0.308,BF,national,34.76540721298493,146.29978883916186,92.06290485986459,50.93688397929729,3.300000000000005
lambda_inf,mid_0.308,BF,global,15.770423139782741,132.8186246276048,89.54428507892926,39.97433954867553,3.300000000000005
lambda_inf,mid_0.308,BG,national,32.21870357541087,120.61123792614036,72.46477957736674,44.84645834877363,3.300000000000001
lambda_inf,mid_0.308,BG,global,13.842127802522834,112.22444124219126,72.98550665024692,35.938934591944346,3.300000000000001
lambda_inf,mid_0.308,BH,national,35.75952746822353,122.82580476030293,72.51649508477566,47.00930967552728,3.2999999999999914
lambda_inf,mid_0.308,BH,global,14.458978694683356,108.49129805878697,72.17198581950512,33.01931223928184,3.2999999999999914
lambda_inf,mid_0.308,BI,national,39.45537387785158,205.95019120818358,161.96469676915396,40.68549443902963,3.3000000000000025
lambda_inf,mid_0.308,BI,global,13.34216466239447,185.72417098524934,148.7112446668298,33.71292631841956,3.300000000000002
lambda_inf,mid_0.308,BO,national,39.14418281443195,140.91826249710277,90.81611786053716,46.80214463656562,3.3000000000000025
lambda_inf,mid_0.308,BO,global,14.203561812613556,127.86915258324889,87.35323072504227,37.215921858206634,3.300000000000004
lambda_inf,mid_0.308,BR,national,20.027341962625304,85.89630057327527,46.61175141241118,35.984549160864105,3.300000000000008
lambda_inf,mid_0.308,BR,global,10.46418820320811,78.06848937366743,46.96461544392083,27.803873929746594,3.300000000000008
lambda_inf,mid_0.308,BY,national,32.889392775361884,142.23325835957382,86.1087559595763,52.82450239999752,3.3000000000000007
lambda_inf,mid_0.308,BY,global,15.619719619410777,133.1872242416377,87.21572520376537,42.67149903787232,3.3000000000000007
lambda_inf,mid_0.308,CA,national,20.059903958385537,96.47990046744964,62.5168904658701,30.663010001579533,3.300000000000005
lambda_inf,mid_0.308,CA,global,10.371924835362742,90.51062168637701,63.454571033271925,23.75605065310509,3.300000000000005
lambda_inf,mid_0.308,CH,national,39.98076704606445,174.75436277541212,124.17494905337371,47.2794137220384,3.300000000000014
lambda_inf,mid_0.308,CH,global,16.13623811717971,166.21590971504529,122.64297549954833,40.27293421549697,3.300000000000014
lambda_inf,mid_0.308,CL,national,31.296716694305402,100.69984412377462,50.98513366445498,46.41471045931964,3.3000000000000025
lambda_inf,mid_0.308,CL,global,14.851799014654715,90.82423629246387,51.13470306242217,36.38953323004169,3.300000000000004
lambda_inf,mid_0.308,CN,national,15.456603539521874,86.03144815354052,55.87747921313564,26.85396894040489,3.299999999999998
lambda_inf,mid_0.308,CN,global,8.46909603576797,82.44832950757056,56.08964630320436,23.058683204366204,3.299999999999998
lambda_inf,mid_0.308,CO,national,39.77731428831699,146.78526249873195,99.81655524582807,43.66870725290387,3.300000000000005
lambda_inf,mid_0.308,CO,global,14.125498836202555,131.27783025970933,95.20026016185355,32.777570097855794,3.3000000000000047
lambda_inf,mid_0.308,CR,national,38.523822970764584,196.6545013953023,148.79028738859552,44.5642140067068,3.2999999999999927
lambda_inf,mid_0.308,CR,global,13.981780461352145,179.3565288807042,141.77015530661305,34.28637357409114,3.2999999999999927
lambda_inf,mid_0.308,CU,national,29.272308173218132,100.37604143331207,57.10343644567703,39.97260498763502,3.2999999999999945
lambda_inf,mid_0.308,CU,global,13.156939193797434,90.62812618645303,57.580616276916494,29.74750990953654,3.299999999999996
lambda_inf,mid_0.308,CV,national,28.098337390683724,98.33038904046563,52.35441014559779,42.675978894867846,3.3000000000000047
lambda_inf,mid_0.308,CV,global,14.516356408584807,88.36369248938735,52.89226160993702,32.17143087945032,3.3000000000000047
lambda_inf,mid_0.308,CZ,national,32.79014199288986,154.83210314863325,101.29367407155522,50.23842907707802,3.3000000000000074
lambda_inf,mid_0.308,CZ,global,15.43670696822529,144.35504817506455,101.2878025008923,39.767245674172266,3.3000000000000065
lambda_inf,mid_0.308,DE,national,22.465768747929303,97.72550210205345,48.85478135922404,45.57072074282941,3.3000000000000007
lambda_inf,mid_0.308,DE,global,12.088805617089326,88.60033700252035,49.72525539759113,35.57508160492923,3.299999999999999
lambda_inf,mid_0.308,DK,national,24.540071860138912,99.31362008446533,52.62210854277816,43.39151154168718,3.3000000000000047
lambda_inf,mid_0.308,DK,global,13.373163937578274,91.24253456757954,53.29378962166464,34.6487449459149,3.300000000000005
lambda_inf,mid_0.308,DO,national,33.42091423452625,118.64134875045056,73.33210574313614,42.009243007314424,3.2999999999999914
lambda_inf,mid_0.308,DO,global,13.172919084093643,106.44807619086893,72.73413325263368,30.413942938235248,3.2999999999999927
lambda_inf,mid_0.308,DZ,national,35.398166724739994,116.24678531887145,64.31846670545325,48.62831861341824,3.2999999999999723
lambda_inf,mid_0.308,DZ,global,16.36146020162042,106.2588761213313,64.59836902453415,38.36050709679718,3.2999999999999727
lambda_inf,mid_0.308,EC,national,49.546224796993386,195.95289746783214,140.15170210701572,52.50119536081641,3.300000000000001
lambda_inf,mid_0.308,EC,global,14.00665635057833,123.67440967223092,80.0567466618639,40.317663010367035,3.300000000000001
lambda_inf,mid_0.308,EE,national,29.90194852777659,124.77406115810268,65.73107012904417,55.742991029058544,3.2999999999999847
lambda_inf,mid_0.308,EE,global,15.777343777499912,115.28826587526196,72.04113162204933,39.647134253212634,3.599999999999982
lambda_inf,mid_0.308,EG,national,26.942218251368043,90.17984110889562,35.830149466847296,51.049691642048316,3.3000000000000105
lambda_inf,mid_0.308,EG,global,14.743534496456084,76.90705321212447,35.80420293537716,37.80285027674728,3.3000000000000105
lambda_inf,mid_0.308,ES,national,26.259235501395555,112.10727469294504,70.38892162571348,38.418353067231564,3.2999999999999914
lambda_inf,mid_0.308,ES,global,13.22798347847424,104.65420475260578,70.59353544006821,30.760669312537573,3.2999999999999927
lambda_inf,mid_0.308,ET,national,28.55582955315813,109.02088098425484,55.86546292709136,49.85541805716348,3.3000000000000145
lambda_inf,mid_0.308,ET,global,14.892300037543066,97.49154429801834,55.90175524734982,38.289789050668496,3.300000000000014
lambda_inf,mid_0.308,FI,national,31.58683149892368,133.2174628189815,65.89718362699861,64.02027919198284,3.300000000000031
lambda_inf,mid_0.308,FI,global,17.40391628865906,119.85965186068974,66.11847444863066,50.44117741205905,3.3000000000000296
lambda_inf,mid_0.308,FJ,national,33.8829892346762,137.08346106717255,92.6454791565069,41.13798191066565,3.3000000000000025
lambda_inf,mid_0.308,FJ,global,13.734340000876996,123.85470528120217,90.60011440183773,29.954590879364442,3.300000000000002
lambda_inf,mid_0.308,FR,national,23.637307693015718,107.09178176797974,65.11297004416802,38.678811723811705,3.3000000000000087
lambda_inf,mid_0.308,FR,global,12.220645420827724,98.84192434884531,65.83412364369373,29.707800705151595,3.300000000000008
lambda_inf,mid_0.308,GB,national,23.303581948570915,100.06045961346551,57.556420609795026,39.20403900367048,3.299999999999999
lambda_inf,mid_0.308,GB,global,11.936389076961982,90.39015795574412,58.532437972698204,28.557719983045907,3.3000000000000007
lambda_inf,mid_0.308,GF,national,31.710101021699945,175.18304611660807,130.61246779637395,41.2705783202341,3.3000000000000105
lambda_inf,mid_0.308,GF,global,15.803894661028822,167.09973165497883,127.91009824423999,35.889633410738824,3.3000000000000105
lambda_inf,mid_0.308,GH,national,28.80889871608716,165.0448482567098,123.98264446807116,37.76220378863863,3.3000000000000185
lambda_inf,mid_0.308,GH,global,13.513581729239885,152.63293399869718,120.5904421305341,28.742491868163068,3.300000000000018
lambda_inf,mid_0.308,GR,national,40.199894758513985,141.71397562076586,89.14244987014209,49.27152575062379,3.300000000000005
lambda_inf,mid_0.308,GR,global,15.362672594356724,127.6643482645385,87.94791162486415,36.416436639674345,3.3000000000000043
lambda_inf,mid_0.308,GT,national,38.550777262841606,131.93959916026174,85.00509454751638,43.63450461274536,3.300000000000001
lambda_inf,mid_0.308,GT,global,14.260917912733179,117.67044334126368,83.31103851526981,31.059404825993866,3.3000000000000016
lambda_inf,mid_0.308,HN,national,34.757272524299445,110.22979168964771,61.02840488579927,45.90138680384844,3.2999999999999927
lambda_inf,mid_0.308,HN,global,14.638434540395032,97.18837491851865,61.444106864163786,32.444268054354865,3.299999999999993
lambda_inf,mid_0.308,HU,national,35.173601143671235,143.88781787267823,91.85341385787055,48.73440401480768,3.3000000000000065
lambda_inf,mid_0.308,HU,global,16.357065285109975,131.88675622056172,91.85454876625603,36.732207454305694,3.3000000000000074
lambda_inf,mid_0.308,ID,national,40.99703976772934,172.61369025394325,123.90485924252485,45.40883101141839,3.299999999999999
lambda_inf,mid_0.308,ID,global,15.373074115471871,154.4819429576683,117.41080576790111,33.771137189767195,3.299999999999999
lambda_inf,mid_0.308,IE,national,30.532767321888503,114.37506403220468,47.15110091577605,63.92396311642863,3.299999999999978
lambda_inf,mid_0.308,IE,global,17.342980730133466,97.48998535662822,46.44321745137351,47.74676790525473,3.2999999999999767
lambda_inf,mid_0.308,IL,national,44.14251971146384,163.24035511376263,114.05590606168818,45.88444905207446,3.299999999999993
lambda_inf,mid_0.308,IL,global,13.069870632485191,139.50263823184855,101.31991267632782,34.882725555520736,3.299999999999994
lambda_inf,mid_0.308,IN,national,25.659605840660433,105.45095646946343,66.35196631876133,35.79899015070211,3.3000000000000047
lambda_inf,mid_0.308,IN,global,11.584565013005257,95.59552865932658,66.75538614378955,25.540142515537013,3.3000000000000025
lambda_inf,mid_0.308,IR,national,44.74219033138216,161.99649535025281,65.46550656061638,93.23098878963643,3.299999999999994
lambda_inf,mid_0.308,IR,global,22.871815064318977,144.0006371605417,65.6730986724782,75.02753848806348,3.299999999999994
lambda_inf,mid_0.308,IT,national,40.110814050574646,148.45708823194983,97.41886856476845,47.738219667181376,3.300000000000008
lambda_inf,mid_0.308,IT,global,14.678904055938979,133.48224494314314,96.03096460134309,34.15128034180006,3.3000000000000074
lambda_inf,mid_0.308,JM,national,44.07159041701498,136.56494998846344,87.04850810370061,46.21644188476281,3.3000000000000074
lambda_inf,mid_0.308,JM,global,13.2657954743302,118.94508604770922,81.76883952830984,33.8762465193994,3.300000000000006
lambda_inf,mid_0.308,JO,national,28.391668951061018,114.9767946198333,64.848426904311,46.82836771552229,3.300000000000001
lambda_inf,mid_0.308,JO,global,13.92109269754587,103.71664342611722,64.7502931899212,35.66635023619601,3.3000000000000007
lambda_inf,mid_0.308,JP,national,40.11754647976395,141.22858953817172,89.16284816534974,48.76574137282197,3.2999999999999945
lambda_inf,mid_0.308,JP,global,15.077782488017291,126.55122994104586,89.08805281325516,34.16317712779069,3.299999999999996
lambda_inf,mid_0.308,KE,national,30.748018485402888,100.73387614157089,47.03190533142116,50.40197081014974,3.2999999999999794
lambda_inf,mid_0.308,KE,global,14.284890245708425,88.23019556006632,47.81379944825245,37.11639611181389,3.2999999999999794
lambda_inf,mid_0.308,KH,national,34.16967319793975,162.80697025785167,118.9122293501231,40.59474090772858,3.300000000000001
lambda_inf,mid_0.308,KH,global,14.969114654127512,146.86408107314062,115.717517894679,27.8465631784616,3.3000000000000007
lambda_inf,mid_0.308,KR,national,41.0768481609622,158.96708361199669,109.69830842318976,45.96877518880693,3.3000000000000007
lambda_inf,mid_0.308,KR,global,14.39436904591333,144.30638796159795,107.57045137876304,33.4359365828349,3.3000000000000007
lambda_inf,mid_0.308,KW,national,30.366635154580724,98.84744239322637,49.812388045694966,45.735054347531396,3.300000000000005
lambda_inf,mid_0.308,KW,global,14.182397337211796,87.23145447288022,50.16985156499283,33.761602907887394,3.3000000000000047
lambda_inf,mid_0.308,KZ,national,43.73676092081576,144.75106094668288,86.38048702282013,55.07057392386274,3.300000000000015
lambda_inf,mid_0.308,KZ,global,15.931110178435665,132.49932751984468,85.54201830606193,43.65730921378272,3.300000000000014
lambda_inf,mid_0.308,LC,national,22.17410465024081,79.53145573942517,39.46897166698901,36.76248407243615,3.3000000000000016
lambda_inf,mid_0.308,LC,global,11.752327906027096,71.34332383937075,40.145187677225096,27.898136162145654,3.300000000000002
lambda_inf,mid_0.308,LK,national,28.61470128488708,95.38410520623161,50.850755063337296,41.2333501428943,3.3000000000000203
lambda_inf,mid_0.308,LK,global,13.505129800649444,84.95649305888618,51.95176067937754,29.704732379508627,3.300000000000018
lambda_inf,mid_0.308,LY,national,24.26266300749015,87.4952378770242,46.8396009352122,37.355636941811994,3.299999999999997
lambda_inf,mid_0.308,LY,global,12.602780628684354,79.21584899634206,47.07128737090892,28.844561625433148,3.2999999999999967
lambda_inf,mid_0.308,MA,national,36.30689322851198,121.56555915516333,61.41943552506586,56.84612363009746,3.2999999999999945
lambda_inf,mid_0.308,MA,global,16.808405202452516,108.71829027325765,61.5909046461798,43.82738562707785,3.299999999999996
lambda_inf,mid_0.308,MG,national,35.859515029465875,161.84907194464373,119.80001286416147,38.74905908048224,3.30000000000001
lambda_inf,mid_0.308,MG,global,12.133546522876042,143.27679157770584,112.49365574032902,27.48313583737682,3.3000000000000087
lambda_inf,mid_0.308,MM,national,34.361901895829966,153.80167880075703,103.43640822133247,47.06527057942458,3.300000000000002
lambda_inf,mid_0.308,MM,global,15.076932687952302,140.30434358192122,101.76883328638944,35.235510295531775,3.300000000000002
lambda_inf,mid_0.308,MN,national,29.04783133995138,107.35905510363112,59.888226830042306,44.170828273588825,3.2999999999999927
lambda_inf,mid_0.308,MN,global,14.29303532007101,97.55881208933287,60.5941360478296,33.664676041503284,3.299999999999993
lambda_inf,mid_0.308,MR,national,27.06603567524927,99.1163447273584,47.40356593172415,48.412778795634225,3.3000000000000145
lambda_inf,mid_0.308,MR,global,15.570023258552485,93.16244654057238,47.869252558330864,41.99319398224151,3.3000000000000145
lambda_inf,mid_0.308,MU,national,28.679926464228284,102.50282845183911,54.541598004385186,44.66123044745392,3.2999999999999927
lambda_inf,mid_0.308,MU,global,13.491602950678756,90.16079619304998,55.343394848941685,31.517401344108286,3.299999999999993
lambda_inf,mid_0.308,MX,national,24.614311255322306,85.57962055306372,39.7734245095745,42.506196043489204,3.300000000000017
lambda_inf,mid_0.308,MX,global,12.991229468055012,73.93485483682485,40.313744634832815,30.32111020199203,3.3000000000000167
lambda_inf,mid_0.308,MY,national,37.15832605857019,248.8626783679912,195.5980044420693,49.96467392592191,3.3000000000000096
lambda_inf,mid_0.308,MY,global,16.588691472432664,224.56416271953563,185.32658537731527,35.937577342220365,3.3000000000000096
lambda_inf,mid_0.308,NE,national,39.6225711432577,125.95480754125042,67.19816071602553,55.45664682522489,3.300000000000004
lambda_inf,mid_0.308,NE,global,17.90243002531357,113.18715247679795,66.9986171753289,42.888535301469034,3.300000000000004
lambda_inf,mid_0.308,NG,national,28.141125624043912,213.192861861193,171.62868954962693,38.26417231156605,3.3000000000000074
lambda_inf,mid_0.308,NG,global,14.251222851401868,199.64077243011036,167.22948659169765,29.11128583841272,3.3000000000000065
lambda_inf,mid_0.308,NI,national,31.115485711022195,108.87600540485874,59.47767438950609,46.09833101535266,3.2999999999999883
lambda_inf,mid_0.308,NI,global,14.855307278703577,96.94873502529593,59.64334083619307,34.00539418910287,3.299999999999989
lambda_inf,mid_0.308,NL,national,21.381600501744877,88.79190340709286,46.71823387294139,38.77366953415141,3.300000000000058
lambda_inf,mid_0.308,NL,global,12.108711277301422,80.75478697536772,47.257586948710674,30.19720002665699,3.3000000000000576
lambda_inf,mid_0.308,NO,national,35.17308064022908,136.38478586370735,81.48248073186129,51.60230513184602,3.300000000000031
lambda_inf,mid_0.308,NO,global,17.670432192603002,126.0516589859067,82.06282230342438,40.688836682482275,3.300000000000031
lambda_inf,mid_0.308,NP,national,50.19120702012502,344.99953105020836,286.48415884333076,55.215372206877646,3.3000000000000043
lambda_inf,mid_0.308,NP,global,14.51453444784713,210.41381249966727,167.2661199672913,39.847692532375966,3.3000000000000047
lambda_inf,mid_0.308,NZ,national,28.156949943617953,105.6076156268414,59.8785331547707,42.429082472070704,3.299999999999984
lambda_inf,mid_0.308,NZ,global,14.075357802785499,97.04601088167645,60.41871538218015,33.327295499496316,3.2999999999999847
lambda_inf,mid_0.308,OM,national,26.62669713837744,96.70182603134546,52.141677065631555,41.26014896571389,3.3000000000000105
lambda_inf,mid_0.308,OM,global,12.527957845892576,85.72712602569831,52.52306882016574,29.904057205532553,3.3000000000000105
lambda_inf,mid_0.308,PA,national,42.08563209029799,162.92272409944587,116.56001163186478,43.06271246758109,3.2999999999999927
lambda_inf,mid_0.308,PA,global,13.570325097963224,145.88377413618133,107.82880777862896,34.754966357552384,3.2999999999999927
lambda_inf,mid_0.308,PE,national,23.654798003096637,85.30411137380871,45.394317617914204,36.609793755894515,3.2999999999999927
lambda_inf,mid_0.308,PE,global,11.718860144229227,76.71985858255286,45.79140333668142,27.628455245871443,3.2999999999999927
lambda_inf,mid_0.308,PH,national,29.110380217891507,97.36267526752818,45.08746511954353,48.975210147984676,3.2999999999999723
lambda_inf,mid_0.308,PH,global,14.002859170868048,85.04413315761933,44.87828264741414,36.865850510205235,3.29999999999997
lambda_inf,mid_0.308,PK,national,27.705143807803832,103.60190033257916,56.8578315922834,43.44406874029576,3.3000000000000007
lambda_inf,mid_0.308,PK,global,13.091814188727493,92.97669882910154,57.610391411483036,32.0663074176185,3.3000000000000007
lambda_inf,mid_0.308,PL,national,29.557657236478313,127.03951007533604,72.22996301453689,51.50954706079914,3.299999999999992
lambda_inf,mid_0.308,PL,global,14.214983303039345,115.75709195643363,73.32724086594202,39.1298510904916,3.2999999999999927
lambda_inf,mid_0.308,PS,national,43.28773830749055,265.3205229056399,210.2820876005943,51.738435305045606,3.2999999999999905
lambda_inf,mid_0.308,PS,global,16.197881115872057,233.402798777441,190.5159344526092,39.58686432483181,3.2999999999999927
lambda_inf,mid_0.308,PT,national,36.56260779970841,138.66877274431502,88.87575069361871,46.493022050696325,3.299999999999996
lambda_inf,mid_0.308,PT,global,15.68273036608326,125.18452399233342,88.0423197270412,33.842204265292224,3.299999999999997
lambda_inf,mid_0.308,PY,national,31.30241139558498,129.7083912864575,84.92761498363292,41.48077630282458,3.299999999999996
lambda_inf,mid_0.308,PY,global,14.957757069809421,121.16213107250815,84.00906111032306,33.85306996218509,3.2999999999999945
lambda_inf,mid_0.308,RO,national,31.992769363581118,129.62825940153002,75.81575414838842,50.51250525314161,3.299999999999994
lambda_inf,mid_0.308,RO,global,14.426330616216731,118.53419121159756,76.41287497435687,38.82131623724069,3.2999999999999945
lambda_inf,mid_0.308,RU,national,35.32364554429813,139.00187550692064,73.9451663897662,61.75670911715442,3.2999999999999967
lambda_inf,mid_0.308,RU,global,16.50014831572389,128.1328996622002,75.00557452931247,49.827325132887715,3.2999999999999967
lambda_inf,mid_0.308,RW,national,37.11865897547736,218.20466833378438,172.0492237653318,42.85544456845263,3.2999999999999825
lambda_inf,mid_0.308,RW,global,13.898306560217385,194.50286611137133,159.60077189115887,31.602094220212468,3.2999999999999834
lambda_inf,mid_0.308,SA,national,27.286782945910172,99.39298480042366,52.38962651231633,43.703358288107346,3.2999999999999807
lambda_inf,mid_0.308,SA,global,13.934610077356965,88.82144189599386,52.525756377120594,32.99568551887329,3.2999999999999807
lambda_inf,mid_0.308,SE,national,34.370071508693016,157.97349746843318,89.88902041546388,64.78447705296931,3.2999999999999905
lambda_inf,mid_0.308,SE,global,17.267337777559938,142.6015267680029,90.79654703467352,48.50497973332939,3.2999999999999914
lambda_inf,mid_0.308,SK,national,39.632846373791246,168.6350149527167,110.16460094239854,55.170414010318176,3.299999999999996
lambda_inf,mid_0.308,SK,global,16.987211664805724,156.14784143945394,109.3422595677863,43.505581871667665,3.2999999999999967
lambda_inf,mid_0.308,SN,national,28.61362729038798,120.65298550607714,70.13864115753292,47.21434434854423,3.299999999999992
lambda_inf,mid_0.308,SN,global,16.23816110129259,111.54506189641454,69.97320593212245,38.27185596429208,3.2999999999999927
lambda_inf,mid_0.308,SR,national,28.135096170051945,217.0621860383286,172.51756689581237,41.24461914251627,3.299999999999982
lambda_inf,mid_0.308,SR,global,15.23610793910089,206.8970859889138,169.95392087381558,33.64316511509825,3.299999999999982
lambda_inf,mid_0.308,SV,national,41.65088432924705,131.13127525925424,84.88951031804419,42.94176494121005,3.299999999999996
lambda_inf,mid_0.308,SV,global,13.676050735081608,116.51579137651886,82.49816766681366,30.717623709705208,3.2999999999999967
lambda_inf,mid_0.308,TH,national,34.14029090929811,123.02701316594296,75.26439329051767,44.4626198754253,3.3000000000000074
lambda_inf,mid_0.308,TH,global,14.558991688661473,109.95413002772106,74.9904964614544,31.66363356626666,3.300000000000006
lambda_inf,mid_0.308,TN,national,30.41611025147401,103.91315609690773,50.5990118536351,50.014144243272696,3.299999999999948
lambda_inf,mid_0.308,TN,global,15.439856796579255,94.1074350551824,51.187083936384546,39.62035111879791,3.2999999999999496
lambda_inf,mid_0.308,TR,national,37.03027973445664,121.9028110080244,66.91568466442929,51.68712634359511,3.3000000000000074
lambda_inf,mid_0.308,TR,global,15.14341093246607,109.94450053671446,67.04215297951116,39.60234755720331,3.3000000000000065
lambda_inf,mid_0.308,TW,national,49.598495028271785,310.59502232540615,258.70982866837403,48.585193657032065,3.2999999999999985
lambda_inf,mid_0.308,TW,global,14.232892309162107,245.2590146909761,204.56208743692784,37.39692725404823,3.3000000000000007
lambda_inf,mid_0.308,UA,national,35.41748836311515,135.71470470123768,78.4546857294622,53.960018971775504,3.300000000000004
lambda_inf,mid_0.308,UA,global,14.86014743625034,121.20514236547005,78.81723098136412,39.08791138410593,3.3000000000000025
lambda_inf,mid_0.308,UG,national,38.88332722201931,190.06086586891794,139.04655480281966,47.71431106609828,3.299999999999983
lambda_inf,mid_0.308,UG,global,15.012723832064387,166.28974773155167,127.25824194883225,35.73150578271942,3.299999999999985
lambda_inf,mid_0.308,US,national,16.195185670290176,82.99638882729239,57.62300706169297,22.0733817655994,3.3000000000000096
lambda_inf,mid_0.308,US,global,8.372268709658194,79.16974732109321,57.89774788149578,17.971999439597408,3.300000000000009
lambda_inf,mid_0.308,UY,national,26.577746392264505,105.67599729864028,62.74660207562166,39.62939522301863,3.3000000000000047
lambda_inf,mid_0.308,UY,global,13.793028836109519,98.26475377501602,63.10437307868755,31.860380696328477,3.3000000000000047
lambda_inf,mid_0.308,UZ,national,39.47882017105132,154.1720684900437,93.75629799363307,57.115770496410626,3.300000000000016
lambda_inf,mid_0.308,UZ,global,15.816313601251593,136.2700505507213,92.11519747476031,40.854853075960975,3.300000000000015
lambda_inf,mid_0.308,VN,national,33.838313890278904,121.25155697289372,72.332093592409,45.61946338048471,3.3000000000000123
lambda_inf,mid_0.308,VN,global,13.790635969101473,107.91413584683609,71.94111180771236,32.6730240391237,3.3000000000000105
lambda_inf,mid_0.308,ZA,national,24.08628295157321,102.33663706774935,65.15102666711861,33.885610400630746,3.299999999999998
lambda_inf,mid_0.308,ZA,global,11.936907357624499,93.67492651919754,65.04506002908431,25.329866490113226,3.299999999999998
lambda_inf,mid_0.308,ZM,national,29.98193673376109,112.5596462022624,65.70404345430488,43.555602747957515,3.299999999999999
lambda_inf,mid_0.308,ZM,global,13.142820055921769,100.48087142231701,65.56927754336009,31.611593878956924,3.2999999999999985
lambda_inf,high_0.375,AE,national,34.0175645176977,121.09345717173379,78.01765487884774,39.775802292886056,3.299999999999999
lambda_inf,high_0.375,AE,global,12.906511374051643,107.75526889280165,76.75056341635634,27.704705476445298,3.299999999999999
lambda_inf,high_0.375,AF,national,34.43910415169438,148.91315322268758,101.19021601076757,44.422937211920015,3.300000000000002
lambda_inf,high_0.375,AF,global,14.80006427407751,134.90575991245743,98.36842366582896,33.23733624662849,3.300000000000001
lambda_inf,high_0.375,AR,national,27.310842765664766,86.9740732629013,41.738453644433555,41.93561961846778,3.299999999999967
lambda_inf,high_0.375,AR,global,14.36120995340498,78.38611959959623,42.06158421187457,33.0245353877217,3.299999999999967
lambda_inf,high_0.375,AT,national,33.069263418592534,126.42152832322752,73.05251094143428,50.06901738179323,3.2999999999999967
lambda_inf,high_0.375,AT,global,16.485480522199357,116.6294366471632,73.59661608971264,39.73282055745056,3.2999999999999967
lambda_inf,high_0.375,AU,national,24.471729352435748,95.60767006155668,55.90747882117653,36.40019124038015,3.299999999999998
lambda_inf,high_0.375,AU,global,11.402727602610273,85.10674087206239,56.87726129595923,24.92947957610316,3.299999999999998
lambda_inf,high_0.375,BD,national,37.78086520999352,149.6088685843777,96.9265262263341,49.38234235804357,3.299999999999994
lambda_inf,high_0.375,BD,global,15.577234806435577,134.60501866839786,95.53555280260473,35.76946586579313,3.2999999999999945
lambda_inf,high_0.375,BE,national,23.980403669394192,95.1590583345656,48.51347922706684,43.34557910749883,3.299999999999924
lambda_inf,high_0.375,BE,global,13.587272057505956,86.69476263044537,49.040450367380075,34.35431226306535,3.2999999999999243
lambda_inf,high_0.375,BF,national,35.10332957797757,146.80912810512623,91.99664643497084,51.51248167015539,3.300000000000005
lambda_inf,high_0.375,BF,global,16.065320092298624,133.42735460765405,89.45991295440692,40.66744165324712,3.300000000000005
lambda_inf,high_0.375,BG,national,32.44437622312926,120.8790135476807,72.4501606227319,45.12885292494878,3.300000000000001
lambda_inf,high_0.375,BG,global,14.047578625019014,111.90006753475174,72.96552419244561,35.63454334230613,3.300000000000001
lambda_inf,high_0.375,BH,national,35.99356549781119,122.99843703368343,72.53861094519819,47.15982608848527,3.2999999999999905
lambda_inf,high_0.375,BH,global,14.69634987747048,108.50238685682235,72.19987943406211,33.00250742276025,3.2999999999999914
lambda_inf,high_0.375,BI,national,39.74682038661609,205.87310663218648,161.87512322886695,40.69798340331948,3.300000000000002
lambda_inf,high_0.375,BI,global,13.628995058927295,185.01651739758714,148.7122712682221,33.004246129364994,3.300000000000002
lambda_inf,high_0.375,BO,national,39.400585498617154,140.7730377998485,90.90649854859159,46.56653925125692,3.3000000000000034
lambda_inf,high_0.375,BO,global,14.45447973576561,127.91443871444581,87.47143679051902,37.14300192392679,3.3000000000000034
lambda_inf,high_0.375,BR,national,20.253535722705006,85.9533555269815,46.55017374206245,36.103181784919045,3.300000000000008
lambda_inf,high_0.375,BR,global,10.698842808716387,79.07156884530983,46.88799625616449,28.88357258914534,3.300000000000008
lambda_inf,high_0.375,BY,national,33.13178118394749,142.41296090084265,85.9080988612093,53.20486203963335,3.3000000000000007
lambda_inf,high_0.375,BY,global,15.90491435847968,132.75923004718152,86.96599849910363,42.49323154807787,3.3000000000000007
lambda_inf,high_0.375,CA,national,20.29398312358105,96.85680821193421,62.558404320258276,30.99840389167595,3.3000000000000047
lambda_inf,high_0.375,CA,global,10.63456831883969,90.4568851783194,63.48849422438099,23.668390953938413,3.300000000000005
lambda_inf,high_0.375,CH,national,40.15840036513143,175.11855655132777,124.39615530573144,47.42240124559634,3.300000000000014
lambda_inf,high_0.375,CH,global,16.32547728369841,167.17794756231092,122.88965993069469,40.98828763161623,3.300000000000014
lambda_inf,high_0.375,CL,national,31.559638636608376,100.61098939634496,50.97422352459993,46.33676587174504,3.300000000000002
lambda_inf,high_0.375,CL,global,15.108163489807588,90.4529129574718,51.120382274607614,36.032530682864184,3.3000000000000025
lambda_inf,high_0.375,CN,national,15.664218353339482,86.34647686242519,55.848116085761845,27.198360776663346,3.2999999999999985
lambda_inf,high_0.375,CN,global,8.684011471417657,83.04916148237366,56.05466111370613,23.694500368667544,3.299999999999998
lambda_inf,high_0.375,CO,national,40.034408428108556,146.6013667527054,99.69045149873052,43.61091525397487,3.300000000000006
lambda_inf,high_0.375,CO,global,14.330823002620113,131.73805862132622,95.0738572494341,33.364201371892115,3.3000000000000047
lambda_inf,high_0.375,CR,national,38.70869273972059,197.6462814695056,149.32964563454865,45.01663583495697,3.299999999999993
lambda_inf,high_0.375,CR,global,14.21594493419188,181.0585650446545,142.4837120129468,35.27485303170768,3.2999999999999914
lambda_inf,high_0.375,CU,national,29.51833052026222,100.5025635483693,57.17298085523647,40.029582693132824,3.299999999999996
lambda_inf,high_0.375,CU,global,13.364563750225237,90.94429833183662,57.664112149543634,29.980186182292996,3.299999999999996
lambda_inf,high_0.375,CV,national,28.419638026996672,98.78433789928336,52.380224680671816,43.10411321861153,3.300000000000004
lambda_inf,high_0.375,CV,global,14.81524623061452,87.85604578807596,52.91895552141944,31.637090266656514,3.3000000000000047
lambda_inf,high_0.375,CZ,national,33.00580001672234,155.09001853056594,101.29443562113804,50.49558290942793,3.3000000000000065
lambda_inf,high_0.375,CZ,global,15.659298203183514,144.31357543682878,101.28866267328135,39.724912763547444,3.300000000000006
lambda_inf,high_0.375,DE,national,22.71198865792188,97.3474007578188,48.63009968808508,45.417301069733725,3.3
lambda_inf,high_0.375,DE,global,12.384391707381964,88.6715104633453,49.42607465481577,35.94543580852954,3.3
lambda_inf,high_0.375,DK,national,24.777406191073716,99.53214043943254,52.4459636562373,43.78617678319522,3.3000000000000047
lambda_inf,high_0.375,DK,global,13.627285050940834,91.19311428152812,53.07897585360517,34.814138427922956,3.300000000000005
lambda_inf,high_0.375,DO,national,33.61368782979331,119.0254536563961,73.38579153248976,42.339662123906336,3.2999999999999914
lambda_inf,high_0.375,DO,global,13.392552271089093,107.04425724120496,72.8061226696298,30.93813457157516,3.2999999999999927
lambda_inf,high_0.375,DZ,national,35.69053506352583,116.28142746487266,64.30736809092197,48.67405937395072,3.2999999999999723
lambda_inf,high_0.375,DZ,global,16.62094978246688,106.2030414133426,64.5856631639379,38.31737824940475,3.2999999999999736
lambda_inf,high_0.375,EC,national,49.81617819781265,195.78030696800548,139.0842729812959,53.396033986709575,3.300000000000001
lambda_inf,high_0.375,EC,global,14.258767712889522,123.01493315004724,78.81214472232078,40.90278842772646,3.3000000000000007
lambda_inf,high_0.375,EE,national,30.139750739896815,125.49121028461829,65.75869090811946,56.43251937649885,3.2999999999999834
lambda_inf,high_0.375,EE,global,16.019195090333877,114.98461611805408,66.05036187332998,45.63425424472412,3.2999999999999847
lambda_inf,high_0.375,EG,national,27.261579039915667,90.60416416376407,35.72276243730374,51.581401726460314,3.3000000000000105
lambda_inf,high_0.375,EG,global,15.030027879742134,76.62908311706045,35.661385230674746,37.66769788638568,3.30000000000001
lambda_inf,high_0.375,ES,national,26.531518998863962,112.14323021067422,70.40558261530705,38.43764759536717,3.2999999999999927
lambda_inf,high_0.375,ES,global,13.477670413751209,104.26074750230195,70.61442885317713,30.34631864912483,3.2999999999999927
lambda_inf,high_0.375,ET,national,28.903718714917638,109.01043744140905,55.856485428169506,49.85395201323954,3.300000000000014
lambda_inf,high_0.375,ET,global,15.248216316513016,97.005112758447,55.889315418766394,37.81579733968058,3.3000000000000123
lambda_inf,high_0.375,FI,national,31.88340961032804,136.66797686919742,65.71488249375004,67.65309437544734,3.3000000000000296
lambda_inf,high_0.375,FI,global,17.658159554941093,119.91522385097758,65.90848584952914,50.70673800144839,3.3000000000000296
lambda_inf,high_0.375,FJ,national,34.19265091026332,136.82018352489015,92.43563858146457,41.084544943425584,3.3000000000000025
lambda_inf,high_0.375,FJ,global,13.968706332717302,123.24222153310154,90.3580312235111,29.584190309590436,3.300000000000002
lambda_inf,high_0.375,FR,national,23.88800572656968,108.01180397057513,65.12398585659045,39.587818113984675,3.3000000000000087
lambda_inf,high_0.375,FR,global,12.472745347832436,99.4184553353046,65.84642445555527,30.27203087974932,3.300000000000009
lambda_inf,high_0.375,GB,national,23.530247598448675,99.86327954678615,57.4269519882346,39.13632755855154,3.299999999999999
lambda_inf,high_0.375,GB,global,12.1605047278753,90.33324195454541,58.38623160949746,28.647010345047956,3.3000000000000007
lambda_inf,high_0.375,GF,national,31.99156912069005,175.25025441853808,130.39497879358692,41.55527562495116,3.30000000000001
lambda_inf,high_0.375,GF,global,16.099477941563467,166.64653774558147,127.67153279412157,35.67500495145991,3.3000000000000105
lambda_inf,high_0.375,GH,national,29.069945487449328,165.3349146769112,124.16492470309436,37.86998997381683,3.30000000000002
lambda_inf,high_0.375,GH,global,13.817469273553929,153.0061037931644,120.80347482760419,28.9026289655602,3.300000000000018
lambda_inf,high_0.375,GR,national,40.44827476838337,141.84622184859467,89.14527496283822,49.40094688575646,3.300000000000005
lambda_inf,high_0.375,GR,global,15.568738065714088,127.75387981705428,87.95118617574089,36.5026936413134,3.3000000000000043
lambda_inf,high_0.375,GT,national,38.80626793198122,131.88320963779026,84.89577085243761,43.68743878535265,3.3000000000000016
lambda_inf,high_0.375,GT,global,14.45146300559352,118.02493733282506,83.1941533147112,31.53078401811387,3.300000000000002
lambda_inf,high_0.375,HN,national,35.011115301804786,110.41404702017974,61.031056744852144,46.08299027532758,3.2999999999999927
lambda_inf,high_0.375,HN,global,14.857162068535123,97.12684126516409,61.444874805463826,32.38196645970027,3.2999999999999927
lambda_inf,high_0.375,HU,national,35.37913822721079,143.87190658682883,91.85327271362554,48.7186338732033,3.3000000000000065
lambda_inf,high_0.375,HU,global,16.559178848889264,132.18026087550288,91.8543885136177,37.02587236188517,3.300000000000005
lambda_inf,high_0.375,ID,national,41.160900015723165,173.1276031261745,124.38392955370138,45.44367357247311,3.299999999999999
lambda_inf,high_0.375,ID,global,15.570700135931476,154.72210180815048,117.98534196552083,33.43675984262966,3.2999999999999985
lambda_inf,high_0.375,IE,national,30.817089903387977,112.68978365746342,46.92219830477619,62.46758535268725,3.2999999999999767
lambda_inf,high_0.375,IE,global,17.642891162526876,99.20501694211961,46.178924296455804,49.72609264566381,3.2999999999999767
lambda_inf,high_0.375,IL,national,44.33892266208429,163.09912604001423,114.15144858171954,45.64767745829467,3.2999999999999927
lambda_inf,high_0.375,IL,global,13.25149021577367,139.12150681719447,101.46439497442624,34.35711184276824,3.299999999999994
lambda_inf,high_0.375,IN,national,25.860402318619364,105.5679713423659,66.34097847229036,35.92699287007554,3.300000000000004
lambda_inf,high_0.375,IN,global,11.794653347772858,95.58812759064791,66.74075752990757,25.547370060740327,3.3000000000000034
lambda_inf,high_0.375,IR,national,45.02318491934697,163.70090819934316,65.45337179297557,94.94753640636758,3.299999999999994
lambda_inf,high_0.375,IR,global,23.209938888589623,142.4346912529985,65.6541148032819,73.48057644971658,3.2999999999999945
lambda_inf,high_0.375,IT,national,40.36511786607926,148.2253781211108,97.27524789658553,47.65013022452526,3.3000000000000074
lambda_inf,high_0.375,IT,global,14.868923266255871,133.0775147386699,95.87460630263207,33.902908436037805,3.300000000000008
lambda_inf,high_0.375,JM,national,44.25661481075508,136.57618237345974,87.1717350371941,46.10444733626565,3.300000000000007
lambda_inf,high_0.375,JM,global,13.47499682624253,119.74169132057176,81.94729499197926,34.4943963285925,3.300000000000005
lambda_inf,high_0.375,JO,national,28.65576013397887,116.0367654297074,64.86103460943217,47.87573082027524,3.3000000000000007
lambda_inf,high_0.375,JO,global,14.204238401441739,104.6585951913821,64.76607741480477,36.592517776577346,3.3000000000000007
lambda_inf,high_0.375,JP,national,40.313960056047335,141.71404260806926,89.16988497191056,49.244157636158704,3.2999999999999945
lambda_inf,high_0.375,JP,global,15.266807143470384,126.8822285559847,89.09644811397801,34.48578044200667,3.2999999999999945
lambda_inf,high_0.375,KE,national,31.037421259147262,100.53953675644763,46.969583407090866,50.26995334935678,3.29999999999998
lambda_inf,high_0.375,KE,global,14.57769356205911,88.3812303664383,47.72428907375803,37.35694129268028,3.2999999999999794
lambda_inf,high_0.375,KH,national,34.317722343922284,163.05828298115694,119.14761004059672,40.61067294056022,3.3000000000000007
lambda_inf,high_0.375,KH,global,15.131805575259936,147.15782948348803,116.00443208867448,27.85339739481354,3.300000000000001
lambda_inf,high_0.375,KR,national,41.249529721922826,158.97951770902543,109.78465430346903,45.894863405556414,3.299999999999999
lambda_inf,high_0.375,KR,global,14.56677381901342,144.8421817942014,107.67577981113747,33.866401983063916,3.300000000000001
lambda_inf,high_0.375,KW,national,30.61194408512516,98.63854531308104,49.73375050446618,45.604794808614855,3.300000000000005
lambda_inf,high_0.375,KW,global,14.392262924700983,87.05993555792926,50.07358584879687,33.686349709132394,3.3000000000000047
lambda_inf,high_0.375,KZ,national,43.94588491830254,145.16842975321603,86.46830413963787,55.40012561357815,3.300000000000015
lambda_inf,high_0.375,KZ,global,16.14268192204865,134.44470638869353,85.64332409747173,45.50138229122178,3.300000000000014
lambda_inf,high_0.375,LC,national,22.430733742196576,79.93421625775522,39.44870709890292,37.185509158852305,3.300000000000002
lambda_inf,high_0.375,LC,global,12.017114617451751,71.74081429052336,40.11208298491025,28.328731305613115,3.300000000000001
lambda_inf,high_0.375,LK,national,28.856357767688507,95.8045958807225,50.913443249856044,41.59115263086644,3.3000000000000203
lambda_inf,high_0.375,LK,global,13.715253107270797,84.75773854179695,52.02473164075707,29.433006901039874,3.3000000000000185
lambda_inf,high_0.375,LY,national,24.541013009806516,87.3028418558144,46.766278854964966,37.23656300084944,3.2999999999999967
lambda_inf,high_0.375,LY,global,12.923716810555819,78.8822727500173,46.97765650243205,28.604616247585245,3.2999999999999967
lambda_inf,high_0.375,MA,national,36.6370611092856,122.38230298229391,61.41782439554052,57.66447858675338,3.299999999999996
lambda_inf,high_0.375,MA,global,17.102735281748537,109.06528989591473,61.588669958081226,44.1766199378335,3.299999999999996
lambda_inf,high_0.375,MG,national,36.1910331595254,161.26106068131875,119.28719804796185,38.673862633356904,3.30000000000001
lambda_inf,high_0.375,MG,global,12.434878294620265,142.56484174500665,111.96566390306972,27.299177841936903,3.300000000000009
lambda_inf,high_0.375,MM,national,34.619705440814464,154.21012106967555,103.74231645482638,47.16780461484917,3.3000000000000025
lambda_inf,high_0.375,MM,global,15.411774012154773,141.15639275500584,102.12612813125776,35.730264623748084,3.300000000000004
lambda_inf,high_0.375,MN,national,29.294882163389165,107.28409714491806,59.8270899645728,44.15700718034527,3.299999999999994
lambda_inf,high_0.375,MN,global,14.525381321401873,97.65604302943983,60.51688829040485,33.839154739034974,3.2999999999999936
lambda_inf,high_0.375,MR,national,27.478567121763938,100.54656007433039,47.403332326073055,49.8432277482573,3.300000000000015
lambda_inf,high_0.375,MR,global,16.0058720117051,94.83578573085325,47.86443489717034,43.67135083368289,3.3000000000000145
lambda_inf,high_0.375,MU,national,28.923781019702062,102.28497559107748,54.488980171071184,44.49599542000629,3.2999999999999927
lambda_inf,high_0.375,MU,global,13.729022996340149,89.97114245065896,55.27209112782952,31.399051322829436,3.2999999999999936
lambda_inf,high_0.375,MX,national,24.84503691012739,85.39562191474866,39.690591232684255,42.405030682064385,3.3000000000000176
lambda_inf,high_0.375,MX,global,13.255501857955771,73.88464948284964,40.18580041622573,30.398849066623896,3.300000000000017
lambda_inf,high_0.375,MY,national,37.36317624844678,249.87842098467883,196.55950820133464,50.01891278334418,3.300000000000009
lambda_inf,high_0.375,MY,global,16.869638849850748,225.8934495482775,186.51455257499077,36.078896973286696,3.300000000000009
lambda_inf,high_0.375,NE,national,40.00493199036318,125.20124456001182,67.19679748732709,54.70444707268474,3.3000000000000047
lambda_inf,high_0.375,NE,global,18.291531059965408,111.81479957765318,66.9973195557788,41.51748002187438,3.300000000000004
lambda_inf,high_0.375,NG,national,28.376737932283554,213.69612720904956,172.19231151699373,38.203815692055805,3.3000000000000065
lambda_inf,high_0.375,NG,global,14.511081106731158,199.97479263573487,167.89802315685006,28.776769478884802,3.3000000000000065
lambda_inf,high_0.375,NI,national,31.382095460006642,108.81866003030656,59.496104016182535,46.02255601412404,3.2999999999999883
lambda_inf,high_0.375,NI,global,15.081127684880242,96.50701240540933,59.66411376782623,33.54289863758311,3.299999999999989
lambda_inf,high_0.375,NL,national,21.62185419408972,88.64650084511692,46.627045892463705,38.71945495265317,3.300000000000058
lambda_inf,high_0.375,NL,global,12.379781482183514,80.81576867877548,47.13085585786555,30.38491282090989,3.3000000000000576
lambda_inf,high_0.375,NO,national,35.41998231853934,136.42219754113026,81.35594589092437,51.76625165020585,3.300000000000031
lambda_inf,high_0.375,NO,global,17.87830032111032,125.47359165818506,81.92517696695963,40.2484146912254,3.300000000000032
lambda_inf,high_0.375,NP,national,50.4511486365123,343.84421994222583,284.95131492514207,55.59290501708375,3.300000000000005
lambda_inf,high_0.375,NP,global,14.755422742142887,208.64595799459224,164.89580044916516,40.45015754542707,3.3000000000000047
lambda_inf,high_0.375,NZ,national,28.414275780858866,106.10917602292729,59.919958978214076,42.88921704471324,3.299999999999983
lambda_inf,high_0.375,NZ,global,14.341941244526094,97.24482277174307,60.45197027444817,33.49285249729491,3.2999999999999847
lambda_inf,high_0.375,OM,national,26.886212058100405,96.60870354619004,52.09795309993178,41.21075044625826,3.3000000000000114
lambda_inf,high_0.375,OM,global,12.777911566918263,85.34202513341782,52.4725425337445,29.569482599673307,3.300000000000012
lambda_inf,high_0.375,PA,national,42.255521887192884,163.9365312461499,116.6798742697802,43.956656976369736,3.2999999999999927
lambda_inf,high_0.375,PA,global,13.766586630355876,146.05604109543177,108.03453741434791,34.721503681083846,3.299999999999992
lambda_inf,high_0.375,PE,national,23.898548700233253,85.58619986120652,45.380464804011,36.90573505719552,3.299999999999993
lambda_inf,high_0.375,PE,global,11.997638480277796,77.56940152882846,45.76501225290672,28.504389275921735,3.299999999999993
lambda_inf,high_0.375,PH,national,29.412078367486732,97.41663484732192,44.92845916546405,49.188175681857885,3.2999999999999714
lambda_inf,high_0.375,PH,global,14.275039205755725,85.0119334701789,44.67095400458013,37.04097946559881,3.29999999999997
lambda_inf,high_0.375,PK,national,27.9253615418532,103.68389441781454,56.786371228681496,43.59752318913304,3.3000000000000007
lambda_inf,high_0.375,PK,global,13.326029741767103,93.29386868956811,57.50548272576073,32.48838596380739,3.3000000000000007
lambda_inf,high_0.375,PL,national,29.778569262343453,126.79114357827905,72.08884949632882,51.402294081950245,3.2999999999999905
lambda_inf,high_0.375,PL,global,14.431685600196175,116.20302181029102,73.16490488661962,39.73811692367139,3.2999999999999914
lambda_inf,high_0.375,PS,national,43.49961945257554,266.7045000352826,211.07036857082178,52.33413146446081,3.2999999999999905
lambda_inf,high_0.375,PS,global,16.423877363142957,234.52867758427698,191.48133785426316,39.74733973001379,3.2999999999999914
lambda_inf,high_0.375,PT,national,36.79447727972903,138.6702135238122,88.93132650673454,46.43888701707767,3.299999999999997
lambda_inf,high_0.375,PT,global,15.896251269892009,125.21011431738172,88.10605247077847,33.80406184660327,3.2999999999999967
lambda_inf,high_0.375,PY,national,31.59620178166064,129.4797019438415,84.82831866040037,41.35138328344113,3.2999999999999945
lambda_inf,high_0.375,PY,global,15.215340949975834,121.14005433620662,83.8961182997357,33.943936036470916,3.299999999999996
lambda_inf,high_0.375,RO,national,32.20597995200641,129.6243884168748,75.74654104482266,50.577847372052126,3.2999999999999945
lambda_inf,high_0.375,RO,global,14.634516302510212,118.45195550946735,76.33051601895333,38.821439490514024,3.299999999999996
lambda_inf,high_0.375,RU,national,35.56984358840534,139.13399992724484,73.81727999371316,62.016719933531675,3.2999999999999963
lambda_inf,high_0.375,RU,global,16.768143303689822,128.54533586964195,74.8474500252438,50.397885844398154,3.2999999999999967
lambda_inf,high_0.375,RW,national,37.39885389403004,218.0106356392579,172.12113847734688,42.58949716191104,3.299999999999983
lambda_inf,high_0.375,RW,global,14.16789632773568,194.68669485617087,159.70675535571627,31.67993950045463,3.299999999999984
lambda_inf,high_0.375,SA,national,27.54125498062756,99.57574352646577,52.34961661528963,43.92612691117615,3.29999999999998
lambda_inf,high_0.375,SA,global,14.155463287112827,88.65666185494644,52.478847764470146,32.877814090476306,3.29999999999998
lambda_inf,high_0.375,SE,national,34.604949337733686,157.40677032545557,89.74775789767818,64.35901242777737,3.2999999999999905
lambda_inf,high_0.375,SE,global,17.485977843019423,142.61768651549772,90.63305129011101,48.684635225386735,3.2999999999999914
lambda_inf,high_0.375,SK,national,39.84169442387947,169.3826389297815,110.26876604647468,55.813872883306814,3.2999999999999963
lambda_inf,high_0.375,SK,global,17.196619408481123,157.06926797647986,109.46229046278776,44.3069775136921,3.2999999999999967
lambda_inf,high_0.375,SN,national,28.97924365973587,121.14108170908604,70.15315353749291,47.687928171593136,3.2999999999999914
lambda_inf,high_0.375,SN,global,16.62087068763255,112.53647002881577,69.99045014924481,39.246019879570966,3.2999999999999927
lambda_inf,high_0.375,SR,national,28.395830808304485,217.47327856850814,173.04529551770412,41.12798305080405,3.2999999999999807
lambda_inf,high_0.375,SR,global,15.521777381238794,207.6171594924186,170.59688788682473,33.720271605593894,3.299999999999982
lambda_inf,high_0.375,SV,national,41.90901024176785,130.87553896819634,84.77015038015108,42.80538858804526,3.2999999999999963
lambda_inf,high_0.375,SV,global,13.868891535968924,116.84985500235938,82.37390999093179,31.17594501142758,3.2999999999999967
lambda_inf,high_0.375,TH,national,34.34294019802701,122.89130437731254,75.27823445345463,44.31306992385789,3.3000000000000074
lambda_inf,high_0.375,TH,global,14.76628520009659,110.29639342862694,75.0075871770715,31.988806251555452,3.300000000000005
lambda_inf,high_0.375,TN,national,30.710810906549106,104.43424239244766,50.53690644419802,50.5973359482497,3.2999999999999483
lambda_inf,high_0.375,TN,global,15.727146141380091,95.79877117822652,51.09511118073154,41.40365999749501,3.2999999999999483
lambda_inf,high_0.375,TR,national,37.289425955653975,122.8020225411117,66.9033905401258,52.598632000985916,3.3000000000000074
lambda_inf,high_0.375,TR,global,15.41708640550136,111.01708927900012,67.02641613142012,40.69067314758001,3.3000000000000065
lambda_inf,high_0.375,TW,national,49.77753548072729,311.36548603327117,259.3949415864721,48.67054444679902,3.299999999999998
lambda_inf,high_0.375,TW,global,14.38954981312331,246.36760291643236,205.27101416114584,37.796588755286514,3.3000000000000007
lambda_inf,high_0.375,UA,national,35.65218776968141,135.8502868183686,78.41893905406435,54.13134776430424,3.300000000000004
lambda_inf,high_0.375,UA,global,15.087528314543944,121.32565288873946,78.77527195174045,39.250380936999015,3.3000000000000025
lambda_inf,high_0.375,UG,national,39.1485217716512,190.42258604623615,139.2837693866639,47.838816659572295,3.299999999999982
lambda_inf,high_0.375,UG,global,15.291995301790948,167.15105919829077,127.5581444044254,36.29291479386536,3.299999999999985
lambda_inf,high_0.375,US,national,16.4351012161306,83.22194910220337,57.70311057884255,22.21883852336082,3.30000000000001
lambda_inf,high_0.375,US,global,8.602983948143859,79.02451371553937,57.99432930428377,17.73018441125559,3.30000000000001
lambda_inf,high_0.375,UY,national,26.828408594752158,105.58619928277808,62.75732832544717,39.528870957330916,3.3000000000000047
lambda_inf,high_0.375,UY,global,14.044982294376357,98.3766190526302,63.11467193859822,31.96194711403198,3.3000000000000047
lambda_inf,high_0.375,UZ,national,39.72918699470615,154.5946816485424,93.86469896743452,57.4299826811079,3.300000000000016
lambda_inf,high_0.375,UZ,global,16.066080503948612,137.03488991335516,92.24638140342216,41.488508509932984,3.3000000000000154
lambda_inf,high_0.375,VN,national,34.04840451916009,121.64389204164624,72.36178735154789,45.98210469009832,3.3000000000000123
lambda_inf,high_0.375,VN,global,14.018827283497812,108.05918206960982,71.9789952654162,32.7801868041936,3.300000000000012
lambda_inf,high_0.375,ZA,national,24.310718099177105,102.54475236425739,65.1691808300907,34.075571534166706,3.299999999999998
lambda_inf,high_0.375,ZA,global,12.19447386376418,94.1494581677839,65.06783082622341,25.78162734156049,3.299999999999998
lambda_inf,high_0.375,ZM,national,30.243346033878694,113.05449756715167,65.71121624800921,44.04328131914248,3.3
lambda_inf,high_0.375,ZM,global,13.407448221670384,100.61012215185208,65.57806434490897,31.73205780694311,3.2999999999999985
P2_mu_sigma,ci_low,AE,national,33.345943258606006,124.7209594906206,79.05129549609512,42.36966399452548,3.299999999999998
P2_mu_sigma,ci_low,AE,global,12.537771486038462,112.63920247457798,77.78579523331143,31.553407241266555,3.299999999999999
P2_mu_sigma,ci_low,AF,national,34.39199624630894,156.89613294394152,105.14015349757035,48.45597944637117,3.300000000000002
P2_mu_sigma,ci_low,AF,global,14.120134941970178,141.14167355094847,102.53421736422062,35.30745618672785,3.300000000000002
P2_mu_sigma,ci_low,AR,national,29.266695800107474,92.30904736604293,41.78603372140967,47.223013644633305,3.299999999999967
P2_mu_sigma,ci_low,AR,global,14.31273796915295,84.12638034809238,42.262004104672734,38.56437624341969,3.299999999999967
P2_mu_sigma,ci_low,AT,national,34.59040957296764,130.1669120366486,73.21369699176955,53.65321504487905,3.2999999999999967
P2_mu_sigma,ci_low,AT,global,15.676090532181652,119.441900069824,73.9250513354959,42.21684873432811,3.299999999999998
P2_mu_sigma,ci_low,AU,national,27.36487655160051,100.5886764273632,54.61652740408514,42.67214902327806,3.2999999999999985
P2_mu_sigma,ci_low,AU,global,11.843761672913187,89.95513548939932,55.65039014700348,31.004745342395847,3.299999999999999
P2_mu_sigma,ci_low,BD,national,38.236837384432036,150.62513219143278,96.3849412707087,50.940190920724085,3.299999999999994
P2_mu_sigma,ci_low,BD,global,15.125652449877574,134.87486299455864,95.04260964793184,36.53225334662679,3.299999999999996
P2_mu_sigma,ci_low,BE,national,27.368227737144384,97.6191824590254,46.67817767313914,47.64100478588636,3.299999999999921
P2_mu_sigma,ci_low,BE,global,12.245034578320919,89.19856803844124,48.54012698594224,37.358441052499074,3.2999999999999234
P2_mu_sigma,ci_low,BF,national,37.95635797231909,147.99912030464202,91.41926446599342,53.2798558386486,3.300000000000005
P2_mu_sigma,ci_low,BF,global,15.307200278939742,132.29602935360256,88.39416172381276,40.6018676297898,3.300000000000004
P2_mu_sigma,ci_low,BG,national,34.94487804068359,126.43202081980654,72.6683372363421,50.46368358346444,3.3000000000000007
P2_mu_sigma,ci_low,BG,global,13.974498858884289,114.96156637609165,73.25518197224628,38.40638440384537,3.3000000000000007
P2_mu_sigma,ci_low,BH,national,38.25558216951597,126.89985487096934,72.38941803978126,51.2104368311881,3.2999999999999905
P2_mu_sigma,ci_low,BH,global,14.65418569115464,112.70532796883457,72.03903369299508,37.36629427583951,3.2999999999999914
P2_mu_sigma,ci_low,BI,national,39.99785382238111,224.56480016849585,174.36274080345353,46.90205936504231,3.3000000000000016
P2_mu_sigma,ci_low,BI,global,12.909776519818672,195.15753402616403,158.18571464868646,33.67181937747759,3.300000000000002
P2_mu_sigma,ci_low,BO,national,38.11327531339996,158.49821693973243,102.74752010333805,52.45069683639437,3.300000000000002
P2_mu_sigma,ci_low,BO,global,15.227702856470614,147.8425231351194,100.09384330718686,44.44867982793254,3.3000000000000016
P2_mu_sigma,ci_low,BR,national,24.331634269753675,87.61438087075409,46.33596499442938,37.9784158763247,3.300000000000008
P2_mu_sigma,ci_low,BR,global,11.415424659665987,80.47100927495218,46.762174241938865,30.40883503301333,3.300000000000008
P2_mu_sigma,ci_low,BY,national,34.687445286389014,145.11108359160963,86.32888747935793,55.48219611225167,3.299999999999999
P2_mu_sigma,ci_low,BY,global,15.007395542874075,134.66126020353437,87.4726708025913,43.88858940094307,3.299999999999999
P2_mu_sigma,ci_low,CA,national,24.1627675577054,101.74448878996796,61.95146411000718,36.49302467996078,3.300000000000005
P2_mu_sigma,ci_low,CA,global,11.547308642658328,96.62510821381186,63.276417813108424,30.04869040070343,3.3000000000000065
P2_mu_sigma,ci_low,CH,national,42.29755228510179,183.49483989448723,124.73028330411432,55.46455659037293,3.300000000000014
P2_mu_sigma,ci_low,CH,global,16.009172009562985,168.90856677208524,122.90736641430395,42.70120035778128,3.300000000000013
P2_mu_sigma,ci_low,CL,national,31.80015513935861,105.51902077880054,50.4702630736281,51.748757705172444,3.3000000000000016
P2_mu_sigma,ci_low,CL,global,15.383480682329523,96.02946098193392,50.611701574863694,42.117759407070224,3.300000000000001
P2_mu_sigma,ci_low,CN,national,19.424296603645274,88.86789257162877,56.4453521067106,29.122540464918185,3.2999999999999985
P2_mu_sigma,ci_low,CN,global,7.859370703405517,81.48873924789771,56.870836455966064,21.31790279193165,3.299999999999999
P2_mu_sigma,ci_low,CO,national,43.15409211000073,155.44236369300012,101.07379239850893,51.06857129449119,3.300000000000005
P2_mu_sigma,ci_low,CO,global,15.816225104418038,140.22502684507288,95.52201014944535,41.40301669562753,3.3000000000000065
P2_mu_sigma,ci_low,CR,national,38.510178056277624,220.2522142761267,163.96583856055673,52.98637571556996,3.299999999999993
P2_mu_sigma,ci_low,CR,global,14.964975256968666,202.0536597372086,158.03397129159532,40.719688445613265,3.2999999999999927
P2_mu_sigma,ci_low,CU,national,28.546901257634254,105.48442528771066,56.328899406445316,45.85552588126534,3.299999999999994
P2_mu_sigma,ci_low,CU,global,12.839622390149913,93.4503683701818,56.789705927998824,33.36066244218299,3.2999999999999945
P2_mu_sigma,ci_low,CV,national,31.662709975771815,103.53747587797876,50.97918939429842,49.25828648368034,3.3000000000000047
P2_mu_sigma,ci_low,CV,global,14.63281069049559,92.5353535258155,51.702268380973614,37.533085144841884,3.300000000000006
P2_mu_sigma,ci_low,CZ,national,34.66679508384711,157.03536211691633,101.29347318818314,52.441888928733185,3.3000000000000074
P2_mu_sigma,ci_low,CZ,global,14.79291781838056,147.858560071382,101.28664869421982,43.27191137716217,3.300000000000005
P2_mu_sigma,ci_low,DE,national,26.019813019033844,97.84660553982714,49.547423160276594,44.999182379550554,3.299999999999999
P2_mu_sigma,ci_low,DE,global,11.232941378990684,89.95485784399692,51.48149038209813,35.17336746189878,3.299999999999999
P2_mu_sigma,ci_low,DK,national,27.606607961472296,103.2476908978931,53.31080082522255,46.63689007267054,3.300000000000005
P2_mu_sigma,ci_low,DK,global,12.338653792251455,95.31550867787041,55.10456919291022,36.910939484960196,3.300000000000005
P2_mu_sigma,ci_low,DO,national,36.871563056475146,128.2627423384334,73.65240515618969,51.31033718224372,3.2999999999999905
P2_mu_sigma,ci_low,DO,global,14.430939253956726,114.13179638457878,72.98441903792718,37.847377346651605,3.2999999999999927
P2_mu_sigma,ci_low,DZ,national,36.70469867794304,117.54678201261581,64.12616680497183,50.120615207644015,3.2999999999999714
P2_mu_sigma,ci_low,DZ,global,15.395533950662474,104.35219696913147,64.3910371486679,36.66115982046361,3.299999999999972
P2_mu_sigma,ci_low,EC,national,49.81937278867268,226.40176256372183,168.80642359504145,54.295338968680404,3.300000000000001
P2_mu_sigma,ci_low,EC,global,14.916938601807017,164.1861015794325,116.21928536399818,44.6668162154343,3.3000000000000016
P2_mu_sigma,ci_low,EE,national,31.335166385000957,124.45015314846573,66.09592376956098,55.054229378904765,3.2999999999999834
P2_mu_sigma,ci_low,EE,global,14.984388605304114,115.68168476599749,66.94793502594473,45.43374974005279,3.299999999999984
P2_mu_sigma,ci_low,EG,national,28.84937131041102,91.1346877807951,36.77694921417414,51.05773856662095,3.3000000000000105
P2_mu_sigma,ci_low,EG,global,13.871829289025516,78.95966679687213,37.38199547625518,38.27767132061693,3.3000000000000096
P2_mu_sigma,ci_low,ES,national,27.48100908642478,115.37493500650118,70.10907774048479,41.9658572660164,3.2999999999999905
P2_mu_sigma,ci_low,ES,global,12.362138538864862,106.30558565245498,70.36731995066712,32.63826570178785,3.2999999999999914
P2_mu_sigma,ci_low,ET,national,29.236912847854768,109.62836567963024,55.94614533541523,50.382220344214986,3.300000000000013
P2_mu_sigma,ci_low,ET,global,13.825882627570746,97.53677510620115,56.002944198994925,38.233830907206205,3.3000000000000123
P2_mu_sigma,ci_low,FI,national,33.166744493872265,137.33962968591132,67.71185909270996,66.32777059320134,3.300000000000029
P2_mu_sigma,ci_low,FI,global,16.155800198155486,121.13574621180707,68.66074168235838,49.17500452944867,3.3000000000000296
P2_mu_sigma,ci_low,FJ,national,34.822265644793625,147.72269005311733,95.61445209686846,48.80823795624888,3.300000000000002
P2_mu_sigma,ci_low,FJ,global,14.48631856639423,133.3561195977171,93.72179256711077,36.33432703060635,3.300000000000002
P2_mu_sigma,ci_low,FR,national,26.92050034105595,109.52075913763234,63.97872100527752,42.24203813235479,3.3000000000000087
P2_mu_sigma,ci_low,FR,global,12.051135659794717,101.10456819198365,64.90105316528758,32.90351502669604,3.300000000000009
P2_mu_sigma,ci_low,GB,national,26.68678184027279,102.82886736913281,57.50241920151083,42.02644816762197,3.299999999999999
P2_mu_sigma,ci_low,GB,global,11.798379197705447,94.90764802248026,59.060577474775464,32.5470705477048,3.299999999999999
P2_mu_sigma,ci_low,GF,national,31.997479512817268,186.14592733894517,138.27911088952334,44.566816449421836,3.300000000000012
P2_mu_sigma,ci_low,GF,global,15.331733145931375,176.65092144831888,135.3351136102145,38.01580783810438,3.3000000000000105
P2_mu_sigma,ci_low,GH,national,27.262561466839518,175.70284591041644,129.52629867745355,42.87654723296287,3.3000000000000225
P2_mu_sigma,ci_low,GH,global,12.683631708077797,162.53108519701846,126.345268028899,32.88581716811943,3.300000000000021
P2_mu_sigma,ci_low,GR,national,40.62244505114493,146.39897639017687,89.46957641856706,53.62939997160981,3.300000000000004
P2_mu_sigma,ci_low,GR,global,14.853908320387173,130.9252387520346,88.30237670060359,39.32286205143102,3.300000000000005
P2_mu_sigma,ci_low,GT,national,42.07633475749829,140.03646493276258,85.41854850385498,51.3179164289076,3.3000000000000016
P2_mu_sigma,ci_low,GT,global,16.0793100198997,126.38332838263781,83.75554660306024,39.327781779577585,3.300000000000002
P2_mu_sigma,ci_low,HN,national,38.61137018507319,116.92887658074798,60.92395809933133,52.70491848141664,3.2999999999999927
P2_mu_sigma,ci_low,HN,global,15.666804328541295,105.31085102184889,61.42856826310265,40.58228275874624,3.299999999999993
P2_mu_sigma,ci_low,HU,national,37.27363634663798,150.66857371901557,91.85297592466273,55.51559779435282,3.300000000000007
P2_mu_sigma,ci_low,HU,global,15.882571589377534,137.52564201592548,91.85431450106175,42.37132751486375,3.3000000000000074
P2_mu_sigma,ci_low,ID,national,41.03726435951636,172.2653354962189,119.59714737419301,49.3681881220259,3.299999999999999
P2_mu_sigma,ci_low,ID,global,14.45055363967066,151.4259813445483,113.46865952518364,34.65732181936463,3.2999999999999985
P2_mu_sigma,ci_low,IE,national,31.161506441473534,108.7772118485081,49.646715348140695,55.830496500367424,3.299999999999979
P2_mu_sigma,ci_low,IE,global,14.34591910188071,99.58440912766187,50.02892276162554,46.255486366036344,3.299999999999979
P2_mu_sigma,ci_low,IL,national,42.92319795708689,199.41230429587438,143.53088210402646,52.581422191847906,3.299999999999989
P2_mu_sigma,ci_low,IL,global,13.318712864850252,175.1620232747212,132.21585797723773,39.64616529748346,3.2999999999999914
P2_mu_sigma,ci_low,IN,national,27.19794650008147,111.10210852549861,65.94632185866999,41.85578666682863,3.3000000000000047
P2_mu_sigma,ci_low,IN,global,12.60209480147937,101.77596653883269,66.27668245514322,32.19928408368947,3.300000000000004
P2_mu_sigma,ci_low,IR,national,40.03466836069573,142.43515766144364,64.93679051895178,74.19836714249185,3.299999999999992
P2_mu_sigma,ci_low,IR,global,17.92634407831807,124.79917138552925,65.07144432426644,56.427727061262814,3.299999999999993
P2_mu_sigma,ci_low,IT,national,42.92110660470113,156.82747246416804,98.9342953103217,54.59317715384634,3.300000000000008
P2_mu_sigma,ci_low,IT,global,15.243623374876304,140.83864325265074,97.44762482623791,40.0910184264128,3.3000000000000074
P2_mu_sigma,ci_low,JM,national,44.82164597414533,142.59856804564467,87.75022630953592,51.54834173610876,3.3000000000000074
P2_mu_sigma,ci_low,JM,global,13.928050318734092,124.25710833204445,83.22845993147934,37.72864840056513,3.300000000000006
P2_mu_sigma,ci_low,JO,national,27.855437160167,114.90399076087256,64.95131113982954,46.652679621043006,3.300000000000001
P2_mu_sigma,ci_low,JO,global,12.65205499118901,102.84472278846303,64.8518847039202,34.69283808454283,3.300000000000001
P2_mu_sigma,ci_low,JP,national,40.76698249114018,144.16123689781048,89.11836165006076,51.74287524774974,3.2999999999999945
P2_mu_sigma,ci_low,JP,global,14.125962910243103,129.21943180270574,89.04393296864973,36.87549883405603,3.2999999999999945
P2_mu_sigma,ci_low,KE,national,37.11480023613687,106.53365486487282,47.442294265431414,55.79136059944142,3.2999999999999794
P2_mu_sigma,ci_low,KE,global,15.246307732189399,94.30787045983016,48.82598502727377,42.181885432556406,3.29999999999998
P2_mu_sigma,ci_low,KH,national,35.70432261018182,170.84604496659762,119.27730818438816,48.26873678220943,3.300000000000001
P2_mu_sigma,ci_low,KH,global,14.741735475852874,153.95494772117803,116.68074707452249,33.974200646655525,3.3000000000000007
P2_mu_sigma,ci_low,KR,national,43.13644440672209,165.56624293612379,109.89442833649395,52.37181459962986,3.299999999999999
P2_mu_sigma,ci_low,KR,global,13.804047708833666,149.16991587302192,107.8040047540697,38.06591111895223,3.300000000000001
P2_mu_sigma,ci_low,KW,national,32.977489322729035,104.56098103132585,50.76727364875784,50.49370738256801,3.300000000000004
P2_mu_sigma,ci_low,KW,global,14.360888960292653,90.81243172609368,51.34100799346067,36.171423732632995,3.300000000000004
P2_mu_sigma,ci_low,KZ,national,42.68761937914246,145.97672033108657,86.6114040577792,56.06531627330736,3.300000000000017
P2_mu_sigma,ci_low,KZ,global,15.49860929824477,132.92136184530588,85.91591283798067,43.705449007325214,3.3000000000000145
P2_mu_sigma,ci_low,LC,national,26.49698817659244,85.76203731203776,39.62529014661882,42.83674716541894,3.300000000000002
P2_mu_sigma,ci_low,LC,global,12.730784325332667,78.34392516673573,40.72327278639577,34.32065238033995,3.3000000000000016
P2_mu_sigma,ci_low,LK,national,30.817332627955995,100.83406543178675,48.909759341163245,48.6243060906235,3.3000000000000234
P2_mu_sigma,ci_low,LK,global,14.493600738740989,90.63681615455145,49.97532685971825,37.3614892948332,3.300000000000021
P2_mu_sigma,ci_low,LY,national,27.320124313998058,93.17759289021572,47.65656573841719,42.22102715179854,3.299999999999998
P2_mu_sigma,ci_low,LY,global,11.808198337699109,82.01926334006676,48.107260980831754,30.61200235923501,3.299999999999998
P2_mu_sigma,ci_low,MA,national,36.92246047388174,117.85945516316764,61.46881164397345,53.090643519194195,3.299999999999996
P2_mu_sigma,ci_low,MA,global,15.522231399864458,106.12914426953182,61.65064637764313,41.17849789188869,3.299999999999996
P2_mu_sigma,ci_low,MG,national,37.12051302385967,186.90970063855283,137.2687647860791,46.340935852473756,3.300000000000015
P2_mu_sigma,ci_low,MG,global,12.973696685542821,166.37591107461355,128.98520585671397,34.09070521789959,3.3000000000000123
P2_mu_sigma,ci_low,MM,national,36.061111850481524,158.07885517199094,103.08314552393915,51.69570964805179,3.300000000000002
P2_mu_sigma,ci_low,MM,global,15.631331138845683,144.0547404823678,101.7365508640378,39.01818961833001,3.3000000000000025
P2_mu_sigma,ci_low,MN,national,30.723110447589658,111.56315759577515,59.153172431431884,49.10998516434327,3.2999999999999927
P2_mu_sigma,ci_low,MN,global,13.678673248913961,99.38069266490388,59.88613140502205,36.19456125988184,3.299999999999994
P2_mu_sigma,ci_low,MR,national,28.618631047350597,99.50644314006962,47.34375527867173,48.86268786139787,3.300000000000015
P2_mu_sigma,ci_low,MR,global,13.835365907733719,90.34886723838562,48.01050984581539,39.03835739257022,3.300000000000015
P2_mu_sigma,ci_low,MU,national,31.082594302062162,107.44473009180754,54.39038868251162,49.75434140929592,3.299999999999993
P2_mu_sigma,ci_low,MU,global,13.85219760215189,96.10471164888808,55.316657405240996,37.488054243647085,3.2999999999999945
P2_mu_sigma,ci_low,MX,national,29.496711631926026,92.98193753839011,39.79071537989449,49.89122215849561,3.300000000000016
P2_mu_sigma,ci_low,MX,global,12.792374864422401,82.29573131021971,41.39133306056402,37.60439824965567,3.300000000000016
P2_mu_sigma,ci_low,MY,national,37.82647320771287,245.04098310099167,189.85366622587802,51.88731687511368,3.30000000000001
P2_mu_sigma,ci_low,MY,global,14.860598793291913,219.14690483218956,178.40396802429782,37.442936807891726,3.300000000000009
P2_mu_sigma,ci_low,NE,national,41.76309040195112,126.40336222205396,67.13572500776164,55.967637214292324,3.3000000000000043
P2_mu_sigma,ci_low,NE,global,16.34769007403016,113.68696511051192,66.87494119995118,43.51202391056073,3.300000000000004
P2_mu_sigma,ci_low,NG,national,29.228683038837218,228.2221377525852,180.1455356551391,44.77660209744609,3.300000000000007
P2_mu_sigma,ci_low,NG,global,13.647645137446517,213.30698808908357,175.86642669629992,34.14056139278365,3.3000000000000074
P2_mu_sigma,ci_low,NI,national,33.56644578095923,115.79365524886492,58.992444037488916,53.50121121137604,3.2999999999999874
P2_mu_sigma,ci_low,NI,global,15.716636532288089,102.41692766148606,59.10131671188466,40.01561094960141,3.2999999999999865
P2_mu_sigma,ci_low,NL,national,25.19739838612048,91.54083066509973,45.011933017182635,43.22889764791702,3.3000000000000593
P2_mu_sigma,ci_low,NL,global,11.175530897088946,83.88405049666358,46.819009658544644,33.76504083811888,3.3000000000000567
P2_mu_sigma,ci_low,NO,national,35.63980411245757,141.11645077868627,82.03230627444542,55.78414450424081,3.300000000000031
P2_mu_sigma,ci_low,NO,global,16.72165422084521,131.40470747312057,82.86263921608118,45.24206825703936,3.300000000000029
P2_mu_sigma,ci_low,NP,national,49.12742036246509,509.44586661336825,451.2246338768112,54.92123273655705,3.300000000000002
P2_mu_sigma,ci_low,NP,global,14.436421508276565,404.3597267928404,360.1262919817364,40.93343481110399,3.300000000000004
P2_mu_sigma,ci_low,NZ,national,31.049171635207813,111.12963182242672,59.34061592765037,48.48901589477638,3.2999999999999834
P2_mu_sigma,ci_low,NZ,global,13.52914945546467,99.67340913186035,60.378202983831734,35.99520614802864,3.299999999999985
P2_mu_sigma,ci_low,OM,national,27.55336229676547,100.07910179397769,52.37785387196221,44.40124792201545,3.30000000000001
P2_mu_sigma,ci_low,OM,global,12.226227931041835,89.37085580051581,52.77765135372112,33.29320444679468,3.3000000000000105
P2_mu_sigma,ci_low,PA,national,42.4763203981738,176.96376589487215,124.4406332779148,49.22313261695733,3.299999999999993
P2_mu_sigma,ci_low,PA,global,14.913496332043172,159.99375501720507,115.73978117609204,40.95397384111304,3.2999999999999936
P2_mu_sigma,ci_low,PE,national,25.247572829249197,90.3036401337016,44.6036083624073,42.400031771294316,3.2999999999999927
P2_mu_sigma,ci_low,PE,global,12.259664073466462,81.3117876404777,44.97820609991739,33.0335815405603,3.2999999999999927
P2_mu_sigma,ci_low,PH,national,31.330094887690347,100.51073548751535,45.46337801381436,51.74735747370104,3.2999999999999723
P2_mu_sigma,ci_low,PH,global,12.412258166909643,84.75219136937682,46.08018675129554,35.37200461808131,3.2999999999999727
P2_mu_sigma,ci_low,PK,national,29.592978547978,109.30896875694302,57.263584832638394,48.74538392430462,3.3000000000000007
P2_mu_sigma,ci_low,PK,global,13.15078181633501,98.30439478997842,58.235908725273916,36.768486064704504,3.300000000000001
P2_mu_sigma,ci_low,PL,national,32.96137997632334,126.39941894923695,71.68283332514739,51.416585624089585,3.2999999999999914
P2_mu_sigma,ci_low,PL,global,14.376474538739084,119.66052377312069,72.97106292528338,43.389460847837306,3.2999999999999914
P2_mu_sigma,ci_low,PS,national,42.49501469513522,279.5436598340511,224.16511629804145,52.07854353600964,3.2999999999999887
P2_mu_sigma,ci_low,PS,global,14.707108712636197,247.6877655469241,206.74176120161206,37.64600434531203,3.299999999999989
P2_mu_sigma,ci_low,PT,national,39.85702743328925,146.5412395622132,89.56187344749523,53.67936611471797,3.299999999999996
P2_mu_sigma,ci_low,PT,global,16.210272681508204,131.88218805859262,88.54713365352987,40.035054405062745,3.299999999999997
P2_mu_sigma,ci_low,PY,national,33.993705471827205,137.11818735058222,86.32354349250998,47.49464385807222,3.2999999999999945
P2_mu_sigma,ci_low,PY,global,16.01299744116759,127.16458900386198,85.44983207776802,38.41475692609395,3.2999999999999945
P2_mu_sigma,ci_low,RO,national,34.322062130291094,131.28371379172856,76.2369752832233,51.74673850850527,3.299999999999996
P2_mu_sigma,ci_low,RO,global,14.59002209787495,124.98558265294439,76.88517119598582,44.800411456958564,3.2999999999999967
P2_mu_sigma,ci_low,RU,national,35.03966230682038,133.964049657365,74.73163922337476,55.93241043399024,3.2999999999999967
P2_mu_sigma,ci_low,RU,global,15.483913200537861,121.96894558329326,75.5588917717036,43.110053811589644,3.299999999999996
P2_mu_sigma,ci_low,RW,national,36.728412804794274,246.31017392434458,194.27167406398112,48.7384998603635,3.2999999999999825
P2_mu_sigma,ci_low,RW,global,13.726378556320823,221.95043167344784,183.5288897856172,35.12154188783068,3.2999999999999825
P2_mu_sigma,ci_low,SA,national,29.039041725415927,104.67822188584692,53.38056210006668,47.99765978578026,3.299999999999983
P2_mu_sigma,ci_low,SA,global,13.573825280044458,91.83271098747872,53.564158481781426,34.9685525056973,3.299999999999983
P2_mu_sigma,ci_low,SE,national,35.91416293979378,163.31943963791912,89.24241556313457,70.77702407478455,3.2999999999999914
P2_mu_sigma,ci_low,SE,global,16.326364197658915,146.022566294164,90.36938087604334,52.353185418120674,3.2999999999999905
P2_mu_sigma,ci_low,SK,national,40.932144993939445,172.8618588355782,110.76991456083547,58.791944274742725,3.299999999999996
P2_mu_sigma,ci_low,SK,global,16.264479674020038,158.83305496660995,109.82948768602758,45.70356728058237,3.2999999999999963
P2_mu_sigma,ci_low,SN,national,29.4109445904518,121.05141969819874,70.2242449847722,47.52717471342655,3.2999999999999927
P2_mu_sigma,ci_low,SN,global,14.102782637882886,110.56072347285988,70.00181950824151,37.258903964618376,3.2999999999999927
P2_mu_sigma,ci_low,SR,national,29.80661392467223,225.3342240050408,176.0495332198944,45.98469078514639,3.2999999999999807
P2_mu_sigma,ci_low,SR,global,15.360648584056284,215.86126060091095,174.6092704576003,37.95199014331068,3.2999999999999816
P2_mu_sigma,ci_low,SV,national,44.787134428772724,140.60819996333325,86.42768670206591,50.88051326126733,3.299999999999996
P2_mu_sigma,ci_low,SV,global,15.219003698491528,125.59367407201164,83.99767506965385,38.29599900235779,3.2999999999999963
P2_mu_sigma,ci_low,TH,national,36.6692590653467,127.61640473452844,75.01557051769794,49.30083421683051,3.300000000000006
P2_mu_sigma,ci_low,TH,global,14.255144330543096,114.04392981731101,74.69151117496642,36.0524186423446,3.3000000000000047
P2_mu_sigma,ci_low,TN,national,31.408098420797682,103.88054271883982,51.11209529880709,49.46844742003278,3.2999999999999483
P2_mu_sigma,ci_low,TN,global,13.84361965161973,92.98194033836018,52.228108781909235,37.453831556450986,3.2999999999999514
P2_mu_sigma,ci_low,TR,national,37.87169797034344,124.36190911409892,66.81414242062671,54.2477666934722,3.300000000000008
P2_mu_sigma,ci_low,TR,global,14.913203833458569,111.4470183580725,66.9373907044683,41.20962765360419,3.3000000000000065
P2_mu_sigma,ci_low,TW,national,49.399496989027995,314.6327972153335,260.081003076031,51.251794139302476,3.299999999999998
P2_mu_sigma,ci_low,TW,global,13.386775425272845,249.2297281310463,208.12919058797056,37.800537543075755,3.3000000000000007
P2_mu_sigma,ci_low,UA,national,36.95168959055073,135.03463784784535,78.08847878341356,53.64615906443177,3.3000000000000025
P2_mu_sigma,ci_low,UA,global,14.688984296263147,125.31452908805349,78.4739118078963,43.54061728015719,3.300000000000004
P2_mu_sigma,ci_low,UG,national,38.46542760419969,200.19670546940205,147.31188274900262,49.58482272039946,3.2999999999999807
P2_mu_sigma,ci_low,UG,global,14.191758526247966,177.69981643101642,136.5403342580399,37.85948217297652,3.299999999999983
P2_mu_sigma,ci_low,US,national,19.398394176352415,88.8902790726014,56.40283969225498,29.1874393803464,3.30000000000001
P2_mu_sigma,ci_low,US,global,8.458693140318179,82.02728287627416,56.962873947304864,21.764408928969274,3.30000000000001
P2_mu_sigma,ci_low,UY,national,30.138671787444764,112.30982516704442,62.388875384991366,46.620949782053046,3.300000000000005
P2_mu_sigma,ci_low,UY,global,15.030060514705701,104.18993587998553,62.73986428457974,38.150071595405784,3.3000000000000047
P2_mu_sigma,ci_low,UZ,national,40.305863056300474,156.83543377204208,95.74219345160638,57.79324032043567,3.300000000000018
P2_mu_sigma,ci_low,UZ,global,15.828036090134223,140.09435234492793,94.19518130231666,42.59917104261125,3.300000000000018
P2_mu_sigma,ci_low,VN,national,35.856095370781,125.69659216082789,72.44632742303004,49.95026473779783,3.300000000000014
P2_mu_sigma,ci_low,VN,global,13.713198685059979,112.70158883290334,72.06145497076355,37.34013386213977,3.300000000000012
P2_mu_sigma,ci_low,ZA,national,24.191744336172523,105.80389962421724,65.24204827349377,37.26185135072347,3.2999999999999985
P2_mu_sigma,ci_low,ZA,global,10.755614013471813,96.64289299300997,65.07986447957924,28.26302851343073,3.299999999999998
P2_mu_sigma,ci_low,ZM,national,34.07793451626826,116.29195793753829,65.60932942540074,47.382628512137536,3.299999999999999
P2_mu_sigma,ci_low,ZM,global,13.27666049261586,104.03223913035983,65.43068893442756,35.30155019593225,3.299999999999999
P2_mu_sigma,mid,AE,national,33.502885493253885,125.36771874224853,79.10938082808721,42.95833791416132,3.299999999999998
P2_mu_sigma,mid,AE,global,12.638261837231141,113.04568369876066,77.81887274407417,31.92681095468649,3.2999999999999985
P2_mu_sigma,mid,AF,national,34.424282564641615,156.88997355018557,105.24612483934114,48.34384871084442,3.300000000000002
P2_mu_sigma,mid,AF,global,14.164630163039035,140.98028680713546,102.56073354575467,35.11955326138078,3.300000000000001
P2_mu_sigma,mid,AR,national,29.27255645280284,92.32200058754313,41.7027874451111,47.31921314243206,3.2999999999999665
P2_mu_sigma,mid,AR,global,14.279391968431565,83.9696343171835,42.19574975469535,38.47388456248818,3.2999999999999665
P2_mu_sigma,mid,AT,national,34.52225336792529,129.53342273842824,73.05250301270303,53.18091972572522,3.2999999999999967
P2_mu_sigma,mid,AT,global,15.651358951775544,118.76864305422822,73.79316814465561,41.67547490957262,3.299999999999997
P2_mu_sigma,mid,AU,national,27.320651470294045,99.93316392432796,54.487989091023394,42.145174833304566,3.299999999999999
P2_mu_sigma,mid,AU,global,11.808358986641391,89.67006081889522,55.548661294083345,30.821399524811877,3.299999999999999
P2_mu_sigma,mid,BD,national,38.24718735772427,150.93458998339372,96.47523354711102,51.15935643628272,3.299999999999994
P2_mu_sigma,mid,BD,global,15.095216886055042,135.02829365891915,95.093682605689,36.63461105323017,3.299999999999994
P2_mu_sigma,mid,BE,national,27.097114953808966,96.92935736937318,46.44525359266853,47.18410377670473,3.299999999999921
P2_mu_sigma,mid,BE,global,12.194627673474923,88.80339793313756,48.294765208200005,37.20863272493764,3.299999999999923
P2_mu_sigma,mid,BF,national,37.8875527461797,148.2287144021638,91.8036515743135,53.12506282785029,3.300000000000005
P2_mu_sigma,mid,BF,global,15.36708575735328,132.77972870598703,88.73107731386825,40.74865139211877,3.3000000000000043
P2_mu_sigma,mid,BG,national,34.96617776514043,126.42491208209897,72.56994872280879,50.554963359290184,3.3000000000000016
P2_mu_sigma,mid,BG,global,14.04760962378775,114.71035233880475,73.17039725182389,38.23995508698086,3.300000000000001
P2_mu_sigma,mid,BH,national,38.18967308050948,126.73734577331649,72.42127687195426,51.01606890136224,3.2999999999999905
P2_mu_sigma,mid,BH,global,14.633961142943775,112.5419469272517,72.05928021378385,37.182666713467846,3.2999999999999927
P2_mu_sigma,mid,BI,national,40.09635011669159,225.283179830565,175.20656445646657,46.77661537409842,3.300000000000002
P2_mu_sigma,mid,BI,global,13.02825127289097,195.40321473343914,158.82871635223628,33.27449838120285,3.300000000000002
P2_mu_sigma,mid,BO,national,38.28897646443938,158.38052391657436,102.5549125875509,52.525611329023484,3.3000000000000007
P2_mu_sigma,mid,BO,global,15.255710644896563,146.76682034761032,99.70891831134624,43.75790203626408,3.300000000000001
P2_mu_sigma,mid,BR,national,24.14910437610708,86.7935980975122,46.22381944629342,37.269778651218786,3.3000000000000074
P2_mu_sigma,mid,BR,global,11.366692252609852,80.0521163246741,46.66693961771556,30.085176706958542,3.3000000000000074
P2_mu_sigma,mid,BY,national,34.60497034914097,145.32071659104435,86.16230309239897,55.85841349864536,3.3000000000000007
P2_mu_sigma,mid,BY,global,14.996810750727677,134.6459611365517,87.34089805277658,44.00506308377515,3.3
P2_mu_sigma,mid,CA,national,24.04034882438983,101.35918921330565,61.76476380923271,36.294425404072946,3.300000000000005
P2_mu_sigma,mid,CA,global,11.39000695402488,96.0168969348315,63.14115874622725,29.57573818860425,3.300000000000005
P2_mu_sigma,mid,CH,national,42.29762812189687,183.20479824229548,124.92128908649191,54.98350915580357,3.3000000000000145
P2_mu_sigma,mid,CH,global,16.05308214397369,169.57443661183473,123.06527096162614,43.209165650208604,3.300000000000014
P2_mu_sigma,mid,CL,national,31.799990766528673,105.13784361161444,50.453521321199766,51.38432229041469,3.300000000000001
P2_mu_sigma,mid,CL,global,15.340515366769413,95.74679836210612,50.59770264563897,41.849095716467154,3.300000000000001
P2_mu_sigma,mid,CN,national,19.282250791717058,88.37851406186185,56.28911751971439,28.789396542147458,3.299999999999999
P2_mu_sigma,mid,CN,global,7.836749116536473,81.25764287630125,56.74202099955725,21.215621876744006,3.299999999999999
P2_mu_sigma,mid,CO,national,43.14575802865156,155.7419184747392,101.57553986411385,50.866378610625354,3.300000000000006
P2_mu_sigma,mid,CO,global,15.830059558654689,139.98112098957156,95.95316112924193,40.72795986032961,3.300000000000006
P2_mu_sigma,mid,CR,national,38.66154571877286,219.68194367428174,163.80398794094555,52.5779557333362,3.2999999999999936
P2_mu_sigma,mid,CR,global,14.922769890797802,200.69017533787664,157.56202069346048,39.828154644416145,3.299999999999993
P2_mu_sigma,mid,CU,national,28.64647571776951,105.39668215228845,56.240640465606226,45.856041686682225,3.2999999999999927
P2_mu_sigma,mid,CU,global,12.843959901935136,93.16744904251843,56.711047333903885,33.156401708614545,3.299999999999994
P2_mu_sigma,mid,CV,national,31.498293663465404,103.18887386651153,50.90798351803786,48.980890348473665,3.300000000000005
P2_mu_sigma,mid,CV,global,14.710248461142273,92.57943621984747,51.62469992883051,37.65473629101695,3.3000000000000047
P2_mu_sigma,mid,CZ,national,34.62105251807877,157.1741440565962,101.29441005497034,52.579734001625845,3.300000000000005
P2_mu_sigma,mid,CZ,global,14.769989092517195,147.1980234230775,101.28740518595879,42.61061823711873,3.300000000000005
P2_mu_sigma,mid,DE,national,25.855410661481226,97.42700968757374,49.225403182802346,44.90160650477138,3.3000000000000007
P2_mu_sigma,mid,DE,global,11.202833295024211,89.54542392117254,51.18659149497077,35.05883242620178,3.299999999999999
P2_mu_sigma,mid,DK,national,27.464881071139107,103.0587551450805,52.98516021088177,46.77359493419872,3.3000000000000047
P2_mu_sigma,mid,DK,global,12.290883833127655,94.96955186469856,54.80708112543275,36.86247073926582,3.300000000000005
P2_mu_sigma,mid,DO,national,36.80297486437002,127.88727662632812,73.71088143063143,50.8763951956967,3.2999999999999914
P2_mu_sigma,mid,DO,global,14.304910366541682,113.32540212589406,73.02479703237721,37.00060509351685,3.2999999999999927
P2_mu_sigma,mid,DZ,national,36.63888346067348,117.55812722304731,64.10031350698759,50.15781371605975,3.2999999999999723
P2_mu_sigma,mid,DZ,global,15.481034932445448,104.36249642907084,64.3708001349916,36.69169629407928,3.2999999999999736
P2_mu_sigma,mid,EC,national,50.005507574966245,227.46773904234053,169.78051474240408,54.38722429993642,3.300000000000001
P2_mu_sigma,mid,EC,global,15.022097003002207,163.43623200599,115.85744951461184,44.27878249137819,3.300000000000001
P2_mu_sigma,mid,EE,national,31.272150627575357,123.91934790036403,65.74584379884853,54.873504101515536,3.2999999999999834
P2_mu_sigma,mid,EE,global,15.027371804137832,114.78730723344445,66.57669535314871,44.910611880295754,3.299999999999984
P2_mu_sigma,mid,EG,national,28.79143127165665,90.83041360375194,36.646831531913755,50.88358207183816,3.3000000000000096
P2_mu_sigma,mid,EG,global,13.875663715644635,79.62089329758544,37.26142932587324,39.05946397171217,3.3000000000000096
P2_mu_sigma,mid,ES,national,27.47519650519145,115.48663202384792,70.07555171188399,42.11108031196394,3.2999999999999905
P2_mu_sigma,mid,ES,global,12.410675472386092,106.09203344658911,70.33894856214069,32.45308488444843,3.299999999999992
P2_mu_sigma,mid,ET,national,29.120299318479898,109.68023989229258,55.92730261997895,50.452937272313605,3.3000000000000145
P2_mu_sigma,mid,ET,global,13.793135214006796,97.42821308714116,55.985373559451496,38.142839527689645,3.300000000000013
P2_mu_sigma,mid,FI,national,33.08636649284785,136.81361798254818,67.35338254728511,66.16023543526306,3.3000000000000296
P2_mu_sigma,mid,FI,global,16.190450289711038,120.48199233859492,68.25295884442257,48.92903349417232,3.300000000000029
P2_mu_sigma,mid,FJ,national,34.93445110705344,147.82130130071735,95.74222663173065,48.77907466898669,3.300000000000002
P2_mu_sigma,mid,FJ,global,14.546849575428014,133.31576741125104,93.77163542579946,36.244131985451595,3.3000000000000025
P2_mu_sigma,mid,FR,national,26.741023779437505,109.08052766179006,63.84845866698569,41.93206899480435,3.30000000000001
P2_mu_sigma,mid,FR,global,12.009919872326405,100.78224700854501,64.78765066116459,32.694596347380404,3.300000000000008
P2_mu_sigma,mid,GB,national,26.543780354015485,102.36577329990625,57.217787253453494,41.84798604645275,3.3000000000000007
P2_mu_sigma,mid,GB,global,11.813837573397947,94.41790391365313,58.787739998130085,32.33016391552304,3.3
P2_mu_sigma,mid,GF,national,31.962359104112746,186.15543987796934,138.55046013058694,44.3049797473824,3.3000000000000105
P2_mu_sigma,mid,GF,global,15.288794677055979,176.55732597385847,135.47434414199304,37.78298183186541,3.300000000000012
P2_mu_sigma,mid,GH,national,27.437015532542468,175.63078969022197,129.63080619081273,42.6999834994092,3.3000000000000234
P2_mu_sigma,mid,GH,global,12.738086933428999,162.51694279365387,126.35124341069863,32.86569938295522,3.3000000000000203
P2_mu_sigma,mid,GR,national,40.76372710549322,146.47271662479315,89.60655428415748,53.56616234063567,3.3000000000000047
P2_mu_sigma,mid,GR,global,15.042476066223061,130.91498094874672,88.42070265857359,39.19427829017313,3.3000000000000047
P2_mu_sigma,mid,GT,national,42.03272564152994,140.1964468807415,85.75144847747863,51.14499840326286,3.3000000000000016
P2_mu_sigma,mid,GT,global,16.097796828087915,126.13484881988508,84.04558476084193,38.789264059043155,3.300000000000002
P2_mu_sigma,mid,HN,national,38.48755520840204,116.72545475042267,60.8695430465911,52.55591170383157,3.2999999999999927
P2_mu_sigma,mid,HN,global,15.62556499637347,104.71728519651812,61.37976838183332,40.0375168146848,3.299999999999993
P2_mu_sigma,mid,HU,national,37.187746715324195,150.1867554621733,91.85281996462959,55.033935497543695,3.300000000000007
P2_mu_sigma,mid,HU,global,15.821139509358028,137.57766588067065,91.85419373165777,42.42347214901287,3.3000000000000074
P2_mu_sigma,mid,ID,national,41.12880592961417,173.067612114689,120.22767071725099,49.53994139743803,3.299999999999999
P2_mu_sigma,mid,ID,global,14.578944322243984,152.24117976351994,113.9514235775054,34.989756186014546,3.2999999999999985
P2_mu_sigma,mid,IE,national,30.984577588216617,108.81057483851113,49.39479461981846,56.11578021869269,3.2999999999999794
P2_mu_sigma,mid,IE,global,14.415112356862789,99.19866435106124,49.7488473436537,46.149817007407556,3.299999999999979
P2_mu_sigma,mid,IL,national,43.27850222922672,198.15442148140235,142.20170951934855,52.65271196205379,3.299999999999989
P2_mu_sigma,mid,IL,global,13.448251073762101,173.2463663687108,130.4530186199305,39.49334774878028,3.2999999999999914
P2_mu_sigma,mid,IN,national,27.1699477416917,110.6269557928496,65.91821076008489,41.408745032764706,3.300000000000004
P2_mu_sigma,mid,IN,global,12.573087613605141,101.52917843348506,66.26062299046316,31.9685554430219,3.300000000000004
P2_mu_sigma,mid,IR,national,40.02608415147338,142.2104314173475,64.93021618217438,73.98021523517313,3.299999999999993
P2_mu_sigma,mid,IR,global,17.872384095168595,124.70736724318891,65.06921442430831,56.33815281888059,3.2999999999999927
P2_mu_sigma,mid,IT,national,42.99295011768597,156.99290685221035,99.15434952093648,54.53855733127387,3.300000000000008
P2_mu_sigma,mid,IT,global,15.380625232558847,140.71070038131788,97.62667906996754,39.784021311350344,3.3000000000000074
P2_mu_sigma,mid,JM,national,44.92332040363415,142.96676519981298,88.00084472984553,51.66592046996745,3.3000000000000074
P2_mu_sigma,mid,JM,global,14.003551810637388,124.12219010090186,83.35647286914194,37.465717231759925,3.300000000000006
P2_mu_sigma,mid,JO,national,27.884944056622246,114.7098483926073,64.95969592757561,46.450152465031685,3.300000000000001
P2_mu_sigma,mid,JO,global,12.606353423265086,102.67921966051807,64.85356374623946,34.525655914278616,3.3000000000000007
P2_mu_sigma,mid,JP,national,40.81422885816296,144.42337264714217,89.12657308576773,51.996799561374424,3.2999999999999945
P2_mu_sigma,mid,JP,global,14.162339682750321,129.53769333993526,89.05016730512921,37.18752603480606,3.299999999999994
P2_mu_sigma,mid,KE,national,36.86356884662143,105.82999750565766,47.229644896536826,55.30035260912086,3.2999999999999794
P2_mu_sigma,mid,KE,global,15.005070501374545,93.46693609593324,48.67828478753325,41.488651308399994,3.2999999999999807
P2_mu_sigma,mid,KH,national,35.57500190139739,171.07684925913878,119.72885300847932,48.04799625065948,3.300000000000001
P2_mu_sigma,mid,KH,global,14.7348824740418,154.1538912708065,117.02091094049457,33.832980330311905,3.300000000000001
P2_mu_sigma,mid,KR,national,43.1397749118873,165.42506060289764,110.02129419180851,52.10376641108912,3.299999999999999
P2_mu_sigma,mid,KR,global,13.813891647370397,149.0408332225022,107.86382722938602,37.87700599311618,3.300000000000001
P2_mu_sigma,mid,KW,national,32.85796814305904,104.11225700232644,50.63659237285943,50.17566462946703,3.3000000000000047
P2_mu_sigma,mid,KW,global,14.277435925710408,90.94219478028519,51.22716985393733,36.41502492634786,3.3000000000000043
P2_mu_sigma,mid,KZ,national,42.8476587169685,146.1412441339041,86.6713806904418,56.1698634434623,3.300000000000017
P2_mu_sigma,mid,KZ,global,15.519397145197686,132.84895894536945,85.94869387944699,43.60026506592243,3.300000000000015
P2_mu_sigma,mid,LC,national,26.363835522472694,84.96960069632959,39.422504407226775,42.24709628910282,3.300000000000001
P2_mu_sigma,mid,LC,global,12.607332561483087,77.93316996020138,40.560166467927104,34.07300349227427,3.300000000000002
P2_mu_sigma,mid,LK,national,30.73822057648716,100.53905248139178,48.83230865996578,48.40674382142598,3.300000000000023
P2_mu_sigma,mid,LK,global,14.491025620294945,90.55552306478923,49.91333359493697,37.342189469852244,3.300000000000021
P2_mu_sigma,mid,LY,national,27.11808281534371,92.57397199161933,47.54462638619602,41.7293456054233,3.299999999999998
P2_mu_sigma,mid,LY,global,11.66794795813066,81.51456876753106,48.03358139591357,30.18098737161749,3.299999999999998
P2_mu_sigma,mid,MA,national,36.98911218726823,118.06299965881348,61.438580063754785,53.32441959505869,3.299999999999996
P2_mu_sigma,mid,MA,global,15.68158536636209,106.16484427253157,61.623011421676196,41.24183285085538,3.2999999999999963
P2_mu_sigma,mid,MG,national,37.29638457747942,186.66241268258915,137.04204971025206,46.32036297233709,3.300000000000014
P2_mu_sigma,mid,MG,global,13.078876895914638,165.6800706685005,128.6261808994574,33.75388976904308,3.300000000000012
P2_mu_sigma,mid,MM,national,35.985851853249365,157.97568337340277,103.28143211657978,51.39425125682301,3.3000000000000025
P2_mu_sigma,mid,MM,global,15.613374453231858,143.9125626660517,101.85965638390809,38.752906282143606,3.3000000000000025
P2_mu_sigma,mid,MN,national,30.677277249510865,111.61790308160883,59.0472976882404,49.27060539336843,3.299999999999993
P2_mu_sigma,mid,MN,global,13.775140421719744,99.40247586478682,59.786023854642075,36.31645201014475,3.2999999999999927
P2_mu_sigma,mid,MR,national,28.478766183979072,98.90258793160342,47.22561655348261,48.376971378120786,3.300000000000015
P2_mu_sigma,mid,MR,global,13.851423806067926,90.4148312696629,47.890055292213106,39.22477597744978,3.300000000000014
P2_mu_sigma,mid,MU,national,31.050717754767334,107.38419247751567,54.268270926924686,49.81592155059099,3.2999999999999927
P2_mu_sigma,mid,MU,global,13.858746761178212,95.92574966470616,55.21456250864497,37.4111871560612,3.2999999999999945
P2_mu_sigma,mid,MX,national,29.39617784839919,92.60912923684872,39.62229993451953,49.68682930232916,3.300000000000017
P2_mu_sigma,mid,MX,global,12.704829815032548,81.95126429447853,41.244938443506,37.406325850972515,3.300000000000017
P2_mu_sigma,mid,MY,national,37.818873418235185,246.6411939992811,191.28029883609898,52.060895163182124,3.30000000000001
P2_mu_sigma,mid,MY,global,14.947402374241703,220.82186663142397,179.55495123121264,37.96691540021132,3.3000000000000096
P2_mu_sigma,mid,NE,national,41.64439310160131,126.30559572227112,67.16218370994213,55.843412012329004,3.3000000000000047
P2_mu_sigma,mid,NE,global,16.340492336792494,113.7150248984904,66.89803680136475,43.51698809712566,3.300000000000004
P2_mu_sigma,mid,NG,national,29.09481128221368,227.9853891121105,180.73267838128385,43.95271073082667,3.300000000000007
P2_mu_sigma,mid,NG,global,13.588920919591846,213.03986324998337,176.23579062954155,33.504072620441825,3.3000000000000065
P2_mu_sigma,mid,NI,national,33.49917694301905,115.41728730791928,58.947808621254126,53.16947868666517,3.299999999999986
P2_mu_sigma,mid,NI,global,15.656821524201172,102.17369759361274,59.06329897902758,39.81039861458517,3.2999999999999874
P2_mu_sigma,mid,NL,national,24.939493737815432,90.89310489842497,44.774414449904995,42.8186904485199,3.3000000000000593
P2_mu_sigma,mid,NL,global,11.128684874100093,83.45875404643857,46.58046803742417,33.578286009014356,3.3000000000000584
P2_mu_sigma,mid,NO,national,35.66498705948725,140.27958137764972,81.65567346453295,55.32390791311673,3.3000000000000314
P2_mu_sigma,mid,NO,global,16.7401489421246,130.91005128199964,82.50109555507122,45.1089557269284,3.300000000000031
P2_mu_sigma,mid,NP,national,49.4261153782603,501.98049269036375,443.4371383559471,55.24335433441668,3.3000000000000025
P2_mu_sigma,mid,NP,global,14.644955349742878,392.8675332940161,348.7320489620197,40.83548433199643,3.3000000000000025
P2_mu_sigma,mid,NZ,national,31.008435102529123,110.90322561395926,59.094224724097124,48.50900088986216,3.2999999999999834
P2_mu_sigma,mid,NZ,global,13.583179320345357,99.57501107955036,60.12568836781692,36.14932271173346,3.2999999999999847
P2_mu_sigma,mid,OM,national,27.47793814447615,99.94646358824336,52.30905354763116,44.33741004061218,3.3000000000000105
P2_mu_sigma,mid,OM,global,12.220478574686796,89.32865257807471,52.7144835379569,33.31416904011779,3.30000000000001
P2_mu_sigma,mid,PA,national,42.601027426933534,177.27514633180445,124.70218464821852,49.27296168358594,3.2999999999999927
P2_mu_sigma,mid,PA,global,14.919943898421758,159.27758190920943,115.77076619516255,40.20681571404686,3.2999999999999927
P2_mu_sigma,mid,PE,national,25.198878704296014,90.11142855179766,44.55894230374786,42.252486248049806,3.2999999999999914
P2_mu_sigma,mid,PE,global,12.207667626350222,80.14614511272946,44.94987262865958,31.896272484069875,3.299999999999993
P2_mu_sigma,mid,PH,national,31.31860491480591,100.37874441240912,45.32471642814429,51.75402798426486,3.2999999999999723
P2_mu_sigma,mid,PH,global,12.397644951916753,84.56718632507241,45.96018136797736,35.307004957095074,3.2999999999999723
P2_mu_sigma,mid,PK,national,29.5532608672608,108.68206628742256,57.10939304792208,48.272673239500484,3.3
P2_mu_sigma,mid,PK,global,13.091344772726558,97.76767530261566,58.114108733328706,36.35356656928694,3.3000000000000007
P2_mu_sigma,mid,PL,national,32.80997980567744,125.79593078749717,71.52957446840576,50.966356319091425,3.2999999999999905
P2_mu_sigma,mid,PL,global,14.292341958248,119.16956943627392,72.86146519524041,43.00810424103352,3.2999999999999914
P2_mu_sigma,mid,PS,national,42.549462993892654,280.3056013723198,224.82030290912937,52.18529846319045,3.2999999999999887
P2_mu_sigma,mid,PS,global,14.756458968544106,247.58229949253655,206.885718014929,37.39658147760755,3.2999999999999914
P2_mu_sigma,mid,PT,national,39.82911774129539,146.28714153989665,89.61879313929715,53.368348400599515,3.2999999999999967
P2_mu_sigma,mid,PT,global,16.359636402263515,131.62353489571473,88.59499515035361,39.72853974536112,3.2999999999999967
P2_mu_sigma,mid,PY,national,33.871772314838296,136.75190228790706,86.45686327564027,46.99503901226678,3.299999999999994
P2_mu_sigma,mid,PY,global,15.90999746271832,126.8230268846476,85.55320961469332,37.969817269954284,3.299999999999996
P2_mu_sigma,mid,RO,national,34.32984796800126,131.70840423648394,76.1295223249509,52.27888191153305,3.2999999999999963
P2_mu_sigma,mid,RO,global,14.590887139582515,124.39887092806597,76.79881028586165,44.30006064220433,3.2999999999999963
P2_mu_sigma,mid,RU,national,35.028481834924484,133.84146273545835,74.55820081441746,55.98326192104089,3.2999999999999963
P2_mu_sigma,mid,RU,global,15.48336928742733,122.4501695530984,75.42157296072389,43.7285965923745,3.2999999999999967
P2_mu_sigma,mid,RW,national,36.751167367955304,247.21712179509512,195.24537107720718,48.67175071788798,3.2999999999999816
P2_mu_sigma,mid,RW,global,13.801965578565564,222.5630345072489,184.3004538608836,34.962580646365296,3.299999999999982
P2_mu_sigma,mid,SA,national,28.922184902190175,104.45312845293529,53.276417688288625,47.876710764646674,3.2999999999999825
P2_mu_sigma,mid,SA,global,13.541867783500363,91.9165949578423,53.47206220375576,35.14453275408655,3.299999999999983
P2_mu_sigma,mid,SE,national,35.867888165017426,162.81432660102297,88.9595601724614,70.55476642856156,3.2999999999999905
P2_mu_sigma,mid,SE,global,16.31413262280381,145.2289731108096,90.13012399550429,51.79884911530529,3.2999999999999914
P2_mu_sigma,mid,SK,national,40.92763755698166,172.46482037156443,110.86267828563649,58.302142085927954,3.299999999999996
P2_mu_sigma,mid,SK,global,16.24726753979078,156.1395824214902,109.89614306234057,42.943439359149636,3.299999999999996
P2_mu_sigma,mid,SN,national,29.262645975356577,121.05815090255773,70.2567107584214,47.50144014413631,3.2999999999999927
P2_mu_sigma,mid,SN,global,14.148108229684949,110.93599947932182,70.03273853421845,37.60326094510338,3.299999999999992
P2_mu_sigma,mid,SR,national,29.6521162158471,225.3028112663849,176.6726441722397,45.33016709414525,3.2999999999999807
P2_mu_sigma,mid,SR,global,15.311199595110885,215.9485936635976,175.0124810042541,37.636112659343496,3.2999999999999807
P2_mu_sigma,mid,SV,national,44.852092920138006,140.6248043478318,86.71649472404205,50.60830962378974,3.2999999999999963
P2_mu_sigma,mid,SV,global,15.321743815895664,125.37698137056181,84.24219888282131,37.83478248774049,3.2999999999999963
P2_mu_sigma,mid,TH,national,36.68228973586645,127.82718525409676,75.0519129563543,49.475272297742464,3.3000000000000065
P2_mu_sigma,mid,TH,global,14.353974012240615,114.1722402876042,74.72084269983513,36.151397587769054,3.300000000000005
P2_mu_sigma,mid,TN,national,31.41057501692502,103.67575075333251,50.93346111496077,49.4422896383718,3.2999999999999483
P2_mu_sigma,mid,TN,global,13.920410749060535,93.08360886055384,52.061505409834865,37.72210345071903,3.299999999999951
P2_mu_sigma,mid,TR,national,37.909724575039846,124.34545216346946,66.80745439337753,54.23799777009194,3.300000000000008
P2_mu_sigma,mid,TR,global,14.950628393686847,111.31548708505,66.93311808515402,41.082368999895984,3.300000000000007
P2_mu_sigma,mid,TW,national,49.548428567378295,316.4015801540609,261.85417533294583,51.24740482111505,3.299999999999998
P2_mu_sigma,mid,TW,global,13.531555506155351,250.1736735295502,209.21298040351002,37.66069312604017,3.3000000000000007
P2_mu_sigma,mid,UA,national,36.98335000034728,135.11209069560869,78.06094029963067,53.751150395978016,3.3000000000000025
P2_mu_sigma,mid,UA,global,14.682838274478675,124.97057392655272,78.45671975022168,43.21385417633104,3.3000000000000025
P2_mu_sigma,mid,UG,national,38.60033379470197,200.44258471185725,147.47440819142986,49.66817652042741,3.2999999999999803
P2_mu_sigma,mid,UG,global,14.351216361922933,177.57135433408638,136.40658306040726,37.86477127367914,3.299999999999983
P2_mu_sigma,mid,US,national,19.150775357623058,88.15290929529505,56.29927609004465,28.553633205250385,3.3000000000000096
P2_mu_sigma,mid,US,global,8.287817953546577,81.15657696989625,56.866930196665365,20.989646773230866,3.3000000000000105
P2_mu_sigma,mid,UY,national,29.97599768426702,112.01328819395077,62.312853983509115,46.400434210441674,3.3000000000000065
P2_mu_sigma,mid,UY,global,14.951476008606775,103.81346481644202,62.67969548902688,37.833769327415155,3.300000000000004
P2_mu_sigma,mid,UZ,national,40.30523531903597,156.85447237453178,95.84975489095949,57.70471748357225,3.300000000000018
P2_mu_sigma,mid,UZ,global,15.830176893735434,139.80182615628766,94.28178460264758,42.22004155364006,3.300000000000017
P2_mu_sigma,mid,VN,national,35.85699278163768,125.74784065855732,72.46827665968588,49.97956399887141,3.300000000000014
P2_mu_sigma,mid,VN,global,13.811114114904091,112.57522093501026,72.07385151579317,37.201369419217095,3.300000000000012
P2_mu_sigma,mid,ZA,national,24.31431275931132,105.89738631653061,65.25918318764437,37.33820312888625,3.2999999999999985
P2_mu_sigma,mid,ZA,global,10.790511695033828,96.52096673837613,65.0937721682007,28.127194570175433,3.299999999999998
P2_mu_sigma,mid,ZM,national,33.97422702975223,116.24622130409631,65.63181957502516,47.31440172907116,3.299999999999999
P2_mu_sigma,mid,ZM,global,13.273766607005019,104.08103665610665,65.45001705813087,35.33101959797579,3.299999999999999
P2_mu_sigma,ci_high,AE,national,33.819950456614414,126.42562803331,79.26801816991154,43.85760986339848,3.2999999999999985
P2_mu_sigma,ci_high,AE,global,12.822845954318861,113.85021136191601,77.95428439229988,32.59592696961613,3.2999999999999985
P2_mu_sigma,ci_high,AF,national,34.612430678986954,157.4921261312947,105.66283654911379,48.52928958218091,3.300000000000001
P2_mu_sigma,ci_high,AF,global,14.30362727894107,141.88985795233842,102.90372806553617,35.68612988680224,3.300000000000001
P2_mu_sigma,ci_high,AR,national,29.487135249161163,92.39437757821361,41.56950307826091,47.52487449995272,3.299999999999966
P2_mu_sigma,ci_high,AR,global,14.342935087985737,84.26547472608688,42.07987333696322,38.8856013891237,3.299999999999967
P2_mu_sigma,ci_high,AT,national,34.597567976676956,128.97370104304431,72.77134679187297,52.902354251171346,3.299999999999998
P2_mu_sigma,ci_high,AT,global,15.670003564415664,118.25403888489171,73.54114358537748,41.412895299514226,3.299999999999998
P2_mu_sigma,ci_high,AU,national,27.461995974337906,99.78764941447275,54.26770805837863,42.21994135609414,3.299999999999999
P2_mu_sigma,ci_high,AU,global,11.887200989919263,89.44372038173088,55.336356754207124,30.807363627523767,3.299999999999999
P2_mu_sigma,ci_high,BD,national,38.43483497178499,151.6513947385856,96.68303519115346,51.66835954743212,3.299999999999996
P2_mu_sigma,ci_high,BD,global,15.154754179888668,135.71788652304258,95.26488890420714,37.15299761883543,3.299999999999996
P2_mu_sigma,ci_high,BE,national,26.991449873062756,95.91133917449376,45.993187349020175,46.61815182547365,3.29999999999992
P2_mu_sigma,ci_high,BE,global,12.21661313145898,87.99341374811324,47.82927538461875,36.86413836349458,3.2999999999999217
P2_mu_sigma,ci_high,BF,national,38.03025764013258,149.05920732657643,92.37441913637625,53.38478819020017,3.3000000000000065
P2_mu_sigma,ci_high,BF,global,15.526391189242696,133.6203557914143,89.25327935615714,41.06707643525715,3.3000000000000047
P2_mu_sigma,ci_high,BG,national,35.17191446764271,126.53771151614829,72.41035243301629,50.827359083132,3.300000000000001
P2_mu_sigma,ci_high,BG,global,14.223486376454195,114.43121901720787,73.02120901521505,38.11001000199281,3.300000000000001
P2_mu_sigma,ci_high,BH,national,38.307335501756995,127.00635278473715,72.48888539400502,51.217467390732125,3.2999999999999905
P2_mu_sigma,ci_high,BH,global,14.711599224927363,112.88349667555315,72.11723528184332,37.46626139370983,3.2999999999999927
P2_mu_sigma,ci_high,BI,national,40.37921344839588,227.42496146568064,177.09144005467837,47.033521411002276,3.3000000000000025
P2_mu_sigma,ci_high,BI,global,13.256858741475721,197.3421650574259,160.52995309507713,33.51221196234878,3.3000000000000025
P2_mu_sigma,ci_high,BO,national,38.64147407864837,158.904572958836,102.81327788935923,52.79129506947677,3.300000000000002
P2_mu_sigma,ci_high,BO,global,15.393507560919787,146.77533537204758,99.77519430273007,43.70014106931749,3.300000000000002
P2_mu_sigma,ci_high,BR,national,24.14657045871286,86.73924921590589,46.01781938975774,37.42142982614815,3.300000000000008
P2_mu_sigma,ci_high,BR,global,11.410645251403324,79.94555344541857,46.47265189688609,30.17290154853249,3.300000000000008
P2_mu_sigma,ci_high,BY,national,34.660581097504,144.90638275428492,85.87369181963506,55.732690934649845,3.300000000000001
P2_mu_sigma,ci_high,BY,global,15.041888731424871,134.39204125848477,87.08141968234533,44.01062157613942,3.3000000000000007
P2_mu_sigma,ci_high,CA,national,24.116569948206525,101.35175003916115,61.46496579609476,36.58678424306639,3.3000000000000047
P2_mu_sigma,ci_high,CA,global,11.328947190508293,95.60000414457754,62.90125225463575,29.398751889941792,3.300000000000005
P2_mu_sigma,ci_high,CH,national,42.45627073244955,183.36442249823855,125.29212139937452,54.77230109886404,3.300000000000014
P2_mu_sigma,ci_high,CH,global,16.180001688167696,168.51092275120664,123.40377422359752,41.80714852760912,3.300000000000014
P2_mu_sigma,ci_high,CL,national,31.982475179208908,105.40647795756985,50.40515059580817,51.70132736176166,3.300000000000001
P2_mu_sigma,ci_high,CL,global,15.392884748674174,95.62216297477205,50.55128500522833,41.770877969543726,3.300000000000002
P2_mu_sigma,ci_high,CN,national,19.32530041102389,88.23600455643242,56.010401765047476,28.92560279138494,3.2999999999999985
P2_mu_sigma,ci_high,CN,global,7.910800430644412,81.36615054580321,56.48663216567116,21.57951838013205,3.299999999999999
P2_mu_sigma,ci_high,CO,national,43.35727679006403,156.63824631009976,102.39223534453697,50.94601096556277,3.300000000000006
P2_mu_sigma,ci_high,CO,global,15.969628030057725,140.5131173096495,96.68177974411566,40.53133756553383,3.300000000000005
P2_mu_sigma,ci_high,CR,national,38.97243735046697,220.13765284753384,164.36264841675467,52.47500443077917,3.299999999999993
P2_mu_sigma,ci_high,CR,global,14.98373872923785,200.7574393235585,157.8295042060574,39.62793511750107,3.299999999999993
P2_mu_sigma,ci_high,CU,national,28.91990264065136,105.95474570038108,56.07173953677965,46.583006163601425,3.299999999999993
P2_mu_sigma,ci_high,CU,global,12.941269655737884,93.03254558710948,56.54676154044152,33.18578404666795,3.299999999999993
P2_mu_sigma,ci_high,CV,national,31.515197242855287,103.00404968699635,50.74863648957436,48.95541319742201,3.3000000000000047
P2_mu_sigma,ci_high,CV,global,14.881328380866005,92.81301100139645,51.45392427271836,38.05908672867808,3.300000000000005
P2_mu_sigma,ci_high,CZ,national,34.7234994042952,157.49257771812827,101.29605821588734,52.89651950224095,3.300000000000005
P2_mu_sigma,ci_high,CZ,global,14.818434814870596,146.81892564438786,101.2889354465382,42.229990197849666,3.300000000000006
P2_mu_sigma,ci_high,DE,national,25.88075745360242,96.76573883412432,48.70483683040767,44.760902003716645,3.2999999999999985
P2_mu_sigma,ci_high,DE,global,11.268167357834745,89.15916292923258,50.68312155888245,35.176041370350134,3.3
P2_mu_sigma,ci_high,DK,national,27.486383342806242,102.9056992619736,52.47542563270846,47.13027362926513,3.300000000000005
P2_mu_sigma,ci_high,DK,global,12.330181086185108,94.93377339641869,54.29846655371824,37.335306842700454,3.3000000000000047
P2_mu_sigma,ci_high,DO,national,36.908945124946335,128.07545205520964,73.83129765250375,50.94415440270589,3.2999999999999914
P2_mu_sigma,ci_high,DO,global,14.324336090452547,113.2167047741938,73.13696749598127,36.779737278212544,3.299999999999992
P2_mu_sigma,ci_high,DZ,national,36.749314641068,117.99730851014401,64.04186838245137,50.655440127692664,3.29999999999997
P2_mu_sigma,ci_high,DZ,global,15.66578750119064,104.90051989926222,64.31527348756426,37.285246411698004,3.2999999999999723
P2_mu_sigma,ci_high,EC,national,50.43589929000901,229.67904473947195,171.71497623083997,54.664068508632,3.300000000000002
P2_mu_sigma,ci_high,EC,global,15.255691868351606,163.56865341081655,116.07640854429872,44.192244866517825,3.300000000000001
P2_mu_sigma,ci_high,EE,national,31.343909077294608,123.57925738289205,65.21551527493413,55.063742107957935,3.2999999999999834
P2_mu_sigma,ci_high,EE,global,15.098964772058071,114.59463516411203,66.03039369890787,45.26424146520419,3.2999999999999847
P2_mu_sigma,ci_high,EG,national,28.955387278056794,91.68876101724548,36.375924466868014,52.01283655037746,3.3000000000000105
P2_mu_sigma,ci_high,EG,global,13.948652829383255,79.46289745206569,36.99837279932572,39.16452465273995,3.3000000000000096
P2_mu_sigma,ci_high,ES,national,27.653180181373067,115.72229217174075,70.01629266506689,42.40599950667386,3.2999999999999914
P2_mu_sigma,ci_high,ES,global,12.54605068504103,106.40955120908524,70.28439716885883,32.82515404022639,3.2999999999999914
P2_mu_sigma,ci_high,ET,national,29.18423324925924,109.78242951074252,55.89697790546652,50.58545160527596,3.300000000000014
P2_mu_sigma,ci_high,ET,global,13.840090733195003,97.73115819721757,55.95551128244854,38.475646914769015,3.300000000000012
P2_mu_sigma,ci_high,FI,national,33.144506914534496,135.98517536159014,66.82425803940265,65.86091732218743,3.3000000000000296
P2_mu_sigma,ci_high,FI,global,16.25679477258467,119.73932231468129,67.66817388299832,48.771148431682946,3.3000000000000296
P2_mu_sigma,ci_high,FJ,national,35.22270767103768,148.38353757998357,96.03389587690583,49.04964170307775,3.300000000000002
P2_mu_sigma,ci_high,FJ,global,14.699094314480885,133.79188262308185,93.98696391449613,36.50491870858572,3.3000000000000025
P2_mu_sigma,ci_high,FR,national,26.73890287965565,108.80899582158966,63.61092551219207,41.898070309397575,3.300000000000009
P2_mu_sigma,ci_high,FR,global,12.045686009616517,100.24784691925247,64.56659182450426,32.38125509474819,3.300000000000009
P2_mu_sigma,ci_high,GB,national,26.578296621655813,101.94515674929697,56.74815118194123,41.897005567355734,3.299999999999999
P2_mu_sigma,ci_high,GB,global,11.906944508684214,94.10590648726748,58.31187509641158,32.494031390855895,3.3
P2_mu_sigma,ci_high,GF,national,32.075585056319,186.70243729156513,139.24790006486222,44.154537226702935,3.300000000000012
P2_mu_sigma,ci_high,GF,global,15.324989584734356,177.20279404979365,136.06623463393947,37.83655941585417,3.300000000000012
P2_mu_sigma,ci_high,GH,national,27.766141900118267,176.33051760546581,130.12593924138903,42.90457836407675,3.3000000000000234
P2_mu_sigma,ci_high,GH,global,12.88548071777464,162.90688539752034,126.77502368379403,32.831861713726276,3.300000000000021
P2_mu_sigma,ci_high,GR,national,41.09519517244208,147.23664119794023,89.84929450009933,54.08734669784089,3.3000000000000047
P2_mu_sigma,ci_high,GR,global,15.321231162289143,131.42549857885888,88.64745048536831,39.47804809349056,3.3000000000000043
P2_mu_sigma,ci_high,GT,national,42.199701007941535,140.8270107546261,86.25052022100017,51.27649053362592,3.3000000000000016
P2_mu_sigma,ci_high,GT,global,16.229360276235504,126.43608235341516,84.49685328453958,38.639229068875586,3.300000000000002
P2_mu_sigma,ci_high,HN,national,38.56329417432545,116.75575318597193,60.77648901203697,52.67926417393495,3.2999999999999927
P2_mu_sigma,ci_high,HN,global,15.685920646702536,104.71279947818591,61.29262502198349,40.12017445620243,3.2999999999999936
P2_mu_sigma,ci_high,HU,national,37.23771489383114,150.02352378536028,91.8525229937138,54.871000791646495,3.3000000000000074
P2_mu_sigma,ci_high,HU,global,15.806870668411625,136.78768694679556,91.85393128732444,41.63375565947113,3.3000000000000074
P2_mu_sigma,ci_high,ID,national,41.41236238224893,174.58443822851814,121.30192956031524,49.982508668202904,3.2999999999999985
P2_mu_sigma,ci_high,ID,global,14.794479127530739,153.8614329926502,114.89412641783287,35.667306574817346,3.2999999999999985
P2_mu_sigma,ci_high,IE,national,30.9504200462604,109.00813128945644,48.90397371577399,56.80415757368248,3.299999999999979
P2_mu_sigma,ci_high,IE,global,14.583244481877303,98.14066312261866,49.22139703274673,45.61926608987196,3.299999999999979
P2_mu_sigma,ci_high,IL,national,43.8029933158791,197.87716113150358,141.6391406962488,52.93802043525475,3.299999999999989
P2_mu_sigma,ci_high,IL,global,13.69970821202351,172.21805909100738,129.4306122377355,39.48744685327188,3.2999999999999914
P2_mu_sigma,ci_high,IN,national,27.303043919891536,110.47725682022538,65.85620974673598,41.32104707348941,3.3000000000000043
P2_mu_sigma,ci_high,IN,global,12.641127942261269,101.37495454955774,66.20874468156961,31.866209867988143,3.3000000000000025
P2_mu_sigma,ci_high,IR,national,40.16583868520577,142.7031574660307,64.89215635909756,74.51100110693314,3.2999999999999927
P2_mu_sigma,ci_high,IR,global,17.898170673823547,125.389380370989,65.03102707665113,57.05835329433786,3.299999999999993
P2_mu_sigma,ci_high,IT,national,43.269946777626394,157.7316168509715,99.52638427401321,54.90523257695828,3.3000000000000087
P2_mu_sigma,ci_high,IT,global,15.613973914890645,140.76409193626546,97.95973342229844,39.50435851396702,3.3000000000000074
P2_mu_sigma,ci_high,JM,national,45.22926685193525,143.94725814146875,88.46989562120092,52.17736252026784,3.3000000000000074
P2_mu_sigma,ci_high,JM,global,14.207438684906215,124.62340606921241,83.69898230727675,37.62442376193565,3.3000000000000065
P2_mu_sigma,ci_high,JO,national,28.065812253093657,114.88543843413889,64.98608878653683,46.59934964760208,3.300000000000002
P2_mu_sigma,ci_high,JO,global,12.628729268011396,102.85404271810866,64.87398980061053,34.680052917498124,3.3000000000000007
P2_mu_sigma,ci_high,JP,national,41.05648182010799,144.8592284837852,89.14264815041624,52.41658033336896,3.299999999999994
P2_mu_sigma,ci_high,JP,global,14.29149496566206,129.99092535531815,89.06458282124711,37.626342534071036,3.2999999999999945
P2_mu_sigma,ci_high,KE,national,36.81167699345945,105.32112501809296,46.88871862784199,55.132406390250985,3.299999999999979
P2_mu_sigma,ci_high,KE,global,14.837989961825587,92.8995982040616,48.40169924970913,41.1978989543525,3.29999999999998
P2_mu_sigma,ci_high,KH,national,35.60366399173887,171.9808873465242,120.54578911942623,48.13509822709799,3.3000000000000016
P2_mu_sigma,ci_high,KH,global,14.805010988316017,154.9984790705003,117.74505894970893,33.95342012079138,3.300000000000001
P2_mu_sigma,ci_high,KR,national,43.327070596703805,165.71124435146842,110.3080203450679,52.103224006400545,3.3000000000000007
P2_mu_sigma,ci_high,KR,global,13.904274578337382,149.37405546833935,108.08428559768252,37.98976987065681,3.3000000000000007
P2_mu_sigma,ci_high,KW,national,32.92154335334917,104.014553966929,50.39104848474148,50.323505482187514,3.3000000000000043
P2_mu_sigma,ci_high,KW,global,14.276589851236562,91.0260786684579,50.98926556216051,36.73681310629739,3.300000000000004
P2_mu_sigma,ci_high,KZ,national,43.19009662736626,146.7391277285474,86.80141315462363,56.63771457392375,3.300000000000017
P2_mu_sigma,ci_high,KZ,global,15.666124229130723,132.4695938716912,86.05607042754517,43.113523444146004,3.3000000000000145
P2_mu_sigma,ci_high,LC,national,26.436767585583386,85.12202451765438,39.08605599293338,42.735968524720995,3.300000000000002
P2_mu_sigma,ci_high,LC,global,12.596083680684112,77.63728514658163,40.2621501474775,34.07513499910414,3.300000000000002
P2_mu_sigma,ci_high,LK,national,30.831155429209783,100.54517089774112,48.63621317370382,48.608957724037275,3.3000000000000234
P2_mu_sigma,ci_high,LK,global,14.568166696226276,90.5180998139997,49.72964877259086,37.48845104140881,3.300000000000021
P2_mu_sigma,ci_high,LY,national,27.09928800011489,92.31723399771374,47.344565022484865,41.67266897522888,3.2999999999999967
P2_mu_sigma,ci_high,LY,global,11.616753684142969,81.01412294241078,47.8606120216223,29.85351092078848,3.299999999999997
P2_mu_sigma,ci_high,MA,national,37.26238668919154,118.60377494764828,61.38777007627007,53.916004871378206,3.299999999999996
P2_mu_sigma,ci_high,MA,global,15.936311293248703,106.64586242884012,61.574109749005075,41.77175267983503,3.299999999999996
P2_mu_sigma,ci_high,MG,national,37.659294645290394,187.30576700890956,137.3499534970644,46.65581351184513,3.3000000000000145
P2_mu_sigma,ci_high,MG,global,13.298486229821574,165.68764827605764,128.78884422557496,33.598804050482705,3.300000000000012
P2_mu_sigma,ci_high,MM,national,36.08168891679222,158.3471590949446,103.70914956662199,51.3380095283226,3.300000000000004
P2_mu_sigma,ci_high,MM,global,15.686202882928852,144.2861404039605,102.22380857499546,38.76233182896504,3.3000000000000034
P2_mu_sigma,ci_high,MN,national,30.79936655835916,111.62064415737717,58.8252664392588,49.49537771811839,3.2999999999999927
P2_mu_sigma,ci_high,MN,global,13.940032490610562,99.6250362951162,59.567818767652206,36.757217527464,3.299999999999994
P2_mu_sigma,ci_high,MR,national,28.524933671124558,98.42144419160597,47.01244226509489,48.10900192651107,3.300000000000015
P2_mu_sigma,ci_high,MR,global,13.982708182714912,90.8409303909532,47.67047672970624,39.87045366124695,3.3000000000000145
P2_mu_sigma,ci_high,MU,national,31.21932239033956,107.53817310900918,54.05648259921108,50.18169050979811,3.2999999999999927
P2_mu_sigma,ci_high,MU,global,13.965244747458627,96.22941817786815,55.02413821883804,37.90527995903011,3.299999999999993
P2_mu_sigma,ci_high,MX,national,29.527028188207506,92.45570305185596,39.32204357088495,49.83365948097101,3.300000000000017
P2_mu_sigma,ci_high,MX,global,12.706277173950397,81.99915261570835,40.970152235725855,37.72900037998248,3.300000000000016
P2_mu_sigma,ci_high,MY,national,37.99075775658286,249.50078737709288,193.63123333155585,52.56955404553704,3.3000000000000096
P2_mu_sigma,ci_high,MY,global,15.11898570306884,223.13577632959039,181.66016687932816,38.17560945026224,3.3000000000000087
P2_mu_sigma,ci_high,NE,national,41.723553672072406,126.58653674974617,67.2036947197477,56.08284202999848,3.300000000000004
P2_mu_sigma,ci_high,NE,global,16.462428050448473,113.79855801262404,66.9385411908754,43.56001682174863,3.300000000000004
P2_mu_sigma,ci_high,NG,national,29.114819447424946,228.8582496667122,182.0264122374373,43.53183742927489,3.300000000000007
P2_mu_sigma,ci_high,NG,global,13.606481941812993,213.56075286234804,177.33839344906983,32.922359413278194,3.300000000000007
P2_mu_sigma,ci_high,NI,national,33.62123950417818,115.46946266816356,58.86236737685466,53.30709529130891,3.299999999999988
P2_mu_sigma,ci_high,NI,global,15.68987880768216,101.93868968806548,58.982741164731415,39.65594852333409,3.2999999999999874
P2_mu_sigma,ci_high,NL,national,24.838243576021416,90.49784070347552,44.32767755415343,42.870163149322025,3.3000000000000607
P2_mu_sigma,ci_high,NL,global,11.160457668643254,83.15309710932715,46.11638931756135,33.73670779176575,3.300000000000058
P2_mu_sigma,ci_high,NO,national,35.82527110019049,139.48035490794769,81.08426946864591,55.09608543930174,3.300000000000032
P2_mu_sigma,ci_high,NO,global,16.790527034255636,129.93626816635427,81.95254889847018,44.68371926788406,3.3000000000000314
P2_mu_sigma,ci_high,NP,national,49.95397180754523,499.2153690483035,439.9640544528906,55.9513145954129,3.3000000000000025
P2_mu_sigma,ci_high,NP,global,14.967735317773121,385.84217273068265,341.28248480169344,41.25968792898919,3.3000000000000034
P2_mu_sigma,ci_high,NZ,national,31.148145867298865,110.69881210957068,58.71478427471502,48.68402783485568,3.299999999999983
P2_mu_sigma,ci_high,NZ,global,13.711130260902998,99.1156469379458,59.74330722719097,36.07233971075485,3.2999999999999847
P2_mu_sigma,ci_high,OM,national,27.56651064522182,100.18140318127793,52.18964985657068,44.69175332470723,3.300000000000012
P2_mu_sigma,ci_high,OM,global,12.305748071860206,89.35592173481965,52.59718451643814,33.458737218381486,3.3000000000000114
P2_mu_sigma,ci_high,PA,national,42.89230227891232,178.36523776753384,125.47670652925481,49.588531238278996,3.2999999999999927
P2_mu_sigma,ci_high,PA,global,15.042298795674988,159.3533792058022,116.3030965447133,39.750282661088924,3.2999999999999927
P2_mu_sigma,ci_high,PE,national,25.322558272542476,89.77341557728231,44.44996222811048,42.02345334917182,3.2999999999999914
P2_mu_sigma,ci_high,PE,global,12.240141162679006,79.96708348436296,44.854078392322904,31.813005092040054,3.2999999999999927
P2_mu_sigma,ci_high,PH,national,31.503742776295095,100.59536055553487,45.02665139186347,52.26870916367144,3.299999999999972
P2_mu_sigma,ci_high,PH,global,12.464300469781312,84.81508248195766,45.65917076487752,35.85591171708018,3.2999999999999727
P2_mu_sigma,ci_high,PK,national,29.693191706247834,108.72442169282075,56.83745888153675,48.586962811284,3.299999999999999
P2_mu_sigma,ci_high,PK,global,13.116619308755723,97.43346303445281,57.867555833033876,36.26590720141894,3.3000000000000007
P2_mu_sigma,ci_high,PL,national,32.796200265666606,125.270695977589,71.2296821134514,50.741013864137614,3.2999999999999914
P2_mu_sigma,ci_high,PL,global,14.252378069626989,118.38351798930175,72.60797726607154,42.475540723230225,3.2999999999999914
P2_mu_sigma,ci_high,PS,national,42.77104492912297,282.98534618358207,226.88640470138387,52.79894148219823,3.299999999999989
P2_mu_sigma,ci_high,PS,global,14.911345460876099,249.49582583859893,208.44323743890817,37.75258839969074,3.29999999999999
P2_mu_sigma,ci_high,PT,national,39.99445582515863,146.54619452739226,89.76314511097382,53.48304941641844,3.2999999999999967
P2_mu_sigma,ci_high,PT,global,16.60968874999958,131.94379032241145,88.72978891513333,39.914001407278114,3.2999999999999963
P2_mu_sigma,ci_high,PY,national,33.91377900516145,136.98296303320527,86.68345360275167,46.99950943045359,3.299999999999994
P2_mu_sigma,ci_high,PY,global,15.893061105072457,126.59182250878973,85.75007323599529,37.54174927279445,3.2999999999999945
P2_mu_sigma,ci_high,RO,national,34.5002147660671,131.9381662563372,75.95380390234205,52.68436235399516,3.2999999999999945
P2_mu_sigma,ci_high,RO,global,14.6540626079808,123.26667077165192,76.64362652763572,43.3230442440162,3.299999999999996
P2_mu_sigma,ci_high,RU,national,35.177856179794425,134.00201993640246,74.27357054824806,56.42844938815441,3.299999999999996
P2_mu_sigma,ci_high,RU,global,15.571926947838238,122.45683600881513,75.15499647723509,44.00183953158005,3.299999999999996
P2_mu_sigma,ci_high,RW,national,36.94028600929823,249.5564439042015,197.37218831722197,48.88425558697958,3.2999999999999807
P2_mu_sigma,ci_high,RW,global,13.977752503814614,224.43873016257794,186.2618879816211,34.87684218095685,3.299999999999983
P2_mu_sigma,ci_high,SA,national,28.99540633229997,104.6638638832143,53.11587547046181,48.24798841275251,3.299999999999983
P2_mu_sigma,ci_high,SA,global,13.585628026271365,91.86617821468273,53.32136012759414,35.24481808708861,3.2999999999999825
P2_mu_sigma,ci_high,SE,national,35.93735280786409,161.39237596613646,88.49684145710644,69.59553450903002,3.2999999999999914
P2_mu_sigma,ci_high,SE,global,16.328683032869705,144.695336061642,89.70436487753396,51.690971184108044,3.2999999999999905
P2_mu_sigma,ci_high,SK,national,41.0592664587555,172.5662726607219,111.05522590445219,58.21104675626972,3.299999999999996
P2_mu_sigma,ci_high,SK,global,16.329462754663595,156.1141711719944,110.07295476110279,42.74121641089163,3.299999999999996
P2_mu_sigma,ci_high,SN,national,29.290509069369786,121.13400888805074,70.31628846199668,47.517720426054076,3.2999999999999927
P2_mu_sigma,ci_high,SN,global,14.280716629214396,111.66936320333534,70.09199700039822,38.27736620293712,3.2999999999999927
P2_mu_sigma,ci_high,SR,national,29.652100131016518,226.48736055009056,177.9729410817617,45.21441946832892,3.2999999999999807
P2_mu_sigma,ci_high,SR,global,15.353935709128491,217.0412471904293,176.11807094434752,37.62317624608181,3.2999999999999807
P2_mu_sigma,ci_high,SV,national,45.14931988109506,141.28312424679888,87.21904683160079,50.76407741519808,3.299999999999996
P2_mu_sigma,ci_high,SV,global,15.545340636091453,125.73573040860204,84.69516184087992,37.740568567722114,3.299999999999996
P2_mu_sigma,ci_high,TH,national,36.90318885645508,128.4997349969391,75.11085070610226,50.08888429083686,3.3000000000000065
P2_mu_sigma,ci_high,TH,global,14.541802643440601,114.90574070826342,74.773231955371,36.83250875289243,3.300000000000005
P2_mu_sigma,ci_high,TN,national,31.601321412173334,103.75117407925049,50.62859655098512,49.82257752826542,3.2999999999999483
P2_mu_sigma,ci_high,TN,global,14.067387939550668,93.41714739965306,51.76707400490379,38.350073394749316,3.299999999999951
P2_mu_sigma,ci_high,TR,national,38.11674373215052,124.64742040066884,66.78845423014806,54.55896617052079,3.300000000000008
P2_mu_sigma,ci_high,TR,global,15.082142581758193,111.78066921274255,66.91596039075553,41.56470882198703,3.3000000000000065
P2_mu_sigma,ci_high,TW,national,49.90176921050748,320.080382811403,265.22855515205526,51.55182765934777,3.299999999999997
P2_mu_sigma,ci_high,TW,global,13.759004089928522,252.95193245335892,211.63811843718418,38.013814016174734,3.299999999999999
P2_mu_sigma,ci_high,UA,national,37.177659184151025,135.44081520448572,77.99503898766756,54.14577621681814,3.300000000000004
P2_mu_sigma,ci_high,UA,global,14.807363453659624,125.13744100342652,78.39720215085653,43.44023885257,3.300000000000004
P2_mu_sigma,ci_high,UG,national,38.914285281562414,201.7509304033361,148.31408291928028,50.13684748405586,3.29999999999998
P2_mu_sigma,ci_high,UG,global,14.61879946792711,178.28242520756592,136.9568319887542,38.02559321881171,3.299999999999983
P2_mu_sigma,ci_high,US,national,19.071866408437263,87.51573319097596,56.11426575833324,28.101467432642696,3.30000000000001
P2_mu_sigma,ci_high,US,global,8.208935168713944,80.55609880226145,56.68868807326021,20.567410729001228,3.30000000000001
P2_mu_sigma,ci_high,UY,national,29.975899401915857,111.74978108141843,62.18092028969667,46.26886079172176,3.300000000000005
P2_mu_sigma,ci_high,UY,global,14.95243871596281,103.79176693372986,62.56339061050379,37.92837632322608,3.300000000000005
P2_mu_sigma,ci_high,UZ,national,40.46218643167296,157.41306502969863,96.12584496842148,57.98722006127712,3.30000000000002
P2_mu_sigma,ci_high,UZ,global,15.922183418361971,140.05190003006746,94.54289434891697,42.20900568115046,3.300000000000018
P2_mu_sigma,ci_high,VN,national,36.04153173304967,126.20385906671554,72.52318073629583,50.380678330419684,3.300000000000015
P2_mu_sigma,ci_high,VN,global,13.992306422848952,113.11777636969872,72.12039556421298,37.69738080548573,3.3000000000000123
P2_mu_sigma,ci_high,ZA,national,24.604132013741054,106.48663851411528,65.29333712554754,37.89330138856776,3.2999999999999985
P2_mu_sigma,ci_high,ZA,global,10.906484350114379,96.71578036803884,65.12527153941822,28.29050882862061,3.299999999999997
P2_mu_sigma,ci_high,ZM,national,34.067366637945334,116.84637571763342,65.6661566378517,47.88021907978174,3.299999999999999
P2_mu_sigma,ci_high,ZM,global,13.389563262434518,104.41351389373928,65.48227069605498,35.6312431976843,3.3
P3_gamma,stylized_3.0,AE,national,33.496183133517235,120.5606319857764,78.03129951657588,39.22933246920053,3.299999999999999
P3_gamma,stylized_3.0,AE,global,12.480838048546776,107.71327050379064,76.75883564767109,27.654434856119543,3.2999999999999985
P3_gamma,stylized_3.0,AF,national,33.69404557510741,148.17741310213805,100.6768333484652,44.20057975367285,3.300000000000001
P3_gamma,stylized_3.0,AF,global,14.034201324783213,134.10727955699997,97.72421859315547,33.08306096384451,3.300000000000001
P3_gamma,stylized_3.0,AR,national,26.602783848844176,86.82940444984297,41.76289120635342,41.76651324348958,3.299999999999966
P3_gamma,stylized_3.0,AR,global,13.596224294856052,78.62817953384713,42.10755073918174,33.22062879466543,3.299999999999967
P3_gamma,stylized_3.0,AT,national,32.44527292257346,125.09464355387958,73.40389798363474,48.39074557024484,3.2999999999999967
P3_gamma,stylized_3.0,AT,global,15.926240276437822,116.31201992346415,73.99152221084319,39.020497712620944,3.299999999999998
P3_gamma,stylized_3.0,AU,national,23.720711470867666,94.11877983793327,55.631033637758144,35.18774620017514,3.299999999999999
P3_gamma,stylized_3.0,AU,global,10.67750644957126,85.08703643403915,56.559094366793694,25.227942067245458,3.2999999999999985
P3_gamma,stylized_3.0,BD,national,37.22164583914783,149.5559113632677,96.68726497441156,49.56864638885614,3.2999999999999945
P3_gamma,stylized_3.0,BD,global,15.018344852489493,133.75374692060979,95.25540346348173,35.19834345712805,3.299999999999996
P3_gamma,stylized_3.0,BE,national,23.331564192084382,94.49390513719764,48.81066704223702,42.38323809496071,3.2999999999999234
P3_gamma,stylized_3.0,BE,global,12.814064907279308,87.36721088892246,49.49759167510735,34.56961921381516,3.2999999999999243
P3_gamma,stylized_3.0,BF,national,34.16657059797904,146.06044522510098,92.18005898681072,50.580386238290245,3.300000000000005
P3_gamma,stylized_3.0,BF,global,15.264320806946339,132.27203479470373,89.69543242243157,39.27660237227215,3.300000000000005
P3_gamma,stylized_3.0,BG,national,31.82990236997853,120.60526636595952,72.49086838430918,44.81439798165034,3.3000000000000007
P3_gamma,stylized_3.0,BG,global,13.493981713019545,112.12471967680283,73.0226186679636,35.80210100883923,3.3000000000000007
P3_gamma,stylized_3.0,BH,national,35.34893209689089,122.55700433312032,72.47729041531457,46.77971391780576,3.2999999999999905
P3_gamma,stylized_3.0,BH,global,14.04785970499504,108.54525498523495,72.12232081855895,33.12293416667601,3.299999999999992
P3_gamma,stylized_3.0,BI,national,38.94902733526055,205.9493944039619,162.1259877215123,40.52340668244961,3.3000000000000025
P3_gamma,stylized_3.0,BI,global,12.863080668363702,185.59920214750954,148.7796466943349,33.519555453174625,3.300000000000002
P3_gamma,stylized_3.0,BO,national,38.709632461013186,140.8668766737578,90.65515093148632,46.911725742271464,3.3000000000000034
P3_gamma,stylized_3.0,BO,global,13.781554703049457,128.10698068561797,87.15355594417585,37.653424741442116,3.300000000000004
P3_gamma,stylized_3.0,BR,national,19.632258572781865,84.54482185628169,46.72086790895109,34.5239539473306,3.300000000000008
P3_gamma,stylized_3.0,BR,global,10.060253147072077,76.51137914238515,47.09985228567212,26.111526856713017,3.300000000000008
P3_gamma,stylized_3.0,BY,national,32.46953527711173,140.97308782491524,86.46626518730439,51.20682263761087,3.300000000000001
P3_gamma,stylized_3.0,BY,global,15.123891581466303,134.3886998763075,87.66239171965387,43.42630815665364,3.300000000000001
P3_gamma,stylized_3.0,CA,national,19.650744976014202,96.38151641569443,62.443185705441245,30.638330710253197,3.3000000000000047
P3_gamma,stylized_3.0,CA,global,9.920974983244662,90.51848315494098,63.395994517420576,23.822488637520404,3.3000000000000047
P3_gamma,stylized_3.0,CH,national,39.72189216985427,174.60051704679267,123.78176633310082,47.51875071369183,3.300000000000014
P3_gamma,stylized_3.0,CH,global,15.857287524710353,165.98930314028664,122.25090326356899,40.43839987671768,3.3000000000000123
P3_gamma,stylized_3.0,CL,national,30.834476872617888,99.72102580901056,51.004459385794235,45.41656642321632,3.300000000000002
P3_gamma,stylized_3.0,CL,global,14.408469022908335,89.25742779159545,51.16010142627856,34.797326365316884,3.3000000000000025
P3_gamma,stylized_3.0,CN,national,15.094547964944297,86.34502053187487,55.92949856391895,27.115521967955917,3.299999999999998
P3_gamma,stylized_3.0,CN,global,8.100404345079076,81.98340394480513,56.15161959571503,22.531784349090092,3.2999999999999985
P3_gamma,stylized_3.0,CO,national,39.32366458924096,146.41892576977816,100.0407994254904,43.07812634428776,3.3000000000000047
P3_gamma,stylized_3.0,CO,global,13.782594552421108,131.0229364072662,95.43660732483731,32.286329082428885,3.300000000000005
P3_gamma,stylized_3.0,CR,national,38.21007921897427,195.51667816987384,147.8385099250762,44.37816824479764,3.2999999999999914
P3_gamma,stylized_3.0,CR,global,13.586327457532654,177.6890985836357,140.4975541231603,33.891544460475394,3.299999999999992
P3_gamma,stylized_3.0,CU,national,28.849535950724427,100.2082411911377,56.9795004930067,39.92874069813101,3.2999999999999945
P3_gamma,stylized_3.0,CU,global,12.811398417556202,90.66588208847,57.429406134559684,29.936475953910318,3.299999999999996
P3_gamma,stylized_3.0,CV,national,27.53370371672668,97.83410711349734,52.30818803316398,42.22591908033336,3.300000000000005
P3_gamma,stylized_3.0,CV,global,14.004473168217297,88.63250248435725,52.84371266883967,32.48878981551758,3.3000000000000047
P3_gamma,stylized_3.0,CZ,national,32.41202985605945,154.50432523578348,101.29232636833765,49.9119988674458,3.300000000000005
P3_gamma,stylized_3.0,CZ,global,15.059215879266052,145.10600692922733,101.28630234193244,40.519704587294896,3.3000000000000065
P3_gamma,stylized_3.0,DE,national,22.04010142129136,97.14692810334488,49.25350742090969,44.593420682435195,3.3
P3_gamma,stylized_3.0,DE,global,11.589961203058383,88.40534919799744,50.21980784843375,34.88554134956368,3.3
P3_gamma,stylized_3.0,DK,national,24.12583456463654,99.5984419726762,52.93453285666091,43.363909116015286,3.300000000000005
P3_gamma,stylized_3.0,DK,global,12.938614541912951,91.23349426323774,53.67156396312473,34.261930300113015,3.3000000000000047
P3_gamma,stylized_3.0,DO,national,33.09610178529525,118.73450800632399,73.23728852108678,42.19721948523723,3.2999999999999914
P3_gamma,stylized_3.0,DO,global,12.803739624352467,105.7756055485614,72.60828560572834,29.867319942833074,3.2999999999999927
P3_gamma,stylized_3.0,DZ,national,34.8826984639383,115.61424410998652,64.33818288240214,47.97606122758441,3.2999999999999723
P3_gamma,stylized_3.0,DZ,global,15.909479422643843,105.1619974676264,64.62104524333785,37.2409522242886,3.2999999999999736
P3_gamma,stylized_3.0,EC,national,49.06899136756528,196.23564722621637,142.04400651276615,50.89164071345022,3.300000000000001
P3_gamma,stylized_3.0,EC,global,13.577820955340329,124.2941873235642,82.27575885559396,38.71842846797024,3.300000000000001
P3_gamma,stylized_3.0,EE,national,29.483926451068715,123.59987186794781,65.6818019242951,54.61806994365272,3.2999999999999834
P3_gamma,stylized_3.0,EE,global,15.360985257792867,115.11854866571267,66.01171115496814,45.80683751074456,3.2999999999999834
P3_gamma,stylized_3.0,EG,national,26.3928006261529,91.46730248441229,36.02060493838969,52.14669754602257,3.30000000000001
P3_gamma,stylized_3.0,EG,global,14.24645993064848,77.59305865319087,36.045430672092685,38.24762798109818,3.30000000000001
P3_gamma,stylized_3.0,ES,national,25.78377235723121,111.52451725264625,70.35926617519675,37.8652510774495,3.2999999999999914
P3_gamma,stylized_3.0,ES,global,12.799759078742829,105.06215399561992,70.5559914905092,31.20616250511072,3.2999999999999927
P3_gamma,stylized_3.0,ET,national,27.94666166816529,107.83244904214867,55.881448205139655,48.65100083700899,3.300000000000014
P3_gamma,stylized_3.0,ET,global,14.272479478433992,96.39976860068114,55.923773476884364,37.17599512379676,3.3000000000000123
P3_gamma,stylized_3.0,FI,national,31.064814879552415,132.49629678616557,66.22034737203327,62.975949414132245,3.3000000000000296
P3_gamma,stylized_3.0,FI,global,16.963371794207813,119.88782304161032,66.49539473178733,50.09242830982296,3.3000000000000296
P3_gamma,stylized_3.0,FJ,national,33.35572701974692,137.5164024602302,93.0213437888002,41.19505867143002,3.300000000000002
P3_gamma,stylized_3.0,FJ,global,13.33544352215087,124.70847252315087,91.02557788879615,30.382894634354727,3.300000000000002
P3_gamma,stylized_3.0,FR,national,23.1971120385502,105.84909653988888,65.09345082327775,37.4556457166111,3.300000000000009
P3_gamma,stylized_3.0,FR,global,11.785986569114401,98.10508718902152,65.81242672543087,28.992660463590653,3.3000000000000087
P3_gamma,stylized_3.0,GB,national,22.909128081758727,99.29489311366004,57.785749390819795,38.20914372284024,3.3000000000000007
P3_gamma,stylized_3.0,GB,global,11.55815538577992,90.80932574351479,58.78264984161116,28.72667590190364,3.299999999999999
P3_gamma,stylized_3.0,GF,national,31.22387981895573,175.46883718598335,131.00046387299676,41.16837331298658,3.3000000000000105
P3_gamma,stylized_3.0,GF,global,15.307932824852646,167.43600025352103,128.3420768643746,35.793923389146435,3.3000000000000096
P3_gamma,stylized_3.0,GH,national,28.349802163509143,163.73586569470294,123.65831574364978,36.77754995105311,3.30000000000002
P3_gamma,stylized_3.0,GH,global,12.99249965579273,152.27365959603503,120.21842316655759,28.755236429477424,3.300000000000018
P3_gamma,stylized_3.0,GR,national,39.764660150123845,141.49290616732063,89.13744659060836,49.05545957671225,3.3000000000000047
P3_gamma,stylized_3.0,GR,global,15.015913046385407,126.57775731242714,87.93795630409488,35.33980100833225,3.3000000000000043
P3_gamma,stylized_3.0,GT,national,38.10942386149315,131.85700286449682,85.19968710379408,43.357315760702726,3.3000000000000016
P3_gamma,stylized_3.0,GT,global,13.94739126189215,117.54636346950006,83.52737472499784,30.71898874450222,3.300000000000002
P3_gamma,stylized_3.0,HN,national,34.30872971644996,110.03859206693782,61.0236979053458,45.714894161592035,3.299999999999993
P3_gamma,stylized_3.0,HN,global,14.260280427079595,97.48568969494958,61.4426960567031,32.74299363824648,3.299999999999993
P3_gamma,stylized_3.0,HU,national,34.81381699567911,144.03857005525518,91.85366325277036,48.884906802484814,3.3000000000000065
P3_gamma,stylized_3.0,HU,global,16.013330202457286,131.18596889166247,91.85482754549687,36.03114134616559,3.3000000000000065
P3_gamma,stylized_3.0,ID,national,40.712133175953454,171.90933118399442,123.06095969212616,45.54837149186828,3.299999999999999
P3_gamma,stylized_3.0,ID,global,15.043813855145775,153.02440578953554,116.45519744411551,33.26920834542003,3.2999999999999985
P3_gamma,stylized_3.0,IE,national,30.03960186139127,115.5519418073643,47.55841146716637,64.69353034019795,3.2999999999999767
P3_gamma,stylized_3.0,IE,global,16.81999249986677,99.38218855712967,46.91382565696547,49.16836290016422,3.2999999999999767
P3_gamma,stylized_3.0,IL,national,43.86857347120676,163.3835584375765,113.88407220665205,46.19948623092444,3.2999999999999927
P3_gamma,stylized_3.0,IL,global,12.800611577490614,138.70347478304902,100.993408654904,34.41006612814501,3.2999999999999936
P3_gamma,stylized_3.0,IN,national,25.307082710941252,105.33605744451071,66.37146365417296,35.66459379033777,3.300000000000004
P3_gamma,stylized_3.0,IN,global,11.22260376617464,95.98532606165486,66.78115047984832,25.904175581806538,3.3000000000000025
P3_gamma,stylized_3.0,IR,national,44.244166132112554,161.4239612683575,65.48733599606503,92.63662527229243,3.299999999999994
P3_gamma,stylized_3.0,IR,global,22.287167693105665,147.90006798173712,65.70584916760717,78.89421881412996,3.2999999999999945
P3_gamma,stylized_3.0,IT,national,39.7264671675282,148.8942570629845,97.67740453867695,47.91685252430755,3.300000000000007
P3_gamma,stylized_3.0,IT,global,14.440469550666338,133.2666397268051,96.28683909091612,33.67980063588897,3.3000000000000065
P3_gamma,stylized_3.0,JM,national,43.75380178912331,136.25059445503177,86.82905198074039,46.12154247429139,3.3000000000000065
P3_gamma,stylized_3.0,JM,global,12.908360445163995,117.57390726337017,81.4609446698138,32.812962593556364,3.300000000000005
P3_gamma,stylized_3.0,JO,national,27.929820042412196,113.59681136831958,64.8261129872671,45.470698381052465,3.300000000000001
P3_gamma,stylized_3.0,JO,global,13.431505522382523,104.47672060345823,64.72242749944648,36.45429310401174,3.300000000000001
P3_gamma,stylized_3.0,JP,national,39.772521758653056,140.92274871349295,89.15045741491481,48.47229129857814,3.2999999999999945
P3_gamma,stylized_3.0,JP,global,14.755942062041196,126.27437046080446,89.07366919355445,33.900701267250014,3.2999999999999945
P3_gamma,stylized_3.0,KE,national,30.237505661594017,100.37672841375476,47.14201837412313,49.934710039631646,3.2999999999999794
P3_gamma,stylized_3.0,KE,global,13.777007153006815,88.64868299573067,47.971222633051724,37.37746036267895,3.2999999999999794
P3_gamma,stylized_3.0,KH,national,33.91483595450515,162.2189957223677,118.4973476610868,40.421648061280905,3.300000000000001
P3_gamma,stylized_3.0,KH,global,14.704808854016518,146.55045941725948,115.2576804706661,27.99277894659337,3.3000000000000007
P3_gamma,stylized_3.0,KR,national,40.77329935958124,158.4438658549076,109.54678165294182,45.59708420196579,3.3000000000000007
P3_gamma,stylized_3.0,KR,global,14.102152162775466,143.1546949462619,107.3926336096799,32.46206133658202,3.300000000000001
P3_gamma,stylized_3.0,KW,national,29.937839301923518,99.16255151773646,49.95141548004698,45.91113603768947,3.3000000000000047
P3_gamma,stylized_3.0,KW,global,13.818621584301416,88.0103168567237,50.339990383974886,34.37032647274883,3.300000000000004
P3_gamma,stylized_3.0,KZ,national,43.36791454658642,143.90973690285304,86.22575439076363,54.38398251208941,3.300000000000015
P3_gamma,stylized_3.0,KZ,global,15.564216568133538,130.83912703296016,85.36321722726652,42.17590980569363,3.300000000000014
P3_gamma,stylized_3.0,LC,national,21.724501133314575,79.57493853527465,39.50488004389155,36.770058491383104,3.3000000000000016
P3_gamma,stylized_3.0,LC,global,11.296960984553204,71.04659033486527,40.20358805957744,27.543002275287837,3.300000000000002
P3_gamma,stylized_3.0,LK,national,28.19427627599504,95.18479158207435,50.739452829384504,41.14533875268984,3.3000000000000203
P3_gamma,stylized_3.0,LK,global,13.14158270069946,85.07169098794098,51.81993695750438,29.951754030436575,3.300000000000018
P3_gamma,stylized_3.0,LY,national,23.781603851756707,87.5042720484832,46.97001761500693,37.23425443347627,3.299999999999997
P3_gamma,stylized_3.0,LY,global,12.053087192248938,79.90893961540458,47.23787175492852,29.371067860476064,3.299999999999998
P3_gamma,stylized_3.0,MA,national,35.72176211643737,119.14156798043246,61.42229886907152,54.41926911136093,3.299999999999996
P3_gamma,stylized_3.0,MA,global,16.295792525397648,107.74950647417745,61.59473524126837,42.85477123290909,3.2999999999999967
P3_gamma,stylized_3.0,MG,national,35.29581742930443,162.46999813339835,120.7260105760215,38.443987557376865,3.3000000000000105
P3_gamma,stylized_3.0,MG,global,11.659957987067582,144.63056651436253,113.4574400690899,27.87312644527263,3.3000000000000087
P3_gamma,stylized_3.0,MM,national,33.91220150496065,152.67082703562417,102.89357094392516,46.47725609169901,3.3000000000000025
P3_gamma,stylized_3.0,MM,global,14.503986626993607,138.78943606792473,101.13267982489424,34.356756243030496,3.3000000000000025
P3_gamma,stylized_3.0,MN,national,28.614932772533486,107.58603157533453,59.9966789399383,44.289352635396234,3.299999999999994
P3_gamma,stylized_3.0,MN,global,13.891073174277501,97.17507256899738,60.73194319306906,33.14312937592832,3.2999999999999945
P3_gamma,stylized_3.0,MR,national,26.339642254046254,97.3088015568897,47.40398420124765,46.60481735564203,3.300000000000015
P3_gamma,stylized_3.0,MR,global,14.821092355132691,90.97403548835074,47.8781632986577,39.79587218969303,3.300000000000014
P3_gamma,stylized_3.0,MU,national,28.252794504599173,102.65946709944801,54.63499419789989,44.72447290154811,3.2999999999999927
P3_gamma,stylized_3.0,MU,global,13.077951302705396,90.39047978773277,55.4703017845756,31.620178003157186,3.2999999999999945
P3_gamma,stylized_3.0,MX,national,24.21032004668306,85.92260342010373,39.91950399397778,42.70309942612593,3.300000000000018
P3_gamma,stylized_3.0,MX,global,12.53710848744331,74.59543226038002,40.53737585772044,30.75805640265957,3.3000000000000176
P3_gamma,stylized_3.0,MY,national,36.807676509999624,247.41330127026453,193.89184629733717,50.22145497292736,3.3000000000000096
P3_gamma,stylized_3.0,MY,global,16.119662065139266,223.02923972118708,183.2608192522186,36.46842046896849,3.30000000000001
P3_gamma,stylized_3.0,NE,national,38.94705513399002,126.45486685023654,67.20059262163309,55.954274228603445,3.3000000000000047
P3_gamma,stylized_3.0,NE,global,17.22586811389489,115.61702173279427,67.0013732106183,45.31564852217598,3.300000000000004
P3_gamma,stylized_3.0,NG,national,27.735692939430205,211.9793356928531,170.62584520279273,38.05349049006039,3.300000000000007
P3_gamma,stylized_3.0,NG,global,13.810070561789885,198.99786825675596,166.04588753256317,29.651980724192782,3.3000000000000065
P3_gamma,stylized_3.0,NI,national,30.64958690291147,108.70795493047466,59.44471793307984,45.963236997394816,3.2999999999999883
P3_gamma,stylized_3.0,NI,global,14.46833017534463,96.49412059410251,59.60584604453564,33.5882745495669,3.299999999999989
P3_gamma,stylized_3.0,NL,national,20.96336609488558,87.97471587142418,46.880136978103145,37.79457889332098,3.3000000000000584
P3_gamma,stylized_3.0,NL,global,11.637620146880895,80.6936729989648,47.48356054198119,29.91011245698356,3.3000000000000567
P3_gamma,stylized_3.0,NO,national,34.73731701647967,136.4186281881537,81.70586719744746,51.41276099070619,3.300000000000031
P3_gamma,stylized_3.0,NO,global,17.312659547201324,126.69052403431901,82.30485557777769,41.0856684565413,3.3000000000000314
P3_gamma,stylized_3.0,NP,national,49.73882000689365,346.93769322035337,289.1787912664427,54.45890195391063,3.3000000000000034
P3_gamma,stylized_3.0,NP,global,14.109139118145203,213.70613157413226,171.25118023431364,39.154951339818645,3.300000000000005
P3_gamma,stylized_3.0,NZ,national,27.707010061190246,105.04036842120993,59.8045009939088,41.93586742730115,3.299999999999984
P3_gamma,stylized_3.0,NZ,global,13.61709930086622,96.05846966224117,60.36101349993087,32.39745616231031,3.299999999999984
P3_gamma,stylized_3.0,OM,national,26.17281479713126,97.16587869627546,52.219106737094066,41.64677195918137,3.3000000000000114
P3_gamma,stylized_3.0,OM,global,12.104408928176227,86.13567852789822,52.61213377083768,30.223544757060523,3.3000000000000105
P3_gamma,stylized_3.0,PA,national,41.8138833390508,162.53149522613347,116.34604908953655,42.885446136596926,3.2999999999999927
P3_gamma,stylized_3.0,PA,global,13.26200529321459,143.80151714239213,107.4462219596662,33.05529518272591,3.2999999999999927
P3_gamma,stylized_3.0,PE,national,23.22785837372554,84.32773320128241,45.418938162604626,35.608795038677776,3.299999999999992
P3_gamma,stylized_3.0,PE,global,11.232058426078485,76.54041037853445,45.83318645572927,27.40722392280518,3.2999999999999936
P3_gamma,stylized_3.0,PH,national,28.595399170989193,96.72908370812577,45.36907345102593,48.060010257099876,3.2999999999999723
P3_gamma,stylized_3.0,PH,global,13.526282139558846,85.77613322287601,45.24975026525341,37.22638295762264,3.299999999999971
P3_gamma,stylized_3.0,PK,national,27.320066168422102,103.77626457714793,56.98428012470098,43.49198445244696,3.300000000000001
P3_gamma,stylized_3.0,PK,global,12.684891528598238,93.12788743599249,57.796034802908935,32.03185263308356,3.3000000000000007
P3_gamma,stylized_3.0,PL,national,29.170993316774013,127.79369370475276,72.47977542080115,52.01391828395161,3.2999999999999914
P3_gamma,stylized_3.0,PL,global,13.847056310202783,116.39329514429079,73.61245908426586,39.48083606002494,3.2999999999999914
P3_gamma,stylized_3.0,PS,national,42.91408144340994,263.01063949143145,208.89690158788963,50.81373790354181,3.2999999999999905
P3_gamma,stylized_3.0,PS,global,15.808054037519762,230.2168375581883,188.8320513967674,38.08478616142089,3.2999999999999914
P3_gamma,stylized_3.0,PT,national,36.154097197756734,137.88427657957968,88.77779487567317,45.80648170390652,3.2999999999999967
P3_gamma,stylized_3.0,PT,global,15.31048988702719,125.52012333475925,87.93016800814591,34.289955326613324,3.299999999999997
P3_gamma,stylized_3.0,PY,national,30.7867981092751,129.2721482986706,85.10433511148614,40.86781318718446,3.2999999999999945
P3_gamma,stylized_3.0,PY,global,14.511375952145453,120.44498557065815,84.20863874836004,32.936346822298106,3.299999999999996
P3_gamma,stylized_3.0,RO,national,31.618740833327113,129.23831409411804,75.93826432420556,50.00004976991246,3.2999999999999945
P3_gamma,stylized_3.0,RO,global,14.076767352939257,119.59301381563851,76.55771225649589,39.735301559142634,3.299999999999996
P3_gamma,stylized_3.0,RU,national,34.8924038028925,137.09252385110264,74.17174569014833,59.6207781609543,3.2999999999999963
P3_gamma,stylized_3.0,RU,global,16.037844332811783,127.2537569836094,75.28560567951943,48.66815130408996,3.299999999999996
P3_gamma,stylized_3.0,RW,national,36.62487246932394,218.17743770706858,171.92175049779166,42.95568720927693,3.299999999999983
P3_gamma,stylized_3.0,RW,global,13.432689586428742,194.1849452942246,159.4234042506247,31.4615410435999,3.299999999999984
P3_gamma,stylized_3.0,SA,national,26.84131209231972,99.14690697701883,52.46033376851616,43.386573208502675,3.2999999999999807
P3_gamma,stylized_3.0,SA,global,13.552555238789344,89.05124571007305,52.60853723851935,33.142708471553725,3.2999999999999816
P3_gamma,stylized_3.0,SE,national,33.957979293386906,158.06170821827283,90.1390668569771,64.62264136129572,3.2999999999999905
P3_gamma,stylized_3.0,SE,global,16.891777973034547,143.48552352080875,91.08668849345136,49.098835027357374,3.2999999999999914
P3_gamma,stylized_3.0,SK,national,39.26798354439779,166.43144400778192,109.9807039051098,53.150740102672096,3.299999999999996
P3_gamma,stylized_3.0,SK,global,16.63785062672989,154.14189549797192,109.13553466807282,41.70636082989911,3.2999999999999967
P3_gamma,stylized_3.0,SN,national,27.968406201634554,120.81596969508053,70.11268964748852,47.403280047592006,3.2999999999999927
P3_gamma,stylized_3.0,SN,global,15.574787658868402,111.33123538868071,69.94240019850476,38.08883519017595,3.299999999999992
P3_gamma,stylized_3.0,SR,national,27.680241389959942,215.5062662607414,171.5749259754918,40.631340285249635,3.299999999999982
P3_gamma,stylized_3.0,SR,global,14.741673262323848,205.64884211416967,168.80421547208473,33.54462664208495,3.299999999999982
P3_gamma,stylized_3.0,SV,national,41.25502458658742,131.46025537069383,85.10373374752807,43.056521623165764,3.2999999999999967
P3_gamma,stylized_3.0,SV,global,13.40539720430984,116.26429549158432,82.7290381867429,30.235257304841426,3.299999999999996
P3_gamma,stylized_3.0,TH,national,33.784003781244,123.13406958186853,75.24005773681603,44.5940118450525,3.3000000000000074
P3_gamma,stylized_3.0,TH,global,14.202209003002586,110.01727633147566,74.96078585127452,31.756490480201137,3.3000000000000065
P3_gamma,stylized_3.0,TN,national,29.898200580604524,102.47918697822756,50.70968949067638,48.46949748755123,3.2999999999999496
P3_gamma,stylized_3.0,TN,global,14.938326816440615,92.6644410290509,51.35296418484353,38.011476844207415,3.29999999999995
P3_gamma,stylized_3.0,TR,national,36.5729277936968,120.58929498440762,66.93739946867566,50.351895515731954,3.3000000000000065
P3_gamma,stylized_3.0,TR,global,14.66888483110771,107.4922077630316,67.0698369520181,37.12237081101351,3.300000000000005
P3_gamma,stylized_3.0,TW,national,49.281617006389546,309.1332750064109,257.5112558868513,48.3220191195596,3.299999999999998
P3_gamma,stylized_3.0,TW,global,13.98540048026575,241.40647419753344,203.19905609704543,34.90741810048801,3.300000000000001
P3_gamma,stylized_3.0,UA,national,35.0038524689954,134.61369938214827,78.51783410972942,52.79586527241884,3.300000000000004
P3_gamma,stylized_3.0,UA,global,14.468092680303176,122.38469647327511,78.8911236558347,40.193572817440405,3.3000000000000025
P3_gamma,stylized_3.0,UG,national,38.41561095853843,189.13682313459628,138.62711484399964,47.20970829059669,3.2999999999999825
P3_gamma,stylized_3.0,UG,global,14.532804195497558,165.33344508020338,126.73782204864925,35.29562303155415,3.299999999999985
P3_gamma,stylized_3.0,US,national,15.78436167671885,82.56251295679449,57.48109786129773,21.78141509549675,3.30000000000001
P3_gamma,stylized_3.0,US,global,7.9819506817518535,78.91676433615075,57.727983708057266,17.888780628093468,3.300000000000009
P3_gamma,stylized_3.0,UY,national,26.137243314903714,104.89529590393283,62.727543206817415,38.86775269711541,3.3000000000000047
P3_gamma,stylized_3.0,UY,global,13.366862155051976,98.43048695514642,63.08375032042135,32.04673663472507,3.300000000000004
P3_gamma,stylized_3.0,UZ,national,39.038181499396316,152.7539429457592,93.56525680251242,55.888686143246765,3.300000000000016
P3_gamma,stylized_3.0,UZ,global,15.389896469969955,135.16482455159192,91.88910369561968,39.97572085597222,3.300000000000015
P3_gamma,stylized_3.0,VN,national,33.47526465376937,120.57218586530807,72.27946983222381,44.99271603308424,3.3000000000000123
P3_gamma,stylized_3.0,VN,global,13.404550060126965,107.60799759136907,71.87445957798407,32.43353801338499,3.3000000000000105
P3_gamma,stylized_3.0,ZA,national,23.697262495660752,101.91213101208533,65.11882087198556,33.493310140099766,3.299999999999998
P3_gamma,stylized_3.0,ZA,global,11.49816603909514,93.88977815442061,65.00498717529177,25.584790979128833,3.2999999999999967
P3_gamma,stylized_3.0,ZM,national,29.520280160071867,112.25833163355982,65.6913545908408,43.26697704271901,3.299999999999999
P3_gamma,stylized_3.0,ZM,global,12.685340275536316,100.07186745465569,65.55385797952343,31.21800947513226,3.299999999999999
P3_gamma,default_4.84,AE,national,33.81258966997641,121.02350671777837,78.0225556964807,39.70095102129768,3.2999999999999985
P3_gamma,default_4.84,AE,global,12.7290884431845,107.80332478213664,76.75193591678307,27.751388865353558,3.2999999999999985
P3_gamma,default_4.84,AF,national,34.16885768094966,148.9161802863195,101.00577467669973,44.610405609619754,3.300000000000001
P3_gamma,default_4.84,AF,global,14.520288738807363,134.433022284957,98.13700360288175,32.996018682075245,3.3000000000000007
P3_gamma,default_4.84,AR,national,27.054316753934067,87.19189227722082,41.747260304148064,42.14463197307279,3.299999999999967
P3_gamma,default_4.84,AR,global,14.080872223654739,78.35822875365928,42.077790586172924,32.98043816748638,3.299999999999966
P3_gamma,default_4.84,AT,national,32.842672777512085,125.89170578164669,73.179377982498,49.41232779914868,3.299999999999998
P3_gamma,default_4.84,AT,global,16.279949596211164,116.69074298218003,73.7393195804574,39.651423401722624,3.299999999999998
P3_gamma,default_4.84,AU,national,24.195208893938737,95.5787679264036,55.80823733079426,36.47053059560933,3.299999999999998
P3_gamma,default_4.84,AU,global,11.094061409539698,85.14196517888954,56.77419181389581,25.067773364993723,3.2999999999999967
P3_gamma,default_4.84,BD,national,37.57851938328084,149.3501424699964,96.8399126334929,49.21022983650349,3.2999999999999945
P3_gamma,default_4.84,BD,global,15.372838959173576,134.38499656302812,95.4339682711763,35.651028291851816,3.2999999999999945
P3_gamma,default_4.84,BE,national,23.74360554225879,94.75297486796897,48.620509349412394,42.83246551855665,3.299999999999924
P3_gamma,default_4.84,BE,global,13.302852768728856,87.06233107137933,49.20430852130814,34.558022550071264,3.2999999999999243
P3_gamma,default_4.84,BF,national,34.76540721298493,146.29978883916186,92.06290485986459,50.93688397929729,3.300000000000005
P3_gamma,default_4.84,BF,global,15.770423139782741,132.8186246276048,89.54428507892926,39.97433954867553,3.300000000000005
P3_gamma,default_4.84,BG,national,32.21870357541087,120.61123792614036,72.46477957736674,44.84645834877363,3.300000000000001
P3_gamma,default_4.84,BG,global,13.842127802522834,112.22444124219126,72.98550665024692,35.938934591944346,3.300000000000001
P3_gamma,default_4.84,BH,national,35.75952746822353,122.82580476030293,72.51649508477566,47.00930967552728,3.2999999999999914
P3_gamma,default_4.84,BH,global,14.458978694683356,108.49129805878697,72.17198581950512,33.01931223928184,3.2999999999999914
P3_gamma,default_4.84,BI,national,39.45537387785158,205.95019120818358,161.96469676915396,40.68549443902963,3.3000000000000025
P3_gamma,default_4.84,BI,global,13.34216466239447,185.72417098524934,148.7112446668298,33.71292631841956,3.300000000000002
P3_gamma,default_4.84,BO,national,39.14418281443195,140.91826249710277,90.81611786053716,46.80214463656562,3.3000000000000025
P3_gamma,default_4.84,BO,global,14.203561812613556,127.86915258324889,87.35323072504227,37.215921858206634,3.300000000000004
P3_gamma,default_4.84,BR,national,20.027341962625304,85.89630057327527,46.61175141241118,35.984549160864105,3.300000000000008
P3_gamma,default_4.84,BR,global,10.46418820320811,78.06848937366743,46.96461544392083,27.803873929746594,3.300000000000008
P3_gamma,default_4.84,BY,national,32.889392775361884,142.23325835957382,86.1087559595763,52.82450239999752,3.3000000000000007
P3_gamma,default_4.84,BY,global,15.619719619410777,133.1872242416377,87.21572520376537,42.67149903787232,3.3000000000000007
P3_gamma,default_4.84,CA,national,20.059903958385537,96.47990046744964,62.5168904658701,30.663010001579533,3.300000000000005
P3_gamma,default_4.84,CA,global,10.371924835362742,90.51062168637701,63.454571033271925,23.75605065310509,3.300000000000005
P3_gamma,default_4.84,CH,national,39.98076704606445,174.75436277541212,124.17494905337371,47.2794137220384,3.300000000000014
P3_gamma,default_4.84,CH,global,16.13623811717971,166.21590971504529,122.64297549954833,40.27293421549697,3.300000000000014
P3_gamma,default_4.84,CL,national,31.296716694305402,100.69984412377462,50.98513366445498,46.41471045931964,3.3000000000000025
P3_gamma,default_4.84,CL,global,14.851799014654715,90.82423629246387,51.13470306242217,36.38953323004169,3.300000000000004
P3_gamma,default_4.84,CN,national,15.456603539521874,86.03144815354052,55.87747921313564,26.85396894040489,3.299999999999998
P3_gamma,default_4.84,CN,global,8.46909603576797,82.44832950757056,56.08964630320436,23.058683204366204,3.299999999999998
P3_gamma,default_4.84,CO,national,39.77731428831699,146.78526249873195,99.81655524582807,43.66870725290387,3.300000000000005
P3_gamma,default_4.84,CO,global,14.125498836202555,131.27783025970933,95.20026016185355,32.777570097855794,3.3000000000000047
P3_gamma,default_4.84,CR,national,38.523822970764584,196.6545013953023,148.79028738859552,44.5642140067068,3.2999999999999927
P3_gamma,default_4.84,CR,global,13.981780461352145,179.3565288807042,141.77015530661305,34.28637357409114,3.2999999999999927
P3_gamma,default_4.84,CU,national,29.272308173218132,100.37604143331207,57.10343644567703,39.97260498763502,3.2999999999999945
P3_gamma,default_4.84,CU,global,13.156939193797434,90.62812618645303,57.580616276916494,29.74750990953654,3.299999999999996
P3_gamma,default_4.84,CV,national,28.098337390683724,98.33038904046563,52.35441014559779,42.675978894867846,3.3000000000000047
P3_gamma,default_4.84,CV,global,14.516356408584807,88.36369248938735,52.89226160993702,32.17143087945032,3.3000000000000047
P3_gamma,default_4.84,CZ,national,32.79014199288986,154.83210314863325,101.29367407155522,50.23842907707802,3.3000000000000074
P3_gamma,default_4.84,CZ,global,15.43670696822529,144.35504817506455,101.2878025008923,39.767245674172266,3.3000000000000065
P3_gamma,default_4.84,DE,national,22.465768747929303,97.72550210205345,48.85478135922404,45.57072074282941,3.3000000000000007
P3_gamma,default_4.84,DE,global,12.088805617089326,88.60033700252035,49.72525539759113,35.57508160492923,3.299999999999999
P3_gamma,default_4.84,DK,national,24.540071860138912,99.31362008446533,52.62210854277816,43.39151154168718,3.3000000000000047
P3_gamma,default_4.84,DK,global,13.373163937578274,91.24253456757954,53.29378962166464,34.6487449459149,3.300000000000005
P3_gamma,default_4.84,DO,national,33.42091423452625,118.64134875045056,73.33210574313614,42.009243007314424,3.2999999999999914
P3_gamma,default_4.84,DO,global,13.172919084093643,106.44807619086893,72.73413325263368,30.413942938235248,3.2999999999999927
P3_gamma,default_4.84,DZ,national,35.398166724739994,116.24678531887145,64.31846670545325,48.62831861341824,3.2999999999999723
P3_gamma,default_4.84,DZ,global,16.36146020162042,106.2588761213313,64.59836902453415,38.36050709679718,3.2999999999999727
P3_gamma,default_4.84,EC,national,49.546224796993386,195.95289746783214,140.15170210701572,52.50119536081641,3.300000000000001
P3_gamma,default_4.84,EC,global,14.00665635057833,123.67440967223092,80.0567466618639,40.317663010367035,3.300000000000001
P3_gamma,default_4.84,EE,national,29.90194852777659,124.77406115810268,65.73107012904417,55.742991029058544,3.2999999999999847
P3_gamma,default_4.84,EE,global,15.777343777499912,115.28826587526196,72.04113162204933,39.647134253212634,3.599999999999982
P3_gamma,default_4.84,EG,national,26.942218251368043,90.17984110889562,35.830149466847296,51.049691642048316,3.3000000000000105
P3_gamma,default_4.84,EG,global,14.743534496456084,76.90705321212447,35.80420293537716,37.80285027674728,3.3000000000000105
P3_gamma,default_4.84,ES,national,26.259235501395555,112.10727469294504,70.38892162571348,38.418353067231564,3.2999999999999914
P3_gamma,default_4.84,ES,global,13.22798347847424,104.65420475260578,70.59353544006821,30.760669312537573,3.2999999999999927
P3_gamma,default_4.84,ET,national,28.55582955315813,109.02088098425484,55.86546292709136,49.85541805716348,3.3000000000000145
P3_gamma,default_4.84,ET,global,14.892300037543066,97.49154429801834,55.90175524734982,38.289789050668496,3.300000000000014
P3_gamma,default_4.84,FI,national,31.58683149892368,133.2174628189815,65.89718362699861,64.02027919198284,3.300000000000031
P3_gamma,default_4.84,FI,global,17.40391628865906,119.85965186068974,66.11847444863066,50.44117741205905,3.3000000000000296
P3_gamma,default_4.84,FJ,national,33.8829892346762,137.08346106717255,92.6454791565069,41.13798191066565,3.3000000000000025
P3_gamma,default_4.84,FJ,global,13.734340000876996,123.85470528120217,90.60011440183773,29.954590879364442,3.300000000000002
P3_gamma,default_4.84,FR,national,23.637307693015718,107.09178176797974,65.11297004416802,38.678811723811705,3.3000000000000087
P3_gamma,default_4.84,FR,global,12.220645420827724,98.84192434884531,65.83412364369373,29.707800705151595,3.300000000000008
P3_gamma,default_4.84,GB,national,23.303581948570915,100.06045961346551,57.556420609795026,39.20403900367048,3.299999999999999
P3_gamma,default_4.84,GB,global,11.936389076961982,90.39015795574412,58.532437972698204,28.557719983045907,3.3000000000000007
P3_gamma,default_4.84,GF,national,31.710101021699945,175.18304611660807,130.61246779637395,41.2705783202341,3.3000000000000105
P3_gamma,default_4.84,GF,global,15.803894661028822,167.09973165497883,127.91009824423999,35.889633410738824,3.3000000000000105
P3_gamma,default_4.84,GH,national,28.80889871608716,165.0448482567098,123.98264446807116,37.76220378863863,3.3000000000000185
P3_gamma,default_4.84,GH,global,13.513581729239885,152.63293399869718,120.5904421305341,28.742491868163068,3.300000000000018
P3_gamma,default_4.84,GR,national,40.199894758513985,141.71397562076586,89.14244987014209,49.27152575062379,3.300000000000005
P3_gamma,default_4.84,GR,global,15.362672594356724,127.6643482645385,87.94791162486415,36.416436639674345,3.3000000000000043
P3_gamma,default_4.84,GT,national,38.550777262841606,131.93959916026174,85.00509454751638,43.63450461274536,3.300000000000001
P3_gamma,default_4.84,GT,global,14.260917912733179,117.67044334126368,83.31103851526981,31.059404825993866,3.3000000000000016
P3_gamma,default_4.84,HN,national,34.757272524299445,110.22979168964771,61.02840488579927,45.90138680384844,3.2999999999999927
P3_gamma,default_4.84,HN,global,14.638434540395032,97.18837491851865,61.444106864163786,32.444268054354865,3.299999999999993
P3_gamma,default_4.84,HU,national,35.173601143671235,143.88781787267823,91.85341385787055,48.73440401480768,3.3000000000000065
P3_gamma,default_4.84,HU,global,16.357065285109975,131.88675622056172,91.85454876625603,36.732207454305694,3.3000000000000074
P3_gamma,default_4.84,ID,national,40.99703976772934,172.61369025394325,123.90485924252485,45.40883101141839,3.299999999999999
P3_gamma,default_4.84,ID,global,15.373074115471871,154.4819429576683,117.41080576790111,33.771137189767195,3.299999999999999
P3_gamma,default_4.84,IE,national,30.532767321888503,114.37506403220468,47.15110091577605,63.92396311642863,3.299999999999978
P3_gamma,default_4.84,IE,global,17.342980730133466,97.48998535662822,46.44321745137351,47.74676790525473,3.2999999999999767
P3_gamma,default_4.84,IL,national,44.14251971146384,163.24035511376263,114.05590606168818,45.88444905207446,3.299999999999993
P3_gamma,default_4.84,IL,global,13.069870632485191,139.50263823184855,101.31991267632782,34.882725555520736,3.299999999999994
P3_gamma,default_4.84,IN,national,25.659605840660433,105.45095646946343,66.35196631876133,35.79899015070211,3.3000000000000047
P3_gamma,default_4.84,IN,global,11.584565013005257,95.59552865932658,66.75538614378955,25.540142515537013,3.3000000000000025
P3_gamma,default_4.84,IR,national,44.74219033138216,161.99649535025281,65.46550656061638,93.23098878963643,3.299999999999994
P3_gamma,default_4.84,IR,global,22.871815064318977,144.0006371605417,65.6730986724782,75.02753848806348,3.299999999999994
P3_gamma,default_4.84,IT,national,40.110814050574646,148.45708823194983,97.41886856476845,47.738219667181376,3.300000000000008
P3_gamma,default_4.84,IT,global,14.678904055938979,133.48224494314314,96.03096460134309,34.15128034180006,3.3000000000000074
P3_gamma,default_4.84,JM,national,44.07159041701498,136.56494998846344,87.04850810370061,46.21644188476281,3.3000000000000074
P3_gamma,default_4.84,JM,global,13.2657954743302,118.94508604770922,81.76883952830984,33.8762465193994,3.300000000000006
P3_gamma,default_4.84,JO,national,28.391668951061018,114.9767946198333,64.848426904311,46.82836771552229,3.300000000000001
P3_gamma,default_4.84,JO,global,13.92109269754587,103.71664342611722,64.7502931899212,35.66635023619601,3.3000000000000007
P3_gamma,default_4.84,JP,national,40.11754647976395,141.22858953817172,89.16284816534974,48.76574137282197,3.2999999999999945
P3_gamma,default_4.84,JP,global,15.077782488017291,126.55122994104586,89.08805281325516,34.16317712779069,3.299999999999996
P3_gamma,default_4.84,KE,national,30.748018485402888,100.73387614157089,47.03190533142116,50.40197081014974,3.2999999999999794
P3_gamma,default_4.84,KE,global,14.284890245708425,88.23019556006632,47.81379944825245,37.11639611181389,3.2999999999999794
P3_gamma,default_4.84,KH,national,34.16967319793975,162.80697025785167,118.9122293501231,40.59474090772858,3.300000000000001
P3_gamma,default_4.84,KH,global,14.969114654127512,146.86408107314062,115.717517894679,27.8465631784616,3.3000000000000007
P3_gamma,default_4.84,KR,national,41.0768481609622,158.96708361199669,109.69830842318976,45.96877518880693,3.3000000000000007
P3_gamma,default_4.84,KR,global,14.39436904591333,144.30638796159795,107.57045137876304,33.4359365828349,3.3000000000000007
P3_gamma,default_4.84,KW,national,30.366635154580724,98.84744239322637,49.812388045694966,45.735054347531396,3.300000000000005
P3_gamma,default_4.84,KW,global,14.182397337211796,87.23145447288022,50.16985156499283,33.761602907887394,3.3000000000000047
P3_gamma,default_4.84,KZ,national,43.73676092081576,144.75106094668288,86.38048702282013,55.07057392386274,3.300000000000015
P3_gamma,default_4.84,KZ,global,15.931110178435665,132.49932751984468,85.54201830606193,43.65730921378272,3.300000000000014
P3_gamma,default_4.84,LC,national,22.17410465024081,79.53145573942517,39.46897166698901,36.76248407243615,3.3000000000000016
P3_gamma,default_4.84,LC,global,11.752327906027096,71.34332383937075,40.145187677225096,27.898136162145654,3.300000000000002
P3_gamma,default_4.84,LK,national,28.61470128488708,95.38410520623161,50.850755063337296,41.2333501428943,3.3000000000000203
P3_gamma,default_4.84,LK,global,13.505129800649444,84.95649305888618,51.95176067937754,29.704732379508627,3.300000000000018
P3_gamma,default_4.84,LY,national,24.26266300749015,87.4952378770242,46.8396009352122,37.355636941811994,3.299999999999997
P3_gamma,default_4.84,LY,global,12.602780628684354,79.21584899634206,47.07128737090892,28.844561625433148,3.2999999999999967
P3_gamma,default_4.84,MA,national,36.30689322851198,121.56555915516333,61.41943552506586,56.84612363009746,3.2999999999999945
P3_gamma,default_4.84,MA,global,16.808405202452516,108.71829027325765,61.5909046461798,43.82738562707785,3.299999999999996
P3_gamma,default_4.84,MG,national,35.859515029465875,161.84907194464373,119.80001286416147,38.74905908048224,3.30000000000001
P3_gamma,default_4.84,MG,global,12.133546522876042,143.27679157770584,112.49365574032902,27.48313583737682,3.3000000000000087
P3_gamma,default_4.84,MM,national,34.361901895829966,153.80167880075703,103.43640822133247,47.06527057942458,3.300000000000002
P3_gamma,default_4.84,MM,global,15.076932687952302,140.30434358192122,101.76883328638944,35.235510295531775,3.300000000000002
P3_gamma,default_4.84,MN,national,29.04783133995138,107.35905510363112,59.888226830042306,44.170828273588825,3.2999999999999927
P3_gamma,default_4.84,MN,global,14.29303532007101,97.55881208933287,60.5941360478296,33.664676041503284,3.299999999999993
P3_gamma,default_4.84,MR,national,27.06603567524927,99.1163447273584,47.40356593172415,48.412778795634225,3.3000000000000145
P3_gamma,default_4.84,MR,global,15.570023258552485,93.16244654057238,47.869252558330864,41.99319398224151,3.3000000000000145
P3_gamma,default_4.84,MU,national,28.679926464228284,102.50282845183911,54.541598004385186,44.66123044745392,3.2999999999999927
P3_gamma,default_4.84,MU,global,13.491602950678756,90.16079619304998,55.343394848941685,31.517401344108286,3.299999999999993
P3_gamma,default_4.84,MX,national,24.614311255322306,85.57962055306372,39.7734245095745,42.506196043489204,3.300000000000017
P3_gamma,default_4.84,MX,global,12.991229468055012,73.93485483682485,40.313744634832815,30.32111020199203,3.3000000000000167
P3_gamma,default_4.84,MY,national,37.15832605857019,248.8626783679912,195.5980044420693,49.96467392592191,3.3000000000000096
P3_gamma,default_4.84,MY,global,16.588691472432664,224.56416271953563,185.32658537731527,35.937577342220365,3.3000000000000096
P3_gamma,default_4.84,NE,national,39.6225711432577,125.95480754125042,67.19816071602553,55.45664682522489,3.300000000000004
P3_gamma,default_4.84,NE,global,17.90243002531357,113.18715247679795,66.9986171753289,42.888535301469034,3.300000000000004
P3_gamma,default_4.84,NG,national,28.141125624043912,213.192861861193,171.62868954962693,38.26417231156605,3.3000000000000074
P3_gamma,default_4.84,NG,global,14.251222851401868,199.64077243011036,167.22948659169765,29.11128583841272,3.3000000000000065
P3_gamma,default_4.84,NI,national,31.115485711022195,108.87600540485874,59.47767438950609,46.09833101535266,3.2999999999999883
P3_gamma,default_4.84,NI,global,14.855307278703577,96.94873502529593,59.64334083619307,34.00539418910287,3.299999999999989
P3_gamma,default_4.84,NL,national,21.381600501744877,88.79190340709286,46.71823387294139,38.77366953415141,3.300000000000058
P3_gamma,default_4.84,NL,global,12.108711277301422,80.75478697536772,47.257586948710674,30.19720002665699,3.3000000000000576
P3_gamma,default_4.84,NO,national,35.17308064022908,136.38478586370735,81.48248073186129,51.60230513184602,3.300000000000031
P3_gamma,default_4.84,NO,global,17.670432192603002,126.0516589859067,82.06282230342438,40.688836682482275,3.300000000000031
P3_gamma,default_4.84,NP,national,50.19120702012502,344.99953105020836,286.48415884333076,55.215372206877646,3.3000000000000043
P3_gamma,default_4.84,NP,global,14.51453444784713,210.41381249966727,167.2661199672913,39.847692532375966,3.3000000000000047
P3_gamma,default_4.84,NZ,national,28.156949943617953,105.6076156268414,59.8785331547707,42.429082472070704,3.299999999999984
P3_gamma,default_4.84,NZ,global,14.075357802785499,97.04601088167645,60.41871538218015,33.327295499496316,3.2999999999999847
P3_gamma,default_4.84,OM,national,26.62669713837744,96.70182603134546,52.141677065631555,41.26014896571389,3.3000000000000105
P3_gamma,default_4.84,OM,global,12.527957845892576,85.72712602569831,52.52306882016574,29.904057205532553,3.3000000000000105
P3_gamma,default_4.84,PA,national,42.08563209029799,162.92272409944587,116.56001163186478,43.06271246758109,3.2999999999999927
P3_gamma,default_4.84,PA,global,13.570325097963224,145.88377413618133,107.82880777862896,34.754966357552384,3.2999999999999927
P3_gamma,default_4.84,PE,national,23.654798003096637,85.30411137380871,45.394317617914204,36.609793755894515,3.2999999999999927
P3_gamma,default_4.84,PE,global,11.718860144229227,76.71985858255286,45.79140333668142,27.628455245871443,3.2999999999999927
P3_gamma,default_4.84,PH,national,29.110380217891507,97.36267526752818,45.08746511954353,48.975210147984676,3.2999999999999723
P3_gamma,default_4.84,PH,global,14.002859170868048,85.04413315761933,44.87828264741414,36.865850510205235,3.29999999999997
P3_gamma,default_4.84,PK,national,27.705143807803832,103.60190033257916,56.8578315922834,43.44406874029576,3.3000000000000007
P3_gamma,default_4.84,PK,global,13.091814188727493,92.97669882910154,57.610391411483036,32.0663074176185,3.3000000000000007
P3_gamma,default_4.84,PL,national,29.557657236478313,127.03951007533604,72.22996301453689,51.50954706079914,3.299999999999992
P3_gamma,default_4.84,PL,global,14.214983303039345,115.75709195643363,73.32724086594202,39.1298510904916,3.2999999999999927
P3_gamma,default_4.84,PS,national,43.28773830749055,265.3205229056399,210.2820876005943,51.738435305045606,3.2999999999999905
P3_gamma,default_4.84,PS,global,16.197881115872057,233.402798777441,190.5159344526092,39.58686432483181,3.2999999999999927
P3_gamma,default_4.84,PT,national,36.56260779970841,138.66877274431502,88.87575069361871,46.493022050696325,3.299999999999996
P3_gamma,default_4.84,PT,global,15.68273036608326,125.18452399233342,88.0423197270412,33.842204265292224,3.299999999999997
P3_gamma,default_4.84,PY,national,31.30241139558498,129.7083912864575,84.92761498363292,41.48077630282458,3.299999999999996
P3_gamma,default_4.84,PY,global,14.957757069809421,121.16213107250815,84.00906111032306,33.85306996218509,3.2999999999999945
P3_gamma,default_4.84,RO,national,31.992769363581118,129.62825940153002,75.81575414838842,50.51250525314161,3.299999999999994
P3_gamma,default_4.84,RO,global,14.426330616216731,118.53419121159756,76.41287497435687,38.82131623724069,3.2999999999999945
P3_gamma,default_4.84,RU,national,35.32364554429813,139.00187550692064,73.9451663897662,61.75670911715442,3.2999999999999967
P3_gamma,default_4.84,RU,global,16.50014831572389,128.1328996622002,75.00557452931247,49.827325132887715,3.2999999999999967
P3_gamma,default_4.84,RW,national,37.11865897547736,218.20466833378438,172.0492237653318,42.85544456845263,3.2999999999999825
P3_gamma,default_4.84,RW,global,13.898306560217385,194.50286611137133,159.60077189115887,31.602094220212468,3.2999999999999834
P3_gamma,default_4.84,SA,national,27.286782945910172,99.39298480042366,52.38962651231633,43.703358288107346,3.2999999999999807
P3_gamma,default_4.84,SA,global,13.934610077356965,88.82144189599386,52.525756377120594,32.99568551887329,3.2999999999999807
P3_gamma,default_4.84,SE,national,34.370071508693016,157.97349746843318,89.88902041546388,64.78447705296931,3.2999999999999905
P3_gamma,default_4.84,SE,global,17.267337777559938,142.6015267680029,90.79654703467352,48.50497973332939,3.2999999999999914
P3_gamma,default_4.84,SK,national,39.632846373791246,168.6350149527167,110.16460094239854,55.170414010318176,3.299999999999996
P3_gamma,default_4.84,SK,global,16.987211664805724,156.14784143945394,109.3422595677863,43.505581871667665,3.2999999999999967
P3_gamma,default_4.84,SN,national,28.61362729038798,120.65298550607714,70.13864115753292,47.21434434854423,3.299999999999992
P3_gamma,default_4.84,SN,global,16.23816110129259,111.54506189641454,69.97320593212245,38.27185596429208,3.2999999999999927
P3_gamma,default_4.84,SR,national,28.135096170051945,217.0621860383286,172.51756689581237,41.24461914251627,3.299999999999982
P3_gamma,default_4.84,SR,global,15.23610793910089,206.8970859889138,169.95392087381558,33.64316511509825,3.299999999999982
P3_gamma,default_4.84,SV,national,41.65088432924705,131.13127525925424,84.88951031804419,42.94176494121005,3.299999999999996
P3_gamma,default_4.84,SV,global,13.676050735081608,116.51579137651886,82.49816766681366,30.717623709705208,3.2999999999999967
P3_gamma,default_4.84,TH,national,34.14029090929811,123.02701316594296,75.26439329051767,44.4626198754253,3.3000000000000074
P3_gamma,default_4.84,TH,global,14.558991688661473,109.95413002772106,74.9904964614544,31.66363356626666,3.300000000000006
P3_gamma,default_4.84,TN,national,30.41611025147401,103.91315609690773,50.5990118536351,50.014144243272696,3.299999999999948
P3_gamma,default_4.84,TN,global,15.439856796579255,94.1074350551824,51.187083936384546,39.62035111879791,3.2999999999999496
P3_gamma,default_4.84,TR,national,37.03027973445664,121.9028110080244,66.91568466442929,51.68712634359511,3.3000000000000074
P3_gamma,default_4.84,TR,global,15.14341093246607,109.94450053671446,67.04215297951116,39.60234755720331,3.3000000000000065
P3_gamma,default_4.84,TW,national,49.598495028271785,310.59502232540615,258.70982866837403,48.585193657032065,3.2999999999999985
P3_gamma,default_4.84,TW,global,14.232892309162107,245.2590146909761,204.56208743692784,37.39692725404823,3.3000000000000007
P3_gamma,default_4.84,UA,national,35.41748836311515,135.71470470123768,78.4546857294622,53.960018971775504,3.300000000000004
P3_gamma,default_4.84,UA,global,14.86014743625034,121.20514236547005,78.81723098136412,39.08791138410593,3.3000000000000025
P3_gamma,default_4.84,UG,national,38.88332722201931,190.06086586891794,139.04655480281966,47.71431106609828,3.299999999999983
P3_gamma,default_4.84,UG,global,15.012723832064387,166.28974773155167,127.25824194883225,35.73150578271942,3.299999999999985
P3_gamma,default_4.84,US,national,16.195185670290176,82.99638882729239,57.62300706169297,22.0733817655994,3.3000000000000096
P3_gamma,default_4.84,US,global,8.372268709658194,79.16974732109321,57.89774788149578,17.971999439597408,3.300000000000009
P3_gamma,default_4.84,UY,national,26.577746392264505,105.67599729864028,62.74660207562166,39.62939522301863,3.3000000000000047
P3_gamma,default_4.84,UY,global,13.793028836109519,98.26475377501602,63.10437307868755,31.860380696328477,3.3000000000000047
P3_gamma,default_4.84,UZ,national,39.47882017105132,154.1720684900437,93.75629799363307,57.115770496410626,3.300000000000016
P3_gamma,default_4.84,UZ,global,15.816313601251593,136.2700505507213,92.11519747476031,40.854853075960975,3.300000000000015
P3_gamma,default_4.84,VN,national,33.838313890278904,121.25155697289372,72.332093592409,45.61946338048471,3.3000000000000123
P3_gamma,default_4.84,VN,global,13.790635969101473,107.91413584683609,71.94111180771236,32.6730240391237,3.3000000000000105
P3_gamma,default_4.84,ZA,national,24.08628295157321,102.33663706774935,65.15102666711861,33.885610400630746,3.299999999999998
P3_gamma,default_4.84,ZA,global,11.936907357624499,93.67492651919754,65.04506002908431,25.329866490113226,3.299999999999998
P3_gamma,default_4.84,ZM,national,29.98193673376109,112.5596462022624,65.70404345430488,43.555602747957515,3.299999999999999
P3_gamma,default_4.84,ZM,global,13.142820055921769,100.48087142231701,65.56927754336009,31.611593878956924,3.2999999999999985
P3_gamma,upper_6.0,AE,national,34.039173903075756,121.07946028267473,78.01716024396512,39.7623000387096,3.2999999999999985
P3_gamma,upper_6.0,AE,global,12.9252245319669,107.84818233094126,76.75024406616264,27.797938264778615,3.299999999999999
P3_gamma,upper_6.0,AF,national,34.466496084057496,148.9446889343033,101.20883442409088,44.4358545102124,3.300000000000001
P3_gamma,upper_6.0,AF,global,14.828530087853906,134.93296307775083,98.39174672394503,33.241216353805804,3.300000000000001
P3_gamma,upper_6.0,AR,national,27.33689488496142,86.94689735665125,41.73756296260805,41.90933439404322,3.2999999999999665
P3_gamma,upper_6.0,AR,global,14.389605353467768,78.33175589098217,42.059934848626625,32.97182104235557,3.2999999999999665
P3_gamma,upper_6.0,AT,national,33.09229560008247,126.41603303569538,73.03966507810206,50.07636795759331,3.299999999999997
P3_gamma,upper_6.0,AT,global,16.506526150080422,116.60942208977696,73.5821712788396,39.72725081093735,3.299999999999998
P3_gamma,upper_6.0,AU,national,24.499957006083086,95.64988067391376,55.91749200920717,36.432388664706586,3.299999999999998
P3_gamma,upper_6.0,AU,global,11.434376109355034,85.08971959882588,56.88763757863255,24.902082020193344,3.299999999999998
P3_gamma,upper_6.0,BD,national,37.80139364290303,149.62365687350524,96.93531074721467,49.388346126290564,3.299999999999996
P3_gamma,upper_6.0,BD,global,15.598108654373336,134.7009111163735,95.54586061381733,35.855050502556175,3.2999999999999945
P3_gamma,upper_6.0,BE,national,24.004559478907197,95.12162135655885,48.50265878960902,43.31896256694991,3.299999999999924
P3_gamma,upper_6.0,BE,global,13.616418148200598,86.63632885930264,49.02404529881696,34.312283560485746,3.2999999999999243
P3_gamma,upper_6.0,BF,national,35.13752235980896,146.89873972616513,91.98993507391872,51.60880465224642,3.300000000000005
P3_gamma,upper_6.0,BF,global,16.09545751281684,133.45262861314313,89.451391494254,40.701237118889146,3.300000000000005
P3_gamma,upper_6.0,BG,national,32.467261433121465,120.8642043865881,72.44868528683419,45.11551909975392,3.300000000000001
P3_gamma,upper_6.0,BG,global,14.068497240761968,111.84084331236735,72.96350917719535,35.577334135172016,3.3000000000000007
P3_gamma,upper_6.0,BH,national,36.01737522306428,123.11493419505281,72.5408487857607,47.2740854092921,3.2999999999999914
P3_gamma,upper_6.0,BH,global,14.720479547700863,108.5378425760001,72.20269388963575,33.035148686364366,3.2999999999999914
P3_gamma,upper_6.0,BI,national,39.77637224943775,205.8741511572353,161.86611540050586,40.70803575672942,3.3000000000000025
P3_gamma,upper_6.0,BI,global,13.658425717218382,185.07842200780237,148.71279233706457,33.0656296707378,3.300000000000002
P3_gamma,upper_6.0,BO,national,39.42654469387309,140.7728484689136,90.91562700105821,46.5572214678554,3.3000000000000025
P3_gamma,upper_6.0,BO,global,14.480135896146898,127.87232624337723,87.48380071153396,37.08852553184328,3.3000000000000025
P3_gamma,upper_6.0,BR,national,20.27662000769419,85.9961509692032,46.54394192338871,36.1522090458145,3.3000000000000087
P3_gamma,upper_6.0,BR,global,10.722888277139553,79.20824963653745,46.88023812236776,29.028011514169684,3.3000000000000074
P3_gamma,upper_6.0,BY,national,33.15650249152811,142.56592354642433,85.88783565936136,53.37808788706297,3.3000000000000007
P3_gamma,upper_6.0,BY,global,15.93403493034604,132.77713908965708,86.94079899182661,42.53634009783049,3.3000000000000007
P3_gamma,upper_6.0,CA,national,20.317795577239156,96.9195259316506,62.56260242228883,31.05692350936176,3.3000000000000047
P3_gamma,upper_6.0,CA,global,10.66142277984315,90.4441771423066,63.49196930532604,23.65220783698056,3.300000000000005
P3_gamma,upper_6.0,CH,national,40.17646909052535,175.21479573119427,124.41851476000525,47.49628097118902,3.300000000000014
P3_gamma,upper_6.0,CH,global,16.345054192416374,167.13930170702142,122.91537075748192,40.92393094953948,3.300000000000013
P3_gamma,upper_6.0,CL,national,31.586288222107882,100.61746693366723,50.973119226966155,46.34434770670108,3.300000000000002
P3_gamma,upper_6.0,CL,global,15.13427716284929,90.3954490905138,51.11893027938139,35.9765188111324,3.3000000000000025
P3_gamma,upper_6.0,CN,national,15.685357971473234,86.47341813096581,55.84514417752438,27.32827395344142,3.299999999999998
P3_gamma,upper_6.0,CN,global,8.70605014810418,83.03875913457568,56.051253759366396,23.687505375209298,3.299999999999998
P3_gamma,upper_6.0,CO,national,40.06045623673553,146.56782414682,99.6777072558733,43.59011689094668,3.300000000000006
P3_gamma,upper_6.0,CO,global,14.35176634640563,131.84378217682067,95.06113044596664,33.482651730854016,3.3000000000000065
P3_gamma,upper_6.0,CR,national,38.72750160353299,197.6966066427448,149.38432060446445,45.01228603828036,3.2999999999999927
P3_gamma,upper_6.0,CR,global,14.239891728916598,181.13253497788602,142.5559171048906,35.27661787299544,3.299999999999992
P3_gamma,upper_6.0,CU,national,29.543513180016795,100.47208975614437,57.1800030885978,39.992086667546566,3.299999999999996
P3_gamma,upper_6.0,CU,global,13.385936519574168,90.93091959656775,57.67254596774384,29.958373628823917,3.2999999999999963
P3_gamma,upper_6.0,CV,national,28.45226353696185,98.79040375300566,52.38282644063528,43.10757731237039,3.3000000000000047
P3_gamma,upper_6.0,CV,global,14.84585492329312,87.82009519131087,52.92163743785282,31.598457753458057,3.300000000000005
P3_gamma,upper_6.0,CZ,national,33.02771410085503,155.1140691186047,101.29451273220354,50.519556386401156,3.3000000000000047
P3_gamma,upper_6.0,CZ,global,15.682168191228103,144.48757886113378,101.28874993345705,39.898828927676725,3.3000000000000065
P3_gamma,upper_6.0,DE,national,22.737105294823802,97.31779580236345,48.607374622081934,45.41042118028151,3.299999999999999
P3_gamma,upper_6.0,DE,global,12.414676653648064,88.52237442035008,49.39579647762017,35.82657794272989,3.2999999999999985
P3_gamma,upper_6.0,DK,national,24.801577453852577,99.53257978801592,52.428143983932465,43.80443580408347,3.300000000000005
P3_gamma,upper_6.0,DK,global,13.653347516054193,91.11558787689108,53.05726004303249,34.758327833858594,3.3000000000000047
P3_gamma,upper_6.0,DO,national,33.63353447991525,118.99798062617297,73.39123183813516,42.306748788037815,3.2999999999999914
P3_gamma,upper_6.0,DO,global,13.41521582128496,107.02762358052277,72.8134714083111,30.91415217221167,3.2999999999999927
P3_gamma,upper_6.0,DZ,national,35.72015872934064,116.2495277192428,64.30624599765693,48.64328172158591,3.2999999999999723
P3_gamma,upper_6.0,DZ,global,16.647376659157047,106.27685478095222,64.58437711820152,38.392477662750736,3.2999999999999727
P3_gamma,upper_6.0,EC,national,49.843506542106546,195.74932230845644,138.97626466328435,53.47305764517207,3.300000000000001
P3_gamma,upper_6.0,EC,global,14.284474376793318,122.83308038930183,78.68637952136783,40.84670086793401,3.300000000000001
P3_gamma,upper_6.0,EE,national,30.16387004364972,125.57940402752203,65.76147890576767,56.51792512175438,3.2999999999999834
P3_gamma,upper_6.0,EE,global,16.044506471818096,114.90554151781018,66.05100561007892,45.55453590773128,3.2999999999999834
P3_gamma,upper_6.0,EG,national,27.294264238498105,90.65283102999658,35.711898314461344,51.64093271553522,3.3000000000000105
P3_gamma,upper_6.0,EG,global,15.059103167159597,76.50268779744869,35.647032241802044,37.55565555564664,3.30000000000001
P3_gamma,upper_6.0,ES,national,26.55919460056666,112.12582529110111,70.40726577060147,38.418559520499656,3.2999999999999914
P3_gamma,upper_6.0,ES,global,13.50383035882241,104.26999014340053,70.61650243824371,30.353487705156827,3.2999999999999927
P3_gamma,upper_6.0,ET,national,28.939027596889822,108.98967428892742,55.85557862097211,49.83409566795529,3.300000000000014
P3_gamma,upper_6.0,ET,global,15.284514073058547,96.95088221677402,55.888064929649424,37.76281728712456,3.3000000000000123
P3_gamma,upper_6.0,FI,national,31.913503589278946,137.0050696325387,65.69643595262298,68.00863367991568,3.300000000000031
P3_gamma,upper_6.0,FI,global,17.68398269305394,119.80456369967705,65.88729064131134,50.617273058365676,3.3000000000000296
P3_gamma,upper_6.0,FJ,national,34.224704944091826,136.83824921972194,92.41449246330832,41.12375675641364,3.300000000000002
P3_gamma,upper_6.0,FJ,global,13.993461362181186,123.1736338901037,90.33406789416681,29.539565995936904,3.3000000000000016
P3_gamma,upper_6.0,FR,national,23.91343011309612,108.0674592237793,65.12510070678243,39.64235851699687,3.300000000000008
P3_gamma,upper_6.0,FR,global,12.49852552577521,99.50427707536042,65.84766978904025,30.356607286320166,3.300000000000008
P3_gamma,upper_6.0,GB,national,23.55336294436353,99.86466556192681,57.413847355299445,39.15081820662736,3.299999999999999
P3_gamma,upper_6.0,GB,global,12.184065783585824,90.3086099534978,58.37043039418767,28.638179559310124,3.299999999999999
P3_gamma,upper_6.0,GF,national,32.02010973351284,175.25545710345816,130.37302698224664,41.582430121211516,3.3000000000000105
P3_gamma,upper_6.0,GF,global,16.12968605107523,166.57810447760048,127.64741902668968,35.63068545091082,3.30000000000001
P3_gamma,upper_6.0,GH,national,29.096440286170576,165.32706097433834,124.18334198431484,37.84371899002347,3.300000000000019
P3_gamma,upper_6.0,GH,global,13.848646622486621,153.11863218747357,120.8252056727297,28.993426514743852,3.300000000000018
P3_gamma,upper_6.0,GR,national,40.47343531972861,141.86393615416821,89.14556093360515,49.41837522056305,3.3000000000000047
P3_gamma,upper_6.0,GR,global,15.589780380432785,127.7488110940407,87.95152242497147,36.49728866906923,3.300000000000004
P3_gamma,upper_6.0,GT,national,38.83215723104245,131.85039329237364,84.884726647583,43.66566664479065,3.300000000000002
P3_gamma,upper_6.0,GT,global,14.471011862649341,118.00495041579534,83.18234860825926,31.522601807536077,3.3000000000000016
P3_gamma,upper_6.0,HN,national,35.03683871086504,110.39401420724563,61.03132494204158,46.06268926520406,3.2999999999999927
P3_gamma,upper_6.0,HN,global,14.879461633211482,97.15942639264973,61.44494619312633,32.4144801995234,3.299999999999993
P3_gamma,upper_6.0,HU,national,35.40008432711749,143.88518982871688,91.85325841320187,48.73193141551499,3.3000000000000065
P3_gamma,upper_6.0,HU,global,16.579865884089322,132.3264851402186,91.85437228348425,37.17211285673436,3.3000000000000065
P3_gamma,upper_6.0,ID,national,41.17750141262416,173.17856779466163,124.4325272926236,45.44604050203805,3.299999999999998
P3_gamma,upper_6.0,ID,global,15.590940190115502,154.96066673812066,118.04440772378176,33.616259014338894,3.299999999999999
P3_gamma,upper_6.0,IE,national,30.84616297296334,112.78559625193502,46.89907099240938,62.586525259525665,3.2999999999999767
P3_gamma,upper_6.0,IE,global,17.673434672043577,99.44598990682299,46.152307226922225,49.99368267990077,3.2999999999999767
P3_gamma,upper_6.0,IL,national,44.359210760446864,163.09776241717768,114.16106117976828,45.63670123740938,3.299999999999993
P3_gamma,upper_6.0,IL,global,13.271032891102424,139.10965669418334,101.48532710255714,34.3243295916262,3.299999999999994
P3_gamma,upper_6.0,IN,national,25.880792995771834,105.61818693605174,66.3398670792549,35.97831985679684,3.300000000000004
P3_gamma,upper_6.0,IN,global,11.816168758468589,95.54539322045325,66.73927073752876,25.5061224829245,3.3000000000000034
P3_gamma,upper_6.0,IR,national,45.051662466407144,163.90734171339477,65.45215101517283,95.15519069822196,3.299999999999994
P3_gamma,upper_6.0,IR,global,23.244463947347413,142.22996913342968,65.65219179374851,73.27777733968115,3.299999999999994
P3_gamma,upper_6.0,IT,national,40.39087957584467,148.18541960448212,97.26080325021212,47.62461635427,3.3000000000000074
P3_gamma,upper_6.0,IT,global,14.888471915721324,133.07768306569557,95.85889768166989,33.9187853840257,3.3000000000000074
P3_gamma,upper_6.0,JM,national,44.275475216217664,136.63051155433936,87.18418117658335,46.146330377756016,3.3000000000000065
P3_gamma,upper_6.0,JM,global,13.496853675948556,119.86205922391258,81.9657906835151,34.59626854039749,3.300000000000005
P3_gamma,upper_6.0,JO,national,28.68260671792952,116.12707139355953,64.86231115755419,47.96476023600534,3.299999999999999
P3_gamma,upper_6.0,JO,global,14.233169427770756,104.76095910613272,64.76767888840845,36.69328021772426,3.299999999999999
P3_gamma,upper_6.0,JP,national,40.33386397254034,141.7254875434798,89.17059890914545,49.25488863433434,3.2999999999999945
P3_gamma,upper_6.0,JP,global,15.286127194784493,126.90169832506619,89.09730016513609,34.504398159930105,3.299999999999996
P3_gamma,upper_6.0,KE,national,31.066767186343714,100.51807228544554,46.963268933873366,50.25480335157219,3.299999999999979
P3_gamma,upper_6.0,KE,global,14.60770828939076,88.47935207944967,47.71518217341312,37.46416990603656,3.2999999999999794
P3_gamma,upper_6.0,KH,national,34.332782304281295,163.0614293266645,119.17148173167493,40.58994759498956,3.3000000000000016
P3_gamma,upper_6.0,KH,global,15.148502392145078,147.23199263376077,116.03380886879044,27.898183764970312,3.300000000000001
P3_gamma,upper_6.0,KR,national,41.267046957582835,158.96528763828485,109.79342663178525,45.871861006499614,3.3000000000000007
P3_gamma,upper_6.0,KR,global,14.584484003556264,144.8647141596316,107.68650636441114,33.878207795220476,3.300000000000001
P3_gamma,upper_6.0,KW,national,30.636903674089705,98.6627264621167,49.725784919322386,45.636941542794304,3.3000000000000047
P3_gamma,upper_6.0,KW,global,14.413748593087034,87.00322694369035,50.06382539615091,33.639401547539435,3.300000000000005
P3_gamma,upper_6.0,KZ,national,43.967073382430186,145.20393888448365,86.47721155317733,55.42672733130629,3.3000000000000145
P3_gamma,upper_6.0,KZ,global,16.164267297435753,134.64352043258074,85.65360503526408,45.68991539731663,3.3000000000000145
P3_gamma,upper_6.0,LC,national,22.45678735215083,79.96378920082755,39.44665625608551,37.21713294474204,3.300000000000001
P3_gamma,upper_6.0,LC,global,12.044126707638657,71.76838618833091,40.108737299879024,28.35964888845188,3.300000000000001
P3_gamma,upper_6.0,LK,national,28.88092926775846,95.83345259708948,50.91978252222965,41.613670074859805,3.30000000000002
P3_gamma,upper_6.0,LK,global,13.736670910351728,84.75998037244155,52.03205602999511,29.42792434244642,3.3000000000000185
P3_gamma,upper_6.0,LY,national,24.569496749657656,87.26317486541143,46.75886952140081,37.20430534401061,3.2999999999999967
P3_gamma,upper_6.0,LY,global,12.956557015733217,78.78501670401535,46.968220869332036,28.51679583468331,3.2999999999999967
P3_gamma,upper_6.0,MA,national,36.670516877954604,122.38134981580708,61.41766153508391,57.66368828072318,3.2999999999999945
P3_gamma,upper_6.0,MA,global,17.13269278414208,109.01675394472801,61.58844629889382,44.12830764583419,3.299999999999996
P3_gamma,upper_6.0,MG,national,36.22459393272426,161.19250636851837,119.23568439775266,38.65682197076569,3.30000000000001
P3_gamma,upper_6.0,MG,global,12.466065866984945,142.48087251943073,111.914362430051,27.266510089379732,3.300000000000008
P3_gamma,upper_6.0,MM,national,34.646014373873804,154.24877219937997,103.77325785601619,47.175514343363766,3.3000000000000025
P3_gamma,upper_6.0,MM,global,15.448590327150056,141.21563082085382,102.1624947605078,35.753136060346044,3.300000000000004
P3_gamma,upper_6.0,MN,national,29.32001235127491,107.28205623602551,59.82090540180731,44.16115083421818,3.2999999999999927
P3_gamma,upper_6.0,MN,global,14.548954489093575,97.7364547037061,60.5091006585953,33.92735404511082,3.299999999999994
P3_gamma,upper_6.0,MR,national,27.520385680276476,100.64401590847443,47.40330878147745,49.940707126996976,3.300000000000015
P3_gamma,upper_6.0,MR,global,16.050285698354948,95.00870423144757,47.86395238467106,43.84475184677649,3.3000000000000145
P3_gamma,upper_6.0,MU,national,28.94855065936497,102.25151421132949,54.483658658945686,44.4678555523838,3.299999999999993
P3_gamma,upper_6.0,MU,global,13.753213977503002,89.89926498176037,55.264883759782435,31.334381221977935,3.299999999999994
P3_gamma,upper_6.0,MX,national,24.868507765949143,85.47772315425243,39.682192279994375,42.49553087425804,3.3000000000000167
P3_gamma,upper_6.0,MX,global,13.2825517415535,73.82355398767173,40.17285220542725,30.35070178224446,3.300000000000016
P3_gamma,upper_6.0,MY,national,37.38403146427714,250.02332870224714,196.65676138914444,50.06656731310269,3.300000000000009
P3_gamma,upper_6.0,MY,global,16.898192822699286,225.97880319335138,186.63455069924632,36.04425249410505,3.300000000000009
P3_gamma,upper_6.0,NE,national,40.04367423132309,125.22051087501828,67.19665989109532,54.72385098392295,3.3000000000000043
P3_gamma,upper_6.0,NE,global,18.33119145287192,111.84477418246853,66.997193369309,41.54758081315953,3.300000000000004
P3_gamma,upper_6.0,NG,national,28.40074800421959,213.75127603910087,172.249258921684,38.20201711741687,3.3000000000000065
P3_gamma,upper_6.0,NG,global,14.537908896589707,200.06253482519907,167.96708253300915,28.795452292189925,3.3000000000000065
P3_gamma,upper_6.0,NI,national,31.40920550919144,108.85578328491069,59.49796242412494,46.05782086078576,3.2999999999999887
P3_gamma,upper_6.0,NI,global,15.104111378025129,96.47249700324386,59.66619707910004,33.50629992414384,3.2999999999999887
P3_gamma,upper_6.0,NL,national,21.64633187091349,88.62412521983862,46.617824605467845,38.70630061437071,3.300000000000058
P3_gamma,upper_6.0,NL,global,12.407484699863993,80.81692740557868,47.118031581924924,30.398895823653714,3.300000000000058
P3_gamma,upper_6.0,NO,national,35.44499735361962,136.3913650123286,81.34312122044165,51.74824379188694,3.3000000000000314
P3_gamma,upper_6.0,NO,global,17.89961045337195,125.40254954101727,81.91118511560774,40.19136442540949,3.300000000000032
P3_gamma,upper_6.0,NP,national,50.477477326692636,343.76826341198154,284.7956933077495,55.67257010423203,3.300000000000004
P3_gamma,upper_6.0,NP,global,14.780025218467221,208.4366254615752,164.65596918445468,40.480656277120524,3.3000000000000047
P3_gamma,upper_6.0,NZ,national,28.44039624302302,106.10391197769293,59.924137321730456,42.87977465596249,3.2999999999999834
P3_gamma,upper_6.0,NZ,global,14.369093848927731,97.32539948482305,60.45533753423716,33.57006195058591,3.2999999999999847
P3_gamma,upper_6.0,OM,national,26.912590659999264,96.59696517253448,52.09352699126793,41.203438181266534,3.3000000000000105
P3_gamma,upper_6.0,OM,global,12.803629837575883,85.27420472505878,52.4674092947905,29.506795430268262,3.30000000000001
P3_gamma,upper_6.0,PA,national,42.27309378269659,164.02983401218376,116.69196945596252,44.03786455622124,3.2999999999999936
P3_gamma,upper_6.0,PA,global,13.787111502724473,146.16439467789007,108.05607708502612,34.80831759286396,3.2999999999999927
P3_gamma,upper_6.0,PE,national,23.92336089332708,85.62068779517047,45.37906451843264,36.94162327673782,3.299999999999993
P3_gamma,upper_6.0,PE,global,12.026000177084894,77.58149156738388,45.76236665247205,28.519124914911814,3.2999999999999927
P3_gamma,upper_6.0,PH,national,29.4430637857089,97.46625973507354,44.912363893031475,49.25389584204209,3.2999999999999714
P3_gamma,upper_6.0,PH,global,14.302787108501025,84.89040068872762,44.65004424778862,36.940356440939034,3.29999999999997
P3_gamma,upper_6.0,PK,national,27.94774753293825,103.6516468144939,56.77913516080226,43.57251165369164,3.299999999999999
P3_gamma,upper_6.0,PK,global,13.350015902880427,93.39379775452402,57.494846222351455,32.598951532172556,3.3000000000000007
P3_gamma,upper_6.0,PL,national,29.801049059318313,126.75963402242166,72.07456293261849,51.38507108980316,3.2999999999999914
P3_gamma,upper_6.0,PL,global,14.453898986183592,116.20384652896409,73.14843955169295,39.75540697727114,3.2999999999999914
P3_gamma,upper_6.0,PS,national,43.521087580462684,266.87321339918304,211.150411459516,52.422801939667025,3.2999999999999905
P3_gamma,upper_6.0,PS,global,16.447013314453308,234.6307474053058,191.57984454278295,39.75090286252288,3.2999999999999927
P3_gamma,upper_6.0,PT,national,36.81795941659247,138.6491391155442,88.93696290635341,46.41217620919076,3.2999999999999967
P3_gamma,upper_6.0,PT,global,15.918040233227343,125.23813967531129,88.11253689361905,33.82560278169224,3.2999999999999967
P3_gamma,upper_6.0,PY,national,31.62612544344415,129.51393269647008,84.81828691004928,41.39564578642079,3.299999999999996
P3_gamma,upper_6.0,PY,global,15.241583154673913,121.19702840708413,83.88468440233059,34.01234400475356,3.2999999999999945
P3_gamma,upper_6.0,RO,national,32.22767361597507,129.63612773171909,75.73953340209277,50.596594329626306,3.299999999999996
P3_gamma,upper_6.0,RO,global,14.655910686140988,118.41047189375013,76.32216548193037,38.788306411819754,3.299999999999996
P3_gamma,upper_6.0,RU,national,35.59487233032627,139.09908167599974,73.80433671749847,61.99474495850127,3.2999999999999963
P3_gamma,upper_6.0,RU,global,16.79543354046416,128.66913223623672,74.83148470106579,50.53764753517092,3.299999999999997
P3_gamma,upper_6.0,RW,national,37.42726178736523,217.98862108400832,172.1284155378849,42.560205546123406,3.2999999999999834
P3_gamma,upper_6.0,RW,global,14.195438123735697,194.8403864620788,159.71784085758316,31.822545604495662,3.2999999999999834
P3_gamma,upper_6.0,SA,national,27.567147133808913,99.53856407450321,52.34556316880461,43.89300090569863,3.2999999999999807
P3_gamma,upper_6.0,SA,global,14.17806704576034,88.59604961929814,52.474096044479,32.82195357481916,3.299999999999982
P3_gamma,upper_6.0,SE,national,34.62876753472172,157.34552991119884,89.73345557287234,64.3120743383265,3.2999999999999914
P3_gamma,upper_6.0,SE,global,17.50846945947427,142.63217357024436,90.61646167923473,48.71571189100963,3.2999999999999914
P3_gamma,upper_6.0,SK,national,39.86299058406964,169.54928982611682,110.27932342407387,55.969966402042964,3.299999999999996
P3_gamma,upper_6.0,SK,global,17.219081735911132,157.16071001257757,109.47469807603615,44.38601193654144,3.2999999999999967
P3_gamma,upper_6.0,SN,national,29.01627031825432,121.33867139365637,70.15461693781673,47.88405445583963,3.2999999999999927
P3_gamma,upper_6.0,SN,global,16.659742877660705,112.74682580264698,69.99218273723423,39.45464306541275,3.299999999999993
P3_gamma,upper_6.0,SR,national,28.42234798867644,217.53457439755724,173.09853429081326,41.136040106744,3.2999999999999825
P3_gamma,upper_6.0,SR,global,15.550947080441304,207.64212289999838,170.66172571701767,33.68039718298072,3.299999999999982
P3_gamma,upper_6.0,SV,national,41.935157166367034,130.8440299006036,84.75813165729251,42.78589824331108,3.299999999999996
P3_gamma,upper_6.0,SV,global,13.889050218681847,117.02530291639013,82.36173295591703,31.363569960473104,3.2999999999999967
P3_gamma,upper_6.0,TH,national,34.363523004287366,122.8885725621644,75.27963958760898,44.30893297455542,3.3000000000000074
P3_gamma,upper_6.0,TH,global,14.787456887896901,110.3220371303569,75.00932526406348,32.01271186629343,3.300000000000005
P3_gamma,upper_6.0,TN,national,30.74074463769406,104.42715743973821,50.53063533594956,50.59652210378869,3.2999999999999474
P3_gamma,upper_6.0,TN,global,15.75639792273794,95.8815359566225,55.73007014594887,36.551465810673676,3.5999999999999446
P3_gamma,upper_6.0,TR,national,37.31571153864772,122.94687320379833,66.90214473693328,52.74472846686505,3.3000000000000065
P3_gamma,upper_6.0,TR,global,15.444930107405785,111.13468958681807,67.02482169346425,40.80986789335382,3.3000000000000065
P3_gamma,upper_6.0,TW,national,49.795673515793325,311.4960026970013,259.4646321531413,48.73137054386,3.299999999999998
P3_gamma,upper_6.0,TW,global,14.405703210066575,246.48228772178115,205.3436256133653,37.83866210841583,3.300000000000001
P3_gamma,upper_6.0,UA,national,35.676043482777665,135.92114485179417,78.41531695495594,54.20582789683824,3.3000000000000025
P3_gamma,upper_6.0,UA,global,15.110819814528382,121.3557885771444,78.77101671291514,39.28477186422926,3.3000000000000025
P3_gamma,upper_6.0,UG,national,39.17534838834842,190.46515706125433,139.30779675103418,47.85736031022016,3.299999999999983
P3_gamma,upper_6.0,UG,global,15.32044708753378,167.2054088083637,127.58867392246157,36.316734885902115,3.299999999999985
P3_gamma,upper_6.0,US,national,16.459613648753777,83.26867804048399,57.71121806326065,22.25745997722332,3.300000000000009
P3_gamma,upper_6.0,US,global,8.626809397220942,79.11681565833251,58.00411123677111,17.81270442156139,3.30000000000001
P3_gamma,upper_6.0,UY,national,26.853853403361818,105.61900373994351,62.7584126775206,39.5605910624229,3.3000000000000043
P3_gamma,upper_6.0,UY,global,14.07073282063517,98.32357999871705,63.11571321908327,31.90786677963379,3.3000000000000047
P3_gamma,upper_6.0,UZ,national,39.75458538878762,154.62504554646947,93.87569331090064,57.449352235568796,3.300000000000017
P3_gamma,upper_6.0,UZ,global,16.09148172287719,137.14383609553607,92.26014142217133,41.583694673364725,3.300000000000015
P3_gamma,upper_6.0,VN,national,34.06978705905065,121.67070738385878,72.36479230021455,46.00591508364421,3.3000000000000123
P3_gamma,upper_6.0,VN,global,14.042144855585118,108.13798874710395,71.98282652862682,32.85516221847712,3.300000000000012
P3_gamma,upper_6.0,ZA,national,24.33361324717051,102.54487871607466,65.17101725404488,34.073861462029775,3.2999999999999985
P3_gamma,upper_6.0,ZA,global,12.220806941690174,94.2805654253553,65.07013506077053,25.910430364584794,3.299999999999997
P3_gamma,upper_6.0,ZM,national,30.26987635115308,113.08463395066673,65.71194264018976,44.07269131047697,3.3000000000000007
P3_gamma,upper_6.0,ZM,global,13.434493593369771,100.68730746898252,65.5789552855768,31.808352183405724,3.299999999999999
Pmix_batch,default_0.25,AE,national,33.26462385818809,123.49823511993988,78.98573555493422,41.212499565005636,3.2999999999999985
Pmix_batch,default_0.25,AE,global,12.436054831715282,110.68068839236817,77.71783367063917,29.662854721729005,3.2999999999999985
Pmix_batch,default_0.25,AF,national,34.046886074189615,153.12063031160997,104.2203089548565,45.60032135675348,3.3000000000000016
Pmix_batch,default_0.25,AF,global,13.735287466930199,137.4421623817865,101.49657344455605,32.645588937230436,3.300000000000001
Pmix_batch,default_0.25,AR,national,27.774244349398185,89.52782771176408,41.58637886151629,44.64144885024782,3.299999999999967
Pmix_batch,default_0.25,AR,global,13.67008597826299,81.12731089456604,41.98894376683434,35.838367127731736,3.299999999999967
Pmix_batch,default_0.25,AT,national,33.29590408247673,126.56978510274068,72.97537500161445,50.29441010112623,3.2999999999999967
Pmix_batch,default_0.25,AT,global,15.264920922464084,116.13946946527777,73.6218968208584,39.21757264441937,3.2999999999999967
Pmix_batch,default_0.25,AU,national,25.684994240266718,96.9769698441448,54.353142876232816,39.32382696791199,3.299999999999999
Pmix_batch,default_0.25,AU,global,11.046189897642789,86.67579880743577,55.273634340173615,28.10216446726216,3.299999999999999
Pmix_batch,default_0.25,BD,national,37.20856335241832,148.57030478571525,96.45622536195057,48.81407942376468,3.2999999999999945
Pmix_batch,default_0.25,BD,global,14.50236898542954,132.49770095425492,95.09581715896391,34.10188379529101,3.2999999999999945
Pmix_batch,default_0.25,BE,national,25.062539871965406,94.4053737906294,46.51395743819978,44.59141635242969,3.299999999999921
Pmix_batch,default_0.25,BE,global,11.909919014209192,85.71938363086174,47.88757332809874,34.53181030276308,3.299999999999923
Pmix_batch,default_0.25,BF,national,35.914927194484875,146.3768887811216,92.85253996330819,50.22434881781343,3.300000000000005
Pmix_batch,default_0.25,BF,global,14.625657002977063,131.20075945739038,90.16867200703209,37.73208745035828,3.300000000000005
Pmix_batch,default_0.25,BG,national,33.69700458112633,123.7763856072975,72.3687923737858,48.10759323351169,3.300000000000001
Pmix_batch,default_0.25,BG,global,13.521263001570022,112.61840112938965,72.90736837898035,36.4110327504093,3.300000000000001
Pmix_batch,default_0.25,BH,national,36.84126858036817,124.10401773304531,72.43954725078014,48.364470482265205,3.2999999999999905
Pmix_batch,default_0.25,BH,global,14.071863333538042,109.9755730150623,72.09462536205203,34.580947653010284,3.2999999999999914
Pmix_batch,default_0.25,BI,national,40.047245752196936,220.71647096871794,172.96871184106502,44.447759127652944,3.300000000000002
Pmix_batch,default_0.25,BI,global,12.658945015351616,191.84399710124345,156.97039295614118,31.573604145102234,3.300000000000002
Pmix_batch,default_0.25,BO,national,38.68245968429334,152.73115730779176,99.5021828900475,49.928974417744264,3.300000000000001
Pmix_batch,default_0.25,BO,global,14.406030045102023,141.02404888995176,96.46508464886742,41.258964241084335,3.300000000000002
Pmix_batch,default_0.25,BR,national,21.68525201243478,83.74793313793467,46.18072857891525,34.26720455901941,3.300000000000008
Pmix_batch,default_0.25,BR,global,10.346079070173593,77.49819935230207,46.53745543142399,27.660743920878065,3.3000000000000074
Pmix_batch,default_0.25,BY,national,33.02319129979338,142.34450899355392,86.08021541100274,52.96429358255118,3.3000000000000007
Pmix_batch,default_0.25,BY,global,14.317366616393837,132.32321902011745,87.15847330580662,41.86474571431083,3.3
Pmix_batch,default_0.25,CA,national,21.894500490110232,98.86799768766436,61.531578984236454,34.036418703427906,3.3000000000000047
Pmix_batch,default_0.25,CA,global,10.42352131677788,92.48957664884735,62.7005418193936,26.489034829453736,3.3000000000000047
Pmix_batch,default_0.25,CH,national,41.58745335380055,180.2115073524968,124.83178993560377,52.07971741689305,3.3000000000000145
Pmix_batch,default_0.25,CH,global,15.602643537350968,166.80044039224362,123.0391196218378,40.46132077040579,3.300000000000014
Pmix_batch,default_0.25,CL,national,31.24782702037069,102.6210885324875,50.54430759528773,48.776780937199774,3.300000000000001
Pmix_batch,default_0.25,CL,global,14.697236156454077,93.02265973309349,50.66923905645726,39.05342067663622,3.300000000000002
Pmix_batch,default_0.25,CN,national,17.105004698506676,85.76950357951897,56.18303314116195,26.286470438357036,3.2999999999999985
Pmix_batch,default_0.25,CN,global,7.373244540889356,79.31890555784003,56.524841448477204,19.494064109362824,3.299999999999999
Pmix_batch,default_0.25,CO,national,42.13180890591698,154.0737615114139,102.71406431117676,48.05969720023713,3.3000000000000065
Pmix_batch,default_0.25,CO,global,14.922355768749435,137.62650278614257,97.47387150029772,36.85263128584486,3.300000000000006
Pmix_batch,default_0.25,CR,national,38.63414664084558,212.8279467601102,159.97889241927209,49.549054340838076,3.299999999999993
Pmix_batch,default_0.25,CR,global,14.271311820614487,193.8051490918529,153.6444673083924,36.86068178346051,3.2999999999999927
Pmix_batch,default_0.25,CU,national,28.21484374365408,103.27649500171142,56.25816535404855,43.718329647662884,3.2999999999999936
Pmix_batch,default_0.25,CU,global,12.667351623862947,91.582925704904,56.67063575250336,31.61228995240064,3.2999999999999936
Pmix_batch,default_0.25,CV,national,29.731461077278865,100.38233093215685,50.93992836270255,46.1424025694543,3.3000000000000047
Pmix_batch,default_0.25,CV,global,14.195694730191855,90.17007156250726,51.527432691276914,35.34263887123035,3.300000000000005
Pmix_batch,default_0.25,CZ,national,33.37632039567089,155.1174868836596,101.2946596745079,50.522827209151714,3.300000000000005
Pmix_batch,default_0.25,CZ,global,14.217073308647969,144.34967652352427,101.28807796668572,39.761598556838536,3.300000000000006
Pmix_batch,default_0.25,DE,national,23.6421905994648,96.01531332688658,48.858865623509814,43.85644770337676,3.3
Pmix_batch,default_0.25,DE,global,10.781778386549934,87.63418774687085,50.370137786540944,33.96404996032991,3.299999999999999
Pmix_batch,default_0.25,DK,national,25.400290631622674,101.64873328203436,52.55055336815239,45.798179913881974,3.3000000000000047
Pmix_batch,default_0.25,DK,global,11.855954856302573,93.04827652501599,53.906150541311256,35.84212598370473,3.300000000000005
Pmix_batch,default_0.25,DO,national,35.54936224606276,124.95765894253046,73.65901954524539,47.99863939728506,3.2999999999999914
Pmix_batch,default_0.25,DO,global,13.511589067726787,110.41427249659299,73.00974771697722,34.10452477961576,3.299999999999992
Pmix_batch,default_0.25,DZ,national,35.57544983009645,115.1937037446787,64.12705608090351,47.76664766377521,3.299999999999972
Pmix_batch,default_0.25,DZ,global,15.231727758619737,102.03261937959634,64.38239235221268,34.35022702738369,3.2999999999999723
Pmix_batch,default_0.25,EC,national,49.97084308130297,221.69114763321522,166.5744202623606,51.81672737085462,3.300000000000001
Pmix_batch,default_0.25,EC,global,14.033820775140516,151.75505650395243,107.78749875994895,40.6675577440035,3.300000000000001
Pmix_batch,default_0.25,EE,national,29.945744064238855,124.80392499903662,65.2621304331808,56.24179456585584,3.2999999999999834
Pmix_batch,default_0.25,EE,global,14.652620748966477,114.78398646582531,65.78758951472504,45.696396951100276,3.2999999999999834
Pmix_batch,default_0.25,EG,national,27.184516363742738,89.528948104699,36.613548470426366,49.61539963427262,3.30000000000001
Pmix_batch,default_0.25,EG,global,13.669413083800674,79.79978171440959,36.967824725964505,39.53195698844507,3.3000000000000114
Pmix_batch,default_0.25,ES,national,26.40242092311828,113.52600271308597,70.06016662703951,40.16583608604647,3.2999999999999905
Pmix_batch,default_0.25,ES,global,11.952345272651224,103.85202646353007,70.30560841373389,30.24641804979619,3.2999999999999914
Pmix_batch,default_0.25,ET,national,27.638950707072386,106.43722224602605,55.91481252603259,47.22240971999344,3.300000000000014
Pmix_batch,default_0.25,ET,global,13.255424593383887,94.5829253300445,55.96453260826592,35.31839272177858,3.300000000000012
Pmix_batch,default_0.25,FI,national,31.73080824988425,133.58921534859527,66.74595410624416,63.5432612423511,3.3000000000000296
Pmix_batch,default_0.25,FI,global,16.08107477336557,118.09095690728223,67.18786809560733,47.60308881167487,3.300000000000029
Pmix_batch,default_0.25,FJ,national,34.27633203690865,144.99457531133555,95.62900503031763,46.06557028101791,3.300000000000002
Pmix_batch,default_0.25,FJ,global,14.023094839833728,130.92015347544506,93.72821016847105,33.891943306973985,3.300000000000001
Pmix_batch,default_0.25,FR,national,24.851284184835308,106.60006191399893,63.81189743640359,39.488164477595326,3.300000000000009
Pmix_batch,default_0.25,FR,global,11.31911547581846,97.99263120004011,64.63119715555648,30.061434044483622,3.300000000000008
Pmix_batch,default_0.25,GB,national,24.54911866334371,99.94518926018037,56.94591146073236,39.69927779944801,3.3000000000000007
Pmix_batch,default_0.25,GB,global,11.255905817641027,91.81785874535153,58.16466738557601,30.353191359775515,3.3000000000000007
Pmix_batch,default_0.25,GF,national,31.06322543793058,182.37288585036177,137.54205039098022,41.53083545938153,3.3000000000000105
Pmix_batch,default_0.25,GF,global,14.69341007347071,173.3374696778242,134.66373587008863,35.3737338077356,3.3000000000000105
Pmix_batch,default_0.25,GH,national,27.23889959957272,171.86415605044616,128.51087781139614,40.053278239049995,3.300000000000021
Pmix_batch,default_0.25,GH,global,12.525859684476249,158.87401789605644,125.21332645815349,30.36069143790291,3.3000000000000203
Pmix_batch,default_0.25,GR,national,40.326640560373086,144.5207071419976,89.77860335153352,51.44210379046408,3.3000000000000047
Pmix_batch,default_0.25,GR,global,14.534277842367056,128.80263715590618,88.62102557216166,36.88161158374452,3.3000000000000047
Pmix_batch,default_0.25,GT,national,40.93314127740125,137.90651816579717,86.31733664991255,48.289181515884636,3.300000000000001
Pmix_batch,default_0.25,GT,global,15.16101318234783,123.46083116248292,84.67077602897712,35.490055133505805,3.300000000000001
Pmix_batch,default_0.25,HN,national,36.82680883537998,113.9424558379398,60.78942068220717,49.85303515573262,3.299999999999993
Pmix_batch,default_0.25,HN,global,14.890039323364803,101.62255136861776,61.23585921371711,37.08669215490065,3.2999999999999936
Pmix_batch,default_0.25,HU,national,35.86553335292179,146.96872717410835,91.85282556336568,51.815901610742685,3.3000000000000065
Pmix_batch,default_0.25,HU,global,15.23923175262936,132.08238770322708,91.854097598886,36.92829010434107,3.3000000000000074
Pmix_batch,default_0.25,ID,national,40.65459822710862,171.379331870758,120.98487345310268,47.09445841765531,3.2999999999999985
Pmix_batch,default_0.25,ID,global,14.477286351760837,150.90692276336046,114.77178848410864,32.83513427925182,3.3000000000000007
Pmix_batch,default_0.25,IE,national,29.28710620277608,109.0719684208519,49.43290623489832,56.339062185953615,3.2999999999999794
Pmix_batch,default_0.25,IE,global,14.248448859858861,97.26502134997521,49.52400257135479,44.44101877862043,3.2999999999999794
Pmix_batch,default_0.25,IL,national,43.78142890418365,189.0464325242196,135.63842993487646,50.10800258934313,3.2999999999999914
Pmix_batch,default_0.25,IL,global,12.933164916491464,163.80162416941693,123.20365824378364,37.29796592563329,3.2999999999999914
Pmix_batch,default_0.25,IN,national,25.968316478308,108.3082086220485,65.9555949086143,39.052613713434205,3.3000000000000043
Pmix_batch,default_0.25,IN,global,11.748202189792684,99.2068952947056,66.29725395928274,29.609641335422857,3.300000000000004
Pmix_batch,default_0.25,IR,national,39.2921062529285,140.02015110390076,65.0399356021152,71.68021550178558,3.299999999999993
Pmix_batch,default_0.25,IR,global,17.426786438184415,122.3885622442481,65.17873569628463,53.909826547963476,3.299999999999993
Pmix_batch,default_0.25,IT,national,42.35342903703881,154.86309761648303,99.35522055784188,52.207877058641145,3.300000000000008
Pmix_batch,default_0.25,IT,global,14.932971384281974,137.8437746284999,97.94357266808892,36.60020196041097,3.300000000000008
Pmix_batch,default_0.25,JM,national,44.56007649728151,140.5777457942367,88.04757616636562,49.23016962787108,3.3000000000000065
Pmix_batch,default_0.25,JM,global,13.315981354168308,120.54371136804671,83.18706595247451,34.056645415572206,3.300000000000006
Pmix_batch,default_0.25,JO,national,27.030680000768065,112.06799735040534,64.91683493478853,43.85116241561682,3.300000000000001
Pmix_batch,default_0.25,JO,global,12.275602578000138,100.56021759716482,64.81294517860383,32.447272418561,3.3000000000000007
Pmix_batch,default_0.25,JP,national,40.1384444019243,141.96497698615863,89.12769278950499,49.53728419665363,3.2999999999999945
Pmix_batch,default_0.25,JP,global,13.965053439914188,127.08973879143895,89.05391475304756,34.73582403839138,3.299999999999994
Pmix_batch,default_0.25,KE,national,34.08338690467727,102.46540193677242,46.84258041991118,52.322821516861275,3.299999999999979
Pmix_batch,default_0.25,KE,global,14.136830539286086,89.9708228986324,47.96752787267206,38.70329502596035,3.2999999999999794
Pmix_batch,default_0.25,KH,national,34.80989265786331,168.00402573481222,119.4659759681616,45.23804976665062,3.300000000000001
Pmix_batch,default_0.25,KH,global,14.58863739096406,150.9587865645819,116.66355517446644,30.995231390115478,3.300000000000001
Pmix_batch,default_0.25,KR,national,42.23105768634818,162.49408054310896,109.98465430572051,49.20942623738847,3.3000000000000007
Pmix_batch,default_0.25,KR,global,13.575817451068396,146.3717455818733,107.85431957242047,35.21742600945285,3.300000000000001
Pmix_batch,default_0.25,KW,national,31.265346102085058,101.29049315310624,50.51510061505392,47.475392538052326,3.300000000000005
Pmix_batch,default_0.25,KW,global,13.751623232111799,89.53361523289917,50.98753884051763,35.24607639238154,3.3000000000000043
Pmix_batch,default_0.25,KZ,national,42.747306765681415,143.72368746398675,86.58909327642792,53.83459418755882,3.300000000000015
Pmix_batch,default_0.25,KZ,global,14.943968608982297,129.33415215005274,85.85027684394208,40.18387530611064,3.3000000000000145
Pmix_batch,default_0.25,LC,national,24.16294150763198,82.43557346195432,39.175872802295686,39.959700659658644,3.3000000000000016
Pmix_batch,default_0.25,LC,global,11.718658935203557,74.39893965051806,40.077573015165875,31.02136663535219,3.300000000000001
Pmix_batch,default_0.25,LK,national,29.408212757145748,98.15843815429966,48.95678364184793,45.901654512451714,3.300000000000023
Pmix_batch,default_0.25,LK,global,13.858826924347492,87.94333389543863,49.90587329675886,34.73746059867975,3.300000000000021
Pmix_batch,default_0.25,LY,national,25.059796533873424,89.69650348572742,47.46385895899467,38.932644526732766,3.2999999999999967
Pmix_batch,default_0.25,LY,global,11.135958140616006,78.93424514008552,47.85251685668579,27.78172828339972,3.299999999999998
Pmix_batch,default_0.25,MA,national,36.09491307420152,115.75658824283398,61.39938411122252,51.057204131611456,3.2999999999999963
Pmix_batch,default_0.25,MA,global,15.472448103594866,103.2807133615828,61.562954092791024,38.41775926879177,3.299999999999996
Pmix_batch,default_0.25,MG,national,37.24478622114506,181.809261859498,134.5996064203158,43.90965543918216,3.300000000000012
Pmix_batch,default_0.25,MG,global,12.476793029392775,160.68483564303642,126.2559896454089,31.128845997627533,3.300000000000012
Pmix_batch,default_0.25,MM,national,35.11218320054372,154.67624726762395,102.9492078359815,48.42703943164245,3.3000000000000025
Pmix_batch,default_0.25,MM,global,14.933334904897903,140.65546107683141,101.45230765325394,35.903153423577464,3.3000000000000025
Pmix_batch,default_0.25,MN,national,29.34408746559426,108.9953798220044,59.10805415725608,46.58732566474832,3.299999999999993
Pmix_batch,default_0.25,MN,global,13.56310135728857,97.22362438685144,59.742620406310536,34.181003980540915,3.299999999999993
Pmix_batch,default_0.25,MR,national,26.502549750797876,95.60205696612255,47.11518164053783,45.18687532558471,3.300000000000015
Pmix_batch,default_0.25,MR,global,13.359409737700872,87.98257478752743,47.639138870400124,37.04343591712728,3.3000000000000145
Pmix_batch,default_0.25,MU,national,29.543520218404606,104.72343775502144,54.15218770177289,47.27125005324855,3.2999999999999927
Pmix_batch,default_0.25,MU,global,13.322923200018613,93.29605558875798,54.968927248066194,35.02712834069179,3.299999999999993
Pmix_batch,default_0.25,MX,national,27.28875705036457,89.74141789537983,39.43406932258045,47.00734857279937,3.300000000000016
Pmix_batch,default_0.25,MX,global,12.462695080771367,79.12002422272224,40.63060742888074,35.189416793841474,3.300000000000017
Pmix_batch,default_0.25,MY,national,36.97183410874385,245.4282933553151,192.5225332403861,49.60576011492901,3.300000000000009
Pmix_batch,default_0.25,MY,global,14.77760964120794,220.029748173194,181.20774374666286,35.52200442653115,3.300000000000009
Pmix_batch,default_0.25,NE,national,39.60191402830797,123.55023830105095,67.232742503612,53.017495797438954,3.300000000000004
Pmix_batch,default_0.25,NE,global,15.586121214565798,110.77058999849935,67.0075749892435,40.463015009255855,3.3000000000000047
Pmix_batch,default_0.25,NG,national,28.13119960680001,223.80538989779757,179.3261750073202,41.1792148904774,3.300000000000007
Pmix_batch,default_0.25,NG,global,13.27612708018412,208.82103081347674,174.90198301660274,30.619047796874014,3.3000000000000065
Pmix_batch,default_0.25,NI,national,32.39316800965136,112.67819569944609,58.98500060679138,50.393195092654715,3.2999999999999874
Pmix_batch,default_0.25,NI,global,15.044018871601795,99.13367754749395,59.087039205351786,36.74663834214218,3.2999999999999883
Pmix_batch,default_0.25,NL,national,22.7816573768914,88.14253625957011,44.760704125300045,40.08183213427002,3.300000000000059
Pmix_batch,default_0.25,NL,global,10.748011923650127,80.5739337169203,46.104679560419086,31.169254156501164,3.300000000000059
Pmix_batch,default_0.25,NO,national,34.83941978315366,138.59316886806508,81.09085153374505,54.20231733432,3.300000000000032
Pmix_batch,default_0.25,NO,global,16.588364606556954,125.77481358551765,81.72024480249208,40.75456878302554,3.300000000000031
Pmix_batch,default_0.25,NP,national,49.717593667264374,467.72331851032914,411.25460025447416,53.16871825585495,3.300000000000002
Pmix_batch,default_0.25,NP,global,13.63234128305886,346.11886417650464,304.6282514302086,38.190612746296026,3.3000000000000034
Pmix_batch,default_0.25,NZ,national,29.65661290678121,108.37571396544661,58.69272337324111,46.382990592205516,3.2999999999999834
Pmix_batch,default_0.25,NZ,global,13.325240690916635,97.9746369497054,59.41078410563875,35.26385284406667,3.2999999999999834
Pmix_batch,default_0.25,OM,national,26.35714374001758,97.55669236587623,52.279175623194334,41.977516742681864,3.3000000000000105
Pmix_batch,default_0.25,OM,global,11.782970679921636,86.75785788816115,52.654681207533315,30.803176680627814,3.3000000000000114
Pmix_batch,default_0.25,PA,national,42.521409070232544,173.43865231641226,123.32048253160194,46.81816978481031,3.2999999999999927
Pmix_batch,default_0.25,PA,global,14.167788460657999,154.69063865435012,114.35634281609391,37.03429583825619,3.299999999999993
Pmix_batch,default_0.25,PE,national,23.936813380953357,87.4348096646559,44.689297521968896,39.445512142687,3.299999999999992
Pmix_batch,default_0.25,PE,global,11.457074913260582,77.80503575490616,45.05627080960994,29.44876494529622,3.2999999999999914
Pmix_batch,default_0.25,PH,national,29.9760172483165,98.02636129285528,45.38383175070185,49.34252954215346,3.2999999999999723
Pmix_batch,default_0.25,PH,global,12.46484318010523,83.36749669322072,45.70457537794305,34.362921315277696,3.2999999999999723
Pmix_batch,default_0.25,PK,national,28.014412198508502,105.83479399537407,56.97195586823041,45.56283812714366,3.3
Pmix_batch,default_0.25,PK,global,12.514279009363568,94.74870418146196,57.844970095413444,33.60373408604852,3.3
Pmix_batch,default_0.25,PL,national,30.84547868823597,129.69795302090276,71.55639766018903,54.841555360713734,3.2999999999999905
Pmix_batch,default_0.25,PL,global,13.52802963772374,118.08492157063174,72.73369058227667,42.05123098835507,3.2999999999999914
Pmix_batch,default_0.25,PS,national,42.26521713203668,273.49697405221127,220.06006962195517,50.13690443025615,3.299999999999989
Pmix_batch,default_0.25,PS,global,14.594228770340587,240.06622740062951,201.72612671896127,35.04010068166824,3.2999999999999905
Pmix_batch,default_0.25,PT,national,38.675743342358814,143.56070949406492,89.59115302588215,50.66955646818277,3.299999999999998
Pmix_batch,default_0.25,PT,global,15.833664683955925,128.8561224988726,88.6524703351905,36.90365216368208,3.2999999999999967
Pmix_batch,default_0.25,PY,national,32.428719259987126,133.9258346664472,86.5310424039929,44.094792262454305,3.2999999999999945
Pmix_batch,default_0.25,PY,global,15.025345431538748,123.6805491013084,85.67064757855556,34.709901522752844,3.2999999999999945
Pmix_batch,default_0.25,RO,national,32.93384224760482,129.27003155312565,75.95350079665815,50.016530756467496,3.299999999999996
Pmix_batch,default_0.25,RO,global,13.937523046690087,121.87004123086605,76.55770006095486,42.012341169911195,3.299999999999996
Pmix_batch,default_0.25,RU,national,33.96265482010703,131.6327496736714,74.37580147978822,53.9569481938832,3.299999999999996
Pmix_batch,default_0.25,RU,global,15.004544259347034,119.85054905499365,75.21422069246714,41.33632836252651,3.2999999999999967
Pmix_batch,default_0.25,RW,national,36.81433463759,240.40886624249146,190.96751184728788,46.14135439520359,3.299999999999982
Pmix_batch,default_0.25,RW,global,13.398249711595438,215.08956680072137,179.38593970425495,32.40362709646645,3.299999999999983
Pmix_batch,default_0.25,SA,national,27.549406013494902,101.63623807059835,53.12674752227105,45.20949054832731,3.299999999999982
Pmix_batch,default_0.25,SA,global,13.117603336446196,89.21497955904788,53.28438002513367,32.630599533914214,3.299999999999983
Pmix_batch,default_0.25,SE,national,34.645109355855595,162.81177909454595,88.82637041110243,70.68540868344353,3.2999999999999905
Pmix_batch,default_0.25,SE,global,16.079810343650166,143.1677938131583,89.81713407646062,50.05065973669772,3.2999999999999914
Pmix_batch,default_0.25,SK,national,40.16909910924273,172.64148478990583,110.77806459239173,58.56342019751409,3.2999999999999963
Pmix_batch,default_0.25,SK,global,15.834087839795641,153.34225784208218,109.87841051303305,40.16384732904915,3.299999999999996
Pmix_batch,default_0.25,SN,national,27.69720188163681,118.56493391866002,70.27153324332286,44.993400675337156,3.299999999999992
Pmix_batch,default_0.25,SN,global,13.858934901950656,109.33815867643511,70.0752643063374,35.96289437009769,3.2999999999999914
Pmix_batch,default_0.25,SR,national,28.191475930723076,221.13504377212044,175.60518940744066,42.22985436467983,3.299999999999982
Pmix_batch,default_0.25,SR,global,14.574560037732013,211.51430557522372,173.7151241598217,34.499181415402035,3.299999999999982
Pmix_batch,default_0.25,SV,national,44.11451861570167,138.44207973282403,87.30947259180694,47.832607141017085,3.2999999999999967
Pmix_batch,default_0.25,SV,global,14.452581923370818,122.54512048204333,84.88145694229213,34.3636635397512,3.2999999999999967
Pmix_batch,default_0.25,TH,national,35.36072028179483,125.63473365182556,75.13015624250036,47.2045774093252,3.3000000000000065
Pmix_batch,default_0.25,TH,global,13.985486880327086,112.02683106965287,74.82380623113396,33.90302483851891,3.300000000000005
Pmix_batch,default_0.25,TN,national,30.078046204731095,101.14901554210054,50.73790447753508,47.1111110645655,3.2999999999999483
Pmix_batch,default_0.25,TN,global,13.80823906135354,90.40018098440717,51.59765821179462,35.5025227726126,3.299999999999951
Pmix_batch,default_0.25,TR,national,37.05556463204043,121.85706849000569,66.83044649881163,51.726621991194065,3.3000000000000074
Pmix_batch,default_0.25,TR,global,14.446669455456462,108.43520542555171,66.95113932190668,38.18406610364503,3.300000000000006
Pmix_batch,default_0.25,TW,national,49.26741951940251,314.22190899616004,262.20477407147723,48.71713492468281,3.299999999999998
Pmix_batch,default_0.25,TW,global,13.336183026324386,247.15589152204367,208.72725061779548,35.128640904248215,3.3000000000000007
Pmix_batch,default_0.25,UA,national,36.07135033560878,133.0734875413625,78.09807777189813,51.67540976946436,3.300000000000002
Pmix_batch,default_0.25,UA,global,14.183499877008224,121.76089831455481,78.47172043368084,39.98917788087395,3.300000000000004
Pmix_batch,default_0.25,UG,national,38.0329721512964,196.47421019159555,145.99064553317663,47.18356465841896,3.2999999999999807
Pmix_batch,default_0.25,UG,global,13.764258203226706,173.16452765004433,134.75789431609354,35.106633333950775,3.299999999999983
Pmix_batch,default_0.25,US,national,17.18242096163963,84.75374868898302,56.309173407866176,25.14457528111683,3.300000000000009
Pmix_batch,default_0.25,US,global,7.614096607732815,78.79263424083706,56.765370383576474,18.72726385726057,3.3000000000000096
Pmix_batch,default_0.25,UY,national,28.206689504078202,109.43201133232795,62.283168755513756,43.848842576814185,3.300000000000005
Pmix_batch,default_0.25,UY,global,14.065104461317901,100.79108491145384,62.6128942738954,34.87819063755844,3.3000000000000047
Pmix_batch,default_0.25,UZ,national,39.67145866214626,154.09631304142243,95.5323824546267,55.263930586795695,3.300000000000018
Pmix_batch,default_0.25,UZ,global,15.272623384555759,136.75891346983624,94.03347528861259,39.42543818122362,3.300000000000017
Pmix_batch,default_0.25,VN,national,34.70508106916281,123.17275445359513,72.45332520944284,47.41942924415228,3.300000000000014
Pmix_batch,default_0.25,VN,global,13.384712145607255,109.77540584632412,72.06621791876931,34.409187927554804,3.300000000000012
Pmix_batch,default_0.25,ZA,national,23.54532707821458,103.68180660371598,65.24712394776002,35.13468265595598,3.2999999999999985
Pmix_batch,default_0.25,ZA,global,10.67661504082502,94.0286603238936,65.1000126194184,25.628647704475206,3.299999999999998
Pmix_batch,default_0.25,ZM,national,31.97683688026044,113.87677114017748,65.67979471947471,44.89697642070277,3.2999999999999985
Pmix_batch,default_0.25,ZM,global,12.50973322477598,101.39581158592425,65.52061851846572,32.57519306745851,3.299999999999999
Pmix_batch,more_batch_0.35,AE,national,33.24736538294769,122.85355631251885,78.9382874086246,40.61526890389424,3.299999999999999
Pmix_batch,more_batch_0.35,AE,global,12.39153963978916,109.87271621365306,77.67728392979112,28.89543228386194,3.2999999999999985
Pmix_batch,more_batch_0.35,AF,national,33.9644625529067,151.62476305204297,103.81371096463224,44.51105208741072,3.3000000000000016
Pmix_batch,more_batch_0.35,AF,global,13.634476198369994,136.19210730407522,101.08103730106387,31.811070003011363,3.300000000000001
Pmix_batch,more_batch_0.35,AR,national,27.265347896688997,88.55771493201044,41.538475952228524,43.719238979781956,3.2999999999999665
Pmix_batch,more_batch_0.35,AR,global,13.495105507590507,79.94472948373276,41.9063193196155,34.7384101641173,3.299999999999967
Pmix_batch,more_batch_0.35,AT,national,32.886946622939696,125.64470649179611,72.94165162044551,49.40305487135062,3.299999999999998
Pmix_batch,more_batch_0.35,AT,global,15.203571013621623,114.82615913104407,73.55224563292613,37.973913498117945,3.299999999999997
Pmix_batch,more_batch_0.35,AU,national,25.134815484424195,95.99576812026187,54.29681707677776,38.39895104348411,3.2999999999999985
Pmix_batch,more_batch_0.35,AU,global,10.808286166614563,85.53177548909117,55.168311198917095,27.063464290174082,3.299999999999999
Pmix_batch,more_batch_0.35,BD,national,36.86834997980593,147.6575279398909,96.45188228085082,47.90564565904008,3.299999999999996
Pmix_batch,more_batch_0.35,BD,global,14.334108119531866,131.8282428774141,95.09785705177197,33.43038582564215,3.299999999999996
Pmix_batch,more_batch_0.35,BE,national,24.322307988879807,93.50287254137385,46.535799578520475,43.66707296285345,3.299999999999921
Pmix_batch,more_batch_0.35,BE,global,11.860463441606335,85.08648124560953,47.710238592734655,34.076242652874974,3.2999999999999217
Pmix_batch,more_batch_0.35,BF,national,35.186124257757506,145.62552444963524,93.26852146850979,49.05700298112545,3.3000000000000065
Pmix_batch,more_batch_0.35,BF,global,14.397180373881193,131.0116433318239,90.72806449967474,36.98357883214916,3.300000000000005
Pmix_batch,more_batch_0.35,BG,national,33.268210070215936,122.74690850884289,72.28696929591709,47.1599392129258,3.3000000000000007
Pmix_batch,more_batch_0.35,BG,global,13.364905015429853,111.66134473024104,72.80840438764922,35.55294034259184,3.300000000000001
Pmix_batch,more_batch_0.35,BH,national,36.372820271588395,123.06336137560709,72.44780063942936,47.31556073617776,3.2999999999999905
Pmix_batch,more_batch_0.35,BH,global,13.8992695183108,108.8799724228085,72.1073342667908,33.47263815601772,3.2999999999999914
Pmix_batch,more_batch_0.35,BI,national,40.08191899621988,218.7899709870656,172.0945338660652,43.39543712100038,3.300000000000002
Pmix_batch,more_batch_0.35,BI,global,12.552104899108695,190.6395819513026,156.33616712508936,31.00341482621324,3.3000000000000016
Pmix_batch,more_batch_0.35,BO,national,38.88672145766212,150.5444258358069,98.27413096325915,48.970294872547726,3.300000000000002
Pmix_batch,more_batch_0.35,BO,global,14.104763243181868,138.75945459489236,95.16455915493643,40.29489543995594,3.300000000000002
Pmix_batch,more_batch_0.35,BR,national,20.79982875041337,82.76315788746537,46.161085024259826,33.302072863205524,3.3000000000000087
Pmix_batch,more_batch_0.35,BR,global,10.004927596926105,76.49926391378294,46.486546865244435,26.712717048538497,3.3000000000000074
Pmix_batch,more_batch_0.35,BY,national,32.4766669326184,141.2555916879912,86.04443490226978,51.9111567857214,3.3000000000000007
Pmix_batch,more_batch_0.35,BY,global,14.104979546176425,131.04015168077183,87.08598531079475,40.65416636997706,3.299999999999999
Pmix_batch,more_batch_0.35,CA,national,21.13589102349204,97.71022886692714,61.43566554321956,32.97456332370758,3.300000000000005
Pmix_batch,more_batch_0.35,CA,global,10.097757476665514,91.4670523828998,62.52712987267791,25.639922510221894,3.3000000000000047
Pmix_batch,more_batch_0.35,CH,national,41.36276078497901,179.07514773375416,124.80047653004607,50.97467120370806,3.300000000000014
Pmix_batch,more_batch_0.35,CH,global,15.501692789290258,166.21199608878965,123.03812095265718,39.87387513613246,3.300000000000014
Pmix_batch,more_batch_0.35,CL,national,31.102723177577786,101.66265638366777,50.58022834176046,47.782428041907316,3.300000000000002
Pmix_batch,more_batch_0.35,CL,global,14.529670878631281,91.86677306599405,50.696597298067786,37.870175767926256,3.300000000000002
Pmix_batch,more_batch_0.35,CN,national,16.368059713501708,84.81795495430087,56.137472390150954,25.38048256414992,3.299999999999999
Pmix_batch,more_batch_0.35,CN,global,7.276617022064773,78.67721544134176,56.44851096933628,18.928704472005474,3.2999999999999985
Pmix_batch,more_batch_0.35,CO,national,41.773931485792446,153.4064693360209,103.17308424615584,46.93338508986505,3.300000000000006
Pmix_batch,more_batch_0.35,CO,global,14.64186307474385,136.7715177457757,98.07100140374743,35.400516342028254,3.300000000000006
Pmix_batch,more_batch_0.35,CR,national,38.68119713328282,210.2367204554241,158.44848764816555,48.48823280725854,3.2999999999999914
Pmix_batch,more_batch_0.35,CR,global,14.050415947284916,191.15022039809853,152.07269397550795,35.77752642259059,3.2999999999999927
Pmix_batch,more_batch_0.35,CU,national,28.134808756030548,102.50419781256473,56.26320681091611,42.94099100164861,3.299999999999994
Pmix_batch,more_batch_0.35,CU,global,12.62329805753048,90.68461542310011,56.65533866587482,30.729276757225293,3.2999999999999945
Pmix_batch,more_batch_0.35,CV,national,29.110958727329905,99.33518956496414,50.95022810787423,45.084961457089896,3.300000000000005
Pmix_batch,more_batch_0.35,CV,global,14.036690283796652,89.26112478998176,51.49233722495912,34.46878756502264,3.3000000000000047
Pmix_batch,more_batch_0.35,CZ,national,32.95936649881712,154.4289950613622,101.29477701955027,49.83421804181193,3.300000000000006
Pmix_batch,more_batch_0.35,CZ,global,14.102058618038713,144.3752352529442,101.28836404436858,39.78687120857563,3.3000000000000065
Pmix_batch,more_batch_0.35,DE,national,22.84214326498383,95.2273676958993,48.70773497781229,43.219632718087006,3.299999999999999
Pmix_batch,more_batch_0.35,DE,global,10.665424867735158,86.86737525767438,50.042940241721666,33.524435015952726,3.299999999999999
Pmix_batch,more_batch_0.35,DK,national,24.666098071655664,101.28687898930825,52.37263717463319,45.61424181467506,3.300000000000005
Pmix_batch,more_batch_0.35,DK,global,11.76952337823962,91.95626601960737,53.54007096422991,35.11619505537746,3.3000000000000047
Pmix_batch,more_batch_0.35,DO,national,35.11823974500683,123.75500102205625,73.63996776883654,46.8150332532197,3.2999999999999914
Pmix_batch,more_batch_0.35,DO,global,13.274551275413424,109.1438346588599,73.00386813208465,32.839966526775264,3.2999999999999927
Pmix_batch,more_batch_0.35,DZ,national,35.226688732641506,114.35340778372695,64.13688368661265,46.91652409711433,3.299999999999972
Pmix_batch,more_batch_0.35,DZ,global,15.184641631198351,101.2487212218806,64.38714526062273,33.5615759612579,3.2999999999999727
Pmix_batch,more_batch_0.35,EC,national,49.99609995510756,219.42719326224474,165.30385587939597,50.82333738284876,3.300000000000001
Pmix_batch,more_batch_0.35,EC,global,13.734898651787109,147.43730101411285,104.75296034045355,39.38434067365929,3.300000000000001
Pmix_batch,more_batch_0.35,EE,national,29.537041273560632,126.1041595580226,65.0641246915683,57.74003486645434,3.2999999999999847
Pmix_batch,more_batch_0.35,EE,global,14.55231301630541,113.75124464883841,65.51428000553553,44.93696464330289,3.299999999999983
Pmix_batch,more_batch_0.35,EG,national,26.64118846957822,88.82049254882637,36.596422219876516,48.92407032894984,3.3000000000000105
Pmix_batch,more_batch_0.35,EG,global,13.614119429602647,79.26810450550217,36.84244155624069,39.125662949261454,3.3000000000000096
Pmix_batch,more_batch_0.35,ES,national,26.08905832272367,112.54463507971177,70.0533144347871,39.19132064492467,3.2999999999999905
Pmix_batch,more_batch_0.35,ES,global,11.851529414961181,102.98585915956626,70.29308185096781,29.392777308598458,3.2999999999999914
Pmix_batch,more_batch_0.35,ET,national,27.141825227502814,105.35455447257257,55.90951316570115,46.1450413068714,3.300000000000014
Pmix_batch,more_batch_0.35,ET,global,13.100323947111303,93.67958439449716,55.95642491371968,34.423159480777464,3.3000000000000123
Pmix_batch,more_batch_0.35,FI,national,31.27762094147752,132.8900886269037,66.4991696924888,63.09091893441485,3.300000000000029
Pmix_batch,more_batch_0.35,FI,global,16.08738991415177,115.7417028839258,66.79894322258369,45.642759661342076,3.3000000000000296
Pmix_batch,more_batch_0.35,FJ,national,34.0996720668357,143.84989846530289,95.58782903611421,44.96206942918868,3.3000000000000025
Pmix_batch,more_batch_0.35,FJ,global,13.847979665725434,129.87253422059834,93.7031375121583,32.86939670844003,3.3000000000000025
Pmix_batch,more_batch_0.35,FR,national,24.199301849831777,106.12842315188033,63.794582994865074,39.03384015701524,3.300000000000009
Pmix_batch,more_batch_0.35,FR,global,11.104648326869992,97.08368459414724,64.57067801158985,29.213006582557377,3.300000000000009
Pmix_batch,more_batch_0.35,GB,national,23.87009347701981,98.95806663659793,56.83269257427473,38.82537406232319,3.3
Pmix_batch,more_batch_0.35,GB,global,11.089856997147772,90.70955553296253,57.93345107323959,29.476104459722947,3.299999999999999
Pmix_batch,more_batch_0.35,GF,national,30.79939305131697,180.72695045663426,137.1473608811851,40.279589575449165,3.3000000000000114
Pmix_batch,more_batch_0.35,GF,global,14.4695034896973,172.3368361145729,134.34979556156017,34.68704055301271,3.300000000000012
Pmix_batch,more_batch_0.35,GH,national,27.27730941554207,170.4246447881609,128.06358657906165,39.06105820909919,3.3000000000000225
Pmix_batch,more_batch_0.35,GH,global,12.463602324851832,157.49751993054386,124.77915387515918,29.41836605538466,3.30000000000002
Pmix_batch,more_batch_0.35,GR,national,40.20911414290468,143.7103844415766,89.85089234020442,50.55949210137218,3.3000000000000043
Pmix_batch,more_batch_0.35,GR,global,14.408729422452286,127.9049608495391,88.70116980056201,35.90379104897709,3.3000000000000047
Pmix_batch,more_batch_0.35,GT,national,40.547306879215725,137.06702474399182,86.54485012752747,47.222174616464365,3.300000000000002
Pmix_batch,more_batch_0.35,GT,global,14.863664095403644,122.39264938352204,84.9120533930957,34.18059599042635,3.300000000000002
Pmix_batch,more_batch_0.35,HN,national,36.232622601602046,112.91535214640002,60.75684873611885,48.85850341028118,3.299999999999993
Pmix_batch,more_batch_0.35,HN,global,14.658225874492517,100.39167119036698,61.1821101287146,35.90956106165238,3.299999999999993
Pmix_batch,more_batch_0.35,HU,national,35.41063442065166,145.94102783172443,91.85282424471337,50.788203587011054,3.3000000000000074
Pmix_batch,more_batch_0.35,HU,global,15.107730088036089,131.02219300556862,91.85405030488597,35.86814270068265,3.3000000000000074
Pmix_batch,more_batch_0.35,ID,national,40.53465946537189,170.7365130572663,121.30110999958619,46.1354030576801,3.299999999999999
Pmix_batch,more_batch_0.35,ID,global,14.443932336052903,150.43540548159152,115.10892597931719,32.02647950227432,3.299999999999999
Pmix_batch,more_batch_0.35,IE,national,28.699463515342003,108.20513568365416,49.441962750891484,55.463172932762696,3.299999999999979
Pmix_batch,more_batch_0.35,IE,global,14.247445296554293,95.70306748115787,49.397553984377176,43.00551349678071,3.299999999999977
Pmix_batch,more_batch_0.35,IL,national,44.02126643883626,185.53223553154737,133.00143293855095,49.230802592996426,3.2999999999999905
Pmix_batch,more_batch_0.35,IL,global,12.792741220241249,160.23746789065538,120.38697928545896,36.55048860519641,3.2999999999999927
Pmix_batch,more_batch_0.35,IN,national,25.60716334684085,107.27141684723263,65.96976633790123,38.0016505093314,3.300000000000004
Pmix_batch,more_batch_0.35,IN,global,11.465733409576034,98.33103337079113,66.31389509573494,28.717138275056193,3.3000000000000034
Pmix_batch,more_batch_0.35,IR,national,39.05281143947117,141.63399198847063,65.08306827951733,73.2509237089533,3.299999999999993
Pmix_batch,more_batch_0.35,IR,global,17.27328982334109,122.07975920373279,65.21980120293976,53.55995800079304,3.299999999999994
Pmix_batch,more_batch_0.35,IT,national,42.1569223002108,153.9200683944737,99.4393564927811,51.18071190169259,3.3000000000000074
Pmix_batch,more_batch_0.35,IT,global,14.864161922957647,137.00541372733892,98.06828911592265,35.63712461141626,3.3000000000000074
Pmix_batch,more_batch_0.35,JM,national,44.46099774627123,139.60979153552677,88.07186888424879,48.237922651277984,3.3000000000000074
Pmix_batch,more_batch_0.35,JM,global,13.124727015100262,119.08305847572981,83.13475759485448,32.648300880875325,3.3000000000000065
Pmix_batch,more_batch_0.35,JO,national,26.769845642205926,111.14159516028087,64.89998881565396,42.94160634462692,3.300000000000001
Pmix_batch,more_batch_0.35,JO,global,12.224750208398003,100.09418826959684,64.80026984675031,31.993918422846516,3.3000000000000007
Pmix_batch,more_batch_0.35,JP,national,39.93316090032571,141.08262359191482,89.12834593229795,48.654277659616874,3.2999999999999945
Pmix_batch,more_batch_0.35,JP,global,13.927514971797075,126.30091605011228,89.05542749012517,33.9454885599871,3.2999999999999945
Pmix_batch,more_batch_0.35,KE,national,33.01258356708409,101.02836787777704,46.689672694281235,51.03869518349582,3.299999999999979
Pmix_batch,more_batch_0.35,KE,global,13.831542728310117,88.74985491328565,47.691547771449144,37.758307141836504,3.2999999999999794
Pmix_batch,more_batch_0.35,KH,national,34.57610256526587,166.95463894691932,119.36900718113084,44.28563176578845,3.300000000000002
Pmix_batch,more_batch_0.35,KH,global,14.544746704815436,149.8108973819367,116.51948038212873,29.991416999807974,3.300000000000001
Pmix_batch,more_batch_0.35,KR,national,41.92256301267827,161.40316247133728,109.97449093875,48.128671532587255,3.300000000000001
Pmix_batch,more_batch_0.35,KR,global,13.532893469100864,145.44285680002255,107.8527813023752,34.29007549764736,3.3000000000000007
Pmix_batch,more_batch_0.35,KW,national,30.715217755627812,100.2524054588076,50.46381914330429,46.4885863155033,3.300000000000004
Pmix_batch,more_batch_0.35,KW,global,13.61373102451601,88.77216998611279,50.89863651102945,34.57353347508332,3.300000000000004
Pmix_batch,more_batch_0.35,KZ,national,42.76462421743885,143.05052543229658,86.55750642767553,53.19301900462103,3.300000000000016
Pmix_batch,more_batch_0.35,KZ,global,14.78858058099507,128.05742074312937,85.81219863911511,38.94522210401427,3.300000000000015
Pmix_batch,more_batch_0.35,LC,national,23.38167788038304,81.35481583794203,39.074435093307834,38.9803807446342,3.300000000000002
Pmix_batch,more_batch_0.35,LC,global,11.422456589963653,73.01944847019479,39.88658106508444,29.83286740511035,3.300000000000001
Pmix_batch,more_batch_0.35,LK,national,28.97199767008492,97.1321224080768,49.00318811250101,44.828934295575785,3.3000000000000225
Pmix_batch,more_batch_0.35,LK,global,13.632104600520922,87.10008832600677,49.912301358589424,33.88778696741733,3.300000000000021
Pmix_batch,more_batch_0.35,LY,national,24.334245513577322,88.71918530577224,47.42951450786736,37.98967079790487,3.2999999999999967
Pmix_batch,more_batch_0.35,LY,global,10.974339632602478,78.06760005136742,47.785517104588024,26.982082946779396,3.2999999999999985
Pmix_batch,more_batch_0.35,MA,national,35.80438573269645,114.88210189844358,61.383080366445014,50.19902153199857,3.299999999999996
Pmix_batch,more_batch_0.35,MA,global,15.434490438178628,102.31534108462525,61.5402281062513,37.47511297837396,3.299999999999996
Pmix_batch,more_batch_0.35,MG,national,37.290165717812684,179.86956145003867,133.62855047705412,42.94101097298454,3.3000000000000123
Pmix_batch,more_batch_0.35,MG,global,12.31881063543717,158.59060460372058,125.35210063176297,29.93850397195764,3.3000000000000105
Pmix_batch,more_batch_0.35,MM,national,34.84826209196456,153.45510174647885,102.82182942252592,47.33327232395294,3.300000000000004
Pmix_batch,more_batch_0.35,MM,global,14.696691041821635,139.43799722433735,101.29289413283033,34.84510309150703,3.3000000000000025
Pmix_batch,more_batch_0.35,MN,national,28.918507634869638,107.95402568020809,59.12940066152951,45.52462501867859,3.299999999999993
Pmix_batch,more_batch_0.35,MN,global,13.484659550202066,96.3444415690941,59.73811995087273,33.306321618221375,3.2999999999999927
Pmix_batch,more_batch_0.35,MR,national,25.817487296790066,94.69228872409793,47.0685962356842,44.32369248841371,3.300000000000015
Pmix_batch,more_batch_0.35,MR,global,13.196386342318423,87.16471830393817,47.54728579007792,36.31743251386025,3.3000000000000145
Pmix_batch,more_batch_0.35,MU,national,29.03977514867602,103.71892141879228,54.10352926747562,46.31539215131665,3.299999999999992
Pmix_batch,more_batch_0.35,MU,global,13.149767552224079,92.24923233408055,54.88156275057331,34.067669583507225,3.2999999999999936
Pmix_batch,more_batch_0.35,MX,national,26.513358390100176,88.67876182159448,39.355771753223806,46.02299006837065,3.300000000000017
Pmix_batch,more_batch_0.35,MX,global,12.434167156868222,77.88421003812597,40.38316889845444,34.20104113967152,3.300000000000016
Pmix_batch,more_batch_0.35,MY,national,36.70622903168828,245.0244431659948,193.0429028434686,48.6815403225262,3.30000000000001
Pmix_batch,more_batch_0.35,MY,global,14.743322367637916,219.7656255390976,181.86323970613967,34.60238583295795,3.300000000000009
Pmix_batch,more_batch_0.35,NE,national,38.836323805928416,122.49015413670858,67.26052912637896,51.92962501032961,3.3000000000000047
Pmix_batch,more_batch_0.35,NE,global,15.361245366349841,109.74513596673626,67.05002090548176,39.395115061254494,3.3000000000000043
Pmix_batch,more_batch_0.35,NG,national,27.838641240875212,222.34276973010262,178.77631177431215,40.26645795579047,3.3000000000000065
Pmix_batch,more_batch_0.35,NG,global,13.20639347241055,207.4680649420276,174.41098254053904,29.75708240148856,3.300000000000006
Pmix_batch,more_batch_0.35,NI,national,32.03832854904068,111.53411620524184,58.99890707967412,49.23520912556773,3.2999999999999874
Pmix_batch,more_batch_0.35,NI,global,14.877676955424612,98.14283975338563,59.0971133061117,35.745726447273945,3.2999999999999865
Pmix_batch,more_batch_0.35,NL,national,22.013858486928104,87.10773074720987,44.749909736059536,39.05782101115025,3.3000000000000593
Pmix_batch,more_batch_0.35,NL,global,10.660001352162562,79.19015700286153,45.90769354116952,29.982463461691946,3.300000000000059
Pmix_batch,more_batch_0.35,NO,national,34.58027117217936,137.83531236271972,80.85971252747466,53.67559983524503,3.300000000000031
Pmix_batch,more_batch_0.35,NO,global,16.56097203514276,125.1246765905293,81.42244840615066,40.402228184378615,3.300000000000031
Pmix_batch,more_batch_0.35,NP,national,49.878356335296544,454.093988583871,398.38158630836057,52.41240227551046,3.300000000000002
Pmix_batch,more_batch_0.35,NP,global,13.370214393758253,327.55751473073485,287.2730906051349,36.98442412559994,3.3000000000000043
Pmix_batch,more_batch_0.35,NZ,national,29.210867768997677,107.29634215914888,58.529109616632724,45.467232542516186,3.299999999999983
Pmix_batch,more_batch_0.35,NZ,global,13.275444815329429,96.5241692962871,59.14744497364171,34.07672432264541,3.299999999999983
Pmix_batch,more_batch_0.35,OM,national,26.005430275400666,96.77519445462283,52.2658586304848,41.209335824138016,3.3000000000000105
Pmix_batch,more_batch_0.35,OM,global,11.663709377796474,85.7552017981389,52.634197150917444,29.821004647221436,3.3000000000000105
Pmix_batch,more_batch_0.35,PA,national,42.5476530932398,171.89650190729387,122.77413161323368,45.8223702940602,3.2999999999999927
Pmix_batch,more_batch_0.35,PA,global,13.915263222166004,152.95828520007706,113.82433220888916,35.83395299118789,3.2999999999999927
Pmix_batch,more_batch_0.35,PE,national,23.554615032196555,86.66790775144393,44.74032829411083,38.62757945733309,3.2999999999999927
Pmix_batch,more_batch_0.35,PE,global,11.236938304306438,76.93919058052099,45.098358512726215,28.540832067794774,3.2999999999999927
Pmix_batch,more_batch_0.35,PH,national,29.510860947598143,97.24492765547068,45.40318844319596,48.541739212274756,3.2999999999999723
Pmix_batch,more_batch_0.35,PH,global,12.558848346728945,82.75623966574138,45.593097869002335,33.86314179673907,3.299999999999972
Pmix_batch,more_batch_0.35,PK,national,27.495980956734645,104.7437784174746,56.913860443947996,44.529917973526615,3.3000000000000007
Pmix_batch,more_batch_0.35,PK,global,12.344635092764687,93.74543838884624,57.7379427894622,32.70749559938404,3.300000000000001
Pmix_batch,more_batch_0.35,PL,national,30.149778290397254,128.46446237401113,71.56329941128317,53.601162962727955,3.2999999999999914
Pmix_batch,more_batch_0.35,PL,global,13.273472651632856,117.02206238191904,72.68453375782556,41.03752862409348,3.2999999999999914
Pmix_batch,more_batch_0.35,PS,national,42.202729960732825,270.747935441635,218.17875263401763,49.26918280761733,3.299999999999989
Pmix_batch,more_batch_0.35,PS,global,14.585630239143033,237.2920510114745,199.78710603384795,34.20494497762656,3.2999999999999914
Pmix_batch,more_batch_0.35,PT,national,38.27125759328428,142.541626957649,89.58265811815379,49.65896883949522,3.299999999999998
Pmix_batch,more_batch_0.35,PT,global,15.678163370944034,128.0336648582092,88.67511789290495,36.058546965304245,3.299999999999998
Pmix_batch,more_batch_0.35,PY,national,31.947081829290923,132.9219435382516,86.56284489671695,43.059098641534646,3.299999999999994
Pmix_batch,more_batch_0.35,PY,global,14.749242823697633,122.73344466903336,85.71227998595178,33.721164683081575,3.2999999999999945
Pmix_batch,more_batch_0.35,RO,national,32.45447554119912,130.72196707096253,75.8814835655119,51.54048350545064,3.2999999999999945
Pmix_batch,more_batch_0.35,RO,global,13.731004275966557,119.81665327975534,76.46417205776625,40.0524812219891,3.299999999999996
Pmix_batch,more_batch_0.35,RU,national,33.61790200357788,130.74963892110765,74.29986520800969,53.14977371309794,3.2999999999999967
Pmix_batch,more_batch_0.35,RU,global,14.855747680103779,120.54367393253627,75.1385759448778,42.10509798765846,3.2999999999999967
Pmix_batch,more_batch_0.35,RW,national,36.904797168628484,237.80963331330068,189.25654899612692,45.25308431717374,3.299999999999983
Pmix_batch,more_batch_0.35,RW,global,13.289346665890408,212.56759370944803,177.5117695597519,31.755824149696153,3.299999999999983
Pmix_batch,more_batch_0.35,SA,national,27.097198091047677,100.45772587936911,53.06558397729528,44.09214190207384,3.299999999999983
Pmix_batch,more_batch_0.35,SA,global,12.99714159336407,88.38744324427859,53.21153368816152,31.875909556117087,3.299999999999982
Pmix_batch,more_batch_0.35,SE,national,34.22606336715881,163.33333715040683,88.76903068443616,71.26430646597065,3.2999999999999914
Pmix_batch,more_batch_0.35,SE,global,16.05281728010748,142.0507754960012,89.69411347128109,49.05666202472009,3.2999999999999914
Pmix_batch,more_batch_0.35,SK,national,39.92338186496899,168.7460746538536,110.74671985095884,54.69935480289476,3.2999999999999967
Pmix_batch,more_batch_0.35,SK,global,15.764975098653883,152.3768374144771,109.8806891511069,39.19614826337022,3.2999999999999967
Pmix_batch,more_batch_0.35,SN,national,27.159911850040032,117.5394741371159,70.27818704388024,43.96128709323566,3.2999999999999927
Pmix_batch,more_batch_0.35,SN,global,13.798060651756355,108.52305316818347,70.09203747112649,35.13101569705699,3.2999999999999927
Pmix_batch,more_batch_0.35,SR,national,27.70445943514035,219.58308980103038,175.193819183348,41.08927061768239,3.299999999999982
Pmix_batch,more_batch_0.35,SR,global,14.324418332453606,209.84265951451962,173.18546094677998,33.357198567739665,3.299999999999982
Pmix_batch,more_batch_0.35,SV,national,43.863893573098224,137.65256202002658,87.55106817773105,46.801493842295535,3.299999999999996
Pmix_batch,more_batch_0.35,SV,global,14.198687145534944,121.4782790373816,85.12899073800627,33.04928829937534,3.299999999999996
Pmix_batch,more_batch_0.35,TH,national,34.895633888530476,124.74390778762574,75.16185459001768,46.28205319760807,3.3000000000000065
Pmix_batch,more_batch_0.35,TH,global,13.864957837613046,111.27909899241236,74.86444348702692,33.114655505385436,3.300000000000005
Pmix_batch,more_batch_0.35,TN,national,29.639635084688887,100.2767901209488,50.65609945806152,46.32069066288734,3.2999999999999483
Pmix_batch,more_batch_0.35,TN,global,13.814846951403798,89.3765080575972,51.4174623855926,34.65904567200466,3.29999999999995
Pmix_batch,more_batch_0.35,TR,national,36.777386563274376,120.85944570549238,66.83934964695666,50.72009605853572,3.300000000000008
Pmix_batch,more_batch_0.35,TR,global,14.322865650701166,107.51034991977164,66.95832641200634,37.25202350776531,3.3000000000000065
Pmix_batch,more_batch_0.35,TW,national,49.19744365447596,313.51778014202233,262.3868179497671,47.8309621922553,3.299999999999998
Pmix_batch,more_batch_0.35,TW,global,13.288354376427172,246.24911795797004,208.55004134838248,34.39907660958755,3.3000000000000007
Pmix_batch,more_batch_0.35,UA,national,35.77349204786527,132.3043631249903,78.11192803667383,50.892435088316454,3.3000000000000034
Pmix_batch,more_batch_0.35,UA,global,14.055960389630734,121.47634762493341,78.47749296736666,39.698854657566734,3.300000000000002
Pmix_batch,more_batch_0.35,UG,national,37.89334195898761,195.11773175951294,145.412104840695,46.405626918817966,3.2999999999999807
Pmix_batch,more_batch_0.35,UG,global,13.590913992733652,171.28627298209193,134.080953248977,33.90531973311491,3.299999999999983
Pmix_batch,more_batch_0.35,US,national,16.54477882640028,83.59873332960105,56.31116265192452,23.9875706776765,3.300000000000009
Pmix_batch,more_batch_0.35,US,global,7.42364545532875,77.56243535059437,56.7292330044804,17.53320234611396,3.300000000000009
Pmix_batch,more_batch_0.35,UY,national,27.59259889060005,108.07987394610275,62.26996686947569,42.50990707662707,3.300000000000006
Pmix_batch,more_batch_0.35,UY,global,13.772756200884015,100.09248417468285,62.58822344400438,34.204260730678484,3.3000000000000047
Pmix_batch,more_batch_0.35,UZ,national,39.46720703943623,152.97262374640565,95.40969986963947,54.262923876766166,3.300000000000018
Pmix_batch,more_batch_0.35,UZ,global,15.118674776966465,135.83061174537036,93.93064636754643,38.59996537782393,3.300000000000016
Pmix_batch,more_batch_0.35,VN,national,34.319920174393665,122.2173647679056,72.4482789027385,46.46908586516709,3.3000000000000123
Pmix_batch,more_batch_0.35,VN,global,13.246703610617752,108.73469631452707,72.06319485253016,33.371501461996885,3.300000000000012
Pmix_batch,more_batch_0.35,ZA,national,23.340249808933613,102.88756319807017,65.24265640094335,34.34490679712682,3.2999999999999985
Pmix_batch,more_batch_0.35,ZA,global,10.699437707869787,93.2374305691597,65.10470449491672,24.83272607424299,3.299999999999998
Pmix_batch,more_batch_0.35,ZM,national,31.24827997820819,112.92176295457581,65.69897401409291,43.922788940482896,3.3
Pmix_batch,more_batch_0.35,ZM,global,12.259393694634019,100.52455937721655,65.54779757555424,31.67676180166231,3.3000000000000007
Pmix_batch,more_shaped_0.15,AE,national,33.32586745403345,124.18419986720829,79.03255461594081,41.851645251267485,3.2999999999999985
Pmix_batch,more_shaped_0.15,AE,global,12.498995743211978,111.66136265702994,77.75644894095072,30.60491371607924,3.299999999999998
Pmix_batch,more_shaped_0.15,AF,national,34.16532241615376,154.59726487508388,104.623059185524,46.67420568955989,3.300000000000002
Pmix_batch,more_shaped_0.15,AF,global,13.870086901245177,138.72474078683922,101.9076132943214,33.51712749251781,3.300000000000001
Pmix_batch,more_shaped_0.15,AR,national,28.330526681726088,90.6101569397969,41.63408414597676,45.67607279382018,3.299999999999966
Pmix_batch,more_shaped_0.15,AR,global,13.882202865607587,82.21071183620928,42.072524415446416,36.8381874207629,3.299999999999967
Pmix_batch,more_shaped_0.15,AT,national,33.74823507828133,127.64213382695911,73.00903980190897,51.33309402505016,3.299999999999997
Pmix_batch,more_shaped_0.15,AT,global,15.38750099709002,117.14886004020053,73.68954082478028,40.15931921542023,3.299999999999997
Pmix_batch,more_shaped_0.15,AU,national,26.28881417362746,98.24770044299554,54.40929529639699,40.53840514659854,3.299999999999999
Pmix_batch,more_shaped_0.15,AU,global,11.320633630823616,87.71130262759401,55.38307325772335,29.028229369870655,3.299999999999999
Pmix_batch,more_shaped_0.15,BD,national,37.58970473214933,149.55285126809562,96.46055480305367,49.79229646504194,3.2999999999999945
Pmix_batch,more_shaped_0.15,BD,global,14.69870237729934,133.44730350778707,95.08882519722435,35.05847831056272,3.2999999999999945
Pmix_batch,more_shaped_0.15,BE,national,25.841613832893007,95.55036475630081,46.49215192291918,45.75821283338171,3.299999999999921
Pmix_batch,more_shaped_0.15,BE,global,11.994681148111288,86.79915684197435,48.05950031053336,35.439656531441045,3.299999999999924
Pmix_batch,more_shaped_0.15,BF,national,36.67353958752548,147.0343214110547,92.43295356595054,51.301367845104146,3.3000000000000065
Pmix_batch,more_shaped_0.15,BF,global,14.891487325925517,131.62066670712042,89.5977933472147,38.7228733599057,3.3000000000000047
Pmix_batch,more_shaped_0.15,BG,national,34.169494737564165,124.80759403531961,72.4505232319826,49.05707080333701,3.3000000000000007
Pmix_batch,more_shaped_0.15,BG,global,13.701582078861167,112.86253067280498,73.01158141462966,36.550949258175315,3.3000000000000007
Pmix_batch,more_shaped_0.15,BH,national,37.34666491207474,125.13033866608087,72.43128180379055,49.39905686229033,3.29999999999999
Pmix_batch,more_shaped_0.15,BH,global,14.270390297025559,110.96389953005858,72.0806111870843,35.58328834297428,3.2999999999999927
Pmix_batch,more_shaped_0.15,BI,national,40.04239413832695,222.59021687113548,173.8370764147885,45.453140456347,3.300000000000002
Pmix_batch,more_shaped_0.15,BI,global,12.771364349286404,193.05818452149705,157.60165949367064,32.1565250278264,3.300000000000002
Pmix_batch,more_shaped_0.15,BO,national,38.50172163675844,155.01423426280334,100.71525746716573,50.998976795637596,3.300000000000002
Pmix_batch,more_shaped_0.15,BO,global,14.728302167241761,143.45536634234733,97.74953766960714,42.4058286727402,3.300000000000001
Pmix_batch,more_shaped_0.15,BR,national,22.623974240767257,84.83815665205,46.20033440033792,35.337822251712055,3.3000000000000087
Pmix_batch,more_shaped_0.15,BR,global,10.724211191272982,78.3438911502559,46.589642111870695,28.454249038385193,3.300000000000008
Pmix_batch,more_shaped_0.15,BY,national,33.61669678428782,143.4204237609342,86.11590766712786,54.00451609380635,3.3000000000000007
Pmix_batch,more_shaped_0.15,BY,global,14.56223873510956,133.34321451733993,87.23198215137813,42.8112323659618,3.3000000000000007
Pmix_batch,more_shaped_0.15,CA,national,22.70329534489253,99.98864691931412,61.62728579514649,35.06136112416764,3.3000000000000047
Pmix_batch,more_shaped_0.15,CA,global,10.783057197316753,93.68569400020115,62.876485161987716,27.509208838213443,3.3000000000000047
Pmix_batch,more_shaped_0.15,CH,national,41.84394308049414,181.38984491417,124.86309500118733,53.226749912982655,3.300000000000014
Pmix_batch,more_shaped_0.15,CH,global,15.739040518654871,166.94874562329082,123.04210150927693,40.60664411401389,3.300000000000014
Pmix_batch,more_shaped_0.15,CL,national,31.430063829752502,103.55690770937615,50.50873330288476,49.74817440649139,3.300000000000002
Pmix_batch,more_shaped_0.15,CL,global,14.93901711477427,94.02406647999003,50.64064087332656,40.08342560666348,3.300000000000002
Pmix_batch,more_shaped_0.15,CN,national,17.91343035277357,86.51023361154097,56.228481039438655,26.98175257210231,3.2999999999999985
Pmix_batch,more_shaped_0.15,CN,global,7.525711648453948,80.02579296604414,56.60853223225549,20.117260733788637,3.299999999999999
Pmix_batch,more_shaped_0.15,CO,national,42.5126628859396,154.68277782151827,102.25364147158997,49.12913634992828,3.3000000000000065
Pmix_batch,more_shaped_0.15,CO,global,15.249464646802222,138.58571751630916,96.86803101953558,38.41768649677357,3.300000000000005
Pmix_batch,more_shaped_0.15,CR,national,38.61624440256152,215.53073111890998,161.49267104297772,50.738060075932275,3.299999999999993
Pmix_batch,more_shaped_0.15,CR,global,14.510946416734244,196.47036591879342,155.17894407309356,37.99142184569984,3.2999999999999927
Pmix_batch,more_shaped_0.15,CU,national,28.346959661710414,104.15818324283886,56.25317157152944,44.60501167130942,3.299999999999993
Pmix_batch,more_shaped_0.15,CU,global,12.722204106205343,92.20350168173879,56.687705360618985,32.21579632111981,3.2999999999999945
Pmix_batch,more_shaped_0.15,CV,national,30.399971493076812,101.53526622434259,50.92962847659014,47.305637747752456,3.300000000000005
Pmix_batch,more_shaped_0.15,CV,global,14.37820845063394,91.16796261774842,51.56590669519527,36.30205592255316,3.3000000000000047
Pmix_batch,more_shaped_0.15,CZ,national,33.834406448770395,155.93776105728188,101.29454279075094,51.34321826653093,3.3000000000000065
Pmix_batch,more_shaped_0.15,CZ,global,14.401480262800714,145.27790222014823,101.28780186481237,40.69010035533588,3.300000000000005
Pmix_batch,more_shaped_0.15,DE,national,24.487418359538637,97.29450194350578,49.00973613572684,44.984765807778935,3.299999999999999
Pmix_batch,more_shaped_0.15,DE,global,10.928101273399244,87.59724204093284,50.69882058134348,33.59842145958935,3.299999999999999
Pmix_batch,more_shaped_0.15,DK,national,26.18782749303314,101.86048040028943,52.728124264855076,45.83235613543436,3.3000000000000047
Pmix_batch,more_shaped_0.15,DK,global,12.0046642799225,94.0825509516134,54.26676141087541,36.51578954073799,3.300000000000005
Pmix_batch,more_shaped_0.15,DO,national,36.01522007667219,126.13399678685212,73.67807706468415,49.15591972216798,3.2999999999999905
Pmix_batch,more_shaped_0.15,DO,global,13.794403362432112,111.87173988518943,73.01495543785671,35.55678444733272,3.2999999999999927
Pmix_batch,more_shaped_0.15,DZ,national,35.96211066104045,116.03722346008317,64.1172581488606,48.61996531122262,3.2999999999999714
Pmix_batch,more_shaped_0.15,DZ,global,15.299956239266512,102.96472419467044,64.37830663419345,35.286417560477034,3.2999999999999723
Pmix_batch,more_shaped_0.15,EC,national,49.965171659032976,223.9344609808793,167.83624391729933,52.79821706357997,3.3000000000000007
Pmix_batch,more_shaped_0.15,EC,global,14.386094489735779,156.4292117154882,110.93943582770062,42.18977588778758,3.300000000000001
Pmix_batch,more_shaped_0.15,EE,national,30.420358314946334,126.29800210876837,65.4592964666999,57.53870564206849,3.2999999999999834
Pmix_batch,more_shaped_0.15,EE,global,14.787555449654349,113.21991352524032,66.08428174632179,43.83563177891854,3.2999999999999847
Pmix_batch,more_shaped_0.15,EG,national,27.785206957354347,89.99569349012236,36.63064446994188,50.06504902018046,3.30000000000001
Pmix_batch,more_shaped_0.15,EG,global,13.737234153701616,77.53545856948074,37.093964228165824,37.14149434131491,3.3000000000000096
Pmix_batch,more_shaped_0.15,ES,national,26.773530798353423,114.03501632173072,70.06696732205918,40.66804899967155,3.2999999999999905
Pmix_batch,more_shaped_0.15,ES,global,12.101545684633004,104.72740681033646,70.31897337888176,31.10843343145471,3.2999999999999905
Pmix_batch,more_shaped_0.15,ET,national,28.18743231189836,107.67160550890208,55.92007354859921,48.45153196030285,3.300000000000014
Pmix_batch,more_shaped_0.15,ET,global,13.443767322029368,95.77408281587726,55.972901560577455,36.50118125529979,3.3000000000000123
Pmix_batch,more_shaped_0.15,FI,national,32.234805032857224,135.20599766111434,66.99201945698591,64.91397820412838,3.300000000000029
Pmix_batch,more_shaped_0.15,FI,global,16.102484253727248,118.13554442985914,67.6025301289853,47.2330143008738,3.3000000000000296
Pmix_batch,more_shaped_0.15,FJ,national,34.49858437584654,146.01857530213718,95.66987449125814,47.048700810879055,3.3000000000000025
Pmix_batch,more_shaped_0.15,FJ,global,14.214879845210584,131.839295050682,93.7456925870233,34.79360246365871,3.300000000000002
Pmix_batch,more_shaped_0.15,FR,national,25.563862897168143,107.42945505850527,63.82917609588966,40.30027896261561,3.3000000000000087
Pmix_batch,more_shaped_0.15,FR,global,11.5665597702778,98.9961706236956,64.69493451105441,31.001236112641188,3.300000000000008
Pmix_batch,more_shaped_0.15,GB,national,25.293528396036685,101.04497560354858,57.05881557453439,40.68616002901419,3.299999999999999
Pmix_batch,more_shaped_0.15,GB,global,11.45252324072102,93.00410085388785,58.41254838841077,31.291552465477082,3.3000000000000007
Pmix_batch,more_shaped_0.15,GF,national,31.379700059565458,183.85804830649303,137.93425259030542,42.62379571618763,3.300000000000012
Pmix_batch,more_shaped_0.15,GF,global,14.922841937772056,174.35362008046158,134.9713855070952,36.08223457336637,3.3000000000000114
Pmix_batch,more_shaped_0.15,GH,national,27.26995070271358,173.38638851986514,128.95101723812036,41.13537128174474,3.3000000000000225
Pmix_batch,more_shaped_0.15,GH,global,12.598346661949792,160.43922409088503,125.65663886173493,31.4825852291501,3.3000000000000203
Pmix_batch,more_shaped_0.15,GR,national,40.471682828905074,145.27397259751334,89.70694270897422,52.26702988853911,3.3000000000000043
Pmix_batch,more_shaped_0.15,GR,global,14.707123628230034,129.66815672588606,88.53966700935611,37.82848971652997,3.3000000000000043
Pmix_batch,more_shaped_0.15,GT,national,41.34638696577772,138.80727605060457,86.08907607101588,49.41819997958871,3.300000000000002
Pmix_batch,more_shaped_0.15,GT,global,15.49985567963003,124.48145966668076,84.42318230264868,36.758277364032075,3.300000000000002
Pmix_batch,more_shaped_0.15,HN,national,37.45746776980049,115.08512437842,60.82217883225978,50.96294554616023,3.299999999999993
Pmix_batch,more_shaped_0.15,HN,global,15.14814530899011,102.73176970356867,61.292442947000296,38.13932675656838,3.2999999999999936
Pmix_batch,more_shaped_0.15,HU,national,36.35656852708642,148.23398524644287,91.85282688080194,53.081158365640924,3.3000000000000074
Pmix_batch,more_shaped_0.15,HU,global,15.443277898602739,134.5532807317935,91.85413807175935,39.39914266003415,3.3000000000000065
Pmix_batch,more_shaped_0.15,ID,national,40.80930080827918,171.97229823375358,120.6708099878509,48.00148824590267,3.299999999999998
Pmix_batch,more_shaped_0.15,ID,global,14.513569458276718,151.47818401637082,114.43331267302392,33.7448713433469,3.299999999999999
Pmix_batch,more_shaped_0.15,IE,national,29.92774935121774,110.44727262507412,49.42385889329694,57.72341373177719,3.299999999999979
Pmix_batch,more_shaped_0.15,IE,global,14.276521676790615,97.74353913102212,49.638336129060264,44.805203001961885,3.299999999999979
Pmix_batch,more_shaped_0.15,IL,national,43.563655864247366,192.67336080017523,138.2453355445334,51.12802525564184,3.2999999999999905
Pmix_batch,more_shaped_0.15,IL,global,13.098642319957026,167.49902647832445,126.01491540042984,38.1841110778946,3.2999999999999914
Pmix_batch,more_shaped_0.15,IN,national,26.3936557836885,109.34712819961372,65.94152655837077,40.10560164124295,3.3000000000000047
Pmix_batch,more_shaped_0.15,IN,global,12.056415813466465,100.09104284707685,66.28220790854046,30.508834938536403,3.3000000000000025
Pmix_batch,more_shaped_0.15,IR,national,39.55933530571311,142.46872310372046,64.99699112466435,74.17173197905613,3.2999999999999927
Pmix_batch,more_shaped_0.15,IR,global,17.586347163613667,123.03251981912223,65.13770727998146,54.59481253914077,3.2999999999999927
Pmix_batch,more_shaped_0.15,IT,national,42.582472364047156,155.67715710120586,99.27138959656675,53.10576750463913,3.300000000000008
Pmix_batch,more_shaped_0.15,IT,global,15.064980936720671,138.92625792230302,97.81597673904498,37.810281183258056,3.300000000000008
Pmix_batch,more_shaped_0.15,JM,national,44.68267761952389,141.60510785687066,88.02340602347297,50.281701833397676,3.300000000000007
Pmix_batch,more_shaped_0.15,JM,global,13.55419073670802,121.9524745691981,83.24696018734898,35.40551438184913,3.300000000000006
Pmix_batch,more_shaped_0.15,JO,national,27.335535205971002,113.18767679212719,64.93352014168286,44.95415665044434,3.300000000000001
Pmix_batch,more_shaped_0.15,JO,global,12.376859746330455,101.17994011782753,64.82789660014922,33.05204351767832,3.3000000000000007
Pmix_batch,more_shaped_0.15,JP,national,40.37573878215694,142.94120157827766,89.12704250842111,50.514159069856554,3.2999999999999945
Pmix_batch,more_shaped_0.15,JP,global,14.026968330705387,128.04812736397648,89.05228242906547,35.695844934911015,3.2999999999999945
Pmix_batch,more_shaped_0.15,KE,national,35.17271004314409,103.81475031828967,46.99800454850108,53.516745769788606,3.2999999999999794
Pmix_batch,more_shaped_0.15,KE,global,14.464194537190744,91.24208077621331,48.24927351910547,39.69280725710785,3.2999999999999794
Pmix_batch,more_shaped_0.15,KH,national,35.0801785713136,169.23992562644773,119.56255322745794,46.37737239898977,3.300000000000001
Pmix_batch,more_shaped_0.15,KH,global,14.636423699484455,152.2206425064645,116.80089338225356,32.11974912421095,3.300000000000001
Pmix_batch,more_shaped_0.15,KR,national,42.56617640992868,163.61897374828123,109.99482833133433,50.3241454169469,3.3
Pmix_batch,more_shaped_0.15,KR,global,13.637138114081498,147.4548101270266,107.85326261687301,36.30154751015361,3.300000000000001
Pmix_batch,more_shaped_0.15,KW,national,31.859964816579783,102.35832910812118,50.56646513150056,48.49186397662063,3.3000000000000047
Pmix_batch,more_shaped_0.15,KW,global,13.937657980069517,90.14820989820046,51.08263449367017,35.765575404530296,3.300000000000004
Pmix_batch,more_shaped_0.15,KZ,national,42.760034998868676,144.68950385194267,86.62031401418922,54.76918983775342,3.300000000000015
Pmix_batch,more_shaped_0.15,KZ,global,15.134638836253123,130.53328220608813,85.88800446131692,41.34527774477117,3.3000000000000145
Pmix_batch,more_shaped_0.15,LC,national,24.99988562457344,83.86356112653007,39.2773771462218,41.28618398030828,3.300000000000002
Pmix_batch,more_shaped_0.15,LC,global,12.046338757017297,75.81833777004903,40.27244791675633,32.245889853292695,3.300000000000002
Pmix_batch,more_shaped_0.15,LK,national,29.89509142103429,99.09130263049308,48.9104482713958,46.88085435909726,3.3000000000000234
Pmix_batch,more_shaped_0.15,LK,global,14.099152559777044,88.98234936861012,49.90774507835861,35.774604290251496,3.3000000000000207
Pmix_batch,more_shaped_0.15,LY,national,25.838393219087774,90.83306783335323,47.49825010231333,40.03481773103989,3.2999999999999967
Pmix_batch,more_shaped_0.15,LY,global,11.329226137976217,79.80996934693526,47.92427221500179,28.58569713193347,3.299999999999998
Pmix_batch,more_shaped_0.15,MA,national,36.41806499118758,116.65726343922783,61.41558025223415,51.941683186993686,3.299999999999996
Pmix_batch,more_shaped_0.15,MA,global,15.533869674231221,104.5437987418108,61.58643870192181,39.657360039888985,3.299999999999996
Pmix_batch,more_shaped_0.15,MG,national,37.23668939602665,183.66545157844592,135.561595509301,44.80385606914494,3.300000000000014
Pmix_batch,more_shaped_0.15,MG,global,12.671531257480956,162.57709267722726,127.1783326855336,32.098759991693655,3.300000000000012
Pmix_batch,more_shaped_0.15,MM,national,35.418261250747754,155.98822525337553,103.07605645297943,49.61216880039611,3.300000000000004
Pmix_batch,more_shaped_0.15,MM,global,15.191233890824519,141.8929525548295,101.6089610584576,36.983991496371914,3.3000000000000025
Pmix_batch,more_shaped_0.15,MN,national,29.828460125665686,110.0180517427961,59.08682621102463,47.631225531771484,3.2999999999999927
Pmix_batch,more_shaped_0.15,MN,global,13.644774744417928,97.98716401842876,59.75628839086042,34.93087562756835,3.299999999999993
Pmix_batch,more_shaped_0.15,MR,national,27.24602575834549,96.76992968398275,47.161685998176125,46.3082436858066,3.3000000000000154
Pmix_batch,more_shaped_0.15,MR,global,13.535769674667012,88.81183076938383,47.7367481608607,37.7750826085231,3.300000000000014
Pmix_batch,more_shaped_0.15,MU,national,30.104519822980397,105.63252820514741,54.200737278508505,48.1317909266389,3.299999999999993
Pmix_batch,more_shaped_0.15,MU,global,13.51203119329625,94.28238828234731,55.064498655340756,35.917889627006566,3.299999999999993
Pmix_batch,more_shaped_0.15,MX,national,28.098299505343615,90.92049797050676,39.512423740337844,48.10807423016889,3.300000000000017
Pmix_batch,more_shaped_0.15,MX,global,12.517533616959826,80.29927054940316,40.880243957477774,36.11902659192537,3.300000000000016
Pmix_batch,more_shaped_0.15,MY,national,37.27522943991463,245.84221308975404,192.00466864949706,50.53754444025699,3.3000000000000087
Pmix_batch,more_shaped_0.15,MY,global,14.828791147647157,220.3335363549622,180.53916898053689,36.494367374425345,3.30000000000001
Pmix_batch,more_shaped_0.15,NE,national,40.392320513141534,124.56861923174591,67.2045544177503,54.0640648139956,3.300000000000004
Pmix_batch,more_shaped_0.15,NE,global,15.853846024437082,111.93303219609548,66.96422783467303,41.66880436142246,3.3000000000000034
Pmix_batch,more_shaped_0.15,NG,national,28.473650680991557,225.29755959815805,179.87130124538675,42.1262583527713,3.300000000000007
Pmix_batch,more_shaped_0.15,NG,global,13.372485943151116,210.3154714707418,175.4032364656685,31.612235005073305,3.3000000000000065
Pmix_batch,more_shaped_0.15,NI,national,32.79187423386259,113.73422276755295,58.97114500142415,51.46307776612882,3.2999999999999865
Pmix_batch,more_shaped_0.15,NI,global,15.257389100713608,100.4524683128308,59.07717505893475,38.075293253896064,3.2999999999999874
Pmix_batch,more_shaped_0.15,NL,national,23.60544654212155,89.28506895872383,44.771480951919465,41.21358800680431,3.3000000000000593
Pmix_batch,more_shaped_0.15,NL,global,10.866802811127965,81.67458655583481,46.30321258515939,32.07137397067536,3.3000000000000584
Pmix_batch,more_shaped_0.15,NO,national,35.13319192589685,138.11304648033445,81.32086610121316,53.49218037912125,3.300000000000032
Pmix_batch,more_shaped_0.15,NO,global,16.62871048214882,127.35698426856699,82.02554690619776,42.0314373623692,3.300000000000031
Pmix_batch,more_shaped_0.15,NP,national,49.579936490859865,481.2956158020274,423.99885360742695,53.996762194600414,3.3000000000000025
Pmix_batch,more_shaped_0.15,NP,global,13.970360191469181,364.4074128075512,321.90049436483577,39.20691844271546,3.3000000000000034
Pmix_batch,more_shaped_0.15,NZ,national,30.15393084764147,109.64818339263682,58.85598260495207,47.492200787684766,3.2999999999999834
Pmix_batch,more_shaped_0.15,NZ,global,13.39440981267306,98.50189711549632,59.6879730598307,35.51392405566563,3.2999999999999847
Pmix_batch,more_shaped_0.15,OM,national,26.759894082976025,98.52778532445535,52.292389687226084,42.93539563722925,3.3000000000000105
Pmix_batch,more_shaped_0.15,OM,global,11.930528860101115,87.7501214149249,52.678026776615376,31.77209463830951,3.3000000000000105
Pmix_batch,more_shaped_0.15,PA,national,42.524875982718605,174.88685162498552,123.86107322853991,47.72577839644565,3.2999999999999927
Pmix_batch,more_shaped_0.15,PA,global,14.43848333587636,156.22984974507023,114.86825530821811,38.061594436852104,3.2999999999999927
Pmix_batch,more_shaped_0.15,PE,national,24.38537413672331,89.61484819320405,44.638746106530476,41.67610208667359,3.2999999999999927
Pmix_batch,more_shaped_0.15,PE,global,11.726492880386651,78.90627088229408,45.01475025584319,30.591520626450883,3.2999999999999927
Pmix_batch,more_shaped_0.15,PH,national,30.480391535367772,98.94006193251619,45.364537437639385,50.27552449487684,3.2999999999999727
Pmix_batch,more_shaped_0.15,PH,global,12.41520234819142,83.57162453539506,45.814844975468944,34.45677955992615,3.2999999999999723
Pmix_batch,more_shaped_0.15,PK,national,28.58544851276759,107.12188171488292,57.02985121771021,46.7920304971727,3.299999999999999
Pmix_batch,more_shaped_0.15,PK,global,12.71824333712128,96.0255757631543,57.953999160109014,34.77157660304529,3.300000000000001
Pmix_batch,more_shaped_0.15,PL,national,31.590226143858008,127.41713890935478,71.54948801245216,52.567650896902634,3.2999999999999914
Pmix_batch,more_shaped_0.15,PL,global,13.80987273012326,118.1542171513442,72.78698557511936,42.067231576224835,3.2999999999999914
Pmix_batch,more_shaped_0.15,PS,national,42.35400077990381,276.1824577781436,221.92770460013037,50.954753178013235,3.299999999999989
Pmix_batch,more_shaped_0.15,PS,global,14.61853171344879,242.8045306894334,203.69421499892832,35.81031569050508,3.299999999999989
Pmix_batch,more_shaped_0.15,PT,national,39.1098460848994,144.61034653991382,89.59965591681076,51.710690623103055,3.2999999999999963
Pmix_batch,more_shaped_0.15,PT,global,16.014041524409993,130.00143073878309,88.62843067540956,38.07300006337353,3.299999999999998
Pmix_batch,more_shaped_0.15,PY,national,32.95979834809661,135.04265065986556,86.49925685938928,45.243393800476284,3.2999999999999945
Pmix_batch,more_shaped_0.15,PY,global,15.346153120211383,124.86092396514455,85.62473280525504,35.93619115988952,3.2999999999999945
Pmix_batch,more_shaped_0.15,RO,national,33.45677416579092,130.44328704285252,76.02538405322913,51.11790298962339,3.2999999999999945
Pmix_batch,more_shaped_0.15,RO,global,14.176516458696659,123.40701961858859,76.65367215804102,43.45334746054756,3.299999999999996
Pmix_batch,more_shaped_0.15,RU,national,34.352506145525616,132.34366926730434,74.45134395718758,54.59232531011677,3.2999999999999967
Pmix_batch,more_shaped_0.15,RU,global,15.176250413920947,121.01465987132543,75.2956205300175,42.41903934130793,3.2999999999999967
Pmix_batch,more_shaped_0.15,RW,national,36.75528042294465,243.00180332163205,192.65878438928826,47.043018932343806,3.299999999999982
Pmix_batch,more_shaped_0.15,RW,global,13.525618357296928,217.93025744321676,181.31455491070042,33.31570253251638,3.2999999999999825
Pmix_batch,more_shaped_0.15,SA,national,28.05045864900245,102.68152514299398,53.18774950220031,46.193775640793696,3.299999999999983
Pmix_batch,more_shaped_0.15,SA,global,13.26912971080176,90.25418888059862,53.358662730590936,33.5955261500077,3.2999999999999825
Pmix_batch,more_shaped_0.15,SE,national,35.102653795217506,164.2205873459989,88.88352724814278,72.03706009785611,3.2999999999999914
Pmix_batch,more_shaped_0.15,SE,global,16.145814192125428,144.99670006592956,89.94575099559697,51.75094907033259,3.2999999999999914
Pmix_batch,more_shaped_0.15,SK,national,40.44379938188138,173.4037495198354,110.80929161701859,59.294457902816795,3.299999999999996
Pmix_batch,more_shaped_0.15,SK,global,15.94911207456356,154.19514167531952,109.87884674429743,41.016294931022074,3.2999999999999967
Pmix_batch,more_shaped_0.15,SN,national,28.281667927987442,119.40134445223282,70.26490782201073,45.836436630222096,3.2999999999999927
Pmix_batch,more_shaped_0.15,SN,global,13.941484141345855,110.00276461550455,70.05805267886522,36.644711936639325,3.2999999999999927
Pmix_batch,more_shaped_0.15,SR,national,28.73185585941863,222.85596048311982,176.01453084635256,43.5414296367673,3.2999999999999803
Pmix_batch,more_shaped_0.15,SR,global,14.84591177856245,213.26216583106228,174.22132267919838,35.740843151863906,3.2999999999999807
Pmix_batch,more_shaped_0.15,SV,national,44.385098557726074,139.26262412850207,87.06779705577934,48.89482707272273,3.2999999999999963
Pmix_batch,more_shaped_0.15,SV,global,14.757814429601728,123.70477185632673,84.62676476180795,35.77800709451877,3.299999999999996
Pmix_batch,more_shaped_0.15,TH,national,35.85825170968721,126.57936314775777,75.09843343717908,48.18092971057871,3.3000000000000065
Pmix_batch,more_shaped_0.15,TH,global,14.12206947649295,112.93123686346915,74.78277112677995,34.84846573668921,3.3000000000000047
Pmix_batch,more_shaped_0.15,TN,national,30.565965677355404,102.07016528846565,50.81926411630354,47.950901172162155,3.299999999999948
Pmix_batch,more_shaped_0.15,TN,global,13.826309204521575,91.26266286376983,51.784203524493435,36.17845933927644,3.299999999999951
Pmix_batch,more_shaped_0.15,TR,national,37.36563557971762,122.88973005245589,66.82159448093454,52.768135571521334,3.3000000000000074
Pmix_batch,more_shaped_0.15,TR,global,14.611883469652614,109.79875233706906,66.94417493121513,39.55457740585393,3.3000000000000065
Pmix_batch,more_shaped_0.15,TW,national,49.35868136447541,314.98722827936393,262.0236901081635,49.66353817120043,3.299999999999998
Pmix_batch,more_shaped_0.15,TW,global,13.398249228144115,248.33109428990358,208.9049865627474,36.12610772715613,3.3000000000000007
Pmix_batch,more_shaped_0.15,UA,national,36.407478282783494,133.97988410214674,78.08429069819456,52.59559340395218,3.300000000000004
Pmix_batch,more_shaped_0.15,UA,global,14.341184598284922,122.61777731971635,78.46653465135591,40.851242668360435,3.300000000000004
Pmix_batch,more_shaped_0.15,UG,national,38.22032013412846,198.0220758400027,146.56435634396183,48.1577194960409,3.29999999999998
Pmix_batch,more_shaped_0.15,UG,global,13.971629696064007,174.7801398541062,135.40885399883862,36.071285855267604,3.2999999999999834
Pmix_batch,more_shaped_0.15,US,national,17.903476601028608,86.09320581518581,56.30719376958483,26.48601204560097,3.300000000000009
Pmix_batch,more_shaped_0.15,US,global,7.849856310670797,79.44175417257124,56.80510502752418,19.336649145047048,3.30000000000001
Pmix_batch,more_shaped_0.15,UY,national,28.871100047691584,110.21224349358627,62.29635635511044,44.61588713847584,3.300000000000005
Pmix_batch,more_shaped_0.15,UY,global,14.390111359814908,101.9477800103078,62.639908890010865,36.00787112029692,3.300000000000005
Pmix_batch,more_shaped_0.15,UZ,national,39.90127243914357,155.14064941186248,95.65460155786877,56.18604785399368,3.300000000000018
Pmix_batch,more_shaped_0.15,UZ,global,15.4632593617647,137.87252843521955,94.1301282957933,40.44240013942623,3.300000000000017
Pmix_batch,more_shaped_0.15,VN,national,35.130287745136876,124.14954009726135,72.4583608153049,48.391179281956425,3.3000000000000123
Pmix_batch,more_shaped_0.15,VN,global,13.538798060609103,110.84683543360536,72.0686197410328,35.47821569257253,3.300000000000012
Pmix_batch,more_shaped_0.15,ZA,national,23.80628747031025,104.43754341891396,65.25153131977453,35.88601209913943,3.2999999999999985
Pmix_batch,more_shaped_0.15,ZA,global,10.690351428862424,94.96635875257763,65.09636825551938,26.569990497058246,3.299999999999998
Pmix_batch,more_shaped_0.15,ZM,national,32.74226633489194,114.60530416937237,65.66049314969955,45.644811019672815,3.299999999999999
Pmix_batch,more_shaped_0.15,ZM,global,12.788875186505141,102.48894439045316,65.49270787024416,33.69623652020899,3.2999999999999985
