year,storage_scenario,country,country_bill_musd,tech
2025,Conservative,AE,513.1568817496343,LDES
2025,Conservative,AF,564.5838109129248,LDES
2025,Conservative,AR,547.0585851742389,LDES
2025,Conservative,AT,548.8523103780833,LDES
2025,Conservative,AU,413.65804363700204,LDES
2025,Conservative,BD,550.5923396800779,LDES
2025,Conservative,BE,470.14981855310197,LDES
2025,Conservative,BF,581.5920277706764,LDES
2025,Conservative,BG,537.8441984139865,LDES
2025,Conservative,BH,570.2116510587132,LDES
2025,Conservative,BI,534.3970196153587,LDES
2025,Conservative,BO,525.0225520719488,LDES
2025,Conservative,BR,386.1795549391684,LDES
2025,Conservative,BY,586.3217851444239,LDES
2025,Conservative,CA,537.8007933506312,LDES
2025,Conservative,CH,900.2343570615034,LDES
2025,Conservative,CL,491.6158808060104,LDES
2025,Conservative,CN,341.93877630432115,LDES
2025,Conservative,CO,491.12559231255267,LDES
2025,Conservative,CR,534.097633331647,LDES
2025,Conservative,CU,481.72679709610753,LDES
2025,Conservative,CV,645.1280328079052,LDES
2025,Conservative,CZ,882.032473069003,LDES
2025,Conservative,DE,538.5394800183451,LDES
2025,Conservative,DK,606.6081658092228,LDES
2025,Conservative,DO,474.1788129667195,LDES
2025,Conservative,DZ,582.2668849674235,LDES
2025,Conservative,EC,539.6309418757022,LDES
2025,Conservative,EE,770.0093886989489,LDES
2025,Conservative,EG,495.15707199323026,LDES
2025,Conservative,ES,434.5018666265775,LDES
2025,Conservative,ET,597.9726446010501,LDES
2025,Conservative,FI,1112.8256991317398,LDES
2025,Conservative,FJ,520.1047235471212,LDES
2025,Conservative,FR,412.0988350275395,LDES
2025,Conservative,GB,645.4251998454582,LDES
2025,Conservative,GF,572.509915453775,LDES
2025,Conservative,GH,516.3306908848546,LDES
2025,Conservative,GR,544.3139211282473,LDES
2025,Conservative,GT,483.7504368109847,LDES
2025,Conservative,HN,500.6905199025328,LDES
2025,Conservative,HU,975.4793852887306,LDES
2025,Conservative,ID,513.1424366578738,LDES
2025,Conservative,IE,759.5122406778859,LDES
2025,Conservative,IL,544.4158108595262,LDES
2025,Conservative,IN,427.68815674980056,LDES
2025,Conservative,IR,1149.0209380635672,LDES
2025,Conservative,IT,543.009235903643,LDES
2025,Conservative,JM,518.8301210879168,LDES
2025,Conservative,JO,527.9328028314842,LDES
2025,Conservative,JP,533.2087151573324,LDES
2025,Conservative,KE,552.1446654518857,LDES
2025,Conservative,KH,512.6057868365789,LDES
2025,Conservative,KR,536.9457872069873,LDES
2025,Conservative,KW,499.6837254630301,LDES
2025,Conservative,KZ,657.1836589445741,LDES
2025,Conservative,LC,505.19307144762655,LDES
2025,Conservative,LK,467.5549418687043,LDES
2025,Conservative,LY,426.02232686985377,LDES
2025,Conservative,MA,1337.3253034767022,LDES
2025,Conservative,MG,496.564617479368,LDES
2025,Conservative,MM,605.7926772460978,LDES
2025,Conservative,MN,615.0383733206843,LDES
2025,Conservative,MR,500.0408619536253,LDES
2025,Conservative,MU,487.14438630298247,LDES
2025,Conservative,MX,462.49022001909475,LDES
2025,Conservative,MY,617.5181074925595,LDES
2025,Conservative,NE,671.8090889446019,LDES
2025,Conservative,NG,535.1622583267687,LDES
2025,Conservative,NI,604.2035788062839,LDES
2025,Conservative,NL,636.2582738476445,LDES
2025,Conservative,NO,1122.4596180620106,LDES
2025,Conservative,NP,575.5560979304745,LDES
2025,Conservative,NZ,762.7397738652129,LDES
2025,Conservative,OM,526.8555790101526,LDES
2025,Conservative,PA,497.5784915397825,LDES
2025,Conservative,PE,396.0613026098162,LDES
2025,Conservative,PH,483.2718076287417,LDES
2025,Conservative,PK,470.4899157438502,LDES
2025,Conservative,PL,686.7691506690187,LDES
2025,Conservative,PS,573.8754835686792,LDES
2025,Conservative,PT,515.4646021745818,LDES
2025,Conservative,PY,449.8495002834737,LDES
2025,Conservative,RO,614.0380301949114,LDES
2025,Conservative,RU,657.2153110798901,LDES
2025,Conservative,RW,519.2456524019705,LDES
2025,Conservative,SA,531.9053384246617,LDES
2025,Conservative,SE,1072.8355584185024,LDES
2025,Conservative,SK,1031.2397611758108,LDES
2025,Conservative,SN,515.6082122630938,LDES
2025,Conservative,SR,601.9949094246721,LDES
2025,Conservative,SV,477.9735248152091,LDES
2025,Conservative,TH,483.37748198552714,LDES
2025,Conservative,TN,500.6267568622739,LDES
2025,Conservative,TR,538.0584173100899,LDES
2025,Conservative,TW,520.8345903901901,LDES
2025,Conservative,UA,786.9512884902933,LDES
2025,Conservative,UG,567.9431470264255,LDES
2025,Conservative,US,274.2383108185379,LDES
2025,Conservative,UY,700.9884368847387,LDES
2025,Conservative,UZ,591.094429237474,LDES
2025,Conservative,VN,500.68172323907817,LDES
2025,Conservative,ZA,405.2589603277652,LDES
2025,Conservative,ZM,518.7716067619574,LDES
2025,Central,AE,419.3074961462519,LDES
2025,Central,AF,465.93479436513115,LDES
2025,Central,AR,432.7808276328462,LDES
2025,Central,AT,439.74486500791454,LDES
2025,Central,AU,339.0414285359166,LDES
2025,Central,BD,448.262652089941,LDES
2025,Central,BE,378.2183684568792,LDES
2025,Central,BF,476.11315244221754,LDES
2025,Central,BG,433.49795167063195,LDES
2025,Central,BH,461.14841284014227,LDES
2025,Central,BI,432.95676356717917,LDES
2025,Central,BO,427.81557439440104,LDES
2025,Central,BR,316.77508970409485,LDES
2025,Central,BY,473.59597659450355,LDES
2025,Central,CA,408.15215376632756,LDES
2025,Central,CH,679.8318247332909,LDES
2025,Central,CL,402.4946014124836,LDES
2025,Central,CN,274.5803016416108,LDES
2025,Central,CO,405.4034119058521,LDES
2025,Central,CR,429.57614034309955,LDES
2025,Central,CU,387.789428224596,LDES
2025,Central,CV,497.4238421206708,LDES
2025,Central,CZ,670.5335528468547,LDES
2025,Central,DE,420.6452315609563,LDES
2025,Central,DK,466.63136497881345,LDES
2025,Central,DO,388.33377278504787,LDES
2025,Central,DZ,476.16412649901883,LDES
2025,Central,EC,445.50882609583823,LDES
2025,Central,EE,583.5057168603764,LDES
2025,Central,EG,400.21324582577313,LDES
2025,Central,ES,352.9621076106075,LDES
2025,Central,ET,482.3373160799625,LDES
2025,Central,FI,816.2350488199733,LDES
2025,Central,FJ,414.6732847837559,LDES
2025,Central,FR,335.3023477954822,LDES
2025,Central,GB,489.4655988150725,LDES
2025,Central,GF,465.49965630080914,LDES
2025,Central,GH,424.4360059413408,LDES
2025,Central,GR,443.18361160150715,LDES
2025,Central,GT,397.5871612031778,LDES
2025,Central,HN,409.7193818810438,LDES
2025,Central,HU,734.7821787163174,LDES
2025,Central,ID,417.62616756218983,LDES
2025,Central,IE,585.9740631319655,LDES
2025,Central,IL,442.801652954925,LDES
2025,Central,IN,350.65429850085525,LDES
2025,Central,IR,882.6704548780071,LDES
2025,Central,IT,441.2279048978232,LDES
2025,Central,JM,421.6111469317977,LDES
2025,Central,JO,427.99288733953097,LDES
2025,Central,JP,434.9264721400455,LDES
2025,Central,KE,450.7629927523729,LDES
2025,Central,KH,413.6833745002481,LDES
2025,Central,KR,434.3093104916298,LDES
2025,Central,KW,404.6245050881785,LDES
2025,Central,KZ,520.8466933653858,LDES
2025,Central,LC,415.72303774782995,LDES
2025,Central,LK,383.01460772732537,LDES
2025,Central,LY,346.7457948716126,LDES
2025,Central,MA,971.0618467169525,LDES
2025,Central,MG,406.40341005400614,LDES
2025,Central,MM,497.6238180594634,LDES
2025,Central,MN,480.8814211285584,LDES
2025,Central,MR,405.3415933248979,LDES
2025,Central,MU,400.62949658823624,LDES
2025,Central,MX,377.68632356015354,LDES
2025,Central,MY,503.38089013130633,LDES
2025,Central,NE,544.9221281138836,LDES
2025,Central,NG,440.50713907720586,LDES
2025,Central,NI,478.41018588106976,LDES
2025,Central,NL,488.3255392275115,LDES
2025,Central,NO,823.506229591638,LDES
2025,Central,NP,471.96175021658144,LDES
2025,Central,NZ,576.0406678430148,LDES
2025,Central,OM,432.78653336517306,LDES
2025,Central,PA,404.7476245576295,LDES
2025,Central,PE,322.8073624825647,LDES
2025,Central,PH,395.41320658271565,LDES
2025,Central,PK,381.2983685351775,LDES
2025,Central,PL,530.6902030531588,LDES
2025,Central,PS,466.83290632648016,LDES
2025,Central,PT,421.3697512751616,LDES
2025,Central,PY,368.3107535889856,LDES
2025,Central,RO,483.1360289722234,LDES
2025,Central,RU,523.2593588183009,LDES
2025,Central,RW,427.1972283872629,LDES
2025,Central,SA,429.2886389481575,LDES
2025,Central,SE,790.3691139184332,LDES
2025,Central,SK,775.1108256207659,LDES
2025,Central,SN,419.78534422360156,LDES
2025,Central,SR,493.1247196433742,LDES
2025,Central,SV,395.0554508752095,LDES
2025,Central,TH,396.31187141739866,LDES
2025,Central,TN,410.6438275014504,LDES
2025,Central,TR,439.15718132974746,LDES
2025,Central,TW,424.58876398772736,LDES
2025,Central,UA,612.2431920477563,LDES
2025,Central,UG,470.64817992039053,LDES
2025,Central,US,223.03407825865256,LDES
2025,Central,UY,531.719806314759,LDES
2025,Central,UZ,480.38159629048954,LDES
2025,Central,VN,408.7390801402451,LDES
2025,Central,ZA,335.2375626672019,LDES
2025,Central,ZM,427.5252081969901,LDES
2025,Optimistic,AE,372.38280334456067,LDES
2025,Optimistic,AF,416.6102860912344,LDES
2025,Optimistic,AR,375.64194886214995,LDES
2025,Optimistic,AT,385.1911423228302,LDES
2025,Optimistic,AU,301.73312098537406,LDES
2025,Optimistic,BD,397.09780829487266,LDES
2025,Optimistic,BE,332.25264340876794,LDES
2025,Optimistic,BF,423.37371477798814,LDES
2025,Optimistic,BG,381.3248282989547,LDES
2025,Optimistic,BH,406.6167937308568,LDES
2025,Optimistic,BI,382.23663554308945,LDES
2025,Optimistic,BO,379.21208555562714,LDES
2025,Optimistic,BR,282.07285708655803,LDES
2025,Optimistic,BY,417.2330723195433,LDES
2025,Optimistic,CA,343.32783397417575,LDES
2025,Optimistic,CH,569.6305585691846,LDES
2025,Optimistic,CL,357.9339617157202,LDES
2025,Optimistic,CN,240.90106431025563,LDES
2025,Optimistic,CO,362.54232170250185,LDES
2025,Optimistic,CR,377.3153938488258,LDES
2025,Optimistic,CU,340.8207437888402,LDES
2025,Optimistic,CV,423.5717467770536,LDES
2025,Optimistic,CZ,564.7840927357807,LDES
2025,Optimistic,DE,361.6981073322618,LDES
2025,Optimistic,DK,396.6429645636087,LDES
2025,Optimistic,DO,345.4112526942121,LDES
2025,Optimistic,DZ,423.1127472648166,LDES
2025,Optimistic,EC,398.44776820590613,LDES
2025,Optimistic,EE,490.2538809410903,LDES
2025,Optimistic,EG,352.74133274204445,LDES
2025,Optimistic,ES,312.19222810262255,LDES
2025,Optimistic,ET,424.51965181941875,LDES
2025,Optimistic,FI,667.9397236640901,LDES
2025,Optimistic,FJ,361.9575654020731,LDES
2025,Optimistic,FR,296.9041041794536,LDES
2025,Optimistic,GB,411.4857982998795,LDES
2025,Optimistic,GF,411.99452672432625,LDES
2025,Optimistic,GH,378.488663469584,LDES
2025,Optimistic,GR,392.61845683813704,LDES
2025,Optimistic,GT,354.50552339927435,LDES
2025,Optimistic,HN,364.23381287029923,LDES
2025,Optimistic,HU,614.4335754301105,LDES
2025,Optimistic,ID,369.86803301434776,LDES
2025,Optimistic,IE,499.2049743590056,LDES
2025,Optimistic,IL,391.99457400262446,LDES
2025,Optimistic,IN,312.1373693763827,LDES
2025,Optimistic,IR,749.4952132852271,LDES
2025,Optimistic,IT,390.3372393949133,LDES
2025,Optimistic,JM,373.00165985373803,LDES
2025,Optimistic,JO,378.0229295935543,LDES
2025,Optimistic,JP,385.7853506314021,LDES
2025,Optimistic,KE,400.07215640261654,LDES
2025,Optimistic,KH,364.2221683320827,LDES
2025,Optimistic,KR,382.99107213395104,LDES
2025,Optimistic,KW,357.09489490075265,LDES
2025,Optimistic,KZ,452.6782105757915,LDES
2025,Optimistic,LC,370.9880208979317,LDES
2025,Optimistic,LK,340.74444065663585,LDES
2025,Optimistic,LY,307.1075288724921,LDES
2025,Optimistic,MA,787.9301183370775,LDES
2025,Optimistic,MG,361.32280634132525,LDES
2025,Optimistic,MM,443.53938846614614,LDES
2025,Optimistic,MN,413.8029450324955,LDES
2025,Optimistic,MR,357.9919590105342,LDES
2025,Optimistic,MU,357.3720517308631,LDES
2025,Optimistic,MX,335.2843753306829,LDES
2025,Optimistic,MY,446.31228145067985,LDES
2025,Optimistic,NE,481.4786476985243,LDES
2025,Optimistic,NG,393.1795794524243,LDES
2025,Optimistic,NI,415.5134894184627,LDES
2025,Optimistic,NL,414.35917191744494,LDES
2025,Optimistic,NO,674.0295353564518,LDES
2025,Optimistic,NP,420.16457635963485,LDES
2025,Optimistic,NZ,482.6911148319159,LDES
2025,Optimistic,OM,385.75201054268325,LDES
2025,Optimistic,PA,358.3321910665529,LDES
2025,Optimistic,PE,286.180392418939,LDES
2025,Optimistic,PH,351.48390605970263,LDES
2025,Optimistic,PK,336.7025949308411,LDES
2025,Optimistic,PL,452.6507292452288,LDES
2025,Optimistic,PS,413.3116177053806,LDES
2025,Optimistic,PT,374.3223258254515,LDES
2025,Optimistic,PY,327.5413802417416,LDES
2025,Optimistic,RO,417.6850283608795,LDES
2025,Optimistic,RU,456.28138268750644,LDES
2025,Optimistic,RW,381.17301637990903,LDES
2025,Optimistic,SA,377.9802892099053,LDES
2025,Optimistic,SE,649.1358916683985,LDES
2025,Optimistic,SK,647.0463578432435,LDES
2025,Optimistic,SN,371.87391020385536,LDES
2025,Optimistic,SR,438.6896247527253,LDES
2025,Optimistic,SV,353.5964139052097,LDES
2025,Optimistic,TH,352.7790661333344,LDES
2025,Optimistic,TN,365.6523628210385,LDES
2025,Optimistic,TR,389.70656333957623,LDES
2025,Optimistic,TW,376.4658507864957,LDES
2025,Optimistic,UA,524.8891438264877,LDES
2025,Optimistic,UG,422.00069636737317,LDES
2025,Optimistic,US,197.43196197870995,LDES
2025,Optimistic,UY,447.0854910297692,LDES
2025,Optimistic,UZ,425.0251798169974,LDES
2025,Optimistic,VN,362.7677585908284,LDES
2025,Optimistic,ZA,300.2268638369203,LDES
2025,Optimistic,ZM,381.9020089145065,LDES
2026,Conservative,AE,666.5312030339068,LDES
2026,Conservative,AF,729.1279132214275,LDES
2026,Conservative,AR,707.1349710786155,LDES
2026,Conservative,AT,715.7622438313554,LDES
2026,Conservative,AU,539.7072113089415,LDES
2026,Conservative,BD,709.2776377290849,LDES
2026,Conservative,BE,612.7041142161656,LDES
2026,Conservative,BF,748.7489863390037,LDES
2026,Conservative,BG,692.2054493570903,LDES
2026,Conservative,BH,733.8849201798458,LDES
2026,Conservative,BI,691.5467339544203,LDES
2026,Conservative,BO,680.1313089977846,LDES
2026,Conservative,BR,503.45164224334894,LDES
2026,Conservative,BY,771.4628165458504,LDES
2026,Conservative,CA,687.9518914989044,LDES
2026,Conservative,CH,1162.4523041966363,LDES
2026,Conservative,CL,639.9721660398968,LDES
2026,Conservative,CN,441.67389849568247,LDES
2026,Conservative,CO,640.6286343226718,LDES
2026,Conservative,CR,703.5155598697502,LDES
2026,Conservative,CU,624.4446412770241,LDES
2026,Conservative,CV,826.5871369048558,LDES
2026,Conservative,CZ,1135.27571617395,LDES
2026,Conservative,DE,679.6183213757163,LDES
2026,Conservative,DK,783.2038562518117,LDES
2026,Conservative,DO,619.8650472525342,LDES
2026,Conservative,DZ,750.0322864772079,LDES
2026,Conservative,EC,700.2996954373972,LDES
2026,Conservative,EE,990.8506648947078,LDES
2026,Conservative,EG,640.4114181138154,LDES
2026,Conservative,ES,564.008651688536,LDES
2026,Conservative,ET,769.8025030532868,LDES
2026,Conservative,FI,1431.2328380553315,LDES
2026,Conservative,FJ,664.3320608337355,LDES
2026,Conservative,FR,537.3895550249317,LDES
2026,Conservative,GB,800.1623727847527,LDES
2026,Conservative,GF,739.012060624944,LDES
2026,Conservative,GH,672.2349268781633,LDES
2026,Conservative,GR,705.403460170204,LDES
2026,Conservative,GT,633.068399376806,LDES
2026,Conservative,HN,652.3148665640983,LDES
2026,Conservative,HU,1250.270875224757,LDES
2026,Conservative,ID,662.6785108608091,LDES
2026,Conservative,IE,988.9040311845101,LDES
2026,Conservative,IL,708.1860474510992,LDES
2026,Conservative,IN,558.3486234283564,LDES
2026,Conservative,IR,1355.6016098071436,LDES
2026,Conservative,IT,705.5438702642098,LDES
2026,Conservative,JM,671.7807867362667,LDES
2026,Conservative,JO,678.0210773402656,LDES
2026,Conservative,JP,690.3909081996752,LDES
2026,Conservative,KE,714.3708014630796,LDES
2026,Conservative,KH,667.0434265158071,LDES
2026,Conservative,KR,694.9970926441708,LDES
2026,Conservative,KW,648.1734874179541,LDES
2026,Conservative,KZ,838.9359663957198,LDES
2026,Conservative,LC,658.2805002248691,LDES
2026,Conservative,LK,612.7151199643522,LDES
2026,Conservative,LY,550.4254140711035,LDES
2026,Conservative,MA,1725.5276052920829,LDES
2026,Conservative,MG,649.244501179557,LDES
2026,Conservative,MM,780.7267416504347,LDES
2026,Conservative,MN,794.923601768893,LDES
2026,Conservative,MR,643.905306146318,LDES
2026,Conservative,MU,632.6951764354359,LDES
2026,Conservative,MX,605.67430389661,LDES
2026,Conservative,MY,791.9426916880094,LDES
2026,Conservative,NE,854.7193030268176,LDES
2026,Conservative,NG,695.8861015190197,LDES
2026,Conservative,NI,819.1205727494786,LDES
2026,Conservative,NL,866.4549239305679,LDES
2026,Conservative,NO,1436.9752580754862,LDES
2026,Conservative,NP,742.864662855628,LDES
2026,Conservative,NZ,984.3616374817619,LDES
2026,Conservative,OM,681.8201330642734,LDES
2026,Conservative,PA,646.8646774808079,LDES
2026,Conservative,PE,520.5226498840444,LDES
2026,Conservative,PH,628.6958912056318,LDES
2026,Conservative,PK,609.7921183289077,LDES
2026,Conservative,PL,884.5741078328675,LDES
2026,Conservative,PS,738.9899539071105,LDES
2026,Conservative,PT,672.240189726842,LDES
2026,Conservative,PY,586.450417914762,LDES
2026,Conservative,RO,794.1582448364874,LDES
2026,Conservative,RU,833.8872944426425,LDES
2026,Conservative,RW,673.8658775492681,LDES
2026,Conservative,SA,686.0135656463916,LDES
2026,Conservative,SE,1398.3687064550606,LDES
2026,Conservative,SK,1302.6515272570505,LDES
2026,Conservative,SN,657.4519296171696,LDES
2026,Conservative,SR,775.7008800632975,LDES
2026,Conservative,SV,626.1139185135562,LDES
2026,Conservative,TH,627.5150878475163,LDES
2026,Conservative,TN,646.1611992649333,LDES
2026,Conservative,TR,699.3899256868873,LDES
2026,Conservative,TW,674.6725228855682,LDES
2026,Conservative,UA,1030.3104751118526,LDES
2026,Conservative,UG,732.9963609547187,LDES
2026,Conservative,US,359.75035553739303,LDES
2026,Conservative,UY,905.0588539716283,LDES
2026,Conservative,UZ,763.8654621810887,LDES
2026,Conservative,VN,649.3468073064172,LDES
2026,Conservative,ZA,530.9920944100887,LDES
2026,Conservative,ZM,671.7862711412401,LDES
2026,Central,AE,538.9008999488035,LDES
2026,Central,AF,595.4136967797068,LDES
2026,Central,AR,551.8656221098713,LDES
2026,Central,AT,565.8867897297336,LDES
2026,Central,AU,437.75236547876585,LDES
2026,Central,BD,570.3558783242709,LDES
2026,Central,BE,486.72066009972275,LDES
2026,Central,BF,606.2610896026769,LDES
2026,Central,BG,551.9473767191618,LDES
2026,Central,BH,586.6639572731591,LDES
2026,Central,BI,554.3445941964013,LDES
2026,Central,BO,547.7957975408797,LDES
2026,Central,BR,408.65425140742155,LDES
2026,Central,BY,612.4741146557933,LDES
2026,Central,CA,513.1087929472642,LDES
2026,Central,CH,860.1904607157187,LDES
2026,Central,CL,518.3624917864059,LDES
2026,Central,CN,351.06546010633,LDES
2026,Central,CO,523.464948489323,LDES
2026,Central,CR,557.8839966957449,LDES
2026,Central,CU,496.49716411408787,LDES
2026,Central,CV,627.3278291935303,LDES
2026,Central,CZ,846.263476432274,LDES
2026,Central,DE,524.7477831032321,LDES
2026,Central,DK,592.1581426359865,LDES
2026,Central,DO,501.94679624456387,LDES
2026,Central,DZ,606.4783338078109,LDES
2026,Central,EC,572.1723893580288,LDES
2026,Central,EE,735.8794258218937,LDES
2026,Central,EG,511.39542805567703,LDES
2026,Central,ES,453.0080227016142,LDES
2026,Central,ET,613.0660855588628,LDES
2026,Central,FI,1023.6337336059074,LDES
2026,Central,FJ,524.529087631766,LDES
2026,Central,FR,431.98353900006987,LDES
2026,Central,GB,598.5031294853251,LDES
2026,Central,GF,594.3259861153283,LDES
2026,Central,GH,546.9933206525052,LDES
2026,Central,GR,567.5220904713509,LDES
2026,Central,GT,514.57998087032,LDES
2026,Central,HN,527.9854396943593,LDES
2026,Central,HU,922.7773659343018,LDES
2026,Central,ID,533.262394859174,LDES
2026,Central,IE,747.3969670681631,LDES
2026,Central,IL,569.4992308197002,LDES
2026,Central,IN,452.3660421421791,LDES
2026,Central,IR,1032.1290327116697,LDES
2026,Central,IT,566.7833581237219,LDES
2026,Central,JM,539.7912131921421,LDES
2026,Central,JO,542.9164984200083,LDES
2026,Central,JP,556.3223106434365,LDES
2026,Central,KE,577.3026100533394,LDES
2026,Central,KH,532.1234010813179,LDES
2026,Central,KR,555.3598044830503,LDES
2026,Central,KW,518.6412325242962,LDES
2026,Central,KZ,655.4977199386158,LDES
2026,Central,LC,535.9959773225677,LDES
2026,Central,LK,496.1970297684606,LDES
2026,Central,LY,442.4542656765236,LDES
2026,Central,MA,1218.836274162231,LDES
2026,Central,MG,525.7456453918351,LDES
2026,Central,MM,634.0389663163969,LDES
2026,Central,MN,611.9228317798677,LDES
2026,Central,MR,515.3916223134294,LDES
2026,Central,MU,514.5675977261628,LDES
2026,Central,MX,488.90205924725313,LDES
2026,Central,MY,638.8204595553041,LDES
2026,Central,NE,685.3900372536226,LDES
2026,Central,NG,566.8657564494672,LDES
2026,Central,NI,634.3275397605997,LDES
2026,Central,NL,647.1999025168474,LDES
2026,Central,NO,1028.9177320682707,LDES
2026,Central,NP,602.1631917264807,LDES
2026,Central,NZ,728.6989044982461,LDES
2026,Central,OM,554.2764184027623,LDES
2026,Central,PA,520.2707501601707,LDES
2026,Central,PE,418.83892969310267,LDES
2026,Central,PH,508.88667228917956,LDES
2026,Central,PK,488.40856583385914,LDES
2026,Central,PL,671.9216734492538,LDES
2026,Central,PS,593.7745367257963,LDES
2026,Central,PT,543.3455465392383,LDES
2026,Central,PY,475.0389206723058,LDES
2026,Central,RO,615.377869035866,LDES
2026,Central,RU,655.7922820163981,LDES
2026,Central,RW,548.6390475264393,LDES
2026,Central,SA,547.4433385015694,LDES
2026,Central,SE,1004.3636019687474,LDES
2026,Central,SK,960.6279020528602,LDES
2026,Central,SN,529.7775140956594,LDES
2026,Central,SR,628.4985810650211,LDES
2026,Central,SV,511.9295014082013,LDES
2026,Central,TH,509.0876315899904,LDES
2026,Central,TN,523.8936462198338,LDES
2026,Central,TR,563.6695530679547,LDES
2026,Central,TW,543.0521823605451,LDES
2026,Central,UA,786.0028372877783,LDES
2026,Central,UG,601.2998959959277,LDES
2026,Central,US,290.30975879873785,LDES
2026,Central,UY,673.5959328470896,LDES
2026,Central,UZ,613.247555892893,LDES
2026,Central,VN,523.9366560680231,LDES
2026,Central,ZA,434.51941523445436,LDES
2026,Central,ZM,547.7803336394708,LDES
2026,Optimistic,AE,479.7551497386336,LDES
2026,Optimistic,AF,533.4485720872021,LDES
2026,Optimistic,AR,479.9115335633799,LDES
2026,Optimistic,AT,496.4323109997136,LDES
2026,Optimistic,AU,390.50499789892837,LDES
2026,Optimistic,BD,505.97750201472303,LDES
2026,Optimistic,BE,428.3380838018589,LDES
2026,Optimistic,BF,540.2301130663302,LDES
2026,Optimistic,BG,486.949733301585,LDES
2026,Optimistic,BH,518.4396086090849,LDES
2026,Optimistic,BI,490.7631147963438,LDES
2026,Optimistic,BO,486.46958491450914,LDES
2026,Optimistic,BR,364.72375321516256,LDES
2026,Optimistic,BY,538.7964235360108,LDES
2026,Optimistic,CA,432.0839423989431,LDES
2026,Optimistic,CH,720.1178991026105,LDES
2026,Optimistic,CL,462.0067890835687,LDES
2026,Optimistic,CN,309.07618377955697,LDES
2026,Optimistic,CO,469.1695818836247,LDES
2026,Optimistic,CR,490.3961991273036,LDES
2026,Optimistic,CU,437.20443079467844,LDES
2026,Optimistic,CV,534.9881500102331,LDES
2026,Optimistic,CZ,712.3309750885709,LDES
2026,Optimistic,DE,452.978509269642,LDES
2026,Optimistic,DK,503.62476315548196,LDES
2026,Optimistic,DO,447.3017530945288,LDES
2026,Optimistic,DZ,539.9533313512611,LDES
2026,Optimistic,EC,512.7963206871019,LDES
2026,Optimistic,EE,617.7220223491262,LDES
2026,Optimistic,EG,451.6075302238569,LDES
2026,Optimistic,ES,401.568706829626,LDES
2026,Optimistic,ET,540.4321359882758,LDES
2026,Optimistic,FI,834.7463437391009,LDES
2026,Optimistic,FJ,459.7423439528046,LDES
2026,Optimistic,FR,383.136848647085,LDES
2026,Optimistic,GB,505.05128502949276,LDES
2026,Optimistic,GF,527.2763418303845,LDES
2026,Optimistic,GH,488.95452752354186,LDES
2026,Optimistic,GR,503.62584597676056,LDES
2026,Optimistic,GT,459.6707137575582,LDES
2026,Optimistic,HN,470.36936382789486,LDES
2026,Optimistic,HU,771.0120811411638,LDES
2026,Optimistic,ID,473.28907280963585,LDES
2026,Optimistic,IE,635.4790593069291,LDES
2026,Optimistic,IL,505.22973042953987,LDES
2026,Optimistic,IN,403.2521630095602,LDES
2026,Optimistic,IR,882.2271067405965,LDES
2026,Optimistic,IT,502.4797061561788,LDES
2026,Optimistic,JM,478.62531325705993,LDES
2026,Optimistic,JO,480.30705940818194,LDES
2026,Optimistic,JP,494.1929605563989,LDES
2026,Optimistic,KE,513.783204278094,LDES
2026,Optimistic,KH,469.5994868555788,LDES
2026,Optimistic,KR,490.64984167667734,LDES
2026,Optimistic,KW,458.61409001260114,LDES
2026,Optimistic,KZ,570.4897520682505,LDES
2026,Optimistic,LC,479.32753988003765,LDES
2026,Optimistic,LK,442.20084162890095,LDES
2026,Optimistic,LY,392.41885544488906,LDES
2026,Optimistic,MA,984.0280963215674,LDES
2026,Optimistic,MG,468.51446831947584,LDES
2026,Optimistic,MM,566.0617045762332,LDES
2026,Optimistic,MN,527.1175969069046,LDES
2026,Optimistic,MR,455.8365005372127,LDES
2026,Optimistic,MU,459.8255490560119,LDES
2026,Optimistic,MX,434.7880922146242,LDES
2026,Optimistic,MY,567.8613763718554,LDES
2026,Optimistic,NE,606.9203775050687,LDES
2026,Optimistic,NG,507.07584044162587,LDES
2026,Optimistic,NI,548.6917439852656,LDES
2026,Optimistic,NL,545.5939169836598,LDES
2026,Optimistic,NO,839.8179029429756,LDES
2026,Optimistic,NP,536.960070959315,LDES
2026,Optimistic,NZ,610.2210526278362,LDES
2026,Optimistic,OM,495.17079453523263,LDES
2026,Optimistic,PA,461.6052716457289,LDES
2026,Optimistic,PE,371.7172057021784,LDES
2026,Optimistic,PH,453.3653269376527,LDES
2026,Optimistic,PK,432.1576512629831,LDES
2026,Optimistic,PL,573.3754233690427,LDES
2026,Optimistic,PS,526.4795873003093,LDES
2026,Optimistic,PT,483.6138826230317,LDES
2026,Optimistic,PY,423.40920243799667,LDES
2026,Optimistic,RO,532.5284265916753,LDES
2026,Optimistic,RU,573.2604469896016,LDES
2026,Optimistic,RW,490.6071019061041,LDES
2026,Optimistic,SA,483.22786738567606,LDES
2026,Optimistic,SE,821.7758706214319,LDES
2026,Optimistic,SK,802.1291489094551,LDES
2026,Optimistic,SN,470.6113215369108,LDES
2026,Optimistic,SR,560.2828815292343,LDES
2026,Optimistic,SV,459.01477153011007,LDES
2026,Optimistic,TH,454.2066152755271,LDES
2026,Optimistic,TN,467.2330728574706,LDES
2026,Optimistic,TR,500.7747462445469,LDES
2026,Optimistic,TW,482.0573904099245,LDES
2026,Optimistic,UA,672.7871026863781,LDES
2026,Optimistic,UG,540.2698268686829,LDES
2026,Optimistic,US,258.12997006619037,LDES
2026,Optimistic,UY,566.3326279357178,LDES
2026,Optimistic,UZ,543.449013954461,LDES
2026,Optimistic,VN,465.81975671364546,LDES
2026,Optimistic,ZA,389.8125639091603,LDES
2026,Optimistic,ZM,490.3141674801143,LDES
2027,Conservative,AE,811.6310227027116,LDES
2027,Conservative,AF,880.8646322025335,LDES
2027,Conservative,AR,857.1234411286075,LDES
2027,Conservative,AT,873.3685576872475,LDES
2027,Conservative,AU,660.1923434409014,LDES
2027,Conservative,BD,859.0260799883674,LDES
2027,Conservative,BE,747.3506148684143,LDES
2027,Conservative,BF,901.053089960328,LDES
2027,Conservative,BG,840.963118410236,LDES
2027,Conservative,BH,886.2463080601564,LDES
2027,Conservative,BI,839.2869077736271,LDES
2027,Conservative,BO,828.3721310929785,LDES
2027,Conservative,BR,616.8123907958826,LDES
2027,Conservative,BY,929.6234621827994,LDES
2027,Conservative,CA,823.7689417135095,LDES
2027,Conservative,CH,1399.7374627158206,LDES
2027,Conservative,CL,782.5537287119566,LDES
2027,Conservative,CN,538.628227494037,LDES
2027,Conservative,CO,784.5110774997526,LDES
2027,Conservative,CR,843.5397825389484,LDES
2027,Conservative,CU,759.949903445849,LDES
2027,Conservative,CV,926.5207782520597,LDES
2027,Conservative,CZ,1364.2223886712136,LDES
2027,Conservative,DE,815.7047290737033,LDES
2027,Conservative,DK,945.9448758275184,LDES
2027,Conservative,DO,761.2645233826771,LDES
2027,Conservative,DZ,904.3397974863462,LDES
2027,Conservative,EC,849.6138328086156,LDES
2027,Conservative,EE,1186.1029414616344,LDES
2027,Conservative,EG,781.5086004833021,LDES
2027,Conservative,ES,686.5949200990849,LDES
2027,Conservative,ET,922.539534660237,LDES
2027,Conservative,FI,1721.333291208169,LDES
2027,Conservative,FJ,796.091567003611,LDES
2027,Conservative,FR,653.6135821846644,LDES
2027,Conservative,GB,956.6095705753308,LDES
2027,Conservative,GF,896.2766398336785,LDES
2027,Conservative,GH,820.2225985241761,LDES
2027,Conservative,GR,857.0459357079077,LDES
2027,Conservative,GT,776.5916605832193,LDES
2027,Conservative,HN,799.3985005614591,LDES
2027,Conservative,HU,1503.4985062993887,LDES
2027,Conservative,ID,802.9376962832507,LDES
2027,Conservative,IE,1193.1616850666837,LDES
2027,Conservative,IL,864.4529069349859,LDES
2027,Conservative,IN,684.3607317382199,LDES
2027,Conservative,IR,1721.0791742673382,LDES
2027,Conservative,IT,858.3537241252147,LDES
2027,Conservative,JM,816.5927678946415,LDES
2027,Conservative,JO,819.1337352638113,LDES
2027,Conservative,JP,837.3201861650925,LDES
2027,Conservative,KE,871.3935407459127,LDES
2027,Conservative,KH,814.3678220735628,LDES
2027,Conservative,KR,844.231882869974,LDES
2027,Conservative,KW,790.7112233150806,LDES
2027,Conservative,KZ,965.7152230554112,LDES
2027,Conservative,LC,803.7688406394293,LDES
2027,Conservative,LK,753.0305739016706,LDES
2027,Conservative,LY,671.8164254777654,LDES
2027,Conservative,MA,1976.7596916510017,LDES
2027,Conservative,MG,795.1528381642253,LDES
2027,Conservative,MM,943.5914695373561,LDES
2027,Conservative,MN,935.671838693257,LDES
2027,Conservative,MR,776.9849134239149,LDES
2027,Conservative,MU,770.3745379272289,LDES
2027,Conservative,MX,744.3200472722109,LDES
2027,Conservative,MY,951.0848613118507,LDES
2027,Conservative,NE,1020.639036904015,LDES
2027,Conservative,NG,848.2612709368351,LDES
2027,Conservative,NI,1166.0812247349925,LDES
2027,Conservative,NL,1044.7224157519752,LDES
2027,Conservative,NO,1711.6962028657617,LDES
2027,Conservative,NP,897.0767665915658,LDES
2027,Conservative,NZ,1203.0412626629582,LDES
2027,Conservative,OM,826.5984586038304,LDES
2027,Conservative,PA,788.7281766393526,LDES
2027,Conservative,PE,642.684405019932,LDES
2027,Conservative,PH,766.5634337832317,LDES
2027,Conservative,PK,742.4307870642294,LDES
2027,Conservative,PL,1057.2622415834246,LDES
2027,Conservative,PS,895.9193839480698,LDES
2027,Conservative,PT,823.0167990947641,LDES
2027,Conservative,PY,720.6236712366705,LDES
2027,Conservative,RO,973.938637663662,LDES
2027,Conservative,RU,969.9298112019262,LDES
2027,Conservative,RW,820.0226930411775,LDES
2027,Conservative,SA,830.2982455731558,LDES
2027,Conservative,SE,1574.4487200856768,LDES
2027,Conservative,SK,1564.1059333337632,LDES
2027,Conservative,SN,789.9253200809544,LDES
2027,Conservative,SR,935.157218894935,LDES
2027,Conservative,SV,768.1282152672288,LDES
2027,Conservative,TH,764.6568070698637,LDES
2027,Conservative,TN,784.5797771738905,LDES
2027,Conservative,TR,851.5157537668534,LDES
2027,Conservative,TW,821.3784490154097,LDES
2027,Conservative,UA,1140.813806345277,LDES
2027,Conservative,UG,887.2684108410158,LDES
2027,Conservative,US,447.04856743656757,LDES
2027,Conservative,UY,1090.2728529777323,LDES
2027,Conservative,UZ,926.3151077895651,LDES
2027,Conservative,VN,790.6489875665613,LDES
2027,Conservative,ZA,650.3458437572194,LDES
2027,Conservative,ZM,816.0203547033867,LDES
2027,Central,AE,648.9081502410148,LDES
2027,Central,AF,711.4510322522534,LDES
2027,Central,AR,658.8319860168151,LDES
2027,Central,AT,680.4405488504809,LDES
2027,Central,AU,529.4860756570502,LDES
2027,Central,BD,682.019835091741,LDES
2027,Central,BE,585.8253924722891,LDES
2027,Central,BF,721.9625429850192,LDES
2027,Central,BG,662.1819946481382,LDES
2027,Central,BH,699.8482539997217,LDES
2027,Central,BI,665.0394411692535,LDES
2027,Central,BO,659.4716392912437,LDES
2027,Central,BR,495.34231605644237,LDES
2027,Central,BY,726.9376108113545,LDES
2027,Central,CA,603.5819749759202,LDES
2027,Central,CH,1013.7674277392241,LDES
2027,Central,CL,626.4023370724217,LDES
2027,Central,CN,423.2008960025708,LDES
2027,Central,CO,634.052394021428,LDES
2027,Central,CR,662.8007814547962,LDES
2027,Central,CU,596.5880717028056,LDES
2027,Central,CV,700.152727825415,LDES
2027,Central,CZ,995.5208377968751,LDES
2027,Central,DE,620.3317714426806,LDES
2027,Central,DK,701.9589047741654,LDES
2027,Central,DO,609.3317969412325,LDES
2027,Central,DZ,722.6575033579905,LDES
2027,Central,EC,686.4102968360481,LDES
2027,Central,EE,862.7134240228022,LDES
2027,Central,EG,615.6264151418401,LDES
2027,Central,ES,544.6986594996393,LDES
2027,Central,ET,725.9782694976093,LDES
2027,Central,FI,1197.872567632799,LDES
2027,Central,FJ,622.4437151691545,LDES
2027,Central,FR,520.2510095950928,LDES
2027,Central,GB,702.6987629377599,LDES
2027,Central,GF,712.2654455166503,LDES
2027,Central,GH,660.4164187613245,LDES
2027,Central,GR,680.6191279355402,LDES
2027,Central,GT,623.7444223492475,LDES
2027,Central,HN,639.0139324490067,LDES
2027,Central,HU,1084.8947508375782,LDES
2027,Central,ID,638.6074066338832,LDES
2027,Central,IE,882.5825993203672,LDES
2027,Central,IL,686.4011977776563,LDES
2027,Central,IN,547.8302904150972,LDES
2027,Central,IR,1268.7960195332068,LDES
2027,Central,IT,681.0736142987387,LDES
2027,Central,JM,648.5646114723301,LDES
2027,Central,JO,648.1717775062057,LDES
2027,Central,JP,665.8602045735752,LDES
2027,Central,KE,696.032139296067,LDES
2027,Central,KH,641.8592690746216,LDES
2027,Central,KR,666.3035494279226,LDES
2027,Central,KW,624.5070038615735,LDES
2027,Central,KZ,749.4445224666048,LDES
2027,Central,LC,646.9447354894061,LDES
2027,Central,LK,602.5322734434195,LDES
2027,Central,LY,533.416156702141,LDES
2027,Central,MA,1361.2220723892567,LDES
2027,Central,MG,636.5505972937909,LDES
2027,Central,MM,757.4896393615775,LDES
2027,Central,MN,712.0002055996381,LDES
2027,Central,MR,613.8777209404377,LDES
2027,Central,MU,619.2070868101615,LDES
2027,Central,MX,593.6885705447886,LDES
2027,Central,MY,758.8063489683873,LDES
2027,Central,NE,808.8611332623997,LDES
2027,Central,NG,683.7814243448237,LDES
2027,Central,NI,862.4783798510992,LDES
2027,Central,NL,763.6542178800648,LDES
2027,Central,NO,1193.6916867735374,LDES
2027,Central,NP,718.4098415792711,LDES
2027,Central,NZ,870.5170178898932,LDES
2027,Central,OM,664.4024060353299,LDES
2027,Central,PA,626.876751351685,LDES
2027,Central,PE,509.4952451141461,LDES
2027,Central,PH,613.2724542419437,LDES
2027,Central,PK,587.619562094016,LDES
2027,Central,PL,789.6725080248809,LDES
2027,Central,PS,710.3490065647876,LDES
2027,Central,PT,657.2996751947493,LDES
2027,Central,PY,577.1329327417637,LDES
2027,Central,RO,741.2507205878651,LDES
2027,Central,RU,756.506712523354,LDES
2027,Central,RW,660.1685237404785,LDES
2027,Central,SA,654.6708811848001,LDES
2027,Central,SE,1110.3433423172496,LDES
2027,Central,SK,1127.5409656126376,LDES
2027,Central,SN,628.7797964868978,LDES
2027,Central,SR,749.1284029556459,LDES
2027,Central,SV,621.0717521858164,LDES
2027,Central,TH,613.4539864127056,LDES
2027,Central,TN,628.8336012590805,LDES
2027,Central,TR,676.8041266416232,LDES
2027,Central,TW,652.5821316249679,LDES
2027,Central,UA,868.1776653770478,LDES
2027,Central,UG,719.9449008283344,LDES
2027,Central,US,356.9992993470728,LDES
2027,Central,UY,795.5163703852563,LDES
2027,Central,UZ,734.1051527382629,LDES
2027,Central,VN,630.2845917892753,LDES
2027,Central,ZA,526.180426736864,LDES
2027,Central,ZM,657.9190371071553,LDES
2027,Optimistic,AE,579.1697763288589,LDES
2027,Optimistic,AF,638.8452037021334,LDES
2027,Optimistic,AR,573.8499338260468,LDES
2027,Optimistic,AT,597.7571164918666,LDES
2027,Optimistic,AU,473.46910374968525,LDES
2027,Optimistic,BD,606.1600158503298,LDES
2027,Optimistic,BE,516.6002971596641,LDES
2027,Optimistic,BF,645.2094514241726,LDES
2027,Optimistic,BG,585.5615130358107,LDES
2027,Optimistic,BH,619.963373688107,LDES
2027,Optimistic,BI,590.3619554816646,LDES
2027,Optimistic,BO,587.0857142333573,LDES
2027,Optimistic,BR,443.2837125966823,LDES
2027,Optimistic,BY,640.072245937878,LDES
2027,Optimistic,CA,509.21613208838176,LDES
2027,Optimistic,CH,848.3516984635397,LDES
2027,Optimistic,CL,559.4803120840495,LDES
2027,Optimistic,CN,373.73203964908515,LDES
2027,Optimistic,CO,569.5701011021459,LDES
2027,Optimistic,CR,585.3412095615879,LDES
2027,Optimistic,CU,526.5758580986441,LDES
2027,Optimistic,CV,603.1378490711387,LDES
2027,Optimistic,CZ,837.5058874221588,LDES
2027,Optimistic,DE,536.6005038865281,LDES
2027,Optimistic,DK,597.3934886084428,LDES
2027,Optimistic,DO,544.2177713234706,LDES
2027,Optimistic,DZ,644.7936630172668,LDES
2027,Optimistic,EC,616.4659242763762,LDES
2027,Optimistic,EE,724.1179165490171,LDES
2027,Optimistic,EG,544.5340499954992,LDES
2027,Optimistic,ES,483.8859763855911,LDES
2027,Optimistic,ET,641.7377272850547,LDES
2027,Optimistic,FI,973.532257529069,LDES
2027,Optimistic,FJ,548.0232072401019,LDES
2027,Optimistic,FR,463.0956213424192,LDES
2027,Optimistic,GB,593.8798453788007,LDES
2027,Optimistic,GF,633.4035050950666,LDES
2027,Optimistic,GH,591.9280560058164,LDES
2027,Optimistic,GR,605.0076388902397,LDES
2027,Optimistic,GT,558.238463106117,LDES
2027,Optimistic,HN,570.2776889722414,LDES
2027,Optimistic,HU,905.4931413539448,LDES
2027,Optimistic,ID,568.1801396412973,LDES
2027,Optimistic,IE,749.4772768576602,LDES
2027,Optimistic,IL,610.0933224245149,LDES
2027,Optimistic,IN,489.3172441337591,LDES
2027,Optimistic,IR,1074.960381790008,LDES
2027,Optimistic,IT,605.0964243731064,LDES
2027,Optimistic,JM,576.5525444341966,LDES
2027,Optimistic,JO,574.9023670386604,LDES
2027,Optimistic,JP,592.3773553200675,LDES
2027,Optimistic,KE,620.8772529604189,LDES
2027,Optimistic,KH,567.9270320750753,LDES
2027,Optimistic,KR,590.0485493813289,LDES
2027,Optimistic,KW,553.2766240957844,LDES
2027,Optimistic,KZ,656.7570793571163,LDES
2027,Optimistic,LC,579.7344047108245,LDES
2027,Optimistic,LK,538.0330018184546,LDES
2027,Optimistic,LY,474.101755798302,LDES
2027,Optimistic,MA,1097.4202355627947,LDES
2027,Optimistic,MG,568.578208349319,LDES
2027,Optimistic,MM,677.7317121433869,LDES
2027,Optimistic,MN,616.1409342738013,LDES
2027,Optimistic,MR,543.9746384475188,LDES
2027,Optimistic,MU,554.4210363314182,LDES
2027,Optimistic,MX,529.1322233758933,LDES
2027,Optimistic,MY,676.4012722497603,LDES
2027,Optimistic,NE,718.0991745588505,LDES
2027,Optimistic,NG,613.290061519676,LDES
2027,Optimistic,NI,732.3628749008593,LDES
2027,Optimistic,NL,643.1964187921033,LDES
2027,Optimistic,NO,971.6897513054414,LDES
2027,Optimistic,NP,641.8383022882877,LDES
2027,Optimistic,NZ,728.0066272728654,LDES
2027,Optimistic,OM,594.889812077401,LDES
2027,Optimistic,PA,557.5118547998276,LDES
2027,Optimistic,PE,452.41417658309507,LDES
2027,Optimistic,PH,547.5763201528201,LDES
2027,Optimistic,PK,521.2718942496388,LDES
2027,Optimistic,PL,674.991193642648,LDES
2027,Optimistic,PS,630.8188448290953,LDES
2027,Optimistic,PT,586.2780506661713,LDES
2027,Optimistic,PY,515.6369019582324,LDES
2027,Optimistic,RO,641.5273275553808,LDES
2027,Optimistic,RU,665.0396702325376,LDES
2027,Optimistic,RW,591.659594040179,LDES
2027,Optimistic,SA,579.4020107326477,LDES
2027,Optimistic,SE,911.4410375593521,LDES
2027,Optimistic,SK,940.4416937321552,LDES
2027,Optimistic,SN,559.717429232302,LDES
2027,Optimistic,SR,669.4017675530935,LDES
2027,Optimistic,SV,558.0475537223539,LDES
2027,Optimistic,TH,548.652777559638,LDES
2027,Optimistic,TN,562.0852401527334,LDES
2027,Optimistic,TR,601.9277150165245,LDES
2027,Optimistic,TW,580.24085274335,LDES
2027,Optimistic,UA,751.3336049620924,LDES
2027,Optimistic,UG,648.2348251086137,LDES
2027,Optimistic,US,318.4067558801466,LDES
2027,Optimistic,UY,669.1921635599095,LDES
2027,Optimistic,UZ,651.7294577162764,LDES
2027,Optimistic,VN,561.5569935990097,LDES
2027,Optimistic,ZA,472.9666765852829,LDES
2027,Optimistic,ZM,590.1613295659134,LDES
2028,Conservative,AE,948.3461051755393,LDES
2028,Conservative,AF,1022.3659750055627,LDES
2028,Conservative,AR,999.8587168101768,LDES
2028,Conservative,AT,1013.1122602699917,LDES
2028,Conservative,AU,774.9324592824229,LDES
2028,Conservative,BD,996.1243950732124,LDES
2028,Conservative,BE,876.405227136156,LDES
2028,Conservative,BF,1043.7970522523497,LDES
2028,Conservative,BG,983.15388099618,LDES
2028,Conservative,BH,1027.5648595530024,LDES
2028,Conservative,BI,980.0431644176923,LDES
2028,Conservative,BO,968.0917787566999,LDES
2028,Conservative,BR,727.1478405267453,LDES
2028,Conservative,BY,1055.4368335255572,LDES
2028,Conservative,CA,957.4850745792652,LDES
2028,Conservative,CH,1622.7664514391006,LDES
2028,Conservative,CL,917.9400870351608,LDES
2028,Conservative,CN,632.2624047842477,LDES
2028,Conservative,CO,923.4330612811964,LDES
2028,Conservative,CR,988.4439654243405,LDES
2028,Conservative,CU,887.8737366782001,LDES
2028,Conservative,CV,1011.2635006879334,LDES
2028,Conservative,CZ,1570.708804755685,LDES
2028,Conservative,DE,948.3342269055033,LDES
2028,Conservative,DK,1169.4226963075932,LDES
2028,Conservative,DO,897.291629744435,LDES
2028,Conservative,DZ,1048.0367038106017,LDES
2028,Conservative,EC,991.224190202353,LDES
2028,Conservative,EE,1362.48602839366,LDES
2028,Conservative,EG,917.1595091537947,LDES
2028,Conservative,ES,805.9853271769973,LDES
2028,Conservative,ET,1064.6054427050053,LDES
2028,Conservative,FI,1959.1396494955695,LDES
2028,Conservative,FJ,931.0380914205784,LDES
2028,Conservative,FR,781.839913784637,LDES
2028,Conservative,GB,1068.4068576861548,LDES
2028,Conservative,GF,1042.4197996479966,LDES
2028,Conservative,GH,959.4744511058667,LDES
2028,Conservative,GR,999.3773247950907,LDES
2028,Conservative,GT,913.2199922640452,LDES
2028,Conservative,HN,938.3930155988176,LDES
2028,Conservative,HU,1731.3701254279472,LDES
2028,Conservative,ID,933.8293722116908,LDES
2028,Conservative,IE,1363.8435300609215,LDES
2028,Conservative,IL,1010.5834875612823,LDES
2028,Conservative,IN,804.8405319300027,LDES
2028,Conservative,IR,1901.8500758146843,LDES
2028,Conservative,IT,1002.4567007054821,LDES
2028,Conservative,JM,950.5902062074574,LDES
2028,Conservative,JO,949.730773909234,LDES
2028,Conservative,JP,976.7172771282329,LDES
2028,Conservative,KE,1027.3300387823745,LDES
2028,Conservative,KH,954.6137571786999,LDES
2028,Conservative,KR,982.0562362350795,LDES
2028,Conservative,KW,923.973300688152,LDES
2028,Conservative,KZ,1149.0779121730918,LDES
2028,Conservative,LC,941.4667861407831,LDES
2028,Conservative,LK,888.0207819680393,LDES
2028,Conservative,LY,783.7150117046577,LDES
2028,Conservative,MA,2306.891968150923,LDES
2028,Conservative,MG,934.5566412408012,LDES
2028,Conservative,MM,1093.350259902179,LDES
2028,Conservative,MN,1077.1308708860859,LDES
2028,Conservative,MR,908.797209889119,LDES
2028,Conservative,MU,903.3455577804548,LDES
2028,Conservative,MX,873.3371990297269,LDES
2028,Conservative,MY,1098.4034977524614,LDES
2028,Conservative,NE,1169.1375373341732,LDES
2028,Conservative,NG,991.2992675408772,LDES
2028,Conservative,NI,1460.2220931822803,LDES
2028,Conservative,NL,1202.5315613564255,LDES
2028,Conservative,NO,1973.6297392106592,LDES
2028,Conservative,NP,1041.6457854310504,LDES
2028,Conservative,NZ,1418.2986716531343,LDES
2028,Conservative,OM,961.612381248998,LDES
2028,Conservative,PA,924.833095932304,LDES
2028,Conservative,PE,750.9322576070908,LDES
2028,Conservative,PH,895.9220436719781,LDES
2028,Conservative,PK,869.7177304080983,LDES
2028,Conservative,PL,1219.353485717957,LDES
2028,Conservative,PS,1042.1280233328403,LDES
2028,Conservative,PT,967.6831036310443,LDES
2028,Conservative,PY,846.6982848274328,LDES
2028,Conservative,RO,1090.6180571335467,LDES
2028,Conservative,RU,1110.9228658366012,LDES
2028,Conservative,RW,958.9818055574323,LDES
2028,Conservative,SA,965.3782642938498,LDES
2028,Conservative,SE,1771.8562682224908,LDES
2028,Conservative,SK,1802.627673695426,LDES
2028,Conservative,SN,917.2907186647083,LDES
2028,Conservative,SR,1080.7874882505794,LDES
2028,Conservative,SV,905.6433562418281,LDES
2028,Conservative,TH,895.960124289989,LDES
2028,Conservative,TN,915.9618639476419,LDES
2028,Conservative,TR,993.383011834083,LDES
2028,Conservative,TW,949.609628102359,LDES
2028,Conservative,UA,1347.3451864464573,LDES
2028,Conservative,UG,1030.7065103395694,LDES
2028,Conservative,US,533.5981407063068,LDES
2028,Conservative,UY,1264.3080225899564,LDES
2028,Conservative,UZ,1076.676778792486,LDES
2028,Conservative,VN,923.0963081498855,LDES
2028,Conservative,ZA,763.3361147842777,LDES
2028,Conservative,ZM,951.6468926103312,LDES
2028,Central,AE,749.6903798257379,LDES
2028,Central,AF,816.1530646613862,LDES
2028,Central,AR,756.2969991685677,LDES
2028,Central,AT,778.7445902137507,LDES
2028,Central,AU,614.3803533560841,LDES
2028,Central,BD,780.4373713481233,LDES
2028,Central,BE,677.1883399696505,LDES
2028,Central,BF,827.1338620154876,LDES
2028,Central,BG,763.2501260371367,LDES
2028,Central,BH,801.4257039366682,LDES
2028,Central,BI,767.1975315242634,LDES
2028,Central,BO,761.4776694275519,LDES
2028,Central,BR,576.6148974837987,LDES
2028,Central,BY,817.0344527963274,LDES
2028,Central,CA,687.3057274377268,LDES
2028,Central,CH,1146.9822332114825,LDES
2028,Central,CL,725.6140590343869,LDES
2028,Central,CN,491.1556026209591,LDES
2028,Central,CO,737.7022722985774,LDES
2028,Central,CR,765.9320714857553,LDES
2028,Central,CU,687.772460100762,LDES
2028,Central,CV,761.165253410205,LDES
2028,Central,CZ,1120.5854907964851,LDES
2028,Central,DE,708.3935982603741,LDES
2028,Central,DK,839.5685901233819,LDES
2028,Central,DO,709.1758129671244,LDES
2028,Central,DZ,826.4956024660934,LDES
2028,Central,EC,791.045332467719,LDES
2028,Central,EE,968.8318540482985,LDES
2028,Central,EG,712.5979516820668,LDES
2028,Central,ES,630.421136914756,LDES
2028,Central,ET,826.9791493027426,LDES
2028,Central,FI,1325.2403709836128,LDES
2028,Central,FJ,718.2350990028679,LDES
2028,Central,FR,611.1640445948736,LDES
2028,Central,GB,773.4297128813708,LDES
2028,Central,GF,818.4154900316981,LDES
2028,Central,GH,763.7472549475563,LDES
2028,Central,GR,782.9046786822406,LDES
2028,Central,GT,724.1908826231254,LDES
2028,Central,HN,740.5792547382914,LDES
2028,Central,HU,1218.6822294070353,LDES
2028,Central,ID,733.62857850057,LDES
2028,Central,IE,987.4415067763588,LDES
2028,Central,IL,792.4162496401204,LDES
2028,Central,IN,636.4337213666718,LDES
2028,Central,IR,1375.5138669617786,LDES
2028,Central,IT,784.8195598076886,LDES
2028,Central,JM,745.3928735116804,LDES
2028,Central,JO,740.9294672963631,LDES
2028,Central,JP,765.8285171780924,LDES
2028,Central,KE,808.7831588011179,LDES
2028,Central,KH,743.045355529322,LDES
2028,Central,KR,765.8963726091805,LDES
2028,Central,KW,720.6289032603758,LDES
2028,Central,KZ,871.5507850090708,LDES
2028,Central,LC,748.3748845533422,LDES
2028,Central,LK,701.5537760609541,LDES
2028,Central,LY,615.1477919404149,LDES
2028,Central,MA,1533.6336414041978,LDES
2028,Central,MG,739.2847197146971,LDES
2028,Central,MM,867.5760182209591,LDES
2028,Central,MN,806.2901149517724,LDES
2028,Central,MR,705.6865228813032,LDES
2028,Central,MU,717.0536156367043,LDES
2028,Central,MX,688.2665630030262,LDES
2028,Central,MY,866.2746873873822,LDES
2028,Central,NE,914.3284145207074,LDES
2028,Central,NG,790.3574598389101,LDES
2028,Central,NI,1041.4771033354978,LDES
2028,Central,NL,859.5320922893344,LDES
2028,Central,NO,1335.2670873713034,LDES
2028,Central,NP,823.3059552724471,LDES
2028,Central,NZ,998.8806580322606,LDES
2028,Central,OM,763.6823480624097,LDES
2028,Central,PA,725.5568621663915,LDES
2028,Central,PE,588.1757286755247,LDES
2028,Central,PH,707.694644747477,LDES
2028,Central,PK,679.468824651102,LDES
2028,Central,PL,893.4864692202184,LDES
2028,Central,PS,814.6386190322511,LDES
2028,Central,PT,762.5250903874296,LDES
2028,Central,PY,670.0927332580138,LDES
2028,Central,RO,822.1604239526403,LDES
2028,Central,RU,854.1324720733487,LDES
2028,Central,RW,763.1408589066067,LDES
2028,Central,SA,751.6803174404233,LDES
2028,Central,SE,1218.6143942422812,LDES
2028,Central,SK,1267.4219289103653,LDES
2028,Central,SN,720.8967914980251,LDES
2028,Central,SR,855.2328420998473,LDES
2028,Central,SV,723.2257853071295,LDES
2028,Central,TH,710.2418939593585,LDES
2028,Central,TN,724.2005065048758,LDES
2028,Central,TR,777.9879133121507,LDES
2028,Central,TW,746.2649439549231,LDES
2028,Central,UA,1002.7104067836096,LDES
2028,Central,UG,826.5027800971616,LDES
2028,Central,US,421.3956374547383,LDES
2028,Central,UY,901.5953472061016,LDES
2028,Central,UZ,841.5987922682428,LDES
2028,Central,VN,725.8358399383549,LDES
2028,Central,ZA,610.8092554745087,LDES
2028,Central,ZM,758.8449538768701,LDES
2028,Optimistic,AE,671.1520698037235,LDES
2028,Optimistic,AF,734.6270303392702,LDES
2028,Optimistic,AR,660.005157310257,LDES
2028,Optimistic,AT,686.0876043775625,LDES
2028,Optimistic,AU,550.9062649666014,LDES
2028,Optimistic,BD,695.1657573172743,LDES
2028,Optimistic,BE,598.4281752759157,LDES
2028,Optimistic,BF,741.4763216892865,LDES
2028,Optimistic,BG,676.3114322161198,LDES
2028,Optimistic,BH,712.021851716257,LDES
2028,Optimistic,BI,683.0492580547683,LDES
2028,Optimistic,BO,679.7930215532376,LDES
2028,Optimistic,BR,517.1018734900756,LDES
2028,Optimistic,BY,722.7823487870969,LDES
2028,Optimistic,CA,580.4906367073512,LDES
2028,Optimistic,CH,958.8814957726571,LDES
2028,Optimistic,CL,649.578187499197,LDES
2028,Optimistic,CN,435.36919246337993,LDES
2028,Optimistic,CO,664.273820840333,LDES
2028,Optimistic,CR,677.9622529518961,LDES
2028,Optimistic,CU,608.6626530817748,LDES
2028,Optimistic,CV,662.2892021608704,LDES
2028,Optimistic,CZ,942.6297620219179,LDES
2028,Optimistic,DE,613.5333497262533,LDES
2028,Optimistic,DK,709.1611527947399,LDES
2028,Optimistic,DO,634.8044435435368,LDES
2028,Optimistic,DZ,738.9095856554737,LDES
2028,Optimistic,EC,711.9048538284452,LDES
2028,Optimistic,EE,813.2011339582718,LDES
2028,Optimistic,EG,631.7247777978953,LDES
2028,Optimistic,ES,561.0120384389863,LDES
2028,Optimistic,ET,733.0338705158016,LDES
2028,Optimistic,FI,1074.6290283160954,LDES
2028,Optimistic,FJ,634.1036833958659,LDES
2028,Optimistic,FR,543.6875381710138,LDES
2028,Optimistic,GB,656.8108416794795,LDES
2028,Optimistic,GF,729.8556466950221,LDES
2028,Optimistic,GH,686.3667355361314,LDES
2028,Optimistic,GR,697.3224697539044,LDES
2028,Optimistic,GT,649.4584439278779,LDES
2028,Optimistic,HN,662.3738143980833,LDES
2028,Optimistic,HU,1015.9916658638845,LDES
2028,Optimistic,ID,654.4794274984991,LDES
2028,Optimistic,IE,838.6314045475779,LDES
2028,Optimistic,IL,706.1640858108237,LDES
2028,Optimistic,IN,569.8542846323315,LDES
2028,Optimistic,IR,1167.42745881063,LDES
2028,Optimistic,IT,698.7769692201886,LDES
2028,Optimistic,JM,664.2683466319545,LDES
2028,Optimistic,JO,658.3801135191816,LDES
2028,Optimistic,JP,682.4538911512927,LDES
2028,Optimistic,KE,722.3809039248071,LDES
2028,Optimistic,KH,659.4020339470098,LDES
2028,Optimistic,KR,680.4378218733599,LDES
2028,Optimistic,KW,640.2369321842783,LDES
2028,Optimistic,KZ,761.8307579907369,LDES
2028,Optimistic,LC,672.0362257862143,LDES
2028,Optimistic,LK,627.834262097688,LDES
2028,Optimistic,LY,548.5049376150167,LDES
2028,Optimistic,MA,1227.9268610624688,LDES
2028,Optimistic,MG,662.0841925997258,LDES
2028,Optimistic,MM,778.3164343004768,LDES
2028,Optimistic,MN,699.2135370242529,LDES
2028,Optimistic,MR,625.3869489479807,LDES
2028,Optimistic,MU,643.40331292871,LDES
2028,Optimistic,MX,615.0991022482842,LDES
2028,Optimistic,MY,774.5028321267696,LDES
2028,Optimistic,NE,813.5899241060813,LDES
2028,Optimistic,NG,710.915349817202,LDES
2028,Optimistic,NI,875.9267585123513,LDES
2028,Optimistic,NL,723.9276510302517,LDES
2028,Optimistic,NO,1082.891155248767,LDES
2028,Optimistic,NP,736.9855573027669,LDES
2028,Optimistic,NZ,833.0642340426128,LDES
2028,Optimistic,OM,685.4309395932933,LDES
2028,Optimistic,PA,646.7732348635891,LDES
2028,Optimistic,PE,523.8301242142078,LDES
2028,Optimistic,PH,633.2791614517444,LDES
2028,Optimistic,PK,604.2541409797311,LDES
2028,Optimistic,PL,764.6553231629732,LDES
2028,Optimistic,PS,724.7009475645763,LDES
2028,Optimistic,PT,681.4161084073958,LDES
2028,Optimistic,PY,600.2719338003367,LDES
2028,Optimistic,RO,716.0260108346076,LDES
2028,Optimistic,RU,752.6106884925282,LDES
2028,Optimistic,RW,685.7153683702338,LDES
2028,Optimistic,SA,667.1950826379058,LDES
2028,Optimistic,SE,999.8908626687102,LDES
2028,Optimistic,SK,1055.8289600418534,LDES
2028,Optimistic,SN,643.2526807577085,LDES
2028,Optimistic,SR,766.0600750169998,LDES
2028,Optimistic,SV,651.107210751551,LDES
2028,Optimistic,TH,636.8184075495745,LDES
2028,Optimistic,TN,648.3878768182007,LDES
2028,Optimistic,TR,692.8317115709217,LDES
2028,Optimistic,TW,665.8728595245415,LDES
2028,Optimistic,UA,866.4594473820183,LDES
2028,Optimistic,UG,745.7710727920238,LDES
2028,Optimistic,US,377.03650826225777,LDES
2028,Optimistic,UY,758.1973127520193,LDES
2028,Optimistic,UZ,748.6609836423792,LDES
2028,Optimistic,VN,647.8491432035638,LDES
2028,Optimistic,ZA,550.5079390032048,LDES
2028,Optimistic,ZM,682.6209315868972,LDES
2029,Conservative,AE,1079.5862245328728,LDES
2029,Conservative,AF,1155.461063955699,LDES
2029,Conservative,AR,1127.0673359476796,LDES
2029,Conservative,AT,1146.5658968473942,LDES
2029,Conservative,AU,888.570453227891,LDES
2029,Conservative,BD,1122.9616654353383,LDES
2029,Conservative,BE,994.5072818652471,LDES
2029,Conservative,BF,1175.103296583635,LDES
2029,Conservative,BG,1117.0184147991092,LDES
2029,Conservative,BH,1159.0078994504054,LDES
2029,Conservative,BI,1109.5112874316508,LDES
2029,Conservative,BO,1098.7009231274728,LDES
2029,Conservative,BR,824.7489938643295,LDES
2029,Conservative,BY,1190.8065146965985,LDES
2029,Conservative,CA,1051.5981603382552,LDES
2029,Conservative,CH,1834.338513215514,LDES
2029,Conservative,CL,1047.718043938361,LDES
2029,Conservative,CN,717.2978068729851,LDES
2029,Conservative,CO,1056.223744880391,LDES
2029,Conservative,CR,1124.4611373380303,LDES
2029,Conservative,CU,1007.6366150783197,LDES
2029,Conservative,CV,1126.8731147690373,LDES
2029,Conservative,CZ,1689.1868593762372,LDES
2029,Conservative,DE,1072.5904679461391,LDES
2029,Conservative,DK,1328.6059130831754,LDES
2029,Conservative,DO,1027.5557032956103,LDES
2029,Conservative,DZ,1182.7184759686306,LDES
2029,Conservative,EC,1123.5943918491407,LDES
2029,Conservative,EE,1530.554118672236,LDES
2029,Conservative,EG,1041.3587172281334,LDES
2029,Conservative,ES,925.9887258881395,LDES
2029,Conservative,ET,1198.410622701388,LDES
2029,Conservative,FI,2178.522174208441,LDES
2029,Conservative,FJ,1057.0412947240145,LDES
2029,Conservative,FR,891.5060305168563,LDES
2029,Conservative,GB,1162.9539815657897,LDES
2029,Conservative,GF,1179.6050153917947,LDES
2029,Conservative,GH,1092.839013103148,LDES
2029,Conservative,GR,1132.6538426118402,LDES
2029,Conservative,GT,1044.895382211959,LDES
2029,Conservative,HN,1069.3354337635044,LDES
2029,Conservative,HU,1904.0164058266214,LDES
2029,Conservative,ID,1055.9675775429962,LDES
2029,Conservative,IE,1515.8534594218413,LDES
2029,Conservative,IL,1148.0007196513359,LDES
2029,Conservative,IN,922.0047688408577,LDES
2029,Conservative,IR,2059.3313291438612,LDES
2029,Conservative,IT,1137.9010592123198,LDES
2029,Conservative,JM,1077.7294445550647,LDES
2029,Conservative,JO,1069.1500878868637,LDES
2029,Conservative,JP,1111.0756364623664,LDES
2029,Conservative,KE,1154.8309058271848,LDES
2029,Conservative,KH,1087.4636306019004,LDES
2029,Conservative,KR,1116.2382146177779,LDES
2029,Conservative,KW,1049.9388792272714,LDES
2029,Conservative,KZ,1287.1789757721983,LDES
2029,Conservative,LC,1071.8317649348792,LDES
2029,Conservative,LK,1017.907760899659,LDES
2029,Conservative,LY,896.1266629833417,LDES
2029,Conservative,MA,2526.6330354876764,LDES
2029,Conservative,MG,1068.1821277699496,LDES
2029,Conservative,MM,1227.5932882226753,LDES
2029,Conservative,MN,1228.8126274049807,LDES
2029,Conservative,MR,1062.1969844472137,LDES
2029,Conservative,MU,1029.1552665851714,LDES
2029,Conservative,MX,999.9708565548377,LDES
2029,Conservative,MY,1234.4472196760532,LDES
2029,Conservative,NE,1304.867881445478,LDES
2029,Conservative,NG,1126.538094253703,LDES
2029,Conservative,NI,1660.7757274641297,LDES
2029,Conservative,NL,1329.128439605015,LDES
2029,Conservative,NO,2208.6148852005467,LDES
2029,Conservative,NP,1176.5013580864336,LDES
2029,Conservative,NZ,1597.9512168200918,LDES
2029,Conservative,OM,1087.6468888210745,LDES
2029,Conservative,PA,1054.1645740954682,LDES
2029,Conservative,PE,861.0602788893175,LDES
2029,Conservative,PH,1018.4589718815391,LDES
2029,Conservative,PK,992.6197508717407,LDES
2029,Conservative,PL,1388.7513023909783,LDES
2029,Conservative,PS,1177.3605049090977,LDES
2029,Conservative,PT,1100.7536108319741,LDES
2029,Conservative,PY,966.6094525265662,LDES
2029,Conservative,RO,1181.953824061929,LDES
2029,Conservative,RU,1229.841417450693,LDES
2029,Conservative,RW,1089.3696898967928,LDES
2029,Conservative,SA,1094.1492676092134,LDES
2029,Conservative,SE,1904.1060827297244,LDES
2029,Conservative,SK,2016.7067914054908,LDES
2029,Conservative,SN,1036.8797910979092,LDES
2029,Conservative,SR,1217.5153726336525,LDES
2029,Conservative,SV,1037.8543645725288,LDES
2029,Conservative,TH,1019.0563244931336,LDES
2029,Conservative,TN,1035.3986320289787,LDES
2029,Conservative,TR,1128.919813897863,LDES
2029,Conservative,TW,1075.808368716963,LDES
2029,Conservative,UA,1532.616895214575,LDES
2029,Conservative,UG,1164.1587022731246,LDES
2029,Conservative,US,618.2568926897906,LDES
2029,Conservative,UY,1424.128508962766,LDES
2029,Conservative,UZ,1216.2000284620535,LDES
2029,Conservative,VN,1050.7565590052482,LDES
2029,Conservative,ZA,870.3696137890477,LDES
2029,Conservative,ZM,1082.235121469455,LDES
2029,Central,AE,842.9749446262643,LDES
2029,Central,AF,911.1213710753595,LDES
2029,Central,AR,839.7244037347134,LDES
2029,Central,AT,868.4453203684557,LDES
2029,Central,AU,694.5696363704876,LDES
2029,Central,BD,868.1319907396825,LDES
2029,Central,BE,757.810413621989,LDES
2029,Central,BF,919.9858800640527,LDES
2029,Central,BG,854.586468951516,LDES
2029,Central,BH,892.2935154829343,LDES
2029,Central,BI,857.8884704931221,LDES
2029,Central,BO,852.8206190686137,LDES
2029,Central,BR,646.9104968564025,LDES
2029,Central,BY,905.9259251273565,LDES
2029,Central,CA,742.6801649318434,LDES
2029,Central,CH,1260.3345170827977,LDES
2029,Central,CL,817.1083714516369,LDES
2029,Central,CN,550.8316821551148,LDES
2029,Central,CO,833.1271675558723,LDES
2029,Central,CR,858.756508558698,LDES
2029,Central,CU,769.8861668046428,LDES
2029,Central,CV,837.369807479107,LDES
2029,Central,CZ,1185.4975323235547,LDES
2029,Central,DE,785.8084306217016,LDES
2029,Central,DK,929.1939169931254,LDES
2029,Central,DO,801.4211968589635,LDES
2029,Central,DZ,920.2424333680505,LDES
2029,Central,EC,885.2055547914224,LDES
2029,Central,EE,1060.4140341231775,LDES
2029,Central,EG,796.8377935944307,LDES
2029,Central,ES,711.5067248380828,LDES
2029,Central,ET,917.1302192792002,LDES
2029,Central,FI,1426.794879659004,LDES
2029,Central,FJ,803.3395314297552,LDES
2029,Central,FR,687.3517334701015,LDES
2029,Central,GB,829.391784390104,LDES
2029,Central,GF,914.3256273552073,LDES
2029,Central,GH,859.6959635485703,LDES
2029,Central,GR,874.7267422996554,LDES
2029,Central,GT,817.7048265155432,LDES
2029,Central,HN,832.576499553073,LDES
2029,Central,HU,1308.7917038225658,LDES
2029,Central,ID,819.0216890247356,LDES
2029,Central,IE,1071.9258947476017,LDES
2029,Central,IL,888.0632950077483,LDES
2029,Central,IN,719.3330061652805,LDES
2029,Central,IR,1458.2098549463371,LDES
2029,Central,IT,878.06033630664,LDES
2029,Central,JM,833.7655374160106,LDES
2029,Central,JO,821.669701721889,LDES
2029,Central,JP,858.3965090574982,LDES
2029,Central,KE,899.4976284391757,LDES
2029,Central,KH,835.3552310874448,LDES
2029,Central,KR,858.4782409406292,LDES
2029,Central,KW,807.5008813337148,LDES
2029,Central,KZ,959.7980455963738,LDES
2029,Central,LC,841.2719469391345,LDES
2029,Central,LK,793.3119484173951,LDES
2029,Central,LY,694.2090896589746,LDES
2029,Central,MA,1622.0516843338376,LDES
2029,Central,MG,834.3717213476021,LDES
2029,Central,MM,962.291418690371,LDES
2029,Central,MN,899.2301861433343,LDES
2029,Central,MR,804.3725484687264,LDES
2029,Central,MU,806.1386698569132,LDES
2029,Central,MX,777.7860501752207,LDES
2029,Central,MY,961.0930495267206,LDES
2029,Central,NE,1007.1997971868774,LDES
2029,Central,NG,888.1147598374815,LDES
2029,Central,NI,1152.5264273097237,LDES
2029,Central,NL,929.3338586669307,LDES
2029,Central,NO,1444.3241936781665,LDES
2029,Central,NP,917.4115482920098,LDES
2029,Central,NZ,1095.9632566386845,LDES
2029,Central,OM,852.4622296987172,LDES
2029,Central,PA,815.6920243388356,LDES
2029,Central,PE,663.7538503342358,LDES
2029,Central,PH,793.7971481761552,LDES
2029,Central,PK,764.5053970148617,LDES
2029,Central,PL,992.6634090665177,LDES
2029,Central,PS,906.6070676736234,LDES
2029,Central,PT,855.6732995004166,LDES
2029,Central,PY,755.3482045041509,LDES
2029,Central,RO,885.4561798851179,LDES
2029,Central,RU,932.2124346936937,LDES
2029,Central,RW,856.5651291280893,LDES
2029,Central,SA,840.6896773812865,LDES
2029,Central,SE,1279.2421704500387,LDES
2029,Central,SK,1378.880613224972,LDES
2029,Central,SN,802.6550709443292,LDES
2029,Central,SR,951.4381626112483,LDES
2029,Central,SV,818.1439150658726,LDES
2029,Central,TH,797.9010356828362,LDES
2029,Central,TN,806.950538570165,LDES
2029,Central,TR,871.2529537056305,LDES
2029,Central,TW,834.4460609558524,LDES
2029,Central,UA,1114.5058367433412,LDES
2029,Central,UG,922.1993100720574,LDES
2029,Central,US,482.5834372587236,LDES
2029,Central,UY,991.1177769893053,LDES
2029,Central,UZ,936.4246171701113,LDES
2029,Central,VN,814.5062101120641,LDES
2029,Central,ZA,688.21176490427,LDES
2029,Central,ZM,852.5567019723906,LDES
2029,Optimistic,AE,756.9344792056793,LDES
2029,Optimistic,AF,822.2705736643268,LDES
2029,Optimistic,AR,735.2360647481802,LDES
2029,Optimistic,AT,767.310565285205,LDES
2029,Optimistic,AU,624.0238847859773,LDES
2029,Optimistic,BD,775.4666544867167,LDES
2029,Optimistic,BE,671.7388251698953,LDES
2029,Optimistic,BF,827.2159104205683,LDES
2029,Optimistic,BG,759.1566704614821,LDES
2029,Optimistic,BH,795.3064667674902,LDES
2029,Optimistic,BI,766.3892643336571,LDES
2029,Optimistic,BO,763.4095994108468,LDES
2029,Optimistic,BR,582.2419524898839,LDES
2029,Optimistic,BY,802.3329834658136,LDES
2029,Optimistic,CA,630.3463484204212,LDES
2029,Optimistic,CH,1051.6057912163556,LDES
2029,Optimistic,CL,733.2503087291917,LDES
2029,Optimistic,CN,490.2985458940708,LDES
2029,Optimistic,CO,752.0011394378656,LDES
2029,Optimistic,CR,762.1366435480318,LDES
2029,Optimistic,CU,683.4314583414877,LDES
2029,Optimistic,CV,732.0958775554958,LDES
2029,Optimistic,CZ,1002.33777703167,LDES
2029,Optimistic,DE,681.5240534128151,LDES
2029,Optimistic,DK,783.9531911421981,LDES
2029,Optimistic,DO,719.1904672456373,LDES
2029,Optimistic,DZ,824.7965996951124,LDES
2029,Optimistic,EC,798.518704952252,LDES
2029,Optimistic,EE,889.4540033780655,LDES
2029,Optimistic,EG,707.921094091266,LDES
2029,Optimistic,ES,633.5132699107894,LDES
2029,Optimistic,ET,814.8464362165863,LDES
2029,Optimistic,FI,1153.4394998228452,LDES
2029,Optimistic,FJ,711.0843447772972,LDES
2029,Optimistic,FR,613.1138072712815,LDES
2029,Optimistic,GB,708.0964399625823,LDES
2029,Optimistic,GF,817.8603953419027,LDES
2029,Optimistic,GH,774.916672801451,LDES
2029,Optimistic,GR,780.9350694588608,LDES
2029,Optimistic,GT,735.0900789895738,LDES
2029,Optimistic,HN,746.4823416583706,LDES
2029,Optimistic,HU,1092.3463576392733,LDES
2029,Optimistic,ID,732.8595477453679,LDES
2029,Optimistic,IE,910.4976894115147,LDES
2029,Optimistic,IL,793.5405951373529,LDES
2029,Optimistic,IN,645.6341833741615,LDES
2029,Optimistic,IR,1239.6202279654192,LDES
2029,Optimistic,IT,783.5728007045745,LDES
2029,Optimistic,JM,745.0513893654453,LDES
2029,Optimistic,JO,731.6768340255345,LDES
2029,Optimistic,JP,766.5131900011827,LDES
2029,Optimistic,KE,806.6491639344453,LDES
2029,Optimistic,KH,743.679449445825,LDES
2029,Optimistic,KR,764.7473414216662,LDES
2029,Optimistic,KW,719.3416093724214,LDES
2029,Optimistic,KZ,840.7504346233465,LDES
2029,Optimistic,LC,757.4320131224997,LDES
2029,Optimistic,LK,711.6407438783901,LDES
2029,Optimistic,LY,620.7845175410226,LDES
2029,Optimistic,MA,1293.1130111869873,LDES
2029,Optimistic,MG,749.3497553758392,LDES
2029,Optimistic,MM,865.8180115877145,LDES
2029,Optimistic,MN,779.3820256845538,LDES
2029,Optimistic,MR,710.6182081129127,LDES
2029,Optimistic,MU,725.0417255920919,LDES
2029,Optimistic,MX,696.9915751280871,LDES
2029,Optimistic,MY,861.6915331087814,LDES
2029,Optimistic,NE,898.9568574564769,LDES
2029,Optimistic,NG,801.41536550431,LDES
2029,Optimistic,NI,967.7084999808484,LDES
2029,Optimistic,NL,783.9540110530818,LDES
2029,Optimistic,NO,1166.4003058518467,LDES
2029,Optimistic,NP,823.1970720031284,LDES
2029,Optimistic,NZ,913.4221802090817,LDES
2029,Optimistic,OM,766.9405354724055,LDES
2029,Optimistic,PA,728.9747335182418,LDES
2029,Optimistic,PE,592.0060581323879,LDES
2029,Optimistic,PH,712.1019395560157,LDES
2029,Optimistic,PK,681.5547228850874,LDES
2029,Optimistic,PL,848.631447857623,LDES
2029,Optimistic,PS,808.1512723152694,LDES
2029,Optimistic,PT,766.553186288941,LDES
2029,Optimistic,PY,678.525932496,LDES
2029,Optimistic,RO,777.6388547299139,LDES
2029,Optimistic,RU,823.9837136911484,LDES
2029,Optimistic,RW,771.9089252121971,LDES
2029,Optimistic,SA,748.5225536620404,LDES
2029,Optimistic,SE,1052.0189296210613,LDES
2029,Optimistic,SK,1146.9438211593288,LDES
2029,Optimistic,SN,717.4824454339364,LDES
2029,Optimistic,SR,854.6828135121922,LDES
2029,Optimistic,SV,738.2492061543613,LDES
2029,Optimistic,TH,717.4809306609097,LDES
2029,Optimistic,TN,723.8785045851417,LDES
2029,Optimistic,TR,777.555913635728,LDES
2029,Optimistic,TW,746.6779490427213,LDES
2029,Optimistic,UA,962.4654518447105,LDES
2029,Optimistic,UG,834.2140765443967,LDES
2029,Optimistic,US,433.24763528379043,LDES
2029,Optimistic,UY,833.6593289989557,LDES
2029,Optimistic,UZ,834.6881039730413,LDES
2029,Optimistic,VN,728.5969923327247,LDES
2029,Optimistic,ZA,621.9725471279872,LDES
2029,Optimistic,ZM,769.0372767007307,LDES
2030,Conservative,AE,1205.3839588025062,LDES
2030,Conservative,AF,1275.4588945149164,LDES
2030,Conservative,AR,1288.270944487532,LDES
2030,Conservative,AT,1268.753875422641,LDES
2030,Conservative,AU,994.6711195693139,LDES
2030,Conservative,BD,1241.857470539096,LDES
2030,Conservative,BE,1100.1998112364204,LDES
2030,Conservative,BF,1296.0025842596203,LDES
2030,Conservative,BG,1240.8716356179373,LDES
2030,Conservative,BH,1281.1531077476434,LDES
2030,Conservative,BI,1229.4270795002424,LDES
2030,Conservative,BO,1221.7371726888168,LDES
2030,Conservative,BR,923.0214426551893,LDES
2030,Conservative,BY,1320.071257157823,LDES
2030,Conservative,CA,1162.5689623046585,LDES
2030,Conservative,CH,2020.589241605192,LDES
2030,Conservative,CL,1171.942756263077,LDES
2030,Conservative,CN,801.5978158004478,LDES
2030,Conservative,CO,1183.2605433129925,LDES
2030,Conservative,CR,1250.4552955513586,LDES
2030,Conservative,CU,1121.9200158886702,LDES
2030,Conservative,CV,1268.8759579393745,LDES
2030,Conservative,CZ,1845.4481679691023,LDES
2030,Conservative,DE,1133.8994341367377,LDES
2030,Conservative,DK,1468.547082177601,LDES
2030,Conservative,DO,1152.2509075131436,LDES
2030,Conservative,DZ,1306.299760429833,LDES
2030,Conservative,EC,1247.65983858227,LDES
2030,Conservative,EE,1664.109828106238,LDES
2030,Conservative,EG,1163.1888287809409,LDES
2030,Conservative,ES,1027.7195539437773,LDES
2030,Conservative,ET,1323.2635296684105,LDES
2030,Conservative,FI,2364.095236018047,LDES
2030,Conservative,FJ,1165.5352817854175,LDES
2030,Conservative,FR,989.3246789567406,LDES
2030,Conservative,GB,1292.1231958624455,LDES
2030,Conservative,GF,1308.1638968508962,LDES
2030,Conservative,GH,1216.7853405673873,LDES
2030,Conservative,GR,1255.1124527837828,LDES
2030,Conservative,GT,1169.7694453456493,LDES
2030,Conservative,HN,1194.664417917724,LDES
2030,Conservative,HU,2079.0185708500335,LDES
2030,Conservative,ID,1171.0238127271823,LDES
2030,Conservative,IE,1641.0207183547316,LDES
2030,Conservative,IL,1278.3643817560014,LDES
2030,Conservative,IN,1032.6349509210804,LDES
2030,Conservative,IR,2352.688721915473,LDES
2030,Conservative,IT,1265.1473247067267,LDES
2030,Conservative,JM,1198.9674341727423,LDES
2030,Conservative,JO,1178.598743634484,LDES
2030,Conservative,JP,1235.5293143929161,LDES
2030,Conservative,KE,1281.4315795652394,LDES
2030,Conservative,KH,1216.3010620359564,LDES
2030,Conservative,KR,1239.7228764935262,LDES
2030,Conservative,KW,1168.6499471271386,LDES
2030,Conservative,KZ,1391.4811229155982,LDES
2030,Conservative,LC,1194.2905594222825,LDES
2030,Conservative,LK,1141.7014234538092,LDES
2030,Conservative,LY,1002.4743434061513,LDES
2030,Conservative,MA,2799.665071293731,LDES
2030,Conservative,MG,1196.7575707262665,LDES
2030,Conservative,MM,1354.0881314170274,LDES
2030,Conservative,MN,1347.4752388293882,LDES
2030,Conservative,MR,1170.3560421041423,LDES
2030,Conservative,MU,1147.786422925574,LDES
2030,Conservative,MX,1118.3692061942459,LDES
2030,Conservative,MY,1354.4920689483927,LDES
2030,Conservative,NE,1427.094580468498,LDES
2030,Conservative,NG,1254.5950079175489,LDES
2030,Conservative,NI,1828.1836945344473,LDES
2030,Conservative,NL,1471.1622702863087,LDES
2030,Conservative,NO,2400.3480325327932,LDES
2030,Conservative,NP,1299.4589888400806,LDES
2030,Conservative,NZ,1750.396131603203,LDES
2030,Conservative,OM,1204.860444141355,LDES
2030,Conservative,PA,1176.4440491549753,LDES
2030,Conservative,PE,977.7579115240432,LDES
2030,Conservative,PH,1133.9673489412876,LDES
2030,Conservative,PK,1112.1223007295985,LDES
2030,Conservative,PL,1540.2721974208866,LDES
2030,Conservative,PS,1303.1278484984807,LDES
2030,Conservative,PT,1230.470627784361,LDES
2030,Conservative,PY,1077.2036287494277,LDES
2030,Conservative,RO,1284.551493390478,LDES
2030,Conservative,RU,1354.446933195047,LDES
2030,Conservative,RW,1211.0461600779533,LDES
2030,Conservative,SA,1212.3260632025792,LDES
2030,Conservative,SE,2123.429928593832,LDES
2030,Conservative,SK,2203.6757240265138,LDES
2030,Conservative,SN,1145.1764121417978,LDES
2030,Conservative,SR,1346.7205268344485,LDES
2030,Conservative,SV,1164.0207874166474,LDES
2030,Conservative,TH,1135.6804563026315,LDES
2030,Conservative,TN,1148.0761623043015,LDES
2030,Conservative,TR,1254.7067001537546,LDES
2030,Conservative,TW,1193.7768877542305,LDES
2030,Conservative,UA,1703.7398888978742,LDES
2030,Conservative,UG,1290.2526932487497,LDES
2030,Conservative,US,697.4100433467163,LDES
2030,Conservative,UY,1578.8131970753273,LDES
2030,Conservative,UZ,1345.1116795988007,LDES
2030,Conservative,VN,1171.0112136647024,LDES
2030,Conservative,ZA,975.4133927847747,LDES
2030,Conservative,ZM,1206.283803233554,LDES
2030,Central,AE,929.0392852238907,LDES
2030,Central,AF,992.6419407433948,LDES
2030,Central,AR,932.9376678175132,LDES
2030,Central,AT,946.2368252452204,LDES
2030,Central,AU,767.5552530056428,LDES
2030,Central,BD,946.262677983255,LDES
2030,Central,BE,827.228844615834,LDES
2030,Central,BF,1001.680607323361,LDES
2030,Central,BG,934.3991654068136,LDES
2030,Central,BH,973.4854889536788,LDES
2030,Central,BI,938.8457374106584,LDES
2030,Central,BO,935.058838653803,LDES
2030,Central,BR,714.013942762937,LDES
2030,Central,BY,984.8642101937683,LDES
2030,Central,CA,802.3531495213006,LDES
2030,Central,CH,1346.6616688901781,LDES
2030,Central,CL,900.9307064317743,LDES
2030,Central,CN,608.4728137289277,LDES
2030,Central,CO,921.0944104439817,LDES
2030,Central,CR,940.4143640293084,LDES
2030,Central,CU,845.2586571600863,LDES
2030,Central,CV,921.6422604608916,LDES
2030,Central,CZ,1262.3601427847977,LDES
2030,Central,DE,826.1712241985706,LDES
2030,Central,DK,998.6795986906211,LDES
2030,Central,DO,885.762610074084,LDES
2030,Central,DZ,1000.8585234453465,LDES
2030,Central,EC,969.9253607770814,LDES
2030,Central,EE,1123.61971278881,LDES
2030,Central,EG,875.16012923019,LDES
2030,Central,ES,777.60249547759,LDES
2030,Central,ET,996.8353041559376,LDES
2030,Central,FI,1493.5945658150806,LDES
2030,Central,FJ,875.5702947358692,LDES
2030,Central,FR,752.5358984049218,LDES
2030,Central,GB,897.9988635486781,LDES
2030,Central,GF,1000.6411429455717,LDES
2030,Central,GH,944.6321438953031,LDES
2030,Central,GR,953.8195510506849,LDES
2030,Central,GT,902.6289836397569,LDES
2030,Central,HN,916.7918779605146,LDES
2030,Central,HU,1387.7214140729686,LDES
2030,Central,ID,896.3534260671593,LDES
2030,Central,IE,1132.6291172598185,LDES
2030,Central,IL,974.5887661536913,LDES
2030,Central,IN,794.2574609278327,LDES
2030,Central,IR,1591.6449069495109,LDES
2030,Central,IT,961.2771281998118,LDES
2030,Central,JM,914.8269505282251,LDES
2030,Central,JO,892.2187916318965,LDES
2030,Central,JP,940.2712412681083,LDES
2030,Central,KE,985.5534925269247,LDES
2030,Central,KH,921.1044120037701,LDES
2030,Central,KR,940.0274154092115,LDES
2030,Central,KW,885.3287275389931,LDES
2030,Central,KZ,1023.5490254761833,LDES
2030,Central,LC,925.3517981698727,LDES
2030,Central,LK,876.9207530535851,LDES
2030,Central,LY,766.8300912112717,LDES
2030,Central,MA,1716.8689993385772,LDES
2030,Central,MG,921.8030038740403,LDES
2030,Central,MM,1047.9091597225174,LDES
2030,Central,MN,965.7032651025012,LDES
2030,Central,MR,870.9166819325884,LDES
2030,Central,MU,886.4237003060454,LDES
2030,Central,MX,857.5397250642591,LDES
2030,Central,MY,1041.2139086130717,LDES
2030,Central,NE,1085.2549278995314,LDES
2030,Central,NG,976.3886704672007,LDES
2030,Central,NI,1233.8298166217364,LDES
2030,Central,NL,1000.3191155442915,LDES
2030,Central,NO,1512.086713520605,LDES
2030,Central,NP,998.4288370110055,LDES
2030,Central,NZ,1167.6618905062026,LDES
2030,Central,OM,932.9201580181824,LDES
2030,Central,PA,897.2353850339218,LDES
2030,Central,PE,737.1068516940101,LDES
2030,Central,PH,870.6128609862529,LDES
2030,Central,PK,843.0516294088361,LDES
2030,Central,PL,1072.5948701171603,LDES
2030,Central,PS,988.3622893168704,LDES
2030,Central,PT,941.7131039677844,LDES
2030,Central,PY,832.3478657376662,LDES
2030,Central,RO,950.1178593622916,LDES
2030,Central,RU,1008.9456693313967,LDES
2030,Central,RW,940.1042752179882,LDES
2030,Central,SA,919.3338983021016,LDES
2030,Central,SE,1374.3065424189206,LDES
2030,Central,SK,1460.9870427060328,LDES
2030,Central,SN,873.2666333071014,LDES
2030,Central,SR,1037.4929685921247,LDES
2030,Central,SV,905.1487784803716,LDES
2030,Central,TH,877.8973461617455,LDES
2030,Central,TN,882.3284913553617,LDES
2030,Central,TR,952.2928985876467,LDES
2030,Central,TW,913.4038570335808,LDES
2030,Central,UA,1208.329473483935,LDES
2030,Central,UG,1008.2933929881983,LDES
2030,Central,US,538.864561952496,LDES
2030,Central,UY,1067.963925040308,LDES
2030,Central,UZ,1019.5677670888678,LDES
2030,Central,VN,894.6691660178785,LDES
2030,Central,ZA,760.8830684512294,LDES
2030,Central,ZM,937.6425718917349,LDES
2030,Optimistic,AE,836.9243940310189,LDES
2030,Optimistic,AF,898.3696228195543,LDES
2030,Optimistic,AR,814.4932422608401,LDES
2030,Optimistic,AT,838.7311418527466,LDES
2030,Optimistic,AU,691.8499641510858,LDES
2030,Optimistic,BD,847.7310804646412,LDES
2030,Optimistic,BE,736.2385224089718,LDES
2030,Optimistic,BF,903.5732816779409,LDES
2030,Optimistic,BG,832.2416753364389,LDES
2030,Optimistic,BH,870.9296160223573,LDES
2030,Optimistic,BI,841.985290047464,LDES
2030,Optimistic,BO,839.4993939754647,LDES
2030,Optimistic,BR,644.3447761321861,LDES
2030,Optimistic,BY,873.1285278724166,LDES
2030,Optimistic,CA,682.2812119268481,LDES
2030,Optimistic,CH,1122.0191446518397,LDES
2030,Optimistic,CL,810.5933564880067,LDES
2030,Optimistic,CN,544.0978130384208,LDES
2030,Optimistic,CO,833.705699487645,LDES
2030,Optimistic,CR,837.0673868552917,LDES
2030,Optimistic,CU,753.0382042505581,LDES
2030,Optimistic,CV,805.8976946347308,LDES
2030,Optimistic,CZ,1067.9974677233627,LDES
2030,Optimistic,DE,723.5951542191816,LDES
2030,Optimistic,DK,842.0571041949614,LDES
2030,Optimistic,DO,796.9331775943974,LDES
2030,Optimistic,DZ,899.0447777838508,LDES
2030,Optimistic,EC,877.3472015086852,LDES
2030,Optimistic,EE,943.4563410163342,LDES
2030,Optimistic,EG,779.1505627132731,LDES
2030,Optimistic,ES,694.2301426555276,LDES
2030,Optimistic,ET,888.0258956517799,LDES
2030,Optimistic,FI,1203.4276757474254,LDES
2030,Optimistic,FJ,778.9152990526864,LDES
2030,Optimistic,FR,673.6063048876487,LDES
2030,Optimistic,GB,766.6240861107557,LDES
2030,Optimistic,GF,898.1335583104635,LDES
2030,Optimistic,GH,853.9144116712749,LDES
2030,Optimistic,GR,853.3885838063192,LDES
2030,Optimistic,GT,813.582163071126,LDES
2030,Optimistic,HN,824.1676979747783,LDES
2030,Optimistic,HU,1157.2890284806138,LDES
2030,Optimistic,ID,804.7966305138184,LDES
2030,Optimistic,IE,963.1652502281808,LDES
2030,Optimistic,IL,873.3302276195877,LDES
2030,Optimistic,IN,714.7982975967502,LDES
2030,Optimistic,IR,1337.9636352941905,LDES
2030,Optimistic,IT,859.9870626975069,LDES
2030,Optimistic,JM,820.1134559800525,LDES
2030,Optimistic,JO,796.7588076310338,LDES
2030,Optimistic,JP,841.8518835598388,LDES
2030,Optimistic,KE,886.9274635141531,LDES
2030,Optimistic,KH,822.7055286597077,LDES
2030,Optimistic,KR,840.1289283811068,LDES
2030,Optimistic,KW,790.8883210096112,LDES
2030,Optimistic,KZ,900.9049929963782,LDES
2030,Optimistic,LC,835.7055444190694,LDES
2030,Optimistic,LK,788.6605295868436,LDES
2030,Optimistic,LY,688.2820071463119,LDES
2030,Optimistic,MA,1355.936975353526,LDES
2030,Optimistic,MG,830.1514815899649,LDES
2030,Optimistic,MM,945.8495024910143,LDES
2030,Optimistic,MN,838.4459405268722,LDES
2030,Optimistic,MR,771.1035618754038,LDES
2030,Optimistic,MU,799.3027927662024,LDES
2030,Optimistic,MX,770.5965646875969,LDES
2030,Optimistic,MY,936.7878551679648,LDES
2030,Optimistic,NE,971.3083770432094,LDES
2030,Optimistic,NG,883.6532246504179,LDES
2030,Optimistic,NI,1035.7118573174998,LDES
2030,Optimistic,NL,843.3713972969524,LDES
2030,Optimistic,NO,1215.9996071832084,LDES
2030,Optimistic,NP,898.0854530679806,LDES
2030,Optimistic,NZ,973.4171434738689,LDES
2030,Optimistic,OM,842.2733959771249,LDES
2030,Optimistic,PA,804.1658303269039,LDES
2030,Optimistic,PE,656.8898317506657,LDES
2030,Optimistic,PH,782.8280316679078,LDES
2030,Optimistic,PK,753.3614056352487,LDES
2030,Optimistic,PL,916.7024276825853,LDES
2030,Optimistic,PS,883.4404362563334,LDES
2030,Optimistic,PT,845.4605960289257,LDES
2030,Optimistic,PY,750.7292780670791,LDES
2030,Optimistic,RO,838.6399813528961,LDES
2030,Optimistic,RU,893.7785813768469,LDES
2030,Optimistic,RW,849.7903135979998,LDES
2030,Optimistic,SA,821.6698433352757,LDES
2030,Optimistic,SE,1124.5987470272833,LDES
2030,Optimistic,SK,1213.4241489325395,LDES
2030,Optimistic,SN,782.6300403622025,LDES
2030,Optimistic,SR,934.4171158446836,LDES
2030,Optimistic,SV,818.8581088349462,LDES
2030,Optimistic,TH,791.9696427814505,LDES
2030,Optimistic,TN,793.7459343723817,LDES
2030,Optimistic,TR,851.488298065611,LDES
2030,Optimistic,TW,819.9461801266976,LDES
2030,Optimistic,UA,1043.1926683459558,LDES
2030,Optimistic,UG,914.3069595680143,LDES
2030,Optimistic,US,486.0160681544227,LDES
2030,Optimistic,UY,897.6808343619682,LDES
2030,Optimistic,UZ,911.053129585557,LDES
2030,Optimistic,VN,802.5551501356039,LDES
2030,Optimistic,ZA,689.3729603400475,LDES
2030,Optimistic,ZM,848.0954947777951,LDES
2031,Conservative,AE,1201.3296037898158,LDES
2031,Conservative,AF,1268.6055849544905,LDES
2031,Conservative,AR,1270.0600441740864,LDES
2031,Conservative,AT,1251.789508237324,LDES
2031,Conservative,AU,992.773128561058,LDES
2031,Conservative,BD,1233.0096382715058,LDES
2031,Conservative,BE,1097.9698300641783,LDES
2031,Conservative,BF,1284.7331171269905,LDES
2031,Conservative,BG,1234.1505690481602,LDES
2031,Conservative,BH,1270.53275582831,LDES
2031,Conservative,BI,1223.5977907743134,LDES
2031,Conservative,BO,1217.9325777764054,LDES
2031,Conservative,BR,922.7337945738194,LDES
2031,Conservative,BY,1302.380965656446,LDES
2031,Conservative,CA,1148.4157434258575,LDES
2031,Conservative,CH,2006.0698646391631,LDES
2031,Conservative,CL,1166.8989014995848,LDES
2031,Conservative,CN,802.6850022192828,LDES
2031,Conservative,CO,1180.5537974446886,LDES
2031,Conservative,CR,1246.0862478792849,LDES
2031,Conservative,CU,1118.1566852407693,LDES
2031,Conservative,CV,1194.8663105610647,LDES
2031,Conservative,CZ,1788.9222425708183,LDES
2031,Conservative,DE,1144.8013229127862,LDES
2031,Conservative,DK,1462.5499491178593,LDES
2031,Conservative,DO,1149.8748179149038,LDES
2031,Conservative,DZ,1298.1388831193437,LDES
2031,Conservative,EC,1239.7987686790173,LDES
2031,Conservative,EE,1645.6042971484583,LDES
2031,Conservative,EG,1160.054249597598,LDES
2031,Conservative,ES,1020.6601614010253,LDES
2031,Conservative,ET,1314.4338006977207,LDES
2031,Conservative,FI,2264.8568689746303,LDES
2031,Conservative,FJ,1162.3218658626279,LDES
2031,Conservative,FR,985.9429624920932,LDES
2031,Conservative,GB,1289.171213239982,LDES
2031,Conservative,GF,1299.2787727953146,LDES
2031,Conservative,GH,1212.6247582701117,LDES
2031,Conservative,GR,1248.6168102632942,LDES
2031,Conservative,GT,1168.8578177055217,LDES
2031,Conservative,HN,1191.768196555452,LDES
2031,Conservative,HU,2061.3071323825757,LDES
2031,Conservative,ID,1164.7172218262392,LDES
2031,Conservative,IE,1624.4520888139243,LDES
2031,Conservative,IL,1273.2480242839652,LDES
2031,Conservative,IN,1030.908137309404,LDES
2031,Conservative,IR,2292.3236286649208,LDES
2031,Conservative,IT,1258.8535689654618,LDES
2031,Conservative,JM,1195.2464260081551,LDES
2031,Conservative,JO,1168.0661626808405,LDES
2031,Conservative,JP,1229.599056095945,LDES
2031,Conservative,KE,1285.4860539797073,LDES
2031,Conservative,KH,1213.1429436454246,LDES
2031,Conservative,KR,1234.6331064906306,LDES
2031,Conservative,KW,1163.9604997293563,LDES
2031,Conservative,KZ,1396.1492030678087,LDES
2031,Conservative,LC,1190.6814586041667,LDES
2031,Conservative,LK,1138.9415913241216,LDES
2031,Conservative,LY,1002.3887330806651,LDES
2031,Conservative,MA,2784.3799453872243,LDES
2031,Conservative,MG,1194.0773320969708,LDES
2031,Conservative,MM,1341.6783896216264,LDES
2031,Conservative,MN,1348.4010828986943,LDES
2031,Conservative,MR,1162.4617229886248,LDES
2031,Conservative,MU,1144.4047114690568,LDES
2031,Conservative,MX,1118.7968438854066,LDES
2031,Conservative,MY,1340.7731843419754,LDES
2031,Conservative,NE,1410.1750784681042,LDES
2031,Conservative,NG,1250.0415758040544,LDES
2031,Conservative,NI,1815.9436005303564,LDES
2031,Conservative,NL,1469.362662492138,LDES
2031,Conservative,NO,2370.690415088687,LDES
2031,Conservative,NP,1289.5043419576775,LDES
2031,Conservative,NZ,1725.6420591046433,LDES
2031,Conservative,OM,1197.227214241979,LDES
2031,Conservative,PA,1171.5783517559203,LDES
2031,Conservative,PE,986.0956468363787,LDES
2031,Conservative,PH,1130.4472289855892,LDES
2031,Conservative,PK,1108.0022102825667,LDES
2031,Conservative,PL,1528.7837037035747,LDES
2031,Conservative,PS,1293.2497472046848,LDES
2031,Conservative,PT,1222.0697843621635,LDES
2031,Conservative,PY,1074.6653297660407,LDES
2031,Conservative,RO,1253.2789352621194,LDES
2031,Conservative,RU,1335.4065394643756,LDES
2031,Conservative,RW,1207.7775777973445,LDES
2031,Conservative,SA,1207.4080488148936,LDES
2031,Conservative,SE,2099.0688719471545,LDES
2031,Conservative,SK,2180.560906947326,LDES
2031,Conservative,SN,1129.9583168381346,LDES
2031,Conservative,SR,1336.7324892244558,LDES
2031,Conservative,SV,1161.7351981571278,LDES
2031,Conservative,TH,1132.4914432750165,LDES
2031,Conservative,TN,1142.2785621284393,LDES
2031,Conservative,TR,1250.5870153831588,LDES
2031,Conservative,TW,1187.6254529243665,LDES
2031,Conservative,UA,1695.8221280496878,LDES
2031,Conservative,UG,1280.0951986250516,LDES
2031,Conservative,US,701.9508005266485,LDES
2031,Conservative,UY,1569.211736324572,LDES
2031,Conservative,UZ,1335.0016189164007,LDES
2031,Conservative,VN,1166.1282776906774,LDES
2031,Conservative,ZA,974.516076579397,LDES
2031,Conservative,ZM,1200.7972298640457,LDES
2031,Central,AE,927.8619533588301,LDES
2031,Central,AF,988.6261726417379,LDES
2031,Central,AR,924.5589844378005,LDES
2031,Central,AT,938.667386078258,LDES
2031,Central,AU,767.6996908673377,LDES
2031,Central,BD,941.8438444685315,LDES
2031,Central,BE,827.796450906964,LDES
2031,Central,BF,995.4564932209921,LDES
2031,Central,BG,931.2440768834497,LDES
2031,Central,BH,968.5513424236798,LDES
2031,Central,BI,936.7216130134493,LDES
2031,Central,BO,934.478201708316,LDES
2031,Central,BR,715.1409610590184,LDES
2031,Central,BY,974.7188378260028,LDES
2031,Central,CA,796.5162495439251,LDES
2031,Central,CH,1338.3165478580506,LDES
2031,Central,CL,898.679563092524,LDES
2031,Central,CN,611.3208680803149,LDES
2031,Central,CO,920.8861193468986,LDES
2031,Central,CR,938.9623171707352,LDES
2031,Central,CU,844.9965090309903,LDES
2031,Central,CV,886.2474611271543,LDES
2031,Central,CZ,1233.0152845234063,LDES
2031,Central,DE,832.5185656802552,LDES
2031,Central,DK,995.7206741539391,LDES
2031,Central,DO,885.7941052964327,LDES
2031,Central,DZ,995.6412784301999,LDES
2031,Central,EC,965.9619625131669,LDES
2031,Central,EE,1113.4943715227869,LDES
2031,Central,EG,873.6441071514716,LDES
2031,Central,ES,774.5006720068986,LDES
2031,Central,ET,991.1201896419634,LDES
2031,Central,FI,1441.5593845830101,LDES
2031,Central,FJ,875.6414789721722,LDES
2031,Central,FR,752.3614660152101,LDES
2031,Central,GB,896.8017447157879,LDES
2031,Central,GF,996.4104000931081,LDES
2031,Central,GH,943.2161822174718,LDES
2031,Central,GR,950.748847599898,LDES
2031,Central,GT,903.6098963003694,LDES
2031,Central,HN,916.1498164451788,LDES
2031,Central,HU,1377.065674938064,LDES
2031,Central,ID,893.9878133609411,LDES
2031,Central,IE,1121.8130351277755,LDES
2031,Central,IL,972.7524438708334,LDES
2031,Central,IN,794.6788606211813,LDES
2031,Central,IR,1552.0049761762896,LDES
2031,Central,IT,958.4068364236595,LDES
2031,Central,JM,913.8246069870927,LDES
2031,Central,JO,886.2356309894932,LDES
2031,Central,JP,937.80883626125,LDES
2031,Central,KE,988.1974278836308,LDES
2031,Central,KH,921.5196775863988,LDES
2031,Central,KR,938.4132563312248,LDES
2031,Central,KW,883.8170662144514,LDES
2031,Central,KZ,1025.33458334273,LDES
2031,Central,LC,924.5373549295995,LDES
2031,Central,LK,876.5495078239453,LDES
2031,Central,LY,768.5527491809733,LDES
2031,Central,MA,1704.5496528688734,LDES
2031,Central,MG,921.9643752669713,LDES
2031,Central,MM,1040.6236307712377,LDES
2031,Central,MN,966.7153930969178,LDES
2031,Central,MR,866.8674544262041,LDES
2031,Central,MU,885.5216769767699,LDES
2031,Central,MX,859.5368551185901,LDES
2031,Central,MY,1033.2509216262947,LDES
2031,Central,NE,1074.9878605325011,LDES
2031,Central,NG,974.6112535114156,LDES
2031,Central,NI,1227.0148067143364,LDES
2031,Central,NL,997.9592351024133,LDES
2031,Central,NO,1495.5867551414294,LDES
2031,Central,NP,992.6140480827913,LDES
2031,Central,NZ,1155.0470468896754,LDES
2031,Central,OM,929.424298656798,LDES
2031,Central,PA,895.2403805022847,LDES
2031,Central,PE,741.3658770482308,LDES
2031,Central,PH,869.0022848701408,LDES
2031,Central,PK,841.2096007189027,LDES
2031,Central,PL,1066.305154781347,LDES
2031,Central,PS,982.764716307495,LDES
2031,Central,PT,937.5011355313083,LDES
2031,Central,PY,832.4874939382651,LDES
2031,Central,RO,934.6041876778613,LDES
2031,Central,RU,997.2384093726861,LDES
2031,Central,RW,939.6637688991933,LDES
2031,Central,SA,917.7558119542318,LDES
2031,Central,SE,1359.5955568806414,LDES
2031,Central,SK,1446.9123274406547,LDES
2031,Central,SN,864.5856273903402,LDES
2031,Central,SR,1031.2680767346078,LDES
2031,Central,SV,904.9620458490837,LDES
2031,Central,TH,877.1789759379682,LDES
2031,Central,TN,879.4378466470499,LDES
2031,Central,TR,950.6377332545062,LDES
2031,Central,TW,911.1597606203577,LDES
2031,Central,UA,1202.727565256978,LDES
2031,Central,UG,1002.1788441560745,LDES
2031,Central,US,544.143721785897,LDES
2031,Central,UY,1062.7416039684304,LDES
2031,Central,UZ,1013.4783910129801,LDES
2031,Central,VN,892.4587158982412,LDES
2031,Central,ZA,761.4303576000191,LDES
2031,Central,ZM,935.3813154606744,LDES
2031,Optimistic,AE,836.2963805178936,LDES
2031,Optimistic,AF,894.8802570583666,LDES
2031,Optimistic,AR,808.8743599418302,LDES
2031,Optimistic,AT,833.8242485463462,LDES
2031,Optimistic,AU,692.3380229653956,LDES
2031,Optimistic,BD,844.3523764311315,LDES
2031,Optimistic,BE,737.333903728481,LDES
2031,Optimistic,BF,898.5975786996578,LDES
2031,Optimistic,BG,829.8214536642547,LDES
2031,Optimistic,BH,867.4384646769611,LDES
2031,Optimistic,BI,840.6664433811601,LDES
2031,Optimistic,BO,839.568758934956,LDES
2031,Optimistic,BR,645.6323493877703,LDES
2031,Optimistic,BY,865.007248956933,LDES
2031,Optimistic,CA,678.6892279969409,LDES
2031,Optimistic,CH,1114.7317294302172,LDES
2031,Optimistic,CL,808.8712902326317,LDES
2031,Optimistic,CN,547.246135525919,LDES
2031,Optimistic,CO,833.9412113995487,LDES
2031,Optimistic,CR,836.1275628436027,LDES
2031,Optimistic,CU,753.5338882326598,LDES
2031,Optimistic,CV,782.9121609796204,LDES
2031,Optimistic,CZ,1046.8801457614638,LDES
2031,Optimistic,DE,727.9564739327333,LDES
2031,Optimistic,DK,839.4115461323116,LDES
2031,Optimistic,DO,797.3715745545177,LDES
2031,Optimistic,DZ,894.3555636017003,LDES
2031,Optimistic,EC,874.2727847183094,LDES
2031,Optimistic,EE,935.3272278863262,LDES
2031,Optimistic,EG,777.7449808043418,LDES
2031,Optimistic,ES,692.0787306142586,LDES
2031,Optimistic,ET,882.8646209963276,LDES
2031,Optimistic,FI,1165.8934853148046,LDES
2031,Optimistic,FJ,779.6518662830083,LDES
2031,Optimistic,FR,674.1510323633997,LDES
2031,Optimistic,GB,765.4241024458893,LDES
2031,Optimistic,GF,895.0005404692236,LDES
2031,Optimistic,GH,853.0097151796217,LDES
2031,Optimistic,GR,851.0132825732776,LDES
2031,Optimistic,GT,814.7965473354982,LDES
2031,Optimistic,HN,823.8641116442107,LDES
2031,Optimistic,HU,1147.9601082881034,LDES
2031,Optimistic,ID,803.3390900770552,LDES
2031,Optimistic,IE,953.5136665901657,LDES
2031,Optimistic,IL,872.1370697549759,LDES
2031,Optimistic,IN,715.5818668536641,LDES
2031,Optimistic,IR,1304.1230003991977,LDES
2031,Optimistic,IT,857.8078181119098,LDES
2031,Optimistic,JM,819.5957282586921,LDES
2031,Optimistic,JO,791.869902400705,LDES
2031,Optimistic,JP,840.1082907435655,LDES
2031,Optimistic,KE,888.655842966068,LDES
2031,Optimistic,KH,823.8750334452864,LDES
2031,Optimistic,KR,839.2295312216708,LDES
2031,Optimistic,KW,790.0162311723824,LDES
2031,Optimistic,KZ,901.1741825808496,LDES
2031,Optimistic,LC,835.4239359464299,LDES
2031,Optimistic,LK,788.6923832362457,LDES
2031,Optimistic,LY,690.2571051336608,LDES
2031,Optimistic,MA,1342.9884987447515,LDES
2031,Optimistic,MG,830.8523964632185,LDES
2031,Optimistic,MM,939.8210261224558,LDES
2031,Optimistic,MN,838.9150160621657,LDES
2031,Optimistic,MR,767.8931937165398,LDES
2031,Optimistic,MU,798.8394923939594,LDES
2031,Optimistic,MX,772.7284543854314,LDES
2031,Optimistic,MY,930.2827932113812,LDES
2031,Optimistic,NE,962.7566347518161,LDES
2031,Optimistic,NG,882.3885163842176,LDES
2031,Optimistic,NI,1029.822918447849,LDES
2031,Optimistic,NL,840.1185369427077,LDES
2031,Optimistic,NO,1202.5745184399882,LDES
2031,Optimistic,NP,893.2058373246832,LDES
2031,Optimistic,NZ,963.9938854963494,LDES
2031,Optimistic,OM,839.7554572586135,LDES
2031,Optimistic,PA,802.7137339476966,LDES
2031,Optimistic,PE,659.422650759615,LDES
2031,Optimistic,PH,781.4622923460917,LDES
2031,Optimistic,PK,751.879041561631,LDES
2031,Optimistic,PL,911.4527867152527,LDES
2031,Optimistic,PS,878.804559894728,LDES
2031,Optimistic,PT,842.218599181202,LDES
2031,Optimistic,PY,751.3987354251445,LDES
2031,Optimistic,RO,827.901856464256,LDES
2031,Optimistic,RU,884.0090804206375,LDES
2031,Optimistic,RW,849.8908306389136,LDES
2031,Optimistic,SA,820.7711303986396,LDES
2031,Optimistic,SE,1111.9966266673594,LDES
2031,Optimistic,SK,1201.2637019429155,LDES
2031,Optimistic,SN,775.7305021595058,LDES
2031,Optimistic,SR,928.9889813166585,LDES
2031,Optimistic,SV,818.9863161998732,LDES
2031,Optimistic,TH,791.6923295711808,LDES
2031,Optimistic,TN,791.4305059577757,LDES
2031,Optimistic,TR,850.2052769912045,LDES
2031,Optimistic,TW,818.5903490399147,LDES
2031,Optimistic,UA,1037.62399254661,LDES
2031,Optimistic,UG,909.1237052439903,LDES
2031,Optimistic,US,491.3049471064093,LDES
2031,Optimistic,UY,893.1594697637896,LDES
2031,Optimistic,UZ,905.822298973408,LDES
2031,Optimistic,VN,800.825536781223,LDES
2031,Optimistic,ZA,690.082555065351,LDES
2031,Optimistic,ZM,846.5117171548263,LDES
2032,Conservative,AE,1198.4351632390726,LDES
2032,Conservative,AF,1259.480733783116,LDES
2032,Conservative,AR,1246.1976743182415,LDES
2032,Conservative,AT,1246.5442283447449,LDES
2032,Conservative,AU,992.9669481241837,LDES
2032,Conservative,BD,1225.226107208616,LDES
2032,Conservative,BE,1101.1925636058727,LDES
2032,Conservative,BF,1273.6380162577464,LDES
2032,Conservative,BG,1228.4036862529026,LDES
2032,Conservative,BH,1261.2214722586707,LDES
2032,Conservative,BI,1218.2670897798498,LDES
2032,Conservative,BO,1212.703240152215,LDES
2032,Conservative,BR,921.7969066676449,LDES
2032,Conservative,BY,1324.4673348655028,LDES
2032,Conservative,CA,1140.5242902436355,LDES
2032,Conservative,CH,1991.5337863133273,LDES
2032,Conservative,CL,1163.3499729844814,LDES
2032,Conservative,CN,802.4942836965431,LDES
2032,Conservative,CO,1178.6894542686043,LDES
2032,Conservative,CR,1242.686421988561,LDES
2032,Conservative,CU,1114.6819485244826,LDES
2032,Conservative,CV,1193.3287804014583,LDES
2032,Conservative,CZ,1774.1139676163993,LDES
2032,Conservative,DE,1092.6783499621674,LDES
2032,Conservative,DK,1452.0213497283464,LDES
2032,Conservative,DO,1149.2462581095099,LDES
2032,Conservative,DZ,1287.2003435466386,LDES
2032,Conservative,EC,1231.4350625336137,LDES
2032,Conservative,EE,1627.2187403875148,LDES
2032,Conservative,EG,1154.196123121945,LDES
2032,Conservative,ES,1015.6944900723707,LDES
2032,Conservative,ET,1306.826128764376,LDES
2032,Conservative,FI,2225.611793819706,LDES
2032,Conservative,FJ,1156.426924649557,LDES
2032,Conservative,FR,982.5606258207739,LDES
2032,Conservative,GB,1266.9524111711337,LDES
2032,Conservative,GF,1290.554724727728,LDES
2032,Conservative,GH,1210.284231391359,LDES
2032,Conservative,GR,1241.841516018061,LDES
2032,Conservative,GT,1168.638256035759,LDES
2032,Conservative,HN,1188.640412603796,LDES
2032,Conservative,HU,2069.6685718865338,LDES
2032,Conservative,ID,1158.3408388435146,LDES
2032,Conservative,IE,1595.5298609734616,LDES
2032,Conservative,IL,1267.0134290015055,LDES
2032,Conservative,IN,1029.2984787742648,LDES
2032,Conservative,IR,2233.1056021549034,LDES
2032,Conservative,IT,1251.4989186221076,LDES
2032,Conservative,JM,1188.6244976215007,LDES
2032,Conservative,JO,1157.8279923542066,LDES
2032,Conservative,JP,1222.7543104264241,LDES
2032,Conservative,KE,1279.2966883332433,LDES
2032,Conservative,KH,1210.9788311325174,LDES
2032,Conservative,KR,1231.342963081344,LDES
2032,Conservative,KW,1158.13418222916,LDES
2032,Conservative,KZ,1379.6940115154591,LDES
2032,Conservative,LC,1186.1349540093195,LDES
2032,Conservative,LK,1138.0350290243316,LDES
2032,Conservative,LY,1001.4693840891739,LDES
2032,Conservative,MA,2783.9566892517882,LDES
2032,Conservative,MG,1191.5565832038162,LDES
2032,Conservative,MM,1326.9804742591425,LDES
2032,Conservative,MN,1267.9510831705218,LDES
2032,Conservative,MR,1137.1589491292773,LDES
2032,Conservative,MU,1141.3259037141702,LDES
2032,Conservative,MX,1119.302686136478,LDES
2032,Conservative,MY,1328.5816123307748,LDES
2032,Conservative,NE,1388.6170443427109,LDES
2032,Conservative,NG,1245.841100455375,LDES
2032,Conservative,NI,1802.6948909670386,LDES
2032,Conservative,NL,1462.1008375570643,LDES
2032,Conservative,NO,2337.513079029538,LDES
2032,Conservative,NP,1279.928970442393,LDES
2032,Conservative,NZ,1713.4954502027645,LDES
2032,Conservative,OM,1190.2613080658073,LDES
2032,Conservative,PA,1167.7541064245036,LDES
2032,Conservative,PE,981.3632475012371,LDES
2032,Conservative,PH,1125.6358266214206,LDES
2032,Conservative,PK,1105.4436154583575,LDES
2032,Conservative,PL,1516.4110510355938,LDES
2032,Conservative,PS,1283.8449722143412,LDES
2032,Conservative,PT,1219.035089496155,LDES
2032,Conservative,PY,1072.495974317671,LDES
2032,Conservative,RO,1241.3485330496599,LDES
2032,Conservative,RU,1350.1519730927619,LDES
2032,Conservative,RW,1204.7322692197886,LDES
2032,Conservative,SA,1204.0154099419815,LDES
2032,Conservative,SE,2075.9401595007134,LDES
2032,Conservative,SK,2158.39410108597,LDES
2032,Conservative,SN,1117.478355198816,LDES
2032,Conservative,SR,1326.3214889788453,LDES
2032,Conservative,SV,1158.9441346291485,LDES
2032,Conservative,TH,1128.780986803722,LDES
2032,Conservative,TN,1135.4766470192815,LDES
2032,Conservative,TR,1244.4905252575304,LDES
2032,Conservative,TW,1182.218063429641,LDES
2032,Conservative,UA,1688.3049814891483,LDES
2032,Conservative,UG,1270.3137497858695,LDES
2032,Conservative,US,708.1141210324411,LDES
2032,Conservative,UY,1554.3680576889428,LDES
2032,Conservative,UZ,1327.1005667755594,LDES
2032,Conservative,VN,1161.0167312599622,LDES
2032,Conservative,ZA,973.1435283572204,LDES
2032,Conservative,ZM,1192.086948623647,LDES
2032,Central,AE,927.7199645167944,LDES
2032,Central,AF,983.1192966770536,LDES
2032,Central,AR,912.517397681845,LDES
2032,Central,AT,936.9103058940794,LDES
2032,Central,AU,768.913191529074,LDES
2032,Central,BD,938.5409380882777,LDES
2032,Central,BE,830.7876045416839,LDES
2032,Central,BF,989.3900485650432,LDES
2032,Central,BG,929.0060554165427,LDES
2032,Central,BH,964.1715011503148,LDES
2032,Central,BI,935.189314119177,LDES
2032,Central,BO,932.4375752088675,LDES
2032,Central,BR,715.6652701761186,LDES
2032,Central,BY,984.3982240777069,LDES
2032,Central,CA,793.7310047809653,LDES
2032,Central,CH,1329.9598838362738,LDES
2032,Central,CL,897.6649140782191,LDES
2032,Central,CN,612.994527289097,LDES
2032,Central,CO,921.0082761387433,LDES
2032,Central,CR,938.4831075501196,LDES
2032,Central,CU,844.9464877916748,LDES
2032,Central,CV,886.7783287547512,LDES
2032,Central,CZ,1224.3608004128776,LDES
2032,Central,DE,807.1383771892461,LDES
2032,Central,DK,989.60356105828,LDES
2032,Central,DO,886.9722640634479,LDES
2032,Central,DZ,989.3088142858302,LDES
2032,Central,EC,961.6226166185629,LDES
2032,Central,EE,1103.3227395110735,LDES
2032,Central,EG,871.3722212908862,LDES
2032,Central,ES,772.161799599902,LDES
2032,Central,ET,986.6716355410491,LDES
2032,Central,FI,1419.4748620714881,LDES
2032,Central,FJ,873.5676708908657,LDES
2032,Central,FR,752.1015929497586,LDES
2032,Central,GB,886.4186353660054,LDES
2032,Central,GF,992.2748691782283,LDES
2032,Central,GH,943.3040314060594,LDES
2032,Central,GR,947.3013526095233,LDES
2032,Central,GT,905.1231399805808,LDES
2032,Central,HN,915.3426566941644,LDES
2032,Central,HU,1379.350759553797,LDES
2032,Central,ID,891.7482235957297,LDES
2032,Central,IE,1104.8382905344622,LDES
2032,Central,IL,970.2488107576904,LDES
2032,Central,IN,795.1655964637504,LDES
2032,Central,IR,1514.4288820087513,LDES
2032,Central,IT,954.5093194326803,LDES
2032,Central,JM,910.6793370191899,LDES
2032,Central,JO,879.9776493996973,LDES
2032,Central,JP,934.539636055855,LDES
2032,Central,KE,985.0334633737543,LDES
2032,Central,KH,922.1860810263155,LDES
2032,Central,KR,938.0493163378426,LDES
2032,Central,KW,882.3844743680779,LDES
2032,Central,KZ,1015.1179677121296,LDES
2032,Central,LC,923.1002048528575,LDES
2032,Central,LK,877.2999916694612,LDES
2032,Central,LY,769.3810704744362,LDES
2032,Central,MA,1699.5183363079277,LDES
2032,Central,MG,922.0898913111004,LDES
2032,Central,MM,1030.8400502316128,LDES
2032,Central,MN,926.0385340650777,LDES
2032,Central,MR,854.5394201309394,LDES
2032,Central,MU,884.7226896737583,LDES
2032,Central,MX,861.6509494258243,LDES
2032,Central,MY,1026.3773050726586,LDES
2032,Central,NE,1061.0492292521812,LDES
2032,Central,NG,973.4202961155997,LDES
2032,Central,NI,1219.9994598097956,LDES
2032,Central,NL,993.7992904343579,LDES
2032,Central,NO,1476.8198260785696,LDES
2032,Central,NP,986.7195115807754,LDES
2032,Central,NZ,1148.4888502322806,LDES
2032,Central,OM,926.1927916027065,LDES
2032,Central,PA,894.498047608248,LDES
2032,Central,PE,739.861933312851,LDES
2032,Central,PH,867.2685409904145,LDES
2032,Central,PK,841.1865464912843,LDES
2032,Central,PL,1059.010489854876,LDES
2032,Central,PS,977.9134494912474,LDES
2032,Central,PT,936.4362542870239,LDES
2032,Central,PY,832.0087730932208,LDES
2032,Central,RO,928.7051219784755,LDES
2032,Central,RU,1002.4326762401696,LDES
2032,Central,RW,939.0017964477762,LDES
2032,Central,SA,917.0803241247838,LDES
2032,Central,SE,1346.0871070498204,LDES
2032,Central,SK,1432.9648993107155,LDES
2032,Central,SN,858.1108460736368,LDES
2032,Central,SR,1024.6505640936773,LDES
2032,Central,SV,904.9699260575655,LDES
2032,Central,TH,875.8092104414324,LDES
2032,Central,TN,875.6428500738522,LDES
2032,Central,TR,947.1054127361176,LDES
2032,Central,TW,909.5371379297,LDES
2032,Central,UA,1197.5979276671067,LDES
2032,Central,UG,996.4557427504983,LDES
2032,Central,US,550.3880093837353,LDES
2032,Central,UY,1055.6864792670672,LDES
2032,Central,UZ,1009.4954998767463,LDES
2032,Central,VN,889.9239116473702,LDES
2032,Central,ZA,761.797747431883,LDES
2032,Central,ZM,930.2170844576176,LDES
2032,Optimistic,AE,836.6612158556646,LDES
2032,Optimistic,AF,890.1613587413782,LDES
2032,Optimistic,AR,800.2794864496024,LDES
2032,Optimistic,AT,832.7607137970373,LDES
2032,Optimistic,AU,693.5496552198099,LDES
2032,Optimistic,BD,842.1104721114366,LDES
2032,Optimistic,BE,739.8332092200933,LDES
2032,Optimistic,BF,893.7793685229519,LDES
2032,Optimistic,BG,828.299579589767,LDES
2032,Optimistic,BH,864.2546926865951,LDES
2032,Optimistic,BI,839.9722441242235,LDES
2032,Optimistic,BO,838.1663970006506,LDES
2032,Optimistic,BR,646.3300833562416,LDES
2032,Optimistic,BY,870.0113413581756,LDES
2032,Optimistic,CA,677.0823542162489,LDES
2032,Optimistic,CH,1107.4304802758102,LDES
2032,Optimistic,CL,808.2981215370218,LDES
2032,Optimistic,CN,549.2537001338651,LDES
2032,Optimistic,CO,834.3336980405173,LDES
2032,Optimistic,CR,836.1601745117348,LDES
2032,Optimistic,CU,754.2172873633668,LDES
2032,Optimistic,CV,783.6659041099498,LDES
2032,Optimistic,CZ,1039.4438259898748,LDES
2032,Optimistic,DE,711.0931136201726,LDES
2032,Optimistic,DK,834.0630321419849,LDES
2032,Optimistic,DO,798.7528297024999,LDES
2032,Optimistic,DZ,889.1089362617399,LDES
2032,Optimistic,EC,870.8675211744095,LDES
2032,Optimistic,EE,927.1031755799066,LDES
2032,Optimistic,EG,776.2405452204392,LDES
2032,Optimistic,ES,690.2462582591625,LDES
2032,Optimistic,ET,878.9833060022937,LDES
2032,Optimistic,FI,1148.319712301633,LDES
2032,Optimistic,FJ,778.4241037174878,LDES
2032,Optimistic,FR,674.583554620417,LDES
2032,Optimistic,GB,758.4209107770081,LDES
2032,Optimistic,GF,891.9443723115783,LDES
2032,Optimistic,GH,853.5016005019131,LDES
2032,Optimistic,GR,848.2287521902879,LDES
2032,Optimistic,GT,816.4862373074754,LDES
2032,Optimistic,HN,823.4152297063791,LDES
2032,Optimistic,HU,1147.1529499509675,LDES
2032,Optimistic,ID,802.076162103293,LDES
2032,Optimistic,IE,939.7874895686167,LDES
2032,Optimistic,IL,870.4279846211348,LDES
2032,Optimistic,IN,716.4118087774862,LDES
2032,Optimistic,IR,1272.6921670505003,LDES
2032,Optimistic,IT,854.6128178871459,LDES
2032,Optimistic,JM,817.1886920893218,LDES
2032,Optimistic,JO,786.5188976786351,LDES
2032,Optimistic,JP,837.5947001312093,LDES
2032,Optimistic,KE,886.0540149782901,LDES
2032,Optimistic,KH,825.0467014451384,LDES
2032,Optimistic,KR,839.3959987968466,LDES
2032,Optimistic,KW,789.6322999057138,LDES
2032,Optimistic,KZ,892.4878438873732,LDES
2032,Optimistic,LC,834.624880136593,LDES
2032,Optimistic,LK,789.5982063773683,LDES
2032,Optimistic,LY,691.3150013494792,LDES
2032,Optimistic,MA,1334.752708499538,LDES
2032,Optimistic,MG,831.4510949471874,LDES
2032,Optimistic,MM,931.2291803314438,LDES
2032,Optimistic,MN,811.0315857296101,LDES
2032,Optimistic,MR,759.4764876496806,LDES
2032,Optimistic,MU,798.4106994965289,LDES
2032,Optimistic,MX,774.9862743504226,LDES
2032,Optimistic,MY,924.7267653585651,LDES
2032,Optimistic,NE,950.8673278126395,LDES
2032,Optimistic,NG,881.787843746766,LDES
2032,Optimistic,NI,1024.001905693268,LDES
2032,Optimistic,NL,836.2796791294475,LDES
2032,Optimistic,NO,1187.3139137223352,LDES
2032,Optimistic,NP,888.0945117818677,LDES
2032,Optimistic,NZ,958.4411756967536,LDES
2032,Optimistic,OM,837.3697451560272,LDES
2032,Optimistic,PA,802.5846460064168,LDES
2032,Optimistic,PE,658.6296730858483,LDES
2032,Optimistic,PH,780.3631812781668,LDES
2032,Optimistic,PK,752.300077838723,LDES
2032,Optimistic,PL,905.1575738213612,LDES
2032,Optimistic,PS,875.0092100298433,LDES
2032,Optimistic,PT,841.3802824439524,LDES
2032,Optimistic,PY,751.1176235904514,LDES
2032,Optimistic,RO,823.5432473454406,LDES
2032,Optimistic,RU,885.4725491170251,LDES
2032,Optimistic,RW,849.6197283335538,LDES
2032,Optimistic,SA,820.5657952589992,LDES
2032,Optimistic,SE,1100.5910803163379,LDES
2032,Optimistic,SK,1188.9568950772214,LDES
2032,Optimistic,SN,770.8690475497131,LDES
2032,Optimistic,SR,923.1794348141209,LDES
2032,Optimistic,SV,819.5422377198512,LDES
2032,Optimistic,TH,790.7187038468437,LDES
2032,Optimistic,TN,788.244209283117,LDES
2032,Optimistic,TR,847.0758748880061,LDES
2032,Optimistic,TW,817.8171902615378,LDES
2032,Optimistic,UA,1032.541918654238,LDES
2032,Optimistic,UG,904.3398676567824,LDES
2032,Optimistic,US,497.3346809200798,LDES
2032,Optimistic,UY,887.9481301615273,LDES
2032,Optimistic,UZ,902.6647046471454,LDES
2032,Optimistic,VN,798.7381450504075,LDES
2032,Optimistic,ZA,690.7087120297241,LDES
2032,Optimistic,ZM,842.1335846926802,LDES
2033,Conservative,AE,1195.2681899487034,LDES
2033,Conservative,AF,1251.2249011743845,LDES
2033,Conservative,AR,1201.274115118774,LDES
2033,Conservative,AT,1210.149020119401,LDES
2033,Conservative,AU,997.1320029334873,LDES
2033,Conservative,BD,1218.07011819642,LDES
2033,Conservative,BE,1099.2081529815628,LDES
2033,Conservative,BF,1262.3401713079325,LDES
2033,Conservative,BG,1223.043893069277,LDES
2033,Conservative,BH,1252.8534035718808,LDES
2033,Conservative,BI,1211.1597764411151,LDES
2033,Conservative,BO,1206.8487233346134,LDES
2033,Conservative,BR,920.0541329075301,LDES
2033,Conservative,BY,1348.9097072704435,LDES
2033,Conservative,CA,1135.036355503694,LDES
2033,Conservative,CH,1959.2460685266456,LDES
2033,Conservative,CL,1161.557911168052,LDES
2033,Conservative,CN,803.4875518233282,LDES
2033,Conservative,CO,1177.7048686760882,LDES
2033,Conservative,CR,1237.7722450030647,LDES
2033,Conservative,CU,1111.0217773972206,LDES
2033,Conservative,CV,1183.9959543504212,LDES
2033,Conservative,CZ,1759.3847041931833,LDES
2033,Conservative,DE,1056.9870649821364,LDES
2033,Conservative,DK,1447.699201164597,LDES
2033,Conservative,DO,1148.7385862161914,LDES
2033,Conservative,DZ,1276.4300016827217,LDES
2033,Conservative,EC,1222.8681585001896,LDES
2033,Conservative,EE,1602.9301277511656,LDES
2033,Conservative,EG,1147.317170837935,LDES
2033,Conservative,ES,1010.087795913813,LDES
2033,Conservative,ET,1298.43106798817,LDES
2033,Conservative,FI,2182.843271490294,LDES
2033,Conservative,FJ,1155.069644324255,LDES
2033,Conservative,FR,980.111945288477,LDES
2033,Conservative,GB,1269.5725717613266,LDES
2033,Conservative,GF,1282.3722867265965,LDES
2033,Conservative,GH,1206.1569337064343,LDES
2033,Conservative,GR,1234.704650533274,LDES
2033,Conservative,GT,1168.372992811836,LDES
2033,Conservative,HN,1185.4320605862586,LDES
2033,Conservative,HU,2045.3860699817897,LDES
2033,Conservative,ID,1152.624050169236,LDES
2033,Conservative,IE,1571.6006564472755,LDES
2033,Conservative,IL,1262.0322503082866,LDES
2033,Conservative,IN,1027.2382212055209,LDES
2033,Conservative,IR,2175.2486332766885,LDES
2033,Conservative,IT,1245.2444159549773,LDES
2033,Conservative,JM,1182.580692142688,LDES
2033,Conservative,JO,1148.5953077401887,LDES
2033,Conservative,JP,1217.0433726431318,LDES
2033,Conservative,KE,1271.5587844985118,LDES
2033,Conservative,KH,1208.9257694664743,LDES
2033,Conservative,KR,1228.7580919299946,LDES
2033,Conservative,KW,1157.2260456268912,LDES
2033,Conservative,KZ,1353.1030433768956,LDES
2033,Conservative,LC,1182.2268751577901,LDES
2033,Conservative,LK,1137.4328772244946,LDES
2033,Conservative,LY,1001.5610602960461,LDES
2033,Conservative,MA,2748.1270599911227,LDES
2033,Conservative,MG,1190.6071747518415,LDES
2033,Conservative,MM,1312.9374368715535,LDES
2033,Conservative,MN,1229.8758619484595,LDES
2033,Conservative,MR,1132.078411638818,LDES
2033,Conservative,MU,1137.8469348856738,LDES
2033,Conservative,MX,1118.2776915286177,LDES
2033,Conservative,MY,1315.9063379876718,LDES
2033,Conservative,NE,1369.9497218825163,LDES
2033,Conservative,NG,1241.7496745229125,LDES
2033,Conservative,NI,1788.581933764281,LDES
2033,Conservative,NL,1453.1561066834224,LDES
2033,Conservative,NO,2307.3750198768275,LDES
2033,Conservative,NP,1270.084685664578,LDES
2033,Conservative,NZ,1699.1103394168551,LDES
2033,Conservative,OM,1182.769201320901,LDES
2033,Conservative,PA,1163.5286435390458,LDES
2033,Conservative,PE,971.3966659965442,LDES
2033,Conservative,PH,1122.3744070205005,LDES
2033,Conservative,PK,1102.6506196061516,LDES
2033,Conservative,PL,1330.4021403190982,LDES
2033,Conservative,PS,1274.6994862574488,LDES
2033,Conservative,PT,1216.9506449217,LDES
2033,Conservative,PY,1072.4679680144664,LDES
2033,Conservative,RO,1233.8488021559253,LDES
2033,Conservative,RU,1333.4939199223327,LDES
2033,Conservative,RW,1199.26001939167,LDES
2033,Conservative,SA,1199.4898914226821,LDES
2033,Conservative,SE,2092.859514249477,LDES
2033,Conservative,SK,2159.704523300968,LDES
2033,Conservative,SN,1108.1473157226067,LDES
2033,Conservative,SR,1315.319166643552,LDES
2033,Conservative,SV,1155.8438368066545,LDES
2033,Conservative,TH,1125.716423219216,LDES
2033,Conservative,TN,1128.6166749400875,LDES
2033,Conservative,TR,1237.3166679124545,LDES
2033,Conservative,TW,1180.2309823783246,LDES
2033,Conservative,UA,1681.134052091293,LDES
2033,Conservative,UG,1259.979168531161,LDES
2033,Conservative,US,712.0516917865264,LDES
2033,Conservative,UY,1538.444384115425,LDES
2033,Conservative,UZ,1317.7661715171682,LDES
2033,Conservative,VN,1157.4022396319253,LDES
2033,Conservative,ZA,971.4159826926126,LDES
2033,Conservative,ZM,1186.3122358320743,LDES
2033,Central,AE,927.3766509887743,LDES
2033,Central,AF,978.7243913681472,LDES
2033,Central,AR,890.9996893254795,LDES
2033,Central,AT,919.4144003354711,LDES
2033,Central,AU,772.2960630941386,LDES
2033,Central,BD,935.6696081013586,LDES
2033,Central,BE,830.7226373245496,LDES
2033,Central,BF,983.0970381181676,LDES
2033,Central,BG,926.6856739108298,LDES
2033,Central,BH,960.4151537173443,LDES
2033,Central,BI,932.703100151224,LDES
2033,Central,BO,929.7716824593084,LDES
2033,Central,BR,716.2752185601262,LDES
2033,Central,BY,994.8678155766586,LDES
2033,Central,CA,792.6572960438875,LDES
2033,Central,CH,1312.976660969131,LDES
2033,Central,CL,897.5330470045424,LDES
2033,Central,CN,615.6030050966822,LDES
2033,Central,CO,922.0313522048997,LDES
2033,Central,CR,936.6532682672056,LDES
2033,Central,CU,844.8239790063233,LDES
2033,Central,CV,883.8326231230051,LDES
2033,Central,CZ,1215.648739889839,LDES
2033,Central,DE,789.8727351411029,LDES
2033,Central,DK,987.6967911864283,LDES
2033,Central,DO,888.1987861242172,LDES
2033,Central,DZ,983.1087160683996,LDES
2033,Central,EC,957.0530468320162,LDES
2033,Central,EE,1089.7352250643376,LDES
2033,Central,EG,867.8682311414348,LDES
2033,Central,ES,769.6154104714171,LDES
2033,Central,ET,981.430646537958,LDES
2033,Central,FI,1395.624604343618,LDES
2033,Central,FJ,874.5563563593038,LDES
2033,Central,FR,752.8732816461307,LDES
2033,Central,GB,888.3048746373278,LDES
2033,Central,GF,988.2922723667192,LDES
2033,Central,GH,941.8932555715664,LDES
2033,Central,GR,943.3069625189218,LDES
2033,Central,GT,906.6026306059099,LDES
2033,Central,HN,914.6707318126337,LDES
2033,Central,HU,1365.1532957427487,LDES
2033,Central,ID,890.1775585187693,LDES
2033,Central,IE,1091.3890413896806,LDES
2033,Central,IL,968.5401193688068,LDES
2033,Central,IN,795.3110799757167,LDES
2033,Central,IR,1477.5625452838751,LDES
2033,Central,IT,951.2796855590096,LDES
2033,Central,JM,908.1352588091148,LDES
2033,Central,JO,875.0211671639631,LDES
2033,Central,JP,932.3145676077752,LDES
2033,Central,KE,981.1608335618348,LDES
2033,Central,KH,922.9878282636903,LDES
2033,Central,KR,938.1327972592329,LDES
2033,Central,KW,883.259857401239,LDES
2033,Central,KZ,1001.0259420775758,LDES
2033,Central,LC,922.4657019671029,LDES
2033,Central,LK,878.7971285718104,LDES
2033,Central,LY,772.0918704415451,LDES
2033,Central,MA,1677.4084438321786,LDES
2033,Central,MG,923.0844750166729,LDES
2033,Central,MM,1021.9120028957034,LDES
2033,Central,MN,907.9959549324249,LDES
2033,Central,MR,851.345716797199,LDES
2033,Central,MU,883.4504460811296,LDES
2033,Central,MX,862.7161936827398,LDES
2033,Central,MY,1018.977653252236,LDES
2033,Central,NE,1049.9137356750387,LDES
2033,Central,NG,972.0389603623045,LDES
2033,Central,NI,1212.2065212952264,LDES
2033,Central,NL,988.7655504435902,LDES
2033,Central,NO,1459.6263611771024,LDES
2033,Central,NP,980.2066376670352,LDES
2033,Central,NZ,1140.8822671520284,LDES
2033,Central,OM,922.2599088202062,LDES
2033,Central,PA,893.3050450016477,LDES
2033,Central,PE,735.2335007564576,LDES
2033,Central,PH,866.6207748534077,LDES
2033,Central,PK,840.4161189618735,LDES
2033,Central,PL,966.3959028126291,LDES
2033,Central,PS,973.2972691556945,LDES
2033,Central,PT,936.3952116229425,LDES
2033,Central,PY,833.3753975310183,LDES
2033,Central,RO,925.2636938477856,LDES
2033,Central,RU,992.4651950102882,LDES
2033,Central,RW,936.6960897389397,LDES
2033,Central,SA,916.0742488394932,LDES
2033,Central,SE,1351.9608065969896,LDES
2033,Central,SK,1430.7317600832505,LDES
2033,Central,SN,853.3605245623058,LDES
2033,Central,SR,1018.0763902163668,LDES
2033,Central,SV,904.7777914662499,LDES
2033,Central,TH,875.420558761421,LDES
2033,Central,TN,872.4493648173091,LDES
2033,Central,TR,943.181476156014,LDES
2033,Central,TW,909.8257546540274,LDES
2033,Central,UA,1192.8861635893581,LDES
2033,Central,UG,990.2549661034111,LDES
2033,Central,US,555.2490482577032,LDES
2033,Central,UY,1047.3919479898266,LDES
2033,Central,UZ,1004.1011148198567,LDES
2033,Central,VN,888.9981575170257,LDES
2033,Central,ZA,761.6836785840605,LDES
2033,Central,ZM,928.3109229201675,LDES
2033,Optimistic,AE,836.8477860988673,LDES
2033,Optimistic,AF,886.6380121922465,LDES
2033,Optimistic,AR,786.1483316436074,LDES
2033,Optimistic,AT,821.1661495119363,LDES
2033,Optimistic,AU,696.3170213553242,LDES
2033,Optimistic,BD,840.2377115864756,LDES
2033,Optimistic,BE,739.9930492749381,LDES
2033,Optimistic,BF,888.7321172471434,LDES
2033,Optimistic,BG,826.5370343331474,LDES
2033,Optimistic,BH,861.5911934216736,LDES
2033,Optimistic,BI,838.6039474739506,LDES
2033,Optimistic,BO,836.1387514048951,LDES
2033,Optimistic,BR,647.4119992289345,LDES
2033,Optimistic,BY,875.2260728663454,LDES
2033,Optimistic,CA,676.9567862954012,LDES
2033,Optimistic,CH,1094.5821715186603,LDES
2033,Optimistic,CL,808.3108515285978,LDES
2033,Optimistic,CN,552.1109858580224,LDES
2033,Optimistic,CO,835.6313362939462,LDES
2033,Optimistic,CR,834.8958209564672,LDES
2033,Optimistic,CU,754.8674816190543,LDES
2033,Optimistic,CV,782.3981180875332,LDES
2033,Optimistic,CZ,1031.9034829873294,LDES
2033,Optimistic,DE,699.6065133327538,LDES
2033,Optimistic,DK,832.2477009179438,LDES
2033,Optimistic,DO,800.1543019552054,LDES
2033,Optimistic,DZ,883.9863505849391,LDES
2033,Optimistic,EC,867.2258711648404,LDES
2033,Optimistic,EE,916.3107407080992,LDES
2033,Optimistic,EG,773.4337618646866,LDES
2033,Optimistic,ES,688.3523284943317,LDES
2033,Optimistic,ET,874.3063661858175,LDES
2033,Optimistic,FI,1129.5989857906038,LDES
2033,Optimistic,FJ,779.762210771148,LDES
2033,Optimistic,FR,676.0822849669933,LDES
2033,Optimistic,GB,759.462687333356,LDES
2033,Optimistic,GF,888.9135088933814,LDES
2033,Optimistic,GH,852.5903574432317,LDES
2033,Optimistic,GR,844.8346403623476,LDES
2033,Optimistic,GT,818.1423013087347,LDES
2033,Optimistic,HN,823.1720758822364,LDES
2033,Optimistic,HU,1135.2815306550724,LDES
2033,Optimistic,ID,801.4887440989565,LDES
2033,Optimistic,IE,929.1106335426311,LDES
2033,Optimistic,IL,869.360019947879,LDES
2033,Optimistic,IN,716.9357012153,LDES
2033,Optimistic,IR,1241.792763824235,LDES
2033,Optimistic,IT,851.9398801148553,LDES
2033,Optimistic,JM,815.3916296136313,LDES
2033,Optimistic,JO,782.5719748313077,LDES
2033,Optimistic,JP,836.0958679751376,LDES
2033,Optimistic,KE,883.02635359013,LDES
2033,Optimistic,KH,826.3605239951632,LDES
2033,Optimistic,KR,839.9214907842857,LDES
2033,Optimistic,KW,790.6781800008463,LDES
2033,Optimistic,KZ,882.0481630178056,LDES
2033,Optimistic,LC,834.6843399923189,LDES
2033,Optimistic,LK,791.3960824753858,LDES
2033,Optimistic,LY,694.5471097320931,LDES
2033,Optimistic,MA,1315.5793942336388,LDES
2033,Optimistic,MG,832.6802523475469,LDES
2033,Optimistic,MM,923.5654769314506,LDES
2033,Optimistic,MN,799.2227449752825,LDES
2033,Optimistic,MR,756.4774268162383,LDES
2033,Optimistic,MU,797.4819774506285,LDES
2033,Optimistic,MX,776.3540323417192,LDES
2033,Optimistic,MY,918.6362356519853,LDES
2033,Optimistic,NE,941.7636437842358,LDES
2033,Optimistic,NG,880.8953397149269,LDES
2033,Optimistic,NI,1017.4313819091321,LDES
2033,Optimistic,NL,831.8335693694398,LDES
2033,Optimistic,NO,1173.145779961333,LDES
2033,Optimistic,NP,882.2478490333831,LDES
2033,Optimistic,NZ,952.2396772142597,LDES
2033,Optimistic,OM,834.2257341130749,LDES
2033,Optimistic,PA,801.988104806251,LDES
2033,Optimistic,PE,655.4266380201524,LDES
2033,Optimistic,PH,780.1936853624591,LDES
2033,Optimistic,PK,751.7989428820832,LDES
2033,Optimistic,PL,843.3868984138913,LDES
2033,Optimistic,PS,871.4441061351017,LDES
2033,Optimistic,PT,841.5868238185349,LDES
2033,Optimistic,PY,752.5785978504048,LDES
2033,Optimistic,RO,820.9832089712419,LDES
2033,Optimistic,RU,877.221005212425,LDES
2033,Optimistic,RW,847.9675893735343,LDES
2033,Optimistic,SA,820.2993075527601,LDES
2033,Optimistic,SE,1101.5881398730457,LDES
2033,Optimistic,SK,1184.3892400993316,LDES
2033,Optimistic,SN,767.2601606529626,LDES
2033,Optimistic,SR,917.6288312858007,LDES
2033,Optimistic,SV,819.9347830408718,LDES
2033,Optimistic,TH,790.8378183584422,LDES
2033,Optimistic,TN,785.8824807068528,LDES
2033,Optimistic,TR,843.7840665279755,LDES
2033,Optimistic,TW,818.4474363196098,LDES
2033,Optimistic,UA,1027.8920495438767,LDES
2033,Optimistic,UG,899.1067873519648,LDES
2033,Optimistic,US,502.26056872037674,LDES
2033,Optimistic,UY,881.4500902646241,LDES
2033,Optimistic,UZ,898.1039577290408,LDES
2033,Optimistic,VN,798.2960883885422,LDES
2033,Optimistic,ZA,690.808624092205,LDES
2033,Optimistic,ZM,841.124272349937,LDES
2034,Conservative,AE,1192.2688713322493,LDES
2034,Conservative,AF,1242.931898318343,LDES
2034,Conservative,AR,1189.294070350982,LDES
2034,Conservative,AT,1201.5180836703823,LDES
2034,Conservative,AU,995.0879990818648,LDES
2034,Conservative,BD,1212.2957127524105,LDES
2034,Conservative,BE,1100.5771270453845,LDES
2034,Conservative,BF,1251.7124942793862,LDES
2034,Conservative,BG,1217.8283230163224,LDES
2034,Conservative,BH,1243.9085083351606,LDES
2034,Conservative,BI,1203.8814419927571,LDES
2034,Conservative,BO,1200.9596272468405,LDES
2034,Conservative,BR,922.3565814118081,LDES
2034,Conservative,BY,1335.7566087149162,LDES
2034,Conservative,CA,1126.2306994250846,LDES
2034,Conservative,CH,1905.1563620617787,LDES
2034,Conservative,CL,1159.9921991128244,LDES
2034,Conservative,CN,804.5569203053085,LDES
2034,Conservative,CO,1175.8217067471855,LDES
2034,Conservative,CR,1230.470044941074,LDES
2034,Conservative,CU,1107.719683924351,LDES
2034,Conservative,CV,1164.3982634541906,LDES
2034,Conservative,CZ,1743.9423532331266,LDES
2034,Conservative,DE,1043.6646688860385,LDES
2034,Conservative,DK,1442.2373483934941,LDES
2034,Conservative,DO,1147.9390192542733,LDES
2034,Conservative,DZ,1266.5062800538292,LDES
2034,Conservative,EC,1216.5618127207706,LDES
2034,Conservative,EE,1580.4968480223113,LDES
2034,Conservative,EG,1141.157359148,LDES
2034,Conservative,ES,1004.5740392287518,LDES
2034,Conservative,ET,1290.9621501331853,LDES
2034,Conservative,FI,2146.408602181411,LDES
2034,Conservative,FJ,1151.6234767532048,LDES
2034,Conservative,FR,985.4108842360532,LDES
2034,Conservative,GB,1195.463280438928,LDES
2034,Conservative,GF,1274.833106791622,LDES
2034,Conservative,GH,1203.410737410226,LDES
2034,Conservative,GR,1228.5862304321067,LDES
2034,Conservative,GT,1167.300977331574,LDES
2034,Conservative,HN,1181.8667348117194,LDES
2034,Conservative,HU,2020.858040890435,LDES
2034,Conservative,ID,1147.5296940848764,LDES
2034,Conservative,IE,1554.381934955459,LDES
2034,Conservative,IL,1257.4272738584655,LDES
2034,Conservative,IN,1024.7036099644818,LDES
2034,Conservative,IR,2120.1635444651183,LDES
2034,Conservative,IT,1240.3868867968622,LDES
2034,Conservative,JM,1176.6459867062836,LDES
2034,Conservative,JO,1140.129225125005,LDES
2034,Conservative,JP,1211.4700595217794,LDES
2034,Conservative,KE,1265.711579659908,LDES
2034,Conservative,KH,1206.857242812469,LDES
2034,Conservative,KR,1226.0781429121646,LDES
2034,Conservative,KW,1151.9574563333902,LDES
2034,Conservative,KZ,1310.8669918153516,LDES
2034,Conservative,LC,1177.6709639263124,LDES
2034,Conservative,LK,1135.6477555871263,LDES
2034,Conservative,LY,1002.6686637191068,LDES
2034,Conservative,MA,2703.3004041785466,LDES
2034,Conservative,MG,1188.344496775549,LDES
2034,Conservative,MM,1299.6239656962427,LDES
2034,Conservative,MN,1222.8998081501845,LDES
2034,Conservative,MR,1102.58798408365,LDES
2034,Conservative,MU,1135.1756918645121,LDES
2034,Conservative,MX,1117.0168295058415,LDES
2034,Conservative,MY,1303.8469072289786,LDES
2034,Conservative,NE,1351.3763781742907,LDES
2034,Conservative,NG,1236.6014895151595,LDES
2034,Conservative,NI,1775.0172567195814,LDES
2034,Conservative,NL,1442.0257881304235,LDES
2034,Conservative,NO,2275.5164317462427,LDES
2034,Conservative,NP,1259.6722774313314,LDES
2034,Conservative,NZ,1683.5180041235567,LDES
2034,Conservative,OM,1175.8761135989237,LDES
2034,Conservative,PA,1161.1978863331387,LDES
2034,Conservative,PE,967.5939208425267,LDES
2034,Conservative,PH,1119.631056629767,LDES
2034,Conservative,PK,1102.412108911889,LDES
2034,Conservative,PL,1349.6668220148663,LDES
2034,Conservative,PS,1267.0413437579655,LDES
2034,Conservative,PT,1214.142252639368,LDES
2034,Conservative,PY,1070.8605420157694,LDES
2034,Conservative,RO,1229.8048062569346,LDES
2034,Conservative,RU,1315.3781546595571,LDES
2034,Conservative,RW,1191.4697886309566,LDES
2034,Conservative,SA,1190.872410688546,LDES
2034,Conservative,SE,2086.0725601051595,LDES
2034,Conservative,SK,2136.9266904003653,LDES
2034,Conservative,SN,1099.785584783034,LDES
2034,Conservative,SR,1304.1440007882024,LDES
2034,Conservative,SV,1152.740223170343,LDES
2034,Conservative,TH,1120.2572197715317,LDES
2034,Conservative,TN,1124.0655259599964,LDES
2034,Conservative,TR,1229.126851041742,LDES
2034,Conservative,TW,1177.3481166689073,LDES
2034,Conservative,UA,1427.9424015403154,LDES
2034,Conservative,UG,1251.6599175107033,LDES
2034,Conservative,US,715.9400380798538,LDES
2034,Conservative,UY,1526.1505120310237,LDES
2034,Conservative,UZ,1307.9538467755883,LDES
2034,Conservative,VN,1153.634446573323,LDES
2034,Conservative,ZA,969.0584114936468,LDES
2034,Conservative,ZM,1180.8545272684562,LDES
2034,Central,AE,927.2739442292997,LDES
2034,Central,AF,973.340645758965,LDES
2034,Central,AR,885.9115550944773,LDES
2034,Central,AT,915.8111580846285,LDES
2034,Central,AU,772.5029904026252,LDES
2034,Central,BD,934.0212364976221,LDES
2034,Central,BE,832.4996530100972,LDES
2034,Central,BF,977.2031809327328,LDES
2034,Central,BG,924.6704790881743,LDES
2034,Central,BH,956.5492200542977,LDES
2034,Central,BI,930.0564558870302,LDES
2034,Central,BO,927.444490403741,LDES
2034,Central,BR,719.1670543241946,LDES
2034,Central,BY,987.6063828774361,LDES
2034,Central,CA,789.571266151732,LDES
2034,Central,CH,1285.2324090118898,LDES
2034,Central,CL,897.2941964199483,LDES
2034,Central,CN,618.9514646111217,LDES
2034,Central,CO,922.2686234125644,LDES
2034,Central,CR,934.3149640745926,LDES
2034,Central,CU,845.1125833893037,LDES
2034,Central,CV,876.2035694714073,LDES
2034,Central,CZ,1206.819826114262,LDES
2034,Central,DE,783.4202633382591,LDES
2034,Central,DK,984.7547780657779,LDES
2034,Central,DO,889.2671373549715,LDES
2034,Central,DZ,977.617637519343,LDES
2034,Central,EC,953.9419306702422,LDES
2034,Central,EE,1077.9861743986519,LDES
2034,Central,EG,865.8642757774629,LDES
2034,Central,ES,767.2742636638931,LDES
2034,Central,ET,977.110324277265,LDES
2034,Central,FI,1375.5413944394293,LDES
2034,Central,FJ,874.0808042510075,LDES
2034,Central,FR,756.6621414645396,LDES
2034,Central,GB,852.6356166477815,LDES
2034,Central,GF,984.9308693955636,LDES
2034,Central,GH,941.8465986298582,LDES
2034,Central,GR,940.3289860829028,LDES
2034,Central,GT,907.5103859399969,LDES
2034,Central,HN,913.804704364928,LDES
2034,Central,HU,1350.8959888899756,LDES
2034,Central,ID,888.7522095353712,LDES
2034,Central,IE,1079.9002099209495,LDES
2034,Central,IL,967.1411490784775,LDES
2034,Central,IN,794.5995216926391,LDES
2034,Central,IR,1443.2011360992806,LDES
2034,Central,IT,949.5121592726151,LDES
2034,Central,JM,905.7990129387908,LDES
2034,Central,JO,870.6372044859833,LDES
2034,Central,JP,930.0114849670385,LDES
2034,Central,KE,978.9252395326445,LDES
2034,Central,KH,923.9319181358973,LDES
2034,Central,KR,938.2333983675435,LDES
2034,Central,KW,881.8056705255843,LDES
2034,Central,KZ,979.3639821420359,LDES
2034,Central,LC,921.2135564924776,LDES
2034,Central,LK,879.4083866077804,LDES
2034,Central,LY,775.0102089811561,LDES
2034,Central,MA,1649.4602462350801,LDES
2034,Central,MG,923.256709797329,LDES
2034,Central,MM,1013.5722638608476,LDES
2034,Central,MN,905.5535327444557,LDES
2034,Central,MR,836.4800440122982,LDES
2034,Central,MU,883.014176955589,LDES
2034,Central,MX,863.663423627445,LDES
2034,Central,MY,1012.2079710876775,LDES
2034,Central,NE,1038.7846468878433,LDES
2034,Central,NG,969.9958919181823,LDES
2034,Central,NI,1204.7795546765597,LDES
2034,Central,NL,982.7808333401243,LDES
2034,Central,NO,1441.3126917657626,LDES
2034,Central,NP,973.6537247625122,LDES
2034,Central,NZ,1133.1705472023475,LDES
2034,Central,OM,918.9591829194978,LDES
2034,Central,PA,893.6444234818906,LDES
2034,Central,PE,734.0456473705892,LDES
2034,Central,PH,866.8257973099506,LDES
2034,Central,PK,841.446827644877,LDES
2034,Central,PL,975.0911296713002,LDES
2034,Central,PS,970.144229724793,LDES
2034,Central,PT,935.773915856477,LDES
2034,Central,PY,834.0103282480328,LDES
2034,Central,RO,923.8178456377077,LDES
2034,Central,RU,981.2254621060684,LDES
2034,Central,RW,932.313714509573,LDES
2034,Central,SA,912.949841467426,LDES
2034,Central,SE,1346.0197270277276,LDES
2034,Central,SK,1416.5308238402267,LDES
2034,Central,SN,848.487107729653,LDES
2034,Central,SR,1011.5942559062332,LDES
2034,Central,SV,904.5609736079455,LDES
2034,Central,TH,873.1789029259048,LDES
2034,Central,TN,870.3229749563428,LDES
2034,Central,TR,939.2567179577818,LDES
2034,Central,TW,909.0466076915151,LDES
2034,Central,UA,1068.0089567323562,LDES
2034,Central,UG,985.2550547487481,LDES
2034,Central,US,560.1232713201075,LDES
2034,Central,UY,1041.4579985685878,LDES
2034,Central,UZ,998.0886840064471,LDES
2034,Central,VN,887.9769654784207,LDES
2034,Central,ZA,761.2624846448031,LDES
2034,Central,ZM,926.2566183354395,LDES
2034,Optimistic,AE,837.2989224687631,LDES
2034,Optimistic,AF,881.8050111690367,LDES
2034,Optimistic,AR,782.9026080538968,LDES
2034,Optimistic,AT,818.803690327605,LDES
2034,Optimistic,AU,696.9276153626973,LDES
2034,Optimistic,BD,839.5373445599499,LDES
2034,Optimistic,BE,741.4779990353255,LDES
2034,Optimistic,BF,883.9976931452647,LDES
2034,Optimistic,BG,825.133164638152,LDES
2034,Optimistic,BH,858.9807175217255,LDES
2034,Optimistic,BI,837.083321069737,LDES
2034,Optimistic,BO,834.5765602198046,LDES
2034,Optimistic,BR,650.1771218711912,LDES
2034,Optimistic,BY,869.3972364302915,LDES
2034,Optimistic,CA,675.2636446217095,LDES
2034,Optimistic,CH,1074.7466016972762,LDES
2034,Optimistic,CL,808.0990606219021,LDES
2034,Optimistic,CN,555.9319377940257,LDES
2034,Optimistic,CO,836.1785067454607,LDES
2034,Optimistic,CR,833.759983129229,LDES
2034,Optimistic,CU,755.9483120448456,LDES
2034,Optimistic,CV,778.3514175609739,LDES
2034,Optimistic,CZ,1024.4479913250657,LDES
2034,Optimistic,DE,695.0582093615709,LDES
2034,Optimistic,DK,829.4234867452044,LDES
2034,Optimistic,DO,801.4390100124182,LDES
2034,Optimistic,DZ,879.5298658680989,LDES
2034,Optimistic,EC,864.7733195554117,LDES
2034,Optimistic,EE,907.3662712613163,LDES
2034,Optimistic,EG,772.3926707260715,LDES
2034,Optimistic,ES,686.702711960476,LDES
2034,Optimistic,ET,870.5466810796735,LDES
2034,Optimistic,FI,1113.805086694477,LDES
2034,Optimistic,FJ,779.8453852153775,LDES
2034,Optimistic,FR,678.9939636863048,LDES
2034,Optimistic,GB,736.2336656861362,LDES
2034,Optimistic,GF,886.4989469308551,LDES
2034,Optimistic,GH,853.0364491835008,LDES
2034,Optimistic,GR,842.4555961410799,LDES
2034,Optimistic,GT,819.3024177000663,LDES
2034,Optimistic,HN,822.7882940271802,LDES
2034,Optimistic,HU,1123.420501466564,LDES
2034,Optimistic,ID,800.8882264092601,LDES
2034,Optimistic,IE,918.7971125836507,LDES
2034,Optimistic,IL,868.5788834555049,LDES
2034,Optimistic,IN,716.4711568375484,LDES
2034,Optimistic,IR,1213.3487834913446,LDES
2034,Optimistic,IT,850.7500424853126,LDES
2034,Optimistic,JM,813.8370171944796,LDES
2034,Optimistic,JO,779.1352625945942,LDES
2034,Optimistic,JP,834.4464805833358,LDES
2034,Optimistic,KE,881.5512728847827,LDES
2034,Optimistic,KH,827.868900920131,LDES
2034,Optimistic,KR,840.5000664989047,LDES
2034,Optimistic,KW,790.0797153443293,LDES
2034,Optimistic,KZ,866.807146299468,LDES
2034,Optimistic,LC,834.1373204800592,LDES
2034,Optimistic,LK,792.4061822566536,LDES
2034,Optimistic,LY,697.7122220236196,LDES
2034,Optimistic,MA,1291.6447507472985,LDES
2034,Optimistic,MG,833.2501588698403,LDES
2034,Optimistic,MM,916.4477325399927,LDES
2034,Optimistic,MN,797.8034020253014,LDES
2034,Optimistic,MR,746.1271155229557,LDES
2034,Optimistic,MU,797.3965463120941,LDES
2034,Optimistic,MX,777.6411044222219,LDES
2034,Optimistic,MY,913.186378816445,LDES
2034,Optimistic,NE,932.6488497533751,LDES
2034,Optimistic,NG,879.4739913387439,LDES
2034,Optimistic,NI,1011.1639628200918,LDES
2034,Optimistic,NL,826.8511510159763,LDES
2034,Optimistic,NO,1158.071421911925,LDES
2034,Optimistic,NP,876.540448740076,LDES
2034,Optimistic,NZ,946.3083874104948,LDES
2034,Optimistic,OM,831.7269227353206,LDES
2034,Optimistic,PA,802.80068958356,LDES
2034,Optimistic,PE,654.7478614940711,LDES
2034,Optimistic,PH,780.9895929827571,LDES
2034,Optimistic,PK,752.8400112146822,LDES
2034,Optimistic,PL,847.9096155267404,LDES
2034,Optimistic,PS,869.3373026344599,LDES
2034,Optimistic,PT,841.2581549953092,LDES
2034,Optimistic,PY,753.5914184571268,LDES
2034,Optimistic,RO,819.9245985437377,LDES
2034,Optimistic,RU,867.7689664948842,LDES
2034,Optimistic,RW,844.3211870171963,LDES
2034,Optimistic,SA,818.5854342435108,LDES
2034,Optimistic,SE,1094.745974401437,LDES
2034,Optimistic,SK,1171.9312970546919,LDES
2034,Optimistic,SN,763.1625085440863,LDES
2034,Optimistic,SR,912.2634122951459,LDES
2034,Optimistic,SV,820.2954609658291,LDES
2034,Optimistic,TH,789.2871953457617,LDES
2034,Optimistic,TN,784.1685274062651,LDES
2034,Optimistic,TR,840.8356960269488,LDES
2034,Optimistic,TW,817.9488860387262,LDES
2034,Optimistic,UA,945.7989964022117,LDES
2034,Optimistic,UG,894.8013106481775,LDES
2034,Optimistic,US,507.2180435365655,LDES
2034,Optimistic,UY,876.8879823697142,LDES
2034,Optimistic,UZ,892.8786519964594,LDES
2034,Optimistic,VN,797.7769835252676,LDES
2034,Optimistic,ZA,690.7085187844979,LDES
2034,Optimistic,ZM,839.8117469302755,LDES
2035,Conservative,AE,1189.5256545914397,LDES
2035,Conservative,AF,1236.1893431387682,LDES
2035,Conservative,AR,1182.6537551388374,LDES
2035,Conservative,AT,1213.7733504623084,LDES
2035,Conservative,AU,990.673873093407,LDES
2035,Conservative,BD,1206.5033856203,LDES
2035,Conservative,BE,1097.1145543717662,LDES
2035,Conservative,BF,1246.6842989646798,LDES
2035,Conservative,BG,1213.195756756625,LDES
2035,Conservative,BH,1237.014374972615,LDES
2035,Conservative,BI,1197.1850735405058,LDES
2035,Conservative,BO,1195.3627695299174,LDES
2035,Conservative,BR,924.7439037059225,LDES
2035,Conservative,BY,1319.1346471434038,LDES
2035,Conservative,CA,1119.0730904118145,LDES
2035,Conservative,CH,1867.1934112601914,LDES
2035,Conservative,CL,1158.0947731645422,LDES
2035,Conservative,CN,805.4089154507922,LDES
2035,Conservative,CO,1173.9440679236773,LDES
2035,Conservative,CR,1228.1309611841584,LDES
2035,Conservative,CU,1104.9205294814758,LDES
2035,Conservative,CV,1173.6972614059764,LDES
2035,Conservative,CZ,1727.4659744538126,LDES
2035,Conservative,DE,1023.7153355449163,LDES
2035,Conservative,DK,1429.902330516205,LDES
2035,Conservative,DO,1145.7725503797603,LDES
2035,Conservative,DZ,1256.4983965507818,LDES
2035,Conservative,EC,1208.8045847178312,LDES
2035,Conservative,EE,1556.0235629227764,LDES
2035,Conservative,EG,1135.0570274692266,LDES
2035,Conservative,ES,1005.8940399885947,LDES
2035,Conservative,ET,1284.9816934662847,LDES
2035,Conservative,FI,2119.169964783544,LDES
2035,Conservative,FJ,1150.7376930207931,LDES
2035,Conservative,FR,986.5650477616038,LDES
2035,Conservative,GB,1187.7658062011228,LDES
2035,Conservative,GF,1273.3668229491864,LDES
2035,Conservative,GH,1199.9187185784062,LDES
2035,Conservative,GR,1222.3274988603164,LDES
2035,Conservative,GT,1167.7879832650392,LDES
2035,Conservative,HN,1181.2012334519295,LDES
2035,Conservative,HU,1930.0225550999435,LDES
2035,Conservative,ID,1142.7865405180614,LDES
2035,Conservative,IE,1527.4777994228343,LDES
2035,Conservative,IL,1251.96416257096,LDES
2035,Conservative,IN,1023.5600353208108,LDES
2035,Conservative,IR,2080.017388148009,LDES
2035,Conservative,IT,1235.412468897088,LDES
2035,Conservative,JM,1172.126217569762,LDES
2035,Conservative,JO,1133.844530626126,LDES
2035,Conservative,JP,1207.4843478348,LDES
2035,Conservative,KE,1259.6673673799978,LDES
2035,Conservative,KH,1203.96729990377,LDES
2035,Conservative,KR,1221.9059404584493,LDES
2035,Conservative,KW,1147.7162865132416,LDES
2035,Conservative,KZ,1289.4876144096638,LDES
2035,Conservative,LC,1173.4577457119015,LDES
2035,Conservative,LK,1133.6847927717392,LDES
2035,Conservative,LY,1003.2280372430629,LDES
2035,Conservative,MA,2644.097688948711,LDES
2035,Conservative,MG,1187.7028926526561,LDES
2035,Conservative,MM,1287.036379577368,LDES
2035,Conservative,MN,1181.8998312824474,LDES
2035,Conservative,MR,1101.8316420822296,LDES
2035,Conservative,MU,1131.9669852315672,LDES
2035,Conservative,MX,1115.7789553186003,LDES
2035,Conservative,MY,1289.152555470512,LDES
2035,Conservative,NE,1334.0222393335123,LDES
2035,Conservative,NG,1232.151452349882,LDES
2035,Conservative,NI,1759.7238342666622,LDES
2035,Conservative,NL,1427.0594668382275,LDES
2035,Conservative,NO,2245.403681189402,LDES
2035,Conservative,NP,1249.46240762005,LDES
2035,Conservative,NZ,1669.7545953387337,LDES
2035,Conservative,OM,1169.3047567812332,LDES
2035,Conservative,PA,1157.9257651995356,LDES
2035,Conservative,PE,972.3398588938986,LDES
2035,Conservative,PH,1115.1779494234834,LDES
2035,Conservative,PK,1099.731813620563,LDES
2035,Conservative,PL,1251.4486310633665,LDES
2035,Conservative,PS,1259.4051816592928,LDES
2035,Conservative,PT,1210.9481214175369,LDES
2035,Conservative,PY,1067.808724767801,LDES
2035,Conservative,RO,1223.9320610647717,LDES
2035,Conservative,RU,1298.3275790653292,LDES
2035,Conservative,RW,1185.2956333935754,LDES
2035,Conservative,SA,1182.5203361023712,LDES
2035,Conservative,SE,2061.8599156655696,LDES
2035,Conservative,SK,2083.5543513646116,LDES
2035,Conservative,SN,1096.1908065837524,LDES
2035,Conservative,SR,1293.243428133376,LDES
2035,Conservative,SV,1150.8037595073772,LDES
2035,Conservative,TH,1115.9546669510316,LDES
2035,Conservative,TN,1121.1848398080672,LDES
2035,Conservative,TR,1222.3155766540087,LDES
2035,Conservative,TW,1174.7941248803024,LDES
2035,Conservative,UA,1416.4476230548953,LDES
2035,Conservative,UG,1242.1448877596845,LDES
2035,Conservative,US,721.1916874381858,LDES
2035,Conservative,UY,1514.8140540673835,LDES
2035,Conservative,UZ,1299.9001286869695,LDES
2035,Conservative,VN,1149.3807646702742,LDES
2035,Conservative,ZA,965.905766045484,LDES
2035,Conservative,ZM,1177.4867525513278,LDES
2035,Central,AE,927.3665234406358,LDES
2035,Central,AF,969.2141466393813,LDES
2035,Central,AR,883.5536656047727,LDES
2035,Central,AT,922.1947921379581,LDES
2035,Central,AU,771.2598266993559,LDES
2035,Central,BD,932.2797041006107,LDES
2035,Central,BE,832.1830759090886,LDES
2035,Central,BF,974.9212441700008,LDES
2035,Central,BG,923.3274710705037,LDES
2035,Central,BH,954.5630234690481,LDES
2035,Central,BI,927.9041858295186,LDES
2035,Central,BO,925.5070564886361,LDES
2035,Central,BR,722.3127441321512,LDES
2035,Central,BY,976.877833767529,LDES
2035,Central,CA,787.3234777596364,LDES
2035,Central,CH,1265.893645614673,LDES
2035,Central,CL,896.5384414949367,LDES
2035,Central,CN,622.1020788215429,LDES
2035,Central,CO,922.4218726761961,LDES
2035,Central,CR,934.4394287307158,LDES
2035,Central,CU,845.8914188588942,LDES
2035,Central,CV,882.6647744554975,LDES
2035,Central,CZ,1197.392235076053,LDES
2035,Central,DE,775.3344690337015,LDES
2035,Central,DK,977.8756339509238,LDES
2035,Central,DO,889.1132610459775,LDES
2035,Central,DZ,972.0702748162271,LDES
2035,Central,EC,949.8754303055911,LDES
2035,Central,EE,1064.8427889053337,LDES
2035,Central,EG,863.6976544633878,LDES
2035,Central,ES,770.0996019040914,LDES
2035,Central,ET,974.040455274265,LDES
2035,Central,FI,1360.5295660406457,LDES
2035,Central,FJ,875.1814255039516,LDES
2035,Central,FR,758.234638113453,LDES
2035,Central,GB,849.4566385693212,LDES
2035,Central,GF,984.3642430140122,LDES
2035,Central,GH,941.2721851564464,LDES
2035,Central,GR,937.0434810204864,LDES
2035,Central,GT,909.6171578036233,LDES
2035,Central,HN,914.5940036486336,LDES
2035,Central,HU,1304.6543065626956,LDES
2035,Central,ID,887.7804994716739,LDES
2035,Central,IE,1064.313590474474,LDES
2035,Central,IL,965.3915581133259,LDES
2035,Central,IN,794.8394147293669,LDES
2035,Central,IR,1415.5830675082725,LDES
2035,Central,IT,947.22069261249,LDES
2035,Central,JM,904.1518872524967,LDES
2035,Central,JO,868.304264538763,LDES
2035,Central,JP,928.8713504441275,LDES
2035,Central,KE,976.5191655760691,LDES
2035,Central,KH,924.7459311992919,LDES
2035,Central,KR,937.5872568284956,LDES
2035,Central,KW,881.4522885783039,LDES
2035,Central,KZ,967.536389579265,LDES
2035,Central,LC,920.2627291012919,LDES
2035,Central,LK,880.0147672010676,LDES
2035,Central,LY,777.359385007428,LDES
2035,Central,MA,1615.641146013022,LDES
2035,Central,MG,924.5191604724666,LDES
2035,Central,MM,1005.9521867103845,LDES
2035,Central,MN,885.5574432646956,LDES
2035,Central,MR,836.035947620003,LDES
2035,Central,MU,882.2042885149684,LDES
2035,Central,MX,864.449037965903,LDES
2035,Central,MY,1004.1449123813284,LDES
2035,Central,NE,1028.7871890060737,LDES
2035,Central,NG,968.4164409001135,LDES
2035,Central,NI,1196.0115142140148,LDES
2035,Central,NL,975.3446552710383,LDES
2035,Central,NO,1424.0073997385603,LDES
2035,Central,NP,967.9991992897565,LDES
2035,Central,NZ,1126.6640034081943,LDES
2035,Central,OM,915.7339939923688,LDES
2035,Central,PA,892.9557596153227,LDES
2035,Central,PE,737.0116386868146,LDES
2035,Central,PH,865.2580996935573,LDES
2035,Central,PK,841.5296078753559,LDES
2035,Central,PL,927.4019865272488,LDES
2035,Central,PS,967.3071055488979,LDES
2035,Central,PT,934.8274582743466,LDES
2035,Central,PY,834.2449396684501,LDES
2035,Central,RO,921.516495094602,LDES
2035,Central,RU,971.0650813218149,LDES
2035,Central,RW,929.6770054109603,LDES
2035,Central,SA,910.005608514484,LDES
2035,Central,SE,1331.1049618548966,LDES
2035,Central,SK,1387.783359177428,LDES
2035,Central,SN,846.9473775259446,LDES
2035,Central,SR,1005.1631703234174,LDES
2035,Central,SV,905.5519729079043,LDES
2035,Central,TH,872.1960622078377,LDES
2035,Central,TN,869.5546824870187,LDES
2035,Central,TR,936.0301762001438,LDES
2035,Central,TW,908.53815928182,LDES
2035,Central,UA,1062.0174615615626,LDES
2035,Central,UG,979.3875632427665,LDES
2035,Central,US,566.1237827675969,LDES
2035,Central,UY,1036.087464383418,LDES
2035,Central,UZ,993.7617767591465,LDES
2035,Central,VN,886.8358385831664,LDES
2035,Central,ZA,760.2929473117772,LDES
2035,Central,ZM,925.6343079945349,LDES
2035,Optimistic,AE,837.9239963421265,LDES
2035,Optimistic,AF,878.1284913631199,LDES
2035,Optimistic,AR,781.5077527049154,LDES
2035,Optimistic,AT,822.7150487096504,LDES
2035,Optimistic,AU,696.4009167531505,LDES
2035,Optimistic,BD,838.721036288011,LDES
2035,Optimistic,BE,741.7946891394691,LDES
2035,Optimistic,BF,882.202084298875,LDES
2035,Optimistic,BG,824.4312324246506,LDES
2035,Optimistic,BH,858.197268250184,LDES
2035,Optimistic,BI,836.031882963417,LDES
2035,Optimistic,BO,833.43863674514,LDES
2035,Optimistic,BR,653.247995571688,LDES
2035,Optimistic,BY,860.107862145172,LDES
2035,Optimistic,CA,674.1383157959519,LDES
2035,Optimistic,CH,1060.744313806202,LDES
2035,Optimistic,CL,807.3015753958952,LDES
2035,Optimistic,CN,559.5620992656815,LDES
2035,Optimistic,CO,836.6084178270554,LDES
2035,Optimistic,CR,834.2387882465998,LDES
2035,Optimistic,CU,757.5167811170721,LDES
2035,Optimistic,CV,783.3713377312163,LDES
2035,Optimistic,CZ,1016.5435475236411,LDES
2035,Optimistic,DE,690.5927616357571,LDES
2035,Optimistic,DK,823.6547610051218,LDES
2035,Optimistic,DO,801.5471505673927,LDES
2035,Optimistic,DZ,875.0300921067908,LDES
2035,Optimistic,EC,861.534895270827,LDES
2035,Optimistic,EE,897.2634660052648,LDES
2035,Optimistic,EG,771.1162213202194,LDES
2035,Optimistic,ES,689.6520877340841,LDES
2035,Optimistic,ET,867.9546210675758,LDES
2035,Optimistic,FI,1101.699312351892,LDES
2035,Optimistic,FJ,781.1681107040879,LDES
2035,Optimistic,FR,680.333674821731,LDES
2035,Optimistic,GB,734.0335107890596,LDES
2035,Optimistic,GF,885.763362800835,LDES
2035,Optimistic,GH,853.0280737536604,LDES
2035,Optimistic,GR,839.7112866986618,LDES
2035,Optimistic,GT,821.5353467638462,LDES
2035,Optimistic,HN,823.6338899510386,LDES
2035,Optimistic,HU,1091.2933747088111,LDES
2035,Optimistic,ID,800.7784384087888,LDES
2035,Optimistic,IE,906.2928603626805,LDES
2035,Optimistic,IL,867.619728357192,LDES
2035,Optimistic,IN,716.8053206452271,LDES
2035,Optimistic,IR,1188.8937110547151,LDES
2035,Optimistic,IT,848.8964395271564,LDES
2035,Optimistic,JM,812.7253510266062,LDES
2035,Optimistic,JO,777.7081737560158,LDES
2035,Optimistic,JP,833.8151513343685,LDES
2035,Optimistic,KE,879.9156614311992,LDES
2035,Optimistic,KH,829.4821701118817,LDES
2035,Optimistic,KR,840.5844118253348,LDES
2035,Optimistic,KW,790.6092775181485,LDES
2035,Optimistic,KZ,857.6942069900699,LDES
2035,Optimistic,LC,833.8785469635544,LDES
2035,Optimistic,LK,793.4685231828383,LDES
2035,Optimistic,LY,700.2983154211524,LDES
2035,Optimistic,MA,1264.7559725408466,LDES
2035,Optimistic,MG,834.7270636109902,LDES
2035,Optimistic,MM,910.0528738498843,LDES
2035,Optimistic,MN,784.45239323511,LDES
2035,Optimistic,MR,745.3527106858317,LDES
2035,Optimistic,MU,796.9911331645993,LDES
2035,Optimistic,MX,778.7011838102766,LDES
2035,Optimistic,MY,906.9070106214892,LDES
2035,Optimistic,NE,924.6481718355359,LDES
2035,Optimistic,NG,878.4362605231338,LDES
2035,Optimistic,NI,1003.6861344313467,LDES
2035,Optimistic,NL,821.230190148115,LDES
2035,Optimistic,NO,1143.766315478861,LDES
2035,Optimistic,NP,871.9705752711859,LDES
2035,Optimistic,NZ,941.374272043657,LDES
2035,Optimistic,OM,829.2216160996974,LDES
2035,Optimistic,PA,802.5542282983562,LDES
2035,Optimistic,PE,656.7231870867507,LDES
2035,Optimistic,PH,779.991327432759,LDES
2035,Optimistic,PK,753.4370906211088,LDES
2035,Optimistic,PL,816.8448960384559,LDES
2035,Optimistic,PS,867.6501148759395,LDES
2035,Optimistic,PT,840.6215849666701,LDES
2035,Optimistic,PY,754.5584718110243,LDES
2035,Optimistic,RO,818.3394196459557,LDES
2035,Optimistic,RU,859.4108173857924,LDES
2035,Optimistic,RW,842.4659440992446,LDES
2035,Optimistic,SA,817.0299955727344,LDES
2035,Optimistic,SE,1081.788565848902,LDES
2035,Optimistic,SK,1150.4026677253296,LDES
2035,Optimistic,SN,761.9113840826927,LDES
2035,Optimistic,SR,906.8769647176667,LDES
2035,Optimistic,SV,821.8778339504371,LDES
2035,Optimistic,TH,789.031361766042,LDES
2035,Optimistic,TN,783.704393518661,LDES
2035,Optimistic,TR,838.3563336923546,LDES
2035,Optimistic,TW,817.6978886658671,LDES
2035,Optimistic,UA,941.094229993249,LDES
2035,Optimistic,UG,889.740946642877,LDES
2035,Optimistic,US,513.2182623505726,LDES
2035,Optimistic,UY,872.7572161383,LDES
2035,Optimistic,UZ,889.3145743367128,LDES
2035,Optimistic,VN,797.2616873299178,LDES
2035,Optimistic,ZA,690.1426915085126,LDES
2035,Optimistic,ZM,839.708179851629,LDES
2036,Conservative,AE,1186.5508066760488,LDES
2036,Conservative,AF,1230.0033788852134,LDES
2036,Conservative,AR,1167.1048962699833,LDES
2036,Conservative,AT,1212.9113868191826,LDES
2036,Conservative,AU,990.4548317757585,LDES
2036,Conservative,BD,1201.213964147385,LDES
2036,Conservative,BE,1089.108090917619,LDES
2036,Conservative,BF,1236.048918680435,LDES
2036,Conservative,BG,1208.8703439950752,LDES
2036,Conservative,BH,1229.0763608881898,LDES
2036,Conservative,BI,1191.4043299956888,LDES
2036,Conservative,BO,1191.2593331898186,LDES
2036,Conservative,BR,926.806866549046,LDES
2036,Conservative,BY,1303.5824428139229,LDES
2036,Conservative,CA,1113.503066861802,LDES
2036,Conservative,CH,1850.9219013687236,LDES
2036,Conservative,CL,1155.521308622849,LDES
2036,Conservative,CN,807.2983037694532,LDES
2036,Conservative,CO,1172.4244132609028,LDES
2036,Conservative,CR,1226.319346765641,LDES
2036,Conservative,CU,1102.3022514302684,LDES
2036,Conservative,CV,1165.196033358978,LDES
2036,Conservative,CZ,1709.705110205716,LDES
2036,Conservative,DE,1017.495405385414,LDES
2036,Conservative,DK,1423.0359073574423,LDES
2036,Conservative,DO,1144.272199445039,LDES
2036,Conservative,DZ,1246.2848991773108,LDES
2036,Conservative,EC,1200.404956661921,LDES
2036,Conservative,EE,1543.9081033365046,LDES
2036,Conservative,EG,1137.5685653346845,LDES
2036,Conservative,ES,1005.285861956926,LDES
2036,Conservative,ET,1277.9417221533786,LDES
2036,Conservative,FI,2071.2334262024606,LDES
2036,Conservative,FJ,1147.8908395754304,LDES
2036,Conservative,FR,984.1142327112267,LDES
2036,Conservative,GB,1154.1207809747582,LDES
2036,Conservative,GF,1260.2366178415607,LDES
2036,Conservative,GH,1195.5981333016018,LDES
2036,Conservative,GR,1214.998384041467,LDES
2036,Conservative,GT,1167.7688664421305,LDES
2036,Conservative,HN,1178.4921565596744,LDES
2036,Conservative,HU,1909.5356302952653,LDES
2036,Conservative,ID,1140.2523645452172,LDES
2036,Conservative,IE,1510.6617483127202,LDES
2036,Conservative,IL,1246.780099284218,LDES
2036,Conservative,IN,1022.6868621116325,LDES
2036,Conservative,IR,2052.6140242076026,LDES
2036,Conservative,IT,1228.8341909437518,LDES
2036,Conservative,JM,1167.5858419246392,LDES
2036,Conservative,JO,1126.508086399464,LDES
2036,Conservative,JP,1203.7988223634675,LDES
2036,Conservative,KE,1253.29982118526,LDES
2036,Conservative,KH,1200.7363744381585,LDES
2036,Conservative,KR,1218.8351179592012,LDES
2036,Conservative,KW,1143.0782843940922,LDES
2036,Conservative,KZ,1276.8493151779398,LDES
2036,Conservative,LC,1169.2880578451775,LDES
2036,Conservative,LK,1132.5214008266953,LDES
2036,Conservative,LY,1003.7319004293205,LDES
2036,Conservative,MA,2622.520894874204,LDES
2036,Conservative,MG,1186.7124617227732,LDES
2036,Conservative,MM,1276.0797663557746,LDES
2036,Conservative,MN,1187.2703806417994,LDES
2036,Conservative,MR,1096.2561491944805,LDES
2036,Conservative,MU,1129.203549892807,LDES
2036,Conservative,MX,1114.2153290034885,LDES
2036,Conservative,MY,1276.0606574818248,LDES
2036,Conservative,NE,1317.5589527388227,LDES
2036,Conservative,NG,1227.2915977380967,LDES
2036,Conservative,NI,1734.4697827052798,LDES
2036,Conservative,NL,1411.498662255886,LDES
2036,Conservative,NO,2217.36710908586,LDES
2036,Conservative,NP,1239.5552561830318,LDES
2036,Conservative,NZ,1657.9285990844921,LDES
2036,Conservative,OM,1163.355313396448,LDES
2036,Conservative,PA,1155.9888630655544,LDES
2036,Conservative,PE,972.2334516143787,LDES
2036,Conservative,PH,1111.986347156011,LDES
2036,Conservative,PK,1094.8935623587956,LDES
2036,Conservative,PL,1258.5589257227405,LDES
2036,Conservative,PS,1252.4228222411925,LDES
2036,Conservative,PT,1207.022572670774,LDES
2036,Conservative,PY,1065.0321978588602,LDES
2036,Conservative,RO,1218.9901965586357,LDES
2036,Conservative,RU,1278.6287469316042,LDES
2036,Conservative,RW,1181.8726083184715,LDES
2036,Conservative,SA,1175.8750420550657,LDES
2036,Conservative,SE,1980.7584617293846,LDES
2036,Conservative,SK,2041.3326973580338,LDES
2036,Conservative,SN,1089.8001608971936,LDES
2036,Conservative,SR,1282.5218243321442,LDES
2036,Conservative,SV,1150.7720982563624,LDES
2036,Conservative,TH,1111.4901387642717,LDES
2036,Conservative,TN,1115.1631382712474,LDES
2036,Conservative,TR,1217.4572728329304,LDES
2036,Conservative,TW,1173.8142745508578,LDES
2036,Conservative,UA,1404.7434205549991,LDES
2036,Conservative,UG,1234.1927716948423,LDES
2036,Conservative,US,731.583930213734,LDES
2036,Conservative,UY,1503.0067376250727,LDES
2036,Conservative,UZ,1292.027675667881,LDES
2036,Conservative,VN,1144.6011173945835,LDES
2036,Conservative,ZA,962.9123874041527,LDES
2036,Conservative,ZM,1175.0743097352815,LDES
2036,Central,AE,927.1650951844142,LDES
2036,Central,AF,965.7168763425666,LDES
2036,Central,AR,876.5255737051282,LDES
2036,Central,AT,922.3593670001732,LDES
2036,Central,AU,772.8289689493981,LDES
2036,Central,BD,930.8573616899199,LDES
2036,Central,BE,829.2729261737359,LDES
2036,Central,BF,969.2250995402884,LDES
2036,Central,BG,922.0678582488139,LDES
2036,Central,BH,951.0458399738509,LDES
2036,Central,BI,926.4524772533324,LDES
2036,Central,BO,924.5173924305062,LDES
2036,Central,BR,724.8703359861792,LDES
2036,Central,BY,967.2563870562789,LDES
2036,Central,CA,785.8108141709642,LDES
2036,Central,CH,1256.9456089168616,LDES
2036,Central,CL,896.1574173493341,LDES
2036,Central,CN,625.8281919935264,LDES
2036,Central,CO,923.0359641629711,LDES
2036,Central,CR,935.303362736131,LDES
2036,Central,CU,846.6752651885463,LDES
2036,Central,CV,880.0641945615455,LDES
2036,Central,CZ,1186.8621171995253,LDES
2036,Central,DE,772.8010407681041,LDES
2036,Central,DK,973.3717522089275,LDES
2036,Central,DO,889.720768685929,LDES
2036,Central,DZ,966.4260394796679,LDES
2036,Central,EC,945.4333200926558,LDES
2036,Central,EE,1058.0355450104355,LDES
2036,Central,EG,866.939131378655,LDES
2036,Central,ES,770.893635045544,LDES
2036,Central,ET,970.1318294112814,LDES
2036,Central,FI,1335.7957422798972,LDES
2036,Central,FJ,875.5564687675538,LDES
2036,Central,FR,759.0615053247899,LDES
2036,Central,GB,833.8069766812467,LDES
2036,Central,GF,978.5472696193075,LDES
2036,Central,GH,940.0115278197704,LDES
2036,Central,GR,932.9697345468959,LDES
2036,Central,GT,911.3730493042553,LDES
2036,Central,HN,914.5764839145107,LDES
2036,Central,HU,1292.970338713309,LDES
2036,Central,ID,888.7195621443523,LDES
2036,Central,IE,1054.402975874361,LDES
2036,Central,IL,963.9195509822895,LDES
2036,Central,IN,795.6980135418161,LDES
2036,Central,IR,1395.3722534205147,LDES
2036,Central,IT,943.8979512367795,LDES
2036,Central,JM,902.6868190026204,LDES
2036,Central,JO,865.297997224219,LDES
2036,Central,JP,928.1671427018521,LDES
2036,Central,KE,973.7058647290169,LDES
2036,Central,KH,925.2622056070165,LDES
2036,Central,KR,937.381354450159,LDES
2036,Central,KW,880.6041719793127,LDES
2036,Central,KZ,960.375291891925,LDES
2036,Central,LC,919.3488361061202,LDES
2036,Central,LK,881.258520023078,LDES
2036,Central,LY,780.0206675115162,LDES
2036,Central,MA,1600.7035758733348,LDES
2036,Central,MG,925.6365391340485,LDES
2036,Central,MM,999.1156102684032,LDES
2036,Central,MN,888.5812417652012,LDES
2036,Central,MR,832.9779757723703,LDES
2036,Central,MU,881.6001297720469,LDES
2036,Central,MX,865.0696224735816,LDES
2036,Central,MY,997.0883355684349,LDES
2036,Central,NE,1018.6568184146706,LDES
2036,Central,NG,966.5775077641589,LDES
2036,Central,NI,1183.1948608032528,LDES
2036,Central,NL,967.9099609675911,LDES
2036,Central,NO,1407.4388346557612,LDES
2036,Central,NP,962.6358266634369,LDES
2036,Central,NZ,1120.3870035940479,LDES
2036,Central,OM,913.122910501832,LDES
2036,Central,PA,893.577891693137,LDES
2036,Central,PE,738.2203936849389,LDES
2036,Central,PH,864.1800648472913,LDES
2036,Central,PK,840.3088035929153,LDES
2036,Central,PL,930.902344449534,LDES
2036,Central,PS,964.6864103004756,LDES
2036,Central,PT,933.5890043517986,LDES
2036,Central,PY,833.8042960980073,LDES
2036,Central,RO,919.6842321132506,LDES
2036,Central,RU,959.218832782871,LDES
2036,Central,RW,929.1921730637343,LDES
2036,Central,SA,907.7921507751316,LDES
2036,Central,SE,1289.0751851813511,LDES
2036,Central,SK,1364.6508238113088,LDES
2036,Central,SN,844.28006773706,LDES
2036,Central,SR,998.9460698113668,LDES
2036,Central,SV,907.1404796229175,LDES
2036,Central,TH,870.5479537061846,LDES
2036,Central,TN,866.202657221425,LDES
2036,Central,TR,933.5147381983261,LDES
2036,Central,TW,909.4076709466215,LDES
2036,Central,UA,1055.7855303598085,LDES
2036,Central,UG,974.6202655915772,LDES
2036,Central,US,574.3605309788884,LDES
2036,Central,UY,1030.9197151007206,LDES
2036,Central,UZ,989.5160131058724,LDES
2036,Central,VN,885.401927543428,LDES
2036,Central,ZA,759.3934598161999,LDES
2036,Central,ZM,925.0220010067105,LDES
2036,Optimistic,AE,838.2328512444253,LDES
2036,Optimistic,AF,875.1043611850877,LDES
2036,Optimistic,AR,776.8983773971781,LDES
2036,Optimistic,AT,822.7415316336557,LDES
2036,Optimistic,AU,698.2143874089318,LDES
2036,Optimistic,BD,838.1636694187893,LDES
2036,Optimistic,BE,740.1865839758332,LDES
2036,Optimistic,BF,877.742647263667,LDES
2036,Optimistic,BG,823.7355774215243,LDES
2036,Optimistic,BH,855.7210899460774,LDES
2036,Optimistic,BI,835.6118420273815,LDES
2036,Optimistic,BO,833.0630127415991,LDES
2036,Optimistic,BR,655.6349540789104,LDES
2036,Optimistic,BY,851.9445965108009,LDES
2036,Optimistic,CA,673.4591846769628,LDES
2036,Optimistic,CH,1053.2965943619372,LDES
2036,Optimistic,CL,807.2326546269859,LDES
2036,Optimistic,CN,563.6098679560656,LDES
2036,Optimistic,CO,837.5313530436802,LDES
2036,Optimistic,CR,835.5264539260132,LDES
2036,Optimistic,CU,759.0317270485274,LDES
2036,Optimistic,CV,782.3047069738546,LDES
2036,Optimistic,CZ,1007.6016624545458,LDES
2036,Optimistic,DE,688.9058300421694,LDES
2036,Optimistic,DK,819.2011847294367,LDES
2036,Optimistic,DO,802.4459924256624,LDES
2036,Optimistic,DZ,870.4744304404761,LDES
2036,Optimistic,EC,858.0144732689074,LDES
2036,Optimistic,EE,891.4506678700692,LDES
2036,Optimistic,EG,774.1518968794451,LDES
2036,Optimistic,ES,690.5305858187844,LDES
2036,Optimistic,ET,864.5970090425623,LDES
2036,Optimistic,FI,1083.645679220733,LDES
2036,Optimistic,FJ,782.1846844905674,LDES
2036,Optimistic,FR,681.9005702208688,LDES
2036,Optimistic,GB,723.9851009234715,LDES
2036,Optimistic,GF,881.9680645145348,LDES
2036,Optimistic,GH,852.3818345117139,LDES
2036,Optimistic,GR,836.2741975773288,LDES
2036,Optimistic,GT,823.4659119998411,LDES
2036,Optimistic,HN,824.091110436169,LDES
2036,Optimistic,HU,1081.5765244566383,LDES
2036,Optimistic,ID,802.4797441783417,LDES
2036,Optimistic,IE,897.9713967526377,LDES
2036,Optimistic,IL,866.9387915644854,LDES
2036,Optimistic,IN,717.8732654607362,LDES
2036,Optimistic,IR,1170.0322177220837,LDES
2036,Optimistic,IT,846.2055261943889,LDES
2036,Optimistic,JM,811.8642968579281,LDES
2036,Optimistic,JO,775.7402523641349,LDES
2036,Optimistic,JP,833.6648525321554,LDES
2036,Optimistic,KE,877.8450796583049,LDES
2036,Optimistic,KH,830.8139191506251,LDES
2036,Optimistic,KR,840.8829212470589,LDES
2036,Optimistic,KW,790.6130477228164,LDES
2036,Optimistic,KZ,851.8699124795772,LDES
2036,Optimistic,LC,833.6553886527292,LDES
2036,Optimistic,LK,795.111246604695,LDES
2036,Optimistic,LY,703.3196733682689,LDES
2036,Optimistic,MA,1250.3662093587518,LDES
2036,Optimistic,MG,836.1247942464856,LDES
2036,Optimistic,MM,904.1564710384474,LDES
2036,Optimistic,MN,786.1735370075103,LDES
2036,Optimistic,MR,742.7111734562184,LDES
2036,Optimistic,MU,796.7075285877862,LDES
2036,Optimistic,MX,779.6482373776134,LDES
2036,Optimistic,MY,901.4406823409871,LDES
2036,Optimistic,NE,916.17608664639,LDES
2036,Optimistic,NG,877.1898197730943,LDES
2036,Optimistic,NI,994.1863161511296,LDES
2036,Optimistic,NL,815.8224062401758,LDES
2036,Optimistic,NO,1129.7491405654416,LDES
2036,Optimistic,NP,867.6920222567184,LDES
2036,Optimistic,NZ,936.0870279973243,LDES
2036,Optimistic,OM,827.3289437951064,LDES
2036,Optimistic,PA,803.6084157940226,LDES
2036,Optimistic,PE,657.9873452519882,LDES
2036,Optimistic,PH,779.2179109128731,LDES
2036,Optimistic,PK,753.0226005874707,LDES
2036,Optimistic,PL,818.5629451558631,LDES
2036,Optimistic,PS,866.0339262065156,LDES
2036,Optimistic,PT,839.8403523567212,LDES
2036,Optimistic,PY,754.5261583514292,LDES
2036,Optimistic,RO,817.0650443034041,LDES
2036,Optimistic,RU,849.7068622175912,LDES
2036,Optimistic,RW,842.5588809763958,LDES
2036,Optimistic,SA,815.8780166220113,LDES
2036,Optimistic,SE,1051.9266332220252,LDES
2036,Optimistic,SK,1132.6456100238604,LDES
2036,Optimistic,SN,760.1017500821567,LDES
2036,Optimistic,SR,901.7200968328144,LDES
2036,Optimistic,SV,823.6096389485934,LDES
2036,Optimistic,TH,787.9392045434117,LDES
2036,Optimistic,TN,780.8447780043434,LDES
2036,Optimistic,TR,836.1630120378903,LDES
2036,Optimistic,TW,818.7539782823116,LDES
2036,Optimistic,UA,936.142825150029,LDES
2036,Optimistic,UG,885.6239777847436,LDES
2036,Optimistic,US,520.4553655269413,LDES
2036,Optimistic,UY,869.0613073780855,LDES
2036,Optimistic,UZ,885.7977287988978,LDES
2036,Optimistic,VN,796.5336338801749,LDES
2036,Optimistic,ZA,689.6155417860446,LDES
2036,Optimistic,ZM,839.2897808712005,LDES
2037,Conservative,AE,1183.3260473928071,LDES
2037,Conservative,AF,1221.8259231061606,LDES
2037,Conservative,AR,1161.8401157067476,LDES
2037,Conservative,AT,1209.0687915698247,LDES
2037,Conservative,AU,989.2055093475919,LDES
2037,Conservative,BD,1196.1092020150377,LDES
2037,Conservative,BE,1077.303226326131,LDES
2037,Conservative,BF,1226.984572366824,LDES
2037,Conservative,BG,1204.345065388606,LDES
2037,Conservative,BH,1222.4259443191495,LDES
2037,Conservative,BI,1185.8438318071899,LDES
2037,Conservative,BO,1187.8245546921587,LDES
2037,Conservative,BR,924.7264446501516,LDES
2037,Conservative,BY,1289.6445803754784,LDES
2037,Conservative,CA,1109.034771902366,LDES
2037,Conservative,CH,1837.3872301316017,LDES
2037,Conservative,CL,1152.032223305055,LDES
2037,Conservative,CN,808.2186382450984,LDES
2037,Conservative,CO,1170.2427189509679,LDES
2037,Conservative,CR,1223.630940128288,LDES
2037,Conservative,CU,1101.3983871126363,LDES
2037,Conservative,CV,1160.4160712281573,LDES
2037,Conservative,CZ,1728.3509359604943,LDES
2037,Conservative,DE,1005.8542114585786,LDES
2037,Conservative,DK,1410.5836648916322,LDES
2037,Conservative,DO,1144.0598793375532,LDES
2037,Conservative,DZ,1239.3828669203926,LDES
2037,Conservative,EC,1194.6618185334878,LDES
2037,Conservative,EE,1505.8695225866427,LDES
2037,Conservative,EG,1131.4004261654923,LDES
2037,Conservative,ES,1001.5190351503263,LDES
2037,Conservative,ET,1270.3452069943169,LDES
2037,Conservative,FI,2044.3835179608598,LDES
2037,Conservative,FJ,1145.095166167109,LDES
2037,Conservative,FR,979.0692248675134,LDES
2037,Conservative,GB,1121.224333231401,LDES
2037,Conservative,GF,1254.3001743861162,LDES
2037,Conservative,GH,1191.9741086351346,LDES
2037,Conservative,GR,1208.4065101474037,LDES
2037,Conservative,GT,1167.6341831125987,LDES
2037,Conservative,HN,1175.4687062339412,LDES
2037,Conservative,HU,1884.598083611457,LDES
2037,Conservative,ID,1135.085011729483,LDES
2037,Conservative,IE,1483.973352825143,LDES
2037,Conservative,IL,1241.607338862995,LDES
2037,Conservative,IN,1021.1145660039283,LDES
2037,Conservative,IR,2057.856333349829,LDES
2037,Conservative,IT,1222.7664914960694,LDES
2037,Conservative,JM,1164.676995683053,LDES
2037,Conservative,JO,1118.945955577753,LDES
2037,Conservative,JP,1199.2562342136064,LDES
2037,Conservative,KE,1246.5844651564637,LDES
2037,Conservative,KH,1199.3100971464737,LDES
2037,Conservative,KR,1216.1691985591785,LDES
2037,Conservative,KW,1139.531294606263,LDES
2037,Conservative,KZ,1262.5070919785474,LDES
2037,Conservative,LC,1166.3155964953994,LDES
2037,Conservative,LK,1131.147910895346,LDES
2037,Conservative,LY,1005.8595066666458,LDES
2037,Conservative,MA,2615.433452071879,LDES
2037,Conservative,MG,1183.5135639046416,LDES
2037,Conservative,MM,1263.5185446513165,LDES
2037,Conservative,MN,1159.0716116021435,LDES
2037,Conservative,MR,1081.2824513411565,LDES
2037,Conservative,MU,1125.4261665762538,LDES
2037,Conservative,MX,1112.6444499171487,LDES
2037,Conservative,MY,1262.5353471508681,LDES
2037,Conservative,NE,1299.726045360298,LDES
2037,Conservative,NG,1222.5174238375885,LDES
2037,Conservative,NI,1724.6171008415984,LDES
2037,Conservative,NL,1359.0718606025957,LDES
2037,Conservative,NO,2189.5105215637423,LDES
2037,Conservative,NP,1230.5079940971634,LDES
2037,Conservative,NZ,1635.5740725581659,LDES
2037,Conservative,OM,1158.1388401518952,LDES
2037,Conservative,PA,1153.814210550618,LDES
2037,Conservative,PE,968.1673339485347,LDES
2037,Conservative,PH,1108.2559232162776,LDES
2037,Conservative,PK,1091.191250749732,LDES
2037,Conservative,PL,1254.5971057038892,LDES
2037,Conservative,PS,1245.887095174764,LDES
2037,Conservative,PT,1203.039213458534,LDES
2037,Conservative,PY,1063.3851690715305,LDES
2037,Conservative,RO,1209.313719213905,LDES
2037,Conservative,RU,1263.6356269236337,LDES
2037,Conservative,RW,1176.2994405796176,LDES
2037,Conservative,SA,1172.4685382939433,LDES
2037,Conservative,SE,1944.9598243017067,LDES
2037,Conservative,SK,2017.9880239883535,LDES
2037,Conservative,SN,1081.9967932824886,LDES
2037,Conservative,SR,1273.0218778216263,LDES
2037,Conservative,SV,1149.394287932307,LDES
2037,Conservative,TH,1110.0363353668297,LDES
2037,Conservative,TN,1109.184784959181,LDES
2037,Conservative,TR,1213.2692746337914,LDES
2037,Conservative,TW,1172.7152375722546,LDES
2037,Conservative,UA,1392.0184443030325,LDES
2037,Conservative,UG,1222.9587865198266,LDES
2037,Conservative,US,735.6611892089967,LDES
2037,Conservative,UY,1494.9993916409137,LDES
2037,Conservative,UZ,1283.0515445800113,LDES
2037,Conservative,VN,1139.5199074418276,LDES
2037,Conservative,ZA,960.6277865443884,LDES
2037,Conservative,ZM,1172.236724096981,LDES
2037,Central,AE,926.8189825527243,LDES
2037,Central,AF,961.223241650056,LDES
2037,Central,AR,874.1850551213289,LDES
2037,Central,AT,920.5534398182908,LDES
2037,Central,AU,773.4652960460214,LDES
2037,Central,BD,929.6170078028806,LDES
2037,Central,BE,824.2941493364085,LDES
2037,Central,BF,964.2010920022022,LDES
2037,Central,BG,920.7903177447189,LDES
2037,Central,BH,948.4845047775553,LDES
2037,Central,BI,924.6679635320697,LDES
2037,Central,BO,924.1531144095226,LDES
2037,Central,BR,725.5515233536509,LDES
2037,Central,BY,958.956961276518,LDES
2037,Central,CA,785.0884026428772,LDES
2037,Central,CH,1249.35229058021,LDES
2037,Central,CL,895.3151669082644,LDES
2037,Central,CN,629.1268552147204,LDES
2037,Central,CO,923.3723904623275,LDES
2037,Central,CR,935.094495476313,LDES
2037,Central,CU,848.5233251409612,LDES
2037,Central,CV,879.6215497790694,LDES
2037,Central,CZ,1194.7728857924803,LDES
2037,Central,DE,767.9298157463854,LDES
2037,Central,DK,966.9247209353938,LDES
2037,Central,DO,891.1438544982526,LDES
2037,Central,DZ,962.3268138910431,LDES
2037,Central,EC,942.926732791098,LDES
2037,Central,EE,1039.589289423337,LDES
2037,Central,EG,865.1764387651128,LDES
2037,Central,ES,770.466840035805,LDES
2037,Central,ET,965.3807269458973,LDES
2037,Central,FI,1320.1882394267564,LDES
2037,Central,FJ,875.7307444295344,LDES
2037,Central,FR,758.0912246228448,LDES
2037,Central,GB,818.5123997494625,LDES
2037,Central,GF,976.2864491966333,LDES
2037,Central,GH,939.4012790584775,LDES
2037,Central,GR,929.8748167127104,LDES
2037,Central,GT,913.2836064133204,LDES
2037,Central,HN,914.2631713002721,LDES
2037,Central,HU,1278.9736293665576,LDES
2037,Central,ID,887.4005954287796,LDES
2037,Central,IE,1038.6299933685689,LDES
2037,Central,IL,962.20305437683,LDES
2037,Central,IN,795.9806747053199,LDES
2037,Central,IR,1391.0056116174687,LDES
2037,Central,IT,941.4593924354648,LDES
2037,Central,JM,902.6537168646388,LDES
2037,Central,JO,861.9652073602775,LDES
2037,Central,JP,926.8037371545388,LDES
2037,Central,KE,970.8096421398808,LDES
2037,Central,KH,927.0814752715083,LDES
2037,Central,KR,937.3317529190506,LDES
2037,Central,KW,880.6454738020403,LDES
2037,Central,KZ,952.6631975428835,LDES
2037,Central,LC,919.4729771826132,LDES
2037,Central,LK,882.2913584372963,LDES
2037,Central,LY,783.5107053696721,LDES
2037,Central,MA,1593.3264763400955,LDES
2037,Central,MG,925.6353540022731,LDES
2037,Central,MM,990.5017003645214,LDES
2037,Central,MN,875.6780309679752,LDES
2037,Central,MR,826.1921933273303,LDES
2037,Central,MU,880.3360488304496,LDES
2037,Central,MX,865.7779268334282,LDES
2037,Central,MY,989.393494944409,LDES
2037,Central,NE,1007.9953947951144,LDES
2037,Central,NG,964.7641000929439,LDES
2037,Central,NI,1178.3181737121915,LDES
2037,Central,NL,942.9403936356538,LDES
2037,Central,NO,1391.3694607687235,LDES
2037,Central,NP,957.9149363067952,LDES
2037,Central,NZ,1109.4334718066243,LDES
2037,Central,OM,911.1920417090006,LDES
2037,Central,PA,894.2226016157706,LDES
2037,Central,PE,736.3202924828644,LDES
2037,Central,PH,863.4465730981017,LDES
2037,Central,PK,839.8769640790814,LDES
2037,Central,PL,929.2083611126799,LDES
2037,Central,PS,962.3306185081676,LDES
2037,Central,PT,932.2234352464797,LDES
2037,Central,PY,834.7809132008064,LDES
2037,Central,RO,914.6368873160004,LDES
2037,Central,RU,950.4686159130063,LDES
2037,Central,RW,927.3284767164185,LDES
2037,Central,SA,907.5034976645769,LDES
2037,Central,SE,1269.08895488856,LDES
2037,Central,SK,1350.5599706663684,LDES
2037,Central,SN,840.7923137191174,LDES
2037,Central,SR,993.9451538366562,LDES
2037,Central,SV,908.2720451965927,LDES
2037,Central,TH,871.3651100014949,LDES
2037,Central,TN,862.8838238612499,LDES
2037,Central,TR,931.7793045671535,LDES
2037,Central,TW,910.1581441851753,LDES
2037,Central,UA,1048.8559790031366,LDES
2037,Central,UG,967.3889613832167,LDES
2037,Central,US,579.4967614026101,LDES
2037,Central,UY,1026.506020303032,LDES
2037,Central,UZ,984.2863662973733,LDES
2037,Central,VN,884.0606449942034,LDES
2037,Central,ZA,758.788003455215,LDES
2037,Central,ZM,924.9435254791787,LDES
2037,Optimistic,AE,838.4322108126477,LDES
2037,Optimistic,AF,871.4252092446993,LDES
2037,Optimistic,AR,775.0653595461124,LDES
2037,Optimistic,AT,821.1373065641478,LDES
2037,Optimistic,AU,699.1258972457213,LDES
2037,Optimistic,BD,837.7895770261614,LDES
2037,Optimistic,BE,737.1127083495883,LDES
2037,Optimistic,BF,873.6516035874047,LDES
2037,Optimistic,BG,823.0835010867047,LDES
2037,Optimistic,BH,854.090225610211,LDES
2037,Optimistic,BI,834.6724233794378,LDES
2037,Optimistic,BO,833.2976542639394,LDES
2037,Optimistic,BR,656.9201649310011,LDES
2037,Optimistic,BY,845.0091792737436,LDES
2037,Optimistic,CA,673.4635091390053,LDES
2037,Optimistic,CH,1046.7282029757548,LDES
2037,Optimistic,CL,806.8560366317801,LDES
2037,Optimistic,CN,567.4157107006382,LDES
2037,Optimistic,CO,831.0071254143473,Li-ion
2037,Optimistic,CR,835.6710940661144,LDES
2037,Optimistic,CU,761.3880628230106,LDES
2037,Optimistic,CV,782.8658472074557,LDES
2037,Optimistic,CZ,1010.9134612767552,LDES
2037,Optimistic,DE,685.9462287901357,LDES
2037,Optimistic,DK,814.0494703673404,LDES
2037,Optimistic,DO,803.9944772644694,LDES
2037,Optimistic,DZ,866.8593064616524,LDES
2037,Optimistic,EC,847.6823614329544,Li-ion
2037,Optimistic,EE,878.9192331767041,LDES
2037,Optimistic,EG,773.4414262391988,LDES
2037,Optimistic,ES,690.8512643698376,LDES
2037,Optimistic,ET,860.2965808087313,LDES
2037,Optimistic,FI,1070.6462518836795,LDES
2037,Optimistic,FJ,782.9136063368278,LDES
2037,Optimistic,FR,681.9469980325133,LDES
2037,Optimistic,GB,714.2044323086982,LDES
2037,Optimistic,GF,880.4889487096546,LDES
2037,Optimistic,GH,849.0337403767772,Li-ion
2037,Optimistic,GR,833.8988356014788,LDES
2037,Optimistic,GT,825.6399137193521,LDES
2037,Optimistic,HN,824.2574086604776,LDES
2037,Optimistic,HU,1070.2885764580742,LDES
2037,Optimistic,ID,802.0539170408264,LDES
2037,Optimistic,IE,885.1743297485929,LDES
2037,Optimistic,IL,865.9263973129225,LDES
2037,Optimistic,IN,718.4044181855584,LDES
2037,Optimistic,IR,1161.2233147313784,LDES
2037,Optimistic,IT,844.5270667350637,LDES
2037,Optimistic,JM,812.3661774163661,LDES
2037,Optimistic,JO,773.415214601003,LDES
2037,Optimistic,JP,832.9225152763539,LDES
2037,Optimistic,KE,875.7836187871786,LDES
2037,Optimistic,KH,833.2773959266408,LDES
2037,Optimistic,KR,841.2504162285968,LDES
2037,Optimistic,KW,791.4390343441999,LDES
2037,Optimistic,KZ,845.8977110264981,LDES
2037,Optimistic,LC,830.076698425148,Li-ion
2037,Optimistic,LK,796.5407873493417,LDES
2037,Optimistic,LY,706.8941304649318,LDES
2037,Optimistic,MA,1241.1305786783003,LDES
2037,Optimistic,MG,836.7761154094087,LDES
2037,Optimistic,MM,896.4260166705172,LDES
2037,Optimistic,MN,778.0267489663221,LDES
2037,Optimistic,MR,738.2936224936504,LDES
2037,Optimistic,MU,795.8833094626185,LDES
2037,Optimistic,MX,780.7130767106041,LDES
2037,Optimistic,MY,895.2747362323039,LDES
2037,Optimistic,NE,907.4713392991594,LDES
2037,Optimistic,NG,867.7923951124029,Li-ion
2037,Optimistic,NI,990.0754108700106,LDES
2037,Optimistic,NL,799.5505146566834,LDES
2037,Optimistic,NO,1116.3473603020063,LDES
2037,Optimistic,NP,863.9852802489094,LDES
2037,Optimistic,NZ,928.1368310657322,LDES
2037,Optimistic,OM,826.0995304383164,LDES
2037,Optimistic,PA,804.7729628743654,LDES
2037,Optimistic,PE,656.4308300019226,LDES
2037,Optimistic,PH,779.0905801658147,LDES
2037,Optimistic,PK,753.279511081725,LDES
2037,Optimistic,PL,817.0864563499254,LDES
2037,Optimistic,PS,864.6232060664249,LDES
2037,Optimistic,PT,838.9061911878681,LDES
2037,Optimistic,PY,756.0088443104121,LDES
2037,Optimistic,RO,813.0976416258793,LDES
2037,Optimistic,RU,842.5580554924767,LDES
2037,Optimistic,RW,837.2178683692388,Li-ion
2037,Optimistic,SA,816.202290893494,LDES
2037,Optimistic,SE,1036.1985107293312,LDES
2037,Optimistic,SK,1120.5787378349373,LDES
2037,Optimistic,SN,757.6784810021004,LDES
2037,Optimistic,SR,897.7813670177387,LDES
2037,Optimistic,SV,813.0694577432232,Li-ion
2037,Optimistic,TH,789.1241817430782,LDES
2037,Optimistic,TN,778.0138541335292,LDES
2037,Optimistic,TR,834.7839654839506,LDES
2037,Optimistic,TW,819.6866638132418,LDES
2037,Optimistic,UA,930.6096355383528,LDES
2037,Optimistic,UG,862.822496693989,Li-ion
2037,Optimistic,US,524.659680450931,Li-ion
2037,Optimistic,UY,865.0733646372079,LDES
2037,Optimistic,UZ,881.3383651060062,LDES
2037,Optimistic,VN,796.0349232351426,LDES
2037,Optimistic,ZA,680.2745034464721,Li-ion
2037,Optimistic,ZM,832.4282547539533,Li-ion
2038,Conservative,AE,1178.9416141510046,LDES
2038,Conservative,AF,1216.0411037896029,LDES
2038,Conservative,AR,1162.3021898991824,LDES
2038,Conservative,AT,1200.0832924428269,LDES
2038,Conservative,AU,989.968830173897,LDES
2038,Conservative,BD,1190.6354021696704,LDES
2038,Conservative,BE,1073.084166777972,LDES
2038,Conservative,BF,1217.988933505285,LDES
2038,Conservative,BG,1198.695626365031,LDES
2038,Conservative,BH,1217.0399337361457,LDES
2038,Conservative,BI,1179.677017116044,LDES
2038,Conservative,BO,1182.4700575706945,LDES
2038,Conservative,BR,922.8711898835734,LDES
2038,Conservative,BY,1276.5774813688515,LDES
2038,Conservative,CA,1106.689227768647,LDES
2038,Conservative,CH,1823.7107030931522,LDES
2038,Conservative,CL,1150.2664080810366,LDES
2038,Conservative,CN,810.2795801830283,LDES
2038,Conservative,CO,1169.230017925044,LDES
2038,Conservative,CR,1219.1057428466474,LDES
2038,Conservative,CU,1099.9708451386473,LDES
2038,Conservative,CV,1157.035502271164,LDES
2038,Conservative,CZ,1775.6518559361668,LDES
2038,Conservative,DE,998.5668333214905,LDES
2038,Conservative,DK,1400.7721410453123,LDES
2038,Conservative,DO,1143.105761725905,LDES
2038,Conservative,DZ,1232.9346058216272,LDES
2038,Conservative,EC,1188.8696973653252,LDES
2038,Conservative,EE,1477.083164447196,LDES
2038,Conservative,EG,1129.5156860467096,LDES
2038,Conservative,ES,995.1562519875382,LDES
2038,Conservative,ET,1261.5462397541087,LDES
2038,Conservative,FI,2004.5308710180263,LDES
2038,Conservative,FJ,1141.6375244019239,LDES
2038,Conservative,FR,975.5751236943908,LDES
2038,Conservative,GB,1121.8402663873742,LDES
2038,Conservative,GF,1248.9299043920598,LDES
2038,Conservative,GH,1188.6379384665888,LDES
2038,Conservative,GR,1203.1314469642023,LDES
2038,Conservative,GT,1167.301976620134,LDES
2038,Conservative,HN,1173.1426853705302,LDES
2038,Conservative,HU,1867.8599911313397,LDES
2038,Conservative,ID,1131.178561589448,LDES
2038,Conservative,IE,1465.285120852607,LDES
2038,Conservative,IL,1237.1513720345283,LDES
2038,Conservative,IN,1019.3313562927661,LDES
2038,Conservative,IR,2037.4143963590611,LDES
2038,Conservative,IT,1220.3619699730232,LDES
2038,Conservative,JM,1160.6331068988286,LDES
2038,Conservative,JO,1114.658541377468,LDES
2038,Conservative,JP,1195.0173435254883,LDES
2038,Conservative,KE,1239.4268503651892,LDES
2038,Conservative,KH,1198.0857950753339,LDES
2038,Conservative,KR,1214.2053091329044,LDES
2038,Conservative,KW,1135.9179554775867,LDES
2038,Conservative,KZ,1255.4616271927705,LDES
2038,Conservative,LC,1162.914458397946,LDES
2038,Conservative,LK,1130.1470522351026,LDES
2038,Conservative,LY,1008.7326318887939,LDES
2038,Conservative,MA,2595.9812607507542,LDES
2038,Conservative,MG,1180.7397573375574,LDES
2038,Conservative,MM,1252.6325370952386,LDES
2038,Conservative,MN,1139.6320966963494,LDES
2038,Conservative,MR,1072.9752205279278,LDES
2038,Conservative,MU,1121.2356730411732,LDES
2038,Conservative,MX,1111.841845416625,LDES
2038,Conservative,MY,1252.6569345259024,LDES
2038,Conservative,NE,1282.3829231751508,LDES
2038,Conservative,NG,1218.1553373872243,LDES
2038,Conservative,NI,1712.0965544008272,LDES
2038,Conservative,NL,1348.4544125909342,LDES
2038,Conservative,NO,2163.0323012310487,LDES
2038,Conservative,NP,1221.214296333086,LDES
2038,Conservative,NZ,1624.0197948426512,LDES
2038,Conservative,OM,1151.874099186384,LDES
2038,Conservative,PA,1150.4828050894787,LDES
2038,Conservative,PE,970.3583946607329,LDES
2038,Conservative,PH,1104.39086825155,LDES
2038,Conservative,PK,1086.1305854819543,LDES
2038,Conservative,PL,1249.9181964474799,LDES
2038,Conservative,PS,1239.5059680356542,LDES
2038,Conservative,PT,1199.7598415362081,LDES
2038,Conservative,PY,1063.8144079272058,LDES
2038,Conservative,RO,1200.9468735109804,LDES
2038,Conservative,RU,1246.9423139874102,LDES
2038,Conservative,RW,1173.6037385221796,LDES
2038,Conservative,SA,1168.992828669253,LDES
2038,Conservative,SE,2131.6278329474776,LDES
2038,Conservative,SK,1995.5186992879921,LDES
2038,Conservative,SN,1071.9638187176351,LDES
2038,Conservative,SR,1263.614995843127,LDES
2038,Conservative,SV,1149.511833436323,LDES
2038,Conservative,TH,1107.6055429454898,LDES
2038,Conservative,TN,1104.9316108048226,LDES
2038,Conservative,TR,1210.5147380374133,LDES
2038,Conservative,TW,1171.853891348763,LDES
2038,Conservative,UA,1371.4474891799684,LDES
2038,Conservative,UG,1213.7576934154686,LDES
2038,Conservative,US,739.1385416754107,LDES
2038,Conservative,UY,1483.4749533364156,LDES
2038,Conservative,UZ,1275.8309227104382,LDES
2038,Conservative,VN,1134.907500830068,LDES
2038,Conservative,ZA,959.3011900722321,LDES
2038,Conservative,ZM,1168.4100331139016,LDES
2038,Central,AE,925.8287773050731,LDES
2038,Central,AF,958.2201441979568,LDES
2038,Central,AR,874.8660419979122,LDES
2038,Central,AT,916.7518006342236,LDES
2038,Central,AU,776.1259335070577,LDES
2038,Central,BD,928.0166568625929,LDES
2038,Central,BE,823.1700442068205,LDES
2038,Central,BF,959.900274437725,LDES
2038,Central,BG,918.4616373316818,LDES
2038,Central,BH,946.6582878967046,LDES
2038,Central,BI,923.181542615056,LDES
2038,Central,BO,922.0220499011596,LDES
2038,Central,BR,725.8262221633667,LDES
2038,Central,BY,951.6253041719903,LDES
2038,Central,CA,785.0323650178616,LDES
2038,Central,CH,1241.56441758116,LDES
2038,Central,CL,895.7811608619509,LDES
2038,Central,CN,632.983558540054,LDES
2038,Central,CO,924.4317814509458,LDES
2038,Central,CR,934.0282209731189,LDES
2038,Central,CU,850.2020931683193,LDES
2038,Central,CV,879.803017670593,LDES
2038,Central,CZ,1215.8422580700196,LDES
2038,Central,DE,764.6934650628579,LDES
2038,Central,DK,962.0329568050444,LDES
2038,Central,DO,892.2819163126444,LDES
2038,Central,DZ,958.4096355339852,LDES
2038,Central,EC,940.4209516365703,LDES
2038,Central,EE,1024.633590346767,LDES
2038,Central,EG,865.8734237800393,LDES
2038,Central,ES,767.0714380331686,LDES
2038,Central,ET,960.3132447887942,LDES
2038,Central,FI,1299.3498266870033,LDES
2038,Central,FJ,874.8844676953212,LDES
2038,Central,FR,757.4727933989595,LDES
2038,Central,GB,819.292419542532,LDES
2038,Central,GF,974.6474538973895,LDES
2038,Central,GH,938.3914755370357,LDES
2038,Central,GR,927.8824494420089,LDES
2038,Central,GT,914.6574088296646,LDES
2038,Central,HN,914.6039463642234,LDES
2038,Central,HU,1268.7463981213707,LDES
2038,Central,ID,887.1310705217808,LDES
2038,Central,IE,1027.2188357088241,LDES
2038,Central,IL,960.7811113752656,LDES
2038,Central,IN,796.2150027659038,LDES
2038,Central,IR,1373.7276128053566,LDES
2038,Central,IT,941.0002213875196,LDES
2038,Central,JM,901.9898809612872,LDES
2038,Central,JO,861.3243682283692,LDES
2038,Central,JP,925.8073002911141,LDES
2038,Central,KE,967.5096309195211,LDES
2038,Central,KH,929.0558639090923,LDES
2038,Central,KR,937.911764137697,LDES
2038,Central,KW,880.3885758868976,LDES
2038,Central,KZ,947.7287068713598,LDES
2038,Central,LC,919.0858352180002,LDES
2038,Central,LK,883.7423971782592,LDES
2038,Central,LY,787.4957385140801,LDES
2038,Central,MA,1579.6224197170184,LDES
2038,Central,MG,926.1501779744628,LDES
2038,Central,MM,983.9196049658203,LDES
2038,Central,MN,866.9985139240246,LDES
2038,Central,MR,821.8911214236568,LDES
2038,Central,MU,878.7829575733508,LDES
2038,Central,MX,867.2673565969792,LDES
2038,Central,MY,984.0505049938912,LDES
2038,Central,NE,997.7347255832005,LDES
2038,Central,NG,963.3228580109574,LDES
2038,Central,NI,1171.962361380184,LDES
2038,Central,NL,937.2810586459425,LDES
2038,Central,NO,1376.1269809360065,LDES
2038,Central,NP,952.6582652687324,LDES
2038,Central,NZ,1103.5596695120453,LDES
2038,Central,OM,908.4202549123532,LDES
2038,Central,PA,893.870706946659,LDES
2038,Central,PE,737.2648386292609,LDES
2038,Central,PH,862.7863547677714,LDES
2038,Central,PK,838.1910632626139,LDES
2038,Central,PL,926.7197017309459,LDES
2038,Central,PS,959.6827864287527,LDES
2038,Central,PT,931.4620031867372,LDES
2038,Central,PY,837.4757022709931,LDES
2038,Central,RO,910.2672103383884,LDES
2038,Central,RU,940.9504282275786,LDES
2038,Central,RW,927.6831592900123,LDES
2038,Central,SA,907.2831377827628,LDES
2038,Central,SE,1355.9107550019773,LDES
2038,Central,SK,1337.1966814739578,LDES
2038,Central,SN,835.6429899067637,LDES
2038,Central,SR,989.0250128468446,LDES
2038,Central,SV,909.9456503435325,LDES
2038,Central,TH,871.4192944339931,LDES
2038,Central,TN,861.7115915215745,LDES
2038,Central,TR,931.60628190819,LDES
2038,Central,TW,911.1738701235871,LDES
2038,Central,UA,1038.619587271993,LDES
2038,Central,UG,962.439231196735,LDES
2038,Central,US,583.9662124712719,LDES
2038,Central,UY,1021.0531159331491,LDES
2038,Central,UZ,980.6367086642307,LDES
2038,Central,VN,882.4913629757073,LDES
2038,Central,ZA,759.0122408477154,LDES
2038,Central,ZM,924.2206697901438,LDES
2038,Optimistic,AE,835.7573951799574,Li-ion
2038,Optimistic,AF,854.648977634778,Li-ion
2038,Optimistic,AR,775.3149858955213,LDES
2038,Optimistic,AT,818.6223571297804,LDES
2038,Optimistic,AU,702.06327173464,LDES
2038,Optimistic,BD,837.0608962928244,LDES
2038,Optimistic,BE,736.6144212675434,LDES
2038,Optimistic,BF,855.6874919230174,Li-ion
2038,Optimistic,BG,821.4049874713511,LDES
2038,Optimistic,BH,853.0139129962149,LDES
2038,Optimistic,BI,834.3465246171525,LDES
2038,Optimistic,BO,831.818105781467,LDES
2038,Optimistic,BR,651.7465650179146,Li-ion
2038,Optimistic,BY,839.0808915818578,LDES
2038,Optimistic,CA,673.6292564553943,LDES
2038,Optimistic,CH,1039.9430211355425,LDES
2038,Optimistic,CL,807.6423679226575,LDES
2038,Optimistic,CN,571.5785949466336,LDES
2038,Optimistic,CO,814.7027061512384,Li-ion
2038,Optimistic,CR,835.2940548608237,LDES
2038,Optimistic,CU,763.696818095669,LDES
2038,Optimistic,CV,783.785913247956,LDES
2038,Optimistic,CZ,1021.9569827115005,LDES
2038,Optimistic,DE,683.6934204464535,LDES
2038,Optimistic,DK,810.0793856779273,LDES
2038,Optimistic,DO,805.41121863293,LDES
2038,Optimistic,DZ,863.3302555807043,LDES
2038,Optimistic,EC,827.3378466760146,Li-ion
2038,Optimistic,EE,867.9315427314963,LDES
2038,Optimistic,EG,774.5631768486559,LDES
2038,Optimistic,ES,688.076209785558,LDES
2038,Optimistic,ET,855.9837684837343,LDES
2038,Optimistic,FI,1055.1163918211366,LDES
2038,Optimistic,FJ,782.4968236652298,LDES
2038,Optimistic,FR,681.9349131502978,LDES
2038,Optimistic,GB,714.5075555133427,LDES
2038,Optimistic,GF,879.6520686041135,LDES
2038,Optimistic,GH,831.3759103477776,Li-ion
2038,Optimistic,GR,832.5523088367614,LDES
2038,Optimistic,GT,827.1561194973557,LDES
2038,Optimistic,HN,825.0612611474049,LDES
2038,Optimistic,HU,1061.2485195666986,LDES
2038,Optimistic,ID,802.6073053227351,LDES
2038,Optimistic,IE,875.4983174395137,LDES
2038,Optimistic,IL,865.0626308542526,LDES
2038,Optimistic,IN,718.9405583736735,LDES
2038,Optimistic,IR,1143.8653609404148,LDES
2038,Optimistic,IT,844.245664560345,LDES
2038,Optimistic,JM,812.4110075877973,LDES
2038,Optimistic,JO,773.5842399669737,LDES
2038,Optimistic,JP,832.568699951404,LDES
2038,Optimistic,KE,873.3334232090705,LDES
2038,Optimistic,KH,835.8796438466381,LDES
2038,Optimistic,KR,842.2198534320398,LDES
2038,Optimistic,KW,791.8881566140246,LDES
2038,Optimistic,KZ,841.1480369063835,LDES
2038,Optimistic,LC,811.1042856261844,Li-ion
2038,Optimistic,LK,798.402248353694,LDES
2038,Optimistic,LY,710.8722291013743,LDES
2038,Optimistic,MA,1227.6152113589928,LDES
2038,Optimistic,MG,837.9752504877325,LDES
2038,Optimistic,MM,887.4946041553139,Li-ion
2038,Optimistic,MN,772.5741998906828,LDES
2038,Optimistic,MR,734.9302870997385,LDES
2038,Optimistic,MU,794.8115292893735,LDES
2038,Optimistic,MX,782.5610702252969,LDES
2038,Optimistic,MY,887.2577288237906,Li-ion
2038,Optimistic,NE,899.1492522708664,LDES
2038,Optimistic,NG,848.317522247755,Li-ion
2038,Optimistic,NI,984.8914945291317,LDES
2038,Optimistic,NL,794.8746775235309,LDES
2038,Optimistic,NO,1103.5890407362606,LDES
2038,Optimistic,NP,859.6461764610783,LDES
2038,Optimistic,NZ,923.3027480560794,LDES
2038,Optimistic,OM,807.8168561093668,Li-ion
2038,Optimistic,PA,804.9952973459747,LDES
2038,Optimistic,PE,656.5348753208001,LDES
2038,Optimistic,PH,779.1086940002187,LDES
2038,Optimistic,PK,752.3193262988423,LDES
2038,Optimistic,PL,814.7826620974146,LDES
2038,Optimistic,PS,862.7684162136794,LDES
2038,Optimistic,PT,838.5393372217983,LDES
2038,Optimistic,PY,749.4644380604302,Li-ion
2038,Optimistic,RO,809.59279041032,LDES
2038,Optimistic,RU,834.972750720515,LDES
2038,Optimistic,RW,818.2202624307491,Li-ion
2038,Optimistic,SA,816.642220451344,LDES
2038,Optimistic,SE,1087.247767030609,LDES
2038,Optimistic,SK,1109.1924704261703,LDES
2038,Optimistic,SN,753.7952882210471,LDES
2038,Optimistic,SR,893.9231162969124,LDES
2038,Optimistic,SV,798.4527917273904,Li-ion
2038,Optimistic,TH,781.5222383476237,Li-ion
2038,Optimistic,TN,777.4744141112786,LDES
2038,Optimistic,TR,835.0087190536788,LDES
2038,Optimistic,TW,820.8895700895017,LDES
2038,Optimistic,UA,923.3474846599622,LDES
2038,Optimistic,UG,839.3544669891454,Li-ion
2038,Optimistic,US,515.9789330899569,Li-ion
2038,Optimistic,UY,860.8972600520177,LDES
2038,Optimistic,UZ,878.3987125799346,LDES
2038,Optimistic,VN,795.069188401758,LDES
2038,Optimistic,ZA,667.1600831390582,Li-ion
2038,Optimistic,ZM,813.1368859919058,Li-ion
2039,Conservative,AE,1174.8420128238797,LDES
2039,Conservative,AF,1210.2692441853392,LDES
2039,Conservative,AR,1157.9973633254885,LDES
2039,Conservative,AT,1192.6610895241802,LDES
2039,Conservative,AU,991.1275683919378,LDES
2039,Conservative,BD,1186.5669278430885,LDES
2039,Conservative,BE,1066.580053502332,LDES
2039,Conservative,BF,1210.667187176262,LDES
2039,Conservative,BG,1193.7578505647132,LDES
2039,Conservative,BH,1212.2695549995676,LDES
2039,Conservative,BI,1174.3290738731796,LDES
2039,Conservative,BO,1177.0218925041684,LDES
2039,Conservative,BR,922.0093023082693,LDES
2039,Conservative,BY,1282.020692285965,LDES
2039,Conservative,CA,1104.2664213332534,LDES
2039,Conservative,CH,1813.6544375507667,LDES
2039,Conservative,CL,1146.401959564594,LDES
2039,Conservative,CN,814.8229964837844,LDES
2039,Conservative,CO,1168.5043541595535,LDES
2039,Conservative,CR,1216.8807695831115,LDES
2039,Conservative,CU,1099.314581752174,LDES
2039,Conservative,CV,1157.8601063488445,LDES
2039,Conservative,CZ,1754.0701084552,LDES
2039,Conservative,DE,1008.5821572322291,LDES
2039,Conservative,DK,1390.8947104006666,LDES
2039,Conservative,DO,1143.2496059585703,LDES
2039,Conservative,DZ,1228.1818939712284,LDES
2039,Conservative,EC,1183.1903644986405,LDES
2039,Conservative,EE,1469.3178776496798,LDES
2039,Conservative,EG,1128.5843449761533,LDES
2039,Conservative,ES,993.4177807459153,LDES
2039,Conservative,ET,1251.2472364022879,LDES
2039,Conservative,FI,1975.8270693976324,LDES
2039,Conservative,FJ,1138.6577256319517,LDES
2039,Conservative,FR,972.5574245479992,LDES
2039,Conservative,GB,1045.550346581615,LDES
2039,Conservative,GF,1241.976087029334,LDES
2039,Conservative,GH,1186.1805184947677,LDES
2039,Conservative,GR,1197.8810031881435,LDES
2039,Conservative,GT,1166.1479081386133,LDES
2039,Conservative,HN,1171.7392037419966,LDES
2039,Conservative,HU,1850.7231007362104,LDES
2039,Conservative,ID,1128.5393146512602,LDES
2039,Conservative,IE,1467.6867564785348,LDES
2039,Conservative,IL,1231.7646607754682,LDES
2039,Conservative,IN,1017.6558290441715,LDES
2039,Conservative,IR,2020.2785317250252,LDES
2039,Conservative,IT,1215.2414624853627,LDES
2039,Conservative,JM,1156.7198857536675,LDES
2039,Conservative,JO,1109.0932469002598,LDES
2039,Conservative,JP,1190.247414518542,LDES
2039,Conservative,KE,1238.5808637371238,LDES
2039,Conservative,KH,1196.904660495795,LDES
2039,Conservative,KR,1212.3949796112497,LDES
2039,Conservative,KW,1134.8666477687038,LDES
2039,Conservative,KZ,1274.407956705282,LDES
2039,Conservative,LC,1160.4740952977033,LDES
2039,Conservative,LK,1128.5554336260652,LDES
2039,Conservative,LY,1008.1314530115125,LDES
2039,Conservative,MA,2554.801544374361,LDES
2039,Conservative,MG,1179.5084245962234,LDES
2039,Conservative,MM,1242.259321087498,LDES
2039,Conservative,MN,1133.9501859771908,LDES
2039,Conservative,MR,1061.622886303275,LDES
2039,Conservative,MU,1118.7856946384416,LDES
2039,Conservative,MX,1110.7486597690474,LDES
2039,Conservative,MY,1241.0584195867689,LDES
2039,Conservative,NE,1267.0664984274727,LDES
2039,Conservative,NG,1213.878440328211,LDES
2039,Conservative,NI,1698.8464011583324,LDES
2039,Conservative,NL,1345.4753356745757,LDES
2039,Conservative,NO,2135.2716255176274,LDES
2039,Conservative,NP,1213.8975404555854,LDES
2039,Conservative,NZ,1610.2868259976829,LDES
2039,Conservative,OM,1146.2037889451908,LDES
2039,Conservative,PA,1147.5773593324602,LDES
2039,Conservative,PE,966.5573641270715,LDES
2039,Conservative,PH,1101.139956282694,LDES
2039,Conservative,PK,1081.7625414639847,LDES
2039,Conservative,PL,1181.0075369180088,LDES
2039,Conservative,PS,1232.7151233535258,LDES
2039,Conservative,PT,1195.312627613921,LDES
2039,Conservative,PY,1065.4293077589493,LDES
2039,Conservative,RO,1193.2440471031339,LDES
2039,Conservative,RU,1233.4825757014721,LDES
2039,Conservative,RW,1172.2296375010017,LDES
2039,Conservative,SA,1165.6227978986103,LDES
2039,Conservative,SE,1881.7360508934212,LDES
2039,Conservative,SK,1973.635874475109,LDES
2039,Conservative,SN,1064.19409192802,LDES
2039,Conservative,SR,1253.6744639478609,LDES
2039,Conservative,SV,1149.1370924280586,LDES
2039,Conservative,TH,1106.2776915059512,LDES
2039,Conservative,TN,1100.940340168476,LDES
2039,Conservative,TR,1209.0703079762961,LDES
2039,Conservative,TW,1166.4785036870787,LDES
2039,Conservative,UA,1357.2517914479001,LDES
2039,Conservative,UG,1205.745519153976,LDES
2039,Conservative,US,743.1537207854398,LDES
2039,Conservative,UY,1472.4652743182996,LDES
2039,Conservative,UZ,1267.2683272493855,LDES
2039,Conservative,VN,1132.585428924235,LDES
2039,Conservative,ZA,958.8680511295747,LDES
2039,Conservative,ZM,1163.3114159159732,LDES
2039,Central,AE,924.7098040420818,LDES
2039,Central,AF,954.868316924719,LDES
2039,Central,AR,874.083995437305,LDES
2039,Central,AT,913.6480857837623,LDES
2039,Central,AU,777.8146965722432,LDES
2039,Central,BD,927.2424658767289,LDES
2039,Central,BE,820.6615836129408,LDES
2039,Central,BF,956.0885117324328,LDES
2039,Central,BG,916.9360823099445,LDES
2039,Central,BH,945.2360023354707,LDES
2039,Central,BI,922.462425808889,LDES
2039,Central,BO,919.9825163640126,LDES
2039,Central,BR,727.2508611995381,LDES
2039,Central,BY,952.8110956994349,LDES
2039,Central,CA,785.8850722941572,LDES
2039,Central,CH,1235.4395044180892,LDES
2039,Central,CL,894.9232804842397,LDES
2039,Central,CN,638.0969017428889,LDES
2039,Central,CO,925.732002062546,LDES
2039,Central,CR,934.4139580298202,LDES
2039,Central,CU,852.5508255013935,LDES
2039,Central,CV,881.9444618521813,LDES
2039,Central,CZ,1203.4068093914157,LDES
2039,Central,DE,770.1732194790121,LDES
2039,Central,DK,956.6987407763381,LDES
2039,Central,DO,893.9949563889251,LDES
2039,Central,DZ,956.1588473544806,LDES
2039,Central,EC,937.9029520449672,LDES
2039,Central,EE,1020.2186606184463,LDES
2039,Central,EG,867.0954755401216,LDES
2039,Central,ES,767.4055938255336,LDES
2039,Central,ET,954.0638533429635,LDES
2039,Central,FI,1283.406422878903,LDES
2039,Central,FJ,875.2557673919397,LDES
2039,Central,FR,757.0506279326329,LDES
2039,Central,GB,783.5729243962718,LDES
2039,Central,GF,971.511952899495,LDES
2039,Central,GH,938.151335397729,LDES
2039,Central,GR,925.8824298798497,LDES
2039,Central,GT,915.3966585369361,LDES
2039,Central,HN,915.2432153874889,LDES
2039,Central,HU,1258.9070345739374,LDES
2039,Central,ID,887.4500813019184,LDES
2039,Central,IE,1024.9207302698132,LDES
2039,Central,IL,958.9953872700751,LDES
2039,Central,IN,796.4205087234096,LDES
2039,Central,IR,1357.958250663001,LDES
2039,Central,IT,938.9300199922313,LDES
2039,Central,JM,901.1293568323825,LDES
2039,Central,JO,859.387465938881,LDES
2039,Central,JP,924.2808033132723,LDES
2039,Central,KE,967.7655043318599,LDES
2039,Central,KH,930.9412420750749,LDES
2039,Central,KR,938.6043241078161,LDES
2039,Central,KW,881.9323916786527,LDES
2039,Central,KZ,956.1804493851145,LDES
2039,Central,LC,919.3698521456179,LDES
2039,Central,LK,884.7081360030334,LDES
2039,Central,LY,789.7896310788176,LDES
2039,Central,MA,1555.3881880079623,LDES
2039,Central,MG,927.517633284913,LDES
2039,Central,MM,977.8068627371177,LDES
2039,Central,MN,864.7999429520208,LDES
2039,Central,MR,816.5460138704323,LDES
2039,Central,MU,878.7606314926788,LDES
2039,Central,MX,868.4909220189697,LDES
2039,Central,MY,978.0028026810794,LDES
2039,Central,NE,989.2629935772735,LDES
2039,Central,NG,961.9125137276268,LDES
2039,Central,NI,1164.796735072395,LDES
2039,Central,NL,935.667474469976,LDES
2039,Central,NO,1359.9211216768674,LDES
2039,Central,NP,949.2830495044976,LDES
2039,Central,NZ,1097.4233099993246,LDES
2039,Central,OM,906.1551512623274,LDES
2039,Central,PA,893.6614212186113,LDES
2039,Central,PE,736.4559629974644,LDES
2039,Central,PH,861.933805990322,LDES
2039,Central,PK,837.0936870710647,LDES
2039,Central,PL,893.5494765336352,LDES
2039,Central,PS,957.2695275872119,LDES
2039,Central,PT,929.6840604247666,LDES
2039,Central,PY,840.373590576646,LDES
2039,Central,RO,906.8292642511477,LDES
2039,Central,RU,932.7583974855457,LDES
2039,Central,RW,928.7069238861593,LDES
2039,Central,SA,907.1722137559128,LDES
2039,Central,SE,1234.9284321410282,LDES
2039,Central,SK,1324.2970585188793,LDES
2039,Central,SN,832.2460108849789,LDES
2039,Central,SR,983.6691105177526,LDES
2039,Central,SV,911.5824369682606,LDES
2039,Central,TH,872.2366739303079,LDES
2039,Central,TN,859.6670910702844,LDES
2039,Central,TR,932.3091108726418,LDES
2039,Central,TW,910.4494571986232,LDES
2039,Central,UA,1030.6972823097346,LDES
2039,Central,UG,958.0428281015,LDES
2039,Central,US,588.6391989304558,LDES
2039,Central,UY,1015.0509012523404,LDES
2039,Central,UZ,975.8637991751041,LDES
2039,Central,VN,882.361677167056,LDES
2039,Central,ZA,760.1391620902032,LDES
2039,Central,ZM,922.332243573534,LDES
2039,Optimistic,AE,816.319612988652,Li-ion
2039,Optimistic,AF,835.8699624785,Li-ion
2039,Optimistic,AR,775.2400821725295,LDES
2039,Optimistic,AT,816.5102252222836,LDES
2039,Optimistic,AU,693.7806331285144,Li-ion
2039,Optimistic,BD,836.9591346736257,LDES
2039,Optimistic,BE,735.0455237255229,LDES
2039,Optimistic,BF,834.1260307534641,Li-ion
2039,Optimistic,BG,820.5610963249511,LDES
2039,Optimistic,BH,852.2687654820445,LDES
2039,Optimistic,BI,820.0702261429274,Li-ion
2039,Optimistic,BO,830.494733559662,LDES
2039,Optimistic,BR,637.2037129128046,Li-ion
2039,Optimistic,BY,838.1973842952355,LDES
2039,Optimistic,CA,675.0411952212869,LDES
2039,Optimistic,CH,1034.1350462163418,LDES
2039,Optimistic,CL,807.3714440636718,LDES
2039,Optimistic,CN,573.393956559203,Li-ion
2039,Optimistic,CO,798.5265902546411,Li-ion
2039,Optimistic,CR,836.0736606742297,LDES
2039,Optimistic,CU,766.6404807326034,LDES
2039,Optimistic,CV,785.8849411755652,LDES
2039,Optimistic,CZ,1011.6944015692092,LDES
2039,Optimistic,DE,687.1715892982625,LDES
2039,Optimistic,DK,805.5342180182384,LDES
2039,Optimistic,DO,807.2174117239373,LDES
2039,Optimistic,DZ,861.4545274212425,LDES
2039,Optimistic,EC,807.3682727390694,Li-ion
2039,Optimistic,EE,863.8655998742388,LDES
2039,Optimistic,EG,776.0586098846142,LDES
2039,Optimistic,ES,688.7198694902897,LDES
2039,Optimistic,ET,850.6000088704579,LDES
2039,Optimistic,FI,1042.3414570538644,LDES
2039,Optimistic,FJ,783.5528634120834,LDES
2039,Optimistic,FR,682.0223357776533,LDES
2039,Optimistic,GB,692.365970005819,LDES
2039,Optimistic,GF,876.4185759056387,Li-ion
2039,Optimistic,GH,814.1354809548924,Li-ion
2039,Optimistic,GR,831.1866302836288,LDES
2039,Optimistic,GT,815.7811507044738,Li-ion
2039,Optimistic,HN,825.9446120344383,LDES
2039,Optimistic,HU,1052.86736709522,LDES
2039,Optimistic,ID,785.9629299643157,Li-ion
2039,Optimistic,IE,870.7725581823327,LDES
2039,Optimistic,IL,864.0312698274569,LDES
2039,Optimistic,IN,717.2799333982787,Li-ion
2039,Optimistic,IR,1127.3726713302963,LDES
2039,Optimistic,IT,842.7327029761043,LDES
2039,Optimistic,JM,812.1459875042314,LDES
2039,Optimistic,JO,772.4528607152897,LDES
2039,Optimistic,JP,831.685020152919,LDES
2039,Optimistic,KE,873.4816384648423,LDES
2039,Optimistic,KH,838.3465704767501,LDES
2039,Optimistic,KR,843.284614414028,LDES
2039,Optimistic,KW,793.873798817672,LDES
2039,Optimistic,KZ,845.3901320217967,LDES
2039,Optimistic,LC,793.0395460445039,Li-ion
2039,Optimistic,LK,792.1105148290209,Li-ion
2039,Optimistic,LY,708.7336121380382,Li-ion
2039,Optimistic,MA,1207.4442787544754,LDES
2039,Optimistic,MG,821.4890749830712,Li-ion
2039,Optimistic,MM,863.0890723507855,Li-ion
2039,Optimistic,MN,771.0957842691839,LDES
2039,Optimistic,MR,731.222954578998,LDES
2039,Optimistic,MU,781.4411706841878,Li-ion
2039,Optimistic,MX,784.1493392467203,LDES
2039,Optimistic,MY,859.7125268917113,Li-ion
2039,Optimistic,NE,892.5462178146115,LDES
2039,Optimistic,NG,829.0139525114579,Li-ion
2039,Optimistic,NI,978.868332805439,LDES
2039,Optimistic,NL,792.9936264950412,LDES
2039,Optimistic,NO,1089.9842795989737,LDES
2039,Optimistic,NP,857.1580045067117,LDES
2039,Optimistic,NZ,918.870826651748,LDES
2039,Optimistic,OM,787.5407160761866,Li-ion
2039,Optimistic,PA,805.2610575789748,LDES
2039,Optimistic,PE,656.3465863078975,LDES
2039,Optimistic,PH,775.72516375424,Li-ion
2039,Optimistic,PK,751.9126785046407,LDES
2039,Optimistic,PL,793.4714851405572,LDES
2039,Optimistic,PS,861.373653505606,LDES
2039,Optimistic,PT,837.2059666626167,LDES
2039,Optimistic,PY,736.3268652836097,Li-ion
2039,Optimistic,RO,807.1144879989748,LDES
2039,Optimistic,RU,828.0618317362971,LDES
2039,Optimistic,RW,801.0197476772995,Li-ion
2039,Optimistic,SA,817.1931214988257,LDES
2039,Optimistic,SE,1009.7435574642691,LDES
2039,Optimistic,SK,1098.2309522230064,LDES
2039,Optimistic,SN,751.4082840810082,Li-ion
2039,Optimistic,SR,877.9766320757567,Li-ion
2039,Optimistic,SV,782.6319080182312,Li-ion
2039,Optimistic,TH,765.35212511499,Li-ion
2039,Optimistic,TN,775.6682561990621,LDES
2039,Optimistic,TR,835.9552126217397,LDES
2039,Optimistic,TW,821.3134187915311,LDES
2039,Optimistic,UA,917.0079346838547,LDES
2039,Optimistic,UG,817.7232061562311,Li-ion
2039,Optimistic,US,508.1075442453888,Li-ion
2039,Optimistic,UY,855.8029343330807,LDES
2039,Optimistic,UZ,874.4118523640578,LDES
2039,Optimistic,VN,795.2467413701122,LDES
2039,Optimistic,ZA,654.177676391089,Li-ion
2039,Optimistic,ZM,793.3866986040128,Li-ion
2040,Conservative,AE,1171.2641328145587,LDES
2040,Conservative,AF,1206.3109254936899,LDES
2040,Conservative,AR,1150.7337849869232,LDES
2040,Conservative,AT,1177.9319078150645,LDES
2040,Conservative,AU,989.8211149729506,LDES
2040,Conservative,BD,1182.5048075825514,LDES
2040,Conservative,BE,1065.879363090582,LDES
2040,Conservative,BF,1203.5106497434133,LDES
2040,Conservative,BG,1188.009851494519,LDES
2040,Conservative,BH,1206.1829070201993,LDES
2040,Conservative,BI,1170.231301527007,LDES
2040,Conservative,BO,1172.9577037616177,LDES
2040,Conservative,BR,919.8308886977518,LDES
2040,Conservative,BY,1293.5648513044075,LDES
2040,Conservative,CA,1100.7298016092514,LDES
2040,Conservative,CH,1806.3778257145661,LDES
2040,Conservative,CL,1142.879313931338,LDES
2040,Conservative,CN,817.6453233254194,LDES
2040,Conservative,CO,1167.7607705168962,LDES
2040,Conservative,CR,1212.8305238562398,LDES
2040,Conservative,CU,1098.6188481317624,LDES
2040,Conservative,CV,1152.8561420665274,LDES
2040,Conservative,CZ,1740.0091947907345,LDES
2040,Conservative,DE,1003.4749040028942,LDES
2040,Conservative,DK,1379.4123676622198,LDES
2040,Conservative,DO,1142.1824099934774,LDES
2040,Conservative,DZ,1223.875489135292,LDES
2040,Conservative,EC,1177.5047307596244,LDES
2040,Conservative,EE,1454.4666991679042,LDES
2040,Conservative,EG,1127.3693751601413,LDES
2040,Conservative,ES,992.1540469024611,LDES
2040,Conservative,ET,1242.7679379575388,LDES
2040,Conservative,FI,1943.3647786384684,LDES
2040,Conservative,FJ,1137.5479105607337,LDES
2040,Conservative,FR,968.4324027198132,LDES
2040,Conservative,GB,1030.7377046359636,LDES
2040,Conservative,GF,1236.5150848059736,LDES
2040,Conservative,GH,1182.0274636930292,LDES
2040,Conservative,GR,1192.2611359456907,LDES
2040,Conservative,GT,1166.049289605259,LDES
2040,Conservative,HN,1168.9883310099424,LDES
2040,Conservative,HU,1788.2546065683769,LDES
2040,Conservative,ID,1125.1272211740045,LDES
2040,Conservative,IE,1448.395681956624,LDES
2040,Conservative,IL,1228.3528290192685,LDES
2040,Conservative,IN,1016.2801100592048,LDES
2040,Conservative,IR,1989.030590686381,LDES
2040,Conservative,IT,1211.4578238238576,LDES
2040,Conservative,JM,1154.2481180665686,LDES
2040,Conservative,JO,1104.0660293215155,LDES
2040,Conservative,JP,1185.7580604930963,LDES
2040,Conservative,KE,1234.884705946585,LDES
2040,Conservative,KH,1197.226665300189,LDES
2040,Conservative,KR,1209.697967877147,LDES
2040,Conservative,KW,1132.3052452094937,LDES
2040,Conservative,KZ,1261.0679846521862,LDES
2040,Conservative,LC,1157.8484957983233,LDES
2040,Conservative,LK,1126.742327691351,LDES
2040,Conservative,LY,1007.8221115645051,LDES
2040,Conservative,MA,2499.0309643944943,LDES
2040,Conservative,MG,1178.201626102334,LDES
2040,Conservative,MM,1234.2029896302604,LDES
2040,Conservative,MN,1127.8511046623953,LDES
2040,Conservative,MR,1049.731277405825,LDES
2040,Conservative,MU,1117.070296103271,LDES
2040,Conservative,MX,1110.5149360185203,LDES
2040,Conservative,MY,1229.64324251492,LDES
2040,Conservative,NE,1251.24919266316,LDES
2040,Conservative,NG,1210.4620151767697,LDES
2040,Conservative,NI,1689.9539197660029,LDES
2040,Conservative,NL,1346.2272533877942,LDES
2040,Conservative,NO,2104.4427870280592,LDES
2040,Conservative,NP,1205.4021318358314,LDES
2040,Conservative,NZ,1596.416962601083,LDES
2040,Conservative,OM,1141.2065828794046,LDES
2040,Conservative,PA,1145.464324475057,LDES
2040,Conservative,PE,962.9149046897376,LDES
2040,Conservative,PH,1099.5408929811267,LDES
2040,Conservative,PK,1080.8825137101646,LDES
2040,Conservative,PL,1173.072447193809,LDES
2040,Conservative,PS,1225.0713577251581,LDES
2040,Conservative,PT,1196.4272214319274,LDES
2040,Conservative,PY,1063.7994748374415,LDES
2040,Conservative,RO,1180.2352578601926,LDES
2040,Conservative,RU,1217.940854533188,LDES
2040,Conservative,RW,1168.5381415890936,LDES
2040,Conservative,SA,1161.65545489874,LDES
2040,Conservative,SE,1915.3424829399194,LDES
2040,Conservative,SK,1952.4584821672486,LDES
2040,Conservative,SN,1061.1114869561914,LDES
2040,Conservative,SR,1247.3343549701476,LDES
2040,Conservative,SV,1148.1426224914574,LDES
2040,Conservative,TH,1104.9180201020176,LDES
2040,Conservative,TN,1095.8482526811308,LDES
2040,Conservative,TR,1206.2761835642489,LDES
2040,Conservative,TW,1163.144820387848,LDES
2040,Conservative,UA,1340.2344842215562,LDES
2040,Conservative,UG,1198.371428780015,LDES
2040,Conservative,US,747.3936427603833,LDES
2040,Conservative,UY,1461.6827741168615,LDES
2040,Conservative,UZ,1259.1329580857757,LDES
2040,Conservative,VN,1128.826562647865,LDES
2040,Conservative,ZA,957.2706529850749,LDES
2040,Conservative,ZM,1158.5611976891894,LDES
2040,Central,AE,923.9978194551618,LDES
2040,Central,AF,952.9539530791101,LDES
2040,Central,AR,871.2122442661646,LDES
2040,Central,AT,907.3040638324186,LDES
2040,Central,AU,778.2503861999792,LDES
2040,Central,BD,926.2834070924222,LDES
2040,Central,BE,821.4413227323186,LDES
2040,Central,BF,952.8340872814565,LDES
2040,Central,BG,914.6142390307049,LDES
2040,Central,BH,943.7288361554722,LDES
2040,Central,BI,922.3079176565557,LDES
2040,Central,BO,919.0978709710561,LDES
2040,Central,BR,727.3808415752451,LDES
2040,Central,BY,956.8186436164237,LDES
2040,Central,CA,784.9817631234052,LDES
2040,Central,CH,1231.196114800671,LDES
2040,Central,CL,893.5539416458498,LDES
2040,Central,CN,642.8035548837248,LDES
2040,Central,CO,927.0499928597595,LDES
2040,Central,CR,933.0875242397035,LDES
2040,Central,CU,854.6196179460323,LDES
2040,Central,CV,881.8475681534177,LDES
2040,Central,CZ,1194.5665838494008,LDES
2040,Central,DE,769.4324534162447,LDES
2040,Central,DK,951.0906707693969,LDES
2040,Central,DO,895.2570862360075,LDES
2040,Central,DZ,955.1958285275931,LDES
2040,Central,EC,935.4601681616357,LDES
2040,Central,EE,1012.2160173798873,LDES
2040,Central,EG,868.1085414017591,LDES
2040,Central,ES,767.7248828131537,LDES
2040,Central,ET,949.2530058700119,LDES
2040,Central,FI,1266.4061803062564,LDES
2040,Central,FJ,876.7940662261415,LDES
2040,Central,FR,755.2272449141416,LDES
2040,Central,GB,777.1083312160993,LDES
2040,Central,GF,969.8185691697522,LDES
2040,Central,GH,937.3529770582631,LDES
2040,Central,GR,923.4626532909573,LDES
2040,Central,GT,917.2787078277344,LDES
2040,Central,HN,915.1826358603461,LDES
2040,Central,HU,1227.4049192271134,LDES
2040,Central,ID,887.6929761305659,LDES
2040,Central,IE,1012.900319597451,LDES
2040,Central,IL,958.481413808718,LDES
2040,Central,IN,796.9684403612465,LDES
2040,Central,IR,1336.0195616104288,LDES
2040,Central,IT,938.2876730881983,LDES
2040,Central,JM,902.1064265828868,LDES
2040,Central,JO,857.7637960025987,LDES
2040,Central,JP,923.0283922166487,LDES
2040,Central,KE,967.3678864823917,LDES
2040,Central,KH,933.5336818912543,LDES
2040,Central,KR,938.7059487442002,LDES
2040,Central,KW,882.8973029528537,LDES
2040,Central,KZ,948.2807268368351,LDES
2040,Central,LC,919.1086025168446,LDES
2040,Central,LK,885.4775364451737,LDES
2040,Central,LY,792.1706305878499,LDES
2040,Central,MA,1524.6592559398925,LDES
2040,Central,MG,928.8152154184976,LDES
2040,Central,MM,973.7149676498267,LDES
2040,Central,MN,862.5220480299179,LDES
2040,Central,MR,811.3114464332866,LDES
2040,Central,MU,879.3321883743356,LDES
2040,Central,MX,870.6158717027756,LDES
2040,Central,MY,971.6222342651987,LDES
2040,Central,NE,980.0280845920438,LDES
2040,Central,NG,961.1077677292614,LDES
2040,Central,NI,1159.7486318401268,LDES
2040,Central,NL,936.7043161035957,LDES
2040,Central,NO,1342.8621610522518,LDES
2040,Central,NP,944.7100150989994,LDES
2040,Central,NZ,1092.37566599425,LDES
2040,Central,OM,904.304342346228,LDES
2040,Central,PA,894.2208473419252,LDES
2040,Central,PE,735.9955538048089,LDES
2040,Central,PH,862.808154213989,LDES
2040,Central,PK,837.6578842585051,LDES
2040,Central,PL,889.9322363089072,LDES
2040,Central,PS,954.0505886932507,LDES
2040,Central,PT,930.790462100707,LDES
2040,Central,PY,841.5948460093648,LDES
2040,Central,RO,900.8837614814148,LDES
2040,Central,RU,923.6718024023231,LDES
2040,Central,RW,928.090914536846,LDES
2040,Central,SA,906.5712510346228,LDES
2040,Central,SE,1248.0565663216473,LDES
2040,Central,SK,1311.5453732867609,LDES
2040,Central,SN,831.6126867098536,LDES
2040,Central,SR,980.3187216619315,LDES
2040,Central,SV,912.9297286356245,LDES
2040,Central,TH,872.9295551039793,LDES
2040,Central,TN,857.2752252321044,LDES
2040,Central,TR,931.5906935494099,LDES
2040,Central,TW,910.8714346940186,LDES
2040,Central,UA,1021.9453119953733,LDES
2040,Central,UG,954.7741736666857,LDES
2040,Central,US,594.0604034799007,LDES
2040,Central,UY,1010.1150946926384,LDES
2040,Central,UZ,971.4424232785948,LDES
2040,Central,VN,881.5244908686375,LDES
2040,Central,ZA,760.4129811812611,LDES
2040,Central,ZM,920.8124755930736,LDES
2040,Optimistic,AE,797.1393504955087,Li-ion
2040,Optimistic,AF,818.1410446038369,Li-ion
2040,Optimistic,AR,773.3797050138988,LDES
2040,Optimistic,AT,812.5843184384926,LDES
2040,Optimistic,AU,679.3379997789307,Li-ion
2040,Optimistic,BD,819.1325119481595,Li-ion
2040,Optimistic,BE,735.8880086069262,LDES
2040,Optimistic,BF,811.6825617342837,Li-ion
2040,Optimistic,BG,818.9257746683699,LDES
2040,Optimistic,BH,837.9363108411535,Li-ion
2040,Optimistic,BI,798.3433840501348,Li-ion
2040,Optimistic,BO,811.880813486335,Li-ion
2040,Optimistic,BR,622.235830029416,Li-ion
2040,Optimistic,BY,838.9574709256293,LDES
2040,Optimistic,CA,674.4699496533592,LDES
2040,Optimistic,CH,1029.8825159808075,LDES
2040,Optimistic,CL,795.3660094841654,Li-ion
2040,Optimistic,CN,561.3286945984479,Li-ion
2040,Optimistic,CO,782.0815104918748,Li-ion
2040,Optimistic,CR,835.1774743739161,LDES
2040,Optimistic,CU,769.2198873810268,LDES
2040,Optimistic,CV,786.9945672838292,LDES
2040,Optimistic,CZ,1003.6616700199336,LDES
2040,Optimistic,DE,687.5175957109177,LDES
2040,Optimistic,DK,801.1780768569088,LDES
2040,Optimistic,DO,789.9823588530099,Li-ion
2040,Optimistic,DZ,855.4045813208241,Li-ion
2040,Optimistic,EC,787.1369824965275,Li-ion
2040,Optimistic,EE,857.4282787540811,LDES
2040,Optimistic,EG,777.3672495863254,LDES
2040,Optimistic,ES,689.1746753818961,LDES
2040,Optimistic,ET,846.5227796393774,LDES
2040,Optimistic,FI,1029.4706708899823,LDES
2040,Optimistic,FJ,785.5302207090341,LDES
2040,Optimistic,FR,678.1823304588901,Li-ion
2040,Optimistic,GB,688.3380505191466,LDES
2040,Optimistic,GF,853.8707555735836,Li-ion
2040,Optimistic,GH,793.8653373942658,Li-ion
2040,Optimistic,GR,829.3831843618005,LDES
2040,Optimistic,GT,799.2671763055919,Li-ion
2040,Optimistic,HN,810.8874014538055,Li-ion
2040,Optimistic,HU,1031.1075286576713,LDES
2040,Optimistic,ID,765.5388329329081,Li-ion
2040,Optimistic,IE,860.4769427717405,LDES
2040,Optimistic,IL,858.989007712223,Li-ion
2040,Optimistic,IN,702.0417965929571,Li-ion
2040,Optimistic,IR,1107.4657014338454,LDES
2040,Optimistic,IT,842.6781203307177,LDES
2040,Optimistic,JM,804.0104315235652,Li-ion
2040,Optimistic,JO,771.558014340978,LDES
2040,Optimistic,JP,831.0730083198921,LDES
2040,Optimistic,KE,855.2987026549104,Li-ion
2040,Optimistic,KH,838.6607381157816,Li-ion
2040,Optimistic,KR,843.8587420476689,LDES
2040,Optimistic,KW,793.2138390685399,Li-ion
2040,Optimistic,KZ,838.8051866014623,LDES
2040,Optimistic,LC,775.6006126100087,Li-ion
2040,Optimistic,LK,774.2421916721092,Li-ion
2040,Optimistic,LY,692.2004720933004,Li-ion
2040,Optimistic,MA,1183.6291579807814,LDES
2040,Optimistic,MG,803.2893138910791,Li-ion
2040,Optimistic,MM,839.8318880030744,Li-ion
2040,Optimistic,MN,769.6568782085508,LDES
2040,Optimistic,MR,727.8645055928984,LDES
2040,Optimistic,MU,764.4240349482899,Li-ion
2040,Optimistic,MX,767.6872014457299,Li-ion
2040,Optimistic,MY,833.4503677565534,Li-ion
2040,Optimistic,NE,866.9798922129432,Li-ion
2040,Optimistic,NG,810.334218842907,Li-ion
2040,Optimistic,NI,974.1767810660706,LDES
2040,Optimistic,NL,793.3712880541262,LDES
2040,Optimistic,NO,1076.3089419607195,LDES
2040,Optimistic,NP,833.9246349450083,Li-ion
2040,Optimistic,NZ,915.9612121818582,LDES
2040,Optimistic,OM,767.9258259556185,Li-ion
2040,Optimistic,PA,800.1158756871813,Li-ion
2040,Optimistic,PE,656.5737809950837,LDES
2040,Optimistic,PH,758.3671441637372,Li-ion
2040,Optimistic,PK,752.5292639504244,LDES
2040,Optimistic,PL,790.8331624991916,LDES
2040,Optimistic,PS,859.1933195320828,LDES
2040,Optimistic,PT,837.81759633478,LDES
2040,Optimistic,PY,718.8261896170105,Li-ion
2040,Optimistic,RO,803.1107377488424,LDES
2040,Optimistic,RU,820.6776341565204,LDES
2040,Optimistic,RW,781.6786552832358,Li-ion
2040,Optimistic,SA,812.0561442292243,Li-ion
2040,Optimistic,SE,1014.5064955052519,LDES
2040,Optimistic,SK,1087.22578517859,LDES
2040,Optimistic,SN,734.1280965923222,Li-ion
2040,Optimistic,SR,856.9523230187099,Li-ion
2040,Optimistic,SV,765.7743037373567,Li-ion
2040,Optimistic,TH,749.21480947594,Li-ion
2040,Optimistic,TN,761.5629123334231,Li-ion
2040,Optimistic,TR,835.4507720442164,LDES
2040,Optimistic,TW,806.2595640898006,Li-ion
2040,Optimistic,UA,910.5441017162094,LDES
2040,Optimistic,UG,795.1225834109786,Li-ion
2040,Optimistic,US,498.96549939414996,Li-ion
2040,Optimistic,UY,852.0664068941604,LDES
2040,Optimistic,UZ,870.7507360960816,LDES
2040,Optimistic,VN,787.8577141652457,Li-ion
2040,Optimistic,ZA,640.0977886178506,Li-ion
2040,Optimistic,ZM,773.5979356141102,Li-ion
2041,Conservative,AE,1163.8474181413953,LDES
2041,Conservative,AF,1198.9767799307567,LDES
2041,Conservative,AR,1144.4570511930744,LDES
2041,Conservative,AT,1169.822230661526,LDES
2041,Conservative,AU,983.9399267522865,LDES
2041,Conservative,BD,1174.9393950548742,LDES
2041,Conservative,BE,1059.176920249774,LDES
2041,Conservative,BF,1195.5985432050072,LDES
2041,Conservative,BG,1180.4445454988036,LDES
2041,Conservative,BH,1198.1802360147894,LDES
2041,Conservative,BI,1163.1973483997429,LDES
2041,Conservative,BO,1165.5351407679009,LDES
2041,Conservative,BR,915.9233225253253,LDES
2041,Conservative,BY,1272.8771718447736,LDES
2041,Conservative,CA,1092.0723511189528,LDES
2041,Conservative,CH,1787.5091424394059,LDES
2041,Conservative,CL,1135.4056865480418,LDES
2041,Conservative,CN,813.5051262894166,LDES
2041,Conservative,CO,1161.2789760970747,LDES
2041,Conservative,CR,1204.8455665121242,LDES
2041,Conservative,CU,1091.5658728984458,LDES
2041,Conservative,CV,1145.3671761227652,LDES
2041,Conservative,CZ,1721.5824541874551,LDES
2041,Conservative,DE,996.9039087405813,LDES
2041,Conservative,DK,1366.1995946331083,LDES
2041,Conservative,DO,1135.4651231896455,LDES
2041,Conservative,DZ,1215.7333465536328,LDES
2041,Conservative,EC,1169.9072667460237,LDES
2041,Conservative,EE,1442.4547259891922,LDES
2041,Conservative,EG,1119.921988281737,LDES
2041,Conservative,ES,985.5494438762878,LDES
2041,Conservative,ET,1233.2204896515605,LDES
2041,Conservative,FI,1915.9904671253855,LDES
2041,Conservative,FJ,1130.3456093114,LDES
2041,Conservative,FR,962.5543536885774,LDES
2041,Conservative,GB,1020.8963317801739,LDES
2041,Conservative,GF,1228.58065635279,LDES
2041,Conservative,GH,1175.178724016341,LDES
2041,Conservative,GR,1184.181969174452,LDES
2041,Conservative,GT,1159.4097975637928,LDES
2041,Conservative,HN,1161.973162926931,LDES
2041,Conservative,HU,1806.120219196995,LDES
2041,Conservative,ID,1118.4219410851158,LDES
2041,Conservative,IE,1435.1914677076857,LDES
2041,Conservative,IL,1220.6063158134662,LDES
2041,Conservative,IN,1009.8599061943602,LDES
2041,Conservative,IR,1966.4242238755448,LDES
2041,Conservative,IT,1203.040641081926,LDES
2041,Conservative,JM,1147.177899337656,LDES
2041,Conservative,JO,1096.6547819768055,LDES
2041,Conservative,JP,1177.9580653399416,LDES
2041,Conservative,KE,1226.891852799558,LDES
2041,Conservative,KH,1190.0712595867024,LDES
2041,Conservative,KR,1202.0213799921091,LDES
2041,Conservative,KW,1125.8579023692132,LDES
2041,Conservative,KZ,1250.652469106101,LDES
2041,Conservative,LC,1151.3153455125307,LDES
2041,Conservative,LK,1119.8454163729532,LDES
2041,Conservative,LY,1002.1268318083356,LDES
2041,Conservative,MA,2456.414792028464,LDES
2041,Conservative,MG,1171.367124107365,LDES
2041,Conservative,MM,1226.4087948067481,LDES
2041,Conservative,MN,1119.845090681578,LDES
2041,Conservative,MR,1042.0231104317618,LDES
2041,Conservative,MU,1110.7056124842334,LDES
2041,Conservative,MX,1104.0546230249056,LDES
2041,Conservative,MY,1221.6486577838218,LDES
2041,Conservative,NE,1242.1510756800728,LDES
2041,Conservative,NG,1203.5301288325757,LDES
2041,Conservative,NI,1671.7677804693235,LDES
2041,Conservative,NL,1334.729328647557,LDES
2041,Conservative,NO,2076.034283412764,LDES
2041,Conservative,NP,1197.6265004859451,LDES
2041,Conservative,NZ,1580.3997629956377,LDES
2041,Conservative,OM,1134.0373289758033,LDES
2041,Conservative,PA,1138.133250423228,LDES
2041,Conservative,PE,956.4393650609943,LDES
2041,Conservative,PH,1091.6613728593722,LDES
2041,Conservative,PK,1074.3119422341638,LDES
2041,Conservative,PL,1164.3456895223758,LDES
2041,Conservative,PS,1216.7691630358322,LDES
2041,Conservative,PT,1189.070394150837,LDES
2041,Conservative,PY,1058.3472102431656,LDES
2041,Conservative,RO,1171.7173214697807,LDES
2041,Conservative,RU,1208.183404439336,LDES
2041,Conservative,RW,1161.7494610046833,LDES
2041,Conservative,SA,1153.9796438359838,LDES
2041,Conservative,SE,1807.501289575696,LDES
2041,Conservative,SK,1930.5208819290053,LDES
2041,Conservative,SN,1054.0380571957166,LDES
2041,Conservative,SR,1239.370398732539,LDES
2041,Conservative,SV,1141.7093643966043,LDES
2041,Conservative,TH,1098.8906160133995,LDES
2041,Conservative,TN,1089.3101061730022,LDES
2041,Conservative,TR,1198.1475289564173,LDES
2041,Conservative,TW,1156.015042129039,LDES
2041,Conservative,UA,1329.8029378936326,LDES
2041,Conservative,UG,1191.3322999845452,LDES
2041,Conservative,US,744.4569498502473,LDES
2041,Conservative,UY,1447.5252130818524,LDES
2041,Conservative,UZ,1250.551525699445,LDES
2041,Conservative,VN,1122.2274947720432,LDES
2041,Conservative,ZA,952.1175986751438,LDES
2041,Conservative,ZM,1152.0416854405512,LDES
2041,Central,AE,919.6305366039953,LDES
2041,Central,AF,948.6376052430421,LDES
2041,Central,AR,867.3153423965194,LDES
2041,Central,AT,902.6376524463016,LDES
2041,Central,AU,774.8465563892911,LDES
2041,Central,BD,921.7792219708954,LDES
2041,Central,BE,817.5092572925847,LDES
2041,Central,BF,948.1584586964888,LDES
2041,Central,BG,910.3360084234525,LDES
2041,Central,BH,939.060131778563,LDES
2041,Central,BI,918.3092292078645,LDES
2041,Central,BO,914.8310956444196,LDES
2041,Central,BR,725.2820571090489,LDES
2041,Central,BY,945.6456900222837,LDES
2041,Central,CA,779.6608425065347,LDES
2041,Central,CH,1219.285790187369,LDES
2041,Central,CL,889.0420024804555,LDES
2041,Central,CN,640.8264345309362,LDES
2041,Central,CO,923.4671881104398,LDES
2041,Central,CR,928.3468964923669,LDES
2041,Central,CU,850.554494473243,LDES
2041,Central,CV,877.4648761007765,LDES
2041,Central,CZ,1183.00958358114,LDES
2041,Central,DE,765.8018128385304,LDES
2041,Central,DK,942.7917527947895,LDES
2041,Central,DO,891.4662617785862,LDES
2041,Central,DZ,950.39330214519,LDES
2041,Central,EC,930.9481230312485,LDES
2041,Central,EE,1004.2888216553588,LDES
2041,Central,EG,863.7601923529357,LDES
2041,Central,ES,763.7375252477592,LDES
2041,Central,ET,943.4122616983503,LDES
2041,Central,FI,1249.7064370504118,LDES
2041,Central,FJ,872.6143284763222,LDES
2041,Central,FR,751.9622745360675,LDES
2041,Central,GB,771.9901094260904,LDES
2041,Central,GF,965.1772162831722,LDES
2041,Central,GH,933.5337169017922,LDES
2041,Central,GR,918.7364743799969,LDES
2041,Central,GT,913.5404607916547,LDES
2041,Central,HN,911.1485466630131,LDES
2041,Central,HU,1232.398061004757,LDES
2041,Central,ID,884.0072692030031,LDES
2041,Central,IE,1004.3843921926542,LDES
2041,Central,IL,953.97988227604,LDES
2041,Central,IN,793.1567683462904,LDES
2041,Central,IR,1321.0764804261296,LDES
2041,Central,IT,933.2505143590918,LDES
2041,Central,JM,898.1565747366527,LDES
2041,Central,JO,853.4443069361267,LDES
2041,Central,JP,918.4434500251315,LDES
2041,Central,KE,962.6595194590352,LDES
2041,Central,KH,929.4896455190387,LDES
2041,Central,KR,934.2880304321252,LDES
2041,Central,KW,879.4641734395572,LDES
2041,Central,KZ,941.8671440922321,LDES
2041,Central,LC,915.4485402961084,LDES
2041,Central,LK,881.5343461473196,LDES
2041,Central,LY,789.173811188441,LDES
2041,Central,MA,1498.6002627175308,LDES
2041,Central,MG,924.9668023609562,LDES
2041,Central,MM,969.0561131887131,LDES
2041,Central,MN,857.8961038157934,LDES
2041,Central,MR,807.0660553201576,LDES
2041,Central,MU,875.7843192689955,LDES
2041,Central,MX,867.0138707842527,LDES
2041,Central,MY,966.9246971853145,LDES
2041,Central,NE,974.5028773726489,LDES
2041,Central,NG,957.223729653215,LDES
2041,Central,NI,1148.5001270474495,LDES
2041,Central,NL,929.4583419692297,LDES
2041,Central,NO,1324.8030195681174,LDES
2041,Central,NP,940.19603082542,LDES
2041,Central,NZ,1082.3628419347199,LDES
2041,Central,OM,900.1144526579916,LDES
2041,Central,PA,889.9505761814011,LDES
2041,Central,PE,732.5900280395974,LDES
2041,Central,PH,858.1765428646016,LDES
2041,Central,PK,834.0034905609344,LDES
2041,Central,PL,884.8450687073516,LDES
2041,Central,PS,949.1053039359163,LDES
2041,Central,PT,926.5719259524066,LDES
2041,Central,PY,838.6584599306128,LDES
2041,Central,RO,895.7423377262218,LDES
2041,Central,RU,917.847106924698,LDES
2041,Central,RW,924.3060350265182,LDES
2041,Central,SA,902.0753301337786,LDES
2041,Central,SE,1193.9804286435278,LDES
2041,Central,SK,1297.6117011714318,LDES
2041,Central,SN,827.381144424223,LDES
2041,Central,SR,975.6856234475305,LDES
2041,Central,SV,909.3022142667356,LDES
2041,Central,TH,869.5365830303086,LDES
2041,Central,TN,853.6296620142789,LDES
2041,Central,TR,926.9412731888104,LDES
2041,Central,TW,906.7344222519525,LDES
2041,Central,UA,1015.5284936014698,LDES
2041,Central,UG,950.8075392305416,LDES
2041,Central,US,592.840835679552,LDES
2041,Central,UY,1001.3070656810517,LDES
2041,Central,UZ,966.3605110027255,LDES
2041,Central,VN,877.8939194839136,LDES
2041,Central,ZA,757.6914876835804,LDES
2041,Central,ZM,917.0638945688672,LDES
2041,Optimistic,AE,776.7969086134892,Li-ion
2041,Optimistic,AF,797.5833720824241,Li-ion
2041,Optimistic,AR,769.7895258833013,LDES
2041,Optimistic,AT,808.6157375806911,LDES
2041,Optimistic,AU,662.3155440797317,Li-ion
2041,Optimistic,BD,798.289869274495,Li-ion
2041,Optimistic,BE,732.4667126063841,LDES
2041,Optimistic,BF,790.664077878063,Li-ion
2041,Optimistic,BG,815.2851561361772,LDES
2041,Optimistic,BH,816.1085487326632,Li-ion
2041,Optimistic,BI,778.0830795519319,Li-ion
2041,Optimistic,BO,790.984925867519,Li-ion
2041,Optimistic,BR,608.0168853038089,Li-ion
2041,Optimistic,BY,830.4933457860153,LDES
2041,Optimistic,CA,669.7236280834308,LDES
2041,Optimistic,CH,1019.3287117999437,LDES
2041,Optimistic,CL,775.0961889593037,Li-ion
2041,Optimistic,CN,547.1735555608307,Li-ion
2041,Optimistic,CO,762.5894352614588,Li-ion
2041,Optimistic,CR,831.0473645107306,LDES
2041,Optimistic,CU,754.0284971486084,Li-ion
2041,Optimistic,CV,783.1903958398741,LDES
2041,Optimistic,CZ,993.4864721525889,LDES
2041,Optimistic,DE,684.4772778248972,LDES
2041,Optimistic,DK,793.7950692111788,LDES
2041,Optimistic,DO,770.0729057881786,Li-ion
2041,Optimistic,DZ,833.2265501557853,Li-ion
2041,Optimistic,EC,766.935932479173,Li-ion
2041,Optimistic,EE,850.0987945606681,LDES
2041,Optimistic,EG,773.6171806210288,LDES
2041,Optimistic,ES,685.6821918569606,LDES
2041,Optimistic,ET,841.4291131274738,LDES
2041,Optimistic,FI,1015.2419302645352,LDES
2041,Optimistic,FJ,781.919016992586,LDES
2041,Optimistic,FR,660.7907989187478,Li-ion
2041,Optimistic,GB,684.4003248508557,LDES
2041,Optimistic,GF,831.9355995915672,Li-ion
2041,Optimistic,GH,773.8186626181426,Li-ion
2041,Optimistic,GR,825.3265407687837,LDES
2041,Optimistic,GT,779.3374506788945,Li-ion
2041,Optimistic,HN,790.4561175678357,Li-ion
2041,Optimistic,HU,1030.5059597674885,LDES
2041,Optimistic,ID,745.902485325916,Li-ion
2041,Optimistic,IE,852.7839276443268,LDES
2041,Optimistic,IL,837.0409166781677,Li-ion
2041,Optimistic,IN,684.2387811654074,Li-ion
2041,Optimistic,IR,1093.9794264021584,LDES
2041,Optimistic,IT,838.311710271816,LDES
2041,Optimistic,JM,783.352546706658,Li-ion
2041,Optimistic,JO,759.8342932940668,Li-ion
2041,Optimistic,JP,812.4887672118798,Li-ion
2041,Optimistic,KE,833.3284400785905,Li-ion
2041,Optimistic,KH,817.4327186945121,Li-ion
2041,Optimistic,KR,835.2994429898268,Li-ion
2041,Optimistic,KW,773.0544229922465,Li-ion
2041,Optimistic,KZ,833.2059790873517,LDES
2041,Optimistic,LC,756.249714241152,Li-ion
2041,Optimistic,LK,754.5146385769183,Li-ion
2041,Optimistic,LY,674.5465897387983,Li-ion
2041,Optimistic,MA,1161.546542276468,LDES
2041,Optimistic,MG,783.105470590755,Li-ion
2041,Optimistic,MM,818.5702234271638,Li-ion
2041,Optimistic,MN,765.7165869187196,LDES
2041,Optimistic,MR,724.3849650403778,LDES
2041,Optimistic,MU,745.2796155548787,Li-ion
2041,Optimistic,MX,748.3265853536905,Li-ion
2041,Optimistic,MY,811.9219612128363,Li-ion
2041,Optimistic,NE,843.9686538005409,Li-ion
2041,Optimistic,NG,789.998956446656,Li-ion
2041,Optimistic,NI,964.3629021724104,LDES
2041,Optimistic,NL,786.8439947583754,LDES
2041,Optimistic,NO,1060.4456887468368,LDES
2041,Optimistic,NP,812.3879874886082,Li-ion
2041,Optimistic,NZ,907.1042798398652,LDES
2041,Optimistic,OM,748.2990582094167,Li-ion
2041,Optimistic,PA,779.5716757653211,Li-ion
2041,Optimistic,PE,653.8177296953589,LDES
2041,Optimistic,PH,738.0201769284861,Li-ion
2041,Optimistic,PK,748.726130741163,Li-ion
2041,Optimistic,PL,786.4891540407989,LDES
2041,Optimistic,PS,838.4040549836889,Li-ion
2041,Optimistic,PT,821.2943267510802,Li-ion
2041,Optimistic,PY,701.2910961405364,Li-ion
2041,Optimistic,RO,798.6270902822857,LDES
2041,Optimistic,RU,815.6781313435976,LDES
2041,Optimistic,RW,761.9086950762749,Li-ion
2041,Optimistic,SA,790.9926009705162,Li-ion
2041,Optimistic,SE,978.0832142901824,LDES
2041,Optimistic,SK,1074.8917616137035,LDES
2041,Optimistic,SN,715.1808985313545,Li-ion
2041,Optimistic,SR,834.9144279942299,Li-ion
2041,Optimistic,SV,746.7630561679398,Li-ion
2041,Optimistic,TH,730.8171691095969,Li-ion
2041,Optimistic,TN,742.1776342001796,Li-ion
2041,Optimistic,TR,831.5041350832473,LDES
2041,Optimistic,TW,785.853792774292,Li-ion
2041,Optimistic,UA,904.9357144708097,LDES
2041,Optimistic,UG,774.9955128876139,Li-ion
2041,Optimistic,US,487.08782907014825,Li-ion
2041,Optimistic,UY,844.2834644438076,LDES
2041,Optimistic,UZ,866.3540526664115,LDES
2041,Optimistic,VN,767.866206238069,Li-ion
2041,Optimistic,ZA,624.0601236095985,Li-ion
2041,Optimistic,ZM,754.5165629132639,Li-ion
2042,Conservative,AE,1156.5271257837287,LDES
2042,Conservative,AF,1191.2736819996812,LDES
2042,Conservative,AR,1136.9172051897583,LDES
2042,Conservative,AT,1161.4904288160267,LDES
2042,Conservative,AU,977.4642889783396,LDES
2042,Conservative,BD,1166.9162098607042,LDES
2042,Conservative,BE,1056.4096969920972,LDES
2042,Conservative,BF,1187.8182355298486,LDES
2042,Conservative,BG,1172.5014084212737,LDES
2042,Conservative,BH,1190.5962227357923,LDES
2042,Conservative,BI,1156.16540148333,LDES
2042,Conservative,BO,1158.5845081752134,LDES
2042,Conservative,BR,911.2323050263986,LDES
2042,Conservative,BY,1261.8708827999383,LDES
2042,Conservative,CA,1083.8254126893867,LDES
2042,Conservative,CH,1768.4386387340048,LDES
2042,Conservative,CL,1128.0683562027093,LDES
2042,Conservative,CN,809.4980375247404,LDES
2042,Conservative,CO,1154.7015139067987,LDES
2042,Conservative,CR,1197.0699012830003,LDES
2042,Conservative,CU,1084.6138364646124,LDES
2042,Conservative,CV,1137.1331004185286,LDES
2042,Conservative,CZ,1700.6395822805525,LDES
2042,Conservative,DE,976.8716399754732,LDES
2042,Conservative,DK,1352.5634321078842,LDES
2042,Conservative,DO,1128.6333372930442,LDES
2042,Conservative,DZ,1208.092958114969,LDES
2042,Conservative,EC,1162.6936281469943,LDES
2042,Conservative,EE,1430.1440762465356,LDES
2042,Conservative,EG,1112.1729024768154,LDES
2042,Conservative,ES,979.0453771511592,LDES
2042,Conservative,ET,1224.6514272480379,LDES
2042,Conservative,FI,1896.0806039858317,LDES
2042,Conservative,FJ,1123.5253606183167,LDES
2042,Conservative,FR,956.3919785808763,LDES
2042,Conservative,GB,1013.6421615724095,LDES
2042,Conservative,GF,1220.8484680778154,LDES
2042,Conservative,GH,1168.2571093062832,LDES
2042,Conservative,GR,1175.8984634277795,LDES
2042,Conservative,GT,1152.5458058110057,LDES
2042,Conservative,HN,1154.9857734033412,LDES
2042,Conservative,HU,1750.2627618120455,LDES
2042,Conservative,ID,1111.599786038582,LDES
2042,Conservative,IE,1422.423379475109,LDES
2042,Conservative,IL,1212.543755413933,LDES
2042,Conservative,IN,1004.0377440530478,LDES
2042,Conservative,IR,1944.0599561759689,LDES
2042,Conservative,IT,1195.1642728875108,LDES
2042,Conservative,JM,1140.0779232308694,LDES
2042,Conservative,JO,1089.6815321563163,LDES
2042,Conservative,JP,1170.0256019544895,LDES
2042,Conservative,KE,1219.1701311761387,LDES
2042,Conservative,KH,1182.875891823182,LDES
2042,Conservative,KR,1194.0629262606524,LDES
2042,Conservative,KW,1119.6520781934091,LDES
2042,Conservative,KZ,1240.365310436423,LDES
2042,Conservative,LC,1144.3782375453993,LDES
2042,Conservative,LK,1113.4403265872675,LDES
2042,Conservative,LY,997.1156792912332,LDES
2042,Conservative,MA,2420.7962156616386,LDES
2042,Conservative,MG,1164.568429765004,LDES
2042,Conservative,MM,1218.983188385603,LDES
2042,Conservative,MN,1112.1038229338717,LDES
2042,Conservative,MR,1034.6959623775952,LDES
2042,Conservative,MU,1103.7998464738548,LDES
2042,Conservative,MX,1098.0354649783092,LDES
2042,Conservative,MY,1213.391416046906,LDES
2042,Conservative,NE,1232.9727551371486,LDES
2042,Conservative,NG,1196.9684114021748,LDES
2042,Conservative,NI,1656.3425251902847,LDES
2042,Conservative,NL,1290.2860467447658,LDES
2042,Conservative,NO,2053.9296590087893,LDES
2042,Conservative,NP,1189.868390735866,LDES
2042,Conservative,NZ,1563.4797611427673,LDES
2042,Conservative,OM,1127.1938024761812,LDES
2042,Conservative,PA,1130.9683676385414,LDES
2042,Conservative,PE,950.6554345768071,LDES
2042,Conservative,PH,1085.4720811621057,LDES
2042,Conservative,PK,1068.213940494844,LDES
2042,Conservative,PL,1147.0179792042973,LDES
2042,Conservative,PS,1208.9456975077353,LDES
2042,Conservative,PT,1181.5401772438079,LDES
2042,Conservative,PY,1052.6847143784764,LDES
2042,Conservative,RO,1164.6221441766397,LDES
2042,Conservative,RU,1198.335215185715,LDES
2042,Conservative,RW,1155.1088411011804,LDES
2042,Conservative,SA,1146.3151287299684,LDES
2042,Conservative,SE,1785.90544887192,LDES
2042,Conservative,SK,1909.370739249384,LDES
2042,Conservative,SN,1047.5985220124205,LDES
2042,Conservative,SR,1231.2775933079745,LDES
2042,Conservative,SV,1135.28385610733,LDES
2042,Conservative,TH,1092.1902448371804,LDES
2042,Conservative,TN,1082.6148170308861,LDES
2042,Conservative,TR,1190.147497705901,LDES
2042,Conservative,TW,1149.5605784533443,LDES
2042,Conservative,UA,1319.2806775528486,LDES
2042,Conservative,UG,1183.8506198167831,LDES
2042,Conservative,US,740.996795164831,LDES
2042,Conservative,UY,1433.5099447255745,LDES
2042,Conservative,UZ,1241.6865227045703,LDES
2042,Conservative,VN,1115.4474752585731,LDES
2042,Conservative,ZA,946.6679532279236,LDES
2042,Conservative,ZM,1145.3317975884406,LDES
2042,Central,AE,915.3607240960471,LDES
2042,Central,AF,943.9896438180228,LDES
2042,Central,AR,862.8138244849332,LDES
2042,Central,AT,897.8816696564567,LDES
2042,Central,AU,771.1732723521758,LDES
2042,Central,BD,917.0227470979863,LDES
2042,Central,BE,815.482871130629,LDES
2042,Central,BF,943.6543514376199,LDES
2042,Central,BG,905.7758073418695,LDES
2042,Central,BH,934.8040881520081,LDES
2042,Central,BI,914.382919256504,LDES
2042,Central,BO,910.9127139953864,LDES
2042,Central,BR,722.9350699219532,LDES
2042,Central,BY,938.8820110344394,LDES
2042,Central,CA,774.51638928359,LDES
2042,Central,CH,1207.1795036938147,LDES
2042,Central,CL,884.6673943830123,LDES
2042,Central,CN,639.0067205815136,LDES
2042,Central,CO,919.7599969264418,LDES
2042,Central,CR,923.6790715981921,LDES
2042,Central,CU,846.5918829294761,LDES
2042,Central,CV,872.6141434215091,LDES
2042,Central,CZ,1170.209058141141,LDES
2042,Central,DE,756.0550607211387,LDES
2042,Central,DK,934.3024471924319,LDES
2042,Central,DO,887.6318232172252,LDES
2042,Central,DZ,946.0409888946256,LDES
2042,Central,EC,926.8309371720828,LDES
2042,Central,EE,996.1147781570498,LDES
2042,Central,EG,859.0847572275331,LDES
2042,Central,ES,759.9855329054838,LDES
2042,Central,ET,938.2661624012699,LDES
2042,Central,FI,1236.4859095370177,LDES
2042,Central,FJ,868.8446744879666,LDES
2042,Central,FR,748.5830939871862,LDES
2042,Central,GB,768.1858503608433,LDES
2042,Central,GF,960.7391322046464,LDES
2042,Central,GH,929.6423146629065,LDES
2042,Central,GR,913.7384507308894,LDES
2042,Central,GT,909.5716374114962,LDES
2042,Central,HN,907.1704448972621,LDES
2042,Central,HU,1203.5004317984315,LDES
2042,Central,ID,880.203379846952,LDES
2042,Central,IE,996.0159573664743,LDES
2042,Central,IL,949.1655544614542,LDES
2042,Central,IN,789.9147690679702,LDES
2042,Central,IR,1306.1909948240557,LDES
2042,Central,IT,928.7354500245045,LDES
2042,Central,JM,894.0957350274598,LDES
2042,Central,JO,849.540665467003,LDES
2042,Central,JP,913.7277881555393,LDES
2042,Central,KE,958.2237896332015,LDES
2042,Central,KH,925.4340429420521,LDES
2042,Central,KR,929.5915052778389,LDES
2042,Central,KW,876.2566071724139,LDES
2042,Central,KZ,935.8107061162269,LDES
2042,Central,LC,911.3873345864628,LDES
2042,Central,LK,878.0365370271629,LDES
2042,Central,LY,786.9239574207876,LDES
2042,Central,MA,1475.7629727758188,LDES
2042,Central,MG,921.1516925950694,LDES
2042,Central,MM,964.7559665843485,LDES
2042,Central,MN,853.2004938305341,LDES
2042,Central,MR,802.6729161802414,LDES
2042,Central,MU,871.686873469802,LDES
2042,Central,MX,863.855964181734,LDES
2042,Central,MY,961.980350528514,LDES
2042,Central,NE,968.8928426462579,LDES
2042,Central,NG,953.5316655099149,LDES
2042,Central,NI,1138.46780367523,LDES
2042,Central,NL,906.8854665429378,LDES
2042,Central,NO,1309.9386120519566,LDES
2042,Central,NP,935.701309603646,LDES
2042,Central,NZ,1071.6038358580197,LDES
2042,Central,OM,896.2200433016017,LDES
2042,Central,PA,885.8254064776366,LDES
2042,Central,PE,729.3915731501427,LDES
2042,Central,PH,854.7179046407324,LDES
2042,Central,PK,830.7472872049802,LDES
2042,Central,PL,875.6827980541514,LDES
2042,Central,PS,944.5504082275795,LDES
2042,Central,PT,922.1846120353533,LDES
2042,Central,PY,835.4776995344971,LDES
2042,Central,RO,891.3961648835642,LDES
2042,Central,RU,911.8550932713036,LDES
2042,Central,RW,920.6330124467613,LDES
2042,Central,SA,897.5909244905965,LDES
2042,Central,SE,1180.1062444554104,LDES
2042,Central,SK,1284.0427111325678,LDES
2042,Central,SN,823.709800380731,LDES
2042,Central,SR,970.9215515577745,LDES
2042,Central,SV,905.6858526767728,LDES
2042,Central,TH,865.636162902038,LDES
2042,Central,TN,849.8617177319899,LDES
2042,Central,TR,921.9981037084347,LDES
2042,Central,TW,903.030096348476,LDES
2042,Central,UA,1009.0334906229837,LDES
2042,Central,UG,946.3976564937395,LDES
2042,Central,US,591.1225262372418,LDES
2042,Central,UY,992.5446503624528,LDES
2042,Central,UZ,961.0441845992897,LDES
2042,Central,VN,874.1493640473128,LDES
2042,Central,ZA,754.6741412786185,LDES
2042,Central,ZM,913.1325865246239,LDES
2042,Optimistic,AE,756.4206518149294,Li-ion
2042,Optimistic,AF,776.8016426621961,Li-ion
2042,Optimistic,AR,765.8233974663032,LDES
2042,Optimistic,AT,804.1697038203171,Li-ion
2042,Optimistic,AU,644.4276884580054,Li-ion
2042,Optimistic,BD,776.8542447028824,Li-ion
2042,Optimistic,BE,730.2318404411864,LDES
2042,Optimistic,BF,769.5532007787804,Li-ion
2042,Optimistic,BG,811.3959792676184,LDES
2042,Optimistic,BH,794.3393263274027,Li-ion
2042,Optimistic,BI,757.6216158830605,Li-ion
2042,Optimistic,BO,770.3981711634395,Li-ion
2042,Optimistic,BR,592.4138421605825,Li-ion
2042,Optimistic,BY,824.5936410251089,LDES
2042,Optimistic,CA,665.0685810015386,LDES
2042,Optimistic,CH,1008.5801174488247,LDES
2042,Optimistic,CL,754.7894286596863,Li-ion
2042,Optimistic,CN,532.9605484752179,Li-ion
2042,Optimistic,CO,743.0773841262599,Li-ion
2042,Optimistic,CR,826.940778017414,LDES
2042,Optimistic,CU,734.023407172753,Li-ion
2042,Optimistic,CV,779.0151278687174,LDES
2042,Optimistic,CZ,982.5182572918106,LDES
2042,Optimistic,DE,674.493515113923,Li-ion
2042,Optimistic,DK,786.3024063761949,LDES
2042,Optimistic,DO,749.9259312779817,Li-ion
2042,Optimistic,DZ,811.2114982041118,Li-ion
2042,Optimistic,EC,746.755022704258,Li-ion
2042,Optimistic,EE,842.5351803715396,LDES
2042,Optimistic,EG,769.5304904470177,LDES
2042,Optimistic,ES,671.3209334624038,Li-ion
2042,Optimistic,ET,836.9298379170286,LDES
2042,Optimistic,FI,1003.0908638089761,LDES
2042,Optimistic,FJ,777.2363845254185,Li-ion
2042,Optimistic,FR,642.9356415232069,Li-ion
2042,Optimistic,GB,681.3320787013661,LDES
2042,Optimistic,GF,809.9862587940445,Li-ion
2042,Optimistic,GH,753.7032658649731,Li-ion
2042,Optimistic,GR,804.3356459218991,Li-ion
2042,Optimistic,GT,759.3006606462873,Li-ion
2042,Optimistic,HN,769.902861340578,Li-ion
2042,Optimistic,HU,1010.0306842551522,LDES
2042,Optimistic,ID,726.2015769838993,Li-ion
2042,Optimistic,IE,845.1333310818804,LDES
2042,Optimistic,IL,814.9501595792825,Li-ion
2042,Optimistic,IN,666.5699373320969,Li-ion
2042,Optimistic,IR,1080.48351619184,LDES
2042,Optimistic,IT,817.4589344062774,Li-ion
2042,Optimistic,JM,762.8041196317055,Li-ion
2042,Optimistic,JO,739.5459943140029,Li-ion
2042,Optimistic,JP,790.8537330783001,Li-ion
2042,Optimistic,KE,811.3561167139591,Li-ion
2042,Optimistic,KH,796.0661325621184,Li-ion
2042,Optimistic,KR,813.1468794915443,Li-ion
2042,Optimistic,KW,752.9218135993307,Li-ion
2042,Optimistic,KZ,828.0452307413882,LDES
2042,Optimistic,LC,736.7455541300525,Li-ion
2042,Optimistic,LK,734.938274005613,Li-ion
2042,Optimistic,LY,656.870779697036,Li-ion
2042,Optimistic,MA,1141.3665945239131,LDES
2042,Optimistic,MG,762.8722727925074,Li-ion
2042,Optimistic,MM,797.3468127741238,Li-ion
2042,Optimistic,MN,761.5885466093532,LDES
2042,Optimistic,MR,710.5432201927979,Li-ion
2042,Optimistic,MU,725.9709475496375,Li-ion
2042,Optimistic,MX,728.9956309008431,Li-ion
2042,Optimistic,MY,790.2591739451269,Li-ion
2042,Optimistic,NE,820.9145084567041,Li-ion
2042,Optimistic,NG,770.0596469070236,Li-ion
2042,Optimistic,NI,955.2198252929794,LDES
2042,Optimistic,NL,771.2206458561373,LDES
2042,Optimistic,NO,1046.680241590308,LDES
2042,Optimistic,NP,790.800553742438,Li-ion
2042,Optimistic,NZ,897.5554315264939,LDES
2042,Optimistic,OM,728.7621977164031,Li-ion
2042,Optimistic,PA,759.0503864514204,Li-ion
2042,Optimistic,PE,651.0982067991691,LDES
2042,Optimistic,PH,719.1040393672944,Li-ion
2042,Optimistic,PK,729.2520403298861,Li-ion
2042,Optimistic,PL,779.6718878010226,LDES
2042,Optimistic,PS,816.2709909145674,Li-ion
2042,Optimistic,PT,799.7498804969724,Li-ion
2042,Optimistic,PY,683.7102418673342,Li-ion
2042,Optimistic,RO,794.7162029798604,LDES
2042,Optimistic,RU,810.4852039785118,LDES
2042,Optimistic,RW,742.1991212894608,Li-ion
2042,Optimistic,SA,769.8799812022424,Li-ion
2042,Optimistic,SE,965.7465259695687,LDES
2042,Optimistic,SK,1062.7727934912323,LDES
2042,Optimistic,SN,696.4787857837073,Li-ion
2042,Optimistic,SR,812.7992561152946,Li-ion
2042,Optimistic,SV,727.6864534413722,Li-ion
2042,Optimistic,TH,711.854336143292,Li-ion
2042,Optimistic,TN,722.6293431218534,Li-ion
2042,Optimistic,TR,819.9293078364999,Li-ion
2042,Optimistic,TW,766.0353317694429,Li-ion
2042,Optimistic,UA,899.2537167862623,LDES
2042,Optimistic,UG,754.7271182234837,Li-ion
2042,Optimistic,US,474.9928298475233,Li-ion
2042,Optimistic,UY,836.5107769724252,LDES
2042,Optimistic,UZ,857.2671969143618,Li-ion
2042,Optimistic,VN,747.634386850552,Li-ion
2042,Optimistic,ZA,607.9137801304789,Li-ion
2042,Optimistic,ZM,735.3100482582471,Li-ion
2043,Conservative,AE,1149.6504446417389,LDES
2043,Conservative,AF,1183.81709695053,LDES
2043,Conservative,AR,1120.9071551170873,LDES
2043,Conservative,AT,1153.328304772536,LDES
2043,Conservative,AU,971.5094149640753,LDES
2043,Conservative,BD,1159.122883247244,LDES
2043,Conservative,BE,1049.3502159186246,LDES
2043,Conservative,BF,1180.2518318078887,LDES
2043,Conservative,BG,1163.8847245064424,LDES
2043,Conservative,BH,1182.8522073606339,LDES
2043,Conservative,BI,1148.9070244830093,LDES
2043,Conservative,BO,1150.8984587897755,LDES
2043,Conservative,BR,906.2787397759097,LDES
2043,Conservative,BY,1219.334423037264,LDES
2043,Conservative,CA,1076.2209290598944,LDES
2043,Conservative,CH,1749.6893979017036,LDES
2043,Conservative,CL,1120.938812556406,LDES
2043,Conservative,CN,805.216187903737,LDES
2043,Conservative,CO,1148.141514266744,LDES
2043,Conservative,CR,1189.3456203472815,LDES
2043,Conservative,CU,1077.9120831907999,LDES
2043,Conservative,CV,1129.5283898457399,LDES
2043,Conservative,CZ,1682.097277061925,LDES
2043,Conservative,DE,971.5715001184899,LDES
2043,Conservative,DK,1338.8525354876122,LDES
2043,Conservative,DO,1121.740436278397,LDES
2043,Conservative,DZ,1200.4516346430353,LDES
2043,Conservative,EC,1155.3831638956883,LDES
2043,Conservative,EE,1412.4913273504005,LDES
2043,Conservative,EG,1104.7546228455203,LDES
2043,Conservative,ES,970.8423042646473,LDES
2043,Conservative,ET,1215.9959364583892,LDES
2043,Conservative,FI,1872.527848284624,LDES
2043,Conservative,FJ,1113.7975499798629,LDES
2043,Conservative,FR,950.4559768036961,LDES
2043,Conservative,GB,1004.4173914025522,LDES
2043,Conservative,GF,1213.0705247746741,LDES
2043,Conservative,GH,1161.5798810267356,LDES
2043,Conservative,GR,1168.0308856355261,LDES
2043,Conservative,GT,1145.7707764332104,LDES
2043,Conservative,HN,1147.6364964007132,LDES
2043,Conservative,HU,1731.4959436847143,LDES
2043,Conservative,ID,1105.0046186257416,LDES
2043,Conservative,IE,1406.5292731044974,LDES
2043,Conservative,IL,1204.4740971430479,LDES
2043,Conservative,IN,998.2937541014601,LDES
2043,Conservative,IR,1924.2974504079714,LDES
2043,Conservative,IT,1186.9960724047273,LDES
2043,Conservative,JM,1132.9814700561328,LDES
2043,Conservative,JO,1082.6047298685087,LDES
2043,Conservative,JP,1162.0744782534625,LDES
2043,Conservative,KE,1211.2003315088073,LDES
2043,Conservative,KH,1175.6933596688593,LDES
2043,Conservative,KR,1186.4719997954833,LDES
2043,Conservative,KW,1113.1737682591993,LDES
2043,Conservative,KZ,1230.8213459347694,LDES
2043,Conservative,LC,1137.685426082338,LDES
2043,Conservative,LK,1106.6661575410035,LDES
2043,Conservative,LY,991.1272103420104,LDES
2043,Conservative,MA,2381.5700872154516,LDES
2043,Conservative,MG,1157.673701657681,LDES
2043,Conservative,MM,1211.1994171516683,LDES
2043,Conservative,MN,1102.7672932627663,LDES
2043,Conservative,MR,1028.2869374706872,LDES
2043,Conservative,MU,1097.3456956620082,LDES
2043,Conservative,MX,1091.5825745807329,LDES
2043,Conservative,MY,1204.9272250259085,LDES
2043,Conservative,NE,1224.5037269499983,LDES
2043,Conservative,NG,1190.0803308017107,LDES
2043,Conservative,NI,1638.7389701159375,LDES
2043,Conservative,NL,1284.9556665335404,LDES
2043,Conservative,NO,2028.6750206887823,LDES
2043,Conservative,NP,1181.8805759886723,LDES
2043,Conservative,NZ,1546.5222875555903,LDES
2043,Conservative,OM,1120.0907728852353,LDES
2043,Conservative,PA,1123.8849684448587,LDES
2043,Conservative,PE,943.5452226298848,LDES
2043,Conservative,PH,1078.9725133111986,LDES
2043,Conservative,PK,1061.5997714584353,LDES
2043,Conservative,PL,1139.72753762938,LDES
2043,Conservative,PS,1200.9379342811967,LDES
2043,Conservative,PT,1174.5497534968395,LDES
2043,Conservative,PY,1047.0406076138643,LDES
2043,Conservative,RO,1154.9160510984912,LDES
2043,Conservative,RU,1182.4555381809776,LDES
2043,Conservative,RW,1148.1250740817552,LDES
2043,Conservative,SA,1138.829753817942,LDES
2043,Conservative,SE,1764.9903453484928,LDES
2043,Conservative,SK,1887.4396548734303,LDES
2043,Conservative,SN,1041.105459122571,LDES
2043,Conservative,SR,1223.3059343863126,LDES
2043,Conservative,SV,1129.0075306819108,LDES
2043,Conservative,TH,1085.4766904196374,LDES
2043,Conservative,TN,1075.7061840178467,LDES
2043,Conservative,TR,1182.1935172745846,LDES
2043,Conservative,TW,1142.4262890579532,LDES
2043,Conservative,UA,1308.7492663956775,LDES
2043,Conservative,UG,1176.7079038657316,LDES
2043,Conservative,US,738.0954673510927,LDES
2043,Conservative,UY,1418.730361341084,LDES
2043,Conservative,UZ,1233.1556391704933,LDES
2043,Conservative,VN,1108.8312638878283,LDES
2043,Conservative,ZA,940.8638388602694,LDES
2043,Conservative,ZM,1138.6121319130739,LDES
2043,Central,AE,911.5355708314972,LDES
2043,Central,AF,939.5911110135548,LDES
2043,Central,AR,854.3780505437345,LDES
2043,Central,AT,893.025669404739,LDES
2043,Central,AU,768.0056321339872,LDES
2043,Central,BD,912.5126294286672,LDES
2043,Central,BE,811.421529878262,LDES
2043,Central,BF,939.3604546076466,LDES
2043,Central,BG,900.8220896341514,LDES
2043,Central,BH,930.3841226922152,LDES
2043,Central,BI,910.2579060757869,LDES
2043,Central,BO,906.3823431143578,LDES
2043,Central,BR,720.3192030677097,LDES
2043,Central,BY,917.9033577993541,LDES
2043,Central,CA,769.8307757134843,LDES
2043,Central,CH,1195.3696034072846,LDES
2043,Central,CL,880.4855006661497,LDES
2043,Central,CN,636.915864796054,LDES
2043,Central,CO,916.0569084597016,LDES
2043,Central,CR,919.1330697357909,LDES
2043,Central,CU,842.8420296868206,LDES
2043,Central,CV,868.1428807533055,LDES
2043,Central,CZ,1158.5191966312086,LDES
2043,Central,DE,752.8451267760103,LDES
2043,Central,DK,925.7438622645595,LDES
2043,Central,DO,883.7685921777124,LDES
2043,Central,DZ,941.6749168291541,LDES
2043,Central,EC,922.6101219422279,LDES
2043,Central,EE,985.5932600154654,LDES
2043,Central,EG,854.7449318247525,LDES
2043,Central,ES,755.7622354812139,LDES
2043,Central,ET,932.9419606762985,LDES
2043,Central,FI,1221.606645413565,LDES
2043,Central,FJ,863.6877232308341,LDES
2043,Central,FR,745.4401348880828,LDES
2043,Central,GB,762.8433515457474,LDES
2043,Central,GF,956.2563217277975,LDES
2043,Central,GH,925.8843519272415,LDES
2043,Central,GR,909.1643184002169,LDES
2043,Central,GT,905.7029464759084,LDES
2043,Central,HN,902.8705398318319,LDES
2043,Central,HU,1191.4917321637797,LDES
2043,Central,ID,876.6251706537523,LDES
2043,Central,IE,986.1043169614475,LDES
2043,Central,IL,944.3700755459736,LDES
2043,Central,IN,786.8448341930573,LDES
2043,Central,IR,1292.7923607734242,LDES
2043,Central,IT,923.9299318896359,LDES
2043,Central,JM,890.0164607082153,LDES
2043,Central,JO,845.5448672945668,LDES
2043,Central,JP,908.9952145245959,LDES
2043,Central,KE,953.4318659896783,LDES
2043,Central,KH,921.395346134708,LDES
2043,Central,KR,925.2646114772873,LDES
2043,Central,KW,872.7094550540049,LDES
2043,Central,KZ,929.8137258628818,LDES
2043,Central,LC,907.5677245985833,LDES
2043,Central,LK,874.2416544705258,LDES
2043,Central,LY,783.6838266687678,LDES
2043,Central,MA,1451.360334348504,LDES
2043,Central,MG,917.2250509502139,LDES
2043,Central,MM,960.1010441175655,LDES
2043,Central,MN,847.7355693005868,LDES
2043,Central,MR,798.8478571381692,LDES
2043,Central,MU,868.0378365577063,LDES
2043,Central,MX,860.272829524861,LDES
2043,Central,MY,956.8852842810531,LDES
2043,Central,NE,963.9874763284807,LDES
2043,Central,NG,949.667273310354,LDES
2043,Central,NI,1127.38373815131,LDES
2043,Central,NL,902.5677613418545,LDES
2043,Central,NO,1293.434730502914,LDES
2043,Central,NP,930.9056879738131,LDES
2043,Central,NZ,1060.9080976610094,LDES
2043,Central,OM,892.0664368006594,LDES
2043,Central,PA,881.7520515908506,LDES
2043,Central,PE,725.2521393020048,LDES
2043,Central,PH,851.038771356231,LDES
2043,Central,PK,827.0204426722158,LDES
2043,Central,PL,871.0637966314011,LDES
2043,Central,PS,939.814280982222,LDES
2043,Central,PT,918.1844072969583,LDES
2043,Central,PY,832.4532402847362,LDES
2043,Central,RO,885.7028557445725,LDES
2043,Central,RU,903.2587662668641,LDES
2043,Central,RW,916.6166305670719,LDES
2043,Central,SA,893.2858783423242,LDES
2043,Central,SE,1166.47064813929,LDES
2043,Central,SK,1270.1234925395936,LDES
2043,Central,SN,820.1235136766621,LDES
2043,Central,SR,966.2907011637589,LDES
2043,Central,SV,902.2220769240131,LDES
2043,Central,TH,861.731886708613,LDES
2043,Central,TN,845.862338651258,LDES
2043,Central,TR,917.3185374633624,LDES
2043,Central,TW,898.8984277628444,LDES
2043,Central,UA,1002.5280778578649,LDES
2043,Central,UG,942.326041045284,LDES
2043,Central,US,589.963573581798,LDES
2043,Central,UY,983.39307001396,LDES
2043,Central,UZ,956.1121166776568,LDES
2043,Central,VN,870.5156116931057,LDES
2043,Central,ZA,751.2907334630688,LDES
2043,Central,ZM,909.2283349039511,LDES
2043,Optimistic,AE,736.184559662893,Li-ion
2043,Optimistic,AF,756.1064716663356,Li-ion
2043,Optimistic,AR,759.535226318931,LDES
2043,Optimistic,AT,781.9676557090432,Li-ion
2043,Optimistic,AU,626.7432030943066,Li-ion
2043,Optimistic,BD,755.4928179062391,Li-ion
2043,Optimistic,BE,713.6860785343448,Li-ion
2043,Optimistic,BF,748.5613020475768,Li-ion
2043,Optimistic,BG,789.890052047385,Li-ion
2043,Optimistic,BH,772.5994181549755,Li-ion
2043,Optimistic,BI,737.1034493207729,Li-ion
2043,Optimistic,BO,749.4343620764324,Li-ion
2043,Optimistic,BR,576.7965564433832,Li-ion
2043,Optimistic,BY,810.6408748445651,LDES
2043,Optimistic,CA,660.8036302369699,LDES
2043,Optimistic,CH,998.1181440677117,LDES
2043,Optimistic,CL,734.5919773286832,Li-ion
2043,Optimistic,CN,518.7142050017561,Li-ion
2043,Optimistic,CO,723.6291322772136,Li-ion
2043,Optimistic,CR,809.9974505318394,Li-ion
2043,Optimistic,CU,714.1912582472888,Li-ion
2043,Optimistic,CV,775.1303749204131,LDES
2043,Optimistic,CZ,972.2069965818367,LDES
2043,Optimistic,DE,657.6112725495008,Li-ion
2043,Optimistic,DK,778.741555169603,LDES
2043,Optimistic,DO,729.7391350709142,Li-ion
2043,Optimistic,DZ,789.2677991935104,Li-ion
2043,Optimistic,EC,726.621647835729,Li-ion
2043,Optimistic,EE,833.6840776131637,LDES
2043,Optimistic,EG,750.3922143099957,Li-ion
2043,Optimistic,ES,650.0598244861885,Li-ion
2043,Optimistic,ET,832.2188576057885,LDES
2043,Optimistic,FI,989.9801394568507,LDES
2043,Optimistic,FJ,752.5895847315269,Li-ion
2043,Optimistic,FR,625.1646549410973,Li-ion
2043,Optimistic,GB,676.8806412590404,LDES
2043,Optimistic,GF,788.0730974491378,Li-ion
2043,Optimistic,GH,733.9118598352472,Li-ion
2043,Optimistic,GR,782.2995541548823,Li-ion
2043,Optimistic,GT,739.2873126221153,Li-ion
2043,Optimistic,HN,749.2213377163861,Li-ion
2043,Optimistic,HU,999.3343893628235,LDES
2043,Optimistic,ID,706.60542596065,Li-ion
2043,Optimistic,IE,836.4985533469077,LDES
2043,Optimistic,IL,792.8452352687314,Li-ion
2043,Optimistic,IN,648.7543043588593,Li-ion
2043,Optimistic,IR,1068.0749652411305,LDES
2043,Optimistic,IT,794.9943389090829,Li-ion
2043,Optimistic,JM,742.3388830514019,Li-ion
2043,Optimistic,JO,719.2593219310401,Li-ion
2043,Optimistic,JP,769.2557008797277,Li-ion
2043,Optimistic,KE,789.5948047599984,Li-ion
2043,Optimistic,KH,774.7295901941762,Li-ion
2043,Optimistic,KR,791.1112861291728,Li-ion
2043,Optimistic,KW,732.9017040456531,Li-ion
2043,Optimistic,KZ,822.7019233957427,LDES
2043,Optimistic,LC,717.336373353622,Li-ion
2043,Optimistic,LK,715.1707210375118,Li-ion
2043,Optimistic,LY,639.0549867867271,Li-ion
2043,Optimistic,MA,1120.3506300815648,LDES
2043,Optimistic,MG,742.6843674364402,Li-ion
2043,Optimistic,MM,776.0751206156224,Li-ion
2043,Optimistic,MN,756.9840207737852,LDES
2043,Optimistic,MR,691.833177641554,Li-ion
2043,Optimistic,MU,706.798037973522,Li-ion
2043,Optimistic,MX,709.5845724381508,Li-ion
2043,Optimistic,MY,768.4967718514805,Li-ion
2043,Optimistic,NE,798.0982863109977,Li-ion
2043,Optimistic,NG,749.7594692169173,Li-ion
2043,Optimistic,NI,945.4209672963647,LDES
2043,Optimistic,NL,766.4972600139041,LDES
2043,Optimistic,NO,1031.8037700991113,LDES
2043,Optimistic,NP,769.3585943190709,Li-ion
2043,Optimistic,NZ,888.1051261920286,LDES
2043,Optimistic,OM,709.2128905539748,Li-ion
2043,Optimistic,PA,738.6461077154692,Li-ion
2043,Optimistic,PE,647.5738213385774,LDES
2043,Optimistic,PH,699.9606819375412,Li-ion
2043,Optimistic,PK,709.5989560393324,Li-ion
2043,Optimistic,PL,775.4613745100422,LDES
2043,Optimistic,PS,794.132010528308,Li-ion
2043,Optimistic,PT,778.6676060769672,Li-ion
2043,Optimistic,PY,665.8666260008861,Li-ion
2043,Optimistic,RO,789.9049135017497,LDES
2043,Optimistic,RU,803.9082266506729,LDES
2043,Optimistic,RW,722.4576941172209,Li-ion
2043,Optimistic,SA,748.8557696206453,Li-ion
2043,Optimistic,SE,953.4909117297815,LDES
2043,Optimistic,SK,1050.455143864956,LDES
2043,Optimistic,SN,677.5186834874736,Li-ion
2043,Optimistic,SR,790.7379695366225,Li-ion
2043,Optimistic,SV,708.6684044675653,Li-ion
2043,Optimistic,TH,692.9046922018805,Li-ion
2043,Optimistic,TN,703.1118487056202,Li-ion
2043,Optimistic,TR,797.6014425333583,Li-ion
2043,Optimistic,TW,745.5627608909451,Li-ion
2043,Optimistic,UA,893.5610575210328,LDES
2043,Optimistic,UG,734.5856829905341,Li-ion
2043,Optimistic,US,463.03180439441115,Li-ion
2043,Optimistic,UY,828.4808390741782,LDES
2043,Optimistic,UZ,833.5052659140808,Li-ion
2043,Optimistic,VN,727.588889896584,Li-ion
2043,Optimistic,ZA,591.7485335290179,Li-ion
2043,Optimistic,ZM,716.0532203657488,Li-ion
2044,Conservative,AE,1142.657931703671,LDES
2044,Conservative,AF,1176.250123883424,LDES
2044,Conservative,AR,1112.9534288591417,LDES
2044,Conservative,AT,1144.7657593173426,LDES
2044,Conservative,AU,965.8953608665013,LDES
2044,Conservative,BD,1151.3836341252645,LDES
2044,Conservative,BE,1042.7658299731013,LDES
2044,Conservative,BF,1172.5861999635567,LDES
2044,Conservative,BG,1156.0748747072844,LDES
2044,Conservative,BH,1175.0565890884918,LDES
2044,Conservative,BI,1141.792589776259,LDES
2044,Conservative,BO,1143.4047548688968,LDES
2044,Conservative,BR,902.1290351897666,LDES
2044,Conservative,BY,1208.469642714244,LDES
2044,Conservative,CA,1060.1057296875745,LDES
2044,Conservative,CH,1730.9246946364528,LDES
2044,Conservative,CL,1114.1579806999196,LDES
2044,Conservative,CN,800.7942326198744,LDES
2044,Conservative,CO,1141.3487292781037,LDES
2044,Conservative,CR,1181.3190511512257,LDES
2044,Conservative,CU,1071.141067283169,LDES
2044,Conservative,CV,1123.253753979714,LDES
2044,Conservative,CZ,1661.3494686940408,LDES
2044,Conservative,DE,964.0483488101531,LDES
2044,Conservative,DK,1325.7870286419475,LDES
2044,Conservative,DO,1115.0450195854417,LDES
2044,Conservative,DZ,1192.7513360430733,LDES
2044,Conservative,EC,1148.0245720437001,LDES
2044,Conservative,EE,1401.8941605155885,LDES
2044,Conservative,EG,1096.9719654057126,LDES
2044,Conservative,ES,964.572275169353,LDES
2044,Conservative,ET,1206.9676786028979,LDES
2044,Conservative,FI,1781.1479997606896,LDES
2044,Conservative,FJ,1106.2759467039386,LDES
2044,Conservative,FR,945.9432265052817,LDES
2044,Conservative,GB,995.33921548374,LDES
2044,Conservative,GF,1205.3383589708505,LDES
2044,Conservative,GH,1154.7048247504088,LDES
2044,Conservative,GR,1159.7728618519468,LDES
2044,Conservative,GT,1139.2191074854763,LDES
2044,Conservative,HN,1140.6046650803087,LDES
2044,Conservative,HU,1712.945927430906,LDES
2044,Conservative,ID,1097.8993611979156,LDES
2044,Conservative,IE,1391.7770065336833,LDES
2044,Conservative,IL,1196.5171101994931,LDES
2044,Conservative,IN,992.8215107771609,LDES
2044,Conservative,IR,1902.3829834315698,LDES
2044,Conservative,IT,1178.761507285959,LDES
2044,Conservative,JM,1125.7891021704122,LDES
2044,Conservative,JO,1075.516091532197,LDES
2044,Conservative,JP,1154.1170642008142,LDES
2044,Conservative,KE,1203.0346214554124,LDES
2044,Conservative,KH,1168.548246278299,LDES
2044,Conservative,KR,1178.8998728597098,LDES
2044,Conservative,KW,1106.4010380278435,LDES
2044,Conservative,KZ,1220.8039196267573,LDES
2044,Conservative,LC,1131.265939692386,LDES
2044,Conservative,LK,1099.265702101991,LDES
2044,Conservative,LY,985.1564390064926,LDES
2044,Conservative,MA,2344.6180949739933,LDES
2044,Conservative,MG,1150.823576203287,LDES
2044,Conservative,MM,1203.4267887251556,LDES
2044,Conservative,MN,1096.3006573660662,LDES
2044,Conservative,MR,1021.1178832781006,LDES
2044,Conservative,MU,1090.9831837583504,LDES
2044,Conservative,MX,1085.0347314245175,LDES
2044,Conservative,MY,1196.534829745098,LDES
2044,Conservative,NE,1216.147059490848,LDES
2044,Conservative,NG,1183.0447625287338,LDES
2044,Conservative,NI,1621.970235457345,LDES
2044,Conservative,NL,1282.2219235358734,LDES
2044,Conservative,NO,2000.4953926200862,LDES
2044,Conservative,NP,1173.7148688137468,LDES
2044,Conservative,NZ,1530.3113893357818,LDES
2044,Conservative,OM,1113.4669260345001,LDES
2044,Conservative,PA,1116.9309227764945,LDES
2044,Conservative,PE,937.1911326319795,LDES
2044,Conservative,PH,1072.3518235909276,LDES
2044,Conservative,PK,1055.5176715366727,LDES
2044,Conservative,PL,1127.7386267057013,LDES
2044,Conservative,PS,1192.898868255957,LDES
2044,Conservative,PT,1167.0652479638559,LDES
2044,Conservative,PY,1041.2521026206257,LDES
2044,Conservative,RO,1146.9020290882138,LDES
2044,Conservative,RU,1172.797222319088,LDES
2044,Conservative,RW,1141.3388685643104,LDES
2044,Conservative,SA,1131.4709352926727,LDES
2044,Conservative,SE,1743.6736756010605,LDES
2044,Conservative,SK,1865.5067162268883,LDES
2044,Conservative,SN,1034.5686963246148,LDES
2044,Conservative,SR,1214.9786452783155,LDES
2044,Conservative,SV,1122.6928024857054,LDES
2044,Conservative,TH,1078.9193844085114,LDES
2044,Conservative,TN,1068.9910433064647,LDES
2044,Conservative,TR,1174.1758349890063,LDES
2044,Conservative,TW,1135.454658480817,LDES
2044,Conservative,UA,1298.335191575068,LDES
2044,Conservative,UG,1169.62714388888,LDES
2044,Conservative,US,734.4694297501582,LDES
2044,Conservative,UY,1404.6041392941129,LDES
2044,Conservative,UZ,1224.3265321752917,LDES
2044,Conservative,VN,1101.67148795811,LDES
2044,Conservative,ZA,935.645674350398,LDES
2044,Conservative,ZM,1131.6727759335824,LDES
2044,Central,AE,907.5956337985906,LDES
2044,Central,AF,935.0851059297586,LDES
2044,Central,AR,849.7404284809273,LDES
2044,Central,AT,887.9930841604096,LDES
2044,Central,AU,765.0489621292924,LDES
2044,Central,BD,908.0624574227188,LDES
2044,Central,BE,807.7519111576948,LDES
2044,Central,BF,934.9636361309982,LDES
2044,Central,BG,896.2102996700501,LDES
2044,Central,BH,925.8619121382376,LDES
2044,Central,BI,906.2759627624994,LDES
2044,Central,BO,902.0062596450985,LDES
2044,Central,BR,718.2276105022277,LDES
2044,Central,BY,911.2912205805011,LDES
2044,Central,CA,761.2118546406291,LDES
2044,Central,CH,1183.5276975524234,LDES
2044,Central,CL,876.6568090046127,LDES
2044,Central,CN,634.6669475137763,LDES
2044,Central,CO,912.0989363583113,LDES
2044,Central,CR,914.3624390832472,LDES
2044,Central,CU,839.0268659216307,LDES
2044,Central,CV,864.2701179501513,LDES
2044,Central,CZ,1145.86699516576,LDES
2044,Central,DE,748.6901117087596,LDES
2044,Central,DK,917.5164209039079,LDES
2044,Central,DO,880.021525998069,LDES
2044,Central,DZ,937.2520615635659,LDES
2044,Central,EC,918.3218207368668,LDES
2044,Central,EE,978.2340031605466,LDES
2044,Central,EG,850.0332339536652,LDES
2044,Central,ES,752.1136491156335,LDES
2044,Central,ET,927.2261048342855,LDES
2044,Central,FI,1176.2952549119964,LDES
2044,Central,FJ,859.4772792651091,LDES
2044,Central,FR,743.0442993701038,LDES
2044,Central,GB,757.6520310078889,LDES
2044,Central,GF,951.8203173801109,LDES
2044,Central,GH,921.9200765941088,LDES
2044,Central,GR,904.2027264543178,LDES
2044,Central,GT,902.0505982433679,LDES
2044,Central,HN,898.8737136301822,LDES
2044,Central,HU,1179.7063708953526,LDES
2044,Central,ID,872.5721250846128,LDES
2044,Central,IE,976.8531918428354,LDES
2044,Central,IL,939.6979078227091,LDES
2044,Central,IN,783.9191409864688,LDES
2044,Central,IR,1278.162206309704,LDES
2044,Central,IT,919.05942760687,LDES
2044,Central,JM,885.9462504342097,LDES
2044,Central,JO,841.5151342576714,LDES
2044,Central,JP,904.2580990962547,LDES
2044,Central,KE,948.6647805293899,LDES
2044,Central,KH,917.3981382515711,LDES
2044,Central,KR,920.9620860438597,LDES
2044,Central,KW,868.8679168636795,LDES
2044,Central,KZ,923.5955107080268,LDES
2044,Central,LC,904.0308714465023,LDES
2044,Central,LK,870.0568826214571,LDES
2044,Central,LY,780.4942489752084,LDES
2044,Central,MA,1427.9249404543555,LDES
2044,Central,MG,913.3316905696544,LDES
2044,Central,MM,955.5006809486215,LDES
2044,Central,MN,844.176625276738,LDES
2044,Central,MR,794.8741915444801,LDES
2044,Central,MU,864.4848721498109,LDES
2044,Central,MX,856.60241933574,LDES
2044,Central,MY,951.8560281257138,LDES
2044,Central,NE,959.1898467915443,LDES
2044,Central,NG,945.7216322115951,LDES
2044,Central,NI,1116.8624213591754,LDES
2044,Central,NL,898.9735337612478,LDES
2044,Central,NO,1275.6017779768947,LDES
2044,Central,NP,926.0353605850654,LDES
2044,Central,NZ,1050.9042890852804,LDES
2044,Central,OM,888.3984074561165,LDES
2044,Central,PA,877.8147927569174,LDES
2044,Central,PE,721.7722307679405,LDES
2044,Central,PH,847.3061740465797,LDES
2044,Central,PK,823.8490979550754,LDES
2044,Central,PL,864.4301852559532,LDES
2044,Central,PS,935.049917099585,LDES
2044,Central,PT,913.7725015611502,LDES
2044,Central,PY,829.2685205076638,LDES
2044,Central,RO,881.0741094887177,LDES
2044,Central,RU,897.5933043624132,LDES
2044,Central,RW,912.7919970801178,LDES
2044,Central,SA,889.1076078817305,LDES
2044,Central,SE,1152.9320923372802,LDES
2044,Central,SK,1256.2025537076827,LDES
2044,Central,SN,816.4463746109841,LDES
2044,Central,SR,961.3041449845382,LDES
2044,Central,SV,898.7166890778468,LDES
2044,Central,TH,857.9929258626992,LDES
2044,Central,TN,841.9627175251093,LDES
2044,Central,TR,912.5795134823994,LDES
2044,Central,TW,894.9335225772003,LDES
2044,Central,UA,996.1387424590605,LDES
2044,Central,UG,938.3156846426633,LDES
2044,Central,US,588.2640715445028,LDES
2044,Central,UY,974.5352415411608,LDES
2044,Central,UZ,950.932802486981,LDES
2044,Central,VN,866.4127044924571,LDES
2044,Central,ZA,748.495693251022,LDES
2044,Central,ZM,905.1906857787759,LDES
2044,Optimistic,AE,715.8190993209552,Li-ion
2044,Optimistic,AF,735.2692458579912,Li-ion
2044,Optimistic,AR,755.5378809771453,LDES
2044,Optimistic,AT,759.1212574491049,Li-ion
2044,Optimistic,AU,609.3220845931282,Li-ion
2044,Optimistic,BD,734.0393398288904,Li-ion
2044,Optimistic,BE,693.6925525809211,Li-ion
2044,Optimistic,BF,727.4714683022984,Li-ion
2044,Optimistic,BG,767.7161735875505,Li-ion
2044,Optimistic,BH,750.8495307195315,Li-ion
2044,Optimistic,BI,716.5246970838856,Li-ion
2044,Optimistic,BO,728.4859170364401,Li-ion
2044,Optimistic,BR,561.8239494766933,Li-ion
2044,Optimistic,BY,804.9326273957934,LDES
2044,Optimistic,CA,654.2393098869854,LDES
2044,Optimistic,CH,987.6171933328759,LDES
2044,Optimistic,CL,714.3456695698374,Li-ion
2044,Optimistic,CN,504.40408285876094,Li-ion
2044,Optimistic,CO,704.0615597222816,Li-ion
2044,Optimistic,CR,787.2772204657795,Li-ion
2044,Optimistic,CU,694.2291749058414,Li-ion
2044,Optimistic,CV,758.7393105395246,Li-ion
2044,Optimistic,CZ,961.3785309556384,LDES
2044,Optimistic,DE,637.5483932828528,Li-ion
2044,Optimistic,DK,771.3985191871358,LDES
2044,Optimistic,DO,709.6525373867132,Li-ion
2044,Optimistic,DZ,767.1918433182352,Li-ion
2044,Optimistic,EC,706.4276525382182,Li-ion
2044,Optimistic,EE,826.6082626334793,LDES
2044,Optimistic,EG,729.1767947578777,Li-ion
2044,Optimistic,ES,631.9426507897489,Li-ion
2044,Optimistic,ET,818.1603181919445,Li-ion
2044,Optimistic,FI,959.821640966148,LDES
2044,Optimistic,FJ,730.9524134419437,Li-ion
2044,Optimistic,FR,608.971558431829,Li-ion
2044,Optimistic,GB,672.5850386691633,LDES
2044,Optimistic,GF,766.0586775001273,Li-ion
2044,Optimistic,GH,713.9821383932691,Li-ion
2044,Optimistic,GR,760.058295979766,Li-ion
2044,Optimistic,GT,719.2164879488746,Li-ion
2044,Optimistic,HN,728.5243379910593,Li-ion
2044,Optimistic,HU,988.86274013526,LDES
2044,Optimistic,ID,686.7391580138693,Li-ion
2044,Optimistic,IE,828.3541423745319,LDES
2044,Optimistic,IL,770.62676268853,Li-ion
2044,Optimistic,IN,631.1560507163837,Li-ion
2044,Optimistic,IR,1054.7568755502998,LDES
2044,Optimistic,IT,772.399060864708,Li-ion
2044,Optimistic,JM,721.5313265698555,Li-ion
2044,Optimistic,JO,698.9168859818028,Li-ion
2044,Optimistic,JP,747.5420657490077,Li-ion
2044,Optimistic,KE,767.2312970384219,Li-ion
2044,Optimistic,KH,753.2724322938445,Li-ion
2044,Optimistic,KR,768.9484076057454,Li-ion
2044,Optimistic,KW,712.6979250193473,Li-ion
2044,Optimistic,KZ,817.2261854107969,LDES
2044,Optimistic,LC,697.8625092219028,Li-ion
2044,Optimistic,LK,694.6993505175304,Li-ion
2044,Optimistic,LY,621.0991249669189,Li-ion
2044,Optimistic,MA,1099.8452851525906,LDES
2044,Optimistic,MG,722.4139021591986,Li-ion
2044,Optimistic,MM,754.6035007687341,Li-ion
2044,Optimistic,MN,739.2599827185545,Li-ion
2044,Optimistic,MR,671.6133720078657,Li-ion
2044,Optimistic,MU,687.5244808445354,Li-ion
2044,Optimistic,MX,690.0285803865876,Li-ion
2044,Optimistic,MY,746.6761474777402,Li-ion
2044,Optimistic,NE,775.2284371104498,Li-ion
2044,Optimistic,NG,729.1872726807582,Li-ion
2044,Optimistic,NI,936.08699315562,LDES
2044,Optimistic,NL,761.810952157698,LDES
2044,Optimistic,NO,1016.166168525647,LDES
2044,Optimistic,NP,747.5639991890303,Li-ion
2044,Optimistic,NZ,879.3270111008903,LDES
2044,Optimistic,OM,689.6620847012576,Li-ion
2044,Optimistic,PA,718.1437527501935,Li-ion
2044,Optimistic,PE,631.7447641118781,Li-ion
2044,Optimistic,PH,680.5490724361316,Li-ion
2044,Optimistic,PK,689.9041737163108,Li-ion
2044,Optimistic,PL,768.2618239995732,Li-ion
2044,Optimistic,PS,771.8605862027758,Li-ion
2044,Optimistic,PT,757.1730511737406,Li-ion
2044,Optimistic,PY,647.9169781393373,Li-ion
2044,Optimistic,RO,777.4595347586366,Li-ion
2044,Optimistic,RU,799.0992705673926,LDES
2044,Optimistic,RW,702.6724333854835,Li-ion
2044,Optimistic,SA,727.7576608914171,Li-ion
2044,Optimistic,SE,941.5087888534008,LDES
2044,Optimistic,SK,1038.135800806072,LDES
2044,Optimistic,SN,658.5554585682215,Li-ion
2044,Optimistic,SR,768.4935441314668,Li-ion
2044,Optimistic,SV,689.5413896975048,Li-ion
2044,Optimistic,TH,673.8698634219802,Li-ion
2044,Optimistic,TN,683.7199234210929,Li-ion
2044,Optimistic,TR,775.1252712097412,Li-ion
2044,Optimistic,TW,725.0013931255711,Li-ion
2044,Optimistic,UA,882.6175853181329,Li-ion
2044,Optimistic,UG,714.3662562364569,Li-ion
2044,Optimistic,US,450.4677796584604,Li-ion
2044,Optimistic,UY,820.6158465558937,LDES
2044,Optimistic,UZ,809.4637062579542,Li-ion
2044,Optimistic,VN,707.1672765284989,Li-ion
2044,Optimistic,ZA,575.6258124334264,Li-ion
2044,Optimistic,ZM,696.4665169041743,Li-ion
2045,Conservative,AE,1135.3593649784068,LDES
2045,Conservative,AF,1168.839126785706,LDES
2045,Conservative,AR,1105.578826081263,LDES
2045,Conservative,AT,1136.996516026912,LDES
2045,Conservative,AU,959.7544817004317,LDES
2045,Conservative,BD,1143.7333762490039,LDES
2045,Conservative,BE,1035.9244275780268,LDES
2045,Conservative,BF,1164.9347984203348,LDES
2045,Conservative,BG,1148.1465912582,LDES
2045,Conservative,BH,1167.3857489541326,LDES
2045,Conservative,BI,1134.441336605962,LDES
2045,Conservative,BO,1136.200634727411,LDES
2045,Conservative,BR,896.6209342306514,LDES
2045,Conservative,BY,1197.8934635664677,LDES
2045,Conservative,CA,1047.7179243073786,LDES
2045,Conservative,CH,1714.6475134647524,LDES
2045,Conservative,CL,1106.8330597554652,LDES
2045,Conservative,CN,796.4676534665546,LDES
2045,Conservative,CO,1134.6771908000615,LDES
2045,Conservative,CR,1172.987531549369,LDES
2045,Conservative,CU,1064.2071000615647,LDES
2045,Conservative,CV,1115.4830075901184,LDES
2045,Conservative,CZ,1640.9115561215317,LDES
2045,Conservative,DE,956.2148846657657,LDES
2045,Conservative,DK,1304.4653467917342,LDES
2045,Conservative,DO,1108.2651568579201,LDES
2045,Conservative,DZ,1184.7268671569298,LDES
2045,Conservative,EC,1141.0652969078596,LDES
2045,Conservative,EE,1381.3367870606744,LDES
2045,Conservative,EG,1089.0278669610248,LDES
2045,Conservative,ES,958.019878851573,LDES
2045,Conservative,ET,1197.3081941076462,LDES
2045,Conservative,FI,1758.5096291904488,LDES
2045,Conservative,FJ,1099.6149044466547,LDES
2045,Conservative,FR,939.6272222801258,LDES
2045,Conservative,GB,987.7894764173107,LDES
2045,Conservative,GF,1197.5038045248225,LDES
2045,Conservative,GH,1147.608582296443,LDES
2045,Conservative,GR,1151.4156193632293,LDES
2045,Conservative,GT,1132.6819384306182,LDES
2045,Conservative,HN,1133.4096422609282,LDES
2045,Conservative,HU,1694.3629620525928,LDES
2045,Conservative,ID,1091.0763732111163,LDES
2045,Conservative,IE,1377.4925323088169,LDES
2045,Conservative,IL,1188.8371195277048,LDES
2045,Conservative,IN,987.1429023061614,LDES
2045,Conservative,IR,1880.7351533865092,LDES
2045,Conservative,IT,1170.2064115264966,LDES
2045,Conservative,JM,1118.28563704883,LDES
2045,Conservative,JO,1068.636113152592,LDES
2045,Conservative,JP,1146.2334049951626,LDES
2045,Conservative,KE,1195.0136313915068,LDES
2045,Conservative,KH,1161.3776581862094,LDES
2045,Conservative,KR,1171.312554295169,LDES
2045,Conservative,KW,1099.7234575372036,LDES
2045,Conservative,KZ,1210.2049869746675,LDES
2045,Conservative,LC,1124.6215811673007,LDES
2045,Conservative,LK,1092.4108779895246,LDES
2045,Conservative,LY,979.6873084522642,LDES
2045,Conservative,MA,2308.2198872794706,LDES
2045,Conservative,MG,1144.1062270816187,LDES
2045,Conservative,MM,1195.1459498254637,LDES
2045,Conservative,MN,1088.2854442380396,LDES
2045,Conservative,MR,1013.036544663644,LDES
2045,Conservative,MU,1084.535531337637,LDES
2045,Conservative,MX,1078.844797122197,LDES
2045,Conservative,MY,1188.4432879393835,LDES
2045,Conservative,NE,1207.9108567888345,LDES
2045,Conservative,NG,1176.0544181145547,LDES
2045,Conservative,NI,1602.6297772860532,LDES
2045,Conservative,NL,1265.682872940401,LDES
2045,Conservative,NO,1970.6866483528147,LDES
2045,Conservative,NP,1165.7160754563868,LDES
2045,Conservative,NZ,1513.4689798544944,LDES
2045,Conservative,OM,1106.5225565693552,LDES
2045,Conservative,PA,1109.859211206992,LDES
2045,Conservative,PE,930.5100813622836,LDES
2045,Conservative,PH,1065.7978461300324,LDES
2045,Conservative,PK,1047.9589672715713,LDES
2045,Conservative,PL,1104.543927881262,LDES
2045,Conservative,PS,1184.8348003013296,LDES
2045,Conservative,PT,1159.668893801758,LDES
2045,Conservative,PY,1035.628560998271,LDES
2045,Conservative,RO,1138.2953403063568,LDES
2045,Conservative,RU,1162.861360133763,LDES
2045,Conservative,RW,1134.5676063734586,LDES
2045,Conservative,SA,1124.0923546603653,LDES
2045,Conservative,SE,1723.106077127299,LDES
2045,Conservative,SK,1843.5732297013842,LDES
2045,Conservative,SN,1027.7907021566298,LDES
2045,Conservative,SR,1206.503246890822,LDES
2045,Conservative,SV,1116.4913058402226,LDES
2045,Conservative,TH,1072.1546828870935,LDES
2045,Conservative,TN,1061.8695399526325,LDES
2045,Conservative,TR,1166.5529758750015,LDES
2045,Conservative,TW,1128.0838209381095,LDES
2045,Conservative,UA,1288.2359238053118,LDES
2045,Conservative,UG,1162.4831035045177,LDES
2045,Conservative,US,731.3615616831643,LDES
2045,Conservative,UY,1390.4889568372996,LDES
2045,Conservative,UZ,1215.4833099084774,LDES
2045,Conservative,VN,1094.768596100408,LDES
2045,Conservative,ZA,929.9547641053988,LDES
2045,Conservative,ZM,1125.055447389737,LDES
2045,Central,AE,903.3506910062092,LDES
2045,Central,AF,930.7152268461548,LDES
2045,Central,AR,845.2246835480291,LDES
2045,Central,AT,883.4990451101021,LDES
2045,Central,AU,761.7178337138992,LDES
2045,Central,BD,903.7023109394354,LDES
2045,Central,BE,803.8504047277135,LDES
2045,Central,BF,930.5773544311568,LDES
2045,Central,BG,891.4836647675208,LDES
2045,Central,BH,921.4035511399564,LDES
2045,Central,BI,902.0563285595231,LDES
2045,Central,BO,897.8907711319636,LDES
2045,Central,BR,715.4833904779814,LDES
2045,Central,BY,904.8369010224222,LDES
2045,Central,CA,754.1785758573836,LDES
2045,Central,CH,1172.7269349024014,LDES
2045,Central,CL,872.275498285175,LDES
2045,Central,CN,632.5028080440915,LDES
2045,Central,CO,908.2669284754783,LDES
2045,Central,CR,909.4293119455973,LDES
2045,Central,CU,835.0655872523024,LDES
2045,Central,CV,859.7341035629646,LDES
2045,Central,CZ,1133.493808639738,LDES
2045,Central,DE,744.1631420573837,LDES
2045,Central,DK,905.7073959797367,LDES
2045,Central,DO,876.2356210775017,LDES
2045,Central,DZ,932.5837026259137,LDES
2045,Central,EC,914.4315924548174,LDES
2045,Central,EE,966.5985807308297,LDES
2045,Central,EG,845.178165116995,LDES
2045,Central,ES,748.2418282093987,LDES
2045,Central,ET,921.4751586804366,LDES
2045,Central,FI,1161.9427227130586,LDES
2045,Central,FJ,855.6278655654763,LDES
2045,Central,FR,739.7103455858829,LDES
2045,Central,GB,753.1355912240588,LDES
2045,Central,GF,947.2829530200638,LDES
2045,Central,GH,917.7385677137113,LDES
2045,Central,GR,899.1436387409891,LDES
2045,Central,GT,898.4235728319653,LDES
2045,Central,HN,894.7648259481988,LDES
2045,Central,HU,1167.8945969951237,LDES
2045,Central,ID,868.6736781574848,LDES
2045,Central,IE,967.7313943450765,LDES
2045,Central,IL,935.3051878208466,LDES
2045,Central,IN,780.8714147552535,LDES
2045,Central,IR,1263.8228217322667,LDES
2045,Central,IT,913.8697711714965,LDES
2045,Central,JM,881.6133904720579,LDES
2045,Central,JO,837.7137304482875,LDES
2045,Central,JP,899.596487069133,LDES
2045,Central,KE,943.9342992848141,LDES
2045,Central,KH,913.3795258273506,LDES
2045,Central,KR,916.6477246474775,LDES
2045,Central,KW,865.1152384406535,LDES
2045,Central,KZ,917.0121570799242,LDES
2045,Central,LC,900.2719332208633,LDES
2045,Central,LK,866.3120212386231,LDES
2045,Central,LY,777.8163056728125,LDES
2045,Central,MA,1404.8392087314305,LDES
2045,Central,MG,909.5714140514193,LDES
2045,Central,MM,950.4650355467544,LDES
2045,Central,MN,839.3416461261038,LDES
2045,Central,MR,790.3721445264428,LDES
2045,Central,MU,860.8512008208722,LDES
2045,Central,MX,853.2962439888504,LDES
2045,Central,MY,947.1238934660047,LDES
2045,Central,NE,954.4961468484106,LDES
2045,Central,NG,941.7944430714405,LDES
2045,Central,NI,1105.1189633035983,LDES
2045,Central,NL,889.0669808037618,LDES
2045,Central,NO,1256.9894702535364,LDES
2045,Central,NP,921.3310005492494,LDES
2045,Central,NZ,1040.2715899887755,LDES
2045,Central,OM,884.4336009872196,LDES
2045,Central,PA,873.7881737298515,LDES
2045,Central,PE,718.0575678430599,LDES
2045,Central,PH,843.6394454263483,LDES
2045,Central,PK,819.2063048047302,LDES
2045,Central,PL,852.9683400898753,LDES
2045,Central,PS,930.2892790150659,LDES
2045,Central,PT,909.373712097322,LDES
2045,Central,PY,826.1668816810237,LDES
2045,Central,RO,876.059783456972,LDES
2045,Central,RU,891.6200725966286,LDES
2045,Central,RW,908.9834919495478,LDES
2045,Central,SA,884.9097946150199,LDES
2045,Central,SE,1139.8286991167226,LDES
2045,Central,SK,1242.2812010284583,LDES
2045,Central,SN,812.4870062370767,LDES
2045,Central,SR,956.1694039269512,LDES
2045,Central,SV,895.2761851873664,LDES
2045,Central,TH,854.1690327233914,LDES
2045,Central,TN,837.6568321336043,LDES
2045,Central,TR,908.0838209079435,LDES
2045,Central,TW,890.6610715911864,LDES
2045,Central,UA,990.0629551408632,LDES
2045,Central,UG,934.2326909242805,LDES
2045,Central,US,586.8787834454344,LDES
2045,Central,UY,965.6459062561161,LDES
2045,Central,UZ,945.5933416759234,LDES
2045,Central,VN,862.4935979744176,LDES
2045,Central,ZA,745.2622786629133,LDES
2045,Central,ZM,901.4475253139991,LDES
2045,Optimistic,AE,695.4771984835158,Li-ion
2045,Optimistic,AF,714.5922956868646,Li-ion
2045,Optimistic,AR,743.2858047587857,Li-ion
2045,Optimistic,AT,737.0614103677573,Li-ion
2045,Optimistic,AU,591.5773379763425,Li-ion
2045,Optimistic,BD,712.7138712621812,Li-ion
2045,Optimistic,BE,673.6722991290335,Li-ion
2045,Optimistic,BF,706.5058010973376,Li-ion
2045,Optimistic,BG,745.5930140898932,Li-ion
2045,Optimistic,BH,729.3467595334133,Li-ion
2045,Optimistic,BI,695.9966707121321,Li-ion
2045,Optimistic,BO,707.7506578997603,Li-ion
2045,Optimistic,BR,545.2348259610679,Li-ion
2045,Optimistic,BY,799.3365385065657,LDES
2045,Optimistic,CA,648.5044104153855,LDES
2045,Optimistic,CH,977.635526619955,LDES
2045,Optimistic,CL,694.0754254596578,Li-ion
2045,Optimistic,CN,490.20280352478227,Li-ion
2045,Optimistic,CO,684.5870050251334,Li-ion
2045,Optimistic,CR,764.299274764103,Li-ion
2045,Optimistic,CU,674.28441502482,Li-ion
2045,Optimistic,CV,736.6356785544549,Li-ion
2045,Optimistic,CZ,950.8234195462924,LDES
2045,Optimistic,DE,617.6826101103751,Li-ion
2045,Optimistic,DK,762.1545336874176,LDES
2045,Optimistic,DO,689.5416222291614,Li-ion
2045,Optimistic,DZ,744.9902443444306,Li-ion
2045,Optimistic,EC,686.4245358340218,Li-ion
2045,Optimistic,EE,817.2928264520854,LDES
2045,Optimistic,EG,707.974134083924,Li-ion
2045,Optimistic,ES,613.7189512640351,Li-ion
2045,Optimistic,ET,793.2106228257943,Li-ion
2045,Optimistic,FI,947.1786363811984,LDES
2045,Optimistic,FJ,710.5725542764218,Li-ion
2045,Optimistic,FR,590.7452399928094,Li-ion
2045,Optimistic,GB,668.0052824212958,Li-ion
2045,Optimistic,GF,744.1205045464345,Li-ion
2045,Optimistic,GH,694.0760415143568,Li-ion
2045,Optimistic,GR,737.8906017356103,Li-ion
2045,Optimistic,GT,699.2024021997248,Li-ion
2045,Optimistic,HN,707.7776659087842,Li-ion
2045,Optimistic,HU,978.3659855744345,LDES
2045,Optimistic,ID,667.2829580502155,Li-ion
2045,Optimistic,IE,820.21738467813,LDES
2045,Optimistic,IL,748.5609041959893,Li-ion
2045,Optimistic,IN,613.4151680919492,Li-ion
2045,Optimistic,IR,1041.7343823367391,LDES
2045,Optimistic,IT,749.8323495904325,Li-ion
2045,Optimistic,JM,700.6579949329878,Li-ion
2045,Optimistic,JO,678.6775693827982,Li-ion
2045,Optimistic,JP,725.9376198403678,Li-ion
2045,Optimistic,KE,745.2181702268205,Li-ion
2045,Optimistic,KH,731.8889600098082,Li-ion
2045,Optimistic,KR,746.8691817587328,Li-ion
2045,Optimistic,KW,692.6045901315339,Li-ion
2045,Optimistic,KZ,811.4627383178165,LDES
2045,Optimistic,LC,678.4162620209563,Li-ion
2045,Optimistic,LK,674.6678316585553,Li-ion
2045,Optimistic,LY,603.329153630805,Li-ion
2045,Optimistic,MA,1079.622164454136,LDES
2045,Optimistic,MG,702.2523402933705,Li-ion
2045,Optimistic,MM,732.9729163623211,Li-ion
2045,Optimistic,MN,717.5826784178471,Li-ion
2045,Optimistic,MR,650.5734063787273,Li-ion
2045,Optimistic,MU,668.299014598242,Li-ion
2045,Optimistic,MX,670.6201703702703,Li-ion
2045,Optimistic,MY,725.0460637761101,Li-ion
2045,Optimistic,NE,752.5427221737522,Li-ion
2045,Optimistic,NG,708.771240465377,Li-ion
2045,Optimistic,NI,926.0150702699144,LDES
2045,Optimistic,NL,753.4852596345719,LDES
2045,Optimistic,NO,1000.0584861377955,LDES
2045,Optimistic,NP,725.914666311168,Li-ion
2045,Optimistic,NZ,869.920529637117,LDES
2045,Optimistic,OM,670.0877324510782,Li-ion
2045,Optimistic,PA,697.6462238974777,Li-ion
2045,Optimistic,PE,612.7822660084697,Li-ion
2045,Optimistic,PH,661.239164542277,Li-ion
2045,Optimistic,PK,669.9549549433642,Li-ion
2045,Optimistic,PL,726.2171751588427,Li-ion
2045,Optimistic,PS,749.6226218607972,Li-ion
2045,Optimistic,PT,735.9186499732048,Li-ion
2045,Optimistic,PY,630.2285448350543,Li-ion
2045,Optimistic,RO,754.1106150218275,Li-ion
2045,Optimistic,RU,776.8048106805609,Li-ion
2045,Optimistic,RW,682.977991386477,Li-ion
2045,Optimistic,SA,706.7543321405816,Li-ion
2045,Optimistic,SE,929.8488430329147,LDES
2045,Optimistic,SK,1025.816070706205,LDES
2045,Optimistic,SN,639.7069755289328,Li-ion
2045,Optimistic,SR,746.3220789911135,Li-ion
2045,Optimistic,SV,670.610003133037,Li-ion
2045,Optimistic,TH,654.6363409434895,Li-ion
2045,Optimistic,TN,664.3136713420765,Li-ion
2045,Optimistic,TR,753.1175085091224,Li-ion
2045,Optimistic,TW,704.2587038892614,Li-ion
2045,Optimistic,UA,856.1205512145865,Li-ion
2045,Optimistic,UG,694.2496286251908,Li-ion
2045,Optimistic,US,438.4702093424714,Li-ion
2045,Optimistic,UY,812.70240804689,LDES
2045,Optimistic,UZ,785.8182114248006,Li-ion
2045,Optimistic,VN,687.0358550998662,Li-ion
2045,Optimistic,ZA,559.4062040138917,Li-ion
2045,Optimistic,ZM,677.089057220785,Li-ion
2046,Conservative,AE,1128.3134220770812,LDES
2046,Conservative,AF,1161.4401533365258,LDES
2046,Conservative,AR,1097.7313741083117,LDES
2046,Conservative,AT,1129.0245277461338,LDES
2046,Conservative,AU,953.9354288372156,LDES
2046,Conservative,BD,1136.0227274884346,LDES
2046,Conservative,BE,1028.5407055823555,LDES
2046,Conservative,BF,1156.8801794876758,LDES
2046,Conservative,BG,1139.6501793714026,LDES
2046,Conservative,BH,1159.5149059334924,LDES
2046,Conservative,BI,1127.3051042360253,LDES
2046,Conservative,BO,1128.4609464308023,LDES
2046,Conservative,BR,891.4010285943335,LDES
2046,Conservative,BY,1187.333896953048,LDES
2046,Conservative,CA,1038.859455092653,LDES
2046,Conservative,CH,1695.7980922440204,LDES
2046,Conservative,CL,1099.6638231076524,LDES
2046,Conservative,CN,792.0110568462817,LDES
2046,Conservative,CO,1128.2105451229177,LDES
2046,Conservative,CR,1165.172591962701,LDES
2046,Conservative,CU,1057.756853269184,LDES
2046,Conservative,CV,1107.6748807024226,LDES
2046,Conservative,CZ,1620.4600854912712,LDES
2046,Conservative,DE,948.426467819236,LDES
2046,Conservative,DK,1291.2176743551568,LDES
2046,Conservative,DO,1101.36021133328,LDES
2046,Conservative,DZ,1176.3544073029823,LDES
2046,Conservative,EC,1133.9836236849233,LDES
2046,Conservative,EE,1369.3815883635723,LDES
2046,Conservative,EG,1081.0658830348154,LDES
2046,Conservative,ES,951.6182988887235,LDES
2046,Conservative,ET,1191.3632604314719,LDES
2046,Conservative,FI,1736.4835550789635,LDES
2046,Conservative,FJ,1092.8382349767949,LDES
2046,Conservative,FR,933.4636015866491,LDES
2046,Conservative,GB,982.0376183164398,LDES
2046,Conservative,GF,1189.3267282922457,LDES
2046,Conservative,GH,1140.7257982555334,LDES
2046,Conservative,GR,1143.276468950454,LDES
2046,Conservative,GT,1126.15189928372,LDES
2046,Conservative,HN,1126.2518175997177,LDES
2046,Conservative,HU,1676.0120374465712,LDES
2046,Conservative,ID,1084.2953841980668,LDES
2046,Conservative,IE,1363.5680742142276,LDES
2046,Conservative,IL,1181.010701954018,LDES
2046,Conservative,IN,981.3834178109792,LDES
2046,Conservative,IR,1861.7331304549716,LDES
2046,Conservative,IT,1162.1789879445296,LDES
2046,Conservative,JM,1111.0420002155527,LDES
2046,Conservative,JO,1061.2287881669192,LDES
2046,Conservative,JP,1138.5405319464119,LDES
2046,Conservative,KE,1186.8899035173545,LDES
2046,Conservative,KH,1154.1142205449244,LDES
2046,Conservative,KR,1163.7038141330042,LDES
2046,Conservative,KW,1092.7754725987827,LDES
2046,Conservative,KZ,1198.968882553121,LDES
2046,Conservative,LC,1117.8917485916813,LDES
2046,Conservative,LK,1085.5528607234285,LDES
2046,Conservative,LY,973.7256401028619,LDES
2046,Conservative,MA,2271.341318478491,LDES
2046,Conservative,MG,1137.4543378012213,LDES
2046,Conservative,MM,1187.2353582145215,LDES
2046,Conservative,MN,1076.4884509140595,LDES
2046,Conservative,MR,1005.9076401195754,LDES
2046,Conservative,MU,1077.7194886309212,LDES
2046,Conservative,MX,1072.5909899720343,LDES
2046,Conservative,MY,1180.5971470061356,LDES
2046,Conservative,NE,1199.2438375450815,LDES
2046,Conservative,NG,1168.8991782319188,LDES
2046,Conservative,NI,1584.2721958444372,LDES
2046,Conservative,NL,1263.73728818889,LDES
2046,Conservative,NO,1946.9938407249176,LDES
2046,Conservative,NP,1157.6683091133687,LDES
2046,Conservative,NZ,1496.7096671130403,LDES
2046,Conservative,OM,1099.317795321536,LDES
2046,Conservative,PA,1102.9303335717327,LDES
2046,Conservative,PE,924.214571780557,LDES
2046,Conservative,PH,1059.2090184539866,LDES
2046,Conservative,PK,1040.4956769636972,LDES
2046,Conservative,PL,1094.9674314636418,LDES
2046,Conservative,PS,1177.1214477541425,LDES
2046,Conservative,PT,1151.7394788547879,LDES
2046,Conservative,PY,1029.1107753042372,LDES
2046,Conservative,RO,1129.5842341662612,LDES
2046,Conservative,RU,1153.0196180227776,LDES
2046,Conservative,RW,1127.7582921834123,LDES
2046,Conservative,SA,1116.3485519158264,LDES
2046,Conservative,SE,1703.6685659662705,LDES
2046,Conservative,SK,1821.57806789808,LDES
2046,Conservative,SN,1020.7089999565457,LDES
2046,Conservative,SR,1198.4674009254404,LDES
2046,Conservative,SV,1110.272697178021,LDES
2046,Conservative,TH,1065.3870979017904,LDES
2046,Conservative,TN,1054.731632627084,LDES
2046,Conservative,TR,1159.0135749968438,LDES
2046,Conservative,TW,1120.984716779892,LDES
2046,Conservative,UA,1277.9207353162121,LDES
2046,Conservative,UG,1154.6734791933068,LDES
2046,Conservative,US,728.698557878293,LDES
2046,Conservative,UY,1375.9766043083812,LDES
2046,Conservative,UZ,1207.0576712170846,LDES
2046,Conservative,VN,1087.5991315498557,LDES
2046,Conservative,ZA,924.3800553915316,LDES
2046,Conservative,ZM,1118.4263187281872,LDES
2046,Central,AE,899.3594200654876,LDES
2046,Central,AF,926.3182481812911,LDES
2046,Central,AR,840.6918011976102,LDES
2046,Central,AT,878.9322247722823,LDES
2046,Central,AU,758.5076196381576,LDES
2046,Central,BD,899.2794131195053,LDES
2046,Central,BE,799.5573413852395,LDES
2046,Central,BF,925.7841618175744,LDES
2046,Central,BG,886.7386114189767,LDES
2046,Central,BH,916.7469578738537,LDES
2046,Central,BI,898.0508427307664,LDES
2046,Central,BO,893.2914515332783,LDES
2046,Central,BR,712.7474087802927,LDES
2046,Central,BY,898.4141166101092,LDES
2046,Central,CA,748.8190919243807,LDES
2046,Central,CH,1160.8292267406753,LDES
2046,Central,CL,868.0689254198261,LDES
2046,Central,CN,630.2833323445842,LDES
2046,Central,CO,904.6645722800544,LDES
2046,Central,CR,904.904040996251,LDES
2046,Central,CU,831.5902008968952,LDES
2046,Central,CV,855.1593937346584,LDES
2046,Central,CZ,1121.076054337861,LDES
2046,Central,DE,739.6214883267759,LDES
2046,Central,DK,897.5627877275849,LDES
2046,Central,DO,872.3829734553891,LDES
2046,Central,DZ,927.6123434995723,LDES
2046,Central,EC,910.4177222928372,LDES
2046,Central,EE,958.8904342435839,LDES
2046,Central,EG,840.3028511597871,LDES
2046,Central,ES,744.5559632690848,LDES
2046,Central,ET,917.3258030280998,LDES
2046,Central,FI,1147.8746827690964,LDES
2046,Central,FJ,851.6829674944787,LDES
2046,Central,FR,736.3325525126629,LDES
2046,Central,GB,749.5622366999733,LDES
2046,Central,GF,942.4040955033123,LDES
2046,Central,GH,913.7744698767439,LDES
2046,Central,GR,894.335699428126,LDES
2046,Central,GT,894.8224438088026,LDES
2046,Central,HN,890.6276305593072,LDES
2046,Central,HU,1156.3214003598875,LDES
2046,Central,ID,864.8068265149774,LDES
2046,Central,IE,958.7673739670307,LDES
2046,Central,IL,930.768492366722,LDES
2046,Central,IN,777.7596743106232,LDES
2046,Central,IR,1250.3504885739476,LDES
2046,Central,IT,909.2091654017055,LDES
2046,Central,JM,877.4551500146079,LDES
2046,Central,JO,833.3701788478771,LDES
2046,Central,JP,895.1274097531358,LDES
2046,Central,KE,939.1025859039061,LDES
2046,Central,KH,909.2808942804686,LDES
2046,Central,KR,912.3139948769273,LDES
2046,Central,KW,861.2262213389679,LDES
2046,Central,KZ,910.158249871172,LDES
2046,Central,LC,896.4303080062645,LDES
2046,Central,LK,862.4133111090104,LDES
2046,Central,LY,774.5382762903582,LDES
2046,Central,MA,1381.6062476406478,LDES
2046,Central,MG,905.8800249224169,LDES
2046,Central,MM,945.765181052392,LDES
2046,Central,MN,833.1053135579853,LDES
2046,Central,MR,786.3045107039177,LDES
2046,Central,MU,856.8535728019427,LDES
2046,Central,MX,849.9164259356462,LDES
2046,Central,MY,942.4645479654199,LDES
2046,Central,NE,949.3649531024067,LDES
2046,Central,NG,937.7210811033563,LDES
2046,Central,NI,1093.7726616489629,LDES
2046,Central,NL,886.266411783025,LDES
2046,Central,NO,1241.1965668794753,LDES
2046,Central,NP,916.5201371672676,LDES
2046,Central,NZ,1029.934756159469,LDES
2046,Central,OM,880.2079191324425,LDES
2046,Central,PA,869.9038804097476,LDES
2046,Central,PE,714.633883994121,LDES
2046,Central,PH,839.9371326438684,LDES
2046,Central,PK,814.6593292848814,LDES
2046,Central,PL,847.7080319707721,LDES
2046,Central,PS,925.9247347129108,LDES
2046,Central,PT,904.6045284833557,LDES
2046,Central,PY,822.5567231036207,LDES
2046,Central,RO,870.9328567722093,LDES
2046,Central,RU,885.730731854663,LDES
2046,Central,RW,905.1381198495731,LDES
2046,Central,SA,880.346978536999,LDES
2046,Central,SE,1127.2683867594055,LDES
2046,Central,SK,1228.2983071030837,LDES
2046,Central,SN,808.2354433698594,LDES
2046,Central,SR,951.474139692606,LDES
2046,Central,SV,891.8541284330014,LDES
2046,Central,TH,850.2820725076662,LDES
2046,Central,TN,833.3062371325834,LDES
2046,Central,TR,903.7030578283807,LDES
2046,Central,TW,886.4893454044584,LDES
2046,Central,UA,983.7699881330758,LDES
2046,Central,UG,929.5310258071995,LDES
2046,Central,US,585.9301707426202,LDES
2046,Central,UY,956.5884040433726,LDES
2046,Central,UZ,940.7218347286682,LDES
2046,Central,VN,858.4012854161095,LDES
2046,Central,ZA,742.1425521127244,LDES
2046,Central,ZM,897.6944366780617,LDES
2046,Optimistic,AE,675.1358997733539,Li-ion
2046,Optimistic,AF,693.9259330698488,Li-ion
2046,Optimistic,AR,720.683368819462,Li-ion
2046,Optimistic,AT,714.64997051098,Li-ion
2046,Optimistic,AU,574.2548767170084,Li-ion
2046,Optimistic,BD,691.33903800503,Li-ion
2046,Optimistic,BE,653.1858105053967,Li-ion
2046,Optimistic,BF,685.4244676398314,Li-ion
2046,Optimistic,BG,722.242613230471,Li-ion
2046,Optimistic,BH,707.7374294258049,Li-ion
2046,Optimistic,BI,675.4725672292507,Li-ion
2046,Optimistic,BO,686.7410136810495,Li-ion
2046,Optimistic,BR,529.2312542866979,Li-ion
2046,Optimistic,BY,793.7783042696938,LDES
2046,Optimistic,CA,643.7774468850604,LDES
2046,Optimistic,CH,967.083745720545,LDES
2046,Optimistic,CL,673.734326493064,Li-ion
2046,Optimistic,CN,475.7967176412494,Li-ion
2046,Optimistic,CO,665.0440431767887,Li-ion
2046,Optimistic,CR,741.5694612518365,Li-ion
2046,Optimistic,CU,654.3849847455747,Li-ion
2046,Optimistic,CV,714.4530375992446,Li-ion
2046,Optimistic,CZ,940.2180538660853,LDES
2046,Optimistic,DE,597.94673038536,Li-ion
2046,Optimistic,DK,754.9958828408427,LDES
2046,Optimistic,DO,669.2346626536533,Li-ion
2046,Optimistic,DZ,722.5745215574551,Li-ion
2046,Optimistic,EC,666.3543938596287,Li-ion
2046,Optimistic,EE,810.2260703190475,LDES
2046,Optimistic,EG,686.7026494048795,Li-ion
2046,Optimistic,ES,595.4060700825287,Li-ion
2046,Optimistic,ET,772.982002402884,Li-ion
2046,Optimistic,FI,934.7028209055228,LDES
2046,Optimistic,FJ,690.0293285678546,Li-ion
2046,Optimistic,FR,572.911087633519,Li-ion
2046,Optimistic,GB,649.4313677193242,Li-ion
2046,Optimistic,GF,722.0479677400498,Li-ion
2046,Optimistic,GH,674.1446727709044,Li-ion
2046,Optimistic,GR,715.6491887156998,Li-ion
2046,Optimistic,GT,679.0820166139594,Li-ion
2046,Optimistic,HN,687.10038058817,Li-ion
2046,Optimistic,HU,968.1091155771426,LDES
2046,Optimistic,ID,647.8041351253471,Li-ion
2046,Optimistic,IE,812.1638771207487,LDES
2046,Optimistic,IL,726.394571715649,Li-ion
2046,Optimistic,IN,595.5684452454551,Li-ion
2046,Optimistic,IR,1028.930829081901,LDES
2046,Optimistic,IT,727.3197799563824,Li-ion
2046,Optimistic,JM,679.9525712395945,Li-ion
2046,Optimistic,JO,658.3009574185802,Li-ion
2046,Optimistic,JP,704.3127999080328,Li-ion
2046,Optimistic,KE,723.120478733763,Li-ion
2046,Optimistic,KH,710.3918259632801,Li-ion
2046,Optimistic,KR,724.7142828688226,Li-ion
2046,Optimistic,KW,672.130119940795,Li-ion
2046,Optimistic,KZ,802.16547314161,Li-ion
2046,Optimistic,LC,658.8870701028923,Li-ion
2046,Optimistic,LK,654.8792234496392,Li-ion
2046,Optimistic,LY,585.6194704969538,Li-ion
2046,Optimistic,MA,1059.37787063451,LDES
2046,Optimistic,MG,682.0306545847415,Li-ion
2046,Optimistic,MM,711.4348339850113,Li-ion
2046,Optimistic,MN,690.5714558847937,Li-ion
2046,Optimistic,MR,630.7291280502626,Li-ion
2046,Optimistic,MU,648.9183212369709,Li-ion
2046,Optimistic,MX,651.1547446725574,Li-ion
2046,Optimistic,MY,703.7565735023093,Li-ion
2046,Optimistic,NE,729.7393966686527,Li-ion
2046,Optimistic,NG,688.2280671657676,Li-ion
2046,Optimistic,NI,916.1322898051967,LDES
2046,Optimistic,NL,749.5607430306308,LDES
2046,Optimistic,NO,985.5835001354501,LDES
2046,Optimistic,NP,704.3143161352598,Li-ion
2046,Optimistic,NZ,860.8865451654731,LDES
2046,Optimistic,OM,650.4122466030497,Li-ion
2046,Optimistic,PA,677.1201535775235,Li-ion
2046,Optimistic,PE,594.0511096145154,Li-ion
2046,Optimistic,PH,641.8679461918911,Li-ion
2046,Optimistic,PK,649.963060331916,Li-ion
2046,Optimistic,PL,701.8641560549639,Li-ion
2046,Optimistic,PS,727.3139836646,Li-ion
2046,Optimistic,PT,714.1534553190937,Li-ion
2046,Optimistic,PY,611.5505781896686,Li-ion
2046,Optimistic,RO,730.7094868266345,Li-ion
2046,Optimistic,RU,751.9602439429322,Li-ion
2046,Optimistic,RW,663.2205585831463,Li-ion
2046,Optimistic,SA,685.6188793412632,Li-ion
2046,Optimistic,SE,918.5180515871893,LDES
2046,Optimistic,SK,1013.4348261665175,LDES
2046,Optimistic,SN,620.7190551555235,Li-ion
2046,Optimistic,SR,724.1954351803251,Li-ion
2046,Optimistic,SV,651.541197754037,Li-ion
2046,Optimistic,TH,635.4722697359059,Li-ion
2046,Optimistic,TN,644.8900667038625,Li-ion
2046,Optimistic,TR,730.9797727638518,Li-ion
2046,Optimistic,TW,683.8369944716244,Li-ion
2046,Optimistic,UA,829.5209313681676,Li-ion
2046,Optimistic,UG,673.8528876488134,Li-ion
2046,Optimistic,US,426.532976495866,Li-ion
2046,Optimistic,UY,804.7018666500992,LDES
2046,Optimistic,UZ,762.1037990171571,Li-ion
2046,Optimistic,VN,666.6104210346641,Li-ion
2046,Optimistic,ZA,543.17754550781,Li-ion
2046,Optimistic,ZM,657.6466096055054,Li-ion
2047,Conservative,AE,1121.1104745080968,LDES
2047,Conservative,AF,1153.8815423613585,LDES
2047,Conservative,AR,1090.5321005943722,LDES
2047,Conservative,AT,1121.0182885367217,LDES
2047,Conservative,AU,948.6366043053677,LDES
2047,Conservative,BD,1128.3335128007166,LDES
2047,Conservative,BE,1021.5671510230025,LDES
2047,Conservative,BF,1149.604789181143,LDES
2047,Conservative,BG,1131.3572033387104,LDES
2047,Conservative,BH,1151.967575198794,LDES
2047,Conservative,BI,1119.811691332556,LDES
2047,Conservative,BO,1120.7182162901756,LDES
2047,Conservative,BR,886.0898460868257,LDES
2047,Conservative,BY,1176.365903598826,LDES
2047,Conservative,CA,1029.5510773399753,LDES
2047,Conservative,CH,1677.0345493530551,LDES
2047,Conservative,CL,1092.4172882433943,LDES
2047,Conservative,CN,787.6584168460876,LDES
2047,Conservative,CO,1121.3167007501206,LDES
2047,Conservative,CR,1156.8122156038642,LDES
2047,Conservative,CU,1051.2359866693114,LDES
2047,Conservative,CV,1099.6535955091522,LDES
2047,Conservative,CZ,1602.2052900737117,LDES
2047,Conservative,DE,941.9040224306602,LDES
2047,Conservative,DK,1278.8059574156075,LDES
2047,Conservative,DO,1094.398076979774,LDES
2047,Conservative,DZ,1168.5161114768678,LDES
2047,Conservative,EC,1126.7386814657962,LDES
2047,Conservative,EE,1355.3315727742265,LDES
2047,Conservative,EG,1073.7785853951618,LDES
2047,Conservative,ES,945.5697583365804,LDES
2047,Conservative,ET,1181.6421505620533,LDES
2047,Conservative,FI,1714.715233544615,LDES
2047,Conservative,FJ,1084.7359564244666,LDES
2047,Conservative,FR,927.2883264513695,LDES
2047,Conservative,GB,973.588639051355,LDES
2047,Conservative,GF,1181.7094624976392,LDES
2047,Conservative,GH,1133.4531007183778,LDES
2047,Conservative,GR,1135.258251153345,LDES
2047,Conservative,GT,1119.5119518380243,LDES
2047,Conservative,HN,1119.1155511054735,LDES
2047,Conservative,HU,1656.0218345595456,LDES
2047,Conservative,ID,1077.6989615033326,LDES
2047,Conservative,IE,1326.7047601427337,LDES
2047,Conservative,IL,1173.2547825310996,LDES
2047,Conservative,IN,975.6826313558362,LDES
2047,Conservative,IR,1835.1338990848963,LDES
2047,Conservative,IT,1154.2044990438021,LDES
2047,Conservative,JM,1103.5897805538743,LDES
2047,Conservative,JO,1053.3467351514144,LDES
2047,Conservative,JP,1130.8864628547751,LDES
2047,Conservative,KE,1178.9068664057766,LDES
2047,Conservative,KH,1146.873292416372,LDES
2047,Conservative,KR,1155.9169430881561,LDES
2047,Conservative,KW,1085.8264400549904,LDES
2047,Conservative,KZ,1188.6554464798164,LDES
2047,Conservative,LC,1111.3939252966368,LDES
2047,Conservative,LK,1078.59269855999,LDES
2047,Conservative,LY,968.244237510283,LDES
2047,Conservative,MA,2235.18879872847,LDES
2047,Conservative,MG,1130.9120044631002,LDES
2047,Conservative,MM,1179.644919180753,LDES
2047,Conservative,MN,1069.5338820221489,LDES
2047,Conservative,MR,1000.0675173937402,LDES
2047,Conservative,MU,1070.9954677168582,LDES
2047,Conservative,MX,1066.1496163682987,LDES
2047,Conservative,MY,1172.2721866115094,LDES
2047,Conservative,NE,1190.3121099215318,LDES
2047,Conservative,NG,1161.6343073153253,LDES
2047,Conservative,NI,1567.6335302230389,LDES
2047,Conservative,NL,1244.5671586624553,LDES
2047,Conservative,NO,1914.421917526069,LDES
2047,Conservative,NP,1150.0321634945442,LDES
2047,Conservative,NZ,1481.490556293674,LDES
2047,Conservative,OM,1092.11334660891,LDES
2047,Conservative,PA,1095.731701109683,LDES
2047,Conservative,PE,918.1565765193955,LDES
2047,Conservative,PH,1052.4524954136307,LDES
2047,Conservative,PK,1033.4587615488156,LDES
2047,Conservative,PL,1083.307108099334,LDES
2047,Conservative,PS,1169.1458221983787,LDES
2047,Conservative,PT,1143.8548612359498,LDES
2047,Conservative,PY,1022.9872457288252,LDES
2047,Conservative,RO,1120.9880456774977,LDES
2047,Conservative,RU,1144.3382976551743,LDES
2047,Conservative,RW,1120.9840090531966,LDES
2047,Conservative,SA,1108.580749389021,LDES
2047,Conservative,SE,1683.5739818110792,LDES
2047,Conservative,SK,1799.6192845827627,LDES
2047,Conservative,SN,1013.7286706467368,LDES
2047,Conservative,SR,1190.193547049637,LDES
2047,Conservative,SV,1103.773710032782,LDES
2047,Conservative,TH,1059.1130807563209,LDES
2047,Conservative,TN,1047.952884728629,LDES
2047,Conservative,TR,1151.075792140324,LDES
2047,Conservative,TW,1113.8130095744832,LDES
2047,Conservative,UA,1267.725914222856,LDES
2047,Conservative,UG,1147.2533491803094,LDES
2047,Conservative,US,725.9910366406364,LDES
2047,Conservative,UY,1361.6265451704526,LDES
2047,Conservative,UZ,1198.570581550813,LDES
2047,Conservative,VN,1080.259417608412,LDES
2047,Conservative,ZA,919.1392792237998,LDES
2047,Conservative,ZM,1111.9794138481325,LDES
2047,Central,AE,895.2121924848285,LDES
2047,Central,AF,921.8718326393599,LDES
2047,Central,AR,836.3323143925337,LDES
2047,Central,AT,874.3682803265687,LDES
2047,Central,AU,755.7288349054797,LDES
2047,Central,BD,894.8755889200886,LDES
2047,Central,BE,795.5497986294113,LDES
2047,Central,BF,921.5979922857679,LDES
2047,Central,BG,881.8310924072591,LDES
2047,Central,BH,912.4156475121518,LDES
2047,Central,BI,893.6873039423355,LDES
2047,Central,BO,888.6198609439695,LDES
2047,Central,BR,709.9216261700185,LDES
2047,Central,BY,891.6258823854599,LDES
2047,Central,CA,743.467431030912,LDES
2047,Central,CH,1149.0247994669633,LDES
2047,Central,CL,863.7994787259903,LDES
2047,Central,CN,628.1503864210846,LDES
2047,Central,CO,900.6907967416404,LDES
2047,Central,CR,900.0459771184412,LDES
2047,Central,CU,828.0463666186942,LDES
2047,Central,CV,850.4926102926728,LDES
2047,Central,CZ,1109.6237435965068,LDES
2047,Central,DE,735.7764542911893,LDES
2047,Central,DK,889.8418437968245,LDES
2047,Central,DO,868.4429828969091,LDES
2047,Central,DZ,923.1740891614095,LDES
2047,Central,EC,906.2393393418303,LDES
2047,Central,EE,950.0090920078256,LDES
2047,Central,EG,836.1066737428891,LDES
2047,Central,ES,741.1620531435764,LDES
2047,Central,ET,911.4754503167726,LDES
2047,Central,FI,1134.0642924631402,LDES
2047,Central,FJ,847.0327162476527,LDES
2047,Central,FR,733.2417488371483,LDES
2047,Central,GB,745.0088855169842,LDES
2047,Central,GF,938.0860770543758,LDES
2047,Central,GH,909.4728216831298,LDES
2047,Central,GR,889.6290137317621,LDES
2047,Central,GT,891.1194019852683,LDES
2047,Central,HN,886.5393948059216,LDES
2047,Central,HU,1143.9403348083436,LDES
2047,Central,ID,861.1259258366465,LDES
2047,Central,IE,940.0534041972683,LDES
2047,Central,IL,926.3047465130015,LDES
2047,Central,IN,774.7108142947692,LDES
2047,Central,IR,1233.9175790102877,LDES
2047,Central,IT,904.5934677333742,LDES
2047,Central,JM,873.1571697088866,LDES
2047,Central,JO,828.5928216015614,LDES
2047,Central,JP,890.698884948476,LDES
2047,Central,KE,934.4130689594871,LDES
2047,Central,KH,905.2136387673468,LDES
2047,Central,KR,907.8053915391088,LDES
2047,Central,KW,857.2510659963385,LDES
2047,Central,KZ,904.1801365904211,LDES
2047,Central,LC,892.823479133815,LDES
2047,Central,LK,858.4563347673816,LDES
2047,Central,LY,771.6108692780641,LDES
2047,Central,MA,1358.7322808149722,LDES
2047,Central,MG,902.3026952678258,LDES
2047,Central,MM,941.3676892697679,LDES
2047,Central,MN,829.010662827627,LDES
2047,Central,MR,782.9488536641194,LDES
2047,Central,MU,852.9524001716779,LDES
2047,Central,MX,846.3535259611182,LDES
2047,Central,MY,937.6229854480954,LDES
2047,Central,NE,943.9648087415111,LDES
2047,Central,NG,933.4914878014528,LDES
2047,Central,NI,1083.126055994765,LDES
2047,Central,NL,875.6010210919801,LDES
2047,Central,NO,1221.5625778735343,LDES
2047,Central,NP,912.0789205122297,LDES
2047,Central,NZ,1020.2289773194484,LDES
2047,Central,OM,875.982066209653,LDES
2047,Central,PA,865.7568485230736,LDES
2047,Central,PE,711.4470322553675,LDES
2047,Central,PH,836.0089560030417,LDES
2047,Central,PK,810.5719764928238,LDES
2047,Central,PL,841.3566359262283,LDES
2047,Central,PS,921.307853047043,LDES
2047,Central,PT,899.8849270017478,LDES
2047,Central,PY,819.138642654207,LDES
2047,Central,RO,865.907282692414,LDES
2047,Central,RU,880.5073858000974,LDES
2047,Central,RW,901.3289638392196,LDES
2047,Central,SA,875.7603819776331,LDES
2047,Central,SE,1114.3494643482586,LDES
2047,Central,SK,1214.3519256973466,LDES
2047,Central,SN,803.9799904720431,LDES
2047,Central,SR,946.5407919489693,LDES
2047,Central,SV,888.1238224500747,LDES
2047,Central,TH,846.6934570019467,LDES
2047,Central,TN,829.3901428046942,LDES
2047,Central,TR,898.8900383115895,LDES
2047,Central,TW,882.4249898292736,LDES
2047,Central,UA,977.5961295507859,LDES
2047,Central,UG,925.2704700588564,LDES
2047,Central,US,584.9826824259919,LDES
2047,Central,UY,947.6745940513406,LDES
2047,Central,UZ,935.7402127790315,LDES
2047,Central,VN,854.1174966893956,LDES
2047,Central,ZA,739.3634309206057,LDES
2047,Central,ZM,894.0983708341587,LDES
2047,Optimistic,AE,654.7535844569867,Li-ion
2047,Optimistic,AF,673.0055032991544,Li-ion
2047,Optimistic,AR,699.0621464336363,Li-ion
2047,Optimistic,AT,692.1669281119524,Li-ion
2047,Optimistic,AU,557.2036621626461,Li-ion
2047,Optimistic,BD,669.9833227430837,Li-ion
2047,Optimistic,BE,633.0142072855265,Li-ion
2047,Optimistic,BF,664.8414859861958,Li-ion
2047,Optimistic,BG,699.6353152359267,Li-ion
2047,Optimistic,BH,686.1886548293694,Li-ion
2047,Optimistic,BI,654.8750068219504,Li-ion
2047,Optimistic,BO,665.8512759580262,Li-ion
2047,Optimistic,BR,513.2128662571597,Li-ion
2047,Optimistic,BY,773.0836881767253,Li-ion
2047,Optimistic,CA,639.2232530607604,LDES
2047,Optimistic,CH,956.6267262207982,LDES
2047,Optimistic,CL,653.3310430320004,Li-ion
2047,Optimistic,CN,461.4509033040832,Li-ion
2047,Optimistic,CO,645.2883171236813,Li-ion
2047,Optimistic,CR,718.3097282739038,Li-ion
2047,Optimistic,CU,634.4567382351888,Li-ion
2047,Optimistic,CV,691.9844769174273,Li-ion
2047,Optimistic,CZ,930.1351252911144,LDES
2047,Optimistic,DE,579.5657621825495,Li-ion
2047,Optimistic,DK,748.1097147247747,LDES
2047,Optimistic,DO,648.9646780174025,Li-ion
2047,Optimistic,DZ,700.2830657968069,Li-ion
2047,Optimistic,EC,646.2558260029415,Li-ion
2047,Optimistic,EE,802.3162428518496,LDES
2047,Optimistic,EG,665.5528345951885,Li-ion
2047,Optimistic,ES,577.2718054171837,Li-ion
2047,Optimistic,ET,747.9588001323915,Li-ion
2047,Optimistic,FI,922.4846344800274,LDES
2047,Optimistic,FJ,668.0259832177525,Li-ion
2047,Optimistic,FR,554.5496000811751,Li-ion
2047,Optimistic,GB,627.054871861672,Li-ion
2047,Optimistic,GF,700.0926253401393,Li-ion
2047,Optimistic,GH,654.015884574353,Li-ion
2047,Optimistic,GR,693.4661850426863,Li-ion
2047,Optimistic,GT,658.9003981327561,Li-ion
2047,Optimistic,HN,666.3597067504625,Li-ion
2047,Optimistic,HU,957.3462540770842,LDES
2047,Optimistic,ID,628.3575764581797,Li-ion
2047,Optimistic,IE,799.164006003441,LDES
2047,Optimistic,IL,704.2288420126878,Li-ion
2047,Optimistic,IN,577.7152267325796,Li-ion
2047,Optimistic,IR,1014.844234983102,LDES
2047,Optimistic,IT,704.8274465516257,Li-ion
2047,Optimistic,JM,659.0688117385996,Li-ion
2047,Optimistic,JO,637.7440630252416,Li-ion
2047,Optimistic,JP,682.6858779074608,Li-ion
2047,Optimistic,KE,701.0446369350786,Li-ion
2047,Optimistic,KH,688.8672065118251,Li-ion
2047,Optimistic,KR,702.5002388656444,Li-ion
2047,Optimistic,KW,651.8008904231108,Li-ion
2047,Optimistic,KZ,775.3166246830693,Li-ion
2047,Optimistic,LC,639.3920559652098,Li-ion
2047,Optimistic,LK,634.9825142977091,Li-ion
2047,Optimistic,LY,568.2486456738511,Li-ion
2047,Optimistic,MA,1039.3659331916974,LDES
2047,Optimistic,MG,661.8056750774923,Li-ion
2047,Optimistic,MM,689.9934564074345,Li-ion
2047,Optimistic,MN,669.7600938241577,Li-ion
2047,Optimistic,MR,612.2202991633561,Li-ion
2047,Optimistic,MU,629.5308933130452,Li-ion
2047,Optimistic,MX,631.6243935579436,Li-ion
2047,Optimistic,MY,681.8228712015963,Li-ion
2047,Optimistic,NE,706.9035532458913,Li-ion
2047,Optimistic,NG,667.7399512674734,Li-ion
2047,Optimistic,NI,906.5794968924077,LDES
2047,Optimistic,NL,741.1558257580809,LDES
2047,Optimistic,NO,969.096023972748,LDES
2047,Optimistic,NP,682.8779626729898,Li-ion
2047,Optimistic,NZ,852.1528403233605,LDES
2047,Optimistic,OM,630.7397780198571,Li-ion
2047,Optimistic,PA,656.5099792067185,Li-ion
2047,Optimistic,PE,575.378106683005,Li-ion
2047,Optimistic,PH,622.5559012151166,Li-ion
2047,Optimistic,PK,629.9897128312863,Li-ion
2047,Optimistic,PL,675.3723597135546,Li-ion
2047,Optimistic,PS,704.9243425283815,Li-ion
2047,Optimistic,PT,692.3689696245121,Li-ion
2047,Optimistic,PY,593.337589190267,Li-ion
2047,Optimistic,RO,707.3683488616748,Li-ion
2047,Optimistic,RU,728.3024604126517,Li-ion
2047,Optimistic,RW,643.4636271867494,Li-ion
2047,Optimistic,SA,664.4767964273082,Li-ion
2047,Optimistic,SE,906.9334073001623,LDES
2047,Optimistic,SK,1001.0901209527972,LDES
2047,Optimistic,SN,601.938666720652,Li-ion
2047,Optimistic,SR,702.0167598932636,Li-ion
2047,Optimistic,SV,632.4430817698449,Li-ion
2047,Optimistic,TH,616.7662147658119,Li-ion
2047,Optimistic,TN,625.3863094975457,Li-ion
2047,Optimistic,TR,708.781910648196,Li-ion
2047,Optimistic,TW,663.0469785748319,Li-ion
2047,Optimistic,UA,802.9555338518517,Li-ion
2047,Optimistic,UG,653.4564388890635,Li-ion
2047,Optimistic,US,414.4789914587965,Li-ion
2047,Optimistic,UY,796.8373077531437,LDES
2047,Optimistic,UZ,738.458466456712,Li-ion
2047,Optimistic,VN,646.1834265217947,Li-ion
2047,Optimistic,ZA,527.0096185472722,Li-ion
2047,Optimistic,ZM,638.277582538041,Li-ion
2048,Conservative,AE,1113.6515006383652,LDES
2048,Conservative,AF,1146.3615060083503,LDES
2048,Conservative,AR,1082.0512231738805,LDES
2048,Conservative,AT,1113.0232763543072,LDES
2048,Conservative,AU,942.9971290296179,LDES
2048,Conservative,BD,1120.7603890714895,LDES
2048,Conservative,BE,1014.7766571521986,LDES
2048,Conservative,BF,1142.6236092041183,LDES
2048,Conservative,BG,1122.7080735381141,LDES
2048,Conservative,BH,1144.5141267925665,LDES
2048,Conservative,BI,1112.6608187211332,LDES
2048,Conservative,BO,1113.1222927589235,LDES
2048,Conservative,BR,880.4450117635474,LDES
2048,Conservative,BY,1167.0778449337856,LDES
2048,Conservative,CA,1021.0070532803188,LDES
2048,Conservative,CH,1623.714290219134,LDES
2048,Conservative,CL,1085.0960727214626,LDES
2048,Conservative,CN,783.5301481414136,LDES
2048,Conservative,CO,1114.5902461329074,LDES
2048,Conservative,CR,1149.0011428988423,LDES
2048,Conservative,CU,1044.2926780598805,LDES
2048,Conservative,CV,1091.717917017422,LDES
2048,Conservative,CZ,1583.9447699683267,LDES
2048,Conservative,DE,936.0860462167266,LDES
2048,Conservative,DK,1264.4940318065433,LDES
2048,Conservative,DO,1087.4365977549392,LDES
2048,Conservative,DZ,1160.7327861281606,LDES
2048,Conservative,EC,1119.2637781615244,LDES
2048,Conservative,EE,1342.747135668813,LDES
2048,Conservative,EG,1066.3890046774175,LDES
2048,Conservative,ES,939.3935667382038,LDES
2048,Conservative,ET,1170.0191827582807,LDES
2048,Conservative,FI,1692.5180101668245,LDES
2048,Conservative,FJ,1076.3952270899165,LDES
2048,Conservative,FR,920.0221618838328,LDES
2048,Conservative,GB,966.6984266813117,LDES
2048,Conservative,GF,1174.0321401127064,LDES
2048,Conservative,GH,1126.5212539592662,LDES
2048,Conservative,GR,1127.2440975035588,LDES
2048,Conservative,GT,1112.3411150751042,LDES
2048,Conservative,HN,1111.9407897824965,LDES
2048,Conservative,HU,1637.4593266621632,LDES
2048,Conservative,ID,1071.2136816350499,LDES
2048,Conservative,IE,1314.7497186664461,LDES
2048,Conservative,IL,1165.3862448606556,LDES
2048,Conservative,IN,969.991543143935,LDES
2048,Conservative,IR,1811.270410633343,LDES
2048,Conservative,IT,1146.2261260732644,LDES
2048,Conservative,JM,1096.427937267981,LDES
2048,Conservative,JO,1045.4107915096888,LDES
2048,Conservative,JP,1123.1830075348828,LDES
2048,Conservative,KE,1170.8231989395656,LDES
2048,Conservative,KH,1139.5884219812008,LDES
2048,Conservative,KR,1148.0711780104314,LDES
2048,Conservative,KW,1079.0276452661192,LDES
2048,Conservative,KZ,1178.1644715625728,LDES
2048,Conservative,LC,1104.9011712588888,LDES
2048,Conservative,LK,1071.8580768855575,LDES
2048,Conservative,LY,963.1556302601757,LDES
2048,Conservative,MA,2202.1640269256386,LDES
2048,Conservative,MG,1124.190981395341,LDES
2048,Conservative,MM,1171.9363215079934,LDES
2048,Conservative,MN,1061.685675127505,LDES
2048,Conservative,MR,993.0839079284796,LDES
2048,Conservative,MU,1064.3411899367086,LDES
2048,Conservative,MX,1059.6637237344196,LDES
2048,Conservative,MY,1164.1981530994324,LDES
2048,Conservative,NE,1181.8622664274512,LDES
2048,Conservative,NG,1154.5991112775903,LDES
2048,Conservative,NI,1549.6121924500517,LDES
2048,Conservative,NL,1169.5520938583036,LDES
2048,Conservative,NO,1850.1367371583322,LDES
2048,Conservative,NP,1142.1280617960615,LDES
2048,Conservative,NZ,1464.751487681423,LDES
2048,Conservative,OM,1085.2078318775095,LDES
2048,Conservative,PA,1088.5721148237694,LDES
2048,Conservative,PE,912.2222955892846,LDES
2048,Conservative,PH,1046.1616934498484,LDES
2048,Conservative,PK,1026.839831627206,LDES
2048,Conservative,PL,1075.81153963956,LDES
2048,Conservative,PS,1161.360749149903,LDES
2048,Conservative,PT,1136.2100548200506,LDES
2048,Conservative,PY,1017.1349315323157,LDES
2048,Conservative,RO,1118.0134062534642,LDES
2048,Conservative,RU,1135.6454911791095,LDES
2048,Conservative,RW,1114.2615820364208,LDES
2048,Conservative,SA,1101.030198186214,LDES
2048,Conservative,SE,1663.892217294631,LDES
2048,Conservative,SK,1777.4410817663857,LDES
2048,Conservative,SN,1006.8383479014998,LDES
2048,Conservative,SR,1182.5272410182777,LDES
2048,Conservative,SV,1097.63197158174,LDES
2048,Conservative,TH,1052.5028195310545,LDES
2048,Conservative,TN,1041.4984471776875,LDES
2048,Conservative,TR,1142.7163159448169,LDES
2048,Conservative,TW,1106.684296254632,LDES
2048,Conservative,UA,1257.548380826451,LDES
2048,Conservative,UG,1140.0450065777572,LDES
2048,Conservative,US,722.6575446352438,LDES
2048,Conservative,UY,1347.4031061805297,LDES
2048,Conservative,UZ,1189.5599346556262,LDES
2048,Conservative,VN,1073.2448868545298,LDES
2048,Conservative,ZA,914.1834676705406,LDES
2048,Conservative,ZM,1105.3152331937858,LDES
2048,Central,AE,890.8099866311438,LDES
2048,Central,AF,917.486425588531,LDES
2048,Central,AR,831.1528059355063,LDES
2048,Central,AT,869.8868320657044,LDES
2048,Central,AU,752.602376531984,LDES
2048,Central,BD,890.5576477734817,LDES
2048,Central,BE,791.7903517024331,LDES
2048,Central,BF,917.6314936851078,LDES
2048,Central,BG,876.8370484169933,LDES
2048,Central,BH,908.1799900973795,LDES
2048,Central,BI,889.7183377925743,LDES
2048,Central,BO,884.1525524407389,LDES
2048,Central,BR,706.7635306787088,LDES
2048,Central,BY,886.0405038548865,LDES
2048,Central,CA,737.998299002325,LDES
2048,Central,CH,1122.4287998783511,LDES
2048,Central,CL,859.456866563755,LDES
2048,Central,CN,626.2431065605701,LDES
2048,Central,CO,896.900315277656,LDES
2048,Central,CR,895.4790242846589,LDES
2048,Central,CU,824.0822622156323,LDES
2048,Central,CV,845.9722444534574,LDES
2048,Central,CZ,1098.1642272954696,LDES
2048,Central,DE,732.3989218842542,LDES
2048,Central,DK,880.8604713292086,LDES
2048,Central,DO,864.5691781318069,LDES
2048,Central,DZ,918.7897460610008,LDES
2048,Central,EC,901.8297515128432,LDES
2048,Central,EE,941.8165883441516,LDES
2048,Central,EG,831.7830403204696,LDES
2048,Central,ES,737.6244464080411,LDES
2048,Central,ET,904.9685300491932,LDES
2048,Central,FI,1120.1305299395028,LDES
2048,Central,FJ,842.2543284631178,LDES
2048,Central,FR,729.4489045506691,LDES
2048,Central,GB,741.1595055232226,LDES
2048,Central,GF,933.6713325274553,LDES
2048,Central,GH,905.5202385526311,LDES
2048,Central,GR,884.9802310081535,LDES
2048,Central,GT,886.8862948608465,LDES
2048,Central,HN,882.4450909312349,LDES
2048,Central,HU,1132.19948198615,LDES
2048,Central,ID,857.5369173505808,LDES
2048,Central,IE,932.377251725105,LDES
2048,Central,IL,921.7308338613913,LDES
2048,Central,IN,771.6584424153026,LDES
2048,Central,IR,1218.6457754635442,LDES
2048,Central,IT,899.945406557235,LDES
2048,Central,JM,869.0157456819923,LDES
2048,Central,JO,823.7598330840041,LDES
2048,Central,JP,886.229093756651,LDES
2048,Central,KE,929.8347903938082,LDES
2048,Central,KH,901.1061364502807,LDES
2048,Central,KR,903.3217962429126,LDES
2048,Central,KW,853.5676902548464,LDES
2048,Central,KZ,897.816107231208,LDES
2048,Central,LC,889.2245065802372,LDES
2048,Central,LK,854.6113595163846,LDES
2048,Central,LY,769.0845446677997,LDES
2048,Central,MA,1337.205996308226,LDES
2048,Central,MG,898.5493154046679,LDES
2048,Central,MM,936.9195724467459,LDES
2048,Central,MN,824.6268494571527,LDES
2048,Central,MR,779.0036256934386,LDES
2048,Central,MU,849.1254042713384,LDES
2048,Central,MX,842.697007112173,LDES
2048,Central,MY,932.9345881872766,LDES
2048,Central,NE,939.0423062749882,LDES
2048,Central,NG,929.4329351547199,LDES
2048,Central,NI,1071.8486950702386,LDES
2048,Central,NL,840.7539663026338,LDES
2048,Central,NO,1188.4794400041724,LDES
2048,Central,NP,907.4816057506293,LDES
2048,Central,NZ,1009.918681925366,LDES
2048,Central,OM,872.0381549134463,LDES
2048,Central,PA,861.6338255274375,LDES
2048,Central,PE,708.1141148251882,LDES
2048,Central,PH,832.3838719809651,LDES
2048,Central,PK,806.910057085695,LDES
2048,Central,PL,837.0200159450935,LDES
2048,Central,PS,916.8812812779279,LDES
2048,Central,PT,895.4099215273062,LDES
2048,Central,PY,815.994318271041,LDES
2048,Central,RO,863.3965038864727,LDES
2048,Central,RU,875.2789565838746,LDES
2048,Central,RW,897.5728489720965,LDES
2048,Central,SA,871.3912560431868,LDES
2048,Central,SE,1101.6720251850486,LDES
2048,Central,SK,1200.1862588221984,LDES
2048,Central,SN,799.9160132373685,LDES
2048,Central,SR,942.0933876797744,LDES
2048,Central,SV,884.7146047452075,LDES
2048,Central,TH,842.9803930179887,LDES
2048,Central,TN,825.7519928520442,LDES
2048,Central,TR,893.871661697305,LDES
2048,Central,TW,878.3197346742694,LDES
2048,Central,UA,971.4382996951999,LDES
2048,Central,UG,921.2184932640168,LDES
2048,Central,US,583.4238500353366,LDES
2048,Central,UY,938.7736629075249,LDES
2048,Central,UZ,930.3359617499952,LDES
2048,Central,VN,850.2050380874078,LDES
2048,Central,ZA,736.8238851386085,LDES
2048,Central,ZM,890.2881972618367,LDES
2048,Optimistic,AE,634.3084134265085,Li-ion
2048,Optimistic,AF,652.0466846284929,Li-ion
2048,Optimistic,AR,676.2775813975343,Li-ion
2048,Optimistic,AT,669.5695225737073,Li-ion
2048,Optimistic,AU,540.0751536634731,Li-ion
2048,Optimistic,BD,648.716175181855,Li-ion
2048,Optimistic,BE,612.754233922751,Li-ion
2048,Optimistic,BF,644.4493900105034,Li-ion
2048,Optimistic,BG,676.4753172769172,Li-ion
2048,Optimistic,BH,664.6497911196633,Li-ion
2048,Optimistic,BI,634.266032365434,Li-ion
2048,Optimistic,BO,644.880925775003,Li-ion
2048,Optimistic,BR,497.12704173547513,Li-ion
2048,Optimistic,BY,747.6002667426033,Li-ion
2048,Optimistic,CA,634.2284224337271,LDES
2048,Optimistic,CH,938.6241200867308,LDES
2048,Optimistic,CL,632.8904528624734,Li-ion
2048,Optimistic,CN,447.15639159497465,Li-ion
2048,Optimistic,CO,625.5297450841961,Li-ion
2048,Optimistic,CR,695.6197306155684,Li-ion
2048,Optimistic,CU,614.4220815094505,Li-ion
2048,Optimistic,CV,669.4218260808251,Li-ion
2048,Optimistic,CZ,920.0446949820889,LDES
2048,Optimistic,DE,561.736293222475,Li-ion
2048,Optimistic,DK,740.1948324875191,LDES
2048,Optimistic,DO,628.5719327487774,Li-ion
2048,Optimistic,DZ,678.0101914730955,Li-ion
2048,Optimistic,EC,626.1141234000319,Li-ion
2048,Optimistic,EE,794.8087209917758,LDES
2048,Optimistic,EG,644.405000521444,Li-ion
2048,Optimistic,ES,559.1202627636428,Li-ion
2048,Optimistic,ET,720.3640121641471,Li-ion
2048,Optimistic,FI,910.2551205228178,LDES
2048,Optimistic,FJ,645.8006652315362,Li-ion
2048,Optimistic,FR,535.3194100333332,Li-ion
2048,Optimistic,GB,606.6030642122823,Li-ion
2048,Optimistic,GF,678.1835217535038,Li-ion
2048,Optimistic,GH,633.9365121529257,Li-ion
2048,Optimistic,GR,671.1839046566795,Li-ion
2048,Optimistic,GT,638.5776985056326,Li-ion
2048,Optimistic,HN,645.5377558068658,Li-ion
2048,Optimistic,HU,946.9375389382785,LDES
2048,Optimistic,ID,608.9630819038208,Li-ion
2048,Optimistic,IE,792.1740138466134,LDES
2048,Optimistic,IL,682.0233289749306,Li-ion
2048,Optimistic,IN,559.8752951336112,Li-ion
2048,Optimistic,IR,1001.3500759012842,LDES
2048,Optimistic,IT,682.3768109754828,Li-ion
2048,Optimistic,JM,638.4822326523986,Li-ion
2048,Optimistic,JO,617.1813629566527,Li-ion
2048,Optimistic,JP,661.0262904044654,Li-ion
2048,Optimistic,KE,678.5704935720078,Li-ion
2048,Optimistic,KH,667.310365631381,Li-ion
2048,Optimistic,KR,680.1126817604815,Li-ion
2048,Optimistic,KW,631.2394072751904,Li-ion
2048,Optimistic,KZ,748.8436540243771,Li-ion
2048,Optimistic,LC,619.8811682453742,Li-ion
2048,Optimistic,LK,615.3321338675144,Li-ion
2048,Optimistic,LY,550.9335739227383,Li-ion
2048,Optimistic,MA,1020.0547184151753,LDES
2048,Optimistic,MG,641.5170808409401,Li-ion
2048,Optimistic,MM,668.3998564104952,Li-ion
2048,Optimistic,MN,647.6461178524289,Li-ion
2048,Optimistic,MR,592.4354904677897,Li-ion
2048,Optimistic,MU,610.1318172937652,Li-ion
2048,Optimistic,MX,612.1542887374035,Li-ion
2048,Optimistic,MY,660.1466780204737,Li-ion
2048,Optimistic,NE,684.1998520293486,Li-ion
2048,Optimistic,NG,647.394180484624,Li-ion
2048,Optimistic,NI,896.6687460309737,LDES
2048,Optimistic,NL,720.1946528655551,LDES
2048,Optimistic,NO,945.8717643809802,LDES
2048,Optimistic,NP,661.1797910187968,Li-ion
2048,Optimistic,NZ,843.146653148145,LDES
2048,Optimistic,OM,611.1649828975474,Li-ion
2048,Optimistic,PA,635.9230305324243,Li-ion
2048,Optimistic,PE,557.2076027962008,Li-ion
2048,Optimistic,PH,603.6141647118153,Li-ion
2048,Optimistic,PK,610.0833644045923,Li-ion
2048,Optimistic,PL,653.7838393750811,Li-ion
2048,Optimistic,PS,682.5728810866491,Li-ion
2048,Optimistic,PT,670.6082029764702,Li-ion
2048,Optimistic,PY,575.1697512261778,Li-ion
2048,Optimistic,RO,690.6950097757273,Li-ion
2048,Optimistic,RU,704.6126074366025,Li-ion
2048,Optimistic,RW,623.710907943614,Li-ion
2048,Optimistic,SA,643.3812910542333,Li-ion
2048,Optimistic,SE,895.524621411535,LDES
2048,Optimistic,SK,988.5261570759963,LDES
2048,Optimistic,SN,582.9836848932293,Li-ion
2048,Optimistic,SR,680.1845174276331,Li-ion
2048,Optimistic,SV,613.4650178835087,Li-ion
2048,Optimistic,TH,597.5901716963946,Li-ion
2048,Optimistic,TN,606.0195013631862,Li-ion
2048,Optimistic,TR,686.0748987241516,Li-ion
2048,Optimistic,TW,642.4054431043082,Li-ion
2048,Optimistic,UA,776.4016245559844,Li-ion
2048,Optimistic,UG,633.1262602806828,Li-ion
2048,Optimistic,US,402.2412524328499,Li-ion
2048,Optimistic,UY,788.9428670407565,LDES
2048,Optimistic,UZ,714.510450031437,Li-ion
2048,Optimistic,VN,625.7427286420941,Li-ion
2048,Optimistic,ZA,510.98358993305385,Li-ion
2048,Optimistic,ZM,618.8393667910182,Li-ion
2049,Conservative,AE,1106.5098499761236,LDES
2049,Conservative,AF,1139.0080658876332,LDES
2049,Conservative,AR,1059.6829958197566,LDES
2049,Conservative,AT,1105.0220402139541,LDES
2049,Conservative,AU,937.6608273268511,LDES
2049,Conservative,BD,1113.1284608200235,LDES
2049,Conservative,BE,1007.6969485930374,LDES
2049,Conservative,BF,1135.4846746455992,LDES
2049,Conservative,BG,1114.603675478486,LDES
2049,Conservative,BH,1136.8903855019994,LDES
2049,Conservative,BI,1105.365307955212,LDES
2049,Conservative,BO,1105.7417961683589,LDES
2049,Conservative,BR,874.800956135888,LDES
2049,Conservative,BY,1157.2670479315461,LDES
2049,Conservative,CA,1011.2552106180625,LDES
2049,Conservative,CH,1605.00861926094,LDES
2049,Conservative,CL,1077.8664434216487,LDES
2049,Conservative,CN,779.4275780241863,LDES
2049,Conservative,CO,1107.9896367548727,LDES
2049,Conservative,CR,1141.3076466855043,LDES
2049,Conservative,CU,1037.5742554727458,LDES
2049,Conservative,CV,1084.1290965386402,LDES
2049,Conservative,CZ,1565.494691462227,LDES
2049,Conservative,DE,929.2937073859393,LDES
2049,Conservative,DK,1250.4079624322917,LDES
2049,Conservative,DO,1080.3600838446935,LDES
2049,Conservative,DZ,1152.9963182705721,LDES
2049,Conservative,EC,1112.0696289977368,LDES
2049,Conservative,EE,1328.5336577645908,LDES
2049,Conservative,EG,1059.2962843462913,LDES
2049,Conservative,ES,933.1967156933083,LDES
2049,Conservative,ET,1161.296979870338,LDES
2049,Conservative,FI,1670.7344063058633,LDES
2049,Conservative,FJ,1068.5068228041505,LDES
2049,Conservative,FR,913.9741540589674,LDES
2049,Conservative,GB,960.3453618776041,LDES
2049,Conservative,GF,1166.0219485422951,LDES
2049,Conservative,GH,1119.6829899698473,LDES
2049,Conservative,GR,1119.1125333179662,LDES
2049,Conservative,GT,1105.352707571834,LDES
2049,Conservative,HN,1104.8573670564012,LDES
2049,Conservative,HU,1618.9190619287358,LDES
2049,Conservative,ID,1064.69416302293,LDES
2049,Conservative,IE,1301.3121577460086,LDES
2049,Conservative,IL,1157.648566759901,LDES
2049,Conservative,IN,964.1399141798643,LDES
2049,Conservative,IR,1797.6085263681064,LDES
2049,Conservative,IT,1137.9578368886703,LDES
2049,Conservative,JM,1089.0963562539177,LDES
2049,Conservative,JO,1038.555955951951,LDES
2049,Conservative,JP,1115.062579607444,LDES
2049,Conservative,KE,1163.3534399229823,LDES
2049,Conservative,KH,1132.2310821780047,LDES
2049,Conservative,KR,1140.1353148653582,LDES
2049,Conservative,KW,1072.1281235316196,LDES
2049,Conservative,KZ,1167.7711239893708,LDES
2049,Conservative,LC,1098.2672095871826,LDES
2049,Conservative,LK,1065.1015946058117,LDES
2049,Conservative,LY,958.2427249406009,LDES
2049,Conservative,MA,2167.2972802086774,LDES
2049,Conservative,MG,1117.6359287853127,LDES
2049,Conservative,MM,1164.375224452866,LDES
2049,Conservative,MN,1053.9396415188362,LDES
2049,Conservative,MR,985.5528962692123,LDES
2049,Conservative,MU,1057.885080168407,LDES
2049,Conservative,MX,1053.5193120489369,LDES
2049,Conservative,MY,1155.8778842544687,LDES
2049,Conservative,NE,1173.1202169978437,LDES
2049,Conservative,NG,1147.7456253949706,LDES
2049,Conservative,NI,1532.9072895863435,LDES
2049,Conservative,NL,1160.284315834137,LDES
2049,Conservative,NO,1824.439094446056,LDES
2049,Conservative,NP,1134.322686425672,LDES
2049,Conservative,NZ,1447.9773134784655,LDES
2049,Conservative,OM,1078.2250301180118,LDES
2049,Conservative,PA,1081.3012184373158,LDES
2049,Conservative,PE,905.9389771844288,LDES
2049,Conservative,PH,1040.5439693698784,LDES
2049,Conservative,PK,1020.3966993848718,LDES
2049,Conservative,PL,1067.8126543592377,LDES
2049,Conservative,PS,1153.5615198214168,LDES
2049,Conservative,PT,1128.88584183796,LDES
2049,Conservative,PY,1010.9779723374431,LDES
2049,Conservative,RO,1109.6584842447696,LDES
2049,Conservative,RU,1126.735635566407,LDES
2049,Conservative,RW,1107.2214448683524,LDES
2049,Conservative,SA,1093.7628673174881,LDES
2049,Conservative,SE,1644.3173046204404,LDES
2049,Conservative,SK,1755.495950456677,LDES
2049,Conservative,SN,1000.6376222389503,LDES
2049,Conservative,SR,1174.3491843400457,LDES
2049,Conservative,SV,1091.3558535907644,LDES
2049,Conservative,TH,1046.0900187402879,LDES
2049,Conservative,TN,1034.9337873156185,LDES
2049,Conservative,TR,1135.0666807049604,LDES
2049,Conservative,TW,1099.4054144200322,LDES
2049,Conservative,UA,1247.6559984729683,LDES
2049,Conservative,UG,1132.64528551264,LDES
2049,Conservative,US,719.2810846772906,LDES
2049,Conservative,UY,1330.8124484654013,LDES
2049,Conservative,UZ,1181.1639980272637,LDES
2049,Conservative,VN,1066.396471833024,LDES
2049,Conservative,ZA,908.8924451050168,LDES
2049,Conservative,ZM,1098.7520222715648,LDES
2049,Central,AE,886.7261520126702,LDES
2049,Central,AF,913.274630433004,LDES
2049,Central,AR,820.3524690777219,LDES
2049,Central,AT,865.2952607897644,LDES
2049,Central,AU,749.7141260639422,LDES
2049,Central,BD,886.2061791502542,LDES
2049,Central,BE,787.7750266807194,LDES
2049,Central,BF,913.5102599308157,LDES
2049,Central,BG,872.117674348214,LDES
2049,Central,BH,903.7758104167267,LDES
2049,Central,BI,885.6237681726545,LDES
2049,Central,BO,879.9017036246939,LDES
2049,Central,BR,703.7470458584849,LDES
2049,Central,BY,880.1979814573643,LDES
2049,Central,CA,732.345901496651,LDES
2049,Central,CH,1110.7520519245527,LDES
2049,Central,CL,855.2074668496712,LDES
2049,Central,CN,624.3168350382978,LDES
2049,Central,CO,893.2347536484771,LDES
2049,Central,CR,890.9514820133721,LDES
2049,Central,CU,820.3452157195647,LDES
2049,Central,CV,841.7530688459472,LDES
2049,Central,CZ,1086.5132015055099,LDES
2049,Central,DE,728.7564411114392,LDES
2049,Central,DK,872.096923789305,LDES
2049,Central,DO,860.5409172598771,LDES
2049,Central,DZ,914.4512012120567,LDES
2049,Central,EC,897.6996740315046,LDES
2049,Central,EE,932.8322802709562,LDES
2049,Central,EG,827.7988017141209,LDES
2049,Central,ES,734.1420656593123,LDES
2049,Central,ET,899.854184864925,LDES
2049,Central,FI,1106.2992179562466,LDES
2049,Central,FJ,837.9315247813803,LDES
2049,Central,FR,725.9777792870409,LDES
2049,Central,GB,737.438231606528,LDES
2049,Central,GF,929.0916144526885,LDES
2049,Central,GH,901.6637092854886,LDES
2049,Central,GR,880.1331735473873,LDES
2049,Central,GT,882.8375926327523,LDES
2049,Central,HN,878.4358316479316,LDES
2049,Central,HU,1120.4862378831856,LDES
2049,Central,ID,853.8555854257683,LDES
2049,Central,IE,923.9616476320817,LDES
2049,Central,IL,917.2902322291068,LDES
2049,Central,IN,768.4258589858111,LDES
2049,Central,IR,1207.7560611060242,LDES
2049,Central,IT,895.0080896210229,LDES
2049,Central,JM,864.7576918967259,LDES
2049,Central,JO,819.8726379628743,LDES
2049,Central,JP,881.4614301446095,LDES
2049,Central,KE,925.6596976464327,LDES
2049,Central,KH,896.9661657896152,LDES
2049,Central,KR,898.7608098346122,LDES
2049,Central,KW,849.6912337529699,LDES
2049,Central,KZ,891.3743849554014,LDES
2049,Central,LC,885.4829516406303,LDES
2049,Central,LK,850.8716865993654,LDES
2049,Central,LY,766.6663116715666,LDES
2049,Central,MA,1314.9854537177855,LDES
2049,Central,MG,894.9479115719587,LDES
2049,Central,MM,932.6223657604777,LDES
2049,Central,MN,819.9913200956036,LDES
2049,Central,MR,774.5457646352975,LDES
2049,Central,MU,845.5010099788587,LDES
2049,Central,MX,839.3217639288957,LDES
2049,Central,MY,927.9587985704558,LDES
2049,Central,NE,933.8233556378425,LDES
2049,Central,NG,925.560220460656,LDES
2049,Central,NI,1061.1898702782842,LDES
2049,Central,NL,834.6819171933171,LDES
2049,Central,NO,1172.1563550600845,LDES
2049,Central,NP,902.9817074984732,LDES
2049,Central,NZ,999.6449725589223,LDES
2049,Central,OM,868.0360437374492,LDES
2049,Central,PA,857.4026529078202,LDES
2049,Central,PE,704.7923499374564,LDES
2049,Central,PH,829.2878422716037,LDES
2049,Central,PK,803.4129473585185,LDES
2049,Central,PL,832.6022096643629,LDES
2049,Central,PS,912.4415682119674,LDES
2049,Central,PT,891.1804072369699,LDES
2049,Central,PY,812.5867725339311,LDES
2049,Central,RO,858.4951293854401,LDES
2049,Central,RU,869.992698920721,LDES
2049,Central,RW,893.5002089834713,LDES
2049,Central,SA,867.3055697437428,LDES
2049,Central,SE,1088.9805290002475,LDES
2049,Central,SK,1186.2537974853692,LDES
2049,Central,SN,796.4102246388593,LDES
2049,Central,SR,937.255143838707,LDES
2049,Central,SV,881.1771627032648,LDES
2049,Central,TH,839.5066207739206,LDES
2049,Central,TN,822.0253853376232,LDES
2049,Central,TR,889.5662788105127,LDES
2049,Central,TW,874.2086110812663,LDES
2049,Central,UA,965.5643619122901,LDES
2049,Central,UG,916.9658362673059,LDES
2049,Central,US,581.8068387257018,LDES
2049,Central,UY,928.8586626365143,LDES
2049,Central,UZ,925.4977569602811,LDES
2049,Central,VN,846.389704051535,LDES
2049,Central,ZA,733.9663721815867,LDES
2049,Central,ZM,886.6099041246431,LDES
2049,Optimistic,AE,613.9268382600984,Li-ion
2049,Optimistic,AF,631.1074578008634,Li-ion
2049,Optimistic,AR,636.4957764918829,Li-ion
2049,Optimistic,AT,647.1621286152387,Li-ion
2049,Optimistic,AU,523.1069608030112,Li-ion
2049,Optimistic,BD,627.4005221302608,Li-ion
2049,Optimistic,BE,592.3663913864189,Li-ion
2049,Optimistic,BF,624.0040931968421,Li-ion
2049,Optimistic,BG,653.9190093881742,Li-ion
2049,Optimistic,BH,643.062574755695,Li-ion
2049,Optimistic,BI,613.6034602591777,Li-ion
2049,Optimistic,BO,623.9501197720265,Li-ion
2049,Optimistic,BR,480.8133824375701,Li-ion
2049,Optimistic,BY,721.5303120265058,Li-ion
2049,Optimistic,CA,629.4244381307217,LDES
2049,Optimistic,CH,928.3644172173223,LDES
2049,Optimistic,CL,612.4485490078639,Li-ion
2049,Optimistic,CN,432.94716680166755,Li-ion
2049,Optimistic,CO,605.789905073204,Li-ion
2049,Optimistic,CR,673.0537167239072,Li-ion
2049,Optimistic,CU,594.4237820252979,Li-ion
2049,Optimistic,CV,647.0127948745833,Li-ion
2049,Optimistic,CZ,909.7622854933123,LDES
2049,Optimistic,DE,542.4510299196653,Li-ion
2049,Optimistic,DK,732.4948222055554,LDES
2049,Optimistic,DO,608.2192295536494,Li-ion
2049,Optimistic,DZ,655.7541092764757,Li-ion
2049,Optimistic,EC,606.0419237096971,Li-ion
2049,Optimistic,EE,786.8128987169672,LDES
2049,Optimistic,EG,623.2277812360918,Li-ion
2049,Optimistic,ES,540.8166488659436,Li-ion
2049,Optimistic,ET,696.1207059729229,Li-ion
2049,Optimistic,FI,898.0146836638529,LDES
2049,Optimistic,FJ,623.707154373473,Li-ion
2049,Optimistic,FR,517.9664906796875,Li-ion
2049,Optimistic,GB,586.9470418648621,Li-ion
2049,Optimistic,GF,655.9092806334447,Li-ion
2049,Optimistic,GH,613.8627140333873,Li-ion
2049,Optimistic,GR,649.011892744104,Li-ion
2049,Optimistic,GT,618.2684996299399,Li-ion
2049,Optimistic,HN,624.7336055143529,Li-ion
2049,Optimistic,HU,936.5575056297572,LDES
2049,Optimistic,ID,589.650149064522,Li-ion
2049,Optimistic,IE,784.7139946041258,LDES
2049,Optimistic,IL,659.8317313564465,Li-ion
2049,Optimistic,IN,542.0190456030659,Li-ion
2049,Optimistic,IR,990.0921936431149,LDES
2049,Optimistic,IT,659.8502095602134,Li-ion
2049,Optimistic,JM,617.7521422002865,Li-ion
2049,Optimistic,JO,597.087788262215,Li-ion
2049,Optimistic,JP,639.0673627572137,Li-ion
2049,Optimistic,KE,656.6055301923708,Li-ion
2049,Optimistic,KH,645.6539109398595,Li-ion
2049,Optimistic,KR,657.679378841361,Li-ion
2049,Optimistic,KW,610.8092057443586,Li-ion
2049,Optimistic,KZ,722.7154732328098,Li-ion
2049,Optimistic,LC,600.3291499117296,Li-ion
2049,Optimistic,LK,595.4474839031003,Li-ion
2049,Optimistic,LY,533.7549379389263,Li-ion
2049,Optimistic,MA,1000.4703853507243,LDES
2049,Optimistic,MG,621.2685377740986,Li-ion
2049,Optimistic,MM,646.8326091837212,Li-ion
2049,Optimistic,MN,626.1710454947269,Li-ion
2049,Optimistic,MR,572.4793030558291,Li-ion
2049,Optimistic,MU,590.7494171390514,Li-ion
2049,Optimistic,MX,592.8385643127625,Li-ion
2049,Optimistic,MY,638.5064406866254,Li-ion
2049,Optimistic,NE,661.4575683406822,Li-ion
2049,Optimistic,NG,627.0633201359053,Li-ion
2049,Optimistic,NI,887.119498646296,LDES
2049,Optimistic,NL,714.5300461455778,LDES
2049,Optimistic,NO,931.4548371458251,LDES
2049,Optimistic,NP,639.5113787843904,Li-ion
2049,Optimistic,NZ,834.204024219598,LDES
2049,Optimistic,OM,591.5411297456587,Li-ion
2049,Optimistic,PA,615.2922643797476,Li-ion
2049,Optimistic,PE,538.3257015426763,Li-ion
2049,Optimistic,PH,585.0265709385753,Li-ion
2049,Optimistic,PK,590.2224820413667,Li-ion
2049,Optimistic,PL,631.3548266465996,Li-ion
2049,Optimistic,PS,660.2121095466591,Li-ion
2049,Optimistic,PT,649.0234185868393,Li-ion
2049,Optimistic,PY,556.8546552875604,Li-ion
2049,Optimistic,RO,667.431999625758,Li-ion
2049,Optimistic,RU,680.5885634562648,Li-ion
2049,Optimistic,RW,603.880893436805,Li-ion
2049,Optimistic,SA,622.3469126117493,Li-ion
2049,Optimistic,SE,884.0534371516691,LDES
2049,Optimistic,SK,976.1954255438442,LDES
2049,Optimistic,SN,564.3961952388502,Li-ion
2049,Optimistic,SR,658.021354442942,Li-ion
2049,Optimistic,SV,594.4197909304005,Li-ion
2049,Optimistic,TH,578.3857256453716,Li-ion
2049,Optimistic,TN,586.5699656209854,Li-ion
2049,Optimistic,TR,663.5052202204246,Li-ion
2049,Optimistic,TW,621.4700074860739,Li-ion
2049,Optimistic,UA,749.9182804351066,Li-ion
2049,Optimistic,UG,612.783688807163,Li-ion
2049,Optimistic,US,390.000392660432,Li-ion
2049,Optimistic,UY,780.532054344728,LDES
2049,Optimistic,UZ,690.7806400417473,Li-ion
2049,Optimistic,VN,605.4552963648955,Li-ion
2049,Optimistic,ZA,494.84891942530925,Li-ion
2049,Optimistic,ZM,599.3553786591041,Li-ion
2050,Conservative,AE,1098.990547165696,LDES
2050,Conservative,AF,1131.5370941792314,LDES
2050,Conservative,AR,1053.2728327677407,LDES
2050,Conservative,AT,1096.955883614184,LDES
2050,Conservative,AU,931.9638143503932,LDES
2050,Conservative,BD,1105.5315887496195,LDES
2050,Conservative,BE,1000.6314974054951,LDES
2050,Conservative,BF,1127.8307609028893,LDES
2050,Conservative,BG,1106.8836568438364,LDES
2050,Conservative,BH,1129.1453353141915,LDES
2050,Conservative,BI,1098.0017975739197,LDES
2050,Conservative,BO,1098.265630745083,LDES
2050,Conservative,BR,869.4233602307471,LDES
2050,Conservative,BY,1146.6967754521947,LDES
2050,Conservative,CA,1002.7124012706303,LDES
2050,Conservative,CH,1586.2848451903685,LDES
2050,Conservative,CL,1070.953222262035,LDES
2050,Conservative,CN,775.4932821111355,LDES
2050,Conservative,CO,1101.372829670229,LDES
2050,Conservative,CR,1133.1769128276467,LDES
2050,Conservative,CU,1030.579678803019,LDES
2050,Conservative,CV,1076.167438265603,LDES
2050,Conservative,CZ,1547.2292518170948,LDES
2050,Conservative,DE,923.803151229153,LDES
2050,Conservative,DK,1236.9177353459258,LDES
2050,Conservative,DO,1073.318036210121,LDES
2050,Conservative,DZ,1145.0010960366758,LDES
2050,Conservative,EC,1105.0829764400244,LDES
2050,Conservative,EE,1314.356751398769,LDES
2050,Conservative,EG,1052.2962337922986,LDES
2050,Conservative,ES,926.6360646528981,LDES
2050,Conservative,ET,1152.3877395314241,LDES
2050,Conservative,FI,1647.85037064115,LDES
2050,Conservative,FJ,1061.3535668745342,LDES
2050,Conservative,FR,908.291004935325,LDES
2050,Conservative,GB,952.8858416595257,LDES
2050,Conservative,GF,1158.2086154362848,LDES
2050,Conservative,GH,1112.9119671043052,LDES
2050,Conservative,GR,1110.8740790393863,LDES
2050,Conservative,GT,1098.0842616340624,LDES
2050,Conservative,HN,1097.8020301642114,LDES
2050,Conservative,HU,1600.382748025233,LDES
2050,Conservative,ID,1058.3043987847716,LDES
2050,Conservative,IE,1268.0002593409238,LDES
2050,Conservative,IL,1149.9010931127068,LDES
2050,Conservative,IN,958.1748269517715,LDES
2050,Conservative,IR,1770.6866942029421,LDES
2050,Conservative,IT,1129.6682604489604,LDES
2050,Conservative,JM,1082.0249513614508,LDES
2050,Conservative,JO,1031.8826534396087,LDES
2050,Conservative,JP,1107.2858587888752,LDES
2050,Conservative,KE,1155.4170760654351,LDES
2050,Conservative,KH,1124.7890458410377,LDES
2050,Conservative,KR,1132.0946638276087,LDES
2050,Conservative,KW,1065.4541402768539,LDES
2050,Conservative,KZ,1162.0207334610086,LDES
2050,Conservative,LC,1091.7638726204405,LDES
2050,Conservative,LK,1058.606122037208,LDES
2050,Conservative,LY,952.8912712195004,LDES
2050,Conservative,MA,2133.3039567809433,LDES
2050,Conservative,MG,1110.835290136497,LDES
2050,Conservative,MM,1156.6570319288667,LDES
2050,Conservative,MN,1046.5139184457678,LDES
2050,Conservative,MR,978.7318640624064,LDES
2050,Conservative,MU,1051.2576988753488,LDES
2050,Conservative,MX,1047.29630760515,LDES
2050,Conservative,MY,1147.6051828006453,LDES
2050,Conservative,NE,1164.7724494458923,LDES
2050,Conservative,NG,1140.7395244464024,LDES
2050,Conservative,NI,1515.6980904947156,LDES
2050,Conservative,NL,1146.3916366527649,LDES
2050,Conservative,NO,1796.7833151354741,LDES
2050,Conservative,NP,1126.5028959723743,LDES
2050,Conservative,NZ,1429.0049651600236,LDES
2050,Conservative,OM,1071.478077438741,LDES
2050,Conservative,PA,1074.00435846367,LDES
2050,Conservative,PE,892.8180002857848,LDES
2050,Conservative,PH,1034.3026412828087,LDES
2050,Conservative,PK,1013.3357991071371,LDES
2050,Conservative,PL,1060.118755280574,LDES
2050,Conservative,PS,1145.5559730218324,LDES
2050,Conservative,PT,1121.2435149860614,LDES
2050,Conservative,PY,1005.2640366824753,LDES
2050,Conservative,RO,1101.3326273966936,LDES
2050,Conservative,RU,1117.6602958849614,LDES
2050,Conservative,RW,1100.2787547193777,LDES
2050,Conservative,SA,1086.5109084614983,LDES
2050,Conservative,SE,1624.526933084565,LDES
2050,Conservative,SK,1733.5888175666257,LDES
2050,Conservative,SN,994.4594724736962,LDES
2050,Conservative,SR,1166.4149644914482,LDES
2050,Conservative,SV,1085.2233944515524,LDES
2050,Conservative,TH,1039.5307176938381,LDES
2050,Conservative,TN,1027.6665419402948,LDES
2050,Conservative,TR,1126.9107699347414,LDES
2050,Conservative,TW,1092.3696292504485,LDES
2050,Conservative,UA,1237.6198063530442,LDES
2050,Conservative,UG,1125.736937244148,LDES
2050,Conservative,US,716.0632646557003,LDES
2050,Conservative,UY,1316.3734960141749,LDES
2050,Conservative,UZ,1172.5349783139548,LDES
2050,Conservative,VN,1059.8737255289127,LDES
2050,Conservative,ZA,903.534255584967,LDES
2050,Conservative,ZM,1092.0676052564459,LDES
2050,Central,AE,882.2723262279201,LDES
2050,Central,AF,908.8799644915682,LDES
2050,Central,AR,815.9926957908019,LDES
2050,Central,AT,860.5437508818544,LDES
2050,Central,AU,746.4757476364651,LDES
2050,Central,BD,881.8439288878063,LDES
2050,Central,BE,783.712709274311,LDES
2050,Central,BF,908.877066420194,LDES
2050,Central,BG,867.6073209414916,LDES
2050,Central,BH,899.2520924572925,LDES
2050,Central,BI,881.4473405072102,LDES
2050,Central,BO,875.5454184438552,LDES
2050,Central,BR,700.8580875743547,LDES
2050,Central,BY,873.7972343859947,LDES
2050,Central,CA,727.3329183948536,LDES
2050,Central,CH,1099.0553241111245,LDES
2050,Central,CL,851.2705374630907,LDES
2050,Central,CN,622.5108708361697,LDES
2050,Central,CO,889.555485115873,LDES
2050,Central,CR,886.3545505841087,LDES
2050,Central,CU,816.3341870256027,LDES
2050,Central,CV,837.143310422828,LDES
2050,Central,CZ,1075.0386174460702,LDES
2050,Central,DE,725.7269805015097,LDES
2050,Central,DK,863.732864508237,LDES
2050,Central,DO,856.4339584737161,LDES
2050,Central,DZ,909.852842747151,LDES
2050,Central,EC,893.7736072467458,LDES
2050,Central,EE,923.8941017641312,LDES
2050,Central,EG,823.890592262745,LDES
2050,Central,ES,730.289856538177,LDES
2050,Central,ET,894.4934642875621,LDES
2050,Central,FI,1091.9570029132017,LDES
2050,Central,FJ,833.910104466598,LDES
2050,Central,FR,722.6993545448074,LDES
2050,Central,GB,733.0562218548238,LDES
2050,Central,GF,924.5191645623195,LDES
2050,Central,GH,897.8768922358856,LDES
2050,Central,GR,875.2074721550582,LDES
2050,Central,GT,878.68154313521,LDES
2050,Central,HN,874.3966465421913,LDES
2050,Central,HU,1108.7823101654208,LDES
2050,Central,ID,850.2898794442567,LDES
2050,Central,IE,906.9598845909247,LDES
2050,Central,IL,912.8422865000181,LDES
2050,Central,IN,765.0793422469019,LDES
2050,Central,IR,1190.6785842109332,LDES
2050,Central,IT,890.0514335733808,LDES
2050,Central,JM,860.6092888295746,LDES
2050,Central,JO,816.2538435012423,LDES
2050,Central,JP,876.9493747752168,LDES
2050,Central,KE,920.9864558780814,LDES
2050,Central,KH,892.7807132642258,LDES
2050,Central,KR,894.0957234275006,LDES
2050,Central,KW,846.0164878494155,LDES
2050,Central,KZ,887.0031459018201,LDES
2050,Central,LC,881.8733314188161,LDES
2050,Central,LK,847.3278726990467,LDES
2050,Central,LY,763.8817130080268,LDES
2050,Central,MA,1293.0647175008241,LDES
2050,Central,MG,891.0868319720231,LDES
2050,Central,MM,928.1642104596228,LDES
2050,Central,MN,815.9256588055736,LDES
2050,Central,MR,770.6611102931423,LDES
2050,Central,MU,841.7097777576339,LDES
2050,Central,MX,835.8581269384168,LDES
2050,Central,MY,923.0268443653098,LDES
2050,Central,NE,928.9944446432576,LDES
2050,Central,NG,921.5390184981966,LDES
2050,Central,NI,1050.2852413328949,LDES
2050,Central,NL,826.7078058617544,LDES
2050,Central,NO,1155.2652015186254,LDES
2050,Central,NP,898.4660843447597,LDES
2050,Central,NZ,988.3775455881952,LDES
2050,Central,OM,864.2692182437728,LDES
2050,Central,PA,853.1486771775699,LDES
2050,Central,PE,698.335817355711,LDES
2050,Central,PH,825.7501873789442,LDES
2050,Central,PK,799.3011275589499,LDES
2050,Central,PL,828.1769780575717,LDES
2050,Central,PS,907.7965526580737,LDES
2050,Central,PT,886.6373929620313,LDES
2050,Central,PY,809.546993542623,LDES
2050,Central,RO,853.6231366151673,LDES
2050,Central,RU,864.5145067083417,LDES
2050,Central,RW,889.5262010437303,LDES
2050,Central,SA,863.2354747579557,LDES
2050,Central,SE,1076.0996358492514,LDES
2050,Central,SK,1172.3594685998469,LDES
2050,Central,SN,792.8128209391666,LDES
2050,Central,SR,932.6607240452174,LDES
2050,Central,SV,877.7895347159446,LDES
2050,Central,TH,835.8794593661925,LDES
2050,Central,TN,817.6054037896405,LDES
2050,Central,TR,884.7577731652,LDES
2050,Central,TW,870.2016799417199,LDES
2050,Central,UA,959.5453553926926,LDES
2050,Central,UG,908.8233381652979,Li-ion
2050,Central,US,579.7120647463622,Li-ion
2050,Central,UY,919.8831253783134,LDES
2050,Central,UZ,920.427669117124,LDES
2050,Central,VN,842.7705695478282,LDES
2050,Central,ZA,731.0266327933568,LDES
2050,Central,ZM,882.7937416023508,LDES
2050,Optimistic,AE,593.4936429588847,Li-ion
2050,Optimistic,AF,610.293574024305,Li-ion
2050,Optimistic,AR,616.7237104218807,Li-ion
2050,Optimistic,AT,624.9516742205973,Li-ion
2050,Optimistic,AU,506.05905676475084,Li-ion
2050,Optimistic,BD,606.227686412584,Li-ion
2050,Optimistic,BE,572.1256127564193,Li-ion
2050,Optimistic,BF,603.4760855645119,Li-ion
2050,Optimistic,BG,631.7816258815332,Li-ion
2050,Optimistic,BH,621.4895465403309,Li-ion
2050,Optimistic,BI,593.0102559695293,Li-ion
2050,Optimistic,BO,603.0577931038881,Li-ion
2050,Optimistic,BR,464.8486389357923,Li-ion
2050,Optimistic,BY,695.0364579189367,Li-ion
2050,Optimistic,CA,625.0491104695652,LDES
2050,Optimistic,CH,918.0843591388337,LDES
2050,Optimistic,CL,592.1128713991899,Li-ion
2050,Optimistic,CN,418.88614578333824,Li-ion
2050,Optimistic,CO,586.0789767068445,Li-ion
2050,Optimistic,CR,649.8061464429949,Li-ion
2050,Optimistic,CU,574.3995518772067,Li-ion
2050,Optimistic,CV,624.5985881854735,Li-ion
2050,Optimistic,CZ,899.6535246796899,LDES
2050,Optimistic,DE,524.6536458073942,Li-ion
2050,Optimistic,DK,725.1213410542383,LDES
2050,Optimistic,DO,588.100310255597,Li-ion
2050,Optimistic,DZ,633.5003369390514,Li-ion
2050,Optimistic,EC,586.0742572336351,Li-ion
2050,Optimistic,EE,778.8651176141226,LDES
2050,Optimistic,EG,602.1304517790267,Li-ion
2050,Optimistic,ES,522.4756705598883,Li-ion
2050,Optimistic,ET,671.9810538071278,Li-ion
2050,Optimistic,FI,885.4823234713923,LDES
2050,Optimistic,FJ,602.5691772236073,Li-ion
2050,Optimistic,FR,501.0058651531066,Li-ion
2050,Optimistic,GB,566.3113000491344,Li-ion
2050,Optimistic,GF,634.0497849979937,Li-ion
2050,Optimistic,GH,593.8370742079078,Li-ion
2050,Optimistic,GR,626.8134646060843,Li-ion
2050,Optimistic,GT,597.6430082054819,Li-ion
2050,Optimistic,HN,604.0656158052986,Li-ion
2050,Optimistic,HU,926.1878618174904,LDES
2050,Optimistic,ID,570.419197524243,Li-ion
2050,Optimistic,IE,772.8591739694966,LDES
2050,Optimistic,IL,637.6763778818868,Li-ion
2050,Optimistic,IN,524.1649013347895,Li-ion
2050,Optimistic,IR,975.2470004996155,LDES
2050,Optimistic,IT,637.3583851089469,Li-ion
2050,Optimistic,JM,597.3623845475786,Li-ion
2050,Optimistic,JO,576.9280820799206,Li-ion
2050,Optimistic,JP,617.3865740187962,Li-ion
2050,Optimistic,KE,634.6349077079707,Li-ion
2050,Optimistic,KH,623.955500421829,Li-ion
2050,Optimistic,KR,635.2723328848673,Li-ion
2050,Optimistic,KW,590.503069907922,Li-ion
2050,Optimistic,KZ,701.8476582383413,Li-ion
2050,Optimistic,LC,580.8380528047811,Li-ion
2050,Optimistic,LK,575.773421828615,Li-ion
2050,Optimistic,LY,516.3798711664587,Li-ion
2050,Optimistic,MA,980.9758571967801,LDES
2050,Optimistic,MG,601.0153775059758,Li-ion
2050,Optimistic,MM,625.2883496033087,Li-ion
2050,Optimistic,MN,604.391302319949,Li-ion
2050,Optimistic,MR,552.9606733193411,Li-ion
2050,Optimistic,MU,571.3493721105888,Li-ion
2050,Optimistic,MX,573.5381653590254,Li-ion
2050,Optimistic,MY,616.9499879965235,Li-ion
2050,Optimistic,NE,638.8811680871637,Li-ion
2050,Optimistic,NG,606.7229662179255,Li-ion
2050,Optimistic,NI,877.4176116442185,LDES
2050,Optimistic,NL,707.9680972822366,LDES
2050,Optimistic,NO,916.9870450323671,LDES
2050,Optimistic,NP,617.8990924119679,Li-ion
2050,Optimistic,NZ,824.715932604373,LDES
2050,Optimistic,OM,572.0193599739241,Li-ion
2050,Optimistic,PA,594.6862073632196,Li-ion
2050,Optimistic,PE,511.99716476997475,Li-ion
2050,Optimistic,PH,565.9971633813385,Li-ion
2050,Optimistic,PK,570.2548769371336,Li-ion
2050,Optimistic,PL,609.5847132315303,Li-ion
2050,Optimistic,PS,637.8531547001717,Li-ion
2050,Optimistic,PT,627.3823043773899,Li-ion
2050,Optimistic,PY,538.7976483473959,Li-ion
2050,Optimistic,RO,644.220192730011,Li-ion
2050,Optimistic,RU,656.6287726190064,Li-ion
2050,Optimistic,RW,584.1125759366031,Li-ion
2050,Optimistic,SA,601.3648355625454,Li-ion
2050,Optimistic,SE,872.3980683047065,LDES
2050,Optimistic,SK,963.9028532693288,LDES
2050,Optimistic,SN,546.0214736019971,Li-ion
2050,Optimistic,SR,635.9646536766782,Li-ion
2050,Optimistic,SV,575.4154049194285,Li-ion
2050,Optimistic,TH,559.2096165849596,Li-ion
2050,Optimistic,TN,566.9778497442597,Li-ion
2050,Optimistic,TR,640.8591585335208,Li-ion
2050,Optimistic,TW,600.8626967268693,Li-ion
2050,Optimistic,UA,723.473475287761,Li-ion
2050,Optimistic,UG,592.8384704204872,Li-ion
2050,Optimistic,US,377.94223402281204,Li-ion
2050,Optimistic,UY,772.6152734278505,LDES
2050,Optimistic,UZ,667.0488444445215,Li-ion
2050,Optimistic,VN,585.4901190033795,Li-ion
2050,Optimistic,ZA,478.7588929576475,Li-ion
2050,Optimistic,ZM,579.9059404945158,Li-ion
