year,perturbation,storage_scenario,fleet_model,global_storage_bill_busd,ldes_energy_share,fleet_gw,lambda_inf
2025,P0_baseline,Conservative,frozen,61.01122455413435,1.0,82.3,0.13
2025,P0_baseline,Conservative,growing_low,61.01122455413435,1.0,82.3,0.13
2025,P0_baseline,Conservative,growing_central,61.01122455413435,1.0,82.3,0.13
2025,P0_baseline,Conservative,growing_high,71.76046824836217,1.0,96.8,0.13
2025,P0_baseline,Central,frozen,48.52189784881941,1.0,82.3,0.13
2025,P0_baseline,Central,growing_low,48.52189784881941,1.0,82.3,0.13
2025,P0_baseline,Central,growing_central,48.52189784881941,1.0,82.3,0.13
2025,P0_baseline,Central,growing_high,57.070713387189784,1.0,96.8,0.13
2025,P0_baseline,Optimistic,frozen,42.27723449616193,1.0,82.3,0.13
2025,P0_baseline,Optimistic,growing_low,42.27723449616193,1.0,82.3,0.13
2025,P0_baseline,Optimistic,growing_central,42.27723449616193,1.0,82.3,0.13
2025,P0_baseline,Optimistic,growing_high,49.72583595660359,1.0,96.8,0.13
2025,P1_flatten,Conservative,frozen,59.65676489110135,1.0,82.3,0.13
2025,P1_flatten,Conservative,growing_low,59.65676489110135,1.0,82.3,0.13
2025,P1_flatten,Conservative,growing_central,59.65676489110135,1.0,82.3,0.13
2025,P1_flatten,Conservative,growing_high,70.16737352926626,1.0,96.8,0.13
2025,P1_flatten,Central,frozen,47.01220017222181,1.0,82.3,0.13
2025,P1_flatten,Central,growing_low,47.01220017222181,1.0,82.3,0.13
2025,P1_flatten,Central,growing_central,47.01220017222181,1.0,82.3,0.13
2025,P1_flatten,Central,growing_high,55.29503009320865,1.0,96.8,0.13
2025,P1_flatten,Optimistic,frozen,40.68991781278203,1.0,82.3,0.13
2025,P1_flatten,Optimistic,growing_low,40.68991781278203,1.0,82.3,0.13
2025,P1_flatten,Optimistic,growing_central,40.68991781278203,1.0,82.3,0.13
2025,P1_flatten,Optimistic,growing_high,47.85885837517984,1.0,96.8,0.13
2025,P2_sharpen,Conservative,frozen,60.957957381917595,1.0,82.3,0.13
2025,P2_sharpen,Conservative,growing_low,60.957957381917595,1.0,82.3,0.13
2025,P2_sharpen,Conservative,growing_central,60.957957381917595,1.0,82.3,0.13
2025,P2_sharpen,Conservative,growing_high,71.6978162159128,1.0,96.8,0.13
2025,P2_sharpen,Central,frozen,48.727882971539,1.0,82.3,0.13
2025,P2_sharpen,Central,growing_low,48.727882971539,1.0,82.3,0.13
2025,P2_sharpen,Central,growing_central,48.727882971539,1.0,82.3,0.13
2025,P2_sharpen,Central,growing_high,57.31298993493288,1.0,96.8,0.13
2025,P2_sharpen,Optimistic,frozen,42.61284576634972,1.0,82.3,0.13
2025,P2_sharpen,Optimistic,growing_low,42.61284576634972,1.0,82.3,0.13
2025,P2_sharpen,Optimistic,growing_central,42.61284576634972,1.0,82.3,0.13
2025,P2_sharpen,Optimistic,growing_high,50.12057679444293,1.0,96.8,0.13
2025,P2_emp,Conservative,frozen,60.07699604580078,1.0,82.3,0.13
2025,P2_emp,Conservative,growing_low,60.07699604580078,1.0,82.3,0.13
2025,P2_emp,Conservative,growing_central,60.07699604580078,1.0,82.3,0.13
2025,P2_emp,Conservative,growing_high,70.66164297975111,1.0,96.8,0.13
2025,P2_emp,Central,frozen,47.517501887511926,1.0,82.3,0.13
2025,P2_emp,Central,growing_low,47.517501887511926,1.0,82.3,0.13
2025,P2_emp,Central,growing_central,47.517501887511926,1.0,82.3,0.13
2025,P2_emp,Central,growing_high,55.88935823464344,1.0,96.8,0.13
2025,P2_emp,Optimistic,frozen,41.23775480836751,1.0,82.3,0.13
2025,P2_emp,Optimistic,growing_low,41.23775480836751,1.0,82.3,0.13
2025,P2_emp,Optimistic,growing_central,41.23775480836751,1.0,82.3,0.13
2025,P2_emp,Optimistic,growing_high,48.503215862089625,1.0,96.8,0.13
2025,P3_burst,Conservative,frozen,61.75178674295265,1.0,82.3,0.13
2025,P3_burst,Conservative,growing_low,61.75178674295265,1.0,82.3,0.13
2025,P3_burst,Conservative,growing_central,61.75178674295265,1.0,82.3,0.13
2025,P3_burst,Conservative,growing_high,72.63150615696011,1.0,96.8,0.13
2025,P3_burst,Central,frozen,48.82341321292457,1.0,82.3,0.13
2025,P3_burst,Central,growing_low,48.82341321292457,1.0,82.3,0.13
2025,P3_burst,Central,growing_central,48.82341321292457,1.0,82.3,0.13
2025,P3_burst,Central,growing_high,57.42535114229768,1.0,96.8,0.13
2025,P3_burst,Optimistic,frozen,42.35922644791054,1.0,82.3,0.13
2025,P3_burst,Optimistic,growing_low,42.35922644791054,1.0,82.3,0.13
2025,P3_burst,Optimistic,growing_central,42.35922644791054,1.0,82.3,0.13
2025,P3_burst,Optimistic,growing_high,49.82227363496647,1.0,96.8,0.13
2025,P_mix,Conservative,frozen,60.673010439730774,1.0,82.3,0.13
2025,P_mix,Conservative,growing_low,60.673010439730774,1.0,82.3,0.13
2025,P_mix,Conservative,growing_central,60.673010439730774,1.0,82.3,0.13
2025,P_mix,Conservative,growing_high,71.36266598500534,1.0,96.8,0.13
2025,P_mix,Central,frozen,48.31085616624111,1.0,82.3,0.13
2025,P_mix,Central,growing_low,48.31085616624111,1.0,82.3,0.13
2025,P_mix,Central,growing_central,48.31085616624111,1.0,82.3,0.13
2025,P_mix,Central,growing_high,56.82248939115602,1.0,96.8,0.13
2025,P_mix,Optimistic,frozen,42.12977902949625,1.0,82.3,0.13
2025,P_mix,Optimistic,growing_low,42.12977902949625,1.0,82.3,0.13
2025,P_mix,Optimistic,growing_central,42.12977902949625,1.0,82.3,0.13
2025,P_mix,Optimistic,growing_high,49.552401094231314,1.0,96.8,0.13
2026,P0_baseline,Conservative,frozen,78.7833680816486,1.0,109.63999999999999,0.1656
2026,P0_baseline,Conservative,growing_low,71.885152707845,1.0,100.03999999999999,0.1656
2026,P0_baseline,Conservative,growing_central,78.7833680816486,1.0,109.63999999999999,0.1656
2026,P0_baseline,Conservative,growing_high,98.4720244610464,1.0,137.04,0.1656
2026,P0_baseline,Central,frozen,61.729139351757986,1.0,109.63999999999999,0.1656
2026,P0_baseline,Central,growing_low,56.32418005061902,1.0,100.03999999999999,0.1656
2026,P0_baseline,Central,growing_central,61.729139351757986,1.0,109.63999999999999,0.1656
2026,P0_baseline,Central,growing_high,77.15579402375882,1.0,137.04,0.1656
2026,P0_baseline,Optimistic,frozen,53.825960184247684,1.0,109.63999999999999,0.1656
2026,P0_baseline,Optimistic,growing_low,49.11299759970939,1.0,100.03999999999999,0.1656
2026,P0_baseline,Optimistic,growing_central,53.825960184247684,1.0,109.63999999999999,0.1656
2026,P0_baseline,Optimistic,growing_high,67.27754089428404,1.0,137.04,0.1656
2026,P1_flatten,Conservative,frozen,76.04538366327344,1.0,109.63999999999999,0.1656
2026,P1_flatten,Conservative,growing_low,69.38690424729911,1.0,100.03999999999999,0.1656
2026,P1_flatten,Conservative,growing_central,76.04538366327344,1.0,109.63999999999999,0.1656
2026,P1_flatten,Conservative,growing_high,95.04979366303351,1.0,137.04,0.1656
2026,P1_flatten,Central,frozen,58.899719318585284,1.0,109.63999999999999,0.1656
2026,P1_flatten,Central,growing_low,53.74250201232462,1.0,100.03999999999999,0.1656
2026,P1_flatten,Central,growing_central,58.899719318585284,1.0,109.63999999999999,0.1656
2026,P1_flatten,Central,growing_high,73.61927704687092,1.0,137.04,0.1656
2026,P1_flatten,Optimistic,frozen,50.95416754909565,1.0,109.63999999999999,0.1656
2026,P1_flatten,Optimistic,growing_low,46.49265707416572,1.0,100.03999999999999,0.1656
2026,P1_flatten,Optimistic,growing_central,50.95416754909565,1.0,109.63999999999999,0.1656
2026,P1_flatten,Optimistic,growing_high,63.68806202962486,1.0,137.04,0.1656
2026,P2_sharpen,Conservative,frozen,79.07457108011826,1.0,109.63999999999999,0.1656
2026,P2_sharpen,Conservative,growing_low,72.15085817999844,1.0,100.03999999999999,0.1656
2026,P2_sharpen,Conservative,growing_central,79.07457108011826,1.0,109.63999999999999,0.1656
2026,P2_sharpen,Conservative,growing_high,98.8360016492102,1.0,137.04,0.1656
2026,P2_sharpen,Central,frozen,62.426857185884586,1.0,109.63999999999999,0.1656
2026,P2_sharpen,Central,growing_low,56.96080621010483,1.0,100.03999999999999,0.1656
2026,P2_sharpen,Central,growing_central,62.426857185884586,1.0,109.63999999999999,0.1656
2026,P2_sharpen,Central,growing_high,78.02787767925597,1.0,137.04,0.1656
2026,P2_sharpen,Optimistic,frozen,54.712062942215304,1.0,109.63999999999999,0.1656
2026,P2_sharpen,Optimistic,growing_low,49.92151383381265,1.0,100.03999999999999,0.1656
2026,P2_sharpen,Optimistic,growing_central,54.712062942215304,1.0,109.63999999999999,0.1656
2026,P2_sharpen,Optimistic,growing_high,68.38508852244789,1.0,137.04,0.1656
2026,P2_emp,Conservative,frozen,77.17490246146636,1.0,109.63999999999999,0.1656
2026,P2_emp,Conservative,growing_low,70.41752318720442,1.0,100.03999999999999,0.1656
2026,P2_emp,Conservative,growing_central,77.17490246146636,1.0,109.63999999999999,0.1656
2026,P2_emp,Conservative,growing_high,96.46158914008893,1.0,137.04,0.1656
2026,P2_emp,Central,frozen,60.03887077272743,1.0,109.63999999999999,0.1656
2026,P2_emp,Central,growing_low,54.78191017971225,1.0,100.03999999999999,0.1656
2026,P2_emp,Central,growing_central,60.03887077272743,1.0,109.63999999999999,0.1656
2026,P2_emp,Central,growing_high,75.04311246529157,1.0,137.04,0.1656
2026,P2_emp,Optimistic,frozen,52.09778291697034,1.0,109.63999999999999,0.1656
2026,P2_emp,Optimistic,growing_low,47.53613829819147,1.0,100.03999999999999,0.1656
2026,P2_emp,Optimistic,growing_central,52.09778291697034,1.0,109.63999999999999,0.1656
2026,P2_emp,Optimistic,growing_high,65.11747693306837,1.0,137.04,0.1656
2026,P3_burst,Conservative,frozen,80.01541835793095,1.0,109.63999999999999,0.1656
2026,P3_burst,Conservative,growing_low,73.00932554293516,1.0,100.03999999999999,0.1656
2026,P3_burst,Conservative,growing_central,80.01541835793095,1.0,109.63999999999999,0.1656
2026,P3_burst,Conservative,growing_high,100.01197493406475,1.0,137.04,0.1656
2026,P3_burst,Central,frozen,62.17993355422536,1.0,109.63999999999999,0.1656
2026,P3_burst,Central,growing_low,56.73550303506662,1.0,100.03999999999999,0.1656
2026,P3_burst,Central,growing_central,62.17993355422536,1.0,109.63999999999999,0.1656
2026,P3_burst,Central,growing_high,77.71924566099092,1.0,137.04,0.1656
2026,P3_burst,Optimistic,frozen,53.91470888909352,1.0,109.63999999999999,0.1656
2026,P3_burst,Optimistic,growing_low,49.19397553142024,1.0,100.03999999999999,0.1656
2026,P3_burst,Optimistic,growing_central,53.91470888909352,1.0,109.63999999999999,0.1656
2026,P3_burst,Optimistic,growing_high,67.388468680786,1.0,137.04,0.1656
2026,P_mix,Conservative,frozen,78.38712012258995,1.0,109.63999999999999,0.1656
2026,P_mix,Conservative,growing_low,71.52359993673748,1.0,100.03999999999999,0.1656
2026,P_mix,Conservative,growing_central,78.38712012258995,1.0,109.63999999999999,0.1656
2026,P_mix,Conservative,growing_high,97.97675065304385,1.0,137.04,0.1656
2026,P_mix,Central,frozen,61.556322455129475,1.0,109.63999999999999,0.1656
2026,P_mix,Central,growing_low,56.16649487788355,1.0,100.03999999999999,0.1656
2026,P_mix,Central,growing_central,61.556322455129475,1.0,109.63999999999999,0.1656
2026,P_mix,Central,growing_high,76.93978866518556,1.0,137.04,0.1656
2026,P_mix,Optimistic,frozen,53.75668451167216,1.0,109.63999999999999,0.1656
2026,P_mix,Optimistic,growing_low,49.049787655487805,1.0,100.03999999999999,0.1656
2026,P_mix,Optimistic,growing_central,53.75668451167216,1.0,109.63999999999999,0.1656
2026,P_mix,Optimistic,growing_high,67.1909526220317,1.0,137.04,0.1656
2027,P0_baseline,Conservative,frozen,95.31082804127713,1.0,136.98,0.2012
2027,P0_baseline,Conservative,growing_low,81.951447851523,1.0,117.78,0.2012
2027,P0_baseline,Conservative,growing_central,95.31082804127713,1.0,136.98,0.2012
2027,P0_baseline,Conservative,growing_high,123.35161041872978,1.0,177.27999999999997,0.2012
2027,P0_baseline,Central,frozen,73.48425002549656,1.0,136.98,0.2012
2027,P0_baseline,Central,growing_low,63.18422374071387,1.0,117.78,0.2012
2027,P0_baseline,Central,growing_central,73.48425002549656,1.0,136.98,0.2012
2027,P0_baseline,Central,growing_high,95.10357602949358,1.0,177.27999999999997,0.2012
2027,P0_baseline,Optimistic,frozen,64.13000230444773,1.0,136.98,0.2012
2027,P0_baseline,Optimistic,growing_low,55.14112769322422,1.0,117.78,0.2012
2027,P0_baseline,Optimistic,growing_central,64.13000230444773,1.0,136.98,0.2012
2027,P0_baseline,Optimistic,growing_high,82.99727557696373,1.0,177.27999999999997,0.2012
2027,P1_flatten,Conservative,frozen,91.21699718603358,1.0,136.98,0.2012
2027,P1_flatten,Conservative,growing_low,78.43143472456589,1.0,117.78,0.2012
2027,P1_flatten,Conservative,growing_central,91.21699718603358,1.0,136.98,0.2012
2027,P1_flatten,Conservative,growing_high,118.05336006088503,1.0,177.27999999999997,0.2012
2027,P1_flatten,Central,frozen,69.25651949815435,1.0,136.98,0.2012
2027,P1_flatten,Central,growing_low,59.54907918303853,1.0,117.78,0.2012
2027,P1_flatten,Central,growing_central,69.25651949815435,1.0,136.98,0.2012
2027,P1_flatten,Central,growing_high,89.6320322429026,1.0,177.27999999999997,0.2012
2027,P1_flatten,Optimistic,frozen,59.84488620334895,1.0,136.98,0.2012
2027,P1_flatten,Optimistic,growing_low,51.456641093812514,1.0,117.78,0.2012
2027,P1_flatten,Optimistic,growing_central,59.84488620334895,1.0,136.98,0.2012
2027,P1_flatten,Optimistic,growing_high,77.45146317805299,1.0,177.27999999999997,0.2012
2027,P2_sharpen,Conservative,frozen,95.82761290065413,1.0,136.98,0.2012
2027,P2_sharpen,Conservative,growing_low,82.39579681295841,1.0,117.78,0.2012
2027,P2_sharpen,Conservative,growing_central,95.82761290065413,1.0,136.98,0.2012
2027,P2_sharpen,Conservative,growing_high,124.02043520972376,1.0,177.27999999999997,0.2012
2027,P2_sharpen,Central,frozen,74.72722779706709,1.0,136.98,0.2012
2027,P2_sharpen,Central,growing_low,64.25297773352725,1.0,117.78,0.2012
2027,P2_sharpen,Central,growing_central,74.72722779706709,1.0,136.98,0.2012
2027,P2_sharpen,Central,growing_high,96.71224225335122,1.0,177.27999999999997,0.2012
2027,P2_sharpen,Optimistic,frozen,65.68420560981555,1.0,136.98,0.2012
2027,P2_sharpen,Optimistic,growing_low,56.477483842342494,1.0,117.78,0.2012
2027,P2_sharpen,Optimistic,growing_central,65.68420560981555,1.0,136.98,0.2012
2027,P2_sharpen,Optimistic,growing_high,85.00873098633448,1.0,177.27999999999997,0.2012
2027,P2_emp,Conservative,frozen,92.47428951946377,1.0,136.98,0.2012
2027,P2_emp,Conservative,growing_low,79.5124968579533,1.0,117.78,0.2012
2027,P2_emp,Conservative,growing_central,92.47428951946377,1.0,136.98,0.2012
2027,P2_emp,Conservative,growing_high,119.68055224127998,1.0,177.27999999999997,0.2012
2027,P2_emp,Central,frozen,70.71037197622526,1.0,136.98,0.2012
2027,P2_emp,Central,growing_low,60.799150323841516,1.0,117.78,0.2012
2027,P2_emp,Central,growing_central,70.71037197622526,1.0,136.98,0.2012
2027,P2_emp,Central,growing_high,91.51361325700988,1.0,177.27999999999997,0.2012
2027,P2_emp,Optimistic,frozen,61.382978743408806,1.0,136.98,0.2012
2027,P2_emp,Optimistic,growing_low,52.779144666365085,1.0,117.78,0.2012
2027,P2_emp,Optimistic,growing_central,61.382978743408806,1.0,136.98,0.2012
2027,P2_emp,Optimistic,growing_high,79.44206797803702,1.0,177.27999999999997,0.2012
2027,P3_burst,Conservative,frozen,96.97957383699956,1.0,136.98,0.2012
2027,P3_burst,Conservative,growing_low,83.38629147701714,1.0,117.78,0.2012
2027,P3_burst,Conservative,growing_central,96.97957383699956,1.0,136.98,0.2012
2027,P3_burst,Conservative,growing_high,125.51130712383761,1.0,177.27999999999997,0.2012
2027,P3_burst,Central,frozen,73.95325499031853,1.0,136.98,0.2012
2027,P3_burst,Central,growing_low,63.58748994568344,1.0,117.78,0.2012
2027,P3_burst,Central,growing_central,73.95325499031853,1.0,136.98,0.2012
2027,P3_burst,Central,growing_high,95.71056391213072,1.0,177.27999999999997,0.2012
2027,P3_burst,Optimistic,frozen,64.08483262745517,1.0,136.98,0.2012
2027,P3_burst,Optimistic,growing_low,55.102289289397504,1.0,117.78,0.2012
2027,P3_burst,Optimistic,growing_central,64.08483262745517,1.0,136.98,0.2012
2027,P3_burst,Optimistic,growing_high,82.93881682139913,1.0,177.27999999999997,0.2012
2027,P_mix,Conservative,frozen,94.74817538790921,1.0,136.98,0.2012
2027,P_mix,Conservative,growing_low,81.46766022184221,1.0,117.78,0.2012
2027,P_mix,Conservative,growing_central,94.74817538790921,1.0,136.98,0.2012
2027,P_mix,Conservative,growing_high,122.62342336668522,1.0,177.27999999999997,0.2012
2027,P_mix,Central,frozen,73.3472877068201,1.0,136.98,0.2012
2027,P_mix,Central,growing_low,63.06645894370909,1.0,117.78,0.2012
2027,P_mix,Central,growing_central,73.3472877068201,1.0,136.98,0.2012
2027,P_mix,Central,growing_high,94.92631891272495,1.0,177.27999999999997,0.2012
2027,P_mix,Optimistic,frozen,64.175478700639,1.0,136.98,0.2012
2027,P_mix,Optimistic,growing_low,55.18022982450914,1.0,117.78,0.2012
2027,P_mix,Optimistic,growing_central,64.175478700639,1.0,136.98,0.2012
2027,P_mix,Optimistic,growing_high,83.05613128959908,1.0,177.27999999999997,0.2012
2028,P0_baseline,Conservative,frozen,110.59360443301999,1.0,164.32,0.2368
2028,P0_baseline,Conservative,growing_low,91.21010998516839,1.0,135.52,0.2368
2028,P0_baseline,Conservative,growing_central,110.59360443301999,1.0,164.32,0.2368
2028,P0_baseline,Conservative,growing_high,146.39922612141254,1.0,217.51999999999998,0.2368
2028,P0_baseline,Central,frozen,83.78722987003519,1.0,164.32,0.2368
2028,P0_baseline,Central,growing_low,69.10202891910399,1.0,135.52,0.2368
2028,P0_baseline,Central,growing_central,83.78722987003519,1.0,164.32,0.2368
2028,P0_baseline,Central,growing_high,110.91405940439417,1.0,217.51999999999998,0.2368
2028,P0_baseline,Optimistic,frozen,73.18936085676211,1.0,164.32,0.2368
2028,P0_baseline,Optimistic,growing_low,60.36162477670643,1.0,135.52,0.2368
2028,P0_baseline,Optimistic,growing_central,73.18936085676211,1.0,164.32,0.2368
2028,P0_baseline,Optimistic,growing_high,96.88504000464272,1.0,217.51999999999998,0.2368
2028,P1_flatten,Conservative,frozen,104.73623983446154,1.0,164.32,0.2368
2028,P1_flatten,Conservative,growing_low,86.37935261907393,1.0,135.52,0.2368
2028,P1_flatten,Conservative,growing_central,104.73623983446154,1.0,164.32,0.2368
2028,P1_flatten,Conservative,growing_high,138.64548982955253,1.0,217.51999999999998,0.2368
2028,P1_flatten,Central,frozen,77.80497192390854,1.0,164.32,0.2368
2028,P1_flatten,Central,growing_low,64.168267983983,1.0,135.52,0.2368
2028,P1_flatten,Central,growing_central,77.80497192390854,1.0,164.32,0.2368
2028,P1_flatten,Central,growing_high,102.99499447960434,1.0,217.51999999999998,0.2368
2028,P1_flatten,Optimistic,frozen,67.15772647089915,1.0,164.32,0.2368
2028,P1_flatten,Optimistic,growing_low,55.38714150034234,1.0,135.52,0.2368
2028,P1_flatten,Optimistic,growing_central,67.15772647089915,1.0,164.32,0.2368
2028,P1_flatten,Optimistic,growing_high,88.90061259706658,1.0,217.51999999999998,0.2368
2028,P2_sharpen,Conservative,frozen,111.61755559327295,1.0,164.32,0.2368
2028,P2_sharpen,Conservative,growing_low,92.05459550876552,1.0,135.52,0.2368
2028,P2_sharpen,Conservative,growing_central,111.61755559327295,1.0,164.32,0.2368
2028,P2_sharpen,Conservative,growing_high,147.75469019382138,1.0,217.51999999999998,0.2368
2028,P2_sharpen,Central,frozen,85.91785593706867,1.0,164.32,0.2368
2028,P2_sharpen,Central,growing_low,70.85922490622897,1.0,135.52,0.2368
2028,P2_sharpen,Central,growing_central,85.91785593706867,1.0,164.32,0.2368
2028,P2_sharpen,Central,growing_high,113.73449381348085,1.0,217.51999999999998,0.2368
2028,P2_sharpen,Optimistic,frozen,75.75750956135995,1.0,164.32,0.2368
2028,P2_sharpen,Optimistic,growing_low,62.47965978429589,1.0,135.52,0.2368
2028,P2_sharpen,Optimistic,growing_central,75.75750956135995,1.0,164.32,0.2368
2028,P2_sharpen,Optimistic,growing_high,100.28464873288107,1.0,217.51999999999998,0.2368
2028,P2_emp,Conservative,frozen,106.80427348944936,1.0,164.32,0.2368
2028,P2_emp,Conservative,growing_low,88.08492662664419,1.0,135.52,0.2368
2028,P2_emp,Conservative,growing_central,106.80427348944936,1.0,164.32,0.2368
2028,P2_emp,Conservative,growing_high,141.38306699990883,1.0,217.51999999999998,0.2368
2028,P2_emp,Central,frozen,80.05332271053824,1.0,164.32,0.2368
2028,P2_emp,Central,growing_low,66.02255534160261,1.0,135.52,0.2368
2028,P2_emp,Central,growing_central,80.05332271053824,1.0,164.32,0.2368
2028,P2_emp,Central,growing_high,105.97126798926652,1.0,217.51999999999998,0.2368
2028,P2_emp,Optimistic,frozen,69.47736542585243,1.0,164.32,0.2368
2028,P2_emp,Optimistic,growing_low,57.300222507981516,1.0,135.52,0.2368
2028,P2_emp,Optimistic,growing_central,69.47736542585243,1.0,164.32,0.2368
2028,P2_emp,Optimistic,growing_high,91.97125442691956,1.0,217.51999999999998,0.2368
2028,P3_burst,Conservative,frozen,112.95037156192448,1.0,164.32,0.2368
2028,P3_burst,Conservative,growing_low,93.15381179449857,1.0,135.52,0.2368
2028,P3_burst,Conservative,growing_central,112.95037156192448,1.0,164.32,0.2368
2028,P3_burst,Conservative,growing_high,149.519016687864,1.0,217.51999999999998,0.2368
2028,P3_burst,Central,frozen,84.30211838359068,1.0,164.32,0.2368
2028,P3_burst,Central,growing_low,69.52667407098471,1.0,135.52,0.2368
2028,P3_burst,Central,growing_central,84.30211838359068,1.0,164.32,0.2368
2028,P3_burst,Central,growing_high,111.59564746104334,1.0,217.51999999999998,0.2368
2028,P3_burst,Optimistic,frozen,72.97606480145869,1.0,164.32,0.2368
2028,P3_burst,Optimistic,growing_low,60.18571264540945,1.0,135.52,0.2368
2028,P3_burst,Optimistic,growing_central,72.97606480145869,1.0,164.32,0.2368
2028,P3_burst,Optimistic,growing_high,96.60268753416074,1.0,217.51999999999998,0.2368
2028,P_mix,Conservative,frozen,110.18367173868086,1.0,164.32,0.2368
2028,P_mix,Conservative,growing_low,90.87202528009999,1.0,135.52,0.2368
2028,P_mix,Conservative,growing_central,110.18367173868086,1.0,164.32,0.2368
2028,P_mix,Conservative,growing_high,145.85657422467054,1.0,217.51999999999998,0.2368
2028,P_mix,Central,frozen,83.95575398641205,1.0,164.32,0.2368
2028,P_mix,Central,growing_low,69.2410161893778,1.0,135.52,0.2368
2028,P_mix,Central,growing_central,83.95575398641205,1.0,164.32,0.2368
2028,P_mix,Central,growing_high,111.13714463926696,1.0,217.51999999999998,0.2368
2028,P_mix,Optimistic,frozen,73.58657720063141,1.0,164.32,0.2368
2028,P_mix,Optimistic,growing_low,60.68922189769698,1.0,135.52,0.2368
2028,P_mix,Optimistic,growing_central,73.58657720063141,1.0,164.32,0.2368
2028,P_mix,Optimistic,growing_high,97.4108585241075,1.0,217.51999999999998,0.2368
2029,P0_baseline,Conservative,frozen,124.63169725687715,1.0,191.65999999999997,0.2724
2029,P0_baseline,Conservative,growing_low,99.66113910878113,1.0,153.26,0.2724
2029,P0_baseline,Conservative,growing_central,124.63169725687715,1.0,191.65999999999997,0.2724
2029,P0_baseline,Conservative,growing_high,167.61487156909453,1.0,257.76,0.2724
2029,P0_baseline,Central,frozen,92.63807888537384,1.0,191.65999999999997,0.2724
2029,P0_baseline,Central,growing_low,74.0775955857894,1.0,153.26,0.2724
2029,P0_baseline,Central,growing_central,92.63807888537384,1.0,191.65999999999997,0.2724
2029,P0_baseline,Central,growing_high,124.58724414846063,1.0,257.76,0.2724
2029,P0_baseline,Optimistic,frozen,81.00403584119078,1.0,191.65999999999997,0.2724
2029,P0_baseline,Optimistic,growing_low,64.774488850156,1.0,153.26,0.2724
2029,P0_baseline,Optimistic,growing_central,81.00403584119078,1.0,191.65999999999997,0.2724
2029,P0_baseline,Optimistic,growing_high,108.94083417732098,1.0,257.76,0.2724
2029,P1_flatten,Conservative,frozen,116.2263576428192,1.0,191.65999999999997,0.2724
2029,P1_flatten,Conservative,growing_low,92.93984958957775,1.0,153.26,0.2724
2029,P1_flatten,Conservative,growing_central,116.2263576428192,1.0,191.65999999999997,0.2724
2029,P1_flatten,Conservative,growing_high,156.31068530738327,1.0,257.76,0.2724
2029,P1_flatten,Central,frozen,84.35763562171576,1.0,191.65999999999997,0.2724
2029,P1_flatten,Central,growing_low,67.45617883431157,1.0,153.26,0.2724
2029,P1_flatten,Central,growing_central,84.35763562171576,1.0,191.65999999999997,0.2724
2029,P1_flatten,Central,growing_high,113.45102868545057,1.0,257.76,0.2724
2029,P1_flatten,Optimistic,frozen,72.76900943222367,1.0,191.65999999999997,0.2724
2029,P1_flatten,Optimistic,growing_low,58.18938946876029,1.0,153.26,0.2724
2029,P1_flatten,Optimistic,growing_central,72.76900943222367,1.0,191.65999999999997,0.2724
2029,P1_flatten,Optimistic,growing_high,97.86569900474785,1.0,257.76,0.2724
2029,P2_sharpen,Conservative,frozen,126.60919349776417,1.0,191.65999999999997,0.2724
2029,P2_sharpen,Conservative,growing_low,101.24243449581205,1.0,153.26,0.2724
2029,P2_sharpen,Conservative,growing_central,126.60919349776417,1.0,191.65999999999997,0.2724
2029,P2_sharpen,Conservative,growing_high,170.27436980060364,1.0,257.76,0.2724
2029,P2_sharpen,Central,frozen,96.10878076590782,1.0,191.65999999999997,0.2724
2029,P2_sharpen,Central,growing_low,76.85292570271854,1.0,153.26,0.2724
2029,P2_sharpen,Central,growing_central,96.10878076590782,1.0,191.65999999999997,0.2724
2029,P2_sharpen,Central,growing_high,129.25492711165816,1.0,257.76,0.2724
2029,P2_sharpen,Optimistic,frozen,85.01772159068729,1.0,191.65999999999997,0.2724
2029,P2_sharpen,Optimistic,growing_low,67.98401341432086,1.0,153.26,0.2724
2029,P2_sharpen,Optimistic,growing_central,85.01772159068729,1.0,191.65999999999997,0.2724
2029,P2_sharpen,Optimistic,growing_high,114.33876613385974,1.0,257.76,0.2724
2029,P2_emp,Conservative,frozen,119.55037892130632,1.0,191.65999999999997,0.2724
2029,P2_emp,Conservative,growing_low,95.59788726640618,1.0,153.26,0.2724
2029,P2_emp,Conservative,growing_central,119.55037892130632,1.0,191.65999999999997,0.2724
2029,P2_emp,Conservative,growing_high,160.78110023351726,1.0,257.76,0.2724
2029,P2_emp,Central,frozen,87.69754100334289,1.0,191.65999999999997,0.2724
2029,P2_emp,Central,growing_low,70.12691815805245,1.0,153.26,0.2724
2029,P2_emp,Central,growing_central,87.69754100334289,1.0,191.65999999999997,0.2724
2029,P2_emp,Central,growing_high,117.94280584901215,1.0,257.76,0.2724
2029,P2_emp,Optimistic,frozen,76.1146908513562,1.0,191.65999999999997,0.2724
2029,P2_emp,Optimistic,growing_low,60.864747573196546,1.0,153.26,0.2724
2029,P2_emp,Optimistic,growing_central,76.1146908513562,1.0,191.65999999999997,0.2724
2029,P2_emp,Optimistic,growing_high,102.36524425464664,1.0,257.76,0.2724
2029,P3_burst,Conservative,frozen,127.68936471056752,1.0,191.65999999999997,0.2724
2029,P3_burst,Conservative,growing_low,102.10618822676395,1.0,153.26,0.2724
2029,P3_burst,Conservative,growing_central,127.68936471056752,1.0,191.65999999999997,0.2724
2029,P3_burst,Conservative,growing_high,171.7270721475315,1.0,257.76,0.2724
2029,P3_burst,Central,frozen,93.04532969808172,1.0,191.65999999999997,0.2724
2029,P3_burst,Central,growing_low,74.4032517454242,1.0,153.26,0.2724
2029,P3_burst,Central,growing_central,93.04532969808172,1.0,191.65999999999997,0.2724
2029,P3_burst,Central,growing_high,125.13494825721352,1.0,257.76,0.2724
2029,P3_burst,Optimistic,frozen,80.44749878445052,1.0,191.65999999999997,0.2724
2029,P3_burst,Optimistic,growing_low,64.32945666130067,1.0,153.26,0.2724
2029,P3_burst,Optimistic,growing_central,80.44749878445052,1.0,191.65999999999997,0.2724
2029,P3_burst,Optimistic,growing_high,108.19235775164336,1.0,257.76,0.2724
2029,P_mix,Conservative,frozen,124.22330424241342,1.0,191.65999999999997,0.2724
2029,P_mix,Conservative,growing_low,99.33456959298904,1.0,153.26,0.2724
2029,P_mix,Conservative,growing_central,124.22330424241342,1.0,191.65999999999997,0.2724
2029,P_mix,Conservative,growing_high,167.0656313342611,1.0,257.76,0.2724
2029,P_mix,Central,frozen,93.1297612062241,1.0,191.65999999999997,0.2724
2029,P_mix,Central,growing_low,74.47076699606546,1.0,153.26,0.2724
2029,P_mix,Central,growing_central,93.1297612062241,1.0,191.65999999999997,0.2724
2029,P_mix,Central,growing_high,125.24849863568991,1.0,257.76,0.2724
2029,P_mix,Optimistic,frozen,81.82301828397337,1.0,191.65999999999997,0.2724
2029,P_mix,Optimistic,growing_low,65.42938423354774,1.0,153.26,0.2724
2029,P_mix,Optimistic,growing_central,81.82301828397337,1.0,191.65999999999997,0.2724
2029,P_mix,Optimistic,growing_high,110.0422685634821,1.0,257.76,0.2724
2030,P0_baseline,Conservative,frozen,137.42510651284869,1.0,219.0,0.308
2030,P0_baseline,Conservative,growing_low,107.30453522236132,1.0,171.0,0.308
2030,P0_baseline,Conservative,growing_central,137.42510651284869,1.0,219.0,0.308
2030,P0_baseline,Conservative,growing_high,186.99854676177586,1.0,298.0,0.308
2030,P0_baseline,Central,frozen,100.03679707151245,1.0,219.0,0.308
2030,P0_baseline,Central,growing_low,78.11092374077,1.0,171.0,0.308
2030,P0_baseline,Central,growing_central,100.03679707151245,1.0,219.0,0.308
2030,P0_baseline,Central,growing_high,136.12313026169272,1.0,298.0,0.308
2030,P0_baseline,Optimistic,frozen,87.5740272577337,1.0,219.0,0.308
2030,P0_baseline,Optimistic,growing_low,68.3797199135729,1.0,171.0,0.308
2030,P0_baseline,Optimistic,growing_central,87.5740272577337,1.0,219.0,0.308
2030,P0_baseline,Optimistic,growing_high,119.16465809499839,1.0,298.0,0.308
2030,P1_flatten,Conservative,frozen,127.5285112780843,1.0,219.0,0.308
2030,P1_flatten,Conservative,growing_low,99.5770567513809,1.0,171.0,0.308
2030,P1_flatten,Conservative,growing_central,127.5285112780843,1.0,219.0,0.308
2030,P1_flatten,Conservative,growing_high,173.53194685328364,1.0,298.0,0.308
2030,P1_flatten,Central,frozen,89.90674730119541,1.0,219.0,0.308
2030,P1_flatten,Central,growing_low,70.20115885161833,1.0,171.0,0.308
2030,P1_flatten,Central,growing_central,89.90674730119541,1.0,219.0,0.308
2030,P1_flatten,Central,growing_high,122.33886162445768,1.0,298.0,0.308
2030,P1_flatten,Optimistic,frozen,77.36615930889917,1.0,219.0,0.308
2030,P1_flatten,Optimistic,growing_low,60.40919288503087,1.0,171.0,0.308
2030,P1_flatten,Optimistic,growing_central,77.36615930889917,1.0,219.0,0.308
2030,P1_flatten,Optimistic,growing_high,105.27449988151577,1.0,298.0,0.308
2030,P2_sharpen,Conservative,frozen,140.64521569700725,1.0,219.0,0.308
2030,P2_sharpen,Conservative,growing_low,109.81886705108785,1.0,171.0,0.308
2030,P2_sharpen,Conservative,growing_central,140.64521569700725,1.0,219.0,0.308
2030,P2_sharpen,Conservative,growing_high,191.38024784341624,1.0,298.0,0.308
2030,P2_sharpen,Central,frozen,105.22181791902494,1.0,219.0,0.308
2030,P2_sharpen,Central,growing_low,82.15950166280031,1.0,171.0,0.308
2030,P2_sharpen,Central,growing_central,105.22181791902494,1.0,219.0,0.308
2030,P2_sharpen,Central,growing_high,143.17854675739468,1.0,298.0,0.308
2030,P2_sharpen,Optimistic,frozen,93.41401865969762,1.0,219.0,0.308
2030,P2_sharpen,Optimistic,growing_low,72.93971320003787,1.0,171.0,0.308
2030,P2_sharpen,Optimistic,growing_central,93.41401865969762,1.0,219.0,0.308
2030,P2_sharpen,Optimistic,growing_high,127.1113130620543,1.0,298.0,0.308
2030,P2_emp,Conservative,frozen,131.47250818380942,1.0,219.0,0.308
2030,P2_emp,Conservative,growing_low,102.65661597913888,1.0,171.0,0.308
2030,P2_emp,Conservative,growing_central,131.47250818380942,1.0,219.0,0.308
2030,P2_emp,Conservative,growing_high,178.89866410399637,1.0,298.0,0.308
2030,P2_emp,Central,frozen,94.04909288204205,1.0,219.0,0.308
2030,P2_emp,Central,growing_low,73.43559307227942,1.0,171.0,0.308
2030,P2_emp,Central,growing_central,94.04909288204205,1.0,219.0,0.308
2030,P2_emp,Central,growing_high,127.97547798560974,1.0,298.0,0.308
2030,P2_emp,Optimistic,frozen,81.57462111478627,1.0,219.0,0.308
2030,P2_emp,Optimistic,growing_low,63.695252103326276,1.0,171.0,0.308
2030,P2_emp,Optimistic,growing_central,81.57462111478627,1.0,219.0,0.308
2030,P2_emp,Optimistic,growing_high,111.00108261281422,1.0,298.0,0.308
2030,P3_burst,Conservative,frozen,141.67248833511704,1.0,219.0,0.308
2030,P3_burst,Conservative,growing_low,110.62098404248866,1.0,171.0,0.308
2030,P3_burst,Conservative,growing_central,141.67248833511704,1.0,219.0,0.308
2030,P3_burst,Conservative,growing_high,192.77808915006796,1.0,298.0,0.308
2030,P3_burst,Central,frozen,100.38752057913355,1.0,219.0,0.308
2030,P3_burst,Central,growing_low,78.38477634261113,1.0,171.0,0.308
2030,P3_burst,Central,growing_central,100.38752057913355,1.0,219.0,0.308
2030,P3_burst,Central,growing_high,136.60037046841003,1.0,298.0,0.308
2030,P3_burst,Optimistic,frozen,86.62586466047235,1.0,219.0,0.308
2030,P3_burst,Optimistic,growing_low,67.63937377598526,1.0,171.0,0.308
2030,P3_burst,Optimistic,growing_central,86.62586466047235,1.0,219.0,0.308
2030,P3_burst,Optimistic,growing_high,117.8744642411907,1.0,298.0,0.308
2030,P_mix,Conservative,frozen,137.64722367092344,1.0,219.0,0.308
2030,P_mix,Conservative,growing_low,107.47796916770736,1.0,171.0,0.308
2030,P_mix,Conservative,growing_central,137.64722367092344,1.0,219.0,0.308
2030,P_mix,Conservative,growing_high,187.30078837413328,1.0,298.0,0.308
2030,P_mix,Central,frozen,101.30685547565066,1.0,219.0,0.308
2030,P_mix,Central,growing_low,79.10261317961766,1.0,171.0,0.308
2030,P_mix,Central,growing_central,101.30685547565066,1.0,219.0,0.308
2030,P_mix,Central,growing_high,137.8513375878717,1.0,298.0,0.308
2030,P_mix,Optimistic,frozen,89.19339941055966,1.0,219.0,0.308
2030,P_mix,Optimistic,growing_low,69.6441611835877,1.0,171.0,0.308
2030,P_mix,Optimistic,growing_central,89.19339941055966,1.0,219.0,0.308
2030,P_mix,Optimistic,growing_high,121.36818732578439,1.0,298.0,0.308
2031,P0_baseline,Conservative,frozen,136.17882953147074,1.0,219.0,0.3282
2031,P0_baseline,Conservative,growing_low,111.18161972706379,1.0,178.8,0.3282
2031,P0_baseline,Conservative,growing_central,144.3868685717238,1.0,232.2,0.3282
2031,P0_baseline,Conservative,growing_high,193.01328167382886,1.0,310.4,0.3282
2031,P0_baseline,Central,frozen,99.20594575059387,1.0,219.0,0.3282
2031,P0_baseline,Central,growing_low,80.99553927034789,1.0,178.8,0.3282
2031,P0_baseline,Central,growing_central,105.18548220679405,1.0,232.2,0.3282
2031,P0_baseline,Central,growing_high,140.6097057579194,1.0,310.4,0.3282
2031,P0_baseline,Optimistic,frozen,86.82626106890699,1.0,219.0,0.3282
2031,P0_baseline,Optimistic,growing_low,70.88828985899805,1.0,178.8,0.3282
2031,P0_baseline,Optimistic,growing_central,92.05962474977261,1.0,232.2,0.3282
2031,P0_baseline,Optimistic,growing_high,123.06333988944625,1.0,310.4,0.3282
2031,P1_flatten,Conservative,frozen,125.74573255672362,1.0,219.0,0.3282
2031,P1_flatten,Conservative,growing_low,102.66363918329765,1.0,178.8,0.3282
2031,P1_flatten,Conservative,growing_central,133.324927395759,1.0,232.2,0.3282
2031,P1_flatten,Conservative,growing_high,178.22591500277176,1.0,310.4,0.3282
2031,P1_flatten,Central,frozen,88.53619286832769,1.0,219.0,0.3282
2031,P1_flatten,Central,growing_low,72.28434376647029,1.0,178.8,0.3282
2031,P1_flatten,Central,growing_central,93.87262093162416,1.0,232.2,0.3282
2031,P1_flatten,Central,growing_high,125.48691445812291,1.0,310.4,0.3282
2031,P1_flatten,Optimistic,frozen,76.07726834344905,1.0,219.0,0.3282
2031,P1_flatten,Optimistic,growing_low,62.11239990780225,1.0,178.8,0.3282
2031,P1_flatten,Optimistic,growing_central,80.6627475312734,1.0,232.2,0.3282
2031,P1_flatten,Optimistic,growing_high,107.82823787126296,1.0,310.4,0.3282
2031,P2_sharpen,Conservative,frozen,139.75813639842949,1.0,219.0,0.3282
2031,P2_sharpen,Conservative,growing_low,114.1039031417315,1.0,178.8,0.3282
2031,P2_sharpen,Conservative,growing_central,148.18191448271838,1.0,232.2,0.3282
2031,P2_sharpen,Conservative,growing_high,198.08641798206628,1.0,310.4,0.3282
2031,P2_sharpen,Central,frozen,104.96560940182577,1.0,219.0,0.3282
2031,P2_sharpen,Central,growing_low,85.69794959381942,1.0,178.8,0.3282
2031,P2_sharpen,Central,growing_central,111.2923036671413,1.0,232.2,0.3282
2031,P2_sharpen,Central,growing_high,148.7731742389348,1.0,310.4,0.3282
2031,P2_sharpen,Optimistic,frozen,93.31597676700787,1.0,219.0,0.3282
2031,P2_sharpen,Optimistic,growing_low,76.18674267552973,1.0,178.8,0.3282
2031,P2_sharpen,Optimistic,growing_central,98.9405013940604,1.0,232.2,0.3282
2031,P2_sharpen,Optimistic,growing_high,132.2615488058413,1.0,310.4,0.3282
2031,P2_emp,Conservative,frozen,129.95535612977528,1.0,219.0,0.3282
2031,P2_emp,Conservative,growing_low,106.1005373333508,1.0,178.8,0.3282
2031,P2_emp,Conservative,growing_central,137.78828170472065,1.0,232.2,0.3282
2031,P2_emp,Conservative,growing_high,184.19243170174545,1.0,310.4,0.3282
2031,P2_emp,Central,frozen,92.96818520214426,1.0,219.0,0.3282
2031,P2_emp,Central,growing_low,75.90279230202464,1.0,178.8,0.3282
2031,P2_emp,Central,growing_central,98.57174704994475,1.0,232.2,0.3282
2031,P2_emp,Central,growing_high,131.7686058755506,1.0,310.4,0.3282
2031,P2_emp,Optimistic,frozen,80.58371673424084,1.0,219.0,0.3282
2031,P2_emp,Optimistic,growing_low,65.79163722411994,1.0,178.8,0.3282
2031,P2_emp,Optimistic,growing_central,85.44081746890743,1.0,232.2,0.3282
2031,P2_emp,Optimistic,growing_high,114.21545970003818,1.0,310.4,0.3282
2031,P3_burst,Conservative,frozen,140.80828900241673,1.0,219.0,0.3282
2031,P3_burst,Conservative,growing_low,114.96128800745257,1.0,178.8,0.3282
2031,P3_burst,Conservative,growing_central,149.29536395598703,1.0,232.2,0.3282
2031,P3_burst,Conservative,growing_high,199.57485345365365,1.0,310.4,0.3282
2031,P3_burst,Central,frozen,99.6383981677581,1.0,219.0,0.3282
2031,P3_burst,Central,growing_low,81.34861001093677,1.0,178.8,0.3282
2031,P3_burst,Central,growing_central,105.64400024910243,1.0,232.2,0.3282
2031,P3_burst,Central,growing_high,141.2226428825211,1.0,310.4,0.3282
2031,P3_burst,Optimistic,frozen,85.8534234837938,1.0,219.0,0.3282
2031,P3_burst,Optimistic,growing_low,70.09402794019331,1.0,178.8,0.3282
2031,P3_burst,Optimistic,growing_central,91.02815037870741,1.0,232.2,0.3282
2031,P3_burst,Optimistic,growing_high,121.68448698342284,1.0,310.4,0.3282
2031,P_mix,Conservative,frozen,136.63459884603301,1.0,219.0,0.3282
2031,P_mix,Conservative,growing_low,111.55372727703521,1.0,178.8,0.3282
2031,P_mix,Conservative,growing_central,144.87010891346515,1.0,232.2,0.3282
2031,P_mix,Conservative,growing_high,193.65926704022218,1.0,310.4,0.3282
2031,P_mix,Central,frozen,100.80439496233694,1.0,219.0,0.3282
2031,P_mix,Central,growing_low,82.30057451719564,1.0,178.8,0.3282
2031,P_mix,Central,growing_central,106.8802763025326,1.0,232.2,0.3282
2031,P_mix,Central,growing_high,142.87527030278258,1.0,310.4,0.3282
2031,P_mix,Optimistic,frozen,88.80731545970609,1.0,219.0,0.3282
2031,P_mix,Optimistic,growing_low,72.5056986492943,1.0,178.8,0.3282
2031,P_mix,Optimistic,growing_central,94.16008515864728,1.0,232.2,0.3282
2031,P_mix,Optimistic,growing_high,125.87119049631403,1.0,310.4,0.3282
2032,P0_baseline,Conservative,frozen,134.93255255009294,1.0,219.0,0.3484
2032,P0_baseline,Conservative,growing_low,114.96992833720248,1.0,186.6,0.3484
2032,P0_baseline,Conservative,growing_central,151.198394501337,1.0,245.4,0.3484
2032,P0_baseline,Conservative,growing_high,198.88688567657536,1.0,322.8,0.3484
2032,P0_baseline,Central,frozen,98.37509442967527,1.0,219.0,0.3484
2032,P0_baseline,Central,growing_low,83.82097087021647,1.0,186.6,0.3484
2032,P0_baseline,Central,growing_central,110.23400992256765,1.0,245.4,0.3484
2032,P0_baseline,Central,growing_high,145.00219398127481,1.0,322.8,0.3484
2032,P0_baseline,Optimistic,frozen,86.0784948800802,1.0,219.0,0.3484
2032,P0_baseline,Optimistic,growing_low,73.34359426768478,1.0,186.6,0.3484
2032,P0_baseline,Optimistic,growing_central,96.45508056425427,1.0,245.4,0.3484
2032,P0_baseline,Optimistic,growing_high,126.87734313831001,1.0,322.8,0.3484
2032,P1_flatten,Conservative,frozen,123.76079622692237,1.0,219.0,0.3484
2032,P1_flatten,Conservative,growing_low,105.45097979882976,1.0,186.6,0.3484
2032,P1_flatten,Conservative,growing_central,138.67990590907192,1.0,245.4,0.3484
2032,P1_flatten,Conservative,growing_high,182.42002293173763,1.0,322.8,0.3484
2032,P1_flatten,Central,frozen,87.06903065806564,1.0,219.0,0.3484
2032,P1_flatten,Central,growing_low,74.18758502646142,1.0,186.6,0.3484
2032,P1_flatten,Central,growing_central,97.56502339492836,1.0,245.4,0.3484
2032,P1_flatten,Central,growing_high,128.33736573709405,1.0,322.8,0.3484
2032,P1_flatten,Optimistic,frozen,74.72725496672297,1.0,219.0,0.3484
2032,P1_flatten,Optimistic,growing_low,63.67171587575573,1.0,186.6,0.3484
2032,P1_flatten,Optimistic,growing_central,83.73547200380737,1.0,245.4,0.3484
2032,P1_flatten,Optimistic,growing_high,110.14592649889576,1.0,322.8,0.3484
2032,P2_sharpen,Conservative,frozen,139.1295615251981,1.0,219.0,0.3484
2032,P2_sharpen,Conservative,growing_low,118.54600995708662,1.0,186.6,0.3484
2032,P2_sharpen,Conservative,growing_central,155.9013442844001,1.0,245.4,0.3484
2032,P2_sharpen,Conservative,growing_high,205.07316191933313,1.0,322.8,0.3484
2032,P2_sharpen,Central,frozen,104.85478089636167,1.0,219.0,0.3484
2032,P2_sharpen,Central,growing_low,89.34201879114653,1.0,186.6,0.3484
2032,P2_sharpen,Central,growing_central,117.49480927838884,1.0,245.4,0.3484
2032,P2_sharpen,Central,growing_high,154.55307430751395,1.0,322.8,0.3484
2032,P2_sharpen,Optimistic,frozen,93.32599104848029,1.0,219.0,0.3484
2032,P2_sharpen,Optimistic,growing_low,79.51885812623938,1.0,186.6,0.3484
2032,P2_sharpen,Optimistic,growing_central,104.57624750363955,1.0,245.4,0.3484
2032,P2_sharpen,Optimistic,growing_high,137.55995392899285,1.0,322.8,0.3484
2032,P2_emp,Conservative,frozen,128.00675914923303,1.0,219.0,0.3484
2032,P2_emp,Conservative,growing_low,109.06877286414105,1.0,186.6,0.3484
2032,P2_emp,Conservative,growing_central,143.43771093708582,1.0,245.4,0.3484
2032,P2_emp,Conservative,growing_high,188.6784559514723,1.0,322.8,0.3484
2032,P2_emp,Central,frozen,91.67472645732431,1.0,219.0,0.3484
2032,P2_emp,Central,growing_low,78.11189021432291,1.0,186.6,0.3484
2032,P2_emp,Central,growing_central,102.72592635902916,1.0,245.4,0.3484
2032,P2_emp,Central,growing_high,135.12603516175474,1.0,322.8,0.3484
2032,P2_emp,Optimistic,frozen,79.45395182459133,1.0,219.0,0.3484
2032,P2_emp,Optimistic,growing_low,67.69912059574769,1.0,186.6,0.3484
2032,P2_emp,Optimistic,growing_central,89.03196245550097,1.0,245.4,0.3484
2032,P2_emp,Optimistic,growing_high,117.11294816884968,1.0,322.8,0.3484
2032,P3_burst,Conservative,frozen,139.86850549518252,1.0,219.0,0.3484
2032,P3_burst,Conservative,growing_low,119.1756307095939,1.0,186.6,0.3484
2032,P3_burst,Conservative,growing_central,156.7293664315881,1.0,245.4,0.3484
2032,P3_burst,Conservative,growing_high,206.1623450860499,1.0,322.8,0.3484
2032,P3_burst,Central,frozen,98.84629606182004,1.0,219.0,0.3484
2032,P3_burst,Central,growing_low,84.22246048007133,1.0,186.6,0.3484
2032,P3_burst,Central,growing_central,110.76201394324494,1.0,245.4,0.3484
2032,P3_burst,Central,growing_high,145.69673227742243,1.0,322.8,0.3484
2032,P3_burst,Optimistic,frozen,85.04791652514355,1.0,219.0,0.3484
2032,P3_burst,Optimistic,growing_low,72.46548503923191,1.0,186.6,0.3484
2032,P3_burst,Optimistic,growing_central,95.30026810625674,1.0,245.4,0.3484
2032,P3_burst,Optimistic,growing_high,125.3582988781568,1.0,322.8,0.3484
2032,P_mix,Conservative,frozen,135.7107122349818,1.0,219.0,0.3484
2032,P_mix,Conservative,growing_low,115.63296302761465,1.0,186.6,0.3484
2032,P_mix,Conservative,growing_central,152.070359737281,1.0,245.4,0.3484
2032,P_mix,Conservative,growing_high,200.03387173265816,1.0,322.8,0.3484
2032,P_mix,Central,frozen,100.34392667471083,1.0,219.0,0.3484
2032,P_mix,Central,growing_low,85.49852382420568,1.0,186.6,0.3484
2032,P_mix,Central,growing_central,112.44018084919654,1.0,245.4,0.3484
2032,P_mix,Central,growing_high,147.90419876984777,1.0,322.8,0.3484
2032,P_mix,Optimistic,frozen,88.4478260771651,1.0,219.0,0.3484
2032,P_mix,Optimistic,growing_low,75.36239427396808,1.0,186.6,0.3484
2032,P_mix,Optimistic,growing_central,99.11002976865898,1.0,245.4,0.3484
2032,P_mix,Optimistic,growing_high,130.36967240962966,1.0,322.8,0.3484
2033,P0_baseline,Conservative,frozen,133.68627556871502,1.0,219.0,0.3686
2033,P0_baseline,Conservative,growing_low,118.66946105277718,1.0,194.4,0.3686
2033,P0_baseline,Conservative,growing_central,157.85968430168816,1.0,258.6,0.3686
2033,P0_baseline,Conservative,growing_high,204.61935877001494,1.0,335.2,0.3686
2033,P0_baseline,Central,frozen,97.54424310875669,1.0,219.0,0.3686
2033,P0_baseline,Central,growing_low,86.58721854037582,1.0,194.4,0.3686
2033,P0_baseline,Central,growing_central,115.18238021883327,1.0,258.6,0.3686
2033,P0_baseline,Central,growing_high,149.30059493175912,1.0,335.2,0.3686
2033,P0_baseline,Optimistic,frozen,85.3307286912535,1.0,219.0,0.3686
2033,P0_baseline,Optimistic,growing_low,75.74563313963326,1.0,194.4,0.3686
2033,P0_baseline,Optimistic,growing_central,100.76039470117881,1.0,258.6,0.3686
2033,P0_baseline,Optimistic,growing_high,130.60666784158985,1.0,335.2,0.3686
2033,P1_flatten,Conservative,frozen,121.7203877506769,1.0,219.0,0.3686
2033,P1_flatten,Conservative,growing_low,108.04768666087485,1.0,194.4,0.3686
2033,P1_flatten,Conservative,growing_central,143.7301017001144,1.0,258.6,0.3686
2033,P1_flatten,Conservative,growing_high,186.30444736998587,1.0,335.2,0.3686
2033,P1_flatten,Central,frozen,85.58033543917522,1.0,219.0,0.3686
2033,P1_flatten,Central,growing_low,75.96720186929527,1.0,194.4,0.3686
2033,P1_flatten,Central,growing_central,101.05513581995761,1.0,258.6,0.3686
2033,P1_flatten,Central,growing_high,130.98871433429926,1.0,335.2,0.3686
2033,P1_flatten,Optimistic,frozen,73.36749017528847,1.0,219.0,0.3686
2033,P1_flatten,Optimistic,growing_low,65.1262104569684,1.0,194.4,0.3686
2033,P1_flatten,Optimistic,growing_central,86.63394045355983,1.0,258.6,0.3686
2033,P1_flatten,Optimistic,growing_high,112.29581144637761,1.0,335.2,0.3686
2033,P2_sharpen,Conservative,frozen,138.23028648519315,1.0,219.0,0.3686
2033,P2_sharpen,Conservative,growing_low,122.70304882521255,1.0,194.4,0.3686
2033,P2_sharpen,Conservative,growing_central,163.22535198662536,1.0,258.6,0.3686
2033,P2_sharpen,Conservative,growing_high,211.5743928303048,1.0,335.2,0.3686
2033,P2_sharpen,Central,frozen,104.61770763289186,1.0,219.0,0.3686
2033,P2_sharpen,Central,growing_low,92.86612951522456,1.0,194.4,0.3686
2033,P2_sharpen,Central,growing_central,123.53488216377096,1.0,258.6,0.3686
2033,P2_sharpen,Central,growing_high,160.12719451390572,1.0,335.2,0.3686
2033,P2_sharpen,Optimistic,frozen,93.25076287280979,0.987198332427292,219.0,0.3686
2033,P2_sharpen,Optimistic,growing_low,82.77601964600102,0.987198332427292,194.4,0.3686
2033,P2_sharpen,Optimistic,growing_central,110.11254465255075,0.987198332427292,258.6,0.3686
2033,P2_sharpen,Optimistic,growing_high,142.72902152952437,0.987198332427292,335.2,0.3686
2033,P2_emp,Conservative,frozen,126.16859912163495,1.0,219.0,0.3686
2033,P2_emp,Conservative,growing_low,111.99623593262939,1.0,194.4,0.3686
2033,P2_emp,Conservative,growing_central,148.9826471819854,1.0,258.6,0.3686
2033,P2_emp,Conservative,growing_high,193.11285125831984,1.0,335.2,0.3686
2033,P2_emp,Central,frozen,90.44104258547414,1.0,219.0,0.3686
2033,P2_emp,Central,growing_low,80.28191177450309,1.0,194.4,0.3686
2033,P2_emp,Central,growing_central,106.79476535435442,1.0,258.6,0.3686
2033,P2_emp,Central,growing_high,138.42848161941066,1.0,335.2,0.3686
2033,P2_emp,Optimistic,frozen,78.367592445668,1.0,219.0,0.3686
2033,P2_emp,Optimistic,growing_low,69.56465740382585,1.0,194.4,0.3686
2033,P2_emp,Optimistic,growing_central,92.53817080570663,1.0,258.6,0.3686
2033,P2_emp,Optimistic,growing_high,119.94893601729643,1.0,335.2,0.3686
2033,P3_burst,Conservative,frozen,138.83110922504179,1.0,219.0,0.3686
2033,P3_burst,Conservative,growing_low,123.23638188743438,1.0,194.4,0.3686
2033,P3_burst,Conservative,growing_central,163.93481664655624,1.0,258.6,0.3686
2033,P3_burst,Conservative,growing_high,212.49400827504118,1.0,335.2,0.3686
2033,P3_burst,Central,frozen,97.99923721484659,1.0,219.0,0.3686
2033,P3_burst,Central,growing_low,86.99110371948026,1.0,194.4,0.3686
2033,P3_burst,Central,growing_central,115.71964723177778,1.0,258.6,0.3686
2033,P3_burst,Central,growing_high,149.99700600190218,1.0,335.2,0.3686
2033,P3_burst,Optimistic,frozen,84.20088046657368,1.0,219.0,0.3686
2033,P3_burst,Optimistic,growing_low,74.74269937306815,1.0,194.4,0.3686
2033,P3_burst,Optimistic,growing_central,99.42624515368017,1.0,258.6,0.3686
2033,P3_burst,Optimistic,growing_high,128.87732937166896,1.0,335.2,0.3686
2033,P_mix,Conservative,frozen,134.61851332740497,1.0,219.0,0.3686
2033,P_mix,Conservative,growing_low,119.4969816933677,1.0,194.4,0.3686
2033,P_mix,Conservative,growing_central,158.9604910797577,1.0,258.6,0.3686
2033,P_mix,Conservative,growing_high,206.046235923955,1.0,335.2,0.3686
2033,P_mix,Central,frozen,99.81327963634037,1.0,219.0,0.3686
2033,P_mix,Central,growing_low,88.6013769922583,1.0,194.4,0.3686
2033,P_mix,Central,growing_central,117.86170828291154,1.0,258.6,0.3686
2033,P_mix,Central,growing_high,152.77356773562235,1.0,335.2,0.3686
2033,P_mix,Optimistic,frozen,88.05151100970468,1.0,219.0,0.3686
2033,P_mix,Optimistic,growing_low,78.16079333464198,1.0,194.4,0.3686
2033,P_mix,Optimistic,growing_central,103.97315409639104,1.0,258.6,0.3686
2033,P_mix,Optimistic,growing_high,134.77107986508227,1.0,335.2,0.3686
2034,P0_baseline,Conservative,frozen,132.43999858733713,1.0,219.0,0.38880000000000003
2034,P0_baseline,Conservative,growing_low,122.280217873788,1.0,202.2,0.38880000000000003
2034,P0_baseline,Conservative,growing_central,164.37073797277733,1.0,271.8,0.38880000000000003
2034,P0_baseline,Conservative,growing_high,210.21070095414788,1.0,347.6,0.38880000000000003
2034,P0_baseline,Central,frozen,96.71339178783812,1.0,219.0,0.38880000000000003
2034,P0_baseline,Central,growing_low,89.29428228082588,1.0,202.2,0.38880000000000003
2034,P0_baseline,Central,growing_central,120.03059309559086,1.0,271.8,0.38880000000000003
2034,P0_baseline,Central,growing_high,153.50490860937228,1.0,347.6,0.38880000000000003
2034,P0_baseline,Optimistic,frozen,84.58296250242681,1.0,219.0,0.38880000000000003
2034,P0_baseline,Optimistic,growing_low,78.09440647484338,1.0,202.2,0.38880000000000003
2034,P0_baseline,Optimistic,growing_central,104.97556716054615,1.0,271.8,0.38880000000000003
2034,P0_baseline,Optimistic,growing_high,134.25131399928566,1.0,347.6,0.38880000000000003
2034,P1_flatten,Conservative,frozen,120.16556591223916,1.0,219.0,0.38880000000000003
2034,P1_flatten,Conservative,growing_low,110.94738551349207,1.0,202.2,0.38880000000000003
2034,P1_flatten,Conservative,growing_central,149.1369900225872,1.0,271.8,0.38880000000000003
2034,P1_flatten,Conservative,growing_high,190.72854205979147,1.0,347.6,0.38880000000000003
2034,P1_flatten,Central,frozen,84.33159451178902,1.0,219.0,0.38880000000000003
2034,P1_flatten,Central,growing_low,77.86232150814493,1.0,202.2,0.38880000000000003
2034,P1_flatten,Central,growing_central,104.66359538038472,1.0,271.8,0.38880000000000003
2034,P1_flatten,Central,growing_high,133.8523390515884,1.0,347.6,0.38880000000000003
2034,P1_flatten,Optimistic,frozen,72.16471119907807,1.0,219.0,0.38880000000000003
2034,P1_flatten,Optimistic,growing_low,66.62878814818988,1.0,202.2,0.38880000000000003
2034,P1_flatten,Optimistic,growing_central,89.56332650186948,1.0,271.8,0.38880000000000003
2034,P1_flatten,Optimistic,growing_high,114.54088407671019,1.0,347.6,0.38880000000000003
2034,P2_sharpen,Conservative,frozen,138.114044025145,1.0,219.0,0.38880000000000003
2034,P2_sharpen,Conservative,growing_low,127.51899407253117,1.0,202.2,0.38880000000000003
2034,P2_sharpen,Conservative,growing_central,171.41277244764572,1.0,271.8,0.38880000000000003
2034,P2_sharpen,Conservative,growing_high,219.21662878146304,1.0,347.6,0.38880000000000003
2034,P2_sharpen,Central,frozen,104.77804092137154,1.0,219.0,0.38880000000000003
2034,P2_sharpen,Central,growing_low,96.7402733986362,1.0,202.2,0.38880000000000003
2034,P2_sharpen,Central,growing_central,130.0395959928255,1.0,271.8,0.38880000000000003
2034,P2_sharpen,Central,growing_high,166.30523755373855,1.0,347.6,0.38880000000000003
2034,P2_sharpen,Optimistic,frozen,93.4140820838003,0.9639094942106569,219.0,0.38880000000000003
2034,P2_sharpen,Optimistic,growing_low,86.24807030750877,0.9639094942106569,202.2,0.38880000000000003
2034,P2_sharpen,Optimistic,growing_central,115.93583338071652,0.9639094942106569,271.8,0.38880000000000003
2034,P2_sharpen,Optimistic,growing_high,148.26819603803187,0.9639094942106569,347.6,0.38880000000000003
2034,P2_emp,Conservative,frozen,124.55569242599658,1.0,219.0,0.38880000000000003
2034,P2_emp,Conservative,growing_low,115.00073519879686,1.0,202.2,0.38880000000000003
2034,P2_emp,Conservative,growing_central,154.58555799719576,1.0,271.8,0.38880000000000003
2034,P2_emp,Conservative,growing_high,197.69661501039457,1.0,347.6,0.38880000000000003
2034,P2_emp,Central,frozen,89.31952897189662,1.0,219.0,0.38880000000000003
2034,P2_emp,Central,growing_low,82.4676199000799,1.0,202.2,0.38880000000000003
2034,P2_emp,Central,growing_central,110.85410034046348,1.0,271.8,0.38880000000000003
2034,P2_emp,Central,growing_high,141.7692615097318,1.0,347.6,0.38880000000000003
2034,P2_emp,Optimistic,frozen,77.35562231073706,1.0,219.0,0.38880000000000003
2034,P2_emp,Optimistic,growing_low,71.4214923800504,1.0,202.2,0.38880000000000003
2034,P2_emp,Optimistic,growing_central,96.00574495003805,1.0,271.8,0.38880000000000003
2034,P2_emp,Optimistic,growing_high,122.77997404206485,1.0,347.6,0.38880000000000003
2034,P3_burst,Conservative,frozen,137.81150560052106,1.0,219.0,0.38880000000000003
2034,P3_burst,Conservative,growing_low,127.23966407500164,1.0,202.2,0.38880000000000003
2034,P3_burst,Conservative,growing_central,171.03729325215355,1.0,271.8,0.38880000000000003
2034,P3_burst,Conservative,growing_high,218.73643537324713,1.0,347.6,0.38880000000000003
2034,P3_burst,Central,frozen,97.15729690460033,1.0,219.0,0.38880000000000003
2034,P3_burst,Central,growing_low,89.70413440232961,1.0,202.2,0.38880000000000003
2034,P3_burst,Central,growing_central,120.58152191173684,1.0,271.8,0.38880000000000003
2034,P3_burst,Central,growing_high,154.20948129698206,1.0,347.6,0.38880000000000003
2034,P3_burst,Optimistic,frozen,83.35377488226452,1.0,219.0,0.38880000000000003
2034,P3_burst,Optimistic,growing_low,76.95951269951547,1.0,202.2,0.38880000000000003
2034,P3_burst,Optimistic,growing_central,103.4500274566187,1.0,271.8,0.38880000000000003
2034,P3_burst,Optimistic,growing_high,132.3003294478317,1.0,347.6,0.38880000000000003
2034,P_mix,Conservative,frozen,133.38495598438237,1.0,219.0,0.38880000000000003
2034,P_mix,Conservative,growing_low,123.15268538832018,1.0,202.2,0.38880000000000003
2034,P_mix,Conservative,growing_central,165.54352071486358,1.0,271.8,0.38880000000000003
2034,P_mix,Conservative,growing_high,211.71055114233474,1.0,347.6,0.38880000000000003
2034,P_mix,Central,frozen,99.22211080355072,1.0,219.0,0.38880000000000003
2034,P_mix,Central,growing_low,91.61055161862082,1.0,202.2,0.38880000000000003
2034,P_mix,Central,growing_central,123.14415395618761,1.0,271.8,0.38880000000000003
2034,P_mix,Central,growing_high,157.48678408819285,1.0,347.6,0.38880000000000003
2034,P_mix,Optimistic,frozen,87.62263313750093,1.0,219.0,0.38880000000000003
2034,P_mix,Optimistic,growing_low,80.90089689681595,1.0,202.2,0.38880000000000003
2034,P_mix,Optimistic,growing_central,108.74808989393951,1.0,271.8,0.38880000000000003
2034,P_mix,Optimistic,growing_high,139.07592364655397,1.0,347.6,0.38880000000000003
2035,P0_baseline,Conservative,frozen,131.19372160595924,1.0,219.0,0.40900000000000003
2035,P0_baseline,Conservative,growing_low,125.80219880023489,1.0,210.0,0.40900000000000003
2035,P0_baseline,Conservative,growing_central,170.73155551460448,1.0,285.0,0.40900000000000003
2035,P0_baseline,Conservative,growing_high,215.6609122289741,1.0,360.0,0.40900000000000003
2035,P0_baseline,Central,frozen,95.88254046691951,1.0,219.0,0.40900000000000003
2035,P0_baseline,Central,growing_low,91.94216209156667,1.0,210.0,0.40900000000000003
2035,P0_baseline,Central,growing_central,124.77864855284045,1.0,285.0,0.40900000000000003
2035,P0_baseline,Central,growing_high,157.61513501411426,1.0,360.0,0.40900000000000003
2035,P0_baseline,Optimistic,frozen,83.83519631360006,1.0,219.0,0.40900000000000003
2035,P0_baseline,Optimistic,growing_low,80.38991427331514,1.0,210.0,0.40900000000000003
2035,P0_baseline,Optimistic,growing_central,109.10059794235625,1.0,285.0,0.40900000000000003
2035,P0_baseline,Optimistic,growing_high,137.81128161139736,1.0,360.0,0.40900000000000003
2035,P1_flatten,Conservative,frozen,117.93979910632483,1.0,219.0,0.40900000000000003
2035,P1_flatten,Conservative,growing_low,113.0929580471608,1.0,210.0,0.40900000000000003
2035,P1_flatten,Conservative,growing_central,153.4833002068611,1.0,285.0,0.40900000000000003
2035,P1_flatten,Conservative,growing_high,193.87364236656137,1.0,360.0,0.40900000000000003
2035,P1_flatten,Central,frozen,82.75955917961709,1.0,219.0,0.40900000000000003
2035,P1_flatten,Central,growing_low,79.35848140511227,1.0,210.0,0.40900000000000003
2035,P1_flatten,Central,growing_central,107.70079619265238,1.0,285.0,0.40900000000000003
2035,P1_flatten,Central,growing_high,136.04311098019247,1.0,360.0,0.40900000000000003
2035,P1_flatten,Optimistic,frozen,70.75688908697562,1.0,219.0,0.40900000000000003
2035,P1_flatten,Optimistic,growing_low,67.8490717272369,1.0,210.0,0.40900000000000003
2035,P1_flatten,Optimistic,growing_central,92.08088305839293,1.0,285.0,0.40900000000000003
2035,P1_flatten,Optimistic,growing_high,116.31269438954897,1.0,360.0,0.40900000000000003
2035,P2_sharpen,Conservative,frozen,138.01740757024635,1.0,219.0,0.40900000000000003
2035,P2_sharpen,Conservative,growing_low,132.34545931393484,1.0,210.0,0.40900000000000003
2035,P2_sharpen,Conservative,growing_central,179.6116947831973,1.0,285.0,0.40900000000000003
2035,P2_sharpen,Conservative,growing_high,226.87793025245972,1.0,360.0,0.40900000000000003
2035,P2_sharpen,Central,frozen,104.9511018507728,1.0,219.0,0.40900000000000003
2035,P2_sharpen,Central,growing_low,100.63804287060407,1.0,210.0,0.40900000000000003
2035,P2_sharpen,Central,growing_central,136.58020103867693,1.0,285.0,0.40900000000000003
2035,P2_sharpen,Central,growing_high,172.52235920674983,1.0,360.0,0.40900000000000003
2035,P2_sharpen,Optimistic,frozen,93.41971491581648,0.8366450146827227,219.0,0.40900000000000003
2035,P2_sharpen,Optimistic,growing_low,89.58054854941308,0.8366450146827227,210.0,0.40900000000000003
2035,P2_sharpen,Optimistic,growing_central,121.57360160277489,0.8366450146827227,285.0,0.40900000000000003
2035,P2_sharpen,Optimistic,growing_high,153.56665465613668,0.8366450146827227,360.0,0.40900000000000003
2035,P2_emp,Conservative,frozen,123.28525915424486,1.0,219.0,0.40900000000000003
2035,P2_emp,Conservative,growing_low,118.21874165475536,1.0,210.0,0.40900000000000003
2035,P2_emp,Conservative,growing_central,160.43972081716797,1.0,285.0,0.40900000000000003
2035,P2_emp,Conservative,growing_high,202.66069997958056,1.0,360.0,0.40900000000000003
2035,P2_emp,Central,frozen,88.37154701657296,1.0,219.0,0.40900000000000003
2035,P2_emp,Central,growing_low,84.73983960493298,1.0,210.0,0.40900000000000003
2035,P2_emp,Central,growing_central,115.00406803526619,1.0,285.0,0.40900000000000003
2035,P2_emp,Central,growing_high,145.2682964655994,1.0,360.0,0.40900000000000003
2035,P2_emp,Optimistic,frozen,76.45980993430845,1.0,219.0,0.40900000000000003
2035,P2_emp,Optimistic,growing_low,73.31762596440538,1.0,210.0,0.40900000000000003
2035,P2_emp,Optimistic,growing_central,99.50249238026443,1.0,285.0,0.40900000000000003
2035,P2_emp,Optimistic,growing_high,125.68735879612349,1.0,360.0,0.40900000000000003
2035,P3_burst,Conservative,frozen,136.83312505377916,1.0,219.0,0.40900000000000003
2035,P3_burst,Conservative,growing_low,131.20984594198,1.0,210.0,0.40900000000000003
2035,P3_burst,Conservative,growing_central,178.07050520697288,1.0,285.0,0.40900000000000003
2035,P3_burst,Conservative,growing_high,224.93116447196573,1.0,360.0,0.40900000000000003
2035,P3_burst,Central,frozen,96.32884727416621,1.0,219.0,0.40900000000000003
2035,P3_burst,Central,growing_low,92.37012752317308,1.0,210.0,0.40900000000000003
2035,P3_burst,Central,growing_central,125.35945878144918,1.0,285.0,0.40900000000000003
2035,P3_burst,Central,growing_high,158.3487900397253,1.0,360.0,0.40900000000000003
2035,P3_burst,Optimistic,frozen,82.50974073759248,1.0,219.0,0.40900000000000003
2035,P3_burst,Optimistic,growing_low,79.11892947440376,1.0,210.0,0.40900000000000003
2035,P3_burst,Optimistic,growing_central,107.37569000097652,1.0,285.0,0.40900000000000003
2035,P3_burst,Optimistic,growing_high,135.63245052754928,1.0,360.0,0.40900000000000003
2035,P_mix,Conservative,frozen,132.33936930037112,1.0,219.0,0.40900000000000003
2035,P_mix,Conservative,growing_low,126.90076508254765,1.0,210.0,0.40900000000000003
2035,P_mix,Conservative,growing_central,172.22246689774323,1.0,285.0,0.40900000000000003
2035,P_mix,Conservative,growing_high,217.5441687129388,1.0,360.0,0.40900000000000003
2035,P_mix,Central,frozen,98.73924448986143,1.0,219.0,0.40900000000000003
2035,P_mix,Central,growing_low,94.68146731904521,1.0,210.0,0.40900000000000003
2035,P_mix,Central,growing_central,128.49627707584708,1.0,285.0,0.40900000000000003
2035,P_mix,Central,growing_high,162.31108683264893,1.0,360.0,0.40900000000000003
2035,P_mix,Optimistic,frozen,87.27567249568756,1.0,219.0,0.40900000000000003
2035,P_mix,Optimistic,growing_low,83.68900102326205,1.0,210.0,0.40900000000000003
2035,P_mix,Optimistic,growing_central,113.57792996014135,1.0,285.0,0.40900000000000003
2035,P_mix,Optimistic,growing_high,143.46685889702064,1.0,360.0,0.40900000000000003
2036,P0_baseline,Conservative,frozen,129.94744462458138,1.0,219.0,0.4292
2036,P0_baseline,Conservative,growing_low,132.91428125984584,1.0,224.0,0.4292
2036,P0_baseline,Conservative,growing_central,184.5372387134466,1.0,311.0,0.4292
2036,P0_baseline,Conservative,growing_high,237.34693082115322,1.0,400.0,0.4292
2036,P0_baseline,Central,frozen,95.05168914600092,1.0,219.0,0.4292
2036,P0_baseline,Central,growing_low,97.22181903517905,1.0,224.0,0.4292
2036,P0_baseline,Central,growing_central,134.98207910687805,1.0,311.0,0.4292
2036,P0_baseline,Central,growing_high,173.6103911342483,1.0,400.0,0.4292
2036,P0_baseline,Optimistic,frozen,83.08743012477336,1.0,219.0,0.4292
2036,P0_baseline,Optimistic,growing_low,84.9844034152933,1.0,224.0,0.4292
2036,P0_baseline,Optimistic,growing_central,117.99173867034024,1.0,311.0,0.4292
2036,P0_baseline,Optimistic,growing_high,151.75786324159517,1.0,400.0,0.4292
2036,P1_flatten,Conservative,frozen,116.0973448278566,1.0,219.0,0.4292
2036,P1_flatten,Conservative,growing_low,118.74796913899489,1.0,224.0,0.4292
2036,P1_flatten,Conservative,growing_central,164.86883215280093,1.0,311.0,0.4292
2036,P1_flatten,Conservative,growing_high,212.0499448910623,1.0,400.0,0.4292
2036,P1_flatten,Central,frozen,81.37745273338375,1.0,219.0,0.4292
2036,P1_flatten,Central,growing_low,83.23538544419159,1.0,224.0,0.4292
2036,P1_flatten,Central,growing_central,115.56341461224814,1.0,311.0,0.4292
2036,P1_flatten,Central,growing_high,148.63461686462784,1.0,400.0,0.4292
2036,P1_flatten,Optimistic,frozen,69.47348972956445,1.0,219.0,0.4292
2036,P1_flatten,Optimistic,growing_low,71.05964246311616,1.0,224.0,0.4292
2036,P1_flatten,Optimistic,growing_central,98.65870002691574,1.0,311.0,0.4292
2036,P1_flatten,Optimistic,growing_high,126.892218684136,1.0,400.0,0.4292
2036,P2_sharpen,Conservative,frozen,137.08431884882563,1.0,219.0,0.4292
2036,P2_sharpen,Conservative,growing_low,140.2140978179769,1.0,224.0,0.4292
2036,P2_sharpen,Conservative,growing_central,194.67225188120898,1.0,311.0,0.4292
2036,P2_sharpen,Conservative,growing_high,250.38231753210158,1.0,400.0,0.4292
2036,P2_sharpen,Central,frozen,104.72932108355329,1.0,219.0,0.4292
2036,P2_sharpen,Central,growing_low,107.12040147358876,1.0,224.0,0.4292
2036,P2_sharpen,Central,growing_central,148.7252002602058,1.0,311.0,0.4292
2036,P2_sharpen,Central,growing_high,191.28643120283706,1.0,400.0,0.4292
2036,P2_sharpen,Optimistic,frozen,92.9502272085089,0.711767064852535,219.0,0.4292
2036,P2_sharpen,Optimistic,growing_low,95.07237851463927,0.711767064852535,224.0,0.4292
2036,P2_sharpen,Optimistic,growing_central,131.99781124130718,0.711767064852535,311.0,0.4292
2036,P2_sharpen,Optimistic,growing_high,169.7721044904272,0.711767064852535,400.0,0.4292
2036,P2_emp,Conservative,frozen,122.02563816161957,1.0,219.0,0.4292
2036,P2_emp,Conservative,growing_low,124.81161163562916,1.0,224.0,0.4292
2036,P2_emp,Conservative,growing_central,173.28755008339584,1.0,311.0,0.4292
2036,P2_emp,Conservative,growing_high,222.87787792076637,1.0,400.0,0.4292
2036,P2_emp,Central,frozen,87.42671208489496,1.0,219.0,0.4292
2036,P2_emp,Central,growing_low,89.42275573980126,1.0,224.0,0.4292
2036,P2_emp,Central,growing_central,124.15391533517047,1.0,311.0,0.4292
2036,P2_emp,Central,growing_high,159.6834923925022,1.0,400.0,0.4292
2036,P2_emp,Optimistic,frozen,75.56422314430364,1.0,219.0,0.4292
2036,P2_emp,Optimistic,growing_low,77.28943371837451,1.0,224.0,0.4292
2036,P2_emp,Optimistic,growing_central,107.30809770720745,1.0,311.0,0.4292
2036,P2_emp,Optimistic,growing_high,138.01684592566878,1.0,400.0,0.4292
2036,P3_burst,Conservative,frozen,136.03704220883805,1.0,219.0,0.4292
2036,P3_burst,Conservative,growing_low,139.14291075241886,1.0,224.0,0.4292
2036,P3_burst,Conservative,growing_central,193.18502341072437,1.0,311.0,0.4292
2036,P3_burst,Conservative,growing_high,248.46948348646222,1.0,400.0,0.4292
2036,P3_burst,Central,frozen,95.58263657075796,1.0,219.0,0.4292
2036,P3_burst,Central,growing_low,97.76488854725929,1.0,224.0,0.4292
2036,P3_burst,Central,growing_central,135.7360729383823,1.0,311.0,0.4292
2036,P3_burst,Central,growing_high,174.58015812010584,1.0,400.0,0.4292
2036,P3_burst,Optimistic,frozen,81.71255463770194,1.0,219.0,0.4292
2036,P3_burst,Optimistic,growing_low,83.57813807691889,1.0,224.0,0.4292
2036,P3_burst,Optimistic,growing_central,116.03928991929362,1.0,311.0,0.4292
2036,P3_burst,Optimistic,growing_high,149.24667513735514,1.0,400.0,0.4292
2036,P_mix,Conservative,frozen,131.48793890454058,1.0,219.0,0.4292
2036,P_mix,Conservative,growing_low,134.48994664208718,1.0,224.0,0.4292
2036,P_mix,Conservative,growing_central,186.72488127539782,1.0,311.0,0.4292
2036,P_mix,Conservative,growing_high,240.16061900372708,1.0,400.0,0.4292
2036,P_mix,Central,frozen,98.35602427477872,1.0,219.0,0.4292
2036,P_mix,Central,growing_low,100.60159560525312,1.0,224.0,0.4292
2036,P_mix,Central,growing_central,139.6745367555077,1.0,311.0,0.4292
2036,P_mix,Central,growing_high,179.645706437952,1.0,400.0,0.4292
2036,P_mix,Optimistic,frozen,86.99651068743177,1.0,219.0,0.4292
2036,P_mix,Optimistic,growing_low,88.98273239262429,1.0,224.0,0.4292
2036,P_mix,Optimistic,growing_central,123.54299006297387,1.0,311.0,0.4292
2036,P_mix,Optimistic,growing_high,158.8977364154005,1.0,400.0,0.4292
2037,P0_baseline,Conservative,frozen,128.70116764320352,1.0,219.0,0.4494
2037,P0_baseline,Conservative,growing_low,139.86702237023945,1.0,238.0,0.4494
2037,P0_baseline,Conservative,growing_central,198.0470022637424,1.0,337.0,0.4494
2037,P0_baseline,Conservative,growing_high,258.57768841556873,1.0,440.0,0.4494
2037,P0_baseline,Central,frozen,94.22083782508233,1.0,219.0,0.4494
2037,P0_baseline,Central,growing_low,102.39524841264655,1.0,238.0,0.4494
2037,P0_baseline,Central,growing_central,144.988229895218,1.0,337.0,0.4494
2037,P0_baseline,Central,growing_high,189.30213992253982,1.0,440.0,0.4494
2037,P0_baseline,Optimistic,frozen,82.33966393594667,1.0,219.0,0.4494
2037,P0_baseline,Optimistic,growing_low,89.48328774774112,1.0,238.0,0.4494
2037,P0_baseline,Optimistic,growing_central,126.70532760919647,1.0,337.0,0.4494
2037,P0_baseline,Optimistic,growing_high,165.43128827313487,1.0,440.0,0.4494
2037,P1_flatten,Conservative,frozen,114.4728217711374,1.0,219.0,0.4494
2037,P1_flatten,Conservative,growing_low,124.40425379694385,1.0,238.0,0.4494
2037,P1_flatten,Conservative,growing_central,176.1522417208827,1.0,337.0,0.4494
2037,P1_flatten,Conservative,growing_high,229.99105743972814,1.0,440.0,0.4494
2037,P1_flatten,Central,frozen,80.10284044096781,1.0,219.0,0.4494
2037,P1_flatten,Central,growing_low,87.0524019404125,1.0,238.0,0.4494
2037,P1_flatten,Central,growing_central,123.26327501646645,1.0,337.0,0.4494
2037,P1_flatten,Central,growing_high,160.93721367135083,1.0,440.0,0.4494
2037,P1_flatten,Optimistic,frozen,68.25969024768041,1.0,219.0,0.4494
2037,P1_flatten,Optimistic,growing_low,74.1817638308125,1.0,238.0,0.4494
2037,P1_flatten,Optimistic,growing_central,105.03888407976393,1.0,337.0,0.4494
2037,P1_flatten,Optimistic,growing_high,137.1427566620063,1.0,440.0,0.4494
2037,P2_sharpen,Conservative,frozen,136.42774926843677,1.0,219.0,0.4494
2037,P2_sharpen,Conservative,growing_low,148.2639466935523,1.0,238.0,0.4494
2037,P2_sharpen,Conservative,growing_central,209.93676485599633,1.0,337.0,0.4494
2037,P2_sharpen,Conservative,growing_high,274.1014140553068,1.0,440.0,0.4494
2037,P2_sharpen,Central,frozen,104.65660844896263,1.0,219.0,0.4494
2037,P2_sharpen,Central,growing_low,113.73640552900962,1.0,238.0,0.4494
2037,P2_sharpen,Central,growing_central,161.04692715662287,1.0,337.0,0.4494
2037,P2_sharpen,Central,growing_high,210.2689850116144,1.0,440.0,0.4494
2037,P2_sharpen,Optimistic,frozen,92.29710699430862,0.5366807228161544,219.0,0.4494
2037,P2_sharpen,Optimistic,growing_low,100.30461856002489,0.5366807228161544,238.0,0.4494
2037,P2_sharpen,Optimistic,growing_central,142.0279682971781,0.5366807228161544,337.0,0.4494
2037,P2_sharpen,Optimistic,growing_high,185.43710994290316,0.5366807228161544,440.0,0.4494
2037,P2_emp,Conservative,frozen,120.70491217972987,1.0,219.0,0.4494
2037,P2_emp,Conservative,growing_low,131.17702784829092,1.0,238.0,0.4494
2037,P2_emp,Conservative,growing_central,185.7422621213195,1.0,337.0,0.4494
2037,P2_emp,Conservative,growing_high,242.51215232457145,1.0,440.0,0.4494
2037,P2_emp,Central,frozen,86.45284554107077,1.0,219.0,0.4494
2037,P2_emp,Central,growing_low,93.95332072499929,1.0,238.0,0.4494
2037,P2_emp,Central,growing_central,133.03474405178468,1.0,337.0,0.4494
2037,P2_emp,Central,growing_high,173.69521478571295,1.0,440.0,0.4494
2037,P2_emp,Optimistic,frozen,74.65032619329182,1.0,219.0,0.4494
2037,P2_emp,Optimistic,growing_low,81.12683851143129,1.0,238.0,0.4494
2037,P2_emp,Optimistic,growing_central,114.87287637963172,1.0,337.0,0.4494
2037,P2_emp,Optimistic,growing_high,149.98239052533518,1.0,440.0,0.4494
2037,P3_burst,Conservative,frozen,135.07507918876107,1.0,219.0,0.4494
2037,P3_burst,Conservative,growing_low,146.79392167545723,1.0,238.0,0.4494
2037,P3_burst,Conservative,growing_central,207.85525884297934,1.0,337.0,0.4494
2037,P3_burst,Conservative,growing_high,271.3837207445428,1.0,440.0,0.4494
2037,P3_burst,Central,frozen,94.75040495975726,1.0,219.0,0.4494
2037,P3_burst,Central,growing_low,102.97075972795538,1.0,238.0,0.4494
2037,P3_burst,Central,growing_central,145.80313457277717,1.0,337.0,0.4494
2037,P3_burst,Central,growing_high,190.3661104214301,1.0,440.0,0.4494
2037,P3_burst,Optimistic,frozen,80.85539673144997,1.0,219.0,0.4494
2037,P3_burst,Optimistic,growing_low,87.87024850267166,1.0,238.0,0.4494
2037,P3_burst,Optimistic,growing_central,124.42131825798467,1.0,337.0,0.4494
2037,P3_burst,Optimistic,growing_high,162.44919891250223,1.0,440.0,0.4494
2037,P_mix,Conservative,frozen,130.6665080949746,1.0,219.0,0.4494
2037,P_mix,Conservative,growing_low,142.00287181097698,1.0,238.0,0.4494
2037,P_mix,Conservative,growing_central,201.07129327856825,1.0,337.0,0.4494
2037,P_mix,Conservative,growing_high,262.5263176337389,1.0,440.0,0.4494
2037,P_mix,Central,frozen,97.99189688933875,1.0,219.0,0.4494
2037,P_mix,Central,growing_low,106.49347698476082,1.0,238.0,0.4494
2037,P_mix,Central,growing_central,150.79118379774957,1.0,337.0,0.4494
2037,P_mix,Central,growing_high,196.87869694661666,1.0,440.0,0.4494
2037,P_mix,Optimistic,frozen,86.6510680241552,0.8798035635258808,219.0,0.4494
2037,P_mix,Optimistic,growing_low,94.1687405924609,0.8798035635258808,238.0,0.4494
2037,P_mix,Optimistic,growing_central,133.3397713431064,0.8798035635258808,337.0,0.4494
2037,P_mix,Optimistic,growing_high,174.09347000286888,0.8798035635258808,440.0,0.4494
2038,P0_baseline,Conservative,frozen,127.45489066182559,1.0,219.0,0.4696
2038,P0_baseline,Conservative,growing_low,146.66042213141577,1.0,252.0,0.4696
2038,P0_baseline,Conservative,growing_central,211.26084616549176,1.0,363.0,0.4696
2038,P0_baseline,Conservative,growing_high,279.35318501222054,1.0,480.0,0.4696
2038,P0_baseline,Central,frozen,93.38998650416376,1.0,219.0,0.4696
2038,P0_baseline,Central,growing_low,107.46245022396926,1.0,252.0,0.4696
2038,P0_baseline,Central,growing_central,154.79710091786046,1.0,363.0,0.4696
2038,P0_baseline,Central,growing_high,204.69038137898903,1.0,480.0,0.4696
2038,P0_baseline,Optimistic,frozen,81.59185075389836,0.9878208798081372,219.0,0.4696
2038,P0_baseline,Optimistic,growing_low,93.8865131962666,0.9878208798081372,252.0,0.4696
2038,P0_baseline,Optimistic,growing_central,135.2412868660507,0.9878208798081372,363.0,0.4696
2038,P0_baseline,Optimistic,growing_high,178.83145370717446,0.9878208798081372,480.0,0.4696
2038,P1_flatten,Conservative,frozen,112.46153966637978,1.0,219.0,0.4696
2038,P1_flatten,Conservative,growing_low,129.40779906816303,1.0,252.0,0.4696
2038,P1_flatten,Conservative,growing_central,186.4088534196158,1.0,363.0,0.4696
2038,P1_flatten,Conservative,growing_high,246.49104584412007,1.0,480.0,0.4696
2038,P1_flatten,Central,frozen,78.64749941887258,1.0,219.0,0.4696
2038,P1_flatten,Central,growing_low,90.49849248199037,1.0,252.0,0.4696
2038,P1_flatten,Central,growing_central,130.36092369429568,1.0,363.0,0.4696
2038,P1_flatten,Central,growing_high,172.3780809180769,1.0,480.0,0.4696
2038,P1_flatten,Optimistic,frozen,66.93629523558958,1.0,219.0,0.4696
2038,P1_flatten,Optimistic,growing_low,77.02258629848664,1.0,252.0,0.4696
2038,P1_flatten,Optimistic,growing_central,110.94920169186767,1.0,363.0,0.4696
2038,P1_flatten,Optimistic,growing_high,146.7096881875936,1.0,480.0,0.4696
2038,P2_sharpen,Conservative,frozen,136.13166693066327,1.0,219.0,0.4696
2038,P2_sharpen,Conservative,growing_low,156.6446578380235,1.0,252.0,0.4696
2038,P2_sharpen,Conservative,growing_central,225.6428999809624,1.0,363.0,0.4696
2038,P2_sharpen,Conservative,growing_high,298.37077683433046,1.0,480.0,0.4696
2038,P2_sharpen,Central,frozen,104.75864522808706,1.0,219.0,0.4696
2038,P2_sharpen,Central,growing_low,120.5441945090317,1.0,252.0,0.4696
2038,P2_sharpen,Central,growing_central,173.6410420903909,1.0,363.0,0.4696
2038,P2_sharpen,Central,growing_high,229.60798954101276,1.0,480.0,0.4696
2038,P2_sharpen,Optimistic,frozen,91.33355433986222,0.35333641289457696,219.0,0.4696
2038,P2_sharpen,Optimistic,growing_low,105.09614471984146,0.35333641289457696,252.0,0.4696
2038,P2_sharpen,Optimistic,growing_central,151.38849417977164,0.35333641289457696,363.0,0.4696
2038,P2_sharpen,Optimistic,growing_high,200.18313279969803,0.35333641289457696,480.0,0.4696
2038,P2_emp,Conservative,frozen,119.24110643131935,1.0,219.0,0.4696
2038,P2_emp,Conservative,growing_low,137.20894438672363,1.0,252.0,0.4696
2038,P2_emp,Conservative,growing_central,197.64621750944715,1.0,363.0,0.4696
2038,P2_emp,Conservative,growing_high,261.35037026042596,1.0,480.0,0.4696
2038,P2_emp,Central,frozen,85.4140544299357,1.0,219.0,0.4696
2038,P2_emp,Central,growing_low,98.28466537143287,1.0,252.0,0.4696
2038,P2_emp,Central,growing_central,141.57672035646877,1.0,363.0,0.4696
2038,P2_emp,Central,growing_high,187.2088864217769,1.0,480.0,0.4696
2038,P2_emp,Optimistic,frozen,73.69834373677352,1.0,219.0,0.4696
2038,P2_emp,Optimistic,growing_low,84.8035736149175,1.0,252.0,0.4696
2038,P2_emp,Optimistic,growing_central,122.15752865958353,1.0,363.0,0.4696
2038,P2_emp,Optimistic,growing_high,161.53061640936667,1.0,480.0,0.4696
2038,P3_burst,Conservative,frozen,134.00329665732093,1.0,219.0,0.4696
2038,P3_burst,Conservative,growing_low,154.19557423582134,1.0,252.0,0.4696
2038,P3_burst,Conservative,growing_central,222.1150533635046,1.0,363.0,0.4696
2038,P3_burst,Conservative,growing_high,293.7058556872788,1.0,480.0,0.4696
2038,P3_burst,Central,frozen,93.86186516082002,1.0,219.0,0.4696
2038,P3_burst,Central,growing_low,108.00543388368332,1.0,252.0,0.4696
2038,P3_burst,Central,growing_central,155.5792559514962,1.0,363.0,0.4696
2038,P3_burst,Central,growing_high,205.72463596892058,1.0,480.0,0.4696
2038,P3_burst,Optimistic,frozen,79.95922303276362,1.0,219.0,0.4696
2038,P3_burst,Optimistic,growing_low,92.0078730787965,1.0,252.0,0.4696
2038,P3_burst,Optimistic,growing_central,132.5351505063616,1.0,363.0,0.4696
2038,P3_burst,Optimistic,growing_high,175.25309157865996,1.0,480.0,0.4696
2038,P_mix,Conservative,frozen,130.22156143518583,1.0,219.0,0.4696
2038,P_mix,Conservative,growing_low,149.84398850076178,1.0,252.0,0.4696
2038,P_mix,Conservative,growing_central,215.84669772133543,1.0,363.0,0.4696
2038,P_mix,Conservative,growing_high,285.41712095383195,1.0,480.0,0.4696
2038,P_mix,Central,frozen,97.81355395005156,1.0,219.0,0.4696
2038,P_mix,Central,growing_low,112.55258262745659,1.0,252.0,0.4696
2038,P_mix,Central,growing_central,162.1293154514553,1.0,363.0,0.4696
2038,P_mix,Central,growing_high,214.38587167134588,1.0,480.0,0.4696
2038,P_mix,Optimistic,frozen,86.23614896919658,0.782842578306012,219.0,0.4696
2038,P_mix,Optimistic,growing_low,99.23063717003443,0.782842578306012,252.0,0.4696
2038,P_mix,Optimistic,growing_central,142.93937020921626,0.782842578306012,363.0,0.4696
2038,P_mix,Optimistic,growing_high,189.01073746673225,0.782842578306012,480.0,0.4696
2039,P0_baseline,Conservative,frozen,126.20861368044783,1.0,219.0,0.4898
2039,P0_baseline,Conservative,growing_low,153.294480543375,1.0,266.0,0.4898
2039,P0_baseline,Conservative,growing_central,224.178770418695,1.0,389.0,0.4898
2039,P0_baseline,Conservative,growing_high,299.673420611109,1.0,520.0,0.4898
2039,P0_baseline,Central,frozen,92.55913518324525,1.0,219.0,0.4898
2039,P0_baseline,Central,growing_low,112.42342446914719,1.0,266.0,0.4898
2039,P0_baseline,Central,growing_central,164.40869217480548,1.0,389.0,0.4898
2039,P0_baseline,Central,growing_high,219.775115503596,1.0,520.0,0.4898
2039,P0_baseline,Optimistic,frozen,80.82126089390788,0.9694677266934466,219.0,0.4898
2039,P0_baseline,Optimistic,growing_low,98.16646300355934,0.9694677266934466,266.0,0.4898
2039,P0_baseline,Optimistic,growing_central,143.5592259713706,0.9694677266934466,389.0,0.4898
2039,P0_baseline,Optimistic,growing_high,191.9043637663566,0.9694677266934466,520.0,0.4898
2039,P1_flatten,Conservative,frozen,110.64817304772232,1.0,219.0,0.4898
2039,P1_flatten,Conservative,growing_low,134.39458461504174,1.0,266.0,0.4898
2039,P1_flatten,Conservative,growing_central,196.53944892951594,1.0,389.0,0.4898
2039,P1_flatten,Conservative,growing_high,262.72625563842746,1.0,520.0,0.4898
2039,P1_flatten,Central,frozen,77.29145353158204,1.0,219.0,0.4898
2039,P1_flatten,Central,growing_low,93.8791170748896,1.0,266.0,0.4898
2039,P1_flatten,Central,growing_central,137.28938549673705,1.0,389.0,0.4898
2039,P1_flatten,Central,growing_high,183.5230860110624,1.0,520.0,0.4898
2039,P1_flatten,Optimistic,frozen,65.67837340374052,1.0,219.0,0.4898
2039,P1_flatten,Optimistic,growing_low,79.77373207942912,1.0,266.0,0.4898
2039,P1_flatten,Optimistic,growing_central,116.66158563495462,1.0,389.0,0.4898
2039,P1_flatten,Optimistic,growing_high,155.94864917783136,1.0,520.0,0.4898
2039,P2_sharpen,Conservative,frozen,135.93753760043498,1.0,219.0,0.4898
2039,P2_sharpen,Conservative,growing_low,165.11134703979775,1.0,266.0,0.4898
2039,P2_sharpen,Conservative,growing_central,241.45982706195986,1.0,389.0,0.4898
2039,P2_sharpen,Conservative,growing_high,322.7740618823114,1.0,520.0,0.4898
2039,P2_sharpen,Central,frozen,104.9287864953811,1.0,219.0,0.4898
2039,P2_sharpen,Central,growing_low,127.44774980717523,1.0,266.0,0.4898
2039,P2_sharpen,Central,growing_central,186.3803559210194,1.0,389.0,0.4898
2039,P2_sharpen,Central,growing_high,249.14597706665836,1.0,520.0,0.4898
2039,P2_sharpen,Optimistic,frozen,90.14610645981367,0.28609043702640413,219.0,0.4898
2039,P2_sharpen,Optimistic,growing_low,109.4925311338376,0.28609043702640413,266.0,0.4898
2039,P2_sharpen,Optimistic,growing_central,160.12253613181517,0.28609043702640413,389.0,0.4898
2039,P2_sharpen,Optimistic,growing_high,214.04554958494572,0.28609043702640413,520.0,0.4898
2039,P2_emp,Conservative,frozen,117.59415246280898,1.0,219.0,0.4898
2039,P2_emp,Conservative,growing_low,142.83125367628855,1.0,266.0,0.4898
2039,P2_emp,Conservative,growing_central,208.87728451156482,1.0,389.0,0.4898
2039,P2_emp,Conservative,growing_high,279.2189921491355,1.0,520.0,0.4898
2039,P2_emp,Central,frozen,84.30174094117179,1.0,219.0,0.4898
2039,P2_emp,Central,growing_low,102.39389538973377,1.0,266.0,0.4898
2039,P2_emp,Central,growing_central,149.74144852107682,1.0,389.0,0.4898
2039,P2_emp,Central,growing_high,200.16851730323896,1.0,520.0,0.4898
2039,P2_emp,Optimistic,frozen,72.71104952252765,1.0,219.0,0.4898
2039,P2_emp,Optimistic,growing_low,88.31570398626647,1.0,266.0,0.4898
2039,P2_emp,Optimistic,growing_central,129.1534167317957,1.0,389.0,0.4898
2039,P2_emp,Optimistic,growing_high,172.6472408754081,1.0,520.0,0.4898
2039,P3_burst,Conservative,frozen,133.0257539467285,1.0,219.0,0.4898
2039,P3_burst,Conservative,growing_low,161.57466004488487,1.0,266.0,0.4898
2039,P3_burst,Conservative,growing_central,236.28775472729401,1.0,389.0,0.4898
2039,P3_burst,Conservative,growing_high,315.8602376817298,1.0,520.0,0.4898
2039,P3_burst,Central,frozen,93.01287640345183,1.0,219.0,0.4898
2039,P3_burst,Central,growing_low,112.97454394209218,1.0,266.0,0.4898
2039,P3_burst,Central,growing_central,165.2146526070446,1.0,389.0,0.4898
2039,P3_burst,Central,growing_high,220.8524919168719,1.0,520.0,0.4898
2039,P3_burst,Optimistic,frozen,79.08246718468139,1.0,219.0,0.4898
2039,P3_burst,Optimistic,growing_low,96.05450352111987,1.0,266.0,0.4898
2039,P3_burst,Optimistic,growing_central,140.47068372073548,1.0,389.0,0.4898
2039,P3_burst,Optimistic,growing_high,187.77572116910653,1.0,520.0,0.4898
2039,P_mix,Conservative,frozen,129.27888151427638,1.0,219.0,0.4898
2039,P_mix,Conservative,growing_low,157.0236643050115,1.0,266.0,0.4898
2039,P_mix,Conservative,growing_central,229.63235118289276,1.0,389.0,0.4898
2039,P_mix,Conservative,growing_high,306.96355428047366,1.0,520.0,0.4898
2039,P_mix,Central,frozen,97.40478021604973,1.0,219.0,0.4898
2039,P_mix,Central,growing_low,118.30900245419738,1.0,266.0,0.4898
2039,P_mix,Central,growing_central,173.01579682211576,1.0,389.0,0.4898
2039,P_mix,Central,growing_high,231.28075667737835,1.0,520.0,0.4898
2039,P_mix,Optimistic,frozen,85.48048949073964,0.6460764367836892,219.0,0.4898
2039,P_mix,Optimistic,growing_low,103.8256173723139,0.6460764367836892,266.0,0.4898
2039,P_mix,Optimistic,growing_central,151.83520736026355,0.6460764367836892,389.0,0.4898
2039,P_mix,Optimistic,growing_high,202.96737230677905,0.6460764367836892,520.0,0.4898
2040,P0_baseline,Conservative,frozen,124.96233669906995,1.0,219.0,0.51
2040,P0_baseline,Conservative,growing_low,159.76919760611682,1.0,280.0,0.51
2040,P0_baseline,Conservative,growing_central,236.80077502335172,1.0,415.0,0.51
2040,P0_baseline,Conservative,growing_high,319.53839521223364,1.0,560.0,0.51
2040,P0_baseline,Central,frozen,91.72828386232662,1.0,219.0,0.51
2040,P0_baseline,Central,growing_low,117.27817114818015,1.0,280.0,0.51
2040,P0_baseline,Central,growing_central,173.8230036660527,1.0,415.0,0.51
2040,P0_baseline,Central,growing_high,234.5563422963603,1.0,560.0,0.51
2040,P0_baseline,Optimistic,frozen,80.0179636463228,0.9347111637607683,219.0,0.51
2040,P0_baseline,Optimistic,growing_low,102.30607224187392,0.9347111637607683,280.0,0.51
2040,P0_baseline,Optimistic,growing_central,151.63221421563455,0.9347111637607683,415.0,0.51
2040,P0_baseline,Optimistic,growing_high,204.61214448374784,0.9347111637607683,560.0,0.51
2040,P1_flatten,Conservative,frozen,109.02703536289283,1.0,219.0,0.51
2040,P1_flatten,Conservative,growing_low,139.39529635438353,1.0,280.0,0.51
2040,P1_flatten,Conservative,growing_central,206.6037428109613,1.0,415.0,0.51
2040,P1_flatten,Conservative,growing_high,278.79059270876706,1.0,560.0,0.51
2040,P1_flatten,Central,frozen,76.0258261749907,1.0,219.0,0.51
2040,P1_flatten,Central,growing_low,97.20196953880088,1.0,280.0,0.51
2040,P1_flatten,Central,growing_central,144.0672048521513,1.0,415.0,0.51
2040,P1_flatten,Central,growing_high,194.40393907760176,1.0,560.0,0.51
2040,P1_flatten,Optimistic,frozen,64.47540295922498,1.0,219.0,0.51
2040,P1_flatten,Optimistic,growing_low,82.43430515334701,1.0,280.0,0.51
2040,P1_flatten,Optimistic,growing_central,122.1794165665679,1.0,415.0,0.51
2040,P1_flatten,Optimistic,growing_high,164.86861030669402,1.0,560.0,0.51
2040,P2_sharpen,Conservative,frozen,135.50222581349226,1.0,219.0,0.51
2040,P2_sharpen,Conservative,growing_low,173.24485492135997,1.0,280.0,0.51
2040,P2_sharpen,Conservative,growing_central,256.7736242584443,1.0,415.0,0.51
2040,P2_sharpen,Conservative,growing_high,346.48970984271995,1.0,560.0,0.51
2040,P2_sharpen,Central,frozen,104.98963778843935,1.0,219.0,0.51
2040,P2_sharpen,Central,growing_low,134.23332685279917,1.0,280.0,0.51
2040,P2_sharpen,Central,growing_central,198.95296658539877,1.0,415.0,0.51
2040,P2_sharpen,Central,growing_high,268.46665370559833,1.0,560.0,0.51
2040,P2_sharpen,Optimistic,frozen,88.70718414888844,0.22223938789860503,219.0,0.51
2040,P2_sharpen,Optimistic,growing_low,113.41557790725464,0.22223938789860503,280.0,0.51
2040,P2_sharpen,Optimistic,growing_central,168.0980886839667,0.22223938789860503,415.0,0.51
2040,P2_sharpen,Optimistic,growing_high,226.8311558145093,0.22223938789860503,560.0,0.51
2040,P2_emp,Conservative,frozen,115.89006181512087,1.0,219.0,0.51
2040,P2_emp,Conservative,growing_low,148.16994204672991,1.0,280.0,0.51
2040,P2_emp,Conservative,growing_central,219.6090212478318,1.0,415.0,0.51
2040,P2_emp,Conservative,growing_high,296.33988409345983,1.0,560.0,0.51
2040,P2_emp,Central,frozen,83.16091753836702,1.0,219.0,0.51
2040,P2_emp,Central,growing_low,106.32446077964734,1.0,280.0,0.51
2040,P2_emp,Central,growing_central,157.58804008412017,1.0,415.0,0.51
2040,P2_emp,Central,growing_high,212.64892155929468,1.0,560.0,0.51
2040,P2_emp,Optimistic,frozen,71.7057170415032,1.0,219.0,0.51
2040,P2_emp,Optimistic,growing_low,91.67854233616849,1.0,280.0,0.51
2040,P2_emp,Optimistic,growing_central,135.88069667682115,1.0,415.0,0.51
2040,P2_emp,Optimistic,growing_high,183.35708467233698,1.0,560.0,0.51
2040,P3_burst,Conservative,frozen,131.930710685043,1.0,219.0,0.51
2040,P3_burst,Conservative,growing_low,168.67853420918743,1.0,280.0,0.51
2040,P3_burst,Conservative,growing_central,250.00568463147422,1.0,415.0,0.51
2040,P3_burst,Conservative,growing_high,337.35706841837487,1.0,560.0,0.51
2040,P3_burst,Central,frozen,92.10424142417696,1.0,219.0,0.51
2040,P3_burst,Central,growing_low,117.75884748296598,1.0,280.0,0.51
2040,P3_burst,Central,growing_central,174.53543466225315,1.0,415.0,0.51
2040,P3_burst,Central,growing_high,235.51769496593195,1.0,560.0,0.51
2040,P3_burst,Optimistic,frozen,78.16497718287378,1.0,219.0,0.51
2040,P3_burst,Optimistic,growing_low,99.93695712878839,1.0,280.0,0.51
2040,P3_burst,Optimistic,growing_central,148.12084717302562,1.0,415.0,0.51
2040,P3_burst,Optimistic,growing_high,199.87391425757679,1.0,560.0,0.51
2040,P_mix,Conservative,frozen,128.59934110745576,1.0,219.0,0.51
2040,P_mix,Conservative,growing_low,164.4192489045097,1.0,280.0,0.51
2040,P_mix,Conservative,growing_central,243.69281534061253,1.0,415.0,0.51
2040,P_mix,Conservative,growing_high,328.8384978090194,1.0,560.0,0.51
2040,P_mix,Central,frozen,97.13541840468379,1.0,219.0,0.51
2040,P_mix,Central,growing_low,124.19140252653636,1.0,280.0,0.51
2040,P_mix,Central,growing_central,184.06940017325925,1.0,415.0,0.51
2040,P_mix,Central,growing_high,248.38280505307273,1.0,560.0,0.51
2040,P_mix,Optimistic,frozen,84.4217484147626,0.42853530421892677,219.0,0.51
2040,P_mix,Optimistic,growing_low,107.93648199147731,0.42853530421892677,280.0,0.51
2040,P_mix,Optimistic,growing_central,159.97728580879672,0.42853530421892677,415.0,0.51
2040,P_mix,Optimistic,growing_high,215.87296398295462,0.42853530421892677,560.0,0.51
2041,P0_baseline,Conservative,frozen,123.71605971769203,1.0,219.0,0.515
2041,P0_baseline,Conservative,growing_low,170.60388143718265,1.0,302.0,0.515
2041,P0_baseline,Conservative,growing_central,250.5391437661937,1.0,443.5,0.515
2041,P0_baseline,Conservative,growing_high,332.7340601539754,1.0,589.0,0.515
2041,P0_baseline,Central,frozen,90.89743254140807,1.0,219.0,0.515
2041,P0_baseline,Central,growing_low,125.34714441783214,1.0,302.0,0.515
2041,P0_baseline,Central,growing_central,184.07767731559122,1.0,443.5,0.515
2041,P0_baseline,Central,growing_high,244.46843729173222,1.0,589.0,0.515
2041,P0_baseline,Optimistic,frozen,79.1363786600643,0.8546757676901509,219.0,0.515
2041,P0_baseline,Optimistic,growing_low,109.12870481890147,0.8546757676901509,302.0,0.515
2041,P0_baseline,Optimistic,growing_central,160.26020061981058,0.8546757676901509,443.5,0.515
2041,P0_baseline,Optimistic,growing_high,212.83710972957937,0.8546757676901509,589.0,0.515
2041,P1_flatten,Conservative,frozen,107.76704259806817,1.0,219.0,0.515
2041,P1_flatten,Conservative,growing_low,148.61025965578355,1.0,302.0,0.515
2041,P1_flatten,Conservative,growing_central,218.24056343490062,1.0,443.5,0.515
2041,P1_flatten,Conservative,growing_high,289.83921502402814,1.0,589.0,0.515
2041,P1_flatten,Central,frozen,75.16835187016322,1.0,219.0,0.515
2041,P1_flatten,Central,growing_low,103.65681399447168,1.0,302.0,0.515
2041,P1_flatten,Central,growing_central,152.22449339916616,1.0,443.5,0.515
2041,P1_flatten,Central,growing_high,202.1651107375623,1.0,589.0,0.515
2041,P1_flatten,Optimistic,frozen,63.6969138671789,1.0,219.0,0.515
2041,P1_flatten,Optimistic,growing_low,87.83775336935174,1.0,302.0,0.515
2041,P1_flatten,Optimistic,growing_central,128.99352191823672,1.0,443.5,0.515
2041,P1_flatten,Optimistic,growing_high,171.31270441903368,1.0,589.0,0.515
2041,P2_sharpen,Conservative,frozen,134.58627638447396,1.0,219.0,0.515
2041,P2_sharpen,Conservative,growing_low,185.59386058498237,1.0,302.0,0.515
2041,P2_sharpen,Conservative,growing_central,272.5525734087406,1.0,443.5,0.515
2041,P2_sharpen,Conservative,growing_high,361.9694830614391,1.0,589.0,0.515
2041,P2_sharpen,Central,frozen,104.49726714817618,1.0,219.0,0.515
2041,P2_sharpen,Central,growing_low,144.10125424086397,1.0,302.0,0.515
2041,P2_sharpen,Central,growing_central,211.61889488683167,1.0,443.5,0.515
2041,P2_sharpen,Central,growing_high,281.04516141678437,1.0,589.0,0.515
2041,P2_sharpen,Optimistic,frozen,86.83717984868083,0.1532822925774448,219.0,0.515
2041,P2_sharpen,Optimistic,growing_low,119.74807449452793,0.1532822925774448,302.0,0.515
2041,P2_sharpen,Optimistic,growing_central,175.85520211365275,0.1532822925774448,443.5,0.515
2041,P2_sharpen,Optimistic,growing_high,233.54839694462564,0.1532822925774448,589.0,0.515
2041,P2_emp,Conservative,frozen,114.64645844435388,1.0,219.0,0.515
2041,P2_emp,Conservative,growing_low,158.09694269495375,1.0,302.0,0.515
2041,P2_emp,Conservative,growing_central,232.1721658450728,1.0,443.5,0.515
2041,P2_emp,Conservative,growing_high,308.3413882361847,1.0,589.0,0.515
2041,P2_emp,Central,frozen,82.35469693810062,1.0,219.0,0.515
2041,P2_emp,Central,growing_low,113.56675102879628,1.0,302.0,0.515
2041,P2_emp,Central,growing_central,166.77766252076538,1.0,443.5,0.515
2041,P2_emp,Central,growing_high,221.49276939059936,1.0,589.0,0.515
2041,P2_emp,Optimistic,frozen,70.99126693969757,1.0,219.0,0.515
2041,P2_emp,Optimistic,growing_low,97.89663294880671,1.0,302.0,0.515
2041,P2_emp,Optimistic,growing_central,143.76541957879394,1.0,443.5,0.515
2041,P2_emp,Optimistic,growing_high,190.93085035379852,1.0,589.0,0.515
2041,P3_burst,Conservative,frozen,130.7193962894584,1.0,219.0,0.515
2041,P3_burst,Conservative,growing_low,180.26145059094262,1.0,302.0,0.515
2041,P3_burst,Conservative,growing_central,264.7216997916657,1.0,443.5,0.515
2041,P3_burst,Conservative,growing_high,351.56951787438805,1.0,589.0,0.515
2041,P3_burst,Central,frozen,91.26397281381159,1.0,219.0,0.515
2041,P3_burst,Central,growing_low,125.85260177977672,1.0,302.0,0.515
2041,P3_burst,Central,growing_central,184.8199632097052,1.0,443.5,0.515
2041,P3_burst,Central,growing_high,245.45424651751156,1.0,589.0,0.515
2041,P3_burst,Optimistic,frozen,77.37965923630553,1.0,219.0,0.515
2041,P3_burst,Optimistic,growing_low,106.706196755088,1.0,302.0,0.515
2041,P3_burst,Optimistic,growing_central,156.70264324795207,1.0,443.5,0.515
2041,P3_burst,Optimistic,growing_high,208.11241685015506,1.0,589.0,0.515
2041,P_mix,Conservative,frozen,127.5777644648395,1.0,219.0,0.515
2041,P_mix,Conservative,growing_low,175.92915465014397,1.0,302.0,0.515
2041,P_mix,Conservative,growing_central,258.35953671304253,1.0,443.5,0.515
2041,P_mix,Conservative,growing_high,343.120106254751,1.0,589.0,0.515
2041,P_mix,Central,frozen,96.53550813084406,1.0,219.0,0.515
2041,P_mix,Central,growing_low,133.122024911027,1.0,302.0,0.515
2041,P_mix,Central,growing_central,195.495424000134,1.0,443.5,0.515
2041,P_mix,Central,growing_high,259.63202871720165,1.0,589.0,0.515
2041,P_mix,Optimistic,frozen,82.94116004805919,0.35446275934751087,219.0,0.515
2041,P_mix,Optimistic,growing_low,114.37548097951542,0.35446275934751087,302.0,0.515
2041,P_mix,Optimistic,growing_central,167.96531726627512,0.35446275934751087,443.5,0.515
2041,P_mix,Optimistic,growing_high,223.0700605858761,0.35446275934751087,589.0,0.515
2042,P0_baseline,Conservative,frozen,122.46978273631413,1.0,219.0,0.52
2042,P0_baseline,Conservative,growing_low,181.18817171947845,1.0,324.0,0.52
2042,P0_baseline,Conservative,growing_central,263.9531390481291,1.0,472.0,0.52
2042,P0_baseline,Conservative,growing_high,345.5996608723385,1.0,618.0,0.52
2042,P0_baseline,Central,frozen,90.06658122048947,1.0,219.0,0.52
2042,P0_baseline,Central,growing_low,133.24918865497074,1.0,324.0,0.52
2042,P0_baseline,Central,growing_central,194.11610199119195,1.0,472.0,0.52
2042,P0_baseline,Central,growing_high,254.16048947151825,1.0,618.0,0.52
2042,P0_baseline,Optimistic,frozen,78.12759729414424,0.7454132718166904,219.0,0.52
2042,P0_baseline,Optimistic,growing_low,115.58603435298052,0.7454132718166904,324.0,0.52
2042,P0_baseline,Optimistic,growing_central,168.3845932549593,0.7454132718166904,472.0,0.52
2042,P0_baseline,Optimistic,growing_high,220.4696581177221,0.7454132718166904,618.0,0.52
2042,P1_flatten,Conservative,frozen,106.50397692028643,1.0,219.0,0.52
2042,P1_flatten,Conservative,growing_low,157.56752749850597,1.0,324.0,0.52
2042,P1_flatten,Conservative,growing_central,229.5428178373297,1.0,472.0,0.52
2042,P1_flatten,Conservative,growing_high,300.5454691175206,1.0,618.0,0.52
2042,P1_flatten,Central,frozen,74.30917395385106,1.0,219.0,0.52
2042,P1_flatten,Central,growing_low,109.93686009610843,1.0,324.0,0.52
2042,P1_flatten,Central,growing_central,160.15493199186167,1.0,472.0,0.52
2042,P1_flatten,Central,growing_high,209.69438129442904,1.0,618.0,0.52
2042,P1_flatten,Optimistic,frozen,62.91716675034318,1.0,219.0,0.52
2042,P1_flatten,Optimistic,growing_low,93.08293163064471,1.0,324.0,0.52
2042,P1_flatten,Optimistic,growing_central,135.60229546192687,1.0,472.0,0.52
2042,P1_flatten,Optimistic,growing_high,177.54707329548899,1.0,618.0,0.52
2042,P2_sharpen,Conservative,frozen,133.92815595879182,1.0,219.0,0.52
2042,P2_sharpen,Conservative,growing_low,198.14028552807557,1.0,324.0,0.52
2042,P2_sharpen,Conservative,growing_central,288.64881101620887,1.0,472.0,0.52
2042,P2_sharpen,Conservative,growing_high,377.93424832207006,1.0,618.0,0.52
2042,P2_sharpen,Central,frozen,104.1225601368524,1.0,219.0,0.52
2042,P2_sharpen,Central,growing_low,154.04433554493232,1.0,324.0,0.52
2042,P2_sharpen,Central,growing_central,224.41026659632118,1.0,472.0,0.52
2042,P2_sharpen,Central,growing_high,293.82530668755606,1.0,618.0,0.52
2042,P2_sharpen,Optimistic,frozen,84.97548417349867,0.14501875966828323,219.0,0.52
2042,P2_sharpen,Optimistic,growing_low,125.71715466764189,0.14501875966828323,324.0,0.52
2042,P2_sharpen,Optimistic,growing_central,183.1435092689104,0.14501875966828323,472.0,0.52
2042,P2_sharpen,Optimistic,growing_high,239.79383205124284,0.14501875966828323,618.0,0.52
2042,P2_emp,Conservative,frozen,113.47936409907331,1.0,219.0,0.52
2042,P2_emp,Conservative,growing_low,167.88727839314956,1.0,324.0,0.52
2042,P2_emp,Conservative,growing_central,244.57652901718086,1.0,472.0,0.52
2042,P2_emp,Conservative,growing_high,320.229438416563,1.0,618.0,0.52
2042,P2_emp,Central,frozen,81.58435606531602,1.0,219.0,0.52
2042,P2_emp,Central,growing_low,120.70014321991957,1.0,324.0,0.52
2042,P2_emp,Central,growing_central,175.8347765425989,1.0,472.0,0.52
2042,P2_emp,Central,growing_high,230.22434725280954,1.0,618.0,0.52
2042,P2_emp,Optimistic,frozen,70.29843014567875,1.0,219.0,0.52
2042,P2_emp,Optimistic,growing_low,104.0031569278535,1.0,324.0,0.52
2042,P2_emp,Optimistic,growing_central,151.51077182082363,1.0,472.0,0.52
2042,P2_emp,Optimistic,growing_high,198.37639191794278,1.0,618.0,0.52
2042,P3_burst,Conservative,frozen,129.45568691063383,1.0,219.0,0.52
2042,P3_burst,Conservative,growing_low,191.52348200477334,1.0,324.0,0.52
2042,P3_burst,Conservative,growing_central,279.0095169946081,1.0,472.0,0.52
2042,P3_burst,Conservative,growing_high,365.31330826836404,1.0,618.0,0.52
2042,P3_burst,Central,frozen,90.3968572102276,1.0,219.0,0.52
2042,P3_burst,Central,growing_low,133.7378161466381,1.0,324.0,0.52
2042,P3_burst,Central,growing_central,194.82792969510245,1.0,472.0,0.52
2042,P3_burst,Central,growing_high,255.0925011685875,1.0,618.0,0.52
2042,P3_burst,Optimistic,frozen,76.57307608917154,0.9891620214861863,219.0,0.52
2042,P3_burst,Optimistic,growing_low,113.286194762062,0.9891620214861863,324.0,0.52
2042,P3_burst,Optimistic,growing_central,165.03420965337426,0.9891620214861863,472.0,0.52
2042,P3_burst,Optimistic,growing_high,216.08292704615528,0.9891620214861863,618.0,0.52
2042,P_mix,Conservative,frozen,126.55575428282937,1.0,219.0,0.52
2042,P_mix,Conservative,growing_low,187.23317071980236,1.0,324.0,0.52
2042,P_mix,Conservative,growing_central,272.7594338881072,1.0,472.0,0.52
2042,P_mix,Conservative,growing_high,357.1299367433267,1.0,618.0,0.52
2042,P_mix,Central,frozen,95.93677761193314,1.0,219.0,0.52
2042,P_mix,Central,growing_low,141.93386276833945,1.0,324.0,0.52
2042,P_mix,Central,growing_central,206.76784946498833,1.0,472.0,0.52
2042,P_mix,Central,growing_high,270.7257012062771,1.0,618.0,0.52
2042,P_mix,Optimistic,frozen,81.33185624234086,0.27996409825443463,219.0,0.52
2042,P_mix,Optimistic,growing_low,120.32658183798375,0.27996409825443463,324.0,0.52
2042,P_mix,Optimistic,growing_central,175.29057601088994,0.27996409825443463,472.0,0.52
2042,P_mix,Optimistic,growing_high,229.5118135057838,0.27996409825443463,618.0,0.52
2043,P0_baseline,Conservative,frozen,121.22350575493621,1.0,219.0,0.525
2043,P0_baseline,Conservative,growing_low,191.52206845300424,1.0,346.0,0.525
2043,P0_baseline,Conservative,growing_central,277.0427608691579,1.0,500.5,0.525
2043,P0_baseline,Conservative,growing_high,358.135197367323,1.0,647.0,0.525
2043,P0_baseline,Central,frozen,89.23572989957086,1.0,219.0,0.525
2043,P0_baseline,Central,growing_low,140.98430385959597,1.0,346.0,0.525
2043,P0_baseline,Central,growing_central,203.93827769285488,1.0,500.5,0.525
2043,P0_baseline,Central,growing_high,263.6324988357185,1.0,647.0,0.525
2043,P0_baseline,Optimistic,frozen,76.92507299390543,0.6250573292352205,219.0,0.525
2043,P0_baseline,Optimistic,growing_low,121.53459020954921,0.6250573292352205,346.0,0.525
2043,P0_baseline,Optimistic,growing_central,175.8036485545647,0.6250573292352205,500.5,0.525
2043,P0_baseline,Optimistic,growing_high,227.26265857103567,0.6250573292352205,647.0,0.525
2043,P1_flatten,Conservative,frozen,105.24798200563838,1.0,219.0,0.525
2043,P1_flatten,Conservative,growing_low,166.28219988105425,1.0,346.0,0.525
2043,P1_flatten,Conservative,growing_central,240.53248855626492,1.0,500.5,0.525
2043,P1_flatten,Conservative,growing_high,310.93810208971706,1.0,647.0,0.525
2043,P1_flatten,Central,frozen,73.45416818578437,1.0,219.0,0.525
2043,P1_flatten,Central,growing_low,116.05087759032597,1.0,346.0,0.525
2043,P1_flatten,Central,growing_central,167.87128391317387,1.0,500.5,0.525
2043,P1_flatten,Central,growing_high,217.0084329506963,1.0,647.0,0.525
2043,P1_flatten,Optimistic,frozen,62.14052534599219,1.0,219.0,0.525
2043,P1_flatten,Optimistic,growing_low,98.1763551128461,1.0,346.0,0.525
2043,P1_flatten,Optimistic,growing_central,142.01521888433373,1.0,500.5,0.525
2043,P1_flatten,Optimistic,growing_high,183.58410912720066,1.0,647.0,0.525
2043,P2_sharpen,Conservative,frozen,133.04242388547567,1.0,219.0,0.525
2043,P2_sharpen,Conservative,growing_low,210.19487974600264,1.0,346.0,0.525
2043,P2_sharpen,Conservative,growing_central,304.0535760487698,1.0,500.5,0.525
2043,P2_sharpen,Conservative,growing_high,393.05227513197605,1.0,647.0,0.525
2043,P2_sharpen,Central,frozen,103.64631616180155,1.0,219.0,0.525
2043,P2_sharpen,Central,growing_low,163.75171411864537,1.0,346.0,0.525
2043,P2_sharpen,Central,growing_central,236.87206045197112,1.0,500.5,0.525
2043,P2_sharpen,Central,growing_high,306.20623998486576,1.0,647.0,0.525
2043,P2_sharpen,Optimistic,frozen,83.02252399496719,0.13768640383495284,219.0,0.525
2043,P2_sharpen,Optimistic,growing_low,131.16800594638653,0.13768640383495284,346.0,0.525
2043,P2_sharpen,Optimistic,growing_central,189.73869068256204,0.13768640383495284,500.5,0.525
2043,P2_sharpen,Optimistic,growing_high,245.27658915408117,0.13768640383495284,647.0,0.525
2043,P2_emp,Conservative,frozen,112.28860443843517,1.0,219.0,0.525
2043,P2_emp,Conservative,growing_low,177.40574034565554,1.0,346.0,0.525
2043,P2_emp,Conservative,growing_central,256.6230434768804,1.0,500.5,0.525
2043,P2_emp,Conservative,growing_high,331.7384797793039,1.0,647.0,0.525
2043,P2_emp,Central,frozen,80.80333773448761,1.0,219.0,0.525
2043,P2_emp,Central,growing_low,127.66189432024069,1.0,346.0,0.525
2043,P2_emp,Central,growing_central,184.66698874936554,1.0,500.5,0.525
2043,P2_emp,Central,growing_high,238.72036307860037,1.0,647.0,0.525
2043,P2_emp,Optimistic,frozen,69.58974199876648,0.987405614050597,219.0,0.525
2043,P2_emp,Optimistic,growing_low,109.94543713047123,0.987405614050597,346.0,0.525
2043,P2_emp,Optimistic,growing_central,159.03957018439553,0.987405614050597,500.5,0.525
2043,P2_emp,Optimistic,growing_high,205.59161220640144,0.987405614050597,647.0,0.525
2043,P3_burst,Conservative,frozen,128.1878397924554,1.0,219.0,0.525
2043,P3_burst,Conservative,growing_low,202.52508022004372,1.0,346.0,0.525
2043,P3_burst,Conservative,growing_central,292.95896719691297,1.0,500.5,0.525
2043,P3_burst,Conservative,growing_high,378.7101933594459,1.0,647.0,0.525
2043,P3_burst,Central,frozen,89.52700362765033,1.0,219.0,0.525
2043,P3_burst,Central,growing_low,141.44448974962106,1.0,346.0,0.525
2043,P3_burst,Central,growing_central,204.60395121296344,1.0,500.5,0.525
2043,P3_burst,Central,growing_high,264.493019849725,1.0,647.0,0.525
2043,P3_burst,Optimistic,frozen,75.75262806992316,0.9891686819382036,219.0,0.525
2043,P3_burst,Optimistic,growing_low,119.68223430225302,0.9891686819382036,346.0,0.525
2043,P3_burst,Optimistic,growing_central,173.12415684473305,0.9891686819382036,500.5,0.525
2043,P3_burst,Optimistic,growing_high,223.7988600969876,0.9891686819382036,647.0,0.525
2043,P_mix,Conservative,frozen,125.55692790393263,1.0,219.0,0.525
2043,P_mix,Conservative,growing_low,198.3684797021036,1.0,346.0,0.525
2043,P_mix,Conservative,growing_central,286.9463124014534,1.0,500.5,0.525
2043,P_mix,Conservative,growing_high,370.9375906568238,1.0,647.0,0.525
2043,P_mix,Central,frozen,95.34838946806155,1.0,219.0,0.525
2043,P_mix,Central,growing_low,150.6417477440607,1.0,346.0,0.525
2043,P_mix,Central,growing_central,217.90807730029593,1.0,500.5,0.525
2043,P_mix,Central,growing_high,281.691360665917,1.0,647.0,0.525
2043,P_mix,Optimistic,frozen,79.58313627299026,0.24833615005920523,219.0,0.525
2043,P_mix,Optimistic,growing_low,125.73408744499832,0.24833615005920523,346.0,0.525
2043,P_mix,Optimistic,growing_central,181.87835481566955,0.24833615005920523,500.5,0.525
2043,P_mix,Optimistic,growing_high,235.11547565582057,0.24833615005920523,647.0,0.525
2044,P0_baseline,Conservative,frozen,119.9772287735584,1.0,219.0,0.53
2044,P0_baseline,Conservative,growing_low,201.60557163776025,1.0,368.0,0.53
2044,P0_baseline,Conservative,growing_central,289.80800922928034,1.0,529.0,0.53
2044,P0_baseline,Conservative,growing_high,370.3406696389291,1.0,676.0,0.53
2044,P0_baseline,Central,frozen,88.40487857865223,1.0,219.0,0.53
2044,P0_baseline,Central,growing_low,148.5524900317079,1.0,368.0,0.53
2044,P0_baseline,Central,growing_central,213.54420442058006,1.0,529.0,0.53
2044,P0_baseline,Central,growing_high,272.88446538433294,1.0,676.0,0.53
2044,P0_baseline,Optimistic,frozen,75.52715915573654,0.5202571269711097,219.0,0.53
2044,P0_baseline,Optimistic,growing_low,126.91321721146598,0.5202571269711097,368.0,0.53
2044,P0_baseline,Optimistic,growing_central,182.43774974148232,0.5202571269711097,529.0,0.53
2044,P0_baseline,Optimistic,growing_high,233.13406205149727,0.5202571269711097,676.0,0.53
2044,P1_flatten,Conservative,frozen,103.87179900982976,1.0,219.0,0.53
2044,P1_flatten,Conservative,growing_low,174.542566372682,1.0,368.0,0.53
2044,P1_flatten,Conservative,growing_central,250.90493916073032,1.0,529.0,0.53
2044,P1_flatten,Conservative,growing_high,320.6271056193832,1.0,676.0,0.53
2044,P1_flatten,Central,frozen,72.54455303451907,1.0,219.0,0.53
2044,P1_flatten,Central,growing_low,121.901349391338,1.0,368.0,0.53
2044,P1_flatten,Central,growing_central,175.23318975004835,1.0,529.0,0.53
2044,P1_flatten,Central,growing_high,223.9274787732187,1.0,676.0,0.53
2044,P1_flatten,Optimistic,frozen,61.332696580197336,1.0,219.0,0.53
2044,P1_flatten,Optimistic,growing_low,103.06133489275169,1.0,368.0,0.53
2044,P1_flatten,Optimistic,growing_central,148.15066890833057,1.0,529.0,0.53
2044,P1_flatten,Optimistic,growing_high,189.31919127038083,1.0,676.0,0.53
2044,P2_sharpen,Conservative,frozen,132.19709350484732,1.0,219.0,0.53
2044,P2_sharpen,Conservative,growing_low,222.13940826385303,1.0,368.0,0.53
2044,P2_sharpen,Conservative,growing_central,319.3253993792887,1.0,529.0,0.53
2044,P2_sharpen,Conservative,growing_high,408.0604347455561,1.0,676.0,0.53
2044,P2_sharpen,Central,frozen,103.1885168497976,1.0,219.0,0.53
2044,P2_sharpen,Central,growing_low,173.39440274303888,1.0,368.0,0.53
2044,P2_sharpen,Central,growing_central,249.25445394311836,1.0,529.0,0.53
2044,P2_sharpen,Central,growing_high,318.5179789518866,1.0,676.0,0.53
2044,P2_sharpen,Optimistic,frozen,81.0278283238944,0.12834384840476823,219.0,0.53
2044,P2_sharpen,Optimistic,growing_low,136.15635079083626,0.12834384840476823,368.0,0.53
2044,P2_sharpen,Optimistic,growing_central,195.7247542618271,0.12834384840476823,529.0,0.53
2044,P2_sharpen,Optimistic,growing_high,250.11329656142746,0.12834384840476823,676.0,0.53
2044,P2_emp,Conservative,frozen,110.89460557300515,1.0,219.0,0.53
2044,P2_emp,Conservative,growing_low,186.34344680760688,1.0,368.0,0.53
2044,P2_emp,Conservative,growing_central,267.8687047859348,1.0,529.0,0.53
2044,P2_emp,Conservative,growing_high,342.3048098965821,1.0,676.0,0.53
2044,P2_emp,Central,frozen,79.93047292453063,1.0,219.0,0.53
2044,P2_emp,Central,growing_low,134.3123928594853,1.0,368.0,0.53
2044,P2_emp,Central,growing_central,193.07406473551006,1.0,529.0,0.53
2044,P2_emp,Central,growing_high,246.7260260136197,1.0,676.0,0.53
2044,P2_emp,Optimistic,frozen,68.77246365743291,0.8502885561164563,219.0,0.53
2044,P2_emp,Optimistic,growing_low,115.5628613056407,0.8502885561164563,368.0,0.53
2044,P2_emp,Optimistic,growing_central,166.12161312685848,0.8502885561164563,529.0,0.53
2044,P2_emp,Optimistic,growing_high,212.28395174623125,0.8502885561164563,676.0,0.53
2044,P3_burst,Conservative,frozen,126.89643690562082,1.0,219.0,0.53
2044,P3_burst,Conservative,growing_low,213.23236886423956,1.0,368.0,0.53
2044,P3_burst,Conservative,growing_central,306.52153024234434,1.0,529.0,0.53
2044,P3_burst,Conservative,growing_high,391.6985906310487,1.0,676.0,0.53
2044,P3_burst,Central,frozen,88.64432265128308,1.0,219.0,0.53
2044,P3_burst,Central,growing_low,148.9548435418821,1.0,368.0,0.53
2044,P3_burst,Central,growing_central,214.1225875914555,1.0,529.0,0.53
2044,P3_burst,Central,growing_high,273.6235712888921,1.0,676.0,0.53
2044,P3_burst,Optimistic,frozen,74.92283207878518,0.9891753355173407,219.0,0.53
2044,P3_burst,Optimistic,growing_low,125.89772696343813,0.9891753355173407,368.0,0.53
2044,P3_burst,Optimistic,growing_central,180.97798250994228,0.9891753355173407,529.0,0.53
2044,P3_burst,Optimistic,growing_high,231.26865061762004,0.9891753355173407,676.0,0.53
2044,P_mix,Conservative,frozen,124.53987408495148,1.0,219.0,0.53
2044,P_mix,Conservative,growing_low,209.27248248064907,1.0,368.0,0.53
2044,P_mix,Conservative,growing_central,300.82919356593305,1.0,529.0,0.53
2044,P_mix,Conservative,growing_high,384.4244515133662,1.0,676.0,0.53
2044,P_mix,Central,frozen,94.75393398306663,1.0,219.0,0.53
2044,P_mix,Central,growing_low,159.22122240076953,1.0,368.0,0.53
2044,P_mix,Central,growing_central,228.88050720110618,1.0,529.0,0.53
2044,P_mix,Central,growing_high,292.48246288837004,1.0,676.0,0.53
2044,P_mix,Optimistic,frozen,77.7493812239731,0.19132049765514908,219.0,0.53
2044,P_mix,Optimistic,growing_low,130.64736205672193,0.19132049765514908,368.0,0.53
2044,P_mix,Optimistic,growing_central,187.80558295653776,0.19132049765514908,529.0,0.53
2044,P_mix,Optimistic,growing_high,239.99352377810877,0.19132049765514908,676.0,0.53
2045,P0_baseline,Conservative,frozen,118.7309517921805,1.0,219.0,0.535
2045,P0_baseline,Conservative,growing_low,211.4386812737461,1.0,390.0,0.535
2045,P0_baseline,Conservative,growing_central,302.2488841284961,1.0,557.5,0.535
2045,P0_baseline,Conservative,growing_high,382.2160776871564,1.0,705.0,0.535
2045,P0_baseline,Central,frozen,87.5740272577337,1.0,219.0,0.535
2045,P0_baseline,Central,growing_low,155.95374717130662,1.0,390.0,0.535
2045,P0_baseline,Central,growing_central,222.9338821743678,1.0,557.5,0.535
2045,P0_baseline,Central,growing_high,281.9163891173619,1.0,705.0,0.535
2045,P0_baseline,Optimistic,frozen,73.98947565539754,0.42932011549644317,219.0,0.535
2045,P0_baseline,Optimistic,growing_low,131.76207993426956,0.42932011549644317,390.0,0.535
2045,P0_baseline,Optimistic,growing_central,188.35220400860334,0.42932011549644317,557.5,0.535
2045,P0_baseline,Optimistic,growing_high,238.18529834271808,0.42932011549644317,705.0,0.535
2045,P1_flatten,Conservative,frozen,102.59893641040668,1.0,219.0,0.535
2045,P1_flatten,Conservative,growing_low,182.71043470346396,1.0,390.0,0.535
2045,P1_flatten,Conservative,growing_central,261.1822239671312,1.0,557.5,0.535
2045,P1_flatten,Conservative,growing_high,330.28424734856947,1.0,705.0,0.535
2045,P1_flatten,Central,frozen,71.68173032848394,1.0,219.0,0.535
2045,P1_flatten,Central,growing_low,127.65239647538235,1.0,390.0,0.535
2045,P1_flatten,Central,growing_central,182.47746419237347,1.0,557.5,0.535
2045,P1_flatten,Central,growing_high,230.7562551670373,1.0,705.0,0.535
2045,P1_flatten,Optimistic,frozen,60.551536138991736,1.0,219.0,0.535
2045,P1_flatten,Optimistic,growing_low,107.83150271327297,1.0,390.0,0.535
2045,P1_flatten,Optimistic,growing_central,154.14375067346072,1.0,557.5,0.535
2045,P1_flatten,Optimistic,growing_high,194.92617798168573,1.0,705.0,0.535
2045,P2_sharpen,Conservative,frozen,131.36985260716202,1.0,219.0,0.535
2045,P2_sharpen,Conservative,growing_low,233.94631286206933,1.0,390.0,0.535
2045,P2_sharpen,Conservative,growing_central,334.42325492462476,1.0,557.5,0.535
2045,P2_sharpen,Conservative,growing_high,422.90295017374075,1.0,705.0,0.535
2045,P2_sharpen,Central,frozen,102.73629368421207,1.0,219.0,0.535
2045,P2_sharpen,Central,growing_low,182.95504354722698,1.0,390.0,0.535
2045,P2_sharpen,Central,growing_central,261.5318891732796,1.0,557.5,0.535
2045,P2_sharpen,Central,growing_high,330.72642487383337,1.0,705.0,0.535
2045,P2_sharpen,Optimistic,frozen,79.04596623706472,0.1283622763032926,219.0,0.535
2045,P2_sharpen,Optimistic,growing_low,140.76678918929335,0.1283622763032926,390.0,0.535
2045,P2_sharpen,Optimistic,growing_central,201.2243204436693,0.1283622763032926,557.5,0.535
2045,P2_sharpen,Optimistic,growing_high,254.4630419960302,0.1283622763032926,705.0,0.535
2045,P2_emp,Conservative,frozen,109.7256883935022,1.0,219.0,0.535
2045,P2_emp,Conservative,growing_low,195.40191083774366,1.0,390.0,0.535
2045,P2_emp,Conservative,growing_central,279.3245263898515,1.0,557.5,0.535
2045,P2_emp,Conservative,growing_high,353.22653112976735,1.0,705.0,0.535
2045,P2_emp,Central,frozen,79.15997785423149,1.0,219.0,0.535
2045,P2_emp,Central,growing_low,140.9698235760287,1.0,390.0,0.535
2045,P2_emp,Central,growing_central,201.51455549650257,1.0,557.5,0.535
2045,P2_emp,Central,growing_high,254.83006569512875,1.0,705.0,0.535
2045,P2_emp,Optimistic,frozen,67.85170434410675,0.7587971032861227,219.0,0.535
2045,P2_emp,Optimistic,growing_low,120.83180225662846,0.7587971032861227,390.0,0.535
2045,P2_emp,Optimistic,growing_central,172.72751220018043,0.7587971032861227,557.5,0.535
2045,P2_emp,Optimistic,growing_high,218.42671946390527,0.7587971032861227,705.0,0.535
2045,P3_burst,Conservative,frozen,125.56329648546802,1.0,219.0,0.535
2045,P3_burst,Conservative,growing_low,223.6058704535732,1.0,390.0,0.535
2045,P3_burst,Conservative,growing_central,319.64172507145406,1.0,557.5,0.535
2045,P3_burst,Conservative,growing_high,404.2106119737669,1.0,705.0,0.535
2045,P3_burst,Central,frozen,87.74229001611064,1.0,219.0,0.535
2045,P3_burst,Central,growing_low,156.2533931793751,1.0,390.0,0.535
2045,P3_burst,Central,growing_central,223.36222230128627,1.0,557.5,0.535
2045,P3_burst,Central,growing_high,282.4580569011781,1.0,705.0,0.535
2045,P3_burst,Optimistic,frozen,74.08090248973723,0.9785103173573256,219.0,0.535
2045,P3_burst,Optimistic,growing_low,131.92489484473754,0.9785103173573256,390.0,0.535
2045,P3_burst,Optimistic,growing_central,188.58494583574662,0.9785103173573256,557.5,0.535
2045,P3_burst,Optimistic,growing_high,238.4796176039486,0.9785103173573256,705.0,0.535
2045,P_mix,Conservative,frozen,123.54355997834253,1.0,219.0,0.535
2045,P_mix,Conservative,growing_low,220.00907941348672,1.0,390.0,0.535
2045,P_mix,Conservative,growing_central,314.500158392356,1.0,557.5,0.535
2045,P_mix,Conservative,growing_high,397.7087204782259,1.0,705.0,0.535
2045,P_mix,Central,frozen,94.16608882565909,1.0,219.0,0.535
2045,P_mix,Central,growing_low,167.69303489500933,1.0,390.0,0.535
2045,P_mix,Central,growing_central,239.71504347171208,1.0,557.5,0.535
2045,P_mix,Central,growing_high,303.13740923328606,1.0,705.0,0.535
2045,P_mix,Optimistic,frozen,75.81843479188153,0.16918619290792333,219.0,0.535
2045,P_mix,Optimistic,growing_low,135.0191304512959,0.16918619290792333,390.0,0.535
2045,P_mix,Optimistic,growing_central,193.00811596563452,0.16918619290792333,557.5,0.535
2045,P_mix,Optimistic,growing_high,244.0730435081118,0.16918619290792333,705.0,0.535
2046,P0_baseline,Conservative,frozen,117.48467481080266,1.0,219.0,0.54
2046,P0_baseline,Conservative,growing_low,221.02139736096208,1.0,412.0,0.54
2046,P0_baseline,Conservative,growing_central,314.3653855668053,1.0,586.0,0.54
2046,P0_baseline,Conservative,growing_high,393.7614215120053,1.0,734.0,0.54
2046,P0_baseline,Central,frozen,86.74317593681513,1.0,219.0,0.54
2046,P0_baseline,Central,growing_low,163.18807527839195,1.0,412.0,0.54
2046,P0_baseline,Central,growing_central,232.1073109542177,1.0,586.0,0.54
2046,P0_baseline,Central,growing_high,290.7282700348051,1.0,734.0,0.54
2046,P0_baseline,Optimistic,frozen,72.27867248991532,0.3616080952897242,219.0,0.54
2046,P0_baseline,Optimistic,growing_low,135.97631536915577,0.3616080952897242,412.0,0.54
2046,P0_baseline,Optimistic,growing_central,193.40320584059538,0.3616080952897242,586.0,0.54
2046,P0_baseline,Optimistic,growing_high,242.24906670136008,0.3616080952897242,734.0,0.54
2046,P1_flatten,Conservative,frozen,101.31826644746548,1.0,219.0,0.54
2046,P1_flatten,Conservative,growing_low,190.6078802573323,1.0,412.0,0.54
2046,P1_flatten,Conservative,growing_central,271.10732483203094,1.0,586.0,0.54
2046,P1_flatten,Conservative,growing_high,339.5781167691309,1.0,734.0,0.54
2046,P1_flatten,Central,frozen,70.81550570725199,1.0,219.0,0.54
2046,P1_flatten,Central,growing_low,133.2236911022275,1.0,412.0,0.54
2046,P1_flatten,Central,growing_central,189.48806549977016,1.0,586.0,0.54
2046,P1_flatten,Central,growing_high,237.34511958503637,1.0,734.0,0.54
2046,P1_flatten,Optimistic,frozen,59.76855992566118,1.0,219.0,0.54
2046,P1_flatten,Optimistic,growing_low,112.44130908389226,1.0,412.0,0.54
2046,P1_flatten,Optimistic,growing_central,159.92865806592445,1.0,586.0,0.54
2046,P1_flatten,Optimistic,growing_high,200.32019628052652,1.0,734.0,0.54
2046,P2_sharpen,Conservative,frozen,130.51318446965377,1.0,219.0,0.54
2046,P2_sharpen,Conservative,growing_low,245.5316529748738,1.0,412.0,0.54
2046,P2_sharpen,Conservative,growing_central,349.2270598137768,1.0,586.0,0.54
2046,P2_sharpen,Conservative,growing_high,437.427750688246,1.0,734.0,0.54
2046,P2_sharpen,Central,frozen,102.26954661018745,1.0,219.0,0.54
2046,P2_sharpen,Central,growing_low,192.3975032118595,1.0,412.0,0.54
2046,P2_sharpen,Central,growing_central,273.6527594226934,1.0,586.0,0.54
2046,P2_sharpen,Central,growing_high,342.76642562501183,1.0,734.0,0.54
2046,P2_sharpen,Optimistic,frozen,77.0466070779629,0.12143199463489975,219.0,0.54
2046,P2_sharpen,Optimistic,growing_low,144.94612838411285,0.12143199463489975,412.0,0.54
2046,P2_sharpen,Optimistic,growing_central,206.1612408570149,0.12143199463489975,586.0,0.54
2046,P2_sharpen,Optimistic,growing_high,258.229267558104,0.12143199463489975,734.0,0.54
2046,P2_emp,Conservative,frozen,108.44969454552965,1.0,219.0,0.54
2046,P2_emp,Conservative,growing_low,204.02408288930692,1.0,412.0,0.54
2046,P2_emp,Conservative,growing_central,290.18959362411135,1.0,586.0,0.54
2046,P2_emp,Conservative,growing_high,363.4797981571633,1.0,734.0,0.54
2046,P2_emp,Central,frozen,78.34271235400998,1.0,219.0,0.54
2046,P2_emp,Central,growing_low,147.38446342398223,1.0,412.0,0.54
2046,P2_emp,Central,growing_central,209.62935817100387,1.0,586.0,0.54
2046,P2_emp,Central,growing_high,262.5732916339878,1.0,734.0,0.54
2046,P2_emp,Optimistic,frozen,66.70609944619636,0.5853919998841344,219.0,0.54
2046,P2_emp,Optimistic,growing_low,125.49275329604065,0.5853919998841344,412.0,0.54
2046,P2_emp,Optimistic,growing_central,178.49211997931994,0.5853919998841344,586.0,0.54
2046,P2_emp,Optimistic,growing_high,223.57204106624718,0.5853919998841344,734.0,0.54
2046,P3_burst,Conservative,frozen,124.12674433986717,1.0,219.0,0.54
2046,P3_burst,Conservative,growing_low,233.5169802192935,1.0,412.0,0.54
2046,P3_burst,Conservative,growing_central,332.1382291468592,1.0,586.0,0.54
2046,P3_burst,Conservative,growing_high,416.02296961398406,1.0,734.0,0.54
2046,P3_burst,Central,frozen,86.79318961313133,1.0,219.0,0.54
2046,P3_burst,Central,growing_low,163.28216493429272,1.0,412.0,0.54
2046,P3_burst,Central,growing_central,232.24113750362997,1.0,586.0,0.54
2046,P3_burst,Central,growing_high,290.89589578099725,1.0,734.0,0.54
2046,P3_burst,Optimistic,frozen,73.1754390898059,0.9419790169127562,219.0,0.54
2046,P3_burst,Optimistic,growing_low,137.66338312785405,0.9419790169127562,412.0,0.54
2046,P3_burst,Optimistic,growing_central,195.8027730896177,0.9419790169127562,586.0,0.54
2046,P3_burst,Optimistic,growing_high,245.2546679996235,0.9419790169127562,734.0,0.54
2046,P_mix,Conservative,frozen,122.60332628016205,1.0,219.0,0.54
2046,P_mix,Conservative,growing_low,230.65100651793043,1.0,412.0,0.54
2046,P_mix,Conservative,growing_central,328.0618684939496,1.0,586.0,0.54
2046,P_mix,Conservative,growing_high,410.91708442757505,1.0,734.0,0.54
2046,P_mix,Central,frozen,93.60395166430881,1.0,219.0,0.54
2046,P_mix,Central,growing_low,176.09510541413346,1.0,412.0,0.54
2046,P_mix,Central,growing_central,250.46536838029664,1.0,586.0,0.54
2046,P_mix,Central,growing_high,313.72283343197563,1.0,734.0,0.54
2046,P_mix,Optimistic,frozen,73.88211021213694,0.15962370952627675,219.0,0.54
2046,P_mix,Optimistic,growing_low,138.99282834429417,0.15962370952627675,412.0,0.54
2046,P_mix,Optimistic,growing_central,197.69368303338925,0.15962370952627675,586.0,0.54
2046,P_mix,Optimistic,growing_high,247.62314564250462,0.15962370952627675,734.0,0.54
2047,P0_baseline,Conservative,frozen,116.23839782942476,1.0,219.0,0.545
2047,P0_baseline,Conservative,growing_low,230.353719899408,1.0,434.0,0.545
2047,P0_baseline,Conservative,growing_central,326.1575135442078,1.0,614.5,0.545
2047,P0_baseline,Conservative,growing_high,404.97670111347526,1.0,763.0,0.545
2047,P0_baseline,Central,frozen,85.91232461589657,1.0,219.0,0.545
2047,P0_baseline,Central,growing_low,170.255474352964,1.0,434.0,0.545
2047,P0_baseline,Central,growing_central,241.06449076012984,1.0,614.5,0.545
2047,P0_baseline,Central,growing_high,299.3201081366625,1.0,763.0,0.545
2047,P0_baseline,Optimistic,frozen,70.49647156566071,0.3145675348996916,219.0,0.545
2047,P0_baseline,Optimistic,growing_low,139.70533634473404,0.3145675348996916,434.0,0.545
2047,P0_baseline,Optimistic,growing_central,197.8085925894909,0.3145675348996916,614.5,0.545
2047,P0_baseline,Optimistic,growing_high,245.61099454154854,0.3145675348996916,763.0,0.545
2047,P1_flatten,Conservative,frozen,99.9862754882599,1.0,219.0,0.545
2047,P1_flatten,Conservative,growing_low,198.14631763426848,1.0,434.0,0.545
2047,P1_flatten,Conservative,growing_central,280.55509720335937,1.0,614.5,0.545
2047,P1_flatten,Conservative,growing_high,348.35401003443974,1.0,763.0,0.545
2047,P1_flatten,Central,frozen,69.92642579175927,1.0,219.0,0.545
2047,P1_flatten,Central,growing_low,138.57565659188825,1.0,434.0,0.545
2047,P1_flatten,Central,growing_central,196.2090805892058,1.0,614.5,0.545
2047,P1_flatten,Central,growing_high,243.62494465348095,1.0,763.0,0.545
2047,P1_flatten,Optimistic,frozen,58.9632498241445,0.9872738347082664,219.0,0.545
2047,P1_flatten,Optimistic,growing_low,116.84954531360144,0.9872738347082664,434.0,0.545
2047,P1_flatten,Optimistic,growing_central,165.44710966637805,0.9872738347082664,614.5,0.545
2047,P1_flatten,Optimistic,growing_high,205.42903934165412,0.9872738347082664,763.0,0.545
2047,P2_sharpen,Conservative,frozen,129.74473810234142,1.0,219.0,0.545
2047,P2_sharpen,Conservative,growing_low,257.11970929870404,1.0,434.0,0.545
2047,P2_sharpen,Conservative,growing_central,364.0554409309991,1.0,614.5,0.545
2047,P2_sharpen,Conservative,growing_high,452.0330373154635,1.0,763.0,0.545
2047,P2_sharpen,Central,frozen,101.8231778621286,0.9745193390717013,219.0,0.545
2047,P2_sharpen,Central,growing_low,201.78657165371607,0.9745193390717013,434.0,0.545
2047,P2_sharpen,Central,growing_central,285.70932783688596,0.9745193390717013,614.5,0.545
2047,P2_sharpen,Central,growing_high,354.75381145572663,0.9745193390717013,763.0,0.545
2047,P2_sharpen,Optimistic,frozen,75.04157402850636,0.1214307068098085,219.0,0.545
2047,P2_sharpen,Optimistic,growing_low,148.7125257003277,0.1214307068098085,434.0,0.545
2047,P2_sharpen,Optimistic,growing_central,210.56185954574048,0.1214307068098085,614.5,0.545
2047,P2_sharpen,Optimistic,growing_high,261.44621453767286,0.1214307068098085,763.0,0.545
2047,P2_emp,Conservative,frozen,107.29055209248627,1.0,219.0,0.545
2047,P2_emp,Conservative,growing_low,212.62145939789517,1.0,434.0,0.545
2047,P2_emp,Conservative,growing_central,301.0504304147617,1.0,614.5,0.545
2047,P2_emp,Conservative,growing_high,373.80224313500923,1.0,763.0,0.545
2047,P2_emp,Central,frozen,77.57769181810642,1.0,219.0,0.545
2047,P2_emp,Central,growing_low,153.7384394934164,1.0,434.0,0.545
2047,P2_emp,Central,growing_central,217.67804393710682,1.0,614.5,0.545
2047,P2_emp,Central,growing_high,270.28209523842554,1.0,763.0,0.545
2047,P2_emp,Optimistic,frozen,65.30280680391148,0.4222392436180827,219.0,0.545
2047,P2_emp,Optimistic,growing_low,129.41286827807116,0.4222392436180827,434.0,0.545
2047,P2_emp,Optimistic,growing_central,183.2355012831215,0.4222392436180827,614.5,0.545
2047,P2_emp,Optimistic,growing_high,227.51617165015736,0.4222392436180827,763.0,0.545
2047,P3_burst,Conservative,frozen,122.79099555402735,1.0,219.0,0.545
2047,P3_burst,Conservative,growing_low,243.33923319839212,1.0,434.0,0.545
2047,P3_burst,Conservative,growing_central,344.5436838719169,1.0,614.5,0.545
2047,P3_burst,Conservative,growing_high,427.80607126814095,1.0,763.0,0.545
2047,P3_burst,Central,frozen,85.88709894386193,1.0,219.0,0.545
2047,P3_burst,Central,growing_low,170.2054837517629,1.0,434.0,0.545
2047,P3_burst,Central,growing_central,240.9937091370007,1.0,614.5,0.545
2047,P3_burst,Central,growing_high,299.2322214345509,1.0,763.0,0.545
2047,P3_burst,Optimistic,frozen,72.22532822342762,0.9188275620707941,219.0,0.545
2047,P3_burst,Optimistic,growing_low,143.13147236971506,0.9188275620707941,434.0,0.545
2047,P3_burst,Optimistic,growing_central,202.65965385066795,0.9188275620707941,614.5,0.545
2047,P3_burst,Optimistic,growing_high,251.63436271449902,0.9188275620707941,763.0,0.545
2047,P_mix,Conservative,frozen,121.61222026068754,1.0,219.0,0.545
2047,P_mix,Conservative,growing_low,241.0032127540566,1.0,434.0,0.545
2047,P_mix,Conservative,growing_central,341.23611575430357,1.0,614.5,0.545
2047,P_mix,Conservative,growing_high,423.69919661600267,1.0,763.0,0.545
2047,P_mix,Central,frozen,93.0221432080244,1.0,219.0,0.545
2047,P_mix,Central,growing_low,184.34525183690684,1.0,434.0,0.545
2047,P_mix,Central,growing_central,261.0141872206895,1.0,614.5,0.545
2047,P_mix,Central,growing_high,324.0908459713362,1.0,763.0,0.545
2047,P_mix,Optimistic,frozen,71.90052578917548,0.1513583059412704,219.0,0.545
2047,P_mix,Optimistic,growing_low,142.48779996576332,0.1513583059412704,434.0,0.545
2047,P_mix,Optimistic,growing_central,201.74827898378234,0.1513583059412704,614.5,0.545
2047,P_mix,Optimistic,growing_high,250.50274510109998,0.1513583059412704,763.0,0.545
2048,P0_baseline,Conservative,frozen,114.99212084804692,1.0,219.0,0.55
2048,P0_baseline,Conservative,growing_low,239.435648889084,1.0,456.0,0.55
2048,P0_baseline,Conservative,growing_central,337.62526806070406,1.0,643.0,0.55
2048,P0_baseline,Conservative,growing_high,415.861916491567,1.0,792.0,0.55
2048,P0_baseline,Central,frozen,85.08147329497797,1.0,219.0,0.55
2048,P0_baseline,Central,growing_low,177.15594439502266,1.0,456.0,0.55
2048,P0_baseline,Central,growing_central,249.8054215921043,1.0,643.0,0.55
2048,P0_baseline,Central,growing_high,307.6919034229341,1.0,792.0,0.55
2048,P0_baseline,Optimistic,frozen,68.61248578189351,0.2704774117783494,219.0,0.55
2048,P0_baseline,Optimistic,growing_low,142.8643539568194,0.2704774117783494,456.0,0.55
2048,P0_baseline,Optimistic,growing_central,201.45127103998874,0.2704774117783494,643.0,0.55
2048,P0_baseline,Optimistic,growing_high,248.13282529342317,0.2704774117783494,792.0,0.55
2048,P1_flatten,Conservative,frozen,98.68931318757102,1.0,219.0,0.55
2048,P1_flatten,Conservative,growing_low,205.4900767741205,1.0,456.0,0.55
2048,P1_flatten,Conservative,growing_central,289.75903369684096,1.0,643.0,0.55
2048,P1_flatten,Conservative,growing_high,356.9038175550514,1.0,792.0,0.55
2048,P1_flatten,Central,frozen,69.05285151107002,1.0,219.0,0.55
2048,P1_flatten,Central,growing_low,143.78127985866635,1.0,456.0,0.55
2048,P1_flatten,Central,growing_central,202.74421699368963,1.0,643.0,0.55
2048,P1_flatten,Central,growing_high,249.7253808071574,1.0,792.0,0.55
2048,P1_flatten,Optimistic,frozen,58.10689106106876,0.8609205637216195,219.0,0.55
2048,P1_flatten,Optimistic,growing_low,120.98969097647193,0.8609205637216195,456.0,0.55
2048,P1_flatten,Optimistic,growing_central,170.60607740761284,0.8609205637216195,643.0,0.55
2048,P1_flatten,Optimistic,growing_high,210.13998959071444,0.8609205637216195,792.0,0.55
2048,P2_sharpen,Conservative,frozen,128.80866966946874,1.0,219.0,0.55
2048,P2_sharpen,Conservative,growing_low,268.20435328437327,1.0,456.0,0.55
2048,P2_sharpen,Conservative,growing_central,378.1916648286229,1.0,643.0,0.55
2048,P2_sharpen,Conservative,growing_high,465.8286135991747,1.0,792.0,0.55
2048,P2_sharpen,Central,frozen,101.14370443041341,0.8367017986704409,219.0,0.55
2048,P2_sharpen,Central,growing_low,210.60059004688821,0.8367017986704409,456.0,0.55
2048,P2_sharpen,Central,growing_central,296.9653057020814,0.8367017986704409,643.0,0.55
2048,P2_sharpen,Central,growing_high,365.7799721867006,0.8367017986704409,792.0,0.55
2048,P2_sharpen,Optimistic,frozen,72.98207459519162,0.09899011944879921,219.0,0.55
2048,P2_sharpen,Optimistic,growing_low,151.9626758694401,0.09899011944879921,456.0,0.55
2048,P2_sharpen,Optimistic,growing_central,214.28070303519735,0.09899011944879921,643.0,0.55
2048,P2_sharpen,Optimistic,growing_high,263.93517387850125,0.09899011944879921,792.0,0.55
2048,P2_emp,Conservative,frozen,106.13495231621438,1.0,219.0,0.55
2048,P2_emp,Conservative,growing_low,220.99332537074778,1.0,456.0,0.55
2048,P2_emp,Conservative,growing_central,311.61997415217286,1.0,643.0,0.55
2048,P2_emp,Conservative,growing_high,383.8305124860357,1.0,792.0,0.55
2048,P2_emp,Central,frozen,76.81292118695355,1.0,219.0,0.55
2048,P2_emp,Central,growing_low,159.93923315639645,1.0,456.0,0.55
2048,P2_emp,Central,growing_central,225.5283485078134,1.0,643.0,0.55
2048,P2_emp,Central,growing_high,277.7891944295307,1.0,792.0,0.55
2048,P2_emp,Optimistic,frozen,63.69566874655545,0.31568067914551673,219.0,0.55
2048,P2_emp,Optimistic,growing_low,132.62659793803329,0.31568067914551673,456.0,0.55
2048,P2_emp,Optimistic,growing_central,187.01513700472674,0.31568067914551673,643.0,0.55
2048,P2_emp,Optimistic,growing_high,230.35145957658415,0.31568067914551673,792.0,0.55
2048,P3_burst,Conservative,frozen,121.45274235973643,1.0,219.0,0.55
2048,P3_burst,Conservative,growing_low,252.8879018997252,1.0,456.0,0.55
2048,P3_burst,Conservative,growing_central,356.59412482790196,1.0,643.0,0.55
2048,P3_burst,Conservative,growing_high,439.2263559311017,1.0,792.0,0.55
2048,P3_burst,Central,frozen,84.97799281930804,1.0,219.0,0.55
2048,P3_burst,Central,growing_low,176.9404781991072,1.0,456.0,0.55
2048,P3_burst,Central,growing_central,249.50159535532,1.0,643.0,0.55
2048,P3_burst,Central,growing_high,307.3176726616072,1.0,792.0,0.55
2048,P3_burst,Optimistic,frozen,71.23011814431891,0.9000372183051143,219.0,0.55
2048,P3_burst,Optimistic,growing_low,148.31476654707498,0.9000372183051143,456.0,0.55
2048,P3_burst,Optimistic,growing_central,209.1368308986167,0.9000372183051143,643.0,0.55
2048,P3_burst,Optimistic,growing_high,257.5993313712355,0.9000372183051143,792.0,0.55
2048,P_mix,Conservative,frozen,120.53891966143215,1.0,219.0,0.55
2048,P_mix,Conservative,growing_low,250.9851477881875,1.0,456.0,0.55
2048,P_mix,Conservative,growing_central,353.91107462237846,1.0,643.0,0.55
2048,P_mix,Conservative,growing_high,435.92157247422045,1.0,792.0,0.55
2048,P_mix,Central,frozen,92.40719644859892,1.0,219.0,0.55
2048,P_mix,Central,growing_low,192.409504934069,1.0,456.0,0.55
2048,P_mix,Central,growing_central,271.3142799837859,1.0,643.0,0.55
2048,P_mix,Central,growing_high,334.1849296223304,1.0,792.0,0.55
2048,P_mix,Optimistic,frozen,69.8997020052069,0.15138160750930485,219.0,0.55
2048,P_mix,Optimistic,growing_low,145.54458499714315,0.15138160750930485,456.0,0.55
2048,P_mix,Optimistic,growing_central,205.23063191483126,0.15138160750930485,643.0,0.55
2048,P_mix,Optimistic,growing_high,252.78796341609075,0.15138160750930485,792.0,0.55
2049,P0_baseline,Conservative,frozen,113.74584386666908,1.0,219.0,0.555
2049,P0_baseline,Conservative,growing_low,248.26718432999004,1.0,478.0,0.555
2049,P0_baseline,Conservative,growing_central,348.7686491162936,1.0,671.5,0.555
2049,P0_baseline,Conservative,growing_high,426.41706764628003,1.0,821.0,0.555
2049,P0_baseline,Central,frozen,84.25062197405937,1.0,219.0,0.555
2049,P0_baseline,Central,growing_low,183.88948540456795,1.0,478.0,0.555
2049,P0_baseline,Central,growing_central,258.330103450141,1.0,671.5,0.555
2049,P0_baseline,Central,growing_high,315.8436558936199,1.0,821.0,0.555
2049,P0_baseline,Optimistic,frozen,66.70628269622405,0.25100819349723197,219.0,0.555
2049,P0_baseline,Optimistic,growing_low,145.59636131869905,0.25100819349723197,478.0,0.555
2049,P0_baseline,Optimistic,growing_central,204.53547411193813,0.25100819349723197,671.5,0.555
2049,P0_baseline,Optimistic,growing_high,250.07241138630116,0.25100819349723197,821.0,0.555
2049,P1_flatten,Conservative,frozen,97.38246030201864,1.0,219.0,0.555
2049,P1_flatten,Conservative,growing_low,212.55167134413202,1.0,478.0,0.555
2049,P1_flatten,Conservative,growing_central,298.5950780493403,1.0,671.5,0.555
2049,P1_flatten,Conservative,growing_high,365.0730589404444,1.0,821.0,0.555
2049,P1_flatten,Central,frozen,68.17542936034138,1.0,219.0,0.555
2049,P1_flatten,Central,growing_low,148.80299193718346,1.0,478.0,0.555
2049,P1_flatten,Central,growing_central,209.04018637200568,1.0,671.5,0.555
2049,P1_flatten,Central,growing_high,255.58003426867705,1.0,821.0,0.555
2049,P1_flatten,Optimistic,frozen,57.05758450160575,0.7067386454891796,219.0,0.555
2049,P1_flatten,Optimistic,growing_low,124.53664562450935,0.7067386454891796,478.0,0.555
2049,P1_flatten,Optimistic,growing_central,174.95053878003776,0.7067386454891796,671.5,0.555
2049,P1_flatten,Optimistic,growing_high,213.90080765213847,0.7067386454891796,821.0,0.555
2049,P2_sharpen,Conservative,frozen,127.75867546539722,1.0,219.0,0.555
2049,P2_sharpen,Conservative,growing_low,278.8522688240177,1.0,478.0,0.555
2049,P2_sharpen,Conservative,growing_central,391.7349341324851,1.0,671.5,0.555
2049,P2_sharpen,Conservative,growing_high,478.949189758407,1.0,821.0,0.555
2049,P2_sharpen,Central,frozen,100.1907449999422,0.7255891908618987,219.0,0.555
2049,P2_sharpen,Central,growing_low,218.6811694519286,0.7255891908618987,478.0,0.555
2049,P2_sharpen,Central,growing_central,307.20586880119265,0.7255891908618987,671.5,0.555
2049,P2_sharpen,Central,growing_high,375.600920753208,0.7255891908618987,821.0,0.555
2049,P2_sharpen,Optimistic,frozen,70.75485129142673,0.09108551226014938,219.0,0.555
2049,P2_sharpen,Optimistic,growing_low,154.4329630927031,0.09108551226014938,478.0,0.555
2049,P2_sharpen,Optimistic,growing_central,216.94923580910068,0.09108551226014938,671.5,0.555
2049,P2_sharpen,Optimistic,growing_high,265.24992196466366,0.09108551226014938,821.0,0.555
2049,P2_emp,Conservative,frozen,104.92388640984038,1.0,219.0,0.555
2049,P2_emp,Conservative,growing_low,229.01195298586165,1.0,478.0,0.555
2049,P2_emp,Conservative,growing_central,321.7186745397617,1.0,671.5,0.555
2049,P2_emp,Conservative,growing_high,393.34479791086284,1.0,821.0,0.555
2049,P2_emp,Central,frozen,76.02306290655493,1.0,219.0,0.555
2049,P2_emp,Central,growing_low,165.9316167549464,1.0,478.0,0.555
2049,P2_emp,Central,growing_central,233.10267918608056,1.0,671.5,0.555
2049,P2_emp,Central,growing_high,284.99970158119453,1.0,821.0,0.555
2049,P2_emp,Optimistic,frozen,61.95365719893906,0.2793625133823565,219.0,0.555
2049,P2_emp,Optimistic,growing_low,135.2230508725702,0.2793625133823565,478.0,0.555
2049,P2_emp,Optimistic,growing_central,189.9629260688931,0.2793625133823565,671.5,0.555
2049,P2_emp,Optimistic,growing_high,232.25549114305468,0.2793625133823565,821.0,0.555
2049,P3_burst,Conservative,frozen,120.19373965534555,1.0,219.0,0.555
2049,P3_burst,Conservative,growing_low,262.34067376828847,1.0,478.0,0.555
2049,P3_burst,Conservative,growing_central,368.53925195691573,1.0,671.5,0.555
2049,P3_burst,Conservative,growing_high,450.5893162421859,1.0,821.0,0.555
2049,P3_burst,Central,frozen,84.10080687464018,1.0,219.0,0.555
2049,P3_burst,Central,growing_low,183.56249171725116,1.0,478.0,0.555
2049,P3_burst,Central,growing_central,257.87073888731,1.0,671.5,0.555
2049,P3_burst,Central,growing_high,315.2820202926009,1.0,821.0,0.555
2049,P3_burst,Optimistic,frozen,70.17860715553425,0.8378912959027245,219.0,0.555
2049,P3_burst,Optimistic,growing_low,153.17522475043552,0.8378912959027245,478.0,0.555
2049,P3_burst,Optimistic,growing_central,215.18235025087333,0.8378912959027245,671.5,0.555
2049,P3_burst,Optimistic,growing_high,263.0896642680074,0.8378912959027245,821.0,0.555
2049,P_mix,Conservative,frozen,119.59633524864314,1.0,219.0,0.555
2049,P_mix,Conservative,growing_low,261.0367499947554,1.0,478.0,0.555
2049,P_mix,Conservative,growing_central,366.707484563762,1.0,671.5,0.555
2049,P_mix,Conservative,growing_high,448.3497316855527,1.0,821.0,0.555
2049,P_mix,Central,frozen,91.85196032331784,1.0,219.0,0.555
2049,P_mix,Central,growing_low,200.48053440431931,1.0,478.0,0.555
2049,P_mix,Central,growing_central,281.6374034571139,1.0,671.5,0.555
2049,P_mix,Central,growing_high,344.33999737645644,1.0,821.0,0.555
2049,P_mix,Optimistic,frozen,67.91310406593232,0.151404985608813,219.0,0.555
2049,P_mix,Optimistic,growing_low,148.23042805258285,0.151404985608813,478.0,0.555
2049,P_mix,Optimistic,growing_central,208.23584191905732,0.151404985608813,671.5,0.555
2049,P_mix,Optimistic,growing_high,254.5966138727417,0.151404985608813,821.0,0.555
2050,P0_baseline,Conservative,frozen,112.49956688529117,1.0,219.0,0.56
2050,P0_baseline,Conservative,growing_low,256.848326222126,1.0,500.0,0.56
2050,P0_baseline,Conservative,growing_central,359.5876567109764,1.0,700.0,0.56
2050,P0_baseline,Conservative,growing_high,436.6421545776141,1.0,850.0,0.56
2050,P0_baseline,Central,frozen,83.41977065314079,1.0,219.0,0.56
2050,P0_baseline,Central,growing_low,190.45609738160002,1.0,500.0,0.56
2050,P0_baseline,Central,growing_central,266.63853633424,1.0,700.0,0.56
2050,P0_baseline,Central,growing_high,323.77536554871995,1.0,850.0,0.56
2050,P0_baseline,Optimistic,frozen,64.75228661818174,0.23687959550003723,219.0,0.56
2050,P0_baseline,Optimistic,growing_low,147.83627081776655,0.23687959550003723,500.0,0.56
2050,P0_baseline,Optimistic,growing_central,206.97077914487315,0.23687959550003723,700.0,0.56
2050,P0_baseline,Optimistic,growing_high,251.3216603902031,0.23687959550003723,850.0,0.56
2050,P1_flatten,Conservative,frozen,96.15376179950444,1.0,219.0,0.56
2050,P1_flatten,Conservative,growing_low,219.52913652854897,1.0,500.0,0.56
2050,P1_flatten,Conservative,growing_central,307.3407911399686,1.0,700.0,0.56
2050,P1_flatten,Conservative,growing_high,373.1995320985332,1.0,850.0,0.56
2050,P1_flatten,Central,frozen,67.33226751236127,1.0,219.0,0.56
2050,P1_flatten,Central,growing_low,153.72663815607595,1.0,500.0,0.56
2050,P1_flatten,Central,growing_central,215.21729341850636,1.0,700.0,0.56
2050,P1_flatten,Central,growing_high,261.33528486532913,1.0,850.0,0.56
2050,P1_flatten,Optimistic,frozen,55.76565564906524,0.46671781218174885,219.0,0.56
2050,P1_flatten,Optimistic,growing_low,127.3188485138476,0.46671781218174885,500.0,0.56
2050,P1_flatten,Optimistic,growing_central,178.24638791938662,0.46671781218174885,700.0,0.56
2050,P1_flatten,Optimistic,growing_high,216.44204247354088,0.46671781218174885,850.0,0.56
2050,P2_sharpen,Conservative,frozen,126.78555540520236,1.0,219.0,0.56
2050,P2_sharpen,Conservative,growing_low,289.46473836804194,1.0,500.0,0.56
2050,P2_sharpen,Conservative,growing_central,405.2506337152587,1.0,700.0,0.56
2050,P2_sharpen,Conservative,growing_high,492.0900552256713,1.0,850.0,0.56
2050,P2_sharpen,Central,frozen,99.05164601184637,0.6116045971038093,219.0,0.56
2050,P2_sharpen,Central,growing_low,226.14531052932966,0.6116045971038093,500.0,0.56
2050,P2_sharpen,Central,growing_central,316.60343474106145,0.6116045971038093,700.0,0.56
2050,P2_sharpen,Central,growing_high,384.44702789986036,0.6116045971038093,850.0,0.56
2050,P2_sharpen,Optimistic,frozen,68.56775953765415,0.07925359960166165,219.0,0.56
2050,P2_sharpen,Optimistic,growing_low,156.54739620468987,0.07925359960166165,500.0,0.56
2050,P2_sharpen,Optimistic,growing_central,219.1663546865658,0.07925359960166165,700.0,0.56
2050,P2_sharpen,Optimistic,growing_high,266.13057354797274,0.07925359960166165,850.0,0.56
2050,P2_emp,Conservative,frozen,103.71262975120904,1.0,219.0,0.56
2050,P2_emp,Conservative,growing_low,236.78682591600236,1.0,500.0,0.56
2050,P2_emp,Conservative,growing_central,331.50155628240327,1.0,700.0,0.56
2050,P2_emp,Conservative,growing_high,402.53760405720396,1.0,850.0,0.56
2050,P2_emp,Central,frozen,75.23461893768902,1.0,219.0,0.56
2050,P2_emp,Central,growing_low,171.76853638741787,1.0,500.0,0.56
2050,P2_emp,Central,growing_central,240.475950942385,1.0,700.0,0.56
2050,P2_emp,Central,growing_high,292.00651185861034,1.0,850.0,0.56
2050,P2_emp,Optimistic,frozen,60.16322572986961,0.24109494289794978,219.0,0.56
2050,P2_emp,Optimistic,growing_low,137.3589628535836,0.24109494289794978,500.0,0.56
2050,P2_emp,Optimistic,growing_central,192.302547995017,0.24109494289794978,700.0,0.56
2050,P2_emp,Optimistic,growing_high,233.51023685109206,0.24109494289794978,850.0,0.56
2050,P3_burst,Conservative,frozen,118.77778318940452,1.0,219.0,0.56
2050,P3_burst,Conservative,growing_low,271.182153400467,1.0,500.0,0.56
2050,P3_burst,Conservative,growing_central,379.6550147606537,1.0,700.0,0.56
2050,P3_burst,Conservative,growing_high,461.00966078079375,1.0,850.0,0.56
2050,P3_burst,Central,frozen,83.15604923480333,1.0,219.0,0.56
2050,P3_burst,Central,growing_low,189.85399368676562,1.0,500.0,0.56
2050,P3_burst,Central,growing_central,265.79559116147186,1.0,700.0,0.56
2050,P3_burst,Central,growing_high,322.7517892675015,1.0,850.0,0.56
2050,P3_burst,Optimistic,frozen,68.99909453985065,0.7915110824934479,219.0,0.56
2050,P3_burst,Optimistic,growing_low,157.5321793147275,0.7915110824934479,500.0,0.56
2050,P3_burst,Optimistic,growing_central,220.5450510406185,0.7915110824934479,700.0,0.56
2050,P3_burst,Optimistic,growing_high,267.8047048350367,0.7915110824934479,850.0,0.56
2050,P_mix,Conservative,frozen,118.62700381023888,1.0,219.0,0.56
2050,P_mix,Conservative,growing_low,270.83790824255453,1.0,500.0,0.56
2050,P_mix,Conservative,growing_central,379.17307153957637,1.0,700.0,0.56
2050,P_mix,Conservative,growing_high,460.42444401234263,1.0,850.0,0.56
2050,P_mix,Central,frozen,91.27669970844192,0.9826144005457323,219.0,0.56
2050,P_mix,Central,growing_low,208.3942915717852,0.9826144005457323,500.0,0.56
2050,P_mix,Central,growing_central,291.7520082004993,0.9826144005457323,700.0,0.56
2050,P_mix,Central,growing_high,354.2702956720349,0.9826144005457323,850.0,0.56
2050,P_mix,Optimistic,frozen,65.94236418271342,0.1514283503959771,219.0,0.56
2050,P_mix,Optimistic,growing_low,150.55334288290737,0.1514283503959771,500.0,0.56
2050,P_mix,Optimistic,growing_central,210.77468003607032,0.1514283503959771,700.0,0.56
2050,P_mix,Optimistic,growing_high,255.9406829009425,0.1514283503959771,850.0,0.56
