country,power_scope,workload_scenario,scenario,uncovered_share,n_supply_basis,n_active_basis,migrated_share,top1_label,top1_weight,top2_label,top2_weight,region,continent,top3_label,top3_weight
AE,L0,W0,L0_W0,0.3309151907055842,2,2,0.0,AE:PV,0.5499393180079067,AE:WIND,0.45006068199209265,Asia-Pacific,Asia,,
AE,L0,W1,L0_W1,0.30828025066163406,2,2,0.0523822940149792,AE:PV,0.561090742100798,AE:WIND,0.4389092578992013,Asia-Pacific,Asia,,
AE,L0,W2,L0_W2,0.2652550503698241,2,2,0.14527233362615302,AE:PV,0.5834365763151761,AE:WIND,0.4165634236848236,Asia-Pacific,Asia,,
AE,L0,W3,L0_W3,0.20795656607196739,2,2,0.2560285003598901,AE:PV,0.6090879152460934,AE:WIND,0.39091208475390626,Asia-Pacific,Asia,,
AE,L1,W0,L1_W0,0.1374298888942387,60,23,0.0,CN:WIND,0.3315876075962547,OM:PV,0.14981332811163725,Asia-Pacific,Asia,PH:WIND,0.12085809482999799
AE,L1,W1,L1_W1,0.11716543605151382,60,24,0.05452865350980722,CN:WIND,0.33394484616338194,OM:PV,0.15619558174406403,Asia-Pacific,Asia,PH:WIND,0.1191075859543295
AE,L1,W2,L1_W2,0.09447649050541304,60,22,0.11851466834319409,CN:WIND,0.3337495988006008,OM:PV,0.17162075918199438,Asia-Pacific,Asia,PH:WIND,0.11857659287641983
AE,L1,W3,L1_W3,0.08791966620868831,60,22,0.1371962564752007,CN:WIND,0.33255570405737184,OM:PV,0.17750281257938127,Asia-Pacific,Asia,PH:WIND,0.1225972607978412
AE,L2,W0,L2_W0,0.1374298888942387,60,23,0.0,CN:WIND,0.3315876075962547,OM:PV,0.14981332811163725,Asia-Pacific,Asia,PH:WIND,0.12085809482999799
AE,L2,W1,L2_W1,0.11716543605151382,60,24,0.05452865350980722,CN:WIND,0.33394484616338194,OM:PV,0.15619558174406403,Asia-Pacific,Asia,PH:WIND,0.1191075859543295
AE,L2,W2,L2_W2,0.09447649050541304,60,22,0.11851466834319409,CN:WIND,0.3337495988006008,OM:PV,0.17162075918199438,Asia-Pacific,Asia,PH:WIND,0.11857659287641983
AE,L2,W3,L2_W3,0.08791966620868831,60,22,0.1371962564752007,CN:WIND,0.33255570405737184,OM:PV,0.17750281257938127,Asia-Pacific,Asia,PH:WIND,0.1225972607978412
AE,L3,W0,L3_W0,0.0666037672301277,210,76,0.0,CL:PV,0.06554493410795752,PE:PV,0.06221800095941295,Asia-Pacific,Asia,IN:PV,0.0619291801538176
AE,L3,W1,L3_W1,0.052994024283839154,210,71,0.04689709118064839,IN:PV,0.06723408761550613,PE:PV,0.06699180014658256,Asia-Pacific,Asia,CL:PV,0.06504497763317636
AE,L3,W2,L3_W2,0.04817819637709095,210,64,0.06619483502613106,CL:PV,0.07146220361842211,PE:PV,0.06737325940580183,Asia-Pacific,Asia,IN:PV,0.06432692420477
AE,L3,W3,L3_W3,0.048059621781770936,210,64,0.06660376723012772,CL:PV,0.07180932603218403,PE:PV,0.06778312862604009,Asia-Pacific,Asia,IN:PV,0.06381496812955659
AF,L0,W0,L0_W0,0.3269218668292715,2,2,0.0,AF:PV,0.6097164477289715,AF:WIND,0.3902835522710287,Asia-Pacific,Asia,,
AF,L0,W1,L0_W1,0.3039127231248755,2,2,0.050612366580309466,AF:PV,0.6182477860638884,AF:WIND,0.38175221393611153,Asia-Pacific,Asia,,
AF,L0,W2,L0_W2,0.26076860916959693,2,2,0.14003554515853275,AF:PV,0.6354643716482974,AF:WIND,0.36453562835170283,Asia-Pacific,Asia,,
AF,L0,W3,L0_W3,0.20602714304968603,2,2,0.24570044518323333,AF:PV,0.6526242049497032,AF:WIND,0.34737579505029703,Asia-Pacific,Asia,,
AF,L1,W0,L1_W0,0.16633698873514782,60,27,0.0,CN:WIND,0.28851396503150156,IN:WIND,0.11476110664565362,Asia-Pacific,Asia,IN:PV,0.06458059058151208
AF,L1,W1,L1_W1,0.14641392496477007,60,27,0.05933862766620684,CN:WIND,0.29013314200653295,IN:WIND,0.11024337967482802,Asia-Pacific,Asia,IN:PV,0.07011649577238341
AF,L1,W2,L1_W2,0.120935889735304,60,28,0.1354021010343253,CN:WIND,0.28770362331482635,IN:WIND,0.11408559993876291,Asia-Pacific,Asia,IN:PV,0.07531609309311994
AF,L1,W3,L1_W3,0.11036841568575607,60,28,0.16571049924131334,CN:WIND,0.2849361352027915,IN:WIND,0.12356618753150524,Asia-Pacific,Asia,IN:PV,0.07338369011708303
AF,L2,W0,L2_W0,0.16633698873514782,60,27,0.0,CN:WIND,0.28851396503150156,IN:WIND,0.11476110664565362,Asia-Pacific,Asia,IN:PV,0.06458059058151208
AF,L2,W1,L2_W1,0.14641392496477007,60,27,0.05933862766620684,CN:WIND,0.29013314200653295,IN:WIND,0.11024337967482802,Asia-Pacific,Asia,IN:PV,0.07011649577238341
AF,L2,W2,L2_W2,0.120935889735304,60,28,0.1354021010343253,CN:WIND,0.28770362331482635,IN:WIND,0.11408559993876291,Asia-Pacific,Asia,IN:PV,0.07531609309311994
AF,L2,W3,L2_W3,0.11036841568575607,60,28,0.16571049924131334,CN:WIND,0.2849361352027915,IN:WIND,0.12356618753150524,Asia-Pacific,Asia,IN:PV,0.07338369011708303
AF,L3,W0,L3_W0,0.10929168874013072,210,57,0.0,CV:PV,0.11505517437978774,CN:PV,0.10480729443657587,Asia-Pacific,Asia,AE:PV,0.051210990353327865
AF,L3,W1,L3_W1,0.09213094051389258,210,61,0.05563935624298998,CV:PV,0.11280367948509536,CN:PV,0.10621160466696764,Asia-Pacific,Asia,AE:PV,0.049458605185591045
AF,L3,W2,L3_W2,0.07843495691886497,210,58,0.10578059335714034,CV:PV,0.1173153498264814,CN:PV,0.09803157629518747,Asia-Pacific,Asia,AE:PV,0.054676859679603375
AF,L3,W3,L3_W3,0.07727272420111114,210,57,0.10922678210393144,CV:PV,0.1198835155948869,CN:PV,0.09606562086626634,Asia-Pacific,Asia,AE:PV,0.056318430491198716
AR,L0,W0,L0_W0,0.26474359569305195,2,2,0.0,AR:WIND,0.5843930103399694,AR:PV,0.4156069896600206,Latin America,Americas,,
AR,L0,W1,L0_W1,0.24116298008859124,2,2,0.051470200865028154,AR:WIND,0.5776407702304176,AR:PV,0.42235922976957213,Latin America,Americas,,
AR,L0,W2,L0_W2,0.20193720011984384,2,2,0.1338006371347124,AR:WIND,0.5618704617581493,AR:PV,0.43812953824184053,Latin America,Americas,,
AR,L0,W3,L0_W3,0.16084818822572644,2,2,0.21707856225353006,AR:WIND,0.5449873718228473,AR:PV,0.45501262817714244,Latin America,Americas,,
AR,L1,W0,L1_W0,0.15308013088246775,22,12,0.0,BR:WIND,0.30677075826812933,CO:PV,0.10967570114217402,Latin America,Americas,GF:WIND,0.10503570165542771
AR,L1,W1,L1_W1,0.1316949599255337,22,12,0.054379742797319164,BR:WIND,0.30458781601131235,CO:PV,0.1125465778539702,Latin America,Americas,GF:WIND,0.10626594916063459
AR,L1,W2,L1_W2,0.10502674974167962,22,13,0.12450474928504983,BR:WIND,0.30295999791464306,CO:PV,0.12257314080012206,Latin America,Americas,GF:WIND,0.10956489802191953
AR,L1,W3,L1_W3,0.09464392678814464,22,13,0.15265235241339425,BR:WIND,0.29932747072800037,CO:PV,0.1295945692208163,Latin America,Americas,GF:WIND,0.11060805010286151
AR,L2,W0,L2_W0,0.12602460985269007,48,19,0.0,BR:WIND,0.16973446934374872,US:PV,0.16455847104700444,Latin America,Americas,US:WIND,0.13495875251285297
AR,L2,W1,L2_W1,0.10559756156677279,48,19,0.05275944355979966,US:PV,0.17020230538985723,BR:WIND,0.16540412202838448,Latin America,Americas,US:WIND,0.13237207452659722
AR,L2,W2,L2_W2,0.08349555800327632,48,19,0.11278949576786802,US:PV,0.185065174183417,BR:WIND,0.15703758880723254,Latin America,Americas,US:WIND,0.12200538877230536
AR,L2,W3,L2_W3,0.07867812237106205,48,19,0.12601293793925775,US:PV,0.18878795126512957,BR:WIND,0.1516139150663031,Latin America,Americas,US:WIND,0.11969978162827921
AR,L3,W0,L3_W0,0.07623959017569981,210,52,0.0,US:PV,0.17700445645711774,FJ:PV,0.1446776781701244,Latin America,Americas,CV:PV,0.05851961173270456
AR,L3,W1,L3_W1,0.057757259026263115,210,54,0.045932285545393046,US:PV,0.17546338329298328,FJ:PV,0.14672480858704476,Latin America,Americas,CV:PV,0.0578194235870078
AR,L3,W2,L3_W2,0.04667493883223178,210,56,0.07455640092971158,US:PV,0.17335515407722527,FJ:PV,0.15762080847708365,Latin America,Americas,CV:PV,0.06009893296191562
AR,L3,W3,L3_W3,0.045934063230423004,210,57,0.07621565986801955,US:PV,0.1707375838619878,FJ:PV,0.16104098593074093,Latin America,Americas,CV:PV,0.06075731235654413
AT,L0,W0,L0_W0,0.32367039052665797,2,2,0.0,AT:WIND,0.5893506602834415,AT:PV,0.41064933971655754,Europe,EurAfrMENA,,
AT,L0,W1,L0_W1,0.29964417632871687,2,2,0.055640530204169016,AT:WIND,0.5868558922654146,AT:PV,0.4131441077345847,Europe,EurAfrMENA,,
AT,L0,W2,L0_W2,0.2551436339240234,2,2,0.15301897433688955,AT:WIND,0.581484825763591,AT:PV,0.4185151742364084,Europe,EurAfrMENA,,
AT,L0,W3,L0_W3,0.20326696294086963,2,2,0.2617359404143988,AT:WIND,0.5753010065443185,AT:PV,0.4246989934556806,Europe,EurAfrMENA,,
AT,L1,W0,L1_W0,0.17425857754351942,52,25,0.0,ES:WIND,0.13492104350204123,PT:PV,0.12326387396454021,Europe,EurAfrMENA,DE:WIND,0.1071092722090902
AT,L1,W1,L1_W1,0.15417056956693825,52,25,0.06008298801679735,ES:WIND,0.1335865549402792,PT:PV,0.12796030927898808,Europe,EurAfrMENA,DE:WIND,0.10494842167981919
AT,L1,W2,L1_W2,0.1279098057377919,52,25,0.1402885833496838,PT:PV,0.13760183307823357,ES:WIND,0.13504246226454222,Europe,EurAfrMENA,DE:WIND,0.09748633431922206
AT,L1,W3,L1_W3,0.11701155531124499,52,23,0.17350965072418836,PT:PV,0.14236340132389635,ES:WIND,0.14011277943243103,Europe,EurAfrMENA,DE:WIND,0.09718322893354693
AT,L2,W0,L2_W0,0.1337246175736136,94,36,0.0,CV:PV,0.18514659089729923,ET:WIND,0.09423301570817488,Europe,EurAfrMENA,ZA:WIND,0.07787626431962255
AT,L2,W1,L2_W1,0.11449635162241037,94,34,0.05513846371325834,CV:PV,0.19165318104130205,ET:WIND,0.09509910639789439,Europe,EurAfrMENA,ZA:WIND,0.07707107324030739
AT,L2,W2,L2_W2,0.0931752640993075,94,29,0.11626843328474824,CV:PV,0.2119548030304091,ET:WIND,0.09560405226919057,Europe,EurAfrMENA,CV:WIND,0.07828182114022984
AT,L2,W3,L2_W3,0.08689303961273684,94,27,0.1335789873263738,CV:PV,0.22215231886598177,ET:WIND,0.09962668588391202,Europe,EurAfrMENA,MU:PV,0.08738217604331423
AT,L3,W0,L3_W0,0.07103649303636476,210,55,0.0,CL:PV,0.22914466905489428,MX:PV,0.11064443699000223,Europe,EurAfrMENA,OM:PV,0.10743974596416365
AT,L3,W1,L3_W1,0.056977280303295845,210,53,0.049346349756507556,CL:PV,0.2312318245494017,OM:PV,0.11405118028412967,Europe,EurAfrMENA,MX:PV,0.10304666479663882
AT,L3,W2,L3_W2,0.05161595642499048,210,47,0.07029851181018472,CL:PV,0.23840071440464514,OM:PV,0.12623484806103388,Europe,EurAfrMENA,MX:PV,0.09814720028482168
AT,L3,W3,L3_W3,0.051393688620163976,210,47,0.07103649303636478,CL:PV,0.23910067255180179,OM:PV,0.12867988468075076,Europe,EurAfrMENA,MX:PV,0.09835438191011804
AU,L0,W0,L0_W0,0.23785305372607315,2,2,0.0,AU:WIND,0.5722297684629591,AU:PV,0.4277702315370403,Asia-Pacific,Oceania,,
AU,L0,W1,L0_W1,0.21483328490626993,2,2,0.0524284387272489,AU:WIND,0.5654574550272717,AU:PV,0.4345425449727275,Asia-Pacific,Oceania,,
AU,L0,W2,L0_W2,0.17767763520671603,2,2,0.1359413284728367,AU:WIND,0.5457145763833053,AU:PV,0.4542854236166939,Asia-Pacific,Oceania,,
AU,L0,W3,L0_W3,0.1427833951657508,2,2,0.21302113955186097,AU:WIND,0.5191435096545498,AU:PV,0.4808564903454495,Asia-Pacific,Oceania,,
AU,L1,W0,L1_W0,0.20834603931201598,6,5,0.0,AU:WIND,0.3432846705997492,AU:PV,0.2889953330213577,Asia-Pacific,Oceania,NZ:WIND,0.2350126362746044
AU,L1,W1,L1_W1,0.18572487462903914,6,5,0.05304177964104288,AU:WIND,0.33939853309230394,AU:PV,0.2946507170778203,Asia-Pacific,Oceania,NZ:WIND,0.23365720768030188
AU,L1,W2,L1_W2,0.15130731784209578,6,5,0.1332320570182408,AU:WIND,0.32584069304043145,AU:PV,0.31175830004782656,Asia-Pacific,Oceania,NZ:WIND,0.23043439765913873
AU,L1,W3,L1_W3,0.1247331583578921,6,5,0.19544590470086962,AU:PV,0.33139195992399456,AU:WIND,0.30825817314491427,Asia-Pacific,Oceania,NZ:WIND,0.23084949044812278
AU,L2,W0,L2_W0,0.20834603931201598,6,5,0.0,AU:WIND,0.3432846705997492,AU:PV,0.2889953330213577,Asia-Pacific,Oceania,NZ:WIND,0.2350126362746044
AU,L2,W1,L2_W1,0.18572487462903914,6,5,0.05304177964104288,AU:WIND,0.33939853309230394,AU:PV,0.2946507170778203,Asia-Pacific,Oceania,NZ:WIND,0.23365720768030188
AU,L2,W2,L2_W2,0.15130731784209578,6,5,0.1332320570182408,AU:WIND,0.32584069304043145,AU:PV,0.31175830004782656,Asia-Pacific,Oceania,NZ:WIND,0.23043439765913873
AU,L2,W3,L2_W3,0.1247331583578921,6,5,0.19544590470086962,AU:PV,0.33139195992399456,AU:WIND,0.30825817314491427,Asia-Pacific,Oceania,NZ:WIND,0.23084949044812278
AU,L3,W0,L3_W0,0.07910952800990367,210,53,0.0,FJ:PV,0.1326410351377556,OM:PV,0.11443498202786398,Asia-Pacific,Oceania,AU:PV,0.1031456217740659
AU,L3,W1,L3_W1,0.061889664730228694,210,50,0.048375400288692166,FJ:PV,0.13214658759204911,OM:PV,0.10425638343723871,Asia-Pacific,Oceania,AU:PV,0.10377229625682648
AU,L3,W2,L3_W2,0.05239754212291661,210,51,0.07810015911636739,FJ:PV,0.1388601172900956,OM:PV,0.10991921704048152,Asia-Pacific,Oceania,AU:PV,0.10186606250446721
AU,L3,W3,L3_W3,0.05203715300815454,210,51,0.07910952800990367,FJ:PV,0.1404598522402606,OM:PV,0.11372739853507134,Asia-Pacific,Oceania,AU:PV,0.10112253688784015
BD,L0,W0,L0_W0,0.372864925650799,2,2,0.0,BD:WIND,0.5370921507989209,BD:PV,0.4629078492010775,Asia-Pacific,Asia,,
BD,L0,W1,L0_W1,0.34970087838946423,2,2,0.05563311472758228,BD:WIND,0.5271970973619069,BD:PV,0.47280290263809166,Asia-Pacific,Asia,,
BD,L0,W2,L0_W2,0.302629232390919,2,2,0.15747454986901271,BD:WIND,0.5077105426458174,BD:PV,0.4922894573541809,Asia-Pacific,Asia,,
BD,L0,W3,L0_W3,0.23479785313732102,2,2,0.28341941795988335,BD:PV,0.5154896371892743,BD:WIND,0.4845103628107243,Asia-Pacific,Asia,,
BD,L1,W0,L1_W0,0.1476075477541515,60,29,0.0,CN:WIND,0.3473438632414088,PH:WIND,0.05770103831819504,Asia-Pacific,Asia,MY:WIND,0.04511608166080711
BD,L1,W1,L1_W1,0.12676897656070008,60,29,0.054304673801224716,CN:WIND,0.3470910921078467,PH:WIND,0.05494184553630659,Asia-Pacific,Asia,MY:WIND,0.04499831988246944
BD,L1,W2,L1_W2,0.10142713649926068,60,29,0.12258119254724881,CN:WIND,0.3395411461273787,JO:PV,0.05572979517181212,Asia-Pacific,Asia,PH:WIND,0.051311854626066966
BD,L1,W3,L1_W3,0.09241780243613261,60,28,0.14712582693156392,CN:WIND,0.33550647058023625,JO:PV,0.06457687639566159,Asia-Pacific,Asia,PH:WIND,0.04941607630064121
BD,L2,W0,L2_W0,0.1476075477541515,60,29,0.0,CN:WIND,0.3473438632414088,PH:WIND,0.05770103831819504,Asia-Pacific,Asia,MY:WIND,0.04511608166080711
BD,L2,W1,L2_W1,0.12676897656070008,60,29,0.054304673801224716,CN:WIND,0.3470910921078467,PH:WIND,0.05494184553630659,Asia-Pacific,Asia,MY:WIND,0.04499831988246944
BD,L2,W2,L2_W2,0.10142713649926068,60,29,0.12258119254724881,CN:WIND,0.3395411461273787,JO:PV,0.05572979517181212,Asia-Pacific,Asia,PH:WIND,0.051311854626066966
BD,L2,W3,L2_W3,0.09241780243613261,60,28,0.14712582693156392,CN:WIND,0.33550647058023625,JO:PV,0.06457687639566159,Asia-Pacific,Asia,PH:WIND,0.04941607630064121
BD,L3,W0,L3_W0,0.08054710885174127,210,77,0.0,CV:PV,0.1191752927119448,CN:WIND,0.050478415500594086,Asia-Pacific,Asia,LC:PV,0.043408193168396794
BD,L3,W1,L3_W1,0.06514552519446437,210,70,0.053854161887494936,CV:PV,0.12260334657378225,CN:WIND,0.05726487983770945,Asia-Pacific,Asia,LC:PV,0.048722414577621276
BD,L3,W2,L3_W2,0.05816226789044268,210,58,0.07998829813393155,CV:PV,0.1365272793002395,LC:PV,0.05870057798333683,Asia-Pacific,Asia,CN:WIND,0.058641581674923914
BD,L3,W3,L3_W3,0.057987677041179145,210,57,0.08054710885174127,CV:PV,0.13677264444321735,LC:PV,0.05901209851536241,Asia-Pacific,Asia,CN:WIND,0.05835238463638059
BE,L0,W0,L0_W0,0.23921350853319986,2,2,0.0,BE:WIND,0.722176688826013,BE:PV,0.27782331117396475,Europe,EurAfrMENA,,
BE,L0,W1,L0_W1,0.21715073225217155,2,2,0.05641576284760226,BE:WIND,0.7155772140647239,BE:PV,0.2844227859352539,Europe,EurAfrMENA,,
BE,L0,W2,L0_W2,0.1855597187626426,2,2,0.13881978985598756,BE:WIND,0.7097278686717589,BE:PV,0.29027213132821905,Europe,EurAfrMENA,,
BE,L0,W3,L0_W3,0.1595135866556033,2,2,0.2072306485047532,BE:WIND,0.7113397208242812,BE:PV,0.28866027917569687,Europe,EurAfrMENA,,
BE,L1,W0,L1_W0,0.1740865972127969,52,27,0.0,ES:WIND,0.12497424161682325,PT:PV,0.11631592972502285,Europe,EurAfrMENA,DE:WIND,0.11313291428616641
BE,L1,W1,L1_W1,0.15395789846438077,52,27,0.05965445895222916,PT:PV,0.12525577273700755,ES:WIND,0.12373467317226972,Europe,EurAfrMENA,DE:WIND,0.11008029934836419
BE,L1,W2,L1_W2,0.12770746988034343,52,27,0.1394426633541171,PT:PV,0.13774981001659753,ES:WIND,0.12445831096144405,Europe,EurAfrMENA,DE:WIND,0.10190430121947708
BE,L1,W3,L1_W3,0.11654072321423689,52,26,0.1732453918004774,PT:PV,0.14067843913022673,ES:WIND,0.12890319707471296,Europe,EurAfrMENA,DE:WIND,0.10044870246405313
BE,L2,W0,L2_W0,0.13839774803560437,94,38,0.0,CV:PV,0.17174876547947893,ET:WIND,0.08655211068027027,Europe,EurAfrMENA,CV:WIND,0.07717066484849903
BE,L2,W1,L2_W1,0.11879409325976513,94,36,0.055216466458898064,CV:PV,0.17909386411000244,ET:WIND,0.08862168433615837,Europe,EurAfrMENA,CV:WIND,0.07914766440732622
BE,L2,W2,L2_W2,0.09619778474174588,94,31,0.11841857885515876,CV:PV,0.2024314872852062,ET:WIND,0.09015358443742671,Europe,EurAfrMENA,CV:WIND,0.08555917956126377
BE,L2,W3,L2_W3,0.08886098913809423,94,30,0.13820563334050473,CV:PV,0.21225738487373544,ET:WIND,0.09478759376594541,Europe,EurAfrMENA,CV:WIND,0.09000145526180793
BE,L3,W0,L3_W0,0.07353169683255903,210,54,0.0,CL:PV,0.21427580133985655,MX:PV,0.12828227397422917,Europe,EurAfrMENA,EG:PV,0.08067980773341299
BE,L3,W1,L3_W1,0.05894748680706811,210,50,0.04936968941603202,CL:PV,0.21237154097448743,MX:PV,0.14092210933787863,Europe,EurAfrMENA,EG:PV,0.07290265434132086
BE,L3,W2,L3_W2,0.052841247960897196,210,47,0.07285159604984054,CL:PV,0.21637478186864031,MX:PV,0.13831013263034825,Europe,EurAfrMENA,CV:WIND,0.07626561052508263
BE,L3,W3,L3_W3,0.05263140039107273,210,46,0.07353169683255903,CL:PV,0.21694808174857008,MX:PV,0.1384750848711469,Europe,EurAfrMENA,CV:WIND,0.07727776508806769
BF,L0,W0,L0_W0,0.3422935700448119,2,2,0.0,BF:PV,0.6119454741028636,BF:WIND,0.3880545258971382,Africa/MENA,EurAfrMENA,,
BF,L0,W1,L0_W1,0.3187556896726261,2,2,0.05350162663435321,BF:PV,0.6212828925871599,BF:WIND,0.3787171074128415,Africa/MENA,EurAfrMENA,,
BF,L0,W2,L0_W2,0.2730870212726576,2,2,0.1494251153881788,BF:PV,0.6413350546931511,BF:WIND,0.35866494530685045,Africa/MENA,EurAfrMENA,,
BF,L0,W3,L0_W3,0.21310521701004456,2,2,0.26316546391367107,BF:PV,0.6671000995548156,BF:WIND,0.3328999004451857,Africa/MENA,EurAfrMENA,,
BF,L1,W0,L1_W0,0.17425316546106037,42,19,0.0,EG:WIND,0.1423852333485058,CV:PV,0.10289465043276257,Africa/MENA,EurAfrMENA,ET:WIND,0.09668795274994546
BF,L1,W1,L1_W1,0.15226465285453278,42,19,0.05501465020591258,EG:WIND,0.14104357784229107,CV:PV,0.10836431475765282,Africa/MENA,EurAfrMENA,ET:WIND,0.0981859998682305
BF,L1,W2,L1_W2,0.12143504696112366,42,19,0.13316137057658933,EG:WIND,0.1349123907642011,CV:PV,0.11911874332887937,Africa/MENA,EurAfrMENA,ET:WIND,0.105856052879517
BF,L1,W3,L1_W3,0.10576379164850022,42,19,0.1725646189172358,EG:WIND,0.13232663707549416,CV:PV,0.1296757715209532,Africa/MENA,EurAfrMENA,ET:WIND,0.1133264935677186
BF,L2,W0,L2_W0,0.166151993649227,94,32,0.0,EG:WIND,0.10209965234036125,NG:WIND,0.07847176397284555,Africa/MENA,EurAfrMENA,CV:PV,0.07391101614419628
BF,L2,W1,L2_W1,0.14481334359507467,94,32,0.05612393136455718,EG:WIND,0.10046421248163638,CV:PV,0.08130075839122057,Africa/MENA,EurAfrMENA,NG:WIND,0.07895015740749231
BF,L2,W2,L2_W2,0.11634022943759954,94,32,0.13135799461221367,CV:PV,0.09381730435924499,EG:WIND,0.09208838844620244,Africa/MENA,EurAfrMENA,NG:WIND,0.08060708970938762
BF,L2,W3,L2_W3,0.10323773006423706,94,32,0.16531376991606783,CV:PV,0.10416798303364033,EG:WIND,0.08504458384812241,Africa/MENA,EurAfrMENA,NG:WIND,0.08469296467332588
BF,L3,W0,L3_W0,0.09971853242877442,210,29,0.0,MX:PV,0.2758389893269787,BR:WIND,0.1161682366983333,Africa/MENA,EurAfrMENA,CL:PV,0.10974140307659896
BF,L3,W1,L3_W1,0.08051934411622101,210,30,0.04986777761692895,MX:PV,0.27706079976550063,CL:PV,0.11287105023191349,Africa/MENA,EurAfrMENA,BR:WIND,0.11041553458826478
BF,L3,W2,L3_W2,0.0640402798899552,210,31,0.09539417760414774,MX:PV,0.2773450753550549,CL:PV,0.1201527575875237,Africa/MENA,EurAfrMENA,BR:WIND,0.08798767981777575
BF,L3,W3,L3_W3,0.06252749450247828,210,32,0.09971626798726536,MX:PV,0.2765948538951123,CL:PV,0.12226124769868402,Africa/MENA,EurAfrMENA,BR:WIND,0.08430550545314018
BG,L0,W0,L0_W0,0.3177164205891705,2,2,0.0,BG:WIND,0.5302500231048689,BG:PV,0.46974997689513137,Europe,EurAfrMENA,,
BG,L0,W1,L0_W1,0.2936099182164859,2,2,0.05355427239342088,BG:WIND,0.5262980157848196,BG:PV,0.47370198421518045,Europe,EurAfrMENA,,
BG,L0,W2,L0_W2,0.248847354995894,2,2,0.14709769290104174,BG:WIND,0.5177931497889989,BG:PV,0.48220685021100124,Europe,EurAfrMENA,,
BG,L0,W3,L0_W3,0.19642816394325663,2,2,0.252692669502113,BG:WIND,0.5069750997575428,BG:PV,0.4930249002424571,Europe,EurAfrMENA,,
BG,L1,W0,L1_W0,0.1618148443243112,52,25,0.0,ES:WIND,0.12237373871555994,PT:PV,0.11974376888903723,Europe,EurAfrMENA,DE:WIND,0.09726377987930163
BG,L1,W1,L1_W1,0.14189735822245225,52,25,0.05823034797182112,PT:PV,0.1259673643130469,ES:WIND,0.12166166013169162,Europe,EurAfrMENA,DE:WIND,0.09574011693088591
BG,L1,W2,L1_W2,0.11731329357899514,52,25,0.13321380007490988,PT:PV,0.1317651032160095,ES:WIND,0.12113726755111494,Europe,EurAfrMENA,RU:PV,0.0940532381381673
BG,L1,W3,L1_W3,0.10832750361425081,52,26,0.16123246325888446,PT:PV,0.13763765254193064,ES:WIND,0.12385710911280684,Europe,EurAfrMENA,RU:PV,0.0965668412916584
BG,L2,W0,L2_W0,0.12160449093500406,94,34,0.0,CV:PV,0.2055839762974244,MU:PV,0.0909577802866417,Europe,EurAfrMENA,ET:WIND,0.08604825160981801
BG,L2,W1,L2_W1,0.10326384400998825,94,35,0.05301243127451172,CV:PV,0.2128900654861446,MU:PV,0.09608517653482906,Europe,EurAfrMENA,ET:WIND,0.08756728597662153
BG,L2,W2,L2_W2,0.08433355975027405,94,34,0.10737425878367111,CV:PV,0.2333969341220849,MU:PV,0.11537002675836026,Europe,EurAfrMENA,ET:WIND,0.08760480607801016
BG,L2,W3,L2_W3,0.07907054232410392,94,30,0.12153552215539233,CV:PV,0.24113436760607543,MU:PV,0.12574983671401754,Europe,EurAfrMENA,ET:WIND,0.08997624080004989
BG,L3,W0,L3_W0,0.06760187014888679,210,59,0.0,CL:PV,0.21565577963795296,MX:PV,0.09067738221967435,Europe,EurAfrMENA,OM:PV,0.08460794443533565
BG,L3,W1,L3_W1,0.05392398812402244,210,54,0.04754710566073852,CL:PV,0.21502427470903557,OM:PV,0.09243678593259688,Europe,EurAfrMENA,MX:PV,0.08455775798363728
BG,L3,W2,L3_W2,0.049000500810276126,210,48,0.06715310633996227,CL:PV,0.225880001235785,OM:PV,0.11157339478374231,Europe,EurAfrMENA,MX:PV,0.07653427725558963
BG,L3,W3,L3_W3,0.048865395939874726,210,47,0.06760187014888679,CL:PV,0.2263891962665501,OM:PV,0.11280191904138766,Europe,EurAfrMENA,MX:PV,0.07645137514039477
BH,L0,W0,L0_W0,0.35174992066556476,2,2,0.0,BH:WIND,0.5269738540070051,BH:PV,0.47302614599299214,Asia-Pacific,Asia,,
BH,L0,W1,L0_W1,0.32810709474214217,2,2,0.054501225358931836,BH:WIND,0.5195231650943305,BH:PV,0.48047683490566667,Asia-Pacific,Asia,,
BH,L0,W2,L0_W2,0.2829743042870515,2,2,0.1514955454971138,BH:WIND,0.5032280392363508,BH:PV,0.4967719607636463,Asia-Pacific,Asia,,
BH,L0,W3,L0_W3,0.2234698142954783,2,2,0.2683135966843574,BH:PV,0.5172260132773756,BH:WIND,0.48277398672262206,Asia-Pacific,Asia,,
BH,L1,W0,L1_W0,0.14532484607555402,60,26,0.0,CN:WIND,0.3737373597246727,OM:WIND,0.07680155036416243,Asia-Pacific,Asia,PK:WIND,0.06990844545792274
BH,L1,W1,L1_W1,0.12415628702864213,60,25,0.053592703650302706,CN:WIND,0.37345834050139165,OM:WIND,0.07464837138553998,Asia-Pacific,Asia,PK:WIND,0.07046134129646851
BH,L1,W2,L1_W2,0.09850529301963455,60,26,0.1223393662757132,CN:WIND,0.3733998383907125,PK:WIND,0.0708070887244079,Asia-Pacific,Asia,OM:WIND,0.07056998811546988
BH,L1,W3,L1_W3,0.09032578669369568,60,25,0.14509378190061314,CN:WIND,0.3748113260054857,JO:PV,0.07240850945017266,Asia-Pacific,Asia,OM:WIND,0.07021279411498677
BH,L2,W0,L2_W0,0.14532484607555402,60,26,0.0,CN:WIND,0.3737373597246727,OM:WIND,0.07680155036416243,Asia-Pacific,Asia,PK:WIND,0.06990844545792274
BH,L2,W1,L2_W1,0.12415628702864213,60,25,0.053592703650302706,CN:WIND,0.37345834050139165,OM:WIND,0.07464837138553998,Asia-Pacific,Asia,PK:WIND,0.07046134129646851
BH,L2,W2,L2_W2,0.09850529301963455,60,26,0.1223393662757132,CN:WIND,0.3733998383907125,PK:WIND,0.0708070887244079,Asia-Pacific,Asia,OM:WIND,0.07056998811546988
BH,L2,W3,L2_W3,0.09032578669369568,60,25,0.14509378190061314,CN:WIND,0.3748113260054857,JO:PV,0.07240850945017266,Asia-Pacific,Asia,OM:WIND,0.07021279411498677
BH,L3,W0,L3_W0,0.08793803832382557,210,52,0.0,US:PV,0.1003955981925805,MX:PV,0.09647768260672543,Asia-Pacific,Asia,OM:PV,0.07175453859659191
BH,L3,W1,L3_W1,0.07103843389519379,210,47,0.05135313881517158,US:PV,0.09764911689764888,MX:PV,0.09740732392235753,Asia-Pacific,Asia,OM:PV,0.07559508778575379
BH,L3,W2,L3_W2,0.0605671055074829,210,51,0.08585050318375419,US:PV,0.10038608601897801,MX:PV,0.08749226813204489,Asia-Pacific,Asia,OM:PV,0.07896331017674015
BH,L3,W3,L3_W3,0.05987414129301378,210,50,0.08793681608818603,US:PV,0.10169239501889578,MX:PV,0.08408677859360263,Asia-Pacific,Asia,OM:PV,0.08203677802181983
BI,L0,W0,L0_W0,0.37549700107929557,2,2,0.0,BI:PV,0.6617691696568061,BI:WIND,0.3382308303431945,Africa/MENA,EurAfrMENA,,
BI,L0,W1,L0_W1,0.35193842079165755,2,2,0.05535902010985791,BI:PV,0.6700409556087474,BI:WIND,0.3299590443912531,Africa/MENA,EurAfrMENA,,
BI,L0,W2,L0_W2,0.30491870647159436,2,2,0.15595278021434164,BI:PV,0.6873405706038171,BI:WIND,0.3126594293961837,Africa/MENA,EurAfrMENA,,
BI,L0,W3,L0_W3,0.237996807340715,2,2,0.2797420245522382,BI:PV,0.7080151188746353,BI:WIND,0.2919848811253653,Africa/MENA,EurAfrMENA,,
BI,L1,W0,L1_W0,0.1394187567855856,42,19,0.0,CV:PV,0.20063745342318695,MU:PV,0.135542824546743,Africa/MENA,EurAfrMENA,EG:WIND,0.12005791582641914
BI,L1,W1,L1_W1,0.11807723382881621,42,19,0.05321532643774533,CV:PV,0.20036061202630046,MU:PV,0.13874754748137366,Africa/MENA,EurAfrMENA,EG:WIND,0.12009711981503464
BI,L1,W2,L1_W2,0.09274356282107186,42,18,0.11887453312736938,CV:PV,0.20322618547825183,MU:PV,0.1471022148187726,Africa/MENA,EurAfrMENA,EG:WIND,0.12256795424499992
BI,L1,W3,L1_W3,0.08515887751949766,42,17,0.1391027563657818,CV:PV,0.20886950964047593,MU:PV,0.15527905920521512,Africa/MENA,EurAfrMENA,EG:WIND,0.12733922494009747
BI,L2,W0,L2_W0,0.13238220587990585,94,34,0.0,CV:PV,0.15748930505625758,MU:PV,0.11289604880175279,Africa/MENA,EurAfrMENA,EG:WIND,0.08322721153921692
BI,L2,W1,L2_W1,0.11112087826369631,94,34,0.05247829567093261,CV:PV,0.15878357802357812,MU:PV,0.11531264482821771,Africa/MENA,EurAfrMENA,EG:WIND,0.08293696722627587
BI,L2,W2,L2_W2,0.08655110910150986,94,32,0.11570750477334793,CV:PV,0.1613714842392196,MU:PV,0.12454650601601577,Africa/MENA,EurAfrMENA,EG:WIND,0.08229586471498943
BI,L2,W3,L2_W3,0.08029436605360307,94,32,0.1321925370679316,CV:PV,0.163787440933946,MU:PV,0.1314312831967858,Africa/MENA,EurAfrMENA,EG:WIND,0.08188997007054469
BI,L3,W0,L3_W0,0.09587525200116251,210,52,0.0,BR:WIND,0.135414853609748,PE:PV,0.13428648660314435,Africa/MENA,EurAfrMENA,US:PV,0.0832383163748099
BI,L3,W1,L3_W1,0.07606367497703585,210,50,0.047953842024354605,PE:PV,0.13473580991100678,BR:WIND,0.13222666837233935,Africa/MENA,EurAfrMENA,US:PV,0.08599141210786296
BI,L3,W2,L3_W2,0.05943010009441481,210,54,0.09148697274637478,PE:PV,0.1414009576987564,BR:WIND,0.12638858171568595,Africa/MENA,EurAfrMENA,US:PV,0.08740798254877197
BI,L3,W3,L3_W3,0.057825790930045265,210,54,0.0958619853389929,PE:PV,0.1424873563592869,BR:WIND,0.12617359506856884,Africa/MENA,EurAfrMENA,US:PV,0.0861337707894087
BO,L0,W0,L0_W0,0.37178835726863346,2,2,0.0,BO:PV,0.7168204866433528,BO:WIND,0.28317951335664787,Latin America,Americas,,
BO,L0,W1,L0_W1,0.3476567327785205,2,2,0.051502565460786645,BO:PV,0.72194987706446,BO:WIND,0.27805012293554093,Latin America,Americas,,
BO,L0,W2,L0_W2,0.29922636844693484,2,2,0.14546130713710576,BO:PV,0.7320633526286401,BO:WIND,0.2679366473713609,Latin America,Americas,,
BO,L0,W3,L0_W3,0.2279115447455404,2,2,0.26502649664769273,BO:PV,0.7430280844276849,BO:WIND,0.256971915572316,Latin America,Americas,,
BO,L1,W0,L1_W0,0.15818149734061232,22,12,0.0,BR:WIND,0.36245403360816786,PE:WIND,0.11934250149104748,Latin America,Americas,CO:PV,0.10025251814294389
BO,L1,W1,L1_W1,0.1366613887917391,22,12,0.054655250438896186,BR:WIND,0.35931188102767175,PE:WIND,0.11667178002338983,Latin America,Americas,CO:PV,0.10184738419285887
BO,L1,W2,L1_W2,0.10870767358031949,22,13,0.127813255608249,BR:WIND,0.34702223104746827,PE:WIND,0.11281588352104308,Latin America,Americas,CO:PV,0.09767129698275266
BO,L1,W3,L1_W3,0.09754779190874474,22,14,0.157565012495052,BR:WIND,0.3311974885629462,PE:WIND,0.1119730407736126,Latin America,Americas,CO:PV,0.0906057599082336
BO,L2,W0,L2_W0,0.13637472029672681,48,20,0.0,BR:WIND,0.25693430169828985,US:PV,0.12129401137010035,Latin America,Americas,LC:WIND,0.06785245785590964
BO,L2,W1,L2_W1,0.11543428397868918,48,20,0.054477978830884545,BR:WIND,0.255928182326611,US:PV,0.12407987219019743,Latin America,Americas,LC:WIND,0.06480250286342537
BO,L2,W2,L2_W2,0.09185356444939682,48,21,0.11856083739246354,BR:WIND,0.2539735890980553,US:PV,0.1312559630703979,Latin America,Americas,CR:WIND,0.06354706187392507
BO,L2,W3,L2_W3,0.08535501214111282,48,21,0.1363121286137851,BR:WIND,0.2512308514218269,US:PV,0.13274789365009693,Latin America,Americas,CR:WIND,0.066252249942436
BO,L3,W0,L3_W0,0.0896130603647315,210,42,0.0,US:PV,0.14854710942161314,FJ:PV,0.13026025932252636,Latin America,Americas,ET:WIND,0.05721120620470843
BO,L3,W1,L3_W1,0.07061608342702576,210,41,0.049082759929952556,US:PV,0.1481219923437954,FJ:PV,0.13200417176175847,Latin America,Americas,ET:WIND,0.05847010824523248
BO,L3,W2,L3_W2,0.0566137824445373,210,40,0.08695960453707609,US:PV,0.14484986939914493,FJ:PV,0.13990257578294252,Latin America,Americas,ET:WIND,0.0645920377830262
BO,L3,W3,L3_W3,0.05556648183242691,210,40,0.08958281954551388,US:PV,0.1440706356039592,FJ:PV,0.14283010745960142,Latin America,Americas,ET:WIND,0.06558272130958503
BR,L0,W0,L0_W0,0.202519027789334,2,2,0.0,BR:WIND,0.7267253392388423,BR:PV,0.27327466076115997,Latin America,Americas,,
BR,L0,W1,L0_W1,0.18015892383045057,2,2,0.05565925202129653,BR:WIND,0.7207431115814052,BR:PV,0.27925688841859686,Latin America,Americas,,
BR,L0,W2,L0_W2,0.1469517881328048,2,2,0.1381284126840858,BR:WIND,0.7022364994224248,BR:PV,0.29776350057757756,Latin America,Americas,,
BR,L0,W3,L0_W3,0.12482471135132898,2,2,0.19310103036397766,BR:WIND,0.6829026956628899,BR:PV,0.3170973043371123,Latin America,Americas,,
BR,L1,W0,L1_W0,0.14764515127934577,22,14,0.0,BR:WIND,0.29592607960624895,PE:WIND,0.12180391966371207,Latin America,Americas,GF:WIND,0.09064593845835861
BR,L1,W1,L1_W1,0.12677382359901626,22,14,0.05366217517382333,BR:WIND,0.2913568358617525,PE:WIND,0.12137578386807596,Latin America,Americas,GF:WIND,0.09328193060878721
BR,L1,W2,L1_W2,0.10178385643533533,22,15,0.1212602700597484,BR:WIND,0.28037675497526676,PE:WIND,0.11730691394815379,Latin America,Americas,GF:WIND,0.09532268429606904
BR,L1,W3,L1_W3,0.09252516554316041,22,15,0.14708833055296944,BR:WIND,0.26872261328665603,PE:WIND,0.11498090927288328,Latin America,Americas,GF:WIND,0.09309074217666062
BR,L2,W0,L2_W0,0.11956609469449427,48,17,0.0,BR:WIND,0.15956482640245373,US:PV,0.15094739528090395,Latin America,Americas,BR:PV,0.1108289631662498
BR,L2,W1,L2_W1,0.09956819480881447,48,17,0.052943869706422286,US:PV,0.15565740651127313,BR:WIND,0.15220354964656752,Latin America,Americas,BR:PV,0.11531901179747463
BR,L2,W2,L2_W2,0.07960340773828485,48,18,0.10926854067249277,US:PV,0.1629408308349439,BR:WIND,0.13198827888416773,Latin America,Americas,BR:PV,0.11945075829848203
BR,L2,W3,L2_W3,0.07603683826057307,48,19,0.1195615853459509,US:PV,0.1523145766891093,BR:WIND,0.12440442968721302,Latin America,Americas,BR:PV,0.12280004513099928
BR,L3,W0,L3_W0,0.0713356960480813,210,45,0.0,US:PV,0.16270080403098475,FJ:PV,0.14350914351905658,Latin America,Americas,NZ:PV,0.058671126334596146
BR,L3,W1,L3_W1,0.054264125715990846,210,44,0.045223404479288805,US:PV,0.15614713310449282,FJ:PV,0.1450883385414431,Latin America,Americas,NZ:PV,0.06016922054218348
BR,L3,W2,L3_W2,0.045557891291571465,210,45,0.06989135212495774,FJ:PV,0.1526316603610988,US:PV,0.15057454796286124,Latin America,Americas,NZ:PV,0.057966110806247646
BR,L3,W3,L3_W3,0.045009738451908886,210,43,0.0713356960480813,FJ:PV,0.15421577071994833,US:PV,0.14908772647159943,Latin America,Americas,NZ:PV,0.05777675639250158
BY,L0,W0,L0_W0,0.3302394391176026,2,2,0.0,BY:WIND,0.6104102785528135,BY:PV,0.3895897214471865,Europe,EurAfrMENA,,
BY,L0,W1,L0_W1,0.3074744642966472,2,2,0.059948993308024896,BY:WIND,0.6021304358904109,BY:PV,0.39786956410958896,Europe,EurAfrMENA,,
BY,L0,W2,L0_W2,0.26487081299448806,2,2,0.16436202436368197,BY:WIND,0.58548835037972,BY:PV,0.4145116496202797,Europe,EurAfrMENA,,
BY,L0,W3,L0_W3,0.21614139512245892,2,2,0.2748904218425852,BY:WIND,0.5683802237044717,BY:PV,0.43161977629552817,Europe,EurAfrMENA,,
BY,L1,W0,L1_W0,0.20664711298850405,52,23,0.0,PT:PV,0.13800433638643828,ES:WIND,0.13440255092587156,Europe,EurAfrMENA,FI:WIND,0.0822568931428196
BY,L1,W1,L1_W1,0.18527677279999585,52,22,0.05976464537918533,PT:PV,0.14566522696703768,ES:WIND,0.1337709586884109,Europe,EurAfrMENA,FI:WIND,0.08168380505454136
BY,L1,W2,L1_W2,0.15166937895301466,52,22,0.14894187995583225,PT:PV,0.1513787599407403,ES:WIND,0.1295655858007666,Europe,EurAfrMENA,FI:WIND,0.08112570682853934
BY,L1,W3,L1_W3,0.12999127937354077,52,23,0.20353647444755496,PT:PV,0.1499168532861126,ES:WIND,0.1263353924467916,Europe,EurAfrMENA,FI:WIND,0.07957679214387663
BY,L2,W0,L2_W0,0.18117242813196188,94,31,0.0,CV:PV,0.21928669500873318,ET:WIND,0.08163567340799949,Europe,EurAfrMENA,MR:WIND,0.062056373984127625
BY,L2,W1,L2_W1,0.16161153340757126,94,31,0.06148238880264479,CV:PV,0.21994147011035287,ET:WIND,0.08399495835459905,Europe,EurAfrMENA,MR:WIND,0.06108889477868704
BY,L2,W2,L2_W2,0.13291579825842045,94,32,0.14444319596209984,CV:PV,0.23201289258347255,ET:WIND,0.08505414653012396,Europe,EurAfrMENA,MR:WIND,0.060836780937314074
BY,L2,W3,L2_W3,0.11837865086960257,94,31,0.18067289964755484,CV:PV,0.25352086276858976,ET:WIND,0.08346873957621208,Europe,EurAfrMENA,RU:PV,0.0648235237293402
BY,L3,W0,L3_W0,0.12383636714021534,210,44,0.0,MX:PV,0.16447448711640847,OM:PV,0.07898202857105627,Europe,EurAfrMENA,CV:PV,0.07330281878617147
BY,L3,W1,L3_W1,0.10809790326878986,210,44,0.06545035872505948,MX:PV,0.16248905264755534,OM:PV,0.08640509772181537,Europe,EurAfrMENA,CV:PV,0.07805040095482421
BY,L3,W2,L3_W2,0.09341922575453022,210,47,0.12022489321784087,MX:PV,0.15206446777821497,OM:PV,0.10848117640588359,Europe,EurAfrMENA,CV:PV,0.09843189108586586
BY,L3,W3,L3_W3,0.09227490039766827,210,45,0.12382659635515786,MX:PV,0.14954031646694924,OM:PV,0.11117008316647325,Europe,EurAfrMENA,CV:PV,0.1057174349806167
CA,L0,W0,L0_W0,0.19875523430570186,2,2,0.0,CA:WIND,0.6949537172751881,CA:PV,0.3050462827248132,North America,Americas,,
CA,L0,W1,L0_W1,0.1764278575610635,2,2,0.051892513930331646,CA:WIND,0.6873777474822812,CA:PV,0.3126222525177201,North America,Americas,,
CA,L0,W2,L0_W2,0.14319297012718757,2,2,0.1295000898014577,CA:WIND,0.6710468232377406,CA:PV,0.32895317676226077,North America,Americas,,
CA,L0,W3,L0_W3,0.11873567226095913,2,2,0.18816360137608887,CA:WIND,0.6557773831659637,CA:PV,0.3442226168340376,North America,Americas,,
CA,L1,W0,L1_W0,0.14559852722453115,26,10,0.0,US:WIND,0.26511962583977483,US:PV,0.23848666764856274,North America,Americas,MX:WIND,0.12218326671319762
CA,L1,W1,L1_W1,0.12407515164228028,26,10,0.05120703078237628,US:WIND,0.26301455002771373,US:PV,0.24581308419095366,North America,Americas,MX:WIND,0.11942998164244464
CA,L1,W2,L1_W2,0.09751439932829611,26,10,0.11717537767301493,US:PV,0.2589175262523247,US:WIND,0.2528338353425745,North America,Americas,MX:WIND,0.11668709120308521
CA,L1,W3,L1_W3,0.08689110480409416,26,10,0.14478532935145216,US:PV,0.2647310098291067,US:WIND,0.24130602180866106,North America,Americas,MX:WIND,0.12059641577314024
CA,L2,W0,L2_W0,0.11777722933374732,48,21,0.0,BR:WIND,0.27387629804715685,US:PV,0.17017514776568965,North America,Americas,US:WIND,0.11944388480544701
CA,L2,W1,L2_W1,0.09766303208984942,48,20,0.05250855683158628,BR:WIND,0.26874379180833885,US:PV,0.1774355023815755,North America,Americas,US:WIND,0.12015936248355995
CA,L2,W2,L2_W2,0.07766463237777946,48,20,0.1074825658593974,BR:WIND,0.2622061823107717,US:PV,0.1971905894145237,North America,Americas,US:WIND,0.11889711288036092
CA,L2,W3,L2_W3,0.07398634560335945,48,20,0.11777722933374732,BR:WIND,0.26343636997617587,US:PV,0.20212396471260866,North America,Americas,US:WIND,0.12006943083816213
CA,L3,W0,L3_W0,0.06945020335586177,210,57,0.0,US:PV,0.19685113943511603,FJ:PV,0.09975355010972546,North America,Americas,AU:PV,0.0801417012209834
CA,L3,W1,L3_W1,0.053268369638365315,210,50,0.047027393592813646,US:PV,0.2057173402698634,FJ:PV,0.09926254157821875,North America,Americas,AU:PV,0.07957790386358496
CA,L3,W2,L3_W2,0.046415163763366775,210,50,0.06922056005260474,US:PV,0.21664439208655667,FJ:PV,0.10885811355231885,North America,Americas,CV:PV,0.08026385005488525
CA,L3,W3,L3_W3,0.04634417995739012,210,50,0.06945020335586179,US:PV,0.2164775753924418,FJ:PV,0.10941908278835061,North America,Americas,CV:PV,0.08067916085542111
CH,L0,W0,L0_W0,0.39199522049294466,2,2,0.0,CH:PV,0.635997860167197,CH:WIND,0.36400213983280666,Europe,EurAfrMENA,,
CH,L0,W1,L0_W1,0.3682986551895119,2,2,0.058625605286819975,CH:PV,0.6399583370214788,CH:WIND,0.3600416629785252,Europe,EurAfrMENA,,
CH,L0,W2,L0_W2,0.3212191501581872,2,2,0.16472494746035793,CH:PV,0.6478673845698103,CH:WIND,0.3521326154301934,Europe,EurAfrMENA,,
CH,L0,W3,L0_W3,0.2553675676519525,2,2,0.2937449473610998,CH:PV,0.6577458191044602,CH:WIND,0.3422541808955434,Europe,EurAfrMENA,,
CH,L1,W0,L1_W0,0.17214247104817282,52,27,0.0,DE:WIND,0.13202234752575104,ES:WIND,0.1233638109683013,Europe,EurAfrMENA,PT:PV,0.11744775533160165
CH,L1,W1,L1_W1,0.1520939601224149,52,26,0.05961019179950569,DE:WIND,0.12875183459073536,PT:PV,0.12432669528879302,Europe,EurAfrMENA,ES:WIND,0.12264502278496713
CH,L1,W2,L1_W2,0.12616939129037297,52,26,0.13823156331857317,PT:PV,0.141993662331774,ES:WIND,0.12502594118297672,Europe,EurAfrMENA,DE:WIND,0.11840783846880593
CH,L1,W3,L1_W3,0.11529755479252417,52,27,0.17116634833234087,PT:PV,0.1446690287016046,ES:WIND,0.1295645944983884,Europe,EurAfrMENA,DE:WIND,0.11797270663685964
CH,L2,W0,L2_W0,0.13808356447295664,94,40,0.0,CV:PV,0.16105270459396073,ZA:WIND,0.08532115366760648,Europe,EurAfrMENA,ET:WIND,0.07767253653018076
CH,L2,W1,L2_W1,0.11858263554676828,94,40,0.05602766456415157,CV:PV,0.1673459803884989,ZA:WIND,0.08646513875142152,Europe,EurAfrMENA,ET:WIND,0.07835907297529585
CH,L2,W2,L2_W2,0.09659190716425103,94,35,0.11868474121882946,CV:PV,0.19017784954374703,ZA:WIND,0.08796626988028448,Europe,EurAfrMENA,ET:WIND,0.07849521306898559
CH,L2,W3,L2_W3,0.0893964273294128,94,33,0.13783498062649727,CV:PV,0.20401675174667075,ZA:WIND,0.08675578818605105,Europe,EurAfrMENA,ET:WIND,0.08222778999737106
CH,L3,W0,L3_W0,0.08284435549691258,210,54,0.0,CL:PV,0.19668471615442532,MX:PV,0.07380192263475983,Europe,EurAfrMENA,EG:PV,0.06874682421446734
CH,L3,W1,L3_W1,0.06658185798505013,210,53,0.05191441748211279,CL:PV,0.20255866685145107,MX:PV,0.08466498569534754,Europe,EurAfrMENA,OM:PV,0.07204399051014254
CH,L3,W2,L3_W2,0.05847560012197563,210,48,0.08185488667490541,CL:PV,0.20345351494437328,MX:PV,0.09986703866349088,Europe,EurAfrMENA,OM:PV,0.0832751081581538
CH,L3,W3,L3_W3,0.05818529560654296,210,48,0.08284435549691258,CL:PV,0.2039825521415527,MX:PV,0.0998196234104041,Europe,EurAfrMENA,OM:PV,0.08435292046352358
CL,L0,W0,L0_W0,0.30015598066846766,2,2,0.0,CL:WIND,0.5183107166748204,CL:PV,0.4816892833251803,Latin America,Americas,,
CL,L0,W1,L0_W1,0.2764878938653875,2,2,0.05075647346178718,CL:WIND,0.5123115525974701,CL:PV,0.4876884474025306,Latin America,Americas,,
CL,L0,W2,L0_W2,0.23513994060456925,2,2,0.1356575563738256,CL:WIND,0.5025192918105202,CL:PV,0.4974807081894804,Latin America,Americas,,
CL,L0,W3,L0_W3,0.1862745745668765,2,2,0.23052302326421414,CL:PV,0.5080326727958288,CL:WIND,0.49196732720417174,Latin America,Americas,,
CL,L1,W0,L1_W0,0.16247505501323858,22,13,0.0,BR:WIND,0.3009246740140271,PE:WIND,0.1247485417458006,Latin America,Americas,GF:WIND,0.09831593234686498
CL,L1,W1,L1_W1,0.14082249234281255,22,13,0.054994239914740284,BR:WIND,0.2972047508202958,PE:WIND,0.12339972265707076,Latin America,Americas,GF:WIND,0.10054922812097199
CL,L1,W2,L1_W2,0.1124851958754767,22,13,0.12900160564421234,BR:WIND,0.28267264429511757,PE:WIND,0.11916966694102304,Latin America,Americas,GF:WIND,0.10368494126052724
CL,L1,W3,L1_W3,0.09995264346949814,22,14,0.16180653048498014,BR:WIND,0.2615341932484461,PE:WIND,0.11637581234659837,Latin America,Americas,GF:WIND,0.10359004513332233
CL,L2,W0,L2_W0,0.13653703313747922,48,19,0.0,BR:WIND,0.18503845376606262,US:PV,0.13767702518395972,Latin America,Americas,US:WIND,0.10628721429265718
CL,L2,W1,L2_W1,0.11569726280854216,48,19,0.05361624514640369,BR:WIND,0.18231435614954553,US:PV,0.14257620021711284,Latin America,Americas,US:WIND,0.10240739371682332
CL,L2,W2,L2_W2,0.0916527740084997,48,19,0.11713251644854242,BR:WIND,0.17130133209853526,US:PV,0.15658133202249527,Latin America,Americas,US:WIND,0.09289215375814806
CL,L2,W3,L2_W3,0.08429148878959924,48,19,0.13644352654884348,US:PV,0.1619120366244837,BR:WIND,0.15739583617367187,Latin America,Americas,US:WIND,0.08781943811759745
CL,L3,W0,L3_W0,0.08395879598214658,210,44,0.0,US:PV,0.15346635169081077,FJ:PV,0.1510657242882366,Latin America,Americas,BR:PV,0.08404044710375301
CL,L3,W1,L3_W1,0.06465023617583421,210,45,0.04639117610105769,FJ:PV,0.15618173924466475,US:PV,0.15382526593071508,Latin America,Americas,BR:PV,0.08762763730725211
CL,L3,W2,L3_W2,0.050808042022568466,210,42,0.08123323521941808,FJ:PV,0.17221396346857087,US:PV,0.15286510727080765,Latin America,Americas,BR:PV,0.09297194573681349
CL,L3,W3,L3_W3,0.04968793068429543,210,42,0.08392260295165728,FJ:PV,0.1762771601278148,US:PV,0.15202252001456057,Latin America,Americas,BR:PV,0.09316781177434738
CN,L0,W0,L0_W0,0.1512500944841052,2,2,0.0,CN:WIND,0.8626872147786202,CN:PV,0.1373127852213792,Asia-Pacific,Asia,,
CN,L0,W1,L0_W1,0.1293254842388672,2,2,0.05135695899559984,CN:WIND,0.8629450409893167,CN:PV,0.1370549590106829,Asia-Pacific,Asia,,
CN,L0,W2,L0_W2,0.10141549628532796,2,2,0.11971891912988471,CN:WIND,0.862507752793634,CN:PV,0.13749224720636544,Asia-Pacific,Asia,,
CN,L0,W3,L0_W3,0.08955849197460881,2,2,0.15023921832638495,CN:WIND,0.859479319782659,CN:PV,0.1405206802173405,Asia-Pacific,Asia,,
CN,L1,W0,L1_W0,0.10313993634440355,60,30,0.0,CN:WIND,0.34153332829232835,PH:WIND,0.1330276361412242,Asia-Pacific,Asia,PH:PV,0.052675170594738814
CN,L1,W1,L1_W1,0.08379154128249922,60,29,0.04858166567875024,CN:WIND,0.34729104494174307,PH:WIND,0.1347891718479412,Asia-Pacific,Asia,PH:PV,0.05232601849815583
CN,L1,W2,L1_W2,0.06723866230511234,60,30,0.094622741468484,CN:WIND,0.3548310818480488,PH:WIND,0.14251464280317144,Asia-Pacific,Asia,PH:PV,0.050905385054514966
CN,L1,W3,L1_W3,0.06435474083636024,60,30,0.10308767811870624,CN:WIND,0.35343202533789303,PH:WIND,0.14710245860932103,Asia-Pacific,Asia,ID:PV,0.050398679815001686
CN,L2,W0,L2_W0,0.10313993634440355,60,30,0.0,CN:WIND,0.34153332829232835,PH:WIND,0.1330276361412242,Asia-Pacific,Asia,PH:PV,0.052675170594738814
CN,L2,W1,L2_W1,0.08379154128249922,60,29,0.04858166567875024,CN:WIND,0.34729104494174307,PH:WIND,0.1347891718479412,Asia-Pacific,Asia,PH:PV,0.05232601849815583
CN,L2,W2,L2_W2,0.06723866230511234,60,30,0.094622741468484,CN:WIND,0.3548310818480488,PH:WIND,0.14251464280317144,Asia-Pacific,Asia,PH:PV,0.050905385054514966
CN,L2,W3,L2_W3,0.06435474083636024,60,30,0.10308767811870624,CN:WIND,0.35343202533789303,PH:WIND,0.14710245860932103,Asia-Pacific,Asia,ID:PV,0.050398679815001686
CN,L3,W0,L3_W0,0.06352801987650979,210,70,0.0,CV:PV,0.07505172142073142,CN:WIND,0.07299928056446908,Asia-Pacific,Asia,AQ:PV,0.055886488010623944
CN,L3,W1,L3_W1,0.04897500720300649,210,65,0.04476958111172373,CV:PV,0.08122916808569755,CN:WIND,0.07806560036534466,Asia-Pacific,Asia,AQ:PV,0.05667555698615945
CN,L3,W2,L3_W2,0.04376449690445813,210,60,0.06330482044742027,CV:PV,0.09407644457787734,CN:WIND,0.08367967723678092,Asia-Pacific,Asia,AQ:PV,0.061832307621529234
CN,L3,W3,L3_W3,0.04370788992788827,210,60,0.06352801987650979,CV:PV,0.09460017973511169,CN:WIND,0.08379835253888333,Asia-Pacific,Asia,AQ:PV,0.062075476156867815
CO,L0,W0,L0_W0,0.38414934378233545,2,2,0.0,CO:PV,0.813995233787184,CO:WIND,0.18600476621281767,Latin America,Americas,,
CO,L0,W1,L0_W1,0.36013932179331837,2,2,0.05270661943714072,CO:PV,0.8196190737358454,CO:WIND,0.18038092626415614,Latin America,Americas,,
CO,L0,W2,L0_W2,0.310797597493732,2,2,0.14974755085039604,CO:PV,0.8303278984482662,CO:WIND,0.16967210155173557,Latin America,Americas,,
CO,L0,W3,L0_W3,0.2354524034011373,2,2,0.27521330422242385,CO:PV,0.8442731726462934,CO:WIND,0.1557268273537084,Latin America,Americas,,
CO,L1,W0,L1_W0,0.14952401848971186,22,12,0.0,BR:WIND,0.3208533162893127,CO:PV,0.1456438414208879,Latin America,Americas,PE:WIND,0.10378787949637013
CO,L1,W1,L1_W1,0.12832729866026715,22,12,0.053946596732067684,BR:WIND,0.31768220343250425,CO:PV,0.14845404938863155,Latin America,Americas,PE:WIND,0.10278836389020064
CO,L1,W2,L1_W2,0.1019298460267499,22,14,0.12320008427313878,BR:WIND,0.30973202205283223,CO:PV,0.15671156574712583,Latin America,Americas,PE:WIND,0.09758780612446852
CO,L1,W3,L1_W3,0.09212486790633946,22,14,0.149022387942796,BR:WIND,0.29925416097503404,CO:PV,0.1653664787211937,Latin America,Americas,GF:WIND,0.09509847804114195
CO,L2,W0,L2_W0,0.12511770232161334,48,21,0.0,BR:WIND,0.20102014423379028,US:PV,0.16628886908009466,Latin America,Americas,US:WIND,0.08129535460752726
CO,L2,W1,L2_W1,0.10469558641342229,48,21,0.05347079777639166,BR:WIND,0.19549618843736236,US:PV,0.1712945196693172,Latin America,Americas,US:WIND,0.07863021097455124
CO,L2,W2,L2_W2,0.08307589573544044,48,20,0.11173502436877492,US:PV,0.18738528686115039,BR:WIND,0.18608178694416858,Latin America,Americas,US:WIND,0.06812437772088825
CO,L2,W3,L2_W3,0.0780406553266171,48,20,0.12509974858272624,US:PV,0.19256248098791667,BR:WIND,0.18139114483115878,Latin America,Americas,BR:PV,0.07126454140809271
CO,L3,W0,L3_W0,0.07058561829227773,210,49,0.0,US:PV,0.1857636892316482,FJ:PV,0.1383406781061247,Latin America,Americas,AU:PV,0.07185664846932795
CO,L3,W1,L3_W1,0.05217497142438176,210,50,0.04410367351384617,US:PV,0.1897093301651181,FJ:PV,0.14060285628110922,Latin America,Americas,AU:PV,0.07418963085118034
CO,L3,W2,L3_W2,0.041949407053978434,210,50,0.0696128146677949,US:PV,0.19018677477005813,FJ:PV,0.15271491408762586,Latin America,Americas,AU:PV,0.06641544269746326
CO,L3,W3,L3_W3,0.04152650446584585,210,52,0.07055931058773132,US:PV,0.18944230271281676,FJ:PV,0.15460167942188668,Latin America,Americas,AU:PV,0.06376460215331782
CR,L0,W0,L0_W0,0.37101450920555507,2,2,0.0,CR:PV,0.5647457856658512,CR:WIND,0.43525421433414613,North America,Americas,,
CR,L0,W1,L0_W1,0.3477460788181573,2,2,0.05598851382810255,CR:PV,0.5741368637946841,CR:WIND,0.4258631362053135,North America,Americas,,
CR,L0,W2,L0_W2,0.30139661029998494,2,2,0.15784425200448976,CR:PV,0.5918023973210418,CR:WIND,0.4081976026789558,North America,Americas,,
CR,L0,W3,L0_W3,0.23678319917522225,2,2,0.27984159826718796,CR:PV,0.610706453936366,CR:WIND,0.3892935460636314,North America,Americas,,
CR,L1,W0,L1_W0,0.16230346935339937,26,11,0.0,US:WIND,0.2913233207492298,US:PV,0.27860640730194525,North America,Americas,MX:WIND,0.12421668079831219
CR,L1,W1,L1_W1,0.14054815408567553,26,11,0.05338174907479566,US:WIND,0.2875876387951019,US:PV,0.2865181035481761,North America,Americas,MX:WIND,0.1203323438419135
CR,L1,W2,L1_W2,0.11138128176150326,26,10,0.12597865189897328,US:PV,0.30693249196728395,US:WIND,0.26929944655890636,North America,Americas,MX:WIND,0.11607618169678151
CR,L1,W3,L1_W3,0.09784421462361889,26,11,0.1607467123975885,US:PV,0.31800226605703996,US:WIND,0.25181730800171304,North America,Americas,MX:WIND,0.11969796898382548
CR,L2,W0,L2_W0,0.13552984596914308,48,19,0.0,BR:WIND,0.241159849504112,US:PV,0.18797848537888853,North America,Americas,US:WIND,0.13166446783436994
CR,L2,W1,L2_W1,0.11526355225837852,48,18,0.054143555249961936,BR:WIND,0.23554344449177772,US:PV,0.19662526844828354,North America,Americas,US:WIND,0.13015714284566407
CR,L2,W2,L2_W2,0.09181401937246379,48,18,0.11794434074253443,BR:WIND,0.2259578463082884,US:PV,0.22200604883479597,North America,Americas,US:WIND,0.12130359667574035
CR,L2,W3,L2_W3,0.08535410410986251,48,18,0.1354910359850057,US:PV,0.23097277936397662,BR:WIND,0.22135732742946765,North America,Americas,US:WIND,0.11533901809946867
CR,L3,W0,L3_W0,0.06348658385448808,210,59,0.0,US:PV,0.20814203717413968,FJ:PV,0.11178328535548027,North America,Americas,AU:PV,0.1063719473193444
CR,L3,W1,L3_W1,0.04629437222398447,210,55,0.04317953069292884,US:PV,0.2179474108346642,FJ:PV,0.1131337644051274,North America,Americas,AU:PV,0.10986917071999096
CR,L3,W2,L3_W2,0.03883585551375404,210,54,0.0631290563261447,US:PV,0.22616367659471617,FJ:PV,0.12365566909135277,North America,Americas,AU:PV,0.1044766052953896
CR,L3,W3,L3_W3,0.038707896600890274,210,54,0.06347490069388097,US:PV,0.22635650983132924,FJ:PV,0.12440928894878338,North America,Americas,AU:PV,0.10402011201018846
CU,L0,W0,L0_W0,0.2848706647013666,2,2,0.0,CU:WIND,0.6644899769237311,CU:PV,0.33551002307626704,North America,Americas,,
CU,L0,W1,L0_W1,0.26096789184930264,2,2,0.05321049139190121,CU:WIND,0.6622694760580077,CU:PV,0.3377305239419909,North America,Americas,,
CU,L0,W2,L0_W2,0.21874267507121714,2,2,0.1423947068458793,CU:WIND,0.6548257940568974,CU:PV,0.3451742059431009,North America,Americas,,
CU,L0,W3,L0_W3,0.17292435217103355,2,2,0.2329953165802224,CU:WIND,0.6459703231932921,CU:PV,0.3540296768067065,North America,Americas,,
CU,L1,W0,L1_W0,0.1361504916075773,26,10,0.0,US:WIND,0.31064696044989587,LC:WIND,0.14925319221634428,North America,Americas,CA:WIND,0.14278892876969135
CU,L1,W1,L1_W1,0.11518577094606824,26,10,0.04988264267034972,US:WIND,0.306600875197879,LC:WIND,0.14998417366391653,North America,Americas,CA:WIND,0.14129834076311196
CU,L1,W2,L1_W2,0.09094525097705153,26,11,0.11148566208312012,US:WIND,0.29277114822965594,LC:WIND,0.15205893560853326,North America,Americas,CA:WIND,0.1371348805757867
CU,L1,W3,L1_W3,0.08211260428769963,26,13,0.13554695178225099,US:WIND,0.2814841831031748,LC:WIND,0.15933249929867568,North America,Americas,CA:WIND,0.1259735509849098
CU,L2,W0,L2_W0,0.10837726419847357,48,24,0.0,BR:WIND,0.31170964265693585,US:WIND,0.16511288793284504,North America,Americas,LC:WIND,0.08650890863687292
CU,L2,W1,L2_W1,0.08887338231865119,48,25,0.050616440794405,BR:WIND,0.3111981677680051,US:WIND,0.1657831732123161,North America,Americas,LC:WIND,0.08530418165871498
CU,L2,W2,L2_W2,0.07140564485418574,48,26,0.100332195019635,BR:WIND,0.3084414083880001,US:WIND,0.16409789970810565,North America,Americas,LC:WIND,0.08546791220011676
CU,L2,W3,L2_W3,0.0686401133771534,48,26,0.10836579419828753,BR:WIND,0.30800706652414755,US:WIND,0.164940592322986,North America,Americas,LC:WIND,0.08667757047726092
CU,L3,W0,L3_W0,0.07842232599530749,210,59,0.0,US:PV,0.10712472326886541,CN:WIND,0.08811609031300242,North America,Americas,BR:WIND,0.08255829808989526
CU,L3,W1,L3_W1,0.06087835395028047,210,58,0.04892507542328668,US:PV,0.11251814748241272,CN:WIND,0.08924773272210888,North America,Americas,BR:WIND,0.07839241654592333
CU,L3,W2,L3_W2,0.051487418715234164,210,60,0.07787143247883796,US:PV,0.12151239690502805,CN:WIND,0.09318253760232337,North America,Americas,CV:PV,0.09045116093873776
CU,L3,W3,L3_W3,0.051321837168953756,210,59,0.07842087653878704,US:PV,0.12250831047836262,CN:WIND,0.09308312890443768,North America,Americas,CV:PV,0.08975189431954253
CV,L0,W0,L0_W0,0.2726833675537118,2,2,0.0,CV:WIND,0.5322979943031566,CV:PV,0.46770200569684484,Africa/MENA,EurAfrMENA,,
CV,L0,W1,L0_W1,0.24944775522972362,2,2,0.05237201880919872,CV:WIND,0.5240818535967642,CV:PV,0.47591814640323715,Africa/MENA,EurAfrMENA,,
CV,L0,W2,L0_W2,0.20870431993130378,2,2,0.13953321411780048,CV:WIND,0.5080597646201899,CV:PV,0.4919402353798113,Africa/MENA,EurAfrMENA,,
CV,L0,W3,L0_W3,0.16640202543898597,2,2,0.22623597085824204,CV:PV,0.5095230221631136,CV:WIND,0.49047697783688793,Africa/MENA,EurAfrMENA,,
CV,L1,W0,L1_W0,0.1622903329255442,42,20,0.0,CV:PV,0.1659118412729046,EG:WIND,0.12038554850149481,Africa/MENA,EurAfrMENA,ET:WIND,0.10665002456801463
CV,L1,W1,L1_W1,0.14136186948401022,42,20,0.05618841201065343,CV:PV,0.17097450907604742,EG:WIND,0.11902243962069504,Africa/MENA,EurAfrMENA,ET:WIND,0.10764897111962263
CV,L1,W2,L1_W2,0.11413461425957051,42,20,0.1312382268784915,CV:PV,0.18580309872069822,EG:WIND,0.11478948240349013,Africa/MENA,EurAfrMENA,ET:WIND,0.11148857412220552
CV,L1,W3,L1_W3,0.10312349371657002,42,19,0.1616320086074817,CV:PV,0.19873357249458257,ET:WIND,0.11769010951910679,Africa/MENA,EurAfrMENA,EG:WIND,0.1157263309154458
CV,L2,W0,L2_W0,0.159304192324907,94,33,0.0,CV:PV,0.14703527341059552,EG:WIND,0.09826863453221309,Africa/MENA,EurAfrMENA,ET:WIND,0.0894975287168134
CV,L2,W1,L2_W1,0.13853207484970076,94,34,0.056852773018435554,CV:PV,0.15363946506888887,EG:WIND,0.09626846780735634,Africa/MENA,EurAfrMENA,ET:WIND,0.09087898909787506
CV,L2,W2,L2_W2,0.11211715407485968,94,32,0.1315638161076477,CV:PV,0.16962720445504245,ET:WIND,0.09549325484698919,Africa/MENA,EurAfrMENA,EG:WIND,0.092031717545991
CV,L2,W3,L2_W3,0.10236048946578469,94,31,0.15885122365346108,CV:PV,0.18028782893186315,ET:WIND,0.10252123395287661,Africa/MENA,EurAfrMENA,EG:WIND,0.09044209686960848
CV,L3,W0,L3_W0,0.08984139760449342,210,48,0.0,MX:PV,0.2767751796838769,NE:PV,0.08636576197529075,Africa/MENA,EurAfrMENA,FJ:PV,0.07452153919415261
CV,L3,W1,L3_W1,0.0702750461257619,210,46,0.046309056650393865,MX:PV,0.27977655969983106,NE:PV,0.0871258448920804,Africa/MENA,EurAfrMENA,FJ:PV,0.0753707198946405
CV,L3,W2,L3_W2,0.05524110362803569,210,46,0.08537855687430455,MX:PV,0.29265669999656346,NE:PV,0.09041861079693118,Africa/MENA,EurAfrMENA,FJ:PV,0.07771977909249994
CV,L3,W3,L3_W3,0.053598563662604806,210,43,0.08983964971050486,MX:PV,0.2994608571299121,NE:PV,0.0911998766630706,Africa/MENA,EurAfrMENA,FJ:PV,0.07988602326199443
CZ,L0,W0,L0_W0,0.32455915413382563,2,2,0.0,CZ:WIND,0.5821889381922779,CZ:PV,0.4178110618077238,Europe,EurAfrMENA,,
CZ,L0,W1,L0_W1,0.3010816730062958,2,2,0.057818418837017514,CZ:WIND,0.5769981400637627,CZ:PV,0.42300185993623896,Europe,EurAfrMENA,,
CZ,L0,W2,L0_W2,0.25707874650270596,2,2,0.15881270812052692,CZ:WIND,0.5659535189375317,CZ:PV,0.43404648106247007,Europe,EurAfrMENA,,
CZ,L0,W3,L0_W3,0.20513192047309678,2,2,0.26941723248205596,CZ:WIND,0.5524225377499563,CZ:PV,0.4475774622500454,Europe,EurAfrMENA,,
CZ,L1,W0,L1_W0,0.1828819227637558,52,27,0.0,PT:PV,0.1417267354860816,ES:WIND,0.13468466329338952,Europe,EurAfrMENA,DE:WIND,0.10133601576950242
CZ,L1,W1,L1_W1,0.16252237272534323,52,24,0.060335816528205695,PT:PV,0.1502998626787589,ES:WIND,0.13350849764620018,Europe,EurAfrMENA,DE:WIND,0.09906963015692839
CZ,L1,W2,L1_W2,0.13494485541534165,52,25,0.14261928850898653,PT:PV,0.16075901841638177,ES:WIND,0.1343424160143942,Europe,EurAfrMENA,DE:WIND,0.09389398520230652
CZ,L1,W3,L1_W3,0.12152489872375578,52,24,0.1816893414435441,PT:PV,0.16641969921788125,ES:WIND,0.1389370182401101,Europe,EurAfrMENA,DE:WIND,0.09351758886350296
CZ,L2,W0,L2_W0,0.14109734380752997,94,32,0.0,CV:PV,0.20046740991402012,ET:WIND,0.10975964463097587,Europe,EurAfrMENA,ZA:WIND,0.08042669201550837
CZ,L2,W1,L2_W1,0.12108221308014222,94,30,0.054289610434860074,CV:PV,0.20874448250457253,ET:WIND,0.10987232596463449,Europe,EurAfrMENA,ZA:WIND,0.08057796238476803
CZ,L2,W2,L2_W2,0.0971609628731488,94,26,0.11889522124551119,CV:PV,0.23038916334655876,ET:WIND,0.10974305529701767,Europe,EurAfrMENA,MU:PV,0.07950980698509316
CZ,L2,W3,L2_W3,0.08871407933089343,94,25,0.14082046608219959,CV:PV,0.243391434392337,ET:WIND,0.11377667835759477,Europe,EurAfrMENA,MU:PV,0.09274633119292967
CZ,L3,W0,L3_W0,0.06766850503131606,210,49,0.0,CL:PV,0.2535729613077131,MX:PV,0.12407637943711337,Europe,EurAfrMENA,OM:PV,0.11601014885704414
CZ,L3,W1,L3_W1,0.053599878177810735,210,44,0.046698696471560545,CL:PV,0.25725444303935174,OM:PV,0.12115248304633318,Europe,EurAfrMENA,MX:PV,0.11663847866781504
CZ,L3,W2,L3_W2,0.04813074534777224,210,43,0.06670912896190825,CL:PV,0.2661510594682579,OM:PV,0.12862490539474045,Europe,EurAfrMENA,MX:PV,0.109327796247182
CZ,L3,W3,L3_W3,0.04783070398752794,210,43,0.06766735726803688,CL:PV,0.2664709996686748,OM:PV,0.13155544547360662,Europe,EurAfrMENA,MX:PV,0.10920455327794255
DE,L0,W0,L0_W0,0.22643353320597243,2,2,0.0,DE:WIND,0.7516416485622116,DE:PV,0.24835835143778814,Europe,EurAfrMENA,,
DE,L0,W1,L0_W1,0.2038420742920082,2,2,0.05619382898370081,DE:WIND,0.747327671860861,DE:PV,0.25267232813913854,Europe,EurAfrMENA,,
DE,L0,W2,L0_W2,0.1697849151580416,2,2,0.14124408417921752,DE:WIND,0.738897138659479,DE:PV,0.2611028613405205,Europe,EurAfrMENA,,
DE,L0,W3,L0_W3,0.14468096446088308,2,2,0.20592675541413863,DE:WIND,0.7358506221917119,DE:PV,0.2641493778082878,Europe,EurAfrMENA,,
DE,L1,W0,L1_W0,0.1707331085696293,52,29,0.0,ES:WIND,0.15909771786990023,DE:WIND,0.12146783768835737,Europe,EurAfrMENA,PT:PV,0.11893428416136217
DE,L1,W1,L1_W1,0.15017985597727398,52,30,0.058653937131906864,ES:WIND,0.15786600350144164,PT:PV,0.12607536071856568,Europe,EurAfrMENA,DE:WIND,0.1180967826209492
DE,L1,W2,L1_W2,0.12336115659640952,52,30,0.13622110409636037,ES:WIND,0.15995499558668416,PT:PV,0.13270016292143516,Europe,EurAfrMENA,DE:WIND,0.11154337899815615
DE,L1,W3,L1_W3,0.11162246308539561,52,27,0.16995445404863394,ES:WIND,0.16538689970247622,PT:PV,0.1358610824344658,Europe,EurAfrMENA,DE:WIND,0.11197648153621434
DE,L2,W0,L2_W0,0.1372537346002346,94,36,0.0,CV:PV,0.17383042912390972,ET:WIND,0.09358481691907829,Europe,EurAfrMENA,ZA:WIND,0.07395455901108056
DE,L2,W1,L2_W1,0.11808394750259758,94,33,0.05676673899296038,CV:PV,0.17841889122956278,ET:WIND,0.09563208063199619,Europe,EurAfrMENA,ZA:WIND,0.07351997554639277
DE,L2,W2,L2_W2,0.0965864183802718,94,33,0.11918679182193814,CV:PV,0.1980778733347387,ET:WIND,0.09593747131428994,Europe,EurAfrMENA,ZA:WIND,0.07118444833813374
DE,L2,W3,L2_W3,0.08989780381204994,94,34,0.1371253609350593,CV:PV,0.21035755256314212,ET:WIND,0.09933128828045192,Europe,EurAfrMENA,ZA:WIND,0.07002299592683378
DE,L3,W0,L3_W0,0.08195734988306601,210,56,0.0,CL:PV,0.16661584671221036,MX:PV,0.13265989745615173,Europe,EurAfrMENA,OM:PV,0.07182407035926201
DE,L3,W1,L3_W1,0.0687232004936122,210,47,0.05522367326968513,CL:PV,0.16524273260334696,MX:PV,0.14066069406322224,Europe,EurAfrMENA,OM:PV,0.083233643178642
DE,L3,W2,L3_W2,0.06293571170040414,210,43,0.08111567265312492,CL:PV,0.16000673475678903,MX:PV,0.14039152026958227,Europe,EurAfrMENA,OM:PV,0.09468740033936839
DE,L3,W3,L3_W3,0.06268504537332473,210,43,0.08195734988306601,CL:PV,0.16008118296160936,MX:PV,0.14081667740638665,Europe,EurAfrMENA,OM:PV,0.09490210966848875
DK,L0,W0,L0_W0,0.24791226639675876,2,2,0.0,DK:WIND,0.7362753972097928,DK:PV,0.2637246027902087,Europe,EurAfrMENA,,
DK,L0,W1,L0_W1,0.22634519355656646,2,2,0.05737413402898252,DK:WIND,0.7312069119731637,DK:PV,0.26879308802683755,Europe,EurAfrMENA,,
DK,L0,W2,L0_W2,0.19318926028842534,2,2,0.14640863067112914,DK:WIND,0.7243229434195079,DK:PV,0.27567705658049346,Europe,EurAfrMENA,,
DK,L0,W3,L0_W3,0.16524815336225482,2,2,0.22243305739348315,DK:WIND,0.7201977933537549,DK:PV,0.27980220664624667,Europe,EurAfrMENA,,
DK,L1,W0,L1_W0,0.17899721805342078,52,29,0.0,ES:WIND,0.1337467965762186,DE:WIND,0.11502736824614578,Europe,EurAfrMENA,PT:PV,0.11240748849962043
DK,L1,W1,L1_W1,0.15864061234235238,52,28,0.06018046755772091,ES:WIND,0.13342313419562082,PT:PV,0.119857385731813,Europe,EurAfrMENA,DE:WIND,0.11259765423568101
DK,L1,W2,L1_W2,0.1314176560658952,52,24,0.14233703101279005,PT:PV,0.13680375669918313,ES:WIND,0.13387844276845834,Europe,EurAfrMENA,DE:WIND,0.10560082009932377
DK,L1,W3,L1_W3,0.11946675953481721,52,24,0.178138951190478,PT:PV,0.14145790894229893,ES:WIND,0.13913273429324846,Europe,EurAfrMENA,DE:WIND,0.1053408246060628
DK,L2,W0,L2_W0,0.13807471649848513,94,33,0.0,CV:PV,0.17389857237761874,ET:WIND,0.0931105036183167,Europe,EurAfrMENA,ZA:WIND,0.08046089862749746
DK,L2,W1,L2_W1,0.11857624173203678,94,32,0.05490634605080425,CV:PV,0.18024786602266826,ET:WIND,0.09518583765182358,Europe,EurAfrMENA,ZA:WIND,0.08136704929114431
DK,L2,W2,L2_W2,0.09599472778534893,94,30,0.11708953045915549,CV:PV,0.20250896455811576,ET:WIND,0.0952490653087467,Europe,EurAfrMENA,CV:WIND,0.08449149343228449
DK,L2,W3,L2_W3,0.0880624618667996,94,26,0.13783094560579573,CV:PV,0.21512140494023196,ET:WIND,0.09833727655729721,Europe,EurAfrMENA,CV:WIND,0.0895641515964634
DK,L3,W0,L3_W0,0.07596160115990849,210,50,0.0,CL:PV,0.2247565975565595,OM:PV,0.09811824030742794,Europe,EurAfrMENA,MX:PV,0.09334020983678366
DK,L3,W1,L3_W1,0.06029277930393702,210,46,0.05069652184996354,CL:PV,0.2252793408709086,MX:PV,0.10663320127795849,Europe,EurAfrMENA,OM:PV,0.10371181599874994
DK,L3,W2,L3_W2,0.05346888499997226,210,37,0.07498525494561564,CL:PV,0.22941477996407528,OM:PV,0.11078525849987182,Europe,EurAfrMENA,MX:PV,0.10989132683673677
DK,L3,W3,L3_W3,0.0531410688535904,210,37,0.07595935713775266,CL:PV,0.23018631583311414,OM:PV,0.11085207766929218,Europe,EurAfrMENA,MX:PV,0.11004902483391946
DO,L0,W0,L0_W0,0.32540590228515376,2,2,0.0,DO:WIND,0.5935591978494404,DO:PV,0.4064408021505573,North America,Americas,,
DO,L0,W1,L0_W1,0.3017803274353581,2,2,0.05472432829247234,DO:WIND,0.5840460340224167,DO:PV,0.4159539659775809,North America,Americas,,
DO,L0,W2,L0_W2,0.25691603748990877,2,2,0.15070939540102252,DO:WIND,0.5629813006755032,DO:PV,0.4370186993244945,North America,Americas,,
DO,L0,W3,L0_W3,0.1994930501720477,2,2,0.25988848383102137,DO:WIND,0.5383665728076257,DO:PV,0.4616334271923721,North America,Americas,,
DO,L1,W0,L1_W0,0.1398924327041136,26,10,0.0,US:WIND,0.23771263209529342,US:PV,0.20312945957260578,North America,Americas,CA:WIND,0.13739395932943801
DO,L1,W1,L1_W1,0.118783068211293,26,10,0.05032673530401686,US:WIND,0.2333363921845851,US:PV,0.20952497156712002,North America,Americas,CA:WIND,0.13664779196579133
DO,L1,W2,L1_W2,0.09310831570555174,26,10,0.11389495523404468,US:PV,0.2189156444659731,US:WIND,0.21805118442508797,North America,Americas,CA:WIND,0.1343624095340634
DO,L1,W3,L1_W3,0.08341696499985626,26,10,0.13904056986730373,US:PV,0.21915693424453161,US:WIND,0.20538984219455494,North America,Americas,MX:WIND,0.12958222929069352
DO,L2,W0,L2_W0,0.1120791239713313,48,20,0.0,BR:WIND,0.21549803825188457,US:PV,0.1353562580964065,North America,Americas,US:WIND,0.10055565955710266
DO,L2,W1,L2_W1,0.09200277692979525,48,20,0.05001584753499578,BR:WIND,0.21039670554010662,US:PV,0.1410329856400396,North America,Americas,US:WIND,0.09879216834472666
DO,L2,W2,L2_W2,0.07228681730974305,48,20,0.10175558106028632,BR:WIND,0.1996790958743331,US:PV,0.15439257609684262,North America,Americas,US:WIND,0.09260412200448251
DO,L2,W3,L2_W3,0.06846142228642385,48,20,0.11207871363084677,BR:WIND,0.19659487416478477,US:PV,0.15685273614353876,North America,Americas,US:WIND,0.09168503633053725
DO,L3,W0,L3_W0,0.05554212447115816,210,61,0.0,US:PV,0.15704983557344226,FJ:PV,0.1238328282497097,North America,Americas,AU:PV,0.08107737430707317
DO,L3,W1,L3_W1,0.039273812817089186,210,63,0.03934543146581067,US:PV,0.16000246510765218,FJ:PV,0.12737574116926986,North America,Americas,AU:PV,0.0800851563076288
DO,L3,W2,L3_W2,0.03318629784961883,210,62,0.05512921394104853,US:PV,0.1614974261921515,FJ:PV,0.1359357832733481,North America,Americas,AU:PV,0.07276579091649735
DO,L3,W3,L3_W3,0.03301805027798605,210,63,0.055535392739970456,US:PV,0.16100878507176783,FJ:PV,0.1367392356388892,North America,Americas,AU:PV,0.07184689125071943
DZ,L0,W0,L0_W0,0.3438625491748774,2,2,0.0,DZ:WIND,0.5074513946125527,DZ:PV,0.49254860538743894,Africa/MENA,EurAfrMENA,,
DZ,L0,W1,L0_W1,0.32044089577697016,2,2,0.05216964907255328,DZ:PV,0.5014848699904086,DZ:WIND,0.49851513000958325,Africa/MENA,EurAfrMENA,,
DZ,L0,W2,L0_W2,0.27551069463690303,2,2,0.1448823128337715,DZ:PV,0.5175936346304282,DZ:WIND,0.4824063653695637,Africa/MENA,EurAfrMENA,,
DZ,L0,W3,L0_W3,0.21452235374255138,2,2,0.25845656662128685,DZ:PV,0.5368641749754076,DZ:WIND,0.46313582502458467,Africa/MENA,EurAfrMENA,,
DZ,L1,W0,L1_W0,0.1549024728387909,42,19,0.0,EG:WIND,0.1625648907126631,CV:PV,0.1498916987850103,Africa/MENA,EurAfrMENA,NG:WIND,0.09562830701441175
DZ,L1,W1,L1_W1,0.13311527617037183,42,19,0.05341281722093418,EG:WIND,0.1615521466250691,CV:PV,0.15053358971893632,Africa/MENA,EurAfrMENA,NG:WIND,0.09536958085039825
DZ,L1,W2,L1_W2,0.10486773834130358,42,19,0.12393221330181768,CV:PV,0.16400267911151223,EG:WIND,0.1561499122002808,Africa/MENA,EurAfrMENA,NG:WIND,0.09545344854759964
DZ,L1,W3,L1_W3,0.09280173341280694,42,19,0.15401718828341496,CV:PV,0.1792458126494682,EG:WIND,0.15533163027033675,Africa/MENA,EurAfrMENA,NG:WIND,0.09872748900684296
DZ,L2,W0,L2_W0,0.14717146254848515,94,33,0.0,EG:WIND,0.1275827329182777,CV:PV,0.09746810673520089,Africa/MENA,EurAfrMENA,NG:WIND,0.0833264167549603
DZ,L2,W1,L2_W1,0.12570203829952833,94,33,0.05265043884056699,EG:WIND,0.1268619281587977,CV:PV,0.09899374809867895,Africa/MENA,EurAfrMENA,NG:WIND,0.08364564771502575
DZ,L2,W2,L2_W2,0.0983031236386785,94,32,0.12047750706207327,EG:WIND,0.11959710050395554,CV:PV,0.10758054865222506,Africa/MENA,EurAfrMENA,NG:WIND,0.08450630479529406
DZ,L2,W3,L2_W3,0.08764381546791486,94,32,0.14673054163591417,EG:WIND,0.11720599388286222,CV:PV,0.11624941766321889,Africa/MENA,EurAfrMENA,NG:WIND,0.08786672335684932
DZ,L3,W0,L3_W0,0.08272277384720729,210,63,0.0,MX:PV,0.17885619827522026,US:PV,0.15805834309233732,Africa/MENA,EurAfrMENA,FJ:PV,0.09928874550810614
DZ,L3,W1,L3_W1,0.06346695552099847,210,59,0.04324335023967394,MX:PV,0.17907368514641733,US:PV,0.15972967935185425,Africa/MENA,EurAfrMENA,FJ:PV,0.09536609990640238
DZ,L3,W2,L3_W2,0.04892064625333695,210,67,0.07876380440682909,MX:PV,0.1833435172090128,US:PV,0.1606337251804617,Africa/MENA,EurAfrMENA,FJ:PV,0.0950497123082944
DZ,L3,W3,L3_W3,0.04743230252836403,210,64,0.08270886956173831,MX:PV,0.19146109681627074,US:PV,0.15549200925078338,Africa/MENA,EurAfrMENA,FJ:PV,0.10012219487133517
EC,L0,W0,L0_W0,0.4762622147473651,2,2,0.0,EC:PV,0.931537008049693,EC:WIND,0.06846299195030742,Latin America,Americas,,
EC,L0,W1,L0_W1,0.4524017139362374,2,2,0.05711595488263447,EC:PV,0.9385792587632176,EC:WIND,0.06142074123678252,Latin America,Americas,,
EC,L0,W2,L0_W2,0.40021033504977044,2,2,0.16573441826329186,EC:PV,0.9539387138627504,EC:WIND,0.0460612861372497,Latin America,Americas,,
EC,L0,W3,L0_W3,0.30965322194972833,2,2,0.31617580735573664,EC:PV,0.9782761655983215,EC:WIND,0.021723834401678736,Latin America,Americas,,
EC,L1,W0,L1_W0,0.17070652629954264,22,12,0.0,BR:WIND,0.27624570327787573,CO:PV,0.13775912282796623,Latin America,Americas,GF:WIND,0.12011106555119971
EC,L1,W1,L1_W1,0.14878483518714036,22,12,0.054927291975964215,BR:WIND,0.2750832718120277,CO:PV,0.13801467505129153,Latin America,Americas,GF:WIND,0.12373405882629487
EC,L1,W2,L1_W2,0.11804361303563188,22,12,0.13202709842073665,BR:WIND,0.2617148261382463,CO:PV,0.13971885330959768,Latin America,Americas,GF:WIND,0.12925320111861321
EC,L1,W3,L1_W3,0.10268666603355979,22,12,0.16970118150983002,BR:WIND,0.23177184921265753,CO:PV,0.1500961968456377,Latin America,Americas,GF:WIND,0.12911899546349906
EC,L2,W0,L2_W0,0.14161002971556824,48,18,0.0,BR:WIND,0.17381346644251475,US:PV,0.14817149467337712,Latin America,Americas,US:WIND,0.09882049239225484
EC,L2,W1,L2_W1,0.1204262394592455,48,18,0.053706358522974104,BR:WIND,0.17440575244463472,US:PV,0.15040612424305502,Latin America,Americas,US:WIND,0.09543966859671182
EC,L2,W2,L2_W2,0.09525515635411626,48,19,0.1187694356861152,BR:WIND,0.1652793419388086,US:PV,0.1589434026034268,Latin America,Americas,US:WIND,0.08559271319311153
EC,L2,W3,L2_W3,0.0862759438612276,48,19,0.14135632764841052,US:PV,0.1626403669731487,BR:WIND,0.1498148529873835,Latin America,Americas,US:WIND,0.0797547821850645
EC,L3,W0,L3_W0,0.08497424901838121,210,55,0.0,US:PV,0.13950941020070706,FJ:PV,0.12504124091101845,Latin America,Americas,NZ:PV,0.0656929927478963
EC,L3,W1,L3_W1,0.06565588282856184,210,54,0.04600216856421778,US:PV,0.13774061297310491,FJ:PV,0.12652378906216036,Latin America,Americas,NZ:PV,0.06590079155901249
EC,L3,W2,L3_W2,0.051287908615502545,210,57,0.08211947185865753,FJ:PV,0.13515597851089353,US:PV,0.11890399864699207,Latin America,Americas,NZ:PV,0.06811266446242606
EC,L3,W3,L3_W3,0.050162619846819766,210,54,0.08491270306784889,FJ:PV,0.13739116022632453,US:PV,0.11568466977593943,Latin America,Americas,NZ:PV,0.0698158243508831
EE,L0,W0,L0_W0,0.29718632868058364,2,2,0.0,EE:WIND,0.6848291199865533,EE:PV,0.31517088001344173,Europe,EurAfrMENA,,
EE,L0,W1,L0_W1,0.2737002807959632,2,2,0.05544985562059828,EE:WIND,0.6853070875264512,EE:PV,0.3146929124735437,Europe,EurAfrMENA,,
EE,L0,W2,L0_W2,0.23274633399175432,2,2,0.15064161378274454,EE:WIND,0.6856574480972233,EE:PV,0.31434255190277166,Europe,EurAfrMENA,,
EE,L0,W3,L0_W3,0.18988878839093018,2,2,0.2504589788420949,EE:WIND,0.6842699664714524,EE:PV,0.31573003352854256,Europe,EurAfrMENA,,
EE,L1,W0,L1_W0,0.17237077604350248,52,22,0.0,ES:WIND,0.12472110308862579,DE:WIND,0.10857003984172145,Europe,EurAfrMENA,PT:PV,0.10806498094918636
EE,L1,W1,L1_W1,0.15248172154244818,52,22,0.060845575837672396,ES:WIND,0.1244005117625767,PT:PV,0.11265075037671464,Europe,EurAfrMENA,DE:WIND,0.1060182083030083
EE,L1,W2,L1_W2,0.12688446722837585,52,22,0.14114590721023018,ES:WIND,0.12479883046316877,PT:PV,0.11441369009242632,Europe,EurAfrMENA,DE:WIND,0.09967002826491263
EE,L1,W3,L1_W3,0.11694851353060626,52,22,0.17175392349712656,ES:WIND,0.12736300226821023,PT:PV,0.11753598730843651,Europe,EurAfrMENA,DE:WIND,0.1034505779181571
EE,L2,W0,L2_W0,0.129966652313944,94,29,0.0,CV:PV,0.19761571934016073,MU:PV,0.12387377083778166,Europe,EurAfrMENA,ET:WIND,0.08489992184066607
EE,L2,W1,L2_W1,0.11033851767292685,94,29,0.05466324025735051,CV:PV,0.20309021182488826,MU:PV,0.13093255816920824,Europe,EurAfrMENA,ET:WIND,0.08704908922250978
EE,L2,W2,L2_W2,0.0888787360079398,94,31,0.1146808523382281,CV:PV,0.2201840811011278,MU:PV,0.1496257181816938,Europe,EurAfrMENA,ET:WIND,0.08689597955611005
EE,L2,W3,L2_W3,0.08328514942258075,94,29,0.12991450155840834,CV:PV,0.22727517335266215,MU:PV,0.15885730880987856,Europe,EurAfrMENA,ET:WIND,0.08820883755517382
EE,L3,W0,L3_W0,0.07857894718416301,210,60,0.0,CL:PV,0.22456994672792333,OM:PV,0.0800884551801874,Europe,EurAfrMENA,IN:PV,0.07310226389437754
EE,L3,W1,L3_W1,0.06183551672794598,210,57,0.04916915439738406,CL:PV,0.2306416003850432,OM:PV,0.08474298567926924,Europe,EurAfrMENA,IN:PV,0.07445565205434738
EE,L3,W2,L3_W2,0.05286104102240527,210,51,0.07723195150817441,CL:PV,0.252405168278071,OM:PV,0.09299977910378646,Europe,EurAfrMENA,ET:PV,0.06726562007629763
EE,L3,W3,L3_W3,0.05240562162693109,210,52,0.07857729553470275,CL:PV,0.2549869887337844,OM:PV,0.0958687688686783,Europe,EurAfrMENA,ET:PV,0.06776537802481547
EG,L0,W0,L0_W0,0.26169091055387833,2,2,0.0,EG:WIND,0.8135190544428702,EG:PV,0.18648094555713265,Africa/MENA,EurAfrMENA,,
EG,L0,W1,L0_W1,0.23868480254193075,2,2,0.05054368571635751,EG:WIND,0.8150257933356099,EG:PV,0.18497420666439326,Africa/MENA,EurAfrMENA,,
EG,L0,W2,L0_W2,0.20264223780614346,2,2,0.1290977859896671,EG:WIND,0.8266782752947283,EG:PV,0.17332172470527454,Africa/MENA,EurAfrMENA,,
EG,L0,W3,L0_W3,0.16527412583632525,2,2,0.2095919798406675,EG:WIND,0.8340397825377645,EG:PV,0.16596021746223877,Africa/MENA,EurAfrMENA,,
EG,L1,W0,L1_W0,0.1335772168256208,42,23,0.0,EG:WIND,0.13787656921434338,CV:PV,0.13718569916536488,Africa/MENA,EurAfrMENA,ET:WIND,0.08783738163190032
EG,L1,W1,L1_W1,0.1125401328347125,42,23,0.052097702194589805,CV:PV,0.13921565550289758,EG:WIND,0.13530916402882998,Africa/MENA,EurAfrMENA,ET:WIND,0.09022201162438556
EG,L1,W2,L1_W2,0.0881562610073407,42,23,0.11403737543847514,CV:PV,0.15164360453999456,EG:WIND,0.12719744663819257,Africa/MENA,EurAfrMENA,ET:WIND,0.09858307727979407
EG,L1,W3,L1_W3,0.08058203652183814,42,22,0.13322663572218038,CV:PV,0.16436471189927337,EG:WIND,0.1270292720033966,Africa/MENA,EurAfrMENA,ET:WIND,0.10362355504221835
EG,L2,W0,L2_W0,0.1241542902261562,94,33,0.0,CV:PV,0.10849760076268615,EG:WIND,0.10482102513940031,Africa/MENA,EurAfrMENA,ET:WIND,0.0675231027132773
EG,L2,W1,L2_W1,0.1032688570574019,94,33,0.05152076366842254,CV:PV,0.11086929667636924,EG:WIND,0.10169329521116474,Africa/MENA,EurAfrMENA,ET:WIND,0.07038864730282741
EG,L2,W2,L2_W2,0.0802822766922039,94,36,0.10990098885359798,CV:PV,0.12115937688697385,EG:WIND,0.09213635580797372,Africa/MENA,EurAfrMENA,ET:WIND,0.07865686423193669
EG,L2,W3,L2_W3,0.07473302236105923,94,35,0.1240882312174871,CV:PV,0.12721417123921835,EG:WIND,0.09021877640508534,Africa/MENA,EurAfrMENA,ET:WIND,0.08291713803604156
EG,L3,W0,L3_W0,0.0762385964345221,210,68,0.0,US:PV,0.12488922441214317,MX:PV,0.1071772003434483,Africa/MENA,EurAfrMENA,FJ:PV,0.06668917798993812
EG,L3,W1,L3_W1,0.05902938782301967,210,66,0.04586943123944971,US:PV,0.11809973111000842,MX:PV,0.11198565654974091,Africa/MENA,EurAfrMENA,FJ:PV,0.06485893123965597
EG,L3,W2,L3_W2,0.04902926883418479,210,60,0.07460949834065941,MX:PV,0.12032313596739203,US:PV,0.10993556274848429,Africa/MENA,EurAfrMENA,FJ:PV,0.059634001914455385
EG,L3,W3,L3_W3,0.04842329148458287,210,57,0.0762385964345221,MX:PV,0.1219767029976338,US:PV,0.10935048322871266,Africa/MENA,EurAfrMENA,FJ:PV,0.06013445459275919
ES,L0,W0,L0_W0,0.2551789712976459,2,2,0.0,ES:WIND,0.566327807752797,ES:PV,0.4336721922472004,Europe,EurAfrMENA,,
ES,L0,W1,L0_W1,0.2318725689663834,2,2,0.052578200528800634,ES:WIND,0.560776417309702,ES:PV,0.4392235826902955,Europe,EurAfrMENA,,
ES,L0,W2,L0_W2,0.19304489832377542,2,2,0.13925217024925826,ES:WIND,0.546915841146944,ES:PV,0.4530841588530534,Europe,EurAfrMENA,,
ES,L0,W3,L0_W3,0.15606768737691393,2,2,0.22376827449679576,ES:WIND,0.5297065485487178,ES:PV,0.4702934514512799,Europe,EurAfrMENA,,
ES,L1,W0,L1_W0,0.1857479478021625,52,29,0.0,ES:WIND,0.1505369467447226,DE:WIND,0.1336837225078433,Europe,EurAfrMENA,PT:PV,0.08340092707668684
ES,L1,W1,L1_W1,0.1652560941714905,52,28,0.06053144069330211,ES:WIND,0.1492733454665038,DE:WIND,0.13108273499034792,Europe,EurAfrMENA,PT:PV,0.09086341470280705
ES,L1,W2,L1_W2,0.13725334150156404,52,28,0.1435724438645477,ES:WIND,0.15150556194348377,DE:WIND,0.1246739542391312,Europe,EurAfrMENA,PT:PV,0.10130952626140999
ES,L1,W3,L1_W3,0.1233975763991472,52,32,0.18391737943444605,ES:WIND,0.15877944087313361,DE:WIND,0.11628164193297602,Europe,EurAfrMENA,PT:PV,0.10902954597855534
ES,L2,W0,L2_W0,0.15668280927710873,94,33,0.0,CV:PV,0.1406111179499256,ET:WIND,0.10744495829039576,Europe,EurAfrMENA,EG:PV,0.0967242524494007
ES,L2,W1,L2_W1,0.1365920513818856,94,33,0.05962601325503328,CV:PV,0.14497789414760187,ET:WIND,0.10912475816020642,Europe,EurAfrMENA,EG:PV,0.09578999552050611
ES,L2,W2,L2_W2,0.11154096854306379,94,31,0.13226202543049287,CV:PV,0.16412401374450616,ET:WIND,0.11256152035817796,Europe,EurAfrMENA,EG:PV,0.09458550281235506
ES,L2,W3,L2_W3,0.10254208641921761,94,31,0.15626035267418598,CV:PV,0.178346013609411,ET:WIND,0.11732749304814843,Europe,EurAfrMENA,EG:PV,0.08826045833778975
ES,L3,W0,L3_W0,0.09329634827748877,210,49,0.0,MX:PV,0.1837286310895635,CL:PV,0.1247150290889441,Europe,EurAfrMENA,EG:PV,0.09074916280572277
ES,L3,W1,L3_W1,0.07637298779442148,210,51,0.05439515247316389,MX:PV,0.1942919281193578,CL:PV,0.12305764053074937,Europe,EurAfrMENA,EG:PV,0.08648385974662874
ES,L3,W2,L3_W2,0.06579309841126957,210,42,0.09146679675985644,MX:PV,0.21545424275294506,CL:PV,0.11472207673353295,Europe,EurAfrMENA,EG:PV,0.08767096726488115
ES,L3,W3,L3_W3,0.06520725137330864,210,42,0.09326867308502486,MX:PV,0.2138636009647985,CL:PV,0.11539703874693352,Europe,EurAfrMENA,EG:PV,0.08817202490761085
ET,L0,W0,L0_W0,0.2801948328212608,2,2,0.0,ET:WIND,0.6572420962923594,ET:PV,0.34275790370764464,Africa/MENA,EurAfrMENA,,
ET,L0,W1,L0_W1,0.2563272338642742,2,2,0.05322321617965318,ET:WIND,0.6532056747120445,ET:PV,0.34679432528795934,Africa/MENA,EurAfrMENA,,
ET,L0,W2,L0_W2,0.21464687604593735,2,2,0.1428359968292008,ET:WIND,0.6451029653351723,ET:PV,0.3548970346648314,Africa/MENA,EurAfrMENA,,
ET,L0,W3,L0_W3,0.17045997699384077,2,2,0.23419258110236546,ET:WIND,0.636345385783234,ET:PV,0.36365461421676964,Africa/MENA,EurAfrMENA,,
ET,L1,W0,L1_W0,0.14686459407458705,42,17,0.0,CV:PV,0.2562088795203668,ZA:WIND,0.10976878254000395,Africa/MENA,EurAfrMENA,EG:WIND,0.08553070503970825
ET,L1,W1,L1_W1,0.12481711041709832,42,17,0.052449184227792184,CV:PV,0.2595765758192094,ZA:WIND,0.10777403410553722,Africa/MENA,EurAfrMENA,EG:WIND,0.08531361723821362
ET,L1,W2,L1_W2,0.09678916466907116,42,17,0.11986468981807898,CV:PV,0.267006351902055,ZA:WIND,0.10249160506900755,Africa/MENA,EurAfrMENA,MU:PV,0.08751189906533671
ET,L1,W3,L1_W3,0.08586554562867275,42,18,0.14627242965984968,CV:PV,0.2760536612510525,MU:PV,0.09889456941996551,Africa/MENA,EurAfrMENA,ZA:WIND,0.09678994430177774
ET,L2,W0,L2_W0,0.14315496981964887,94,35,0.0,CV:PV,0.2051283556115157,ZA:WIND,0.10215461694378061,Africa/MENA,EurAfrMENA,ET:WIND,0.06019527490291856
ET,L2,W1,L2_W1,0.12129504223829417,94,35,0.05310385609133223,CV:PV,0.20921726650078626,ZA:WIND,0.10082746002406423,Africa/MENA,EurAfrMENA,ET:WIND,0.06110390488597665
ET,L2,W2,L2_W2,0.09407614903663426,94,33,0.11919744393095145,CV:PV,0.2196042407223929,ZA:WIND,0.09713894373330494,Africa/MENA,EurAfrMENA,MU:PV,0.06379949470930288
ET,L2,W3,L2_W3,0.08418247749594385,94,33,0.14288770028983303,CV:PV,0.22852556073203664,ZA:WIND,0.09420255264071921,Africa/MENA,EurAfrMENA,MU:PV,0.07345971085021345
ET,L3,W0,L3_W0,0.0830499345045672,210,53,0.0,PE:PV,0.11095980428964237,US:PV,0.10507144385259343,Africa/MENA,EurAfrMENA,BR:WIND,0.07692028823959271
ET,L3,W1,L3_W1,0.06402210193673101,210,52,0.04505636063387535,PE:PV,0.11256218153404281,US:PV,0.11009852402944485,Africa/MENA,EurAfrMENA,BR:WIND,0.07779824795556789
ET,L3,W2,L3_W2,0.05041348665760179,210,54,0.07948899199120302,PE:PV,0.12820015872161197,US:PV,0.11474223225390767,Africa/MENA,EurAfrMENA,BR:WIND,0.08335827323697699
ET,L3,W3,L3_W3,0.049032363411744655,210,54,0.08304993450456721,PE:PV,0.13161658790069533,US:PV,0.11508386101323732,Africa/MENA,EurAfrMENA,BR:WIND,0.08314293127329593
FI,L0,W0,L0_W0,0.30765327814873555,2,2,0.0,FI:WIND,0.6741262365327843,FI:PV,0.3258737634672245,Europe,EurAfrMENA,,
FI,L0,W1,L0_W1,0.2841491286367228,2,2,0.05069591547358675,FI:WIND,0.6719258266092205,FI:PV,0.32807417339078837,Europe,EurAfrMENA,,
FI,L0,W2,L0_W2,0.2423516915138377,2,2,0.13746911285990418,FI:WIND,0.6705798981453867,FI:PV,0.32942010185462234,Europe,EurAfrMENA,,
FI,L0,W3,L0_W3,0.1920836693377157,2,2,0.23998402620299986,FI:WIND,0.6690356163916762,FI:PV,0.3309643836083325,Europe,EurAfrMENA,,
FI,L1,W0,L1_W0,0.15969079581207293,52,26,0.0,ES:WIND,0.12000991718741781,PT:PV,0.1177465185770995,Europe,EurAfrMENA,DE:WIND,0.09048124919832519
FI,L1,W1,L1_W1,0.1392096711516775,52,24,0.057311126719807516,PT:PV,0.12352919374432482,ES:WIND,0.11880080776349362,Europe,EurAfrMENA,DE:WIND,0.09009200427205462
FI,L1,W2,L1_W2,0.11400835866110845,52,22,0.1313221409285062,PT:PV,0.12508494378678814,ES:WIND,0.1200612939420241,Europe,EurAfrMENA,DE:WIND,0.09120701236902824
FI,L1,W3,L1_W3,0.10478778526444589,52,23,0.15917953365410073,PT:PV,0.12512712566057396,ES:WIND,0.12075550505418353,Europe,EurAfrMENA,DE:WIND,0.08919289458111793
FI,L2,W0,L2_W0,0.12592134768966318,94,31,0.0,CV:PV,0.19704429751477673,MU:PV,0.09161464179686699,Europe,EurAfrMENA,ET:WIND,0.08301036524888242
FI,L2,W1,L2_W1,0.1065231827645175,94,30,0.054004830410611784,CV:PV,0.2023903766553919,MU:PV,0.09479666877629202,Europe,EurAfrMENA,ET:WIND,0.08346113414177077
FI,L2,W2,L2_W2,0.08647618633007678,94,32,0.11165759253202556,CV:PV,0.2173562483223089,MU:PV,0.10145300586959642,Europe,EurAfrMENA,ET:WIND,0.08560953623497754
FI,L2,W3,L2_W3,0.08125067914179254,94,27,0.12584310558350598,CV:PV,0.22582822748823095,MU:PV,0.10832933854986394,Europe,EurAfrMENA,ET:WIND,0.08868183004645178
FI,L3,W0,L3_W0,0.0817608413758748,210,55,0.0,CL:PV,0.15385739188015846,OM:PV,0.10701247617797605,Europe,EurAfrMENA,ET:PV,0.06954374837100637
FI,L3,W1,L3_W1,0.06650987102570262,210,53,0.051288361765578154,CL:PV,0.17524848840739282,OM:PV,0.10858708440901839,Europe,EurAfrMENA,ET:PV,0.07179682566852799
FI,L3,W2,L3_W2,0.05881123686078505,210,51,0.07996357821229218,CL:PV,0.19763676003151393,OM:PV,0.11498433334658582,Europe,EurAfrMENA,ET:PV,0.06753952554447168
FI,L3,W3,L3_W3,0.05802010509876105,210,51,0.0817110778562745,CL:PV,0.19933934332428038,OM:PV,0.11669357203181963,Europe,EurAfrMENA,ET:PV,0.06617216269304604
FJ,L0,W0,L0_W0,0.3262021346527142,2,2,0.0,FJ:PV,0.5825778161947974,FJ:WIND,0.4174221838052031,Asia-Pacific,Oceania,,
FJ,L0,W1,L0_W1,0.302827580320173,2,2,0.05350591572361363,FJ:PV,0.5904322552800882,FJ:WIND,0.4095677447199122,Asia-Pacific,Oceania,,
FJ,L0,W2,L0_W2,0.2580825773635705,2,2,0.14727215843834696,FJ:PV,0.605913130603258,FJ:WIND,0.3940868693967426,Asia-Pacific,Oceania,,
FJ,L0,W3,L0_W3,0.20174357871996354,2,2,0.2535528468121282,FJ:PV,0.6225680788422375,FJ:WIND,0.37743192115776314,Asia-Pacific,Oceania,,
FJ,L1,W0,L1_W0,0.1968326289084061,6,6,0.0,AU:WIND,0.3619363734492123,NZ:WIND,0.21497174860859955,Asia-Pacific,Oceania,FJ:PV,0.1464533176635125
FJ,L1,W1,L1_W1,0.17425829153728858,6,6,0.05260226334682406,AU:WIND,0.3607032285438643,NZ:WIND,0.21135865939604273,Asia-Pacific,Oceania,FJ:PV,0.15142362353355093
FJ,L1,W2,L1_W2,0.1408315845578572,6,6,0.13104546258334474,AU:WIND,0.35492442783975986,NZ:WIND,0.20464159000244517,Asia-Pacific,Oceania,FJ:PV,0.16249723679763076
FJ,L1,W3,L1_W3,0.11750912019617475,6,6,0.1868596109036659,AU:WIND,0.3450519482796289,NZ:WIND,0.20377920126063914,Asia-Pacific,Oceania,FJ:PV,0.17382560515586956
FJ,L2,W0,L2_W0,0.1968326289084061,6,6,0.0,AU:WIND,0.3619363734492123,NZ:WIND,0.21497174860859955,Asia-Pacific,Oceania,FJ:PV,0.1464533176635125
FJ,L2,W1,L2_W1,0.17425829153728858,6,6,0.05260226334682406,AU:WIND,0.3607032285438643,NZ:WIND,0.21135865939604273,Asia-Pacific,Oceania,FJ:PV,0.15142362353355093
FJ,L2,W2,L2_W2,0.1408315845578572,6,6,0.13104546258334474,AU:WIND,0.35492442783975986,NZ:WIND,0.20464159000244517,Asia-Pacific,Oceania,FJ:PV,0.16249723679763076
FJ,L2,W3,L2_W3,0.11750912019617475,6,6,0.1868596109036659,AU:WIND,0.3450519482796289,NZ:WIND,0.20377920126063914,Asia-Pacific,Oceania,FJ:PV,0.17382560515586956
FJ,L3,W0,L3_W0,0.08920120211295188,210,46,0.0,FJ:PV,0.1711573212012387,MX:PV,0.11839352218102123,Asia-Pacific,Oceania,ET:PV,0.08003711047717439
FJ,L3,W1,L3_W1,0.07083767825631578,210,45,0.048887138395857434,FJ:PV,0.17112599276095306,MX:PV,0.11166889622167868,Asia-Pacific,Oceania,ET:PV,0.08215803883613139
FJ,L3,W2,L3_W2,0.057611473986983824,210,45,0.08552261084390772,FJ:PV,0.18618037469137264,MX:PV,0.10318816085600242,Asia-Pacific,Oceania,ET:PV,0.08456926391350952
FJ,L3,W3,L3_W3,0.05612816398878748,210,44,0.08920120211295188,FJ:PV,0.19478930785685122,MX:PV,0.10133101166844644,Asia-Pacific,Oceania,ET:PV,0.08441661374937537
FR,L0,W0,L0_W0,0.2339220976665752,2,2,0.0,FR:WIND,0.6263347349934235,FR:PV,0.373665265006579,Europe,EurAfrMENA,,
FR,L0,W1,L0_W1,0.21108617635062504,2,2,0.05363044881274964,FR:WIND,0.6204346837634765,FR:PV,0.37956531623652595,Europe,EurAfrMENA,,
FR,L0,W2,L0_W2,0.17438173565499496,2,2,0.13884608391416492,FR:WIND,0.6072685437150952,FR:PV,0.3927314562849071,Europe,EurAfrMENA,,
FR,L0,W3,L0_W3,0.14245515863359803,2,2,0.2140940707404904,FR:WIND,0.5917292112692053,FR:PV,0.4082707887307971,Europe,EurAfrMENA,,
FR,L1,W0,L1_W0,0.17608775233477025,52,28,0.0,PT:PV,0.12164214346243206,DE:WIND,0.12027548914129038,Europe,EurAfrMENA,ES:WIND,0.10564356979895399
FR,L1,W1,L1_W1,0.15600340230984575,52,28,0.05981121813183947,PT:PV,0.12822586945441206,DE:WIND,0.11612813715508144,Europe,EurAfrMENA,ES:WIND,0.10459357224181538
FR,L1,W2,L1_W2,0.12913524703883345,52,29,0.1393706881391079,PT:PV,0.14539197302056867,DE:WIND,0.10657192700086916,Europe,EurAfrMENA,ES:WIND,0.10652884344339693
FR,L1,W3,L1_W3,0.11708061204589401,52,29,0.17480959956147654,PT:PV,0.14941954482253636,ES:WIND,0.10906417520025478,Europe,EurAfrMENA,DE:WIND,0.10721038522786674
FR,L2,W0,L2_W0,0.1433645160127188,94,39,0.0,CV:PV,0.1594874351500981,ZA:WIND,0.09049579865943357,Europe,EurAfrMENA,ET:WIND,0.08246515984224526
FR,L2,W1,L2_W1,0.12330634128401846,94,38,0.056354155404068934,CV:PV,0.16660919754892115,ZA:WIND,0.09035302831591298,Europe,EurAfrMENA,ET:WIND,0.08497201482873681
FR,L2,W2,L2_W2,0.09970228883057448,94,34,0.12173548419411262,CV:PV,0.18846440284943827,ZA:WIND,0.09084020522371095,Europe,EurAfrMENA,ET:WIND,0.08756630040532906
FR,L2,W3,L2_W3,0.09170333909281919,94,33,0.14306403297831496,CV:PV,0.20442287666183212,ET:WIND,0.09158523186433586,Europe,EurAfrMENA,ZA:WIND,0.09003714195216272
FR,L3,W0,L3_W0,0.07712851353102176,210,57,0.0,CL:PV,0.1566110485677511,MX:PV,0.08409758678504288,Europe,EurAfrMENA,US:PV,0.08039063299175006
FR,L3,W1,L3_W1,0.061737129045467264,210,54,0.0497596139539256,CL:PV,0.1723162710125281,MX:PV,0.09515475348648217,Europe,EurAfrMENA,EG:PV,0.0663827629774838
FR,L3,W2,L3_W2,0.05445665448387583,210,49,0.076544602747221,CL:PV,0.19716356943475472,MX:PV,0.10879537482584864,Europe,EurAfrMENA,EG:PV,0.05956520662972579
FR,L3,W3,L3_W3,0.05428451071232407,210,49,0.07712851353102178,CL:PV,0.19763059493992957,MX:PV,0.1093569115396004,Europe,EurAfrMENA,EG:PV,0.06070961115421087
GB,L0,W0,L0_W0,0.23156440272158613,2,2,0.0,GB:WIND,0.7217564963926478,GB:PV,0.27824350360735206,Europe,EurAfrMENA,,
GB,L0,W1,L0_W1,0.20906867358552456,2,2,0.054666038847786314,GB:WIND,0.7174224574845264,GB:PV,0.2825775425154734,Europe,EurAfrMENA,,
GB,L0,W2,L0_W2,0.17504131905714423,2,2,0.13920074267238983,GB:WIND,0.7086190604252486,GB:PV,0.29138093957475125,Europe,EurAfrMENA,,
GB,L0,W3,L0_W3,0.1471795562989565,2,2,0.21183137876379105,GB:WIND,0.6988833046051597,GB:PV,0.3011166953948401,Europe,EurAfrMENA,,
GB,L1,W0,L1_W0,0.17042192349294846,52,31,0.0,ES:WIND,0.12946486961986886,DE:WIND,0.12638560513280464,Europe,EurAfrMENA,PT:PV,0.10070698016155781
GB,L1,W1,L1_W1,0.1503571291453562,52,30,0.059282119783039655,ES:WIND,0.12799519735265572,DE:WIND,0.12348342252647433,Europe,EurAfrMENA,PT:PV,0.10628759909044054
GB,L1,W2,L1_W2,0.1245831981302526,52,31,0.13665486820290812,ES:WIND,0.13066386751024955,PT:PV,0.11620898237368986,Europe,EurAfrMENA,DE:WIND,0.11452884643973212
GB,L1,W3,L1_W3,0.11364120654401648,52,30,0.16940674019308458,ES:WIND,0.13310409755051925,PT:PV,0.12096986120478015,Europe,EurAfrMENA,DE:WIND,0.1147394990744373
GB,L2,W0,L2_W0,0.13794566052508886,94,37,0.0,CV:PV,0.15026760522051583,ET:WIND,0.1024910071852969,Europe,EurAfrMENA,EG:PV,0.07946379521036329
GB,L2,W1,L2_W1,0.11846103729629663,94,36,0.05611999165391637,CV:PV,0.15897345033418764,ET:WIND,0.10471833289991844,Europe,EurAfrMENA,EG:PV,0.07780329272694142
GB,L2,W2,L2_W2,0.09605749534569764,94,32,0.11935753590383599,CV:PV,0.18578092616809394,ET:WIND,0.10793043643148136,Europe,EurAfrMENA,CV:WIND,0.07204753312159519
GB,L2,W3,L2_W3,0.08926680865755157,94,31,0.13771110457485708,CV:PV,0.19781099375717576,ET:WIND,0.11321824315836022,Europe,EurAfrMENA,CV:WIND,0.07488913774546907
GB,L3,W0,L3_W0,0.06837862416487654,210,54,0.0,MX:PV,0.20997494455433324,CL:PV,0.1402637343103951,Europe,EurAfrMENA,EG:PV,0.10706361061383428
GB,L3,W1,L3_W1,0.05496914697299609,210,47,0.04813577554065257,MX:PV,0.2116572007005129,CL:PV,0.13771566957044934,Europe,EurAfrMENA,EG:PV,0.11113801256961926
GB,L3,W2,L3_W2,0.050033004139217706,210,45,0.06802407455222864,MX:PV,0.21096505480220695,CL:PV,0.13445551535176628,Europe,EurAfrMENA,EG:PV,0.10879554807300355
GB,L3,W3,L3_W3,0.04992311201744648,210,45,0.0683703368364291,MX:PV,0.21105214919457285,CL:PV,0.13444952325965318,Europe,EurAfrMENA,EG:PV,0.10901402852364389
GF,L0,W0,L0_W0,0.3107654985215623,2,2,0.0,GF:WIND,0.5883533017049174,GF:PV,0.4116466982950859,Latin America,Americas,,
GF,L0,W1,L0_W1,0.28800244856484486,2,2,0.05900716012409162,GF:WIND,0.5819074836725089,GF:PV,0.4180925163274942,Latin America,Americas,,
GF,L0,W2,L0_W2,0.24594460909111482,2,2,0.16126150009442186,GF:WIND,0.5676320500352987,GF:PV,0.43236794996470435,Latin America,Americas,,
GF,L0,W3,L0_W3,0.19988562153294748,2,2,0.26568142536438066,GF:WIND,0.5511606850728941,GF:PV,0.4488393149271089,Latin America,Americas,,
GF,L1,W0,L1_W0,0.19035704175443857,22,14,0.0,BR:WIND,0.2979925103654252,PE:WIND,0.12540449455584793,Latin America,Americas,PY:PV,0.09785124951788553
GF,L1,W1,L1_W1,0.1696177073033945,22,13,0.060012116806346896,BR:WIND,0.29494759377815677,PE:WIND,0.12053051729788362,Latin America,Americas,PY:PV,0.10184510024323702
GF,L1,W2,L1_W2,0.14058295760451123,22,13,0.14547382292039715,BR:WIND,0.2856368536075685,PY:PV,0.11279811206053178,Latin America,Americas,PE:WIND,0.10739062640367064
GF,L1,W3,L1_W3,0.1258411961687534,22,13,0.18866565143234165,BR:WIND,0.2758120966582021,PY:PV,0.11666917576212493,Latin America,Americas,SR:WIND,0.10065961825918546
GF,L2,W0,L2_W0,0.17197154259446737,48,18,0.0,BR:WIND,0.16673007972728474,US:WIND,0.15261616721053467,Latin America,Americas,BR:PV,0.14624814176307033
GF,L2,W1,L2_W1,0.1517514783245778,48,19,0.06035300104610577,BR:WIND,0.16235288645146828,US:WIND,0.15104368294852666,Latin America,Americas,BR:PV,0.1439331677538025
GF,L2,W2,L2_W2,0.12465779448495562,48,16,0.14149993846952527,BR:WIND,0.14413004865815368,US:WIND,0.14344011511702998,Latin America,Americas,CA:WIND,0.14171558523305988
GF,L2,W3,L2_W3,0.11421614851971403,48,17,0.1716901492671522,CA:WIND,0.1441691776564839,US:WIND,0.13884789881806095,Latin America,Americas,BR:PV,0.13657104831752753
GF,L3,W0,L3_W0,0.1386234438487816,210,41,0.0,FJ:PV,0.1526665830027135,MX:PV,0.12812410736899107,Latin America,Americas,NE:PV,0.08137037490450168
GF,L3,W1,L3_W1,0.11935116994102013,210,40,0.057990157647899186,FJ:PV,0.1527610733679036,MX:PV,0.12357143467636647,Latin America,Americas,NE:PV,0.08284980983671206
GF,L3,W2,L3_W2,0.09846607927073228,210,40,0.12460983328617123,FJ:PV,0.15853212440156822,MX:PV,0.11261627459238552,Latin America,Americas,NE:PV,0.08335576038719057
GF,L3,W3,L3_W3,0.09394799035163989,210,39,0.1385655064048796,FJ:PV,0.1651681234314479,MX:PV,0.10931796615144446,Latin America,Americas,NE:PV,0.08528385996200177
GH,L0,W0,L0_W0,0.2745373040806182,2,2,0.0,GH:WIND,0.591952757982566,GH:PV,0.4080472420174396,Africa/MENA,EurAfrMENA,,
GH,L0,W1,L0_W1,0.2518574724026249,2,2,0.052546807657966293,GH:WIND,0.5815653306599501,GH:PV,0.41843466934005513,Africa/MENA,EurAfrMENA,,
GH,L0,W2,L0_W2,0.21162002922501438,2,2,0.1418971878803281,GH:WIND,0.5583056779743532,GH:PV,0.4416943220256519,Africa/MENA,EurAfrMENA,,
GH,L0,W3,L0_W3,0.16710932461312,2,2,0.23438607418256713,GH:WIND,0.532980482065166,GH:PV,0.4670195179348388,Africa/MENA,EurAfrMENA,,
GH,L1,W0,L1_W0,0.12849821078399384,42,24,0.0,CV:PV,0.16308932806473758,ET:WIND,0.10804919216957845,Africa/MENA,EurAfrMENA,EG:WIND,0.10491766796819467
GH,L1,W1,L1_W1,0.10725607844141076,42,23,0.05089571103238468,CV:PV,0.1675403662830758,ET:WIND,0.10836731765457505,Africa/MENA,EurAfrMENA,EG:WIND,0.10450066354651762
GH,L1,W2,L1_W2,0.08396057986475162,42,23,0.10902959565439531,CV:PV,0.18205413087084843,ET:WIND,0.11063203713575472,Africa/MENA,EurAfrMENA,EG:WIND,0.10493681194954145
GH,L1,W3,L1_W3,0.07651272629119744,42,23,0.12805174888644844,CV:PV,0.19089080308856632,ET:WIND,0.11281291779970316,Africa/MENA,EurAfrMENA,EG:WIND,0.10803921221130489
GH,L2,W0,L2_W0,0.1210942188193362,94,41,0.0,CV:PV,0.12281821445638012,ET:WIND,0.08704600330187898,Africa/MENA,EurAfrMENA,EG:WIND,0.07158306347932641
GH,L2,W1,L2_W1,0.10036611859303045,94,41,0.05033848597801208,CV:PV,0.1269962480918315,ET:WIND,0.08846563279885494,Africa/MENA,EurAfrMENA,EG:WIND,0.07199516603252497
GH,L2,W2,L2_W2,0.07834920469287857,94,41,0.1060529978759398,CV:PV,0.1377163069463834,ET:WIND,0.09009434254204603,Africa/MENA,EurAfrMENA,EG:WIND,0.0717420766895325
GH,L2,W3,L2_W3,0.07242852298235251,94,39,0.12092770331195861,CV:PV,0.14512451925489103,ET:WIND,0.09203532412097892,Africa/MENA,EurAfrMENA,EG:WIND,0.07100860705915149
GH,L3,W0,L3_W0,0.06640573739235206,210,74,0.0,CL:PV,0.10784390521523209,US:PV,0.10507771326642623,Africa/MENA,EurAfrMENA,MX:PV,0.08891232209306264
GH,L3,W1,L3_W1,0.049767729044123514,210,72,0.04140718769115398,CL:PV,0.10627062636837332,US:PV,0.09723054326689294,Africa/MENA,EurAfrMENA,MX:PV,0.09541480710098557
GH,L3,W2,L3_W2,0.04129735831745862,210,70,0.06460995235484689,MX:PV,0.10469481079109584,CL:PV,0.10031150154861723,Africa/MENA,EurAfrMENA,US:PV,0.09015540743372481
GH,L3,W3,L3_W3,0.0406566392491806,210,70,0.06640573739235206,MX:PV,0.10360826422112722,CL:PV,0.10162405354870012,Africa/MENA,EurAfrMENA,US:PV,0.09088928701956388
GR,L0,W0,L0_W0,0.3919553928472156,2,2,0.0,GR:PV,0.6549124443264346,GR:WIND,0.34508755567356636,Europe,EurAfrMENA,,
GR,L0,W1,L0_W1,0.36780498383493826,2,2,0.054678424302632374,GR:PV,0.6610173430794835,GR:WIND,0.3389826569205177,Europe,EurAfrMENA,,
GR,L0,W2,L0_W2,0.31913295365741257,2,2,0.15512604996784768,GR:PV,0.6728675710540702,GR:WIND,0.3271324289459312,Europe,EurAfrMENA,,
GR,L0,W3,L0_W3,0.24864838492252936,2,2,0.28240681302842896,GR:PV,0.6881587302314386,GR:WIND,0.3118412697685625,Europe,EurAfrMENA,,
GR,L1,W0,L1_W0,0.17588258625689568,52,28,0.0,PT:PV,0.13793067107718074,ES:WIND,0.12249718545417751,Europe,EurAfrMENA,DE:WIND,0.10846703291752346
GR,L1,W1,L1_W1,0.1554420509520645,52,27,0.05899003740914548,PT:PV,0.14639286119440392,ES:WIND,0.1213730123678503,Europe,EurAfrMENA,DE:WIND,0.10642419503735169
GR,L1,W2,L1_W2,0.12863805400629963,52,28,0.1372604801535083,PT:PV,0.15368218264252645,ES:WIND,0.12099337802425772,Europe,EurAfrMENA,DE:WIND,0.10080150463035156
GR,L1,W3,L1_W3,0.11564085926556443,52,30,0.17457385314274404,PT:PV,0.1638106797984222,ES:WIND,0.12269822140368732,Europe,EurAfrMENA,DE:WIND,0.10048111390880182
GR,L2,W0,L2_W0,0.1413746821432675,94,36,0.0,CV:PV,0.17966910444385523,ET:WIND,0.10644762534588453,Europe,EurAfrMENA,ZA:WIND,0.09504353000367599
GR,L2,W1,L2_W1,0.12138784339409926,94,36,0.055526571424254136,CV:PV,0.18924030331897868,ET:WIND,0.10886508293292527,Europe,EurAfrMENA,ZA:WIND,0.09468783011899284
GR,L2,W2,L2_W2,0.09783612213620381,94,35,0.11933677259736143,CV:PV,0.21567514942318988,ET:WIND,0.1097650410255887,Europe,EurAfrMENA,ZA:WIND,0.09444165021371213
GR,L2,W3,L2_W3,0.08931829750387354,94,32,0.1410573794128012,CV:PV,0.23314143237309468,ET:WIND,0.1116357557521918,Europe,EurAfrMENA,ZA:WIND,0.09292651641497472
GR,L3,W0,L3_W0,0.07421369667064898,210,58,0.0,CL:PV,0.23062762471357776,MX:PV,0.14342685276612685,Europe,EurAfrMENA,EG:PV,0.04605438360110951
GR,L3,W1,L3_W1,0.05883898058243237,210,54,0.04770091139859954,CL:PV,0.2374264090867588,MX:PV,0.13605140468321364,Europe,EurAfrMENA,ET:PV,0.04249154661212315
GR,L3,W2,L3_W2,0.05139605861789616,210,52,0.0734753073781203,CL:PV,0.24622169282126566,MX:PV,0.12660179860512014,Europe,EurAfrMENA,ET:PV,0.0565875502101582
GR,L3,W3,L3_W3,0.05117246330331912,210,49,0.07421369667064898,CL:PV,0.2468411185467684,MX:PV,0.126429024391545,Europe,EurAfrMENA,ET:PV,0.05780197668993163
GT,L0,W0,L0_W0,0.3743799126532451,2,2,0.0,GT:PV,0.7435062848510963,GT:WIND,0.2564937151489043,North America,Americas,,
GT,L0,W1,L0_W1,0.34987891407132965,2,2,0.05222506984440446,GT:PV,0.7484123443337473,GT:WIND,0.2515876556662531,North America,Americas,,
GT,L0,W2,L0_W2,0.30016115936063026,2,2,0.14824305481089184,GT:PV,0.7580052303418644,GT:WIND,0.24199476965813596,North America,Americas,,
GT,L0,W3,L0_W3,0.22782639323055634,2,2,0.2689546266756247,GT:PV,0.7692058873793621,GT:WIND,0.23079411262063845,North America,Americas,,
GT,L1,W0,L1_W0,0.15522886547099388,26,12,0.0,US:WIND,0.27984992756863974,US:PV,0.2538688317143335,North America,Americas,LC:WIND,0.11754599469949828
GT,L1,W1,L1_W1,0.13421893956782158,26,12,0.053698801901284496,US:WIND,0.27614804997451486,US:PV,0.2614441310570968,North America,Americas,LC:WIND,0.1122723062792715
GT,L1,W2,L1_W2,0.10859302048645471,26,12,0.12270396708437782,US:PV,0.27748341148013733,US:WIND,0.2568831757575619,North America,Americas,LC:WIND,0.10857383839158491
GT,L1,W3,L1_W3,0.09736286053734652,26,12,0.15360285249571393,US:PV,0.28595113160297186,US:WIND,0.2387375049639202,North America,Americas,MX:WIND,0.10952484228223641
GT,L2,W0,L2_W0,0.13269741507505928,48,22,0.0,BR:WIND,0.21626708145258294,US:PV,0.16903400298595925,North America,Americas,US:WIND,0.1288362306977382
GT,L2,W1,L2_W1,0.11232515208422243,48,22,0.054283914161420734,BR:WIND,0.2130364680612174,US:PV,0.17370561496812287,North America,Americas,US:WIND,0.1250001294665905
GT,L2,W2,L2_W2,0.08986716536405882,48,20,0.11652247512545183,BR:WIND,0.20129840943364025,US:PV,0.19321589949046244,North America,Americas,US:WIND,0.11206521066784113
GT,L2,W3,L2_W3,0.08403546513067102,48,20,0.1326473066845456,US:PV,0.2015775958891507,BR:WIND,0.19419298639747196,North America,Americas,US:WIND,0.10460031068310312
GT,L3,W0,L3_W0,0.06216609589139529,210,62,0.0,US:PV,0.13948318931435386,AU:PV,0.10285044541341978,North America,Americas,FJ:PV,0.09707969222135825
GT,L3,W1,L3_W1,0.04463583548460593,210,63,0.04132478329146756,US:PV,0.14433781018613637,AU:PV,0.10770249823565138,North America,Americas,FJ:PV,0.09794890879955763
GT,L3,W2,L3_W2,0.03682054721750452,210,61,0.061756199614191855,US:PV,0.1438843599072564,AU:PV,0.10808641426478609,North America,Americas,FJ:PV,0.10414048168695503
GT,L3,W3,L3_W3,0.03667882924330878,210,62,0.062134216042682364,US:PV,0.1442152697366634,AU:PV,0.10775912226730659,North America,Americas,FJ:PV,0.10461635915805925
HN,L0,W0,L0_W0,0.3407928229017539,2,2,0.0,HN:PV,0.5281587598532559,HN:WIND,0.4718412401467418,North America,Americas,,
HN,L0,W1,L0_W1,0.317285883180031,2,2,0.05261325111413445,HN:PV,0.5381892207068183,HN:WIND,0.4618107792931797,North America,Americas,,
HN,L0,W2,L0_W2,0.27166406251774733,2,2,0.1463564988278086,HN:PV,0.557686130916162,HN:WIND,0.44231386908383574,North America,Americas,,
HN,L0,W3,L0_W3,0.20989950644496322,2,2,0.2585799928727383,HN:PV,0.5801196977079419,HN:WIND,0.41988030229205603,North America,Americas,,
HN,L1,W0,L1_W0,0.16303198896035098,26,9,0.0,US:WIND,0.32904846913014874,US:PV,0.2571530972468674,North America,Americas,MX:WIND,0.13049264599990412
HN,L1,W1,L1_W1,0.14123328897587692,26,9,0.05304677541985508,US:WIND,0.3245609207747984,US:PV,0.26528440850256796,North America,Americas,MX:WIND,0.126839397651745
HN,L1,W2,L1_W2,0.11242799372070382,26,10,0.12502777382320981,US:WIND,0.3061644083967703,US:PV,0.2842170122838791,North America,Americas,MX:WIND,0.12405861158199542
HN,L1,W3,L1_W3,0.09844182901985787,26,10,0.16099219664983608,US:PV,0.2967974459967213,US:WIND,0.28827478642014204,North America,Americas,MX:WIND,0.1303047927101282
HN,L2,W0,L2_W0,0.13498876346725056,48,18,0.0,BR:WIND,0.23962937135147783,US:PV,0.16783058544940843,North America,Americas,US:WIND,0.15722128210129835
HN,L2,W1,L2_W1,0.11445545517538003,48,18,0.05379350498465251,BR:WIND,0.2382274670346574,US:PV,0.17450877597921408,North America,Americas,US:WIND,0.1542347490024281
HN,L2,W2,L2_W2,0.09122928572722218,48,16,0.11648686975773752,BR:WIND,0.23151275708338914,US:PV,0.1980535595656021,North America,Americas,US:WIND,0.14424421359117048
HN,L2,W3,L2_W3,0.0844751544258914,48,17,0.13489821485695871,BR:WIND,0.22623859424991993,US:PV,0.20860999256408963,North America,Americas,US:WIND,0.13533604262987264
HN,L3,W0,L3_W0,0.06581038450553386,210,53,0.0,US:PV,0.11998722948531708,AU:PV,0.10360737809311163,North America,Americas,MX:PV,0.09997570170076117
HN,L3,W1,L3_W1,0.0486576694479302,210,53,0.04242143945957368,US:PV,0.1250116678943282,AU:PV,0.10670594645615734,North America,Americas,MX:PV,0.10070708702559586
HN,L3,W2,L3_W2,0.04038318982959946,210,51,0.06512641778227894,US:PV,0.12596005808026908,FJ:PV,0.10640696012048759,North America,Americas,AU:PV,0.10329602433854239
HN,L3,W3,L3_W3,0.04014801723894514,210,51,0.06578413067100594,US:PV,0.12608248370206934,FJ:PV,0.10692251560549784,North America,Americas,AU:PV,0.10318834953236934
HU,L0,W0,L0_W0,0.3491272323487409,2,2,0.0,HU:WIND,0.5095111370705894,HU:PV,0.4904888629294125,Europe,EurAfrMENA,,
HU,L0,W1,L0_W1,0.3255860678565007,2,2,0.05784778061080406,HU:WIND,0.5035999996136065,HU:PV,0.4964000003863955,Europe,EurAfrMENA,,
HU,L0,W2,L0_W2,0.28028427830022934,2,2,0.16026227714539046,HU:PV,0.5076370638211593,HU:WIND,0.4923629361788426,Europe,EurAfrMENA,,
HU,L0,W3,L0_W3,0.22237903192614009,2,2,0.27924393273038745,HU:PV,0.5212885220478853,HU:WIND,0.4787114779521165,Europe,EurAfrMENA,,
HU,L1,W0,L1_W0,0.1797351767182584,52,26,0.0,PT:PV,0.14120157258041094,ES:WIND,0.13882563516854654,Europe,EurAfrMENA,DE:WIND,0.10819299389557034
HU,L1,W1,L1_W1,0.1595941860944017,52,24,0.060642178436256196,PT:PV,0.14722922304694078,ES:WIND,0.13750090456366698,Europe,EurAfrMENA,DE:WIND,0.10425026799641203
HU,L1,W2,L1_W2,0.13238842024359262,52,25,0.14271081095938531,PT:PV,0.1592189777284258,ES:WIND,0.13820510310316847,Europe,EurAfrMENA,DE:WIND,0.09463488073160733
HU,L1,W3,L1_W3,0.12027580730049854,52,24,0.17871204101801533,PT:PV,0.16253515030291782,ES:WIND,0.1422651566252289,Europe,EurAfrMENA,DE:WIND,0.09663430393628412
HU,L2,W0,L2_W0,0.1375627534380039,94,31,0.0,CV:PV,0.20425797077924243,MU:PV,0.10082941235985572,Europe,EurAfrMENA,ET:WIND,0.09943490799584148
HU,L2,W1,L2_W1,0.1182972778482379,94,30,0.05520055794952222,CV:PV,0.2114298933247191,MU:PV,0.10769578555663172,Europe,EurAfrMENA,ET:WIND,0.10028398629964833
HU,L2,W2,L2_W2,0.09633950658885883,94,30,0.11743627665800949,CV:PV,0.23330742487580547,MU:PV,0.1296534286491039,Europe,EurAfrMENA,ET:WIND,0.09791803840712647
HU,L2,W3,L2_W3,0.08894563240773272,94,27,0.13736076751154608,CV:PV,0.24520542625313524,MU:PV,0.14466865567920892,Europe,EurAfrMENA,ET:WIND,0.10041121815149762
HU,L3,W0,L3_W0,0.07034785401655354,210,60,0.0,CL:PV,0.2603153159490463,MX:PV,0.08804391209076554,Europe,EurAfrMENA,OM:PV,0.08148338071445703
HU,L3,W1,L3_W1,0.056390447407194635,210,55,0.047957863125157374,CL:PV,0.2649888318290382,OM:PV,0.09071680611989394,Europe,EurAfrMENA,MX:PV,0.0781487379793039
HU,L3,W2,L3_W2,0.05056862358404607,210,53,0.0696397644097802,CL:PV,0.27670111926098506,OM:PV,0.10628242993090295,Europe,EurAfrMENA,ET:PV,0.06993208289738585
HU,L3,W3,L3_W3,0.05033584026903534,210,53,0.07034785401655354,CL:PV,0.2774661228004001,OM:PV,0.10797847528555093,Europe,EurAfrMENA,ET:PV,0.07097347528341827
ID,L0,W0,L0_W0,0.4030549110088094,2,2,0.0,ID:PV,0.6248948319718051,ID:WIND,0.3751051680281944,Asia-Pacific,Asia,,
ID,L0,W1,L0_W1,0.3800531098133993,2,2,0.055893098064568755,ID:PV,0.6344954513637625,ID:WIND,0.36550454863623694,Asia-Pacific,Asia,,
ID,L0,W2,L0_W2,0.332292387643873,2,2,0.15965138219629643,ID:PV,0.653209899088987,ID:WIND,0.34679010091101276,Asia-Pacific,Asia,,
ID,L0,W3,L0_W3,0.25923131741722216,2,2,0.2923426513137571,ID:PV,0.6755660793641652,ID:WIND,0.3244339206358343,Asia-Pacific,Asia,,
ID,L1,W0,L1_W0,0.11872542602121414,60,24,0.0,CN:WIND,0.31329566703906525,PH:WIND,0.13379751538248086,Asia-Pacific,Asia,IL:PV,0.0924366958641664
ID,L1,W1,L1_W1,0.09830943169430627,60,23,0.050298871619323705,CN:WIND,0.31573115674416313,PH:WIND,0.13228047566868945,Asia-Pacific,Asia,IL:PV,0.09276775453605761
ID,L1,W2,L1_W2,0.07784573410368179,60,21,0.10486214005179505,CN:WIND,0.31383231393643535,PH:WIND,0.13207588799362927,Asia-Pacific,Asia,IL:PV,0.09607150230507021
ID,L1,W3,L1_W3,0.07293856647706613,60,21,0.1185620313891598,CN:WIND,0.30991449535483345,PH:WIND,0.13431287124996347,Asia-Pacific,Asia,IL:PV,0.09847584354544697
ID,L2,W0,L2_W0,0.11872542602121414,60,24,0.0,CN:WIND,0.31329566703906525,PH:WIND,0.13379751538248086,Asia-Pacific,Asia,IL:PV,0.0924366958641664
ID,L2,W1,L2_W1,0.09830943169430627,60,23,0.050298871619323705,CN:WIND,0.31573115674416313,PH:WIND,0.13228047566868945,Asia-Pacific,Asia,IL:PV,0.09276775453605761
ID,L2,W2,L2_W2,0.07784573410368179,60,21,0.10486214005179505,CN:WIND,0.31383231393643535,PH:WIND,0.13207588799362927,Asia-Pacific,Asia,IL:PV,0.09607150230507021
ID,L2,W3,L2_W3,0.07293856647706613,60,21,0.1185620313891598,CN:WIND,0.30991449535483345,PH:WIND,0.13431287124996347,Asia-Pacific,Asia,IL:PV,0.09847584354544697
ID,L3,W0,L3_W0,0.0693636404090689,210,60,0.0,CV:PV,0.07737961345203,AU:PV,0.06874720379568587,Asia-Pacific,Asia,ZA:PV,0.060150047000873355
ID,L3,W1,L3_W1,0.052868776395493984,210,64,0.044562689600433594,CV:PV,0.08395066243952178,AU:PV,0.06223704869232822,Asia-Pacific,Asia,ZA:PV,0.055387195697914206
ID,L3,W2,L3_W2,0.04500547564804602,210,60,0.06853211020494891,CV:PV,0.09762577539997708,AU:PV,0.05965489866232643,Asia-Pacific,Asia,ZA:PV,0.05724818160978213
ID,L3,W3,L3_W3,0.04472525385523758,210,60,0.0693636404090689,CV:PV,0.09799706763932535,AU:PV,0.059539686921557124,Asia-Pacific,Asia,ZA:PV,0.057028265072281786
IE,L0,W0,L0_W0,0.3119818048204444,2,2,0.0,IE:WIND,0.8606557155861538,IE:PV,0.13934428441383925,Europe,EurAfrMENA,,
IE,L0,W1,L0_W1,0.2908999769042325,2,2,0.0612406404190755,IE:WIND,0.8612681838925297,IE:PV,0.13873181610746335,Europe,EurAfrMENA,,
IE,L0,W2,L0_W2,0.25669727447545404,2,2,0.16134977263907452,IE:WIND,0.8697376935172253,IE:PV,0.1302623064827676,Europe,EurAfrMENA,,
IE,L0,W3,L0_W3,0.22175704725832127,2,2,0.26580228879328305,IE:WIND,0.8868297253773699,IE:PV,0.11317027462262269,Europe,EurAfrMENA,,
IE,L1,W0,L1_W0,0.2378538105012062,52,17,0.0,ES:WIND,0.12871235792515032,GB:WIND,0.12264153729881358,Europe,EurAfrMENA,DE:WIND,0.10024076154945649
IE,L1,W1,L1_W1,0.21804157215503173,52,17,0.0691947887806879,ES:WIND,0.13014775575657128,GB:WIND,0.11822164328417531,Europe,EurAfrMENA,DE:WIND,0.09835800901286501
IE,L1,W2,L1_W2,0.1843245628871187,52,16,0.17937736099313728,ES:WIND,0.13768235970711265,GB:WIND,0.10868703138736627,Europe,EurAfrMENA,FR:WIND,0.09784053056610041
IE,L1,W3,L1_W3,0.16539798909857772,52,15,0.23589023496392542,ES:WIND,0.14845238537313954,FR:WIND,0.11366043667661471,Europe,EurAfrMENA,GB:WIND,0.11310575571369973
IE,L2,W0,L2_W0,0.2068128676174687,94,22,0.0,ET:WIND,0.12479914831497033,ZA:PV,0.10532909025500525,Europe,EurAfrMENA,CV:WIND,0.09627074580103052
IE,L2,W1,L2_W1,0.18773327830876357,94,22,0.06678441160478081,ET:WIND,0.12201480237270579,ZA:PV,0.10812961854339674,Europe,EurAfrMENA,CV:WIND,0.09528166890947058
IE,L2,W2,L2_W2,0.1579485863255559,94,21,0.16218118903349948,ZA:PV,0.12588436524878102,ET:WIND,0.12047253567598092,Europe,EurAfrMENA,CV:WIND,0.09500949066233189
IE,L2,W3,L2_W3,0.142596337458416,94,21,0.20554869365362213,ZA:PV,0.1448772210725298,ET:WIND,0.13055966403220104,Europe,EurAfrMENA,CV:WIND,0.09495160089086985
IE,L3,W0,L3_W0,0.1474542268496711,210,22,0.0,CL:PV,0.32239257927880616,ZA:PV,0.17565433820679682,Europe,EurAfrMENA,FJ:PV,0.07578414251219466
IE,L3,W1,L3_W1,0.12885085569830568,210,23,0.062088384596786145,CL:PV,0.32319490749971574,ZA:PV,0.1810664272744385,Europe,EurAfrMENA,FJ:PV,0.0752587882508893
IE,L3,W2,L3_W2,0.10528928718092417,210,22,0.13313395400264522,CL:PV,0.3425358730506091,ZA:PV,0.19152613881872477,Europe,EurAfrMENA,AQ:PV,0.07937587939550157
IE,L3,W3,L3_W3,0.10003408876038017,210,22,0.14715363354306346,CL:PV,0.3511809015084776,ZA:PV,0.2064453891385453,Europe,EurAfrMENA,AQ:PV,0.08341224062275657
IL,L0,W0,L0_W0,0.4294000426257853,2,2,0.0,IL:PV,0.7534040626336038,IL:WIND,0.24659593736639387,Asia-Pacific,Asia,,
IL,L0,W1,L0_W1,0.4060339792382777,2,2,0.05572447610419296,IL:PV,0.7642049658321844,IL:WIND,0.2357950341678134,Asia-Pacific,Asia,,
IL,L0,W2,L0_W2,0.3567313375315647,2,2,0.16058061384781494,IL:PV,0.7873744731008219,IL:WIND,0.21262552689917616,Asia-Pacific,Asia,,
IL,L0,W3,L0_W3,0.27765105501030013,2,2,0.30028891592751794,IL:PV,0.8187011491400582,IL:WIND,0.18129885085993985,Asia-Pacific,Asia,,
IL,L1,W0,L1_W0,0.15505041999833297,60,25,0.0,CN:WIND,0.36188185256827365,JO:PV,0.13200988361848615,Asia-Pacific,Asia,PH:WIND,0.09988387032522508
IL,L1,W1,L1_W1,0.13463164237744152,60,25,0.05792968708736205,CN:WIND,0.3637800946971561,JO:PV,0.13673162402861935,Asia-Pacific,Asia,PH:WIND,0.09724181272779601
IL,L1,W2,L1_W2,0.10938748517675141,60,23,0.1313095253470183,CN:WIND,0.36036167786093837,JO:PV,0.12677660186006456,Asia-Pacific,Asia,PH:WIND,0.0902642567545448
IL,L1,W3,L1_W3,0.10129172246711643,60,24,0.15477324063641063,CN:WIND,0.3579450727108688,JO:PV,0.1229336580458985,Asia-Pacific,Asia,PH:WIND,0.08863917930264491
IL,L2,W0,L2_W0,0.15505041999833297,60,25,0.0,CN:WIND,0.36188185256827365,JO:PV,0.13200988361848615,Asia-Pacific,Asia,PH:WIND,0.09988387032522508
IL,L2,W1,L2_W1,0.13463164237744152,60,25,0.05792968708736205,CN:WIND,0.3637800946971561,JO:PV,0.13673162402861935,Asia-Pacific,Asia,PH:WIND,0.09724181272779601
IL,L2,W2,L2_W2,0.10938748517675141,60,23,0.1313095253470183,CN:WIND,0.36036167786093837,JO:PV,0.12677660186006456,Asia-Pacific,Asia,PH:WIND,0.0902642567545448
IL,L2,W3,L2_W3,0.10129172246711643,60,24,0.15477324063641063,CN:WIND,0.3579450727108688,JO:PV,0.1229336580458985,Asia-Pacific,Asia,PH:WIND,0.08863917930264491
IL,L3,W0,L3_W0,0.08296224370835166,210,55,0.0,CL:PV,0.1722278167273205,MX:PV,0.09580619211520526,Asia-Pacific,Asia,ET:PV,0.06749026594735176
IL,L3,W1,L3_W1,0.06652460271385188,210,54,0.05244831334852891,CL:PV,0.17116386323176358,MX:PV,0.09226805626656434,Asia-Pacific,Asia,OM:PV,0.06660381384487898
IL,L3,W2,L3_W2,0.05791949364971392,210,54,0.0818831230329826,CL:PV,0.17751093438515914,OM:PV,0.08468958763541244,Asia-Pacific,Asia,MX:PV,0.08452314754291315
IL,L3,W3,L3_W3,0.057577871444942884,210,51,0.08295904373576628,CL:PV,0.17900323063998905,OM:PV,0.08680373232911039,Asia-Pacific,Asia,MX:PV,0.083924151893791
IN,L0,W0,L0_W0,0.2532060452014483,2,2,0.0,IN:WIND,0.5610420975354116,IN:PV,0.4389579024645893,Asia-Pacific,Asia,,
IN,L0,W1,L0_W1,0.23117851741209103,2,2,0.05365639615512863,IN:WIND,0.5484964374970083,IN:PV,0.4515035625029925,Asia-Pacific,Asia,,
IN,L0,W2,L0_W2,0.19386413565877506,2,2,0.1418771143452782,IN:WIND,0.5184389201922589,IN:PV,0.48156107980774177,Asia-Pacific,Asia,,
IN,L0,W3,L0_W3,0.15527326476133568,2,2,0.22902762764265433,IN:PV,0.5178151451504344,IN:WIND,0.48218485484956647,Asia-Pacific,Asia,,
IN,L1,W0,L1_W0,0.14017967463536005,60,28,0.0,CN:WIND,0.29052794177060165,PH:WIND,0.09532623616902605,Asia-Pacific,Asia,IL:PV,0.06859815458744441
IN,L1,W1,L1_W1,0.12072780087581943,60,28,0.05516111437671966,CN:WIND,0.29046960862923477,PH:WIND,0.09396702746797184,Asia-Pacific,Asia,IL:PV,0.07278029691829786
IN,L1,W2,L1_W2,0.09873824212015914,60,27,0.11839131933626582,CN:WIND,0.28235025231987526,PH:WIND,0.09073085040559116,Asia-Pacific,Asia,IL:PV,0.08964259780006888
IN,L1,W3,L1_W3,0.09098550069093582,60,26,0.13977489434595095,CN:WIND,0.2766875860834978,IL:PV,0.09762216878128084,Asia-Pacific,Asia,PH:WIND,0.08911877941577818
IN,L2,W0,L2_W0,0.14017967463536005,60,28,0.0,CN:WIND,0.29052794177060165,PH:WIND,0.09532623616902605,Asia-Pacific,Asia,IL:PV,0.06859815458744441
IN,L2,W1,L2_W1,0.12072780087581943,60,28,0.05516111437671966,CN:WIND,0.29046960862923477,PH:WIND,0.09396702746797184,Asia-Pacific,Asia,IL:PV,0.07278029691829786
IN,L2,W2,L2_W2,0.09873824212015914,60,27,0.11839131933626582,CN:WIND,0.28235025231987526,PH:WIND,0.09073085040559116,Asia-Pacific,Asia,IL:PV,0.08964259780006888
IN,L2,W3,L2_W3,0.09098550069093582,60,26,0.13977489434595095,CN:WIND,0.2766875860834978,IL:PV,0.09762216878128084,Asia-Pacific,Asia,PH:WIND,0.08911877941577818
IN,L3,W0,L3_W0,0.07120535675228104,210,63,0.0,CV:PV,0.12054572880994734,MU:PV,0.04967772348733591,Asia-Pacific,Asia,BR:PV,0.04957551949285922
IN,L3,W1,L3_W1,0.057187382597678936,210,59,0.05113211432443734,CV:PV,0.12285925270784354,MU:PV,0.05555148681879049,Asia-Pacific,Asia,BR:PV,0.049869890464578424
IN,L3,W2,L3_W2,0.05242704392976955,210,59,0.07106809688148252,CV:PV,0.13712686290053575,MU:PV,0.05487920289677149,Asia-Pacific,Asia,NP:PV,0.05027017780268688
IN,L3,W3,L3_W3,0.05239021000866273,210,59,0.07120535675228104,CV:PV,0.13725067560313325,MU:PV,0.05478650708568477,Asia-Pacific,Asia,NP:PV,0.050388655620462006
IR,L0,W0,L0_W0,0.4633732794859316,2,2,0.0,IR:PV,0.5380142509397433,IR:WIND,0.4619857490602549,Asia-Pacific,Asia,,
IR,L0,W1,L0_W1,0.44505254816965556,2,2,0.0737982833607307,IR:PV,0.5344981475630869,IR:WIND,0.46550185243691133,Asia-Pacific,Asia,,
IR,L0,W2,L0_W2,0.4077798690971498,2,2,0.2085268929670236,IR:PV,0.5325617874427421,IR:WIND,0.46743821255725615,Asia-Pacific,Asia,,
IR,L0,W3,L0_W3,0.36002840873146585,2,2,0.3534582622045336,IR:PV,0.5513444312601207,IR:WIND,0.4486555687398776,Asia-Pacific,Asia,,
IR,L1,W0,L1_W0,0.36219964024574935,60,10,0.0,LK:WIND,0.28305174443941006,CN:WIND,0.2602537857683174,Asia-Pacific,Asia,PH:WIND,0.14578340342569646
IR,L1,W1,L1_W1,0.3438335520694706,60,10,0.0744369434111904,LK:WIND,0.2940552125320137,CN:WIND,0.2528940444173019,Asia-Pacific,Asia,PH:WIND,0.14527656359569927
IR,L1,W2,L1_W2,0.30690340501336655,60,10,0.21019370744101704,LK:WIND,0.3258681057116654,CN:WIND,0.23030902029275893,Asia-Pacific,Asia,PH:WIND,0.14232382766910542
IR,L1,W3,L1_W3,0.2665863006382173,60,11,0.34268327830121675,LK:WIND,0.385730508928052,CN:WIND,0.16865942510443907,Asia-Pacific,Asia,PH:WIND,0.135964496320358
IR,L2,W0,L2_W0,0.36219964024574935,60,10,0.0,LK:WIND,0.28305174443941006,CN:WIND,0.2602537857683174,Asia-Pacific,Asia,PH:WIND,0.14578340342569646
IR,L2,W1,L2_W1,0.3438335520694706,60,10,0.0744369434111904,LK:WIND,0.2940552125320137,CN:WIND,0.2528940444173019,Asia-Pacific,Asia,PH:WIND,0.14527656359569927
IR,L2,W2,L2_W2,0.30690340501336655,60,10,0.21019370744101704,LK:WIND,0.3258681057116654,CN:WIND,0.23030902029275893,Asia-Pacific,Asia,PH:WIND,0.14232382766910542
IR,L2,W3,L2_W3,0.2665863006382173,60,11,0.34268327830121675,LK:WIND,0.385730508928052,CN:WIND,0.16865942510443907,Asia-Pacific,Asia,PH:WIND,0.135964496320358
IR,L3,W0,L3_W0,0.2990355652235363,210,12,0.0,BR:WIND,0.44239320532008874,PE:PV,0.23964120519369508,Asia-Pacific,Asia,ZA:PV,0.09537172997442776
IR,L3,W1,L3_W1,0.28191370701793395,210,13,0.07547985328946728,BR:WIND,0.4507841871533184,PE:PV,0.23120897770445256,Asia-Pacific,Asia,ZA:PV,0.09187773716863805
IR,L3,W2,L3_W2,0.24901956502902303,210,17,0.2127564372585827,BR:WIND,0.44746148814879505,PE:PV,0.2042596355592737,Asia-Pacific,Asia,ZA:PV,0.08511109370909817
IR,L3,W3,L3_W3,0.22835829841180735,210,15,0.2980590886087917,BR:WIND,0.4568536710670749,PE:PV,0.16711508047670395,Asia-Pacific,Asia,ZA:PV,0.09705688993125601
IT,L0,W0,L0_W0,0.3933325245820849,2,2,0.0,IT:PV,0.7514398753525315,IT:WIND,0.24856012464747063,Europe,EurAfrMENA,,
IT,L0,W1,L0_W1,0.36873358696655706,2,2,0.054191106026418114,IT:PV,0.7550296267340866,IT:WIND,0.24497037326591542,Europe,EurAfrMENA,,
IT,L0,W2,L0_W2,0.31945150194775995,2,2,0.15302390613266176,IT:PV,0.7622387402875753,IT:WIND,0.2377612597124267,Europe,EurAfrMENA,,
IT,L0,W3,L0_W3,0.24878992423024443,2,2,0.2783474895994153,IT:PV,0.7708401680911556,IT:WIND,0.22915983190884628,Europe,EurAfrMENA,,
IT,L1,W0,L1_W0,0.17551323731292728,52,28,0.0,ES:WIND,0.1543542391908111,PT:PV,0.127629478911966,Europe,EurAfrMENA,DE:WIND,0.10535897582846654
IT,L1,W1,L1_W1,0.15550228461544235,52,27,0.05966217212268136,ES:WIND,0.1528837959909307,PT:PV,0.139370486191966,Europe,EurAfrMENA,DE:WIND,0.10230303504704488
IT,L1,W2,L1_W2,0.12929204557443186,52,27,0.13854644572660027,PT:PV,0.15699905296218367,ES:WIND,0.15462548324846576,Europe,EurAfrMENA,DE:WIND,0.09516577635447192
IT,L1,W3,L1_W3,0.11723306088317448,52,28,0.174303212910071,PT:PV,0.16368747032841632,ES:WIND,0.16027716266321407,Europe,EurAfrMENA,DE:WIND,0.09143847182492522
IT,L2,W0,L2_W0,0.14115129620198305,94,35,0.0,CV:PV,0.18691834271552024,ET:WIND,0.11431384697245117,Europe,EurAfrMENA,ZA:WIND,0.06496281139541374
IT,L2,W1,L2_W1,0.12151997551038872,94,35,0.057451410471214,CV:PV,0.1926039981752056,ET:WIND,0.11500205664348752,Europe,EurAfrMENA,ZA:WIND,0.06517005701625977
IT,L2,W2,L2_W2,0.09943171041784551,94,35,0.12088210446046452,CV:PV,0.2191180126775564,ET:WIND,0.11469160551733695,Europe,EurAfrMENA,ZA:WIND,0.06572176459238768
IT,L2,W3,L2_W3,0.09193154831800594,94,32,0.14084058678161743,CV:PV,0.2359448506721862,ET:WIND,0.11728805244642039,Europe,EurAfrMENA,ZA:WIND,0.06297086676269394
IT,L3,W0,L3_W0,0.08525545849427073,210,56,0.0,CL:PV,0.18720884817627048,MX:PV,0.12708202172293526,Europe,EurAfrMENA,EG:PV,0.07553847219413468
IT,L3,W1,L3_W1,0.06821806137806803,210,50,0.05232146106376807,CL:PV,0.1840742966790639,MX:PV,0.14172610810201927,Europe,EurAfrMENA,EG:PV,0.06393859132000367
IT,L3,W2,L3_W2,0.05893818225432906,210,44,0.08409206563723268,CL:PV,0.18244321668472221,MX:PV,0.15518227817199776,Europe,EurAfrMENA,OM:PV,0.06592246063656522
IT,L3,W3,L3_W3,0.0585734922580534,210,43,0.08524094086618501,CL:PV,0.1833390135001063,MX:PV,0.15502540825723968,Europe,EurAfrMENA,OM:PV,0.0640385637713536
JM,L0,W0,L0_W0,0.4315026941793436,2,2,0.0,JM:PV,0.7113384095248856,JM:WIND,0.28866159047511647,North America,Americas,,
JM,L0,W1,L0_W1,0.4089847605715649,2,2,0.05720934486389933,JM:PV,0.7245852783298519,JM:WIND,0.27541472167015013,North America,Americas,,
JM,L0,W2,L0_W2,0.3613994927012774,2,2,0.16436312778830814,JM:PV,0.7527959928025396,JM:WIND,0.2472040071974622,North America,Americas,,
JM,L0,W3,L0_W3,0.282994618740657,2,2,0.3063015541119446,JM:PV,0.7901386129025988,JM:WIND,0.2098613870974026,North America,Americas,,
JM,L1,W0,L1_W0,0.14518111942566234,26,11,0.0,US:WIND,0.31811933759004707,US:PV,0.15668387025967268,North America,Americas,CA:WIND,0.12048730072309725
JM,L1,W1,L1_W1,0.12329307389137097,26,11,0.05100106920676542,US:WIND,0.3137601881889406,US:PV,0.16092950776161927,North America,Americas,CA:WIND,0.11924227242597563
JM,L1,W2,L1_W2,0.09628632419234658,26,11,0.11646728758075159,US:WIND,0.30108473465794594,US:PV,0.16753850894394545,North America,Americas,LC:WIND,0.11537266789930005
JM,L1,W3,L1_W3,0.08550032736535731,26,11,0.14395714736557488,US:WIND,0.28926972184416655,US:PV,0.16854198250985622,North America,Americas,LC:WIND,0.11783557232906282
JM,L2,W0,L2_W0,0.11792303889805902,48,22,0.0,BR:WIND,0.22682206835436397,US:WIND,0.16367149023003938,North America,Americas,US:PV,0.10086702875356787
JM,L2,W1,L2_W1,0.0973828698515742,48,22,0.051105557152308204,BR:WIND,0.2263049804695442,US:WIND,0.15960793006742063,North America,Americas,US:PV,0.10556988696234412
JM,L2,W2,L2_W2,0.07623309737194778,48,21,0.1067599657351362,BR:WIND,0.2220814489151128,US:WIND,0.15487159564880926,North America,Americas,US:PV,0.11909769255939287
JM,L2,W3,L2_W3,0.07213921778484458,48,21,0.1179112283907181,BR:WIND,0.22091691007120523,US:WIND,0.15416497608378843,North America,Americas,US:PV,0.12215586139273552
JM,L3,W0,L3_W0,0.0657674571831055,210,67,0.0,US:PV,0.108232614530999,FJ:PV,0.09207535077945382,North America,Americas,AU:PV,0.08954933984556052
JM,L3,W1,L3_W1,0.048588467521934055,210,64,0.04282790315241195,US:PV,0.11382700874215636,FJ:PV,0.09222401898991553,North America,Americas,AU:PV,0.08805773919959317
JM,L3,W2,L3_W2,0.04041581173330533,210,70,0.0650045165557967,US:PV,0.11381097491305218,FJ:PV,0.10010808549694022,North America,Americas,JP:PV,0.08672430399802575
JM,L3,W3,L3_W3,0.04015332183037051,210,69,0.06574667817947459,US:PV,0.11471081334286899,FJ:PV,0.1008182523013214,North America,Americas,JP:PV,0.0871516569639125
JO,L0,W0,L0_W0,0.27852484651959564,2,2,0.0,JO:WIND,0.6785930545840232,JO:PV,0.3214069454159767,Asia-Pacific,Asia,,
JO,L0,W1,L0_W1,0.25526716845552627,2,2,0.0551807609239649,JO:WIND,0.6750679994943366,JO:PV,0.3249320005056634,Asia-Pacific,Asia,,
JO,L0,W2,L0_W2,0.2155821817260917,2,2,0.14497462430721947,JO:WIND,0.6646120238999998,JO:PV,0.33538797610000026,Asia-Pacific,Asia,,
JO,L0,W3,L0_W3,0.17430243278980295,2,2,0.23341480143021964,JO:WIND,0.6497078696206241,JO:PV,0.35029213037937584,Asia-Pacific,Asia,,
JO,L1,W0,L1_W0,0.16024630372053664,60,25,0.0,CN:WIND,0.3323764368165836,OM:WIND,0.08888853619196894,Asia-Pacific,Asia,PK:WIND,0.07889269161778709
JO,L1,W1,L1_W1,0.1388502827784927,60,26,0.055927971321689446,CN:WIND,0.330141332226148,OM:WIND,0.08904497337596935,Asia-Pacific,Asia,PK:WIND,0.07808495402766277
JO,L1,W2,L1_W2,0.11079722421028688,60,27,0.13095446829110385,CN:WIND,0.32830971359126027,OM:WIND,0.08839434316879202,Asia-Pacific,Asia,PK:WIND,0.07910852397526408
JO,L1,W3,L1_W3,0.10006060986118563,60,26,0.15990945842363502,CN:WIND,0.33214791518367914,OM:WIND,0.08797268339192384,Asia-Pacific,Asia,PK:WIND,0.07957577786461145
JO,L2,W0,L2_W0,0.16024630372053664,60,25,0.0,CN:WIND,0.3323764368165836,OM:WIND,0.08888853619196894,Asia-Pacific,Asia,PK:WIND,0.07889269161778709
JO,L2,W1,L2_W1,0.1388502827784927,60,26,0.055927971321689446,CN:WIND,0.330141332226148,OM:WIND,0.08904497337596935,Asia-Pacific,Asia,PK:WIND,0.07808495402766277
JO,L2,W2,L2_W2,0.11079722421028688,60,27,0.13095446829110385,CN:WIND,0.32830971359126027,OM:WIND,0.08839434316879202,Asia-Pacific,Asia,PK:WIND,0.07910852397526408
JO,L2,W3,L2_W3,0.10006060986118563,60,26,0.15990945842363502,CN:WIND,0.33214791518367914,OM:WIND,0.08797268339192384,Asia-Pacific,Asia,PK:WIND,0.07957577786461145
JO,L3,W0,L3_W0,0.0991789181231771,210,55,0.0,MX:PV,0.16083098425840112,US:PV,0.0820745524581771,Asia-Pacific,Asia,KE:PV,0.07085428561726424
JO,L3,W1,L3_W1,0.0801130060670712,210,58,0.05030216561527564,MX:PV,0.16892263906368518,US:PV,0.07931662759384323,Asia-Pacific,Asia,KE:PV,0.07107357798196076
JO,L3,W2,L3_W2,0.06434412046546299,210,55,0.09427662702791843,MX:PV,0.1828351312756138,KE:PV,0.07501567324931198,Asia-Pacific,Asia,US:PV,0.07336944801144671
JO,L3,W3,L3_W3,0.062471284618633646,210,56,0.09917004065403492,MX:PV,0.18638875688659035,KE:PV,0.07581449885950277,Asia-Pacific,Asia,US:PV,0.07020990358654562
JP,L0,W0,L0_W0,0.39337247117436946,2,2,0.0,JP:PV,0.508851202778207,JP:WIND,0.4911487972217913,Asia-Pacific,Asia,,
JP,L0,W1,L0_W1,0.36905139048999214,2,2,0.0563648627164393,JP:PV,0.5144276670113176,JP:WIND,0.4855723329886807,Asia-Pacific,Asia,,
JP,L0,W2,L0_W2,0.3195155115190369,2,2,0.1593757693367487,JP:PV,0.5258927079987192,JP:WIND,0.4741072920012792,Asia-Pacific,Asia,,
JP,L0,W3,L0_W3,0.2482093491470334,2,2,0.2873028499733998,JP:PV,0.539376136168697,JP:WIND,0.46062386383130133,Asia-Pacific,Asia,,
JP,L1,W0,L1_W0,0.11642588934560552,60,24,0.0,CN:WIND,0.27788001890621067,IL:PV,0.16238686304594319,Asia-Pacific,Asia,PH:WIND,0.1079462510683629
JP,L1,W1,L1_W1,0.09677513549650793,60,23,0.051824708702551854,CN:WIND,0.2812598571510602,IL:PV,0.1654965216204448,Asia-Pacific,Asia,PH:WIND,0.10794698850614153
JP,L1,W2,L1_W2,0.07858367699021124,60,22,0.10531638197321995,CN:WIND,0.2848234307536808,IL:PV,0.18060348136290086,Asia-Pacific,Asia,PH:WIND,0.11268034915120596
JP,L1,W3,L1_W3,0.07500926791388034,60,22,0.116366676313315,CN:WIND,0.28482523549897754,IL:PV,0.19448402650094898,Asia-Pacific,Asia,PH:WIND,0.11580378999148817
JP,L2,W0,L2_W0,0.11642588934560552,60,24,0.0,CN:WIND,0.27788001890621067,IL:PV,0.16238686304594319,Asia-Pacific,Asia,PH:WIND,0.1079462510683629
JP,L2,W1,L2_W1,0.09677513549650793,60,23,0.051824708702551854,CN:WIND,0.2812598571510602,IL:PV,0.1654965216204448,Asia-Pacific,Asia,PH:WIND,0.10794698850614153
JP,L2,W2,L2_W2,0.07858367699021124,60,22,0.10531638197321995,CN:WIND,0.2848234307536808,IL:PV,0.18060348136290086,Asia-Pacific,Asia,PH:WIND,0.11268034915120596
JP,L2,W3,L2_W3,0.07500926791388034,60,22,0.116366676313315,CN:WIND,0.28482523549897754,IL:PV,0.19448402650094898,Asia-Pacific,Asia,PH:WIND,0.11580378999148817
JP,L3,W0,L3_W0,0.06731774888180847,210,63,0.0,NE:PV,0.07376942875413414,FJ:PV,0.06717576898070018,Asia-Pacific,Asia,GH:PV,0.056564326282104886
JP,L3,W1,L3_W1,0.05244305605238011,210,62,0.044753607206148203,NE:PV,0.07684363958915752,FJ:PV,0.06755124467112222,Asia-Pacific,Asia,GH:PV,0.06566319886420427
JP,L3,W2,L3_W2,0.04614607359155683,210,61,0.06658297823477609,NE:PV,0.09104791794739475,GH:PV,0.0734164644438401,Asia-Pacific,Asia,AU:PV,0.06433101455307338
JP,L3,W3,L3_W3,0.04590814257407739,210,62,0.06731774888180847,NE:PV,0.09162183099840401,GH:PV,0.07338563972690228,Asia-Pacific,Asia,AU:PV,0.06498464988737022
KE,L0,W0,L0_W0,0.30720656029196264,2,2,0.0,KE:WIND,0.5371627592053547,KE:PV,0.46283724079463884,Africa/MENA,EurAfrMENA,,
KE,L0,W1,L0_W1,0.2828627576142301,2,2,0.053708485901838694,KE:WIND,0.5310717787050597,KE:PV,0.468928221294934,Africa/MENA,EurAfrMENA,,
KE,L0,W2,L0_W2,0.23725094749472864,2,2,0.14687615765734363,KE:WIND,0.5149202057593477,KE:PV,0.48507979424064634,Africa/MENA,EurAfrMENA,,
KE,L0,W3,L0_W3,0.185659468312549,2,2,0.24451237274348253,KE:PV,0.5008898683174072,KE:WIND,0.4991101316825868,Africa/MENA,EurAfrMENA,,
KE,L1,W0,L1_W0,0.1418619402082334,42,17,0.0,CV:PV,0.2425248583486847,MU:PV,0.12007783537301134,Africa/MENA,EurAfrMENA,ZA:WIND,0.0994035058664414
KE,L1,W1,L1_W1,0.12081396791824833,42,17,0.0532873999460906,CV:PV,0.2478171910438054,MU:PV,0.12204982770702073,Africa/MENA,EurAfrMENA,ZA:WIND,0.09937425689021463
KE,L1,W2,L1_W2,0.09583105701802225,42,18,0.11915502076117168,CV:PV,0.2606325552709314,MU:PV,0.13273041196237198,Africa/MENA,EurAfrMENA,ZA:WIND,0.09545772637011536
KE,L1,W3,L1_W3,0.08732092845410795,42,18,0.14159099921892068,CV:PV,0.27053928749976996,MU:PV,0.14344723307039084,Africa/MENA,EurAfrMENA,ZA:WIND,0.09212936337312279
KE,L2,W0,L2_W0,0.13521270469935395,94,33,0.0,CV:PV,0.19862759863632298,MU:PV,0.0833371252192105,Africa/MENA,EurAfrMENA,ZA:WIND,0.08093931927658873
KE,L2,W1,L2_W1,0.11456992041080072,94,33,0.052969674521115055,CV:PV,0.2037625320634259,MU:PV,0.08538268566168233,Africa/MENA,EurAfrMENA,ZA:WIND,0.08170646864430797
KE,L2,W2,L2_W2,0.0904475127391934,94,32,0.11570363861394528,CV:PV,0.21681039007264571,MU:PV,0.0939095301680914,Africa/MENA,EurAfrMENA,ZA:WIND,0.07959255553612923
KE,L2,W3,L2_W3,0.08275339291338463,94,35,0.13510604280370844,CV:PV,0.22515627239847344,MU:PV,0.09952387170393129,Africa/MENA,EurAfrMENA,ZA:WIND,0.07784289983267038
KE,L3,W0,L3_W0,0.08161265366404592,210,59,0.0,CL:PV,0.0725082155428781,OM:PV,0.07111583478041636,Africa/MENA,EurAfrMENA,US:PV,0.06865516844616433
KE,L3,W1,L3_W1,0.06546602934519949,210,61,0.04937210263307393,CL:PV,0.0869145827597403,OM:PV,0.0790712088286567,Africa/MENA,EurAfrMENA,US:PV,0.06552021478028104
KE,L3,W2,L3_W2,0.056487951712180094,210,60,0.08011713994544926,OM:PV,0.1083055652304572,CL:PV,0.08789036687073684,Africa/MENA,EurAfrMENA,CV:PV,0.07462379181674361
KE,L3,W3,L3_W3,0.05604010570682938,210,60,0.08161265366404594,OM:PV,0.11167464777619862,CL:PV,0.0778593321149279,Africa/MENA,EurAfrMENA,CV:PV,0.07672519608591326
KH,L0,W0,L0_W0,0.3354906548431998,2,2,0.0,KH:PV,0.5301582335379981,KH:WIND,0.469841766462002,Asia-Pacific,Asia,,
KH,L0,W1,L0_W1,0.31264297247899697,2,2,0.05409432267389677,KH:PV,0.5385819603067504,KH:WIND,0.46141803969324974,Asia-Pacific,Asia,,
KH,L0,W2,L0_W2,0.26923102942638333,2,2,0.14954018837988642,KH:PV,0.5532645295379914,KH:WIND,0.4467354704620089,Asia-Pacific,Asia,,
KH,L0,W3,L0_W3,0.21225602717186418,2,2,0.2606305262169125,KH:PV,0.5683652232063602,KH:WIND,0.4316347767936399,Asia-Pacific,Asia,,
KH,L1,W0,L1_W0,0.10054012607315682,60,28,0.0,CN:WIND,0.330353503690144,PH:WIND,0.11969165504975117,Asia-Pacific,Asia,IL:PV,0.06947057634978356
KH,L1,W1,L1_W1,0.08151513632113212,60,27,0.04769056444711621,CN:WIND,0.3388256061788659,PH:WIND,0.12087453569419405,Asia-Pacific,Asia,IL:PV,0.06802672984721347
KH,L1,W2,L1_W2,0.06569653712085322,60,26,0.09264753153407493,CN:WIND,0.3498081945715127,PH:WIND,0.124191603840626,Asia-Pacific,Asia,IL:PV,0.07040395986155698
KH,L1,W3,L1_W3,0.06310978241543296,60,26,0.10049744577872825,CN:WIND,0.35043378455156365,PH:WIND,0.12741669732939598,Asia-Pacific,Asia,IL:PV,0.0753460696157754
KH,L2,W0,L2_W0,0.10054012607315682,60,28,0.0,CN:WIND,0.330353503690144,PH:WIND,0.11969165504975117,Asia-Pacific,Asia,IL:PV,0.06947057634978356
KH,L2,W1,L2_W1,0.08151513632113212,60,27,0.04769056444711621,CN:WIND,0.3388256061788659,PH:WIND,0.12087453569419405,Asia-Pacific,Asia,IL:PV,0.06802672984721347
KH,L2,W2,L2_W2,0.06569653712085322,60,26,0.09264753153407493,CN:WIND,0.3498081945715127,PH:WIND,0.124191603840626,Asia-Pacific,Asia,IL:PV,0.07040395986155698
KH,L2,W3,L2_W3,0.06310978241543296,60,26,0.10049744577872825,CN:WIND,0.35043378455156365,PH:WIND,0.12741669732939598,Asia-Pacific,Asia,IL:PV,0.0753460696157754
KH,L3,W0,L3_W0,0.058094684104677746,210,78,0.0,CN:WIND,0.07004460171584283,US:WIND,0.04528224042234538,Asia-Pacific,Asia,GH:PV,0.04488947110577616
KH,L3,W1,L3_W1,0.04662140436842461,210,69,0.044212335220247465,CN:WIND,0.08478624460904541,US:WIND,0.05296235038191039,Asia-Pacific,Asia,GH:PV,0.050130827225391056
KH,L3,W2,L3_W2,0.043777051022209204,210,65,0.057876024203655174,CN:WIND,0.09093080985922111,US:WIND,0.058710703800061305,Asia-Pacific,Asia,GH:PV,0.05248906448090922
KH,L3,W3,L3_W3,0.04372772941918485,210,65,0.058094684104677746,CN:WIND,0.09094319070572644,US:WIND,0.058902881487503986,Asia-Pacific,Asia,GH:PV,0.052533184866978694
KR,L0,W0,L0_W0,0.40256003892185305,2,2,0.0,KR:PV,0.5961365583759218,KR:WIND,0.4038634416240781,Asia-Pacific,Asia,,
KR,L0,W1,L0_W1,0.3792896381568448,2,2,0.05880304661806145,KR:PV,0.6037193891779274,KR:WIND,0.3962806108220726,Asia-Pacific,Asia,,
KR,L0,W2,L0_W2,0.331566253146366,2,2,0.16725362940875463,KR:PV,0.6189141413025732,KR:WIND,0.381085858697427,Asia-Pacific,Asia,,
KR,L0,W3,L0_W3,0.26236924817821783,2,2,0.30038167404642174,KR:PV,0.6366079630488998,KR:WIND,0.36339203695110034,Asia-Pacific,Asia,,
KR,L1,W0,L1_W0,0.11077467859740306,60,25,0.0,CN:WIND,0.2710253535929408,IL:PV,0.130049263010375,Asia-Pacific,Asia,PH:WIND,0.09949671850741643
KR,L1,W1,L1_W1,0.09164197606326878,60,25,0.05069354523728329,CN:WIND,0.2757268737807864,IL:PV,0.13116769087363417,Asia-Pacific,Asia,PH:WIND,0.09895280491876976
KR,L1,W2,L1_W2,0.07456863795759379,60,24,0.100633241694232,CN:WIND,0.2801852193438401,IL:PV,0.1407741730073451,Asia-Pacific,Asia,PH:WIND,0.0996860074720956
KR,L1,W3,L1_W3,0.07128879779158216,60,24,0.1106462126824822,CN:WIND,0.28110510031875774,IL:PV,0.14604032855435065,Asia-Pacific,Asia,PH:WIND,0.10067772188298373
KR,L2,W0,L2_W0,0.11077467859740306,60,25,0.0,CN:WIND,0.2710253535929408,IL:PV,0.130049263010375,Asia-Pacific,Asia,PH:WIND,0.09949671850741643
KR,L2,W1,L2_W1,0.09164197606326878,60,25,0.05069354523728329,CN:WIND,0.2757268737807864,IL:PV,0.13116769087363417,Asia-Pacific,Asia,PH:WIND,0.09895280491876976
KR,L2,W2,L2_W2,0.07456863795759379,60,24,0.100633241694232,CN:WIND,0.2801852193438401,IL:PV,0.1407741730073451,Asia-Pacific,Asia,PH:WIND,0.0996860074720956
KR,L2,W3,L2_W3,0.07128879779158216,60,24,0.1106462126824822,CN:WIND,0.28110510031875774,IL:PV,0.14604032855435065,Asia-Pacific,Asia,PH:WIND,0.10067772188298373
KR,L3,W0,L3_W0,0.06743515737540187,210,70,0.0,AU:PV,0.07802096024990651,CV:PV,0.06698244424701441,Asia-Pacific,Asia,NE:PV,0.05312545539067017
KR,L3,W1,L3_W1,0.0534946108646615,210,67,0.04625712099442891,AU:PV,0.07667801692172742,CV:PV,0.06280697295839335,Asia-Pacific,Asia,GH:PV,0.05888769154537437
KR,L3,W2,L3_W2,0.048174507344161205,210,62,0.0669984682014933,AU:PV,0.073815106391679,NE:PV,0.06592405585173487,Asia-Pacific,Asia,GH:PV,0.06456615986271258
KR,L3,W3,L3_W3,0.048054117322758216,210,62,0.06743515737540189,AU:PV,0.0736687758633442,NE:PV,0.06644586453956301,Asia-Pacific,Asia,GH:PV,0.06509317673941162
KW,L0,W0,L0_W0,0.2984025404642326,2,2,0.0,KW:WIND,0.6986876007977851,KW:PV,0.30131239920221625,Asia-Pacific,Asia,,
KW,L0,W1,L0_W1,0.2748327218264064,2,2,0.05358525477290408,KW:WIND,0.6994027687892637,KW:PV,0.30059723121073756,Asia-Pacific,Asia,,
KW,L0,W2,L0_W2,0.23372548460571385,2,2,0.14309018258599313,KW:WIND,0.6981123089400741,KW:PV,0.3018876910599273,Asia-Pacific,Asia,,
KW,L0,W3,L0_W3,0.18854492787181598,2,2,0.2391143487792616,KW:WIND,0.6912497382453234,KW:PV,0.30875026175467785,Asia-Pacific,Asia,,
KW,L1,W0,L1_W0,0.13290243938731355,60,25,0.0,CN:WIND,0.36435573662706955,OM:WIND,0.08392105703736868,Asia-Pacific,Asia,PK:WIND,0.06887346234190106
KW,L1,W1,L1_W1,0.11189024768347766,60,25,0.051809003529443405,CN:WIND,0.3632477140102865,OM:WIND,0.08342008482177231,Asia-Pacific,Asia,PK:WIND,0.06940882497781008
KW,L1,W2,L1_W2,0.08821672002541772,60,25,0.11466246571438869,CN:WIND,0.3633564656952647,OM:WIND,0.08349270669643152,Asia-Pacific,Asia,PK:WIND,0.07008302748009233
KW,L1,W3,L1_W3,0.08183648628455123,60,26,0.1327375451921143,CN:WIND,0.36555455457747,OM:WIND,0.0847585250147323,Asia-Pacific,Asia,PK:WIND,0.07075360094341443
KW,L2,W0,L2_W0,0.13290243938731355,60,25,0.0,CN:WIND,0.36435573662706955,OM:WIND,0.08392105703736868,Asia-Pacific,Asia,PK:WIND,0.06887346234190106
KW,L2,W1,L2_W1,0.11189024768347766,60,25,0.051809003529443405,CN:WIND,0.3632477140102865,OM:WIND,0.08342008482177231,Asia-Pacific,Asia,PK:WIND,0.06940882497781008
KW,L2,W2,L2_W2,0.08821672002541772,60,25,0.11466246571438869,CN:WIND,0.3633564656952647,OM:WIND,0.08349270669643152,Asia-Pacific,Asia,PK:WIND,0.07008302748009233
KW,L2,W3,L2_W3,0.08183648628455123,60,26,0.1327375451921143,CN:WIND,0.36555455457747,OM:WIND,0.0847585250147323,Asia-Pacific,Asia,PK:WIND,0.07075360094341443
KW,L3,W0,L3_W0,0.06922282974157105,210,70,0.0,MX:PV,0.10715528429676097,US:PV,0.0933150051999805,Asia-Pacific,Asia,CL:PV,0.06623340338311813
KW,L3,W1,L3_W1,0.053504058640256216,210,62,0.0459310264385981,MX:PV,0.10921685017666029,US:PV,0.08582256132797185,Asia-Pacific,Asia,CL:PV,0.06407507913605287
KW,L3,W2,L3_W2,0.046241564503428624,210,57,0.06741100334816691,MX:PV,0.10931645153510035,US:PV,0.08299621646743637,Asia-Pacific,Asia,CL:PV,0.059728831311791984
KW,L3,W3,L3_W3,0.045446720427836824,210,58,0.06922282974157105,MX:PV,0.10994387901251441,US:PV,0.0816518724001179,Asia-Pacific,Asia,CN:WIND,0.05971876714306118
KZ,L0,W0,L0_W0,0.42683348163945245,2,2,0.0,KZ:PV,0.6387332601168615,KZ:WIND,0.36126673988314284,Asia-Pacific,Asia,,
KZ,L0,W1,L0_W1,0.4026096105504073,2,2,0.05694267434883951,KZ:PV,0.6448007023279827,KZ:WIND,0.35519929767202124,Asia-Pacific,Asia,,
KZ,L0,W2,L0_W2,0.35342007901366823,2,2,0.16224663100161157,KZ:PV,0.6580576621918133,KZ:WIND,0.3419423378081906,Asia-Pacific,Asia,,
KZ,L0,W3,L0_W3,0.2785202015002223,2,2,0.29977878305622063,KZ:PV,0.6749038443882898,KZ:WIND,0.3250961556117139,Asia-Pacific,Asia,,
KZ,L1,W0,L1_W0,0.1790572034598584,60,22,0.0,CN:WIND,0.3301481911532639,JO:PV,0.09451823954763004,Asia-Pacific,Asia,PK:PV,0.06271421504896427
KZ,L1,W1,L1_W1,0.15876409549862153,60,21,0.059331040097524955,CN:WIND,0.32944019963858107,JO:PV,0.09579897665249253,Asia-Pacific,Asia,PK:PV,0.058731202956413535
KZ,L1,W2,L1_W2,0.13128792500786662,60,23,0.13985997042974924,CN:WIND,0.31947673055079046,JO:PV,0.09785878608594108,Asia-Pacific,Asia,MM:WIND,0.05326627327807211
KZ,L1,W3,L1_W3,0.11803154330593357,60,23,0.17763941763562419,CN:WIND,0.30561371861861775,JO:PV,0.10767045306326042,Asia-Pacific,Asia,NP:PV,0.06163676076768216
KZ,L2,W0,L2_W0,0.1790572034598584,60,22,0.0,CN:WIND,0.3301481911532639,JO:PV,0.09451823954763004,Asia-Pacific,Asia,PK:PV,0.06271421504896427
KZ,L2,W1,L2_W1,0.15876409549862153,60,21,0.059331040097524955,CN:WIND,0.32944019963858107,JO:PV,0.09579897665249253,Asia-Pacific,Asia,PK:PV,0.058731202956413535
KZ,L2,W2,L2_W2,0.13128792500786662,60,23,0.13985997042974924,CN:WIND,0.31947673055079046,JO:PV,0.09785878608594108,Asia-Pacific,Asia,MM:WIND,0.05326627327807211
KZ,L2,W3,L2_W3,0.11803154330593357,60,23,0.17763941763562419,CN:WIND,0.30561371861861775,JO:PV,0.10767045306326042,Asia-Pacific,Asia,NP:PV,0.06163676076768216
KZ,L3,W0,L3_W0,0.12071318082197299,210,45,0.0,CV:PV,0.11650995623529224,CU:PV,0.07482705055836078,Asia-Pacific,Asia,CN:PV,0.07473525548310744
KZ,L3,W1,L3_W1,0.10489742151463996,210,46,0.06235671369431215,CV:PV,0.11965222717575133,CN:PV,0.07367558433409752,Asia-Pacific,Asia,MX:PV,0.07282084989368459
KZ,L3,W2,L3_W2,0.09006815883203868,210,43,0.11568676780346122,CV:PV,0.1399851589240356,CU:PV,0.08817893412752362,Asia-Pacific,Asia,CN:PV,0.08225537034797675
KZ,L3,W3,L3_W3,0.08846492963817938,210,42,0.120713180821973,CV:PV,0.1493025816514497,CU:PV,0.09063164234581045,Asia-Pacific,Asia,CN:PV,0.08519040556741578
LC,L0,W0,L0_W0,0.21732582909430123,2,2,0.0,LC:WIND,0.7323684712718842,LC:PV,0.26763152872811624,North America,Americas,,
LC,L0,W1,L0_W1,0.19412535813328693,2,2,0.05084348384488683,LC:WIND,0.7263411851973758,LC:PV,0.2736588148026245,North America,Americas,,
LC,L0,W2,L0_W2,0.15790570829509945,2,2,0.12924830320793976,LC:WIND,0.7144001768303422,LC:PV,0.2855998231696583,North America,Americas,,
LC,L0,W3,L0_W3,0.12738459224113613,2,2,0.1950492545199507,LC:WIND,0.7008950446207518,LC:PV,0.29910495537924875,North America,Americas,,
LC,L1,W0,L1_W0,0.15183884510936024,26,10,0.0,US:WIND,0.25639755523815927,US:PV,0.18108125798144856,North America,Americas,LC:WIND,0.1659953626085326
LC,L1,W1,L1_W1,0.13027286268008148,26,10,0.05170584349958473,US:WIND,0.2526419383455057,US:PV,0.1861853438210753,North America,Americas,LC:WIND,0.1623693581056706
LC,L1,W2,L1_W2,0.10289078231012418,26,10,0.12060861196397009,US:WIND,0.24035333039660783,US:PV,0.1947436195165538,North America,Americas,LC:WIND,0.160982055992429
LC,L1,W3,L1_W3,0.09145398260569614,26,10,0.15057272085405865,US:WIND,0.2284913434095967,US:PV,0.1948854595420368,North America,Americas,LC:WIND,0.16709887199507256
LC,L2,W0,L2_W0,0.11917208483524352,48,16,0.0,BR:WIND,0.2173905107084466,BR:PV,0.12305647955689604,North America,Americas,US:WIND,0.11909301114876769
LC,L2,W1,L2_W1,0.09891034007594647,48,16,0.05180198035222172,BR:WIND,0.21359084623441646,BR:PV,0.12651208660447594,North America,Americas,US:WIND,0.11621861011331075
LC,L2,W2,L2_W2,0.07849474269681544,48,16,0.10738384771222419,BR:WIND,0.20560599893888967,BR:PV,0.13559474622910153,North America,Americas,US:PV,0.12512644536846668
LC,L2,W3,L2_W3,0.0743072696473218,48,16,0.1191428868354469,BR:WIND,0.20145974568770883,BR:PV,0.14005997341856363,North America,Americas,US:PV,0.12739323849068074
LC,L3,W0,L3_W0,0.07522877028331774,210,53,0.0,US:PV,0.15637838545473093,FJ:PV,0.13375722049775005,North America,Americas,AU:PV,0.05244980850125459
LC,L3,W1,L3_W1,0.056832601999157246,210,53,0.0438856950139751,US:PV,0.15600034364602536,FJ:PV,0.1356573851097338,North America,Americas,AU:PV,0.05205541583562447
LC,L3,W2,L3_W2,0.0455993566656642,210,56,0.07320285131142279,US:PV,0.15514766315977502,FJ:PV,0.14821865122751507,North America,Americas,PE:WIND,0.04603374727913671
LC,L3,W3,L3_W3,0.04481835278958805,210,55,0.07522877028331774,US:PV,0.15325055465749857,FJ:PV,0.1515649357911574,North America,Americas,PE:WIND,0.04590402065027432
LK,L0,W0,L0_W0,0.28132545605736003,2,2,0.0,LK:WIND,0.5872196577308076,LK:PV,0.41278034226919813,Asia-Pacific,Asia,,
LK,L0,W1,L0_W1,0.2583553067014156,2,2,0.05252636934333553,LK:WIND,0.5780597454172254,LK:PV,0.4219402545827804,Asia-Pacific,Asia,,
LK,L0,W2,L0_W2,0.2187689228276817,2,2,0.13925920703825945,LK:WIND,0.5593126450629421,LK:PV,0.44068735493706346,Asia-Pacific,Asia,,
LK,L0,W3,L0_W3,0.1734036172888199,2,2,0.23272501593197173,LK:WIND,0.535811143643281,LK:PV,0.4641888563567244,Asia-Pacific,Asia,,
LK,L1,W0,L1_W0,0.1345453811908822,60,31,0.0,CN:WIND,0.27239710467937817,PH:WIND,0.11553579616002471,Asia-Pacific,Asia,IL:PV,0.0632851199752112
LK,L1,W1,L1_W1,0.11430757479973676,60,30,0.05310536155777764,CN:WIND,0.2712046551475729,PH:WIND,0.11368907531631804,Asia-Pacific,Asia,IL:PV,0.06633390386633758
LK,L1,W2,L1_W2,0.09174734217427402,60,30,0.11497518550003291,CN:WIND,0.26307306900264726,PH:WIND,0.11197617495877586,Asia-Pacific,Asia,IL:PV,0.0817458860015549
LK,L1,W3,L1_W3,0.08467690741773488,60,29,0.13426192027743233,CN:WIND,0.2584970115514593,PH:WIND,0.11265091784034377,Asia-Pacific,Asia,IL:PV,0.0903740197866813
LK,L2,W0,L2_W0,0.1345453811908822,60,31,0.0,CN:WIND,0.27239710467937817,PH:WIND,0.11553579616002471,Asia-Pacific,Asia,IL:PV,0.0632851199752112
LK,L2,W1,L2_W1,0.11430757479973676,60,30,0.05310536155777764,CN:WIND,0.2712046551475729,PH:WIND,0.11368907531631804,Asia-Pacific,Asia,IL:PV,0.06633390386633758
LK,L2,W2,L2_W2,0.09174734217427402,60,30,0.11497518550003291,CN:WIND,0.26307306900264726,PH:WIND,0.11197617495877586,Asia-Pacific,Asia,IL:PV,0.0817458860015549
LK,L2,W3,L2_W3,0.08467690741773488,60,29,0.13426192027743233,CN:WIND,0.2584970115514593,PH:WIND,0.11265091784034377,Asia-Pacific,Asia,IL:PV,0.0903740197866813
LK,L3,W0,L3_W0,0.06637248018633012,210,70,0.0,CV:PV,0.08212657222186659,IN:PV,0.06551385574171718,Asia-Pacific,Asia,MU:PV,0.05628317611761392
LK,L3,W1,L3_W1,0.05133148782853817,210,68,0.047003770066664625,CV:PV,0.08786204603441246,IN:PV,0.06151942971746571,Asia-Pacific,Asia,MU:PV,0.06013459292258047
LK,L3,W2,L3_W2,0.04607700107091319,210,64,0.06621244215640809,CV:PV,0.09942324972735694,MU:PV,0.06364011752192565,Asia-Pacific,Asia,ID:PV,0.055843774928179706
LK,L3,W3,L3_W3,0.04603762373902907,210,64,0.06637248018633012,CV:PV,0.09935483056408007,MU:PV,0.06365547430973217,Asia-Pacific,Asia,ID:PV,0.056048696301651324
LY,L0,W0,L0_W0,0.2400348180440821,2,2,0.0,LY:WIND,0.6942832207905248,LY:PV,0.3057167792094745,Africa/MENA,EurAfrMENA,,
LY,L0,W1,L0_W1,0.21746151194239965,2,2,0.055804269711067805,LY:WIND,0.6932683803203964,LY:PV,0.3067316196796028,Africa/MENA,EurAfrMENA,,
LY,L0,W2,L0_W2,0.18268305308193936,2,2,0.14114139734119155,LY:WIND,0.6874210308765839,LY:PV,0.31257896912341504,Africa/MENA,EurAfrMENA,,
LY,L0,W3,L0_W3,0.1533800514955211,2,2,0.21302826187155943,LY:WIND,0.6789042247960666,LY:PV,0.32109577520393273,Africa/MENA,EurAfrMENA,,
LY,L1,W0,L1_W0,0.1374323657674218,42,21,0.0,EG:WIND,0.14713049144974547,CV:PV,0.09024876995213021,Africa/MENA,EurAfrMENA,LY:WIND,0.08609606974711671
LY,L1,W1,L1_W1,0.11610748149870631,42,21,0.05207368257867822,EG:WIND,0.14623855202320993,CV:PV,0.0895180072242834,Africa/MENA,EurAfrMENA,LY:WIND,0.08526577133471358
LY,L1,W2,L1_W2,0.09063421060688637,42,20,0.11597750512964457,EG:WIND,0.1379554961072542,CV:PV,0.0970510997561057,Africa/MENA,EurAfrMENA,LY:WIND,0.07956171160825617
LY,L1,W3,L1_W3,0.08246233512566586,42,20,0.13701791028039817,EG:WIND,0.13344110625404906,CV:PV,0.10583498931021039,Africa/MENA,EurAfrMENA,KE:WIND,0.08115697583351679
LY,L2,W0,L2_W0,0.1299569914459111,94,36,0.0,EG:WIND,0.11656302007257498,LY:WIND,0.07467820782357314,Africa/MENA,EurAfrMENA,NG:WIND,0.05982249329525328
LY,L2,W1,L2_W1,0.10881956766920937,94,35,0.05163508594139928,EG:WIND,0.11655860331200978,LY:WIND,0.07349797941837613,Africa/MENA,EurAfrMENA,NG:WIND,0.06001227544807651
LY,L2,W2,L2_W2,0.08449609921213845,94,34,0.1125363612438683,EG:WIND,0.10834200849109232,CV:PV,0.06518868097639946,Africa/MENA,EurAfrMENA,LY:WIND,0.06496339057806057
LY,L2,W3,L2_W3,0.07763903657443733,94,33,0.12983310231408038,EG:WIND,0.1025430157606908,CV:PV,0.07008516182702626,Africa/MENA,EurAfrMENA,ZA:WIND,0.06294616354128599
LY,L3,W0,L3_W0,0.08094499371374508,210,64,0.0,US:PV,0.23815943555277222,FJ:PV,0.1050424889993909,Africa/MENA,EurAfrMENA,LK:WIND,0.04740897192449231
LY,L3,W1,L3_W1,0.06288476604754713,210,61,0.045196770996965736,US:PV,0.24069366763372946,FJ:PV,0.1015476252093084,Africa/MENA,EurAfrMENA,NE:PV,0.04767637522786141
LY,L3,W2,L3_W2,0.0508684400138664,210,65,0.07725113584512192,US:PV,0.2404581079873345,FJ:PV,0.10115398455463555,Africa/MENA,EurAfrMENA,NE:PV,0.05191004411385344
LY,L3,W3,L3_W3,0.04942246395113393,210,63,0.08092076516330175,US:PV,0.24171962036472502,FJ:PV,0.10623410713844035,Africa/MENA,EurAfrMENA,CN:WIND,0.056491744493731816
MA,L0,W0,L0_W0,0.3503198722963043,2,2,0.0,MA:WIND,0.5177190925053962,MA:PV,0.4822809074946025,Africa/MENA,EurAfrMENA,,
MA,L0,W1,L0_W1,0.3265529823243976,2,2,0.05276714464962245,MA:WIND,0.5092037628483773,MA:PV,0.49079623715162124,Africa/MENA,EurAfrMENA,,
MA,L0,W2,L0_W2,0.2806486930250832,2,2,0.14642174645802888,MA:PV,0.5066457901086394,MA:WIND,0.49335420989135925,Africa/MENA,EurAfrMENA,,
MA,L0,W3,L0_W3,0.21795656774795216,2,2,0.26040175009802785,MA:PV,0.5252383900797237,MA:WIND,0.47476160992027483,Africa/MENA,EurAfrMENA,,
MA,L1,W0,L1_W0,0.16213233010509587,42,18,0.0,CV:PV,0.19162659288001488,EG:WIND,0.15257255175560183,Africa/MENA,EurAfrMENA,NG:WIND,0.09169297045333435
MA,L1,W1,L1_W1,0.14057435156473624,42,18,0.05260013145235081,CV:PV,0.1984739548729384,EG:WIND,0.1528081301148538,Africa/MENA,EurAfrMENA,NG:WIND,0.09113342882013296
MA,L1,W2,L1_W2,0.11132958340398556,42,18,0.12484703317462871,CV:PV,0.21639682269579863,EG:WIND,0.14625601112102227,Africa/MENA,EurAfrMENA,NG:WIND,0.0908990712433621
MA,L1,W3,L1_W3,0.09671647514904297,42,18,0.1608147972701123,CV:PV,0.23194597114884494,EG:WIND,0.14311745882506968,Africa/MENA,EurAfrMENA,NG:WIND,0.09409773674542914
MA,L2,W0,L2_W0,0.1544888066981388,94,32,0.0,CV:PV,0.15599713173378868,EG:WIND,0.11428968452212294,Africa/MENA,EurAfrMENA,NG:WIND,0.07958879559600214
MA,L2,W1,L2_W1,0.13314052544154617,94,31,0.05304289813485178,CV:PV,0.16309362593038018,EG:WIND,0.11416563853336494,Africa/MENA,EurAfrMENA,NG:WIND,0.07975866410961162
MA,L2,W2,L2_W2,0.10514870737350573,94,31,0.123434740476013,CV:PV,0.1828883266406776,EG:WIND,0.1076079570409158,Africa/MENA,EurAfrMENA,NG:WIND,0.08091835157883057
MA,L2,W3,L2_W3,0.09289168133751545,94,31,0.15384210958327418,CV:PV,0.19434050329128355,EG:WIND,0.10479408444925431,Africa/MENA,EurAfrMENA,NG:WIND,0.0845097060940463
MA,L3,W0,L3_W0,0.09050169959616548,210,46,0.0,MX:PV,0.20040598473114232,US:PV,0.11237884810030643,Africa/MENA,EurAfrMENA,FJ:PV,0.10759181502517472
MA,L3,W1,L3_W1,0.0709801821198143,210,45,0.042102816283373506,MX:PV,0.20269289372061797,US:PV,0.110748777647874,Africa/MENA,EurAfrMENA,FJ:PV,0.1081909889365868
MA,L3,W2,L3_W2,0.052872700565416625,210,52,0.0836962114485815,MX:PV,0.2080086148552944,FJ:PV,0.11370830776330304,Africa/MENA,EurAfrMENA,US:PV,0.10768042022801778
MA,L3,W3,L3_W3,0.050106740973380304,210,49,0.09047613781287883,MX:PV,0.2177126801834668,FJ:PV,0.120260730623286,Africa/MENA,EurAfrMENA,US:PV,0.10059431455487634
MG,L0,W0,L0_W0,0.338308167607501,2,2,0.0,MG:PV,0.7165451488507405,MG:WIND,0.28345485114926267,Africa/MENA,EurAfrMENA,,
MG,L0,W1,L0_W1,0.314995480078732,2,2,0.051578211989898544,MG:PV,0.7239920943970484,MG:WIND,0.27600790560295474,Africa/MENA,EurAfrMENA,,
MG,L0,W2,L0_W2,0.27062386326326054,2,2,0.14304635348979516,MG:PV,0.7387765768894022,MG:WIND,0.26122342311060054,Africa/MENA,EurAfrMENA,,
MG,L0,W3,L0_W3,0.21164038708746175,2,2,0.25324645921829037,MG:PV,0.7558181684524654,MG:WIND,0.24418183154753711,Africa/MENA,EurAfrMENA,,
MG,L1,W0,L1_W0,0.12798734363951308,42,20,0.0,MU:PV,0.28588319493033243,CV:PV,0.24616548139311428,Africa/MENA,EurAfrMENA,ZA:WIND,0.07277872214941479
MG,L1,W1,L1_W1,0.10799083399946528,42,20,0.05552199944870516,MU:PV,0.2919951079706271,CV:PV,0.24999602167190133,Africa/MENA,EurAfrMENA,ZA:WIND,0.0714144331796675
MG,L1,W2,L1_W2,0.08686579397698861,42,20,0.11606759525503799,MU:PV,0.29895783894789396,CV:PV,0.2654080854640308,Africa/MENA,EurAfrMENA,ZA:WIND,0.06727860509401852
MG,L1,W3,L1_W3,0.08265896525884461,42,20,0.12794965734903677,MU:PV,0.3011620273778005,CV:PV,0.27108141447178413,Africa/MENA,EurAfrMENA,ZA:WIND,0.06523770258998983
MG,L2,W0,L2_W0,0.12542226775739018,94,33,0.0,MU:PV,0.24383060264219647,CV:PV,0.23092740353048893,Africa/MENA,EurAfrMENA,ZA:WIND,0.05799819537402862
MG,L2,W1,L2_W1,0.10550314083419926,94,33,0.05671711164343592,MU:PV,0.24482854437036802,CV:PV,0.23403704649091986,Africa/MENA,EurAfrMENA,ZA:WIND,0.057657672314581486
MG,L2,W2,L2_W2,0.08496752277469803,94,33,0.11598454208750679,CV:PV,0.25017403785387227,MU:PV,0.24958322692864418,Africa/MENA,EurAfrMENA,ZA:WIND,0.0557793591160683
MG,L2,W3,L2_W3,0.08156338028473402,94,32,0.12540995280088668,CV:PV,0.25428749162219105,MU:PV,0.2533271060240282,Africa/MENA,EurAfrMENA,ZA:WIND,0.05575592884829749
MG,L3,W0,L3_W0,0.09212829388105337,210,61,0.0,MU:PV,0.07242442848368265,OM:PV,0.06476398480672049,Africa/MENA,EurAfrMENA,CV:PV,0.061897605018087
MG,L3,W1,L3_W1,0.07378278842627149,210,62,0.05453292976541247,MU:PV,0.07036011849117241,CV:PV,0.06073796190282928,Africa/MENA,EurAfrMENA,OM:PV,0.057733663143705066
MG,L3,W2,L3_W2,0.06149031698046425,210,57,0.09126423310245405,MU:PV,0.07461606679035925,CV:PV,0.06595901924381103,Africa/MENA,EurAfrMENA,AR:PV,0.06215328572515893
MG,L3,W3,L3_W3,0.0612109159541848,210,58,0.09212829388105337,MU:PV,0.0743015247010192,CV:PV,0.06611530596268794,Africa/MENA,EurAfrMENA,AR:PV,0.06261318745588867
MM,L0,W0,L0_W0,0.33071215125161474,2,2,0.0,MM:PV,0.5433476173001126,MM:WIND,0.4566523826998883,Asia-Pacific,Asia,,
MM,L0,W1,L0_W1,0.30695091242154204,2,2,0.05161343671875904,MM:PV,0.5497100430610123,MM:WIND,0.4502899569389885,Asia-Pacific,Asia,,
MM,L0,W2,L0_W2,0.2614680490371411,2,2,0.14277961980804585,MM:PV,0.5619605355347937,MM:WIND,0.4380394644652072,Asia-Pacific,Asia,,
MM,L0,W3,L0_W3,0.20150885253040643,2,2,0.25174999359033134,MM:PV,0.5752650673094809,MM:WIND,0.42473493269052,Asia-Pacific,Asia,,
MM,L1,W0,L1_W0,0.12404948083422085,60,30,0.0,CN:WIND,0.2318861280066126,IL:PV,0.10230629863446841,Asia-Pacific,Asia,IN:WIND,0.07701928759360485
MM,L1,W1,L1_W1,0.10368707980382712,60,30,0.05223775310246656,CN:WIND,0.23237509206430845,IL:PV,0.10810822637673682,Asia-Pacific,Asia,IN:WIND,0.0754127665972204
MM,L1,W2,L1_W2,0.0825018065676882,60,29,0.10860513714846441,CN:WIND,0.22841955537171255,IL:PV,0.117833469473599,Asia-Pacific,Asia,IN:WIND,0.07483686950326233
MM,L1,W3,L1_W3,0.07658672526440473,60,29,0.12382092802957445,CN:WIND,0.22479118819986466,IL:PV,0.1108487115780796,Asia-Pacific,Asia,IN:WIND,0.07392071621695069
MM,L2,W0,L2_W0,0.12404948083422085,60,30,0.0,CN:WIND,0.2318861280066126,IL:PV,0.10230629863446841,Asia-Pacific,Asia,IN:WIND,0.07701928759360485
MM,L2,W1,L2_W1,0.10368707980382712,60,30,0.05223775310246656,CN:WIND,0.23237509206430845,IL:PV,0.10810822637673682,Asia-Pacific,Asia,IN:WIND,0.0754127665972204
MM,L2,W2,L2_W2,0.0825018065676882,60,29,0.10860513714846441,CN:WIND,0.22841955537171255,IL:PV,0.117833469473599,Asia-Pacific,Asia,IN:WIND,0.07483686950326233
MM,L2,W3,L2_W3,0.07658672526440473,60,29,0.12382092802957445,CN:WIND,0.22479118819986466,IL:PV,0.1108487115780796,Asia-Pacific,Asia,IN:WIND,0.07392071621695069
MM,L3,W0,L3_W0,0.07439480528914062,210,60,0.0,CN:PV,0.10574436844389458,CV:PV,0.10424634153816525,Asia-Pacific,Asia,NO:PV,0.041911299071657734
MM,L3,W1,L3_W1,0.05742732306768898,210,60,0.04571135720678354,CV:PV,0.10940900724825833,CN:PV,0.10678639270689644,Asia-Pacific,Asia,SN:PV,0.043787869131676566
MM,L3,W2,L3_W2,0.04834105282678488,210,61,0.07289154155590952,CV:PV,0.12121541909218064,CN:PV,0.11529105257513526,Asia-Pacific,Asia,MR:WIND,0.043553847425753904
MM,L3,W3,L3_W3,0.0478586026688642,210,61,0.07439480528914062,CV:PV,0.12152423838985654,CN:PV,0.11808430371335317,Asia-Pacific,Asia,NO:PV,0.04324267681301457
MN,L0,W0,L0_W0,0.2855264382887176,2,2,0.0,MN:WIND,0.5929780119663738,MN:PV,0.40702198803362427,Asia-Pacific,Asia,,
MN,L0,W1,L0_W1,0.26231353539516233,2,2,0.0527798684095679,MN:WIND,0.5879577320367888,MN:PV,0.41204226796320925,Asia-Pacific,Asia,,
MN,L0,W2,L0_W2,0.2226342446132178,2,2,0.14039828554102357,MN:WIND,0.5785950278144515,MN:PV,0.4214049721855466,Asia-Pacific,Asia,,
MN,L0,W3,L0_W3,0.17979676233506411,2,2,0.23278477622320426,MN:WIND,0.5667743821956265,MN:PV,0.43322561780437174,Asia-Pacific,Asia,,
MN,L1,W0,L1_W0,0.13146947050034022,60,24,0.0,CN:WIND,0.1976810207968142,IL:PV,0.16143639777597923,Asia-Pacific,Asia,PH:WIND,0.10552174556408589
MN,L1,W1,L1_W1,0.1108893690368542,60,24,0.053302344512319376,CN:WIND,0.1967574079132229,IL:PV,0.1655985949673079,Asia-Pacific,Asia,PH:WIND,0.1030898756135971
MN,L1,W2,L1_W2,0.0882528537135326,60,24,0.11415847499828033,CN:WIND,0.1914345408888721,IL:PV,0.18412402076377932,Asia-Pacific,Asia,PH:PV,0.0995735994227696
MN,L1,W3,L1_W3,0.08171793099352245,60,25,0.13134662459485813,IL:PV,0.19340919624093394,CN:WIND,0.18732478134507463,Asia-Pacific,Asia,PH:PV,0.1014023701626969
MN,L2,W0,L2_W0,0.13146947050034022,60,24,0.0,CN:WIND,0.1976810207968142,IL:PV,0.16143639777597923,Asia-Pacific,Asia,PH:WIND,0.10552174556408589
MN,L2,W1,L2_W1,0.1108893690368542,60,24,0.053302344512319376,CN:WIND,0.1967574079132229,IL:PV,0.1655985949673079,Asia-Pacific,Asia,PH:WIND,0.1030898756135971
MN,L2,W2,L2_W2,0.0882528537135326,60,24,0.11415847499828033,CN:WIND,0.1914345408888721,IL:PV,0.18412402076377932,Asia-Pacific,Asia,PH:PV,0.0995735994227696
MN,L2,W3,L2_W3,0.08171793099352245,60,25,0.13134662459485813,IL:PV,0.19340919624093394,CN:WIND,0.18732478134507463,Asia-Pacific,Asia,PH:PV,0.1014023701626969
MN,L3,W0,L3_W0,0.0766133748028959,210,66,0.0,CV:PV,0.06114689154066214,ZA:PV,0.06048974642655855,Asia-Pacific,Asia,ID:PV,0.05927720533680643
MN,L3,W1,L3_W1,0.059441889996105154,210,64,0.048055327174778235,PH:PV,0.06256118912294215,CV:PV,0.06217627077653412,Asia-Pacific,Asia,ID:PV,0.061730156338055925
MN,L3,W2,L3_W2,0.050280875955363125,210,63,0.0756151390531973,PH:PV,0.07109227412230716,CV:PV,0.06872282130570517,Asia-Pacific,Asia,ID:PV,0.06667574726886566
MN,L3,W3,L3_W3,0.049935865958483115,210,63,0.07661337480289591,PH:PV,0.07179687628993779,CV:PV,0.06875956037214372,Asia-Pacific,Asia,ID:PV,0.06790972913631711
MR,L0,W0,L0_W0,0.2646338588795794,2,2,0.0,MR:WIND,0.6505802993465744,MR:PV,0.34941970065343,Africa/MENA,EurAfrMENA,,
MR,L0,W1,L0_W1,0.24145641909180765,2,2,0.05382151306291499,MR:WIND,0.6455212060631248,MR:PV,0.35447879393687953,Africa/MENA,EurAfrMENA,,
MR,L0,W2,L0_W2,0.20285362602344392,2,2,0.14119301426639033,MR:WIND,0.6331527374194025,MR:PV,0.36684726258060196,Africa/MENA,EurAfrMENA,,
MR,L0,W3,L0_W3,0.16475488031955296,2,2,0.22578887831328276,MR:WIND,0.6157686844483796,MR:PV,0.38423131555162454,Africa/MENA,EurAfrMENA,,
MR,L1,W0,L1_W0,0.1687521089688617,42,16,0.0,EG:WIND,0.1780739844188723,CV:PV,0.15820602936657352,Africa/MENA,EurAfrMENA,LY:WIND,0.11374777709670879
MR,L1,W1,L1_W1,0.14715430727455628,42,16,0.05586744906440208,EG:WIND,0.17712605499176245,CV:PV,0.16199767101327314,Africa/MENA,EurAfrMENA,LY:WIND,0.11371081640377141
MR,L1,W2,L1_W2,0.11845320345975664,42,16,0.13184674111894817,EG:WIND,0.1761792572146053,CV:PV,0.17467071019145738,Africa/MENA,EurAfrMENA,LY:WIND,0.1111839445603129
MR,L1,W3,L1_W3,0.10545888352716774,42,17,0.16680515075886884,EG:WIND,0.18010689132504776,CV:PV,0.17978742332205483,Africa/MENA,EurAfrMENA,LY:WIND,0.10766993384181789
MR,L2,W0,L2_W0,0.15973062309011302,94,27,0.0,EG:WIND,0.13007080728834006,CV:PV,0.09387105768921486,Africa/MENA,EurAfrMENA,LY:WIND,0.09225110297765853
MR,L2,W1,L2_W1,0.13827250029621568,94,27,0.05559894878108272,EG:WIND,0.1291878335079316,CV:PV,0.09710061518264507,Africa/MENA,EurAfrMENA,LY:WIND,0.09102751560700008
MR,L2,W2,L2_W2,0.11086504304952398,94,26,0.12843692200955195,EG:WIND,0.12484923994268605,CV:PV,0.10530488830886932,Africa/MENA,EurAfrMENA,NG:WIND,0.08780214533881667
MR,L2,W3,L2_W3,0.09977936413206498,94,26,0.15829466513631563,EG:WIND,0.12281146122319983,CV:PV,0.1080744071614154,Africa/MENA,EurAfrMENA,NG:WIND,0.08977583151340912
MR,L3,W0,L3_W0,0.1029478120118635,210,48,0.0,US:PV,0.22739844422802946,FJ:PV,0.11265184582284983,Africa/MENA,EurAfrMENA,LY:PV,0.05628801661407694
MR,L3,W1,L3_W1,0.08303439860206167,210,48,0.047506260692796676,US:PV,0.23661813718639807,FJ:PV,0.11175625553492165,Africa/MENA,EurAfrMENA,LY:PV,0.057548061302028344
MR,L3,W2,L3_W2,0.06560126202890175,210,48,0.09224512452557547,US:PV,0.23899781918570911,FJ:PV,0.11570628182281202,Africa/MENA,EurAfrMENA,LY:PV,0.05285114499921309
MR,L3,W3,L3_W3,0.0617427121589815,210,49,0.10261298968047958,US:PV,0.23210427168867848,FJ:PV,0.12215352495152118,Africa/MENA,EurAfrMENA,LY:PV,0.05001935361115674
MU,L0,W0,L0_W0,0.28146655930222086,2,2,0.0,MU:WIND,0.5976267543381678,MU:PV,0.4023732456618304,Africa/MENA,EurAfrMENA,,
MU,L0,W1,L0_W1,0.2578645712131145,2,2,0.051610359318452724,MU:WIND,0.5902254362967966,MU:PV,0.4097745637032016,Africa/MENA,EurAfrMENA,,
MU,L0,W2,L0_W2,0.21629371612166487,2,2,0.13773044294948852,MU:WIND,0.5738303176916523,MU:PV,0.4261696823083459,Africa/MENA,EurAfrMENA,,
MU,L0,W3,L0_W3,0.16964494575545078,2,2,0.2298959092840647,MU:WIND,0.5525510745185668,MU:PV,0.44744892548143184,Africa/MENA,EurAfrMENA,,
MU,L1,W0,L1_W0,0.1269411072961968,42,19,0.0,CV:PV,0.2179767906536456,MU:PV,0.21443320448093392,Africa/MENA,EurAfrMENA,ZA:WIND,0.0908860109049857
MU,L1,W1,L1_W1,0.10639879169992579,42,19,0.05294784238009357,CV:PV,0.22220146980221173,MU:PV,0.21797127352226103,Africa/MENA,EurAfrMENA,ZA:WIND,0.09041375428152011
MU,L1,W2,L1_W2,0.08431076598506725,42,18,0.11262199660123517,CV:PV,0.2344106231847085,MU:PV,0.22918521470241926,Africa/MENA,EurAfrMENA,ZA:WIND,0.08755655246985918
MU,L1,W3,L1_W3,0.07916633166048544,42,18,0.12688120512082018,CV:PV,0.23968802955468527,MU:PV,0.23434501169198843,Africa/MENA,EurAfrMENA,ZA:WIND,0.08526437392556381
MU,L2,W0,L2_W0,0.1220168818362504,94,37,0.0,CV:PV,0.1917743144164282,MU:PV,0.18621885649435962,Africa/MENA,EurAfrMENA,ZA:WIND,0.07853809419515313
MU,L2,W1,L2_W1,0.10181453316787213,94,37,0.05334865758589993,CV:PV,0.19754057690284443,MU:PV,0.19288137415467344,Africa/MENA,EurAfrMENA,ZA:WIND,0.07853772766789574
MU,L2,W2,L2_W2,0.08092890471754874,94,37,0.1107457516742057,MU:PV,0.21053254723049927,CV:PV,0.20941414067883998,Africa/MENA,EurAfrMENA,ZA:WIND,0.07803516039160091
MU,L2,W3,L2_W3,0.07690232090289573,94,37,0.12200874880250587,MU:PV,0.21667834924504747,CV:PV,0.2126496272336465,Africa/MENA,EurAfrMENA,ZA:WIND,0.07854341883110873
MU,L3,W0,L3_W0,0.07971041702942443,210,71,0.0,IN:PV,0.0921008907961554,CL:PV,0.08246113584483747,Africa/MENA,EurAfrMENA,ET:PV,0.0728414686088996
MU,L3,W1,L3_W1,0.0627736942003433,210,71,0.05102259668188565,IN:PV,0.0987823722398037,CL:PV,0.08918522832752991,Africa/MENA,EurAfrMENA,ET:PV,0.07033521133907951
MU,L3,W2,L3_W2,0.0541888141610415,210,66,0.07933370319999936,IN:PV,0.10298505273960823,CL:PV,0.09450773150386707,Africa/MENA,EurAfrMENA,ET:PV,0.05990287501605418
MU,L3,W3,L3_W3,0.05406710770726509,210,67,0.07971041702942443,IN:PV,0.10264853505225977,CL:PV,0.09481067640576667,Africa/MENA,EurAfrMENA,ET:PV,0.05952539772826823
MX,L0,W0,L0_W0,0.24169667618817273,2,2,0.0,MX:WIND,0.6378887937510476,MX:PV,0.36211120624895726,North America,Americas,,
MX,L0,W1,L0_W1,0.2179112378824487,2,2,0.049627845182133846,MX:WIND,0.6303208606352328,MX:PV,0.3696791393647723,North America,Americas,,
MX,L0,W2,L0_W2,0.18006993399068857,2,2,0.1254622831423723,MX:WIND,0.618994676099009,MX:PV,0.38100532390099573,North America,Americas,,
MX,L0,W3,L0_W3,0.14468158603744585,2,2,0.19355802922229398,MX:WIND,0.6183836891643331,MX:PV,0.38161631083567177,North America,Americas,,
MX,L1,W0,L1_W0,0.15018913169995948,26,10,0.0,US:WIND,0.3151374292012469,US:PV,0.21938041264758087,North America,Americas,MX:WIND,0.13121828525753046
MX,L1,W1,L1_W1,0.129113672772109,26,10,0.05189272624639882,US:WIND,0.309856645365362,US:PV,0.22764059480906573,North America,Americas,MX:WIND,0.12926213366007872
MX,L1,W2,L1_W2,0.10301197890916186,26,10,0.11942691014235934,US:WIND,0.29223680878785246,US:PV,0.24573383947862765,North America,Americas,MX:WIND,0.12809478190441967
MX,L1,W3,L1_W3,0.09211712982467687,26,12,0.14881776473871636,US:WIND,0.2778361753359618,US:PV,0.23439911184784676,North America,Americas,MX:WIND,0.13526834724414166
MX,L2,W0,L2_W0,0.11874664339073861,48,21,0.0,BR:WIND,0.2785947067501269,US:WIND,0.13780484889619093,North America,Americas,US:PV,0.13291651765955725
MX,L2,W1,L2_W1,0.09906637588833385,48,21,0.05224077681828613,BR:WIND,0.2720620082519254,US:PV,0.13815764348869297,North America,Americas,US:WIND,0.13496556039247712
MX,L2,W2,L2_W2,0.07911902527408896,48,21,0.1081824280893779,BR:WIND,0.25910266469466203,US:PV,0.15849022935605292,North America,Americas,US:WIND,0.12444583170436464
MX,L2,W3,L2_W3,0.07546450885271988,48,21,0.11869935198000446,BR:WIND,0.2571047434246283,US:PV,0.16497996612841617,North America,Americas,US:WIND,0.12300203185092153
MX,L3,W0,L3_W0,0.04499345040356233,210,72,0.0,AU:PV,0.1302794220438768,US:PV,0.11161664546484926,North America,Americas,BR:WIND,0.06395836463204611
MX,L3,W1,L3_W1,0.030147390482291626,210,74,0.03594291133419871,AU:PV,0.1322139359412293,US:PV,0.11628576165742888,North America,Americas,JP:PV,0.06514391753471495
MX,L3,W2,L3_W2,0.026834985585270022,210,74,0.044942115025795114,AU:PV,0.134251309655253,US:PV,0.11730927917531402,North America,Americas,JP:PV,0.06674068435174449
MX,L3,W3,L3_W3,0.026818023703262528,210,73,0.044984654265911056,AU:PV,0.13424269886644974,US:PV,0.11720326621530719,North America,Americas,JP:PV,0.06676576537362551
MY,L0,W0,L0_W0,0.36818095964716846,2,2,0.0,MY:PV,0.6029181525998535,MY:WIND,0.3970818474001493,Asia-Pacific,Asia,,
MY,L0,W1,L0_W1,0.3455931774968301,2,2,0.058002151179922266,MY:PV,0.6113414561291362,MY:WIND,0.3886585438708666,Asia-Pacific,Asia,,
MY,L0,W2,L0_W2,0.30178954153507165,2,2,0.16206873311945608,MY:PV,0.6287357030882404,MY:WIND,0.3712642969117621,Asia-Pacific,Asia,,
MY,L0,W3,L0_W3,0.2445663895769574,2,2,0.2843313234711804,MY:PV,0.6494075424535364,MY:WIND,0.3505924575464663,Asia-Pacific,Asia,,
MY,L1,W0,L1_W0,0.15188545397059922,60,25,0.0,CN:WIND,0.218375963213548,JO:PV,0.11065139860378474,Asia-Pacific,Asia,PH:PV,0.06919316131054065
MY,L1,W1,L1_W1,0.1321166542652822,60,25,0.06018201516020932,CN:WIND,0.2233916283447481,JO:PV,0.11095725755699076,Asia-Pacific,Asia,PH:PV,0.07093565521492158
MY,L1,W2,L1_W2,0.107865193697431,60,24,0.13316305802497821,CN:WIND,0.22693134679412047,JO:PV,0.11669843143255908,Asia-Pacific,Asia,PH:PV,0.07045282171611243
MY,L1,W3,L1_W3,0.10134210721273434,60,23,0.15186464946928963,CN:WIND,0.2212235316748743,JO:PV,0.12019785997767977,Asia-Pacific,Asia,PH:PV,0.06975667580111931
MY,L2,W0,L2_W0,0.15188545397059922,60,25,0.0,CN:WIND,0.218375963213548,JO:PV,0.11065139860378474,Asia-Pacific,Asia,PH:PV,0.06919316131054065
MY,L2,W1,L2_W1,0.1321166542652822,60,25,0.06018201516020932,CN:WIND,0.2233916283447481,JO:PV,0.11095725755699076,Asia-Pacific,Asia,PH:PV,0.07093565521492158
MY,L2,W2,L2_W2,0.107865193697431,60,24,0.13316305802497821,CN:WIND,0.22693134679412047,JO:PV,0.11669843143255908,Asia-Pacific,Asia,PH:PV,0.07045282171611243
MY,L2,W3,L2_W3,0.10134210721273434,60,23,0.15186464946928963,CN:WIND,0.2212235316748743,JO:PV,0.12019785997767977,Asia-Pacific,Asia,PH:PV,0.06975667580111931
MY,L3,W0,L3_W0,0.1128886319613266,210,42,0.0,CN:PV,0.08420099026334615,CV:WIND,0.07721359090776642,Asia-Pacific,Asia,JP:PV,0.07275582520856706
MY,L3,W1,L3_W1,0.0947504246541585,210,42,0.057383688886830486,CN:PV,0.08444797120017082,CV:WIND,0.07955293003224961,Asia-Pacific,Asia,JP:PV,0.06793327633620799
MY,L3,W2,L3_W2,0.0790914267235696,210,39,0.10822249637554845,CV:WIND,0.08652547398852832,CN:PV,0.0757071728476844,Asia-Pacific,Asia,JP:PV,0.0609968617876758
MY,L3,W3,L3_W3,0.07761526681712819,210,38,0.11288522331188808,CV:WIND,0.08830591435681429,CN:PV,0.07382839245688189,Asia-Pacific,Asia,JP:PV,0.05954043439991299
NE,L0,W0,L0_W0,0.39428907540367397,2,2,0.0,NE:PV,0.5746394828296137,NE:WIND,0.4253605171703875,Africa/MENA,EurAfrMENA,,
NE,L0,W1,L0_W1,0.3718630592720667,2,2,0.06092001880705282,NE:PV,0.584643301755839,NE:WIND,0.415356698244162,Africa/MENA,EurAfrMENA,,
NE,L0,W2,L0_W2,0.32842316335867217,2,2,0.17063222881012144,NE:PV,0.6085030560327722,NE:WIND,0.39149694396722884,Africa/MENA,EurAfrMENA,,
NE,L0,W3,L0_W3,0.26884096510670075,2,2,0.3020980577885436,NE:PV,0.6418141859804909,NE:WIND,0.35818581401951016,Africa/MENA,EurAfrMENA,,
NE,L1,W0,L1_W0,0.19342382272838024,42,19,0.0,EG:WIND,0.15942407033828554,TN:PV,0.11415069479126254,Africa/MENA,EurAfrMENA,NG:WIND,0.09332004680073784
NE,L1,W1,L1_W1,0.17141617569955173,42,19,0.057179653721577045,EG:WIND,0.15910561303605059,TN:PV,0.11629566471464259,Africa/MENA,EurAfrMENA,NG:WIND,0.09273879200552747
NE,L1,W2,L1_W2,0.13890734313260902,42,20,0.14176553575109566,EG:WIND,0.15677081460694406,TN:PV,0.12362826534256306,Africa/MENA,EurAfrMENA,NG:WIND,0.09334234830169431
NE,L1,W3,L1_W3,0.12007049253544082,42,19,0.19023724168560163,EG:WIND,0.15459199618806074,TN:PV,0.13572073043308167,Africa/MENA,EurAfrMENA,NG:WIND,0.09876476579007368
NE,L2,W0,L2_W0,0.1821613093880941,94,27,0.0,EG:WIND,0.1248375220006642,BE:WIND,0.08740076145674414,Africa/MENA,EurAfrMENA,LY:WIND,0.07889341085154886
NE,L2,W1,L2_W1,0.16072666117715742,94,28,0.05674257549259586,EG:WIND,0.12648576661427569,BE:WIND,0.08740737874630629,Africa/MENA,EurAfrMENA,LY:WIND,0.07812064284549654
NE,L2,W2,L2_W2,0.13052109859846744,94,28,0.13761384118478284,EG:WIND,0.12785695897380395,BE:WIND,0.09208232662196315,Africa/MENA,EurAfrMENA,NO:PV,0.08154470677690975
NE,L2,W3,L2_W3,0.11427181485183069,94,31,0.17987251649156424,EG:WIND,0.12443443809637612,BE:WIND,0.09969483398383121,Africa/MENA,EurAfrMENA,NG:WIND,0.08344178745468313
NE,L3,W0,L3_W0,0.1071728079865431,210,35,0.0,US:PV,0.3087633127076687,LK:WIND,0.11681997854477214,Africa/MENA,EurAfrMENA,MX:PV,0.05496248743455321
NE,L3,W1,L3_W1,0.08690294336809892,210,35,0.04948720961264134,US:PV,0.31047722058172134,LK:WIND,0.11400889450382078,Africa/MENA,EurAfrMENA,MX:PV,0.056159435384696976
NE,L3,W2,L3_W2,0.06860163749610466,210,34,0.09779075502949422,US:PV,0.3145679911941874,LK:WIND,0.11594534829243251,Africa/MENA,EurAfrMENA,ZA:PV,0.060272034975332234
NE,L3,W3,L3_W3,0.06539355976423873,210,35,0.1069411814034171,US:PV,0.31703614511306605,LK:WIND,0.11948544454603482,Africa/MENA,EurAfrMENA,ZA:PV,0.0603098569948569
NG,L0,W0,L0_W0,0.27443807710731455,2,2,0.0,NG:PV,0.5534811744642245,NG:WIND,0.4465188255357774,Africa/MENA,EurAfrMENA,,
NG,L0,W1,L0_W1,0.2513789752703027,2,2,0.0520693341646256,NG:PV,0.5604531420550367,NG:WIND,0.4395468579449651,Africa/MENA,EurAfrMENA,,
NG,L0,W2,L0_W2,0.2107662169255502,2,2,0.14065098343740579,NG:PV,0.5737358653875608,NG:WIND,0.4262641346124411,Africa/MENA,EurAfrMENA,,
NG,L0,W3,L0_W3,0.16746299278767254,2,2,0.23128794840923705,NG:PV,0.5870560628484915,NG:WIND,0.41294393715151023,Africa/MENA,EurAfrMENA,,
NG,L1,W0,L1_W0,0.14542890215326815,42,17,0.0,CV:PV,0.1906500045053412,ET:WIND,0.13602904609964467,Africa/MENA,EurAfrMENA,SN:WIND,0.10540588447874558
NG,L1,W1,L1_W1,0.1247396419743556,42,17,0.05450848540061891,CV:PV,0.19752893049100873,ET:WIND,0.13632208683432348,Africa/MENA,EurAfrMENA,SN:WIND,0.10385522880838344
NG,L1,W2,L1_W2,0.10066275654475124,42,17,0.11991509035138305,CV:PV,0.21442389654191843,ET:WIND,0.13710621014804525,Africa/MENA,EurAfrMENA,SN:WIND,0.10031312088381411
NG,L1,W3,L1_W3,0.09155495424383107,42,15,0.1445746934172872,CV:PV,0.2261129397583084,ET:WIND,0.14139201102643867,Africa/MENA,EurAfrMENA,SN:WIND,0.1007810245304104
NG,L2,W0,L2_W0,0.14021985930847433,94,30,0.0,CV:PV,0.1696272003239668,ET:WIND,0.10866045471967646,Africa/MENA,EurAfrMENA,ZA:WIND,0.0697605947065887
NG,L2,W1,L2_W1,0.12007887682120061,94,29,0.05549971530416067,CV:PV,0.17798257061207143,ET:WIND,0.11031903453481592,Africa/MENA,EurAfrMENA,SN:WIND,0.06716867347950642
NG,L2,W2,L2_W2,0.09713143578457877,94,29,0.12022416690184062,CV:PV,0.19459062437661298,ET:WIND,0.11228241733958748,Africa/MENA,EurAfrMENA,CV:WIND,0.06733175771233467
NG,L2,W3,L2_W3,0.08986907407136392,94,29,0.13997648293325626,CV:PV,0.20537866335974603,ET:WIND,0.11521411015115425,Africa/MENA,EurAfrMENA,CV:WIND,0.07095287453283619
NG,L3,W0,L3_W0,0.07289006374192493,210,54,0.0,CL:PV,0.21411464276214168,MX:PV,0.1306752362802598,Africa/MENA,EurAfrMENA,ET:PV,0.10278213757733233
NG,L3,W1,L3_W1,0.057195976909615066,210,46,0.04496982014874582,CL:PV,0.21613059241436117,MX:PV,0.14102665038090917,Africa/MENA,EurAfrMENA,ET:PV,0.10821557742800891
NG,L3,W2,L3_W2,0.04901393591528191,210,44,0.07163203339868254,CL:PV,0.22238169409793943,MX:PV,0.13639485656990546,Africa/MENA,EurAfrMENA,ET:PV,0.11594753115856728
NG,L3,W3,L3_W3,0.04864278123760846,210,44,0.07289006374192493,CL:PV,0.223211946824823,MX:PV,0.13634684446098513,Africa/MENA,EurAfrMENA,ET:PV,0.11660042246683339
NI,L0,W0,L0_W0,0.3043231820935499,2,2,0.0,NI:WIND,0.5354885451007368,NI:PV,0.4645114548992596,North America,Americas,,
NI,L0,W1,L0_W1,0.2804145471088484,2,2,0.05153399656964563,NI:WIND,0.5337868133898549,NI:PV,0.46621318661014144,North America,Americas,,
NI,L0,W2,L0_W2,0.2380624637547126,2,2,0.13916580004142792,NI:WIND,0.5293142923551016,NI:PV,0.47068570764489454,North America,Americas,,
NI,L0,W3,L0_W3,0.18931786836654582,2,2,0.23618502209871833,NI:WIND,0.5222027123242098,NI:PV,0.4777972876757868,North America,Americas,,
NI,L1,W0,L1_W0,0.17008683773131217,26,11,0.0,US:WIND,0.30395714911375477,US:PV,0.21738690315786335,North America,Americas,CA:WIND,0.1519554136860963
NI,L1,W1,L1_W1,0.1487653825479922,26,12,0.05593901861716965,US:WIND,0.30052890615483246,US:PV,0.21789921394909725,North America,Americas,CA:WIND,0.15199029751798396
NI,L1,W2,L1_W2,0.12115810721700566,26,12,0.1321045942981218,US:WIND,0.2847876900992373,US:PV,0.20999038537466605,North America,Americas,CA:WIND,0.1506888669924144
NI,L1,W3,L1_W3,0.1083006532895046,26,11,0.16854965763174426,US:WIND,0.26484352439373904,US:PV,0.19554349196546947,North America,Americas,CA:WIND,0.146600850917243
NI,L2,W0,L2_W0,0.15370285493368369,48,19,0.0,US:WIND,0.17340948452441884,BR:WIND,0.1524781208201752,North America,Americas,US:PV,0.14922212632871543
NI,L2,W1,L2_W1,0.13378127614711383,48,18,0.05876197720512777,US:WIND,0.17440546815885688,US:PV,0.1501799539120947,North America,Americas,BR:WIND,0.1419685074688726
NI,L2,W2,L2_W2,0.10988519208029625,48,18,0.13052304377311194,US:WIND,0.17292043255457715,US:PV,0.1651098653329408,North America,Americas,BR:WIND,0.10760336274219404
NI,L2,W3,L2_W3,0.10182889748094145,48,19,0.15363162403403766,US:WIND,0.1697724735663632,US:PV,0.16809452050497664,North America,Americas,PE:WIND,0.08806703770960907
NI,L3,W0,L3_W0,0.09309731748528297,210,42,0.0,CL:PV,0.11189074151306869,US:PV,0.11167996185278241,North America,Americas,FJ:PV,0.10840435150835105
NI,L3,W1,L3_W1,0.07717021502027623,210,42,0.05330536816545435,CL:PV,0.11514999760616898,US:PV,0.11129155758567318,North America,Americas,FJ:PV,0.1091934182547731
NI,L3,W2,L3_W2,0.06736921706831728,210,40,0.09110630608428998,CL:PV,0.12316297347258034,FJ:PV,0.11847616487976659,North America,Americas,US:PV,0.10868327976693781
NI,L3,W3,L3_W3,0.06687873777576052,210,40,0.09309731748528297,CL:PV,0.1252129827548673,FJ:PV,0.11985256921236709,North America,Americas,US:PV,0.10932245386814637
NL,L0,W0,L0_W0,0.21438892537341872,2,2,0.0,NL:WIND,0.7442973299072915,NL:PV,0.2557026700927258,Europe,EurAfrMENA,,
NL,L0,W1,L0_W1,0.19269509470326132,2,2,0.0553194637597241,NL:WIND,0.7398315971135175,NL:PV,0.26016840288649934,Europe,EurAfrMENA,,
NL,L0,W2,L0_W2,0.16299582254528083,2,2,0.13288175627790907,NL:WIND,0.7348792074175668,NL:PV,0.2651207925824498,Europe,EurAfrMENA,,
NL,L0,W3,L0_W3,0.14045962251657654,2,2,0.1937860936206625,NL:WIND,0.7327437476723215,NL:PV,0.2672562523276953,Europe,EurAfrMENA,,
NL,L1,W0,L1_W0,0.16641257624834652,52,29,0.0,DE:WIND,0.12754923045628597,ES:WIND,0.12704017851420224,Europe,EurAfrMENA,PT:PV,0.11153918912804352
NL,L1,W1,L1_W1,0.1458304552212514,52,29,0.057801548163384925,DE:WIND,0.1251913906034433,ES:WIND,0.12473048395683509,Europe,EurAfrMENA,PT:PV,0.1214593638812321
NL,L1,W2,L1_W2,0.11931401126800856,52,30,0.13309127269230042,PT:PV,0.1290741731385227,ES:WIND,0.12538472286271599,Europe,EurAfrMENA,DE:WIND,0.11860313292894648
NL,L1,W3,L1_W3,0.10793638592111744,52,28,0.16543724490530723,PT:PV,0.13043078332172056,ES:WIND,0.12721562594844008,Europe,EurAfrMENA,DE:WIND,0.12057286618139713
NL,L2,W0,L2_W0,0.13504401777517014,94,36,0.0,CV:PV,0.15974629093455509,ET:WIND,0.07942305933451894,Europe,EurAfrMENA,ZA:WIND,0.07377303029188975
NL,L2,W1,L2_W1,0.11527860129111688,94,37,0.0553083830743827,CV:PV,0.1637012050077564,ET:WIND,0.08037556739058624,Europe,EurAfrMENA,ZA:WIND,0.07415802509735653
NL,L2,W2,L2_W2,0.09305976721579765,94,38,0.11680782020438858,CV:PV,0.18164809128954781,ET:WIND,0.08072663709322092,Europe,EurAfrMENA,ZA:WIND,0.0743941014232659
NL,L2,W3,L2_W3,0.08607414497758036,94,38,0.13490380982032657,CV:PV,0.19252683310519564,ET:WIND,0.0839613114811198,Europe,EurAfrMENA,ZA:WIND,0.07456356163486641
NL,L3,W0,L3_W0,0.07911632938106386,210,55,0.0,CL:PV,0.14502004135211682,MX:PV,0.10012996553900577,Europe,EurAfrMENA,CN:WIND,0.05274578255711062
NL,L3,W1,L3_W1,0.06423484420815531,210,53,0.051464578974899956,CL:PV,0.16377478973531662,MX:PV,0.10841852109676456,Europe,EurAfrMENA,CN:WIND,0.056570455518627064
NL,L3,W2,L3_W2,0.05763553321567843,210,50,0.07858579408926379,CL:PV,0.1757416207998109,MX:PV,0.11837419740101925,Europe,EurAfrMENA,ET:PV,0.060338695793018815
NL,L3,W3,L3_W3,0.05747382248445429,210,50,0.07911632938106387,CL:PV,0.17604516433204803,MX:PV,0.11855945780059593,Europe,EurAfrMENA,ET:PV,0.06083248800357048
NO,L0,W0,L0_W0,0.343766999267849,2,2,0.0,NO:WIND,0.6184476569584509,NO:PV,0.38155234304155816,Europe,EurAfrMENA,,
NO,L0,W1,L0_W1,0.3193749862505882,2,2,0.05437552891487525,NO:WIND,0.617496389268327,NO:PV,0.38250361073168215,Europe,EurAfrMENA,,
NO,L0,W2,L0_W2,0.2727880334595066,2,2,0.15103990734324352,NO:WIND,0.615124192184532,NO:PV,0.38487580781547726,Europe,EurAfrMENA,,
NO,L0,W3,L0_W3,0.21443528696623715,2,2,0.2646240899814924,NO:WIND,0.6124440800051182,NO:PV,0.3875559199948909,Europe,EurAfrMENA,,
NO,L1,W0,L1_W0,0.17411768341456774,52,29,0.0,DE:WIND,0.15210410650244663,ES:WIND,0.11407690745046102,Europe,EurAfrMENA,PT:PV,0.10263823024156082
NO,L1,W1,L1_W1,0.15326276685157378,52,29,0.05805575187403929,DE:WIND,0.14758595511467845,PT:PV,0.11331674425330834,Europe,EurAfrMENA,ES:WIND,0.1130609073877435
NO,L1,W2,L1_W2,0.12551263775336644,52,27,0.13647480661838415,DE:WIND,0.13961745173179863,PT:PV,0.12619897356564794,Europe,EurAfrMENA,ES:WIND,0.11399247808021344
NO,L1,W3,L1_W3,0.11289757590714468,52,27,0.17251574109698803,DE:WIND,0.13939762828468394,PT:PV,0.12480471109944645,Europe,EurAfrMENA,ES:WIND,0.11702575696701428
NO,L2,W0,L2_W0,0.14193004485980845,94,40,0.0,CV:PV,0.1386894706307055,ET:WIND,0.07197993853298393,Europe,EurAfrMENA,ZA:WIND,0.07187025589084363
NO,L2,W1,L2_W1,0.12192172549326573,94,40,0.055895357279081646,CV:PV,0.14297934117029742,ZA:WIND,0.07390695660799793,Europe,EurAfrMENA,ET:WIND,0.07218348666933837
NO,L2,W2,L2_W2,0.09827166904237265,94,39,0.12058158626647929,CV:PV,0.16278603465862662,CV:WIND,0.07532664010273103,Europe,EurAfrMENA,ZA:WIND,0.07500094425504751
NO,L2,W3,L2_W3,0.09000315672185871,94,38,0.14166358426622216,CV:PV,0.1750430744243566,CV:WIND,0.08098415011812705,Europe,EurAfrMENA,ET:WIND,0.07774773919536926
NO,L3,W0,L3_W0,0.08224452114163627,210,56,0.0,CL:PV,0.16356379704883303,US:PV,0.10975489900847411,Europe,EurAfrMENA,MX:PV,0.08944912423619339
NO,L3,W1,L3_W1,0.06553002739713619,210,52,0.05162779237816381,CL:PV,0.1653410414325593,MX:PV,0.09989600633140627,Europe,EurAfrMENA,US:PV,0.09683907027167339
NO,L3,W2,L3_W2,0.0568291024575552,210,47,0.0811093496357237,CL:PV,0.16592919251962723,MX:PV,0.11220637038015317,Europe,EurAfrMENA,US:PV,0.08305664052144818
NO,L3,W3,L3_W3,0.056465044213329894,210,46,0.08223984773961233,CL:PV,0.1666478936726729,MX:PV,0.11232851940469601,Europe,EurAfrMENA,US:PV,0.08340236267010097
NP,L0,W0,L0_W0,0.48135338341751127,2,2,0.0,NP:PV,0.9278955433485437,NP:WIND,0.0721044566514574,Asia-Pacific,Asia,,
NP,L0,W1,L0_W1,0.4568933646497038,2,2,0.05693044253923199,NP:PV,0.9331614634865054,NP:WIND,0.06683853651349582,Asia-Pacific,Asia,,
NP,L0,W2,L0_W2,0.403272945778486,2,2,0.16535920033481447,NP:PV,0.9449080008651257,NP:WIND,0.05509199913487533,Asia-Pacific,Asia,,
NP,L0,W3,L0_W3,0.30879925542140424,2,2,0.31602212862542756,NP:PV,0.9632857472807479,NP:WIND,0.03671425271925341,Asia-Pacific,Asia,,
NP,L1,W0,L1_W0,0.14376821013407448,60,28,0.0,CN:WIND,0.23476514590534533,PH:WIND,0.086896592777454,Asia-Pacific,Asia,JO:PV,0.0640736271736678
NP,L1,W1,L1_W1,0.12324840495792269,60,28,0.05335568093764224,CN:WIND,0.2332442113684773,PH:WIND,0.08383868399243206,Asia-Pacific,Asia,JO:PV,0.07294980089148324
NP,L1,W2,L1_W2,0.09879068638201915,60,29,0.11718022810027431,CN:WIND,0.22172226472322984,JO:PV,0.09248440373251962,Asia-Pacific,Asia,PH:WIND,0.08049825517230111
NP,L1,W3,L1_W3,0.0884236138148671,60,28,0.14284936253672317,CN:WIND,0.21050732748321518,JO:PV,0.104297659884194,Asia-Pacific,Asia,PH:WIND,0.07879439735637549
NP,L2,W0,L2_W0,0.14376821013407448,60,28,0.0,CN:WIND,0.23476514590534533,PH:WIND,0.086896592777454,Asia-Pacific,Asia,JO:PV,0.0640736271736678
NP,L2,W1,L2_W1,0.12324840495792269,60,28,0.05335568093764224,CN:WIND,0.2332442113684773,PH:WIND,0.08383868399243206,Asia-Pacific,Asia,JO:PV,0.07294980089148324
NP,L2,W2,L2_W2,0.09879068638201915,60,29,0.11718022810027431,CN:WIND,0.22172226472322984,JO:PV,0.09248440373251962,Asia-Pacific,Asia,PH:WIND,0.08049825517230111
NP,L2,W3,L2_W3,0.0884236138148671,60,28,0.14284936253672317,CN:WIND,0.21050732748321518,JO:PV,0.104297659884194,Asia-Pacific,Asia,PH:WIND,0.07879439735637549
NP,L3,W0,L3_W0,0.08985405249060151,210,52,0.0,CV:PV,0.09374527430597061,BR:PV,0.07588508200801047,Asia-Pacific,Asia,CN:PV,0.07008518265268712
NP,L3,W1,L3_W1,0.07078879922764608,210,52,0.05042126251703053,CV:PV,0.09621069803901583,BR:PV,0.07119700586725876,Asia-Pacific,Asia,CN:PV,0.07042243657583806
NP,L3,W2,L3_W2,0.057141652394031635,210,52,0.0880286130170457,CV:PV,0.12161092113654048,IN:PV,0.07193417339198321,Asia-Pacific,Asia,CN:PV,0.06724977352616934
NP,L3,W3,L3_W3,0.05648529944314478,210,51,0.0898528127277795,CV:PV,0.12666826589826988,IN:PV,0.07124815205164825,Asia-Pacific,Asia,CN:PV,0.06623530357812887
NZ,L0,W0,L0_W0,0.2752694894385801,2,2,0.0,NZ:WIND,0.5833974510220346,NZ:PV,0.41660254897796073,Asia-Pacific,Oceania,,
NZ,L0,W1,L0_W1,0.25165456665535174,2,2,0.05076564960315635,NZ:WIND,0.5796326124459343,NZ:PV,0.42036738755406095,Asia-Pacific,Oceania,,
NZ,L0,W2,L0_W2,0.211724276891212,2,2,0.13370755443020418,NZ:WIND,0.5757272078747634,NZ:PV,0.42427279212523183,Asia-Pacific,Oceania,,
NZ,L0,W3,L0_W3,0.16763279837543535,2,2,0.22239998561175248,NZ:WIND,0.5711599500514634,NZ:PV,0.42884004994853203,Asia-Pacific,Oceania,,
NZ,L1,W0,L1_W0,0.1940809009987097,6,6,0.0,AU:WIND,0.3215191681230933,NZ:WIND,0.2254310036660072,Asia-Pacific,Oceania,AU:PV,0.1935194012806216
NZ,L1,W1,L1_W1,0.1716691044680785,6,6,0.050705692805522666,AU:WIND,0.3170194305330573,NZ:WIND,0.22189357081461256,Asia-Pacific,Oceania,AU:PV,0.19861907838405463
NZ,L1,W2,L1_W2,0.13855932751645653,6,6,0.1264609887180376,AU:WIND,0.3046097063382719,NZ:WIND,0.21729943136555777,Asia-Pacific,Oceania,AU:PV,0.21169117805315998
NZ,L1,W3,L1_W3,0.11400591049981813,6,6,0.1834538378092569,AU:WIND,0.2906568754758075,AU:PV,0.2222829481013899,Asia-Pacific,Oceania,NZ:WIND,0.2191606830517673
NZ,L2,W0,L2_W0,0.1940809009987097,6,6,0.0,AU:WIND,0.3215191681230933,NZ:WIND,0.2254310036660072,Asia-Pacific,Oceania,AU:PV,0.1935194012806216
NZ,L2,W1,L2_W1,0.1716691044680785,6,6,0.050705692805522666,AU:WIND,0.3170194305330573,NZ:WIND,0.22189357081461256,Asia-Pacific,Oceania,AU:PV,0.19861907838405463
NZ,L2,W2,L2_W2,0.13855932751645653,6,6,0.1264609887180376,AU:WIND,0.3046097063382719,NZ:WIND,0.21729943136555777,Asia-Pacific,Oceania,AU:PV,0.21169117805315998
NZ,L2,W3,L2_W3,0.11400591049981813,6,6,0.1834538378092569,AU:WIND,0.2906568754758075,AU:PV,0.2222829481013899,Asia-Pacific,Oceania,NZ:WIND,0.2191606830517673
NZ,L3,W0,L3_W0,0.0828491741133751,210,48,0.0,FJ:PV,0.17226767204893165,MX:PV,0.13004302592661277,Asia-Pacific,Oceania,IN:PV,0.05114771129043308
NZ,L3,W1,L3_W1,0.06413618372457498,210,48,0.04695609815969901,FJ:PV,0.17459259722555193,MX:PV,0.12679262674412,Asia-Pacific,Oceania,IN:PV,0.05371894909948281
NZ,L3,W2,L3_W2,0.05143501947611169,210,49,0.0808499864473545,FJ:PV,0.18852017827416676,MX:PV,0.11671267701784832,Asia-Pacific,Oceania,IN:PV,0.060417103959491104
NZ,L3,W3,L3_W3,0.050628635789443245,210,49,0.08284721028041755,FJ:PV,0.19259218300185849,MX:PV,0.11598890322802799,Asia-Pacific,Oceania,IN:PV,0.061451546602116186
OM,L0,W0,L0_W0,0.25884451828662314,2,2,0.0,OM:WIND,0.609608120262943,OM:PV,0.3903918797370602,Asia-Pacific,Asia,,
OM,L0,W1,L0_W1,0.2360303121516979,2,2,0.051574696444457446,OM:WIND,0.6033377029582406,OM:PV,0.39666229704176265,Asia-Pacific,Asia,,
OM,L0,W2,L0_W2,0.19855548937823478,2,2,0.13471398512824767,OM:WIND,0.5869645745352425,OM:PV,0.4130354254647605,Asia-Pacific,Asia,,
OM,L0,W3,L0_W3,0.1601377508817022,2,2,0.22010581150922437,OM:WIND,0.5670580804135089,OM:PV,0.432941919586494,Asia-Pacific,Asia,,
OM,L1,W0,L1_W0,0.14364171726162708,60,26,0.0,CN:WIND,0.334952899667515,OM:WIND,0.07360132007540635,Asia-Pacific,Asia,OM:PV,0.07209474865867795
OM,L1,W1,L1_W1,0.12273654687578135,60,26,0.05266600613637302,CN:WIND,0.3341694240191725,OM:PV,0.07747409625954983,Asia-Pacific,Asia,OM:WIND,0.07225933467182305
OM,L1,W2,L1_W2,0.09721139692429528,60,25,0.1198823854909179,CN:WIND,0.32914823107934077,OM:PV,0.08904832790878343,Asia-Pacific,Asia,OM:WIND,0.06931930710212109
OM,L1,W3,L1_W3,0.08835832423593842,60,24,0.1433197870602719,CN:WIND,0.32381467767670374,OM:PV,0.09794563715199968,Asia-Pacific,Asia,OM:WIND,0.0688514312679573
OM,L2,W0,L2_W0,0.14364171726162708,60,26,0.0,CN:WIND,0.334952899667515,OM:WIND,0.07360132007540635,Asia-Pacific,Asia,OM:PV,0.07209474865867795
OM,L2,W1,L2_W1,0.12273654687578135,60,26,0.05266600613637302,CN:WIND,0.3341694240191725,OM:PV,0.07747409625954983,Asia-Pacific,Asia,OM:WIND,0.07225933467182305
OM,L2,W2,L2_W2,0.09721139692429528,60,25,0.1198823854909179,CN:WIND,0.32914823107934077,OM:PV,0.08904832790878343,Asia-Pacific,Asia,OM:WIND,0.06931930710212109
OM,L2,W3,L2_W3,0.08835832423593842,60,24,0.1433197870602719,CN:WIND,0.32381467767670374,OM:PV,0.09794563715199968,Asia-Pacific,Asia,OM:WIND,0.0688514312679573
OM,L3,W0,L3_W0,0.07502360484753907,210,75,0.0,IN:PV,0.10866274380945411,CL:PV,0.08502539209102304,Asia-Pacific,Asia,NI:PV,0.05214100639549701
OM,L3,W1,L3_W1,0.05719448368236028,210,76,0.04739471511871935,IN:PV,0.11125064422920207,CL:PV,0.08086990861023434,Asia-Pacific,Asia,NI:PV,0.05016581302709892
OM,L3,W2,L3_W2,0.047936447901902005,210,75,0.07379844814434872,IN:PV,0.11736030682717892,CL:PV,0.07698641319763183,Asia-Pacific,Asia,NI:PV,0.05523891965935673
OM,L3,W3,L3_W3,0.047484707058698505,210,74,0.07502360484753907,IN:PV,0.11790498199995436,CL:PV,0.0766673808230265,Asia-Pacific,Asia,NI:PV,0.05751397334651811
PA,L0,W0,L0_W0,0.41014987347820375,2,2,0.0,PA:PV,0.7604686655230464,PA:WIND,0.2395313344769515,North America,Americas,,
PA,L0,W1,L0_W1,0.3875033812305633,2,2,0.05752570535472617,PA:PV,0.7702381424621383,PA:WIND,0.22976185753785955,North America,Americas,,
PA,L0,W2,L0_W2,0.33960982755274083,2,2,0.16482270668250862,PA:PV,0.7895431690695109,PA:WIND,0.2104568309304866,North America,Americas,,
PA,L0,W3,L0_W3,0.26519198882921513,2,2,0.3005227793847414,PA:PV,0.8138282447665462,PA:WIND,0.18617175523345142,North America,Americas,,
PA,L1,W0,L1_W0,0.14466853864236787,26,10,0.0,US:WIND,0.2667338604921935,US:PV,0.24303702029871055,North America,Americas,LC:WIND,0.119828348181063
PA,L1,W1,L1_W1,0.12320719324605843,26,10,0.049712943345776535,US:WIND,0.2610579794741967,US:PV,0.24978010032607037,North America,Americas,LC:WIND,0.11750813147741275
PA,L1,W2,L1_W2,0.09653304375980588,26,10,0.11399705253805831,US:PV,0.2620672265532872,US:WIND,0.24522636424045213,North America,Americas,LC:WIND,0.11562140528625793
PA,L1,W3,L1_W3,0.08491573888197737,26,10,0.14309348934837254,US:PV,0.26677068599906045,US:WIND,0.2303325896636208,North America,Americas,LC:WIND,0.12059994550565246
PA,L2,W0,L2_W0,0.11828901513257746,48,21,0.0,BR:WIND,0.23110973451133762,US:PV,0.16393572455843486,North America,Americas,US:WIND,0.11964656587316823
PA,L2,W1,L2_W1,0.09768315931770927,48,21,0.050707383895078506,BR:WIND,0.22648051000167058,US:PV,0.17024984078868355,North America,Americas,US:WIND,0.11741106894241526
PA,L2,W2,L2_W2,0.07646545015619605,48,21,0.10600302199178115,BR:WIND,0.2140918039938159,US:PV,0.18940969036498845,North America,Americas,US:WIND,0.1091894202292202
PA,L2,W3,L2_W3,0.07191572575247904,48,21,0.11827228118368169,BR:WIND,0.20874970523009076,US:PV,0.19524802310075795,North America,Americas,US:WIND,0.10755963938443587
PA,L3,W0,L3_W0,0.059804161558191515,210,62,0.0,US:PV,0.19185823860575263,AU:PV,0.1224343900402563,North America,Americas,FJ:PV,0.10063623825733357
PA,L3,W1,L3_W1,0.042560039165790514,210,60,0.03993022660535728,US:PV,0.19863128899890037,AU:PV,0.12067456176972688,North America,Americas,FJ:PV,0.10221760600066589
PA,L3,W2,L3_W2,0.03497983679611407,210,57,0.05928476060328873,US:PV,0.20364154186258437,AU:PV,0.11592568317174588,North America,Americas,FJ:PV,0.10971548414331152
PA,L3,W3,L3_W3,0.03479251115111706,210,58,0.059768739896640145,US:PV,0.203619159088497,AU:PV,0.1151949260396994,North America,Americas,FJ:PV,0.11015834451641383
PE,L0,W0,L0_W0,0.22953328296128303,2,2,0.0,PE:WIND,0.7390808425242792,PE:PV,0.26091915747571887,Latin America,Americas,,
PE,L0,W1,L0_W1,0.20671306714894339,2,2,0.05368312531321318,PE:WIND,0.733139516363621,PE:PV,0.26686048363637704,Latin America,Americas,,
PE,L0,W2,L0_W2,0.1701549019639919,2,2,0.1379515301652325,PE:WIND,0.7201711378866067,PE:PV,0.2798288621133912,Latin America,Americas,,
PE,L0,W3,L0_W3,0.13917668656802792,2,2,0.20864754789394252,PE:WIND,0.7041051476131577,PE:PV,0.29589485238684027,Latin America,Americas,,
PE,L1,W0,L1_W0,0.1516033491721517,22,12,0.0,BR:WIND,0.30541301730773823,PE:WIND,0.12011859113174086,Latin America,Americas,GF:WIND,0.11160090959387686
PE,L1,W1,L1_W1,0.13040979458815316,22,12,0.05437383243458254,BR:WIND,0.30162462271098106,PE:WIND,0.11843213629292587,Latin America,Americas,GF:WIND,0.11319481419219606
PE,L1,W2,L1_W2,0.10402367647737644,22,14,0.12435344182961618,BR:WIND,0.2924889313729061,GF:WIND,0.114286924239641,Latin America,Americas,PE:WIND,0.11059778269467602
PE,L1,W3,L1_W3,0.09390479139748094,22,14,0.15120555434386668,BR:WIND,0.2819764231549009,GF:WIND,0.11347021483544688,Latin America,Americas,PE:WIND,0.10495599079384627
PE,L2,W0,L2_W0,0.13024306016779766,48,18,0.0,BR:WIND,0.2018320714986017,US:PV,0.14587658766972797,Latin America,Americas,US:WIND,0.12840657116170495
PE,L2,W1,L2_W1,0.1098984602705214,48,18,0.054082861083352064,BR:WIND,0.198462761571837,US:PV,0.15055660448634164,Latin America,Americas,US:WIND,0.12491896623765264
PE,L2,W2,L2_W2,0.08760031157351592,48,18,0.11520838163547353,BR:WIND,0.18733490536220992,US:PV,0.16493494347453844,Latin America,Americas,US:WIND,0.11395135749924849
PE,L2,W3,L2_W3,0.08205781132822149,48,18,0.13022123846716976,BR:WIND,0.1805043406966601,US:PV,0.17049017738678332,Latin America,Americas,US:WIND,0.11117616885321983
PE,L3,W0,L3_W0,0.06055302439174747,210,51,0.0,US:PV,0.1425996896272987,FJ:PV,0.12836099516122812,Latin America,Americas,AU:PV,0.12085764034824725
PE,L3,W1,L3_W1,0.043183470998918186,210,50,0.04000587696018051,US:PV,0.1394720671155808,FJ:PV,0.1306071066427794,Latin America,Americas,AU:PV,0.12385167509095739
PE,L3,W2,L3_W2,0.03496852209401761,210,54,0.059958475436578756,FJ:PV,0.14151926290083766,US:PV,0.12866937497328398,Latin America,Americas,AU:PV,0.11579902960471965
PE,L3,W3,L3_W3,0.03470545674928446,210,52,0.06053552892456865,FJ:PV,0.14251609247210997,US:PV,0.12810578947287907,Latin America,Americas,AU:PV,0.11424816893941446
PH,L0,W0,L0_W0,0.27980492126764717,2,2,0.0,PH:WIND,0.6915916132773918,PH:PV,0.30840838672259985,Asia-Pacific,Asia,,
PH,L0,W1,L0_W1,0.25626425135251085,2,2,0.049739923182955004,PH:WIND,0.6903825348976762,PH:PV,0.3096174651023154,Asia-Pacific,Asia,,
PH,L0,W2,L0_W2,0.21843495313923586,2,2,0.12683845024595422,PH:WIND,0.6940884615908538,PH:PV,0.305911538409138,Asia-Pacific,Asia,,
PH,L0,W3,L0_W3,0.17356294478183967,2,2,0.21197610563843106,PH:WIND,0.6964240154297356,PH:PV,0.30357598457025575,Asia-Pacific,Asia,,
PH,L1,W0,L1_W0,0.11076130190736423,60,23,0.0,CN:WIND,0.29205121686093344,PH:WIND,0.13474387416831235,Asia-Pacific,Asia,IL:PV,0.12280329480275892
PH,L1,W1,L1_W1,0.0909547069072457,60,23,0.04944733976767854,CN:WIND,0.294479913860817,PH:WIND,0.13572082827961626,Asia-Pacific,Asia,IL:PV,0.12644835959456152
PH,L1,W2,L1_W2,0.07255673707849934,60,23,0.10061026837122979,CN:WIND,0.29845593277833904,PH:WIND,0.13979394032997494,Asia-Pacific,Asia,IL:PV,0.13854244035442867
PH,L1,W3,L1_W3,0.06915344279256527,60,22,0.11072414530600203,CN:WIND,0.29846416362443395,IL:PV,0.14638273767001014,Asia-Pacific,Asia,PH:WIND,0.14159772417030583
PH,L2,W0,L2_W0,0.11076130190736423,60,23,0.0,CN:WIND,0.29205121686093344,PH:WIND,0.13474387416831235,Asia-Pacific,Asia,IL:PV,0.12280329480275892
PH,L2,W1,L2_W1,0.0909547069072457,60,23,0.04944733976767854,CN:WIND,0.294479913860817,PH:WIND,0.13572082827961626,Asia-Pacific,Asia,IL:PV,0.12644835959456152
PH,L2,W2,L2_W2,0.07255673707849934,60,23,0.10061026837122979,CN:WIND,0.29845593277833904,PH:WIND,0.13979394032997494,Asia-Pacific,Asia,IL:PV,0.13854244035442867
PH,L2,W3,L2_W3,0.06915344279256527,60,22,0.11072414530600203,CN:WIND,0.29846416362443395,IL:PV,0.14638273767001014,Asia-Pacific,Asia,PH:WIND,0.14159772417030583
PH,L3,W0,L3_W0,0.061833158482113564,210,63,0.0,AU:PV,0.06448139370614779,CN:WIND,0.06264584894648413,Asia-Pacific,Asia,CV:PV,0.059157183116643655
PH,L3,W1,L3_W1,0.04760038788680518,210,62,0.04389473629883731,CN:WIND,0.06938981764277825,GH:PV,0.061335973611901656,Asia-Pacific,Asia,AU:PV,0.06109427569023777
PH,L3,W2,L3_W2,0.042894345460341515,210,58,0.06140172157477785,CN:WIND,0.07022005355622336,GH:PV,0.06726061051263622,Asia-Pacific,Asia,CV:PV,0.06285943707545742
PH,L3,W3,L3_W3,0.04277518209016767,210,59,0.061833158482113564,CN:WIND,0.0700088164370702,GH:PV,0.06739256723575758,Asia-Pacific,Asia,CV:PV,0.06326728186699884
PK,L0,W0,L0_W0,0.2754615341112622,2,2,0.0,PK:WIND,0.6427714187956978,PK:PV,0.35722858120430206,Asia-Pacific,Asia,,
PK,L0,W1,L0_W1,0.2522642420747338,2,2,0.05650191415961429,PK:WIND,0.6375598129950293,PK:PV,0.36244018700497066,Asia-Pacific,Asia,,
PK,L0,W2,L0_W2,0.2127000129895757,2,2,0.14910823540752977,PK:WIND,0.6220813952158315,PK:PV,0.3779186047841687,Asia-Pacific,Asia,,
PK,L0,W3,L0_W3,0.17412909652881617,2,2,0.23692026385481435,PK:WIND,0.6043606857046342,PK:PV,0.3956393142953659,Asia-Pacific,Asia,,
PK,L1,W0,L1_W0,0.14639749811835612,60,27,0.0,CN:WIND,0.3492998136812953,OM:PV,0.10473226737406058,Asia-Pacific,Asia,PH:WIND,0.07712778966452935
PK,L1,W1,L1_W1,0.1260579581123958,60,26,0.05535765411841846,CN:WIND,0.3512367302655844,OM:PV,0.11110958051773728,Asia-Pacific,Asia,PH:WIND,0.07625469067822449
PK,L1,W2,L1_W2,0.10191825689506341,60,24,0.12384880050614298,CN:WIND,0.3503505584508652,OM:PV,0.12301960518197536,Asia-Pacific,Asia,PH:WIND,0.07201147340032611
PK,L1,W3,L1_W3,0.0941724154599192,60,24,0.14600271273896115,CN:WIND,0.3499803943365736,OM:PV,0.13095229743769857,Asia-Pacific,Asia,PH:WIND,0.07298633092366082
PK,L2,W0,L2_W0,0.14639749811835612,60,27,0.0,CN:WIND,0.3492998136812953,OM:PV,0.10473226737406058,Asia-Pacific,Asia,PH:WIND,0.07712778966452935
PK,L2,W1,L2_W1,0.1260579581123958,60,26,0.05535765411841846,CN:WIND,0.3512367302655844,OM:PV,0.11110958051773728,Asia-Pacific,Asia,PH:WIND,0.07625469067822449
PK,L2,W2,L2_W2,0.10191825689506341,60,24,0.12384880050614298,CN:WIND,0.3503505584508652,OM:PV,0.12301960518197536,Asia-Pacific,Asia,PH:WIND,0.07201147340032611
PK,L2,W3,L2_W3,0.0941724154599192,60,24,0.14600271273896115,CN:WIND,0.3499803943365736,OM:PV,0.13095229743769857,Asia-Pacific,Asia,PH:WIND,0.07298633092366082
PK,L3,W0,L3_W0,0.08397802095889544,210,67,0.0,CV:PV,0.08400321734278669,OM:PV,0.062082818103076164,Asia-Pacific,Asia,ET:PV,0.05388310923790751
PK,L3,W1,L3_W1,0.0686449935121241,210,61,0.054638693278047865,CV:PV,0.08322208009790216,OM:PV,0.06364934627494719,Asia-Pacific,Asia,CL:PV,0.06183745173693777
PK,L3,W2,L3_W2,0.06151831981273407,210,54,0.08270478268401195,CV:PV,0.09461711990293117,OM:PV,0.06560619044804554,Asia-Pacific,Asia,CL:PV,0.05989549591045303
PK,L3,W3,L3_W3,0.061033171175076305,210,54,0.0839626361996332,CV:PV,0.09415726465801279,OM:PV,0.06664276541876993,Asia-Pacific,Asia,CL:PV,0.060814577282259655
PL,L0,W0,L0_W0,0.2970870532982518,2,2,0.0,PL:WIND,0.6693241301430546,PL:PV,0.3306758698569429,Europe,EurAfrMENA,,
PL,L0,W1,L0_W1,0.27395434590325984,2,2,0.05757401145598746,PL:WIND,0.6631392598196555,PL:PV,0.3368607401803419,Europe,EurAfrMENA,,
PL,L0,W2,L0_W2,0.2325546816375396,2,2,0.15674894244369764,PL:WIND,0.6507970739195716,PL:PV,0.3492029260804256,Europe,EurAfrMENA,,
PL,L0,W3,L0_W3,0.18843906593584137,2,2,0.2580662635906017,PL:WIND,0.6369486052030434,PL:PV,0.36305139479695386,Europe,EurAfrMENA,,
PL,L1,W0,L1_W0,0.18337340345154632,52,28,0.0,PT:PV,0.13837786002222124,ES:WIND,0.1321661635023028,Europe,EurAfrMENA,DE:WIND,0.11025945379039745
PL,L1,W1,L1_W1,0.1633174367131393,52,25,0.0609867610021578,PT:PV,0.148038382577753,ES:WIND,0.13072193450958014,Europe,EurAfrMENA,DE:WIND,0.10823506429692169
PL,L1,W2,L1_W2,0.13574179231095948,52,24,0.1437759811819472,PT:PV,0.15914859553096666,ES:WIND,0.13115817627628337,Europe,EurAfrMENA,DE:WIND,0.10032566498727499
PL,L1,W3,L1_W3,0.12266787301876754,52,25,0.18225322156463328,PT:PV,0.1658253761922368,ES:WIND,0.13628990616166833,Europe,EurAfrMENA,DE:WIND,0.10014628895628598
PL,L2,W0,L2_W0,0.14330992727226172,94,34,0.0,CV:PV,0.18844766537802032,ET:WIND,0.10667815059600276,Europe,EurAfrMENA,ZA:WIND,0.08497206749138562
PL,L2,W1,L2_W1,0.12364521276654132,94,33,0.055722887852175225,CV:PV,0.19603746748027898,ET:WIND,0.10838695035637198,Europe,EurAfrMENA,ZA:WIND,0.08458512326389178
PL,L2,W2,L2_W2,0.10027667884876083,94,28,0.12101696816238823,CV:PV,0.21944452529817826,ET:WIND,0.10769213996944105,Europe,EurAfrMENA,ZA:WIND,0.08274702398760439
PL,L2,W3,L2_W3,0.09204371305381273,94,27,0.14301088867914932,CV:PV,0.23357883359464604,ET:WIND,0.11109715605124174,Europe,EurAfrMENA,ZA:WIND,0.08086740763906902
PL,L3,W0,L3_W0,0.07041692082364247,210,52,0.0,CL:PV,0.2613567343980405,MX:PV,0.12795971890271954,Europe,EurAfrMENA,OM:PV,0.07510607456713402
PL,L3,W1,L3_W1,0.05690088299499238,210,50,0.04818002740178484,CL:PV,0.26632314499812665,MX:PV,0.12007096835141583,Europe,EurAfrMENA,OM:PV,0.07756101201841079
PL,L3,W2,L3_W2,0.05111668680253637,210,44,0.0694279576313416,CL:PV,0.2749548843971635,MX:PV,0.11515388253218724,Europe,EurAfrMENA,OM:PV,0.08076878243172476
PL,L3,W3,L3_W3,0.05080359041386735,210,44,0.07041661177689416,CL:PV,0.27577336187455653,MX:PV,0.11531285041480338,Europe,EurAfrMENA,OM:PV,0.08112686247823801
PS,L0,W0,L0_W0,0.42364792330687007,2,2,0.0,PS:PV,0.6243187183413068,PS:WIND,0.3756812816586902,Asia-Pacific,Asia,,
PS,L0,W1,L0_W1,0.40101792592217217,2,2,0.05662493813080081,PS:PV,0.6360063794899418,PS:WIND,0.36399362051005535,Asia-Pacific,Asia,,
PS,L0,W2,L0_W2,0.3528498401013439,2,2,0.16294711262588998,PS:PV,0.6580866108114413,PS:WIND,0.34191338918855585,Asia-Pacific,Asia,,
PS,L0,W3,L0_W3,0.27614441036845905,2,2,0.30102525968888266,PS:PV,0.6835164612751548,PS:WIND,0.3164835387248429,Asia-Pacific,Asia,,
PS,L1,W0,L1_W0,0.16087230707755185,60,22,0.0,CN:WIND,0.35073899415830134,PK:WIND,0.0923208620930585,Asia-Pacific,Asia,OM:WIND,0.08879529835107772
PS,L1,W1,L1_W1,0.1398343048323621,60,23,0.05676035964010356,CN:WIND,0.350058095175111,PK:WIND,0.09159653472300659,Asia-Pacific,Asia,OM:WIND,0.08792210725288965
PS,L1,W2,L1_W2,0.11296509289743618,60,24,0.1319083332252503,CN:WIND,0.3450915029889263,PK:WIND,0.09227860153406654,Asia-Pacific,Asia,OM:WIND,0.08509664833629395
PS,L1,W3,L1_W3,0.10299302453553753,60,24,0.16046119760398528,CN:WIND,0.3428064118021993,PK:WIND,0.09415952597256694,Asia-Pacific,Asia,OM:WIND,0.08492219371112304
PS,L2,W0,L2_W0,0.16087230707755185,60,22,0.0,CN:WIND,0.35073899415830134,PK:WIND,0.0923208620930585,Asia-Pacific,Asia,OM:WIND,0.08879529835107772
PS,L2,W1,L2_W1,0.1398343048323621,60,23,0.05676035964010356,CN:WIND,0.350058095175111,PK:WIND,0.09159653472300659,Asia-Pacific,Asia,OM:WIND,0.08792210725288965
PS,L2,W2,L2_W2,0.11296509289743618,60,24,0.1319083332252503,CN:WIND,0.3450915029889263,PK:WIND,0.09227860153406654,Asia-Pacific,Asia,OM:WIND,0.08509664833629395
PS,L2,W3,L2_W3,0.10299302453553753,60,24,0.16046119760398528,CN:WIND,0.3428064118021993,PK:WIND,0.09415952597256694,Asia-Pacific,Asia,OM:WIND,0.08492219371112304
PS,L3,W0,L3_W0,0.0897197079810334,210,55,0.0,MX:PV,0.17115304758499805,US:PV,0.14187974738643278,Asia-Pacific,Asia,JO:PV,0.061584281336112386
PS,L3,W1,L3_W1,0.07202373503512316,210,51,0.05025641908224588,MX:PV,0.17650887139693475,US:PV,0.13357662042992544,Asia-Pacific,Asia,JO:PV,0.05695637311500717
PS,L3,W2,L3_W2,0.060074030833608696,210,51,0.08632011194375473,MX:PV,0.1856163813541858,US:PV,0.12667632901344136,Asia-Pacific,Asia,NE:PV,0.056429806423014324
PS,L3,W3,L3_W3,0.058754609454353714,210,50,0.08968438444674331,MX:PV,0.18753804164664106,US:PV,0.12656842464021958,Asia-Pacific,Asia,NE:PV,0.05853242864345673
PT,L0,W0,L0_W0,0.35319706637132436,2,2,0.0,PT:PV,0.6161667870359169,PT:WIND,0.3838332129640819,Europe,EurAfrMENA,,
PT,L0,W1,L0_W1,0.3293674129912934,2,2,0.053105475640274465,PT:PV,0.6227931854638807,PT:WIND,0.3772068145361183,Europe,EurAfrMENA,,
PT,L0,W2,L0_W2,0.2831140311725004,2,2,0.14801740816182496,PT:PV,0.6355342494783325,PT:WIND,0.3644657505216665,Europe,EurAfrMENA,,
PT,L0,W3,L0_W3,0.22193067340648015,2,2,0.2620037675647356,PT:PV,0.6494841285702625,PT:WIND,0.3505158714297366,Europe,EurAfrMENA,,
PT,L1,W0,L1_W0,0.18390074145607768,52,28,0.0,ES:WIND,0.14108739605003104,DE:WIND,0.11321573223225526,Europe,EurAfrMENA,BE:WIND,0.10996263597226773
PT,L1,W1,L1_W1,0.16357088643139922,52,28,0.06068675956687039,ES:WIND,0.1389733486086476,DE:WIND,0.11023301973909794,Europe,EurAfrMENA,BE:WIND,0.10989735326099234
PT,L1,W2,L1_W2,0.13592504625110807,52,27,0.14358121070526655,ES:WIND,0.14031699007198772,PT:PV,0.11253541502216183,Europe,EurAfrMENA,BE:WIND,0.10745283655182093
PT,L1,W3,L1_W3,0.12270908858131269,52,26,0.18213739195185785,ES:WIND,0.14554720715191877,PT:PV,0.12075791874766137,Europe,EurAfrMENA,BE:WIND,0.10582583977136119
PT,L2,W0,L2_W0,0.15221155932278754,94,38,0.0,CV:PV,0.12098566996738117,ET:WIND,0.10926858880230471,Europe,EurAfrMENA,NG:WIND,0.06907426055790147
PT,L2,W1,L2_W1,0.13215725265502265,94,35,0.05779110974253399,CV:PV,0.12789928840733178,ET:WIND,0.11248727059608254,Europe,EurAfrMENA,NG:WIND,0.07035918597163514
PT,L2,W2,L2_W2,0.10759113054514098,94,33,0.12819681244940892,CV:PV,0.15352208734225614,ET:WIND,0.11700938732642482,Europe,EurAfrMENA,NG:WIND,0.07249927171237547
PT,L2,W3,L2_W3,0.09900452801871638,94,31,0.15174193761732865,CV:PV,0.17238067036792407,ET:WIND,0.12322913282763592,Europe,EurAfrMENA,CV:WIND,0.0757347616653044
PT,L3,W0,L3_W0,0.0790478397144733,210,39,0.0,MX:PV,0.2848940815315839,EG:PV,0.11653827883025197,Europe,EurAfrMENA,NE:PV,0.09892250987833208
PT,L3,W1,L3_W1,0.06271728831587339,210,37,0.05019570126966105,MX:PV,0.2849716050109344,EG:PV,0.11922180648939718,Europe,EurAfrMENA,NE:PV,0.09632139032867239
PT,L3,W2,L3_W2,0.05411053633924551,210,38,0.0782630601585106,MX:PV,0.28501284767171275,NE:PV,0.10820278108254268,Europe,EurAfrMENA,EG:PV,0.10794553511804174
PT,L3,W3,L3_W3,0.053828009839671474,210,37,0.07903993957447,MX:PV,0.28473905319876397,NE:PV,0.1082631060022397,Europe,EurAfrMENA,EG:PV,0.10791245749713817
PY,L0,W0,L0_W0,0.3052637352705857,2,2,0.0,PY:PV,0.5894086816601778,PY:WIND,0.41059131833982077,Latin America,Americas,,
PY,L0,W1,L0_W1,0.28233206009145345,2,2,0.054800250779163125,PY:PV,0.5979001334522561,PY:WIND,0.4020998665477423,Latin America,Americas,,
PY,L0,W2,L0_W2,0.23983320611404746,2,2,0.1501677607483314,PY:PV,0.6155605566374768,PY:WIND,0.38443944336252195,Latin America,Americas,,
PY,L0,W3,L0_W3,0.18982446584296686,2,2,0.2534669895309097,PY:PV,0.6368266959668926,PY:WIND,0.3631733040331061,Latin America,Americas,,
PY,L1,W0,L1_W0,0.16061533689023766,22,13,0.0,BR:WIND,0.3333098059963601,CO:PV,0.09532932594815827,Latin America,Americas,GF:WIND,0.0945265682781649
PY,L1,W1,L1_W1,0.13951459824423385,22,13,0.05585473116356354,BR:WIND,0.32879369052700586,GF:WIND,0.0972796950676847,Latin America,Americas,CO:PV,0.09622596680932057
PY,L1,W2,L1_W2,0.11242248139565292,22,14,0.12911034625510526,BR:WIND,0.31802982503449667,GF:WIND,0.10003482252314481,Latin America,Americas,CO:PV,0.09189531837452485
PY,L1,W3,L1_W3,0.10116782812356263,22,14,0.15985638067794514,BR:WIND,0.30557251444629185,GF:WIND,0.09811731773353849,Latin America,Americas,CO:PV,0.08311822991526642
PY,L2,W0,L2_W0,0.1329558718440298,48,17,0.0,BR:WIND,0.20523166669332304,US:PV,0.16659655752660463,Latin America,Americas,BR:PV,0.12927922600333763
PY,L2,W1,L2_W1,0.11249601061712504,48,17,0.05507622681551692,BR:WIND,0.1986840587008415,US:PV,0.169874366490087,Latin America,Americas,BR:PV,0.13279592066153018
PY,L2,W2,L2_W2,0.08998219239015243,48,19,0.11792767847283522,BR:WIND,0.18294694545248477,US:PV,0.17141950603639775,Latin America,Americas,BR:PV,0.13822002747120044
PY,L2,W3,L2_W3,0.08461932377719072,48,19,0.13293674080556311,BR:WIND,0.17761792290171868,US:PV,0.16618951854234534,Latin America,Americas,BR:PV,0.13705580168634868
PY,L3,W0,L3_W0,0.09393455195753991,210,40,0.0,US:PV,0.15223053933054104,FJ:PV,0.12648048421675387,Latin America,Americas,MX:PV,0.07255446181655037
PY,L3,W1,L3_W1,0.07498708842366619,210,38,0.05122785425695177,US:PV,0.15444456031575116,FJ:PV,0.125783777730645,Latin America,Americas,MX:PV,0.07260982839699892
PY,L3,W2,L3_W2,0.061286416617255715,210,37,0.09101226177332418,US:PV,0.15243571187163163,FJ:PV,0.12986145943462632,Latin America,Americas,MX:PV,0.07928648606370221
PY,L3,W3,L3_W3,0.06020202883626451,210,37,0.09393293796937276,US:PV,0.149845224041944,FJ:PV,0.13194241583500202,Latin America,Americas,MX:PV,0.08341461901883866
RO,L0,W0,L0_W0,0.3165185964253165,2,2,0.0,RO:WIND,0.5742811525374428,RO:PV,0.42571884746255567,Europe,EurAfrMENA,,
RO,L0,W1,L0_W1,0.2926153595498847,2,2,0.054801392596233095,RO:WIND,0.56928021146703,RO:PV,0.4307197885329687,Europe,EurAfrMENA,,
RO,L0,W2,L0_W2,0.24751937296529541,2,2,0.1509922180500595,RO:WIND,0.5594280767371098,RO:PV,0.4405719232628888,Europe,EurAfrMENA,,
RO,L0,W3,L0_W3,0.1942308319356492,2,2,0.2579769006326986,RO:WIND,0.5472919503307591,RO:PV,0.45270804966923983,Europe,EurAfrMENA,,
RO,L1,W0,L1_W0,0.16687256795602423,52,25,0.0,PT:PV,0.13642832094099278,ES:WIND,0.13612028361612563,Europe,EurAfrMENA,DE:WIND,0.10878569299242345
RO,L1,W1,L1_W1,0.1465267460269434,52,24,0.05878545866859197,PT:PV,0.14232907280961013,ES:WIND,0.13445321936138643,Europe,EurAfrMENA,DE:WIND,0.1066600475702583
RO,L1,W2,L1_W2,0.120671362969959,52,25,0.13506077741081376,PT:PV,0.14995023555750447,ES:WIND,0.13444037377055323,Europe,EurAfrMENA,DE:WIND,0.09941931675173171
RO,L1,W3,L1_W3,0.11013402532409904,52,25,0.1661373265897417,PT:PV,0.15310616231767002,ES:WIND,0.13702908645324224,Europe,EurAfrMENA,DE:WIND,0.1009151807245674
RO,L2,W0,L2_W0,0.12598803951121598,94,31,0.0,CV:PV,0.20504308946064226,MU:PV,0.09395917517472646,Europe,EurAfrMENA,ET:WIND,0.0908839307850646
RO,L2,W1,L2_W1,0.10691299059659423,94,33,0.053252164892642326,CV:PV,0.21274038462861614,MU:PV,0.10017151817828754,Europe,EurAfrMENA,ET:WIND,0.09210260649582216
RO,L2,W2,L2_W2,0.08657310085080187,94,29,0.11061344250476447,CV:PV,0.23256031052997536,MU:PV,0.12099761481414295,Europe,EurAfrMENA,ET:WIND,0.08962327385006974
RO,L2,W3,L2_W3,0.08088757306806492,94,28,0.12589800498361622,CV:PV,0.24136624205935028,MU:PV,0.1315732545173704,Europe,EurAfrMENA,ET:WIND,0.09133894207582435
RO,L3,W0,L3_W0,0.06718027599336937,210,59,0.0,CL:PV,0.22105978331587475,MX:PV,0.09254712528783299,Europe,EurAfrMENA,OM:PV,0.08409484383495311
RO,L3,W1,L3_W1,0.053746295539387985,210,57,0.04768423466820324,CL:PV,0.2257021593374783,OM:PV,0.09054261573770346,Europe,EurAfrMENA,MX:PV,0.08379200006886349
RO,L3,W2,L3_W2,0.04893171728037209,210,53,0.06655708721667138,CL:PV,0.23445247860280544,OM:PV,0.1064880965242286,Europe,EurAfrMENA,MX:PV,0.07557061132647898
RO,L3,W3,L3_W3,0.048732426953658606,210,50,0.06718027599336937,CL:PV,0.23516478716657532,OM:PV,0.10729334717176611,Europe,EurAfrMENA,MX:PV,0.07554076436569429
RU,L0,W0,L0_W0,0.3524156652402895,2,2,0.0,RU:WIND,0.609619494984351,RU:PV,0.39038050501564797,Europe,EurAfrMENA,,
RU,L0,W1,L0_W1,0.3291914561348123,2,2,0.05842798403444735,RU:WIND,0.6030913336853915,RU:PV,0.39690866631460753,Europe,EurAfrMENA,,
RU,L0,W2,L0_W2,0.2856871197217564,2,2,0.16220652875501598,RU:WIND,0.5891662976921161,RU:PV,0.41083370230788285,Europe,EurAfrMENA,,
RU,L0,W3,L0_W3,0.2321131193955237,2,2,0.2805034577691956,RU:WIND,0.5726670852940727,RU:PV,0.42733291470592627,Europe,EurAfrMENA,,
RU,L1,W0,L1_W0,0.192221305523385,52,21,0.0,ES:WIND,0.12698164563681538,FI:WIND,0.10840473858178483,Europe,EurAfrMENA,PT:PV,0.10350560739401861
RU,L1,W1,L1_W1,0.17101338775503847,52,21,0.05912386333358222,ES:WIND,0.12656261802397378,FI:WIND,0.10937263946354255,Europe,EurAfrMENA,PT:PV,0.10787779319174136
RU,L1,W2,L1_W2,0.1398639497229666,52,22,0.14523530831570491,ES:WIND,0.12175783723812697,FI:WIND,0.11342819070884229,Europe,EurAfrMENA,PT:PV,0.10831425719274694
RU,L1,W3,L1_W3,0.1236655074618354,52,24,0.1901670419370921,ES:WIND,0.12103582570015409,FI:WIND,0.12058351317582199,Europe,EurAfrMENA,PT:PV,0.10353003826367041
RU,L2,W0,L2_W0,0.16779324703256682,94,29,0.0,CV:PV,0.21929210641020977,FI:WIND,0.0718380907675524,Europe,EurAfrMENA,ZM:WIND,0.06725999049424781
RU,L2,W1,L2_W1,0.1485329417514852,94,28,0.061985228509395196,CV:PV,0.21733744830723642,FI:WIND,0.07240360224592236,Europe,EurAfrMENA,ZM:WIND,0.07028278104137788
RU,L2,W2,L2_W2,0.12313991329717087,94,29,0.1416300980249948,CV:PV,0.21745758489561007,FI:WIND,0.078905661932998,Europe,EurAfrMENA,ZM:WIND,0.07857683806938036
RU,L2,W3,L2_W3,0.11429146333692108,94,27,0.16765472149474211,CV:PV,0.22386041980973231,ZM:WIND,0.08366963271194268,Europe,EurAfrMENA,FI:WIND,0.08251930063514366
RU,L3,W0,L3_W0,0.13700935101061698,210,44,0.0,MX:PV,0.14481140882400537,BO:PV,0.07288019908557662,Europe,EurAfrMENA,MG:PV,0.053916627838538234
RU,L3,W1,L3_W1,0.12000578564120476,210,42,0.066456955815817,MX:PV,0.15423515951185598,BO:PV,0.060825549474512824,Europe,EurAfrMENA,OM:PV,0.05228488537982657
RU,L3,W2,L3_W2,0.10210333479128056,210,41,0.1317720090530255,MX:PV,0.13738695605742496,CV:PV,0.06512280599158284,Europe,EurAfrMENA,PK:PV,0.05060068205611308
RU,L3,W3,L3_W3,0.10052553555846183,210,40,0.1370089399937034,MX:PV,0.1291443912115428,CV:PV,0.06982133393027568,Europe,EurAfrMENA,PK:PV,0.051593579186356195
RW,L0,W0,L0_W0,0.350064180199742,2,2,0.0,RW:PV,0.6909844917397847,RW:WIND,0.3090155082602101,Africa/MENA,EurAfrMENA,,
RW,L0,W1,L0_W1,0.32669065758279775,2,2,0.053131036981788685,RW:PV,0.6980873007871038,RW:WIND,0.30191269921289104,Africa/MENA,EurAfrMENA,,
RW,L0,W2,L0_W2,0.28057804063573527,2,2,0.1483241716134682,RW:PV,0.7124970514367196,RW:WIND,0.28750294856327535,Africa/MENA,EurAfrMENA,,
RW,L0,W3,L0_W3,0.21669416313074388,2,2,0.2640975810478475,RW:PV,0.7301788207281089,RW:WIND,0.26982117927188626,Africa/MENA,EurAfrMENA,,
RW,L1,W0,L1_W0,0.12384863354422256,42,16,0.0,CV:PV,0.21336375511219083,MU:PV,0.16047698849148587,Africa/MENA,EurAfrMENA,ET:WIND,0.11767913911188504
RW,L1,W1,L1_W1,0.1030439548427981,42,16,0.049529105215595004,CV:PV,0.21876337185862002,MU:PV,0.16618155475720894,Africa/MENA,EurAfrMENA,ET:WIND,0.11744293431630665
RW,L1,W2,L1_W2,0.08051223500315106,42,16,0.10454628613271173,CV:PV,0.23424798086877396,MU:PV,0.18553788433217064,Africa/MENA,EurAfrMENA,ET:WIND,0.11406063164317878
RW,L1,W3,L1_W3,0.07288940204218375,42,16,0.12309297458720332,CV:PV,0.24388419006127976,MU:PV,0.200382203625386,Africa/MENA,EurAfrMENA,ET:WIND,0.11433566261024325
RW,L2,W0,L2_W0,0.12050585059205178,94,32,0.0,CV:PV,0.19456702129335304,MU:PV,0.14736503303179985,Africa/MENA,EurAfrMENA,ET:WIND,0.09917336170621573
RW,L2,W1,L2_W1,0.09980904644068235,94,32,0.050431366473374456,CV:PV,0.20133673949803627,MU:PV,0.1547622692461566,Africa/MENA,EurAfrMENA,ET:WIND,0.09948070207980014
RW,L2,W2,L2_W2,0.07843201056565341,94,30,0.10382961871352138,CV:PV,0.21884095528676573,MU:PV,0.17709421079160753,Africa/MENA,EurAfrMENA,ET:WIND,0.09842918183615965
RW,L2,W3,L2_W3,0.07164148484222455,94,30,0.12012113357170097,CV:PV,0.22838578369523588,MU:PV,0.1923718268503689,Africa/MENA,EurAfrMENA,ET:WIND,0.10003586489466552
RW,L3,W0,L3_W0,0.06659732013311132,210,68,0.0,CL:PV,0.1574649815336186,IN:PV,0.08294309537572613,Africa/MENA,EurAfrMENA,ET:PV,0.06706042278295776
RW,L3,W1,L3_W1,0.04957694343784984,210,68,0.04256664776059521,CL:PV,0.1651345661829995,IN:PV,0.08597393000898305,Africa/MENA,EurAfrMENA,ET:PV,0.06239237106315178
RW,L3,W2,L3_W2,0.04154350664285618,210,67,0.06464062355280863,CL:PV,0.17056901860209078,IN:PV,0.08978228656833971,Africa/MENA,EurAfrMENA,ET:PV,0.06937270509868292
RW,L3,W3,L3_W3,0.040885383867166024,210,67,0.06659732013311132,CL:PV,0.17057965404820796,IN:PV,0.08868532341821886,Africa/MENA,EurAfrMENA,ET:PV,0.06877703247412198
SA,L0,W0,L0_W0,0.26596456025448223,2,2,0.0,SA:WIND,0.6712804389312758,SA:PV,0.3287195610687184,Asia-Pacific,Asia,,
SA,L0,W1,L0_W1,0.24207498181709924,2,2,0.0499370887355813,SA:WIND,0.6705749735455452,SA:PV,0.32942502645444893,Asia-Pacific,Asia,,
SA,L0,W2,L0_W2,0.2019755516288184,2,2,0.13225455056986446,SA:WIND,0.6673187497190675,SA:PV,0.332681250280927,Asia-Pacific,Asia,,
SA,L0,W3,L0_W3,0.16101198107861367,2,2,0.21744788787759967,SA:WIND,0.6615803859846994,SA:PV,0.3384196140152951,Asia-Pacific,Asia,,
SA,L1,W0,L1_W0,0.12253186486100467,60,26,0.0,CN:WIND,0.36999052844502467,PH:WIND,0.09124148622073529,Asia-Pacific,Asia,OM:WIND,0.0749014208868285
SA,L1,W1,L1_W1,0.10179029820505116,60,26,0.05150153804474892,CN:WIND,0.3700481587625128,PH:WIND,0.09159550675560303,Asia-Pacific,Asia,OM:WIND,0.07501819579778345
SA,L1,W2,L1_W2,0.08041692009401993,60,26,0.10883569639020477,CN:WIND,0.37226218381899273,PH:WIND,0.08947116429253586,Asia-Pacific,Asia,OM:WIND,0.07475846441157755
SA,L1,W3,L1_W3,0.07567605772440596,60,26,0.12242054888391572,CN:WIND,0.37127429590215155,PH:WIND,0.09201100136308053,Asia-Pacific,Asia,OM:WIND,0.07562713284014232
SA,L2,W0,L2_W0,0.12253186486100467,60,26,0.0,CN:WIND,0.36999052844502467,PH:WIND,0.09124148622073529,Asia-Pacific,Asia,OM:WIND,0.0749014208868285
SA,L2,W1,L2_W1,0.10179029820505116,60,26,0.05150153804474892,CN:WIND,0.3700481587625128,PH:WIND,0.09159550675560303,Asia-Pacific,Asia,OM:WIND,0.07501819579778345
SA,L2,W2,L2_W2,0.08041692009401993,60,26,0.10883569639020477,CN:WIND,0.37226218381899273,PH:WIND,0.08947116429253586,Asia-Pacific,Asia,OM:WIND,0.07475846441157755
SA,L2,W3,L2_W3,0.07567605772440596,60,26,0.12242054888391572,CN:WIND,0.37127429590215155,PH:WIND,0.09201100136308053,Asia-Pacific,Asia,OM:WIND,0.07562713284014232
SA,L3,W0,L3_W0,0.06724855712573813,210,72,0.0,MX:PV,0.12210500442776234,CL:PV,0.059702763205384785,Asia-Pacific,Asia,CN:WIND,0.055146781507857345
SA,L3,W1,L3_W1,0.05155546877805337,210,71,0.04388613943445899,MX:PV,0.1253131015011184,CN:WIND,0.05778272213162732,Asia-Pacific,Asia,CL:PV,0.056008232371126974
SA,L3,W2,L3_W2,0.043944806707417405,210,66,0.06512501260907264,MX:PV,0.13009226019810896,CN:WIND,0.06032943890942485,Asia-Pacific,Asia,CL:PV,0.050235338646243674
SA,L3,W3,L3_W3,0.04302646420933314,210,67,0.06724855712573813,MX:PV,0.13165054914929492,CN:WIND,0.062022590294580265,Asia-Pacific,Asia,CL:PV,0.0493060594061967
SE,L0,W0,L0_W0,0.33915522577497553,2,2,0.0,SE:WIND,0.6105993988045288,SE:PV,0.38940060119546843,Europe,EurAfrMENA,,
SE,L0,W1,L0_W1,0.3152804987296051,2,2,0.05644401285880938,SE:WIND,0.6065480908669394,SE:PV,0.3934519091330579,Europe,EurAfrMENA,,
SE,L0,W2,L0_W2,0.2696554015182359,2,2,0.15588925027078207,SE:WIND,0.5998623626521853,SE:PV,0.4001376373478122,Europe,EurAfrMENA,,
SE,L0,W3,L0_W3,0.2133312681998396,2,2,0.26827763903463825,SE:WIND,0.594627477054696,SE:PV,0.40537252294530124,Europe,EurAfrMENA,,
SE,L1,W0,L1_W0,0.17634902363386246,52,27,0.0,PT:PV,0.10728357268995613,ES:WIND,0.08854851111774795,Europe,EurAfrMENA,NL:WIND,0.07747912588546024
SE,L1,W1,L1_W1,0.15513616910138273,52,26,0.05734064819490787,PT:PV,0.11202014469916495,ES:WIND,0.08740557220369094,Europe,EurAfrMENA,EE:WIND,0.07695259380028097
SE,L1,W2,L1_W2,0.12619936328030318,52,27,0.1367390903709209,PT:PV,0.11316301001800246,ES:WIND,0.08362155689871403,Europe,EurAfrMENA,EE:WIND,0.0773603834079585
SE,L1,W3,L1_W3,0.11234216412003037,52,26,0.17474882616482657,PT:PV,0.11860460506018812,ES:WIND,0.08015742241738658,Europe,EurAfrMENA,NL:WIND,0.0781413217086383
SE,L2,W0,L2_W0,0.14778869260686947,94,32,0.0,CV:PV,0.16479955777760485,ET:WIND,0.10461921806971149,Europe,EurAfrMENA,ZA:WIND,0.07577316675296282
SE,L2,W1,L2_W1,0.12765907060256917,94,32,0.05716074570206801,CV:PV,0.16823022900213902,ET:WIND,0.10661929789534123,Europe,EurAfrMENA,ZA:WIND,0.07467271047761713
SE,L2,W2,L2_W2,0.10317362734518636,94,27,0.12448348569417803,CV:PV,0.18759079124909067,ET:WIND,0.10572918827790352,Europe,EurAfrMENA,ZA:WIND,0.07046360402104525
SE,L2,W3,L2_W3,0.09420928788273711,94,27,0.14748337059180144,CV:PV,0.20098130329499145,ET:WIND,0.10534716303823288,Europe,EurAfrMENA,SN:WIND,0.071136882704675
SE,L3,W0,L3_W0,0.08934270321314253,210,52,0.0,MX:PV,0.1411084070863387,PE:PV,0.12982977224253647,Europe,EurAfrMENA,EG:PV,0.06098691713800696
SE,L3,W1,L3_W1,0.07349901747417761,210,47,0.054449096748801676,MX:PV,0.1394841175081194,PE:PV,0.13197384770446383,Europe,EurAfrMENA,OM:PV,0.07104316571071922
SE,L3,W2,L3_W2,0.06431422934478463,210,46,0.08830842103183752,PE:PV,0.13677859610606746,MX:PV,0.1333129667986685,Europe,EurAfrMENA,OM:PV,0.0897406426359788
SE,L3,W3,L3_W3,0.06396059766537006,210,46,0.08931645072757138,PE:PV,0.137708051559985,MX:PV,0.13320027849580976,Europe,EurAfrMENA,OM:PV,0.09020565953957424
SK,L0,W0,L0_W0,0.38841586549061563,2,2,0.0,SK:PV,0.5771290127244803,SK:WIND,0.4228709872755187,Europe,EurAfrMENA,,
SK,L0,W1,L0_W1,0.3646775871984016,2,2,0.05873627575255549,SK:PV,0.5825384865897638,SK:WIND,0.4174615134102351,Europe,EurAfrMENA,,
SK,L0,W2,L0_W2,0.3170121111017597,2,2,0.16512715866930805,SK:PV,0.5921978979133408,SK:WIND,0.407802102086658,Europe,EurAfrMENA,,
SK,L0,W3,L0_W3,0.25019693869612214,2,2,0.2945639830371621,SK:PV,0.6026462394031797,SK:WIND,0.39735376059681904,Europe,EurAfrMENA,,
SK,L1,W0,L1_W0,0.1877491025437925,52,24,0.0,PT:PV,0.14321920969461266,ES:WIND,0.11936021167837275,Europe,EurAfrMENA,DE:WIND,0.07893275685834665
SK,L1,W1,L1_W1,0.167662265938264,52,23,0.0610711567833826,PT:PV,0.15181123074190914,ES:WIND,0.1191056859316463,Europe,EurAfrMENA,DE:WIND,0.07676833464069897
SK,L1,W2,L1_W2,0.14027243997247102,52,23,0.14526215102782447,PT:PV,0.1596545117112538,ES:WIND,0.11937312007905859,Europe,EurAfrMENA,RU:PV,0.07749364541573209
SK,L1,W3,L1_W3,0.12660679639909636,52,22,0.18618870698355994,PT:PV,0.1686106138575279,ES:WIND,0.12291770316456258,Europe,EurAfrMENA,RU:PV,0.08005629819488798
SK,L2,W0,L2_W0,0.14869822882494807,94,28,0.0,CV:PV,0.2159211815626888,ET:WIND,0.10517586523828093,Europe,EurAfrMENA,MU:PV,0.08185980782018516
SK,L2,W1,L2_W1,0.12908734373148,94,28,0.05628055659636863,CV:PV,0.22506547561609663,ET:WIND,0.10619345646398098,Europe,EurAfrMENA,MU:PV,0.08340586885300363
SK,L2,W2,L2_W2,0.10548925245973888,94,24,0.12337182990144732,CV:PV,0.24732057857417514,ET:WIND,0.1052015000381923,Europe,EurAfrMENA,MU:PV,0.09617575015400709
SK,L2,W3,L2_W3,0.09601800682187651,94,22,0.14827197196309821,CV:PV,0.26269466210371406,MU:PV,0.11175410340933842,Europe,EurAfrMENA,ET:WIND,0.1070242900779289
SK,L3,W0,L3_W0,0.08066772061884751,210,50,0.0,CL:PV,0.2391552148079605,OM:PV,0.12576608950124635,Europe,EurAfrMENA,MX:PV,0.11225129903516594
SK,L3,W1,L3_W1,0.06550101947539484,210,47,0.05232626271218812,CL:PV,0.2672904576688668,OM:PV,0.13483199354403647,Europe,EurAfrMENA,MX:PV,0.10637231393776153
SK,L3,W2,L3_W2,0.05829830738312961,210,44,0.07934652927616516,CL:PV,0.28348404374149033,OM:PV,0.1525340912730277,Europe,EurAfrMENA,MX:PV,0.09570204752015775
SK,L3,W3,L3_W3,0.05791859371190751,210,43,0.0806664078177925,CL:PV,0.28463639316643924,OM:PV,0.1563020501557943,Europe,EurAfrMENA,MX:PV,0.09480131680110435
SN,L0,W0,L0_W0,0.2799902391870382,2,2,0.0,SN:WIND,0.5469167030189626,SN:PV,0.45308329698103494,Africa/MENA,EurAfrMENA,,
SN,L0,W1,L0_W1,0.25690802411109787,2,2,0.05290282372515725,SN:WIND,0.539862103754797,SN:PV,0.46013789624520063,Africa/MENA,EurAfrMENA,,
SN,L0,W2,L0_W2,0.21754693648164547,2,2,0.14134373915373502,SN:WIND,0.5230168728944002,SN:PV,0.476983127105597,Africa/MENA,EurAfrMENA,,
SN,L0,W3,L0_W3,0.17488349233403847,2,2,0.23309590445335174,SN:WIND,0.502278559763504,SN:PV,0.49772144023649345,Africa/MENA,EurAfrMENA,,
SN,L1,W0,L1_W0,0.15878940783482795,42,19,0.0,EG:WIND,0.16980496876369452,CV:PV,0.11038518344425768,Africa/MENA,EurAfrMENA,LY:WIND,0.09631923922277609
SN,L1,W1,L1_W1,0.1373883885181815,42,19,0.053700222190821614,EG:WIND,0.16753806279669384,CV:PV,0.11060657718628605,Africa/MENA,EurAfrMENA,LY:WIND,0.09616323256319799
SN,L1,W2,L1_W2,0.10980760156722587,42,20,0.12492257459030241,EG:WIND,0.16035964884122308,CV:PV,0.11485060835278434,Africa/MENA,EurAfrMENA,LY:WIND,0.09383147403482298
SN,L1,W3,L1_W3,0.09730993148127214,42,20,0.15721206971917104,EG:WIND,0.16182841601714398,CV:PV,0.12141657681003827,Africa/MENA,EurAfrMENA,NG:WIND,0.09210139714990656
SN,L2,W0,L2_W0,0.15300567397481388,94,26,0.0,EG:WIND,0.14044198701588437,LY:WIND,0.09113102033162174,Africa/MENA,EurAfrMENA,NG:WIND,0.07763467231073627
SN,L2,W1,L2_W1,0.13176042469712868,94,26,0.053280391211798374,EG:WIND,0.1385467715940529,LY:WIND,0.09058597695576448,Africa/MENA,EurAfrMENA,NG:WIND,0.07783160554351544
SN,L2,W2,L2_W2,0.10467977429988937,94,26,0.12272216949607796,EG:WIND,0.13486691890948882,PT:PV,0.08936028574475295,Africa/MENA,EurAfrMENA,LY:WIND,0.08487966538215584
SN,L2,W3,L2_W3,0.09336232004526294,94,27,0.15192314422214748,EG:WIND,0.13633524830223104,PT:PV,0.09929353644505788,Africa/MENA,EurAfrMENA,NG:WIND,0.08018893446719064
SN,L3,W0,L3_W0,0.0904685372583356,210,52,0.0,US:PV,0.3237009894861348,FJ:PV,0.09682869862879424,Africa/MENA,EurAfrMENA,MA:PV,0.06815807437391916
SN,L3,W1,L3_W1,0.07127301288909889,210,50,0.04385222599666084,US:PV,0.32928706545905534,FJ:PV,0.0960339619236248,Africa/MENA,EurAfrMENA,MA:PV,0.06766294770314939
SN,L3,W2,L3_W2,0.055598434438691884,210,50,0.08214359057314917,US:PV,0.33253442342154843,FJ:PV,0.09799095349173097,Africa/MENA,EurAfrMENA,MA:PV,0.06874142929475015
SN,L3,W3,L3_W3,0.05240352964056363,210,48,0.0903121453231945,US:PV,0.3313931213765764,FJ:PV,0.09939590335098956,Africa/MENA,EurAfrMENA,MA:PV,0.06642272592885991
SR,L0,W0,L0_W0,0.27880054048457625,2,2,0.0,SR:WIND,0.6048307395296395,SR:PV,0.395169260470355,Latin America,Americas,,
SR,L0,W1,L0_W1,0.25602964707102976,2,2,0.0559286030732052,SR:WIND,0.5990481775679382,SR:PV,0.4009518224320564,Latin America,Americas,,
SR,L0,W2,L0_W2,0.21683693041943017,2,2,0.14970065583098735,SR:WIND,0.5863726576021506,SR:PV,0.4136273423978439,Latin America,Americas,,
SR,L0,W3,L0_W3,0.17779997872057493,2,2,0.2414379866515914,SR:WIND,0.5724413989023088,SR:PV,0.4275586010976857,Latin America,Americas,,
SR,L1,W0,L1_W0,0.19330844660611657,22,12,0.0,PE:WIND,0.14244874308490751,GF:WIND,0.13763058442450984,Latin America,Americas,BR:WIND,0.12147361487058524
SR,L1,W1,L1_W1,0.17232333010500647,22,12,0.05993715716506095,PE:WIND,0.14211111768313198,GF:WIND,0.13872878173692726,Latin America,Americas,BR:WIND,0.12193642949647561
SR,L1,W2,L1_W2,0.14250320259846858,22,12,0.14564882463047765,GF:WIND,0.14519574698755033,PE:WIND,0.1398430957362185,Latin America,Americas,CL:WIND,0.11182902013261228
SR,L1,W3,L1_W3,0.1263822055511725,22,12,0.1908954327571849,GF:WIND,0.14868746105772215,PE:WIND,0.13541939254319885,Latin America,Americas,CL:WIND,0.11373153857031357
SR,L2,W0,L2_W0,0.15375996414244325,48,18,0.0,US:WIND,0.18129178919638134,US:PV,0.128975411240876,Latin America,Americas,LC:WIND,0.09967944146091708
SR,L2,W1,L2_W1,0.13277532037905332,48,18,0.0567795328562363,US:WIND,0.18231292474817817,US:PV,0.13176750550221503,Latin America,Americas,LC:WIND,0.09895396918013864
SR,L2,W2,L2_W2,0.10651362431150277,48,17,0.12966414722581834,US:WIND,0.18220676581500003,US:PV,0.14124221808067644,Latin America,Americas,LC:WIND,0.09778337623272611
SR,L2,W3,L2_W3,0.09794892113840156,48,18,0.15339098241996083,US:WIND,0.18251237493315123,US:PV,0.1437181043803309,Latin America,Americas,BR:PV,0.10058693350251086
SR,L3,W0,L3_W0,0.12021987756907572,210,39,0.0,FJ:PV,0.14250169928362527,US:PV,0.13458250353429646,Latin America,Americas,CV:PV,0.10771398951620859
SR,L3,W1,L3_W1,0.10083253483940054,210,39,0.057174872264208317,FJ:PV,0.1412921011866714,US:PV,0.13533902093384956,Latin America,Americas,CV:PV,0.10282501067954523
SR,L3,W2,L3_W2,0.0817623498431248,210,34,0.11300030387425865,FJ:PV,0.14419824345024804,US:PV,0.132380416188308,Latin America,Americas,CV:PV,0.10430858183567288
SR,L3,W3,L3_W3,0.07903962103381601,210,34,0.12021712804767493,FJ:PV,0.15133061757865718,US:PV,0.13023018477841838,Latin America,Americas,CV:PV,0.10942944321730023
SV,L0,W0,L0_W0,0.4059788813024238,2,2,0.0,SV:PV,0.8221622633923438,SV:WIND,0.1778377366076554,North America,Americas,,
SV,L0,W1,L0_W1,0.38137188526456633,2,2,0.05175261988327866,SV:PV,0.8263162618119677,SV:WIND,0.17368373818803107,North America,Americas,,
SV,L0,W2,L0_W2,0.33029826414303765,2,2,0.14786232784390216,SV:PV,0.8341473357567122,SV:WIND,0.16585266424328704,North America,Americas,,
SV,L0,W3,L0_W3,0.24893427724540473,2,2,0.27731486740208555,SV:PV,0.8445649417229951,SV:WIND,0.15543505827700366,North America,Americas,,
SV,L1,W0,L1_W0,0.15550382515560524,26,11,0.0,US:WIND,0.2934254266618925,US:PV,0.2405297725351472,North America,Americas,CA:WIND,0.11592540503516796
SV,L1,W1,L1_W1,0.1342178971681406,26,11,0.05319996248487542,US:WIND,0.2889923210533767,US:PV,0.24823323823936452,North America,Americas,CA:WIND,0.11420671398927816
SV,L1,W2,L1_W2,0.10725951731176671,26,11,0.12231152522158029,US:WIND,0.26985733365308406,US:PV,0.26512089841888065,North America,Americas,CA:WIND,0.11150316631091262
SV,L1,W3,L1_W3,0.09541569423351068,26,12,0.15383517396509014,US:PV,0.2629011526673832,US:WIND,0.2520744396381279,North America,Americas,MX:WIND,0.11245059067643749
SV,L2,W0,L2_W0,0.1284193600554402,48,21,0.0,BR:WIND,0.21545909626487528,US:PV,0.15254628490198538,North America,Americas,US:WIND,0.13778051226893723
SV,L2,W1,L2_W1,0.1080639407043621,48,21,0.05267070309445134,BR:WIND,0.21130556430550584,US:PV,0.1581212856822409,North America,Americas,US:WIND,0.13395938345550876
SV,L2,W2,L2_W2,0.08605232500703572,48,20,0.11228313492086127,BR:WIND,0.1984820648999868,US:PV,0.17910455785003093,North America,Americas,US:WIND,0.12165768186234947
SV,L2,W3,L2_W3,0.08016905582398569,48,19,0.12835072420804267,BR:WIND,0.19273703181924884,US:PV,0.18690958875975866,North America,Americas,US:WIND,0.11696081198455727
SV,L3,W0,L3_W0,0.0632880870335064,210,61,0.0,US:PV,0.13027213401422155,AU:PV,0.11503653166095053,North America,Americas,FJ:PV,0.10054232517269461
SV,L3,W1,L3_W1,0.04564378322887475,210,59,0.04091979447167614,US:PV,0.13214758803170995,AU:PV,0.11679935587870824,North America,Americas,FJ:PV,0.10277750140948287
SV,L3,W2,L3_W2,0.03700733062938192,210,61,0.06272245014223903,US:PV,0.1349139522523219,AU:PV,0.11570094703211808,North America,Americas,FJ:PV,0.11028294296943848
SV,L3,W3,L3_W3,0.036784974292932066,210,59,0.063282745266681,US:PV,0.13553980231236515,AU:PV,0.11537648140216551,North America,Americas,FJ:PV,0.11059441739986023
TH,L0,W0,L0_W0,0.3352224398025695,2,2,0.0,TH:WIND,0.5237455347563899,TH:PV,0.47625446524361204,Asia-Pacific,Asia,,
TH,L0,W1,L0_W1,0.31175950689332665,2,2,0.05332953299192737,TH:WIND,0.51383323645895,TH:PV,0.48616676354105176,Asia-Pacific,Asia,,
TH,L0,W2,L0_W2,0.26621773279557037,2,2,0.1484668346833005,TH:PV,0.5069317037348615,TH:WIND,0.49306829626514026,Asia-Pacific,Asia,,
TH,L0,W3,L0_W3,0.20566955910514767,2,2,0.2601253353840168,TH:PV,0.5312676702824862,TH:WIND,0.46873232971751544,Asia-Pacific,Asia,,
TH,L1,W0,L1_W0,0.10785540337720262,60,27,0.0,CN:WIND,0.2972284622211528,IL:PV,0.09622135258086044,Asia-Pacific,Asia,PH:WIND,0.08908608557403716
TH,L1,W1,L1_W1,0.08826038496653961,60,26,0.04871743576235841,CN:WIND,0.3017480085862277,IL:PV,0.09817589975867223,Asia-Pacific,Asia,PH:WIND,0.0894004560532181
TH,L1,W2,L1_W2,0.07024124896763026,60,25,0.09734563568079888,CN:WIND,0.3014785087900226,IL:PV,0.09998514318194016,Asia-Pacific,Asia,PH:WIND,0.08946206764590921
TH,L1,W3,L1_W3,0.0664741626060929,60,25,0.10774432614185021,CN:WIND,0.29885772976561004,IL:PV,0.10595932271710298,Asia-Pacific,Asia,PH:WIND,0.08788655702024799
TH,L2,W0,L2_W0,0.10785540337720262,60,27,0.0,CN:WIND,0.2972284622211528,IL:PV,0.09622135258086044,Asia-Pacific,Asia,PH:WIND,0.08908608557403716
TH,L2,W1,L2_W1,0.08826038496653961,60,26,0.04871743576235841,CN:WIND,0.3017480085862277,IL:PV,0.09817589975867223,Asia-Pacific,Asia,PH:WIND,0.0894004560532181
TH,L2,W2,L2_W2,0.07024124896763026,60,25,0.09734563568079888,CN:WIND,0.3014785087900226,IL:PV,0.09998514318194016,Asia-Pacific,Asia,PH:WIND,0.08946206764590921
TH,L2,W3,L2_W3,0.0664741626060929,60,25,0.10774432614185021,CN:WIND,0.29885772976561004,IL:PV,0.10595932271710298,Asia-Pacific,Asia,PH:WIND,0.08788655702024799
TH,L3,W0,L3_W0,0.05787160257905207,210,72,0.0,CV:PV,0.09035100692785304,CN:WIND,0.06163493678094478,Asia-Pacific,Asia,CN:PV,0.05619789745038183
TH,L3,W1,L3_W1,0.044450689741914504,210,69,0.043686160450022916,CV:PV,0.09818595004466622,CN:WIND,0.07278493791824689,Asia-Pacific,Asia,GH:PV,0.05360615283722024
TH,L3,W2,L3_W2,0.04085523935812777,210,65,0.05761718000077175,CV:PV,0.10920546200162497,CN:WIND,0.07515716817637333,Asia-Pacific,Asia,GH:PV,0.05420125833900348
TH,L3,W3,L3_W3,0.0407896428943806,210,66,0.05787160257905207,CV:PV,0.10959195487196607,CN:WIND,0.07535846648114962,Asia-Pacific,Asia,GH:PV,0.0542815692996257
TN,L0,W0,L0_W0,0.2981368778176904,2,2,0.0,TN:WIND,0.6477036967696448,TN:PV,0.3522963032303395,Africa/MENA,EurAfrMENA,,
TN,L0,W1,L0_W1,0.2747329121120367,2,2,0.054489499070162664,TN:WIND,0.6422257331671369,TN:PV,0.3577742668328478,Africa/MENA,EurAfrMENA,,
TN,L0,W2,L0_W2,0.2343274024292089,2,2,0.1439958225272117,TN:WIND,0.6330792457392336,TN:PV,0.36692075426075127,Africa/MENA,EurAfrMENA,,
TN,L0,W3,L0_W3,0.18909693401869423,2,2,0.23808403607117964,TN:WIND,0.6222003746250461,TN:PV,0.37779962537493944,Africa/MENA,EurAfrMENA,,
TN,L1,W0,L1_W0,0.1524111557860286,42,20,0.0,CV:PV,0.14252624883524243,ET:WIND,0.11375461224742384,Africa/MENA,EurAfrMENA,EG:WIND,0.10980393460861447
TN,L1,W1,L1_W1,0.13089621784589736,42,20,0.05267484122214231,CV:PV,0.14626432026626376,ET:WIND,0.11287724447029548,Africa/MENA,EurAfrMENA,EG:WIND,0.10888968047946807
TN,L1,W2,L1_W2,0.10333488201391779,42,20,0.12105271672171172,CV:PV,0.15799859649803114,ET:WIND,0.11881408017610677,Africa/MENA,EurAfrMENA,EG:WIND,0.10094554780753702
TN,L1,W3,L1_W3,0.09100139300850704,42,22,0.15135459454258537,CV:PV,0.17128441953123244,ET:WIND,0.12998469797381873,Africa/MENA,EurAfrMENA,EG:WIND,0.09580570092201784
TN,L2,W0,L2_W0,0.14687226403306294,94,36,0.0,CV:PV,0.12426137783411559,ET:WIND,0.09485538941112495,Africa/MENA,EurAfrMENA,EG:WIND,0.08328167233677505
TN,L2,W1,L2_W1,0.1255679315326521,94,35,0.05373897186790253,CV:PV,0.12769736555670194,ET:WIND,0.09452150831883191,Africa/MENA,EurAfrMENA,NG:WIND,0.08202298352682161
TN,L2,W2,L2_W2,0.09927419609833045,94,38,0.12051209047904599,CV:PV,0.14097628350573393,ET:WIND,0.10307483208019633,Africa/MENA,EurAfrMENA,NG:WIND,0.08270950302166631
TN,L2,W3,L2_W3,0.0887834001390919,94,37,0.14639076598132425,CV:PV,0.15429669370834026,ET:WIND,0.11482452900416472,Africa/MENA,EurAfrMENA,NG:WIND,0.08528377035929367
TN,L3,W0,L3_W0,0.08726361059615524,210,44,0.0,MX:PV,0.23810095307135365,CL:PV,0.12049699757250547,Africa/MENA,EurAfrMENA,FJ:PV,0.0909809408066144
TN,L3,W1,L3_W1,0.06829028845357217,210,42,0.04749291561466153,MX:PV,0.2421256608927753,CL:PV,0.11661556783392321,Africa/MENA,EurAfrMENA,FJ:PV,0.08839991323883897
TN,L3,W2,L3_W2,0.0551865238513669,210,42,0.0830336714425036,MX:PV,0.25898588110318893,CL:PV,0.11568468418607263,Africa/MENA,EurAfrMENA,FJ:PV,0.08687031517719213
TN,L3,W3,L3_W3,0.05358895578401135,210,44,0.08722261543380434,MX:PV,0.2604530696026588,CL:PV,0.11933833416823866,Africa/MENA,EurAfrMENA,FJ:PV,0.09063676165697998
TR,L0,W0,L0_W0,0.36044078237037896,2,2,0.0,TR:WIND,0.5039203962944089,TR:PV,0.49607960370559284,Asia-Pacific,Asia,,
TR,L0,W1,L0_W1,0.33671157117458445,2,2,0.054260057593627856,TR:PV,0.5067213459558617,TR:WIND,0.4932786540441399,Asia-Pacific,Asia,,
TR,L0,W2,L0_W2,0.29047019692794074,2,2,0.15188659359033838,TR:PV,0.5289129849951261,TR:WIND,0.4710870150048754,Asia-Pacific,Asia,,
TR,L0,W3,L0_W3,0.22837852698284286,2,2,0.26978540933125267,TR:PV,0.5543832867534221,TR:WIND,0.4456167132465793,Asia-Pacific,Asia,,
TR,L1,W0,L1_W0,0.17087793150826458,60,23,0.0,CN:WIND,0.3037044192812205,IN:WIND,0.11252632168731895,Asia-Pacific,Asia,IL:PV,0.10297827802538607
TR,L1,W1,L1_W1,0.1505088380673189,60,22,0.059149114869136904,CN:WIND,0.30461125554141166,IL:PV,0.10935258236316274,Asia-Pacific,Asia,IN:WIND,0.10641538448141195
TR,L1,W2,L1_W2,0.12307383223304064,60,22,0.13780090383413537,CN:WIND,0.2988708115736297,IL:PV,0.12577648382650633,Asia-Pacific,Asia,IN:WIND,0.09604843787475752
TR,L1,W3,L1_W3,0.11156551325025342,60,21,0.17008295538136597,CN:WIND,0.2930688363810667,IL:PV,0.13261627887544913,Asia-Pacific,Asia,IN:WIND,0.09249996383917242
TR,L2,W0,L2_W0,0.17087793150826458,60,23,0.0,CN:WIND,0.3037044192812205,IN:WIND,0.11252632168731895,Asia-Pacific,Asia,IL:PV,0.10297827802538607
TR,L2,W1,L2_W1,0.1505088380673189,60,22,0.059149114869136904,CN:WIND,0.30461125554141166,IL:PV,0.10935258236316274,Asia-Pacific,Asia,IN:WIND,0.10641538448141195
TR,L2,W2,L2_W2,0.12307383223304064,60,22,0.13780090383413537,CN:WIND,0.2988708115736297,IL:PV,0.12577648382650633,Asia-Pacific,Asia,IN:WIND,0.09604843787475752
TR,L2,W3,L2_W3,0.11156551325025342,60,21,0.17008295538136597,CN:WIND,0.2930688363810667,IL:PV,0.13261627887544913,Asia-Pacific,Asia,IN:WIND,0.09249996383917242
TR,L3,W0,L3_W0,0.07836691557603916,210,49,0.0,CL:PV,0.1680850348658622,US:PV,0.16713114602859577,Asia-Pacific,Asia,BH:PV,0.06526502473413133
TR,L3,W1,L3_W1,0.06097758823802805,210,48,0.04793845563972927,CL:PV,0.17336741352852972,US:PV,0.16079422479788283,Asia-Pacific,Asia,BH:PV,0.06455557543839328
TR,L3,W2,L3_W2,0.05132659463422606,210,47,0.07725316355478191,CL:PV,0.18716336882898715,US:PV,0.16095426956385528,Asia-Pacific,Asia,BH:PV,0.05880789640419359
TR,L3,W3,L3_W3,0.05097249121900715,210,46,0.07836043308782534,CL:PV,0.18741445154304448,US:PV,0.16221337053399967,Asia-Pacific,Asia,BH:PV,0.05836637401982267
TW,L0,W0,L0_W0,0.4857612783415981,2,2,0.0,TW:PV,0.8235946539256505,TW:WIND,0.17640534607434896,Asia-Pacific,Asia,,
TW,L0,W1,L0_W1,0.46384574496105624,2,2,0.06044376696909483,TW:PV,0.8329685895100141,TW:WIND,0.1670314104899855,Asia-Pacific,Asia,,
TW,L0,W2,L0_W2,0.4151222408015563,2,2,0.17622372420757648,TW:PV,0.8515308838210146,TW:WIND,0.1484691161789853,Asia-Pacific,Asia,,
TW,L0,W3,L0_W3,0.32853595468350594,2,2,0.33390882189528015,TW:PV,0.8761671597861244,TW:WIND,0.12383284021387575,Asia-Pacific,Asia,,
TW,L1,W0,L1_W0,0.10740895184922415,60,25,0.0,CN:WIND,0.2636536451068137,IL:PV,0.13202200433800884,Asia-Pacific,Asia,PH:PV,0.09901233178620407
TW,L1,W1,L1_W1,0.08789737846276971,60,25,0.049460510678081764,CN:WIND,0.26692344152591524,IL:PV,0.1314347792279903,Asia-Pacific,Asia,PH:PV,0.10273927072542714
TW,L1,W2,L1_W2,0.07019542924580126,60,24,0.09800109051524077,CN:WIND,0.2661269339161032,IL:PV,0.13558706403642382,Asia-Pacific,Asia,PH:PV,0.10718614831007352
TW,L1,W3,L1_W3,0.06688118391528074,60,24,0.10735703227287458,CN:WIND,0.26429968450267005,IL:PV,0.14409510284274676,Asia-Pacific,Asia,PH:PV,0.10917666999443702
TW,L2,W0,L2_W0,0.10740895184922415,60,25,0.0,CN:WIND,0.2636536451068137,IL:PV,0.13202200433800884,Asia-Pacific,Asia,PH:PV,0.09901233178620407
TW,L2,W1,L2_W1,0.08789737846276971,60,25,0.049460510678081764,CN:WIND,0.26692344152591524,IL:PV,0.1314347792279903,Asia-Pacific,Asia,PH:PV,0.10273927072542714
TW,L2,W2,L2_W2,0.07019542924580126,60,24,0.09800109051524077,CN:WIND,0.2661269339161032,IL:PV,0.13558706403642382,Asia-Pacific,Asia,PH:PV,0.10718614831007352
TW,L2,W3,L2_W3,0.06688118391528074,60,24,0.10735703227287458,CN:WIND,0.26429968450267005,IL:PV,0.14409510284274676,Asia-Pacific,Asia,PH:PV,0.10917666999443702
TW,L3,W0,L3_W0,0.061519672446900334,210,69,0.0,CV:PV,0.09055520507064366,CN:PV,0.06849123647428203,Asia-Pacific,Asia,AU:PV,0.05404808669115849
TW,L3,W1,L3_W1,0.047228968777845735,210,64,0.045116323941473774,CV:PV,0.09178038222406802,CN:PV,0.06279890244230053,Asia-Pacific,Asia,CN:WIND,0.0610238949157222
TW,L3,W2,L3_W2,0.04282938065841303,210,61,0.06135691716204072,CV:PV,0.10281709579402463,CN:WIND,0.06412388939573421,Asia-Pacific,Asia,GH:PV,0.0597374063522933
TW,L3,W3,L3_W3,0.042785844395942074,210,61,0.061519672446900334,CV:PV,0.10292790567859676,CN:WIND,0.06405501940749367,Asia-Pacific,Asia,GH:PV,0.05976612190761861
UA,L0,W0,L0_W0,0.3446473510209012,2,2,0.0,UA:PV,0.5184296450021134,UA:WIND,0.4815703549978873,Europe,EurAfrMENA,,
UA,L0,W1,L0_W1,0.3204029130490362,2,2,0.0548261197273504,UA:PV,0.5233823173626446,UA:WIND,0.4766176826373561,Europe,EurAfrMENA,,
UA,L0,W2,L0_W2,0.27482621491757836,2,2,0.15198166517372289,UA:PV,0.5349755986058438,UA:WIND,0.46502440139415696,Europe,EurAfrMENA,,
UA,L0,W3,L0_W3,0.2171546510152402,2,2,0.2653591103257453,UA:PV,0.5503017752409138,UA:WIND,0.44969822475908683,Europe,EurAfrMENA,,
UA,L1,W0,L1_W0,0.18186892875829344,52,27,0.0,DE:WIND,0.13744699560746398,ES:WIND,0.12046036354706342,Europe,EurAfrMENA,PT:PV,0.11946490265679707
UA,L1,W1,L1_W1,0.16087297261707292,52,26,0.05803322297512802,DE:WIND,0.13344100878756046,PT:PV,0.1272569267301823,Europe,EurAfrMENA,ES:WIND,0.11891172084435414
UA,L1,W2,L1_W2,0.13092551025775226,52,26,0.1405065297901669,PT:PV,0.13442428707270207,DE:WIND,0.1256937262067855,Europe,EurAfrMENA,ES:WIND,0.1153389241765093
UA,L1,W3,L1_W3,0.11628706117149952,52,24,0.18024582571236863,DE:WIND,0.1306405796293569,PT:PV,0.12942184765417158,Europe,EurAfrMENA,ES:WIND,0.1169711261290921
UA,L2,W0,L2_W0,0.14771754310363436,94,36,0.0,CV:PV,0.20297041407272434,CV:WIND,0.07319511500913958,Europe,EurAfrMENA,RU:PV,0.0669892317485059
UA,L2,W1,L2_W1,0.1281357882412243,94,33,0.05754979106297133,CV:PV,0.20424757338521143,CV:WIND,0.07745519336824655,Europe,EurAfrMENA,RU:PV,0.06598053455832202
UA,L2,W2,L2_W2,0.10464859461873538,94,28,0.12450334489483901,CV:PV,0.21992821305027624,CV:WIND,0.08464053397240984,Europe,EurAfrMENA,RU:PV,0.07100603591209022
UA,L2,W3,L2_W3,0.09598919259099421,94,28,0.14754447574654703,CV:PV,0.2314876154806214,CV:WIND,0.08908962648517452,Europe,EurAfrMENA,RU:PV,0.07884191786413479
UA,L3,W0,L3_W0,0.10187067321844132,210,54,0.0,OM:PV,0.09020305064102536,CL:PV,0.07512195582182361,Europe,EurAfrMENA,KE:PV,0.07426086505900607
UA,L3,W1,L3_W1,0.08548701121974275,210,51,0.058869814169803435,OM:PV,0.09238867940334548,CL:PV,0.07490856150813661,Europe,EurAfrMENA,KE:PV,0.07407122172978112
UA,L3,W2,L3_W2,0.07416234057947999,210,43,0.10010385690458032,OM:PV,0.10744691373762542,KE:PV,0.07591340321734061,Europe,EurAfrMENA,CV:WIND,0.07266259333830152
UA,L3,W3,L3_W3,0.07360749947783617,210,43,0.10187034653307932,OM:PV,0.11048323299697897,KE:PV,0.07552594095643608,Europe,EurAfrMENA,CV:WIND,0.07407704167885462
UG,L0,W0,L0_W0,0.3775725516755873,2,2,0.0,UG:PV,0.6186615256466448,UG:WIND,0.38133847435335,Africa/MENA,EurAfrMENA,,
UG,L0,W1,L0_W1,0.3553933832533454,2,2,0.05661451634524872,UG:PV,0.6316557594874945,UG:WIND,0.36834424051250036,Africa/MENA,EurAfrMENA,,
UG,L0,W2,L0_W2,0.31067964046422114,2,2,0.1599620347296651,UG:PV,0.6582643097266118,UG:WIND,0.34173569027338313,Africa/MENA,EurAfrMENA,,
UG,L0,W3,L0_W3,0.2455563207976654,2,2,0.2877116777262848,UG:PV,0.6938147604762568,UG:WIND,0.3061852395237388,Africa/MENA,EurAfrMENA,,
UG,L1,W0,L1_W0,0.15024271334853637,42,18,0.0,CV:PV,0.22841192396448803,MU:PV,0.11899997480938725,Africa/MENA,EurAfrMENA,ZA:WIND,0.114422885147586
UG,L1,W1,L1_W1,0.1288334234821327,42,18,0.052901529043394985,CV:PV,0.23418421504319745,MU:PV,0.12479865270173683,Africa/MENA,EurAfrMENA,ZA:WIND,0.11281395541005754
UG,L1,W2,L1_W2,0.10176265592973598,42,18,0.12061496033308218,CV:PV,0.24661314726701442,MU:PV,0.14520816001386752,Africa/MENA,EurAfrMENA,ZA:WIND,0.10787910932723759
UG,L1,W3,L1_W3,0.09013449893568366,42,18,0.14922255710432838,CV:PV,0.2593298897613237,MU:PV,0.1658530105130379,Africa/MENA,EurAfrMENA,ZA:WIND,0.10327996068938289
UG,L2,W0,L2_W0,0.14579343788873467,94,36,0.0,CV:PV,0.18212286548028545,MU:PV,0.09711004713605716,Africa/MENA,EurAfrMENA,ZA:WIND,0.09502450027609517
UG,L2,W1,L2_W1,0.12485441239950705,94,35,0.053256872356725,CV:PV,0.18863371325995446,MU:PV,0.10092053342968817,Africa/MENA,EurAfrMENA,ZA:WIND,0.09427926787615523
UG,L2,W2,L2_W2,0.09886798286341875,94,33,0.11890050602634196,CV:PV,0.200811779152858,MU:PV,0.11962881200855845,Africa/MENA,EurAfrMENA,ZA:WIND,0.09194394039602369
UG,L2,W3,L2_W3,0.08813161561779166,94,33,0.14522083906316313,CV:PV,0.21248533875652176,MU:PV,0.13306290623843547,Africa/MENA,EurAfrMENA,ZA:WIND,0.09013467954175382
UG,L3,W0,L3_W0,0.08369963229019949,210,67,0.0,BO:PV,0.11702095693646095,US:PV,0.07939696559896321,Africa/MENA,EurAfrMENA,CL:PV,0.07505349722165855
UG,L3,W1,L3_W1,0.06569156325044778,210,65,0.04551325520362792,BO:PV,0.1239014530670105,US:PV,0.08229940843318775,Africa/MENA,EurAfrMENA,CL:PV,0.06955384057316587
UG,L3,W2,L3_W2,0.053285323616633115,210,63,0.08017574583946634,BO:PV,0.13468181849568353,US:PV,0.0772197907634667,Africa/MENA,EurAfrMENA,OM:PV,0.0642131865510119
UG,L3,W3,L3_W3,0.052145103367949544,210,63,0.08368917185944033,BO:PV,0.13723203470907508,US:PV,0.07716506512095515,Africa/MENA,EurAfrMENA,OM:PV,0.07060571442368209
US,L0,W0,L0_W0,0.15804029965669078,2,2,0.0,US:WIND,0.6620724295094662,US:PV,0.33792757049053684,North America,Americas,,
US,L0,W1,L0_W1,0.136103653371627,2,2,0.052089894314000636,US:WIND,0.6573887294618772,US:PV,0.3426112705381256,North America,Americas,,
US,L0,W2,L0_W2,0.10741316956131913,2,2,0.12248833570035944,US:WIND,0.6459249731909388,US:PV,0.35407502680906416,North America,Americas,,
US,L0,W3,L0_W3,0.09418148123854313,2,2,0.1564937934693454,US:WIND,0.6380624606466289,US:PV,0.3619375393533741,North America,Americas,,
US,L1,W0,L1_W0,0.12414589434696578,26,11,0.0,US:WIND,0.24725485232670397,US:PV,0.19507798896643042,North America,Americas,CA:WIND,0.1732117217544787
US,L1,W1,L1_W1,0.10326658835959968,26,12,0.04871365880378496,US:WIND,0.2443432158260914,US:PV,0.19545191059219452,North America,Americas,CA:WIND,0.17316299410856156
US,L1,W2,L1_W2,0.08088418864458952,26,12,0.10492152217575465,US:WIND,0.23324747837695572,US:PV,0.1744658421461564,North America,Americas,CA:WIND,0.17031139685520394
US,L1,W3,L1_W3,0.07378709521724333,26,12,0.12382294580709284,US:WIND,0.22452290542218808,CA:WIND,0.16346227211480185,North America,Americas,US:PV,0.1534113152737947
US,L2,W0,L2_W0,0.10167364746100545,48,20,0.0,BR:WIND,0.19526838412966846,US:PV,0.13694596807387724,North America,Americas,US:WIND,0.12266621797616196
US,L2,W1,L2_W1,0.0819648849750747,48,21,0.04961278585088624,BR:WIND,0.18881524418773746,US:PV,0.13898575375570033,North America,Americas,US:WIND,0.12281036563888345
US,L2,W2,L2_W2,0.06496280205525418,48,22,0.09576789570595837,BR:WIND,0.17476992216248413,US:PV,0.14130051271701746,North America,Americas,US:WIND,0.11965940803537678
US,L2,W3,L2_W3,0.06286422619670202,48,22,0.10167364746100545,BR:WIND,0.1728428672597416,US:PV,0.13426548566048305,North America,Americas,US:WIND,0.12107042881994852
US,L3,W0,L3_W0,0.05486970873361647,210,70,0.0,US:PV,0.12413738105633502,FJ:PV,0.08943072355312781,North America,Americas,CL:PV,0.0773922036381416
US,L3,W1,L3_W1,0.03994501052884925,210,68,0.040521188404706455,US:PV,0.12253990666462802,FJ:PV,0.0918802950953291,North America,Americas,CL:PV,0.08526527358106172
US,L3,W2,L3_W2,0.03525810184703351,210,67,0.05476841722753169,US:PV,0.12022812828981143,FJ:PV,0.09562838890329746,North America,Americas,CL:PV,0.0923141854221674
US,L3,W3,L3_W3,0.035225172921899646,210,67,0.05486653125790028,US:PV,0.12012938624717805,FJ:PV,0.09565059880200673,North America,Americas,CL:PV,0.09239154173004828
UY,L0,W0,L0_W0,0.2608078095384555,2,2,0.0,UY:WIND,0.5829171494708376,UY:PV,0.4170828505291638,Latin America,Americas,,
UY,L0,W1,L0_W1,0.23782189094023254,2,2,0.05288203317102045,UY:WIND,0.5760443879559435,UY:PV,0.42395561204405774,Latin America,Americas,,
UY,L0,W2,L0_W2,0.1991390816776029,2,2,0.13979392978534846,UY:WIND,0.5616061555819031,UY:PV,0.4383938444180982,Latin America,Americas,,
UY,L0,W3,L0_W3,0.16075059247139764,2,2,0.22516395626304125,UY:WIND,0.546227092520162,UY:PV,0.4537729074798391,Latin America,Americas,,
UY,L1,W0,L1_W0,0.14945461763759846,22,13,0.0,BR:WIND,0.32454801818690326,CO:PV,0.10466930067773875,Latin America,Americas,GF:WIND,0.09931755005173691
UY,L1,W1,L1_W1,0.12850284360864006,22,13,0.053961958380136295,BR:WIND,0.320373448829232,CO:PV,0.10867437523574346,Latin America,Americas,GF:WIND,0.10144399966326606
UY,L1,W2,L1_W2,0.10278694050462024,22,12,0.12237172716795945,BR:WIND,0.3150844202335294,CO:PV,0.12124232210615739,Latin America,Americas,GF:WIND,0.10424203766494179
UY,L1,W3,L1_W3,0.09278391546898036,22,12,0.14909151430090486,BR:WIND,0.30672173745406583,CO:PV,0.1266895811544762,Latin America,Americas,GF:WIND,0.10432598386977789
UY,L2,W0,L2_W0,0.12600273735619882,48,19,0.0,BR:WIND,0.20948014478309007,US:PV,0.1605491445946698,Latin America,Americas,BR:PV,0.10285931755776968
UY,L2,W1,L2_W1,0.10559010750653186,48,19,0.05245006045462403,BR:WIND,0.20379859102077272,US:PV,0.16838521609487328,Latin America,Americas,BR:PV,0.10526134130542637
UY,L2,W2,L2_W2,0.08298599271774157,48,18,0.11254995375714265,BR:WIND,0.19309182410498274,US:PV,0.18358104785612858,Latin America,Americas,BR:PV,0.11360818827264155
UY,L2,W3,L2_W3,0.07798490601082386,48,18,0.12599365836647974,BR:WIND,0.18977107982970143,US:PV,0.18681233256159963,Latin America,Americas,BR:PV,0.11879367809182587
UY,L3,W0,L3_W0,0.07638697679066409,210,52,0.0,US:PV,0.17886753591440188,FJ:PV,0.15102697350879543,Latin America,Americas,NZ:PV,0.05425528002530459
UY,L3,W1,L3_W1,0.05763031257135072,210,51,0.04445609146374975,US:PV,0.18343255262107305,FJ:PV,0.15279580211787275,Latin America,Americas,NZ:PV,0.054358454475978375
UY,L3,W2,L3_W2,0.04554793195902433,210,50,0.07447971948413576,US:PV,0.19237768856888016,FJ:PV,0.16727194075145024,Latin America,Americas,NZ:PV,0.04879191971013875
UY,L3,W3,L3_W3,0.04468521814444299,210,50,0.07637484798939999,US:PV,0.19160675723671064,FJ:PV,0.17159545453831107,Latin America,Americas,NZ:PV,0.048184775750048744
UZ,L0,W0,L0_W0,0.383508225004578,2,2,0.0,UZ:PV,0.6172571796483123,UZ:WIND,0.38274282035169244,Asia-Pacific,Asia,,
UZ,L0,W1,L0_W1,0.3597374583561274,2,2,0.054500969713066096,UZ:PV,0.6259656759230723,UZ:WIND,0.3740343240769324,Asia-Pacific,Asia,,
UZ,L0,W2,L0_W2,0.31228977322255635,2,2,0.15411615433310794,UZ:PV,0.6429727487822389,UZ:WIND,0.3570272512177654,Asia-Pacific,Asia,,
UZ,L0,W3,L0_W3,0.24368037973774603,2,2,0.27840795982764033,UZ:PV,0.6617625463456129,UZ:WIND,0.3382374536543911,Asia-Pacific,Asia,,
UZ,L1,W0,L1_W0,0.1727213631661142,60,24,0.0,CN:WIND,0.29087635784554555,OM:WIND,0.0717905985638709,Asia-Pacific,Asia,IN:WIND,0.064343116907439
UZ,L1,W1,L1_W1,0.1523100057624934,60,24,0.05762662411608163,CN:WIND,0.29020762754592405,OM:WIND,0.07387158232255733,Asia-Pacific,Asia,IN:WIND,0.05953904244076863
UZ,L1,W2,L1_W2,0.12481791217408596,60,25,0.13397384780349478,CN:WIND,0.2805211991879703,OM:WIND,0.07585537924467864,Asia-Pacific,Asia,NP:PV,0.0663396167252179
UZ,L1,W3,L1_W3,0.11120211276179026,60,25,0.17082360532442534,CN:WIND,0.2616657007724025,OM:WIND,0.07901061067621397,Asia-Pacific,Asia,NP:PV,0.07427378270327167
UZ,L2,W0,L2_W0,0.1727213631661142,60,24,0.0,CN:WIND,0.29087635784554555,OM:WIND,0.0717905985638709,Asia-Pacific,Asia,IN:WIND,0.064343116907439
UZ,L2,W1,L2_W1,0.1523100057624934,60,24,0.05762662411608163,CN:WIND,0.29020762754592405,OM:WIND,0.07387158232255733,Asia-Pacific,Asia,IN:WIND,0.05953904244076863
UZ,L2,W2,L2_W2,0.12481791217408596,60,25,0.13397384780349478,CN:WIND,0.2805211991879703,OM:WIND,0.07585537924467864,Asia-Pacific,Asia,NP:PV,0.0663396167252179
UZ,L2,W3,L2_W3,0.11120211276179026,60,25,0.17082360532442534,CN:WIND,0.2616657007724025,OM:WIND,0.07901061067621397,Asia-Pacific,Asia,NP:PV,0.07427378270327167
UZ,L3,W0,L3_W0,0.11287836269464169,210,44,0.0,PE:PV,0.09698325164322143,CN:PV,0.08824445103514306,Asia-Pacific,Asia,AF:PV,0.08253664861157087
UZ,L3,W1,L3_W1,0.09627660174961343,210,44,0.05929082679740758,PE:PV,0.09364484927938083,CN:PV,0.08777277968637172,Asia-Pacific,Asia,AF:PV,0.08153218343369831
UZ,L3,W2,L3_W2,0.0823556272436836,210,41,0.10833089598334163,CN:PV,0.09367957055859884,CV:PV,0.08993460630332843,Asia-Pacific,Asia,AF:PV,0.08000903216386726
UZ,L3,W3,L3_W3,0.08094189515507504,210,42,0.1128713672773347,CV:PV,0.09882176654627567,CN:PV,0.09628608379931947,Asia-Pacific,Asia,AF:PV,0.07794903570822005
VN,L0,W0,L0_W0,0.3328103141797434,2,2,0.0,VN:WIND,0.5553901118954201,VN:PV,0.4446098881045836,Asia-Pacific,Asia,,
VN,L0,W1,L0_W1,0.3097703176671854,2,2,0.054077983238786945,VN:WIND,0.5440305083754874,VN:PV,0.45596949162451605,Asia-Pacific,Asia,,
VN,L0,W2,L0_W2,0.2659415522292488,2,2,0.1498356388376674,VN:WIND,0.5189776920059325,VN:PV,0.48102230799407053,Asia-Pacific,Asia,,
VN,L0,W3,L0_W3,0.2089091245528657,2,2,0.2624838710171484,VN:PV,0.5131424685424383,VN:WIND,0.4868575314575647,Asia-Pacific,Asia,,
VN,L1,W0,L1_W0,0.1223107028117296,60,24,0.0,CN:WIND,0.25466395053084995,IL:PV,0.14667818467820648,Asia-Pacific,Asia,PH:WIND,0.10417774371095782
VN,L1,W1,L1_W1,0.10175545415823226,60,24,0.0497460953211857,CN:WIND,0.25495787002514453,IL:PV,0.1434478388131237,Asia-Pacific,Asia,PH:WIND,0.10361427608346412
VN,L1,W2,L1_W2,0.08010206461650295,60,22,0.10462703275139605,CN:WIND,0.24841218201560333,IL:PV,0.15854640839775389,Asia-Pacific,Asia,PH:WIND,0.10107995460160624
VN,L1,W3,L1_W3,0.07324220419496512,60,21,0.12200792423948781,CN:WIND,0.24163602458041314,IL:PV,0.16495260746344473,Asia-Pacific,Asia,PH:PV,0.09844611940315955
VN,L2,W0,L2_W0,0.1223107028117296,60,24,0.0,CN:WIND,0.25466395053084995,IL:PV,0.14667818467820648,Asia-Pacific,Asia,PH:WIND,0.10417774371095782
VN,L2,W1,L2_W1,0.10175545415823226,60,24,0.0497460953211857,CN:WIND,0.25495787002514453,IL:PV,0.1434478388131237,Asia-Pacific,Asia,PH:WIND,0.10361427608346412
VN,L2,W2,L2_W2,0.08010206461650295,60,22,0.10462703275139605,CN:WIND,0.24841218201560333,IL:PV,0.15854640839775389,Asia-Pacific,Asia,PH:WIND,0.10107995460160624
VN,L2,W3,L2_W3,0.07324220419496512,60,21,0.12200792423948781,CN:WIND,0.24163602458041314,IL:PV,0.16495260746344473,Asia-Pacific,Asia,PH:PV,0.09844611940315955
VN,L3,W0,L3_W0,0.07956927486376254,210,57,0.0,GH:PV,0.0761653446817098,CN:PV,0.05717414093485762,Asia-Pacific,Asia,ID:PV,0.054246338376410796
VN,L3,W1,L3_W1,0.06242879306638128,210,58,0.04882945665435486,GH:PV,0.07939344152126603,CV:PV,0.059689283930104246,Asia-Pacific,Asia,ID:PV,0.05581742194446306
VN,L3,W2,L3_W2,0.05281264230051934,210,56,0.07865652436764453,GH:PV,0.08460791714180968,CV:PV,0.06874230559366078,Asia-Pacific,Asia,PH:PV,0.06112887181186299
VN,L3,W3,L3_W3,0.052517957699173425,210,55,0.07956927486376254,GH:PV,0.08479703330980602,CV:PV,0.06834110162361375,Asia-Pacific,Asia,PH:PV,0.06202451722223478
ZA,L0,W0,L0_W0,0.23273544703816362,2,2,0.0,ZA:WIND,0.6406199194234672,ZA:PV,0.359380080576532,Africa/MENA,EurAfrMENA,,
ZA,L0,W1,L0_W1,0.2098161508058894,2,2,0.05188439376263978,ZA:WIND,0.6327929883104004,ZA:PV,0.3672070116895988,Africa/MENA,EurAfrMENA,,
ZA,L0,W2,L0_W2,0.17298941332708784,2,2,0.13372141371404364,ZA:WIND,0.6146054965877928,ZA:PV,0.38539450341220616,Africa/MENA,EurAfrMENA,,
ZA,L0,W3,L0_W3,0.14019234155500007,2,2,0.2055504087134817,ZA:WIND,0.5971216980842856,ZA:PV,0.40287830191571317,Africa/MENA,EurAfrMENA,,
ZA,L1,W0,L1_W0,0.12002746226366949,42,20,0.0,CV:PV,0.23736519515651403,MU:PV,0.17063465171602202,Africa/MENA,EurAfrMENA,ZA:WIND,0.09947038059775297
ZA,L1,W1,L1_W1,0.100317459563151,42,18,0.05059058216906141,CV:PV,0.2448263007022255,MU:PV,0.17828141910630027,Africa/MENA,EurAfrMENA,ZA:WIND,0.098485826134515
ZA,L1,W2,L1_W2,0.0802474823617224,42,16,0.10469209550522161,CV:PV,0.2619626674507042,MU:PV,0.1968746898764513,Africa/MENA,EurAfrMENA,ZA:WIND,0.09524201229796715
ZA,L1,W3,L1_W3,0.07465546522400536,42,16,0.1198346035775653,CV:PV,0.26920368768230885,MU:PV,0.20372302698024697,Africa/MENA,EurAfrMENA,ZA:WIND,0.09249753745062338
ZA,L2,W0,L2_W0,0.11683941477094742,94,32,0.0,CV:PV,0.2106421013577484,MU:PV,0.15223112192308116,Africa/MENA,EurAfrMENA,ZA:WIND,0.087303170067045
ZA,L2,W1,L2_W1,0.09740937640819784,94,33,0.05126428279313154,CV:PV,0.2189355900844863,MU:PV,0.15725704994839973,Africa/MENA,EurAfrMENA,ZA:WIND,0.08699148124336292
ZA,L2,W2,L2_W2,0.07797460757196382,94,31,0.10384062803591396,CV:PV,0.23800033625762132,MU:PV,0.17223435461917014,Africa/MENA,EurAfrMENA,ZA:WIND,0.08488842453255024
ZA,L2,W3,L2_W3,0.0729926455803137,94,30,0.11676147908250223,CV:PV,0.24628531977898926,MU:PV,0.17843012049965623,Africa/MENA,EurAfrMENA,ZA:WIND,0.08324220085684551
ZA,L3,W0,L3_W0,0.06636763467645922,210,61,0.0,CL:PV,0.13273183325662738,OM:PV,0.08918734205691146,Africa/MENA,EurAfrMENA,US:PV,0.06948223399535172
ZA,L3,W1,L3_W1,0.05304061290678028,210,61,0.04792816782607557,CL:PV,0.1424944195375955,OM:PV,0.08162240913802679,Africa/MENA,EurAfrMENA,ET:PV,0.05972996539026011
ZA,L3,W2,L3_W2,0.04869628636676438,210,53,0.06618893421946305,CL:PV,0.15261199660320454,OM:PV,0.0909779526571802,Africa/MENA,EurAfrMENA,CV:PV,0.05992611213271722
ZA,L3,W3,L3_W3,0.0486527581474924,210,53,0.06636763467645922,CL:PV,0.15264763704370785,OM:PV,0.09295467148529202,Africa/MENA,EurAfrMENA,CV:PV,0.059076360059245325
ZM,L0,W0,L0_W0,0.2952818283750026,2,2,0.0,ZM:WIND,0.5142664983923478,ZM:PV,0.4857335016076519,Africa/MENA,EurAfrMENA,,
ZM,L0,W1,L0_W1,0.27186862656703886,2,2,0.05319752287639287,ZM:WIND,0.5051008057094737,ZM:PV,0.4948991942905258,Africa/MENA,EurAfrMENA,,
ZM,L0,W2,L0_W2,0.22813163675893516,2,2,0.14576352024369807,ZM:PV,0.5153261637054748,ZM:WIND,0.4846738362945247,Africa/MENA,EurAfrMENA,,
ZM,L0,W3,L0_W3,0.17603328611195454,2,2,0.2464186702547448,ZM:PV,0.5417092434462487,ZM:WIND,0.45829075655375096,Africa/MENA,EurAfrMENA,,
ZM,L1,W0,L1_W0,0.12765029616149268,42,20,0.0,CV:PV,0.19162344407252507,MU:PV,0.1542029027291497,Africa/MENA,EurAfrMENA,ET:WIND,0.10402236489917921
ZM,L1,W1,L1_W1,0.10697497013368748,42,20,0.04956416625088907,CV:PV,0.19799662423447079,MU:PV,0.16055698586791128,Africa/MENA,EurAfrMENA,ET:WIND,0.10369499489239
ZM,L1,W2,L1_W2,0.083963643699821,42,20,0.10631956430976208,CV:PV,0.21291364336842555,MU:PV,0.18111816540866768,Africa/MENA,EurAfrMENA,ET:WIND,0.10385605188645762
ZM,L1,W3,L1_W3,0.07559671328270574,42,19,0.12697820669181137,CV:PV,0.2225035345456714,MU:PV,0.19443667820466995,Africa/MENA,EurAfrMENA,ET:WIND,0.10651121119195756
ZM,L2,W0,L2_W0,0.12157213980863571,94,39,0.0,CV:PV,0.16044459957431403,MU:PV,0.1358511195477922,Africa/MENA,EurAfrMENA,ET:WIND,0.08583912066311378
ZM,L2,W1,L2_W1,0.10123216261362496,94,40,0.049974769835949576,CV:PV,0.16780955275850548,MU:PV,0.14337800187231572,Africa/MENA,EurAfrMENA,ET:WIND,0.08640259493633021
ZM,L2,W2,L2_W2,0.07953772418719102,94,37,0.10452054466121329,CV:PV,0.1846848243208617,MU:PV,0.1642966605298965,Africa/MENA,EurAfrMENA,ET:WIND,0.0879054989940029
ZM,L2,W3,L2_W3,0.07284204590995402,94,38,0.12128170617188604,CV:PV,0.19471895169823356,MU:PV,0.17363969429545092,Africa/MENA,EurAfrMENA,ET:WIND,0.09084682376991916
ZM,L3,W0,L3_W0,0.06749644632802355,210,71,0.0,CL:PV,0.13570027413861876,MX:PV,0.07726621297750406,Africa/MENA,EurAfrMENA,BO:PV,0.07694779364937249
ZM,L3,W1,L3_W1,0.050328258016405975,210,68,0.04067541462618927,CL:PV,0.14249591086163826,MX:PV,0.07619919294360121,Africa/MENA,EurAfrMENA,BO:PV,0.07252165103164401
ZM,L3,W2,L3_W2,0.04084396723067557,210,69,0.06552114968414485,CL:PV,0.14554915630211487,MX:PV,0.0765275470450679,Africa/MENA,EurAfrMENA,BO:PV,0.06606104810880938
ZM,L3,W3,L3_W3,0.04008154123688006,210,69,0.06749644632802355,CL:PV,0.14705589128736482,MX:PV,0.07410603631856108,Africa/MENA,EurAfrMENA,BO:PV,0.06441313168197477
